Sample	Contig	Percent_identity	Contig_length	Reference_length	RefCoverage	E-value	Reference_name	Species	blastType
SRR22534752	NODE_2164_length_3501_cov_9256.565744	95.0	3501	3117	0.374398	0.00e+00	acc|GENBANK|AJD23395.1|NEIGHBOR|KJ789138|polyprotein [Japanese yam mosaic virus]	Japanese yam mosaic virus	Blastx
SRR22534752	NODE_2162_length_2155_cov_6640.013195	94.6	2155	3118	0.229955	0.00e+00	acc|GENBANK|AJD23397.1|NEIGHBOR|KJ789139|polyprotein [Japanese yam mosaic virus]	Japanese yam mosaic virus	Blastx
SRR22534752	NODE_5845_length_1935_cov_37.144059	89.1	1935	1960	0.328571	0.00e+00	acc|REFSEQ|YP_009134730.1|REFSEQ|NC_026248|replicase polyprotein [Yam latent virus]	Yam latent virus	Blastx
SRR22534752	NODE_2158_length_2010_cov_4682.189681	89.1	2010	3118	0.194997	0.00e+00	acc|GENBANK|AJD23399.1|NEIGHBOR|KJ789140|polyprotein [Japanese yam mosaic virus]	Japanese yam mosaic virus	Blastx
SRR22534752	NODE_2203_length_2993_cov_38.959122	77.3	2993	700	0.987143	0.00e+00	acc|GENBANK|ABY48141.1|GENBANK|EU306659|oligopeptidase A [Medicago truncatula]	Medicago truncatula	Blastx
SRR22534752	NODE_16744_length_1808_cov_17.383662	82.9	1808	2466	0.244526	0.00e+00	acc|GENBANK|AOZ57133.1|GENBANK|KX608909|Serine threonine-protein kinase TOR [Saccharum hybrid cultivar R570]	Saccharum hybrid cultivar R570	Blastx
SRR22534752	NODE_85_length_2073_cov_22.630392	80.0	2073	686	0.817784	0.00e+00	acc|GENBANK|WNO13952.1|GENBANK|OQ968299|coat protein [Guapo partitivirus]	Guapo partitivirus	Blastx
SRR22534752	NODE_7321_length_2056_cov_13.692536	85.9	2056	518	0.998069	0.00e+00	acc|GENBANK|ABY48142.1|GENBANK|EU306659|serine-hydroxymethyltransferase [Medicago truncatula]	Medicago truncatula	Blastx
SRR22534752	NODE_6437_length_2144_cov_13.972999	57.7	2144	706	0.906516	9.65e-257	acc|GENBANK|WGU26822.1|GENBANK|OQ503488|OPT oligopeptide transporter protein [Triticum monococcum]	Triticum monococcum	Blastx
SRR22534752	NODE_18448_length_2082_cov_8.821376	56.2	2082	912	0.718202	4.89e-254	acc|GENBANK|ACX48824.1|GENBANK|GQ923937|chromomethylase [Zea mays]	Zea mays	Blastx
SRR22534752	NODE_3260_length_1595_cov_77.567862	86.4	1595	405	1.000000	4.64e-251	acc|GENBANK|WGU26824.1|GENBANK|OQ503488|eukaryotic initiation factor 4A-III B-like [Triticum monococcum]	Triticum monococcum	Blastx
SRR22534752	NODE_43117_length_1694_cov_7.059603	66.9	1694	759	0.628458	5.01e-250	acc|GENBANK|ACN78962.1|GENBANK|FJ225394|methyltransferase [Glycine max]	Glycine max	Blastx
SRR22534752	NODE_5263_length_3387_cov_34.599284	40.5	3387	1097	0.888788	1.53e-241	acc|GENBANK|QBK88446.1|GENBANK|MK500389|isoleucyl-tRNA synthetase [Mimivirus LCMiAC01]	Mimivirus LCMiAC01	Blastx
SRR22534752	NODE_18774_length_1546_cov_17.612690	74.8	1546	2466	0.209246	8.62e-241	acc|GENBANK|AOZ57106.1|GENBANK|KX608896|Serine threonine-protein kinase TOR [Saccharum hybrid cultivar R570]	Saccharum hybrid cultivar R570	Blastx
SRR22534752	NODE_4988_length_2525_cov_46.363563	50.8	2525	671	0.982116	4.17e-233	acc|REFSEQ|YP_010781167.1|REFSEQ|NC_075038|threonyl-tRNA synthetase [Tupanvirus deep ocean]	Tupanvirus deep ocean	Blastx
SRR22534752	NODE_8753_length_1352_cov_14.920394	79.1	1352	2466	0.184509	3.17e-226	acc|GENBANK|AOZ57106.1|GENBANK|KX608896|Serine threonine-protein kinase TOR [Saccharum hybrid cultivar R570]	Saccharum hybrid cultivar R570	Blastx
SRR22534752	NODE_8761_length_2163_cov_5.161502	58.2	2163	1161	0.496985	8.88e-226	acc|GENBANK|AAP06788.1|GENBANK|AY234827|phytochrome B1 apoprotein [Zea mays]	Zea mays	Blastx
SRR22534752	NODE_1722_length_3055_cov_19.276638	39.8	3055	980	0.992857	1.31e-225	acc|GENBANK|QKF94300.1|GENBANK|MT418680|ubiquitin activating enzyme [Fadolivirus FV1/VV64]	Fadolivirus FV1/VV64	Blastx
SRR22534752	NODE_11218_length_1105_cov_6129.944963	92.6	1105	3130	0.117252	8.21e-219	acc|GENBANK|BAA36278.1|NEIGHBOR|AB016500|polyprotein [Japanese yam mosaic virus]	Japanese yam mosaic virus	Blastx
SRR22534752	NODE_8410_length_1334_cov_4.739431	67.1	1334	746	0.595174	4.63e-217	acc|REFSEQ|YP_294186.1|REFSEQ|NC_007346|ribonucleotide reductase [Emiliania huxleyi virus 86]	Emiliania huxleyi virus 86	Blastx
SRR22534752	NODE_7111_length_2320_cov_34.331876	44.6	2320	737	0.985075	1.47e-197	acc|GENBANK|CAK7597324.1|GENBANK|OZ003748|Vesicle-fusing ATPase [Catovirus sp. 'naegleriensis']	Catovirus sp. 'naegleriensis'	Blastx
SRR22534752	NODE_2077_length_1293_cov_36.105556	88.3	1293	518	0.611969	7.98e-197	acc|GENBANK|ABY48142.1|GENBANK|EU306659|serine-hydroxymethyltransferase [Medicago truncatula]	Medicago truncatula	Blastx
SRR22534752	NODE_18106_length_838_cov_109.949068	97.5	838	316	0.882911	1.37e-193	acc|GENBANK|WEY07647.1|GENBANK|OP219489|coat protein [Yam latent virus]	Yam latent virus	Blastx
SRR22534752	NODE_3443_length_1892_cov_46.643357	54.7	1892	897	0.570792	7.45e-187	acc|GENBANK|ABY48136.1|GENBANK|EU306659|glycine-rich protein [Medicago truncatula]	Medicago truncatula	Blastx
SRR22534752	NODE_963_length_1298_cov_15.707510	67.8	1298	378	0.960317	1.57e-184	acc|GENBANK|ACN72775.1|GENBANK|FJ791046|delta-12 oleate desaturase [Helianthus annuus]	Helianthus annuus	Blastx
SRR22534752	NODE_18128_length_1762_cov_34.857143	59.0	1762	518	0.899614	2.48e-184	acc|GENBANK|ABY48142.1|GENBANK|EU306659|serine-hydroxymethyltransferase [Medicago truncatula]	Medicago truncatula	Blastx
SRR22534752	NODE_3473_length_2020_cov_16.853548	51.2	2020	875	0.632000	3.05e-184	acc|GENBANK|BDT62894.1|GENBANK|LC738879|DNA ligase 1-like protein [Trachysalambria curvirostris majanivirus]	Trachysalambria curvirostris majanivirus	Blastx
SRR22534752	NODE_9062_length_1393_cov_14.065441	65.0	1393	925	0.475676	2.12e-183	acc|GENBANK|ABY48139.1|GENBANK|EU306659|NORK [Medicago truncatula]	Medicago truncatula	Blastx
SRR22534752	NODE_8804_length_2288_cov_10.826164	52.7	2288	656	0.861280	4.57e-183	acc|GENBANK|QDY51980.1|GENBANK|MK250086|Hsp70 protein [Mimiviridae sp. ChoanoV1]	Mimiviridae sp. ChoanoV1	Blastx
SRR22534752	NODE_4421_length_1801_cov_45.065611	67.9	1801	405	0.930864	1.11e-177	acc|GENBANK|WGU26824.1|GENBANK|OQ503488|eukaryotic initiation factor 4A-III B-like [Triticum monococcum]	Triticum monococcum	Blastx
SRR22534752	NODE_21659_length_1214_cov_18.342930	60.3	1214	623	0.651685	6.12e-172	acc|GENBANK|BAL14837.1|GENBANK|AB682995|endo-1,4-b-D-glucanase [Oryza sativa Japonica Group]	Oryza sativa Japonica Group	Blastx
SRR22534752	NODE_11215_length_1060_cov_10850.031159	91.9	1060	291	0.886598	2.93e-169	acc|GENBANK|BAA86290.1|GENBANK|AB027009|coat protein [Japanese yam mosaic virus]	Japanese yam mosaic virus	Blastx
SRR22534752	NODE_44733_length_1254_cov_15.821458	85.3	1254	2466	0.129359	2.74e-167	acc|GENBANK|AOZ57106.1|GENBANK|KX608896|Serine threonine-protein kinase TOR [Saccharum hybrid cultivar R570]	Saccharum hybrid cultivar R570	Blastx
SRR22534752	NODE_3497_length_1632_cov_52.744841	51.1	1632	524	0.925573	3.33e-167	acc|REFSEQ|YP_010781689.1|REFSEQ|NC_075039|prolyl-tRNA synthetase [Tupanvirus soda lake]	Tupanvirus soda lake	Blastx
SRR22534752	NODE_2159_length_765_cov_40900.759563	99.2	765	316	0.746835	5.62e-166	acc|GENBANK|WEY07662.1|GENBANK|OP219504|coat protein [Yam latent virus]	Yam latent virus	Blastx
SRR22534752	NODE_2366_length_1452_cov_21.100070	51.0	1452	489	1.006135	3.38e-163	acc|GENBANK|QBK85775.1|GENBANK|MK500327|aspartyl/asparaginyl-tRNA synthetase [Marseillevirus LCMAC101]	Marseillevirus LCMAC101	Blastx
SRR22534752	NODE_1384_length_959_cov_32.002160	77.6	959	601	0.490849	1.92e-159	acc|GENBANK|AAB62581.1|GENBANK|U68072|3-hydroxy-3-methylglutaryl CoA reductase 2 [Solanum lycopersicum]	Solanum lycopersicum	Blastx
SRR22534752	NODE_19047_length_1414_cov_5.050688	59.7	1414	759	0.487484	1.99e-157	acc|GENBANK|ACN78962.1|GENBANK|FJ225394|methyltransferase [Glycine max]	Glycine max	Blastx
SRR22534752	NODE_45287_length_1350_cov_9.017464	63.8	1350	422	0.864929	2.14e-156	acc|GENBANK|ABY48137.1|GENBANK|EU306659|putative protein [Medicago truncatula]	Medicago truncatula	Blastx
SRR22534752	NODE_11258_length_719_cov_22070.291545	97.1	719	1960	0.121939	5.11e-155	acc|REFSEQ|YP_009134730.1|REFSEQ|NC_026248|replicase polyprotein [Yam latent virus]	Yam latent virus	Blastx
SRR22534752	NODE_40249_length_1025_cov_7.978831	60.6	1025	759	0.430830	5.71e-154	acc|GENBANK|ACN78962.1|GENBANK|FJ225394|methyltransferase [Glycine max]	Glycine max	Blastx
SRR22534752	NODE_8104_length_2546_cov_21.517310	45.0	2546	550	0.990909	1.75e-151	acc|GENBANK|ARF12130.1|GENBANK|KY684110|glutaminyl-tRNA synthetase [Klosneuvirus KNV1]	Klosneuvirus KNV1	Blastx
SRR22534752	NODE_4536_length_1385_cov_28.737426	59.9	1385	355	1.019718	2.36e-149	acc|GENBANK|QBK91660.1|GENBANK|MK500561|translation initiation factor [Pithovirus LCPAC302]	Pithovirus LCPAC302	Blastx
SRR22534752	NODE_1086_length_1482_cov_19.100759	53.7	1482	515	0.796117	2.14e-147	acc|REFSEQ|YP_010781615.1|REFSEQ|NC_075039|lysine-tRNA synthetase [Tupanvirus soda lake]	Tupanvirus soda lake	Blastx
SRR22534752	NODE_14197_length_879_cov_10.360520	81.1	879	439	0.637813	4.95e-147	acc|GENBANK|AAK92822.1|GENBANK|AY050885|putative replicase [Arabidopsis thaliana]	Arabidopsis thaliana	Blastx
SRR22534752	NODE_4069_length_3188_cov_36.149921	51.3	3188	456	0.986842	8.02e-147	acc|GENBANK|QKF94222.1|GENBANK|MT418680|alanyl-tRNA synthetase [Fadolivirus FV1/VV64]	Fadolivirus FV1/VV64	Blastx
SRR22534752	NODE_45860_length_1254_cov_9.898444	69.1	1254	292	0.976027	7.78e-146	acc|GENBANK|QKE44490.1|GENBANK|MT364305|putative thymidylate synthase [Yalta virus]	Yalta virus	Blastx
SRR22534752	NODE_10567_length_1195_cov_24.249570	60.7	1195	357	0.913165	9.16e-146	acc|GENBANK|ABB29305.1|GENBANK|DQ219419|NADPH-dependent reductase [Zea mays]	Zea mays	Blastx
SRR22534752	NODE_2205_length_1516_cov_20.217802	58.7	1516	364	1.071429	1.15e-145	acc|GENBANK|ADB85405.1|GENBANK|GQ252886|putative protein kinase [Phyllostachys edulis]	Phyllostachys edulis	Blastx
SRR22534752	NODE_5428_length_1581_cov_32.394703	45.3	1581	1161	0.458226	3.82e-145	acc|GENBANK|AAP06788.1|GENBANK|AY234827|phytochrome B1 apoprotein [Zea mays]	Zea mays	Blastx
SRR22534752	NODE_1669_length_1903_cov_43.113369	64.3	1903	558	0.637993	6.69e-145	acc|GENBANK|QOR60244.1|GENBANK|MK522034|hypothetical protein [Bathycoccus sp. RCC716 virus 1]	Bathycoccus sp. RCC716 virus 1	Blastx
SRR22534752	NODE_249_length_1205_cov_9.024744	53.8	1205	518	0.785714	9.26e-143	acc|GENBANK|ABY48142.1|GENBANK|EU306659|serine-hydroxymethyltransferase [Medicago truncatula]	Medicago truncatula	Blastx
SRR22534752	NODE_8105_length_1288_cov_16.285259	82.9	1288	564	0.466312	1.38e-142	acc|GENBANK|AWA44801.1|GENBANK|MH182523|ATP-dependent 6-phosphofructokinase [Saccharum officinarum]	Saccharum officinarum	Blastx
SRR22534752	NODE_7171_length_911_cov_5.780182	76.3	911	520	0.519231	6.88e-139	acc|GENBANK|APO14197.1|GENBANK|KX098475|truncated DELLA protein [Setaria italica]	Setaria italica	Blastx
SRR22534752	NODE_8712_length_1015_cov_14.022403	82.6	1015	2466	0.109489	1.95e-138	acc|GENBANK|AOZ57106.1|GENBANK|KX608896|Serine threonine-protein kinase TOR [Saccharum hybrid cultivar R570]	Saccharum hybrid cultivar R570	Blastx
SRR22534752	NODE_748_length_767_cov_22.551771	86.2	767	2466	0.103001	1.08e-137	acc|GENBANK|AOZ57106.1|GENBANK|KX608896|Serine threonine-protein kinase TOR [Saccharum hybrid cultivar R570]	Saccharum hybrid cultivar R570	Blastx
SRR22534752	NODE_46317_length_1259_cov_9.535889	56.6	1259	1201	0.301415	9.07e-137	acc|GENBANK|QDY52415.1|GENBANK|MK250092|RNA polymerase Rpb2, domain 6 [Mimiviridae sp. ChoanoV1]	Mimiviridae sp. ChoanoV1	Blastx
SRR22534752	NODE_18224_length_1481_cov_14.714779	47.0	1481	511	0.960861	1.87e-136	acc|GENBANK|AGL44353.1|GENBANK|JX392395|reverse transcriptase-like domain-containing RBR [Glycine max]	Glycine max	Blastx
SRR22534752	NODE_14796_length_646_cov_9.655791	87.7	646	388	0.567010	2.64e-135	acc|GENBANK|AAU93529.1|GENBANK|AY691949|alcohol dehydrogenase 1 [Zea mays]	Zea mays	Blastx
SRR22534752	NODE_11549_length_753_cov_17.191667	75.6	753	478	0.523013	9.40e-135	acc|GENBANK|AAK84479.1|GENBANK|AF275345|putative auxin growth promotor protein [Solanum lycopersicum]	Solanum lycopersicum	Blastx
SRR22534752	NODE_268_length_831_cov_30.335840	68.2	831	383	0.689295	2.13e-133	acc|GENBANK|AJA91762.1|GENBANK|KM434202|dihydroflavonol 4-reductase [Allium cepa]	Allium cepa	Blastx
SRR22534752	NODE_18800_length_1439_cov_18.958748	51.8	1439	423	1.004728	2.30e-130	acc|GENBANK|CAA38181.1|GENBANK|X54284|phosphoglycerate kinase [Trichoderma viride]	Trichoderma viride	Blastx
SRR22534752	NODE_2202_length_656_cov_20085.955056	90.8	656	1960	0.111224	9.25e-130	acc|REFSEQ|YP_009134730.1|REFSEQ|NC_026248|replicase polyprotein [Yam latent virus]	Yam latent virus	Blastx
SRR22534752	NODE_3928_length_1540_cov_26.980756	44.8	1540	497	0.937626	1.14e-128	acc|REFSEQ|YP_010780494.1|REFSEQ|NC_075038|aspartyl-tRNA synthetase [Tupanvirus deep ocean]	Tupanvirus deep ocean	Blastx
SRR22534752	NODE_8747_length_954_cov_58.554832	70.8	954	405	0.651852	1.53e-127	acc|GENBANK|WGU26824.1|GENBANK|OQ503488|eukaryotic initiation factor 4A-III B-like [Triticum monococcum]	Triticum monococcum	Blastx
SRR22534752	NODE_9526_length_1843_cov_36.136464	48.1	1843	428	0.985981	1.78e-127	acc|REFSEQ|YP_010781331.1|REFSEQ|NC_075039|translation initiation factor 2 gamma subunit [Tupanvirus soda lake]	Tupanvirus soda lake	Blastx
SRR22534752	NODE_12736_length_971_cov_21.148188	63.0	971	458	0.665939	1.83e-127	acc|REFSEQ|YP_009448811.1|REFSEQ|NC_036594|Serine-tRNA synthetase, type1 [Orpheovirus IHUMI-LCC2]	Orpheovirus IHUMI-LCC2	Blastx
SRR22534752	NODE_2233_length_1542_cov_11.874089	51.9	1542	333	1.006006	4.26e-127	acc|GENBANK|AZL89176.1|GENBANK|MH046811|glutamine synthetase [Megavirus baoshan]	Megavirus baoshan	Blastx
SRR22534752	NODE_8534_length_1609_cov_22.225254	43.8	1609	559	0.846154	2.68e-126	acc|GENBANK|AYV76247.1|GENBANK|MK071983|xaa-Pro dipeptidase-like protein [Terrestrivirus sp.]	Terrestrivirus sp.	Blastx
SRR22534752	NODE_54_length_1724_cov_11.006505	41.6	1724	1164	0.452749	1.50e-125	acc|GENBANK|ADX05878.1|GENBANK|HQ704802|putative DNA-directed RNA polymerase [Organic Lake phycodnavirus 1]	Organic Lake phycodnavirus 1	Blastx
SRR22534752	NODE_3993_length_998_cov_13.164767	56.0	998	543	0.569061	1.92e-123	acc|GENBANK|QBK87586.1|GENBANK|MK500360|methionyl-tRNA synthetase [Marseillevirus LCMAC201]	Marseillevirus LCMAC201	Blastx
SRR22534752	NODE_1065_length_2427_cov_11.831245	41.5	2427	1201	0.477935	1.66e-122	acc|GENBANK|QDY52415.1|GENBANK|MK250092|RNA polymerase Rpb2, domain 6 [Mimiviridae sp. ChoanoV1]	Mimiviridae sp. ChoanoV1	Blastx
SRR22534752	NODE_15191_length_1134_cov_4.213442	58.2	1134	759	0.409750	1.40e-121	acc|GENBANK|ACN78962.1|GENBANK|FJ225394|methyltransferase [Glycine max]	Glycine max	Blastx
SRR22534752	NODE_8387_length_2673_cov_12.440152	42.0	2673	759	0.677207	1.38e-120	acc|GENBANK|ACN78962.1|GENBANK|FJ225394|methyltransferase [Glycine max]	Glycine max	Blastx
SRR22534752	NODE_4252_length_1267_cov_7.190438	48.4	1267	451	0.842572	3.35e-119	acc|GENBANK|ATZ80629.1|GENBANK|MF782455|adenylosuccinate lyase [Bodo saltans virus]	Bodo saltans virus	Blastx
SRR22534752	NODE_8116_length_1137_cov_11.880435	50.1	1137	379	0.963061	1.30e-118	acc|GENBANK|ADB85364.1|GENBANK|GQ252868|putative alcohol dehydrogenase 2 [Phyllostachys edulis]	Phyllostachys edulis	Blastx
SRR22534752	NODE_3756_length_1501_cov_17.358311	41.9	1501	524	0.961832	2.86e-118	acc|REFSEQ|YP_010781689.1|REFSEQ|NC_075039|prolyl-tRNA synthetase [Tupanvirus soda lake]	Tupanvirus soda lake	Blastx
SRR22534752	NODE_2295_length_2246_cov_17.665612	42.7	2246	679	0.782032	1.17e-116	acc|GENBANK|QIG60138.1|GENBANK|MN940580|ATP-dependent zinc metalloprotease [Dishui Lake large algae virus 1]	Dishui Lake large algae virus 1	Blastx
SRR22534752	NODE_10834_length_1046_cov_15.319842	48.1	1046	402	0.858209	9.63e-116	acc|REFSEQ|YP_008438242.1|REFSEQ|NC_022098|Tyrosine-tRNA ligase [Pandoravirus salinus]	Pandoravirus salinus	Blastx
SRR22534752	NODE_2381_length_1130_cov_11.768459	53.9	1130	558	0.621864	5.07e-115	acc|GENBANK|QOR60244.1|GENBANK|MK522034|hypothetical protein [Bathycoccus sp. RCC716 virus 1]	Bathycoccus sp. RCC716 virus 1	Blastx
SRR22534752	NODE_9598_length_1533_cov_32.258667	49.9	1533	558	0.697133	8.00e-115	acc|GENBANK|QOR60244.1|GENBANK|MK522034|hypothetical protein [Bathycoccus sp. RCC716 virus 1]	Bathycoccus sp. RCC716 virus 1	Blastx
SRR22534752	NODE_1076_length_1791_cov_9.113766	84.0	1791	518	0.409266	1.01e-113	acc|GENBANK|ABY48142.1|GENBANK|EU306659|serine-hydroxymethyltransferase [Medicago truncatula]	Medicago truncatula	Blastx
SRR22534752	NODE_2126_length_3162_cov_13.781080	61.6	3162	621	0.499195	1.18e-113	acc|GENBANK|AAK84478.1|GENBANK|AF275345|unknown [Solanum lycopersicum]	Solanum lycopersicum	Blastx
SRR22534752	NODE_664_length_1938_cov_7.542257	50.4	1938	363	0.955923	1.91e-113	acc|GENBANK|AYV86762.1|GENBANK|MK072514|GDP-D-mannose-3',5'-epimerase [Sylvanvirus sp.]	Sylvanvirus sp.	Blastx
SRR22534752	NODE_46854_length_1324_cov_13.207591	52.3	1324	759	0.403162	6.10e-111	acc|GENBANK|ACN78962.1|GENBANK|FJ225394|methyltransferase [Glycine max]	Glycine max	Blastx
SRR22534752	NODE_1312_length_1196_cov_17.029235	55.4	1196	316	0.965190	3.71e-110	acc|GENBANK|QDY51833.1|GENBANK|MK250085|hypothetical protein [Mimiviridae sp. ChoanoV1]	Mimiviridae sp. ChoanoV1	Blastx
SRR22534752	NODE_9180_length_547_cov_5.593385	91.5	547	258	0.639535	1.61e-109	acc|GENBANK|WMV02893.1|GENBANK|OP630990|alpha-tubulin [Diderma spumarioides]	Diderma spumarioides	Blastx
SRR22534752	NODE_33948_length_1358_cov_4.885283	55.6	1358	759	0.364954	2.09e-108	acc|GENBANK|ACN78962.1|GENBANK|FJ225394|methyltransferase [Glycine max]	Glycine max	Blastx
SRR22534752	NODE_27493_length_1438_cov_3.632028	41.9	1438	759	0.607378	3.96e-107	acc|GENBANK|ACN78962.1|GENBANK|FJ225394|methyltransferase [Glycine max]	Glycine max	Blastx
SRR22534752	NODE_5053_length_1510_cov_4.389980	41.0	1510	619	0.788368	5.16e-107	acc|GENBANK|AYV80670.1|GENBANK|MK072246|puromycin sensitive aminopeptidase [Harvfovirus sp.]	Harvfovirus sp.	Blastx
SRR22534752	NODE_18907_length_1328_cov_10.638610	47.7	1328	356	1.042135	5.75e-107	acc|REFSEQ|YP_010781468.1|REFSEQ|NC_075039|phenylalanyl-tRNA synthetase [Tupanvirus soda lake]	Tupanvirus soda lake	Blastx
SRR22534752	NODE_2829_length_1032_cov_5.853854	58.9	1032	759	0.362319	2.49e-106	acc|GENBANK|ACN78962.1|GENBANK|FJ225394|methyltransferase [Glycine max]	Glycine max	Blastx
SRR22534752	NODE_45715_length_1127_cov_6.375686	55.0	1127	645	0.544186	4.83e-106	acc|GENBANK|AAK84474.1|GENBANK|AF275345|suppressor-like protein [Solanum lycopersicum]	Solanum lycopersicum	Blastx
SRR22534752	NODE_991_length_1330_cov_21.569776	48.9	1330	579	0.625216	2.33e-105	acc|GENBANK|XKM46695.1|GENBANK|PQ442262|hypothetical protein [Ostreococcus tauri virus 06-1]	Ostreococcus tauri virus 06-1	Blastx
SRR22534752	NODE_1313_length_1067_cov_23.226306	55.8	1067	316	0.901899	3.27e-105	acc|GENBANK|QDY51833.1|GENBANK|MK250085|hypothetical protein [Mimiviridae sp. ChoanoV1]	Mimiviridae sp. ChoanoV1	Blastx
SRR22534752	NODE_18084_length_1177_cov_19.625874	55.7	1177	489	0.595092	5.47e-105	acc|GENBANK|QBK85775.1|GENBANK|MK500327|aspartyl/asparaginyl-tRNA synthetase [Marseillevirus LCMAC101]	Marseillevirus LCMAC101	Blastx
SRR22534752	NODE_2047_length_1335_cov_44.327189	43.2	1335	411	0.997567	5.99e-105	acc|GENBANK|ULY68482.1|GENBANK|OL828820|tyrosyl-tRNA synthetase [Chlorella virus XW01]	Chlorella virus XW01	Blastx
SRR22534752	NODE_19730_length_1431_cov_26.778970	68.6	1431	239	0.958159	4.11e-104	acc|GENBANK|AFV13460.1|GENBANK|JQ314447|ubiquitin conjugating enzyme 2 [Tripsacum dactyloides]	Tripsacum dactyloides	Blastx
SRR22534752	NODE_8817_length_604_cov_2.420315	88.8	604	421	0.403800	3.15e-103	acc|GENBANK|AGP03657.1|GENBANK|KF220834|integrase-type DNA-binding superfamily protein [Glycine max]	Glycine max	Blastx
SRR22534752	NODE_43367_length_829_cov_6.595477	72.8	829	1161	0.199828	9.54e-103	acc|GENBANK|AAP06788.1|GENBANK|AY234827|phytochrome B1 apoprotein [Zea mays]	Zea mays	Blastx
SRR22534752	NODE_5245_length_1847_cov_33.835722	38.0	1847	515	0.980583	4.68e-102	acc|REFSEQ|YP_010780329.1|REFSEQ|NC_075038|lysine-tRNA synthetase [Tupanvirus deep ocean]	Tupanvirus deep ocean	Blastx
SRR22534752	NODE_8992_length_1641_cov_14.855721	43.2	1641	411	0.895377	6.69e-102	acc|GENBANK|QBK89188.1|GENBANK|MK500409|uncharacterized protein [Mimivirus LCMiAC02]	Mimivirus LCMiAC02	Blastx
SRR22534752	NODE_5805_length_1260_cov_8.716381	47.0	1260	370	0.867568	8.24e-102	acc|GENBANK|AYV78232.1|GENBANK|MK072072|replication factor C small subunit [Edafosvirus sp.]	Edafosvirus sp.	Blastx
SRR22534752	NODE_46464_length_1015_cov_20.317719	52.8	1015	302	0.940397	5.54e-101	acc|GENBANK|QBK92300.1|GENBANK|MK500573|NAD dependent epimerase/dehydratase [Pithovirus LCPAC304]	Pithovirus LCPAC304	Blastx
SRR22534752	NODE_1989_length_466_cov_22.579677	89.7	466	258	0.600775	2.09e-100	acc|GENBANK|WMV02893.1|GENBANK|OP630990|alpha-tubulin [Diderma spumarioides]	Diderma spumarioides	Blastx
SRR22534752	NODE_16726_length_1582_cov_10.473854	45.3	1582	358	1.000000	2.38e-100	acc|REFSEQ|YP_010780072.1|REFSEQ|NC_075038|hypothetical protein [Tupanvirus deep ocean]	Tupanvirus deep ocean	Blastx
SRR22534752	NODE_3666_length_755_cov_85.304709	65.2	755	388	0.600515	2.39e-99	acc|GENBANK|AAU93529.1|GENBANK|AY691949|alcohol dehydrogenase 1 [Zea mays]	Zea mays	Blastx
SRR22534752	NODE_19202_length_1562_cov_12.982341	57.7	1562	336	0.886905	2.98e-99	acc|GENBANK|ACG35788.1|GENBANK|EU963670|retrotransposon protein Ty3-gypsy subclass [Zea mays]	Zea mays	Blastx
SRR22534752	NODE_17704_length_873_cov_6.383333	56.6	873	631	0.459588	3.74e-99	acc|GENBANK|AWA44806.1|GENBANK|MH182523|hypothetical protein [Saccharum officinarum]	Saccharum officinarum	Blastx
SRR22534752	NODE_4630_length_2209_cov_20.651195	42.8	2209	1040	0.420192	1.25e-98	acc|REFSEQ|YP_010780932.1|REFSEQ|NC_075038|putative ATP-citrate synthase isoform X3 [Tupanvirus deep ocean]	Tupanvirus deep ocean	Blastx
SRR22534752	NODE_3562_length_986_cov_28.397692	51.5	986	815	0.402454	3.38e-98	acc|REFSEQ|YP_010782648.1|REFSEQ|NC_075039|elongation factor 2 [Tupanvirus soda lake]	Tupanvirus soda lake	Blastx
SRR22534752	NODE_26070_length_796_cov_4.269987	58.3	796	776	0.327320	2.37e-97	acc|GENBANK|ABY48135.1|GENBANK|EU306659|beta-D-xylosidase [Medicago truncatula]	Medicago truncatula	Blastx
SRR22534752	NODE_5936_length_913_cov_1.492045	69.4	913	392	0.566327	3.15e-97	acc|GENBANK|ABV72583.1|GENBANK|EU155081|unknown [Oryza sativa Japonica Group]	Oryza sativa Japonica Group	Blastx
SRR22534752	NODE_3722_length_1669_cov_11.971271	37.1	1669	876	0.551370	6.82e-97	acc|GENBANK|AYV76365.1|GENBANK|MK071983|DEXDc helicase [Terrestrivirus sp.]	Terrestrivirus sp.	Blastx
SRR22534752	NODE_75_length_1517_cov_5.140162	34.1	1517	819	0.622711	9.33e-97	acc|GENBANK|QKF94107.1|GENBANK|MT418680|eukaryotic translation elongation factor 2 [Fadolivirus FV1/VV64]	Fadolivirus FV1/VV64	Blastx
SRR22534752	NODE_1110_length_947_cov_14.049234	59.7	947	1263	0.200317	1.71e-95	acc|GENBANK|AAL14452.1|GENBANK|AF397035|valyl-tRNA-synthetase G7a/Bat6 [Mus musculus]	Mus musculus	Blastx
SRR22534752	NODE_783_length_528_cov_10.616162	82.9	528	461	0.379610	1.97e-95	acc|GENBANK|AAL14456.1|GENBANK|AF397036|heat shock protein Hsc70t [Mus musculus]	Mus musculus	Blastx
SRR22534752	NODE_746_length_1031_cov_13.166333	50.6	1031	340	0.982353	2.25e-95	acc|GENBANK|AAU93531.1|GENBANK|AY691949|cyclin H-1 [Zea mays]	Zea mays	Blastx
SRR22534752	NODE_869_length_572_cov_50.248609	72.3	572	224	0.821429	5.71e-95	acc|GENBANK|QDH89109.1|GENBANK|MN034603|hypothetical protein [Picornavirales sp.]	Picornavirales sp.	Blastx
SRR22534752	NODE_37791_length_1250_cov_6.656532	39.5	1250	438	0.931507	6.21e-95	acc|GENBANK|QBK88723.1|GENBANK|MK500396|histidyl-tRNA synthetase [Mimivirus LCMiAC01]	Mimivirus LCMiAC01	Blastx
SRR22534752	NODE_43696_length_826_cov_4.950820	56.3	826	706	0.349858	6.72e-95	acc|GENBANK|WGU26822.1|GENBANK|OQ503488|OPT oligopeptide transporter protein [Triticum monococcum]	Triticum monococcum	Blastx
SRR22534752	NODE_6226_length_1583_cov_16.634194	40.1	1583	623	0.817014	5.04e-94	acc|GENBANK|BAL14837.1|GENBANK|AB682995|endo-1,4-b-D-glucanase [Oryza sativa Japonica Group]	Oryza sativa Japonica Group	Blastx
SRR22534752	NODE_3356_length_1062_cov_10.858115	56.4	1062	267	1.022472	1.58e-93	acc|GENBANK|WGU26820.1|GENBANK|OQ503488|cytosolic iron-sulfur (Fe-S) protein [Triticum monococcum]	Triticum monococcum	Blastx
SRR22534752	NODE_9419_length_1471_cov_16.541725	39.5	1471	531	0.800377	1.71e-93	acc|GENBANK|QBK88836.1|GENBANK|MK500400|CTP synthetase [Mimivirus LCMiAC01]	Mimivirus LCMiAC01	Blastx
SRR22534752	NODE_460_length_919_cov_7.448081	49.5	919	334	0.883234	7.46e-93	acc|REFSEQ|YP_010782262.1|REFSEQ|NC_075039|UDP-glucose 4-epimerase [Tupanvirus soda lake]	Tupanvirus soda lake	Blastx
SRR22534752	NODE_18291_length_1332_cov_8.086990	44.3	1332	613	0.611746	1.08e-91	acc|GENBANK|ADB85401.1|GENBANK|GQ252886|putative pollen-specific kinase [Phyllostachys edulis]	Phyllostachys edulis	Blastx
SRR22534752	NODE_11192_length_795_cov_38.820210	55.8	795	819	0.323565	1.16e-91	acc|GENBANK|QKF94107.1|GENBANK|MT418680|eukaryotic translation elongation factor 2 [Fadolivirus FV1/VV64]	Fadolivirus FV1/VV64	Blastx
SRR22534752	NODE_3300_length_1012_cov_13.967314	52.9	1012	364	0.747253	3.28e-91	acc|GENBANK|AYV82076.1|GENBANK|MK072336|replication factor C small subunit [Homavirus sp.]	Homavirus sp.	Blastx
SRR22534752	NODE_642_length_1585_cov_23.754510	37.7	1585	459	1.028322	6.57e-91	acc|GENBANK|BBI30359.1|GENBANK|AP018495|beta-galactosidase [Acanthamoeba castellanii medusavirus J1]	Acanthamoeba castellanii medusavirus J1	Blastx
SRR22534752	NODE_16597_length_1546_cov_4.080635	39.3	1546	518	0.942085	1.21e-90	acc|GENBANK|QPI16131.1|GENBANK|MW030532|hypothetical protein [Virus NIOZ-UU157]	Virus NIOZ-UU157	Blastx
SRR22534752	NODE_3984_length_685_cov_76.317485	86.5	685	258	0.600775	2.46e-90	acc|GENBANK|WMV02893.1|GENBANK|OP630990|alpha-tubulin [Diderma spumarioides]	Diderma spumarioides	Blastx
SRR22534752	NODE_49719_length_1145_cov_9.050360	53.0	1145	604	0.528146	2.59e-90	acc|GENBANK|AAK84484.1|GENBANK|AF275345|TH65-like protein [Solanum lycopersicum]	Solanum lycopersicum	Blastx
SRR22534752	NODE_3500_length_1415_cov_32.516643	95.4	1415	318	0.481132	4.29e-90	acc|GENBANK|AAD44037.1|GENBANK|AF104020|polyprotein [Bovine viral diarrhea virus 2]	Bovine viral diarrhea virus 2	Blastx
SRR22534752	NODE_16746_length_1343_cov_7.697710	55.5	1343	679	0.416789	4.53e-90	acc|GENBANK|QIG60138.1|GENBANK|MN940580|ATP-dependent zinc metalloprotease [Dishui Lake large algae virus 1]	Dishui Lake large algae virus 1	Blastx
SRR22534752	NODE_476_length_1124_cov_11.798350	56.3	1124	336	0.755952	7.73e-90	acc|GENBANK|ACG35788.1|GENBANK|EU963670|retrotransposon protein Ty3-gypsy subclass [Zea mays]	Zea mays	Blastx
SRR22534752	NODE_1341_length_1443_cov_6.482270	38.0	1443	719	0.610570	8.39e-90	acc|GENBANK|ATZ80239.1|GENBANK|MF782455|translation initiation factor IF-2 [Bodo saltans virus]	Bodo saltans virus	Blastx
SRR22534752	NODE_16359_length_438_cov_13.313580	92.8	438	421	0.330166	1.13e-89	acc|GENBANK|AGP03657.1|GENBANK|KF220834|integrase-type DNA-binding superfamily protein [Glycine max]	Glycine max	Blastx
SRR22534752	NODE_9527_length_1234_cov_7.864280	47.1	1234	373	0.831099	2.95e-89	acc|GENBANK|WQF02802.1|GENBANK|OR553294|putative endonuclease [Apis mellifra filamentous-like virus]	Apis mellifra filamentous-like virus	Blastx
SRR22534752	NODE_29287_length_450_cov_2.328537	92.0	450	342	0.438596	5.64e-89	acc|GENBANK|CAA04529.1|GENBANK|AJ001100|Rad51-like protein [Arabidopsis thaliana]	Arabidopsis thaliana	Blastx
SRR22534752	NODE_5915_length_517_cov_42.367769	99.3	517	1960	0.072449	1.39e-88	acc|REFSEQ|YP_009134730.1|REFSEQ|NC_026248|replicase polyprotein [Yam latent virus]	Yam latent virus	Blastx
SRR22534752	NODE_2279_length_1154_cov_8.341659	49.0	1154	593	0.526138	2.62e-88	acc|GENBANK|XCA47343.1|GENBANK|PP911589|hypothetical protein [Micromonas commoda virus]	Micromonas commoda virus	Blastx
SRR22534752	NODE_18916_length_930_cov_7.051282	61.9	930	656	0.371951	3.64e-88	acc|GENBANK|QDY51980.1|GENBANK|MK250086|Hsp70 protein [Mimiviridae sp. ChoanoV1]	Mimiviridae sp. ChoanoV1	Blastx
SRR22534752	NODE_18319_length_921_cov_6.601351	64.1	921	689	0.339623	4.91e-88	acc|GENBANK|ARF10988.1|GENBANK|KY684105|Hsp70 protein [Hokovirus HKV1]	Hokovirus HKV1	Blastx
SRR22534752	NODE_8196_length_2023_cov_31.472864	39.5	2023	419	1.038186	6.08e-88	acc|GENBANK|WNL49938.1|GENBANK|OR343188|translation elongation factor 1alpha [Marseillevirus sp.]	Marseillevirus sp.	Blastx
SRR22534752	NODE_50599_length_1445_cov_19.981586	38.9	1445	1171	0.381725	2.19e-87	acc|GENBANK|QBK90672.1|GENBANK|MK500495|DNA-directed RNA polymerase subunit beta [Pithovirus LCPAC104]	Pithovirus LCPAC104	Blastx
SRR22534752	NODE_2137_length_828_cov_356.656604	47.5	828	694	0.400576	1.06e-86	acc|REFSEQ|YP_010780645.1|REFSEQ|NC_075038|catalase HPII [Tupanvirus deep ocean]	Tupanvirus deep ocean	Blastx
SRR22534752	NODE_19662_length_1492_cov_10.520219	39.1	1492	590	0.745763	1.21e-86	acc|GENBANK|XDR79733.1|GENBANK|PQ109088|ATP-dependent zinc metalloprotease FtsH 3 [Micromonas commoda virus]	Micromonas commoda virus	Blastx
SRR22534752	NODE_13967_length_715_cov_2.961877	68.8	715	478	0.395397	1.21e-86	acc|GENBANK|AAK84479.1|GENBANK|AF275345|putative auxin growth promotor protein [Solanum lycopersicum]	Solanum lycopersicum	Blastx
SRR22534752	NODE_4932_length_1433_cov_25.569286	46.9	1433	327	0.944954	3.87e-86	acc|GENBANK|QFG73901.1|GENBANK|MN448274|papain family cysteine protease [Megaviridae environmental sample]	Megaviridae environmental sample	Blastx
SRR22534752	NODE_728_length_1430_cov_21.689334	39.5	1430	411	0.948905	4.46e-86	acc|GENBANK|QDY51866.1|GENBANK|MK250085|hypothetical protein [Mimiviridae sp. ChoanoV1]	Mimiviridae sp. ChoanoV1	Blastx
SRR22534752	NODE_1286_length_936_cov_15.555925	62.5	936	504	0.444444	9.22e-86	acc|GENBANK|QKF94406.1|GENBANK|MT418680|3-deoxy-8-phosphooctulonate synthase [Fadolivirus FV1/VV64]	Fadolivirus FV1/VV64	Blastx
SRR22534752	NODE_44840_length_866_cov_8.171669	61.4	866	244	0.987705	1.77e-85	acc|GENBANK|AAW73221.1|GENBANK|AY747600|VRN-A1 [Triticum aestivum]	Triticum aestivum	Blastx
SRR22534752	NODE_641_length_1378_cov_31.633457	45.5	1378	753	0.551129	3.06e-85	acc|GENBANK|QDY51907.1|GENBANK|MK250085|Hsp90 protein [Mimiviridae sp. ChoanoV1]	Mimiviridae sp. ChoanoV1	Blastx
SRR22534752	NODE_3863_length_565_cov_12.975564	79.0	565	621	0.268921	3.72e-85	acc|GENBANK|XCA47333.1|GENBANK|PP911589|movement protein hsp70h [Micromonas commoda virus]	Micromonas commoda virus	Blastx
SRR22534752	NODE_2799_length_986_cov_35.514166	50.0	986	288	0.993056	5.35e-85	acc|GENBANK|QBK86945.1|GENBANK|MK500338|tetrahydrofolate dehydrogenase/cyclohydrolase [Marseillevirus LCMAC103]	Marseillevirus LCMAC103	Blastx
SRR22534752	NODE_8396_length_1638_cov_8.590031	43.6	1638	322	0.968944	6.70e-85	acc|GENBANK|QBK92099.1|GENBANK|MK500567|pyridine nucleotide-disulfide oxidoreductase [Pithovirus LCPAC304]	Pithovirus LCPAC304	Blastx
SRR22534752	NODE_13516_length_915_cov_6.005669	48.9	915	379	0.728232	7.27e-85	acc|GENBANK|ADB85364.1|GENBANK|GQ252868|putative alcohol dehydrogenase 2 [Phyllostachys edulis]	Phyllostachys edulis	Blastx
SRR22534752	NODE_12318_length_636_cov_17.844113	72.3	636	206	0.893204	3.25e-84	acc|GENBANK|QIG60115.1|GENBANK|MN940580|heat-shock protein 70 [Dishui Lake large algae virus 1]	Dishui Lake large algae virus 1	Blastx
SRR22534752	NODE_8665_length_1477_cov_11.920360	36.9	1477	660	0.703030	3.28e-84	acc|REFSEQ|YP_001425742.1|REFSEQ|NC_008603|hypothetical protein [Paramecium bursaria Chlorella virus FR483]	Paramecium bursaria Chlorella virus FR483	Blastx
SRR22534752	NODE_16713_length_995_cov_20.722453	46.1	995	310	0.951613	4.82e-84	acc|GENBANK|AYV86922.1|GENBANK|MK072520|hypothetical protein [Sylvanvirus sp.]	Sylvanvirus sp.	Blastx
SRR22534752	NODE_1347_length_2039_cov_66.108674	36.6	2039	522	1.000000	2.20e-83	acc|GENBANK|QPI16279.1|GENBANK|MW030549|hypothetical protein [Virus NIOZ-UU157]	Virus NIOZ-UU157	Blastx
SRR22534752	NODE_9050_length_1652_cov_36.911056	44.5	1652	679	0.533137	2.66e-83	acc|GENBANK|QIG60138.1|GENBANK|MN940580|ATP-dependent zinc metalloprotease [Dishui Lake large algae virus 1]	Dishui Lake large algae virus 1	Blastx
SRR22534752	NODE_4502_length_718_cov_22.284672	54.2	718	385	0.657143	2.89e-83	acc|GENBANK|UUT40455.1|GENBANK|ON887238|hypothetical protein [carnivorous sponge associated iridovirus]	carnivorous sponge associated iridovirus	Blastx
SRR22534752	NODE_14563_length_1132_cov_19.937216	41.4	1132	536	0.626866	3.09e-83	acc|GENBANK|QDY51930.1|GENBANK|MK250086|pyridoxal-dependent decarboxylase conserved [Mimiviridae sp. ChoanoV1]	Mimiviridae sp. ChoanoV1	Blastx
SRR22534752	NODE_45233_length_993_cov_8.507292	42.6	993	411	0.941606	5.24e-83	acc|GENBANK|ACN78984.1|GENBANK|FJ225395|cyclin-like F-box [Glycine max]	Glycine max	Blastx
SRR22534752	NODE_28396_length_1336_cov_3.938603	46.1	1336	327	0.948012	5.84e-83	acc|GENBANK|QFG73901.1|GENBANK|MN448274|papain family cysteine protease [Megaviridae environmental sample]	Megaviridae environmental sample	Blastx
SRR22534752	NODE_2208_length_1669_cov_14.824572	35.4	1669	1468	0.371253	2.43e-82	acc|GENBANK|QDY51984.1|GENBANK|MK250086|RNA polymerase Rpb1, domain 5 [Mimiviridae sp. ChoanoV1]	Mimiviridae sp. ChoanoV1	Blastx
SRR22534752	NODE_40737_length_482_cov_5.755011	71.3	482	329	0.486322	2.63e-82	acc|GENBANK|AFV13459.1|GENBANK|JQ314447|Tac7077 [Tripsacum dactyloides]	Tripsacum dactyloides	Blastx
SRR22534752	NODE_18523_length_1182_cov_13.316797	43.0	1182	348	0.942529	5.12e-82	acc|GENBANK|AYV86709.1|GENBANK|MK072513|hypothetical protein [Sylvanvirus sp.]	Sylvanvirus sp.	Blastx
SRR22534752	NODE_47929_length_664_cov_10.625990	58.7	664	623	0.357945	9.37e-82	acc|GENBANK|BAL14837.1|GENBANK|AB682995|endo-1,4-b-D-glucanase [Oryza sativa Japonica Group]	Oryza sativa Japonica Group	Blastx
SRR22534752	NODE_19086_length_1215_cov_26.857022	51.6	1215	753	0.452855	1.35e-81	acc|GENBANK|QDY51907.1|GENBANK|MK250085|Hsp90 protein [Mimiviridae sp. ChoanoV1]	Mimiviridae sp. ChoanoV1	Blastx
SRR22534752	NODE_17887_length_710_cov_19.505170	61.5	710	623	0.313002	1.65e-81	acc|GENBANK|BAL14837.1|GENBANK|AB682995|endo-1,4-b-D-glucanase [Oryza sativa Japonica Group]	Oryza sativa Japonica Group	Blastx
SRR22534752	NODE_27825_length_1165_cov_5.391343	47.2	1165	558	0.569892	3.33e-81	acc|GENBANK|QOR60244.1|GENBANK|MK522034|hypothetical protein [Bathycoccus sp. RCC716 virus 1]	Bathycoccus sp. RCC716 virus 1	Blastx
SRR22534752	NODE_12054_length_486_cov_39.763797	80.1	486	621	0.259259	3.84e-81	acc|GENBANK|XCA47333.1|GENBANK|PP911589|movement protein hsp70h [Micromonas commoda virus]	Micromonas commoda virus	Blastx
SRR22534752	NODE_3349_length_2410_cov_15.636517	46.3	2410	310	0.967742	1.03e-80	acc|GENBANK|AYV86922.1|GENBANK|MK072520|hypothetical protein [Sylvanvirus sp.]	Sylvanvirus sp.	Blastx
SRR22534752	NODE_7031_length_1774_cov_58.567490	44.4	1774	327	0.935780	1.35e-80	acc|GENBANK|QFG73901.1|GENBANK|MN448274|papain family cysteine protease [Megaviridae environmental sample]	Megaviridae environmental sample	Blastx
SRR22534752	NODE_47291_length_1214_cov_10.966130	50.9	1214	503	0.546720	1.49e-80	acc|GENBANK|AYV82303.1|GENBANK|MK072358|hypothetical protein [Homavirus sp.]	Homavirus sp.	Blastx
SRR22534752	NODE_19251_length_980_cov_32.101373	48.8	980	471	0.634820	1.50e-80	acc|GENBANK|AFV13457.1|GENBANK|JQ314445|UDPG-flavonoid 3-O-glucosyl transferase [Tripsacum dactyloides]	Tripsacum dactyloides	Blastx
SRR22534752	NODE_8816_length_1810_cov_5.934159	53.8	1810	272	0.963235	2.45e-80	acc|GENBANK|AYV78356.1|GENBANK|MK072075|E3 ubiquitin-protein ligase RGLG1 [Edafosvirus sp.]	Edafosvirus sp.	Blastx
SRR22534752	NODE_5963_length_819_cov_11.047074	58.4	819	212	0.985849	2.92e-80	acc|GENBANK|AYV82031.1|GENBANK|MK072334|Ras-like protein Rab-11A [Homavirus sp.]	Homavirus sp.	Blastx
SRR22534752	NODE_16370_length_1407_cov_13.087336	41.3	1407	572	0.715035	5.82e-80	acc|REFSEQ|YP_009448872.1|REFSEQ|NC_036594|Bi-functional 3,4-dihydroxy-2-butanone [Orpheovirus IHUMI-LCC2]	Orpheovirus IHUMI-LCC2	Blastx
SRR22534752	NODE_1761_length_1348_cov_22.171103	38.7	1348	584	0.642123	1.66e-79	acc|GENBANK|QKF93676.1|GENBANK|MT418680|arginyl-tRNA synthetase [Fadolivirus FV1/VV64]	Fadolivirus FV1/VV64	Blastx
SRR22534752	NODE_19525_length_623_cov_20.527119	66.3	623	212	0.839623	2.40e-79	acc|GENBANK|AYV82031.1|GENBANK|MK072334|Ras-like protein Rab-11A [Homavirus sp.]	Homavirus sp.	Blastx
SRR22534752	NODE_3425_length_1155_cov_12.049020	40.7	1155	881	0.421112	3.50e-79	acc|GENBANK|AYV75523.1|GENBANK|MK071980|hypothetical protein [Terrestrivirus sp.]	Terrestrivirus sp.	Blastx
SRR22534752	NODE_14489_length_825_cov_6.859848	53.8	825	399	0.586466	6.70e-79	acc|GENBANK|AYV76711.1|GENBANK|MK071990|hypothetical protein [Terrestrivirus sp.]	Terrestrivirus sp.	Blastx
SRR22534752	NODE_18075_length_531_cov_28.640562	93.0	531	421	0.304038	1.43e-78	acc|GENBANK|AGP03657.1|GENBANK|KF220834|integrase-type DNA-binding superfamily protein [Glycine max]	Glycine max	Blastx
SRR22534752	NODE_1814_length_705_cov_9.808036	58.1	705	706	0.307365	1.50e-78	acc|GENBANK|WGU26822.1|GENBANK|OQ503488|OPT oligopeptide transporter protein [Triticum monococcum]	Triticum monococcum	Blastx
SRR22534752	NODE_9404_length_661_cov_79.471338	52.6	661	286	0.951049	1.52e-78	acc|GENBANK|AAU93534.1|GENBANK|AY691949|unknown protein [Zea mays]	Zea mays	Blastx
SRR22534752	NODE_9114_length_1599_cov_25.324393	70.0	1599	182	0.879121	2.15e-78	acc|GENBANK|BDT62002.1|GENBANK|LC738871|hypothetical protein [Penaeus monodon majanivirus B]	Penaeus monodon majanivirus B	Blastx
SRR22534752	NODE_38363_length_472_cov_2.574032	77.1	472	623	0.252006	2.18e-78	acc|GENBANK|BAL14837.1|GENBANK|AB682995|endo-1,4-b-D-glucanase [Oryza sativa Japonica Group]	Oryza sativa Japonica Group	Blastx
SRR22534752	NODE_2490_length_674_cov_13.332293	52.1	674	1019	0.229637	3.54e-78	acc|GENBANK|ABZ80022.1|NEIGHBOR|EU410304|beta-D-galactosidase [synthetic Vaccinia virus]	synthetic Vaccinia virus	Blastx
SRR22534752	NODE_11042_length_1507_cov_29.806649	44.2	1507	365	0.868493	2.12e-77	acc|GENBANK|CAK7596944.1|GENBANK|OZ003748|Peptidase M24A, methionine aminopeptidase, [Catovirus sp. 'naegleriensis']	Catovirus sp. 'naegleriensis'	Blastx
SRR22534752	NODE_14299_length_1031_cov_17.688377	61.1	1031	604	0.408940	2.25e-77	acc|GENBANK|AAK84484.1|GENBANK|AF275345|TH65-like protein [Solanum lycopersicum]	Solanum lycopersicum	Blastx
SRR22534752	NODE_22911_length_635_cov_3.049834	53.1	635	341	0.607038	2.38e-77	acc|GENBANK|ARF11691.1|GENBANK|KY684109|glutamine synthetase [Klosneuvirus KNV1]	Klosneuvirus KNV1	Blastx
SRR22534752	NODE_2129_length_825_cov_438.905303	49.8	825	271	0.926199	2.84e-77	acc|GENBANK|AUF82230.1|GENBANK|KY322437|E3 ubiquitin--protein ligase MIEL1-like protein [Tetraselmis virus 1]	Tetraselmis virus 1	Blastx
SRR22534752	NODE_18335_length_919_cov_34.170429	68.6	919	196	0.892857	5.83e-77	acc|GENBANK|AWA44808.1|GENBANK|MH182523|hypothetical protein [Saccharum officinarum]	Saccharum officinarum	Blastx
SRR22534752	NODE_13943_length_847_cov_16.159705	51.3	847	936	0.295940	6.11e-77	acc|GENBANK|QFG74471.1|GENBANK|MN448288|glycine cleavage system P-protein [Megaviridae environmental sample]	Megaviridae environmental sample	Blastx
SRR22534752	NODE_4079_length_1611_cov_18.148923	37.6	1611	478	0.790795	6.32e-77	acc|GENBANK|AAK84479.1|GENBANK|AF275345|putative auxin growth promotor protein [Solanum lycopersicum]	Solanum lycopersicum	Blastx
SRR22534752	NODE_9511_length_1286_cov_25.699920	49.8	1286	423	0.673759	2.93e-76	acc|GENBANK|CAA38181.1|GENBANK|X54284|phosphoglycerate kinase [Trichoderma viride]	Trichoderma viride	Blastx
SRR22534752	NODE_3503_length_1208_cov_27.319149	37.1	1208	583	0.675815	3.68e-76	acc|GENBANK|QKF94238.1|GENBANK|MT418680|class II glycyl-tRNA synthetase [Fadolivirus FV1/VV64]	Fadolivirus FV1/VV64	Blastx
SRR22534752	NODE_18784_length_801_cov_3.197917	56.2	801	706	0.287535	2.14e-75	acc|GENBANK|WGU26822.1|GENBANK|OQ503488|OPT oligopeptide transporter protein [Triticum monococcum]	Triticum monococcum	Blastx
SRR22534752	NODE_19346_length_392_cov_12.136490	94.7	392	113	1.000000	2.15e-75	acc|GENBANK|QDH76139.1|GENBANK|MK948414|putative gag protein [Porcine endogenous retrovirus]	Porcine endogenous retrovirus	Blastx
SRR22534752	NODE_8639_length_1113_cov_6.233333	41.0	1113	572	0.673077	2.26e-75	acc|REFSEQ|YP_009448872.1|REFSEQ|NC_036594|Bi-functional 3,4-dihydroxy-2-butanone [Orpheovirus IHUMI-LCC2]	Orpheovirus IHUMI-LCC2	Blastx
SRR22534752	NODE_37438_length_456_cov_1.936170	80.4	456	1472	0.100543	2.28e-75	acc|GENBANK|AAL68641.1|GENBANK|AF458765|polyprotein [Oryza sativa Japonica Group]	Oryza sativa Japonica Group	Blastx
SRR22534752	NODE_2367_length_1333_cov_17.359231	40.9	1333	408	0.825980	2.42e-75	acc|REFSEQ|YP_010781447.1|REFSEQ|NC_075039|Zn-dependent alcohol dehydrogenase [Tupanvirus soda lake]	Tupanvirus soda lake	Blastx
SRR22534752	NODE_40017_length_1020_cov_4.643364	44.8	1020	873	0.383734	3.90e-75	acc|REFSEQ|YP_009174650.1|REFSEQ|NC_028110|putative DNA polymerase [Yellowstone lake phycodnavirus 2]	Yellowstone lake phycodnavirus 2	Blastx
SRR22534752	NODE_40346_length_1091_cov_9.424386	46.0	1091	496	0.556452	8.32e-75	acc|GENBANK|ACN78958.1|GENBANK|FJ225394|dehydration responsive protein [Glycine max]	Glycine max	Blastx
SRR22534752	NODE_2191_length_436_cov_20673.727047	83.4	436	1960	0.073980	8.49e-75	acc|REFSEQ|YP_009134730.1|REFSEQ|NC_026248|replicase polyprotein [Yam latent virus]	Yam latent virus	Blastx
SRR22534752	NODE_18185_length_1758_cov_17.045217	39.7	1758	1793	0.217513	1.09e-74	acc|GENBANK|CCQ71366.1|GENBANK|HF586479|hypothetical serine/threonine protein kinase [Cotesia congregata]	Cotesia congregata	Blastx
SRR22534752	NODE_2026_length_936_cov_53.858250	53.2	936	376	0.619681	1.44e-74	acc|GENBANK|WBR14998.1|GENBANK|ON887157|Chorismate synthase [Pandoravirus kuranda]	Pandoravirus kuranda	Blastx
SRR22534752	NODE_1575_length_1544_cov_15.711449	45.2	1544	588	0.561224	1.55e-74	acc|GENBANK|QOI90522.1|GENBANK|MT663539|hypothetical protein [Pyramimonas orientalis virus]	Pyramimonas orientalis virus	Blastx
SRR22534752	NODE_22426_length_633_cov_3.841667	67.9	633	369	0.430894	1.14e-73	acc|GENBANK|AFV13469.1|GENBANK|JQ314449|Tac7077 [Coix lacryma-jobi]	Coix lacryma-jobi	Blastx
SRR22534752	NODE_18655_length_657_cov_18.834936	59.0	657	324	0.654321	1.64e-73	acc|GENBANK|QIG60113.1|GENBANK|MN940580|hypothetical protein [Dishui Lake large algae virus 1]	Dishui Lake large algae virus 1	Blastx
SRR22534752	NODE_46702_length_1357_cov_11.775680	42.2	1357	480	0.725000	3.33e-73	acc|GENBANK|ASU92288.1|GENBANK|KX759199|kindr F6 [Zea mays]	Zea mays	Blastx
SRR22534752	NODE_14520_length_1362_cov_9.861550	47.9	1362	284	0.992958	4.23e-73	acc|GENBANK|QBK87322.1|GENBANK|MK500348|tetrahydrofolate dehydrogenase/cyclohydrolase [Marseillevirus LCMAC201]	Marseillevirus LCMAC201	Blastx
SRR22534752	NODE_603_length_1358_cov_31.219623	43.6	1358	299	1.013378	4.53e-73	acc|GENBANK|QRE02559.1|GENBANK|MN545489|hypothetical protein [Otarine gammaherpesvirus 4]	Otarine gammaherpesvirus 4	Blastx
SRR22534752	NODE_8542_length_1170_cov_15.349164	38.2	1170	588	0.627551	4.94e-73	acc|GENBANK|QOI90522.1|GENBANK|MT663539|hypothetical protein [Pyramimonas orientalis virus]	Pyramimonas orientalis virus	Blastx
SRR22534752	NODE_10680_length_2097_cov_8.430233	33.5	2097	686	0.731778	7.89e-73	acc|GENBANK|WNO13952.1|GENBANK|OQ968299|coat protein [Guapo partitivirus]	Guapo partitivirus	Blastx
SRR22534752	NODE_19916_length_1731_cov_13.716137	38.9	1731	576	0.795139	8.95e-73	acc|GENBANK|QIG59631.1|GENBANK|MN940577|hypothetical protein [Dishui Lake phycodnavirus 2]	Dishui Lake phycodnavirus 2	Blastx
SRR22534752	NODE_786_length_739_cov_46.968839	65.3	739	221	0.769231	1.14e-72	acc|GENBANK|AYV75487.1|GENBANK|MK071979|GTP-binding protein YPTC1 [Terrestrivirus sp.]	Terrestrivirus sp.	Blastx
SRR22534752	NODE_1699_length_1198_cov_9.536481	42.6	1198	327	0.932722	1.25e-72	acc|GENBANK|QFG73901.1|GENBANK|MN448274|papain family cysteine protease [Megaviridae environmental sample]	Megaviridae environmental sample	Blastx
SRR22534752	NODE_13448_length_775_cov_25.245283	50.5	775	694	0.319885	2.07e-72	acc|REFSEQ|YP_010780645.1|REFSEQ|NC_075038|catalase HPII [Tupanvirus deep ocean]	Tupanvirus deep ocean	Blastx
SRR22534752	NODE_14865_length_394_cov_5.160665	88.1	394	258	0.488372	3.00e-72	acc|GENBANK|WMV02893.1|GENBANK|OP630990|alpha-tubulin [Diderma spumarioides]	Diderma spumarioides	Blastx
SRR22534752	NODE_46153_length_1016_cov_7.761953	50.4	1016	297	0.801347	3.26e-72	acc|GENBANK|AAU93532.1|GENBANK|AY691949|unknown protein [Zea mays]	Zea mays	Blastx
SRR22534752	NODE_38273_length_765_cov_5.202186	47.9	765	1263	0.221694	5.15e-72	acc|GENBANK|AAD26531.1|GENBANK|AF087141|valyl-tRNA synthetase [Mus musculus]	Mus musculus	Blastx
SRR22534752	NODE_33719_length_1005_cov_5.455761	42.1	1005	348	0.839080	1.38e-71	acc|GENBANK|AYV86709.1|GENBANK|MK072513|hypothetical protein [Sylvanvirus sp.]	Sylvanvirus sp.	Blastx
SRR22534752	NODE_48934_length_2335_cov_12.493050	31.5	2335	657	0.937595	2.04e-71	acc|GENBANK|QPB44529.1|GENBANK|MW018138|replication factor C large subunit [Medusavirus stheno T3]	Medusavirus stheno T3	Blastx
SRR22534752	NODE_9257_length_382_cov_29.252149	81.1	382	388	0.327320	4.21e-71	acc|GENBANK|AAU93529.1|GENBANK|AY691949|alcohol dehydrogenase 1 [Zea mays]	Zea mays	Blastx
SRR22534752	NODE_16363_length_536_cov_3.942346	76.1	536	759	0.187088	4.77e-71	acc|GENBANK|ACN78962.1|GENBANK|FJ225394|methyltransferase [Glycine max]	Glycine max	Blastx
SRR22534752	NODE_16697_length_446_cov_3.002421	80.7	446	601	0.232945	4.82e-71	acc|GENBANK|AAB62581.1|GENBANK|U68072|3-hydroxy-3-methylglutaryl CoA reductase 2 [Solanum lycopersicum]	Solanum lycopersicum	Blastx
SRR22534752	NODE_5984_length_477_cov_19.274775	72.3	477	212	0.698113	4.91e-71	acc|GENBANK|AYV82031.1|GENBANK|MK072334|Ras-like protein Rab-11A [Homavirus sp.]	Homavirus sp.	Blastx
SRR22534752	NODE_7005_length_888_cov_12.095906	50.2	888	620	0.372581	5.50e-71	acc|GENBANK|USH99765.1|GENBANK|ON752135|putative retrotransposon protein, Ty3-gypsy [Oryza sativa Japonica Group]	Oryza sativa Japonica Group	Blastx
SRR22534752	NODE_8822_length_609_cov_10.012153	86.8	609	189	0.719577	6.26e-71	acc|REFSEQ|YP_009465730.1|REFSEQ|NC_037057|hypothetical protein [Dishui lake phycodnavirus 1]	Dishui lake phycodnavirus 1	Blastx
SRR22534752	NODE_2090_length_686_cov_14.441041	91.9	686	258	0.430233	6.34e-71	acc|GENBANK|WMV02893.1|GENBANK|OP630990|alpha-tubulin [Diderma spumarioides]	Diderma spumarioides	Blastx
SRR22534752	NODE_1705_length_873_cov_43.155952	64.5	873	221	0.764706	8.97e-71	acc|GENBANK|AYV75487.1|GENBANK|MK071979|GTP-binding protein YPTC1 [Terrestrivirus sp.]	Terrestrivirus sp.	Blastx
SRR22534752	NODE_17522_length_1349_cov_15.005319	43.3	1349	476	0.684874	8.98e-71	acc|GENBANK|QPI16652.1|GENBANK|MW030591|serine endoprotease [Virus NIOZ-UU159]	Virus NIOZ-UU159	Blastx
SRR22534752	NODE_15278_length_1693_cov_25.136747	44.9	1693	320	0.862500	9.24e-71	acc|GENBANK|ARF09286.1|GENBANK|KY684084|serine/threonine protein kinase [Catovirus CTV1]	Catovirus CTV1	Blastx
SRR22534752	NODE_38985_length_541_cov_7.647638	71.7	541	480	0.375000	1.21e-70	acc|GENBANK|ASU92288.1|GENBANK|KX759199|kindr F6 [Zea mays]	Zea mays	Blastx
SRR22534752	NODE_40835_length_926_cov_7.263158	77.3	926	564	0.265957	1.92e-70	acc|GENBANK|AWA44801.1|GENBANK|MH182523|ATP-dependent 6-phosphofructokinase [Saccharum officinarum]	Saccharum officinarum	Blastx
SRR22534752	NODE_14702_length_1347_cov_4.170472	41.1	1347	456	0.730263	2.09e-70	acc|GENBANK|QKF94222.1|GENBANK|MT418680|alanyl-tRNA synthetase [Fadolivirus FV1/VV64]	Fadolivirus FV1/VV64	Blastx
SRR22534752	NODE_442_length_878_cov_42.507692	47.3	878	388	0.664948	2.29e-70	acc|GENBANK|AAU93529.1|GENBANK|AY691949|alcohol dehydrogenase 1 [Zea mays]	Zea mays	Blastx
SRR22534752	NODE_20292_length_955_cov_22.609544	71.5	955	212	0.712264	3.32e-70	acc|GENBANK|AYV82031.1|GENBANK|MK072334|Ras-like protein Rab-11A [Homavirus sp.]	Homavirus sp.	Blastx
SRR22534752	NODE_8638_length_2119_cov_8.065676	41.3	2119	522	0.701149	3.38e-70	acc|GENBANK|QPI16279.1|GENBANK|MW030549|hypothetical protein [Virus NIOZ-UU157]	Virus NIOZ-UU157	Blastx
SRR22534752	NODE_44008_length_854_cov_7.555420	46.3	854	925	0.291892	5.55e-70	acc|GENBANK|ABY48139.1|GENBANK|EU306659|NORK [Medicago truncatula]	Medicago truncatula	Blastx
SRR22534752	NODE_19981_length_1113_cov_13.604630	40.7	1113	759	0.453228	8.03e-70	acc|GENBANK|ACN78962.1|GENBANK|FJ225394|methyltransferase [Glycine max]	Glycine max	Blastx
SRR22534752	NODE_18353_length_963_cov_18.578495	69.6	963	335	0.480597	1.06e-69	acc|GENBANK|ABY48132.1|GENBANK|EU306659|GH1 protein [Medicago truncatula]	Medicago truncatula	Blastx
SRR22534752	NODE_18952_length_1315_cov_8.825273	39.3	1315	497	0.619718	1.20e-69	acc|GENBANK|CCQ71326.1|GENBANK|HF586476|hypothetical Pro-X carboxypeptidase-like protein [Cotesia congregata]	Cotesia congregata	Blastx
SRR22534752	NODE_7205_length_1491_cov_37.541838	42.7	1491	327	0.880734	1.77e-69	acc|GENBANK|QFG73901.1|GENBANK|MN448274|papain family cysteine protease [Megaviridae environmental sample]	Megaviridae environmental sample	Blastx
SRR22534752	NODE_8092_length_1287_cov_15.297448	37.1	1287	408	0.825980	1.95e-69	acc|REFSEQ|YP_010781447.1|REFSEQ|NC_075039|Zn-dependent alcohol dehydrogenase [Tupanvirus soda lake]	Tupanvirus soda lake	Blastx
SRR22534752	NODE_705_length_1227_cov_84.138191	65.1	1227	221	0.764706	2.68e-69	acc|GENBANK|AYV75487.1|GENBANK|MK071979|GTP-binding protein YPTC1 [Terrestrivirus sp.]	Terrestrivirus sp.	Blastx
SRR22534752	NODE_19058_length_711_cov_79.148968	50.6	711	423	0.598109	2.68e-69	acc|GENBANK|CAA38181.1|GENBANK|X54284|phosphoglycerate kinase [Trichoderma viride]	Trichoderma viride	Blastx
SRR22534752	NODE_2253_length_954_cov_16.830619	62.0	954	196	0.954082	3.18e-69	acc|GENBANK|AWA44808.1|GENBANK|MH182523|hypothetical protein [Saccharum officinarum]	Saccharum officinarum	Blastx
SRR22534752	NODE_37631_length_890_cov_14.558926	41.7	890	571	0.525394	4.46e-69	acc|GENBANK|QDY51783.1|GENBANK|MK250085|hypothetical protein [Mimiviridae sp. ChoanoV1]	Mimiviridae sp. ChoanoV1	Blastx
SRR22534752	NODE_2108_length_495_cov_56.166667	63.4	495	316	0.509494	4.51e-69	acc|GENBANK|QDY51833.1|GENBANK|MK250085|hypothetical protein [Mimiviridae sp. ChoanoV1]	Mimiviridae sp. ChoanoV1	Blastx
SRR22534752	NODE_18304_length_631_cov_15.505017	70.0	631	531	0.282486	5.03e-69	acc|GENBANK|QBK88836.1|GENBANK|MK500400|CTP synthetase [Mimivirus LCMiAC01]	Mimivirus LCMiAC01	Blastx
SRR22534752	NODE_14220_length_850_cov_10.162791	59.5	850	212	0.872642	6.67e-69	acc|GENBANK|AYV82031.1|GENBANK|MK072334|Ras-like protein Rab-11A [Homavirus sp.]	Homavirus sp.	Blastx
SRR22534752	NODE_17839_length_1286_cov_19.467678	47.4	1286	299	0.846154	1.37e-68	acc|GENBANK|ARF09764.1|GENBANK|KY684087|serine/threonine protein kinase [Indivirus ILV1]	Indivirus ILV1	Blastx
SRR22534752	NODE_13431_length_1025_cov_8.785282	40.4	1025	331	0.882175	2.85e-68	acc|GENBANK|QBK89984.1|GENBANK|MK500451|phosphoribosyl transferase domain protein [Pithovirus LCPAC101]	Pithovirus LCPAC101	Blastx
SRR22534752	NODE_48622_length_1154_cov_9.798394	37.6	1154	578	0.676471	3.28e-68	acc|GENBANK|QOI90551.1|GENBANK|MT663540|hypothetical protein [Pyramimonas orientalis virus]	Pyramimonas orientalis virus	Blastx
SRR22534752	NODE_1974_length_1169_cov_27.099472	50.2	1169	213	1.028169	1.45e-67	acc|GENBANK|XDR79794.1|GENBANK|PQ109088|hypothetical protein [Micromonas commoda virus]	Micromonas commoda virus	Blastx
SRR22534752	NODE_15047_length_840_cov_65.745973	53.8	840	574	0.362369	1.62e-67	acc|GENBANK|QBK92332.1|GENBANK|MK500574|translation initiation factor [Pithovirus LCPAC304]	Pithovirus LCPAC304	Blastx
SRR22534752	NODE_3392_length_849_cov_15.297794	51.8	849	299	0.638796	2.90e-67	acc|GENBANK|UOG94093.1|NEIGHBOR|OM876856|serine threonine-protein phosphatase [Aureococcus anophagefferens virus]	Aureococcus anophagefferens virus	Blastx
SRR22534752	NODE_11186_length_799_cov_50.126632	41.4	799	477	0.618449	3.31e-67	acc|GENBANK|AYV78014.1|GENBANK|MK072068|elongation factor 1 alpha long form [Edafosvirus sp.]	Edafosvirus sp.	Blastx
SRR22534752	NODE_27366_length_436_cov_3.709677	72.0	436	531	0.269303	5.35e-67	acc|GENBANK|QBK88836.1|GENBANK|MK500400|CTP synthetase [Mimivirus LCMiAC01]	Mimivirus LCMiAC01	Blastx
SRR22534752	NODE_11823_length_675_cov_28.345794	63.3	675	564	0.299645	5.50e-67	acc|GENBANK|AWA44801.1|GENBANK|MH182523|ATP-dependent 6-phosphofructokinase [Saccharum officinarum]	Saccharum officinarum	Blastx
SRR22534752	NODE_17858_length_2065_cov_20.864665	36.1	2065	586	0.651877	5.57e-67	acc|REFSEQ|YP_007676316.1|REFSEQ|NC_020864|ATP-dependent metalloprotease FtsH [Micromonas pusilla virus 12T]	Micromonas pusilla virus 12T	Blastx
SRR22534752	NODE_40389_length_594_cov_4.554367	53.3	594	489	0.402863	5.76e-67	acc|GENBANK|QFG74185.1|GENBANK|MN448282|hypothetical protein [Megaviridae environmental sample]	Megaviridae environmental sample	Blastx
SRR22534752	NODE_37443_length_540_cov_3.844181	61.7	540	623	0.280899	6.50e-67	acc|GENBANK|BAL14837.1|GENBANK|AB682995|endo-1,4-b-D-glucanase [Oryza sativa Japonica Group]	Oryza sativa Japonica Group	Blastx
SRR22534752	NODE_26136_length_478_cov_9.521348	69.5	478	631	0.244057	9.18e-67	acc|GENBANK|AWA44806.1|GENBANK|MH182523|hypothetical protein [Saccharum officinarum]	Saccharum officinarum	Blastx
SRR22534752	NODE_18747_length_592_cov_9.375671	57.7	592	542	0.361624	9.33e-67	acc|REFSEQ|YP_010781963.1|REFSEQ|NC_075039|topoisomerase 1b [Tupanvirus soda lake]	Tupanvirus soda lake	Blastx
SRR22534752	NODE_18391_length_878_cov_17.934911	76.2	878	318	0.449686	9.81e-67	acc|GENBANK|AAD44037.1|GENBANK|AF104020|polyprotein [Bovine viral diarrhea virus 2]	Bovine viral diarrhea virus 2	Blastx
SRR22534752	NODE_46237_length_918_cov_6.035028	47.0	918	271	0.926199	1.07e-66	acc|GENBANK|AUF82230.1|GENBANK|KY322437|E3 ubiquitin--protein ligase MIEL1-like protein [Tetraselmis virus 1]	Tetraselmis virus 1	Blastx
SRR22534752	NODE_8364_length_1904_cov_9.370925	33.9	1904	911	0.463227	1.09e-66	acc|GENBANK|ARF11708.1|GENBANK|KY684109|Zn-dependent peptidase [Klosneuvirus KNV1]	Klosneuvirus KNV1	Blastx
SRR22534752	NODE_46715_length_1498_cov_24.737201	45.7	1498	761	0.362681	1.33e-66	acc|GENBANK|QBK87503.1|GENBANK|MK500354|glutamyl-tRNA synthetase [Marseillevirus LCMAC201]	Marseillevirus LCMAC201	Blastx
SRR22534752	NODE_2827_length_1866_cov_22.541735	45.2	1866	925	0.315676	1.35e-66	acc|GENBANK|ABY48139.1|GENBANK|EU306659|NORK [Medicago truncatula]	Medicago truncatula	Blastx
SRR22534752	NODE_44068_length_1032_cov_10.117117	40.9	1032	482	0.578838	2.57e-66	acc|GENBANK|BBA54297.1|GENBANK|AB898755|gag : akt fusion protein [Feline leukemia virus]	Feline leukemia virus	Blastx
SRR22534752	NODE_3177_length_592_cov_8.681574	58.4	592	561	0.351159	2.77e-66	acc|GENBANK|ARF08721.1|GENBANK|KY684083|DNA topoisomerase IB [Catovirus CTV1]	Catovirus CTV1	Blastx
SRR22534752	NODE_5265_length_735_cov_38.069801	51.8	735	562	0.398577	3.02e-66	acc|GENBANK|QDY52375.1|GENBANK|MK250091|asparagine synthase [Mimiviridae sp. ChoanoV1]	Mimiviridae sp. ChoanoV1	Blastx
SRR22534752	NODE_8211_length_1258_cov_14.181224	42.9	1258	925	0.337297	4.15e-66	acc|GENBANK|ABY48139.1|GENBANK|EU306659|NORK [Medicago truncatula]	Medicago truncatula	Blastx
SRR22534752	NODE_18893_length_1410_cov_5.442992	41.9	1410	925	0.340541	4.94e-66	acc|GENBANK|ABY48139.1|GENBANK|EU306659|NORK [Medicago truncatula]	Medicago truncatula	Blastx
SRR22534752	NODE_2192_length_532_cov_3.262525	90.6	532	258	0.410853	5.33e-66	acc|GENBANK|WMV02893.1|GENBANK|OP630990|alpha-tubulin [Diderma spumarioides]	Diderma spumarioides	Blastx
SRR22534752	NODE_44064_length_775_cov_6.265499	44.8	775	482	0.514523	6.15e-66	acc|GENBANK|BBA54297.1|GENBANK|AB898755|gag : akt fusion protein [Feline leukemia virus]	Feline leukemia virus	Blastx
SRR22534752	NODE_46400_length_786_cov_13.172643	61.1	786	564	0.310284	8.11e-66	acc|GENBANK|AWA44801.1|GENBANK|MH182523|ATP-dependent 6-phosphofructokinase [Saccharum officinarum]	Saccharum officinarum	Blastx
SRR22534752	NODE_19526_length_1061_cov_11.855058	43.2	1061	726	0.376033	1.11e-65	acc|GENBANK|UMO78572.1|GENBANK|MZ420562|Serine/threonine protein kinase [Pandoravirus belohorizontensis]	Pandoravirus belohorizontensis	Blastx
SRR22534752	NODE_11282_length_1251_cov_20.232348	40.9	1251	331	0.827795	1.26e-65	acc|GENBANK|QDY52085.1|GENBANK|MK250087|hypothetical protein [Mimiviridae sp. ChoanoV1]	Mimiviridae sp. ChoanoV1	Blastx
SRR22534752	NODE_1935_length_844_cov_15.104809	58.4	844	212	0.816038	1.32e-65	acc|GENBANK|AYV82031.1|GENBANK|MK072334|Ras-like protein Rab-11A [Homavirus sp.]	Homavirus sp.	Blastx
SRR22534752	NODE_19257_length_762_cov_16.362140	51.2	762	232	0.900862	1.40e-65	acc|REFSEQ|YP_007003686.1|REFSEQ|NC_019491|thymidylate kinase [Cyprinid herpesvirus 1]	Cyprinid herpesvirus 1	Blastx
SRR22534752	NODE_45505_length_1333_cov_5.746923	42.3	1333	531	0.561205	1.51e-65	acc|GENBANK|QBK88836.1|GENBANK|MK500400|CTP synthetase [Mimivirus LCMiAC01]	Mimivirus LCMiAC01	Blastx
SRR22534752	NODE_2113_length_1468_cov_12.206969	38.7	1468	331	0.975831	1.63e-65	acc|GENBANK|QDY52085.1|GENBANK|MK250087|hypothetical protein [Mimiviridae sp. ChoanoV1]	Mimiviridae sp. ChoanoV1	Blastx
SRR22534752	NODE_1611_length_800_cov_44.203390	61.0	800	328	0.484756	1.72e-65	acc|GENBANK|ARF10725.1|GENBANK|KY684104|glutamine synthetase [Hokovirus HKV1]	Hokovirus HKV1	Blastx
SRR22534752	NODE_47251_length_1102_cov_10.681946	96.2	1102	105	1.000000	1.78e-65	acc|GENBANK|CAO82946.1|GENBANK|AM778053|putative pre-mRNA-splicing factor cwc-22 [Oryza sativa Japonica Group]	Oryza sativa Japonica Group	Blastx
SRR22534752	NODE_31872_length_940_cov_3.309813	43.1	940	925	0.323243	1.88e-65	acc|GENBANK|ABY48139.1|GENBANK|EU306659|NORK [Medicago truncatula]	Medicago truncatula	Blastx
SRR22534752	NODE_2536_length_951_cov_14.606754	41.8	951	371	0.773585	2.04e-65	acc|GENBANK|WNO13897.1|GENBANK|OQ968270|capsid protein [Berere partitivirus]	Berere partitivirus	Blastx
SRR22534752	NODE_11320_length_366_cov_29207.441441	89.4	366	108	0.962963	2.18e-65	acc|REFSEQ|YP_009116870.1|REFSEQ|NC_026248|triple gene block protein 2 [Yam latent virus]	Yam latent virus	Blastx
SRR22534752	NODE_2678_length_1314_cov_47.765027	44.3	1314	871	0.342135	2.83e-65	acc|GENBANK|ABT14089.1|GENBANK|DQ491001|hypothetical protein [Paramecium bursaria chlorella virus MT325]	Paramecium bursaria chlorella virus MT325	Blastx
SRR22534752	NODE_20108_length_1355_cov_9.785930	36.0	1355	355	1.008451	3.30e-65	acc|GENBANK|WRJ69891.1|GENBANK|OR001839|alpha-galactosidase [Oceanusvirus sp.]	Oceanusvirus sp.	Blastx
SRR22534752	NODE_4627_length_679_cov_20.600619	48.4	679	299	0.752508	4.04e-65	acc|GENBANK|ARF09764.1|GENBANK|KY684087|serine/threonine protein kinase [Indivirus ILV1]	Indivirus ILV1	Blastx
SRR22534752	NODE_42406_length_743_cov_8.564789	57.6	743	212	0.834906	4.68e-65	acc|GENBANK|AYV82031.1|GENBANK|MK072334|Ras-like protein Rab-11A [Homavirus sp.]	Homavirus sp.	Blastx
SRR22534752	NODE_4846_length_624_cov_77.289340	53.1	624	819	0.255189	7.43e-65	acc|GENBANK|QKF94107.1|GENBANK|MT418680|eukaryotic translation elongation factor 2 [Fadolivirus FV1/VV64]	Fadolivirus FV1/VV64	Blastx
SRR22534752	NODE_15804_length_1199_cov_30.809605	33.2	1199	590	0.750847	7.91e-65	acc|GENBANK|AYV86827.1|GENBANK|MK072516|CMGC/MAPK protein kinase [Sylvanvirus sp.]	Sylvanvirus sp.	Blastx
SRR22534752	NODE_43993_length_1130_cov_19.404740	39.1	1130	660	0.519697	1.08e-64	acc|REFSEQ|YP_001425742.1|REFSEQ|NC_008603|hypothetical protein [Paramecium bursaria Chlorella virus FR483]	Paramecium bursaria Chlorella virus FR483	Blastx
SRR22534752	NODE_22543_length_464_cov_55.192575	63.0	464	361	0.426593	1.26e-64	acc|GENBANK|AGE50332.1|GENBANK|JX997158|agmatine deiminase [Acanthocystis turfacea Chlorella virus Canal-1]	Acanthocystis turfacea Chlorella virus Canal-1	Blastx
SRR22534752	NODE_8997_length_1316_cov_13.340608	35.2	1316	459	0.884532	2.63e-64	acc|GENBANK|BBI30359.1|GENBANK|AP018495|beta-galactosidase [Acanthamoeba castellanii medusavirus J1]	Acanthamoeba castellanii medusavirus J1	Blastx
SRR22534752	NODE_15707_length_434_cov_4.463840	68.6	434	236	0.580508	2.81e-64	acc|GENBANK|UKS51800.1|GENBANK|OK336705|laccase [Allium cepa]	Allium cepa	Blastx
SRR22534752	NODE_18349_length_710_cov_25.562777	56.0	710	206	0.927184	4.25e-64	acc|GENBANK|AYV76278.1|GENBANK|MK071983|hypothetical protein [Terrestrivirus sp.]	Terrestrivirus sp.	Blastx
SRR22534752	NODE_351_length_1552_cov_16.263989	33.2	1552	590	0.740678	5.27e-64	acc|GENBANK|AYV86827.1|GENBANK|MK072516|CMGC/MAPK protein kinase [Sylvanvirus sp.]	Sylvanvirus sp.	Blastx
SRR22534752	NODE_36758_length_948_cov_8.500546	40.1	948	870	0.358621	5.96e-64	acc|GENBANK|AGE58933.1|GENBANK|JX997183|calcium-transporting ATPase, plasma [Paramecium bursaria Chlorella virus NYs1]	Paramecium bursaria Chlorella virus NYs1	Blastx
SRR22534752	NODE_45749_length_2845_cov_5.373755	38.1	2845	953	0.410283	6.04e-64	acc|GENBANK|ACB28472.1|GENBANK|EU522675|polyprotein [Ananas comosus]	Ananas comosus	Blastx
SRR22534752	NODE_17877_length_1179_cov_12.543630	43.4	1179	925	0.309189	6.33e-64	acc|GENBANK|ABY48139.1|GENBANK|EU306659|NORK [Medicago truncatula]	Medicago truncatula	Blastx
SRR22534752	NODE_12123_length_784_cov_16.946738	54.5	784	182	1.049451	6.66e-64	acc|REFSEQ|YP_009163818.1|REFSEQ|NC_027778|ORF_057R [Scale drop disease virus]	Scale drop disease virus	Blastx
SRR22534752	NODE_46982_length_480_cov_14.304251	90.8	480	213	0.563380	7.28e-64	acc|GENBANK|AAK76585.1|GENBANK|AY045911|putative copia retroelement pol polyprotein [Arabidopsis thaliana]	Arabidopsis thaliana	Blastx
SRR22534752	NODE_4752_length_1213_cov_17.354237	39.7	1213	417	0.736211	7.31e-64	acc|GENBANK|QBK89261.1|GENBANK|MK500411|DEAD/SNF2-like helicase [Mimivirus LCMiAC02]	Mimivirus LCMiAC02	Blastx
SRR22534752	NODE_3555_length_718_cov_61.576642	62.6	718	148	0.993243	8.28e-64	acc|GENBANK|QBK87822.1|GENBANK|MK500370|ubiquitin-conjugating enzyme E2 [Marseillevirus LCMAC202]	Marseillevirus LCMAC202	Blastx
SRR22534752	NODE_2269_length_650_cov_58.251216	62.0	650	206	0.791262	8.36e-64	acc|GENBANK|AYV76278.1|GENBANK|MK071983|hypothetical protein [Terrestrivirus sp.]	Terrestrivirus sp.	Blastx
SRR22534752	NODE_11515_length_675_cov_129.481308	55.9	675	638	0.330721	1.03e-63	acc|REFSEQ|YP_004894551.1|REFSEQ|NC_016072|heat shock 70 kDa protein-like protein [Megavirus chiliensis]	Megavirus chiliensis	Blastx
SRR22534752	NODE_1153_length_1205_cov_14.011945	43.6	1205	925	0.322162	1.11e-63	acc|GENBANK|ABY48139.1|GENBANK|EU306659|NORK [Medicago truncatula]	Medicago truncatula	Blastx
SRR22534752	NODE_36926_length_868_cov_5.329341	57.1	868	206	0.927184	1.31e-63	acc|GENBANK|AYV76278.1|GENBANK|MK071983|hypothetical protein [Terrestrivirus sp.]	Terrestrivirus sp.	Blastx
SRR22534752	NODE_35846_length_346_cov_2.424920	77.2	346	496	0.229839	1.50e-63	acc|GENBANK|ACN78958.1|GENBANK|FJ225394|dehydration responsive protein [Glycine max]	Glycine max	Blastx
SRR22534752	NODE_20685_length_1121_cov_4.573529	39.7	1121	925	0.329730	1.72e-63	acc|GENBANK|ABY48139.1|GENBANK|EU306659|NORK [Medicago truncatula]	Medicago truncatula	Blastx
SRR22534752	NODE_10637_length_1547_cov_8.603699	32.8	1547	567	0.843034	2.29e-63	acc|GENBANK|QYA18790.1|GENBANK|MZ420154|RuvB-like chromatin remodeling ATPase [Clandestinovirus]	Clandestinovirus	Blastx
SRR22534752	NODE_5796_length_1569_cov_10.649740	35.9	1569	458	0.796943	2.37e-63	acc|REFSEQ|YP_009448811.1|REFSEQ|NC_036594|Serine-tRNA synthetase, type1 [Orpheovirus IHUMI-LCC2]	Orpheovirus IHUMI-LCC2	Blastx
SRR22534752	NODE_35785_length_856_cov_5.106926	58.1	856	384	0.484375	2.49e-63	acc|GENBANK|XCW87055.1|GENBANK|PQ010612|eukaryotic peptide chain release factor subunit [Marseillevirus sp. 'xiwanvirus']	Marseillevirus sp. 'xiwanvirus'	Blastx
SRR22534752	NODE_3255_length_844_cov_25.692972	53.9	844	182	1.049451	2.64e-63	acc|REFSEQ|YP_009163818.1|REFSEQ|NC_027778|ORF_057R [Scale drop disease virus]	Scale drop disease virus	Blastx
SRR22534752	NODE_4389_length_764_cov_18.714090	81.1	764	601	0.219634	2.90e-63	acc|GENBANK|AAB62581.1|GENBANK|U68072|3-hydroxy-3-methylglutaryl CoA reductase 2 [Solanum lycopersicum]	Solanum lycopersicum	Blastx
SRR22534752	NODE_4864_length_516_cov_3.478261	59.6	516	706	0.242210	3.18e-63	acc|GENBANK|WGU26822.1|GENBANK|OQ503488|OPT oligopeptide transporter protein [Triticum monococcum]	Triticum monococcum	Blastx
SRR22534752	NODE_11342_length_1085_cov_82.778517	48.9	1085	371	0.606469	3.60e-63	acc|GENBANK|WNO13897.1|GENBANK|OQ968270|capsid protein [Berere partitivirus]	Berere partitivirus	Blastx
SRR22534752	NODE_4537_length_1663_cov_28.687117	47.2	1663	371	0.663073	3.77e-63	acc|GENBANK|WNO13897.1|GENBANK|OQ968270|capsid protein [Berere partitivirus]	Berere partitivirus	Blastx
SRR22534752	NODE_4767_length_361_cov_2.228659	75.0	361	337	0.356083	4.28e-63	acc|GENBANK|ADQ57889.1|NEIGHBOR|HQ404500|ORF70 protein [Human gammaherpesvirus 8]	Human gammaherpesvirus 8	Blastx
SRR22534752	NODE_44508_length_1895_cov_9.102578	36.2	1895	870	0.511494	1.72e-62	acc|GENBANK|AGE48886.1|GENBANK|JX997154|calcium-transporting ATPase, plasma [Paramecium bursaria Chlorella virus AP110A]	Paramecium bursaria Chlorella virus AP110A	Blastx
SRR22534752	NODE_16022_length_1227_cov_4.307370	36.5	1227	925	0.435676	1.84e-62	acc|GENBANK|ABY48139.1|GENBANK|EU306659|NORK [Medicago truncatula]	Medicago truncatula	Blastx
SRR22534752	NODE_12259_length_535_cov_32.394422	54.8	535	296	0.567568	1.85e-62	acc|GENBANK|AGE57891.1|GENBANK|JX997181|N-carbamoylputrescine amidase [Paramecium bursaria Chlorella virus NW665.2]	Paramecium bursaria Chlorella virus NW665.2	Blastx
SRR22534752	NODE_43052_length_632_cov_3.664441	59.5	632	379	0.430079	1.94e-62	acc|GENBANK|ADB85364.1|GENBANK|GQ252868|putative alcohol dehydrogenase 2 [Phyllostachys edulis]	Phyllostachys edulis	Blastx
SRR22534752	NODE_40334_length_433_cov_5.185000	70.1	433	363	0.377410	2.29e-62	acc|REFSEQ|YP_009483119.1|REFSEQ|NC_037667|Ribonucleoside-diphosphate reductase small [Pandoravirus quercus]	Pandoravirus quercus	Blastx
SRR22534752	NODE_4456_length_1003_cov_19.761856	58.0	1003	634	0.315457	2.85e-62	acc|GENBANK|AAV50662.1|NEIGHBOR|AY653733|HSP70 [Acanthamoeba polyphaga mimivirus]	Acanthamoeba polyphaga mimivirus	Blastx
SRR22534752	NODE_3647_length_581_cov_19.547445	53.4	581	182	1.038462	3.13e-62	acc|REFSEQ|YP_009163818.1|REFSEQ|NC_027778|ORF_057R [Scale drop disease virus]	Scale drop disease virus	Blastx
SRR22534752	NODE_18010_length_1287_cov_9.055821	36.1	1287	447	0.700224	3.45e-62	acc|REFSEQ|NP_077596.1|REFSEQ|NC_002687|serine-threonine kinase [Ectocarpus siliculosus virus 1]	Ectocarpus siliculosus virus 1	Blastx
SRR22534752	NODE_42321_length_1001_cov_12.709711	44.8	1001	269	0.970260	5.51e-62	acc|GENBANK|ACG35536.1|GENBANK|EU963418|retrotransposon protein [Zea mays]	Zea mays	Blastx
SRR22534752	NODE_8546_length_1419_cov_23.014430	43.5	1419	543	0.664825	1.38e-61	acc|GENBANK|ADB85407.1|GENBANK|GQ252886|putative protein kinase [Phyllostachys edulis]	Phyllostachys edulis	Blastx
SRR22534752	NODE_18838_length_1056_cov_8.358749	37.4	1056	660	0.530303	1.54e-61	acc|REFSEQ|YP_001425742.1|REFSEQ|NC_008603|hypothetical protein [Paramecium bursaria Chlorella virus FR483]	Paramecium bursaria Chlorella virus FR483	Blastx
SRR22534752	NODE_9490_length_1921_cov_30.259534	31.6	1921	854	0.723653	1.60e-61	acc|GENBANK|UMZ08269.1|GENBANK|OL770070|Topoisomerase I [Acanthamoeba polyphaga mimivirus]	Acanthamoeba polyphaga mimivirus	Blastx
SRR22534752	NODE_44459_length_1047_cov_7.086785	39.4	1047	324	1.033951	3.24e-61	acc|REFSEQ|NP_077672.1|REFSEQ|NC_002687|EsV-1-187 [Ectocarpus siliculosus virus 1]	Ectocarpus siliculosus virus 1	Blastx
SRR22534752	NODE_45932_length_1157_cov_13.271352	38.6	1157	299	0.866221	3.25e-61	acc|GENBANK|UOG94093.1|NEIGHBOR|OM876856|serine threonine-protein phosphatase [Aureococcus anophagefferens virus]	Aureococcus anophagefferens virus	Blastx
SRR22534752	NODE_5824_length_1502_cov_22.023145	36.8	1502	258	1.000000	3.62e-61	acc|GENBANK|WMV02893.1|GENBANK|OP630990|alpha-tubulin [Diderma spumarioides]	Diderma spumarioides	Blastx
SRR22534752	NODE_42298_length_1022_cov_8.032356	40.0	1022	925	0.308108	3.80e-61	acc|GENBANK|ABY48139.1|GENBANK|EU306659|NORK [Medicago truncatula]	Medicago truncatula	Blastx
SRR22534752	NODE_18510_length_926_cov_12.847704	36.1	926	447	0.700224	4.13e-61	acc|REFSEQ|NP_077596.1|REFSEQ|NC_002687|serine-threonine kinase [Ectocarpus siliculosus virus 1]	Ectocarpus siliculosus virus 1	Blastx
SRR22534752	NODE_9507_length_1834_cov_14.313159	30.3	1834	499	0.931864	4.78e-61	acc|GENBANK|CCQ71356.1|GENBANK|HF586477|hypothetical E3 ubiquitin-protein ligase ARI [Cotesia congregata]	Cotesia congregata	Blastx
SRR22534752	NODE_16310_length_1764_cov_15.011554	35.0	1764	405	0.888889	5.78e-61	acc|GENBANK|WGU26824.1|GENBANK|OQ503488|eukaryotic initiation factor 4A-III B-like [Triticum monococcum]	Triticum monococcum	Blastx
SRR22534752	NODE_14347_length_1137_cov_18.299819	39.3	1137	678	0.551622	6.60e-61	acc|GENBANK|CCQ71325.1|GENBANK|HF586476|hypothetical kinesin-like protein KIF3 [Cotesia congregata]	Cotesia congregata	Blastx
SRR22534752	NODE_2824_length_1250_cov_21.616270	66.2	1250	148	0.918919	8.37e-61	acc|GENBANK|QBK87822.1|GENBANK|MK500370|ubiquitin-conjugating enzyme E2 [Marseillevirus LCMAC202]	Marseillevirus LCMAC202	Blastx
SRR22534752	NODE_37346_length_410_cov_8.188329	69.9	410	531	0.256121	1.25e-60	acc|GENBANK|QBK88836.1|GENBANK|MK500400|CTP synthetase [Mimivirus LCMiAC01]	Mimivirus LCMiAC01	Blastx
SRR22534752	NODE_11187_length_645_cov_117.477124	51.4	645	200	0.925000	1.44e-60	acc|GENBANK|AFX92774.1|GENBANK|JX975216|putative glutamine synthetase [Megavirus courdo11]	Megavirus courdo11	Blastx
SRR22534752	NODE_20201_length_1049_cov_6.569882	40.7	1049	925	0.326486	1.82e-60	acc|GENBANK|ABY48139.1|GENBANK|EU306659|NORK [Medicago truncatula]	Medicago truncatula	Blastx
SRR22534752	NODE_45509_length_1344_cov_10.109077	36.2	1344	643	0.696734	1.88e-60	acc|GENBANK|WZO87694.1|GENBANK|PP681895|ATPase [Chlorovirus sp.]	Chlorovirus sp.	Blastx
SRR22534752	NODE_7778_length_866_cov_51.271309	47.6	866	276	0.836957	2.03e-60	acc|GENBANK|ACG38448.1|GENBANK|EU966330|retrotransposon protein Ty1-copia subclass [Zea mays]	Zea mays	Blastx
SRR22534752	NODE_7103_length_767_cov_13.010899	44.4	767	1201	0.202331	2.15e-60	acc|GENBANK|QDY52415.1|GENBANK|MK250092|RNA polymerase Rpb2, domain 6 [Mimiviridae sp. ChoanoV1]	Mimiviridae sp. ChoanoV1	Blastx
SRR22534752	NODE_39914_length_880_cov_4.546635	63.1	880	364	0.431319	2.61e-60	acc|GENBANK|ADB85405.1|GENBANK|GQ252886|putative protein kinase [Phyllostachys edulis]	Phyllostachys edulis	Blastx
SRR22534752	NODE_11343_length_1006_cov_9.286742	40.8	1006	356	0.750000	2.87e-60	acc|GENBANK|AUF82658.1|GENBANK|KY322437|histidine decarboxylase [Tetraselmis virus 1]	Tetraselmis virus 1	Blastx
SRR22534752	NODE_1708_length_1590_cov_41.793834	36.8	1590	405	0.859259	3.27e-60	acc|GENBANK|WGU26824.1|GENBANK|OQ503488|eukaryotic initiation factor 4A-III B-like [Triticum monococcum]	Triticum monococcum	Blastx
SRR22534752	NODE_40901_length_926_cov_10.818589	47.4	926	285	0.747368	7.19e-60	acc|GENBANK|QKF94680.1|GENBANK|MT418680|phytanoyl-CoA dioxygenase [Fadolivirus FV1/VV64]	Fadolivirus FV1/VV64	Blastx
SRR22534752	NODE_3582_length_755_cov_12.472299	43.4	755	925	0.271351	8.60e-60	acc|GENBANK|ABY48139.1|GENBANK|EU306659|NORK [Medicago truncatula]	Medicago truncatula	Blastx
SRR22534752	NODE_18567_length_483_cov_20.320000	79.3	483	112	0.991071	1.24e-59	acc|GENBANK|QDH87640.1|GENBANK|MN033519|hypothetical protein [Mitovirus sp.]	Mitovirus sp.	Blastx
SRR22534752	NODE_35959_length_486_cov_4.604857	68.1	486	759	0.185771	1.26e-59	acc|GENBANK|ACN78962.1|GENBANK|FJ225394|methyltransferase [Glycine max]	Glycine max	Blastx
SRR22534752	NODE_22444_length_877_cov_172.178910	38.4	877	337	0.896142	1.35e-59	acc|REFSEQ|NP_818699.1|REFSEQ|NC_004690|cathepsin [Adoxophyes honmai nucleopolyhedrovirus]	Adoxophyes honmai nucleopolyhedrovirus	Blastx
SRR22534752	NODE_1607_length_1220_cov_19.703454	37.2	1220	459	0.697168	1.52e-59	acc|GENBANK|BBI30359.1|GENBANK|AP018495|beta-galactosidase [Acanthamoeba castellanii medusavirus J1]	Acanthamoeba castellanii medusavirus J1	Blastx
SRR22534752	NODE_18114_length_636_cov_7.504146	69.8	636	392	0.354592	2.06e-59	acc|GENBANK|QBK87012.1|GENBANK|MK500340|peptide chain release factor 1 [Marseillevirus LCMAC103]	Marseillevirus LCMAC103	Blastx
SRR22534752	NODE_13344_length_1060_cov_21.968841	50.4	1060	925	0.248649	2.67e-59	acc|GENBANK|ABY48139.1|GENBANK|EU306659|NORK [Medicago truncatula]	Medicago truncatula	Blastx
SRR22534752	NODE_45904_length_1068_cov_8.268599	57.3	1068	191	0.895288	2.75e-59	acc|GENBANK|AAK16153.1|GENBANK|AF326577|anthocyanin regulatory B protein [Zea mays]	Zea mays	Blastx
SRR22534752	NODE_239_length_1406_cov_11.809177	36.8	1406	447	0.675615	3.07e-59	acc|REFSEQ|NP_077596.1|REFSEQ|NC_002687|serine-threonine kinase [Ectocarpus siliculosus virus 1]	Ectocarpus siliculosus virus 1	Blastx
SRR22534752	NODE_2195_length_657_cov_83.668269	62.8	657	265	0.618868	3.52e-59	acc|GENBANK|AAG09811.1|GENBANK|AF275345|MADS-box transcription factor JOINTLESS [Solanum lycopersicum]	Solanum lycopersicum	Blastx
SRR22534752	NODE_2731_length_2171_cov_16.001403	33.9	2171	405	0.955556	3.62e-59	acc|GENBANK|WGU26824.1|GENBANK|OQ503488|eukaryotic initiation factor 4A-III B-like [Triticum monococcum]	Triticum monococcum	Blastx
SRR22534752	NODE_9807_length_1017_cov_14.877033	41.1	1017	327	0.877676	4.52e-59	acc|GENBANK|QFG73901.1|GENBANK|MN448274|papain family cysteine protease [Megaviridae environmental sample]	Megaviridae environmental sample	Blastx
SRR22534752	NODE_1788_length_1071_cov_7.025048	44.8	1071	306	0.781046	6.03e-59	acc|GENBANK|UOX39083.1|GENBANK|OM869482|bifunctional phosphopantothenoylcysteine [Finch poxvirus]	Finch poxvirus	Blastx
SRR22534752	NODE_8895_length_1265_cov_6.873377	41.8	1265	925	0.310270	7.66e-59	acc|GENBANK|ABY48139.1|GENBANK|EU306659|NORK [Medicago truncatula]	Medicago truncatula	Blastx
SRR22534752	NODE_7977_length_564_cov_50.395480	88.1	564	213	0.553991	1.51e-58	acc|GENBANK|AAK76585.1|GENBANK|AY045911|putative copia retroelement pol polyprotein [Arabidopsis thaliana]	Arabidopsis thaliana	Blastx
SRR22534752	NODE_9563_length_517_cov_78.557851	64.7	517	214	0.649533	1.72e-58	acc|GENBANK|UZE89726.1|GENBANK|ON704650|hypothetical protein [Parapoynx stagnalis nucleopolyhedrovirus]	Parapoynx stagnalis nucleopolyhedrovirus	Blastx
SRR22534752	NODE_687_length_1510_cov_15.534868	31.6	1510	403	0.935484	1.83e-58	acc|GENBANK|AYV82314.1|GENBANK|MK072360|translation initiation factor 4A-III [Homavirus sp.]	Homavirus sp.	Blastx
SRR22534752	NODE_7790_length_717_cov_122.646199	59.2	717	150	0.980000	2.54e-58	acc|GENBANK|AYV82350.1|GENBANK|MK072366|hypothetical protein [Homavirus sp.]	Homavirus sp.	Blastx
SRR22534752	NODE_47333_length_1117_cov_12.136531	35.6	1117	496	0.645161	2.78e-58	acc|GENBANK|QKF94126.1|GENBANK|MT418680|glutamyl-tRNA synthetase [Fadolivirus FV1/VV64]	Fadolivirus FV1/VV64	Blastx
SRR22534752	NODE_31327_length_466_cov_9.436490	60.9	466	564	0.285461	2.94e-58	acc|GENBANK|AWA44801.1|GENBANK|MH182523|ATP-dependent 6-phosphofructokinase [Saccharum officinarum]	Saccharum officinarum	Blastx
SRR22534752	NODE_4882_length_696_cov_375.374057	65.9	696	175	0.737143	3.14e-58	acc|GENBANK|ARF09402.1|GENBANK|KY684085|ubiquitin-conjugating enzyme E2 [Indivirus ILV1]	Indivirus ILV1	Blastx
SRR22534752	NODE_8220_length_607_cov_28.493031	45.1	607	271	0.719557	3.66e-58	acc|GENBANK|AUF82230.1|GENBANK|KY322437|E3 ubiquitin--protein ligase MIEL1-like protein [Tetraselmis virus 1]	Tetraselmis virus 1	Blastx
SRR22534752	NODE_20085_length_1541_cov_10.348806	30.8	1541	748	0.697861	4.97e-58	acc|GENBANK|QBK91908.1|GENBANK|MK500566|ATP-dependent DNA ligase [Pithovirus LCPAC304]	Pithovirus LCPAC304	Blastx
SRR22534752	NODE_2784_length_1253_cov_13.795082	42.5	1253	1573	0.164654	6.03e-58	acc|REFSEQ|YP_007354741.1|REFSEQ|NC_020104|serine-threonine kinase [Acanthamoeba polyphaga moumouvirus]	Acanthamoeba polyphaga moumouvirus	Blastx
SRR22534752	NODE_3979_length_1070_cov_46.775313	34.9	1070	447	0.704698	6.07e-58	acc|REFSEQ|NP_077596.1|REFSEQ|NC_002687|serine-threonine kinase [Ectocarpus siliculosus virus 1]	Ectocarpus siliculosus virus 1	Blastx
SRR22534752	NODE_638_length_1780_cov_9.691471	42.6	1780	925	0.327568	8.11e-58	acc|GENBANK|ABY48139.1|GENBANK|EU306659|NORK [Medicago truncatula]	Medicago truncatula	Blastx
SRR22534752	NODE_25437_length_946_cov_4.692223	56.8	946	399	0.388471	8.13e-58	acc|GENBANK|AYV76711.1|GENBANK|MK071990|hypothetical protein [Terrestrivirus sp.]	Terrestrivirus sp.	Blastx
SRR22534752	NODE_18886_length_556_cov_32.307839	75.0	556	686	0.174927	8.85e-58	acc|GENBANK|WNO13952.1|GENBANK|OQ968299|coat protein [Guapo partitivirus]	Guapo partitivirus	Blastx
SRR22534752	NODE_19152_length_1160_cov_21.236912	42.2	1160	925	0.304865	9.27e-58	acc|GENBANK|ABY48139.1|GENBANK|EU306659|NORK [Medicago truncatula]	Medicago truncatula	Blastx
SRR22534752	NODE_27571_length_717_cov_3.570175	45.8	717	388	0.518041	1.08e-57	acc|GENBANK|AAU93529.1|GENBANK|AY691949|alcohol dehydrogenase 1 [Zea mays]	Zea mays	Blastx
SRR22534752	NODE_14639_length_1017_cov_6.903455	68.3	1017	382	0.321990	1.11e-57	acc|GENBANK|AAB31930.2|GENBANK|S74099|v-myb product [Avian myeloblastosis virus]	Avian myeloblastosis virus	Blastx
SRR22534752	NODE_8829_length_727_cov_9.181556	37.4	727	447	0.604027	1.79e-57	acc|REFSEQ|NP_077596.1|REFSEQ|NC_002687|serine-threonine kinase [Ectocarpus siliculosus virus 1]	Ectocarpus siliculosus virus 1	Blastx
SRR22534752	NODE_1009_length_2080_cov_26.066927	32.0	2080	733	0.698499	2.40e-57	acc|GENBANK|CCQ71393.1|GENBANK|HF586480|hypothetical cysteinyl-tRNA synthetase CARS [Cotesia congregata]	Cotesia congregata	Blastx
SRR22534752	NODE_773_length_582_cov_7.482696	57.8	582	328	0.448171	2.77e-57	acc|GENBANK|ARF10725.1|GENBANK|KY684104|glutamine synthetase [Hokovirus HKV1]	Hokovirus HKV1	Blastx
SRR22534752	NODE_9260_length_1219_cov_18.716695	48.5	1219	197	0.984772	3.05e-57	acc|REFSEQ|YP_009449015.1|REFSEQ|NC_036594|GTP ras-related protein Rac1 [Orpheovirus IHUMI-LCC2]	Orpheovirus IHUMI-LCC2	Blastx
SRR22534752	NODE_14909_length_611_cov_6.337370	47.6	611	1656	0.115338	3.91e-57	acc|GENBANK|ALR84495.1|GENBANK|KT599914|putative serine/threonine-protein kinase [Niemeyer virus]	Niemeyer virus	Blastx
SRR22534752	NODE_8131_length_464_cov_36.737819	59.1	464	361	0.426593	4.14e-57	acc|GENBANK|AGE50332.1|GENBANK|JX997158|agmatine deiminase [Acanthocystis turfacea Chlorella virus Canal-1]	Acanthocystis turfacea Chlorella virus Canal-1	Blastx
SRR22534752	NODE_11046_length_835_cov_19.408978	49.5	835	197	0.984772	4.25e-57	acc|REFSEQ|YP_009449015.1|REFSEQ|NC_036594|GTP ras-related protein Rac1 [Orpheovirus IHUMI-LCC2]	Orpheovirus IHUMI-LCC2	Blastx
SRR22534752	NODE_2787_length_1015_cov_79.491853	59.2	1015	150	0.980000	6.15e-57	acc|GENBANK|AYV82350.1|GENBANK|MK072366|hypothetical protein [Homavirus sp.]	Homavirus sp.	Blastx
SRR22534752	NODE_40758_length_331_cov_8.567114	89.3	331	258	0.399225	7.54e-57	acc|GENBANK|WMV02893.1|GENBANK|OP630990|alpha-tubulin [Diderma spumarioides]	Diderma spumarioides	Blastx
SRR22534752	NODE_16369_length_531_cov_32.831325	50.3	531	759	0.235837	8.36e-57	acc|GENBANK|ACN78962.1|GENBANK|FJ225394|methyltransferase [Glycine max]	Glycine max	Blastx
SRR22534752	NODE_43738_length_1107_cov_5.971136	49.8	1107	925	0.236757	9.79e-57	acc|GENBANK|ABY48139.1|GENBANK|EU306659|NORK [Medicago truncatula]	Medicago truncatula	Blastx
SRR22534752	NODE_4976_length_2082_cov_31.381162	29.8	2082	499	0.901804	1.14e-56	acc|GENBANK|CCQ71356.1|GENBANK|HF586477|hypothetical E3 ubiquitin-protein ligase ARI [Cotesia congregata]	Cotesia congregata	Blastx
SRR22534752	NODE_31171_length_396_cov_2.887052	67.1	396	706	0.215297	1.52e-56	acc|GENBANK|WGU26822.1|GENBANK|OQ503488|OPT oligopeptide transporter protein [Triticum monococcum]	Triticum monococcum	Blastx
SRR22534752	NODE_17606_length_715_cov_31.329912	45.2	715	832	0.276442	1.61e-56	acc|GENBANK|BAD00047.1|GENBANK|AB119282|Fusion protein, Feo [Hepacivirus hominis]	Hepacivirus hominis	Blastx
SRR22534752	NODE_18622_length_852_cov_3.031746	52.2	852	323	0.563467	2.75e-56	acc|GENBANK|WZO84664.1|GENBANK|PP681887|aspartate carbamoyltransferase [Chlorovirus sp.]	Chlorovirus sp.	Blastx
SRR22534752	NODE_18317_length_1156_cov_3.549421	40.3	1156	925	0.324324	2.96e-56	acc|GENBANK|ABY48139.1|GENBANK|EU306659|NORK [Medicago truncatula]	Medicago truncatula	Blastx
SRR22534752	NODE_39884_length_883_cov_6.148235	45.0	883	678	0.412979	3.66e-56	acc|GENBANK|CCQ71325.1|GENBANK|HF586476|hypothetical kinesin-like protein KIF3 [Cotesia congregata]	Cotesia congregata	Blastx
SRR22534752	NODE_10722_length_840_cov_31.190830	49.5	840	358	0.530726	4.39e-56	acc|REFSEQ|YP_010780072.1|REFSEQ|NC_075038|hypothetical protein [Tupanvirus deep ocean]	Tupanvirus deep ocean	Blastx
SRR22534752	NODE_11385_length_1574_cov_38.084361	40.6	1574	604	0.473510	4.66e-56	acc|REFSEQ|YP_008052571.1|REFSEQ|NC_021312|ATP-dependent zinc metalloprotease [Phaeocystis globosa virus]	Phaeocystis globosa virus	Blastx
SRR22534752	NODE_18529_length_1940_cov_17.714211	40.8	1940	1721	0.160953	4.77e-56	acc|REFSEQ|YP_008437707.2|REFSEQ|NC_022098|serine-threonine kinase [Pandoravirus salinus]	Pandoravirus salinus	Blastx
SRR22534752	NODE_15400_length_589_cov_5.528777	68.8	589	214	0.584112	5.55e-56	acc|GENBANK|UZE89726.1|GENBANK|ON704650|hypothetical protein [Parapoynx stagnalis nucleopolyhedrovirus]	Parapoynx stagnalis nucleopolyhedrovirus	Blastx
SRR22534752	NODE_4834_length_796_cov_6.475754	42.8	796	925	0.292973	5.73e-56	acc|GENBANK|ABY48139.1|GENBANK|EU306659|NORK [Medicago truncatula]	Medicago truncatula	Blastx
SRR22534752	NODE_10752_length_1355_cov_13.612708	31.8	1355	499	0.755511	7.53e-56	acc|GENBANK|CCQ71356.1|GENBANK|HF586477|hypothetical E3 ubiquitin-protein ligase ARI [Cotesia congregata]	Cotesia congregata	Blastx
SRR22534752	NODE_43605_length_738_cov_17.882270	49.7	738	333	0.549550	8.03e-56	acc|REFSEQ|YP_010780954.1|REFSEQ|NC_075038|UDP-glucose 4-epimerase GalE [Tupanvirus deep ocean]	Tupanvirus deep ocean	Blastx
SRR22534752	NODE_13342_length_1338_cov_5.108046	30.2	1338	544	0.803309	8.58e-56	acc|REFSEQ|YP_009119837.1|REFSEQ|NC_026440|beta glucosidase [Pandoravirus inopinatum]	Pandoravirus inopinatum	Blastx
SRR22534752	NODE_31287_length_695_cov_4.315710	49.0	695	925	0.227027	8.61e-56	acc|GENBANK|ABY48139.1|GENBANK|EU306659|NORK [Medicago truncatula]	Medicago truncatula	Blastx
SRR22534752	NODE_28691_length_585_cov_5.871377	57.5	585	254	0.629921	8.96e-56	acc|GENBANK|AXN90995.1|GENBANK|MG745874|putative uracil-DNA glycosylase [Namao virus]	Namao virus	Blastx
SRR22534752	NODE_4795_length_465_cov_10.601852	57.4	465	759	0.204216	9.52e-56	acc|GENBANK|ACN78962.1|GENBANK|FJ225394|methyltransferase [Glycine max]	Glycine max	Blastx
SRR22534752	NODE_44704_length_737_cov_7.345170	48.2	737	925	0.242162	1.03e-55	acc|GENBANK|ABY48139.1|GENBANK|EU306659|NORK [Medicago truncatula]	Medicago truncatula	Blastx
SRR22534752	NODE_1189_length_2283_cov_33.856444	38.1	2283	482	0.647303	1.05e-55	acc|GENBANK|BBA54297.1|GENBANK|AB898755|gag : akt fusion protein [Feline leukemia virus]	Feline leukemia virus	Blastx
SRR22534752	NODE_3487_length_569_cov_14.070896	51.1	569	321	0.591900	1.21e-55	acc|GENBANK|AYV82329.1|GENBANK|MK072362|fructose-1,6-bisphosphatase, cytosolic-like [Homavirus sp.]	Homavirus sp.	Blastx
SRR22534752	NODE_26576_length_737_cov_6.014205	44.4	737	925	0.270270	1.41e-55	acc|GENBANK|ABY48139.1|GENBANK|EU306659|NORK [Medicago truncatula]	Medicago truncatula	Blastx
SRR22534752	NODE_8319_length_1422_cov_32.407487	42.0	1422	674	0.381306	1.64e-55	acc|GENBANK|UZT28900.1|GENBANK|OP765507|ATP-dependent zinc metalloprotease [Nucleocytoviricota sp.]	Nucleocytoviricota sp.	Blastx
SRR22534752	NODE_44171_length_870_cov_10.183990	38.1	870	660	0.433333	1.81e-55	acc|REFSEQ|YP_001425742.1|REFSEQ|NC_008603|hypothetical protein [Paramecium bursaria Chlorella virus FR483]	Paramecium bursaria Chlorella virus FR483	Blastx
SRR22534752	NODE_40860_length_761_cov_5.635989	45.7	761	925	0.276757	1.86e-55	acc|GENBANK|ABY48139.1|GENBANK|EU306659|NORK [Medicago truncatula]	Medicago truncatula	Blastx
SRR22534752	NODE_40564_length_929_cov_4.468750	39.2	929	356	0.752809	2.10e-55	acc|GENBANK|AUF82658.1|GENBANK|KY322437|histidine decarboxylase [Tetraselmis virus 1]	Tetraselmis virus 1	Blastx
SRR22534752	NODE_8528_length_951_cov_23.371460	75.0	951	129	0.961240	2.13e-55	acc|GENBANK|AKE34115.1|GENBANK|KR068481|alpha karyopherin [Okra enation leaf curl virus]	Okra enation leaf curl virus	Blastx
SRR22534752	NODE_50604_length_1181_cov_12.417247	36.3	1181	660	0.501515	2.97e-55	acc|GENBANK|AGE57896.1|GENBANK|JX997181|potassium transporter [Paramecium bursaria Chlorella virus NW665.2]	Paramecium bursaria Chlorella virus NW665.2	Blastx
SRR22534752	NODE_43031_length_920_cov_11.154453	43.1	920	1161	0.217916	3.23e-55	acc|GENBANK|AAP06788.1|GENBANK|AY234827|phytochrome B1 apoprotein [Zea mays]	Zea mays	Blastx
SRR22534752	NODE_1671_length_698_cov_21.493233	43.7	698	1656	0.120169	3.40e-55	acc|GENBANK|ALR84495.1|GENBANK|KT599914|putative serine/threonine-protein kinase [Niemeyer virus]	Niemeyer virus	Blastx
SRR22534752	NODE_49521_length_881_cov_10.181604	42.5	881	406	0.625616	4.47e-55	acc|GENBANK|QBK87310.1|GENBANK|MK500348|chaperone protein [Marseillevirus LCMAC201]	Marseillevirus LCMAC201	Blastx
SRR22534752	NODE_44952_length_532_cov_5.252505	55.2	532	407	0.427518	4.93e-55	acc|GENBANK|ARF08154.1|GENBANK|KY684083|acetamidase/formamidase family protein [Catovirus CTV1]	Catovirus CTV1	Blastx
SRR22534752	NODE_19620_length_859_cov_26.872881	48.1	859	604	0.357616	6.83e-55	acc|REFSEQ|YP_008052571.1|REFSEQ|NC_021312|ATP-dependent zinc metalloprotease [Phaeocystis globosa virus]	Phaeocystis globosa virus	Blastx
SRR22534752	NODE_23865_length_399_cov_1.560109	65.6	399	787	0.166455	7.11e-55	acc|GENBANK|ADB85413.1|GENBANK|GQ252886|putative endonuclease [Phyllostachys edulis]	Phyllostachys edulis	Blastx
SRR22534752	NODE_14730_length_886_cov_15.094959	72.6	886	912	0.148026	7.12e-55	acc|GENBANK|ACX48824.1|GENBANK|GQ923937|chromomethylase [Zea mays]	Zea mays	Blastx
SRR22534752	NODE_37158_length_473_cov_3.172727	61.3	473	384	0.390625	7.38e-55	acc|GENBANK|AQQ73994.1|GENBANK|KY073338|hypothetical protein [Kurlavirus BKC-1]	Kurlavirus BKC-1	Blastx
SRR22534752	NODE_813_length_2168_cov_18.003747	27.5	2168	703	0.927454	7.47e-55	acc|GENBANK|ARF09664.1|GENBANK|KY684086|HrpA-like RNA helicase [Indivirus ILV1]	Indivirus ILV1	Blastx
SRR22534752	NODE_22336_length_287_cov_99.590551	100	287	145	0.586207	7.80e-55	acc|GENBANK|AIC33043.1|GENBANK|KF699327|DNA-directed RNA polymerase IIa [Panax ginseng]	Panax ginseng	Blastx
SRR22534752	NODE_241_length_871_cov_9.889021	41.5	871	925	0.273514	8.92e-55	acc|GENBANK|ABY48139.1|GENBANK|EU306659|NORK [Medicago truncatula]	Medicago truncatula	Blastx
SRR22534752	NODE_20159_length_1443_cov_17.292908	41.1	1443	925	0.308108	1.02e-54	acc|GENBANK|ABY48139.1|GENBANK|EU306659|NORK [Medicago truncatula]	Medicago truncatula	Blastx
SRR22534752	NODE_1877_length_336_cov_25.973597	87.3	336	189	0.539683	1.09e-54	acc|REFSEQ|YP_009465730.1|REFSEQ|NC_037057|hypothetical protein [Dishui lake phycodnavirus 1]	Dishui lake phycodnavirus 1	Blastx
SRR22534752	NODE_16282_length_849_cov_5.979167	55.0	849	564	0.319149	1.19e-54	acc|GENBANK|AWA44801.1|GENBANK|MH182523|ATP-dependent 6-phosphofructokinase [Saccharum officinarum]	Saccharum officinarum	Blastx
SRR22534752	NODE_1088_length_1758_cov_20.880580	46.3	1758	686	0.330904	1.28e-54	acc|GENBANK|WNO13952.1|GENBANK|OQ968299|coat protein [Guapo partitivirus]	Guapo partitivirus	Blastx
SRR22534752	NODE_282_length_718_cov_118.051095	87.4	718	258	0.399225	1.36e-54	acc|GENBANK|WMV02893.1|GENBANK|OP630990|alpha-tubulin [Diderma spumarioides]	Diderma spumarioides	Blastx
SRR22534752	NODE_16905_length_429_cov_1.997475	56.3	429	326	0.435583	1.54e-54	acc|GENBANK|AAO26690.1|GENBANK|AF478377|gag-pol polyprotein [Vitis vinifera]	Vitis vinifera	Blastx
SRR22534752	NODE_19054_length_1200_cov_19.131962	75.6	1200	129	0.953488	1.59e-54	acc|GENBANK|AKE34115.1|GENBANK|KR068481|alpha karyopherin [Okra enation leaf curl virus]	Okra enation leaf curl virus	Blastx
SRR22534752	NODE_9073_length_1426_cov_29.620244	45.1	1426	686	0.345481	1.96e-54	acc|GENBANK|WNO13952.1|GENBANK|OQ968299|coat protein [Guapo partitivirus]	Guapo partitivirus	Blastx
SRR22534752	NODE_8377_length_653_cov_9.533871	52.2	653	336	0.547619	1.99e-54	acc|GENBANK|QFG74155.1|GENBANK|MN448281|semialdehyde dehydrogenase, dimerization domain [Megaviridae environmental sample]	Megaviridae environmental sample	Blastx
SRR22534752	NODE_19436_length_1536_cov_16.019960	35.1	1536	974	0.400411	2.07e-54	acc|GENBANK|AYV86980.1|GENBANK|MK072522|hypothetical protein [Sylvanvirus sp.]	Sylvanvirus sp.	Blastx
SRR22534752	NODE_9693_length_310_cov_26.519856	77.7	310	112	0.919643	2.20e-54	acc|GENBANK|QDH87640.1|GENBANK|MN033519|hypothetical protein [Mitovirus sp.]	Mitovirus sp.	Blastx
SRR22534752	NODE_23920_length_426_cov_2.743003	71.6	426	604	0.233444	2.21e-54	acc|GENBANK|ABH08432.1|GENBANK|DQ851167|putative non-inducible immunity 1 [Beta vulgaris]	Beta vulgaris	Blastx
SRR22534752	NODE_17779_length_1249_cov_6.088816	43.4	1249	925	0.269189	2.30e-54	acc|GENBANK|ABY48139.1|GENBANK|EU306659|NORK [Medicago truncatula]	Medicago truncatula	Blastx
SRR22534752	NODE_37694_length_1045_cov_2.564229	40.4	1045	870	0.341379	2.88e-54	acc|GENBANK|AGE58933.1|GENBANK|JX997183|calcium-transporting ATPase, plasma [Paramecium bursaria Chlorella virus NYs1]	Paramecium bursaria Chlorella virus NYs1	Blastx
SRR22534752	NODE_12900_length_465_cov_41.386574	76.8	465	122	0.918033	2.88e-54	acc|GENBANK|AAL66932.1|GENBANK|AY072517|copia-like retroelement pol polyprotein [Arabidopsis thaliana]	Arabidopsis thaliana	Blastx
SRR22534752	NODE_1004_length_855_cov_9.773723	35.5	855	2224	0.135342	3.03e-54	acc|GENBANK|AYV81995.1|GENBANK|MK072332|putative CAD protein isoform X1 [Homavirus sp.]	Homavirus sp.	Blastx
SRR22534752	NODE_3801_length_980_cov_35.035903	47.4	980	226	0.849558	4.26e-54	acc|GENBANK|ARF08362.1|GENBANK|KY684083|cyclophilin type peptidyl-prolyl cis-trans [Catovirus CTV1]	Catovirus CTV1	Blastx
SRR22534752	NODE_11828_length_1625_cov_13.442839	41.7	1625	371	0.614555	4.43e-54	acc|GENBANK|WNO13897.1|GENBANK|OQ968270|capsid protein [Berere partitivirus]	Berere partitivirus	Blastx
SRR22534752	NODE_20099_length_570_cov_4.108007	73.0	570	352	0.315341	4.53e-54	acc|GENBANK|WGU26813.1|GENBANK|OQ503488|hypothetical protein [Triticum monococcum]	Triticum monococcum	Blastx
SRR22534752	NODE_5323_length_469_cov_17.467890	60.9	469	461	0.338395	5.83e-54	acc|GENBANK|AAL14456.1|GENBANK|AF397036|heat shock protein Hsc70t [Mus musculus]	Mus musculus	Blastx
SRR22534752	NODE_22586_length_888_cov_45.409357	39.7	888	537	0.515829	5.91e-54	acc|REFSEQ|YP_010781718.1|REFSEQ|NC_075039|ATP binding cassette sub family F [Tupanvirus soda lake]	Tupanvirus soda lake	Blastx
SRR22534752	NODE_2813_length_353_cov_51.018750	72.6	353	208	0.562500	6.85e-54	acc|GENBANK|QKF93852.1|GENBANK|MT418680|Hsp70 protein [Fadolivirus FV1/VV64]	Fadolivirus FV1/VV64	Blastx
SRR22534752	NODE_24803_length_540_cov_5.593688	61.1	540	919	0.181719	1.03e-53	acc|GENBANK|AYV75146.1|GENBANK|MK071979|plasma membrane ATPase [Terrestrivirus sp.]	Terrestrivirus sp.	Blastx
SRR22534752	NODE_20172_length_888_cov_12.362573	49.2	888	371	0.498652	1.25e-53	acc|GENBANK|WNO13897.1|GENBANK|OQ968270|capsid protein [Berere partitivirus]	Berere partitivirus	Blastx
SRR22534752	NODE_44730_length_642_cov_11.817734	54.1	642	212	0.811321	1.31e-53	acc|GENBANK|AYV82031.1|GENBANK|MK072334|Ras-like protein Rab-11A [Homavirus sp.]	Homavirus sp.	Blastx
SRR22534752	NODE_8958_length_809_cov_16.301546	51.2	809	197	0.873096	1.32e-53	acc|REFSEQ|YP_009449015.1|REFSEQ|NC_036594|GTP ras-related protein Rac1 [Orpheovirus IHUMI-LCC2]	Orpheovirus IHUMI-LCC2	Blastx
SRR22534752	NODE_19481_length_587_cov_6.638989	65.2	587	146	0.945205	1.36e-53	acc|GENBANK|WKT15178.1|GENBANK|OR120051|Deoxyuridine 5'-triphosphate nucleotidohydrolase [Platygaster orseoliae filamentous virus]	Platygaster orseoliae filamentous virus	Blastx
SRR22534752	NODE_13407_length_1108_cov_11.392558	31.8	1108	1468	0.302452	1.62e-53	acc|GENBANK|QDY51984.1|GENBANK|MK250086|RNA polymerase Rpb1, domain 5 [Mimiviridae sp. ChoanoV1]	Mimiviridae sp. ChoanoV1	Blastx
SRR22534752	NODE_8906_length_1227_cov_20.404523	34.6	1227	403	0.853598	1.76e-53	acc|GENBANK|AYV82314.1|GENBANK|MK072360|translation initiation factor 4A-III [Homavirus sp.]	Homavirus sp.	Blastx
SRR22534752	NODE_727_length_1459_cov_75.770687	45.4	1459	604	0.379139	1.89e-53	acc|REFSEQ|YP_008052571.1|REFSEQ|NC_021312|ATP-dependent zinc metalloprotease [Phaeocystis globosa virus]	Phaeocystis globosa virus	Blastx
SRR22534752	NODE_41366_length_464_cov_4.874710	59.2	464	177	0.802260	2.25e-53	acc|GENBANK|ABK32208.1|GENBANK|DQ890165|VRN3 [Triticum aestivum]	Triticum aestivum	Blastx
SRR22534752	NODE_38881_length_947_cov_2.665208	43.0	947	1468	0.160082	2.62e-53	acc|GENBANK|QDY51984.1|GENBANK|MK250086|RNA polymerase Rpb1, domain 5 [Mimiviridae sp. ChoanoV1]	Mimiviridae sp. ChoanoV1	Blastx
SRR22534752	NODE_15215_length_478_cov_37.251685	51.9	478	388	0.407216	3.87e-53	acc|GENBANK|AAU93529.1|GENBANK|AY691949|alcohol dehydrogenase 1 [Zea mays]	Zea mays	Blastx
SRR22534752	NODE_2648_length_610_cov_23.088388	67.4	610	368	0.358696	4.33e-53	acc|GENBANK|WBR14894.1|GENBANK|ON887157|Replication factor small subunit [Pandoravirus kuranda]	Pandoravirus kuranda	Blastx
SRR22534752	NODE_4827_length_951_cov_37.919390	35.4	951	542	0.594096	4.81e-53	acc|REFSEQ|YP_010780426.1|REFSEQ|NC_075038|ATP binding cassette sub family F [Tupanvirus deep ocean]	Tupanvirus deep ocean	Blastx
SRR22534752	NODE_3197_length_952_cov_9.058760	39.8	952	480	0.522917	5.46e-53	acc|GENBANK|QPI16798.1|GENBANK|MW030606|BT1 family protein [Virus NIOZ-UU159]	Virus NIOZ-UU159	Blastx
SRR22534752	NODE_2823_length_765_cov_23.158470	40.9	765	660	0.384848	5.89e-53	acc|GENBANK|AGE57896.1|GENBANK|JX997181|potassium transporter [Paramecium bursaria Chlorella virus NW665.2]	Paramecium bursaria Chlorella virus NW665.2	Blastx
SRR22534752	NODE_37599_length_624_cov_6.541455	73.2	624	480	0.256250	6.00e-53	acc|GENBANK|ASU92288.1|GENBANK|KX759199|kindr F6 [Zea mays]	Zea mays	Blastx
SRR22534752	NODE_10404_length_1167_cov_11.184303	46.5	1167	925	0.246486	6.50e-53	acc|GENBANK|ABY48139.1|GENBANK|EU306659|NORK [Medicago truncatula]	Medicago truncatula	Blastx
SRR22534752	NODE_33173_length_383_cov_2.974286	69.8	383	1471	0.085656	6.61e-53	acc|GENBANK|AGW47867.1|GENBANK|KF303287|polyprotein [Phaseolus vulgaris]	Phaseolus vulgaris	Blastx
SRR22534752	NODE_33744_length_579_cov_3.913919	47.9	579	467	0.411135	7.38e-53	acc|GENBANK|AGD92560.1|GENBANK|JX885207|putative ATP-dependent RNA helicase [Megavirus lba]	Megavirus lba	Blastx
SRR22534752	NODE_28041_length_295_cov_2.374046	96.7	295	177	0.508475	8.07e-53	acc|GENBANK|AAD44038.1|GENBANK|AF104021|polyprotein [Bovine viral diarrhea virus 2]	Bovine viral diarrhea virus 2	Blastx
SRR22534752	NODE_18704_length_897_cov_5.650463	44.3	897	925	0.238919	1.01e-52	acc|GENBANK|ABY48139.1|GENBANK|EU306659|NORK [Medicago truncatula]	Medicago truncatula	Blastx
SRR22534752	NODE_4529_length_1128_cov_8.790868	38.0	1128	510	0.537255	1.06e-52	acc|GENBANK|AHA54129.1|GENBANK|KF481685|putative serine palmitoyltransferase [Emiliania huxleyi virus 18]	Emiliania huxleyi virus 18	Blastx
SRR22534752	NODE_17634_length_646_cov_15.484502	48.3	646	514	0.391051	1.50e-52	acc|GENBANK|AYV78233.1|GENBANK|MK072072|L-threonine dehydratase biosynthetic IlvA [Edafosvirus sp.]	Edafosvirus sp.	Blastx
SRR22534752	NODE_47989_length_942_cov_8.232123	44.7	942	832	0.317308	1.76e-52	acc|GENBANK|BAD00047.1|GENBANK|AB119282|Fusion protein, Feo [Hepacivirus hominis]	Hepacivirus hominis	Blastx
SRR22534752	NODE_45253_length_1182_cov_10.652742	37.1	1182	585	0.488889	1.83e-52	acc|GENBANK|SPN79811.1|GENBANK|LT994651|ABC2 type transporter superfamily protein [Brazilian cedratvirus IHUMI]	Brazilian cedratvirus IHUMI	Blastx
SRR22534752	NODE_2337_length_398_cov_38.953425	78.6	398	534	0.209738	2.00e-52	acc|GENBANK|QBK91823.1|GENBANK|MK500565|uncharacterized protein [Pithovirus LCPAC304]	Pithovirus LCPAC304	Blastx
SRR22534752	NODE_34592_length_831_cov_2.261905	46.2	831	925	0.252973	2.39e-52	acc|GENBANK|ABY48139.1|GENBANK|EU306659|NORK [Medicago truncatula]	Medicago truncatula	Blastx
SRR22534752	NODE_472_length_687_cov_32.810398	51.5	687	447	0.451902	2.45e-52	acc|GENBANK|QKF93746.1|GENBANK|MT418680|histidyl-tRNA synthetase [Fadolivirus FV1/VV64]	Fadolivirus FV1/VV64	Blastx
SRR22534752	NODE_47018_length_1001_cov_14.393595	39.0	1001	327	0.822630	5.33e-52	acc|GENBANK|QFG73901.1|GENBANK|MN448274|papain family cysteine protease [Megaviridae environmental sample]	Megaviridae environmental sample	Blastx
SRR22534752	NODE_2194_length_266_cov_23237.098712	97.7	266	1960	0.044898	1.01e-51	acc|REFSEQ|YP_009134730.1|REFSEQ|NC_026248|replicase polyprotein [Yam latent virus]	Yam latent virus	Blastx
SRR22534752	NODE_13747_length_1396_cov_7.445341	36.5	1396	925	0.316757	1.70e-51	acc|GENBANK|ABY48139.1|GENBANK|EU306659|NORK [Medicago truncatula]	Medicago truncatula	Blastx
SRR22534752	NODE_18153_length_575_cov_11.142066	49.7	575	496	0.344758	1.85e-51	acc|GENBANK|ACN78958.1|GENBANK|FJ225394|dehydration responsive protein [Glycine max]	Glycine max	Blastx
SRR22534752	NODE_40270_length_587_cov_9.326715	52.3	587	588	0.295918	1.95e-51	acc|GENBANK|QOI90522.1|GENBANK|MT663539|hypothetical protein [Pyramimonas orientalis virus]	Pyramimonas orientalis virus	Blastx
SRR22534752	NODE_5142_length_2142_cov_11.625889	52.8	2142	741	0.242915	2.03e-51	acc|GENBANK|WOA03171.1|GENBANK|OR637870|truncated WD40 protein PH13-H3 [Glycine max]	Glycine max	Blastx
SRR22534752	NODE_5092_length_1701_cov_8.263189	39.0	1701	261	0.961686	2.09e-51	acc|GENBANK|AYV76899.1|GENBANK|MK072000|zinc-finger and zinc-ribbon domain protein [Barrevirus sp.]	Barrevirus sp.	Blastx
SRR22534752	NODE_44653_length_525_cov_12.195122	60.3	525	244	0.618852	2.18e-51	acc|GENBANK|AAW73220.1|GENBANK|AY747599|VRN-A1 [Triticum aestivum]	Triticum aestivum	Blastx
SRR22534752	NODE_46008_length_933_cov_11.894444	36.5	933	668	0.459581	2.91e-51	acc|GENBANK|QKF94196.1|GENBANK|MT418680|peptidase M3A/M3B [Fadolivirus FV1/VV64]	Fadolivirus FV1/VV64	Blastx
SRR22534752	NODE_837_length_503_cov_13.491489	60.8	503	269	0.483271	3.32e-51	acc|GENBANK|ACG35536.1|GENBANK|EU963418|retrotransposon protein [Zea mays]	Zea mays	Blastx
SRR22534752	NODE_4129_length_519_cov_25.187243	54.9	519	226	0.676991	3.38e-51	acc|GENBANK|ARF08362.1|GENBANK|KY684083|cyclophilin type peptidyl-prolyl cis-trans [Catovirus CTV1]	Catovirus CTV1	Blastx
SRR22534752	NODE_4498_length_1153_cov_21.606250	38.1	1153	299	0.983278	4.10e-51	acc|GENBANK|QRE02559.1|GENBANK|MN545489|hypothetical protein [Otarine gammaherpesvirus 4]	Otarine gammaherpesvirus 4	Blastx
SRR22534752	NODE_3817_length_984_cov_18.792850	34.2	984	403	0.806452	4.37e-51	acc|GENBANK|AYV82314.1|GENBANK|MK072360|translation initiation factor 4A-III [Homavirus sp.]	Homavirus sp.	Blastx
SRR22534752	NODE_2161_length_375_cov_27491.599415	94.1	375	229	0.371179	6.71e-51	acc|REFSEQ|YP_009116869.1|REFSEQ|NC_026248|triple gene block protein 1 [Yam latent virus]	Yam latent virus	Blastx
SRR22534752	NODE_1420_length_701_cov_7.977545	43.5	701	875	0.254857	6.78e-51	acc|GENBANK|BDT62894.1|GENBANK|LC738879|DNA ligase 1-like protein [Trachysalambria curvirostris majanivirus]	Trachysalambria curvirostris majanivirus	Blastx
SRR22534752	NODE_1665_length_958_cov_9.242162	40.6	958	925	0.271351	8.31e-51	acc|GENBANK|ABY48139.1|GENBANK|EU306659|NORK [Medicago truncatula]	Medicago truncatula	Blastx
SRR22534752	NODE_37803_length_627_cov_3.387205	43.9	627	327	0.626911	9.29e-51	acc|GENBANK|QFG73901.1|GENBANK|MN448274|papain family cysteine protease [Megaviridae environmental sample]	Megaviridae environmental sample	Blastx
SRR22534752	NODE_3687_length_1468_cov_18.971429	38.1	1468	925	0.335135	1.05e-50	acc|GENBANK|ABY48139.1|GENBANK|EU306659|NORK [Medicago truncatula]	Medicago truncatula	Blastx
SRR22534752	NODE_26036_length_559_cov_3.977186	48.1	559	443	0.408578	1.13e-50	acc|REFSEQ|YP_010782291.1|REFSEQ|NC_075039|alcohol dehydrogenase [Tupanvirus soda lake]	Tupanvirus soda lake	Blastx
SRR22534752	NODE_540_length_1866_cov_15.335516	30.0	1866	590	0.735593	1.19e-50	acc|GENBANK|AYV86827.1|GENBANK|MK072516|CMGC/MAPK protein kinase [Sylvanvirus sp.]	Sylvanvirus sp.	Blastx
SRR22534752	NODE_8523_length_1169_cov_7.426056	30.1	1169	590	0.742373	1.27e-50	acc|GENBANK|AYV86827.1|GENBANK|MK072516|CMGC/MAPK protein kinase [Sylvanvirus sp.]	Sylvanvirus sp.	Blastx
SRR22534752	NODE_16475_length_1227_cov_9.602178	30.7	1227	464	0.836207	1.53e-50	acc|GENBANK|ARF10763.1|GENBANK|KY684105|elongation Factor 1-alpha EF1-alpha [Hokovirus HKV1]	Hokovirus HKV1	Blastx
SRR22534752	NODE_19296_length_1393_cov_13.967647	36.4	1393	325	0.938462	1.57e-50	acc|GENBANK|QBK87870.1|GENBANK|MK500370|uncharacterized protein [Marseillevirus LCMAC202]	Marseillevirus LCMAC202	Blastx
SRR22534752	NODE_46614_length_612_cov_13.960276	56.9	612	197	0.730964	2.46e-50	acc|REFSEQ|YP_009449015.1|REFSEQ|NC_036594|GTP ras-related protein Rac1 [Orpheovirus IHUMI-LCC2]	Orpheovirus IHUMI-LCC2	Blastx
SRR22534752	NODE_4945_length_1151_cov_26.166369	34.8	1151	628	0.640127	2.67e-50	acc|GENBANK|QBK87572.1|GENBANK|MK500359|XRN 5'-3' exonuclease [Marseillevirus LCMAC201]	Marseillevirus LCMAC201	Blastx
SRR22534752	NODE_6351_length_1164_cov_20.775420	37.9	1164	396	0.752525	2.82e-50	acc|GENBANK|QBK92180.1|GENBANK|MK500568|DEAD/DEAH box helicase [Pithovirus LCPAC304]	Pithovirus LCPAC304	Blastx
SRR22534752	NODE_1677_length_663_cov_58.014286	43.7	663	477	0.446541	2.86e-50	acc|GENBANK|ARF11193.1|GENBANK|KY684108|IMP dehydrogenase/GMP reductase [Klosneuvirus KNV1]	Klosneuvirus KNV1	Blastx
SRR22534752	NODE_31905_length_237_cov_9.014706	94.9	237	113	0.690265	6.35e-50	acc|GENBANK|QDH76139.1|GENBANK|MK948414|putative gag protein [Porcine endogenous retrovirus]	Porcine endogenous retrovirus	Blastx
SRR22534752	NODE_39447_length_359_cov_1.506135	76.4	359	616	0.178571	6.37e-50	acc|GENBANK|ADB85425.1|GENBANK|GQ252887|putative retrotransposon protein [Phyllostachys edulis]	Phyllostachys edulis	Blastx
SRR22534752	NODE_16601_length_359_cov_20.395706	67.8	359	491	0.240326	6.68e-50	acc|GENBANK|QBK88163.1|GENBANK|MK500377|phosphoenolpyruvate carboxykinase [Marseillevirus LCMAC202]	Marseillevirus LCMAC202	Blastx
SRR22534752	NODE_8748_length_2457_cov_5.387376	27.6	2457	630	0.839683	8.72e-50	acc|GENBANK|WIL05472.1|GENBANK|OQ413582|ABC2 type transporter superfamily protein [Pithovirus mammoth]	Pithovirus mammoth	Blastx
SRR22534752	NODE_8602_length_746_cov_12.649369	45.7	746	925	0.227027	9.31e-50	acc|GENBANK|ABY48139.1|GENBANK|EU306659|NORK [Medicago truncatula]	Medicago truncatula	Blastx
SRR22534752	NODE_27534_length_1356_cov_3.943311	32.8	1356	502	0.794821	9.71e-50	acc|GENBANK|ARF08211.1|GENBANK|KY684083|aromatic amino acid lyase [Catovirus CTV1]	Catovirus CTV1	Blastx
SRR22534752	NODE_50570_length_2091_cov_8.803207	51.7	2091	724	0.277624	1.01e-49	acc|GENBANK|WZO84674.1|GENBANK|PP681887|Holliday junction branch migration helicase [Chlorovirus sp.]	Chlorovirus sp.	Blastx
SRR22534752	NODE_8544_length_524_cov_25.132383	49.5	524	477	0.389937	1.11e-49	acc|GENBANK|AYV78014.1|GENBANK|MK072068|elongation factor 1 alpha long form [Edafosvirus sp.]	Edafosvirus sp.	Blastx
SRR22534752	NODE_1891_length_2376_cov_31.574904	39.9	2376	925	0.392432	1.21e-49	acc|GENBANK|ABY48139.1|GENBANK|EU306659|NORK [Medicago truncatula]	Medicago truncatula	Blastx
SRR22534752	NODE_12369_length_798_cov_2.901961	50.0	798	327	0.556575	1.27e-49	acc|GENBANK|QFG73901.1|GENBANK|MN448274|papain family cysteine protease [Megaviridae environmental sample]	Megaviridae environmental sample	Blastx
SRR22534752	NODE_6405_length_525_cov_2.987805	65.4	525	631	0.206022	1.29e-49	acc|GENBANK|AWA44806.1|GENBANK|MH182523|hypothetical protein [Saccharum officinarum]	Saccharum officinarum	Blastx
SRR22534752	NODE_34895_length_596_cov_1.950266	38.5	596	447	0.552573	1.46e-49	acc|REFSEQ|NP_077596.1|REFSEQ|NC_002687|serine-threonine kinase [Ectocarpus siliculosus virus 1]	Ectocarpus siliculosus virus 1	Blastx
SRR22534752	NODE_16331_length_642_cov_4.239737	46.4	642	322	0.642857	2.16e-49	acc|GENBANK|AYV84288.1|GENBANK|MK072403|hypothetical protein [Hyperionvirus sp.]	Hyperionvirus sp.	Blastx
SRR22534752	NODE_45567_length_1452_cov_10.623679	38.5	1452	405	0.706173	2.58e-49	acc|GENBANK|WGU26824.1|GENBANK|OQ503488|eukaryotic initiation factor 4A-III B-like [Triticum monococcum]	Triticum monococcum	Blastx
SRR22534752	NODE_3271_length_267_cov_164.029915	83.9	267	214	0.406542	2.66e-49	acc|GENBANK|UZE89726.1|GENBANK|ON704650|hypothetical protein [Parapoynx stagnalis nucleopolyhedrovirus]	Parapoynx stagnalis nucleopolyhedrovirus	Blastx
SRR22534752	NODE_45943_length_359_cov_4.104294	68.9	359	666	0.178679	3.12e-49	acc|GENBANK|XDO02262.1|GENBANK|PP542043|Atp-Dependent Zinc Metalloprotease [Florenciella sp. virus SA2]	Florenciella sp. virus SA2	Blastx
SRR22534752	NODE_5009_length_797_cov_20.446335	42.2	797	202	0.950495	4.47e-49	acc|GENBANK|QBK85899.1|GENBANK|MK500328|exonuclease [Marseillevirus LCMAC101]	Marseillevirus LCMAC101	Blastx
SRR22534752	NODE_39700_length_1372_cov_8.865571	35.4	1372	310	0.874194	7.17e-49	acc|GENBANK|AYV86922.1|GENBANK|MK072520|hypothetical protein [Sylvanvirus sp.]	Sylvanvirus sp.	Blastx
SRR22534752	NODE_17587_length_509_cov_8.468487	57.4	509	151	0.854305	8.92e-49	acc|GENBANK|UZT28945.1|GENBANK|OP765507|ubiquitin conjugating enzyme [Nucleocytoviricota sp.]	Nucleocytoviricota sp.	Blastx
SRR22534752	NODE_8735_length_2371_cov_39.524808	29.4	2371	642	0.926791	9.33e-49	acc|GENBANK|ARF10282.1|GENBANK|KY684103|dynamin family protein [Hokovirus HKV1]	Hokovirus HKV1	Blastx
SRR22534752	NODE_47150_length_914_cov_14.040863	48.8	914	206	0.796117	1.68e-48	acc|GENBANK|AYV78414.1|GENBANK|MK072077|putative ras-related protein Rab-10-like [Edafosvirus sp.]	Edafosvirus sp.	Blastx
SRR22534752	NODE_42488_length_836_cov_16.844334	43.7	836	1618	0.127318	1.77e-48	acc|GENBANK|QGR54286.1|GENBANK|MK978772|serine/threonine protein kinase [Moumouvirus maliensis]	Moumouvirus maliensis	Blastx
SRR22534752	NODE_3273_length_898_cov_9.690173	45.6	898	860	0.226744	1.83e-48	acc|GENBANK|UKZ11061.1|GENBANK|OM339720|hypothetical protein [Emiliania huxleyi virus M1]	Emiliania huxleyi virus M1	Blastx
SRR22534752	NODE_18373_length_2042_cov_9.958686	30.0	2042	590	0.718644	1.86e-48	acc|GENBANK|AYV86827.1|GENBANK|MK072516|CMGC/MAPK protein kinase [Sylvanvirus sp.]	Sylvanvirus sp.	Blastx
SRR22534752	NODE_20031_length_760_cov_4.634113	46.4	760	810	0.258025	2.11e-48	acc|GENBANK|QBK86799.1|GENBANK|MK500336|uncharacterized protein [Marseillevirus LCMAC103]	Marseillevirus LCMAC103	Blastx
SRR22534752	NODE_5083_length_865_cov_43.656250	53.5	865	335	0.468657	2.45e-48	acc|GENBANK|ABY48132.1|GENBANK|EU306659|GH1 protein [Medicago truncatula]	Medicago truncatula	Blastx
SRR22534752	NODE_44001_length_658_cov_6.684800	46.0	658	330	0.572727	2.49e-48	acc|GENBANK|WRJ69478.1|GENBANK|OR001839|putative arabinose-5-phosphate isomerase [Oceanusvirus sp.]	Oceanusvirus sp.	Blastx
SRR22534752	NODE_7254_length_1940_cov_5.781856	36.4	1940	299	1.030100	3.22e-48	acc|GENBANK|QRE02559.1|GENBANK|MN545489|hypothetical protein [Otarine gammaherpesvirus 4]	Otarine gammaherpesvirus 4	Blastx
SRR22534752	NODE_46526_length_640_cov_26.626030	40.1	640	299	0.709030	3.59e-48	acc|GENBANK|UOG94093.1|NEIGHBOR|OM876856|serine threonine-protein phosphatase [Aureococcus anophagefferens virus]	Aureococcus anophagefferens virus	Blastx
SRR22534752	NODE_5780_length_1807_cov_8.793123	30.7	1807	467	0.997859	3.72e-48	acc|GENBANK|API81738.1|NEIGHBOR|KU052222|hypothetical protein [Cafeteriavirus-dependent mavirus]	Cafeteriavirus-dependent mavirus	Blastx
SRR22534752	NODE_15040_length_642_cov_24.147783	43.7	642	783	0.272031	4.38e-48	acc|GENBANK|QFG73724.1|GENBANK|MN448270|Hsp90 protein [Megaviridae environmental sample]	Megaviridae environmental sample	Blastx
SRR22534752	NODE_10846_length_1129_cov_21.411496	66.4	1129	129	0.968992	4.46e-48	acc|GENBANK|AKE34115.1|GENBANK|KR068481|alpha karyopherin [Okra enation leaf curl virus]	Okra enation leaf curl virus	Blastx
SRR22534752	NODE_22193_length_1446_cov_8.533616	38.4	1446	1009	0.330030	5.54e-48	acc|REFSEQ|YP_008318818.1|REFSEQ|NC_021858|Threonylcarbamoyl AMP synthase [Pandoravirus dulcis]	Pandoravirus dulcis	Blastx
SRR22534752	NODE_44006_length_232_cov_14.477387	94.6	232	113	0.654867	5.61e-48	acc|GENBANK|QDH76139.1|GENBANK|MK948414|putative gag protein [Porcine endogenous retrovirus]	Porcine endogenous retrovirus	Blastx
SRR22534752	NODE_25220_length_354_cov_2.847352	61.5	354	496	0.235887	5.71e-48	acc|GENBANK|ACN78958.1|GENBANK|FJ225394|dehydration responsive protein [Glycine max]	Glycine max	Blastx
SRR22534752	NODE_1774_length_488_cov_14.518681	94.8	488	113	0.681416	6.91e-48	acc|GENBANK|QDH76139.1|GENBANK|MK948414|putative gag protein [Porcine endogenous retrovirus]	Porcine endogenous retrovirus	Blastx
SRR22534752	NODE_18539_length_454_cov_12.790974	52.9	454	341	0.448680	8.72e-48	acc|GENBANK|ARF11691.1|GENBANK|KY684109|glutamine synthetase [Klosneuvirus KNV1]	Klosneuvirus KNV1	Blastx
SRR22534752	NODE_46659_length_1064_cov_12.567410	35.2	1064	368	0.934783	9.79e-48	acc|GENBANK|QFG73671.1|GENBANK|MN448266|peptidase family M20/M25/M40 [Megaviridae environmental sample]	Megaviridae environmental sample	Blastx
SRR22534752	NODE_9586_length_864_cov_37.849579	37.4	864	672	0.425595	1.02e-47	acc|GENBANK|BCS83340.1|GENBANK|AP024483|putative ATP-dependent RNA helicase [Cotonvirus japonicus]	Cotonvirus japonicus	Blastx
SRR22534752	NODE_19239_length_528_cov_5.072727	50.3	528	1468	0.119210	1.24e-47	acc|GENBANK|QDY51984.1|GENBANK|MK250086|RNA polymerase Rpb1, domain 5 [Mimiviridae sp. ChoanoV1]	Mimiviridae sp. ChoanoV1	Blastx
SRR22534752	NODE_42283_length_781_cov_6.477273	43.2	781	686	0.320700	1.28e-47	acc|GENBANK|WNO13952.1|GENBANK|OQ968299|coat protein [Guapo partitivirus]	Guapo partitivirus	Blastx
SRR22534752	NODE_26527_length_714_cov_13.161527	46.6	714	1508	0.137931	1.34e-47	acc|GENBANK|CAJ00274.1|GENBANK|AJ966991|hypothetical protein [Lotus japonicus]	Lotus japonicus	Blastx
SRR22534752	NODE_4103_length_266_cov_103.776824	83.0	266	335	0.262687	1.37e-47	acc|GENBANK|ABY48132.1|GENBANK|EU306659|GH1 protein [Medicago truncatula]	Medicago truncatula	Blastx
SRR22534752	NODE_45525_length_694_cov_6.414523	44.3	694	322	0.686335	1.71e-47	acc|GENBANK|AYV84288.1|GENBANK|MK072403|hypothetical protein [Hyperionvirus sp.]	Hyperionvirus sp.	Blastx
SRR22534752	NODE_79_length_718_cov_3.145985	44.2	718	593	0.389545	2.07e-47	acc|GENBANK|QIN54545.1|GENBANK|MN873693|ABC-2 type transporter [Cedratvirus kamchatka]	Cedratvirus kamchatka	Blastx
SRR22534752	NODE_11386_length_1078_cov_22.192344	44.4	1078	293	0.730375	2.49e-47	acc|GENBANK|QFG74152.1|GENBANK|MN448281|dihydrodipicolinate synthetase family protein [Megaviridae environmental sample]	Megaviridae environmental sample	Blastx
SRR22534752	NODE_38573_length_451_cov_4.791866	56.4	451	1369	0.108839	2.93e-47	acc|GENBANK|BAG72152.1|GENBANK|AB430326|hypothetical protein [Lotus japonicus]	Lotus japonicus	Blastx
SRR22534752	NODE_1343_length_733_cov_24.798571	53.7	733	241	0.680498	3.25e-47	acc|GENBANK|AYV79183.1|GENBANK|MK072135|hypothetical protein [Faunusvirus sp.]	Faunusvirus sp.	Blastx
SRR22534752	NODE_35052_length_303_cov_2.185185	75.0	303	322	0.310559	3.38e-47	acc|GENBANK|QDY52244.1|GENBANK|MK250089|ribonucleotide reductase, small chain [Mimiviridae sp. ChoanoV1]	Mimiviridae sp. ChoanoV1	Blastx
SRR22534752	NODE_162_length_565_cov_6.691729	51.5	565	870	0.196552	3.39e-47	acc|GENBANK|AGE58933.1|GENBANK|JX997183|calcium-transporting ATPase, plasma [Paramecium bursaria Chlorella virus NYs1]	Paramecium bursaria Chlorella virus NYs1	Blastx
SRR22534752	NODE_18811_length_1202_cov_10.571429	37.0	1202	305	0.842623	3.60e-47	acc|GENBANK|UZT29311.1|GENBANK|OP765584|iron-sulfur clusters transporter [Nucleocytoviricota sp.]	Nucleocytoviricota sp.	Blastx
SRR22534752	NODE_1244_length_835_cov_141.431421	46.0	835	360	0.586111	3.64e-47	acc|GENBANK|QKF94354.1|GENBANK|MT418680|UTP--glucose-1-phosphate uridylyltransferase [Fadolivirus FV1/VV64]	Fadolivirus FV1/VV64	Blastx
SRR22534752	NODE_44800_length_547_cov_8.091440	47.0	547	588	0.314626	3.70e-47	acc|GENBANK|QOI90522.1|GENBANK|MT663539|hypothetical protein [Pyramimonas orientalis virus]	Pyramimonas orientalis virus	Blastx
SRR22534752	NODE_18312_length_1438_cov_26.802847	29.0	1438	463	0.967603	4.43e-47	acc|GENBANK|CAE02707.1|GENBANK|AJ575660|hypothetical protein [Yarrowia lipolytica]	Yarrowia lipolytica	Blastx
SRR22534752	NODE_1173_length_865_cov_46.504808	54.5	865	241	0.639004	4.63e-47	acc|GENBANK|AYV79183.1|GENBANK|MK072135|hypothetical protein [Faunusvirus sp.]	Faunusvirus sp.	Blastx
SRR22534752	NODE_412_length_1861_cov_26.818928	41.9	1861	204	0.995098	5.19e-47	acc|GENBANK|ARF08647.1|GENBANK|KY684083|phosphoribulokinase / Uridine kinase family [Catovirus CTV1]	Catovirus CTV1	Blastx
SRR22534752	NODE_10599_length_800_cov_12.018253	34.9	800	463	0.656587	6.02e-47	acc|REFSEQ|YP_010781133.1|REFSEQ|NC_075038|cysteine desulfurase sufS family [Tupanvirus deep ocean]	Tupanvirus deep ocean	Blastx
SRR22534752	NODE_3856_length_259_cov_15.433628	80.0	259	214	0.397196	6.27e-47	acc|GENBANK|UZE89726.1|GENBANK|ON704650|hypothetical protein [Parapoynx stagnalis nucleopolyhedrovirus]	Parapoynx stagnalis nucleopolyhedrovirus	Blastx
SRR22534752	NODE_44019_length_712_cov_9.609720	49.5	712	832	0.218750	6.32e-47	acc|GENBANK|BAD00047.1|GENBANK|AB119282|Fusion protein, Feo [Hepacivirus hominis]	Hepacivirus hominis	Blastx
SRR22534752	NODE_8494_length_627_cov_16.826599	53.1	627	322	0.503106	6.34e-47	acc|GENBANK|QBK92099.1|GENBANK|MK500567|pyridine nucleotide-disulfide oxidoreductase [Pithovirus LCPAC304]	Pithovirus LCPAC304	Blastx
SRR22534752	NODE_17533_length_942_cov_8.138614	49.1	942	288	0.552083	6.72e-47	acc|GENBANK|QMP82376.1|GENBANK|MT153362|hypothetical protein [red goblin roach virus 1]	red goblin roach virus 1	Blastx
SRR22534752	NODE_40102_length_1064_cov_6.278371	29.4	1064	590	0.691525	6.80e-47	acc|GENBANK|AYV86827.1|GENBANK|MK072516|CMGC/MAPK protein kinase [Sylvanvirus sp.]	Sylvanvirus sp.	Blastx
SRR22534752	NODE_14979_length_604_cov_4.707531	49.4	604	832	0.211538	8.81e-47	acc|GENBANK|BAD00047.1|GENBANK|AB119282|Fusion protein, Feo [Hepacivirus hominis]	Hepacivirus hominis	Blastx
SRR22534752	NODE_19908_length_247_cov_12.266355	91.5	247	258	0.317829	9.22e-47	acc|GENBANK|WMV02893.1|GENBANK|OP630990|alpha-tubulin [Diderma spumarioides]	Diderma spumarioides	Blastx
SRR22534752	NODE_9638_length_337_cov_9.585526	67.9	337	282	0.397163	1.06e-46	acc|GENBANK|AAL14448.1|GENBANK|AF397035|heat shock protein Hsc70t [Mus musculus]	Mus musculus	Blastx
SRR22534752	NODE_41430_length_554_cov_4.147793	46.0	554	299	0.632107	1.14e-46	acc|GENBANK|QRE02559.1|GENBANK|MN545489|hypothetical protein [Otarine gammaherpesvirus 4]	Otarine gammaherpesvirus 4	Blastx
SRR22534752	NODE_47407_length_947_cov_18.354486	42.0	947	299	0.876254	1.31e-46	acc|GENBANK|QRE02559.1|GENBANK|MN545489|hypothetical protein [Otarine gammaherpesvirus 4]	Otarine gammaherpesvirus 4	Blastx
SRR22534752	NODE_47045_length_832_cov_13.103880	43.4	832	269	0.840149	1.45e-46	acc|GENBANK|ACG35536.1|GENBANK|EU963418|retrotransposon protein [Zea mays]	Zea mays	Blastx
SRR22534752	NODE_492_length_256_cov_29.928251	92.9	256	149	0.570470	1.97e-46	acc|GENBANK|ARF10611.1|GENBANK|KY684104|ubiquitin family protein [Hokovirus HKV1]	Hokovirus HKV1	Blastx
SRR22534752	NODE_50331_length_1712_cov_7.026802	31.9	1712	752	0.566489	1.98e-46	acc|GENBANK|AYV76414.1|GENBANK|MK071984|HrpA-like RNA helicase [Terrestrivirus sp.]	Terrestrivirus sp.	Blastx
SRR22534752	NODE_13493_length_783_cov_5.436000	44.6	783	257	0.680934	3.52e-46	acc|REFSEQ|YP_007250456.1|REFSEQ|NC_019945|pcna protein [Thysanoplusia orichalcea nucleopolyhedrovirus]	Thysanoplusia orichalcea nucleopolyhedrovirus	Blastx
SRR22534752	NODE_20910_length_300_cov_35.868914	83.8	300	461	0.214751	4.65e-46	acc|GENBANK|AAL14456.1|GENBANK|AF397036|heat shock protein Hsc70t [Mus musculus]	Mus musculus	Blastx
SRR22534752	NODE_8799_length_1074_cov_15.234390	44.1	1074	203	1.004926	6.12e-46	acc|GENBANK|AYV75892.1|GENBANK|MK071981|putative Ras-related protein Rab7 [Terrestrivirus sp.]	Terrestrivirus sp.	Blastx
SRR22534752	NODE_10662_length_913_cov_9.287500	38.6	913	623	0.449438	6.58e-46	acc|GENBANK|BAL14837.1|GENBANK|AB682995|endo-1,4-b-D-glucanase [Oryza sativa Japonica Group]	Oryza sativa Japonica Group	Blastx
SRR22534752	NODE_27980_length_306_cov_6.047619	77.2	306	478	0.211297	6.82e-46	acc|GENBANK|AAK84479.1|GENBANK|AF275345|putative auxin growth promotor protein [Solanum lycopersicum]	Solanum lycopersicum	Blastx
SRR22534752	NODE_5870_length_1006_cov_8.864337	46.2	1006	759	0.256917	8.88e-46	acc|GENBANK|ACN78962.1|GENBANK|FJ225394|methyltransferase [Glycine max]	Glycine max	Blastx
SRR22534752	NODE_16813_length_283_cov_2.208000	81.9	283	478	0.196653	9.66e-46	acc|GENBANK|AAK84479.1|GENBANK|AF275345|putative auxin growth promotor protein [Solanum lycopersicum]	Solanum lycopersicum	Blastx
SRR22534752	NODE_1044_length_572_cov_58.423006	68.9	572	116	0.913793	9.80e-46	acc|GENBANK|QOI90342.1|GENBANK|MT663535|hypothetical protein [Pyramimonas orientalis virus]	Pyramimonas orientalis virus	Blastx
SRR22534752	NODE_3364_length_1771_cov_33.132336	27.1	1771	498	1.038153	1.01e-45	acc|GENBANK|XHA59766.1|GENBANK|OR863077|thermosome [Poseidoniales virus]	Poseidoniales virus	Blastx
SRR22534752	NODE_31142_length_471_cov_1.906393	51.6	471	673	0.230312	1.03e-45	acc|REFSEQ|YP_010782552.1|REFSEQ|NC_075039|threonyl-tRNA synthetase [Tupanvirus soda lake]	Tupanvirus soda lake	Blastx
SRR22534752	NODE_8285_length_856_cov_8.992710	36.2	856	478	0.646444	1.09e-45	acc|GENBANK|AAK84479.1|GENBANK|AF275345|putative auxin growth promotor protein [Solanum lycopersicum]	Solanum lycopersicum	Blastx
SRR22534752	NODE_7226_length_1966_cov_24.815830	31.8	1966	562	0.798932	1.21e-45	acc|REFSEQ|YP_003969937.1|REFSEQ|NC_014637|putative 5'-3' exonuclease [Cafeteria roenbergensis virus BV-PW1]	Cafeteria roenbergensis virus BV-PW1	Blastx
SRR22534752	NODE_18650_length_217_cov_26.809783	95.8	217	113	0.637168	1.25e-45	acc|GENBANK|QDH76139.1|GENBANK|MK948414|putative gag protein [Porcine endogenous retrovirus]	Porcine endogenous retrovirus	Blastx
SRR22534752	NODE_19199_length_670_cov_11.051805	40.9	670	335	0.817910	1.57e-45	acc|GENBANK|ABY48132.1|GENBANK|EU306659|GH1 protein [Medicago truncatula]	Medicago truncatula	Blastx
SRR22534752	NODE_16681_length_725_cov_4.500000	50.2	725	623	0.335474	1.70e-45	acc|GENBANK|BAL14837.1|GENBANK|AB682995|endo-1,4-b-D-glucanase [Oryza sativa Japonica Group]	Oryza sativa Japonica Group	Blastx
SRR22534752	NODE_35106_length_360_cov_2.718654	64.7	360	236	0.432203	1.89e-45	acc|GENBANK|UKS51800.1|GENBANK|OK336705|laccase [Allium cepa]	Allium cepa	Blastx
SRR22534752	NODE_17895_length_1399_cov_8.648609	40.3	1399	302	0.804636	2.26e-45	acc|GENBANK|QKF93533.1|GENBANK|MT418680|pyruvate carboxyltransferase [Fadolivirus FV1/VV64]	Fadolivirus FV1/VV64	Blastx
SRR22534752	NODE_9266_length_2329_cov_17.346254	30.1	2329	859	0.637951	2.27e-45	acc|GENBANK|QPB44542.1|GENBANK|MW018138|DNA helicase [Medusavirus stheno T3]	Medusavirus stheno T3	Blastx
SRR22534752	NODE_7260_length_1895_cov_10.068743	35.2	1895	592	0.623311	2.58e-45	acc|GENBANK|AYV82302.1|GENBANK|MK072358|uncharacterized protein [Homavirus sp.]	Homavirus sp.	Blastx
SRR22534752	NODE_9297_length_387_cov_3.844633	68.9	387	335	0.307463	3.17e-45	acc|GENBANK|ADV36573.1|GENBANK|HM454271|Myb-like transcription factor [Zea mays]	Zea mays	Blastx
SRR22534752	NODE_9064_length_417_cov_7.299479	79.4	417	113	0.858407	3.21e-45	acc|GENBANK|AGM61329.1|GENBANK|KC170726|histone H4 like-protein [Cotesia sesamiae bracovirus]	Cotesia sesamiae bracovirus	Blastx
SRR22534752	NODE_18263_length_503_cov_1.531915	52.3	503	268	0.555970	3.42e-45	acc|REFSEQ|YP_010780800.1|REFSEQ|NC_075038|hypothetical protein [Tupanvirus deep ocean]	Tupanvirus deep ocean	Blastx
SRR22534752	NODE_1758_length_1623_cov_12.879874	28.9	1623	752	0.654255	3.55e-45	acc|GENBANK|AYV76414.1|GENBANK|MK071984|HrpA-like RNA helicase [Terrestrivirus sp.]	Terrestrivirus sp.	Blastx
SRR22534752	NODE_1254_length_328_cov_4.447458	67.9	328	237	0.472574	3.56e-45	acc|GENBANK|ADB85285.1|GENBANK|GQ252816|hypothetical protein [Phyllostachys edulis]	Phyllostachys edulis	Blastx
SRR22534752	NODE_25425_length_399_cov_4.054645	64.0	399	230	0.495652	3.75e-45	acc|GENBANK|AAK84475.1|GENBANK|AF275345|unknown [Solanum lycopersicum]	Solanum lycopersicum	Blastx
SRR22534752	NODE_16446_length_1029_cov_29.260040	51.9	1029	160	0.975000	4.81e-45	acc|GENBANK|ULY68493.1|GENBANK|OL828820|ubiquitin-conjugating enzyme E2 7 [Chlorella virus XW01]	Chlorella virus XW01	Blastx
SRR22534752	NODE_1367_length_341_cov_31.607143	96.3	341	137	0.583942	4.94e-45	acc|GENBANK|XKM46647.1|GENBANK|PQ442261|hypothetical protein [Micromonas commoda virus 20T]	Micromonas commoda virus 20T	Blastx
SRR22534752	NODE_18522_length_655_cov_26.712219	46.3	655	248	0.661290	5.96e-45	acc|GENBANK|AYV80707.1|GENBANK|MK072247|hypothetical protein [Harvfovirus sp.]	Harvfovirus sp.	Blastx
SRR22534752	NODE_8508_length_1402_cov_6.277575	38.8	1402	353	0.685552	6.06e-45	acc|GENBANK|AYV84281.1|GENBANK|MK072403|hypothetical protein [Hyperionvirus sp.]	Hyperionvirus sp.	Blastx
SRR22534752	NODE_10431_length_756_cov_32.161826	39.5	756	367	0.697548	6.20e-45	acc|GENBANK|AYV76323.1|GENBANK|MK071983|STE/STE20/FRAY protein kinase [Terrestrivirus sp.]	Terrestrivirus sp.	Blastx
SRR22534752	NODE_1793_length_1046_cov_245.105627	57.9	1046	623	0.213483	6.27e-45	acc|GENBANK|BAL14837.1|GENBANK|AB682995|endo-1,4-b-D-glucanase [Oryza sativa Japonica Group]	Oryza sativa Japonica Group	Blastx
SRR22534752	NODE_18401_length_672_cov_28.585290	46.6	672	192	0.906250	8.11e-45	acc|GENBANK|AYV78944.1|GENBANK|MK072120|Ras-related protein Rab-1A [Edafosvirus sp.]	Edafosvirus sp.	Blastx
SRR22534752	NODE_37595_length_362_cov_1.474164	84.8	362	1298	0.070878	8.17e-45	acc|GENBANK|BAD34493.1|GENBANK|AB162659|Gag-Pol [Ipomoea batatas]	Ipomoea batatas	Blastx
SRR22534752	NODE_19498_length_1852_cov_12.194612	29.1	1852	1100	0.453636	8.22e-45	acc|GENBANK|QGR53824.1|GENBANK|MK978772|isoleucyl-tRNA synthetase [Moumouvirus maliensis]	Moumouvirus maliensis	Blastx
SRR22534752	NODE_43539_length_1611_cov_5.240177	36.5	1611	299	0.989967	8.23e-45	acc|GENBANK|QRE02559.1|GENBANK|MN545489|hypothetical protein [Otarine gammaherpesvirus 4]	Otarine gammaherpesvirus 4	Blastx
SRR22534752	NODE_16701_length_904_cov_8.990815	38.5	904	476	0.628151	9.14e-45	acc|GENBANK|QPI16652.1|GENBANK|MW030591|serine endoprotease [Virus NIOZ-UU159]	Virus NIOZ-UU159	Blastx
SRR22534752	NODE_3000_length_1382_cov_5.255004	39.9	1382	2037	0.136475	9.24e-45	acc|GENBANK|ABG37663.1|GENBANK|DQ536170|CCHC-type integrase [Populus trichocarpa]	Populus trichocarpa	Blastx
SRR22534752	NODE_19512_length_1055_cov_6.339530	35.1	1055	1460	0.238356	1.03e-44	acc|GENBANK|ARF10760.1|GENBANK|KY684105|DNA-directed RNA polymerase subunit alpha [Hokovirus HKV1]	Hokovirus HKV1	Blastx
SRR22534752	NODE_8944_length_726_cov_3.385281	79.6	726	113	0.867257	1.03e-44	acc|GENBANK|AGM61329.1|GENBANK|KC170726|histone H4 like-protein [Cotesia sesamiae bracovirus]	Cotesia sesamiae bracovirus	Blastx
SRR22534752	NODE_31426_length_598_cov_10.362832	43.0	598	571	0.350263	1.10e-44	acc|GENBANK|QDY51783.1|GENBANK|MK250085|hypothetical protein [Mimiviridae sp. ChoanoV1]	Mimiviridae sp. ChoanoV1	Blastx
SRR22534752	NODE_1253_length_638_cov_15.095868	42.5	638	441	0.410431	1.10e-44	acc|GENBANK|QKF94717.1|GENBANK|MT418680|ergosterol biosynthesis ERG4/ERG24 [Fadolivirus FV1/VV64]	Fadolivirus FV1/VV64	Blastx
SRR22534752	NODE_1772_length_2137_cov_36.410646	34.0	2137	447	0.711409	1.28e-44	acc|REFSEQ|NP_077596.1|REFSEQ|NC_002687|serine-threonine kinase [Ectocarpus siliculosus virus 1]	Ectocarpus siliculosus virus 1	Blastx
SRR22534752	NODE_26588_length_682_cov_4.029276	47.7	682	300	0.573333	1.64e-44	acc|GENBANK|ARF11854.1|GENBANK|KY684109|serine/threonine protein kinase [Klosneuvirus KNV1]	Klosneuvirus KNV1	Blastx
SRR22534752	NODE_3351_length_1703_cov_20.144910	25.1	1703	931	0.629431	2.05e-44	acc|GENBANK|AYV82129.1|GENBANK|MK072340|Zn-dependent peptidase [Homavirus sp.]	Homavirus sp.	Blastx
SRR22534752	NODE_874_length_398_cov_51.493151	54.1	398	197	0.675127	2.25e-44	acc|REFSEQ|YP_009449015.1|REFSEQ|NC_036594|GTP ras-related protein Rac1 [Orpheovirus IHUMI-LCC2]	Orpheovirus IHUMI-LCC2	Blastx
SRR22534752	NODE_50381_length_308_cov_2.741818	78.0	308	1042	0.095969	2.48e-44	acc|GENBANK|ACN78973.1|GENBANK|FJ225394|copia-type polyprotein [Glycine max]	Glycine max	Blastx
SRR22534752	NODE_19184_length_2262_cov_12.487663	36.7	2262	299	0.983278	2.49e-44	acc|GENBANK|QRE02559.1|GENBANK|MN545489|hypothetical protein [Otarine gammaherpesvirus 4]	Otarine gammaherpesvirus 4	Blastx
SRR22534752	NODE_15359_length_556_cov_11.143403	59.2	556	221	0.542986	2.83e-44	acc|GENBANK|AYV75487.1|GENBANK|MK071979|GTP-binding protein YPTC1 [Terrestrivirus sp.]	Terrestrivirus sp.	Blastx
SRR22534752	NODE_2826_length_358_cov_4.390769	66.9	358	324	0.382716	3.65e-44	acc|GENBANK|QIG60113.1|GENBANK|MN940580|hypothetical protein [Dishui Lake large algae virus 1]	Dishui Lake large algae virus 1	Blastx
SRR22534752	NODE_1754_length_605_cov_13.917832	40.3	605	1384	0.163295	3.82e-44	acc|GENBANK|ADB85299.1|GENBANK|GQ252825|putative retrotransposon protein [Phyllostachys edulis]	Phyllostachys edulis	Blastx
SRR22534752	NODE_11533_length_1138_cov_25.719457	30.2	1138	654	0.577982	3.94e-44	acc|GENBANK|ATZ81043.1|GENBANK|MF782455|dynamin-like protein [Bodo saltans virus]	Bodo saltans virus	Blastx
SRR22534752	NODE_9510_length_1333_cov_19.766923	32.1	1333	498	0.795181	4.00e-44	acc|GENBANK|XHA59766.1|GENBANK|OR863077|thermosome [Poseidoniales virus]	Poseidoniales virus	Blastx
SRR22534752	NODE_38203_length_400_cov_2.182561	64.5	400	631	0.196513	5.14e-44	acc|GENBANK|AWA44806.1|GENBANK|MH182523|hypothetical protein [Saccharum officinarum]	Saccharum officinarum	Blastx
SRR22534752	NODE_40584_length_721_cov_9.928779	37.5	721	759	0.341238	5.21e-44	acc|GENBANK|ACN78962.1|GENBANK|FJ225394|methyltransferase [Glycine max]	Glycine max	Blastx
SRR22534752	NODE_33104_length_301_cov_1.190299	86.2	301	602	0.156146	5.26e-44	acc|GENBANK|QIG59839.1|GENBANK|MN940578|heat shock protein 70 [Dishui Lake phycodnavirus 3]	Dishui Lake phycodnavirus 3	Blastx
SRR22534752	NODE_43007_length_794_cov_6.118265	47.7	794	2037	0.108984	5.47e-44	acc|GENBANK|ABG37663.1|GENBANK|DQ536170|CCHC-type integrase [Populus trichocarpa]	Populus trichocarpa	Blastx
SRR22534752	NODE_36810_length_326_cov_1.692833	64.8	326	464	0.232759	5.52e-44	acc|GENBANK|QRM13699.1|NEIGHBOR|MW142017|photolyase [Fowlpox virus]	Fowlpox virus	Blastx
SRR22534752	NODE_3388_length_1870_cov_10.024496	30.4	1870	417	0.940048	5.61e-44	acc|GENBANK|QBK89261.1|GENBANK|MK500411|DEAD/SNF2-like helicase [Mimivirus LCMiAC02]	Mimivirus LCMiAC02	Blastx
SRR22534752	NODE_9362_length_739_cov_3.381020	41.0	739	908	0.244493	5.88e-44	acc|GENBANK|AYV81977.1|GENBANK|MK072332|leucyl-tRNA synthetase [Homavirus sp.]	Homavirus sp.	Blastx
SRR22534752	NODE_11157_length_611_cov_37.901384	87.8	611	137	0.656934	6.83e-44	acc|GENBANK|XKM46647.1|GENBANK|PQ442261|hypothetical protein [Micromonas commoda virus 20T]	Micromonas commoda virus 20T	Blastx
SRR22534752	NODE_15998_length_837_cov_7.808458	43.4	837	759	0.291173	7.03e-44	acc|GENBANK|ACN78962.1|GENBANK|FJ225394|methyltransferase [Glycine max]	Glycine max	Blastx
SRR22534752	NODE_1350_length_835_cov_20.754364	41.3	835	570	0.433333	7.66e-44	acc|GENBANK|AYV82503.1|GENBANK|MK072383|putative vacuolar protein sortingassociated [Hyperionvirus sp.]	Hyperionvirus sp.	Blastx
SRR22534752	NODE_45129_length_629_cov_8.894295	43.4	629	528	0.371212	8.65e-44	acc|GENBANK|QKF94573.1|GENBANK|MT418680|methionyl-tRNA synthetase [Fadolivirus FV1/VV64]	Fadolivirus FV1/VV64	Blastx
SRR22534752	NODE_875_length_440_cov_13.855037	52.4	440	679	0.213549	9.43e-44	acc|GENBANK|QIG60138.1|GENBANK|MN940580|ATP-dependent zinc metalloprotease [Dishui Lake large algae virus 1]	Dishui Lake large algae virus 1	Blastx
SRR22534752	NODE_2700_length_265_cov_10.530172	80.7	265	379	0.232190	1.01e-43	acc|GENBANK|ADB85364.1|GENBANK|GQ252868|putative alcohol dehydrogenase 2 [Phyllostachys edulis]	Phyllostachys edulis	Blastx
SRR22534752	NODE_8200_length_2462_cov_20.197612	28.7	2462	497	0.979879	1.18e-43	acc|GENBANK|AGR56995.1|GENBANK|KC961303|GTA [Choristoneura occidentalis alphabaculovirus]	Choristoneura occidentalis alphabaculovirus	Blastx
SRR22534752	NODE_27735_length_916_cov_3.601359	55.2	916	235	0.617021	1.24e-43	acc|GENBANK|BFT93230.1|GENBANK|LC847964|Endonuclease V [Medusavirus sp. 'euryale']	Medusavirus sp. 'euryale'	Blastx
SRR22534752	NODE_13488_length_923_cov_7.991011	74.1	923	325	0.344615	1.32e-43	acc|GENBANK|ABY48134.1|GENBANK|EU306659|bHLH transcription factor [Medicago truncatula]	Medicago truncatula	Blastx
SRR22534752	NODE_9375_length_705_cov_9.992560	59.9	705	376	0.377660	1.32e-43	acc|REFSEQ|YP_009482543.1|REFSEQ|NC_037666|Chorismate synthase [Pandoravirus neocaledonia]	Pandoravirus neocaledonia	Blastx
SRR22534752	NODE_16552_length_2412_cov_18.388819	29.9	2412	568	0.876761	1.41e-43	acc|REFSEQ|YP_009665063.1|REFSEQ|NC_043129|cell division protein [Micromonas pusilla virus SP1]	Micromonas pusilla virus SP1	Blastx
SRR22534752	NODE_31977_length_753_cov_3.756944	36.0	753	258	0.786822	1.84e-43	acc|GENBANK|WMV02893.1|GENBANK|OP630990|alpha-tubulin [Diderma spumarioides]	Diderma spumarioides	Blastx
SRR22534752	NODE_4685_length_289_cov_98.230469	69.5	289	175	0.542857	1.85e-43	acc|GENBANK|ARF09402.1|GENBANK|KY684085|ubiquitin-conjugating enzyme E2 [Indivirus ILV1]	Indivirus ILV1	Blastx
SRR22534752	NODE_42902_length_799_cov_9.032637	33.7	799	1359	0.246505	1.90e-43	acc|GENBANK|ABD78322.1|GENBANK|DQ381432|polyprotein [Primula vulgaris]	Primula vulgaris	Blastx
SRR22534752	NODE_15276_length_975_cov_13.815287	50.6	975	335	0.471642	2.00e-43	acc|GENBANK|ABY48132.1|GENBANK|EU306659|GH1 protein [Medicago truncatula]	Medicago truncatula	Blastx
SRR22534752	NODE_2259_length_1068_cov_27.305314	39.8	1068	253	0.972332	2.11e-43	acc|GENBANK|QFG74715.1|GENBANK|MN448290|triosephosphate isomerase [Megaviridae environmental sample]	Megaviridae environmental sample	Blastx
SRR22534752	NODE_23239_length_568_cov_4.300935	45.9	568	925	0.197838	2.60e-43	acc|GENBANK|ABY48139.1|GENBANK|EU306659|NORK [Medicago truncatula]	Medicago truncatula	Blastx
SRR22534752	NODE_23_length_500_cov_41.695931	59.6	500	265	0.513208	2.74e-43	acc|GENBANK|AAG09811.1|GENBANK|AF275345|MADS-box transcription factor JOINTLESS [Solanum lycopersicum]	Solanum lycopersicum	Blastx
SRR22534752	NODE_3413_length_928_cov_5.071508	37.4	928	368	0.711957	2.77e-43	acc|GENBANK|QFG73671.1|GENBANK|MN448266|peptidase family M20/M25/M40 [Megaviridae environmental sample]	Megaviridae environmental sample	Blastx
SRR22534752	NODE_3368_length_1254_cov_16.332514	44.2	1254	876	0.227169	3.35e-43	acc|GENBANK|AYV76365.1|GENBANK|MK071983|DEXDc helicase [Terrestrivirus sp.]	Terrestrivirus sp.	Blastx
SRR22534752	NODE_50577_length_824_cov_12.342604	41.8	824	206	1.009709	3.39e-43	acc|GENBANK|AYV78414.1|GENBANK|MK072077|putative ras-related protein Rab-10-like [Edafosvirus sp.]	Edafosvirus sp.	Blastx
SRR22534752	NODE_13732_length_798_cov_15.734641	57.4	798	194	0.701031	3.72e-43	acc|GENBANK|AYV76261.1|GENBANK|MK071983|CuZnSOD [Terrestrivirus sp.]	Terrestrivirus sp.	Blastx
SRR22534752	NODE_33577_length_428_cov_1.627848	58.0	428	912	0.156798	3.93e-43	acc|GENBANK|ACX48824.1|GENBANK|GQ923937|chromomethylase [Zea mays]	Zea mays	Blastx
SRR22534752	NODE_17994_length_636_cov_12.776119	40.4	636	682	0.312317	4.04e-43	acc|GENBANK|QOI90314.1|GENBANK|MT663535|hypothetical protein [Pyramimonas orientalis virus]	Pyramimonas orientalis virus	Blastx
SRR22534752	NODE_8407_length_752_cov_11.789986	35.3	752	484	0.497934	4.58e-43	acc|GENBANK|AYV77733.1|GENBANK|MK072066|CYP86A7 [Edafosvirus sp.]	Edafosvirus sp.	Blastx
SRR22534752	NODE_39798_length_772_cov_5.441137	37.8	772	302	0.718543	5.03e-43	acc|GENBANK|QKF93533.1|GENBANK|MT418680|pyruvate carboxyltransferase [Fadolivirus FV1/VV64]	Fadolivirus FV1/VV64	Blastx
SRR22534752	NODE_34130_length_676_cov_15.328149	38.5	676	417	0.573141	8.69e-43	acc|GENBANK|QBK89261.1|GENBANK|MK500411|DEAD/SNF2-like helicase [Mimivirus LCMiAC02]	Mimivirus LCMiAC02	Blastx
SRR22534752	NODE_43929_length_446_cov_12.157385	54.7	446	497	0.279678	8.89e-43	acc|GENBANK|CCQ71326.1|GENBANK|HF586476|hypothetical Pro-X carboxypeptidase-like protein [Cotesia congregata]	Cotesia congregata	Blastx
SRR22534752	NODE_16142_length_644_cov_23.016367	41.1	644	623	0.370787	9.20e-43	acc|GENBANK|BAL14837.1|GENBANK|AB682995|endo-1,4-b-D-glucanase [Oryza sativa Japonica Group]	Oryza sativa Japonica Group	Blastx
SRR22534752	NODE_46083_length_555_cov_11.273946	50.3	555	604	0.306291	1.01e-42	acc|GENBANK|ABH08432.1|GENBANK|DQ851167|putative non-inducible immunity 1 [Beta vulgaris]	Beta vulgaris	Blastx
SRR22534752	NODE_19553_length_1008_cov_10.350769	28.5	1008	590	0.671186	1.05e-42	acc|GENBANK|AYV86827.1|GENBANK|MK072516|CMGC/MAPK protein kinase [Sylvanvirus sp.]	Sylvanvirus sp.	Blastx
SRR22534752	NODE_2811_length_986_cov_40.149003	49.7	986	1019	0.161923	1.16e-42	acc|GENBANK|ABZ80022.1|NEIGHBOR|EU410304|beta-D-galactosidase [synthetic Vaccinia virus]	synthetic Vaccinia virus	Blastx
SRR22534752	NODE_10855_length_893_cov_53.966279	34.9	893	493	0.482759	1.17e-42	acc|GENBANK|QIG59668.1|GENBANK|MN940578|putative ABC-1 domain protein [Dishui Lake phycodnavirus 3]	Dishui Lake phycodnavirus 3	Blastx
SRR22534752	NODE_19029_length_1304_cov_15.986625	30.2	1304	344	1.252907	1.36e-42	acc|GENBANK|QFG74169.1|GENBANK|MN448282|aspartyl protease [Megaviridae environmental sample]	Megaviridae environmental sample	Blastx
SRR22534752	NODE_2197_length_903_cov_63.052874	61.8	903	265	0.513208	1.42e-42	acc|GENBANK|AAG09811.1|GENBANK|AF275345|MADS-box transcription factor JOINTLESS [Solanum lycopersicum]	Solanum lycopersicum	Blastx
SRR22534752	NODE_16238_length_1587_cov_27.579794	36.6	1587	299	0.976589	1.43e-42	acc|GENBANK|QRE02559.1|GENBANK|MN545489|hypothetical protein [Otarine gammaherpesvirus 4]	Otarine gammaherpesvirus 4	Blastx
SRR22534752	NODE_1191_length_2776_cov_41.358367	27.5	2776	672	0.805060	1.53e-42	acc|GENBANK|AYV82044.1|GENBANK|MK072335|AMP-binding enzyme [Homavirus sp.]	Homavirus sp.	Blastx
SRR22534752	NODE_2125_length_281_cov_9372.959677	97.5	281	1960	0.040306	1.84e-42	acc|REFSEQ|YP_009134730.1|REFSEQ|NC_026248|replicase polyprotein [Yam latent virus]	Yam latent virus	Blastx
SRR22534752	NODE_6918_length_799_cov_12.887728	46.1	799	331	0.543807	1.92e-42	acc|GENBANK|QBK88606.1|GENBANK|MK500393|serine/threonine protein kinase [Mimivirus LCMiAC01]	Mimivirus LCMiAC01	Blastx
SRR22534752	NODE_1345_length_1080_cov_18.815664	69.5	1080	1516	0.069261	2.39e-42	acc|GENBANK|USH99796.1|GENBANK|ON752166|putative Ty3-gypsy subclass retrotransposon [Oryza sativa Japonica Group]	Oryza sativa Japonica Group	Blastx
SRR22534752	NODE_14385_length_685_cov_7.532209	34.5	685	320	0.706250	2.42e-42	acc|GENBANK|ARF09286.1|GENBANK|KY684084|serine/threonine protein kinase [Catovirus CTV1]	Catovirus CTV1	Blastx
SRR22534752	NODE_8512_length_594_cov_21.032086	47.6	594	241	0.697095	2.51e-42	acc|GENBANK|AYV79183.1|GENBANK|MK072135|hypothetical protein [Faunusvirus sp.]	Faunusvirus sp.	Blastx
SRR22534752	NODE_30174_length_580_cov_2.393053	52.5	580	678	0.261062	2.67e-42	acc|GENBANK|CCQ71325.1|GENBANK|HF586476|hypothetical kinesin-like protein KIF3 [Cotesia congregata]	Cotesia congregata	Blastx
SRR22534752	NODE_4461_length_1021_cov_18.601215	45.9	1021	925	0.223784	2.70e-42	acc|GENBANK|ABY48139.1|GENBANK|EU306659|NORK [Medicago truncatula]	Medicago truncatula	Blastx
SRR22534752	NODE_39956_length_596_cov_4.262877	50.6	596	706	0.229462	2.83e-42	acc|GENBANK|WGU26822.1|GENBANK|OQ503488|OPT oligopeptide transporter protein [Triticum monococcum]	Triticum monococcum	Blastx
SRR22534752	NODE_3957_length_378_cov_57.344928	61.1	378	282	0.446809	3.01e-42	acc|GENBANK|AAL14448.1|GENBANK|AF397035|heat shock protein Hsc70t [Mus musculus]	Mus musculus	Blastx
SRR22534752	NODE_18759_length_904_cov_8.863375	47.2	904	699	0.233190	3.04e-42	acc|GENBANK|AYV78182.1|GENBANK|MK072071|valyl-tRNA synthetase [Edafosvirus sp.]	Edafosvirus sp.	Blastx
SRR22534752	NODE_39368_length_416_cov_2.496084	53.7	416	479	0.283925	3.42e-42	acc|GENBANK|CCQ71106.1|GENBANK|HF586472|putative N-myristoyltransferase NMT [Cotesia congregata]	Cotesia congregata	Blastx
SRR22534752	NODE_10405_length_764_cov_16.807114	36.8	764	623	0.418941	3.46e-42	acc|GENBANK|BAL14837.1|GENBANK|AB682995|endo-1,4-b-D-glucanase [Oryza sativa Japonica Group]	Oryza sativa Japonica Group	Blastx
SRR22534752	NODE_43745_length_475_cov_8.472851	53.2	475	925	0.166486	3.49e-42	acc|GENBANK|ABY48139.1|GENBANK|EU306659|NORK [Medicago truncatula]	Medicago truncatula	Blastx
SRR22534752	NODE_20010_length_1703_cov_25.834731	39.0	1703	531	0.444444	3.75e-42	acc|GENBANK|AYV75977.1|GENBANK|MK071982|ATP-dependent Lon protease [Terrestrivirus sp.]	Terrestrivirus sp.	Blastx
SRR22534752	NODE_27182_length_674_cov_5.477379	58.4	674	423	0.323877	5.13e-42	acc|GENBANK|CAA38181.1|GENBANK|X54284|phosphoglycerate kinase [Trichoderma viride]	Trichoderma viride	Blastx
SRR22534752	NODE_8887_length_694_cov_6.140696	38.0	694	381	0.643045	5.42e-42	acc|GENBANK|QYA18481.1|GENBANK|MZ420154|replicative polymerase delta family B [Clandestinovirus]	Clandestinovirus	Blastx
SRR22534752	NODE_3941_length_1556_cov_25.489823	33.4	1556	396	0.800505	6.28e-42	acc|GENBANK|QBK92180.1|GENBANK|MK500568|DEAD/DEAH box helicase [Pithovirus LCPAC304]	Pithovirus LCPAC304	Blastx
SRR22534752	NODE_197_length_1056_cov_28.855327	35.1	1056	695	0.385612	6.56e-42	acc|GENBANK|XDO02062.1|GENBANK|PP542043|Type I Glyceraldehyde-3-Phosphate Dehydrogenase [Florenciella sp. virus SA2]	Florenciella sp. virus SA2	Blastx
SRR22534752	NODE_42347_length_954_cov_7.903366	44.4	954	925	0.233514	6.76e-42	acc|GENBANK|ABY48139.1|GENBANK|EU306659|NORK [Medicago truncatula]	Medicago truncatula	Blastx
SRR22534752	NODE_11038_length_1642_cov_9.959602	36.9	1642	919	0.312296	7.72e-42	acc|GENBANK|AYV75146.1|GENBANK|MK071979|plasma membrane ATPase [Terrestrivirus sp.]	Terrestrivirus sp.	Blastx
SRR22534752	NODE_13427_length_531_cov_12.006024	48.0	531	604	0.286424	1.04e-41	acc|GENBANK|ABH08432.1|GENBANK|DQ851167|putative non-inducible immunity 1 [Beta vulgaris]	Beta vulgaris	Blastx
SRR22534752	NODE_33832_length_273_cov_3.162500	75.6	273	1161	0.077519	1.08e-41	acc|GENBANK|AAP06788.1|GENBANK|AY234827|phytochrome B1 apoprotein [Zea mays]	Zea mays	Blastx
SRR22534752	NODE_16806_length_1207_cov_10.334753	34.8	1207	447	0.545861	1.17e-41	acc|REFSEQ|NP_077596.1|REFSEQ|NC_002687|serine-threonine kinase [Ectocarpus siliculosus virus 1]	Ectocarpus siliculosus virus 1	Blastx
SRR22534752	NODE_43451_length_636_cov_5.439469	53.1	636	759	0.193676	1.18e-41	acc|GENBANK|ACN78962.1|GENBANK|FJ225394|methyltransferase [Glycine max]	Glycine max	Blastx
SRR22534752	NODE_8520_length_923_cov_6.556180	33.7	923	405	0.607407	1.21e-41	acc|GENBANK|WGU26824.1|GENBANK|OQ503488|eukaryotic initiation factor 4A-III B-like [Triticum monococcum]	Triticum monococcum	Blastx
SRR22534752	NODE_18092_length_736_cov_5.564723	46.3	736	159	0.937107	1.22e-41	acc|REFSEQ|YP_010781454.1|REFSEQ|NC_075039|NAD-dependent dehydratase [Tupanvirus soda lake]	Tupanvirus soda lake	Blastx
SRR22534752	NODE_8125_length_1776_cov_18.741251	30.5	1776	491	0.767821	1.39e-41	acc|GENBANK|QIG59637.1|GENBANK|MN940577|hypothetical protein [Dishui Lake phycodnavirus 2]	Dishui Lake phycodnavirus 2	Blastx
SRR22534752	NODE_18524_length_278_cov_12.616327	83.5	278	461	0.197397	1.66e-41	acc|GENBANK|AAL14456.1|GENBANK|AF397036|heat shock protein Hsc70t [Mus musculus]	Mus musculus	Blastx
SRR22534752	NODE_42582_length_407_cov_18.176471	60.2	407	776	0.164948	1.81e-41	acc|GENBANK|ABY48135.1|GENBANK|EU306659|beta-D-xylosidase [Medicago truncatula]	Medicago truncatula	Blastx
SRR22534752	NODE_21406_length_1122_cov_25.995409	53.7	1122	1263	0.116390	2.06e-41	acc|GENBANK|AAD26531.1|GENBANK|AF087141|valyl-tRNA synthetase [Mus musculus]	Mus musculus	Blastx
SRR22534752	NODE_40196_length_471_cov_3.785388	48.8	471	912	0.177632	2.16e-41	acc|GENBANK|ACX48824.1|GENBANK|GQ923937|chromomethylase [Zea mays]	Zea mays	Blastx
SRR22534752	NODE_4393_length_1335_cov_46.935484	77.0	1335	102	0.852941	2.16e-41	acc|GENBANK|CAD45443.1|GENBANK|AJ507397|coat protein [Iris mild mosaic virus]	Iris mild mosaic virus	Blastx
SRR22534752	NODE_46073_length_1024_cov_14.880928	41.5	1024	729	0.264746	2.22e-41	acc|REFSEQ|YP_003969830.1|REFSEQ|NC_014637|putative ubiquitin-conjugating enzyme E2 [Cafeteria roenbergensis virus BV-PW1]	Cafeteria roenbergensis virus BV-PW1	Blastx
SRR22534752	NODE_14079_length_1168_cov_26.775330	34.6	1168	503	0.556660	2.28e-41	acc|GENBANK|AYV84350.1|GENBANK|MK072405|threonine ammonia-lyase, biosynthetic [Hyperionvirus sp.]	Hyperionvirus sp.	Blastx
SRR22534752	NODE_998_length_1154_cov_21.462979	32.5	1154	301	1.023256	2.30e-41	acc|GENBANK|ARF12194.1|GENBANK|KY684111|aldo/keto reductase family protein [Klosneuvirus KNV1]	Klosneuvirus KNV1	Blastx
SRR22534752	NODE_17609_length_662_cov_5.801272	50.3	662	325	0.446154	2.30e-41	acc|GENBANK|QDH91349.1|GENBANK|MN036178|hypothetical protein [Partitiviridae sp.]	Partitiviridae sp.	Blastx
SRR22534752	NODE_423_length_508_cov_10.292632	50.0	508	392	0.367347	2.40e-41	acc|GENBANK|AYV77947.1|GENBANK|MK072068|autophagy-related protein 18a-like [Edafosvirus sp.]	Edafosvirus sp.	Blastx
SRR22534752	NODE_2551_length_574_cov_6.452865	47.7	574	261	0.578544	2.69e-41	acc|GENBANK|ARF08832.1|GENBANK|KY684083|caspase domain protein [Catovirus CTV1]	Catovirus CTV1	Blastx
SRR22534752	NODE_1736_length_692_cov_20.972686	51.7	692	226	0.632743	2.71e-41	acc|GENBANK|ARF08362.1|GENBANK|KY684083|cyclophilin type peptidyl-prolyl cis-trans [Catovirus CTV1]	Catovirus CTV1	Blastx
SRR22534752	NODE_40526_length_705_cov_4.200893	43.2	705	181	1.011050	3.44e-41	acc|GENBANK|ARF02703.1|GENBANK|KX857216|SWPV1-102 [Shearwaterpox virus]	Shearwaterpox virus	Blastx
SRR22534752	NODE_26556_length_762_cov_3.031550	39.7	762	480	0.487500	3.74e-41	acc|GENBANK|ASU92288.1|GENBANK|KX759199|kindr F6 [Zea mays]	Zea mays	Blastx
SRR22534752	NODE_17854_length_258_cov_22.857778	78.0	258	112	0.732143	4.04e-41	acc|GENBANK|QDH87640.1|GENBANK|MN033519|hypothetical protein [Mitovirus sp.]	Mitovirus sp.	Blastx
SRR22534752	NODE_11666_length_767_cov_6.147139	39.1	767	392	0.561224	4.07e-41	acc|GENBANK|AYV77947.1|GENBANK|MK072068|autophagy-related protein 18a-like [Edafosvirus sp.]	Edafosvirus sp.	Blastx
SRR22534752	NODE_1198_length_1701_cov_18.497602	33.2	1701	1033	0.362052	4.35e-41	acc|REFSEQ|YP_010782239.1|REFSEQ|NC_075039|putative ATP-citrate synthase [Tupanvirus soda lake]	Tupanvirus soda lake	Blastx
SRR22534752	NODE_1111_length_804_cov_9.636835	47.8	804	299	0.461538	5.60e-41	acc|GENBANK|UOG94093.1|NEIGHBOR|OM876856|serine threonine-protein phosphatase [Aureococcus anophagefferens virus]	Aureococcus anophagefferens virus	Blastx
SRR22534752	NODE_3261_length_1208_cov_9.070638	36.8	1208	870	0.343678	5.66e-41	acc|GENBANK|WZO77437.1|GENBANK|PP681867|ATPase [Chlorovirus sp.]	Chlorovirus sp.	Blastx
SRR22534752	NODE_30661_length_537_cov_10.325397	41.5	537	411	0.515815	7.01e-41	acc|GENBANK|ACN78984.1|GENBANK|FJ225395|cyclin-like F-box [Glycine max]	Glycine max	Blastx
SRR22534752	NODE_16322_length_822_cov_33.117871	45.0	822	212	0.754717	7.10e-41	acc|GENBANK|AYV82031.1|GENBANK|MK072334|Ras-like protein Rab-11A [Homavirus sp.]	Homavirus sp.	Blastx
SRR22534752	NODE_12786_length_1102_cov_3.982226	39.2	1102	531	0.451977	7.50e-41	acc|GENBANK|AYV75977.1|GENBANK|MK071982|ATP-dependent Lon protease [Terrestrivirus sp.]	Terrestrivirus sp.	Blastx
SRR22534752	NODE_9319_length_2107_cov_17.099325	54.9	2107	226	0.637168	8.06e-41	acc|GENBANK|ARF08362.1|GENBANK|KY684083|cyclophilin type peptidyl-prolyl cis-trans [Catovirus CTV1]	Catovirus CTV1	Blastx
SRR22534752	NODE_13457_length_783_cov_4.893333	60.3	783	549	0.229508	9.23e-41	acc|GENBANK|WGU26815.1|GENBANK|OQ503488|pentatricopeptide repeat-containing protein [Triticum monococcum]	Triticum monococcum	Blastx
SRR22534752	NODE_989_length_363_cov_268.851515	63.2	363	229	0.510917	1.10e-40	acc|REFSEQ|YP_009482443.1|REFSEQ|NC_037666|S-phase kinase-associated protein 1 [Pandoravirus neocaledonia]	Pandoravirus neocaledonia	Blastx
SRR22534752	NODE_6593_length_1316_cov_5.051442	68.1	1316	558	0.207885	1.15e-40	acc|GENBANK|QOR60244.1|GENBANK|MK522034|hypothetical protein [Bathycoccus sp. RCC716 virus 1]	Bathycoccus sp. RCC716 virus 1	Blastx
SRR22534752	NODE_42823_length_286_cov_5.916996	83.0	286	245	0.359184	1.21e-40	acc|GENBANK|AEV22379.1|GENBANK|JN969602|VRN1 [Lolium perenne]	Lolium perenne	Blastx
SRR22534752	NODE_41665_length_695_cov_5.829305	34.6	695	1384	0.173410	1.32e-40	acc|GENBANK|ADB85299.1|GENBANK|GQ252825|putative retrotransposon protein [Phyllostachys edulis]	Phyllostachys edulis	Blastx
SRR22534752	NODE_24521_length_414_cov_2.908136	81.3	414	213	0.502347	1.36e-40	acc|GENBANK|AAK76585.1|GENBANK|AY045911|putative copia retroelement pol polyprotein [Arabidopsis thaliana]	Arabidopsis thaliana	Blastx
SRR22534752	NODE_20205_length_659_cov_8.020767	50.0	659	912	0.166667	1.98e-40	acc|GENBANK|ACX48824.1|GENBANK|GQ923937|chromomethylase [Zea mays]	Zea mays	Blastx
SRR22534752	NODE_27643_length_898_cov_4.906358	43.9	898	727	0.257221	2.17e-40	acc|GENBANK|ADB85269.1|GENBANK|GQ252805|putative lectin-like protein kinase [Phyllostachys edulis]	Phyllostachys edulis	Blastx
SRR22534752	NODE_46145_length_895_cov_5.728538	38.6	895	325	0.686154	2.54e-40	acc|GENBANK|AYV76869.1|GENBANK|MK071999|serine/threonine protein kinase [Barrevirus sp.]	Barrevirus sp.	Blastx
SRR22534752	NODE_10318_length_1074_cov_13.888569	33.5	1074	570	0.543860	2.68e-40	acc|GENBANK|AYV82503.1|GENBANK|MK072383|putative vacuolar protein sortingassociated [Hyperionvirus sp.]	Hyperionvirus sp.	Blastx
SRR22534752	NODE_40154_length_561_cov_6.725379	46.9	561	437	0.405034	2.95e-40	acc|REFSEQ|YP_010780137.1|REFSEQ|NC_075038|hypothetical protein [Tupanvirus deep ocean]	Tupanvirus deep ocean	Blastx
SRR22534752	NODE_4359_length_867_cov_15.206235	31.5	867	424	0.712264	3.00e-40	acc|GENBANK|ULY68560.1|GENBANK|OL828820|tRNA guanosine(34) transglycosylase Tgt [Chlorella virus XW01]	Chlorella virus XW01	Blastx
SRR22534752	NODE_41317_length_364_cov_7.722054	63.5	364	1516	0.075858	3.27e-40	acc|GENBANK|USH99796.1|GENBANK|ON752166|putative Ty3-gypsy subclass retrotransposon [Oryza sativa Japonica Group]	Oryza sativa Japonica Group	Blastx
SRR22534752	NODE_40701_length_483_cov_5.057778	48.1	483	179	0.871508	3.39e-40	acc|GENBANK|AYV77848.1|GENBANK|MK072067|peptide-methionine (S)-S-oxide reductase [Edafosvirus sp.]	Edafosvirus sp.	Blastx
SRR22534752	NODE_8860_length_1393_cov_8.935294	36.8	1393	1790	0.150279	3.69e-40	acc|REFSEQ|YP_009481560.1|REFSEQ|NC_037665|serine-threonine kinase [Pandoravirus macleodensis]	Pandoravirus macleodensis	Blastx
SRR22534752	NODE_12272_length_501_cov_32.138889	74.4	501	95	0.947368	3.81e-40	acc|GENBANK|AAL14450.1|GENBANK|AF397035|small ribonuclear protein G7b [Mus musculus]	Mus musculus	Blastx
SRR22534752	NODE_1564_length_861_cov_15.036232	55.6	861	154	0.818182	4.12e-40	acc|GENBANK|AGQ04568.1|GENBANK|KC611147|rice yellow mottle virus 1-like protein [Oryza longistaminata]	Oryza longistaminata	Blastx
SRR22534752	NODE_48796_length_1037_cov_12.239044	31.9	1037	808	0.414604	4.46e-40	acc|GENBANK|QYA18543.1|GENBANK|MZ420154|dynamin 1-like protein [Clandestinovirus]	Clandestinovirus	Blastx
SRR22534752	NODE_5095_length_772_cov_9.860622	38.2	772	275	0.800000	4.73e-40	acc|GENBANK|QBK86962.1|GENBANK|MK500339|translation initiation factor 2, alpha subunit [Marseillevirus LCMAC103]	Marseillevirus LCMAC103	Blastx
SRR22534752	NODE_44405_length_621_cov_16.008503	59.0	621	299	0.391304	4.87e-40	acc|GENBANK|UOG94093.1|NEIGHBOR|OM876856|serine threonine-protein phosphatase [Aureococcus anophagefferens virus]	Aureococcus anophagefferens virus	Blastx
SRR22534752	NODE_38941_length_755_cov_9.951524	56.1	755	201	0.691542	5.75e-40	acc|GENBANK|WGU26826.1|GENBANK|OQ503488|casparian strip membrane protein [Triticum monococcum]	Triticum monococcum	Blastx
SRR22534752	NODE_25988_length_336_cov_3.920792	84.3	336	189	0.470899	5.76e-40	acc|REFSEQ|YP_009465730.1|REFSEQ|NC_037057|hypothetical protein [Dishui lake phycodnavirus 1]	Dishui lake phycodnavirus 1	Blastx
SRR22534752	NODE_6341_length_373_cov_9.214706	62.5	373	623	0.179775	6.04e-40	acc|GENBANK|BAL14837.1|GENBANK|AB682995|endo-1,4-b-D-glucanase [Oryza sativa Japonica Group]	Oryza sativa Japonica Group	Blastx
SRR22534752	NODE_16474_length_1098_cov_9.918310	47.8	1098	657	0.280061	8.21e-40	acc|GENBANK|CAK7596747.1|GENBANK|OZ003748|Heat shock protein Hsp90 family [Catovirus sp. 'naegleriensis']	Catovirus sp. 'naegleriensis'	Blastx
SRR22534752	NODE_44220_length_364_cov_5.302115	63.2	364	1516	0.075198	8.29e-40	acc|GENBANK|USH99796.1|GENBANK|ON752166|putative Ty3-gypsy subclass retrotransposon [Oryza sativa Japonica Group]	Oryza sativa Japonica Group	Blastx
SRR22534752	NODE_489_length_604_cov_16.479860	38.7	604	412	0.526699	8.36e-40	acc|GENBANK|AAR26919.1|GENBANK|AY225134|FirrV-1-B44 [Feldmannia irregularis virus a]	Feldmannia irregularis virus a	Blastx
SRR22534752	NODE_1583_length_592_cov_8.288014	51.7	592	776	0.189433	8.62e-40	acc|GENBANK|ABY48135.1|GENBANK|EU306659|beta-D-xylosidase [Medicago truncatula]	Medicago truncatula	Blastx
SRR22534752	NODE_16630_length_659_cov_37.206070	59.5	659	194	0.572165	9.62e-40	acc|GENBANK|AYV76261.1|GENBANK|MK071983|CuZnSOD [Terrestrivirus sp.]	Terrestrivirus sp.	Blastx
SRR22534752	NODE_16405_length_1270_cov_9.534357	30.3	1270	712	0.417135	1.01e-39	acc|GENBANK|QKF94394.1|GENBANK|MT418680|phosphatidylinositol kinase [Fadolivirus FV1/VV64]	Fadolivirus FV1/VV64	Blastx
SRR22534752	NODE_15183_length_417_cov_3.903646	57.8	417	623	0.163724	1.08e-39	acc|GENBANK|BAL14837.1|GENBANK|AB682995|endo-1,4-b-D-glucanase [Oryza sativa Japonica Group]	Oryza sativa Japonica Group	Blastx
SRR22534752	NODE_11559_length_1505_cov_87.133152	32.1	1505	379	0.878628	1.17e-39	acc|GENBANK|AAT99858.1|GENBANK|AY598438|unknown [Diachasmimorpha longicaudata entomopoxvirus]	Diachasmimorpha longicaudata entomopoxvirus	Blastx
SRR22534752	NODE_7638_length_489_cov_5.785088	75.8	489	759	0.119895	1.17e-39	acc|GENBANK|ACN78962.1|GENBANK|FJ225394|methyltransferase [Glycine max]	Glycine max	Blastx
SRR22534752	NODE_36347_length_290_cov_1.233463	75.0	290	465	0.172043	1.18e-39	acc|GENBANK|AGL44352.1|GENBANK|JX392394|reverse transcriptase-like domain-containing RBR [Glycine max]	Glycine max	Blastx
SRR22534752	NODE_1878_length_1099_cov_24.061914	47.5	1099	249	0.718876	1.19e-39	acc|GENBANK|QKY77335.1|GENBANK|MT637187|MADS-box transcription factor SHP1.A9 [Brassica napus]	Brassica napus	Blastx
SRR22534752	NODE_13708_length_546_cov_13.192982	45.4	546	759	0.229249	1.23e-39	acc|GENBANK|ACN78962.1|GENBANK|FJ225394|methyltransferase [Glycine max]	Glycine max	Blastx
SRR22534752	NODE_6092_length_826_cov_5.622951	33.6	826	320	0.706250	1.25e-39	acc|GENBANK|ARF09286.1|GENBANK|KY684084|serine/threonine protein kinase [Catovirus CTV1]	Catovirus CTV1	Blastx
SRR22534752	NODE_19070_length_840_cov_4.701363	38.7	840	2224	0.101169	1.27e-39	acc|GENBANK|AYV81995.1|GENBANK|MK072332|putative CAD protein isoform X1 [Homavirus sp.]	Homavirus sp.	Blastx
SRR22534752	NODE_33888_length_1055_cov_12.790607	49.0	1055	364	0.538462	1.31e-39	acc|GENBANK|ADB85405.1|GENBANK|GQ252886|putative protein kinase [Phyllostachys edulis]	Phyllostachys edulis	Blastx
SRR22534752	NODE_12015_length_366_cov_1.360360	72.0	366	392	0.237245	1.32e-39	acc|GENBANK|ABV72583.1|GENBANK|EU155081|unknown [Oryza sativa Japonica Group]	Oryza sativa Japonica Group	Blastx
SRR22534752	NODE_2655_length_319_cov_126.062937	63.8	319	228	0.460526	1.36e-39	acc|GENBANK|ATZ80220.1|GENBANK|MF782455|cyclophilin ABH-like protein [Bodo saltans virus]	Bodo saltans virus	Blastx
SRR22534752	NODE_26715_length_1028_cov_5.782915	37.3	1028	488	0.510246	1.46e-39	acc|GENBANK|QBK85428.1|GENBANK|MK500327|polyADP-ribose polymerase [Marseillevirus LCMAC101]	Marseillevirus LCMAC101	Blastx
SRR22534752	NODE_2612_length_1089_cov_4.803977	37.5	1089	925	0.383784	1.72e-39	acc|GENBANK|ABY48139.1|GENBANK|EU306659|NORK [Medicago truncatula]	Medicago truncatula	Blastx
SRR22534752	NODE_14581_length_1027_cov_10.364185	34.9	1027	2466	0.100973	1.74e-39	acc|GENBANK|AOZ57106.1|GENBANK|KX608896|Serine threonine-protein kinase TOR [Saccharum hybrid cultivar R570]	Saccharum hybrid cultivar R570	Blastx
SRR22534752	NODE_50761_length_807_cov_9.720930	39.7	807	925	0.252973	1.88e-39	acc|GENBANK|ABY48139.1|GENBANK|EU306659|NORK [Medicago truncatula]	Medicago truncatula	Blastx
SRR22534752	NODE_16624_length_1049_cov_10.000000	36.2	1049	299	0.812709	2.06e-39	acc|GENBANK|QRE02559.1|GENBANK|MN545489|hypothetical protein [Otarine gammaherpesvirus 4]	Otarine gammaherpesvirus 4	Blastx
SRR22534752	NODE_41447_length_504_cov_4.685775	47.1	504	832	0.186298	2.31e-39	acc|GENBANK|BAD00047.1|GENBANK|AB119282|Fusion protein, Feo [Hepacivirus hominis]	Hepacivirus hominis	Blastx
SRR22534752	NODE_43796_length_1346_cov_8.392232	39.5	1346	325	0.646154	2.46e-39	acc|GENBANK|QDH91349.1|GENBANK|MN036178|hypothetical protein [Partitiviridae sp.]	Partitiviridae sp.	Blastx
SRR22534752	NODE_14772_length_1269_cov_9.111650	29.9	1269	467	0.880086	2.68e-39	acc|GENBANK|API81738.1|NEIGHBOR|KU052222|hypothetical protein [Cafeteriavirus-dependent mavirus]	Cafeteriavirus-dependent mavirus	Blastx
SRR22534752	NODE_46349_length_1055_cov_4.861057	32.5	1055	471	0.619958	2.70e-39	acc|GENBANK|AFV13457.1|GENBANK|JQ314445|UDPG-flavonoid 3-O-glucosyl transferase [Tripsacum dactyloides]	Tripsacum dactyloides	Blastx
SRR22534752	NODE_7087_length_1896_cov_18.320988	38.6	1896	204	0.990196	2.83e-39	acc|GENBANK|ARF08647.1|GENBANK|KY684083|phosphoribulokinase / Uridine kinase family [Catovirus CTV1]	Catovirus CTV1	Blastx
SRR22534752	NODE_6090_length_407_cov_9.296791	53.7	407	309	0.391586	2.90e-39	acc|GENBANK|QKF93832.1|GENBANK|MT418680|serine/threonine-protein kinase [Fadolivirus FV1/VV64]	Fadolivirus FV1/VV64	Blastx
SRR22534752	NODE_46948_length_743_cov_13.664789	43.2	743	439	0.505695	3.15e-39	acc|GENBANK|AAK92822.1|GENBANK|AY050885|putative replicase [Arabidopsis thaliana]	Arabidopsis thaliana	Blastx
SRR22534752	NODE_14834_length_671_cov_3.087774	51.8	671	678	0.241888	3.37e-39	acc|GENBANK|CCQ71325.1|GENBANK|HF586476|hypothetical kinesin-like protein KIF3 [Cotesia congregata]	Cotesia congregata	Blastx
SRR22534752	NODE_26785_length_963_cov_4.063441	32.7	963	925	0.294054	3.47e-39	acc|GENBANK|ABY48139.1|GENBANK|EU306659|NORK [Medicago truncatula]	Medicago truncatula	Blastx
SRR22534752	NODE_15291_length_666_cov_3.840442	50.6	666	476	0.323529	3.63e-39	acc|GENBANK|QPI16652.1|GENBANK|MW030591|serine endoprotease [Virus NIOZ-UU159]	Virus NIOZ-UU159	Blastx
SRR22534752	NODE_3406_length_794_cov_79.248357	40.9	794	498	0.441767	3.64e-39	acc|GENBANK|XHA59766.1|GENBANK|OR863077|thermosome [Poseidoniales virus]	Poseidoniales virus	Blastx
SRR22534752	NODE_42281_length_591_cov_4.698925	41.8	591	925	0.211892	3.88e-39	acc|GENBANK|ABY48139.1|GENBANK|EU306659|NORK [Medicago truncatula]	Medicago truncatula	Blastx
SRR22534752	NODE_19328_length_1056_cov_2.628543	36.4	1056	630	0.396825	4.21e-39	acc|REFSEQ|YP_009001225.1|REFSEQ|NC_023423|ABC transporter [Pithovirus sibericum]	Pithovirus sibericum	Blastx
SRR22534752	NODE_3925_length_1031_cov_12.940882	70.0	1031	666	0.165165	4.52e-39	acc|GENBANK|XDO02262.1|GENBANK|PP542043|Atp-Dependent Zinc Metalloprotease [Florenciella sp. virus SA2]	Florenciella sp. virus SA2	Blastx
SRR22534752	NODE_36441_length_282_cov_6.795181	83.1	282	189	0.439153	4.57e-39	acc|REFSEQ|YP_009465730.1|REFSEQ|NC_037057|hypothetical protein [Dishui lake phycodnavirus 1]	Dishui lake phycodnavirus 1	Blastx
SRR22534752	NODE_1152_length_205_cov_20.244186	93.8	205	113	0.575221	5.39e-39	acc|GENBANK|QDH76139.1|GENBANK|MK948414|putative gag protein [Porcine endogenous retrovirus]	Porcine endogenous retrovirus	Blastx
SRR22534752	NODE_22993_length_463_cov_3.418605	50.3	463	337	0.454006	5.61e-39	acc|GENBANK|ABH08433.1|GENBANK|DQ851167|putative heat shock factor [Beta vulgaris]	Beta vulgaris	Blastx
SRR22534752	NODE_15340_length_457_cov_82.754717	61.0	457	128	0.921875	6.98e-39	acc|GENBANK|CAA42007.1|GENBANK|X59357|Epstein-Barr virus small RNA associated protein [Homo sapiens]	Homo sapiens	Blastx
SRR22534752	NODE_19563_length_718_cov_6.589781	38.1	718	1618	0.139679	7.11e-39	acc|GENBANK|AVL95162.1|GENBANK|MG807320|putative serine/threonine protein kinase [Moumouvirus australiensis]	Moumouvirus australiensis	Blastx
SRR22534752	NODE_36918_length_391_cov_2.245810	57.3	391	623	0.187801	7.41e-39	acc|GENBANK|BAL14837.1|GENBANK|AB682995|endo-1,4-b-D-glucanase [Oryza sativa Japonica Group]	Oryza sativa Japonica Group	Blastx
SRR22534752	NODE_18270_length_804_cov_6.892348	44.2	804	925	0.205405	8.55e-39	acc|GENBANK|ABY48139.1|GENBANK|EU306659|NORK [Medicago truncatula]	Medicago truncatula	Blastx
SRR22534752	NODE_1868_length_898_cov_22.594220	32.6	898	467	0.663812	8.78e-39	acc|GENBANK|API81738.1|NEIGHBOR|KU052222|hypothetical protein [Cafeteriavirus-dependent mavirus]	Cafeteriavirus-dependent mavirus	Blastx
SRR22534752	NODE_165_length_615_cov_1.505155	88.2	615	1298	0.065485	1.02e-38	acc|GENBANK|BAD34493.1|GENBANK|AB162659|Gag-Pol [Ipomoea batatas]	Ipomoea batatas	Blastx
SRR22534752	NODE_13851_length_951_cov_6.567538	47.1	951	925	0.185946	1.06e-38	acc|GENBANK|ABY48139.1|GENBANK|EU306659|NORK [Medicago truncatula]	Medicago truncatula	Blastx
SRR22534752	NODE_16057_length_539_cov_31.891304	47.1	539	371	0.423181	1.43e-38	acc|GENBANK|WNO13897.1|GENBANK|OQ968270|capsid protein [Berere partitivirus]	Berere partitivirus	Blastx
SRR22534752	NODE_9032_length_858_cov_3.993939	55.5	858	421	0.325416	1.44e-38	acc|GENBANK|AGP03657.1|GENBANK|KF220834|integrase-type DNA-binding superfamily protein [Glycine max]	Glycine max	Blastx
SRR22534752	NODE_4695_length_851_cov_35.695599	32.8	851	447	0.592841	1.50e-38	acc|REFSEQ|NP_077596.1|REFSEQ|NC_002687|serine-threonine kinase [Ectocarpus siliculosus virus 1]	Ectocarpus siliculosus virus 1	Blastx
SRR22534752	NODE_44377_length_647_cov_11.710098	37.8	647	459	0.409586	1.63e-38	acc|GENBANK|BBI30359.1|GENBANK|AP018495|beta-galactosidase [Acanthamoeba castellanii medusavirus J1]	Acanthamoeba castellanii medusavirus J1	Blastx
SRR22534752	NODE_38398_length_558_cov_4.112381	63.4	558	1946	0.051901	1.86e-38	acc|GENBANK|ADB85424.1|GENBANK|GQ252887|putative retrotransposon protein [Phyllostachys edulis]	Phyllostachys edulis	Blastx
SRR22534752	NODE_37931_length_315_cov_4.187943	89.6	315	371	0.207547	1.90e-38	acc|GENBANK|AIG55114.1|GENBANK|KJ629227|replication-associated protein [Dioscorea transversa]	Dioscorea transversa	Blastx
SRR22534752	NODE_14260_length_452_cov_4.961814	55.3	452	407	0.324324	1.97e-38	acc|GENBANK|ARF08154.1|GENBANK|KY684083|acetamidase/formamidase family protein [Catovirus CTV1]	Catovirus CTV1	Blastx
SRR22534752	NODE_40179_length_371_cov_4.476331	55.4	371	392	0.285714	2.08e-38	acc|GENBANK|ABV72583.1|GENBANK|EU155081|unknown [Oryza sativa Japonica Group]	Oryza sativa Japonica Group	Blastx
SRR22534752	NODE_4234_length_300_cov_28.423221	64.9	300	682	0.142229	2.27e-38	acc|GENBANK|QOI90314.1|GENBANK|MT663535|hypothetical protein [Pyramimonas orientalis virus]	Pyramimonas orientalis virus	Blastx
SRR22534752	NODE_11088_length_2455_cov_19.660611	28.6	2455	495	1.018182	2.32e-38	acc|GENBANK|AUR45128.1|GENBANK|KY550224|global transactivator protein [Spilosoma obliqua nucleopolyhedrosis virus]	Spilosoma obliqua nucleopolyhedrosis virus	Blastx
SRR22534752	NODE_2658_length_1525_cov_15.201072	29.9	1525	1506	0.255644	2.32e-38	acc|REFSEQ|YP_009001498.1|REFSEQ|NC_023426|ABC transporter [Alphaentomopoxvirus acuprea]	Alphaentomopoxvirus acuprea	Blastx
SRR22534752	NODE_21211_length_288_cov_3.603922	61.7	288	148	0.635135	3.46e-38	acc|GENBANK|AAY87192.1|GENBANK|DQ054409|reverse transcriptase [Cycas revoluta]	Cycas revoluta	Blastx
SRR22534752	NODE_18471_length_1175_cov_36.033275	29.5	1175	702	0.444444	3.63e-38	acc|GENBANK|ARF12034.1|GENBANK|KY684110|copper amine oxidase [Klosneuvirus KNV1]	Klosneuvirus KNV1	Blastx
SRR22534752	NODE_11344_length_1536_cov_10.517631	33.6	1536	383	0.947781	4.00e-38	acc|GENBANK|ARF12201.1|GENBANK|KY684111|serine/threonine protein kinase [Klosneuvirus KNV1]	Klosneuvirus KNV1	Blastx
SRR22534752	NODE_41701_length_540_cov_3.575937	46.9	540	360	0.450000	4.62e-38	acc|GENBANK|QBK88998.1|GENBANK|MK500406|GDP-mannose 4,6 dehydratase [Mimivirus LCMiAC02]	Mimivirus LCMiAC02	Blastx
SRR22534752	NODE_5617_length_304_cov_2.151292	61.9	304	359	0.270195	4.99e-38	acc|GENBANK|AGE50238.1|GENBANK|JX997158|GDP-L-fucose synthase 2 [Acanthocystis turfacea Chlorella virus Canal-1]	Acanthocystis turfacea Chlorella virus Canal-1	Blastx
SRR22534752	NODE_622_length_1289_cov_14.035828	36.1	1289	1663	0.171377	5.00e-38	acc|GENBANK|BBI30152.1|GENBANK|AP018495|Ser/Thr protein kinase [Acanthamoeba castellanii medusavirus J1]	Acanthamoeba castellanii medusavirus J1	Blastx
SRR22534752	NODE_11542_length_255_cov_15918.833333	79.8	255	1960	0.042857	5.08e-38	acc|REFSEQ|YP_009134730.1|REFSEQ|NC_026248|replicase polyprotein [Yam latent virus]	Yam latent virus	Blastx
SRR22534752	NODE_38775_length_601_cov_2.110915	46.8	601	593	0.288364	5.30e-38	acc|GENBANK|XCA47343.1|GENBANK|PP911589|hypothetical protein [Micromonas commoda virus]	Micromonas commoda virus	Blastx
SRR22534752	NODE_40482_length_483_cov_8.815556	44.4	483	202	0.712871	6.05e-38	acc|GENBANK|QBK85899.1|GENBANK|MK500328|exonuclease [Marseillevirus LCMAC101]	Marseillevirus LCMAC101	Blastx
SRR22534752	NODE_45713_length_471_cov_14.057078	62.3	471	203	0.522167	7.62e-38	acc|GENBANK|AYV75892.1|GENBANK|MK071981|putative Ras-related protein Rab7 [Terrestrivirus sp.]	Terrestrivirus sp.	Blastx
SRR22534752	NODE_10349_length_1416_cov_11.618221	29.3	1416	453	0.902870	7.64e-38	acc|GENBANK|QFG74614.1|GENBANK|MN448289|FAD binding domain of DNA photolyase [Megaviridae environmental sample]	Megaviridae environmental sample	Blastx
SRR22534752	NODE_9231_length_904_cov_6.303100	42.5	904	371	0.501348	8.69e-38	acc|GENBANK|WNO13897.1|GENBANK|OQ968270|capsid protein [Berere partitivirus]	Berere partitivirus	Blastx
SRR22534752	NODE_37808_length_506_cov_3.126850	43.7	506	379	0.416887	8.71e-38	acc|GENBANK|ADB85364.1|GENBANK|GQ252868|putative alcohol dehydrogenase 2 [Phyllostachys edulis]	Phyllostachys edulis	Blastx
SRR22534752	NODE_3467_length_861_cov_8.978261	39.7	861	925	0.225946	9.63e-38	acc|GENBANK|ABY48139.1|GENBANK|EU306659|NORK [Medicago truncatula]	Medicago truncatula	Blastx
SRR22534752	NODE_8331_length_1252_cov_6.643150	31.2	1252	477	0.832285	1.01e-37	acc|GENBANK|AYV78014.1|GENBANK|MK072068|elongation factor 1 alpha long form [Edafosvirus sp.]	Edafosvirus sp.	Blastx
SRR22534752	NODE_20195_length_1277_cov_4.109325	45.5	1277	925	0.204324	1.18e-37	acc|GENBANK|ABY48139.1|GENBANK|EU306659|NORK [Medicago truncatula]	Medicago truncatula	Blastx
SRR22534752	NODE_73_length_366_cov_3.693694	74.1	366	335	0.253731	1.37e-37	acc|GENBANK|ABY48132.1|GENBANK|EU306659|GH1 protein [Medicago truncatula]	Medicago truncatula	Blastx
SRR22534752	NODE_18045_length_472_cov_105.569476	46.5	472	212	0.599057	1.39e-37	acc|GENBANK|AYV84543.1|GENBANK|MK072410|hypothetical protein [Hyperionvirus sp.]	Hyperionvirus sp.	Blastx
SRR22534752	NODE_43609_length_1030_cov_5.781344	35.9	1030	493	0.519270	1.60e-37	acc|REFSEQ|YP_009172548.1|REFSEQ|NC_028091|hypothetical protein [Ostreococcus lucimarinus virus 2]	Ostreococcus lucimarinus virus 2	Blastx
SRR22534752	NODE_11261_length_1314_cov_15.015613	38.4	1314	261	0.988506	1.62e-37	acc|GENBANK|AYV79236.1|GENBANK|MK072137|serine/threonine protein phosphatase [Faunusvirus sp.]	Faunusvirus sp.	Blastx
SRR22534752	NODE_18795_length_880_cov_12.182999	34.9	880	321	0.847352	1.77e-37	acc|GENBANK|WIL03931.1|GENBANK|OQ413577|2-hydroxyacid dehydrogenase [Cedratvirus lena]	Cedratvirus lena	Blastx
SRR22534752	NODE_42472_length_208_cov_16.188571	95.7	208	177	0.389831	2.17e-37	acc|GENBANK|AAD44038.1|GENBANK|AF104021|polyprotein [Bovine viral diarrhea virus 2]	Bovine viral diarrhea virus 2	Blastx
SRR22534752	NODE_35408_length_261_cov_2.236842	76.5	261	1472	0.057745	2.60e-37	acc|GENBANK|AAL68641.1|GENBANK|AF458765|polyprotein [Oryza sativa Japonica Group]	Oryza sativa Japonica Group	Blastx
SRR22534752	NODE_9588_length_1585_cov_25.695876	37.5	1585	919	0.287269	2.62e-37	acc|GENBANK|AYV75146.1|GENBANK|MK071979|plasma membrane ATPase [Terrestrivirus sp.]	Terrestrivirus sp.	Blastx
SRR22534752	NODE_4233_length_223_cov_14.731579	83.8	223	520	0.142308	2.84e-37	acc|GENBANK|APO14197.1|GENBANK|KX098475|truncated DELLA protein [Setaria italica]	Setaria italica	Blastx
SRR22534752	NODE_18897_length_513_cov_25.004167	39.9	513	209	0.755981	2.97e-37	acc|GENBANK|CAK7596599.1|GENBANK|OZ003748|Small GTPase [Catovirus sp. 'naegleriensis']	Catovirus sp. 'naegleriensis'	Blastx
SRR22534752	NODE_1293_length_959_cov_14.213823	36.5	959	392	0.558673	3.01e-37	acc|GENBANK|AYV77947.1|GENBANK|MK072068|autophagy-related protein 18a-like [Edafosvirus sp.]	Edafosvirus sp.	Blastx
SRR22534752	NODE_27223_length_1273_cov_3.875806	29.1	1273	571	0.674256	3.04e-37	acc|GENBANK|QPI16192.1|GENBANK|MW030542|DNA primase/helicase [Virus NIOZ-UU157]	Virus NIOZ-UU157	Blastx
SRR22534752	NODE_7889_length_678_cov_57.675969	39.6	678	299	0.565217	3.06e-37	acc|GENBANK|UOG94093.1|NEIGHBOR|OM876856|serine threonine-protein phosphatase [Aureococcus anophagefferens virus]	Aureococcus anophagefferens virus	Blastx
SRR22534752	NODE_18984_length_1106_cov_7.291705	30.7	1106	523	0.667304	3.27e-37	acc|GENBANK|AYV78352.1|GENBANK|MK072075|uncharacterized protein [Edafosvirus sp.]	Edafosvirus sp.	Blastx
SRR22534752	NODE_10754_length_805_cov_12.734456	42.1	805	988	0.192308	3.55e-37	acc|GENBANK|ARF11555.1|GENBANK|KY684108|ubiquitin-activating enzyme E1 [Klosneuvirus KNV1]	Klosneuvirus KNV1	Blastx
SRR22534752	NODE_36556_length_565_cov_4.281955	42.4	565	642	0.308411	3.59e-37	acc|GENBANK|ARF10282.1|GENBANK|KY684103|dynamin family protein [Hokovirus HKV1]	Hokovirus HKV1	Blastx
SRR22534752	NODE_3901_length_1256_cov_34.294358	36.3	1256	261	0.992337	4.15e-37	acc|GENBANK|AYV79236.1|GENBANK|MK072137|serine/threonine protein phosphatase [Faunusvirus sp.]	Faunusvirus sp.	Blastx
SRR22534752	NODE_36569_length_515_cov_3.064315	49.7	515	2037	0.073147	4.42e-37	acc|GENBANK|ABG37663.1|GENBANK|DQ536170|CCHC-type integrase [Populus trichocarpa]	Populus trichocarpa	Blastx
SRR22534752	NODE_13764_length_701_cov_22.723054	49.3	701	155	0.890323	4.85e-37	acc|GENBANK|AYV75765.1|GENBANK|MK071981|ubiquitin-conjugating enzyme E2-17 kDa 3 [Terrestrivirus sp.]	Terrestrivirus sp.	Blastx
SRR22534752	NODE_50500_length_396_cov_2.319559	62.4	396	203	0.497537	4.88e-37	acc|GENBANK|AYV75892.1|GENBANK|MK071981|putative Ras-related protein Rab7 [Terrestrivirus sp.]	Terrestrivirus sp.	Blastx
SRR22534752	NODE_9186_length_832_cov_9.474343	43.5	832	170	0.864706	4.93e-37	acc|REFSEQ|YP_003358229.2|REFSEQ|NC_013668|nucleoside diphosphate kinase [Anguillid herpesvirus 1]	Anguillid herpesvirus 1	Blastx
SRR22534752	NODE_17881_length_426_cov_2.783715	50.4	426	1263	0.108472	4.98e-37	acc|GENBANK|AAD26531.1|GENBANK|AF087141|valyl-tRNA synthetase [Mus musculus]	Mus musculus	Blastx
SRR22534752	NODE_6909_length_247_cov_239.341121	72.0	247	175	0.468571	4.99e-37	acc|GENBANK|ARF09402.1|GENBANK|KY684085|ubiquitin-conjugating enzyme E2 [Indivirus ILV1]	Indivirus ILV1	Blastx
SRR22534752	NODE_20043_length_247_cov_222.341121	72.0	247	175	0.468571	4.99e-37	acc|GENBANK|ARF09402.1|GENBANK|KY684085|ubiquitin-conjugating enzyme E2 [Indivirus ILV1]	Indivirus ILV1	Blastx
SRR22534752	NODE_19574_length_627_cov_11.924242	45.5	627	593	0.296796	5.04e-37	acc|GENBANK|XCA47343.1|GENBANK|PP911589|hypothetical protein [Micromonas commoda virus]	Micromonas commoda virus	Blastx
SRR22534752	NODE_1584_length_600_cov_68.451499	49.6	600	337	0.406528	6.11e-37	acc|GENBANK|QDY52204.1|GENBANK|MK250089|acetohydroxy acid isomeroreductase [Mimiviridae sp. ChoanoV1]	Mimiviridae sp. ChoanoV1	Blastx
SRR22534752	NODE_5843_length_1415_cov_8.895803	34.0	1415	506	0.569170	6.32e-37	acc|GENBANK|QBK92268.1|GENBANK|MK500571|putative serine/threonine protein kinase [Pithovirus LCPAC304]	Pithovirus LCPAC304	Blastx
SRR22534752	NODE_2645_length_1374_cov_5.791946	38.4	1374	480	0.477083	6.37e-37	acc|GENBANK|WZO87318.1|GENBANK|PP681894|NADH dehydrogenase [Chlorovirus sp.]	Chlorovirus sp.	Blastx
SRR22534752	NODE_34151_length_571_cov_4.916357	39.9	571	496	0.368952	6.51e-37	acc|GENBANK|ACN78958.1|GENBANK|FJ225394|dehydration responsive protein [Glycine max]	Glycine max	Blastx
SRR22534752	NODE_369_length_594_cov_12.757576	43.8	594	480	0.422917	6.88e-37	acc|GENBANK|ASU92288.1|GENBANK|KX759199|kindr F6 [Zea mays]	Zea mays	Blastx
SRR22534752	NODE_8552_length_618_cov_22.733333	35.2	618	510	0.411765	6.94e-37	acc|REFSEQ|YP_009448801.1|REFSEQ|NC_036594|serine-threonine kinase [Orpheovirus IHUMI-LCC2]	Orpheovirus IHUMI-LCC2	Blastx
SRR22534752	NODE_33730_length_602_cov_4.263620	55.2	602	299	0.351171	7.25e-37	acc|GENBANK|UOG94093.1|NEIGHBOR|OM876856|serine threonine-protein phosphatase [Aureococcus anophagefferens virus]	Aureococcus anophagefferens virus	Blastx
SRR22534752	NODE_31402_length_271_cov_3.247899	67.1	271	177	0.480226	7.33e-37	acc|GENBANK|ABK32208.1|GENBANK|DQ890165|VRN3 [Triticum aestivum]	Triticum aestivum	Blastx
SRR22534752	NODE_40831_length_456_cov_6.307329	52.3	456	299	0.364548	7.51e-37	acc|GENBANK|UOG94093.1|NEIGHBOR|OM876856|serine threonine-protein phosphatase [Aureococcus anophagefferens virus]	Aureococcus anophagefferens virus	Blastx
SRR22534752	NODE_20251_length_469_cov_6.827982	70.2	469	357	0.263305	7.78e-37	acc|GENBANK|ABB29305.1|GENBANK|DQ219419|NADPH-dependent reductase [Zea mays]	Zea mays	Blastx
SRR22534752	NODE_5401_length_514_cov_23.031185	56.9	514	112	0.973214	7.94e-37	acc|REFSEQ|YP_009173244.1|REFSEQ|NC_028093|hypothetical protein [Ostreococcus lucimarinus virus 7]	Ostreococcus lucimarinus virus 7	Blastx
SRR22534752	NODE_17891_length_1330_cov_5.977641	37.5	1330	803	0.332503	8.42e-37	acc|GENBANK|QKF93649.1|GENBANK|MT418680|ubiquitin-conjugating enzyme E2 [Fadolivirus FV1/VV64]	Fadolivirus FV1/VV64	Blastx
SRR22534752	NODE_15664_length_358_cov_1.436923	69.8	358	170	0.505882	9.40e-37	acc|GENBANK|ACP44142.1|GENBANK|FJ267517|DNA polymerase [Bathycoccus virus BpV161]	Bathycoccus virus BpV161	Blastx
SRR22534752	NODE_23090_length_451_cov_5.375598	52.0	451	832	0.180288	1.15e-36	acc|GENBANK|BAD00047.1|GENBANK|AB119282|Fusion protein, Feo [Hepacivirus hominis]	Hepacivirus hominis	Blastx
SRR22534752	NODE_5209_length_1101_cov_44.375468	32.3	1101	353	0.878187	1.22e-36	acc|GENBANK|QBK89257.1|GENBANK|MK500410|protein phosphatase 2C [Mimivirus LCMiAC02]	Mimivirus LCMiAC02	Blastx
SRR22534752	NODE_27179_length_607_cov_3.487805	68.1	607	337	0.278932	1.29e-36	acc|GENBANK|ABH08433.1|GENBANK|DQ851167|putative heat shock factor [Beta vulgaris]	Beta vulgaris	Blastx
SRR22534752	NODE_17795_length_444_cov_16.654501	48.6	444	321	0.448598	1.50e-36	acc|GENBANK|QFG74498.1|GENBANK|MN448289|papain family cysteine protease [Megaviridae environmental sample]	Megaviridae environmental sample	Blastx
SRR22534752	NODE_18855_length_515_cov_8.713693	52.9	515	272	0.437500	1.55e-36	acc|GENBANK|AYV78356.1|GENBANK|MK072075|E3 ubiquitin-protein ligase RGLG1 [Edafosvirus sp.]	Edafosvirus sp.	Blastx
SRR22534752	NODE_18489_length_490_cov_4.487965	50.0	490	136	0.985294	1.75e-36	acc|GENBANK|CAA73819.1|GENBANK|Y13389|reverse transcriptase [Antirrhinum majus]	Antirrhinum majus	Blastx
SRR22534752	NODE_50154_length_274_cov_0.970954	68.9	274	953	0.094439	1.95e-36	acc|GENBANK|ACB28472.1|GENBANK|EU522675|polyprotein [Ananas comosus]	Ananas comosus	Blastx
SRR22534752	NODE_19309_length_575_cov_4.431734	58.2	575	193	0.569948	2.14e-36	acc|REFSEQ|YP_009481299.1|REFSEQ|NC_037665|Histone H2B domain containing protein [Pandoravirus macleodensis]	Pandoravirus macleodensis	Blastx
SRR22534752	NODE_24586_length_358_cov_2.830769	62.4	358	212	0.476415	2.16e-36	acc|GENBANK|AYV82031.1|GENBANK|MK072334|Ras-like protein Rab-11A [Homavirus sp.]	Homavirus sp.	Blastx
SRR22534752	NODE_45857_length_480_cov_10.076063	47.4	480	925	0.168649	2.39e-36	acc|GENBANK|ABY48139.1|GENBANK|EU306659|NORK [Medicago truncatula]	Medicago truncatula	Blastx
SRR22534752	NODE_132_length_619_cov_7.564846	47.3	619	925	0.182703	2.59e-36	acc|GENBANK|ABY48139.1|GENBANK|EU306659|NORK [Medicago truncatula]	Medicago truncatula	Blastx
SRR22534752	NODE_15388_length_711_cov_19.348083	39.9	711	209	0.755981	2.61e-36	acc|GENBANK|CAK7596599.1|GENBANK|OZ003748|Small GTPase [Catovirus sp. 'naegleriensis']	Catovirus sp. 'naegleriensis'	Blastx
SRR22534752	NODE_21411_length_610_cov_13.906412	36.1	610	493	0.409736	2.63e-36	acc|GENBANK|QFG73603.1|GENBANK|MN448266|peptidase family M41 [Megaviridae environmental sample]	Megaviridae environmental sample	Blastx
SRR22534752	NODE_35630_length_402_cov_1.799458	62.2	402	936	0.118590	3.12e-36	acc|GENBANK|QFG74471.1|GENBANK|MN448288|glycine cleavage system P-protein [Megaviridae environmental sample]	Megaviridae environmental sample	Blastx
SRR22534752	NODE_3737_length_516_cov_15.538302	41.5	516	422	0.405213	3.25e-36	acc|GENBANK|AFX92421.1|GENBANK|JX975216|putative zinc-type alcohol dehydrogenase-like [Megavirus courdo11]	Megavirus courdo11	Blastx
SRR22534752	NODE_26979_length_279_cov_1.752033	74.1	279	727	0.116919	3.26e-36	acc|GENBANK|ADB85269.1|GENBANK|GQ252805|putative lectin-like protein kinase [Phyllostachys edulis]	Phyllostachys edulis	Blastx
SRR22534752	NODE_12101_length_261_cov_59.982456	69.0	261	491	0.177189	3.53e-36	acc|GENBANK|QBK88163.1|GENBANK|MK500377|phosphoenolpyruvate carboxykinase [Marseillevirus LCMAC202]	Marseillevirus LCMAC202	Blastx
SRR22534752	NODE_45758_length_1002_cov_7.705882	33.3	1002	1793	0.167317	3.70e-36	acc|GENBANK|CCQ71366.1|GENBANK|HF586479|hypothetical serine/threonine protein kinase [Cotesia congregata]	Cotesia congregata	Blastx
SRR22534752	NODE_6320_length_551_cov_20.046332	51.2	551	144	0.881944	4.45e-36	acc|GENBANK|QBK85618.1|GENBANK|MK500327|nucleoside diphosphate kinase [Marseillevirus LCMAC101]	Marseillevirus LCMAC101	Blastx
SRR22534752	NODE_18703_length_906_cov_7.310424	48.3	906	421	0.413302	4.67e-36	acc|GENBANK|AGP03657.1|GENBANK|KF220834|integrase-type DNA-binding superfamily protein [Glycine max]	Glycine max	Blastx
SRR22534752	NODE_36077_length_602_cov_5.604569	49.7	602	291	0.505155	4.68e-36	acc|GENBANK|QBK87818.1|GENBANK|MK500370|copine [Marseillevirus LCMAC202]	Marseillevirus LCMAC202	Blastx
SRR22534752	NODE_27776_length_443_cov_2.914634	48.6	443	925	0.157838	5.11e-36	acc|GENBANK|ABY48139.1|GENBANK|EU306659|NORK [Medicago truncatula]	Medicago truncatula	Blastx
SRR22534752	NODE_16520_length_667_cov_44.758675	42.6	667	344	0.572674	5.67e-36	acc|GENBANK|QFG74169.1|GENBANK|MN448282|aspartyl protease [Megaviridae environmental sample]	Megaviridae environmental sample	Blastx
SRR22534752	NODE_47111_length_755_cov_10.372576	35.1	755	321	0.781931	6.03e-36	acc|GENBANK|WIL04514.1|GENBANK|OQ413581|3-phosphoglycerate dehydrogenase [Cedratvirus duvanny]	Cedratvirus duvanny	Blastx
SRR22534752	NODE_19297_length_3623_cov_12.419777	25.9	3623	501	0.972056	6.99e-36	acc|REFSEQ|NP_203208.1|REFSEQ|NC_003083|GTA [Epiphyas postvittana nucleopolyhedrovirus]	Epiphyas postvittana nucleopolyhedrovirus	Blastx
SRR22534752	NODE_17896_length_453_cov_4.309524	55.6	453	221	0.561086	9.14e-36	acc|GENBANK|AYV75487.1|GENBANK|MK071979|GTP-binding protein YPTC1 [Terrestrivirus sp.]	Terrestrivirus sp.	Blastx
SRR22534752	NODE_3100_length_599_cov_7.918728	46.4	599	325	0.470769	9.78e-36	acc|GENBANK|QDH91349.1|GENBANK|MN036178|hypothetical protein [Partitiviridae sp.]	Partitiviridae sp.	Blastx
SRR22534752	NODE_6000_length_784_cov_9.175766	46.2	784	258	0.503876	9.90e-36	acc|GENBANK|WMV02893.1|GENBANK|OP630990|alpha-tubulin [Diderma spumarioides]	Diderma spumarioides	Blastx
SRR22534752	NODE_19884_length_400_cov_12.656676	69.5	400	889	0.118110	1.03e-35	acc|GENBANK|QCC26834.1|GENBANK|MK532516|Bs2 gagpol polyprotein [Zea mays]	Zea mays	Blastx
SRR22534752	NODE_9639_length_473_cov_4.809091	54.3	473	656	0.210366	1.15e-35	acc|GENBANK|QDY51980.1|GENBANK|MK250086|Hsp70 protein [Mimiviridae sp. ChoanoV1]	Mimiviridae sp. ChoanoV1	Blastx
SRR22534752	NODE_39033_length_369_cov_4.104167	57.9	369	776	0.155928	1.19e-35	acc|GENBANK|ABY48135.1|GENBANK|EU306659|beta-D-xylosidase [Medicago truncatula]	Medicago truncatula	Blastx
SRR22534752	NODE_38994_length_505_cov_3.898305	38.0	505	305	0.544262	1.20e-35	acc|GENBANK|UZT29311.1|GENBANK|OP765584|iron-sulfur clusters transporter [Nucleocytoviricota sp.]	Nucleocytoviricota sp.	Blastx
SRR22534752	NODE_2310_length_858_cov_14.767273	38.8	858	388	0.471649	1.22e-35	acc|GENBANK|CCQ71327.1|GENBANK|HF586476|hypothetical protein kinase Pka-C1 [Cotesia congregata]	Cotesia congregata	Blastx
SRR22534752	NODE_16609_length_496_cov_23.323974	44.6	496	783	0.200511	1.22e-35	acc|GENBANK|QFG73724.1|GENBANK|MN448270|Hsp90 protein [Megaviridae environmental sample]	Megaviridae environmental sample	Blastx
SRR22534752	NODE_37125_length_440_cov_3.393120	52.3	440	299	0.434783	1.32e-35	acc|GENBANK|UOG94093.1|NEIGHBOR|OM876856|serine threonine-protein phosphatase [Aureococcus anophagefferens virus]	Aureococcus anophagefferens virus	Blastx
SRR22534752	NODE_7742_length_714_cov_2.945668	42.5	714	447	0.326622	1.59e-35	acc|REFSEQ|NP_077596.1|REFSEQ|NC_002687|serine-threonine kinase [Ectocarpus siliculosus virus 1]	Ectocarpus siliculosus virus 1	Blastx
SRR22534752	NODE_30251_length_207_cov_1.247126	94.1	207	77	0.883117	1.79e-35	acc|GENBANK|AUF82381.1|GENBANK|KY322437|ubiquitin family protein [Tetraselmis virus 1]	Tetraselmis virus 1	Blastx
SRR22534752	NODE_45299_length_1207_cov_7.748722	33.6	1207	477	0.643606	1.82e-35	acc|GENBANK|AYV78014.1|GENBANK|MK072068|elongation factor 1 alpha long form [Edafosvirus sp.]	Edafosvirus sp.	Blastx
SRR22534752	NODE_6985_length_1258_cov_10.986122	28.1	1258	668	0.474551	2.06e-35	acc|GENBANK|QKF94196.1|GENBANK|MT418680|peptidase M3A/M3B [Fadolivirus FV1/VV64]	Fadolivirus FV1/VV64	Blastx
SRR22534752	NODE_16548_length_345_cov_4.105769	83.1	345	189	0.439153	2.25e-35	acc|REFSEQ|YP_009465730.1|REFSEQ|NC_037057|hypothetical protein [Dishui lake phycodnavirus 1]	Dishui lake phycodnavirus 1	Blastx
SRR22534752	NODE_3312_length_1211_cov_30.657895	32.8	1211	3125	0.111360	2.30e-35	acc|GENBANK|ADQ91338.1|GENBANK|HM004430|hypothetical protein [Bathycoccus sp. RCC1105 virus BpV2]	Bathycoccus sp. RCC1105 virus BpV2	Blastx
SRR22534752	NODE_3275_length_396_cov_95.396694	72.1	396	124	0.693548	2.62e-35	acc|GENBANK|QBK88266.1|GENBANK|MK500382|NifU-like protein [Marseillevirus LCMAC202]	Marseillevirus LCMAC202	Blastx
SRR22534752	NODE_22612_length_438_cov_74.274074	43.0	438	299	0.505017	2.63e-35	acc|GENBANK|UOG94093.1|NEIGHBOR|OM876856|serine threonine-protein phosphatase [Aureococcus anophagefferens virus]	Aureococcus anophagefferens virus	Blastx
SRR22534752	NODE_44383_length_754_cov_8.873786	44.7	754	203	0.748768	2.65e-35	acc|GENBANK|AYV75892.1|GENBANK|MK071981|putative Ras-related protein Rab7 [Terrestrivirus sp.]	Terrestrivirus sp.	Blastx
SRR22534752	NODE_16887_length_821_cov_17.557107	39.1	821	299	0.565217	2.70e-35	acc|GENBANK|UOG94093.1|NEIGHBOR|OM876856|serine threonine-protein phosphatase [Aureococcus anophagefferens virus]	Aureococcus anophagefferens virus	Blastx
SRR22534752	NODE_34913_length_352_cov_1.216301	63.1	352	237	0.468354	3.11e-35	acc|GENBANK|ADB85285.1|GENBANK|GQ252816|hypothetical protein [Phyllostachys edulis]	Phyllostachys edulis	Blastx
SRR22534752	NODE_5779_length_730_cov_35.595409	42.5	730	198	0.808081	3.62e-35	acc|REFSEQ|NP_955110.1|REFSEQ|NC_005309|CNPV087 putative glutathione peroxidase [Canarypox virus]	Canarypox virus	Blastx
SRR22534752	NODE_26456_length_569_cov_4.809701	41.1	569	478	0.433054	3.67e-35	acc|GENBANK|AAK84479.1|GENBANK|AF275345|putative auxin growth promotor protein [Solanum lycopersicum]	Solanum lycopersicum	Blastx
SRR22534752	NODE_22091_length_631_cov_25.789298	43.9	631	213	0.812207	3.92e-35	acc|GENBANK|QBK87565.1|GENBANK|MK500358|ribulose-phosphate 3 epimerase family protein [Marseillevirus LCMAC201]	Marseillevirus LCMAC201	Blastx
SRR22534752	NODE_43795_length_468_cov_12.204598	56.0	468	334	0.326347	4.07e-35	acc|GENBANK|WNO13938.1|GENBANK|OQ968288|coat protein [Mato partitivirus]	Mato partitivirus	Blastx
SRR22534752	NODE_4409_length_223_cov_38.647368	82.4	223	282	0.262411	4.65e-35	acc|GENBANK|AAL14448.1|GENBANK|AF397035|heat shock protein Hsc70t [Mus musculus]	Mus musculus	Blastx
SRR22534752	NODE_44013_length_1289_cov_3.791401	33.4	1289	1570	0.184713	4.96e-35	acc|GENBANK|WIL04199.1|GENBANK|OQ413577|serine/threonine-protein kinase/receptor [Cedratvirus lena]	Cedratvirus lena	Blastx
SRR22534752	NODE_7562_length_554_cov_5.030710	49.3	554	925	0.147027	4.96e-35	acc|GENBANK|ABY48139.1|GENBANK|EU306659|NORK [Medicago truncatula]	Medicago truncatula	Blastx
SRR22534752	NODE_25803_length_877_cov_15.994076	44.6	877	366	0.428962	5.03e-35	acc|GENBANK|ARF12215.1|GENBANK|KY684111|phosphoribosyl transferase [Klosneuvirus KNV1]	Klosneuvirus KNV1	Blastx
SRR22534752	NODE_23966_length_478_cov_1.020225	51.0	478	1369	0.108839	5.34e-35	acc|GENBANK|BAG72152.1|GENBANK|AB430326|hypothetical protein [Lotus japonicus]	Lotus japonicus	Blastx
SRR22534752	NODE_32002_length_559_cov_2.572243	49.3	559	299	0.481605	5.44e-35	acc|GENBANK|QRE02559.1|GENBANK|MN545489|hypothetical protein [Otarine gammaherpesvirus 4]	Otarine gammaherpesvirus 4	Blastx
SRR22534752	NODE_45209_length_1013_cov_5.081633	39.9	1013	478	0.466527	5.53e-35	acc|GENBANK|AAK84479.1|GENBANK|AF275345|putative auxin growth promotor protein [Solanum lycopersicum]	Solanum lycopersicum	Blastx
SRR22534752	NODE_24259_length_463_cov_2.151163	89.5	463	1298	0.058552	6.02e-35	acc|GENBANK|BAD34493.1|GENBANK|AB162659|Gag-Pol [Ipomoea batatas]	Ipomoea batatas	Blastx
SRR22534752	NODE_3631_length_1549_cov_16.751319	36.2	1549	925	0.313514	6.09e-35	acc|GENBANK|ABY48139.1|GENBANK|EU306659|NORK [Medicago truncatula]	Medicago truncatula	Blastx
SRR22534752	NODE_11384_length_761_cov_19.483516	62.4	761	423	0.257683	6.46e-35	acc|GENBANK|CAA38181.1|GENBANK|X54284|phosphoglycerate kinase [Trichoderma viride]	Trichoderma viride	Blastx
SRR22534752	NODE_14682_length_1341_cov_6.735474	30.8	1341	557	0.687612	6.64e-35	acc|GENBANK|QKF94091.1|GENBANK|MT418680|bifunctional sulfate [Fadolivirus FV1/VV64]	Fadolivirus FV1/VV64	Blastx
SRR22534752	NODE_7813_length_401_cov_300.119565	45.1	401	477	0.301887	6.86e-35	acc|GENBANK|AYV78014.1|GENBANK|MK072068|elongation factor 1 alpha long form [Edafosvirus sp.]	Edafosvirus sp.	Blastx
SRR22534752	NODE_1789_length_532_cov_22.715431	44.3	532	832	0.200721	6.89e-35	acc|GENBANK|BAD00047.1|GENBANK|AB119282|Fusion protein, Feo [Hepacivirus hominis]	Hepacivirus hominis	Blastx
SRR22534752	NODE_27760_length_1010_cov_4.039918	45.9	1010	244	0.704918	7.11e-35	acc|GENBANK|AAW82994.1|GENBANK|AY750993|MADS-box transcription factor BM5A [Hordeum vulgare subsp. vulgare]	Hordeum vulgare subsp. vulgare	Blastx
SRR22534752	NODE_30948_length_293_cov_1.130769	72.2	293	871	0.103330	7.53e-35	acc|GENBANK|CAA73042.1|GENBANK|Y12432|polyprotein [Ananas comosus]	Ananas comosus	Blastx
SRR22534752	NODE_11555_length_201_cov_20815.416667	95.5	201	1960	0.034184	7.58e-35	acc|REFSEQ|YP_009134730.1|REFSEQ|NC_026248|replicase polyprotein [Yam latent virus]	Yam latent virus	Blastx
SRR22534752	NODE_5186_length_1690_cov_20.474955	29.6	1690	406	0.906404	8.13e-35	acc|GENBANK|QBK87310.1|GENBANK|MK500348|chaperone protein [Marseillevirus LCMAC201]	Marseillevirus LCMAC201	Blastx
SRR22534752	NODE_16654_length_344_cov_38.980707	58.1	344	299	0.351171	8.66e-35	acc|GENBANK|UOG94093.1|NEIGHBOR|OM876856|serine threonine-protein phosphatase [Aureococcus anophagefferens virus]	Aureococcus anophagefferens virus	Blastx
SRR22534752	NODE_14955_length_953_cov_8.352174	38.1	953	274	0.861314	9.52e-35	acc|GENBANK|AYV76207.1|GENBANK|MK071983|hypothetical protein [Terrestrivirus sp.]	Terrestrivirus sp.	Blastx
SRR22534752	NODE_18297_length_801_cov_7.843750	34.8	801	405	0.609877	1.00e-34	acc|GENBANK|WGU26824.1|GENBANK|OQ503488|eukaryotic initiation factor 4A-III B-like [Triticum monococcum]	Triticum monococcum	Blastx
SRR22534752	NODE_394_length_445_cov_10.271845	44.3	445	447	0.313199	1.12e-34	acc|REFSEQ|NP_077596.1|REFSEQ|NC_002687|serine-threonine kinase [Ectocarpus siliculosus virus 1]	Ectocarpus siliculosus virus 1	Blastx
SRR22534752	NODE_19505_length_1934_cov_12.907943	34.1	1934	833	0.316927	1.18e-34	acc|GENBANK|CCQ71385.1|GENBANK|HF586480|hypothetical Homeodomain-interacting protein [Cotesia congregata]	Cotesia congregata	Blastx
SRR22534752	NODE_2155_length_200_cov_14898.221557	92.4	200	1960	0.033673	1.35e-34	acc|REFSEQ|YP_009134730.1|REFSEQ|NC_026248|replicase polyprotein [Yam latent virus]	Yam latent virus	Blastx
SRR22534752	NODE_591_length_1458_cov_55.598596	26.9	1458	467	0.993576	1.45e-34	acc|GENBANK|API81738.1|NEIGHBOR|KU052222|hypothetical protein [Cafeteriavirus-dependent mavirus]	Cafeteriavirus-dependent mavirus	Blastx
SRR22534752	NODE_29465_length_473_cov_4.004545	56.1	473	526	0.203422	1.51e-34	acc|GENBANK|QKF94253.1|GENBANK|MT418680|ABC transporter [Fadolivirus FV1/VV64]	Fadolivirus FV1/VV64	Blastx
SRR22534752	NODE_922_length_917_cov_57.476244	35.1	917	523	0.533461	1.58e-34	acc|GENBANK|QDY51705.1|GENBANK|MK250085|cytosol aminopeptidase family, catalytic domain [Mimiviridae sp. ChoanoV1]	Mimiviridae sp. ChoanoV1	Blastx
SRR22534752	NODE_4683_length_248_cov_162.502326	78.0	248	85	0.964706	1.58e-34	acc|GENBANK|ABY48140.1|GENBANK|EU306659|BRICK1 [Medicago truncatula]	Medicago truncatula	Blastx
SRR22534752	NODE_8388_length_894_cov_2.476190	47.4	894	1044	0.149425	1.60e-34	acc|GENBANK|BAC54898.1|GENBANK|AB083008|supressor of Ty element 16 [Drosophila melanogaster]	Drosophila melanogaster	Blastx
SRR22534752	NODE_15050_length_332_cov_22.431438	61.3	332	219	0.424658	1.68e-34	acc|GENBANK|AYV75604.1|GENBANK|MK071980|ras-related protein Rab-2-A [Terrestrivirus sp.]	Terrestrivirus sp.	Blastx
SRR22534752	NODE_1158_length_716_cov_35.982430	35.5	716	600	0.408333	1.72e-34	acc|GENBANK|QDY52168.1|GENBANK|MK250088|thiamine pyrophosphate enzyme, N-terminal TPP [Mimiviridae sp. ChoanoV1]	Mimiviridae sp. ChoanoV1	Blastx
SRR22534752	NODE_6886_length_660_cov_5.076555	47.5	660	925	0.170811	2.29e-34	acc|GENBANK|ABY48139.1|GENBANK|EU306659|NORK [Medicago truncatula]	Medicago truncatula	Blastx
SRR22534752	NODE_2331_length_628_cov_27.505882	39.9	628	497	0.338028	2.45e-34	acc|GENBANK|CCQ71326.1|GENBANK|HF586476|hypothetical Pro-X carboxypeptidase-like protein [Cotesia congregata]	Cotesia congregata	Blastx
SRR22534752	NODE_18579_length_343_cov_2.987097	54.1	343	479	0.231733	2.48e-34	acc|GENBANK|AGE54705.1|GENBANK|JX997171|DNA topoisomerase II [Paramecium bursaria Chlorella virus KS1B]	Paramecium bursaria Chlorella virus KS1B	Blastx
SRR22534752	NODE_15320_length_347_cov_21.407643	60.2	347	760	0.148684	2.67e-34	acc|GENBANK|QFG74349.1|GENBANK|MN448286|Hsp90 protein [Megaviridae environmental sample]	Megaviridae environmental sample	Blastx
SRR22534752	NODE_3328_length_310_cov_35.989170	62.5	310	324	0.320988	2.68e-34	acc|GENBANK|QIG60113.1|GENBANK|MN940580|hypothetical protein [Dishui Lake large algae virus 1]	Dishui Lake large algae virus 1	Blastx
SRR22534752	NODE_17913_length_1444_cov_9.037562	33.6	1444	478	0.635983	2.97e-34	acc|GENBANK|QBK86272.1|GENBANK|MK500334|cyclin-dependent protein kinase [Marseillevirus LCMAC102]	Marseillevirus LCMAC102	Blastx
SRR22534752	NODE_11866_length_209_cov_60.659091	98.4	209	77	0.792208	2.98e-34	acc|GENBANK|AUF82381.1|GENBANK|KY322437|ubiquitin family protein [Tetraselmis virus 1]	Tetraselmis virus 1	Blastx
SRR22534752	NODE_15445_length_280_cov_2.842105	65.6	280	244	0.381148	3.25e-34	acc|GENBANK|AAW73220.1|GENBANK|AY747599|VRN-A1 [Triticum aestivum]	Triticum aestivum	Blastx
SRR22534752	NODE_8866_length_1095_cov_6.229755	33.8	1095	278	0.755396	3.28e-34	acc|GENBANK|QBK91651.1|GENBANK|MK500560|putative serine/threonine protein kinase [Pithovirus LCPAC302]	Pithovirus LCPAC302	Blastx
SRR22534752	NODE_5774_length_1009_cov_8.243852	36.3	1009	225	1.040000	3.28e-34	acc|GENBANK|QBK90211.1|GENBANK|MK500469|phosphoadenosine phosphosulfate reductase [Pithovirus LCPAC102]	Pithovirus LCPAC102	Blastx
SRR22534752	NODE_7962_length_325_cov_144.280822	59.3	325	160	0.675000	3.49e-34	acc|GENBANK|QKF94153.1|GENBANK|MT418680|cyclophilin-type peptidyl-prolyl cis-trans [Fadolivirus FV1/VV64]	Fadolivirus FV1/VV64	Blastx
SRR22534752	NODE_137_length_1015_cov_8.571283	38.1	1015	189	0.957672	3.51e-34	acc|REFSEQ|YP_009448796.1|REFSEQ|NC_036594|Fatty acid hydroxylase (C-4 methyl sterol [Orpheovirus IHUMI-LCC2]	Orpheovirus IHUMI-LCC2	Blastx
SRR22534752	NODE_20007_length_931_cov_7.609131	49.3	931	226	0.628319	3.51e-34	acc|GENBANK|ARF08362.1|GENBANK|KY684083|cyclophilin type peptidyl-prolyl cis-trans [Catovirus CTV1]	Catovirus CTV1	Blastx
SRR22534752	NODE_16133_length_944_cov_12.517014	35.6	944	1573	0.158932	3.72e-34	acc|REFSEQ|YP_007354741.1|REFSEQ|NC_020104|serine-threonine kinase [Acanthamoeba polyphaga moumouvirus]	Acanthamoeba polyphaga moumouvirus	Blastx
SRR22534752	NODE_725_length_1061_cov_10.201362	33.1	1061	341	0.947214	3.83e-34	acc|GENBANK|ARF12218.1|GENBANK|KY684111|gelsolin repeat protein [Klosneuvirus KNV1]	Klosneuvirus KNV1	Blastx
SRR22534752	NODE_18470_length_380_cov_49.711816	73.1	380	116	0.672414	3.84e-34	acc|GENBANK|QOI90342.1|GENBANK|MT663535|hypothetical protein [Pyramimonas orientalis virus]	Pyramimonas orientalis virus	Blastx
SRR22534752	NODE_26928_length_236_cov_0.970443	79.5	236	1298	0.060092	4.19e-34	acc|GENBANK|BAD34493.1|GENBANK|AB162659|Gag-Pol [Ipomoea batatas]	Ipomoea batatas	Blastx
SRR22534752	NODE_9218_length_500_cov_5.250535	46.1	500	925	0.178378	5.79e-34	acc|GENBANK|ABY48139.1|GENBANK|EU306659|NORK [Medicago truncatula]	Medicago truncatula	Blastx
SRR22534752	NODE_37690_length_445_cov_2.949029	49.3	445	2037	0.073638	5.88e-34	acc|GENBANK|ABG37663.1|GENBANK|DQ536170|CCHC-type integrase [Populus trichocarpa]	Populus trichocarpa	Blastx
SRR22534752	NODE_36558_length_288_cov_4.545098	85.9	288	245	0.289796	7.51e-34	acc|GENBANK|AEV22379.1|GENBANK|JN969602|VRN1 [Lolium perenne]	Lolium perenne	Blastx
SRR22534752	NODE_29294_length_262_cov_1.646288	73.4	262	1472	0.053668	8.38e-34	acc|GENBANK|AAL68641.1|GENBANK|AF458765|polyprotein [Oryza sativa Japonica Group]	Oryza sativa Japonica Group	Blastx
SRR22534752	NODE_3196_length_341_cov_1.461039	65.9	341	352	0.241477	9.69e-34	acc|GENBANK|WGU26813.1|GENBANK|OQ503488|hypothetical protein [Triticum monococcum]	Triticum monococcum	Blastx
SRR22534752	NODE_16231_length_475_cov_22.701357	49.7	475	489	0.292434	1.04e-33	acc|GENBANK|QBK85775.1|GENBANK|MK500327|aspartyl/asparaginyl-tRNA synthetase [Marseillevirus LCMAC101]	Marseillevirus LCMAC101	Blastx
SRR22534752	NODE_2446_length_1344_cov_25.823799	33.6	1344	477	0.643606	1.12e-33	acc|GENBANK|AYV78014.1|GENBANK|MK072068|elongation factor 1 alpha long form [Edafosvirus sp.]	Edafosvirus sp.	Blastx
SRR22534752	NODE_8452_length_2208_cov_25.588966	32.8	2208	478	0.612971	1.18e-33	acc|GENBANK|QBK86272.1|GENBANK|MK500334|cyclin-dependent protein kinase [Marseillevirus LCMAC102]	Marseillevirus LCMAC102	Blastx
SRR22534752	NODE_19734_length_3187_cov_9.510780	26.8	3187	1061	0.577757	1.23e-33	acc|GENBANK|WZO91109.1|GENBANK|PP681903|DNA topoisomerase II large subunit [Chlorovirus sp.]	Chlorovirus sp.	Blastx
SRR22534752	NODE_3556_length_311_cov_36.679856	72.3	311	226	0.367257	1.23e-33	acc|GENBANK|ACS71538.1|GENBANK|GQ169758|Ham1-like protein [Cassava brown streak virus]	Cassava brown streak virus	Blastx
SRR22534752	NODE_21702_length_769_cov_7.847826	44.5	769	925	0.196757	1.32e-33	acc|GENBANK|ABY48139.1|GENBANK|EU306659|NORK [Medicago truncatula]	Medicago truncatula	Blastx
SRR22534752	NODE_36196_length_342_cov_3.265372	56.1	342	1369	0.083272	1.35e-33	acc|GENBANK|AIC77183.1|GENBANK|KF740825|polyprotein [Gossypium barbadense]	Gossypium barbadense	Blastx
SRR22534752	NODE_2160_length_200_cov_18274.994012	96.4	200	110	0.509091	1.39e-33	acc|REFSEQ|YP_009116873.1|REFSEQ|NC_026248|nucleic acid binding protein [Yam latent virus]	Yam latent virus	Blastx
SRR22534752	NODE_13556_length_362_cov_5.765957	57.5	362	571	0.210158	1.45e-33	acc|REFSEQ|YP_009465729.1|REFSEQ|NC_037057|hypothetical protein [Dishui lake phycodnavirus 1]	Dishui lake phycodnavirus 1	Blastx
SRR22534752	NODE_1138_length_526_cov_28.044625	46.6	526	366	0.363388	1.60e-33	acc|GENBANK|ARF12215.1|GENBANK|KY684111|phosphoribosyl transferase [Klosneuvirus KNV1]	Klosneuvirus KNV1	Blastx
SRR22534752	NODE_3488_length_868_cov_9.772455	45.3	868	2037	0.087874	1.61e-33	acc|GENBANK|ABG37663.1|GENBANK|DQ536170|CCHC-type integrase [Populus trichocarpa]	Populus trichocarpa	Blastx
SRR22534752	NODE_42245_length_388_cov_4.740845	70.3	388	1472	0.061821	1.80e-33	acc|GENBANK|AAL68641.1|GENBANK|AF458765|polyprotein [Oryza sativa Japonica Group]	Oryza sativa Japonica Group	Blastx
SRR22534752	NODE_19355_length_364_cov_15.371601	75.3	364	177	0.412429	1.87e-33	acc|GENBANK|ABK32208.1|GENBANK|DQ890165|VRN3 [Triticum aestivum]	Triticum aestivum	Blastx
SRR22534752	NODE_30150_length_449_cov_3.574519	56.1	449	549	0.224044	1.90e-33	acc|GENBANK|WGU26815.1|GENBANK|OQ503488|pentatricopeptide repeat-containing protein [Triticum monococcum]	Triticum monococcum	Blastx
SRR22534752	NODE_8343_length_791_cov_8.039578	36.7	791	506	0.409091	1.99e-33	acc|GENBANK|QBK92268.1|GENBANK|MK500571|putative serine/threonine protein kinase [Pithovirus LCPAC304]	Pithovirus LCPAC304	Blastx
SRR22534752	NODE_5976_length_612_cov_15.867012	43.4	612	447	0.355705	2.11e-33	acc|REFSEQ|NP_077596.1|REFSEQ|NC_002687|serine-threonine kinase [Ectocarpus siliculosus virus 1]	Ectocarpus siliculosus virus 1	Blastx
SRR22534752	NODE_25407_length_681_cov_3.058642	35.7	681	497	0.428571	2.24e-33	acc|GENBANK|QOR60643.1|GENBANK|MK522039|hypothetical protein [Bathycoccus sp. RCC716 virus 3]	Bathycoccus sp. RCC716 virus 3	Blastx
SRR22534752	NODE_1731_length_1227_cov_108.386097	43.8	1227	543	0.327808	2.28e-33	acc|GENBANK|QFG74725.1|GENBANK|MN448290|phosphoenolpyruvate carboxykinase [Megaviridae environmental sample]	Megaviridae environmental sample	Blastx
SRR22534752	NODE_18925_length_1603_cov_11.027389	25.9	1603	1083	0.473684	2.36e-33	acc|GENBANK|AAB62532.1|GENBANK|AF001075|gag-v-phosphoinositide 3-kinase catalytic [Avian sarcoma virus 16]	Avian sarcoma virus 16	Blastx
SRR22534752	NODE_14751_length_1179_cov_5.567190	37.9	1179	1033	0.183930	2.38e-33	acc|REFSEQ|YP_010782239.1|REFSEQ|NC_075039|putative ATP-citrate synthase [Tupanvirus soda lake]	Tupanvirus soda lake	Blastx
SRR22534752	NODE_15324_length_1204_cov_7.856533	36.4	1204	382	0.568063	2.45e-33	acc|GENBANK|QBK87279.1|GENBANK|MK500347|putative serine/threonine protein kinase [Marseillevirus LCMAC201]	Marseillevirus LCMAC201	Blastx
SRR22534752	NODE_13784_length_427_cov_57.946701	52.6	427	135	0.718519	2.45e-33	acc|GENBANK|AYV86947.1|GENBANK|MK072521|e3 ubiquitin-protein ligase rbx1 [Sylvanvirus sp.]	Sylvanvirus sp.	Blastx
SRR22534752	NODE_2768_length_412_cov_6.833773	70.8	412	674	0.132047	2.47e-33	acc|GENBANK|UZT28900.1|GENBANK|OP765507|ATP-dependent zinc metalloprotease [Nucleocytoviricota sp.]	Nucleocytoviricota sp.	Blastx
SRR22534752	NODE_38001_length_546_cov_6.594542	37.1	546	493	0.361055	2.53e-33	acc|GENBANK|QFG73603.1|GENBANK|MN448266|peptidase family M41 [Megaviridae environmental sample]	Megaviridae environmental sample	Blastx
SRR22534752	NODE_18338_length_1779_cov_13.798969	32.2	1779	795	0.378616	2.71e-33	acc|GENBANK|AYV81434.1|GENBANK|MK072275|DEXDc helicase [Harvfovirus sp.]	Harvfovirus sp.	Blastx
SRR22534752	NODE_18658_length_899_cov_11.415704	36.8	899	279	0.731183	2.79e-33	acc|GENBANK|ARF12509.1|GENBANK|KY684113|stomatin family protein [Klosneuvirus KNV1]	Klosneuvirus KNV1	Blastx
SRR22534752	NODE_16661_length_1022_cov_4.118301	28.2	1022	436	0.779817	3.10e-33	acc|GENBANK|QJX71132.1|GENBANK|MN534311|hypothetical protein [Faustovirus]	Faustovirus	Blastx
SRR22534752	NODE_40016_length_367_cov_5.796407	61.0	367	382	0.214660	3.28e-33	acc|GENBANK|AAB31930.2|GENBANK|S74099|v-myb product [Avian myeloblastosis virus]	Avian myeloblastosis virus	Blastx
SRR22534752	NODE_8141_length_1355_cov_31.645234	37.7	1355	299	0.709030	4.00e-33	acc|GENBANK|UOG94093.1|NEIGHBOR|OM876856|serine threonine-protein phosphatase [Aureococcus anophagefferens virus]	Aureococcus anophagefferens virus	Blastx
SRR22534752	NODE_16087_length_1026_cov_22.407855	49.5	1026	144	0.729167	4.36e-33	acc|GENBANK|ULY68577.1|GENBANK|OL828820|ubiquitin-conjugating enzyme E2 2-like isoform [Chlorella virus XW01]	Chlorella virus XW01	Blastx
SRR22534752	NODE_11160_length_1166_cov_24.230362	29.6	1166	595	0.635294	4.47e-33	acc|GENBANK|WZO88934.1|GENBANK|PP681897|glucosamine--fructose-6-phosphate [Chlorovirus sp.]	Chlorovirus sp.	Blastx
SRR22534752	NODE_3696_length_819_cov_33.352417	36.5	819	171	0.912281	4.86e-33	acc|REFSEQ|YP_009001589.1|REFSEQ|NC_023426|translation initiation factor elF-4e [Alphaentomopoxvirus acuprea]	Alphaentomopoxvirus acuprea	Blastx
SRR22534752	NODE_16410_length_556_cov_4.101338	70.1	556	489	0.157464	5.17e-33	acc|GENBANK|AAK84471.1|GENBANK|AF275345|putative permease [Solanum lycopersicum]	Solanum lycopersicum	Blastx
SRR22534752	NODE_2553_length_1064_cov_7.339476	37.5	1064	833	0.297719	5.19e-33	acc|GENBANK|CCQ71385.1|GENBANK|HF586480|hypothetical Homeodomain-interacting protein [Cotesia congregata]	Cotesia congregata	Blastx
SRR22534752	NODE_1212_length_922_cov_10.719910	35.1	922	544	0.476103	5.26e-33	acc|REFSEQ|YP_009483380.1|REFSEQ|NC_037667|Glycosyl hydrolase family 1 protein [Pandoravirus quercus]	Pandoravirus quercus	Blastx
SRR22534752	NODE_19002_length_2252_cov_14.436233	25.1	2252	1506	0.386454	5.57e-33	acc|REFSEQ|YP_009001498.1|REFSEQ|NC_023426|ABC transporter [Alphaentomopoxvirus acuprea]	Alphaentomopoxvirus acuprea	Blastx
SRR22534752	NODE_5280_length_845_cov_108.261084	46.2	845	366	0.390710	5.62e-33	acc|GENBANK|ARF12215.1|GENBANK|KY684111|phosphoribosyl transferase [Klosneuvirus KNV1]	Klosneuvirus KNV1	Blastx
SRR22534752	NODE_19673_length_430_cov_39.914358	43.9	430	1624	0.081281	5.75e-33	acc|GENBANK|WBF70410.1|GENBANK|OP925046|endo-type 6-aminohexanoate oligomer hydrolase [Megavirus caiporensis]	Megavirus caiporensis	Blastx
SRR22534752	NODE_46406_length_219_cov_25.064516	89.6	219	258	0.259690	6.37e-33	acc|GENBANK|WMV02893.1|GENBANK|OP630990|alpha-tubulin [Diderma spumarioides]	Diderma spumarioides	Blastx
SRR22534752	NODE_47893_length_510_cov_19.119497	39.5	510	443	0.388262	6.48e-33	acc|REFSEQ|YP_010782291.1|REFSEQ|NC_075039|alcohol dehydrogenase [Tupanvirus soda lake]	Tupanvirus soda lake	Blastx
SRR22534752	NODE_23106_length_427_cov_3.291878	49.6	427	1056	0.133523	7.34e-33	acc|GENBANK|WBR14220.1|GENBANK|ON887157|P-aminobenzoic acid synthase [Pandoravirus kuranda]	Pandoravirus kuranda	Blastx
SRR22534752	NODE_19969_length_1433_cov_5.345000	35.3	1433	353	0.770538	7.41e-33	acc|GENBANK|AYV84281.1|GENBANK|MK072403|hypothetical protein [Hyperionvirus sp.]	Hyperionvirus sp.	Blastx
SRR22534752	NODE_14888_length_757_cov_52.363260	34.5	757	171	0.964912	7.60e-33	acc|REFSEQ|YP_009001589.1|REFSEQ|NC_023426|translation initiation factor elF-4e [Alphaentomopoxvirus acuprea]	Alphaentomopoxvirus acuprea	Blastx
SRR22534752	NODE_27656_length_546_cov_9.181287	40.1	546	299	0.575251	7.98e-33	acc|GENBANK|UOG94093.1|NEIGHBOR|OM876856|serine threonine-protein phosphatase [Aureococcus anophagefferens virus]	Aureococcus anophagefferens virus	Blastx
SRR22534752	NODE_4910_length_753_cov_41.888889	47.6	753	213	0.690141	8.45e-33	acc|GENBANK|QBK87565.1|GENBANK|MK500358|ribulose-phosphate 3 epimerase family protein [Marseillevirus LCMAC201]	Marseillevirus LCMAC201	Blastx
SRR22534752	NODE_19214_length_792_cov_7.909091	59.5	792	167	0.724551	9.49e-33	acc|GENBANK|AHU86166.1|GENBANK|KF142645|truncated DEF1 [Elaeis guineensis]	Elaeis guineensis	Blastx
SRR22534752	NODE_46971_length_576_cov_14.744015	41.3	576	198	0.808081	1.03e-32	acc|REFSEQ|NP_955110.1|REFSEQ|NC_005309|CNPV087 putative glutathione peroxidase [Canarypox virus]	Canarypox virus	Blastx
SRR22534752	NODE_20956_length_293_cov_35.761538	82.1	293	112	0.598214	1.05e-32	acc|GENBANK|QDH87640.1|GENBANK|MN033519|hypothetical protein [Mitovirus sp.]	Mitovirus sp.	Blastx
SRR22534752	NODE_50571_length_1085_cov_17.077947	35.6	1085	546	0.401099	1.06e-32	acc|GENBANK|AZL89873.1|GENBANK|MH046811|methionyl-tRNA synthetase [Megavirus baoshan]	Megavirus baoshan	Blastx
SRR22534752	NODE_33293_length_588_cov_4.326126	37.7	588	925	0.189189	1.06e-32	acc|GENBANK|ABY48139.1|GENBANK|EU306659|NORK [Medicago truncatula]	Medicago truncatula	Blastx
SRR22534752	NODE_4748_length_1695_cov_135.457882	36.5	1695	459	0.483660	1.23e-32	acc|GENBANK|BBI30359.1|GENBANK|AP018495|beta-galactosidase [Acanthamoeba castellanii medusavirus J1]	Acanthamoeba castellanii medusavirus J1	Blastx
SRR22534752	NODE_37082_length_363_cov_3.103030	53.3	363	337	0.356083	1.50e-32	acc|GENBANK|ABH08433.1|GENBANK|DQ851167|putative heat shock factor [Beta vulgaris]	Beta vulgaris	Blastx
SRR22534752	NODE_15157_length_1010_cov_15.851586	32.6	1010	314	0.898089	1.54e-32	acc|GENBANK|AAR29979.1|GENBANK|AY466396|protein tyrosine phosphatase [Bracoviriform glomeratae]	Bracoviriform glomeratae	Blastx
SRR22534752	NODE_43045_length_546_cov_6.103314	64.8	546	286	0.307692	1.67e-32	acc|GENBANK|ARF09529.1|GENBANK|KY684085|cyclophilin type peptidyl-prolyl cis-trans [Indivirus ILV1]	Indivirus ILV1	Blastx
SRR22534752	NODE_45167_length_496_cov_6.334773	46.1	496	925	0.164324	1.68e-32	acc|GENBANK|ABY48139.1|GENBANK|EU306659|NORK [Medicago truncatula]	Medicago truncatula	Blastx
SRR22534752	NODE_16464_length_1357_cov_20.410876	26.0	1357	654	0.712538	1.73e-32	acc|GENBANK|ATZ81043.1|GENBANK|MF782455|dynamin-like protein [Bodo saltans virus]	Bodo saltans virus	Blastx
SRR22534752	NODE_5033_length_961_cov_12.542026	46.4	961	166	0.831325	1.95e-32	acc|REFSEQ|YP_009119934.1|REFSEQ|NC_026440|serine-threonine kinase [Pandoravirus inopinatum]	Pandoravirus inopinatum	Blastx
SRR22534752	NODE_39060_length_611_cov_1.723183	70.2	611	325	0.289231	1.97e-32	acc|GENBANK|ABY48134.1|GENBANK|EU306659|bHLH transcription factor [Medicago truncatula]	Medicago truncatula	Blastx
SRR22534752	NODE_43648_length_549_cov_6.959302	62.9	549	122	0.795082	1.97e-32	acc|GENBANK|AJO61176.1|GENBANK|KJ651113|CenH3 [Lathyrus clymenum]	Lathyrus clymenum	Blastx
SRR22534752	NODE_5349_length_1230_cov_23.749373	30.6	1230	676	0.430473	2.19e-32	acc|REFSEQ|YP_009173627.1|REFSEQ|NC_028094|Hsp70 protein [Chrysochromulina ericina virus]	Chrysochromulina ericina virus	Blastx
SRR22534752	NODE_17044_length_354_cov_3.906542	56.9	354	613	0.177814	2.26e-32	acc|GENBANK|ADB85401.1|GENBANK|GQ252886|putative pollen-specific kinase [Phyllostachys edulis]	Phyllostachys edulis	Blastx
SRR22534752	NODE_9135_length_1429_cov_20.964183	33.7	1429	365	0.731507	2.44e-32	acc|GENBANK|AYV82508.1|GENBANK|MK072383|glutamate 5-kinase [Hyperionvirus sp.]	Hyperionvirus sp.	Blastx
SRR22534752	NODE_50469_length_356_cov_1.448916	78.4	356	352	0.210227	2.49e-32	acc|GENBANK|WGU26813.1|GENBANK|OQ503488|hypothetical protein [Triticum monococcum]	Triticum monococcum	Blastx
SRR22534752	NODE_14510_length_235_cov_4.514851	75.6	235	388	0.201031	2.56e-32	acc|GENBANK|AAU93529.1|GENBANK|AY691949|alcohol dehydrogenase 1 [Zea mays]	Zea mays	Blastx
SRR22534752	NODE_23556_length_223_cov_2.989474	83.3	223	424	0.169811	2.63e-32	acc|GENBANK|BAA24885.1|GENBANK|AB003364|phytochrome [Adiantum capillus-veneris]	Adiantum capillus-veneris	Blastx
SRR22534752	NODE_26055_length_416_cov_10.015666	46.0	416	925	0.150270	2.94e-32	acc|GENBANK|ABY48139.1|GENBANK|EU306659|NORK [Medicago truncatula]	Medicago truncatula	Blastx
SRR22534752	NODE_13734_length_798_cov_7.802614	40.5	798	439	0.432802	3.36e-32	acc|GENBANK|AAK92822.1|GENBANK|AY050885|putative replicase [Arabidopsis thaliana]	Arabidopsis thaliana	Blastx
SRR22534752	NODE_995_length_579_cov_130.739927	35.4	579	459	0.381264	3.40e-32	acc|GENBANK|BBI30359.1|GENBANK|AP018495|beta-galactosidase [Acanthamoeba castellanii medusavirus J1]	Acanthamoeba castellanii medusavirus J1	Blastx
SRR22534752	NODE_19672_length_1592_cov_11.579217	39.8	1592	238	0.781513	3.67e-32	acc|REFSEQ|YP_009046145.1|REFSEQ|NC_024446|Dck [Penguinpox virus]	Penguinpox virus	Blastx
SRR22534752	NODE_26844_length_459_cov_2.035211	48.6	459	925	0.149189	3.76e-32	acc|GENBANK|ABY48139.1|GENBANK|EU306659|NORK [Medicago truncatula]	Medicago truncatula	Blastx
SRR22534752	NODE_8405_length_1511_cov_5.410690	54.5	1511	146	0.842466	3.76e-32	acc|GENBANK|QDH87377.1|GENBANK|MN033327|hypothetical protein [Picornavirales sp.]	Picornavirales sp.	Blastx
SRR22534752	NODE_2065_length_657_cov_34.642628	45.3	657	647	0.211747	3.83e-32	acc|GENBANK|AYV86775.1|GENBANK|MK072515|CMGC/MAPK protein kinase, variant 1 [Sylvanvirus sp.]	Sylvanvirus sp.	Blastx
SRR22534752	NODE_15187_length_815_cov_46.167519	38.0	815	498	0.401606	4.28e-32	acc|GENBANK|XHA59766.1|GENBANK|OR863077|thermosome [Poseidoniales virus]	Poseidoniales virus	Blastx
SRR22534752	NODE_2526_length_1174_cov_7.173532	28.0	1174	429	0.806527	4.38e-32	acc|GENBANK|AYV85229.1|GENBANK|MK072443|putative protein unc-93-like protein [Satyrvirus sp.]	Satyrvirus sp.	Blastx
SRR22534752	NODE_19710_length_906_cov_17.777778	29.1	906	447	0.715884	5.18e-32	acc|REFSEQ|NP_077596.1|REFSEQ|NC_002687|serine-threonine kinase [Ectocarpus siliculosus virus 1]	Ectocarpus siliculosus virus 1	Blastx
SRR22534752	NODE_8463_length_751_cov_14.207521	33.8	751	248	0.895161	5.63e-32	acc|REFSEQ|YP_009448755.1|REFSEQ|NC_036594|Alpha/Beta hydrolase [Orpheovirus IHUMI-LCC2]	Orpheovirus IHUMI-LCC2	Blastx
SRR22534752	NODE_1897_length_790_cov_49.442536	70.5	790	124	0.709677	5.78e-32	acc|GENBANK|QBK88266.1|GENBANK|MK500382|NifU-like protein [Marseillevirus LCMAC202]	Marseillevirus LCMAC202	Blastx
SRR22534752	NODE_24346_length_557_cov_6.725191	41.0	557	325	0.578462	5.94e-32	acc|GENBANK|QDH91349.1|GENBANK|MN036178|hypothetical protein [Partitiviridae sp.]	Partitiviridae sp.	Blastx
SRR22534752	NODE_1555_length_840_cov_14.535316	36.5	840	196	0.964286	6.54e-32	acc|GENBANK|QKF93917.1|GENBANK|MT418680|adenylate kinase/UMP-CMP kinase [Fadolivirus FV1/VV64]	Fadolivirus FV1/VV64	Blastx
SRR22534752	NODE_25585_length_451_cov_4.933014	45.1	451	1789	0.079374	6.59e-32	acc|GENBANK|UMO80375.1|GENBANK|MZ420563|Serine/threonine protein kinase [Pandoravirus aubagnensis]	Pandoravirus aubagnensis	Blastx
SRR22534752	NODE_28661_length_804_cov_3.590143	30.7	804	496	0.526210	7.36e-32	acc|GENBANK|ACN78958.1|GENBANK|FJ225394|dehydration responsive protein [Glycine max]	Glycine max	Blastx
SRR22534752	NODE_9393_length_1258_cov_11.871837	65.7	1258	497	0.199195	7.41e-32	acc|GENBANK|CCQ71326.1|GENBANK|HF586476|hypothetical Pro-X carboxypeptidase-like protein [Cotesia congregata]	Cotesia congregata	Blastx
SRR22534752	NODE_9636_length_267_cov_32.076923	67.4	267	385	0.231169	7.53e-32	acc|GENBANK|UUT40455.1|GENBANK|ON887238|hypothetical protein [carnivorous sponge associated iridovirus]	carnivorous sponge associated iridovirus	Blastx
SRR22534752	NODE_45418_length_617_cov_11.729452	48.7	617	346	0.338150	8.74e-32	acc|GENBANK|QKF94584.1|GENBANK|MT418680|villin/gelsolin repeat protein [Fadolivirus FV1/VV64]	Fadolivirus FV1/VV64	Blastx
SRR22534752	NODE_9112_length_678_cov_8.761240	36.7	678	269	0.769517	9.11e-32	acc|GENBANK|ACG35536.1|GENBANK|EU963418|retrotransposon protein [Zea mays]	Zea mays	Blastx
SRR22534752	NODE_11380_length_465_cov_21.407407	55.9	465	226	0.451327	9.66e-32	acc|GENBANK|ACS71540.1|GENBANK|GQ169760|Ham1-like protein [Cassava brown streak virus]	Cassava brown streak virus	Blastx
SRR22534752	NODE_39489_length_397_cov_2.005495	46.3	397	706	0.208215	9.73e-32	acc|GENBANK|WGU26822.1|GENBANK|OQ503488|OPT oligopeptide transporter protein [Triticum monococcum]	Triticum monococcum	Blastx
SRR22534752	NODE_47421_length_4032_cov_9.215804	23.0	4032	972	0.774691	1.10e-31	acc|GENBANK|UOG94373.1|NEIGHBOR|OM876856|Helicase-like protein [Aureococcus anophagefferens virus]	Aureococcus anophagefferens virus	Blastx
SRR22534752	NODE_2209_length_557_cov_64.082061	61.5	557	194	0.494845	1.16e-31	acc|GENBANK|AYV76261.1|GENBANK|MK071983|CuZnSOD [Terrestrivirus sp.]	Terrestrivirus sp.	Blastx
SRR22534752	NODE_15545_length_224_cov_3.047120	81.9	224	760	0.094737	1.25e-31	acc|GENBANK|QFG74349.1|GENBANK|MN448286|Hsp90 protein [Megaviridae environmental sample]	Megaviridae environmental sample	Blastx
SRR22534752	NODE_49567_length_256_cov_3.147982	65.9	256	666	0.127628	1.27e-31	acc|GENBANK|XDO02262.1|GENBANK|PP542043|Atp-Dependent Zinc Metalloprotease [Florenciella sp. virus SA2]	Florenciella sp. virus SA2	Blastx
SRR22534752	NODE_6289_length_438_cov_5.955556	50.0	438	366	0.322404	1.27e-31	acc|GENBANK|WRJ69895.1|GENBANK|OR001839|phosphoserine aminotransferase [Oceanusvirus sp.]	Oceanusvirus sp.	Blastx
SRR22534752	NODE_33492_length_786_cov_3.187251	40.0	786	299	0.635452	1.32e-31	acc|GENBANK|QRE02559.1|GENBANK|MN545489|hypothetical protein [Otarine gammaherpesvirus 4]	Otarine gammaherpesvirus 4	Blastx
SRR22534752	NODE_47190_length_626_cov_8.966273	37.9	626	403	0.471464	1.32e-31	acc|GENBANK|CCQ71329.1|GENBANK|HF586477|hypothetical dolichyl pyrophosphate Man9GlcNAc2 [Cotesia congregata]	Cotesia congregata	Blastx
SRR22534752	NODE_42555_length_661_cov_7.861465	66.7	661	896	0.100446	1.47e-31	acc|GENBANK|QCC26837.1|GENBANK|MK532524|RLX_Jeli-encoded protein [Zea mays]	Zea mays	Blastx
SRR22534752	NODE_16362_length_530_cov_7.394366	48.9	530	421	0.330166	1.63e-31	acc|GENBANK|AGP03657.1|GENBANK|KF220834|integrase-type DNA-binding superfamily protein [Glycine max]	Glycine max	Blastx
SRR22534752	NODE_46588_length_333_cov_11.520000	58.9	333	620	0.180645	1.66e-31	acc|GENBANK|QIG60126.1|GENBANK|MN940580|RNA polymerase II largest subunit [Dishui Lake large algae virus 1]	Dishui Lake large algae virus 1	Blastx
SRR22534752	NODE_15981_length_336_cov_2.917492	64.0	336	321	0.277259	1.67e-31	acc|GENBANK|QFG74498.1|GENBANK|MN448289|papain family cysteine protease [Megaviridae environmental sample]	Megaviridae environmental sample	Blastx
SRR22534752	NODE_43616_length_817_cov_4.401786	35.7	817	478	0.504184	1.77e-31	acc|GENBANK|AAK84479.1|GENBANK|AF275345|putative auxin growth promotor protein [Solanum lycopersicum]	Solanum lycopersicum	Blastx
SRR22534752	NODE_48780_length_230_cov_2.375635	66.2	230	236	0.313559	1.91e-31	acc|GENBANK|UKS51800.1|GENBANK|OK336705|laccase [Allium cepa]	Allium cepa	Blastx
SRR22534752	NODE_4652_length_709_cov_5.525148	32.2	709	631	0.378764	2.14e-31	acc|GENBANK|AYV76068.1|GENBANK|MK071982|hypothetical protein [Terrestrivirus sp.]	Terrestrivirus sp.	Blastx
SRR22534752	NODE_35873_length_310_cov_1.137184	59.3	310	175	0.520000	2.33e-31	acc|GENBANK|AWA45034.1|GENBANK|MH182560|ZCN26 [Saccharum spontaneum]	Saccharum spontaneum	Blastx
SRR22534752	NODE_37961_length_645_cov_2.815359	34.7	645	405	0.498765	2.36e-31	acc|GENBANK|WGU26824.1|GENBANK|OQ503488|eukaryotic initiation factor 4A-III B-like [Triticum monococcum]	Triticum monococcum	Blastx
SRR22534752	NODE_1563_length_1059_cov_24.676413	35.7	1059	1580	0.132911	2.43e-31	acc|GENBANK|WIL03466.1|GENBANK|OQ413576|serine/threonine kinase [Cedratvirus plubellavi]	Cedratvirus plubellavi	Blastx
SRR22534752	NODE_14274_length_908_cov_19.029714	32.9	908	875	0.264000	2.56e-31	acc|GENBANK|BDT62894.1|GENBANK|LC738879|DNA ligase 1-like protein [Trachysalambria curvirostris majanivirus]	Trachysalambria curvirostris majanivirus	Blastx
SRR22534752	NODE_1945_length_267_cov_135.807692	69.4	267	753	0.112882	3.17e-31	acc|GENBANK|QDY51907.1|GENBANK|MK250085|Hsp90 protein [Mimiviridae sp. ChoanoV1]	Mimiviridae sp. ChoanoV1	Blastx
SRR22534752	NODE_14590_length_653_cov_9.179032	34.5	653	654	0.354740	3.36e-31	acc|GENBANK|ATZ81043.1|GENBANK|MF782455|dynamin-like protein [Bodo saltans virus]	Bodo saltans virus	Blastx
SRR22534752	NODE_15720_length_366_cov_16.891892	55.5	366	1715	0.069388	3.67e-31	acc|GENBANK|WDS48439.1|GENBANK|ON798805|essential for potexvirus accumulation 1 [Solanum tuberosum]	Solanum tuberosum	Blastx
SRR22534752	NODE_35465_length_410_cov_2.952255	48.5	410	421	0.323040	4.04e-31	acc|GENBANK|AGP03657.1|GENBANK|KF220834|integrase-type DNA-binding superfamily protein [Glycine max]	Glycine max	Blastx
SRR22534752	NODE_28653_length_381_cov_4.235632	50.8	381	925	0.134054	4.31e-31	acc|GENBANK|ABY48139.1|GENBANK|EU306659|NORK [Medicago truncatula]	Medicago truncatula	Blastx
SRR22534752	NODE_46651_length_1069_cov_6.023166	41.5	1069	388	0.422680	5.34e-31	acc|GENBANK|CCQ71327.1|GENBANK|HF586476|hypothetical protein kinase Pka-C1 [Cotesia congregata]	Cotesia congregata	Blastx
SRR22534752	NODE_30336_length_388_cov_1.777465	74.6	388	208	0.341346	5.35e-31	acc|GENBANK|QKF93852.1|GENBANK|MT418680|Hsp70 protein [Fadolivirus FV1/VV64]	Fadolivirus FV1/VV64	Blastx
SRR22534752	NODE_43180_length_820_cov_5.888183	42.3	820	925	0.168649	5.42e-31	acc|GENBANK|ABY48139.1|GENBANK|EU306659|NORK [Medicago truncatula]	Medicago truncatula	Blastx
SRR22534752	NODE_2139_length_1183_cov_8.586087	29.7	1183	644	0.439441	5.44e-31	acc|GENBANK|AGE55774.1|GENBANK|JX997174|potassium transporter [Acanthocystis turfacea Chlorella virus MN0810.1]	Acanthocystis turfacea Chlorella virus MN0810.1	Blastx
SRR22534752	NODE_2855_length_485_cov_5.181416	45.0	485	733	0.203274	5.49e-31	acc|GENBANK|CCQ71393.1|GENBANK|HF586480|hypothetical cysteinyl-tRNA synthetase CARS [Cotesia congregata]	Cotesia congregata	Blastx
SRR22534752	NODE_46430_length_944_cov_7.838639	32.4	944	557	0.560144	6.18e-31	acc|GENBANK|QKF94091.1|GENBANK|MT418680|bifunctional sulfate [Fadolivirus FV1/VV64]	Fadolivirus FV1/VV64	Blastx
SRR22534752	NODE_1561_length_331_cov_81.775168	61.5	331	656	0.166159	6.36e-31	acc|GENBANK|QDY51980.1|GENBANK|MK250086|Hsp70 protein [Mimiviridae sp. ChoanoV1]	Mimiviridae sp. ChoanoV1	Blastx
SRR22534752	NODE_41569_length_686_cov_5.865237	41.5	686	447	0.317673	6.40e-31	acc|REFSEQ|NP_077596.1|REFSEQ|NC_002687|serine-threonine kinase [Ectocarpus siliculosus virus 1]	Ectocarpus siliculosus virus 1	Blastx
SRR22534752	NODE_25250_length_439_cov_3.051724	48.6	439	925	0.157838	6.46e-31	acc|GENBANK|ABY48139.1|GENBANK|EU306659|NORK [Medicago truncatula]	Medicago truncatula	Blastx
SRR22534752	NODE_4114_length_362_cov_2.838906	49.6	362	489	0.239264	6.81e-31	acc|GENBANK|QBK85775.1|GENBANK|MK500327|aspartyl/asparaginyl-tRNA synthetase [Marseillevirus LCMAC101]	Marseillevirus LCMAC101	Blastx
SRR22534752	NODE_33076_length_612_cov_4.652850	39.3	612	467	0.359743	7.46e-31	acc|GENBANK|API81738.1|NEIGHBOR|KU052222|hypothetical protein [Cafeteriavirus-dependent mavirus]	Cafeteriavirus-dependent mavirus	Blastx
SRR22534752	NODE_19725_length_918_cov_7.287006	42.4	918	447	0.337808	7.81e-31	acc|REFSEQ|NP_077596.1|REFSEQ|NC_002687|serine-threonine kinase [Ectocarpus siliculosus virus 1]	Ectocarpus siliculosus virus 1	Blastx
SRR22534752	NODE_15776_length_578_cov_15.933945	36.0	578	478	0.441423	7.93e-31	acc|GENBANK|AAK84479.1|GENBANK|AF275345|putative auxin growth promotor protein [Solanum lycopersicum]	Solanum lycopersicum	Blastx
SRR22534752	NODE_33103_length_880_cov_3.956316	42.4	880	202	0.688119	8.30e-31	acc|GENBANK|CCQ71376.1|GENBANK|HF586479|hypothetical peptidase PPPDE-like [Cotesia congregata]	Cotesia congregata	Blastx
SRR22534752	NODE_6041_length_858_cov_9.741818	43.2	858	1484	0.113881	8.69e-31	acc|GENBANK|AUF82600.1|GENBANK|KY322437|DNA-directed RNA polymerase II subunit Rpb1 [Tetraselmis virus 1]	Tetraselmis virus 1	Blastx
SRR22534752	NODE_16162_length_1001_cov_6.697314	42.8	1001	353	0.430595	8.80e-31	acc|GENBANK|AYV84281.1|GENBANK|MK072403|hypothetical protein [Hyperionvirus sp.]	Hyperionvirus sp.	Blastx
SRR22534752	NODE_37732_length_834_cov_5.037453	38.6	834	697	0.252511	9.13e-31	acc|REFSEQ|YP_010781946.1|REFSEQ|NC_075039|catalase [Tupanvirus soda lake]	Tupanvirus soda lake	Blastx
SRR22534752	NODE_5407_length_414_cov_6.674541	67.4	414	329	0.270517	1.02e-30	acc|GENBANK|AFV13459.1|GENBANK|JQ314447|Tac7077 [Tripsacum dactyloides]	Tripsacum dactyloides	Blastx
SRR22534752	NODE_12385_length_607_cov_23.054007	53.9	607	291	0.350515	1.08e-30	acc|GENBANK|QBK87818.1|GENBANK|MK500370|copine [Marseillevirus LCMAC202]	Marseillevirus LCMAC202	Blastx
SRR22534752	NODE_8708_length_731_cov_138.462751	42.9	731	198	0.777778	1.08e-30	acc|REFSEQ|NP_955110.1|REFSEQ|NC_005309|CNPV087 putative glutathione peroxidase [Canarypox virus]	Canarypox virus	Blastx
SRR22534752	NODE_26889_length_611_cov_3.757785	40.0	611	708	0.247175	1.18e-30	acc|GENBANK|AGE50258.1|GENBANK|JX997158|helicase [Acanthocystis turfacea Chlorella virus Canal-1]	Acanthocystis turfacea Chlorella virus Canal-1	Blastx
SRR22534752	NODE_24309_length_508_cov_7.132632	54.8	508	299	0.347826	1.20e-30	acc|GENBANK|UOG94093.1|NEIGHBOR|OM876856|serine threonine-protein phosphatase [Aureococcus anophagefferens virus]	Aureococcus anophagefferens virus	Blastx
SRR22534752	NODE_16364_length_654_cov_18.415459	46.0	654	2224	0.072392	1.34e-30	acc|GENBANK|AYV81995.1|GENBANK|MK072332|putative CAD protein isoform X1 [Homavirus sp.]	Homavirus sp.	Blastx
SRR22534752	NODE_8307_length_1041_cov_6.299603	40.4	1041	810	0.244444	1.38e-30	acc|GENBANK|QBK86799.1|GENBANK|MK500336|uncharacterized protein [Marseillevirus LCMAC103]	Marseillevirus LCMAC103	Blastx
SRR22534752	NODE_6043_length_757_cov_4.116022	46.2	757	211	0.616114	1.40e-30	acc|GENBANK|ARF09905.1|GENBANK|KY684089|methyltransferase [Indivirus ILV1]	Indivirus ILV1	Blastx
SRR22534752	NODE_42827_length_667_cov_7.706625	37.3	667	1793	0.103179	1.50e-30	acc|GENBANK|CCQ71366.1|GENBANK|HF586479|hypothetical serine/threonine protein kinase [Cotesia congregata]	Cotesia congregata	Blastx
SRR22534752	NODE_6149_length_1054_cov_6.356513	31.8	1054	313	0.955272	1.60e-30	acc|GENBANK|AYV85455.1|GENBANK|MK072453|protein phosphatase 2C domain containing [Satyrvirus sp.]	Satyrvirus sp.	Blastx
SRR22534752	NODE_31317_length_237_cov_3.009804	83.9	237	392	0.158163	1.60e-30	acc|GENBANK|ABV72583.1|GENBANK|EU155081|unknown [Oryza sativa Japonica Group]	Oryza sativa Japonica Group	Blastx
SRR22534752	NODE_6707_length_831_cov_9.393484	33.0	831	695	0.375540	1.64e-30	acc|GENBANK|XDO02062.1|GENBANK|PP542043|Type I Glyceraldehyde-3-Phosphate Dehydrogenase [Florenciella sp. virus SA2]	Florenciella sp. virus SA2	Blastx
SRR22534752	NODE_22186_length_805_cov_8.321244	45.3	805	1006	0.147117	1.64e-30	acc|GENBANK|QBK88800.1|GENBANK|MK500399|ubiquitin-activating enzyme E1 [Mimivirus LCMiAC01]	Mimivirus LCMiAC01	Blastx
SRR22534752	NODE_26739_length_403_cov_4.624324	41.8	403	388	0.345361	1.73e-30	acc|GENBANK|CCQ71327.1|GENBANK|HF586476|hypothetical protein kinase Pka-C1 [Cotesia congregata]	Cotesia congregata	Blastx
SRR22534752	NODE_29973_length_241_cov_2.437500	65.4	241	352	0.221591	1.75e-30	acc|GENBANK|WGU26813.1|GENBANK|OQ503488|hypothetical protein [Triticum monococcum]	Triticum monococcum	Blastx
SRR22534752	NODE_37171_length_565_cov_9.759398	49.3	565	741	0.194332	1.93e-30	acc|GENBANK|WOA03171.1|GENBANK|OR637870|truncated WD40 protein PH13-H3 [Glycine max]	Glycine max	Blastx
SRR22534752	NODE_46972_length_662_cov_10.515103	48.7	662	346	0.338150	2.06e-30	acc|GENBANK|QKF94584.1|GENBANK|MT418680|villin/gelsolin repeat protein [Fadolivirus FV1/VV64]	Fadolivirus FV1/VV64	Blastx
SRR22534752	NODE_13591_length_447_cov_44.444444	47.9	447	156	0.762821	2.15e-30	acc|GENBANK|ARF09360.1|GENBANK|KY684084|ubiquitin-conjugating enzyme E2 [Catovirus CTV1]	Catovirus CTV1	Blastx
SRR22534752	NODE_12885_length_522_cov_3.006135	53.5	522	727	0.177442	2.19e-30	acc|GENBANK|ADB85269.1|GENBANK|GQ252805|putative lectin-like protein kinase [Phyllostachys edulis]	Phyllostachys edulis	Blastx
SRR22534752	NODE_10557_length_617_cov_16.957192	39.5	617	693	0.226551	2.29e-30	acc|GENBANK|QFG74345.1|GENBANK|MN448286|Hsp70 protein [Megaviridae environmental sample]	Megaviridae environmental sample	Blastx
SRR22534752	NODE_3298_length_1475_cov_10.520111	39.9	1475	180	0.961111	2.30e-30	acc|GENBANK|AKS26367.1|GENBANK|KR095315|putative oligoribonuclease [Diachasmimorpha longicaudata entomopoxvirus]	Diachasmimorpha longicaudata entomopoxvirus	Blastx
SRR22534752	NODE_3908_length_610_cov_96.986135	37.4	610	344	0.590116	2.30e-30	acc|GENBANK|QFG74169.1|GENBANK|MN448282|aspartyl protease [Megaviridae environmental sample]	Megaviridae environmental sample	Blastx
SRR22534752	NODE_9776_length_1425_cov_18.299569	25.2	1425	925	0.502703	2.38e-30	acc|GENBANK|QKF93736.1|GENBANK|MT418680|peptidase M16 [Fadolivirus FV1/VV64]	Fadolivirus FV1/VV64	Blastx
SRR22534752	NODE_8848_length_1068_cov_35.944928	41.0	1068	495	0.349495	2.39e-30	acc|GENBANK|XKM46480.1|GENBANK|PQ442261|hypothetical protein [Micromonas commoda virus 20T]	Micromonas commoda virus 20T	Blastx
SRR22534752	NODE_2135_length_747_cov_621.456583	32.2	747	695	0.352518	2.56e-30	acc|GENBANK|XDO02062.1|GENBANK|PP542043|Type I Glyceraldehyde-3-Phosphate Dehydrogenase [Florenciella sp. virus SA2]	Florenciella sp. virus SA2	Blastx
SRR22534752	NODE_10720_length_1182_cov_34.056571	30.3	1182	422	0.751185	2.79e-30	acc|GENBANK|QDY52462.1|GENBANK|MK250094|aminotransferase class-III protein [Mimiviridae sp. ChoanoV1]	Mimiviridae sp. ChoanoV1	Blastx
SRR22534752	NODE_1258_length_1725_cov_23.017139	31.8	1725	252	0.873016	2.80e-30	acc|GENBANK|QYA18818.1|GENBANK|MZ420154|cyclin A2 [Clandestinovirus]	Clandestinovirus	Blastx
SRR22534752	NODE_11674_length_328_cov_20.183051	76.5	328	122	0.557377	3.03e-30	acc|GENBANK|AAL66932.1|GENBANK|AY072517|copia-like retroelement pol polyprotein [Arabidopsis thaliana]	Arabidopsis thaliana	Blastx
SRR22534752	NODE_29959_length_252_cov_1.447489	68.4	252	224	0.339286	3.15e-30	acc|GENBANK|QDH89109.1|GENBANK|MN034603|hypothetical protein [Picornavirales sp.]	Picornavirales sp.	Blastx
SRR22534752	NODE_43486_length_368_cov_7.002985	51.7	368	371	0.318059	3.24e-30	acc|GENBANK|WNO13897.1|GENBANK|OQ968270|capsid protein [Berere partitivirus]	Berere partitivirus	Blastx
SRR22534752	NODE_6920_length_1065_cov_6.446705	30.0	1065	278	0.935252	4.25e-30	acc|GENBANK|QBK91651.1|GENBANK|MK500560|putative serine/threonine protein kinase [Pithovirus LCPAC302]	Pithovirus LCPAC302	Blastx
SRR22534752	NODE_17916_length_1128_cov_28.139726	27.3	1128	395	0.769620	4.66e-30	acc|GENBANK|QDY52265.1|GENBANK|MK250089|hypothetical protein [Mimiviridae sp. ChoanoV1]	Mimiviridae sp. ChoanoV1	Blastx
SRR22534752	NODE_4521_length_1255_cov_9.240589	27.0	1255	276	1.152174	4.96e-30	acc|GENBANK|ULY68573.1|GENBANK|OL828820|putative apurinic-apyrimidinic endonuclease 1 [Chlorella virus XW01]	Chlorella virus XW01	Blastx
SRR22534752	NODE_6317_length_716_cov_4.982430	44.1	716	388	0.368557	5.19e-30	acc|GENBANK|CCQ71327.1|GENBANK|HF586476|hypothetical protein kinase Pka-C1 [Cotesia congregata]	Cotesia congregata	Blastx
SRR22534752	NODE_2323_length_382_cov_1.653295	51.2	382	1232	0.098214	5.26e-30	acc|GENBANK|ADK47521.1|GENBANK|HM124452|RDG2A [Hordeum vulgare subsp. vulgare]	Hordeum vulgare subsp. vulgare	Blastx
SRR22534752	NODE_3302_length_371_cov_61.000000	58.2	371	379	0.258575	5.34e-30	acc|GENBANK|ADB85364.1|GENBANK|GQ252868|putative alcohol dehydrogenase 2 [Phyllostachys edulis]	Phyllostachys edulis	Blastx
SRR22534752	NODE_10306_length_362_cov_14.112462	56.3	362	922	0.111714	5.37e-30	acc|GENBANK|QBK88440.1|GENBANK|MK500389|insulinase [Mimivirus LCMiAC01]	Mimivirus LCMiAC01	Blastx
SRR22534752	NODE_4523_length_1684_cov_17.245306	28.1	1684	832	0.453125	5.38e-30	acc|GENBANK|BAD00047.1|GENBANK|AB119282|Fusion protein, Feo [Hepacivirus hominis]	Hepacivirus hominis	Blastx
SRR22534752	NODE_36022_length_362_cov_4.045593	53.3	362	191	0.560209	5.55e-30	acc|GENBANK|AAK16153.1|GENBANK|AF326577|anthocyanin regulatory B protein [Zea mays]	Zea mays	Blastx
SRR22534752	NODE_42583_length_627_cov_14.998316	39.9	627	870	0.233333	5.65e-30	acc|GENBANK|AGE48886.1|GENBANK|JX997154|calcium-transporting ATPase, plasma [Paramecium bursaria Chlorella virus AP110A]	Paramecium bursaria Chlorella virus AP110A	Blastx
SRR22534752	NODE_5240_length_1426_cov_53.256281	38.5	1426	332	0.626506	5.71e-30	acc|GENBANK|AYV77577.1|GENBANK|MK072050|hypothetical protein [Dasosvirus sp.]	Dasosvirus sp.	Blastx
SRR22534752	NODE_7716_length_398_cov_2.734247	50.0	398	732	0.161202	5.87e-30	acc|GENBANK|AGJ83729.1|GENBANK|KC256972|gag-pol polyprotein [Caragana korshinskii]	Caragana korshinskii	Blastx
SRR22534752	NODE_19332_length_1025_cov_14.028226	34.6	1025	395	0.541772	5.89e-30	acc|GENBANK|QDY52265.1|GENBANK|MK250089|hypothetical protein [Mimiviridae sp. ChoanoV1]	Mimiviridae sp. ChoanoV1	Blastx
SRR22534752	NODE_8613_length_590_cov_4.666068	42.6	590	242	0.698347	6.30e-30	acc|GENBANK|AGU70135.1|GENBANK|KF270089|integrase-type DNA-binding superfamily protein [Tarenaya hassleriana]	Tarenaya hassleriana	Blastx
SRR22534752	NODE_31111_length_388_cov_1.430986	44.4	388	360	0.350000	6.90e-30	acc|GENBANK|QBK88998.1|GENBANK|MK500406|GDP-mannose 4,6 dehydratase [Mimivirus LCMiAC02]	Mimivirus LCMiAC02	Blastx
SRR22534752	NODE_14338_length_935_cov_8.099778	36.0	935	925	0.212973	6.98e-30	acc|GENBANK|ABY48139.1|GENBANK|EU306659|NORK [Medicago truncatula]	Medicago truncatula	Blastx
SRR22534752	NODE_43306_length_684_cov_5.330261	42.1	684	327	0.522936	7.04e-30	acc|GENBANK|QFG73901.1|GENBANK|MN448274|papain family cysteine protease [Megaviridae environmental sample]	Megaviridae environmental sample	Blastx
SRR22534752	NODE_15302_length_1476_cov_16.358281	33.6	1476	478	0.516736	8.40e-30	acc|GENBANK|QBK86272.1|GENBANK|MK500334|cyclin-dependent protein kinase [Marseillevirus LCMAC102]	Marseillevirus LCMAC102	Blastx
SRR22534752	NODE_18398_length_489_cov_12.649123	50.4	489	363	0.355372	8.95e-30	acc|GENBANK|QDY52262.1|GENBANK|MK250089|HD domain protein [Mimiviridae sp. ChoanoV1]	Mimiviridae sp. ChoanoV1	Blastx
SRR22534752	NODE_40513_length_645_cov_4.039216	35.4	645	631	0.335975	9.23e-30	acc|GENBANK|AYV76068.1|GENBANK|MK071982|hypothetical protein [Terrestrivirus sp.]	Terrestrivirus sp.	Blastx
SRR22534752	NODE_32696_length_677_cov_2.274845	37.5	677	916	0.183406	9.51e-30	acc|GENBANK|QKF93616.1|GENBANK|MT418680|leucyl-tRNA synthetase class IA [Fadolivirus FV1/VV64]	Fadolivirus FV1/VV64	Blastx
SRR22534752	NODE_10735_length_759_cov_7.063361	46.9	759	145	1.000000	1.01e-29	acc|GENBANK|AYV82182.1|GENBANK|MK072344|acetyltransferase GNAT family protein [Homavirus sp.]	Homavirus sp.	Blastx
SRR22534752	NODE_19876_length_548_cov_6.308738	44.3	548	925	0.151351	1.09e-29	acc|GENBANK|ABY48139.1|GENBANK|EU306659|NORK [Medicago truncatula]	Medicago truncatula	Blastx
SRR22534752	NODE_12349_length_367_cov_40.239521	41.0	367	258	0.472868	1.10e-29	acc|GENBANK|WMV02893.1|GENBANK|OP630990|alpha-tubulin [Diderma spumarioides]	Diderma spumarioides	Blastx
SRR22534752	NODE_32344_length_333_cov_2.876667	75.4	333	335	0.205970	1.23e-29	acc|GENBANK|ADV36573.1|GENBANK|HM454271|Myb-like transcription factor [Zea mays]	Zea mays	Blastx
SRR22534752	NODE_26603_length_504_cov_3.220807	53.3	504	421	0.289786	1.29e-29	acc|GENBANK|AGP03657.1|GENBANK|KF220834|integrase-type DNA-binding superfamily protein [Glycine max]	Glycine max	Blastx
SRR22534752	NODE_22503_length_360_cov_1.740061	53.3	360	588	0.181973	1.29e-29	acc|GENBANK|QOI90522.1|GENBANK|MT663539|hypothetical protein [Pyramimonas orientalis virus]	Pyramimonas orientalis virus	Blastx
SRR22534752	NODE_4406_length_685_cov_34.585890	54.9	685	619	0.182553	1.32e-29	acc|GENBANK|ARF11619.1|GENBANK|KY684109|arginyl-tRNA synthetase [Klosneuvirus KNV1]	Klosneuvirus KNV1	Blastx
SRR22534752	NODE_8697_length_1354_cov_5.605602	26.9	1354	3055	0.161702	1.34e-29	acc|GENBANK|ACN78965.1|GENBANK|FJ225394|Rpp4 candidate 1 [Glycine max]	Glycine max	Blastx
SRR22534752	NODE_1225_length_1099_cov_25.060976	30.5	1099	355	1.016901	1.35e-29	acc|GENBANK|AJR29197.1|GENBANK|KP266742|putative 3-beta hydroxysteroid dehydrogenase [German gecko ranavirus]	German gecko ranavirus	Blastx
SRR22534752	NODE_12148_length_382_cov_3.272206	54.5	382	678	0.178466	1.59e-29	acc|GENBANK|CCQ71325.1|GENBANK|HF586476|hypothetical kinesin-like protein KIF3 [Cotesia congregata]	Cotesia congregata	Blastx
SRR22534752	NODE_50792_length_622_cov_11.025467	41.7	622	443	0.325056	1.64e-29	acc|REFSEQ|YP_010782291.1|REFSEQ|NC_075039|alcohol dehydrogenase [Tupanvirus soda lake]	Tupanvirus soda lake	Blastx
SRR22534752	NODE_16236_length_643_cov_3.321311	35.8	643	366	0.489071	1.82e-29	acc|GENBANK|WRJ69895.1|GENBANK|OR001839|phosphoserine aminotransferase [Oceanusvirus sp.]	Oceanusvirus sp.	Blastx
SRR22534752	NODE_17139_length_461_cov_3.200935	39.3	461	411	0.352798	1.82e-29	acc|GENBANK|QDY51866.1|GENBANK|MK250085|hypothetical protein [Mimiviridae sp. ChoanoV1]	Mimiviridae sp. ChoanoV1	Blastx
SRR22534752	NODE_39767_length_976_cov_4.738070	36.1	976	686	0.330904	1.90e-29	acc|GENBANK|WNO13952.1|GENBANK|OQ968299|coat protein [Guapo partitivirus]	Guapo partitivirus	Blastx
SRR22534752	NODE_30064_length_315_cov_1.312057	57.8	315	267	0.382022	1.97e-29	acc|GENBANK|WGU26820.1|GENBANK|OQ503488|cytosolic iron-sulfur (Fe-S) protein [Triticum monococcum]	Triticum monococcum	Blastx
SRR22534752	NODE_37464_length_548_cov_6.458252	42.5	548	925	0.180541	2.03e-29	acc|GENBANK|ABY48139.1|GENBANK|EU306659|NORK [Medicago truncatula]	Medicago truncatula	Blastx
SRR22534752	NODE_43878_length_773_cov_5.059459	34.5	773	483	0.534161	2.23e-29	acc|GENBANK|AYV80388.1|GENBANK|MK072243|cytochrome P450 704B1 [Harvfovirus sp.]	Harvfovirus sp.	Blastx
SRR22534752	NODE_37091_length_380_cov_12.835735	48.4	380	783	0.160920	2.29e-29	acc|GENBANK|QFG73724.1|GENBANK|MN448270|Hsp90 protein [Megaviridae environmental sample]	Megaviridae environmental sample	Blastx
SRR22534752	NODE_9189_length_1052_cov_6.792934	27.3	1052	467	0.777302	2.71e-29	acc|GENBANK|API81738.1|NEIGHBOR|KU052222|hypothetical protein [Cafeteriavirus-dependent mavirus]	Cafeteriavirus-dependent mavirus	Blastx
SRR22534752	NODE_6032_length_927_cov_4.983221	35.4	927	498	0.413655	2.80e-29	acc|GENBANK|XHA59766.1|GENBANK|OR863077|thermosome [Poseidoniales virus]	Poseidoniales virus	Blastx
SRR22534752	NODE_11313_length_1321_cov_17.829969	33.2	1321	793	0.341740	3.02e-29	acc|GENBANK|AYV86642.1|GENBANK|MK072511|putative two-component hybrid sensor and [Sylvanvirus sp.]	Sylvanvirus sp.	Blastx
SRR22534752	NODE_9284_length_773_cov_71.005405	47.4	773	753	0.179283	3.10e-29	acc|GENBANK|QDY51907.1|GENBANK|MK250085|Hsp90 protein [Mimiviridae sp. ChoanoV1]	Mimiviridae sp. ChoanoV1	Blastx
SRR22534752	NODE_184_length_1001_cov_12.632231	58.4	1001	316	0.319620	3.16e-29	acc|GENBANK|QDY51833.1|GENBANK|MK250085|hypothetical protein [Mimiviridae sp. ChoanoV1]	Mimiviridae sp. ChoanoV1	Blastx
SRR22534752	NODE_16468_length_540_cov_4.664694	40.5	540	367	0.444142	3.33e-29	acc|GENBANK|AYV76323.1|GENBANK|MK071983|STE/STE20/FRAY protein kinase [Terrestrivirus sp.]	Terrestrivirus sp.	Blastx
SRR22534752	NODE_8293_length_1611_cov_32.388466	42.8	1611	244	0.709016	3.98e-29	acc|GENBANK|CAA60719.1|GENBANK|X87297|J1545 [Saccharomyces cerevisiae]	Saccharomyces cerevisiae	Blastx
SRR22534752	NODE_16083_length_1431_cov_5.393419	43.6	1431	1186	0.131535	4.03e-29	acc|GENBANK|ARF10911.1|GENBANK|KY684105|putative sensor histidine kinase [Hokovirus HKV1]	Hokovirus HKV1	Blastx
SRR22534752	NODE_24940_length_243_cov_1.014286	71.1	243	117	0.649573	4.09e-29	acc|GENBANK|AAX62232.1|GENBANK|AY959238|reverse transcriptase [Nymphaea tetragona]	Nymphaea tetragona	Blastx
SRR22534752	NODE_5921_length_388_cov_2.557746	49.6	388	576	0.199653	4.47e-29	acc|GENBANK|QIG59631.1|GENBANK|MN940577|hypothetical protein [Dishui Lake phycodnavirus 2]	Dishui Lake phycodnavirus 2	Blastx
SRR22534752	NODE_37577_length_511_cov_3.738494	40.1	511	293	0.518771	4.63e-29	acc|GENBANK|QFG75012.1|GENBANK|MN448296|protein kinase domain protein [Megaviridae environmental sample]	Megaviridae environmental sample	Blastx
SRR22534752	NODE_11077_length_345_cov_29.500000	91.1	345	258	0.217054	4.71e-29	acc|GENBANK|WMV02893.1|GENBANK|OP630990|alpha-tubulin [Diderma spumarioides]	Diderma spumarioides	Blastx
SRR22534752	NODE_5668_length_1247_cov_20.943163	34.8	1247	291	0.859107	4.73e-29	acc|GENBANK|QDY52327.1|GENBANK|MK250090|hypothetical protein [Mimiviridae sp. ChoanoV1]	Mimiviridae sp. ChoanoV1	Blastx
SRR22534752	NODE_9265_length_726_cov_46.802309	68.2	726	213	0.516432	4.77e-29	acc|GENBANK|AAK76585.1|GENBANK|AY045911|putative copia retroelement pol polyprotein [Arabidopsis thaliana]	Arabidopsis thaliana	Blastx
SRR22534752	NODE_323_length_1225_cov_7.681208	26.9	1225	364	1.101648	4.86e-29	acc|GENBANK|AAL06316.1|GENBANK|AF346488|DNA polymerase [Pan rhadino-herpesvirus 2]	Pan rhadino-herpesvirus 2	Blastx
SRR22534752	NODE_19774_length_1400_cov_10.732260	31.9	1400	367	0.760218	4.88e-29	acc|GENBANK|AYV76323.1|GENBANK|MK071983|STE/STE20/FRAY protein kinase [Terrestrivirus sp.]	Terrestrivirus sp.	Blastx
SRR22534752	NODE_45306_length_609_cov_13.262153	37.6	609	347	0.475504	4.98e-29	acc|GENBANK|QKF94589.1|GENBANK|MT418680|caspase-like protein [Fadolivirus FV1/VV64]	Fadolivirus FV1/VV64	Blastx
SRR22534752	NODE_45935_length_1178_cov_7.475983	42.9	1178	588	0.261905	5.34e-29	acc|GENBANK|QOI90522.1|GENBANK|MT663539|hypothetical protein [Pyramimonas orientalis virus]	Pyramimonas orientalis virus	Blastx
SRR22534752	NODE_927_length_951_cov_14.589325	33.1	951	266	1.022556	5.53e-29	acc|GENBANK|QBK88934.1|GENBANK|MK500406|protein phosphatase 2C [Mimivirus LCMiAC02]	Mimivirus LCMiAC02	Blastx
SRR22534752	NODE_1135_length_985_cov_18.438025	49.6	985	153	0.816993	5.55e-29	acc|GENBANK|QBK85952.1|GENBANK|MK500328|ubiquitin-conjugating enzyme E2 [Marseillevirus LCMAC101]	Marseillevirus LCMAC101	Blastx
SRR22534752	NODE_21432_length_453_cov_6.435714	62.0	453	337	0.272997	5.58e-29	acc|GENBANK|ABH08433.1|GENBANK|DQ851167|putative heat shock factor [Beta vulgaris]	Beta vulgaris	Blastx
SRR22534752	NODE_31137_length_277_cov_3.987705	53.3	277	396	0.227273	5.82e-29	acc|GENBANK|QBK87987.1|GENBANK|MK500372|threonyl-tRNA synthetase [Marseillevirus LCMAC202]	Marseillevirus LCMAC202	Blastx
SRR22534752	NODE_1107_length_675_cov_15.833333	35.8	675	478	0.443515	5.85e-29	acc|GENBANK|QBK86272.1|GENBANK|MK500334|cyclin-dependent protein kinase [Marseillevirus LCMAC102]	Marseillevirus LCMAC102	Blastx
SRR22534752	NODE_3569_length_367_cov_24.682635	40.2	367	258	0.472868	6.13e-29	acc|GENBANK|WMV02893.1|GENBANK|OP630990|alpha-tubulin [Diderma spumarioides]	Diderma spumarioides	Blastx
SRR22534752	NODE_17612_length_825_cov_10.862374	43.7	825	422	0.319905	6.45e-29	acc|GENBANK|ABY48137.1|GENBANK|EU306659|putative protein [Medicago truncatula]	Medicago truncatula	Blastx
SRR22534752	NODE_11063_length_1346_cov_6.575019	79.7	1346	144	0.479167	6.48e-29	acc|GENBANK|AAH74588.1|GENBANK|BC074588|intracisternal A particle-promoted polypeptide [Xenopus tropicalis]	Xenopus tropicalis	Blastx
SRR22534752	NODE_43361_length_1087_cov_6.450664	28.9	1087	360	0.980556	6.98e-29	acc|GENBANK|QPI16529.1|GENBANK|MW030574|chaperone protein [Virus NIOZ-UU159]	Virus NIOZ-UU159	Blastx
SRR22534752	NODE_23707_length_400_cov_2.000000	46.8	400	588	0.210884	7.52e-29	acc|GENBANK|QOI90522.1|GENBANK|MT663539|hypothetical protein [Pyramimonas orientalis virus]	Pyramimonas orientalis virus	Blastx
SRR22534752	NODE_13756_length_1073_cov_12.575962	43.2	1073	1186	0.130691	7.74e-29	acc|GENBANK|ARF10911.1|GENBANK|KY684105|putative sensor histidine kinase [Hokovirus HKV1]	Hokovirus HKV1	Blastx
SRR22534752	NODE_3393_length_1322_cov_15.786656	26.1	1322	470	0.840426	8.10e-29	acc|REFSEQ|YP_009448636.1|REFSEQ|NC_036594|Cytochrome P450-like protein E-class [Orpheovirus IHUMI-LCC2]	Orpheovirus IHUMI-LCC2	Blastx
SRR22534752	NODE_9091_length_779_cov_4.592493	38.3	779	382	0.479058	8.70e-29	acc|GENBANK|QBK87279.1|GENBANK|MK500347|putative serine/threonine protein kinase [Marseillevirus LCMAC201]	Marseillevirus LCMAC201	Blastx
SRR22534752	NODE_10822_length_1564_cov_17.273677	30.5	1564	329	0.957447	8.85e-29	acc|REFSEQ|YP_009163849.1|REFSEQ|NC_027778|ORF_088L [Scale drop disease virus]	Scale drop disease virus	Blastx
SRR22534752	NODE_49480_length_254_cov_1.058824	68.3	254	461	0.177874	8.88e-29	acc|GENBANK|AAL14456.1|GENBANK|AF397036|heat shock protein Hsc70t [Mus musculus]	Mus musculus	Blastx
SRR22534752	NODE_1852_length_855_cov_7.551095	34.2	855	644	0.368012	9.91e-29	acc|GENBANK|ULY68478.1|GENBANK|OL828820|putative heat shock protein Ssa2 [Chlorella virus XW01]	Chlorella virus XW01	Blastx
SRR22534752	NODE_46933_length_916_cov_8.637599	30.0	916	363	0.798898	1.07e-28	acc|GENBANK|AGU70139.1|GENBANK|KF270090|protein kinase superfamily protein [Tarenaya hassleriana]	Tarenaya hassleriana	Blastx
SRR22534752	NODE_9351_length_340_cov_11.267101	79.7	340	212	0.301887	1.17e-28	acc|GENBANK|AYV82031.1|GENBANK|MK072334|Ras-like protein Rab-11A [Homavirus sp.]	Homavirus sp.	Blastx
SRR22534752	NODE_37407_length_445_cov_3.660194	44.8	445	727	0.184319	1.27e-28	acc|GENBANK|ADB85269.1|GENBANK|GQ252805|putative lectin-like protein kinase [Phyllostachys edulis]	Phyllostachys edulis	Blastx
SRR22534752	NODE_4247_length_417_cov_69.565104	45.7	417	753	0.183267	1.27e-28	acc|GENBANK|QDY51907.1|GENBANK|MK250085|Hsp90 protein [Mimiviridae sp. ChoanoV1]	Mimiviridae sp. ChoanoV1	Blastx
SRR22534752	NODE_47201_length_590_cov_5.730700	46.9	590	528	0.242424	1.33e-28	acc|GENBANK|QKF94573.1|GENBANK|MT418680|methionyl-tRNA synthetase [Fadolivirus FV1/VV64]	Fadolivirus FV1/VV64	Blastx
SRR22534752	NODE_42459_length_1424_cov_5.081237	29.2	1424	365	0.920548	1.37e-28	acc|GENBANK|QBK92234.1|GENBANK|MK500569|chaperone protein [Pithovirus LCPAC304]	Pithovirus LCPAC304	Blastx
SRR22534752	NODE_25120_length_613_cov_2.794828	39.0	613	367	0.468665	1.40e-28	acc|GENBANK|AYV76323.1|GENBANK|MK071983|STE/STE20/FRAY protein kinase [Terrestrivirus sp.]	Terrestrivirus sp.	Blastx
SRR22534752	NODE_18295_length_1151_cov_5.127907	35.5	1151	249	0.871486	1.44e-28	acc|GENBANK|QKF94115.1|GENBANK|MT418680|fatty acid hydroxylase [Fadolivirus FV1/VV64]	Fadolivirus FV1/VV64	Blastx
SRR22534752	NODE_40276_length_1035_cov_6.971058	33.2	1035	269	0.739777	1.52e-28	acc|GENBANK|ARF08245.1|GENBANK|KY684083|alpha/beta hydrolase family protein [Catovirus CTV1]	Catovirus CTV1	Blastx
SRR22534752	NODE_46682_length_433_cov_14.650000	39.4	433	925	0.153514	1.59e-28	acc|GENBANK|ABY48139.1|GENBANK|EU306659|NORK [Medicago truncatula]	Medicago truncatula	Blastx
SRR22534752	NODE_4355_length_396_cov_24.286501	49.1	396	383	0.297650	1.61e-28	acc|GENBANK|AJA91762.1|GENBANK|KM434202|dihydroflavonol 4-reductase [Allium cepa]	Allium cepa	Blastx
SRR22534752	NODE_11257_length_524_cov_2.299389	38.2	524	471	0.367304	2.02e-28	acc|GENBANK|AFV13457.1|GENBANK|JQ314445|UDPG-flavonoid 3-O-glucosyl transferase [Tripsacum dactyloides]	Tripsacum dactyloides	Blastx
SRR22534752	NODE_42605_length_218_cov_7.237838	75.0	218	783	0.091954	2.05e-28	acc|GENBANK|QFG73724.1|GENBANK|MN448270|Hsp90 protein [Megaviridae environmental sample]	Megaviridae environmental sample	Blastx
SRR22534752	NODE_44470_length_297_cov_9.541667	83.1	297	189	0.343915	2.15e-28	acc|REFSEQ|YP_009465730.1|REFSEQ|NC_037057|hypothetical protein [Dishui lake phycodnavirus 1]	Dishui lake phycodnavirus 1	Blastx
SRR22534752	NODE_7104_length_2076_cov_16.976505	48.0	2076	202	0.628713	2.19e-28	acc|GENBANK|CCQ71376.1|GENBANK|HF586479|hypothetical peptidase PPPDE-like [Cotesia congregata]	Cotesia congregata	Blastx
SRR22534752	NODE_12098_length_291_cov_25.949612	55.9	291	783	0.130268	2.26e-28	acc|GENBANK|QFG73724.1|GENBANK|MN448270|Hsp90 protein [Megaviridae environmental sample]	Megaviridae environmental sample	Blastx
SRR22534752	NODE_1542_length_1338_cov_19.657471	26.0	1338	453	0.796909	2.54e-28	acc|GENBANK|WZO88644.1|GENBANK|PP681897|ATP-dependent SNF2 helicase [Chlorovirus sp.]	Chlorovirus sp.	Blastx
SRR22534752	NODE_40473_length_1704_cov_5.436266	27.7	1704	703	0.493599	2.56e-28	acc|GENBANK|ARF09664.1|GENBANK|KY684086|HrpA-like RNA helicase [Indivirus ILV1]	Indivirus ILV1	Blastx
SRR22534752	NODE_9234_length_587_cov_26.651625	46.8	587	363	0.341598	2.70e-28	acc|GENBANK|AYV86762.1|GENBANK|MK072514|GDP-D-mannose-3',5'-epimerase [Sylvanvirus sp.]	Sylvanvirus sp.	Blastx
SRR22534752	NODE_7492_length_770_cov_32.455902	33.2	770	422	0.471564	2.75e-28	acc|GENBANK|QDY52462.1|GENBANK|MK250094|aminotransferase class-III protein [Mimiviridae sp. ChoanoV1]	Mimiviridae sp. ChoanoV1	Blastx
SRR22534752	NODE_2109_length_1236_cov_18.991687	51.3	1236	133	0.849624	2.84e-28	acc|GENBANK|CAC43855.1|GENBANK|AJ409162|urease [Solanum ochranthum]	Solanum ochranthum	Blastx
SRR22534752	NODE_30311_length_249_cov_3.986111	73.2	249	212	0.334906	2.87e-28	acc|GENBANK|AYV82031.1|GENBANK|MK072334|Ras-like protein Rab-11A [Homavirus sp.]	Homavirus sp.	Blastx
SRR22534752	NODE_45069_length_755_cov_11.598338	75.7	755	75	0.986667	3.07e-28	acc|GENBANK|ABM68560.1|GENBANK|EF026027|retrotransposon protein [Lilium longiflorum]	Lilium longiflorum	Blastx
SRR22534752	NODE_33338_length_576_cov_2.918969	39.5	576	925	0.200000	3.36e-28	acc|GENBANK|ABY48139.1|GENBANK|EU306659|NORK [Medicago truncatula]	Medicago truncatula	Blastx
SRR22534752	NODE_4687_length_589_cov_9.915468	36.7	589	299	0.628763	3.38e-28	acc|GENBANK|UOG94093.1|NEIGHBOR|OM876856|serine threonine-protein phosphatase [Aureococcus anophagefferens virus]	Aureococcus anophagefferens virus	Blastx
SRR22534752	NODE_27486_length_568_cov_2.644860	41.0	568	478	0.326360	3.54e-28	acc|GENBANK|AAK84479.1|GENBANK|AF275345|putative auxin growth promotor protein [Solanum lycopersicum]	Solanum lycopersicum	Blastx
SRR22534752	NODE_50392_length_945_cov_9.094298	39.2	945	618	0.383495	3.56e-28	acc|GENBANK|QKF93461.1|GENBANK|MT418680|GMP synthetase glutamine amidotransferase and [Fadolivirus FV1/VV64]	Fadolivirus FV1/VV64	Blastx
SRR22534752	NODE_2035_length_951_cov_40.506536	37.0	951	1618	0.123609	3.57e-28	acc|GENBANK|QGR54286.1|GENBANK|MK978772|serine/threonine protein kinase [Moumouvirus maliensis]	Moumouvirus maliensis	Blastx
SRR22534752	NODE_14541_length_971_cov_15.482942	37.7	971	497	0.352113	3.62e-28	acc|GENBANK|AYV83822.1|GENBANK|MK072394|cytochrome P450 704B1 [Hyperionvirus sp.]	Hyperionvirus sp.	Blastx
SRR22534752	NODE_9214_length_1251_cov_18.379310	31.5	1251	325	0.956923	3.65e-28	acc|GENBANK|AYV75307.1|GENBANK|MK071979|hypothetical protein [Terrestrivirus sp.]	Terrestrivirus sp.	Blastx
SRR22534752	NODE_1876_length_340_cov_7.964169	83.1	340	189	0.343915	3.68e-28	acc|REFSEQ|YP_009465730.1|REFSEQ|NC_037057|hypothetical protein [Dishui lake phycodnavirus 1]	Dishui lake phycodnavirus 1	Blastx
SRR22534752	NODE_8317_length_754_cov_12.213592	46.0	754	503	0.298211	4.14e-28	acc|REFSEQ|YP_004061633.1|REFSEQ|NC_014765|hypothetical protein [Bathycoccus sp. RCC1105 virus BpV1]	Bathycoccus sp. RCC1105 virus BpV1	Blastx
SRR22534752	NODE_40028_length_944_cov_7.205269	33.0	944	678	0.424779	4.21e-28	acc|GENBANK|CCQ71325.1|GENBANK|HF586476|hypothetical kinesin-like protein KIF3 [Cotesia congregata]	Cotesia congregata	Blastx
SRR22534752	NODE_2370_length_975_cov_9.803609	31.6	975	342	0.795322	4.40e-28	acc|GENBANK|AYV78971.1|GENBANK|MK072128|transmembrane protein 184C-like protein [Edafosvirus sp.]	Edafosvirus sp.	Blastx
SRR22534752	NODE_16841_length_669_cov_12.306604	39.2	669	499	0.296593	4.67e-28	acc|GENBANK|CCQ71356.1|GENBANK|HF586477|hypothetical E3 ubiquitin-protein ligase ARI [Cotesia congregata]	Cotesia congregata	Blastx
SRR22534752	NODE_3172_length_1143_cov_73.533333	34.3	1143	498	0.433735	4.81e-28	acc|GENBANK|XHA59766.1|GENBANK|OR863077|thermosome [Poseidoniales virus]	Poseidoniales virus	Blastx
SRR22534752	NODE_16164_length_1487_cov_11.011004	40.5	1487	721	0.205270	4.95e-28	acc|GENBANK|ATZ80225.1|GENBANK|MF782455|putative nuclear export mediator factor [Bodo saltans virus]	Bodo saltans virus	Blastx
SRR22534752	NODE_48925_length_235_cov_2.316832	68.8	235	295	0.261017	5.14e-28	acc|GENBANK|AOG75317.1|GENBANK|KU720517|RNaseH [Mirabilis jalapa]	Mirabilis jalapa	Blastx
SRR22534752	NODE_1109_length_935_cov_28.643016	38.3	935	186	0.897849	5.19e-28	acc|GENBANK|WIF15735.1|GENBANK|OQ540738|citrate synthase [Candidatus Rickettsia tarasevichiae]	Candidatus Rickettsia tarasevichiae	Blastx
SRR22534752	NODE_13772_length_706_cov_10.393759	35.5	706	474	0.481013	5.29e-28	acc|GENBANK|WIL04195.1|GENBANK|OQ413577|adenylosuccinate synthetase [Cedratvirus lena]	Cedratvirus lena	Blastx
SRR22534752	NODE_9301_length_1334_cov_13.860876	35.4	1334	978	0.193252	5.46e-28	acc|GENBANK|AYV78571.1|GENBANK|MK072083|ubiquitin-activating enzyme E1 [Edafosvirus sp.]	Edafosvirus sp.	Blastx
SRR22534752	NODE_11345_length_3311_cov_7.870958	35.2	3311	558	0.392473	5.70e-28	acc|GENBANK|QDY52220.1|GENBANK|MK250089|ABC transporter [Mimiviridae sp. ChoanoV1]	Mimiviridae sp. ChoanoV1	Blastx
SRR22534752	NODE_574_length_1106_cov_7.292637	39.0	1106	691	0.303907	5.83e-28	acc|GENBANK|ATZ80349.1|GENBANK|MF782455|putative ATP-dependent RNA helicase [Bodo saltans virus]	Bodo saltans virus	Blastx
SRR22534752	NODE_16137_length_690_cov_16.987823	47.2	690	366	0.341530	5.89e-28	acc|GENBANK|ARF12215.1|GENBANK|KY684111|phosphoribosyl transferase [Klosneuvirus KNV1]	Klosneuvirus KNV1	Blastx
SRR22534752	NODE_18206_length_435_cov_11.164179	48.4	435	421	0.294537	5.94e-28	acc|GENBANK|AGP03657.1|GENBANK|KF220834|integrase-type DNA-binding superfamily protein [Glycine max]	Glycine max	Blastx
SRR22534752	NODE_19629_length_1062_cov_37.539359	45.9	1062	1735	0.077810	6.53e-28	acc|REFSEQ|YP_009481279.1|REFSEQ|NC_037665|serine-threonine kinase [Pandoravirus macleodensis]	Pandoravirus macleodensis	Blastx
SRR22534752	NODE_42349_length_922_cov_11.941507	38.2	922	299	0.568562	6.66e-28	acc|GENBANK|QRE02559.1|GENBANK|MN545489|hypothetical protein [Otarine gammaherpesvirus 4]	Otarine gammaherpesvirus 4	Blastx
SRR22534752	NODE_18576_length_1005_cov_9.899177	42.7	1005	261	0.655172	7.58e-28	acc|GENBANK|AYV79236.1|GENBANK|MK072137|serine/threonine protein phosphatase [Faunusvirus sp.]	Faunusvirus sp.	Blastx
SRR22534752	NODE_17296_length_847_cov_15.438575	29.4	847	640	0.446875	7.94e-28	acc|GENBANK|QBK88455.1|GENBANK|MK500389|AMP-binding enzyme [Mimivirus LCMiAC01]	Mimivirus LCMiAC01	Blastx
SRR22534752	NODE_20777_length_907_cov_6.194508	31.0	907	725	0.382069	8.56e-28	acc|GENBANK|QKF93711.1|GENBANK|MT418680|HrpA-like RNA helicase [Fadolivirus FV1/VV64]	Fadolivirus FV1/VV64	Blastx
SRR22534752	NODE_711_length_1898_cov_27.875067	33.2	1898	430	0.525581	9.07e-28	acc|REFSEQ|YP_010782230.1|REFSEQ|NC_075039|Zn-dependent peptidase [Tupanvirus soda lake]	Tupanvirus soda lake	Blastx
SRR22534752	NODE_19462_length_480_cov_8.205817	45.8	480	447	0.268456	9.69e-28	acc|REFSEQ|NP_077596.1|REFSEQ|NC_002687|serine-threonine kinase [Ectocarpus siliculosus virus 1]	Ectocarpus siliculosus virus 1	Blastx
SRR22534752	NODE_10914_length_2135_cov_19.235966	32.4	2135	1058	0.227788	1.05e-27	acc|REFSEQ|YP_008052628.1|REFSEQ|NC_021312|ABC transporter [Phaeocystis globosa virus]	Phaeocystis globosa virus	Blastx
SRR22534752	NODE_19176_length_512_cov_4.876827	50.0	512	489	0.196319	1.05e-27	acc|GENBANK|AAK84471.1|GENBANK|AF275345|putative permease [Solanum lycopersicum]	Solanum lycopersicum	Blastx
SRR22534752	NODE_3767_length_1128_cov_57.227397	29.2	1128	300	0.843333	1.06e-27	acc|REFSEQ|NP_955048.1|REFSEQ|NC_005309|CNPV025 alpha-SNAP-like protein [Canarypox virus]	Canarypox virus	Blastx
SRR22534752	NODE_6315_length_506_cov_2.488372	41.7	506	237	0.637131	1.07e-27	acc|GENBANK|ADB85285.1|GENBANK|GQ252816|hypothetical protein [Phyllostachys edulis]	Phyllostachys edulis	Blastx
SRR22534752	NODE_1338_length_718_cov_17.551825	44.4	718	166	0.813253	1.08e-27	acc|REFSEQ|YP_009119934.1|REFSEQ|NC_026440|serine-threonine kinase [Pandoravirus inopinatum]	Pandoravirus inopinatum	Blastx
SRR22534752	NODE_8037_length_665_cov_33.787975	41.6	665	404	0.398515	1.10e-27	acc|GENBANK|QBK87013.1|GENBANK|MK500340|phosphoribosyl transferase [Marseillevirus LCMAC103]	Marseillevirus LCMAC103	Blastx
SRR22534752	NODE_36779_length_343_cov_2.135484	67.1	343	953	0.079748	1.14e-27	acc|GENBANK|ACB28472.1|GENBANK|EU522675|polyprotein [Ananas comosus]	Ananas comosus	Blastx
SRR22534752	NODE_11199_length_1984_cov_33.800103	27.4	1984	440	0.895455	1.22e-27	acc|GENBANK|WBF70849.1|GENBANK|OP925046|hypothetical protein [Megavirus caiporensis]	Megavirus caiporensis	Blastx
SRR22534752	NODE_5513_length_219_cov_351.569892	62.0	219	150	0.473333	1.23e-27	acc|REFSEQ|YP_009173309.1|REFSEQ|NC_028094|ubiquitin conjugating enzyme E2 [Chrysochromulina ericina virus]	Chrysochromulina ericina virus	Blastx
SRR22534752	NODE_44898_length_920_cov_5.152198	30.9	920	480	0.560417	1.40e-27	acc|GENBANK|WZO87318.1|GENBANK|PP681894|NADH dehydrogenase [Chlorovirus sp.]	Chlorovirus sp.	Blastx
SRR22534752	NODE_46384_length_715_cov_8.237537	36.8	715	1793	0.090909	1.58e-27	acc|GENBANK|CCQ71366.1|GENBANK|HF586479|hypothetical serine/threonine protein kinase [Cotesia congregata]	Cotesia congregata	Blastx
SRR22534752	NODE_8718_length_538_cov_8.382178	36.3	538	172	0.848837	1.67e-27	acc|GENBANK|AYV78583.1|GENBANK|MK072084|hypoxanthine phosphoribosyltransferase [Edafosvirus sp.]	Edafosvirus sp.	Blastx
SRR22534752	NODE_13474_length_627_cov_3.390572	42.0	627	441	0.297052	1.68e-27	acc|GENBANK|QKF94717.1|GENBANK|MT418680|ergosterol biosynthesis ERG4/ERG24 [Fadolivirus FV1/VV64]	Fadolivirus FV1/VV64	Blastx
SRR22534752	NODE_15013_length_614_cov_43.146299	36.6	614	1033	0.155857	1.74e-27	acc|REFSEQ|YP_010782239.1|REFSEQ|NC_075039|putative ATP-citrate synthase [Tupanvirus soda lake]	Tupanvirus soda lake	Blastx
SRR22534752	NODE_41691_length_560_cov_6.576850	38.6	560	925	0.190270	1.75e-27	acc|GENBANK|ABY48139.1|GENBANK|EU306659|NORK [Medicago truncatula]	Medicago truncatula	Blastx
SRR22534752	NODE_19071_length_988_cov_9.420942	31.9	988	342	0.742690	1.79e-27	acc|GENBANK|AYV78971.1|GENBANK|MK072128|transmembrane protein 184C-like protein [Edafosvirus sp.]	Edafosvirus sp.	Blastx
SRR22534752	NODE_47341_length_327_cov_13.295918	52.3	327	404	0.269802	1.80e-27	acc|REFSEQ|YP_009483679.1|REFSEQ|NC_037667|clamp loader of DNA polymerase [Pandoravirus quercus]	Pandoravirus quercus	Blastx
SRR22534752	NODE_16201_length_633_cov_8.255000	38.3	633	478	0.366109	1.87e-27	acc|GENBANK|AAK84479.1|GENBANK|AF275345|putative auxin growth promotor protein [Solanum lycopersicum]	Solanum lycopersicum	Blastx
SRR22534752	NODE_8147_length_644_cov_20.636661	92.9	644	258	0.217054	1.89e-27	acc|GENBANK|WMV02893.1|GENBANK|OP630990|alpha-tubulin [Diderma spumarioides]	Diderma spumarioides	Blastx
SRR22534752	NODE_8729_length_579_cov_23.404762	39.8	579	522	0.356322	2.08e-27	acc|GENBANK|QPI16279.1|GENBANK|MW030549|hypothetical protein [Virus NIOZ-UU157]	Virus NIOZ-UU157	Blastx
SRR22534752	NODE_11521_length_1868_cov_15.669210	30.0	1868	420	0.714286	2.49e-27	acc|GENBANK|CAK7597268.1|GENBANK|OZ003748|Protein kinase-like homologous superfamily [Catovirus sp. 'naegleriensis']	Catovirus sp. 'naegleriensis'	Blastx
SRR22534752	NODE_15148_length_391_cov_39.955307	56.8	391	214	0.411215	2.59e-27	acc|GENBANK|XAJ03569.1|NEIGHBOR|PP750552|hypothetical protein [African swine fever virus]	African swine fever virus	Blastx
SRR22534752	NODE_38770_length_407_cov_7.590909	55.0	407	1721	0.058106	2.64e-27	acc|REFSEQ|YP_008319603.1|REFSEQ|NC_021858|serine-threonine kinase [Pandoravirus dulcis]	Pandoravirus dulcis	Blastx
SRR22534752	NODE_16155_length_268_cov_10.757447	63.6	268	496	0.155242	2.71e-27	acc|GENBANK|ACN78958.1|GENBANK|FJ225394|dehydration responsive protein [Glycine max]	Glycine max	Blastx
SRR22534752	NODE_25841_length_773_cov_2.729730	47.6	773	678	0.241888	2.84e-27	acc|GENBANK|CCQ71325.1|GENBANK|HF586476|hypothetical kinesin-like protein KIF3 [Cotesia congregata]	Cotesia congregata	Blastx
SRR22534752	NODE_9775_length_1816_cov_24.117218	30.4	1816	489	0.572597	2.95e-27	acc|GENBANK|AAK84471.1|GENBANK|AF275345|putative permease [Solanum lycopersicum]	Solanum lycopersicum	Blastx
SRR22534752	NODE_33917_length_375_cov_5.573099	73.6	375	741	0.097166	3.14e-27	acc|GENBANK|WOA03171.1|GENBANK|OR637870|truncated WD40 protein PH13-H3 [Glycine max]	Glycine max	Blastx
SRR22534752	NODE_46441_length_955_cov_12.036876	35.9	955	833	0.277311	3.46e-27	acc|GENBANK|AAL14454.1|GENBANK|AF397035|DNA mismatch repair protein Msh5 [Mus musculus]	Mus musculus	Blastx
SRR22534752	NODE_17978_length_1139_cov_7.442134	40.3	1139	1740	0.124138	3.77e-27	acc|GENBANK|QHN71086.1|GENBANK|MN812837|serine/threonine protein kinase [Mollivirus kamchatka]	Mollivirus kamchatka	Blastx
SRR22534752	NODE_9300_length_1040_cov_5.809335	35.6	1040	496	0.391129	3.99e-27	acc|GENBANK|ACN78958.1|GENBANK|FJ225394|dehydration responsive protein [Glycine max]	Glycine max	Blastx
SRR22534752	NODE_579_length_1274_cov_5.133763	52.8	1274	310	0.348387	4.04e-27	acc|GENBANK|AYV86922.1|GENBANK|MK072520|hypothetical protein [Sylvanvirus sp.]	Sylvanvirus sp.	Blastx
SRR22534752	NODE_50668_length_999_cov_8.913043	34.5	999	498	0.512048	4.21e-27	acc|REFSEQ|YP_010781610.1|REFSEQ|NC_075039|hypothetical protein [Tupanvirus soda lake]	Tupanvirus soda lake	Blastx
SRR22534752	NODE_4660_length_1086_cov_20.000000	31.8	1086	319	0.661442	4.42e-27	acc|GENBANK|XKM46455.1|GENBANK|PQ442261|hypothetical protein [Micromonas commoda virus 20T]	Micromonas commoda virus 20T	Blastx
SRR22534752	NODE_37713_length_389_cov_3.859551	49.2	389	186	0.634409	4.93e-27	acc|REFSEQ|YP_009120778.1|REFSEQ|NC_026440|GTP cyclohydrolase [Pandoravirus inopinatum]	Pandoravirus inopinatum	Blastx
SRR22534752	NODE_3680_length_266_cov_3.497854	59.8	266	564	0.145390	5.07e-27	acc|GENBANK|AWA44801.1|GENBANK|MH182523|ATP-dependent 6-phosphofructokinase [Saccharum officinarum]	Saccharum officinarum	Blastx
SRR22534752	NODE_4008_length_487_cov_63.614537	43.8	487	121	1.000000	5.23e-27	acc|GENBANK|UNJ46594.1|GENBANK|OM135585|yippee [Drosophila melanogaster]	Drosophila melanogaster	Blastx
SRR22534752	NODE_21658_length_1652_cov_11.882644	32.0	1652	261	1.030651	5.77e-27	acc|GENBANK|AYV79236.1|GENBANK|MK072137|serine/threonine protein phosphatase [Faunusvirus sp.]	Faunusvirus sp.	Blastx
SRR22534752	NODE_26195_length_473_cov_2.281818	40.1	473	237	0.578059	5.80e-27	acc|GENBANK|ADB85285.1|GENBANK|GQ252816|hypothetical protein [Phyllostachys edulis]	Phyllostachys edulis	Blastx
SRR22534752	NODE_42889_length_1037_cov_5.633466	35.9	1037	482	0.485477	6.45e-27	acc|GENBANK|BBA54297.1|GENBANK|AB898755|gag : akt fusion protein [Feline leukemia virus]	Feline leukemia virus	Blastx
SRR22534752	NODE_44843_length_292_cov_10.918919	55.3	292	299	0.314381	6.51e-27	acc|GENBANK|ARF09764.1|GENBANK|KY684087|serine/threonine protein kinase [Indivirus ILV1]	Indivirus ILV1	Blastx
SRR22534752	NODE_8103_length_763_cov_14.015068	45.2	763	518	0.303089	6.53e-27	acc|GENBANK|QPI16131.1|GENBANK|MW030532|hypothetical protein [Virus NIOZ-UU157]	Virus NIOZ-UU157	Blastx
SRR22534752	NODE_25912_length_357_cov_4.250000	48.1	357	257	0.420233	6.53e-27	acc|REFSEQ|YP_007250456.1|REFSEQ|NC_019945|pcna protein [Thysanoplusia orichalcea nucleopolyhedrovirus]	Thysanoplusia orichalcea nucleopolyhedrovirus	Blastx
SRR22534752	NODE_8632_length_818_cov_41.673885	42.2	818	634	0.231861	7.17e-27	acc|REFSEQ|YP_010782446.1|REFSEQ|NC_075039|putative acyl-CoA oxidase [Tupanvirus soda lake]	Tupanvirus soda lake	Blastx
SRR22534752	NODE_28533_length_514_cov_3.372141	38.9	514	326	0.457055	7.29e-27	acc|GENBANK|CAP69653.1|GENBANK|AM932520|silcatein [Lubomirskia baikalensis]	Lubomirskia baikalensis	Blastx
SRR22534752	NODE_7376_length_523_cov_1.846939	49.5	523	842	0.124703	7.36e-27	acc|REFSEQ|YP_010781223.1|REFSEQ|NC_075038|leucyl-tRNA synthetase [Tupanvirus deep ocean]	Tupanvirus deep ocean	Blastx
SRR22534752	NODE_20288_length_1049_cov_19.551181	30.8	1049	1044	0.217433	7.72e-27	acc|GENBANK|BAC54898.1|GENBANK|AB083008|supressor of Ty element 16 [Drosophila melanogaster]	Drosophila melanogaster	Blastx
SRR22534752	NODE_18244_length_1318_cov_19.810117	39.7	1318	1369	0.141709	8.29e-27	acc|GENBANK|BAG72152.1|GENBANK|AB430326|hypothetical protein [Lotus japonicus]	Lotus japonicus	Blastx
SRR22534752	NODE_50568_length_515_cov_13.582988	39.3	515	463	0.302376	8.42e-27	acc|REFSEQ|YP_010781133.1|REFSEQ|NC_075038|cysteine desulfurase sufS family [Tupanvirus deep ocean]	Tupanvirus deep ocean	Blastx
SRR22534752	NODE_1805_length_911_cov_7.026196	65.8	911	237	0.333333	8.52e-27	acc|GENBANK|ADB85285.1|GENBANK|GQ252816|hypothetical protein [Phyllostachys edulis]	Phyllostachys edulis	Blastx
SRR22534752	NODE_50474_length_361_cov_3.210366	47.9	361	679	0.172312	8.70e-27	acc|GENBANK|QIG60138.1|GENBANK|MN940580|ATP-dependent zinc metalloprotease [Dishui Lake large algae virus 1]	Dishui Lake large algae virus 1	Blastx
SRR22534752	NODE_15094_length_594_cov_11.557932	44.8	594	447	0.299776	9.02e-27	acc|REFSEQ|NP_077596.1|REFSEQ|NC_002687|serine-threonine kinase [Ectocarpus siliculosus virus 1]	Ectocarpus siliculosus virus 1	Blastx
SRR22534752	NODE_18717_length_1191_cov_13.399827	33.5	1191	262	0.877863	9.26e-27	acc|GENBANK|ARF10214.1|GENBANK|KY684103|serine/threonine protein phosphatase [Hokovirus HKV1]	Hokovirus HKV1	Blastx
SRR22534752	NODE_14248_length_976_cov_3.170732	58.5	976	331	0.283988	9.68e-27	acc|GENBANK|UGN61889.1|GENBANK|OK330388|ovate family protein [Cucumis melo subsp. melo]	Cucumis melo subsp. melo	Blastx
SRR22534752	NODE_12164_length_2056_cov_19.621354	32.6	2056	925	0.235676	9.89e-27	acc|GENBANK|ABY48139.1|GENBANK|EU306659|NORK [Medicago truncatula]	Medicago truncatula	Blastx
SRR22534752	NODE_16304_length_228_cov_18.215385	76.7	228	214	0.280374	1.02e-26	acc|GENBANK|UZE89726.1|GENBANK|ON704650|hypothetical protein [Parapoynx stagnalis nucleopolyhedrovirus]	Parapoynx stagnalis nucleopolyhedrovirus	Blastx
SRR22534752	NODE_20277_length_267_cov_236.850427	60.2	267	128	0.687500	1.03e-26	acc|GENBANK|CAA42007.1|GENBANK|X59357|Epstein-Barr virus small RNA associated protein [Homo sapiens]	Homo sapiens	Blastx
SRR22534752	NODE_17157_length_471_cov_3.034247	51.6	471	925	0.136216	1.05e-26	acc|GENBANK|ABY48139.1|GENBANK|EU306659|NORK [Medicago truncatula]	Medicago truncatula	Blastx
SRR22534752	NODE_4757_length_451_cov_75.473684	45.4	451	506	0.256917	1.10e-26	acc|GENBANK|QBK91537.1|GENBANK|MK500544|cyclin-dependent protein kinase [Pithovirus LCPAC302]	Pithovirus LCPAC302	Blastx
SRR22534752	NODE_36468_length_766_cov_7.826739	37.1	766	478	0.389121	1.27e-26	acc|GENBANK|QBK86272.1|GENBANK|MK500334|cyclin-dependent protein kinase [Marseillevirus LCMAC102]	Marseillevirus LCMAC102	Blastx
SRR22534752	NODE_3880_length_1103_cov_93.815888	29.6	1103	337	0.830861	1.30e-26	acc|GENBANK|AYV76266.1|GENBANK|MK071983|ubiquitin carboxyl-terminal hydrolase 2 [Terrestrivirus sp.]	Terrestrivirus sp.	Blastx
SRR22534752	NODE_14750_length_1226_cov_9.093881	24.7	1226	598	0.704013	1.39e-26	acc|GENBANK|ARF11188.1|GENBANK|KY684108|prolyl oligopeptidase PreP [Klosneuvirus KNV1]	Klosneuvirus KNV1	Blastx
SRR22534752	NODE_1975_length_771_cov_5.150407	33.6	771	280	0.860714	1.41e-26	acc|GENBANK|QBK87857.1|GENBANK|MK500370|calcineurin-like phosphoesterase [Marseillevirus LCMAC202]	Marseillevirus LCMAC202	Blastx
SRR22534752	NODE_25971_length_768_cov_2.825850	34.6	768	299	0.802676	1.44e-26	acc|GENBANK|QBK91775.1|GENBANK|MK500565|mitochondrial carrier-like protein [Pithovirus LCPAC304]	Pithovirus LCPAC304	Blastx
SRR22534752	NODE_46973_length_918_cov_6.204520	30.0	918	467	0.648822	1.58e-26	acc|GENBANK|API81738.1|NEIGHBOR|KU052222|hypothetical protein [Cafeteriavirus-dependent mavirus]	Cafeteriavirus-dependent mavirus	Blastx
SRR22534752	NODE_27033_length_241_cov_2.038462	69.6	241	1472	0.053668	1.67e-26	acc|GENBANK|AAL68641.1|GENBANK|AF458765|polyprotein [Oryza sativa Japonica Group]	Oryza sativa Japonica Group	Blastx
SRR22534752	NODE_5394_length_1366_cov_10.672918	33.2	1366	202	0.985149	1.80e-26	acc|GENBANK|ULY68574.1|GENBANK|OL828820|putative ubiquitin thioesterase OTU1-like [Chlorella virus XW01]	Chlorella virus XW01	Blastx
SRR22534752	NODE_41680_length_586_cov_4.142857	40.5	586	727	0.217331	1.92e-26	acc|GENBANK|ADB85269.1|GENBANK|GQ252805|putative lectin-like protein kinase [Phyllostachys edulis]	Phyllostachys edulis	Blastx
SRR22534752	NODE_8846_length_1108_cov_2.819535	26.3	1108	484	0.605372	2.00e-26	acc|GENBANK|AYV77733.1|GENBANK|MK072066|CYP86A7 [Edafosvirus sp.]	Edafosvirus sp.	Blastx
SRR22534752	NODE_43265_length_754_cov_5.629681	39.6	754	566	0.298587	2.06e-26	acc|GENBANK|QBK89567.1|GENBANK|MK500428|phosphatidylinositol-specific phospholipase C [Pithovirus LCPAC001]	Pithovirus LCPAC001	Blastx
SRR22534752	NODE_43927_length_426_cov_6.094148	53.5	426	1105	0.089593	2.14e-26	acc|GENBANK|AAK84476.1|GENBANK|AF275345|unknown [Solanum lycopersicum]	Solanum lycopersicum	Blastx
SRR22534752	NODE_49910_length_266_cov_1.506438	59.3	266	406	0.199507	2.22e-26	acc|GENBANK|QBK87310.1|GENBANK|MK500348|chaperone protein [Marseillevirus LCMAC201]	Marseillevirus LCMAC201	Blastx
SRR22534752	NODE_14475_length_1096_cov_4.591722	39.2	1096	1619	0.088326	2.25e-26	acc|GENBANK|BCS82572.1|GENBANK|AP024483|putative serine/threonine-protein kinase [Cotonvirus japonicus]	Cotonvirus japonicus	Blastx
SRR22534752	NODE_17687_length_1495_cov_11.375513	25.4	1495	922	0.482646	2.26e-26	acc|GENBANK|ARF11485.1|GENBANK|KY684108|magnesium-transporting ATPase [Klosneuvirus KNV1]	Klosneuvirus KNV1	Blastx
SRR22534752	NODE_7214_length_875_cov_14.490499	29.6	875	1384	0.219653	2.30e-26	acc|GENBANK|ADB85299.1|GENBANK|GQ252825|putative retrotransposon protein [Phyllostachys edulis]	Phyllostachys edulis	Blastx
SRR22534752	NODE_18534_length_683_cov_33.398462	43.8	683	166	0.771084	2.38e-26	acc|GENBANK|QPI16596.1|GENBANK|MW030586|tRNA-specific adenosine deaminase [Virus NIOZ-UU159]	Virus NIOZ-UU159	Blastx
SRR22534752	NODE_44783_length_881_cov_9.353774	39.5	881	182	0.945055	2.52e-26	acc|REFSEQ|NP_054062.1|REFSEQ|NC_001623|putative histidinol-phosphatase [Autographa californica nucleopolyhedrovirus]	Autographa californica nucleopolyhedrovirus	Blastx
SRR22534752	NODE_35310_length_318_cov_2.607018	51.4	318	867	0.128028	2.53e-26	acc|GENBANK|AHA55176.1|GENBANK|KF481687|putative serine palmitoyltransferase [Emiliania huxleyi virus 156]	Emiliania huxleyi virus 156	Blastx
SRR22534752	NODE_30007_length_376_cov_0.965015	52.2	376	337	0.341246	2.59e-26	acc|GENBANK|ABH08433.1|GENBANK|DQ851167|putative heat shock factor [Beta vulgaris]	Beta vulgaris	Blastx
SRR22534752	NODE_19959_length_528_cov_12.505051	44.8	528	578	0.250865	2.77e-26	acc|GENBANK|ARF09587.1|GENBANK|KY684085|DNA topoisomerase IB [Indivirus ILV1]	Indivirus ILV1	Blastx
SRR22534752	NODE_10809_length_213_cov_2.900000	82.8	213	399	0.160401	2.77e-26	acc|GENBANK|XDO02103.1|GENBANK|PP542043|DNA Topoisomerase II [Florenciella sp. virus SA2]	Florenciella sp. virus SA2	Blastx
SRR22534752	NODE_8990_length_554_cov_11.581574	47.8	554	327	0.345566	3.10e-26	acc|GENBANK|QFG73901.1|GENBANK|MN448274|papain family cysteine protease [Megaviridae environmental sample]	Megaviridae environmental sample	Blastx
SRR22534752	NODE_1310_length_617_cov_51.489726	39.4	617	162	0.876543	3.18e-26	acc|GENBANK|QBK84530.1|GENBANK|MK500278|6,7-dimethyl-8-ribityllumazine synthase [Pithovirus LCDPAC01]	Pithovirus LCDPAC01	Blastx
SRR22534752	NODE_20118_length_571_cov_20.552045	44.0	571	471	0.386412	3.21e-26	acc|GENBANK|AFV13457.1|GENBANK|JQ314445|UDPG-flavonoid 3-O-glucosyl transferase [Tripsacum dactyloides]	Tripsacum dactyloides	Blastx
SRR22534752	NODE_44309_length_528_cov_4.842424	62.4	528	134	0.634328	3.38e-26	acc|GENBANK|CAJ65877.1|GENBANK|AM182883|putative integrase [Cucumis melo]	Cucumis melo	Blastx
SRR22534752	NODE_999_length_1538_cov_55.771429	52.9	1538	102	0.852941	3.48e-26	acc|GENBANK|CAD45443.1|GENBANK|AJ507397|coat protein [Iris mild mosaic virus]	Iris mild mosaic virus	Blastx
SRR22534752	NODE_7882_length_307_cov_1.572993	54.5	307	616	0.160714	3.59e-26	acc|GENBANK|ADB85425.1|GENBANK|GQ252887|putative retrotransposon protein [Phyllostachys edulis]	Phyllostachys edulis	Blastx
SRR22534752	NODE_39109_length_654_cov_2.858293	57.5	654	557	0.190305	3.70e-26	acc|GENBANK|WGU26825.1|GENBANK|OQ503488|putative acyl-activating enzyme 5 [Triticum monococcum]	Triticum monococcum	Blastx
SRR22534752	NODE_6433_length_599_cov_23.948763	36.8	599	245	0.665306	3.79e-26	acc|GENBANK|ARF02681.1|GENBANK|KX857216|SWPV1-074 [Shearwaterpox virus]	Shearwaterpox virus	Blastx
SRR22534752	NODE_6310_length_432_cov_1.804511	43.6	432	724	0.183702	4.05e-26	acc|GENBANK|ADK47523.1|GENBANK|HM124452|NBS3-RDG2A [Hordeum vulgare subsp. vulgare]	Hordeum vulgare subsp. vulgare	Blastx
SRR22534752	NODE_1863_length_4044_cov_29.362503	27.8	4044	721	0.603329	4.12e-26	acc|GENBANK|AYV87083.1|GENBANK|MK072529|putative RNA helicase SDE3 [Sylvanvirus sp.]	Sylvanvirus sp.	Blastx
SRR22534752	NODE_39249_length_311_cov_3.859712	63.6	311	382	0.172775	4.20e-26	acc|GENBANK|AAB31930.2|GENBANK|S74099|v-myb product [Avian myeloblastosis virus]	Avian myeloblastosis virus	Blastx
SRR22534752	NODE_17745_length_395_cov_16.000000	43.0	395	619	0.206785	4.23e-26	acc|GENBANK|AYV80670.1|GENBANK|MK072246|puromycin sensitive aminopeptidase [Harvfovirus sp.]	Harvfovirus sp.	Blastx
SRR22534752	NODE_13586_length_361_cov_5.594512	50.9	361	925	0.123243	4.37e-26	acc|GENBANK|ABY48139.1|GENBANK|EU306659|NORK [Medicago truncatula]	Medicago truncatula	Blastx
SRR22534752	NODE_8480_length_309_cov_22.123188	52.9	309	282	0.361702	4.60e-26	acc|GENBANK|AAL14448.1|GENBANK|AF397035|heat shock protein Hsc70t [Mus musculus]	Mus musculus	Blastx
SRR22534752	NODE_560_length_414_cov_5.330709	41.8	414	327	0.373089	4.94e-26	acc|GENBANK|QFG73901.1|GENBANK|MN448274|papain family cysteine protease [Megaviridae environmental sample]	Megaviridae environmental sample	Blastx
SRR22534752	NODE_18186_length_371_cov_3.562130	55.1	371	392	0.227041	5.22e-26	acc|GENBANK|QBK87012.1|GENBANK|MK500340|peptide chain release factor 1 [Marseillevirus LCMAC103]	Marseillevirus LCMAC103	Blastx
SRR22534752	NODE_30414_length_252_cov_2.876712	75.7	252	557	0.125673	5.36e-26	acc|GENBANK|WGU26825.1|GENBANK|OQ503488|putative acyl-activating enzyme 5 [Triticum monococcum]	Triticum monococcum	Blastx
SRR22534752	NODE_22029_length_355_cov_1.031056	55.8	355	971	0.097837	5.54e-26	acc|GENBANK|ARF09593.1|GENBANK|KY684085|ubiquitin-activating enzyme [Indivirus ILV1]	Indivirus ILV1	Blastx
SRR22534752	NODE_18455_length_1468_cov_9.224390	41.8	1468	172	0.918605	5.87e-26	acc|GENBANK|QJX72539.1|GENBANK|MN830296|N-glycosidase YbiA [Faustovirus]	Faustovirus	Blastx
SRR22534752	NODE_46283_length_571_cov_15.256506	35.8	571	279	0.641577	5.91e-26	acc|GENBANK|QBK87117.1|GENBANK|MK500344|putative serine/threonine protein kinase [Marseillevirus LCMAC201]	Marseillevirus LCMAC201	Blastx
SRR22534752	NODE_16631_length_569_cov_102.565299	44.1	569	299	0.394649	6.03e-26	acc|GENBANK|UOG94093.1|NEIGHBOR|OM876856|serine threonine-protein phosphatase [Aureococcus anophagefferens virus]	Aureococcus anophagefferens virus	Blastx
SRR22534752	NODE_34013_length_375_cov_2.412281	42.2	375	327	0.391437	6.05e-26	acc|GENBANK|QFG73901.1|GENBANK|MN448274|papain family cysteine protease [Megaviridae environmental sample]	Megaviridae environmental sample	Blastx
SRR22534752	NODE_19074_length_1968_cov_17.933850	38.1	1968	562	0.336299	6.15e-26	acc|REFSEQ|YP_003969937.1|REFSEQ|NC_014637|putative 5'-3' exonuclease [Cafeteria roenbergensis virus BV-PW1]	Cafeteria roenbergensis virus BV-PW1	Blastx
SRR22534752	NODE_47075_length_1246_cov_14.329761	27.9	1246	850	0.489412	6.36e-26	acc|GENBANK|WZO85486.1|GENBANK|PP681889|calcium-transporting ATPase, plasma [Chlorovirus sp.]	Chlorovirus sp.	Blastx
SRR22534752	NODE_29008_length_241_cov_2.302885	79.3	241	335	0.173134	6.50e-26	acc|GENBANK|ADV36573.1|GENBANK|HM454271|Myb-like transcription factor [Zea mays]	Zea mays	Blastx
SRR22534752	NODE_42821_length_246_cov_9.046948	65.8	246	210	0.347619	6.68e-26	acc|GENBANK|AYV75142.1|GENBANK|MK071979|ras-related protein RIC1-like protein [Terrestrivirus sp.]	Terrestrivirus sp.	Blastx
SRR22534752	NODE_2667_length_953_cov_48.265217	26.6	953	463	0.691145	7.01e-26	acc|GENBANK|CAE02707.1|GENBANK|AJ575660|hypothetical protein [Yarrowia lipolytica]	Yarrowia lipolytica	Blastx
SRR22534752	NODE_45790_length_714_cov_13.955947	35.0	714	473	0.374207	7.21e-26	acc|REFSEQ|YP_010781727.1|REFSEQ|NC_075039|putative ubiquitin-specific protease [Tupanvirus soda lake]	Tupanvirus soda lake	Blastx
SRR22534752	NODE_4973_length_654_cov_19.185185	35.5	654	337	0.602374	7.41e-26	acc|GENBANK|QBK87928.1|GENBANK|MK500371|beta-propeller fold protein [Marseillevirus LCMAC202]	Marseillevirus LCMAC202	Blastx
SRR22534752	NODE_11650_length_431_cov_7.560302	41.1	431	832	0.169471	7.47e-26	acc|GENBANK|BAD00047.1|GENBANK|AB119282|Fusion protein, Feo [Hepacivirus hominis]	Hepacivirus hominis	Blastx
SRR22534752	NODE_8897_length_626_cov_33.183811	38.5	626	193	0.943005	7.87e-26	acc|GENBANK|AYV76227.1|GENBANK|MK071983|putative NADPH:quinone oxidoreductase-like [Terrestrivirus sp.]	Terrestrivirus sp.	Blastx
SRR22534752	NODE_44570_length_493_cov_11.058696	50.9	493	365	0.301370	7.98e-26	acc|GENBANK|BDT62135.1|GENBANK|LC738872|heat shock protein 40-like protein [Litopenaeus vannamei majanivirus Nimav-1_LVa]	Litopenaeus vannamei majanivirus Nimav-1_LVa	Blastx
SRR22534752	NODE_21676_length_320_cov_14.411150	56.7	320	630	0.142857	8.04e-26	acc|GENBANK|ACB28469.1|GENBANK|EU522672|polyprotein [Ananas comosus]	Ananas comosus	Blastx
SRR22534752	NODE_13801_length_658_cov_12.868800	41.8	658	522	0.348659	8.19e-26	acc|GENBANK|QPI16279.1|GENBANK|MW030549|hypothetical protein [Virus NIOZ-UU157]	Virus NIOZ-UU157	Blastx
SRR22534752	NODE_46549_length_522_cov_8.950920	37.1	522	925	0.192432	8.86e-26	acc|GENBANK|ABY48139.1|GENBANK|EU306659|NORK [Medicago truncatula]	Medicago truncatula	Blastx
SRR22534752	NODE_27923_length_471_cov_6.125571	43.4	471	871	0.174512	9.07e-26	acc|GENBANK|AGE50969.1|GENBANK|JX997160|calcium-transporting ATPase, plasma [Paramecium bursaria Chlorella virus CVB-1]	Paramecium bursaria Chlorella virus CVB-1	Blastx
SRR22534752	NODE_4622_length_736_cov_29.251778	37.6	736	925	0.187027	9.40e-26	acc|GENBANK|ABY48139.1|GENBANK|EU306659|NORK [Medicago truncatula]	Medicago truncatula	Blastx
SRR22534752	NODE_21916_length_1823_cov_15.258101	32.8	1823	726	0.424242	9.44e-26	acc|GENBANK|BCU03993.1|GENBANK|LC625835|serine/threonine protein kinase [Pandoravirus japonicus]	Pandoravirus japonicus	Blastx
SRR22534752	NODE_7944_length_664_cov_159.900158	34.9	664	544	0.341912	9.80e-26	acc|REFSEQ|YP_009119837.1|REFSEQ|NC_026440|beta glucosidase [Pandoravirus inopinatum]	Pandoravirus inopinatum	Blastx
SRR22534752	NODE_17151_length_828_cov_3.163522	38.5	828	471	0.380042	1.02e-25	acc|GENBANK|AFV13457.1|GENBANK|JQ314445|UDPG-flavonoid 3-O-glucosyl transferase [Tripsacum dactyloides]	Tripsacum dactyloides	Blastx
SRR22534752	NODE_18379_length_1033_cov_17.473000	30.9	1033	1048	0.225191	1.04e-25	acc|GENBANK|QDY51684.1|GENBANK|MK250085|tRNA synthetase class I [Mimiviridae sp. ChoanoV1]	Mimiviridae sp. ChoanoV1	Blastx
SRR22534752	NODE_3090_length_483_cov_4.408889	42.9	483	912	0.153509	1.05e-25	acc|GENBANK|ACX48824.1|GENBANK|GQ923937|chromomethylase [Zea mays]	Zea mays	Blastx
SRR22534752	NODE_27725_length_477_cov_7.123874	45.4	477	121	0.892562	1.08e-25	acc|GENBANK|UNJ46594.1|GENBANK|OM135585|yippee [Drosophila melanogaster]	Drosophila melanogaster	Blastx
SRR22534752	NODE_10730_length_1451_cov_9.466150	32.8	1451	425	0.609412	1.10e-25	acc|GENBANK|QBZ81271.1|GENBANK|MK174290|Cystathionine beta-lyase/cystathionine [Pandoravirus celtis]	Pandoravirus celtis	Blastx
SRR22534752	NODE_26087_length_627_cov_3.590909	44.1	627	588	0.246599	1.12e-25	acc|GENBANK|QOI90522.1|GENBANK|MT663539|hypothetical protein [Pyramimonas orientalis virus]	Pyramimonas orientalis virus	Blastx
SRR22534752	NODE_16158_length_543_cov_14.311765	44.5	543	578	0.252595	1.15e-25	acc|GENBANK|ARF09587.1|GENBANK|KY684085|DNA topoisomerase IB [Indivirus ILV1]	Indivirus ILV1	Blastx
SRR22534752	NODE_33106_length_413_cov_4.444737	50.0	413	268	0.343284	1.23e-25	acc|REFSEQ|YP_010780800.1|REFSEQ|NC_075038|hypothetical protein [Tupanvirus deep ocean]	Tupanvirus deep ocean	Blastx
SRR22534752	NODE_4501_length_1534_cov_9.744171	54.6	1534	1105	0.097738	1.28e-25	acc|GENBANK|AAK84476.1|GENBANK|AF275345|unknown [Solanum lycopersicum]	Solanum lycopersicum	Blastx
SRR22534752	NODE_34035_length_449_cov_6.778846	48.0	449	342	0.359649	1.29e-25	acc|GENBANK|AYV76290.1|GENBANK|MK071983|hypothetical protein [Terrestrivirus sp.]	Terrestrivirus sp.	Blastx
SRR22534752	NODE_1580_length_891_cov_31.724942	51.0	891	153	0.640523	1.34e-25	acc|GENBANK|QFG73633.1|GENBANK|MN448266|thioredoxin-like protein [Megaviridae environmental sample]	Megaviridae environmental sample	Blastx
SRR22534752	NODE_40292_length_655_cov_3.958199	30.3	655	333	0.654655	1.35e-25	acc|GENBANK|QDY52116.1|GENBANK|MK250087|D-isomer specific 2-hydroxyacid dehydrogenase, [Mimiviridae sp. ChoanoV1]	Mimiviridae sp. ChoanoV1	Blastx
SRR22534752	NODE_30_length_404_cov_10.245283	63.2	404	321	0.236760	1.49e-25	acc|GENBANK|AYV82329.1|GENBANK|MK072362|fructose-1,6-bisphosphatase, cytosolic-like [Homavirus sp.]	Homavirus sp.	Blastx
SRR22534752	NODE_46285_length_378_cov_11.588406	53.3	378	299	0.351171	1.50e-25	acc|GENBANK|UOG94093.1|NEIGHBOR|OM876856|serine threonine-protein phosphatase [Aureococcus anophagefferens virus]	Aureococcus anophagefferens virus	Blastx
SRR22534752	NODE_708_length_2399_cov_23.955199	32.8	2399	343	0.693878	1.57e-25	acc|REFSEQ|YP_010782071.1|REFSEQ|NC_075039|hypothetical protein [Tupanvirus soda lake]	Tupanvirus soda lake	Blastx
SRR22534752	NODE_44304_length_540_cov_3.972387	32.8	540	355	0.532394	1.63e-25	acc|GENBANK|WRJ69891.1|GENBANK|OR001839|alpha-galactosidase [Oceanusvirus sp.]	Oceanusvirus sp.	Blastx
SRR22534752	NODE_39402_length_500_cov_2.826552	35.7	500	269	0.624535	1.71e-25	acc|GENBANK|ARF08245.1|GENBANK|KY684083|alpha/beta hydrolase family protein [Catovirus CTV1]	Catovirus CTV1	Blastx
SRR22534752	NODE_8957_length_1499_cov_28.448158	24.8	1499	448	0.899554	1.74e-25	acc|GENBANK|QQV29731.1|GENBANK|MT334784|hypothetical protein [Kaumoebavirus]	Kaumoebavirus	Blastx
SRR22534752	NODE_2726_length_885_cov_40.005869	38.3	885	294	0.595238	1.81e-25	acc|GENBANK|BDT62159.1|GENBANK|LC738872|bax inhibitor 1-like protein [Litopenaeus vannamei majanivirus Nimav-1_LVa]	Litopenaeus vannamei majanivirus Nimav-1_LVa	Blastx
SRR22534752	NODE_34835_length_717_cov_3.893275	38.6	717	473	0.306554	1.94e-25	acc|REFSEQ|YP_010781727.1|REFSEQ|NC_075039|putative ubiquitin-specific protease [Tupanvirus soda lake]	Tupanvirus soda lake	Blastx
SRR22534752	NODE_13290_length_549_cov_1.990310	38.6	549	509	0.326130	2.32e-25	acc|GENBANK|AHA54613.1|GENBANK|KF481686|putative serine palmitoyltransferase [Emiliania huxleyi virus 145]	Emiliania huxleyi virus 145	Blastx
SRR22534752	NODE_24231_length_525_cov_2.087398	37.2	525	465	0.387097	2.51e-25	acc|GENBANK|QFG74331.1|GENBANK|MN448286|cytochrome P450 [Megaviridae environmental sample]	Megaviridae environmental sample	Blastx
SRR22534752	NODE_45261_length_353_cov_19.450000	44.4	353	309	0.378641	2.52e-25	acc|GENBANK|QKF93832.1|GENBANK|MT418680|serine/threonine-protein kinase [Fadolivirus FV1/VV64]	Fadolivirus FV1/VV64	Blastx
SRR22534752	NODE_9537_length_1627_cov_33.329360	34.0	1627	211	0.976303	2.54e-25	acc|GENBANK|QBK86456.1|GENBANK|MK500334|DNA-directed RNA polymerase subunit 5 [Marseillevirus LCMAC102]	Marseillevirus LCMAC102	Blastx
SRR22534752	NODE_20014_length_645_cov_3.650327	38.8	645	299	0.551839	2.59e-25	acc|GENBANK|QRE02559.1|GENBANK|MN545489|hypothetical protein [Otarine gammaherpesvirus 4]	Otarine gammaherpesvirus 4	Blastx
SRR22534752	NODE_9591_length_331_cov_126.043624	45.0	331	406	0.268473	2.74e-25	acc|GENBANK|QBK87310.1|GENBANK|MK500348|chaperone protein [Marseillevirus LCMAC201]	Marseillevirus LCMAC201	Blastx
SRR22534752	NODE_14103_length_1028_cov_18.944724	33.3	1028	223	0.955157	2.77e-25	acc|GENBANK|AYV76607.1|GENBANK|MK071987|tRNA pseudouridine synthase B [Terrestrivirus sp.]	Terrestrivirus sp.	Blastx
SRR22534752	NODE_14249_length_1296_cov_5.449723	49.4	1296	247	0.647773	2.86e-25	acc|GENBANK|AYV83817.1|GENBANK|MK072394|CHY zinc finger family protein [Hyperionvirus sp.]	Hyperionvirus sp.	Blastx
SRR22534752	NODE_2193_length_201_cov_7993.898810	75.8	201	1960	0.033673	2.95e-25	acc|REFSEQ|YP_009134730.1|REFSEQ|NC_026248|replicase polyprotein [Yam latent virus]	Yam latent virus	Blastx
SRR22534752	NODE_48648_length_225_cov_1.192708	69.0	225	2037	0.034855	3.04e-25	acc|GENBANK|ABG37663.1|GENBANK|DQ536170|CCHC-type integrase [Populus trichocarpa]	Populus trichocarpa	Blastx
SRR22534752	NODE_25558_length_779_cov_5.510724	40.0	779	678	0.250737	3.05e-25	acc|GENBANK|CCQ71325.1|GENBANK|HF586476|hypothetical kinesin-like protein KIF3 [Cotesia congregata]	Cotesia congregata	Blastx
SRR22534752	NODE_9213_length_542_cov_19.884086	39.4	542	522	0.344828	3.12e-25	acc|GENBANK|QPI16279.1|GENBANK|MW030549|hypothetical protein [Virus NIOZ-UU157]	Virus NIOZ-UU157	Blastx
SRR22534752	NODE_14208_length_902_cov_6.924051	33.1	902	357	0.728291	3.17e-25	acc|GENBANK|ABB29305.1|GENBANK|DQ219419|NADPH-dependent reductase [Zea mays]	Zea mays	Blastx
SRR22534752	NODE_43155_length_345_cov_17.551282	51.4	345	411	0.270073	3.49e-25	acc|GENBANK|ACN78984.1|GENBANK|FJ225395|cyclin-like F-box [Glycine max]	Glycine max	Blastx
SRR22534752	NODE_7199_length_701_cov_4.128743	39.7	701	498	0.369478	3.76e-25	acc|REFSEQ|YP_010781610.1|REFSEQ|NC_075039|hypothetical protein [Tupanvirus soda lake]	Tupanvirus soda lake	Blastx
SRR22534752	NODE_26669_length_526_cov_3.008114	45.1	526	549	0.258652	4.13e-25	acc|GENBANK|WGU26819.1|GENBANK|OQ503488|BTB/POZ domain-containing protein [Triticum monococcum]	Triticum monococcum	Blastx
SRR22534752	NODE_18866_length_702_cov_7.472347	39.6	702	467	0.297645	4.20e-25	acc|GENBANK|API81738.1|NEIGHBOR|KU052222|hypothetical protein [Cafeteriavirus-dependent mavirus]	Cafeteriavirus-dependent mavirus	Blastx
SRR22534752	NODE_27793_length_431_cov_2.278894	43.8	431	237	0.548523	4.35e-25	acc|GENBANK|ADB85285.1|GENBANK|GQ252816|hypothetical protein [Phyllostachys edulis]	Phyllostachys edulis	Blastx
SRR22534752	NODE_2377_length_1298_cov_32.164427	41.5	1298	369	0.352304	4.38e-25	acc|GENBANK|QBK89270.1|GENBANK|MK500411|metallopeptidase family M24 [Mimivirus LCMiAC02]	Mimivirus LCMiAC02	Blastx
SRR22534752	NODE_10999_length_287_cov_4.972441	71.4	287	382	0.164921	4.38e-25	acc|GENBANK|AAB31930.2|GENBANK|S74099|v-myb product [Avian myeloblastosis virus]	Avian myeloblastosis virus	Blastx
SRR22534752	NODE_19527_length_1101_cov_8.508427	30.1	1101	687	0.362445	4.40e-25	acc|GENBANK|AYV77951.1|GENBANK|MK072068|DEAD/SNF2-like helicase [Edafosvirus sp.]	Edafosvirus sp.	Blastx
SRR22534752	NODE_2178_length_706_cov_37.693908	33.5	706	357	0.593838	4.45e-25	acc|GENBANK|ABB29305.1|GENBANK|DQ219419|NADPH-dependent reductase [Zea mays]	Zea mays	Blastx
SRR22534752	NODE_2401_length_300_cov_21.400749	50.5	300	477	0.224319	4.73e-25	acc|GENBANK|AYV78014.1|GENBANK|MK072068|elongation factor 1 alpha long form [Edafosvirus sp.]	Edafosvirus sp.	Blastx
SRR22534752	NODE_7309_length_454_cov_7.629454	38.5	454	925	0.160000	4.74e-25	acc|GENBANK|ABY48139.1|GENBANK|EU306659|NORK [Medicago truncatula]	Medicago truncatula	Blastx
SRR22534752	NODE_815_length_224_cov_22.413613	85.0	224	113	0.530973	4.98e-25	acc|GENBANK|AGM61329.1|GENBANK|KC170726|histone H4 like-protein [Cotesia sesamiae bracovirus]	Cotesia sesamiae bracovirus	Blastx
SRR22534752	NODE_2812_length_1123_cov_9.827523	36.5	1123	239	0.870293	5.14e-25	acc|GENBANK|QGR54144.1|GENBANK|MK978772|prolyl 4-hydroxylase [Moumouvirus maliensis]	Moumouvirus maliensis	Blastx
SRR22534752	NODE_4983_length_444_cov_44.165450	35.3	444	253	0.549407	5.18e-25	acc|GENBANK|QBK86148.1|GENBANK|MK500331|ABC transporter [Marseillevirus LCMAC101]	Marseillevirus LCMAC101	Blastx
SRR22534752	NODE_40866_length_770_cov_8.032564	32.8	770	558	0.338710	5.23e-25	acc|GENBANK|QDY52220.1|GENBANK|MK250089|ABC transporter [Mimiviridae sp. ChoanoV1]	Mimiviridae sp. ChoanoV1	Blastx
SRR22534752	NODE_49149_length_244_cov_2.218009	57.1	244	1369	0.056245	5.32e-25	acc|GENBANK|AIC77183.1|GENBANK|KF740825|polyprotein [Gossypium barbadense]	Gossypium barbadense	Blastx
SRR22534752	NODE_31978_length_590_cov_6.041293	41.4	590	478	0.364017	5.41e-25	acc|GENBANK|AAK84479.1|GENBANK|AF275345|putative auxin growth promotor protein [Solanum lycopersicum]	Solanum lycopersicum	Blastx
SRR22534752	NODE_49947_length_267_cov_1.000000	58.1	267	1281	0.067135	5.41e-25	acc|GENBANK|AAA67727.1|GENBANK|U15647|reverse transcriptase [Mus musculus domesticus]	Mus musculus domesticus	Blastx
SRR22534752	NODE_16707_length_547_cov_7.963035	40.1	547	499	0.324649	5.53e-25	acc|GENBANK|WGU26700.1|NEIGHBOR|OQ513807|non-structural polyprotein p200 [Infectious spleen and kidney necrosis virus]	Infectious spleen and kidney necrosis virus	Blastx
SRR22534752	NODE_31160_length_293_cov_1.546154	59.8	293	480	0.191667	5.92e-25	acc|GENBANK|ASU92288.1|GENBANK|KX759199|kindr F6 [Zea mays]	Zea mays	Blastx
SRR22534752	NODE_24791_length_242_cov_1.598086	62.7	242	576	0.144097	6.03e-25	acc|GENBANK|QIG59631.1|GENBANK|MN940577|hypothetical protein [Dishui Lake phycodnavirus 2]	Dishui Lake phycodnavirus 2	Blastx
SRR22534752	NODE_7972_length_1482_cov_7.183575	29.3	1482	466	0.652361	6.81e-25	acc|GENBANK|ACD54811.1|GENBANK|EU643495|endo-xylogalacturonan hydrolase-like protein [Adineta vaga]	Adineta vaga	Blastx
SRR22534752	NODE_34092_length_373_cov_17.179412	36.4	373	258	0.468992	6.84e-25	acc|GENBANK|WMV02893.1|GENBANK|OP630990|alpha-tubulin [Diderma spumarioides]	Diderma spumarioides	Blastx
SRR22534752	NODE_35994_length_446_cov_3.658596	42.1	446	623	0.213483	7.04e-25	acc|GENBANK|BAL14837.1|GENBANK|AB682995|endo-1,4-b-D-glucanase [Oryza sativa Japonica Group]	Oryza sativa Japonica Group	Blastx
SRR22534752	NODE_13890_length_384_cov_6.666667	45.7	384	925	0.139459	7.09e-25	acc|GENBANK|ABY48139.1|GENBANK|EU306659|NORK [Medicago truncatula]	Medicago truncatula	Blastx
SRR22534752	NODE_20310_length_1238_cov_4.586722	32.3	1238	494	0.502024	7.60e-25	acc|REFSEQ|YP_003212883.1|REFSEQ|NC_013288|hypothetical protein [Ostreococcus tauri virus 1]	Ostreococcus tauri virus 1	Blastx
SRR22534752	NODE_11733_length_348_cov_25.765079	75.0	348	214	0.280374	7.70e-25	acc|GENBANK|UZE89726.1|GENBANK|ON704650|hypothetical protein [Parapoynx stagnalis nucleopolyhedrovirus]	Parapoynx stagnalis nucleopolyhedrovirus	Blastx
SRR22534752	NODE_17315_length_761_cov_5.200549	38.2	761	321	0.489097	7.82e-25	acc|GENBANK|AYV82329.1|GENBANK|MK072362|fructose-1,6-bisphosphatase, cytosolic-like [Homavirus sp.]	Homavirus sp.	Blastx
SRR22534752	NODE_8114_length_490_cov_17.498906	46.6	490	128	0.921875	8.53e-25	acc|GENBANK|QKF93484.1|GENBANK|MT418680|riboflavin kinase [Fadolivirus FV1/VV64]	Fadolivirus FV1/VV64	Blastx
SRR22534752	NODE_42064_length_297_cov_6.356061	44.3	297	475	0.204211	8.57e-25	acc|GENBANK|ARF12356.1|GENBANK|KY684112|fructose-1,6-bisphosphatase [Klosneuvirus KNV1]	Klosneuvirus KNV1	Blastx
SRR22534752	NODE_3773_length_774_cov_20.620783	49.2	774	531	0.222222	9.07e-25	acc|GENBANK|QBK88836.1|GENBANK|MK500400|CTP synthetase [Mimivirus LCMiAC01]	Mimivirus LCMiAC01	Blastx
SRR22534752	NODE_28155_length_784_cov_4.360852	39.1	784	478	0.374477	9.51e-25	acc|GENBANK|AAK84479.1|GENBANK|AF275345|putative auxin growth promotor protein [Solanum lycopersicum]	Solanum lycopersicum	Blastx
SRR22534752	NODE_4626_length_1107_cov_27.248603	25.6	1107	498	0.720884	9.61e-25	acc|GENBANK|XHA59766.1|GENBANK|OR863077|thermosome [Poseidoniales virus]	Poseidoniales virus	Blastx
SRR22534752	NODE_1843_length_1790_cov_7.931133	28.8	1790	403	0.913151	9.71e-25	acc|GENBANK|AGE59499.1|GENBANK|JX997185|UDP-N-acetyl-D-mannosamine dehydrogenase / [Acanthocystis turfacea Chlorella virus OR0704.3]	Acanthocystis turfacea Chlorella virus OR0704.3	Blastx
SRR22534752	NODE_45085_length_260_cov_25.660793	54.7	260	300	0.286667	9.79e-25	acc|GENBANK|ARF11854.1|GENBANK|KY684109|serine/threonine protein kinase [Klosneuvirus KNV1]	Klosneuvirus KNV1	Blastx
SRR22534752	NODE_46902_length_665_cov_13.985759	39.9	665	278	0.586331	1.10e-24	acc|GENBANK|AYV86480.1|GENBANK|MK072507|YchF/TatD family DNA exonuclease [Sylvanvirus sp.]	Sylvanvirus sp.	Blastx
SRR22534752	NODE_20171_length_1145_cov_27.860612	36.4	1145	402	0.532338	1.14e-24	acc|GENBANK|QYA18859.1|GENBANK|MZ420154|phospholipase [Clandestinovirus]	Clandestinovirus	Blastx
SRR22534752	NODE_47019_length_871_cov_11.850835	33.7	871	395	0.488608	1.14e-24	acc|GENBANK|AYV79137.1|GENBANK|MK072134|serine/threonine protein kinase [Faunusvirus sp.]	Faunusvirus sp.	Blastx
SRR22534752	NODE_45448_length_388_cov_12.901408	60.0	388	382	0.248691	1.14e-24	acc|GENBANK|QFG73707.1|GENBANK|MN448269|DnaJ C terminal domain protein [Megaviridae environmental sample]	Megaviridae environmental sample	Blastx
SRR22534752	NODE_44324_length_327_cov_13.697279	48.9	327	120	0.783333	1.18e-24	acc|GENBANK|QBZ81758.1|GENBANK|MK174290|Protein kinase catalytic incomplete domain [Pandoravirus celtis]	Pandoravirus celtis	Blastx
SRR22534752	NODE_18542_length_1051_cov_6.333988	35.4	1051	403	0.434243	1.25e-24	acc|GENBANK|AYV82314.1|GENBANK|MK072360|translation initiation factor 4A-III [Homavirus sp.]	Homavirus sp.	Blastx
SRR22534752	NODE_26375_length_487_cov_3.740088	40.1	487	925	0.148108	1.29e-24	acc|GENBANK|ABY48139.1|GENBANK|EU306659|NORK [Medicago truncatula]	Medicago truncatula	Blastx
SRR22534752	NODE_44583_length_930_cov_9.075808	33.5	930	547	0.365631	1.37e-24	acc|GENBANK|ARF09888.1|GENBANK|KY684089|ABC transporter [Indivirus ILV1]	Indivirus ILV1	Blastx
SRR22534752	NODE_8072_length_990_cov_35.040752	39.6	990	164	0.847561	1.37e-24	acc|GENBANK|QFG73678.1|GENBANK|MN448266|inorganic pyrophosphatase [Megaviridae environmental sample]	Megaviridae environmental sample	Blastx
SRR22534752	NODE_924_length_1742_cov_11.440609	33.2	1742	395	0.503797	1.45e-24	acc|GENBANK|AYV79137.1|GENBANK|MK072134|serine/threonine protein kinase [Faunusvirus sp.]	Faunusvirus sp.	Blastx
SRR22534752	NODE_48138_length_1021_cov_24.096154	31.1	1021	646	0.482972	1.45e-24	acc|GENBANK|QKF94735.1|GENBANK|MT418680|long-chain fatty acid CoA synthetase [Fadolivirus FV1/VV64]	Fadolivirus FV1/VV64	Blastx
SRR22534752	NODE_8979_length_1273_cov_16.726613	47.5	1273	105	0.942857	1.52e-24	acc|GENBANK|QPI16506.1|GENBANK|MW030569|thioredoxin domain-containing protein [Virus NIOZ-UU157]	Virus NIOZ-UU157	Blastx
SRR22534752	NODE_33092_length_370_cov_2.074184	49.5	370	2037	0.054492	1.55e-24	acc|GENBANK|ABG37663.1|GENBANK|DQ536170|CCHC-type integrase [Populus trichocarpa]	Populus trichocarpa	Blastx
SRR22534752	NODE_8359_length_465_cov_7.708333	55.2	465	297	0.292929	1.55e-24	acc|GENBANK|ATZ80783.1|GENBANK|MF782455|casein kinase [Bodo saltans virus]	Bodo saltans virus	Blastx
SRR22534752	NODE_5899_length_423_cov_1.694872	46.0	423	1044	0.133142	1.58e-24	acc|GENBANK|BAC54898.1|GENBANK|AB083008|supressor of Ty element 16 [Drosophila melanogaster]	Drosophila melanogaster	Blastx
SRR22534752	NODE_4835_length_1166_cov_18.878199	29.7	1166	422	0.566351	1.64e-24	acc|GENBANK|QDY52462.1|GENBANK|MK250094|aminotransferase class-III protein [Mimiviridae sp. ChoanoV1]	Mimiviridae sp. ChoanoV1	Blastx
SRR22534752	NODE_15380_length_650_cov_3.196110	34.7	650	1158	0.149396	1.65e-24	acc|GENBANK|ADK47522.1|GENBANK|HM124452|NBS2-RDG2A [Hordeum vulgare subsp. vulgare]	Hordeum vulgare subsp. vulgare	Blastx
SRR22534752	NODE_49599_length_257_cov_1.044643	69.2	257	465	0.139785	1.68e-24	acc|GENBANK|AGL44352.1|GENBANK|JX392394|reverse transcriptase-like domain-containing RBR [Glycine max]	Glycine max	Blastx
SRR22534752	NODE_19423_length_1231_cov_8.324708	29.0	1231	1083	0.241921	1.72e-24	acc|GENBANK|AAB62532.1|GENBANK|AF001075|gag-v-phosphoinositide 3-kinase catalytic [Avian sarcoma virus 16]	Avian sarcoma virus 16	Blastx
SRR22534752	NODE_2937_length_1058_cov_5.450732	39.8	1058	405	0.328395	1.83e-24	acc|GENBANK|WGU26824.1|GENBANK|OQ503488|eukaryotic initiation factor 4A-III B-like [Triticum monococcum]	Triticum monococcum	Blastx
SRR22534752	NODE_36750_length_568_cov_3.358879	33.7	568	321	0.591900	1.83e-24	acc|GENBANK|QFG74498.1|GENBANK|MN448289|papain family cysteine protease [Megaviridae environmental sample]	Megaviridae environmental sample	Blastx
SRR22534752	NODE_43949_length_465_cov_9.495370	44.1	465	403	0.315136	1.86e-24	acc|GENBANK|AYV82314.1|GENBANK|MK072360|translation initiation factor 4A-III [Homavirus sp.]	Homavirus sp.	Blastx
SRR22534752	NODE_44925_length_725_cov_12.049133	33.6	725	405	0.558025	1.91e-24	acc|GENBANK|WGU26824.1|GENBANK|OQ503488|eukaryotic initiation factor 4A-III B-like [Triticum monococcum]	Triticum monococcum	Blastx
SRR22534752	NODE_4971_length_322_cov_5.307958	52.3	322	678	0.157817	1.98e-24	acc|GENBANK|CCQ71325.1|GENBANK|HF586476|hypothetical kinesin-like protein KIF3 [Cotesia congregata]	Cotesia congregata	Blastx
SRR22534752	NODE_42746_length_279_cov_5.325203	78.0	279	407	0.144963	2.00e-24	acc|GENBANK|ARF08154.1|GENBANK|KY684083|acetamidase/formamidase family protein [Catovirus CTV1]	Catovirus CTV1	Blastx
SRR22534752	NODE_46671_length_1198_cov_11.205150	42.1	1198	226	0.672566	2.07e-24	acc|GENBANK|ARF08362.1|GENBANK|KY684083|cyclophilin type peptidyl-prolyl cis-trans [Catovirus CTV1]	Catovirus CTV1	Blastx
SRR22534752	NODE_38462_length_451_cov_1.918660	39.3	451	925	0.145946	2.15e-24	acc|GENBANK|ABY48139.1|GENBANK|EU306659|NORK [Medicago truncatula]	Medicago truncatula	Blastx
SRR22534752	NODE_40147_length_619_cov_7.498294	38.5	619	139	0.971223	2.16e-24	acc|GENBANK|QFG74212.1|GENBANK|MN448284|cytidylyltransferase-like protein [Megaviridae environmental sample]	Megaviridae environmental sample	Blastx
SRR22534752	NODE_43952_length_932_cov_8.258065	69.2	932	290	0.268966	2.36e-24	acc|GENBANK|QMS43709.1|GENBANK|MT590730|tymovirus-like 45/70Kd protein [Betula platyphylla]	Betula platyphylla	Blastx
SRR22534752	NODE_13356_length_670_cov_11.579278	40.1	670	337	0.495549	2.38e-24	acc|GENBANK|ABH08433.1|GENBANK|DQ851167|putative heat shock factor [Beta vulgaris]	Beta vulgaris	Blastx
SRR22534752	NODE_34004_length_515_cov_4.317427	42.8	515	925	0.179459	2.40e-24	acc|GENBANK|ABY48139.1|GENBANK|EU306659|NORK [Medicago truncatula]	Medicago truncatula	Blastx
SRR22534752	NODE_27905_length_768_cov_8.311565	35.5	768	678	0.320059	2.41e-24	acc|GENBANK|CCQ71325.1|GENBANK|HF586476|hypothetical kinesin-like protein KIF3 [Cotesia congregata]	Cotesia congregata	Blastx
SRR22534752	NODE_43542_length_633_cov_16.648333	38.8	633	1056	0.190341	2.59e-24	acc|GENBANK|WBR14220.1|GENBANK|ON887157|P-aminobenzoic acid synthase [Pandoravirus kuranda]	Pandoravirus kuranda	Blastx
SRR22534752	NODE_24151_length_339_cov_2.879085	54.4	339	1105	0.081448	2.61e-24	acc|GENBANK|AAK84476.1|GENBANK|AF275345|unknown [Solanum lycopersicum]	Solanum lycopersicum	Blastx
SRR22534752	NODE_39378_length_393_cov_2.788889	52.3	393	678	0.157817	2.62e-24	acc|GENBANK|CCQ71325.1|GENBANK|HF586476|hypothetical kinesin-like protein KIF3 [Cotesia congregata]	Cotesia congregata	Blastx
SRR22534752	NODE_1520_length_733_cov_5.050000	40.5	733	925	0.176216	2.65e-24	acc|GENBANK|ABY48139.1|GENBANK|EU306659|NORK [Medicago truncatula]	Medicago truncatula	Blastx
SRR22534752	NODE_35202_length_275_cov_1.309917	50.5	275	236	0.385593	2.70e-24	acc|GENBANK|UKS51800.1|GENBANK|OK336705|laccase [Allium cepa]	Allium cepa	Blastx
SRR22534752	NODE_21389_length_506_cov_3.424947	42.6	506	727	0.193948	2.83e-24	acc|GENBANK|ADB85269.1|GENBANK|GQ252805|putative lectin-like protein kinase [Phyllostachys edulis]	Phyllostachys edulis	Blastx
SRR22534752	NODE_34337_length_369_cov_1.166667	44.6	369	542	0.206642	2.93e-24	acc|REFSEQ|YP_007354193.1|REFSEQ|NC_020104|RNA-binding protein [Acanthamoeba polyphaga moumouvirus]	Acanthamoeba polyphaga moumouvirus	Blastx
SRR22534752	NODE_28575_length_402_cov_2.040650	46.7	402	365	0.293151	2.97e-24	acc|GENBANK|BDT62135.1|GENBANK|LC738872|heat shock protein 40-like protein [Litopenaeus vannamei majanivirus Nimav-1_LVa]	Litopenaeus vannamei majanivirus Nimav-1_LVa	Blastx
SRR22534752	NODE_24244_length_291_cov_10.034884	55.2	291	686	0.139942	3.42e-24	acc|GENBANK|WNO13952.1|GENBANK|OQ968299|coat protein [Guapo partitivirus]	Guapo partitivirus	Blastx
SRR22534752	NODE_2979_length_417_cov_6.427083	42.5	417	465	0.288172	3.55e-24	acc|GENBANK|AGL44352.1|GENBANK|JX392394|reverse transcriptase-like domain-containing RBR [Glycine max]	Glycine max	Blastx
SRR22534752	NODE_35715_length_428_cov_8.207595	62.0	428	418	0.169856	3.71e-24	acc|GENBANK|CAK7597149.1|GENBANK|OZ003748|Chaperone DnaJ [Catovirus sp. 'naegleriensis']	Catovirus sp. 'naegleriensis'	Blastx
SRR22534752	NODE_6964_length_896_cov_143.012746	30.7	896	461	0.566161	3.84e-24	acc|GENBANK|QBK85293.1|GENBANK|MK500313|papain family cysteine protease [Iridovirus LCIVAC01]	Iridovirus LCIVAC01	Blastx
SRR22534752	NODE_7745_length_955_cov_89.643167	54.5	955	214	0.411215	3.90e-24	acc|GENBANK|XAJ03569.1|NEIGHBOR|PP750552|hypothetical protein [African swine fever virus]	African swine fever virus	Blastx
SRR22534752	NODE_36563_length_421_cov_5.440722	39.6	421	478	0.332636	4.01e-24	acc|GENBANK|AAK84479.1|GENBANK|AF275345|putative auxin growth promotor protein [Solanum lycopersicum]	Solanum lycopersicum	Blastx
SRR22534752	NODE_198_length_352_cov_34.213166	36.8	352	258	0.441860	4.10e-24	acc|GENBANK|WMV02893.1|GENBANK|OP630990|alpha-tubulin [Diderma spumarioides]	Diderma spumarioides	Blastx
SRR22534752	NODE_40243_length_633_cov_7.455000	46.6	633	480	0.245833	4.28e-24	acc|GENBANK|WZO87318.1|GENBANK|PP681894|NADH dehydrogenase [Chlorovirus sp.]	Chlorovirus sp.	Blastx
SRR22534752	NODE_13546_length_428_cov_6.281013	41.3	428	2079	0.058201	4.32e-24	acc|GENBANK|WBR14784.1|GENBANK|ON887157|Ser/thr kinase [Pandoravirus kuranda]	Pandoravirus kuranda	Blastx
SRR22534752	NODE_45300_length_791_cov_12.254617	31.0	791	429	0.624709	4.40e-24	acc|GENBANK|AYV85229.1|GENBANK|MK072443|putative protein unc-93-like protein [Satyrvirus sp.]	Satyrvirus sp.	Blastx
SRR22534752	NODE_28825_length_228_cov_4.841026	64.0	228	339	0.221239	4.60e-24	acc|REFSEQ|YP_009173395.1|REFSEQ|NC_028094|dehydrogenase [Chrysochromulina ericina virus]	Chrysochromulina ericina virus	Blastx
SRR22534752	NODE_13639_length_439_cov_13.438424	45.2	439	819	0.140415	4.67e-24	acc|GENBANK|QKF94107.1|GENBANK|MT418680|eukaryotic translation elongation factor 2 [Fadolivirus FV1/VV64]	Fadolivirus FV1/VV64	Blastx
SRR22534752	NODE_11880_length_709_cov_50.173077	42.7	709	155	0.709677	5.39e-24	acc|GENBANK|AYV78695.1|GENBANK|MK072090|hypothetical protein [Edafosvirus sp.]	Edafosvirus sp.	Blastx
SRR22534752	NODE_2683_length_429_cov_2.570707	39.0	429	727	0.193948	5.62e-24	acc|GENBANK|ADB85269.1|GENBANK|GQ252805|putative lectin-like protein kinase [Phyllostachys edulis]	Phyllostachys edulis	Blastx
SRR22534752	NODE_13793_length_389_cov_8.668539	43.3	389	331	0.383686	5.87e-24	acc|GENBANK|QBK88606.1|GENBANK|MK500393|serine/threonine protein kinase [Mimivirus LCMiAC01]	Mimivirus LCMiAC01	Blastx
SRR22534752	NODE_45766_length_916_cov_10.928652	27.5	916	400	0.782500	6.21e-24	acc|GENBANK|WBR61431.1|GENBANK|ON052824|M20 AcylaseI like [Drosophila suzukii associated hytrosavirus 1]	Drosophila suzukii associated hytrosavirus 1	Blastx
SRR22534752	NODE_44165_length_1539_cov_7.880478	30.3	1539	493	0.509128	6.50e-24	acc|REFSEQ|YP_004063485.1|REFSEQ|NC_014789|putative ABC-1 domain protein [Ostreococcus tauri virus 2]	Ostreococcus tauri virus 2	Blastx
SRR22534752	NODE_35650_length_208_cov_5.674286	66.7	208	691	0.095514	7.08e-24	acc|GENBANK|ABY48131.1|GENBANK|EU306659|zinc finger protein [Medicago truncatula]	Medicago truncatula	Blastx
SRR22534752	NODE_3066_length_1129_cov_8.933394	28.7	1129	268	1.145522	7.17e-24	acc|GENBANK|QBK91399.1|GENBANK|MK500535|mitochondrial carrier-like protein [Pithovirus LCPAC302]	Pithovirus LCPAC302	Blastx
SRR22534752	NODE_46721_length_666_cov_12.823065	39.9	666	238	0.663866	7.32e-24	acc|GENBANK|QBK90962.1|GENBANK|MK500504|metal dependent phosphohydrolase [Pithovirus LCPAC201]	Pithovirus LCPAC201	Blastx
SRR22534752	NODE_17982_length_324_cov_17.089347	54.8	324	919	0.113166	7.38e-24	acc|GENBANK|AYV75146.1|GENBANK|MK071979|plasma membrane ATPase [Terrestrivirus sp.]	Terrestrivirus sp.	Blastx
SRR22534752	NODE_14107_length_368_cov_2.594030	41.3	368	327	0.385321	8.39e-24	acc|GENBANK|QFG73901.1|GENBANK|MN448274|papain family cysteine protease [Megaviridae environmental sample]	Megaviridae environmental sample	Blastx
SRR22534752	NODE_15905_length_870_cov_3.892473	37.6	870	507	0.351085	8.41e-24	acc|GENBANK|QHN71152.1|GENBANK|MN812837|cytochrome P450 domain protein [Mollivirus kamchatka]	Mollivirus kamchatka	Blastx
SRR22534752	NODE_3423_length_830_cov_21.991217	28.6	830	431	0.552204	8.53e-24	acc|GENBANK|QBK87793.1|GENBANK|MK500369|pyridoxal-dependent decarboxylase domain [Marseillevirus LCMAC202]	Marseillevirus LCMAC202	Blastx
SRR22534752	NODE_27612_length_416_cov_4.882507	53.6	416	925	0.104865	8.99e-24	acc|GENBANK|ABY48139.1|GENBANK|EU306659|NORK [Medicago truncatula]	Medicago truncatula	Blastx
SRR22534752	NODE_50109_length_272_cov_1.468619	68.1	272	1305	0.052874	9.28e-24	acc|GENBANK|ACL97383.1|GENBANK|FJ544851|Gag-Pol polyprotein [Medicago truncatula]	Medicago truncatula	Blastx
SRR22534752	NODE_40282_length_712_cov_3.698085	43.4	712	299	0.478261	9.69e-24	acc|GENBANK|QRE02559.1|GENBANK|MN545489|hypothetical protein [Otarine gammaherpesvirus 4]	Otarine gammaherpesvirus 4	Blastx
SRR22534752	NODE_8730_length_2501_cov_7.568882	42.1	2501	335	0.489552	9.77e-24	acc|GENBANK|ABY48132.1|GENBANK|EU306659|GH1 protein [Medicago truncatula]	Medicago truncatula	Blastx
SRR22534752	NODE_16580_length_419_cov_6.720207	44.0	419	214	0.467290	9.81e-24	acc|GENBANK|QBK89352.1|GENBANK|MK500417|histidine phosphatase superfamily protein [Mimivirus LCMiAC02]	Mimivirus LCMiAC02	Blastx
SRR22534752	NODE_635_length_1057_cov_8.408203	75.0	1057	276	0.231884	1.08e-23	acc|GENBANK|QCI31588.1|GENBANK|MH257926|retrovirus-related Pol polyprotein [Camellia reticulata]	Camellia reticulata	Blastx
SRR22534752	NODE_46891_length_937_cov_8.890487	33.2	937	478	0.516736	1.13e-23	acc|GENBANK|AAK84479.1|GENBANK|AF275345|putative auxin growth promotor protein [Solanum lycopersicum]	Solanum lycopersicum	Blastx
SRR22534752	NODE_4156_length_551_cov_18.530888	40.7	551	368	0.407609	1.14e-23	acc|GENBANK|QFG73671.1|GENBANK|MN448266|peptidase family M20/M25/M40 [Megaviridae environmental sample]	Megaviridae environmental sample	Blastx
SRR22534752	NODE_43752_length_1363_cov_9.341353	25.3	1363	673	0.545319	1.41e-23	acc|GENBANK|QPI16366.1|GENBANK|MW030559|RNA polymerase [Virus NIOZ-UU157]	Virus NIOZ-UU157	Blastx
SRR22534752	NODE_17942_length_642_cov_14.290640	36.8	642	327	0.474006	1.60e-23	acc|GENBANK|QFG73901.1|GENBANK|MN448274|papain family cysteine protease [Megaviridae environmental sample]	Megaviridae environmental sample	Blastx
SRR22534752	NODE_27202_length_328_cov_3.972881	85.7	328	239	0.234310	1.61e-23	acc|GENBANK|ABY48143.1|GENBANK|EU306659|MADS-box protein [Medicago truncatula]	Medicago truncatula	Blastx
SRR22534752	NODE_15048_length_268_cov_30.148936	56.2	268	405	0.219753	1.67e-23	acc|GENBANK|WGU26824.1|GENBANK|OQ503488|eukaryotic initiation factor 4A-III B-like [Triticum monococcum]	Triticum monococcum	Blastx
SRR22534752	NODE_3192_length_1643_cov_37.602484	32.9	1643	441	0.469388	1.73e-23	acc|GENBANK|QKF94717.1|GENBANK|MT418680|ergosterol biosynthesis ERG4/ERG24 [Fadolivirus FV1/VV64]	Fadolivirus FV1/VV64	Blastx
SRR22534752	NODE_16386_length_570_cov_4.150838	51.0	570	336	0.285714	1.76e-23	acc|GENBANK|QFG74155.1|GENBANK|MN448281|semialdehyde dehydrogenase, dimerization domain [Megaviridae environmental sample]	Megaviridae environmental sample	Blastx
SRR22534752	NODE_8643_length_263_cov_27.847826	79.4	263	122	0.516393	1.77e-23	acc|GENBANK|AAL66932.1|GENBANK|AY072517|copia-like retroelement pol polyprotein [Arabidopsis thaliana]	Arabidopsis thaliana	Blastx
SRR22534752	NODE_1216_length_1352_cov_11.452616	26.3	1352	419	0.816229	1.82e-23	acc|GENBANK|BDV50099.1|GENBANK|AP027154|hypothetical protein [Porcellio scaber clopovirus]	Porcellio scaber clopovirus	Blastx
SRR22534752	NODE_44354_length_620_cov_7.899489	47.6	620	925	0.134054	1.87e-23	acc|GENBANK|ABY48139.1|GENBANK|EU306659|NORK [Medicago truncatula]	Medicago truncatula	Blastx
SRR22534752	NODE_23266_length_488_cov_3.252747	42.4	488	655	0.212214	1.95e-23	acc|REFSEQ|YP_010781806.1|REFSEQ|NC_075039|sulfate adenylyltransferase [Tupanvirus soda lake]	Tupanvirus soda lake	Blastx
SRR22534752	NODE_34540_length_288_cov_11.635294	63.9	288	256	0.238281	1.95e-23	acc|GENBANK|AAB67721.1|GENBANK|AF015269|PL transcription factor [Zea mays]	Zea mays	Blastx
SRR22534752	NODE_553_length_669_cov_17.094340	41.3	669	153	0.712418	2.00e-23	acc|GENBANK|QFG73633.1|GENBANK|MN448266|thioredoxin-like protein [Megaviridae environmental sample]	Megaviridae environmental sample	Blastx
SRR22534752	NODE_42851_length_459_cov_7.478873	42.1	459	388	0.311856	2.04e-23	acc|GENBANK|CCQ71327.1|GENBANK|HF586476|hypothetical protein kinase Pka-C1 [Cotesia congregata]	Cotesia congregata	Blastx
SRR22534752	NODE_5090_length_1084_cov_29.947669	30.4	1084	727	0.403026	2.05e-23	acc|GENBANK|ADB85269.1|GENBANK|GQ252805|putative lectin-like protein kinase [Phyllostachys edulis]	Phyllostachys edulis	Blastx
SRR22534752	NODE_2489_length_540_cov_16.980276	38.3	540	925	0.166486	2.06e-23	acc|GENBANK|ABY48139.1|GENBANK|EU306659|NORK [Medicago truncatula]	Medicago truncatula	Blastx
SRR22534752	NODE_12532_length_1329_cov_37.817901	34.8	1329	248	0.717742	2.21e-23	acc|GENBANK|XDO02353.1|GENBANK|PP542043|Sdr Family Oxidoreductase [Florenciella sp. virus SA2]	Florenciella sp. virus SA2	Blastx
SRR22534752	NODE_8719_length_575_cov_16.083026	39.4	575	481	0.353430	2.21e-23	acc|GENBANK|AYV78868.1|GENBANK|MK072106|glycyl-tRNA synthetase [Edafosvirus sp.]	Edafosvirus sp.	Blastx
SRR22534752	NODE_49991_length_268_cov_0.995745	54.5	268	2037	0.043201	2.29e-23	acc|GENBANK|ABG37663.1|GENBANK|DQ536170|CCHC-type integrase [Populus trichocarpa]	Populus trichocarpa	Blastx
SRR22534752	NODE_37529_length_809_cov_3.710052	34.8	809	497	0.364185	2.30e-23	acc|GENBANK|UIX56233.1|GENBANK|OL686893|Global transactivator [Hyphantria cunea nucleopolyhedrovirus]	Hyphantria cunea nucleopolyhedrovirus	Blastx
SRR22534752	NODE_41260_length_490_cov_8.719912	44.7	490	549	0.207650	2.30e-23	acc|GENBANK|WGU26819.1|GENBANK|OQ503488|BTB/POZ domain-containing protein [Triticum monococcum]	Triticum monococcum	Blastx
SRR22534752	NODE_41185_length_352_cov_14.909091	46.2	352	622	0.188103	2.48e-23	acc|GENBANK|AHA54250.1|GENBANK|KF481685|putative DNA ligase [Emiliania huxleyi virus 18]	Emiliania huxleyi virus 18	Blastx
SRR22534752	NODE_37065_length_555_cov_4.423372	34.4	555	405	0.459259	2.59e-23	acc|GENBANK|WGU26824.1|GENBANK|OQ503488|eukaryotic initiation factor 4A-III B-like [Triticum monococcum]	Triticum monococcum	Blastx
SRR22534752	NODE_4926_length_418_cov_1.776623	88.9	418	54	0.833333	2.65e-23	acc|GENBANK|UYE99088.1|GENBANK|OP589943|hypothetical protein [Betabaculovirus sp.]	Betabaculovirus sp.	Blastx
SRR22534752	NODE_37744_length_235_cov_5.064356	64.5	235	925	0.082162	2.66e-23	acc|GENBANK|ABY48139.1|GENBANK|EU306659|NORK [Medicago truncatula]	Medicago truncatula	Blastx
SRR22534752	NODE_44067_length_567_cov_4.728464	37.3	567	925	0.170811	2.76e-23	acc|GENBANK|ABY48139.1|GENBANK|EU306659|NORK [Medicago truncatula]	Medicago truncatula	Blastx
SRR22534752	NODE_142_length_615_cov_2.343643	37.7	615	388	0.409794	2.84e-23	acc|GENBANK|CCQ71327.1|GENBANK|HF586476|hypothetical protein kinase Pka-C1 [Cotesia congregata]	Cotesia congregata	Blastx
SRR22534752	NODE_50101_length_272_cov_0.979079	63.6	272	581	0.132530	2.91e-23	acc|GENBANK|CAA73250.1|GENBANK|Y12713|Gag polyprotein [Mus musculus]	Mus musculus	Blastx
SRR22534752	NODE_8604_length_1456_cov_8.453268	25.9	1456	1008	0.398810	2.94e-23	acc|GENBANK|WBR14335.1|GENBANK|ON887157|ATP-dependent helicase rhp16 [Pandoravirus kuranda]	Pandoravirus kuranda	Blastx
SRR22534752	NODE_5021_length_564_cov_319.740113	49.5	564	143	0.664336	3.16e-23	acc|GENBANK|UOG94409.1|NEIGHBOR|OM876856|eukaryotic translation initiation factor [Aureococcus anophagefferens virus]	Aureococcus anophagefferens virus	Blastx
SRR22534752	NODE_34840_length_270_cov_1.894515	53.5	270	1478	0.058187	3.23e-23	acc|GENBANK|ADX06441.1|GENBANK|HQ704803|putative DNA-dependent RNA polymerase II [Organic Lake phycodnavirus 2]	Organic Lake phycodnavirus 2	Blastx
SRR22534752	NODE_37081_length_323_cov_2.731034	53.6	323	299	0.280936	3.26e-23	acc|GENBANK|UOG94093.1|NEIGHBOR|OM876856|serine threonine-protein phosphatase [Aureococcus anophagefferens virus]	Aureococcus anophagefferens virus	Blastx
SRR22534752	NODE_36765_length_228_cov_12.307692	66.2	228	363	0.187328	3.31e-23	acc|GENBANK|AYV86762.1|GENBANK|MK072514|GDP-D-mannose-3',5'-epimerase [Sylvanvirus sp.]	Sylvanvirus sp.	Blastx
SRR22534752	NODE_8481_length_860_cov_9.561064	36.4	860	266	0.703008	3.32e-23	acc|GENBANK|QBK88934.1|GENBANK|MK500406|protein phosphatase 2C [Mimivirus LCMiAC02]	Mimivirus LCMiAC02	Blastx
SRR22534752	NODE_49449_length_253_cov_1.909091	49.4	253	150	0.526667	3.34e-23	acc|REFSEQ|YP_003969734.1|REFSEQ|NC_014637|putative ubiquitin-conjugating enzyme E2 [Cafeteria roenbergensis virus BV-PW1]	Cafeteria roenbergensis virus BV-PW1	Blastx
SRR22534752	NODE_5163_length_1385_cov_5.665680	35.1	1385	471	0.520170	3.52e-23	acc|GENBANK|AFV13457.1|GENBANK|JQ314445|UDPG-flavonoid 3-O-glucosyl transferase [Tripsacum dactyloides]	Tripsacum dactyloides	Blastx
SRR22534752	NODE_19370_length_722_cov_35.284470	35.6	722	379	0.614776	3.53e-23	acc|GENBANK|ADB85364.1|GENBANK|GQ252868|putative alcohol dehydrogenase 2 [Phyllostachys edulis]	Phyllostachys edulis	Blastx
SRR22534752	NODE_20058_length_600_cov_5.536155	40.0	600	236	0.635593	4.02e-23	acc|REFSEQ|YP_009163856.1|REFSEQ|NC_027778|ORF_095L [Scale drop disease virus]	Scale drop disease virus	Blastx
SRR22534752	NODE_1317_length_337_cov_2.953947	50.0	337	925	0.108108	4.07e-23	acc|GENBANK|ABY48139.1|GENBANK|EU306659|NORK [Medicago truncatula]	Medicago truncatula	Blastx
SRR22534752	NODE_12233_length_323_cov_16.686207	48.6	323	578	0.181661	4.11e-23	acc|GENBANK|ARF09587.1|GENBANK|KY684085|DNA topoisomerase IB [Indivirus ILV1]	Indivirus ILV1	Blastx
SRR22534752	NODE_283_length_916_cov_29.952435	42.7	916	870	0.172414	4.19e-23	acc|GENBANK|WZO87275.1|GENBANK|PP681894|ATPase [Chlorovirus sp.]	Chlorovirus sp.	Blastx
SRR22534752	NODE_2354_length_257_cov_13.772321	56.5	257	557	0.152603	4.28e-23	acc|GENBANK|WGU26825.1|GENBANK|OQ503488|putative acyl-activating enzyme 5 [Triticum monococcum]	Triticum monococcum	Blastx
SRR22534752	NODE_276_length_1299_cov_46.195893	36.5	1299	151	0.980132	4.42e-23	acc|GENBANK|QDY52267.1|GENBANK|MK250089|ubiquitin-conjugating enzyme [Mimiviridae sp. ChoanoV1]	Mimiviridae sp. ChoanoV1	Blastx
SRR22534752	NODE_2111_length_1231_cov_40.704508	30.0	1231	407	0.589681	4.43e-23	acc|GENBANK|QBK87745.1|GENBANK|MK500369|D-isomer specific 2-hydroxyacid dehydrogenase, [Marseillevirus LCMAC202]	Marseillevirus LCMAC202	Blastx
SRR22534752	NODE_2395_length_416_cov_21.180157	44.2	416	2037	0.055474	4.45e-23	acc|GENBANK|ABG37663.1|GENBANK|DQ536170|CCHC-type integrase [Populus trichocarpa]	Populus trichocarpa	Blastx
SRR22534752	NODE_24136_length_420_cov_2.302326	38.7	420	925	0.153514	4.55e-23	acc|GENBANK|ABY48139.1|GENBANK|EU306659|NORK [Medicago truncatula]	Medicago truncatula	Blastx
SRR22534752	NODE_16139_length_899_cov_16.339492	35.2	899	182	0.890110	4.75e-23	acc|REFSEQ|YP_009163818.1|REFSEQ|NC_027778|ORF_057R [Scale drop disease virus]	Scale drop disease virus	Blastx
SRR22534752	NODE_14234_length_1163_cov_12.607080	38.8	1163	391	0.593350	4.85e-23	acc|GENBANK|QKF94301.1|GENBANK|MT418680|regulator of protease activity HflC [Fadolivirus FV1/VV64]	Fadolivirus FV1/VV64	Blastx
SRR22534752	NODE_43904_length_274_cov_7.630705	55.8	274	299	0.287625	4.85e-23	acc|GENBANK|ARF09764.1|GENBANK|KY684087|serine/threonine protein kinase [Indivirus ILV1]	Indivirus ILV1	Blastx
SRR22534752	NODE_6047_length_1014_cov_10.905199	33.6	1014	1080	0.209259	5.10e-23	acc|GENBANK|AYV76046.1|GENBANK|MK071982|ATP-dependent Lon protease [Terrestrivirus sp.]	Terrestrivirus sp.	Blastx
SRR22534752	NODE_8286_length_1360_cov_7.124341	38.0	1360	549	0.287796	5.45e-23	acc|GENBANK|WGU26815.1|GENBANK|OQ503488|pentatricopeptide repeat-containing protein [Triticum monococcum]	Triticum monococcum	Blastx
SRR22534752	NODE_584_length_693_cov_11.589394	34.0	693	620	0.241935	6.18e-23	acc|GENBANK|USH99765.1|GENBANK|ON752135|putative retrotransposon protein, Ty3-gypsy [Oryza sativa Japonica Group]	Oryza sativa Japonica Group	Blastx
SRR22534752	NODE_17990_length_1583_cov_7.174839	32.1	1583	727	0.330124	6.37e-23	acc|GENBANK|ADB85269.1|GENBANK|GQ252805|putative lectin-like protein kinase [Phyllostachys edulis]	Phyllostachys edulis	Blastx
SRR22534752	NODE_8496_length_1154_cov_12.107939	42.8	1154	543	0.357274	6.59e-23	acc|GENBANK|ADB85407.1|GENBANK|GQ252886|putative protein kinase [Phyllostachys edulis]	Phyllostachys edulis	Blastx
SRR22534752	NODE_5778_length_1465_cov_14.456006	32.7	1465	417	0.630695	6.72e-23	acc|GENBANK|QBK89261.1|GENBANK|MK500411|DEAD/SNF2-like helicase [Mimivirus LCMiAC02]	Mimivirus LCMiAC02	Blastx
SRR22534752	NODE_39575_length_373_cov_4.600000	37.3	373	164	0.768293	7.64e-23	acc|GENBANK|QFG73678.1|GENBANK|MN448266|inorganic pyrophosphatase [Megaviridae environmental sample]	Megaviridae environmental sample	Blastx
SRR22534752	NODE_1882_length_2299_cov_49.127979	41.9	2299	292	0.506849	7.72e-23	acc|GENBANK|ARR74995.1|GENBANK|KY565523|hypothetical protein [Mimivirus AB-566-O17]	Mimivirus AB-566-O17	Blastx
SRR22534752	NODE_5229_length_282_cov_259.606426	66.2	282	128	0.554688	7.80e-23	acc|GENBANK|CAA42007.1|GENBANK|X59357|Epstein-Barr virus small RNA associated protein [Homo sapiens]	Homo sapiens	Blastx
SRR22534752	NODE_27777_length_202_cov_2.082840	62.7	202	1161	0.057709	7.95e-23	acc|GENBANK|AAP06788.1|GENBANK|AY234827|phytochrome B1 apoprotein [Zea mays]	Zea mays	Blastx
SRR22534752	NODE_33151_length_499_cov_1.879828	60.6	499	256	0.277344	8.34e-23	acc|GENBANK|AAB67721.1|GENBANK|AF015269|PL transcription factor [Zea mays]	Zea mays	Blastx
SRR22534752	NODE_8999_length_1326_cov_12.985305	31.9	1326	354	0.593220	8.36e-23	acc|REFSEQ|YP_010781838.1|REFSEQ|NC_075039|acetoin utilization deacetylase [Tupanvirus soda lake]	Tupanvirus soda lake	Blastx
SRR22534752	NODE_14443_length_1355_cov_9.554463	80.9	1355	1328	0.051205	9.03e-23	acc|GENBANK|AAK29467.1|GENBANK|AF279585|polyprotein-like [Solanum chilense]	Solanum chilense	Blastx
SRR22534752	NODE_35427_length_558_cov_1.375238	39.9	558	549	0.287796	9.08e-23	acc|GENBANK|WGU26819.1|GENBANK|OQ503488|BTB/POZ domain-containing protein [Triticum monococcum]	Triticum monococcum	Blastx
SRR22534752	NODE_650_length_1190_cov_35.170268	31.3	1190	752	0.305851	9.55e-23	acc|GENBANK|AYV76414.1|GENBANK|MK071984|HrpA-like RNA helicase [Terrestrivirus sp.]	Terrestrivirus sp.	Blastx
SRR22534752	NODE_6180_length_452_cov_2.887828	45.6	452	139	0.647482	9.67e-23	acc|GENBANK|QFG74212.1|GENBANK|MN448284|cytidylyltransferase-like protein [Megaviridae environmental sample]	Megaviridae environmental sample	Blastx
SRR22534752	NODE_43588_length_975_cov_6.531847	30.7	975	232	0.870690	9.68e-23	acc|GENBANK|ARF10905.1|GENBANK|KY684105|exonuclease [Hokovirus HKV1]	Hokovirus HKV1	Blastx
SRR22534752	NODE_45281_length_580_cov_9.546618	37.7	580	660	0.253030	9.91e-23	acc|REFSEQ|YP_001425742.1|REFSEQ|NC_008603|hypothetical protein [Paramecium bursaria Chlorella virus FR483]	Paramecium bursaria Chlorella virus FR483	Blastx
SRR22534752	NODE_14743_length_419_cov_16.111399	55.0	419	277	0.288809	9.94e-23	acc|GENBANK|AYV83451.1|GENBANK|MK072389|hypothetical protein [Hyperionvirus sp.]	Hyperionvirus sp.	Blastx
SRR22534752	NODE_34249_length_575_cov_10.418819	42.1	575	299	0.468227	1.04e-22	acc|GENBANK|QRE02559.1|GENBANK|MN545489|hypothetical protein [Otarine gammaherpesvirus 4]	Otarine gammaherpesvirus 4	Blastx
SRR22534752	NODE_4921_length_524_cov_7.091650	41.9	524	925	0.139459	1.08e-22	acc|GENBANK|ABY48139.1|GENBANK|EU306659|NORK [Medicago truncatula]	Medicago truncatula	Blastx
SRR22534752	NODE_11646_length_434_cov_32.531172	40.3	434	239	0.602510	1.11e-22	acc|GENBANK|QFG74853.1|GENBANK|MN448295|inhibitor of apoptosis-promoting [Megaviridae environmental sample]	Megaviridae environmental sample	Blastx
SRR22534752	NODE_45343_length_587_cov_6.545126	33.3	587	846	0.219858	1.13e-22	acc|REFSEQ|YP_010781394.1|REFSEQ|NC_075039|valine-tRNA synthetase [Tupanvirus soda lake]	Tupanvirus soda lake	Blastx
SRR22534752	NODE_2409_length_805_cov_20.651554	35.8	805	164	0.835366	1.15e-22	acc|GENBANK|QFG73678.1|GENBANK|MN448266|inorganic pyrophosphatase [Megaviridae environmental sample]	Megaviridae environmental sample	Blastx
SRR22534752	NODE_49618_length_258_cov_1.040000	55.7	258	691	0.114327	1.26e-22	acc|GENBANK|UPW42252.1|GENBANK|ON001649|putative RNA dependent RNA polymerase [Xisha Islands farmland mitovirus 5]	Xisha Islands farmland mitovirus 5	Blastx
SRR22534752	NODE_4485_length_1581_cov_45.197674	25.8	1581	268	1.111940	1.32e-22	acc|GENBANK|QBK91399.1|GENBANK|MK500535|mitochondrial carrier-like protein [Pithovirus LCPAC302]	Pithovirus LCPAC302	Blastx
SRR22534752	NODE_1801_length_1014_cov_70.413863	36.2	1014	182	0.956044	1.39e-22	acc|REFSEQ|YP_009163818.1|REFSEQ|NC_027778|ORF_057R [Scale drop disease virus]	Scale drop disease virus	Blastx
SRR22534752	NODE_46294_length_1192_cov_11.088870	32.8	1192	326	0.757669	1.46e-22	acc|GENBANK|QDY52441.1|GENBANK|MK250092|hypothetical protein [Mimiviridae sp. ChoanoV1]	Mimiviridae sp. ChoanoV1	Blastx
SRR22534752	NODE_17670_length_829_cov_5.531407	31.4	829	629	0.430843	1.49e-22	acc|GENBANK|CAA60726.1|GENBANK|X87297|J1590 [Saccharomyces cerevisiae]	Saccharomyces cerevisiae	Blastx
SRR22534752	NODE_18608_length_620_cov_4.688245	36.7	620	678	0.305310	1.49e-22	acc|GENBANK|CCQ71325.1|GENBANK|HF586476|hypothetical kinesin-like protein KIF3 [Cotesia congregata]	Cotesia congregata	Blastx
SRR22534752	NODE_14255_length_309_cov_24.112319	54.7	309	154	0.558442	1.55e-22	acc|GENBANK|WUR10739.1|GENBANK|PP171514|sod [Calliteara abietis nucleopolyhedrovirus]	Calliteara abietis nucleopolyhedrovirus	Blastx
SRR22534752	NODE_13931_length_367_cov_13.443114	44.5	367	1790	0.066480	1.57e-22	acc|REFSEQ|YP_009481560.1|REFSEQ|NC_037665|serine-threonine kinase [Pandoravirus macleodensis]	Pandoravirus macleodensis	Blastx
SRR22534752	NODE_39797_length_525_cov_14.611789	33.9	525	1973	0.088191	1.63e-22	acc|GENBANK|UZT28914.1|GENBANK|OP765507|hypothetical protein [Nucleocytoviricota sp.]	Nucleocytoviricota sp.	Blastx
SRR22534752	NODE_884_length_293_cov_83.607692	46.7	293	258	0.356589	1.63e-22	acc|GENBANK|WMV02893.1|GENBANK|OP630990|alpha-tubulin [Diderma spumarioides]	Diderma spumarioides	Blastx
SRR22534752	NODE_764_length_539_cov_42.460474	32.4	539	355	0.487324	1.66e-22	acc|GENBANK|WRJ69891.1|GENBANK|OR001839|alpha-galactosidase [Oceanusvirus sp.]	Oceanusvirus sp.	Blastx
SRR22534752	NODE_3211_length_1039_cov_8.990060	33.3	1039	288	0.677083	1.67e-22	acc|GENBANK|QMP82376.1|GENBANK|MT153362|hypothetical protein [red goblin roach virus 1]	red goblin roach virus 1	Blastx
SRR22534752	NODE_4029_length_2251_cov_23.249324	43.8	2251	855	0.149708	1.69e-22	acc|GENBANK|AYV84625.1|GENBANK|MK072413|mimivirus elongation factor aef-2 [Hyperionvirus sp.]	Hyperionvirus sp.	Blastx
SRR22534752	NODE_450_length_1602_cov_26.634162	33.1	1602	506	0.543478	1.69e-22	acc|GENBANK|QBK92268.1|GENBANK|MK500571|putative serine/threonine protein kinase [Pithovirus LCPAC304]	Pithovirus LCPAC304	Blastx
SRR22534752	NODE_2563_length_855_cov_12.019465	53.8	855	1105	0.084163	1.71e-22	acc|GENBANK|AAK84476.1|GENBANK|AF275345|unknown [Solanum lycopersicum]	Solanum lycopersicum	Blastx
SRR22534752	NODE_3155_length_755_cov_8.997230	44.2	755	310	0.445161	1.72e-22	acc|GENBANK|AYV80377.1|GENBANK|MK072243|tRNaseZ [Harvfovirus sp.]	Harvfovirus sp.	Blastx
SRR22534752	NODE_27729_length_374_cov_3.328446	71.9	374	143	0.398601	1.77e-22	acc|GENBANK|ADF46104.1|GENBANK|GU976955|reverse transcriptase [Eleocharis uniglumis subsp. sterneri]	Eleocharis uniglumis subsp. sterneri	Blastx
SRR22534752	NODE_14938_length_473_cov_26.725000	46.3	473	588	0.183673	1.84e-22	acc|GENBANK|QOI90522.1|GENBANK|MT663539|hypothetical protein [Pyramimonas orientalis virus]	Pyramimonas orientalis virus	Blastx
SRR22534752	NODE_1019_length_416_cov_14.603133	41.1	416	672	0.209821	1.91e-22	acc|GENBANK|BCS83340.1|GENBANK|AP024483|putative ATP-dependent RNA helicase [Cotonvirus japonicus]	Cotonvirus japonicus	Blastx
SRR22534752	NODE_2796_length_459_cov_65.291080	47.5	459	85	0.941176	1.92e-22	acc|GENBANK|AYV75195.1|GENBANK|MK071979|putative cytochrome b5 [Terrestrivirus sp.]	Terrestrivirus sp.	Blastx
SRR22534752	NODE_44327_length_385_cov_6.156250	43.6	385	261	0.421456	1.95e-22	acc|GENBANK|ARF08832.1|GENBANK|KY684083|caspase domain protein [Catovirus CTV1]	Catovirus CTV1	Blastx
SRR22534752	NODE_39727_length_573_cov_9.003704	39.1	573	1516	0.091029	1.99e-22	acc|GENBANK|USH99796.1|GENBANK|ON752166|putative Ty3-gypsy subclass retrotransposon [Oryza sativa Japonica Group]	Oryza sativa Japonica Group	Blastx
SRR22534752	NODE_2564_length_539_cov_12.766798	38.7	539	247	0.627530	2.06e-22	acc|REFSEQ|YP_009449316.1|REFSEQ|NC_036594|Fatty acid hydroxylase (C-5 sterol desaturase [Orpheovirus IHUMI-LCC2]	Orpheovirus IHUMI-LCC2	Blastx
SRR22534752	NODE_2860_length_1894_cov_46.845782	38.1	1894	299	0.561873	2.16e-22	acc|GENBANK|QIG59714.1|GENBANK|MN940578|putative spermidine [Dishui Lake phycodnavirus 3]	Dishui Lake phycodnavirus 3	Blastx
SRR22534752	NODE_34021_length_619_cov_6.102389	37.5	619	119	0.941176	2.16e-22	acc|GENBANK|QBK85983.1|GENBANK|MK500328|glycine cleavage H-protein [Marseillevirus LCMAC101]	Marseillevirus LCMAC101	Blastx
SRR22534752	NODE_3165_length_708_cov_11.717037	28.4	708	406	0.598522	2.18e-22	acc|GENBANK|AYV76588.1|GENBANK|MK071987|cyclopropane-fatty-acyl-phospholipid synthase [Terrestrivirus sp.]	Terrestrivirus sp.	Blastx
SRR22534752	NODE_24552_length_241_cov_31.067308	58.2	241	299	0.264214	2.37e-22	acc|GENBANK|ARF09764.1|GENBANK|KY684087|serine/threonine protein kinase [Indivirus ILV1]	Indivirus ILV1	Blastx
SRR22534752	NODE_2334_length_1210_cov_11.956669	28.9	1210	313	1.073482	2.41e-22	acc|GENBANK|AYV85455.1|GENBANK|MK072453|protein phosphatase 2C domain containing [Satyrvirus sp.]	Satyrvirus sp.	Blastx
SRR22534752	NODE_22863_length_876_cov_4.322657	28.8	876	277	0.927798	2.46e-22	acc|GENBANK|ARF09735.1|GENBANK|KY684086|aldo/keto reductase family protein [Indivirus ILV1]	Indivirus ILV1	Blastx
SRR22534752	NODE_42485_length_596_cov_8.964476	44.3	596	201	0.651741	2.61e-22	acc|GENBANK|WGU26826.1|GENBANK|OQ503488|casparian strip membrane protein [Triticum monococcum]	Triticum monococcum	Blastx
SRR22534752	NODE_29301_length_264_cov_1.216450	52.9	264	201	0.432836	2.74e-22	acc|GENBANK|WGU26826.1|GENBANK|OQ503488|casparian strip membrane protein [Triticum monococcum]	Triticum monococcum	Blastx
SRR22534752	NODE_50475_length_361_cov_1.426829	44.6	361	139	0.661871	2.76e-22	acc|GENBANK|QFG74212.1|GENBANK|MN448284|cytidylyltransferase-like protein [Megaviridae environmental sample]	Megaviridae environmental sample	Blastx
SRR22534752	NODE_18334_length_973_cov_14.543617	29.5	973	267	0.988764	2.77e-22	acc|GENBANK|WRJ69708.1|GENBANK|OR001839|mitochondrial substrate carrier family protein [Oceanusvirus sp.]	Oceanusvirus sp.	Blastx
SRR22534752	NODE_14394_length_799_cov_22.412533	38.7	799	262	0.541985	2.78e-22	acc|REFSEQ|YP_009352579.1|REFSEQ|NC_034249|Sterol desaturase [Kaumoebavirus]	Kaumoebavirus	Blastx
SRR22534752	NODE_10879_length_444_cov_44.698297	48.4	444	171	0.725146	2.95e-22	acc|REFSEQ|YP_009481436.1|REFSEQ|NC_037665|S-phase kinase-associated protein 1 [Pandoravirus macleodensis]	Pandoravirus macleodensis	Blastx
SRR22534752	NODE_35115_length_480_cov_3.398210	39.9	480	674	0.234421	3.01e-22	acc|GENBANK|AYV83542.1|GENBANK|MK072390|HrpA-like RNA helicase [Hyperionvirus sp.]	Hyperionvirus sp.	Blastx
SRR22534752	NODE_481_length_756_cov_16.901798	35.7	756	833	0.171669	3.15e-22	acc|GENBANK|CCQ71385.1|GENBANK|HF586480|hypothetical Homeodomain-interacting protein [Cotesia congregata]	Cotesia congregata	Blastx
SRR22534752	NODE_40235_length_696_cov_11.268477	43.3	696	691	0.173661	3.18e-22	acc|GENBANK|UPW42252.1|GENBANK|ON001649|putative RNA dependent RNA polymerase [Xisha Islands farmland mitovirus 5]	Xisha Islands farmland mitovirus 5	Blastx
SRR22534752	NODE_2448_length_541_cov_18.824803	29.4	541	759	0.259552	3.21e-22	acc|GENBANK|ACN78962.1|GENBANK|FJ225394|methyltransferase [Glycine max]	Glycine max	Blastx
SRR22534752	NODE_15630_length_279_cov_2.825203	56.0	279	1413	0.064402	3.22e-22	acc|GENBANK|AYV86995.1|GENBANK|MK072523|putative DNA topoisomerase 2-like isoform X1 [Sylvanvirus sp.]	Sylvanvirus sp.	Blastx
SRR22534752	NODE_14881_length_597_cov_21.838652	34.3	597	547	0.308958	3.44e-22	acc|GENBANK|AYV86548.1|GENBANK|MK072509|hypothetical protein [Sylvanvirus sp.]	Sylvanvirus sp.	Blastx
SRR22534752	NODE_45888_length_988_cov_7.153927	29.7	988	646	0.484520	3.65e-22	acc|GENBANK|QKF94735.1|GENBANK|MT418680|long-chain fatty acid CoA synthetase [Fadolivirus FV1/VV64]	Fadolivirus FV1/VV64	Blastx
SRR22534752	NODE_50532_length_235_cov_12.688119	86.0	235	335	0.149254	3.65e-22	acc|GENBANK|ABY48132.1|GENBANK|EU306659|GH1 protein [Medicago truncatula]	Medicago truncatula	Blastx
SRR22534752	NODE_30017_length_502_cov_2.722814	34.1	502	498	0.435743	3.74e-22	acc|REFSEQ|YP_010781610.1|REFSEQ|NC_075039|hypothetical protein [Tupanvirus soda lake]	Tupanvirus soda lake	Blastx
SRR22534752	NODE_11627_length_462_cov_5.780886	38.5	462	310	0.419355	4.02e-22	acc|GENBANK|AYV86922.1|GENBANK|MK072520|hypothetical protein [Sylvanvirus sp.]	Sylvanvirus sp.	Blastx
SRR22534752	NODE_14151_length_1737_cov_11.456573	29.9	1737	727	0.414030	4.10e-22	acc|GENBANK|ADB85269.1|GENBANK|GQ252805|putative lectin-like protein kinase [Phyllostachys edulis]	Phyllostachys edulis	Blastx
SRR22534752	NODE_37216_length_456_cov_1.579196	53.9	456	678	0.150442	4.27e-22	acc|GENBANK|CCQ71325.1|GENBANK|HF586476|hypothetical kinesin-like protein KIF3 [Cotesia congregata]	Cotesia congregata	Blastx
SRR22534752	NODE_30845_length_353_cov_1.618750	41.8	353	925	0.118919	4.34e-22	acc|GENBANK|ABY48139.1|GENBANK|EU306659|NORK [Medicago truncatula]	Medicago truncatula	Blastx
SRR22534752	NODE_3644_length_1136_cov_13.506800	32.2	1136	261	0.892720	4.36e-22	acc|GENBANK|AYV79236.1|GENBANK|MK072137|serine/threonine protein phosphatase [Faunusvirus sp.]	Faunusvirus sp.	Blastx
SRR22534752	NODE_4756_length_333_cov_270.730000	69.4	333	143	0.433566	4.44e-22	acc|GENBANK|UOG94409.1|NEIGHBOR|OM876856|eukaryotic translation initiation factor [Aureococcus anophagefferens virus]	Aureococcus anophagefferens virus	Blastx
SRR22534752	NODE_21323_length_385_cov_1.965909	47.1	385	782	0.152174	4.72e-22	acc|GENBANK|QBK87559.1|GENBANK|MK500358|CobB/CobQ-like glutamine amidotransferase domain [Marseillevirus LCMAC201]	Marseillevirus LCMAC201	Blastx
SRR22534752	NODE_47454_length_558_cov_10.097143	50.5	558	832	0.133413	5.39e-22	acc|GENBANK|BAD00047.1|GENBANK|AB119282|Fusion protein, Feo [Hepacivirus hominis]	Hepacivirus hominis	Blastx
SRR22534752	NODE_40191_length_252_cov_6.004566	60.3	252	776	0.094072	5.56e-22	acc|GENBANK|ABY48135.1|GENBANK|EU306659|beta-D-xylosidase [Medicago truncatula]	Medicago truncatula	Blastx
SRR22534752	NODE_2899_length_322_cov_3.598616	52.8	322	1715	0.061808	5.65e-22	acc|GENBANK|WDS48439.1|GENBANK|ON798805|essential for potexvirus accumulation 1 [Solanum tuberosum]	Solanum tuberosum	Blastx
SRR22534752	NODE_4787_length_439_cov_56.197044	37.8	439	478	0.309623	6.04e-22	acc|GENBANK|QBK86272.1|GENBANK|MK500334|cyclin-dependent protein kinase [Marseillevirus LCMAC102]	Marseillevirus LCMAC102	Blastx
SRR22534752	NODE_28849_length_237_cov_0.980392	58.4	237	1261	0.061063	6.27e-22	acc|GENBANK|ACN78974.1|GENBANK|FJ225394|retrotransposon protein [Glycine max]	Glycine max	Blastx
SRR22534752	NODE_33742_length_369_cov_1.934524	42.9	369	566	0.210247	6.59e-22	acc|GENBANK|QBK89567.1|GENBANK|MK500428|phosphatidylinositol-specific phospholipase C [Pithovirus LCPAC001]	Pithovirus LCPAC001	Blastx
SRR22534752	NODE_15055_length_573_cov_2.287037	37.8	573	165	0.945455	6.85e-22	acc|REFSEQ|YP_003213049.1|REFSEQ|NC_013288|hypothetical protein [Ostreococcus tauri virus 1]	Ostreococcus tauri virus 1	Blastx
SRR22534752	NODE_6915_length_439_cov_26.825123	36.2	439	319	0.476489	6.88e-22	acc|GENBANK|AYV83965.1|GENBANK|MK072397|L-galactose dehydrogenase [Hyperionvirus sp.]	Hyperionvirus sp.	Blastx
SRR22534752	NODE_32073_length_318_cov_3.792982	56.3	318	327	0.244648	7.01e-22	acc|GENBANK|QFG73901.1|GENBANK|MN448274|papain family cysteine protease [Megaviridae environmental sample]	Megaviridae environmental sample	Blastx
SRR22534752	NODE_3518_length_721_cov_13.869186	38.0	721	678	0.233038	7.23e-22	acc|GENBANK|CCQ71325.1|GENBANK|HF586476|hypothetical kinesin-like protein KIF3 [Cotesia congregata]	Cotesia congregata	Blastx
SRR22534752	NODE_43249_length_553_cov_5.734615	37.2	553	1232	0.146104	7.26e-22	acc|GENBANK|ADK47521.1|GENBANK|HM124452|RDG2A [Hordeum vulgare subsp. vulgare]	Hordeum vulgare subsp. vulgare	Blastx
SRR22534752	NODE_16372_length_596_cov_4.058615	30.5	596	216	0.879630	7.28e-22	acc|REFSEQ|YP_010781611.1|REFSEQ|NC_075039|T2 family ribonuclease [Tupanvirus soda lake]	Tupanvirus soda lake	Blastx
SRR22534752	NODE_40707_length_299_cov_4.691729	52.6	299	832	0.116587	7.46e-22	acc|GENBANK|BAD00047.1|GENBANK|AB119282|Fusion protein, Feo [Hepacivirus hominis]	Hepacivirus hominis	Blastx
SRR22534752	NODE_8734_length_642_cov_7.415435	32.8	642	447	0.409396	8.46e-22	acc|REFSEQ|NP_077596.1|REFSEQ|NC_002687|serine-threonine kinase [Ectocarpus siliculosus virus 1]	Ectocarpus siliculosus virus 1	Blastx
SRR22534752	NODE_33765_length_676_cov_4.454121	38.0	676	727	0.246217	9.07e-22	acc|GENBANK|ADB85269.1|GENBANK|GQ252805|putative lectin-like protein kinase [Phyllostachys edulis]	Phyllostachys edulis	Blastx
SRR22534752	NODE_8539_length_1268_cov_10.497976	33.2	1268	447	0.411633	9.36e-22	acc|REFSEQ|NP_077596.1|REFSEQ|NC_002687|serine-threonine kinase [Ectocarpus siliculosus virus 1]	Ectocarpus siliculosus virus 1	Blastx
SRR22534752	NODE_14056_length_739_cov_14.528329	31.3	739	399	0.528822	9.54e-22	acc|GENBANK|ARF09189.1|GENBANK|KY684084|phosphoglycerate dehydrogenase [Catovirus CTV1]	Catovirus CTV1	Blastx
SRR22534752	NODE_10784_length_1038_cov_14.012935	45.5	1038	175	0.628571	9.67e-22	acc|GENBANK|ARF09402.1|GENBANK|KY684085|ubiquitin-conjugating enzyme E2 [Indivirus ILV1]	Indivirus ILV1	Blastx
SRR22534752	NODE_42491_length_596_cov_7.209591	30.0	596	496	0.403226	9.73e-22	acc|GENBANK|USC25894.1|GENBANK|OL685370|gta [Palpita vitrealis nucleopolyhedrovirus]	Palpita vitrealis nucleopolyhedrovirus	Blastx
SRR22534752	NODE_5708_length_1136_cov_6.848595	34.8	1136	703	0.322902	9.74e-22	acc|GENBANK|ARF09664.1|GENBANK|KY684086|HrpA-like RNA helicase [Indivirus ILV1]	Indivirus ILV1	Blastx
SRR22534752	NODE_7616_length_498_cov_21.503226	37.0	498	1127	0.122449	1.00e-21	acc|GENBANK|WRJ69763.1|GENBANK|OR001839|DNA-directed RNA polymerase II subunit Rpb2 [Oceanusvirus sp.]	Oceanusvirus sp.	Blastx
SRR22534752	NODE_20289_length_1315_cov_12.436037	39.4	1315	406	0.463054	1.02e-21	acc|GENBANK|QBK87310.1|GENBANK|MK500348|chaperone protein [Marseillevirus LCMAC201]	Marseillevirus LCMAC201	Blastx
SRR22534752	NODE_50231_length_276_cov_1.921811	82.7	276	759	0.068511	1.05e-21	acc|GENBANK|ACN78962.1|GENBANK|FJ225394|methyltransferase [Glycine max]	Glycine max	Blastx
SRR22534752	NODE_2106_length_1018_cov_17.853807	52.9	1018	309	0.281553	1.09e-21	acc|GENBANK|QKF93832.1|GENBANK|MT418680|serine/threonine-protein kinase [Fadolivirus FV1/VV64]	Fadolivirus FV1/VV64	Blastx
SRR22534752	NODE_23307_length_482_cov_4.445434	78.3	482	242	0.247934	1.10e-21	acc|GENBANK|AGU70135.1|GENBANK|KF270089|integrase-type DNA-binding superfamily protein [Tarenaya hassleriana]	Tarenaya hassleriana	Blastx
SRR22534752	NODE_2281_length_492_cov_4.906318	48.6	492	1369	0.078159	1.30e-21	acc|GENBANK|AIC77183.1|GENBANK|KF740825|polyprotein [Gossypium barbadense]	Gossypium barbadense	Blastx
SRR22534752	NODE_27457_length_300_cov_7.303371	50.5	300	578	0.171280	1.35e-21	acc|GENBANK|ARF09587.1|GENBANK|KY684085|DNA topoisomerase IB [Indivirus ILV1]	Indivirus ILV1	Blastx
SRR22534752	NODE_234_length_521_cov_40.088115	39.6	521	121	0.876033	1.39e-21	acc|GENBANK|UNJ46594.1|GENBANK|OM135585|yippee [Drosophila melanogaster]	Drosophila melanogaster	Blastx
SRR22534752	NODE_45092_length_1229_cov_8.862876	43.4	1229	925	0.147027	1.41e-21	acc|GENBANK|ABY48139.1|GENBANK|EU306659|NORK [Medicago truncatula]	Medicago truncatula	Blastx
SRR22534752	NODE_8759_length_1339_cov_32.458652	40.5	1339	571	0.259194	1.46e-21	acc|GENBANK|QBK86402.1|GENBANK|MK500334|ATPase family protein [Marseillevirus LCMAC102]	Marseillevirus LCMAC102	Blastx
SRR22534752	NODE_46750_length_552_cov_11.622351	48.5	552	388	0.265464	1.46e-21	acc|GENBANK|CCQ71327.1|GENBANK|HF586476|hypothetical protein kinase Pka-C1 [Cotesia congregata]	Cotesia congregata	Blastx
SRR22534752	NODE_2491_length_280_cov_23.870445	43.5	280	192	0.479167	1.52e-21	acc|GENBANK|AYV78944.1|GENBANK|MK072120|Ras-related protein Rab-1A [Edafosvirus sp.]	Edafosvirus sp.	Blastx
SRR22534752	NODE_24323_length_354_cov_1.080997	47.2	354	925	0.114595	1.56e-21	acc|GENBANK|ABY48139.1|GENBANK|EU306659|NORK [Medicago truncatula]	Medicago truncatula	Blastx
SRR22534752	NODE_6370_length_1151_cov_13.221825	28.3	1151	468	0.784188	1.61e-21	acc|GENBANK|ARF10845.1|GENBANK|KY684105|ubiquitin carboxyl-terminal hydrolase [Hokovirus HKV1]	Hokovirus HKV1	Blastx
SRR22534752	NODE_49731_length_261_cov_3.078947	59.0	261	2037	0.040746	1.64e-21	acc|GENBANK|ABG37663.1|GENBANK|DQ536170|CCHC-type integrase [Populus trichocarpa]	Populus trichocarpa	Blastx
SRR22534752	NODE_3549_length_532_cov_83.326653	45.5	532	360	0.311111	1.67e-21	acc|GENBANK|QKF94354.1|GENBANK|MT418680|UTP--glucose-1-phosphate uridylyltransferase [Fadolivirus FV1/VV64]	Fadolivirus FV1/VV64	Blastx
SRR22534752	NODE_40378_length_570_cov_4.307263	49.5	570	2037	0.052528	1.70e-21	acc|GENBANK|ABG37663.1|GENBANK|DQ536170|CCHC-type integrase [Populus trichocarpa]	Populus trichocarpa	Blastx
SRR22534752	NODE_43754_length_579_cov_6.890110	36.3	579	925	0.172973	1.72e-21	acc|GENBANK|ABY48139.1|GENBANK|EU306659|NORK [Medicago truncatula]	Medicago truncatula	Blastx
SRR22534752	NODE_31354_length_246_cov_2.197183	58.1	246	735	0.100680	1.78e-21	acc|GENBANK|QKF94731.1|GENBANK|MT418680|DNA helicase ATP-dependent recq type [Fadolivirus FV1/VV64]	Fadolivirus FV1/VV64	Blastx
SRR22534752	NODE_33410_length_499_cov_4.399142	44.0	499	925	0.125405	1.82e-21	acc|GENBANK|ABY48139.1|GENBANK|EU306659|NORK [Medicago truncatula]	Medicago truncatula	Blastx
SRR22534752	NODE_17664_length_420_cov_10.943152	37.4	420	833	0.166867	1.86e-21	acc|GENBANK|CCQ71385.1|GENBANK|HF586480|hypothetical Homeodomain-interacting protein [Cotesia congregata]	Cotesia congregata	Blastx
SRR22534752	NODE_3416_length_985_cov_70.443277	28.8	985	832	0.280048	1.87e-21	acc|GENBANK|BAD00047.1|GENBANK|AB119282|Fusion protein, Feo [Hepacivirus hominis]	Hepacivirus hominis	Blastx
SRR22534752	NODE_12935_length_1118_cov_32.438710	29.2	1118	407	0.589681	2.00e-21	acc|GENBANK|QBK87745.1|GENBANK|MK500369|D-isomer specific 2-hydroxyacid dehydrogenase, [Marseillevirus LCMAC202]	Marseillevirus LCMAC202	Blastx
SRR22534752	NODE_195_length_1795_cov_17.993757	32.0	1795	476	0.512605	2.09e-21	acc|GENBANK|QPI16652.1|GENBANK|MW030591|serine endoprotease [Virus NIOZ-UU159]	Virus NIOZ-UU159	Blastx
SRR22534752	NODE_15706_length_689_cov_3.353659	38.1	689	1369	0.107378	2.12e-21	acc|GENBANK|AIC77183.1|GENBANK|KF740825|polyprotein [Gossypium barbadense]	Gossypium barbadense	Blastx
SRR22534752	NODE_44051_length_510_cov_12.547170	39.1	510	518	0.291506	2.16e-21	acc|GENBANK|QPI16131.1|GENBANK|MW030532|hypothetical protein [Virus NIOZ-UU157]	Virus NIOZ-UU157	Blastx
SRR22534752	NODE_2764_length_806_cov_23.714101	29.4	806	216	0.930556	2.21e-21	acc|GENBANK|QKF94710.1|GENBANK|MT418680|ATPase V1 complex subunit D [Fadolivirus FV1/VV64]	Fadolivirus FV1/VV64	Blastx
SRR22534752	NODE_20269_length_1327_cov_15.500000	28.3	1327	497	0.839034	2.36e-21	acc|GENBANK|CCQ71326.1|GENBANK|HF586476|hypothetical Pro-X carboxypeptidase-like protein [Cotesia congregata]	Cotesia congregata	Blastx
SRR22534752	NODE_19031_length_876_cov_4.556346	37.6	876	384	0.408854	2.38e-21	acc|REFSEQ|YP_009120552.1|REFSEQ|NC_026440|Rad5-like protein [Pandoravirus inopinatum]	Pandoravirus inopinatum	Blastx
SRR22534752	NODE_41532_length_570_cov_8.093110	59.6	570	605	0.163636	2.58e-21	acc|GENBANK|AEV22380.1|GENBANK|JN969602|unknown [Lolium perenne]	Lolium perenne	Blastx
SRR22534752	NODE_35951_length_509_cov_5.336134	39.2	509	678	0.252212	2.60e-21	acc|GENBANK|CCQ71325.1|GENBANK|HF586476|hypothetical kinesin-like protein KIF3 [Cotesia congregata]	Cotesia congregata	Blastx
SRR22534752	NODE_49860_length_719_cov_24.536443	36.5	719	363	0.468320	2.69e-21	acc|GENBANK|WBR14213.1|GENBANK|ON887157|Bifunctional purine biosynthesis protein [Pandoravirus kuranda]	Pandoravirus kuranda	Blastx
SRR22534752	NODE_9031_length_643_cov_35.329508	40.9	643	402	0.328358	2.91e-21	acc|GENBANK|QBK88751.1|GENBANK|MK500397|DEAD/SNF2-like helicase [Mimivirus LCMiAC01]	Mimivirus LCMiAC01	Blastx
SRR22534752	NODE_309_length_720_cov_31.746725	52.7	720	406	0.229064	3.17e-21	acc|GENBANK|AYV85760.1|GENBANK|MK072473|hypothetical protein [Satyrvirus sp.]	Satyrvirus sp.	Blastx
SRR22534752	NODE_3234_length_703_cov_29.385075	32.5	703	1040	0.219231	3.18e-21	acc|REFSEQ|YP_010780932.1|REFSEQ|NC_075038|putative ATP-citrate synthase isoform X3 [Tupanvirus deep ocean]	Tupanvirus deep ocean	Blastx
SRR22534752	NODE_40726_length_442_cov_7.833741	40.0	442	759	0.191041	3.21e-21	acc|GENBANK|ACN78962.1|GENBANK|FJ225394|methyltransferase [Glycine max]	Glycine max	Blastx
SRR22534752	NODE_8275_length_1157_cov_5.191281	35.2	1157	278	0.571942	3.37e-21	acc|GENBANK|QBK91651.1|GENBANK|MK500560|putative serine/threonine protein kinase [Pithovirus LCPAC302]	Pithovirus LCPAC302	Blastx
SRR22534752	NODE_3797_length_1421_cov_30.884726	27.2	1421	974	0.286448	3.46e-21	acc|GENBANK|AYV86980.1|GENBANK|MK072522|hypothetical protein [Sylvanvirus sp.]	Sylvanvirus sp.	Blastx
SRR22534752	NODE_35566_length_205_cov_1.604651	68.2	205	1472	0.044837	3.49e-21	acc|GENBANK|AAL68641.1|GENBANK|AF458765|polyprotein [Oryza sativa Japonica Group]	Oryza sativa Japonica Group	Blastx
SRR22534752	NODE_26300_length_686_cov_3.735069	45.8	686	925	0.129730	3.57e-21	acc|GENBANK|ABY48139.1|GENBANK|EU306659|NORK [Medicago truncatula]	Medicago truncatula	Blastx
SRR22534752	NODE_45155_length_1314_cov_10.049180	42.2	1314	358	0.410615	3.58e-21	acc|REFSEQ|YP_010780072.1|REFSEQ|NC_075038|hypothetical protein [Tupanvirus deep ocean]	Tupanvirus deep ocean	Blastx
SRR22534752	NODE_33671_length_624_cov_4.839255	44.3	624	793	0.165195	3.58e-21	acc|GENBANK|BDT63291.1|GENBANK|LC738883|guanylate kinase-like protein [Armadillidium vulgare clopovirus]	Armadillidium vulgare clopovirus	Blastx
SRR22534752	NODE_11087_length_213_cov_1864.983333	49.3	213	179	0.396648	3.74e-21	acc|GENBANK|ARF11237.1|GENBANK|KY684108|ubiquitin-conjugating enzyme E2 [Klosneuvirus KNV1]	Klosneuvirus KNV1	Blastx
SRR22534752	NODE_22704_length_217_cov_99.733696	62.3	217	194	0.355670	3.89e-21	acc|GENBANK|AYV76261.1|GENBANK|MK071983|CuZnSOD [Terrestrivirus sp.]	Terrestrivirus sp.	Blastx
SRR22534752	NODE_6866_length_914_cov_8.543700	27.0	914	238	1.042017	3.90e-21	acc|GENBANK|AYV77971.1|GENBANK|MK072068|hypothetical protein [Edafosvirus sp.]	Edafosvirus sp.	Blastx
SRR22534752	NODE_16209_length_1794_cov_17.285065	48.1	1794	855	0.150877	4.06e-21	acc|GENBANK|AYV84625.1|GENBANK|MK072413|mimivirus elongation factor aef-2 [Hyperionvirus sp.]	Hyperionvirus sp.	Blastx
SRR22534752	NODE_37266_length_248_cov_3.851163	57.3	248	623	0.131621	4.45e-21	acc|GENBANK|BAL14837.1|GENBANK|AB682995|endo-1,4-b-D-glucanase [Oryza sativa Japonica Group]	Oryza sativa Japonica Group	Blastx
SRR22534752	NODE_723_length_612_cov_54.977547	33.3	612	215	0.739535	4.60e-21	acc|GENBANK|ARF09950.1|GENBANK|KY684090|T2 family ribonuclease [Indivirus ILV1]	Indivirus ILV1	Blastx
SRR22534752	NODE_1881_length_278_cov_31.779592	97.6	278	77	0.545455	4.80e-21	acc|REFSEQ|YP_001426684.1|REFSEQ|NC_008724|ubiquitin family protein [Acanthocystis turfacea chlorella virus 1]	Acanthocystis turfacea chlorella virus 1	Blastx
SRR22534752	NODE_18872_length_861_cov_4.752415	62.8	861	218	0.431193	4.85e-21	acc|GENBANK|APO14196.1|GENBANK|KX098475|chimeric DELLA protein [Setaria italica]	Setaria italica	Blastx
SRR22534752	NODE_19967_length_672_cov_32.259781	33.3	672	492	0.396341	5.15e-21	acc|GENBANK|QBK88108.1|GENBANK|MK500375|cyclin-dependent protein kinase [Marseillevirus LCMAC202]	Marseillevirus LCMAC202	Blastx
SRR22534752	NODE_37094_length_456_cov_5.423168	47.5	456	388	0.255155	5.17e-21	acc|GENBANK|CCQ71327.1|GENBANK|HF586476|hypothetical protein kinase Pka-C1 [Cotesia congregata]	Cotesia congregata	Blastx
SRR22534752	NODE_18726_length_467_cov_6.304147	38.0	467	379	0.416887	5.23e-21	acc|REFSEQ|YP_010776352.1|REFSEQ|NC_075034|putative RNA methyltransferase [Powai lake megavirus]	Powai lake megavirus	Blastx
SRR22534752	NODE_14204_length_746_cov_6.737728	33.5	746	442	0.432127	5.24e-21	acc|GENBANK|CAA43286.1|GENBANK|X60951|pol associated gene 1 [Trypanosoma brucei]	Trypanosoma brucei	Blastx
SRR22534752	NODE_42839_length_667_cov_6.716088	31.0	667	375	0.568000	5.25e-21	acc|GENBANK|QFG74672.1|GENBANK|MN448289|helicase [Megaviridae environmental sample]	Megaviridae environmental sample	Blastx
SRR22534752	NODE_27187_length_335_cov_3.615894	44.8	335	642	0.194704	5.46e-21	acc|GENBANK|ARF10282.1|GENBANK|KY684103|dynamin family protein [Hokovirus HKV1]	Hokovirus HKV1	Blastx
SRR22534752	NODE_9259_length_595_cov_5.145907	44.7	595	1793	0.063581	5.47e-21	acc|GENBANK|CCQ71366.1|GENBANK|HF586479|hypothetical serine/threonine protein kinase [Cotesia congregata]	Cotesia congregata	Blastx
SRR22534752	NODE_2885_length_767_cov_2.520436	31.5	767	591	0.370558	6.08e-21	acc|REFSEQ|YP_009329403.1|REFSEQ|NC_032108|ABC transporter [Cedratvirus A11]	Cedratvirus A11	Blastx
SRR22534752	NODE_8308_length_1340_cov_24.126243	31.0	1340	558	0.353047	6.09e-21	acc|GENBANK|QDY52220.1|GENBANK|MK250089|ABC transporter [Mimiviridae sp. ChoanoV1]	Mimiviridae sp. ChoanoV1	Blastx
SRR22534752	NODE_32010_length_737_cov_3.657670	41.3	737	478	0.288703	6.09e-21	acc|GENBANK|AAK84479.1|GENBANK|AF275345|putative auxin growth promotor protein [Solanum lycopersicum]	Solanum lycopersicum	Blastx
SRR22534752	NODE_37156_length_733_cov_3.464286	34.4	733	278	0.564748	6.15e-21	acc|GENBANK|QBK91651.1|GENBANK|MK500560|putative serine/threonine protein kinase [Pithovirus LCPAC302]	Pithovirus LCPAC302	Blastx
SRR22534752	NODE_40579_length_437_cov_5.405941	38.0	437	523	0.261950	6.32e-21	acc|GENBANK|QBK87144.1|GENBANK|MK500344|uncharacterized protein [Marseillevirus LCMAC201]	Marseillevirus LCMAC201	Blastx
SRR22534752	NODE_2519_length_321_cov_3.243056	49.5	321	752	0.131649	6.53e-21	acc|GENBANK|AYV76414.1|GENBANK|MK071984|HrpA-like RNA helicase [Terrestrivirus sp.]	Terrestrivirus sp.	Blastx
SRR22534752	NODE_35317_length_398_cov_1.315068	42.3	398	382	0.253927	6.58e-21	acc|GENBANK|AAB31930.2|GENBANK|S74099|v-myb product [Avian myeloblastosis virus]	Avian myeloblastosis virus	Blastx
SRR22534752	NODE_14_length_1213_cov_5.838136	31.2	1213	236	0.911017	6.63e-21	acc|GENBANK|UKS51800.1|GENBANK|OK336705|laccase [Allium cepa]	Allium cepa	Blastx
SRR22534752	NODE_15363_length_355_cov_13.869565	47.4	355	105	0.723810	6.66e-21	acc|GENBANK|QIG60087.1|GENBANK|MN940580|putative thioredoxin [Dishui Lake large algae virus 1]	Dishui Lake large algae virus 1	Blastx
SRR22534752	NODE_40260_length_342_cov_6.847896	75.8	342	325	0.190769	6.80e-21	acc|GENBANK|ABY48134.1|GENBANK|EU306659|bHLH transcription factor [Medicago truncatula]	Medicago truncatula	Blastx
SRR22534752	NODE_40051_length_659_cov_6.760383	36.4	659	925	0.202162	6.93e-21	acc|GENBANK|ABY48139.1|GENBANK|EU306659|NORK [Medicago truncatula]	Medicago truncatula	Blastx
SRR22534752	NODE_44298_length_656_cov_4.743178	34.5	656	549	0.375228	7.24e-21	acc|GENBANK|WGU26819.1|GENBANK|OQ503488|BTB/POZ domain-containing protein [Triticum monococcum]	Triticum monococcum	Blastx
SRR22534752	NODE_34494_length_297_cov_3.238636	43.9	297	2037	0.048110	9.27e-21	acc|GENBANK|ABG37663.1|GENBANK|DQ536170|CCHC-type integrase [Populus trichocarpa]	Populus trichocarpa	Blastx
SRR22534752	NODE_17844_length_2499_cov_12.761963	48.8	2499	102	0.823529	9.35e-21	acc|GENBANK|CAD45443.1|GENBANK|AJ507397|coat protein [Iris mild mosaic virus]	Iris mild mosaic virus	Blastx
SRR22534752	NODE_8511_length_444_cov_26.204380	39.6	444	518	0.277992	9.46e-21	acc|GENBANK|QPI16131.1|GENBANK|MW030532|hypothetical protein [Virus NIOZ-UU157]	Virus NIOZ-UU157	Blastx
SRR22534752	NODE_11917_length_456_cov_18.699764	36.4	456	423	0.356974	9.53e-21	acc|GENBANK|AYV79645.1|GENBANK|MK072163|serine/threonine protein kinase [Faunusvirus sp.]	Faunusvirus sp.	Blastx
SRR22534752	NODE_10180_length_763_cov_7.293151	32.8	763	478	0.395397	1.04e-20	acc|GENBANK|QOR60177.1|GENBANK|MK522034|hypothetical protein [Bathycoccus sp. RCC716 virus 1]	Bathycoccus sp. RCC716 virus 1	Blastx
SRR22534752	NODE_40732_length_1127_cov_13.586837	25.2	1127	575	0.669565	1.08e-20	acc|GENBANK|CAE02704.1|GENBANK|AJ575660|putative sugar transporter [Yarrowia lipolytica]	Yarrowia lipolytica	Blastx
SRR22534752	NODE_1444_length_756_cov_14.962656	49.5	756	249	0.437751	1.17e-20	acc|GENBANK|QBK85671.1|GENBANK|MK500327|histone 2A-domain-containing protein [Marseillevirus LCMAC101]	Marseillevirus LCMAC101	Blastx
SRR22534752	NODE_26865_length_796_cov_4.163827	33.3	796	925	0.236757	1.29e-20	acc|GENBANK|ABY48139.1|GENBANK|EU306659|NORK [Medicago truncatula]	Medicago truncatula	Blastx
SRR22534752	NODE_4094_length_2023_cov_26.970854	22.5	2023	819	0.584860	1.36e-20	acc|GENBANK|QKF94107.1|GENBANK|MT418680|eukaryotic translation elongation factor 2 [Fadolivirus FV1/VV64]	Fadolivirus FV1/VV64	Blastx
SRR22534752	NODE_16218_length_683_cov_10.306154	43.7	683	178	0.668539	1.39e-20	acc|GENBANK|AYV76411.1|GENBANK|MK071984|putative vesicle transport protein SFT2B isoform [Terrestrivirus sp.]	Terrestrivirus sp.	Blastx
SRR22534752	NODE_41722_length_728_cov_6.716547	35.5	728	272	0.569853	1.42e-20	acc|REFSEQ|YP_009177065.1|REFSEQ|NC_028238|T10-like protein [Turkeypox virus]	Turkeypox virus	Blastx
SRR22534752	NODE_33741_length_493_cov_9.645652	41.5	493	388	0.304124	1.47e-20	acc|GENBANK|CCQ71327.1|GENBANK|HF586476|hypothetical protein kinase Pka-C1 [Cotesia congregata]	Cotesia congregata	Blastx
SRR22534752	NODE_3796_length_1357_cov_22.376133	31.4	1357	182	0.873626	1.50e-20	acc|REFSEQ|YP_009163818.1|REFSEQ|NC_027778|ORF_057R [Scale drop disease virus]	Scale drop disease virus	Blastx
SRR22534752	NODE_46425_length_857_cov_5.218447	31.0	857	363	0.630854	1.51e-20	acc|GENBANK|AGU70139.1|GENBANK|KF270090|protein kinase superfamily protein [Tarenaya hassleriana]	Tarenaya hassleriana	Blastx
SRR22534752	NODE_33618_length_659_cov_8.851438	34.1	659	439	0.414579	1.62e-20	acc|GENBANK|AAK92822.1|GENBANK|AY050885|putative replicase [Arabidopsis thaliana]	Arabidopsis thaliana	Blastx
SRR22534752	NODE_33675_length_295_cov_3.729008	50.0	295	2037	0.045164	1.66e-20	acc|GENBANK|ABG37663.1|GENBANK|DQ536170|CCHC-type integrase [Populus trichocarpa]	Populus trichocarpa	Blastx
SRR22534752	NODE_3360_length_1699_cov_5.960384	27.1	1699	4062	0.083456	1.69e-20	acc|GENBANK|QOR60750.1|GENBANK|MK522039|hypothetical protein [Bathycoccus sp. RCC716 virus 3]	Bathycoccus sp. RCC716 virus 3	Blastx
SRR22534752	NODE_6280_length_712_cov_4.693667	58.7	712	1577	0.047559	1.69e-20	acc|GENBANK|AAO73529.1|GENBANK|AY205612|gag-pol polyprotein [Glycine max]	Glycine max	Blastx
SRR22534752	NODE_36274_length_329_cov_1.952703	49.0	329	925	0.108108	1.82e-20	acc|GENBANK|ABY48139.1|GENBANK|EU306659|NORK [Medicago truncatula]	Medicago truncatula	Blastx
SRR22534752	NODE_22983_length_556_cov_4.235182	45.1	556	686	0.164723	2.03e-20	acc|GENBANK|WNO13952.1|GENBANK|OQ968299|coat protein [Guapo partitivirus]	Guapo partitivirus	Blastx
SRR22534752	NODE_9044_length_1548_cov_21.389439	36.4	1548	205	0.751220	2.14e-20	acc|REFSEQ|YP_010781131.1|REFSEQ|NC_075038|putative lipocalin [Tupanvirus deep ocean]	Tupanvirus deep ocean	Blastx
SRR22534752	NODE_43654_length_309_cov_8.329710	54.9	309	382	0.214660	2.26e-20	acc|GENBANK|QBK87279.1|GENBANK|MK500347|putative serine/threonine protein kinase [Marseillevirus LCMAC201]	Marseillevirus LCMAC201	Blastx
SRR22534752	NODE_406_length_1565_cov_17.652742	27.9	1565	376	0.973404	2.30e-20	acc|REFSEQ|YP_009174582.1|REFSEQ|NC_028110|putative ornithine decarboxylase 1 [Yellowstone lake phycodnavirus 2]	Yellowstone lake phycodnavirus 2	Blastx
SRR22534752	NODE_18494_length_759_cov_14.399449	29.4	759	352	0.676136	2.33e-20	acc|REFSEQ|YP_009173464.1|REFSEQ|NC_028094|transcription initiation factor TFIIIB [Chrysochromulina ericina virus]	Chrysochromulina ericina virus	Blastx
SRR22534752	NODE_18986_length_506_cov_37.921776	41.7	506	142	0.760563	2.35e-20	acc|GENBANK|AYV77645.1|GENBANK|MK072058|acetylornithine deacetylase [Dasosvirus sp.]	Dasosvirus sp.	Blastx
SRR22534752	NODE_24648_length_324_cov_1.549828	49.0	324	776	0.134021	2.36e-20	acc|GENBANK|ABY48135.1|GENBANK|EU306659|beta-D-xylosidase [Medicago truncatula]	Medicago truncatula	Blastx
SRR22534752	NODE_19044_length_698_cov_36.384962	37.3	698	105	0.971429	2.48e-20	acc|GENBANK|QPI16506.1|GENBANK|MW030569|thioredoxin domain-containing protein [Virus NIOZ-UU157]	Virus NIOZ-UU157	Blastx
SRR22534752	NODE_33717_length_313_cov_6.289286	48.4	313	543	0.167587	2.53e-20	acc|GENBANK|QBK87111.1|GENBANK|MK500344|ATP-sulfurylase [Marseillevirus LCMAC201]	Marseillevirus LCMAC201	Blastx
SRR22534752	NODE_19388_length_320_cov_29.682927	44.5	320	385	0.309091	2.59e-20	acc|GENBANK|UUT40455.1|GENBANK|ON887238|hypothetical protein [carnivorous sponge associated iridovirus]	carnivorous sponge associated iridovirus	Blastx
SRR22534752	NODE_371_length_785_cov_18.988032	28.9	785	407	0.577396	2.65e-20	acc|GENBANK|QBK87745.1|GENBANK|MK500369|D-isomer specific 2-hydroxyacid dehydrogenase, [Marseillevirus LCMAC202]	Marseillevirus LCMAC202	Blastx
SRR22534752	NODE_2940_length_459_cov_4.683099	41.8	459	261	0.467433	2.66e-20	acc|GENBANK|AYV79236.1|GENBANK|MK072137|serine/threonine protein phosphatase [Faunusvirus sp.]	Faunusvirus sp.	Blastx
SRR22534752	NODE_14841_length_980_cov_9.071806	69.9	980	325	0.224615	2.79e-20	acc|GENBANK|ABY48134.1|GENBANK|EU306659|bHLH transcription factor [Medicago truncatula]	Medicago truncatula	Blastx
SRR22534752	NODE_34062_length_364_cov_4.734139	41.5	364	727	0.162311	2.80e-20	acc|GENBANK|ADB85269.1|GENBANK|GQ252805|putative lectin-like protein kinase [Phyllostachys edulis]	Phyllostachys edulis	Blastx
SRR22534752	NODE_40157_length_485_cov_3.796460	37.8	485	269	0.550186	2.82e-20	acc|GENBANK|ARF08245.1|GENBANK|KY684083|alpha/beta hydrolase family protein [Catovirus CTV1]	Catovirus CTV1	Blastx
SRR22534752	NODE_14178_length_457_cov_19.735849	36.4	457	526	0.287072	2.83e-20	acc|GENBANK|QKF94253.1|GENBANK|MT418680|ABC transporter [Fadolivirus FV1/VV64]	Fadolivirus FV1/VV64	Blastx
SRR22534752	NODE_4739_length_676_cov_39.850700	30.1	676	182	0.895604	2.87e-20	acc|REFSEQ|YP_009163818.1|REFSEQ|NC_027778|ORF_057R [Scale drop disease virus]	Scale drop disease virus	Blastx
SRR22534752	NODE_12267_length_338_cov_41.249180	43.8	338	171	0.467836	2.99e-20	acc|REFSEQ|YP_009001589.1|REFSEQ|NC_023426|translation initiation factor elF-4e [Alphaentomopoxvirus acuprea]	Alphaentomopoxvirus acuprea	Blastx
SRR22534752	NODE_5391_length_768_cov_17.863946	29.7	768	211	0.990521	3.07e-20	acc|GENBANK|QBK86456.1|GENBANK|MK500334|DNA-directed RNA polymerase subunit 5 [Marseillevirus LCMAC102]	Marseillevirus LCMAC102	Blastx
SRR22534752	NODE_7329_length_1736_cov_11.052848	26.8	1736	504	0.805556	3.21e-20	acc|GENBANK|QDL57057.1|GENBANK|MK558262|GTA [Dione juno nucleopolyhedrovirus]	Dione juno nucleopolyhedrovirus	Blastx
SRR22534752	NODE_2097_length_455_cov_37.900474	54.9	455	239	0.343096	3.25e-20	acc|GENBANK|AAB92355.1|GENBANK|U89438|nonstructural protein P125-2 [Bovine viral diarrhea virus 1]	Bovine viral diarrhea virus 1	Blastx
SRR22534752	NODE_18176_length_1033_cov_20.294000	28.9	1033	646	0.417957	3.28e-20	acc|GENBANK|QKF94735.1|GENBANK|MT418680|long-chain fatty acid CoA synthetase [Fadolivirus FV1/VV64]	Fadolivirus FV1/VV64	Blastx
SRR22534752	NODE_16120_length_338_cov_21.114754	53.9	338	523	0.145315	3.31e-20	acc|GENBANK|QBK87144.1|GENBANK|MK500344|uncharacterized protein [Marseillevirus LCMAC201]	Marseillevirus LCMAC201	Blastx
SRR22534752	NODE_1927_length_315_cov_147.081560	40.2	315	276	0.369565	3.48e-20	acc|GENBANK|ACG38448.1|GENBANK|EU966330|retrotransposon protein Ty1-copia subclass [Zea mays]	Zea mays	Blastx
SRR22534752	NODE_41674_length_607_cov_7.172474	32.3	607	438	0.424658	3.58e-20	acc|GENBANK|ARF09281.1|GENBANK|KY684084|ubiquitin carboxyl-terminal hydrolase [Catovirus CTV1]	Catovirus CTV1	Blastx
SRR22534752	NODE_8980_length_1550_cov_27.466711	30.9	1550	289	0.771626	3.63e-20	acc|GENBANK|QBK88329.1|GENBANK|MK500386|ABC transporter [Marseillevirus LCMAC202]	Marseillevirus LCMAC202	Blastx
SRR22534752	NODE_16125_length_693_cov_1.406061	36.5	693	202	0.678218	3.79e-20	acc|GENBANK|CCQ71376.1|GENBANK|HF586479|hypothetical peptidase PPPDE-like [Cotesia congregata]	Cotesia congregata	Blastx
SRR22534752	NODE_31908_length_413_cov_5.542105	66.7	413	1161	0.056848	3.82e-20	acc|GENBANK|AAP06788.1|GENBANK|AY234827|phytochrome B1 apoprotein [Zea mays]	Zea mays	Blastx
SRR22534752	NODE_47386_length_204_cov_8.538012	69.7	204	520	0.126923	3.84e-20	acc|GENBANK|APO14197.1|GENBANK|KX098475|truncated DELLA protein [Setaria italica]	Setaria italica	Blastx
SRR22534752	NODE_44587_length_1554_cov_4.040105	35.5	1554	518	0.353282	4.31e-20	acc|GENBANK|QPI16131.1|GENBANK|MW030532|hypothetical protein [Virus NIOZ-UU157]	Virus NIOZ-UU157	Blastx
SRR22534752	NODE_917_length_672_cov_18.860720	48.6	672	249	0.429719	4.35e-20	acc|GENBANK|QBK85671.1|GENBANK|MK500327|histone 2A-domain-containing protein [Marseillevirus LCMAC101]	Marseillevirus LCMAC101	Blastx
SRR22534752	NODE_9039_length_1694_cov_11.868754	35.0	1694	478	0.412134	4.47e-20	acc|GENBANK|AAK84479.1|GENBANK|AF275345|putative auxin growth promotor protein [Solanum lycopersicum]	Solanum lycopersicum	Blastx
SRR22534752	NODE_40611_length_326_cov_10.013652	44.2	326	1837	0.056614	4.57e-20	acc|GENBANK|UMO80404.1|GENBANK|MZ420563|Serine/threonine protein kinase [Pandoravirus aubagnensis]	Pandoravirus aubagnensis	Blastx
SRR22534752	NODE_20975_length_516_cov_2.298137	39.1	516	258	0.496124	4.58e-20	acc|GENBANK|WMV02893.1|GENBANK|OP630990|alpha-tubulin [Diderma spumarioides]	Diderma spumarioides	Blastx
SRR22534752	NODE_38388_length_380_cov_3.031700	42.1	380	1040	0.121154	4.73e-20	acc|REFSEQ|YP_010780932.1|REFSEQ|NC_075038|putative ATP-citrate synthase isoform X3 [Tupanvirus deep ocean]	Tupanvirus deep ocean	Blastx
SRR22534752	NODE_46746_length_343_cov_18.838710	65.6	343	203	0.315271	4.75e-20	acc|GENBANK|AYV75892.1|GENBANK|MK071981|putative Ras-related protein Rab7 [Terrestrivirus sp.]	Terrestrivirus sp.	Blastx
SRR22534752	NODE_18604_length_584_cov_4.827586	38.3	584	703	0.237553	4.98e-20	acc|GENBANK|ARF09664.1|GENBANK|KY684086|HrpA-like RNA helicase [Indivirus ILV1]	Indivirus ILV1	Blastx
SRR22534752	NODE_19400_length_334_cov_13.039867	44.3	334	925	0.114595	4.98e-20	acc|GENBANK|ABY48139.1|GENBANK|EU306659|NORK [Medicago truncatula]	Medicago truncatula	Blastx
SRR22534752	NODE_9305_length_643_cov_11.140984	66.7	643	85	0.670588	5.06e-20	acc|GENBANK|ATB55091.1|NEIGHBOR|KY569018|CPXV051 protein [Cowpox virus]	Cowpox virus	Blastx
SRR22534752	NODE_36369_length_409_cov_2.077128	49.3	409	93	0.784946	5.09e-20	acc|GENBANK|AYV80661.1|GENBANK|MK072246|putative Cytochrome b5 [Harvfovirus sp.]	Harvfovirus sp.	Blastx
SRR22534752	NODE_34703_length_361_cov_2.259146	45.5	361	2037	0.048601	5.33e-20	acc|GENBANK|ABG37663.1|GENBANK|DQ536170|CCHC-type integrase [Populus trichocarpa]	Populus trichocarpa	Blastx
SRR22534752	NODE_24776_length_221_cov_0.962766	100	221	219	0.182648	5.44e-20	acc|GENBANK|AUI39623.1|NEIGHBOR|MF468140|chloramphenicol acetyltransferase [macacine betaherpesvirus 3]	macacine betaherpesvirus 3	Blastx
SRR22534752	NODE_26473_length_420_cov_5.785530	49.1	420	925	0.116757	5.69e-20	acc|GENBANK|ABY48139.1|GENBANK|EU306659|NORK [Medicago truncatula]	Medicago truncatula	Blastx
SRR22534752	NODE_13906_length_675_cov_11.264798	37.8	675	576	0.270833	5.91e-20	acc|GENBANK|QIG59631.1|GENBANK|MN940577|hypothetical protein [Dishui Lake phycodnavirus 2]	Dishui Lake phycodnavirus 2	Blastx
SRR22534752	NODE_15947_length_333_cov_19.613333	46.9	333	299	0.327759	6.17e-20	acc|GENBANK|QIG59714.1|GENBANK|MN940578|putative spermidine [Dishui Lake phycodnavirus 3]	Dishui Lake phycodnavirus 3	Blastx
SRR22534752	NODE_4972_length_441_cov_7.561275	37.9	441	283	0.494700	6.21e-20	acc|GENBANK|BCU03363.1|GENBANK|LC625835|SPFH domain containing protein [Pandoravirus japonicus]	Pandoravirus japonicus	Blastx
SRR22534752	NODE_44817_length_1305_cov_5.724843	27.6	1305	402	1.019900	6.94e-20	acc|GENBANK|QYA18859.1|GENBANK|MZ420154|phospholipase [Clandestinovirus]	Clandestinovirus	Blastx
SRR22534752	NODE_39976_length_458_cov_5.484706	55.1	458	337	0.231454	7.97e-20	acc|GENBANK|ABH08433.1|GENBANK|DQ851167|putative heat shock factor [Beta vulgaris]	Beta vulgaris	Blastx
SRR22534752	NODE_34521_length_551_cov_1.886100	34.1	551	550	0.309091	7.99e-20	acc|GENBANK|ARF11923.1|GENBANK|KY684110|DEAD/SNF2-like helicase [Klosneuvirus KNV1]	Klosneuvirus KNV1	Blastx
SRR22534752	NODE_9409_length_1538_cov_12.358140	30.3	1538	443	0.453725	8.01e-20	acc|GENBANK|BFL61480.1|GENBANK|LC813553|putative ubiquitin carboxyl-terminal hydrolase [Moumouvirus lavasanguinem]	Moumouvirus lavasanguinem	Blastx
SRR22534752	NODE_18464_length_950_cov_9.948746	31.4	950	1156	0.190311	8.03e-20	acc|REFSEQ|YP_294192.1|REFSEQ|NC_007346|putative DNA-directed RNA polymerase II subunit [Emiliania huxleyi virus 86]	Emiliania huxleyi virus 86	Blastx
SRR22534752	NODE_20107_length_300_cov_22.168539	59.0	300	221	0.352941	8.19e-20	acc|GENBANK|WWU03978.1|GENBANK|OR798672|polyprotein [Flaviviridae sp.]	Flaviviridae sp.	Blastx
SRR22534752	NODE_8303_length_749_cov_3.484637	47.3	749	357	0.366947	8.21e-20	acc|GENBANK|ABB29305.1|GENBANK|DQ219419|NADPH-dependent reductase [Zea mays]	Zea mays	Blastx
SRR22534752	NODE_25553_length_602_cov_6.595782	37.8	602	268	0.720149	8.86e-20	acc|GENBANK|QFG74698.1|GENBANK|MN448290|protein phosphatase 2C [Megaviridae environmental sample]	Megaviridae environmental sample	Blastx
SRR22534752	NODE_28078_length_520_cov_7.340862	41.1	520	925	0.121081	9.33e-20	acc|GENBANK|ABY48139.1|GENBANK|EU306659|NORK [Medicago truncatula]	Medicago truncatula	Blastx
SRR22534752	NODE_36023_length_648_cov_5.092683	34.2	648	1196	0.161371	1.05e-19	acc|GENBANK|USI00836.1|GENBANK|ON753205|retrotransposon protein [Oryza sativa Japonica Group]	Oryza sativa Japonica Group	Blastx
SRR22534752	NODE_38360_length_427_cov_5.335025	40.0	427	660	0.219697	1.09e-19	acc|REFSEQ|YP_001425742.1|REFSEQ|NC_008603|hypothetical protein [Paramecium bursaria Chlorella virus FR483]	Paramecium bursaria Chlorella virus FR483	Blastx
SRR22534752	NODE_11673_length_480_cov_18.060403	35.3	480	767	0.199478	1.10e-19	acc|GENBANK|QBK88429.1|GENBANK|MK500389|S9 family peptidase [Mimivirus LCMiAC01]	Mimivirus LCMiAC01	Blastx
SRR22534752	NODE_28572_length_441_cov_2.985294	33.6	441	162	0.901235	1.13e-19	acc|GENBANK|AXN91156.1|GENBANK|MG745875|putative BTB domain containing protein [Namao virus]	Namao virus	Blastx
SRR22534752	NODE_44424_length_833_cov_8.480000	38.8	833	113	1.141593	1.16e-19	acc|GENBANK|QDH76139.1|GENBANK|MK948414|putative gag protein [Porcine endogenous retrovirus]	Porcine endogenous retrovirus	Blastx
SRR22534752	NODE_42053_length_873_cov_5.315476	36.0	873	395	0.407595	1.19e-19	acc|GENBANK|AYV79137.1|GENBANK|MK072134|serine/threonine protein kinase [Faunusvirus sp.]	Faunusvirus sp.	Blastx
SRR22534752	NODE_18699_length_995_cov_8.486486	38.0	995	238	0.718487	1.21e-19	acc|GENBANK|AYV77971.1|GENBANK|MK072068|hypothetical protein [Edafosvirus sp.]	Edafosvirus sp.	Blastx
SRR22534752	NODE_13680_length_494_cov_17.616052	33.3	494	340	0.450000	1.21e-19	acc|GENBANK|QBK88296.1|GENBANK|MK500384|DNA polymerase family X [Marseillevirus LCMAC202]	Marseillevirus LCMAC202	Blastx
SRR22534752	NODE_14523_length_664_cov_5.567353	36.0	664	221	0.628959	1.23e-19	acc|GENBANK|AYV86745.1|GENBANK|MK072514|hypothetical protein [Sylvanvirus sp.]	Sylvanvirus sp.	Blastx
SRR22534752	NODE_35811_length_383_cov_4.254286	56.9	383	1946	0.036999	1.29e-19	acc|GENBANK|ADB85424.1|GENBANK|GQ252887|putative retrotransposon protein [Phyllostachys edulis]	Phyllostachys edulis	Blastx
SRR22534752	NODE_50750_length_682_cov_18.070878	31.1	682	309	0.582524	1.30e-19	acc|GENBANK|AYV80835.1|GENBANK|MK072249|SDR family NAD(P)-dependent oxidoreductase [Harvfovirus sp.]	Harvfovirus sp.	Blastx
SRR22534752	NODE_34753_length_393_cov_1.605556	48.5	393	623	0.165329	1.36e-19	acc|GENBANK|BAL14837.1|GENBANK|AB682995|endo-1,4-b-D-glucanase [Oryza sativa Japonica Group]	Oryza sativa Japonica Group	Blastx
SRR22534752	NODE_6307_length_290_cov_8.984436	56.3	290	203	0.349754	1.36e-19	acc|GENBANK|AYV75892.1|GENBANK|MK071981|putative Ras-related protein Rab7 [Terrestrivirus sp.]	Terrestrivirus sp.	Blastx
SRR22534752	NODE_14886_length_555_cov_6.346743	34.8	555	1793	0.086447	1.46e-19	acc|GENBANK|CCQ71366.1|GENBANK|HF586479|hypothetical serine/threonine protein kinase [Cotesia congregata]	Cotesia congregata	Blastx
SRR22534752	NODE_26856_length_446_cov_5.726392	40.6	446	2037	0.065292	1.48e-19	acc|GENBANK|ABG37663.1|GENBANK|DQ536170|CCHC-type integrase [Populus trichocarpa]	Populus trichocarpa	Blastx
SRR22534752	NODE_12790_length_868_cov_5.856287	46.6	868	334	0.308383	1.49e-19	acc|GENBANK|QBK91883.1|GENBANK|MK500566|GDP-mannose 4,6 dehydratase [Pithovirus LCPAC304]	Pithovirus LCPAC304	Blastx
SRR22534752	NODE_37997_length_420_cov_3.304910	39.4	420	2037	0.069710	1.52e-19	acc|GENBANK|ABG37663.1|GENBANK|DQ536170|CCHC-type integrase [Populus trichocarpa]	Populus trichocarpa	Blastx
SRR22534752	NODE_43615_length_480_cov_8.651007	33.9	480	925	0.178378	1.54e-19	acc|GENBANK|ABY48139.1|GENBANK|EU306659|NORK [Medicago truncatula]	Medicago truncatula	Blastx
SRR22534752	NODE_36015_length_253_cov_1.304545	54.2	253	1472	0.056386	1.54e-19	acc|GENBANK|AAL68641.1|GENBANK|AF458765|polyprotein [Oryza sativa Japonica Group]	Oryza sativa Japonica Group	Blastx
SRR22534752	NODE_3297_length_356_cov_45.034056	40.2	356	276	0.369565	1.54e-19	acc|GENBANK|ACG38448.1|GENBANK|EU966330|retrotransposon protein Ty1-copia subclass [Zea mays]	Zea mays	Blastx
SRR22534752	NODE_6283_length_640_cov_26.382208	45.2	640	384	0.242188	1.58e-19	acc|REFSEQ|YP_003970003.1|REFSEQ|NC_014637|putative superfamily II helicase/eIF-4AIII [Cafeteria roenbergensis virus BV-PW1]	Cafeteria roenbergensis virus BV-PW1	Blastx
SRR22534752	NODE_8666_length_303_cov_2.314815	40.2	303	767	0.126467	1.59e-19	acc|GENBANK|QBK88429.1|GENBANK|MK500389|S9 family peptidase [Mimivirus LCMiAC01]	Mimivirus LCMiAC01	Blastx
SRR22534752	NODE_9427_length_1501_cov_14.577657	63.9	1501	430	0.167442	1.60e-19	acc|REFSEQ|YP_654431.1|REFSEQ|NC_008168|hypothetical protein [Choristoneura fumiferana granulovirus]	Choristoneura fumiferana granulovirus	Blastx
SRR22534752	NODE_44731_length_533_cov_8.368000	57.9	533	398	0.190955	1.67e-19	acc|GENBANK|AAV50532.1|NEIGHBOR|AY653733|Dnaj-like protein [Acanthamoeba polyphaga mimivirus]	Acanthamoeba polyphaga mimivirus	Blastx
SRR22534752	NODE_29508_length_379_cov_2.442197	35.9	379	411	0.284672	1.73e-19	acc|GENBANK|QFG74726.1|GENBANK|MN448290|glutamate/leucine/phenylalanine/valine [Megaviridae environmental sample]	Megaviridae environmental sample	Blastx
SRR22534752	NODE_46292_length_631_cov_7.178930	33.0	631	236	0.783898	1.75e-19	acc|GENBANK|UKS51800.1|GENBANK|OK336705|laccase [Allium cepa]	Allium cepa	Blastx
SRR22534752	NODE_12754_length_677_cov_42.515528	33.3	677	1040	0.187500	1.79e-19	acc|REFSEQ|YP_010780932.1|REFSEQ|NC_075038|putative ATP-citrate synthase isoform X3 [Tupanvirus deep ocean]	Tupanvirus deep ocean	Blastx
SRR22534752	NODE_27864_length_541_cov_5.903543	30.1	541	249	0.706827	1.90e-19	acc|GENBANK|ACD54816.1|GENBANK|EU643495|carbonyl reductase-like protein [Adineta vaga]	Adineta vaga	Blastx
SRR22534752	NODE_33519_length_495_cov_2.928571	80.4	495	388	0.144330	2.03e-19	acc|GENBANK|AAU93529.1|GENBANK|AY691949|alcohol dehydrogenase 1 [Zea mays]	Zea mays	Blastx
SRR22534752	NODE_21049_length_820_cov_2.928844	37.1	820	630	0.269841	2.08e-19	acc|REFSEQ|YP_009001225.1|REFSEQ|NC_023423|ABC transporter [Pithovirus sibericum]	Pithovirus sibericum	Blastx
SRR22534752	NODE_14946_length_437_cov_49.123762	38.1	437	150	0.753333	2.21e-19	acc|GENBANK|AYV82350.1|GENBANK|MK072366|hypothetical protein [Homavirus sp.]	Homavirus sp.	Blastx
SRR22534752	NODE_3373_length_1350_cov_19.528474	33.3	1350	278	0.571942	2.24e-19	acc|GENBANK|QBK91651.1|GENBANK|MK500560|putative serine/threonine protein kinase [Pithovirus LCPAC302]	Pithovirus LCPAC302	Blastx
SRR22534752	NODE_13057_length_437_cov_3.282178	42.5	437	759	0.148880	2.29e-19	acc|GENBANK|ACN78962.1|GENBANK|FJ225394|methyltransferase [Glycine max]	Glycine max	Blastx
SRR22534752	NODE_1918_length_411_cov_111.719577	40.0	411	697	0.186514	2.34e-19	acc|REFSEQ|YP_010781946.1|REFSEQ|NC_075039|catalase [Tupanvirus soda lake]	Tupanvirus soda lake	Blastx
SRR22534752	NODE_11720_length_496_cov_20.894168	50.0	496	249	0.457831	2.37e-19	acc|GENBANK|QKY77335.1|GENBANK|MT637187|MADS-box transcription factor SHP1.A9 [Brassica napus]	Brassica napus	Blastx
SRR22534752	NODE_37322_length_1012_cov_8.685393	24.5	1012	268	0.805970	2.38e-19	acc|GENBANK|QBK91399.1|GENBANK|MK500535|mitochondrial carrier-like protein [Pithovirus LCPAC302]	Pithovirus LCPAC302	Blastx
SRR22534752	NODE_43627_length_679_cov_4.955108	34.3	679	870	0.208046	2.42e-19	acc|GENBANK|WZO87717.1|GENBANK|PP681895|ATPase [Chlorovirus sp.]	Chlorovirus sp.	Blastx
SRR22534752	NODE_1676_length_289_cov_3.445312	48.9	289	925	0.097297	2.46e-19	acc|GENBANK|ABY48139.1|GENBANK|EU306659|NORK [Medicago truncatula]	Medicago truncatula	Blastx
SRR22534752	NODE_36283_length_206_cov_2.988439	59.1	206	365	0.180822	2.49e-19	acc|GENBANK|BDT62135.1|GENBANK|LC738872|heat shock protein 40-like protein [Litopenaeus vannamei majanivirus Nimav-1_LVa]	Litopenaeus vannamei majanivirus Nimav-1_LVa	Blastx
SRR22534752	NODE_37976_length_432_cov_10.208020	39.3	432	293	0.399317	2.50e-19	acc|GENBANK|QFG75012.1|GENBANK|MN448296|protein kinase domain protein [Megaviridae environmental sample]	Megaviridae environmental sample	Blastx
SRR22534752	NODE_24525_length_315_cov_3.503546	52.6	315	925	0.102703	2.56e-19	acc|GENBANK|ABY48139.1|GENBANK|EU306659|NORK [Medicago truncatula]	Medicago truncatula	Blastx
SRR22534752	NODE_5035_length_338_cov_3.377049	39.7	338	162	0.777778	2.71e-19	acc|GENBANK|AXN91156.1|GENBANK|MG745875|putative BTB domain containing protein [Namao virus]	Namao virus	Blastx
SRR22534752	NODE_6396_length_973_cov_11.932979	26.7	973	387	0.803618	2.83e-19	acc|GENBANK|AYV84290.1|GENBANK|MK072403|hypothetical protein [Hyperionvirus sp.]	Hyperionvirus sp.	Blastx
SRR22534752	NODE_36869_length_336_cov_1.808581	43.3	336	388	0.250000	3.24e-19	acc|GENBANK|CCQ71327.1|GENBANK|HF586476|hypothetical protein kinase Pka-C1 [Cotesia congregata]	Cotesia congregata	Blastx
SRR22534752	NODE_14614_length_614_cov_2.941480	30.5	614	870	0.226437	3.25e-19	acc|GENBANK|WZO80172.1|GENBANK|PP681875|plasma membrane calcium-transporting ATPase [Chlorovirus sp.]	Chlorovirus sp.	Blastx
SRR22534752	NODE_39135_length_264_cov_1.437229	64.3	264	678	0.123894	3.28e-19	acc|GENBANK|CCQ71325.1|GENBANK|HF586476|hypothetical kinesin-like protein KIF3 [Cotesia congregata]	Cotesia congregata	Blastx
SRR22534752	NODE_14231_length_311_cov_1.906475	82.7	311	1472	0.035326	3.30e-19	acc|GENBANK|AAL68641.1|GENBANK|AF458765|polyprotein [Oryza sativa Japonica Group]	Oryza sativa Japonica Group	Blastx
SRR22534752	NODE_27248_length_406_cov_10.394102	63.2	406	489	0.139059	3.37e-19	acc|GENBANK|AAK84471.1|GENBANK|AF275345|putative permease [Solanum lycopersicum]	Solanum lycopersicum	Blastx
SRR22534752	NODE_37255_length_226_cov_3.906736	55.6	226	741	0.085020	3.62e-19	acc|GENBANK|WOA03171.1|GENBANK|OR637870|truncated WD40 protein PH13-H3 [Glycine max]	Glycine max	Blastx
SRR22534752	NODE_25066_length_911_cov_7.226651	38.8	911	221	0.547511	3.75e-19	acc|GENBANK|AYV86745.1|GENBANK|MK072514|hypothetical protein [Sylvanvirus sp.]	Sylvanvirus sp.	Blastx
SRR22534752	NODE_26223_length_266_cov_4.137339	50.0	266	299	0.294314	3.76e-19	acc|GENBANK|XDO01906.1|GENBANK|PP542043|hypothetical protein [Florenciella sp. virus SA2]	Florenciella sp. virus SA2	Blastx
SRR22534752	NODE_42935_length_875_cov_5.157957	47.8	875	249	0.461847	3.80e-19	acc|GENBANK|QBK85671.1|GENBANK|MK500327|histone 2A-domain-containing protein [Marseillevirus LCMAC101]	Marseillevirus LCMAC101	Blastx
SRR22534752	NODE_48571_length_222_cov_2.476190	56.8	222	212	0.349057	3.85e-19	acc|GENBANK|AYV82031.1|GENBANK|MK072334|Ras-like protein Rab-11A [Homavirus sp.]	Homavirus sp.	Blastx
SRR22534752	NODE_44724_length_778_cov_9.166443	30.2	778	268	0.753731	3.86e-19	acc|GENBANK|QBK91399.1|GENBANK|MK500535|mitochondrial carrier-like protein [Pithovirus LCPAC302]	Pithovirus LCPAC302	Blastx
SRR22534752	NODE_39717_length_224_cov_7.350785	51.4	224	180	0.400000	3.87e-19	acc|GENBANK|AYV82032.1|GENBANK|MK072334|hypothetical protein [Homavirus sp.]	Homavirus sp.	Blastx
SRR22534752	NODE_5034_length_1394_cov_21.041881	51.2	1394	1715	0.071720	3.90e-19	acc|GENBANK|WDS48439.1|GENBANK|ON798805|essential for potexvirus accumulation 1 [Solanum tuberosum]	Solanum tuberosum	Blastx
SRR22534752	NODE_21874_length_231_cov_1.737374	51.3	231	1475	0.051525	4.00e-19	acc|GENBANK|ADP20179.1|GENBANK|GU136550|gag-pol polyprotein [Silene latifolia]	Silene latifolia	Blastx
SRR22534752	NODE_16903_length_264_cov_3.722944	51.7	264	497	0.175050	4.01e-19	acc|GENBANK|AYV83822.1|GENBANK|MK072394|cytochrome P450 704B1 [Hyperionvirus sp.]	Hyperionvirus sp.	Blastx
SRR22534752	NODE_7282_length_1070_cov_9.424301	36.0	1070	974	0.154004	4.02e-19	acc|GENBANK|AYV86980.1|GENBANK|MK072522|hypothetical protein [Sylvanvirus sp.]	Sylvanvirus sp.	Blastx
SRR22534752	NODE_1853_length_2606_cov_38.969297	24.9	2606	407	0.968059	4.18e-19	acc|GENBANK|AAM22634.1|GENBANK|AF434192|YZ1 [Zea mays]	Zea mays	Blastx
SRR22534752	NODE_16108_length_438_cov_36.170370	48.2	438	190	0.436842	4.21e-19	acc|REFSEQ|YP_010782037.1|REFSEQ|NC_075039|hypothetical protein [Tupanvirus soda lake]	Tupanvirus soda lake	Blastx
SRR22534752	NODE_5282_length_1273_cov_10.505645	33.7	1273	609	0.282430	4.49e-19	acc|GENBANK|AYV82371.1|GENBANK|MK072369|exosome complex exonuclease RRP44-like [Homavirus sp.]	Homavirus sp.	Blastx
SRR22534752	NODE_6236_length_802_cov_36.560468	30.3	802	334	0.781437	4.70e-19	acc|GENBANK|UYL95660.1|GENBANK|ON746550|hypothetical protein [Hulunbuir Totiv tick virus 2]	Hulunbuir Totiv tick virus 2	Blastx
SRR22534752	NODE_40050_length_394_cov_9.562327	34.1	394	394	0.327411	4.82e-19	acc|GENBANK|ARF11626.1|GENBANK|KY684109|translation initiation factor 4A-III [Klosneuvirus KNV1]	Klosneuvirus KNV1	Blastx
SRR22534752	NODE_26933_length_318_cov_3.108772	41.0	318	660	0.159091	4.83e-19	acc|REFSEQ|YP_001425742.1|REFSEQ|NC_008603|hypothetical protein [Paramecium bursaria Chlorella virus FR483]	Paramecium bursaria Chlorella virus FR483	Blastx
SRR22534752	NODE_9124_length_980_cov_11.257656	32.4	980	737	0.234735	5.06e-19	acc|GENBANK|CCQ71381.1|GENBANK|HF586479|hypothetical cystein protease Calpain-B [Cotesia congregata]	Cotesia congregata	Blastx
SRR22534752	NODE_2807_length_1449_cov_8.418785	31.5	1449	333	0.504505	5.17e-19	acc|GENBANK|AUF82474.1|GENBANK|KY322437|serine/threonine-protein kinase [Tetraselmis virus 1]	Tetraselmis virus 1	Blastx
SRR22534752	NODE_4753_length_1366_cov_71.480120	25.3	1366	539	0.836735	5.18e-19	acc|GENBANK|QDY52400.1|GENBANK|MK250091|aldehyde dehydrogenase family protein [Mimiviridae sp. ChoanoV1]	Mimiviridae sp. ChoanoV1	Blastx
SRR22534752	NODE_24204_length_251_cov_1.004587	54.9	251	383	0.185379	5.25e-19	acc|GENBANK|ABM05483.1|GENBANK|EF174402|LTR retrotransposon-like protein [Rhodiola fastigiata]	Rhodiola fastigiata	Blastx
SRR22534752	NODE_15574_length_247_cov_15.504673	82.0	247	212	0.235849	5.30e-19	acc|GENBANK|AYV82031.1|GENBANK|MK072334|Ras-like protein Rab-11A [Homavirus sp.]	Homavirus sp.	Blastx
SRR22534752	NODE_43330_length_1125_cov_5.561355	28.9	1125	375	0.608000	5.51e-19	acc|GENBANK|QFG74672.1|GENBANK|MN448289|helicase [Megaviridae environmental sample]	Megaviridae environmental sample	Blastx
SRR22534752	NODE_1831_length_356_cov_28.501548	62.0	356	359	0.197772	6.06e-19	acc|GENBANK|WZO81958.1|GENBANK|PP681879|agmatine deiminase [Chlorovirus sp.]	Chlorovirus sp.	Blastx
SRR22534752	NODE_46559_length_297_cov_9.178030	44.9	297	531	0.167608	6.48e-19	acc|GENBANK|UMZ08283.1|GENBANK|OL770070|protein kinase family protein [Acanthamoeba polyphaga mimivirus]	Acanthamoeba polyphaga mimivirus	Blastx
SRR22534752	NODE_5185_length_685_cov_10.119632	35.4	685	510	0.221569	6.59e-19	acc|GENBANK|AHA54129.1|GENBANK|KF481685|putative serine palmitoyltransferase [Emiliania huxleyi virus 18]	Emiliania huxleyi virus 18	Blastx
SRR22534752	NODE_46031_length_485_cov_23.548673	35.3	485	279	0.498208	6.81e-19	acc|GENBANK|ARF12509.1|GENBANK|KY684113|stomatin family protein [Klosneuvirus KNV1]	Klosneuvirus KNV1	Blastx
SRR22534752	NODE_2852_length_1039_cov_16.968191	36.4	1039	382	0.316754	7.24e-19	acc|GENBANK|AAB31930.2|GENBANK|S74099|v-myb product [Avian myeloblastosis virus]	Avian myeloblastosis virus	Blastx
SRR22534752	NODE_40148_length_499_cov_5.787554	39.2	499	105	0.971429	7.30e-19	acc|GENBANK|QIG60087.1|GENBANK|MN940580|putative thioredoxin [Dishui Lake large algae virus 1]	Dishui Lake large algae virus 1	Blastx
SRR22534752	NODE_38057_length_285_cov_2.944444	72.1	285	242	0.252066	7.81e-19	acc|GENBANK|AGU70135.1|GENBANK|KF270089|integrase-type DNA-binding superfamily protein [Tarenaya hassleriana]	Tarenaya hassleriana	Blastx
SRR22534752	NODE_20261_length_546_cov_8.257310	35.4	546	250	0.588000	7.85e-19	acc|GENBANK|QKF94408.1|GENBANK|MT418680|3-deoxy-D-manno-octulosonate [Fadolivirus FV1/VV64]	Fadolivirus FV1/VV64	Blastx
SRR22534752	NODE_37259_length_425_cov_8.321429	57.8	425	421	0.197150	8.09e-19	acc|GENBANK|AGP03657.1|GENBANK|KF220834|integrase-type DNA-binding superfamily protein [Glycine max]	Glycine max	Blastx
SRR22534752	NODE_36947_length_556_cov_12.049713	37.5	556	925	0.138378	8.66e-19	acc|GENBANK|ABY48139.1|GENBANK|EU306659|NORK [Medicago truncatula]	Medicago truncatula	Blastx
SRR22534752	NODE_20242_length_467_cov_11.025346	52.9	467	310	0.219355	8.81e-19	acc|GENBANK|QBK88363.1|GENBANK|MK500388|NAD dependent epimerase/dehydratase [Mimivirus LCMiAC01]	Mimivirus LCMiAC01	Blastx
SRR22534752	NODE_2654_length_389_cov_58.811798	42.4	389	464	0.254310	8.95e-19	acc|REFSEQ|YP_008438720.1|REFSEQ|NC_022098|Formate/glycerate dehydrogenase [Pandoravirus salinus]	Pandoravirus salinus	Blastx
SRR22534752	NODE_35012_length_228_cov_2.533333	63.2	228	678	0.112094	9.58e-19	acc|GENBANK|CCQ71325.1|GENBANK|HF586476|hypothetical kinesin-like protein KIF3 [Cotesia congregata]	Cotesia congregata	Blastx
SRR22534752	NODE_8021_length_721_cov_19.497093	44.3	721	1946	0.054471	9.93e-19	acc|GENBANK|ADB85424.1|GENBANK|GQ252887|putative retrotransposon protein [Phyllostachys edulis]	Phyllostachys edulis	Blastx
SRR22534752	NODE_12319_length_557_cov_25.393130	44.2	557	148	0.641892	9.94e-19	acc|GENBANK|AYV85459.1|GENBANK|MK072453|thioredoxin-like protein [Satyrvirus sp.]	Satyrvirus sp.	Blastx
SRR22534752	NODE_44785_length_280_cov_10.064777	46.8	280	925	0.101622	1.03e-18	acc|GENBANK|ABY48139.1|GENBANK|EU306659|NORK [Medicago truncatula]	Medicago truncatula	Blastx
SRR22534752	NODE_9232_length_708_cov_14.912593	52.9	708	430	0.197674	1.06e-18	acc|REFSEQ|YP_654431.1|REFSEQ|NC_008168|hypothetical protein [Choristoneura fumiferana granulovirus]	Choristoneura fumiferana granulovirus	Blastx
SRR22534752	NODE_16046_length_608_cov_24.667826	36.0	608	491	0.327902	1.07e-18	acc|GENBANK|QIG59637.1|GENBANK|MN940577|hypothetical protein [Dishui Lake phycodnavirus 2]	Dishui Lake phycodnavirus 2	Blastx
SRR22534752	NODE_26512_length_237_cov_1.941176	51.3	237	371	0.210243	1.09e-18	acc|GENBANK|WNO13897.1|GENBANK|OQ968270|capsid protein [Berere partitivirus]	Berere partitivirus	Blastx
SRR22534752	NODE_36079_length_401_cov_1.051630	42.6	401	505	0.241584	1.15e-18	acc|REFSEQ|YP_010780322.1|REFSEQ|NC_075038|hypothetical protein [Tupanvirus deep ocean]	Tupanvirus deep ocean	Blastx
SRR22534752	NODE_49833_length_264_cov_2.619048	44.4	264	1332	0.087838	1.17e-18	acc|GENBANK|ABG37671.1|GENBANK|DQ536178|integrase [Populus trichocarpa]	Populus trichocarpa	Blastx
SRR22534752	NODE_48978_length_238_cov_1.039024	53.3	238	263	0.285171	1.17e-18	acc|GENBANK|AUF82462.1|GENBANK|KY322437|putative glycosyltransferase [Tetraselmis virus 1]	Tetraselmis virus 1	Blastx
SRR22534752	NODE_14225_length_330_cov_14.141414	35.8	330	467	0.226981	1.18e-18	acc|GENBANK|API81738.1|NEIGHBOR|KU052222|hypothetical protein [Cafeteriavirus-dependent mavirus]	Cafeteriavirus-dependent mavirus	Blastx
SRR22534752	NODE_31558_length_222_cov_9.185185	56.8	222	686	0.107872	1.21e-18	acc|GENBANK|WNO13952.1|GENBANK|OQ968299|coat protein [Guapo partitivirus]	Guapo partitivirus	Blastx
SRR22534752	NODE_4766_length_616_cov_22.540309	53.8	616	507	0.153846	1.22e-18	acc|GENBANK|ARF09167.1|GENBANK|KY684084|translation initiation factor 4A-III [Catovirus CTV1]	Catovirus CTV1	Blastx
SRR22534752	NODE_27532_length_222_cov_1.613757	53.7	222	908	0.073789	1.22e-18	acc|GENBANK|AYV81977.1|GENBANK|MK072332|leucyl-tRNA synthetase [Homavirus sp.]	Homavirus sp.	Blastx
SRR22534752	NODE_18023_length_354_cov_6.595016	55.3	354	335	0.253731	1.28e-18	acc|GENBANK|ABY48132.1|GENBANK|EU306659|GH1 protein [Medicago truncatula]	Medicago truncatula	Blastx
SRR22534752	NODE_31400_length_395_cov_1.303867	46.5	395	2037	0.049583	1.31e-18	acc|GENBANK|ABG37663.1|GENBANK|DQ536170|CCHC-type integrase [Populus trichocarpa]	Populus trichocarpa	Blastx
SRR22534752	NODE_9221_length_268_cov_24.817021	48.4	268	179	0.508380	1.36e-18	acc|GENBANK|AYV77848.1|GENBANK|MK072067|peptide-methionine (S)-S-oxide reductase [Edafosvirus sp.]	Edafosvirus sp.	Blastx
SRR22534752	NODE_33500_length_986_cov_3.088143	33.8	986	549	0.291439	1.39e-18	acc|GENBANK|WGU26819.1|GENBANK|OQ503488|BTB/POZ domain-containing protein [Triticum monococcum]	Triticum monococcum	Blastx
SRR22534752	NODE_18844_length_714_cov_32.747430	34.3	714	697	0.192253	1.44e-18	acc|GENBANK|QKF94813.1|GENBANK|MT418680|copper amine oxidase [Fadolivirus FV1/VV64]	Fadolivirus FV1/VV64	Blastx
SRR22534752	NODE_39666_length_283_cov_3.004000	55.2	283	727	0.119670	1.45e-18	acc|GENBANK|ABY48138.1|GENBANK|EU306659|ABC transporter [Medicago truncatula]	Medicago truncatula	Blastx
SRR22534752	NODE_14854_length_1053_cov_9.272549	24.2	1053	268	1.063433	1.47e-18	acc|GENBANK|QBK91399.1|GENBANK|MK500535|mitochondrial carrier-like protein [Pithovirus LCPAC302]	Pithovirus LCPAC302	Blastx
SRR22534752	NODE_14270_length_534_cov_12.115768	33.3	534	447	0.355705	1.59e-18	acc|REFSEQ|NP_077596.1|REFSEQ|NC_002687|serine-threonine kinase [Ectocarpus siliculosus virus 1]	Ectocarpus siliculosus virus 1	Blastx
SRR22534752	NODE_34332_length_339_cov_6.555556	39.5	339	833	0.136855	1.63e-18	acc|GENBANK|CCQ71385.1|GENBANK|HF586480|hypothetical Homeodomain-interacting protein [Cotesia congregata]	Cotesia congregata	Blastx
SRR22534752	NODE_33049_length_691_cov_6.344985	28.6	691	879	0.250284	1.69e-18	acc|GENBANK|AYV77120.1|GENBANK|MK072010|valine--tRNA ligase [Barrevirus sp.]	Barrevirus sp.	Blastx
SRR22534752	NODE_38542_length_397_cov_5.659341	47.8	397	686	0.131195	1.71e-18	acc|GENBANK|WNO13952.1|GENBANK|OQ968299|coat protein [Guapo partitivirus]	Guapo partitivirus	Blastx
SRR22534752	NODE_33884_length_764_cov_6.647059	52.3	764	439	0.200456	1.73e-18	acc|GENBANK|AAK92822.1|GENBANK|AY050885|putative replicase [Arabidopsis thaliana]	Arabidopsis thaliana	Blastx
SRR22534752	NODE_45078_length_417_cov_11.960938	43.1	417	1621	0.067242	1.73e-18	acc|GENBANK|AZL90006.1|GENBANK|MH046811|serine/threonine-protein kinase [Megavirus baoshan]	Megavirus baoshan	Blastx
SRR22534752	NODE_21934_length_221_cov_6.345745	57.1	221	379	0.184697	1.74e-18	acc|GENBANK|AAU93530.1|GENBANK|AY691949|unknown protein [Zea mays]	Zea mays	Blastx
SRR22534752	NODE_25567_length_397_cov_3.159341	34.1	397	925	0.142703	1.77e-18	acc|GENBANK|ABY48139.1|GENBANK|EU306659|NORK [Medicago truncatula]	Medicago truncatula	Blastx
SRR22534752	NODE_7619_length_916_cov_9.716874	26.4	916	589	0.417657	1.78e-18	acc|GENBANK|WIL03208.1|GENBANK|OQ413575|ABC2 type transporter [Cedratvirus borely]	Cedratvirus borely	Blastx
SRR22534752	NODE_981_length_1164_cov_27.740053	26.4	1164	1252	0.275559	1.79e-18	acc|GENBANK|ARF11732.1|GENBANK|KY684109|mRNA capping enzyme [Klosneuvirus KNV1]	Klosneuvirus KNV1	Blastx
SRR22534752	NODE_44198_length_702_cov_5.029895	36.1	702	752	0.176862	1.81e-18	acc|GENBANK|AYV76414.1|GENBANK|MK071984|HrpA-like RNA helicase [Terrestrivirus sp.]	Terrestrivirus sp.	Blastx
SRR22534752	NODE_50153_length_274_cov_1.941909	52.6	274	2007	0.037867	1.82e-18	acc|GENBANK|ADB85388.1|GENBANK|GQ252879|putative retrotransposon protein [Phyllostachys edulis]	Phyllostachys edulis	Blastx
SRR22534752	NODE_37351_length_399_cov_10.808743	39.3	399	1066	0.126642	1.85e-18	acc|GENBANK|UMO79277.1|GENBANK|MZ420563|Para-aminobenzoate synthetase [Pandoravirus aubagnensis]	Pandoravirus aubagnensis	Blastx
SRR22534752	NODE_48410_length_216_cov_1.918033	60.0	216	177	0.395480	1.88e-18	acc|GENBANK|ABK32208.1|GENBANK|DQ890165|VRN3 [Triticum aestivum]	Triticum aestivum	Blastx
SRR22534752	NODE_25750_length_305_cov_2.937500	45.5	305	925	0.107027	1.93e-18	acc|GENBANK|ABY48139.1|GENBANK|EU306659|NORK [Medicago truncatula]	Medicago truncatula	Blastx
SRR22534752	NODE_20065_length_2346_cov_9.172071	28.0	2346	337	0.560831	2.00e-18	acc|GENBANK|AYV76266.1|GENBANK|MK071983|ubiquitin carboxyl-terminal hydrolase 2 [Terrestrivirus sp.]	Terrestrivirus sp.	Blastx
SRR22534752	NODE_13893_length_241_cov_6.673077	54.5	241	523	0.147228	2.00e-18	acc|GENBANK|QBK87144.1|GENBANK|MK500344|uncharacterized protein [Marseillevirus LCMAC201]	Marseillevirus LCMAC201	Blastx
SRR22534752	NODE_11663_length_979_cov_17.306554	41.8	979	335	0.400000	2.03e-18	acc|GENBANK|ABY48132.1|GENBANK|EU306659|GH1 protein [Medicago truncatula]	Medicago truncatula	Blastx
SRR22534752	NODE_30856_length_293_cov_2.496154	45.8	293	791	0.121365	2.24e-18	acc|GENBANK|UGN61890.1|GENBANK|OK330388|retrotransposon protein [Cucumis melo subsp. melo]	Cucumis melo subsp. melo	Blastx
SRR22534752	NODE_4638_length_224_cov_29.460733	55.4	224	657	0.112633	2.24e-18	acc|GENBANK|CAK7596747.1|GENBANK|OZ003748|Heat shock protein Hsp90 family [Catovirus sp. 'naegleriensis']	Catovirus sp. 'naegleriensis'	Blastx
SRR22534752	NODE_13915_length_606_cov_14.008726	68.8	606	242	0.264463	2.32e-18	acc|GENBANK|AGU70135.1|GENBANK|KF270089|integrase-type DNA-binding superfamily protein [Tarenaya hassleriana]	Tarenaya hassleriana	Blastx
SRR22534752	NODE_43659_length_542_cov_9.483301	32.8	542	261	0.712644	2.45e-18	acc|GENBANK|AYV79236.1|GENBANK|MK072137|serine/threonine protein phosphatase [Faunusvirus sp.]	Faunusvirus sp.	Blastx
SRR22534752	NODE_5012_length_351_cov_43.128931	56.8	351	160	0.462500	2.45e-18	acc|GENBANK|ULY68493.1|GENBANK|OL828820|ubiquitin-conjugating enzyme E2 7 [Chlorella virus XW01]	Chlorella virus XW01	Blastx
SRR22534752	NODE_27576_length_510_cov_3.259958	44.0	510	819	0.141636	2.48e-18	acc|GENBANK|QKF94107.1|GENBANK|MT418680|eukaryotic translation elongation factor 2 [Fadolivirus FV1/VV64]	Fadolivirus FV1/VV64	Blastx
SRR22534752	NODE_26761_length_461_cov_4.383178	41.8	461	613	0.199021	2.52e-18	acc|GENBANK|ADB85401.1|GENBANK|GQ252886|putative pollen-specific kinase [Phyllostachys edulis]	Phyllostachys edulis	Blastx
SRR22534752	NODE_31021_length_357_cov_1.669753	46.6	357	520	0.198077	2.52e-18	acc|GENBANK|APO14197.1|GENBANK|KX098475|truncated DELLA protein [Setaria italica]	Setaria italica	Blastx
SRR22534752	NODE_14493_length_610_cov_2.363951	36.7	610	408	0.313725	2.61e-18	acc|REFSEQ|YP_010781447.1|REFSEQ|NC_075039|Zn-dependent alcohol dehydrogenase [Tupanvirus soda lake]	Tupanvirus soda lake	Blastx
SRR22534752	NODE_9406_length_1135_cov_28.549002	40.3	1135	230	0.647826	2.63e-18	acc|GENBANK|ADB85286.1|GENBANK|GQ252816|putative RNA-binding-like protein [Phyllostachys edulis]	Phyllostachys edulis	Blastx
SRR22534752	NODE_8984_length_1017_cov_13.615854	37.2	1017	506	0.239130	2.69e-18	acc|GENBANK|QOR60263.1|GENBANK|MK522035|hypothetical protein [Bathycoccus sp. RCC716 virus 1]	Bathycoccus sp. RCC716 virus 1	Blastx
SRR22534752	NODE_1000_length_1608_cov_9.955556	28.2	1608	268	0.966418	2.72e-18	acc|GENBANK|QBK91399.1|GENBANK|MK500535|mitochondrial carrier-like protein [Pithovirus LCPAC302]	Pithovirus LCPAC302	Blastx
SRR22534752	NODE_49635_length_608_cov_12.739130	38.6	608	233	0.600858	2.73e-18	acc|GENBANK|QBK85221.1|GENBANK|MK500309|2OG-Fe(II) oxygenase superfamily protein [Iridovirus LCIVAC01]	Iridovirus LCIVAC01	Blastx
SRR22534752	NODE_6867_length_433_cov_4.452500	41.3	433	3055	0.039607	2.88e-18	acc|GENBANK|ACN78965.1|GENBANK|FJ225394|Rpp4 candidate 1 [Glycine max]	Glycine max	Blastx
SRR22534752	NODE_14482_length_336_cov_6.356436	49.5	336	925	0.109189	2.94e-18	acc|GENBANK|ABY48139.1|GENBANK|EU306659|NORK [Medicago truncatula]	Medicago truncatula	Blastx
SRR22534752	NODE_47249_length_936_cov_11.026578	29.3	936	362	0.574586	3.00e-18	acc|GENBANK|AGE57176.1|GENBANK|JX997179|D-lactate dehydrogenase [Paramecium bursaria Chlorella virus NE-JV-4]	Paramecium bursaria Chlorella virus NE-JV-4	Blastx
SRR22534752	NODE_44376_length_689_cov_8.635671	42.7	689	109	0.944954	3.06e-18	acc|GENBANK|QBK85947.1|GENBANK|MK500328|thioredoxin [Marseillevirus LCMAC101]	Marseillevirus LCMAC101	Blastx
SRR22534752	NODE_19476_length_1471_cov_22.041725	45.5	1471	288	0.350694	3.10e-18	acc|GENBANK|QMP82376.1|GENBANK|MT153362|hypothetical protein [red goblin roach virus 1]	red goblin roach virus 1	Blastx
SRR22534752	NODE_16316_length_348_cov_35.387302	45.0	348	600	0.185000	3.27e-18	acc|GENBANK|QDY52168.1|GENBANK|MK250088|thiamine pyrophosphate enzyme, N-terminal TPP [Mimiviridae sp. ChoanoV1]	Mimiviridae sp. ChoanoV1	Blastx
SRR22534752	NODE_7207_length_400_cov_4.302452	42.1	400	691	0.154848	3.31e-18	acc|GENBANK|UPW42252.1|GENBANK|ON001649|putative RNA dependent RNA polymerase [Xisha Islands farmland mitovirus 5]	Xisha Islands farmland mitovirus 5	Blastx
SRR22534752	NODE_3184_length_515_cov_39.452282	55.7	515	299	0.234114	3.36e-18	acc|GENBANK|UOG94093.1|NEIGHBOR|OM876856|serine threonine-protein phosphatase [Aureococcus anophagefferens virus]	Aureococcus anophagefferens virus	Blastx
SRR22534752	NODE_36576_length_200_cov_2.724551	60.6	200	379	0.174142	3.45e-18	acc|GENBANK|ADB85364.1|GENBANK|GQ252868|putative alcohol dehydrogenase 2 [Phyllostachys edulis]	Phyllostachys edulis	Blastx
SRR22534752	NODE_222_length_871_cov_13.393795	28.5	871	4062	0.073363	3.58e-18	acc|GENBANK|QOR60750.1|GENBANK|MK522039|hypothetical protein [Bathycoccus sp. RCC716 virus 3]	Bathycoccus sp. RCC716 virus 3	Blastx
SRR22534752	NODE_374_length_1597_cov_7.897698	27.1	1597	268	1.033582	3.63e-18	acc|GENBANK|QBK91399.1|GENBANK|MK500535|mitochondrial carrier-like protein [Pithovirus LCPAC302]	Pithovirus LCPAC302	Blastx
SRR22534752	NODE_19827_length_1126_cov_11.017383	25.9	1126	703	0.477952	3.71e-18	acc|GENBANK|ARF09664.1|GENBANK|KY684086|HrpA-like RNA helicase [Indivirus ILV1]	Indivirus ILV1	Blastx
SRR22534752	NODE_6224_length_599_cov_13.883392	53.7	599	299	0.274247	3.87e-18	acc|GENBANK|UOG94093.1|NEIGHBOR|OM876856|serine threonine-protein phosphatase [Aureococcus anophagefferens virus]	Aureococcus anophagefferens virus	Blastx
SRR22534752	NODE_21273_length_523_cov_3.520408	31.1	523	925	0.177297	3.91e-18	acc|GENBANK|ABY48139.1|GENBANK|EU306659|NORK [Medicago truncatula]	Medicago truncatula	Blastx
SRR22534752	NODE_9576_length_421_cov_18.059278	36.0	421	590	0.235593	4.09e-18	acc|GENBANK|AYV86827.1|GENBANK|MK072516|CMGC/MAPK protein kinase [Sylvanvirus sp.]	Sylvanvirus sp.	Blastx
SRR22534752	NODE_44231_length_426_cov_18.234097	57.0	426	424	0.186321	4.20e-18	acc|GENBANK|ARF09212.1|GENBANK|KY684084|DnaJ domain protein [Catovirus CTV1]	Catovirus CTV1	Blastx
SRR22534752	NODE_26366_length_232_cov_2.798995	63.9	232	352	0.173295	4.41e-18	acc|GENBANK|WGU26813.1|GENBANK|OQ503488|hypothetical protein [Triticum monococcum]	Triticum monococcum	Blastx
SRR22534752	NODE_33776_length_250_cov_4.152074	49.4	250	679	0.122239	4.43e-18	acc|GENBANK|AYV78344.1|GENBANK|MK072075|S9 family peptidase [Edafosvirus sp.]	Edafosvirus sp.	Blastx
SRR22534752	NODE_5299_length_442_cov_2.163814	37.8	442	363	0.407713	4.51e-18	acc|GENBANK|AGU70139.1|GENBANK|KF270090|protein kinase superfamily protein [Tarenaya hassleriana]	Tarenaya hassleriana	Blastx
SRR22534752	NODE_37980_length_274_cov_3.336100	52.3	274	925	0.092973	4.53e-18	acc|GENBANK|ABY48139.1|GENBANK|EU306659|NORK [Medicago truncatula]	Medicago truncatula	Blastx
SRR22534752	NODE_44627_length_334_cov_10.006645	61.5	334	232	0.336207	4.59e-18	acc|GENBANK|QBK91702.1|GENBANK|MK500565|histone 2A-domain-containing protein [Pithovirus LCPAC304]	Pithovirus LCPAC304	Blastx
SRR22534752	NODE_43634_length_586_cov_4.488246	36.2	586	274	0.503650	4.63e-18	acc|GENBANK|AHA54130.1|GENBANK|KF481685|putative serine palmitoyltransferase [Emiliania huxleyi virus 18]	Emiliania huxleyi virus 18	Blastx
SRR22534752	NODE_11652_length_668_cov_26.581102	39.2	668	925	0.140541	4.67e-18	acc|GENBANK|ABY48139.1|GENBANK|EU306659|NORK [Medicago truncatula]	Medicago truncatula	Blastx
SRR22534752	NODE_26820_length_448_cov_3.469880	35.1	448	4062	0.036435	4.71e-18	acc|GENBANK|QOR60750.1|GENBANK|MK522039|hypothetical protein [Bathycoccus sp. RCC716 virus 3]	Bathycoccus sp. RCC716 virus 3	Blastx
SRR22534752	NODE_17351_length_403_cov_24.964865	35.4	403	196	0.647959	4.99e-18	acc|GENBANK|QKF93917.1|GENBANK|MT418680|adenylate kinase/UMP-CMP kinase [Fadolivirus FV1/VV64]	Fadolivirus FV1/VV64	Blastx
SRR22534752	NODE_5116_length_1897_cov_110.135193	30.1	1897	289	0.792388	5.39e-18	acc|GENBANK|AYV78214.1|GENBANK|MK072072|eukaryotic translation initiation factor 4G [Edafosvirus sp.]	Edafosvirus sp.	Blastx
SRR22534752	NODE_11829_length_617_cov_65.830479	32.8	617	182	0.752747	5.45e-18	acc|REFSEQ|YP_009163818.1|REFSEQ|NC_027778|ORF_057R [Scale drop disease virus]	Scale drop disease virus	Blastx
SRR22534752	NODE_22729_length_663_cov_4.341270	33.0	663	363	0.484848	5.52e-18	acc|GENBANK|AGU70139.1|GENBANK|KF270090|protein kinase superfamily protein [Tarenaya hassleriana]	Tarenaya hassleriana	Blastx
SRR22534752	NODE_2394_length_616_cov_44.686106	48.5	616	183	0.530055	5.58e-18	acc|REFSEQ|YP_009465880.1|REFSEQ|NC_037057|hypothetical protein [Dishui lake phycodnavirus 1]	Dishui lake phycodnavirus 1	Blastx
SRR22534752	NODE_47144_length_835_cov_12.310474	36.2	835	364	0.379121	5.70e-18	acc|GENBANK|ADB85405.1|GENBANK|GQ252886|putative protein kinase [Phyllostachys edulis]	Phyllostachys edulis	Blastx
SRR22534752	NODE_16501_length_585_cov_14.211957	40.9	585	508	0.293307	5.97e-18	acc|GENBANK|AWA44804.1|GENBANK|MH182523|hypothetical protein [Saccharum officinarum]	Saccharum officinarum	Blastx
SRR22534752	NODE_21216_length_251_cov_1.050459	53.1	251	925	0.087568	6.12e-18	acc|GENBANK|ABY48139.1|GENBANK|EU306659|NORK [Medicago truncatula]	Medicago truncatula	Blastx
SRR22534752	NODE_34613_length_489_cov_3.510965	32.5	489	289	0.574394	6.20e-18	acc|GENBANK|QBK88329.1|GENBANK|MK500386|ABC transporter [Marseillevirus LCMAC202]	Marseillevirus LCMAC202	Blastx
SRR22534752	NODE_2595_length_1220_cov_7.411120	31.8	1220	296	0.722973	6.29e-18	acc|GENBANK|AGE57891.1|GENBANK|JX997181|N-carbamoylputrescine amidase [Paramecium bursaria Chlorella virus NW665.2]	Paramecium bursaria Chlorella virus NW665.2	Blastx
SRR22534752	NODE_49957_length_268_cov_0.995745	52.6	268	340	0.223529	6.35e-18	acc|GENBANK|ARF12388.1|GENBANK|KY684112|ornithine cyclodeaminase [Klosneuvirus KNV1]	Klosneuvirus KNV1	Blastx
SRR22534752	NODE_11998_length_237_cov_28.906863	59.2	237	397	0.191436	6.53e-18	acc|REFSEQ|YP_009173589.1|REFSEQ|NC_028094|Helicase 45 [Chrysochromulina ericina virus]	Chrysochromulina ericina virus	Blastx
SRR22534752	NODE_1236_length_1855_cov_15.569704	26.8	1855	557	0.958707	6.66e-18	acc|GENBANK|WGU26825.1|GENBANK|OQ503488|putative acyl-activating enzyme 5 [Triticum monococcum]	Triticum monococcum	Blastx
SRR22534752	NODE_15027_length_963_cov_4.551613	37.6	963	442	0.319005	6.76e-18	acc|GENBANK|QBK90954.1|GENBANK|MK500504|putative serine/threonine protein kinase [Pithovirus LCPAC201]	Pithovirus LCPAC201	Blastx
SRR22534752	NODE_35935_length_259_cov_2.738938	44.7	259	179	0.474860	6.81e-18	acc|GENBANK|ARF11237.1|GENBANK|KY684108|ubiquitin-conjugating enzyme E2 [Klosneuvirus KNV1]	Klosneuvirus KNV1	Blastx
SRR22534752	NODE_36268_length_300_cov_3.588015	48.2	300	447	0.190157	7.03e-18	acc|REFSEQ|NP_077596.1|REFSEQ|NC_002687|serine-threonine kinase [Ectocarpus siliculosus virus 1]	Ectocarpus siliculosus virus 1	Blastx
SRR22534752	NODE_13044_length_261_cov_3.710526	50.6	261	925	0.089730	7.20e-18	acc|GENBANK|ABY48139.1|GENBANK|EU306659|NORK [Medicago truncatula]	Medicago truncatula	Blastx
SRR22534752	NODE_39732_length_472_cov_4.346241	38.5	472	382	0.340314	7.26e-18	acc|GENBANK|QBK87279.1|GENBANK|MK500347|putative serine/threonine protein kinase [Marseillevirus LCMAC201]	Marseillevirus LCMAC201	Blastx
SRR22534752	NODE_23644_length_392_cov_1.913649	38.2	392	569	0.216169	7.27e-18	acc|GENBANK|ATZ80436.1|GENBANK|MF782455|multidrug export ATPase/permease [Bodo saltans virus]	Bodo saltans virus	Blastx
SRR22534752	NODE_36870_length_396_cov_2.209366	40.9	396	279	0.394265	7.50e-18	acc|GENBANK|AYV78802.1|GENBANK|MK072099|bifunctional protein FolD [Edafosvirus sp.]	Edafosvirus sp.	Blastx
SRR22534752	NODE_6936_length_447_cov_2.318841	35.5	447	833	0.182473	8.00e-18	acc|GENBANK|AAL14454.1|GENBANK|AF397035|DNA mismatch repair protein Msh5 [Mus musculus]	Mus musculus	Blastx
SRR22534752	NODE_3243_length_432_cov_13.152882	36.8	432	521	0.261036	8.20e-18	acc|GENBANK|QGR53776.1|GENBANK|MK978772|protein kinase [Moumouvirus maliensis]	Moumouvirus maliensis	Blastx
SRR22534752	NODE_11393_length_2155_cov_104.769086	36.9	2155	117	1.205128	8.40e-18	acc|GENBANK|QDH76138.1|GENBANK|MK948413|putative gag protein [Porcine endogenous retrovirus]	Porcine endogenous retrovirus	Blastx
SRR22534752	NODE_25442_length_244_cov_3.293839	46.8	244	447	0.176734	8.73e-18	acc|REFSEQ|NP_077596.1|REFSEQ|NC_002687|serine-threonine kinase [Ectocarpus siliculosus virus 1]	Ectocarpus siliculosus virus 1	Blastx
SRR22534752	NODE_49474_length_253_cov_2.127273	52.9	253	327	0.207951	8.90e-18	acc|GENBANK|QFG73901.1|GENBANK|MN448274|papain family cysteine protease [Megaviridae environmental sample]	Megaviridae environmental sample	Blastx
SRR22534752	NODE_10804_length_1312_cov_27.980453	26.8	1312	321	0.965732	8.93e-18	acc|GENBANK|WZO80455.1|GENBANK|PP681875|aspartate carbamoyltransferase [Chlorovirus sp.]	Chlorovirus sp.	Blastx
SRR22534752	NODE_19511_length_512_cov_18.363257	40.7	512	327	0.345566	8.96e-18	acc|GENBANK|QFG73901.1|GENBANK|MN448274|papain family cysteine protease [Megaviridae environmental sample]	Megaviridae environmental sample	Blastx
SRR22534752	NODE_20843_length_1020_cov_16.868288	34.3	1020	220	0.650000	9.05e-18	acc|GENBANK|UOG94371.1|NEIGHBOR|OM876856|peptidyl-prolyl cis-trans isomerase [Aureococcus anophagefferens virus]	Aureococcus anophagefferens virus	Blastx
SRR22534752	NODE_14267_length_531_cov_37.433735	49.4	531	150	0.553333	9.16e-18	acc|GENBANK|QJX71738.1|GENBANK|MN830294|mannosyltransferase [Faustovirus]	Faustovirus	Blastx
SRR22534752	NODE_29276_length_439_cov_3.002463	37.3	439	695	0.204317	9.62e-18	acc|GENBANK|XDO02062.1|GENBANK|PP542043|Type I Glyceraldehyde-3-Phosphate Dehydrogenase [Florenciella sp. virus SA2]	Florenciella sp. virus SA2	Blastx
SRR22534752	NODE_1721_length_446_cov_2.949153	73.1	446	134	0.388060	1.02e-17	acc|REFSEQ|YP_002268196.1|REFSEQ|NC_011346|AC3 protein [Clerodendrum golden mosaic China virus]	Clerodendrum golden mosaic China virus	Blastx
SRR22534752	NODE_15146_length_782_cov_29.754339	31.1	782	310	0.674194	1.03e-17	acc|GENBANK|QIH04852.1|GENBANK|MK867691|hypothetical protein [Dasineura jujubifolia toursvirus 2a]	Dasineura jujubifolia toursvirus 2a	Blastx
SRR22534752	NODE_39800_length_747_cov_3.917367	37.7	747	243	0.600823	1.03e-17	acc|GENBANK|QSE37552.1|GENBANK|MW365400|putative 27-kD protein [Citrus associated ampelovirus 1]	Citrus associated ampelovirus 1	Blastx
SRR22534752	NODE_43460_length_413_cov_6.302632	40.0	413	388	0.257732	1.04e-17	acc|GENBANK|CCQ71327.1|GENBANK|HF586476|hypothetical protein kinase Pka-C1 [Cotesia congregata]	Cotesia congregata	Blastx
SRR22534752	NODE_16442_length_498_cov_3.711828	33.3	498	1158	0.145078	1.07e-17	acc|GENBANK|ADK47522.1|GENBANK|HM124452|NBS2-RDG2A [Hordeum vulgare subsp. vulgare]	Hordeum vulgare subsp. vulgare	Blastx
SRR22534752	NODE_19265_length_291_cov_1.953488	42.1	291	925	0.102703	1.07e-17	acc|GENBANK|ABY48139.1|GENBANK|EU306659|NORK [Medicago truncatula]	Medicago truncatula	Blastx
SRR22534752	NODE_28131_length_325_cov_2.886986	48.5	325	505	0.192079	1.08e-17	acc|REFSEQ|YP_010780322.1|REFSEQ|NC_075038|hypothetical protein [Tupanvirus deep ocean]	Tupanvirus deep ocean	Blastx
SRR22534752	NODE_41683_length_777_cov_6.508065	45.9	777	678	0.163717	1.09e-17	acc|GENBANK|CCQ71325.1|GENBANK|HF586476|hypothetical kinesin-like protein KIF3 [Cotesia congregata]	Cotesia congregata	Blastx
SRR22534752	NODE_170_length_403_cov_4.172973	39.3	403	128	0.835938	1.11e-17	acc|GENBANK|QBK92138.1|GENBANK|MK500568|phosphoribosyl transferase domain protein [Pithovirus LCPAC304]	Pithovirus LCPAC304	Blastx
SRR22534752	NODE_43366_length_569_cov_5.708955	49.5	569	174	0.626437	1.15e-17	acc|GENBANK|AWA44800.1|GENBANK|MH182523|hypothetical protein [Saccharum officinarum]	Saccharum officinarum	Blastx
SRR22534752	NODE_236_length_303_cov_69.174074	45.1	303	588	0.154762	1.21e-17	acc|GENBANK|QOI90522.1|GENBANK|MT663539|hypothetical protein [Pyramimonas orientalis virus]	Pyramimonas orientalis virus	Blastx
SRR22534752	NODE_45417_length_579_cov_7.501832	42.1	579	686	0.193878	1.22e-17	acc|GENBANK|WNO13952.1|GENBANK|OQ968299|coat protein [Guapo partitivirus]	Guapo partitivirus	Blastx
SRR22534752	NODE_19954_length_618_cov_10.288889	29.6	618	589	0.344652	1.23e-17	acc|GENBANK|QKF93534.1|GENBANK|MT418680|peroxisomal acyl-CoA oxidase [Fadolivirus FV1/VV64]	Fadolivirus FV1/VV64	Blastx
SRR22534752	NODE_23905_length_412_cov_4.759894	37.7	412	547	0.223035	1.24e-17	acc|REFSEQ|YP_010780377.1|REFSEQ|NC_075038|putative ATP-dependent RNA helicase [Tupanvirus deep ocean]	Tupanvirus deep ocean	Blastx
SRR22534752	NODE_8338_length_1188_cov_26.267532	28.7	1188	420	0.671429	1.26e-17	acc|GENBANK|WAK75645.1|NEIGHBOR|ON812163|hypothetical protein [Kaisodi virus]	Kaisodi virus	Blastx
SRR22534752	NODE_50512_length_432_cov_4.105263	55.8	432	953	0.080797	1.27e-17	acc|GENBANK|ACB28472.1|GENBANK|EU522675|polyprotein [Ananas comosus]	Ananas comosus	Blastx
SRR22534752	NODE_43362_length_333_cov_27.953333	42.9	333	299	0.327759	1.28e-17	acc|GENBANK|QIG59714.1|GENBANK|MN940578|putative spermidine [Dishui Lake phycodnavirus 3]	Dishui Lake phycodnavirus 3	Blastx
SRR22534752	NODE_18796_length_444_cov_8.481752	39.8	444	547	0.234004	1.32e-17	acc|GENBANK|AYV86548.1|GENBANK|MK072509|hypothetical protein [Sylvanvirus sp.]	Sylvanvirus sp.	Blastx
SRR22534752	NODE_18190_length_579_cov_21.417582	37.2	579	483	0.283644	1.35e-17	acc|GENBANK|ARF12654.1|GENBANK|KY684120|cytidylyltransferase [Klosneuvirus KNV1]	Klosneuvirus KNV1	Blastx
SRR22534752	NODE_49524_length_255_cov_1.202703	53.8	255	168	0.386905	1.44e-17	acc|GENBANK|ALM55108.1|GENBANK|KT734804|truncated virescens [Phoenix dactylifera]	Phoenix dactylifera	Blastx
SRR22534752	NODE_43768_length_503_cov_12.242553	34.5	503	182	0.796703	1.46e-17	acc|REFSEQ|YP_009163818.1|REFSEQ|NC_027778|ORF_057R [Scale drop disease virus]	Scale drop disease virus	Blastx
SRR22534752	NODE_21675_length_376_cov_10.413994	52.5	376	410	0.195122	1.49e-17	acc|GENBANK|AAN32881.1|GENBANK|AF468454|polyprotein [Rubus yellow net virus]	Rubus yellow net virus	Blastx
SRR22534752	NODE_49357_length_250_cov_2.156682	51.3	250	614	0.130293	1.53e-17	acc|GENBANK|BCT22767.1|GENBANK|LC613089|Hsp70 protein [Carp edema virus]	Carp edema virus	Blastx
SRR22534752	NODE_10276_length_229_cov_40.005102	58.3	229	562	0.128114	1.56e-17	acc|GENBANK|QDY52375.1|GENBANK|MK250091|asparagine synthase [Mimiviridae sp. ChoanoV1]	Mimiviridae sp. ChoanoV1	Blastx
SRR22534752	NODE_14288_length_543_cov_8.725490	33.1	543	672	0.211310	1.57e-17	acc|GENBANK|BCS83340.1|GENBANK|AP024483|putative ATP-dependent RNA helicase [Cotonvirus japonicus]	Cotonvirus japonicus	Blastx
SRR22534752	NODE_17786_length_639_cov_3.457096	27.6	639	727	0.279230	1.60e-17	acc|GENBANK|ABY48138.1|GENBANK|EU306659|ABC transporter [Medicago truncatula]	Medicago truncatula	Blastx
SRR22534752	NODE_16535_length_1046_cov_7.205331	41.4	1046	378	0.293651	1.61e-17	acc|GENBANK|QGR53944.1|GENBANK|MK978772|RNA methyltransferase [Moumouvirus maliensis]	Moumouvirus maliensis	Blastx
SRR22534752	NODE_6201_length_486_cov_1.863135	38.1	486	724	0.203039	1.64e-17	acc|GENBANK|ADK47523.1|GENBANK|HM124452|NBS3-RDG2A [Hordeum vulgare subsp. vulgare]	Hordeum vulgare subsp. vulgare	Blastx
SRR22534752	NODE_45632_length_560_cov_10.975332	28.5	560	212	0.646226	1.72e-17	acc|GENBANK|AYV79923.1|GENBANK|MK072200|superoxide dismutase [Gaeavirus sp.]	Gaeavirus sp.	Blastx
SRR22534752	NODE_1489_length_432_cov_34.666667	33.3	432	225	0.626667	1.74e-17	acc|GENBANK|AYV75266.1|GENBANK|MK071979|putative elongation factor 1-gamma-A-like [Terrestrivirus sp.]	Terrestrivirus sp.	Blastx
SRR22534752	NODE_17819_length_1519_cov_14.263795	28.1	1519	261	1.199234	1.79e-17	acc|GENBANK|AYV79236.1|GENBANK|MK072137|serine/threonine protein phosphatase [Faunusvirus sp.]	Faunusvirus sp.	Blastx
SRR22534752	NODE_19817_length_865_cov_11.192308	33.8	865	288	0.677083	1.82e-17	acc|GENBANK|QMP82376.1|GENBANK|MT153362|hypothetical protein [red goblin roach virus 1]	red goblin roach virus 1	Blastx
SRR22534752	NODE_26382_length_241_cov_1.745192	70.5	241	242	0.252066	1.83e-17	acc|GENBANK|AGU70135.1|GENBANK|KF270089|integrase-type DNA-binding superfamily protein [Tarenaya hassleriana]	Tarenaya hassleriana	Blastx
SRR22534752	NODE_27454_length_470_cov_6.100686	36.5	470	245	0.469388	1.86e-17	acc|REFSEQ|YP_009120494.1|REFSEQ|NC_026440|DNA-directed RNA polymerase II subunit RPB1 [Pandoravirus inopinatum]	Pandoravirus inopinatum	Blastx
SRR22534752	NODE_1594_length_1009_cov_98.253074	31.2	1009	327	0.568807	1.96e-17	acc|GENBANK|QKF94686.1|GENBANK|MT418680|NADP-dependent oxidoreductase [Fadolivirus FV1/VV64]	Fadolivirus FV1/VV64	Blastx
SRR22534752	NODE_26882_length_659_cov_4.215655	34.0	659	484	0.316116	2.01e-17	acc|GENBANK|AYV77733.1|GENBANK|MK072066|CYP86A7 [Edafosvirus sp.]	Edafosvirus sp.	Blastx
SRR22534752	NODE_45799_length_273_cov_12.370833	50.7	273	224	0.334821	2.04e-17	acc|GENBANK|QDH89109.1|GENBANK|MN034603|hypothetical protein [Picornavirales sp.]	Picornavirales sp.	Blastx
SRR22534752	NODE_348_length_346_cov_8.345048	56.2	346	299	0.244147	2.07e-17	acc|GENBANK|UOG94093.1|NEIGHBOR|OM876856|serine threonine-protein phosphatase [Aureococcus anophagefferens virus]	Aureococcus anophagefferens virus	Blastx
SRR22534752	NODE_43736_length_481_cov_20.857143	35.8	481	383	0.357702	2.11e-17	acc|GENBANK|AJA91762.1|GENBANK|KM434202|dihydroflavonol 4-reductase [Allium cepa]	Allium cepa	Blastx
SRR22534752	NODE_21322_length_308_cov_6.014545	47.1	308	414	0.246377	2.39e-17	acc|REFSEQ|YP_009238667.1|REFSEQ|NC_029692|translation elongation factor [Brazilian marseillevirus]	Brazilian marseillevirus	Blastx
SRR22534752	NODE_43176_length_666_cov_6.180095	35.0	666	3648	0.043037	2.47e-17	acc|GENBANK|BFJ38647.1|GENBANK|LC810159|polyprotein [Togaviridae sp. PSNE-Toga]	Togaviridae sp. PSNE-Toga	Blastx
SRR22534752	NODE_37569_length_282_cov_3.116466	39.5	282	1822	0.044457	2.47e-17	acc|GENBANK|BCU03103.1|GENBANK|LC625835|serine/threonine protein kinase [Pandoravirus japonicus]	Pandoravirus japonicus	Blastx
SRR22534752	NODE_2016_length_2376_cov_22.252668	26.7	2376	422	0.815166	2.53e-17	acc|GENBANK|QDY52462.1|GENBANK|MK250094|aminotransferase class-III protein [Mimiviridae sp. ChoanoV1]	Mimiviridae sp. ChoanoV1	Blastx
SRR22534752	NODE_39772_length_496_cov_3.056156	35.3	496	925	0.125405	2.54e-17	acc|GENBANK|ABY48139.1|GENBANK|EU306659|NORK [Medicago truncatula]	Medicago truncatula	Blastx
SRR22534752	NODE_5421_length_266_cov_2.759657	45.8	266	1264	0.065665	2.63e-17	acc|GENBANK|AAM22635.1|GENBANK|AF434192|Gag and Pol [Zea mays]	Zea mays	Blastx
SRR22534752	NODE_13768_length_1137_cov_6.537138	29.8	1137	480	0.525000	2.65e-17	acc|GENBANK|ASU92288.1|GENBANK|KX759199|kindr F6 [Zea mays]	Zea mays	Blastx
SRR22534752	NODE_24781_length_361_cov_1.771341	41.2	361	2037	0.055965	2.66e-17	acc|GENBANK|ABG37663.1|GENBANK|DQ536170|CCHC-type integrase [Populus trichocarpa]	Populus trichocarpa	Blastx
SRR22534752	NODE_48051_length_203_cov_2.064706	54.7	203	631	0.101426	2.77e-17	acc|REFSEQ|YP_010781061.1|REFSEQ|NC_075038|putative acyl-CoA oxidase [Tupanvirus deep ocean]	Tupanvirus deep ocean	Blastx
SRR22534752	NODE_15087_length_1204_cov_3.608027	31.9	1204	502	0.424303	2.82e-17	acc|GENBANK|ARF08211.1|GENBANK|KY684083|aromatic amino acid lyase [Catovirus CTV1]	Catovirus CTV1	Blastx
SRR22534752	NODE_19087_length_1190_cov_10.946413	24.4	1190	299	0.986622	2.83e-17	acc|GENBANK|QRE02559.1|GENBANK|MN545489|hypothetical protein [Otarine gammaherpesvirus 4]	Otarine gammaherpesvirus 4	Blastx
SRR22534752	NODE_3429_length_920_cov_37.972943	37.1	920	322	0.468944	2.93e-17	acc|GENBANK|QFG74515.1|GENBANK|MN448289|signal peptide peptidase [Megaviridae environmental sample]	Megaviridae environmental sample	Blastx
SRR22534752	NODE_14354_length_418_cov_2.971429	39.4	418	471	0.220807	3.02e-17	acc|GENBANK|AFV13457.1|GENBANK|JQ314445|UDPG-flavonoid 3-O-glucosyl transferase [Tripsacum dactyloides]	Tripsacum dactyloides	Blastx
SRR22534752	NODE_18097_length_428_cov_27.349367	36.1	428	1059	0.146364	3.03e-17	acc|REFSEQ|YP_009120775.1|REFSEQ|NC_026440|glutamine amidotransferase [Pandoravirus inopinatum]	Pandoravirus inopinatum	Blastx
SRR22534752	NODE_45450_length_844_cov_8.504316	35.4	844	288	0.618056	3.05e-17	acc|GENBANK|QMP82376.1|GENBANK|MT153362|hypothetical protein [red goblin roach virus 1]	red goblin roach virus 1	Blastx
SRR22534752	NODE_46612_length_585_cov_8.748188	35.0	585	381	0.367454	3.06e-17	acc|GENBANK|AYV77590.1|GENBANK|MK072051|ubiquitin carboxyl-terminal hydrolase [Dasosvirus sp.]	Dasosvirus sp.	Blastx
SRR22534752	NODE_13441_length_1091_cov_7.797732	29.9	1091	1456	0.234203	3.19e-17	acc|GENBANK|CAE02696.1|GENBANK|AJ575660|hypothetical protein [Yarrowia lipolytica]	Yarrowia lipolytica	Blastx
SRR22534752	NODE_32178_length_581_cov_4.461679	40.8	581	912	0.112939	3.24e-17	acc|GENBANK|ACX48824.1|GENBANK|GQ923937|chromomethylase [Zea mays]	Zea mays	Blastx
SRR22534752	NODE_17313_length_402_cov_8.558266	50.0	402	2037	0.046146	3.25e-17	acc|GENBANK|ABG37663.1|GENBANK|DQ536170|CCHC-type integrase [Populus trichocarpa]	Populus trichocarpa	Blastx
SRR22534752	NODE_30316_length_581_cov_3.905109	36.7	581	471	0.318471	3.32e-17	acc|REFSEQ|YP_009174785.1|REFSEQ|NC_028112|hypothetical protein [Yellowstone lake phycodnavirus 1]	Yellowstone lake phycodnavirus 1	Blastx
SRR22534752	NODE_17995_length_315_cov_78.578014	41.9	315	492	0.213415	3.33e-17	acc|GENBANK|QBK88108.1|GENBANK|MK500375|cyclin-dependent protein kinase [Marseillevirus LCMAC202]	Marseillevirus LCMAC202	Blastx
SRR22534752	NODE_14800_length_427_cov_12.439086	67.3	427	269	0.193309	3.43e-17	acc|GENBANK|ACG35536.1|GENBANK|EU963418|retrotransposon protein [Zea mays]	Zea mays	Blastx
SRR22534752	NODE_47145_length_942_cov_14.762376	38.6	942	261	0.605364	3.52e-17	acc|GENBANK|AYV79236.1|GENBANK|MK072137|serine/threonine protein phosphatase [Faunusvirus sp.]	Faunusvirus sp.	Blastx
SRR22534752	NODE_46147_length_570_cov_15.662942	45.9	570	209	0.406699	3.55e-17	acc|GENBANK|CAK7596599.1|GENBANK|OZ003748|Small GTPase [Catovirus sp. 'naegleriensis']	Catovirus sp. 'naegleriensis'	Blastx
SRR22534752	NODE_27995_length_386_cov_3.147309	39.8	386	378	0.272487	3.59e-17	acc|REFSEQ|YP_010781965.1|REFSEQ|NC_075039|cyclopropane-fatty-acyl-phospholipid synthase [Tupanvirus soda lake]	Tupanvirus soda lake	Blastx
SRR22534752	NODE_14471_length_830_cov_9.095358	37.0	830	245	0.551020	3.61e-17	acc|REFSEQ|YP_008720039.1|REFSEQ|NC_022646|hypothetical protein [Clostera anastomosis granulovirus Henan]	Clostera anastomosis granulovirus Henan	Blastx
SRR22534752	NODE_31374_length_289_cov_2.199219	46.2	289	2037	0.045655	3.66e-17	acc|GENBANK|ABG37663.1|GENBANK|DQ536170|CCHC-type integrase [Populus trichocarpa]	Populus trichocarpa	Blastx
SRR22534752	NODE_48759_length_230_cov_1.187817	48.6	230	469	0.157783	3.66e-17	acc|GENBANK|QFG75136.1|GENBANK|MN448299|orotidine 5'-phosphate decarboxylase / HUMPS [Megaviridae environmental sample]	Megaviridae environmental sample	Blastx
SRR22534752	NODE_10706_length_419_cov_17.950777	36.5	419	925	0.136216	3.68e-17	acc|GENBANK|ABY48139.1|GENBANK|EU306659|NORK [Medicago truncatula]	Medicago truncatula	Blastx
SRR22534752	NODE_42762_length_403_cov_5.554054	61.4	403	508	0.137795	3.74e-17	acc|GENBANK|AWA44804.1|GENBANK|MH182523|hypothetical protein [Saccharum officinarum]	Saccharum officinarum	Blastx
SRR22534752	NODE_8688_length_1147_cov_5.390485	52.3	1147	175	0.491429	3.79e-17	acc|GENBANK|ARF09402.1|GENBANK|KY684085|ubiquitin-conjugating enzyme E2 [Indivirus ILV1]	Indivirus ILV1	Blastx
SRR22534752	NODE_21023_length_582_cov_3.336976	36.3	582	422	0.319905	3.85e-17	acc|GENBANK|AVL93710.1|GENBANK|MG807319|putative zinc-type alcohol dehydrogenase-like [Megavirus vitis]	Megavirus vitis	Blastx
SRR22534752	NODE_20218_length_992_cov_5.126173	40.8	992	1186	0.105396	4.19e-17	acc|GENBANK|ARF10911.1|GENBANK|KY684105|putative sensor histidine kinase [Hokovirus HKV1]	Hokovirus HKV1	Blastx
SRR22534752	NODE_46997_length_525_cov_9.701220	50.7	525	549	0.136612	4.22e-17	acc|GENBANK|AYV77959.1|GENBANK|MK072068|dna topoisomerase 1b [Edafosvirus sp.]	Edafosvirus sp.	Blastx
SRR22534752	NODE_49600_length_257_cov_1.044643	44.0	257	621	0.135266	4.22e-17	acc|GENBANK|BBP47129.1|GENBANK|LC511041|putative gag-pol polyprotein [Torenia fournieri]	Torenia fournieri	Blastx
SRR22534752	NODE_45621_length_980_cov_10.317846	26.4	980	283	0.777385	4.42e-17	acc|GENBANK|QKF93593.1|GENBANK|MT418680|euykaryotic ethanolamine kinase [Fadolivirus FV1/VV64]	Fadolivirus FV1/VV64	Blastx
SRR22534752	NODE_8085_length_477_cov_56.286036	62.5	477	214	0.299065	4.44e-17	acc|GENBANK|UZE89726.1|GENBANK|ON704650|hypothetical protein [Parapoynx stagnalis nucleopolyhedrovirus]	Parapoynx stagnalis nucleopolyhedrovirus	Blastx
SRR22534752	NODE_37320_length_336_cov_1.983498	42.7	336	547	0.201097	4.55e-17	acc|GENBANK|AYV86548.1|GENBANK|MK072509|hypothetical protein [Sylvanvirus sp.]	Sylvanvirus sp.	Blastx
SRR22534752	NODE_49495_length_254_cov_1.058824	52.9	254	146	0.595890	4.68e-17	acc|GENBANK|QDH87377.1|GENBANK|MN033327|hypothetical protein [Picornavirales sp.]	Picornavirales sp.	Blastx
SRR22534752	NODE_3884_length_758_cov_15.017931	35.0	758	507	0.309665	4.75e-17	acc|GENBANK|QHN71152.1|GENBANK|MN812837|cytochrome P450 domain protein [Mollivirus kamchatka]	Mollivirus kamchatka	Blastx
SRR22534752	NODE_23110_length_388_cov_5.890141	37.0	388	925	0.137297	4.82e-17	acc|GENBANK|ABY48139.1|GENBANK|EU306659|NORK [Medicago truncatula]	Medicago truncatula	Blastx
SRR22534752	NODE_20230_length_1420_cov_14.236482	52.1	1420	1105	0.085068	4.91e-17	acc|GENBANK|AAK84476.1|GENBANK|AF275345|unknown [Solanum lycopersicum]	Solanum lycopersicum	Blastx
SRR22534752	NODE_49150_length_244_cov_3.758294	44.4	244	1656	0.048913	5.06e-17	acc|GENBANK|BCS82726.1|GENBANK|AP024483|putative serine/threonine-protein kinase [Cotonvirus japonicus]	Cotonvirus japonicus	Blastx
SRR22534752	NODE_39291_length_669_cov_2.594340	36.6	669	119	0.941176	5.28e-17	acc|GENBANK|QBK85983.1|GENBANK|MK500328|glycine cleavage H-protein [Marseillevirus LCMAC101]	Marseillevirus LCMAC101	Blastx
SRR22534752	NODE_8658_length_831_cov_9.962406	51.7	831	660	0.131818	5.41e-17	acc|REFSEQ|YP_001425742.1|REFSEQ|NC_008603|hypothetical protein [Paramecium bursaria Chlorella virus FR483]	Paramecium bursaria Chlorella virus FR483	Blastx
SRR22534752	NODE_27693_length_420_cov_3.447028	67.2	420	203	0.285714	5.45e-17	acc|GENBANK|ACB45086.1|GENBANK|EU365381|CRT binding factor 3 [Solanum habrochaites]	Solanum habrochaites	Blastx
SRR22534752	NODE_7197_length_1671_cov_38.666056	27.4	1671	421	0.762470	5.53e-17	acc|REFSEQ|YP_009119842.1|REFSEQ|NC_026440|cys/met metabolism plpdependent enzyme [Pandoravirus inopinatum]	Pandoravirus inopinatum	Blastx
SRR22534752	NODE_37511_length_514_cov_5.076923	35.2	514	442	0.359729	5.57e-17	acc|GENBANK|CAA43286.1|GENBANK|X60951|pol associated gene 1 [Trypanosoma brucei]	Trypanosoma brucei	Blastx
SRR22534752	NODE_18034_length_454_cov_5.090261	43.2	454	1516	0.058047	5.77e-17	acc|GENBANK|USH99796.1|GENBANK|ON752166|putative Ty3-gypsy subclass retrotransposon [Oryza sativa Japonica Group]	Oryza sativa Japonica Group	Blastx
SRR22534752	NODE_6394_length_266_cov_355.699571	69.2	266	53	0.981132	5.80e-17	acc|GENBANK|XDO01897.1|GENBANK|PP542043|Ubiquitin-60S Ribosomal Protein L40 [Florenciella sp. virus SA2]	Florenciella sp. virus SA2	Blastx
SRR22534752	NODE_14308_length_302_cov_3.895911	54.4	302	2037	0.038783	5.86e-17	acc|GENBANK|ABG37663.1|GENBANK|DQ536170|CCHC-type integrase [Populus trichocarpa]	Populus trichocarpa	Blastx
SRR22534752	NODE_19022_length_718_cov_3.340146	33.0	718	471	0.373673	5.87e-17	acc|GENBANK|AFV13457.1|GENBANK|JQ314445|UDPG-flavonoid 3-O-glucosyl transferase [Tripsacum dactyloides]	Tripsacum dactyloides	Blastx
SRR22534752	NODE_19709_length_291_cov_16.480620	57.6	291	221	0.298643	6.74e-17	acc|GENBANK|WWU03978.1|GENBANK|OR798672|polyprotein [Flaviviridae sp.]	Flaviviridae sp.	Blastx
SRR22534752	NODE_14911_length_683_cov_7.669231	29.4	683	377	0.496021	6.79e-17	acc|GENBANK|AHA54614.1|GENBANK|KF481686|putative serine palmitoyltransferase [Emiliania huxleyi virus 145]	Emiliania huxleyi virus 145	Blastx
SRR22534752	NODE_30036_length_202_cov_2.325444	55.7	202	1472	0.041440	7.16e-17	acc|GENBANK|AAL68641.1|GENBANK|AF458765|polyprotein [Oryza sativa Japonica Group]	Oryza sativa Japonica Group	Blastx
SRR22534752	NODE_36069_length_259_cov_2.929204	44.4	259	299	0.270903	7.20e-17	acc|GENBANK|XDO01906.1|GENBANK|PP542043|hypothetical protein [Florenciella sp. virus SA2]	Florenciella sp. virus SA2	Blastx
SRR22534752	NODE_11209_length_461_cov_24.163551	61.5	461	232	0.336207	7.25e-17	acc|GENBANK|QBK91702.1|GENBANK|MK500565|histone 2A-domain-containing protein [Pithovirus LCPAC304]	Pithovirus LCPAC304	Blastx
SRR22534752	NODE_2861_length_495_cov_82.348485	80.8	495	137	0.379562	7.29e-17	acc|GENBANK|XKM46647.1|GENBANK|PQ442261|hypothetical protein [Micromonas commoda virus 20T]	Micromonas commoda virus 20T	Blastx
SRR22534752	NODE_19485_length_584_cov_18.029038	46.9	584	120	0.675000	7.42e-17	acc|REFSEQ|YP_009118995.1|REFSEQ|NC_026440|ser/thr kinase [Pandoravirus inopinatum]	Pandoravirus inopinatum	Blastx
SRR22534752	NODE_13706_length_374_cov_5.304985	43.6	374	925	0.118919	7.50e-17	acc|GENBANK|ABY48139.1|GENBANK|EU306659|NORK [Medicago truncatula]	Medicago truncatula	Blastx
SRR22534752	NODE_6700_length_376_cov_1.935860	59.1	376	1472	0.044837	8.00e-17	acc|GENBANK|AAL68641.1|GENBANK|AF458765|polyprotein [Oryza sativa Japonica Group]	Oryza sativa Japonica Group	Blastx
SRR22534752	NODE_4022_length_728_cov_14.844604	47.6	728	238	0.432773	8.17e-17	acc|GENBANK|AYV77971.1|GENBANK|MK072068|hypothetical protein [Edafosvirus sp.]	Edafosvirus sp.	Blastx
SRR22534752	NODE_1381_length_771_cov_1.990515	39.1	771	453	0.293598	8.28e-17	acc|GENBANK|QFG74614.1|GENBANK|MN448289|FAD binding domain of DNA photolyase [Megaviridae environmental sample]	Megaviridae environmental sample	Blastx
SRR22534752	NODE_26661_length_493_cov_6.739130	35.5	493	786	0.157761	8.29e-17	acc|REFSEQ|YP_008052594.1|REFSEQ|NC_021312|DNA topoisomerase I [Phaeocystis globosa virus]	Phaeocystis globosa virus	Blastx
SRR22534752	NODE_3048_length_628_cov_11.400000	37.5	628	270	0.414815	8.90e-17	acc|GENBANK|QKF94550.1|GENBANK|MT418680|alpha/beta hydrolase family protein [Fadolivirus FV1/VV64]	Fadolivirus FV1/VV64	Blastx
SRR22534752	NODE_18613_length_984_cov_8.679285	28.2	984	532	0.466165	8.94e-17	acc|GENBANK|AGE49416.1|GENBANK|JX997156|cellulose synthase catalytic subunit [Acanthocystis turfacea Chlorella virus Can0610SP]	Acanthocystis turfacea Chlorella virus Can0610SP	Blastx
SRR22534752	NODE_11060_length_290_cov_174.844358	47.4	290	406	0.233990	9.09e-17	acc|GENBANK|QBK87310.1|GENBANK|MK500348|chaperone protein [Marseillevirus LCMAC201]	Marseillevirus LCMAC201	Blastx
SRR22534752	NODE_39628_length_363_cov_9.657576	46.3	363	421	0.225653	9.26e-17	acc|GENBANK|AGP03657.1|GENBANK|KF220834|integrase-type DNA-binding superfamily protein [Glycine max]	Glycine max	Blastx
SRR22534752	NODE_785_length_578_cov_17.955963	36.3	578	335	0.576119	9.38e-17	acc|GENBANK|ABY48132.1|GENBANK|EU306659|GH1 protein [Medicago truncatula]	Medicago truncatula	Blastx
SRR22534752	NODE_17960_length_1346_cov_11.393755	27.6	1346	361	1.063712	9.98e-17	acc|GENBANK|QBK86970.1|GENBANK|MK500339|glycosyl transferase [Marseillevirus LCMAC103]	Marseillevirus LCMAC103	Blastx
SRR22534752	NODE_33633_length_204_cov_13.701754	55.4	204	925	0.070270	1.01e-16	acc|GENBANK|ABY48139.1|GENBANK|EU306659|NORK [Medicago truncatula]	Medicago truncatula	Blastx
SRR22534752	NODE_43565_length_1068_cov_7.014493	25.3	1068	575	0.619130	1.12e-16	acc|GENBANK|CAE02704.1|GENBANK|AJ575660|putative sugar transporter [Yarrowia lipolytica]	Yarrowia lipolytica	Blastx
SRR22534752	NODE_43276_length_357_cov_12.086420	39.0	357	631	0.187005	1.12e-16	acc|REFSEQ|YP_010781061.1|REFSEQ|NC_075038|putative acyl-CoA oxidase [Tupanvirus deep ocean]	Tupanvirus deep ocean	Blastx
SRR22534752	NODE_2525_length_258_cov_35.848889	50.0	258	783	0.109834	1.13e-16	acc|GENBANK|QFG73724.1|GENBANK|MN448270|Hsp90 protein [Megaviridae environmental sample]	Megaviridae environmental sample	Blastx
SRR22534752	NODE_398_length_442_cov_9.765281	40.6	442	328	0.292683	1.17e-16	acc|GENBANK|QFG74386.1|GENBANK|MN448287|XPG I-region protein [Megaviridae environmental sample]	Megaviridae environmental sample	Blastx
SRR22534752	NODE_20601_length_269_cov_2.783898	47.7	269	674	0.130564	1.27e-16	acc|GENBANK|UZT28900.1|GENBANK|OP765507|ATP-dependent zinc metalloprotease [Nucleocytoviricota sp.]	Nucleocytoviricota sp.	Blastx
SRR22534752	NODE_3778_length_344_cov_4.565916	44.6	344	623	0.162119	1.28e-16	acc|GENBANK|BAL14837.1|GENBANK|AB682995|endo-1,4-b-D-glucanase [Oryza sativa Japonica Group]	Oryza sativa Japonica Group	Blastx
SRR22534752	NODE_14522_length_392_cov_29.754875	38.5	392	1793	0.072504	1.32e-16	acc|GENBANK|CCQ71366.1|GENBANK|HF586479|hypothetical serine/threonine protein kinase [Cotesia congregata]	Cotesia congregata	Blastx
SRR22534752	NODE_21978_length_202_cov_1.343195	71.7	202	1298	0.046225	1.33e-16	acc|GENBANK|BAD34493.1|GENBANK|AB162659|Gag-Pol [Ipomoea batatas]	Ipomoea batatas	Blastx
SRR22534752	NODE_45271_length_1446_cov_6.535032	64.7	1446	91	0.747253	1.40e-16	acc|GENBANK|WVM35058.1|GENBANK|PP265940|Ribonucleoside-diphosphate reductase (2) [Monkeypox virus]	Monkeypox virus	Blastx
SRR22534752	NODE_4327_length_839_cov_17.157568	29.2	839	368	0.641304	1.42e-16	acc|GENBANK|QFG73671.1|GENBANK|MN448266|peptidase family M20/M25/M40 [Megaviridae environmental sample]	Megaviridae environmental sample	Blastx
SRR22534752	NODE_7647_length_616_cov_17.975986	38.3	616	647	0.217929	1.45e-16	acc|GENBANK|AYV86775.1|GENBANK|MK072515|CMGC/MAPK protein kinase, variant 1 [Sylvanvirus sp.]	Sylvanvirus sp.	Blastx
SRR22534752	NODE_21860_length_208_cov_2.634286	58.7	208	1078	0.058442	1.45e-16	acc|GENBANK|QYA18716.1|GENBANK|MZ420154|DNA-directed RNA polymerase II subunit 1 [Clandestinovirus]	Clandestinovirus	Blastx
SRR22534752	NODE_19700_length_708_cov_4.280000	30.7	708	502	0.396414	1.50e-16	acc|GENBANK|QIG60155.1|GENBANK|MN940580|2-polyprenylphenol 6-hydroxylase [Dishui Lake large algae virus 1]	Dishui Lake large algae virus 1	Blastx
SRR22534752	NODE_2007_length_423_cov_17.992308	42.5	423	459	0.246187	1.51e-16	acc|GENBANK|BBI30359.1|GENBANK|AP018495|beta-galactosidase [Acanthamoeba castellanii medusavirus J1]	Acanthamoeba castellanii medusavirus J1	Blastx
SRR22534752	NODE_3258_length_278_cov_5.657143	55.9	278	316	0.215190	1.52e-16	acc|REFSEQ|YP_009449055.1|REFSEQ|NC_036594|ribonucleotide reductase large subunit [Orpheovirus IHUMI-LCC2]	Orpheovirus IHUMI-LCC2	Blastx
SRR22534752	NODE_1743_length_906_cov_18.965636	30.9	906	595	0.440336	1.54e-16	acc|GENBANK|QYB17777.1|GENBANK|MZ440852|histidinol-phosphate aminotransferase [Pacmanvirus S19]	Pacmanvirus S19	Blastx
SRR22534752	NODE_43999_length_1048_cov_11.176355	26.1	1048	285	0.835088	1.63e-16	acc|GENBANK|ABQ43485.1|NEIGHBOR|EF420156|monoglyceride lipase [Tanapox virus]	Tanapox virus	Blastx
SRR22534752	NODE_18268_length_1152_cov_14.462913	24.5	1152	324	1.058642	1.67e-16	acc|REFSEQ|YP_010780174.1|REFSEQ|NC_075038|NAD-dependent dehydratase [Tupanvirus deep ocean]	Tupanvirus deep ocean	Blastx
SRR22534752	NODE_1964_length_536_cov_28.073559	47.8	536	630	0.146032	1.67e-16	acc|REFSEQ|YP_004061438.1|REFSEQ|NC_014765|hypothetical protein [Bathycoccus sp. RCC1105 virus BpV1]	Bathycoccus sp. RCC1105 virus BpV1	Blastx
SRR22534752	NODE_2062_length_815_cov_25.515345	30.2	815	483	0.412008	1.69e-16	acc|GENBANK|AYV80388.1|GENBANK|MK072243|cytochrome P450 704B1 [Harvfovirus sp.]	Harvfovirus sp.	Blastx
SRR22534752	NODE_25458_length_338_cov_4.547541	44.7	338	321	0.264798	1.72e-16	acc|GENBANK|AYV78934.1|GENBANK|MK072118|putative DnaJ-like protein subfamily B member 1 [Edafosvirus sp.]	Edafosvirus sp.	Blastx
SRR22534752	NODE_27169_length_271_cov_3.642857	59.6	271	896	0.063616	1.82e-16	acc|GENBANK|QCC26837.1|GENBANK|MK532524|RLX_Jeli-encoded protein [Zea mays]	Zea mays	Blastx
SRR22534752	NODE_6662_length_1009_cov_17.482582	24.5	1009	448	0.647321	1.88e-16	acc|GENBANK|QQV29731.1|GENBANK|MT334784|hypothetical protein [Kaumoebavirus]	Kaumoebavirus	Blastx
SRR22534752	NODE_17900_length_634_cov_125.717138	42.1	634	253	0.450593	1.92e-16	acc|GENBANK|QFG74715.1|GENBANK|MN448290|triosephosphate isomerase [Megaviridae environmental sample]	Megaviridae environmental sample	Blastx
SRR22534752	NODE_33280_length_517_cov_4.407025	35.2	517	925	0.131892	2.02e-16	acc|GENBANK|ABY48139.1|GENBANK|EU306659|NORK [Medicago truncatula]	Medicago truncatula	Blastx
SRR22534752	NODE_20745_length_971_cov_6.710021	30.8	971	304	0.641447	2.05e-16	acc|GENBANK|BFT93184.1|GENBANK|LC847964|nudix hydrolase [Medusavirus sp. 'euryale']	Medusavirus sp. 'euryale'	Blastx
SRR22534752	NODE_39547_length_382_cov_4.166189	63.4	382	728	0.097527	2.07e-16	acc|GENBANK|QFR35755.1|GENBANK|MK737813|phytochrome B [Chandrasekharania keralensis]	Chandrasekharania keralensis	Blastx
SRR22534752	NODE_25674_length_288_cov_5.243137	71.4	288	382	0.128272	2.11e-16	acc|GENBANK|AAB31930.2|GENBANK|S74099|v-myb product [Avian myeloblastosis virus]	Avian myeloblastosis virus	Blastx
SRR22534752	NODE_8961_length_735_cov_32.376068	37.0	735	233	0.592275	2.14e-16	acc|GENBANK|QBK85221.1|GENBANK|MK500309|2OG-Fe(II) oxygenase superfamily protein [Iridovirus LCIVAC01]	Iridovirus LCIVAC01	Blastx
SRR22534752	NODE_17770_length_1323_cov_13.368992	26.4	1323	333	0.897898	2.30e-16	acc|GENBANK|QDY52116.1|GENBANK|MK250087|D-isomer specific 2-hydroxyacid dehydrogenase, [Mimiviridae sp. ChoanoV1]	Mimiviridae sp. ChoanoV1	Blastx
SRR22534752	NODE_28287_length_356_cov_1.170279	75.6	356	177	0.254237	2.33e-16	acc|GENBANK|ABK32208.1|GENBANK|DQ890165|VRN3 [Triticum aestivum]	Triticum aestivum	Blastx
SRR22534752	NODE_45368_length_730_cov_12.299857	28.3	730	334	0.676647	2.38e-16	acc|REFSEQ|NP_073534.1|REFSEQ|NC_002642|149R protein [Yaba-like disease virus]	Yaba-like disease virus	Blastx
SRR22534752	NODE_15245_length_806_cov_5.886158	58.6	806	183	0.382514	2.38e-16	acc|REFSEQ|YP_009465880.1|REFSEQ|NC_037057|hypothetical protein [Dishui lake phycodnavirus 1]	Dishui lake phycodnavirus 1	Blastx
SRR22534752	NODE_6577_length_461_cov_5.177570	32.5	461	498	0.413655	2.41e-16	acc|REFSEQ|YP_010781610.1|REFSEQ|NC_075039|hypothetical protein [Tupanvirus soda lake]	Tupanvirus soda lake	Blastx
SRR22534752	NODE_8662_length_1211_cov_19.040747	28.7	1211	403	0.483871	2.44e-16	acc|GENBANK|AYV82314.1|GENBANK|MK072360|translation initiation factor 4A-III [Homavirus sp.]	Homavirus sp.	Blastx
SRR22534752	NODE_49024_length_240_cov_1.130435	72.0	240	53	0.943396	2.47e-16	acc|GENBANK|XDO01897.1|GENBANK|PP542043|Ubiquitin-60S Ribosomal Protein L40 [Florenciella sp. virus SA2]	Florenciella sp. virus SA2	Blastx
SRR22534752	NODE_34450_length_230_cov_6.984772	65.4	230	206	0.252427	2.48e-16	acc|GENBANK|AYV76278.1|GENBANK|MK071983|hypothetical protein [Terrestrivirus sp.]	Terrestrivirus sp.	Blastx
SRR22534752	NODE_49129_length_243_cov_5.009524	53.8	243	353	0.184136	2.61e-16	acc|GENBANK|AYV84281.1|GENBANK|MK072403|hypothetical protein [Hyperionvirus sp.]	Hyperionvirus sp.	Blastx
SRR22534752	NODE_49099_length_488_cov_10.408791	51.9	488	182	0.423077	2.70e-16	acc|GENBANK|AYP74189.1|GENBANK|MG702259|HAL3-like domain protein [Fowlpox virus]	Fowlpox virus	Blastx
SRR22534752	NODE_47051_length_452_cov_18.427208	55.7	452	183	0.382514	2.70e-16	acc|REFSEQ|YP_009465880.1|REFSEQ|NC_037057|hypothetical protein [Dishui lake phycodnavirus 1]	Dishui lake phycodnavirus 1	Blastx
SRR22534752	NODE_16275_length_734_cov_16.469330	28.0	734	575	0.490435	2.73e-16	acc|GENBANK|CAE02704.1|GENBANK|AJ575660|putative sugar transporter [Yarrowia lipolytica]	Yarrowia lipolytica	Blastx
SRR22534752	NODE_44533_length_1691_cov_5.059107	31.3	1691	403	0.657568	2.81e-16	acc|REFSEQ|YP_009448705.1|REFSEQ|NC_036594|Phenylalanyl-tRNA synthetase [Orpheovirus IHUMI-LCC2]	Orpheovirus IHUMI-LCC2	Blastx
SRR22534752	NODE_18459_length_311_cov_43.492806	50.0	311	518	0.193050	2.84e-16	acc|GENBANK|QPI16131.1|GENBANK|MW030532|hypothetical protein [Virus NIOZ-UU157]	Virus NIOZ-UU157	Blastx
SRR22534752	NODE_12555_length_723_cov_20.891304	33.7	723	326	0.555215	2.88e-16	acc|GENBANK|BCU03398.1|GENBANK|LC625835|haloacid dehydrogenase [Pandoravirus japonicus]	Pandoravirus japonicus	Blastx
SRR22534752	NODE_8376_length_932_cov_3.547275	31.6	932	387	0.532300	2.91e-16	acc|GENBANK|AYV84290.1|GENBANK|MK072403|hypothetical protein [Hyperionvirus sp.]	Hyperionvirus sp.	Blastx
SRR22534752	NODE_14782_length_522_cov_10.627812	34.0	522	925	0.175135	2.92e-16	acc|GENBANK|ABY48139.1|GENBANK|EU306659|NORK [Medicago truncatula]	Medicago truncatula	Blastx
SRR22534752	NODE_6632_length_337_cov_2.960526	40.0	337	724	0.151934	3.06e-16	acc|GENBANK|ADK47523.1|GENBANK|HM124452|NBS3-RDG2A [Hordeum vulgare subsp. vulgare]	Hordeum vulgare subsp. vulgare	Blastx
SRR22534752	NODE_22312_length_254_cov_1.470588	59.6	254	97	0.587629	3.11e-16	acc|GENBANK|BAD43167.1|GENBANK|AK175404|copia-type reverse transcriptase-like protein [Arabidopsis thaliana]	Arabidopsis thaliana	Blastx
SRR22534752	NODE_23013_length_314_cov_3.213523	40.4	314	925	0.117838	3.15e-16	acc|GENBANK|ABY48139.1|GENBANK|EU306659|NORK [Medicago truncatula]	Medicago truncatula	Blastx
SRR22534752	NODE_4530_length_881_cov_35.753538	28.4	881	207	0.985507	3.21e-16	acc|GENBANK|WZO80473.1|GENBANK|PP681875|protein Thf1 [Chlorovirus sp.]	Chlorovirus sp.	Blastx
SRR22534752	NODE_36910_length_851_cov_5.731051	30.5	851	1076	0.219331	3.23e-16	acc|REFSEQ|YP_010780508.1|REFSEQ|NC_075038|putative DNA mismatch repair protein muts-like [Tupanvirus deep ocean]	Tupanvirus deep ocean	Blastx
SRR22534752	NODE_7163_length_938_cov_12.258564	34.0	938	567	0.264550	3.24e-16	acc|GENBANK|QYA18790.1|GENBANK|MZ420154|RuvB-like chromatin remodeling ATPase [Clandestinovirus]	Clandestinovirus	Blastx
SRR22534752	NODE_990_length_769_cov_17.994565	45.2	769	179	0.469274	3.35e-16	acc|GENBANK|ARF11237.1|GENBANK|KY684108|ubiquitin-conjugating enzyme E2 [Klosneuvirus KNV1]	Klosneuvirus KNV1	Blastx
SRR22534752	NODE_133_length_481_cov_3.662946	34.3	481	727	0.228336	3.38e-16	acc|GENBANK|ADB85269.1|GENBANK|GQ252805|putative lectin-like protein kinase [Phyllostachys edulis]	Phyllostachys edulis	Blastx
SRR22534752	NODE_3193_length_454_cov_10.353919	37.1	454	1019	0.137390	3.58e-16	acc|GENBANK|ABZ80022.1|NEIGHBOR|EU410304|beta-D-galactosidase [synthetic Vaccinia virus]	synthetic Vaccinia virus	Blastx
SRR22534752	NODE_43271_length_429_cov_6.277778	47.8	429	733	0.122783	3.60e-16	acc|GENBANK|CCQ71393.1|GENBANK|HF586480|hypothetical cysteinyl-tRNA synthetase CARS [Cotesia congregata]	Cotesia congregata	Blastx
SRR22534752	NODE_19145_length_702_cov_3.381166	30.8	702	507	0.358974	3.63e-16	acc|GENBANK|QHN71152.1|GENBANK|MN812837|cytochrome P450 domain protein [Mollivirus kamchatka]	Mollivirus kamchatka	Blastx
SRR22534752	NODE_36949_length_544_cov_9.144814	37.1	544	447	0.319911	3.66e-16	acc|REFSEQ|NP_077596.1|REFSEQ|NC_002687|serine-threonine kinase [Ectocarpus siliculosus virus 1]	Ectocarpus siliculosus virus 1	Blastx
SRR22534752	NODE_5741_length_432_cov_3.177945	36.8	432	1033	0.110358	3.86e-16	acc|REFSEQ|YP_010782239.1|REFSEQ|NC_075039|putative ATP-citrate synthase [Tupanvirus soda lake]	Tupanvirus soda lake	Blastx
SRR22534752	NODE_20645_length_234_cov_1.726368	54.9	234	640	0.110937	3.86e-16	acc|GENBANK|AAC18777.1|GENBANK|U22103|gag-protease polyprotein [Glycine max]	Glycine max	Blastx
SRR22534752	NODE_43471_length_1243_cov_5.224793	38.0	1243	794	0.188917	4.01e-16	acc|GENBANK|AYV76328.1|GENBANK|MK071983|putative exonuclease [Terrestrivirus sp.]	Terrestrivirus sp.	Blastx
SRR22534752	NODE_35957_length_338_cov_2.462295	34.0	338	150	0.706667	4.08e-16	acc|REFSEQ|YP_003969734.1|REFSEQ|NC_014637|putative ubiquitin-conjugating enzyme E2 [Cafeteria roenbergensis virus BV-PW1]	Cafeteria roenbergensis virus BV-PW1	Blastx
SRR22534752	NODE_47157_length_776_cov_14.068641	30.5	776	737	0.191316	4.16e-16	acc|GENBANK|CCQ71381.1|GENBANK|HF586479|hypothetical cystein protease Calpain-B [Cotesia congregata]	Cotesia congregata	Blastx
SRR22534752	NODE_6740_length_333_cov_13.246667	53.1	333	421	0.192399	4.37e-16	acc|GENBANK|AGP03657.1|GENBANK|KF220834|integrase-type DNA-binding superfamily protein [Glycine max]	Glycine max	Blastx
SRR22534752	NODE_40409_length_593_cov_5.237500	34.8	593	395	0.356962	4.52e-16	acc|GENBANK|AYV79137.1|GENBANK|MK072134|serine/threonine protein kinase [Faunusvirus sp.]	Faunusvirus sp.	Blastx
SRR22534752	NODE_18202_length_591_cov_4.216846	44.7	591	1643	0.057212	4.55e-16	acc|GENBANK|AHA46230.1|GENBANK|KF527888|serine/threonine protein kinase [Insectomime virus]	Insectomime virus	Blastx
SRR22534752	NODE_2701_length_451_cov_5.715311	36.0	451	759	0.131752	4.56e-16	acc|GENBANK|ACN78962.1|GENBANK|FJ225394|methyltransferase [Glycine max]	Glycine max	Blastx
SRR22534752	NODE_36669_length_295_cov_1.358779	45.9	295	759	0.129117	4.61e-16	acc|GENBANK|ACN78962.1|GENBANK|FJ225394|methyltransferase [Glycine max]	Glycine max	Blastx
SRR22534752	NODE_17857_length_556_cov_2.022945	32.3	556	521	0.303263	4.79e-16	acc|REFSEQ|YP_008437357.1|REFSEQ|NC_022098|Cytochrome P450 [Pandoravirus salinus]	Pandoravirus salinus	Blastx
SRR22534752	NODE_24982_length_452_cov_3.009547	33.9	452	447	0.270694	5.03e-16	acc|REFSEQ|NP_077596.1|REFSEQ|NC_002687|serine-threonine kinase [Ectocarpus siliculosus virus 1]	Ectocarpus siliculosus virus 1	Blastx
SRR22534752	NODE_27128_length_374_cov_2.627566	35.1	374	114	0.973684	5.03e-16	acc|GENBANK|AUV58322.1|GENBANK|MG779325|zinc-type alcohol dehydrogenase [Bandra megavirus]	Bandra megavirus	Blastx
SRR22534752	NODE_18036_length_355_cov_2.704969	45.6	355	630	0.180952	5.13e-16	acc|REFSEQ|YP_009001225.1|REFSEQ|NC_023423|ABC transporter [Pithovirus sibericum]	Pithovirus sibericum	Blastx
SRR22534752	NODE_176_length_1053_cov_33.981373	30.1	1053	498	0.453815	5.19e-16	acc|GENBANK|XHA59766.1|GENBANK|OR863077|thermosome [Poseidoniales virus]	Poseidoniales virus	Blastx
SRR22534752	NODE_32893_length_457_cov_2.563679	46.4	457	1946	0.043165	5.28e-16	acc|GENBANK|ADB85424.1|GENBANK|GQ252887|putative retrotransposon protein [Phyllostachys edulis]	Phyllostachys edulis	Blastx
SRR22534752	NODE_15218_length_1262_cov_9.902360	25.5	1262	735	0.421769	5.47e-16	acc|REFSEQ|YP_010782486.1|REFSEQ|NC_075039|1-deoxy-D-xylulose-5-phosphate synthase [Tupanvirus soda lake]	Tupanvirus soda lake	Blastx
SRR22534752	NODE_3825_length_725_cov_21.125723	31.5	725	978	0.188139	5.50e-16	acc|GENBANK|AYV78571.1|GENBANK|MK072083|ubiquitin-activating enzyme E1 [Edafosvirus sp.]	Edafosvirus sp.	Blastx
SRR22534752	NODE_91_length_1229_cov_3.752508	28.8	1229	303	0.676568	5.53e-16	acc|GENBANK|BBI30570.1|GENBANK|AP018495|nudix hydrolase [Acanthamoeba castellanii medusavirus J1]	Acanthamoeba castellanii medusavirus J1	Blastx
SRR22534752	NODE_11657_length_535_cov_22.972112	43.2	535	109	0.807339	5.65e-16	acc|GENBANK|QDY51808.1|GENBANK|MK250085|thioredoxin [Mimiviridae sp. ChoanoV1]	Mimiviridae sp. ChoanoV1	Blastx
SRR22534752	NODE_804_length_390_cov_13.619048	48.4	390	651	0.139785	5.77e-16	acc|GENBANK|QBK86751.1|GENBANK|MK500335|uncharacterized protein [Marseillevirus LCMAC103]	Marseillevirus LCMAC103	Blastx
SRR22534752	NODE_35641_length_244_cov_1.170616	51.3	244	330	0.242424	5.83e-16	acc|GENBANK|AYV85933.1|GENBANK|MK072490|GDP-mannose 4,6-dehydratase [Solivirus sp.]	Solivirus sp.	Blastx
SRR22534752	NODE_42331_length_813_cov_2.655128	35.3	813	520	0.255769	6.22e-16	acc|GENBANK|APO14197.1|GENBANK|KX098475|truncated DELLA protein [Setaria italica]	Setaria italica	Blastx
SRR22534752	NODE_19412_length_1207_cov_11.995741	29.5	1207	222	0.932432	6.28e-16	acc|GENBANK|AYV75457.1|GENBANK|MK071979|transmembrane protein [Terrestrivirus sp.]	Terrestrivirus sp.	Blastx
SRR22534752	NODE_1226_length_583_cov_95.361818	35.5	583	299	0.565217	6.45e-16	acc|GENBANK|QBK91775.1|GENBANK|MK500565|mitochondrial carrier-like protein [Pithovirus LCPAC304]	Pithovirus LCPAC304	Blastx
SRR22534752	NODE_7272_length_795_cov_8.396325	39.3	795	276	0.322464	6.56e-16	acc|GENBANK|ABV29330.1|GENBANK|EU126948|truncated bromodomain-containing protein 2b [Danio rerio]	Danio rerio	Blastx
SRR22534752	NODE_37552_length_230_cov_3.050761	57.1	230	604	0.115894	6.63e-16	acc|GENBANK|ABH08432.1|GENBANK|DQ851167|putative non-inducible immunity 1 [Beta vulgaris]	Beta vulgaris	Blastx
SRR22534752	NODE_2486_length_865_cov_70.801683	30.6	865	383	0.477807	6.66e-16	acc|GENBANK|AJA91762.1|GENBANK|KM434202|dihydroflavonol 4-reductase [Allium cepa]	Allium cepa	Blastx
SRR22534752	NODE_36573_length_525_cov_4.754065	31.5	525	410	0.395122	6.85e-16	acc|GENBANK|QFG74328.1|GENBANK|MN448286|pyridoxal-phosphate dependent enzyme [Megaviridae environmental sample]	Megaviridae environmental sample	Blastx
SRR22534752	NODE_33902_length_582_cov_5.429872	31.3	582	281	0.647687	7.09e-16	acc|GENBANK|AAV50967.1|NEIGHBOR|AY653733|P13-like protein [Acanthamoeba polyphaga mimivirus]	Acanthamoeba polyphaga mimivirus	Blastx
SRR22534752	NODE_17622_length_617_cov_15.604452	38.3	617	845	0.151479	7.11e-16	acc|GENBANK|AYV77843.1|GENBANK|MK072067|mimivirus elongation factor aef-2 [Edafosvirus sp.]	Edafosvirus sp.	Blastx
SRR22534752	NODE_17736_length_1699_cov_15.180672	22.1	1699	1140	0.412281	7.14e-16	acc|GENBANK|AUF82288.1|GENBANK|KY322437|DNA-directed RNA polymerase II subunit Rpb2 [Tetraselmis virus 1]	Tetraselmis virus 1	Blastx
SRR22534752	NODE_14006_length_288_cov_3.666667	51.4	288	527	0.140417	7.66e-16	acc|GENBANK|QFG74393.1|GENBANK|MN448287|ABC transporter [Megaviridae environmental sample]	Megaviridae environmental sample	Blastx
SRR22534752	NODE_242_length_743_cov_9.960563	34.6	743	647	0.236476	7.68e-16	acc|GENBANK|AYV86775.1|GENBANK|MK072515|CMGC/MAPK protein kinase, variant 1 [Sylvanvirus sp.]	Sylvanvirus sp.	Blastx
SRR22534752	NODE_19037_length_714_cov_10.619677	30.2	714	585	0.401709	8.09e-16	acc|GENBANK|SPN79811.1|GENBANK|LT994651|ABC2 type transporter superfamily protein [Brazilian cedratvirus IHUMI]	Brazilian cedratvirus IHUMI	Blastx
SRR22534752	NODE_39048_length_272_cov_2.393305	50.8	272	170	0.382353	8.12e-16	acc|REFSEQ|YP_003358229.2|REFSEQ|NC_013668|nucleoside diphosphate kinase [Anguillid herpesvirus 1]	Anguillid herpesvirus 1	Blastx
SRR22534752	NODE_42523_length_801_cov_6.773438	29.9	801	559	0.275492	8.21e-16	acc|GENBANK|AYV76247.1|GENBANK|MK071983|xaa-Pro dipeptidase-like protein [Terrestrivirus sp.]	Terrestrivirus sp.	Blastx
SRR22534752	NODE_19111_length_1410_cov_8.381990	33.6	1410	677	0.211226	8.25e-16	acc|REFSEQ|YP_010781593.1|REFSEQ|NC_075039|HrpA-like helicase [Tupanvirus soda lake]	Tupanvirus soda lake	Blastx
SRR22534752	NODE_19406_length_1072_cov_22.517806	33.1	1072	479	0.352818	9.61e-16	acc|GENBANK|QIG59696.1|GENBANK|MN940578|helicase [Dishui Lake phycodnavirus 3]	Dishui Lake phycodnavirus 3	Blastx
SRR22534752	NODE_10125_length_829_cov_19.370603	37.6	829	313	0.399361	9.61e-16	acc|GENBANK|AYV84158.1|GENBANK|MK072400|peptide-methionine (R)-S-oxide reductase [Hyperionvirus sp.]	Hyperionvirus sp.	Blastx
SRR22534752	NODE_411_length_1037_cov_16.999004	24.8	1037	464	0.642241	1.04e-15	acc|GENBANK|QFG73838.1|GENBANK|MN448271|oxidoreductase molybdopterin binding domain [Megaviridae environmental sample]	Megaviridae environmental sample	Blastx
SRR22534752	NODE_19835_length_474_cov_6.319728	53.5	474	759	0.093544	1.10e-15	acc|GENBANK|ACN78962.1|GENBANK|FJ225394|methyltransferase [Glycine max]	Glycine max	Blastx
SRR22534752	NODE_16222_length_882_cov_3.159011	45.8	882	2037	0.047128	1.11e-15	acc|GENBANK|ABG37663.1|GENBANK|DQ536170|CCHC-type integrase [Populus trichocarpa]	Populus trichocarpa	Blastx
SRR22534752	NODE_28922_length_224_cov_3.507853	54.1	224	850	0.087059	1.15e-15	acc|GENBANK|AGE55605.1|GENBANK|JX997174|calcium-transporting ATPase, plasma [Acanthocystis turfacea Chlorella virus MN0810.1]	Acanthocystis turfacea Chlorella virus MN0810.1	Blastx
SRR22534752	NODE_6471_length_371_cov_2.248521	63.6	371	759	0.072464	1.16e-15	acc|GENBANK|ACN78962.1|GENBANK|FJ225394|methyltransferase [Glycine max]	Glycine max	Blastx
SRR22534752	NODE_349_length_982_cov_42.374078	47.5	982	183	0.551913	1.17e-15	acc|REFSEQ|YP_009465880.1|REFSEQ|NC_037057|hypothetical protein [Dishui lake phycodnavirus 1]	Dishui lake phycodnavirus 1	Blastx
SRR22534752	NODE_7166_length_294_cov_3.375479	49.4	294	850	0.097647	1.18e-15	acc|GENBANK|WZO85486.1|GENBANK|PP681889|calcium-transporting ATPase, plasma [Chlorovirus sp.]	Chlorovirus sp.	Blastx
SRR22534752	NODE_45382_length_1237_cov_11.936047	27.2	1237	403	0.593052	1.19e-15	acc|GENBANK|AYV82314.1|GENBANK|MK072360|translation initiation factor 4A-III [Homavirus sp.]	Homavirus sp.	Blastx
SRR22534752	NODE_19564_length_941_cov_9.810573	21.5	941	470	0.612766	1.19e-15	acc|REFSEQ|YP_009448636.1|REFSEQ|NC_036594|Cytochrome P450-like protein E-class [Orpheovirus IHUMI-LCC2]	Orpheovirus IHUMI-LCC2	Blastx
SRR22534752	NODE_12722_length_589_cov_37.501799	62.7	589	508	0.131890	1.19e-15	acc|GENBANK|AWA44804.1|GENBANK|MH182523|hypothetical protein [Saccharum officinarum]	Saccharum officinarum	Blastx
SRR22534752	NODE_24600_length_409_cov_2.430851	39.6	409	520	0.257692	1.25e-15	acc|GENBANK|APO14197.1|GENBANK|KX098475|truncated DELLA protein [Setaria italica]	Setaria italica	Blastx
SRR22534752	NODE_4614_length_280_cov_108.502024	42.2	280	383	0.216710	1.30e-15	acc|GENBANK|AJA91762.1|GENBANK|KM434202|dihydroflavonol 4-reductase [Allium cepa]	Allium cepa	Blastx
SRR22534752	NODE_36604_length_1196_cov_4.239037	29.8	1196	1508	0.120027	1.33e-15	acc|GENBANK|CAJ00278.1|GENBANK|AJ966990|hypothetical protein [Lotus japonicus]	Lotus japonicus	Blastx
SRR22534752	NODE_39574_length_395_cov_3.712707	38.2	395	270	0.407407	1.33e-15	acc|GENBANK|QKF94550.1|GENBANK|MT418680|alpha/beta hydrolase family protein [Fadolivirus FV1/VV64]	Fadolivirus FV1/VV64	Blastx
SRR22534752	NODE_24459_length_628_cov_2.208403	35.8	628	593	0.296796	1.34e-15	acc|GENBANK|WIL04310.1|GENBANK|OQ413577|ABC2 type transporter [Cedratvirus lena]	Cedratvirus lena	Blastx
SRR22534752	NODE_9090_length_672_cov_26.505477	31.3	672	327	0.498471	1.35e-15	acc|GENBANK|QKF94686.1|GENBANK|MT418680|NADP-dependent oxidoreductase [Fadolivirus FV1/VV64]	Fadolivirus FV1/VV64	Blastx
SRR22534752	NODE_23208_length_642_cov_3.824302	61.4	642	508	0.137795	1.40e-15	acc|GENBANK|AWA44804.1|GENBANK|MH182523|hypothetical protein [Saccharum officinarum]	Saccharum officinarum	Blastx
SRR22534752	NODE_44827_length_658_cov_7.665600	39.7	658	855	0.153216	1.41e-15	acc|GENBANK|AYV84625.1|GENBANK|MK072413|mimivirus elongation factor aef-2 [Hyperionvirus sp.]	Hyperionvirus sp.	Blastx
SRR22534752	NODE_19790_length_679_cov_6.719814	30.7	679	4062	0.052191	1.46e-15	acc|GENBANK|QOR60750.1|GENBANK|MK522039|hypothetical protein [Bathycoccus sp. RCC716 virus 3]	Bathycoccus sp. RCC716 virus 3	Blastx
SRR22534752	NODE_48509_length_220_cov_2.502674	56.7	220	916	0.073144	1.51e-15	acc|GENBANK|QKF93616.1|GENBANK|MT418680|leucyl-tRNA synthetase class IA [Fadolivirus FV1/VV64]	Fadolivirus FV1/VV64	Blastx
SRR22534752	NODE_33828_length_420_cov_5.697674	54.2	420	183	0.393443	1.53e-15	acc|REFSEQ|YP_009465880.1|REFSEQ|NC_037057|hypothetical protein [Dishui lake phycodnavirus 1]	Dishui lake phycodnavirus 1	Blastx
SRR22534752	NODE_1626_length_666_cov_11.668246	40.0	666	353	0.311615	1.64e-15	acc|GENBANK|AYV77002.1|GENBANK|MK072004|metallopeptidase family M24 [Barrevirus sp.]	Barrevirus sp.	Blastx
SRR22534752	NODE_34572_length_543_cov_3.547059	35.5	543	870	0.178161	1.67e-15	acc|GENBANK|WZO80172.1|GENBANK|PP681875|plasma membrane calcium-transporting ATPase [Chlorovirus sp.]	Chlorovirus sp.	Blastx
SRR22534752	NODE_23136_length_518_cov_4.092784	54.7	518	360	0.208333	1.67e-15	acc|GENBANK|QPI16529.1|GENBANK|MW030574|chaperone protein [Virus NIOZ-UU159]	Virus NIOZ-UU159	Blastx
SRR22534752	NODE_4411_length_1740_cov_15.107206	31.5	1740	500	0.400000	1.78e-15	acc|GENBANK|AYV86945.1|GENBANK|MK072521|ubiquitin protein ligase E3 component n-recognin [Sylvanvirus sp.]	Sylvanvirus sp.	Blastx
SRR22534752	NODE_1638_length_713_cov_9.525000	31.7	713	325	0.612308	1.78e-15	acc|GENBANK|AYV75307.1|GENBANK|MK071979|hypothetical protein [Terrestrivirus sp.]	Terrestrivirus sp.	Blastx
SRR22534752	NODE_16528_length_888_cov_6.933333	31.1	888	268	0.600746	1.93e-15	acc|GENBANK|BFL61298.1|GENBANK|LC813553|uridine kinase [Moumouvirus lavasanguinem]	Moumouvirus lavasanguinem	Blastx
SRR22534752	NODE_40558_length_350_cov_5.933754	54.5	350	183	0.360656	1.93e-15	acc|REFSEQ|YP_009465880.1|REFSEQ|NC_037057|hypothetical protein [Dishui lake phycodnavirus 1]	Dishui lake phycodnavirus 1	Blastx
SRR22534752	NODE_42047_length_454_cov_15.562945	28.7	454	480	0.312500	1.95e-15	acc|GENBANK|QPI16798.1|GENBANK|MW030606|BT1 family protein [Virus NIOZ-UU159]	Virus NIOZ-UU159	Blastx
SRR22534752	NODE_40186_length_697_cov_7.259036	29.3	697	478	0.571130	2.05e-15	acc|GENBANK|AAK84479.1|GENBANK|AF275345|putative auxin growth promotor protein [Solanum lycopersicum]	Solanum lycopersicum	Blastx
SRR22534752	NODE_8876_length_442_cov_12.034230	41.8	442	1632	0.067402	2.08e-15	acc|GENBANK|QVY47413.1|NEIGHBOR|MW080813|p194 [Agapanthus tungrovirus]	Agapanthus tungrovirus	Blastx
SRR22534752	NODE_45480_length_1087_cov_11.400380	28.4	1087	222	0.936937	2.09e-15	acc|GENBANK|AYV75457.1|GENBANK|MK071979|transmembrane protein [Terrestrivirus sp.]	Terrestrivirus sp.	Blastx
SRR22534752	NODE_37774_length_245_cov_3.212264	51.3	245	759	0.100132	2.09e-15	acc|GENBANK|ACN78962.1|GENBANK|FJ225394|methyltransferase [Glycine max]	Glycine max	Blastx
SRR22534752	NODE_50228_length_276_cov_1.925926	42.6	276	447	0.210291	2.12e-15	acc|REFSEQ|NP_077596.1|REFSEQ|NC_002687|serine-threonine kinase [Ectocarpus siliculosus virus 1]	Ectocarpus siliculosus virus 1	Blastx
SRR22534752	NODE_39929_length_298_cov_6.562264	61.4	298	327	0.174312	2.17e-15	acc|GENBANK|QFG73901.1|GENBANK|MN448274|papain family cysteine protease [Megaviridae environmental sample]	Megaviridae environmental sample	Blastx
SRR22534752	NODE_16140_length_996_cov_12.440291	37.6	996	230	0.613043	2.36e-15	acc|GENBANK|ADB85286.1|GENBANK|GQ252816|putative RNA-binding-like protein [Phyllostachys edulis]	Phyllostachys edulis	Blastx
SRR22534752	NODE_8634_length_1101_cov_13.224719	31.4	1101	243	0.695473	2.38e-15	acc|GENBANK|QPB44322.1|GENBANK|MW018138|BTB/POZ domain-containing protein [Medusavirus stheno T3]	Medusavirus stheno T3	Blastx
SRR22534752	NODE_11014_length_1230_cov_26.636591	23.4	1230	1000	0.381000	2.43e-15	acc|GENBANK|CAK7596888.1|GENBANK|OZ003748|Ubiquitin-activating enzyme E1 [Catovirus sp. 'naegleriensis']	Catovirus sp. 'naegleriensis'	Blastx
SRR22534752	NODE_8287_length_971_cov_15.288913	55.6	971	398	0.180905	2.45e-15	acc|GENBANK|AAV50532.1|NEIGHBOR|AY653733|Dnaj-like protein [Acanthamoeba polyphaga mimivirus]	Acanthamoeba polyphaga mimivirus	Blastx
SRR22534752	NODE_31838_length_317_cov_5.559859	39.2	317	120	0.808333	2.45e-15	acc|REFSEQ|YP_009118995.1|REFSEQ|NC_026440|ser/thr kinase [Pandoravirus inopinatum]	Pandoravirus inopinatum	Blastx
SRR22534752	NODE_43008_length_966_cov_6.391211	28.8	966	464	0.493534	2.46e-15	acc|GENBANK|QFG73838.1|GENBANK|MN448271|oxidoreductase molybdopterin binding domain [Megaviridae environmental sample]	Megaviridae environmental sample	Blastx
SRR22534752	NODE_20868_length_350_cov_2.198738	40.6	350	255	0.415686	2.46e-15	acc|GENBANK|BAM28750.1|GENBANK|AB623060|reverse transcriptase-like protein [Camellia sinensis var. sinensis]	Camellia sinensis var. sinensis	Blastx
SRR22534752	NODE_10876_length_334_cov_39.651163	43.1	334	562	0.181495	2.53e-15	acc|GENBANK|QDY52375.1|GENBANK|MK250091|asparagine synthase [Mimiviridae sp. ChoanoV1]	Mimiviridae sp. ChoanoV1	Blastx
SRR22534752	NODE_37555_length_258_cov_4.515556	53.4	258	678	0.107670	2.54e-15	acc|GENBANK|CCQ71325.1|GENBANK|HF586476|hypothetical kinesin-like protein KIF3 [Cotesia congregata]	Cotesia congregata	Blastx
SRR22534752	NODE_29913_length_258_cov_2.395556	85.4	258	1261	0.032514	2.60e-15	acc|GENBANK|ACN78974.1|GENBANK|FJ225394|retrotransposon protein [Glycine max]	Glycine max	Blastx
SRR22534752	NODE_18416_length_1297_cov_15.327532	25.5	1297	735	0.421769	2.62e-15	acc|REFSEQ|YP_010782486.1|REFSEQ|NC_075039|1-deoxy-D-xylulose-5-phosphate synthase [Tupanvirus soda lake]	Tupanvirus soda lake	Blastx
SRR22534752	NODE_38390_length_263_cov_1.186957	49.4	263	793	0.112232	2.66e-15	acc|GENBANK|BDT63291.1|GENBANK|LC738883|guanylate kinase-like protein [Armadillidium vulgare clopovirus]	Armadillidium vulgare clopovirus	Blastx
SRR22534752	NODE_13918_length_910_cov_22.452680	62.0	910	508	0.139764	2.75e-15	acc|GENBANK|AWA44804.1|GENBANK|MH182523|hypothetical protein [Saccharum officinarum]	Saccharum officinarum	Blastx
SRR22534752	NODE_3560_length_1558_cov_18.649180	32.3	1558	3648	0.043311	2.79e-15	acc|GENBANK|BFJ38647.1|GENBANK|LC810159|polyprotein [Togaviridae sp. PSNE-Toga]	Togaviridae sp. PSNE-Toga	Blastx
SRR22534752	NODE_50457_length_344_cov_1.504823	61.7	344	382	0.157068	2.80e-15	acc|GENBANK|AAB31930.2|GENBANK|S74099|v-myb product [Avian myeloblastosis virus]	Avian myeloblastosis virus	Blastx
SRR22534752	NODE_37257_length_477_cov_1.522523	34.6	477	724	0.179558	2.84e-15	acc|GENBANK|ADK47523.1|GENBANK|HM124452|NBS3-RDG2A [Hordeum vulgare subsp. vulgare]	Hordeum vulgare subsp. vulgare	Blastx
SRR22534752	NODE_13718_length_1146_cov_7.942498	30.2	1146	306	0.594771	2.85e-15	acc|GENBANK|ADX06521.1|GENBANK|HQ704804|putative ABC transporter related protein [Organic Lake phycodnavirus]	Organic Lake phycodnavirus	Blastx
SRR22534752	NODE_1325_length_400_cov_8.193460	40.0	400	335	0.358209	2.86e-15	acc|GENBANK|ABY48132.1|GENBANK|EU306659|GH1 protein [Medicago truncatula]	Medicago truncatula	Blastx
SRR22534752	NODE_2463_length_1030_cov_8.600802	25.7	1030	536	0.442164	3.02e-15	acc|GENBANK|QDY51930.1|GENBANK|MK250086|pyridoxal-dependent decarboxylase conserved [Mimiviridae sp. ChoanoV1]	Mimiviridae sp. ChoanoV1	Blastx
SRR22534752	NODE_31344_length_216_cov_4.579235	52.9	216	398	0.175879	3.02e-15	acc|GENBANK|AYV82736.1|GENBANK|MK072384|glutamate-5-semialdehyde dehydrogenase [Hyperionvirus sp.]	Hyperionvirus sp.	Blastx
SRR22534752	NODE_21520_length_366_cov_1.387387	57.1	366	351	0.199430	3.08e-15	acc|GENBANK|ABG22118.1|GENBANK|DQ644579|polyprotein [Hydrangea macrophylla]	Hydrangea macrophylla	Blastx
SRR22534752	NODE_6980_length_1862_cov_5.146528	26.9	1862	540	0.337037	3.23e-15	acc|REFSEQ|YP_009666618.1|REFSEQ|NC_043529|gta [Oxyplax ochracea nucleopolyhedrovirus]	Oxyplax ochracea nucleopolyhedrovirus	Blastx
SRR22534752	NODE_45210_length_634_cov_6.484193	31.5	634	502	0.398406	3.23e-15	acc|GENBANK|ARF08211.1|GENBANK|KY684083|aromatic amino acid lyase [Catovirus CTV1]	Catovirus CTV1	Blastx
SRR22534752	NODE_31359_length_384_cov_1.817664	58.8	384	128	0.531250	3.27e-15	acc|GENBANK|ADB85275.1|GENBANK|GQ252810|putative retrotransposon protein [Phyllostachys edulis]	Phyllostachys edulis	Blastx
SRR22534752	NODE_3094_length_480_cov_11.252796	63.0	480	160	0.287500	3.36e-15	acc|REFSEQ|YP_006607808.1|REFSEQ|NC_018504|cathepsin [Apocheima cinerarium nucleopolyhedrovirus]	Apocheima cinerarium nucleopolyhedrovirus	Blastx
SRR22534752	NODE_14507_length_563_cov_14.037736	62.9	563	290	0.213793	3.41e-15	acc|GENBANK|QMS43709.1|GENBANK|MT590730|tymovirus-like 45/70Kd protein [Betula platyphylla]	Betula platyphylla	Blastx
SRR22534752	NODE_464_length_307_cov_11.339416	77.8	307	203	0.266010	3.46e-15	acc|GENBANK|ACB45086.1|GENBANK|EU365381|CRT binding factor 3 [Solanum habrochaites]	Solanum habrochaites	Blastx
SRR22534752	NODE_37706_length_440_cov_5.498771	30.1	440	727	0.200825	3.47e-15	acc|GENBANK|ADB85269.1|GENBANK|GQ252805|putative lectin-like protein kinase [Phyllostachys edulis]	Phyllostachys edulis	Blastx
SRR22534752	NODE_21529_length_253_cov_1.845455	43.8	253	153	0.522876	3.52e-15	acc|GENBANK|QFG73633.1|GENBANK|MN448266|thioredoxin-like protein [Megaviridae environmental sample]	Megaviridae environmental sample	Blastx
SRR22534752	NODE_37814_length_560_cov_6.982922	34.8	560	430	0.320930	3.56e-15	acc|GENBANK|CAK7597111.1|GENBANK|OZ003748|Papain-like cysteine peptidase homologous [Catovirus sp. 'naegleriensis']	Catovirus sp. 'naegleriensis'	Blastx
SRR22534752	NODE_37704_length_273_cov_2.716667	45.6	273	276	0.326087	3.58e-15	acc|GENBANK|ACG38448.1|GENBANK|EU966330|retrotransposon protein Ty1-copia subclass [Zea mays]	Zea mays	Blastx
SRR22534752	NODE_31796_length_255_cov_1.238739	53.0	255	337	0.195846	3.67e-15	acc|GENBANK|QBK87928.1|GENBANK|MK500371|beta-propeller fold protein [Marseillevirus LCMAC202]	Marseillevirus LCMAC202	Blastx
SRR22534752	NODE_24027_length_216_cov_1.202186	54.3	216	2037	0.034364	3.75e-15	acc|GENBANK|ABG37663.1|GENBANK|DQ536170|CCHC-type integrase [Populus trichocarpa]	Populus trichocarpa	Blastx
SRR22534752	NODE_46988_length_275_cov_10.723140	45.9	275	443	0.191874	3.80e-15	acc|REFSEQ|YP_010782291.1|REFSEQ|NC_075039|alcohol dehydrogenase [Tupanvirus soda lake]	Tupanvirus soda lake	Blastx
SRR22534752	NODE_832_length_590_cov_26.043088	36.4	590	112	0.955357	3.82e-15	acc|REFSEQ|YP_009173244.1|REFSEQ|NC_028093|hypothetical protein [Ostreococcus lucimarinus virus 7]	Ostreococcus lucimarinus virus 7	Blastx
SRR22534752	NODE_1231_length_766_cov_49.311050	66.1	766	421	0.147268	3.84e-15	acc|GENBANK|AGP03657.1|GENBANK|KF220834|integrase-type DNA-binding superfamily protein [Glycine max]	Glycine max	Blastx
SRR22534752	NODE_49302_length_249_cov_1.083333	40.7	249	357	0.226891	3.87e-15	acc|GENBANK|ABB29305.1|GENBANK|DQ219419|NADPH-dependent reductase [Zea mays]	Zea mays	Blastx
SRR22534752	NODE_4415_length_915_cov_28.684807	38.5	915	264	0.560606	3.96e-15	acc|GENBANK|BBI30279.1|GENBANK|AP018495|BTB/POZ domain-containing protein [Acanthamoeba castellanii medusavirus J1]	Acanthamoeba castellanii medusavirus J1	Blastx
SRR22534752	NODE_28690_length_526_cov_3.991886	31.8	526	496	0.354839	4.13e-15	acc|GENBANK|ACN78958.1|GENBANK|FJ225394|dehydration responsive protein [Glycine max]	Glycine max	Blastx
SRR22534752	NODE_10941_length_246_cov_21.427230	80.4	246	379	0.121372	4.17e-15	acc|GENBANK|ADB85364.1|GENBANK|GQ252868|putative alcohol dehydrogenase 2 [Phyllostachys edulis]	Phyllostachys edulis	Blastx
SRR22534752	NODE_9390_length_940_cov_23.571114	34.2	940	411	0.469586	4.18e-15	acc|GENBANK|WZO84620.1|GENBANK|PP681887|NADH dehydrogenase [Chlorovirus sp.]	Chlorovirus sp.	Blastx
SRR22534752	NODE_48239_length_210_cov_1.322034	50.7	210	466	0.148069	4.39e-15	acc|GENBANK|ARJ31392.1|GENBANK|KY906028|putative ERV-F (C)1 provirus ancestral Env [Arabidopsis thaliana]	Arabidopsis thaliana	Blastx
SRR22534752	NODE_487_length_497_cov_19.165948	38.4	497	576	0.239583	4.46e-15	acc|GENBANK|QBK87887.1|GENBANK|MK500371|XRN 5'-3' exonuclease [Marseillevirus LCMAC202]	Marseillevirus LCMAC202	Blastx
SRR22534752	NODE_17521_length_745_cov_13.198034	26.2	745	234	1.076923	4.47e-15	acc|GENBANK|UOG94168.1|NEIGHBOR|OM876856|Tritrans [Aureococcus anophagefferens virus]	Aureococcus anophagefferens virus	Blastx
SRR22534752	NODE_30830_length_474_cov_4.095238	30.3	474	275	0.527273	4.62e-15	acc|GENBANK|AFX92476.1|GENBANK|JX975216|putative translation initiation factor 4a [Megavirus courdo11]	Megavirus courdo11	Blastx
SRR22534752	NODE_6757_length_364_cov_2.356495	52.4	364	471	0.133758	4.63e-15	acc|GENBANK|AFV13457.1|GENBANK|JQ314445|UDPG-flavonoid 3-O-glucosyl transferase [Tripsacum dactyloides]	Tripsacum dactyloides	Blastx
SRR22534752	NODE_24025_length_328_cov_1.189831	42.9	328	2037	0.048110	4.73e-15	acc|GENBANK|ABG37663.1|GENBANK|DQ536170|CCHC-type integrase [Populus trichocarpa]	Populus trichocarpa	Blastx
SRR22534752	NODE_10542_length_1460_cov_7.114926	29.8	1460	925	0.181622	4.81e-15	acc|GENBANK|ABY48139.1|GENBANK|EU306659|NORK [Medicago truncatula]	Medicago truncatula	Blastx
SRR22534752	NODE_13834_length_626_cov_6.153457	45.3	626	334	0.284431	4.89e-15	acc|GENBANK|QBK91883.1|GENBANK|MK500566|GDP-mannose 4,6 dehydratase [Pithovirus LCPAC304]	Pithovirus LCPAC304	Blastx
SRR22534752	NODE_5490_length_510_cov_59.207547	31.6	510	396	0.398990	5.07e-15	acc|GENBANK|QBK92180.1|GENBANK|MK500568|DEAD/DEAH box helicase [Pithovirus LCPAC304]	Pithovirus LCPAC304	Blastx
SRR22534752	NODE_10841_length_793_cov_10.996053	38.6	793	450	0.293333	5.18e-15	acc|GENBANK|QIZ31109.1|GENBANK|MN688676|hypothetical protein [Ostreococcus mediterraneus virus 2]	Ostreococcus mediterraneus virus 2	Blastx
SRR22534752	NODE_2040_length_548_cov_20.803883	34.8	548	590	0.238983	5.44e-15	acc|GENBANK|AYV86827.1|GENBANK|MK072516|CMGC/MAPK protein kinase [Sylvanvirus sp.]	Sylvanvirus sp.	Blastx
SRR22534752	NODE_16987_length_932_cov_5.438265	32.4	932	285	0.487719	5.81e-15	acc|REFSEQ|NP_073398.1|REFSEQ|NC_002642|esterase/lipase [Yaba-like disease virus]	Yaba-like disease virus	Blastx
SRR22534752	NODE_50218_length_276_cov_1.868313	57.1	276	526	0.119772	5.84e-15	acc|GENBANK|QKF94253.1|GENBANK|MT418680|ABC transporter [Fadolivirus FV1/VV64]	Fadolivirus FV1/VV64	Blastx
SRR22534752	NODE_35308_length_590_cov_2.012567	45.8	590	588	0.141156	5.91e-15	acc|GENBANK|QOI90522.1|GENBANK|MT663539|hypothetical protein [Pyramimonas orientalis virus]	Pyramimonas orientalis virus	Blastx
SRR22534752	NODE_17759_length_804_cov_6.094682	25.1	804	356	0.536517	6.18e-15	acc|GENBANK|ARF11713.1|GENBANK|KY684109|replication factor C small subunit [Klosneuvirus KNV1]	Klosneuvirus KNV1	Blastx
SRR22534752	NODE_21224_length_722_cov_3.114659	28.8	722	353	0.481586	6.40e-15	acc|GENBANK|AYV84281.1|GENBANK|MK072403|hypothetical protein [Hyperionvirus sp.]	Hyperionvirus sp.	Blastx
SRR22534752	NODE_5964_length_982_cov_19.345627	38.6	982	299	0.424749	6.50e-15	acc|GENBANK|QRE02559.1|GENBANK|MN545489|hypothetical protein [Otarine gammaherpesvirus 4]	Otarine gammaherpesvirus 4	Blastx
SRR22534752	NODE_5539_length_364_cov_4.507553	40.8	364	558	0.175627	6.73e-15	acc|GENBANK|QOR60244.1|GENBANK|MK522034|hypothetical protein [Bathycoccus sp. RCC716 virus 1]	Bathycoccus sp. RCC716 virus 1	Blastx
SRR22534752	NODE_2319_length_447_cov_10.473430	42.7	447	604	0.193709	6.90e-15	acc|GENBANK|ABH08432.1|GENBANK|DQ851167|putative non-inducible immunity 1 [Beta vulgaris]	Beta vulgaris	Blastx
SRR22534752	NODE_1826_length_337_cov_277.078947	47.5	337	111	0.549550	7.05e-15	acc|GENBANK|QBK92165.1|GENBANK|MK500568|thioredoxin [Pithovirus LCPAC304]	Pithovirus LCPAC304	Blastx
SRR22534752	NODE_40472_length_519_cov_3.364198	42.6	519	107	0.635514	7.30e-15	acc|GENBANK|ARF08309.1|GENBANK|KY684083|acyl-CoA binding protein [Catovirus CTV1]	Catovirus CTV1	Blastx
SRR22534752	NODE_12382_length_1375_cov_20.842772	26.8	1375	269	0.873606	7.36e-15	acc|REFSEQ|YP_003970108.1|REFSEQ|NC_014637|putative family 2C serine/threonine phosphatase [Cafeteria roenbergensis virus BV-PW1]	Cafeteria roenbergensis virus BV-PW1	Blastx
SRR22534752	NODE_11148_length_737_cov_23.605114	48.8	737	150	0.533333	7.52e-15	acc|GENBANK|QJX71738.1|GENBANK|MN830294|mannosyltransferase [Faustovirus]	Faustovirus	Blastx
SRR22534752	NODE_45412_length_1023_cov_4.970707	26.7	1023	254	0.767717	7.58e-15	acc|GENBANK|XDO02333.1|GENBANK|PP542043|putative Lipase [Florenciella sp. virus SA2]	Florenciella sp. virus SA2	Blastx
SRR22534752	NODE_6583_length_270_cov_1.780591	45.3	270	861	0.110337	7.65e-15	acc|GENBANK|ADB85253.1|GENBANK|GQ252796|putative retrotransposon protein [Phyllostachys edulis]	Phyllostachys edulis	Blastx
SRR22534752	NODE_43407_length_317_cov_5.598592	40.9	317	270	0.325926	7.77e-15	acc|REFSEQ|YP_010086705.1|REFSEQ|NC_055467|pcna [Cyclophragma undans nucleopolyhedrovirus]	Cyclophragma undans nucleopolyhedrovirus	Blastx
SRR22534752	NODE_39607_length_688_cov_6.087023	29.5	688	743	0.296097	8.04e-15	acc|GENBANK|AYV78699.1|GENBANK|MK072091|DNA-directed RNA polymerase subunit beta [Edafosvirus sp.]	Edafosvirus sp.	Blastx
SRR22534752	NODE_35182_length_348_cov_2.634921	44.4	348	300	0.300000	8.30e-15	acc|GENBANK|BBI30364.1|GENBANK|AP018495|ribonuclease HII [Acanthamoeba castellanii medusavirus J1]	Acanthamoeba castellanii medusavirus J1	Blastx
SRR22534752	NODE_25238_length_668_cov_4.143307	32.1	668	268	0.582090	8.41e-15	acc|GENBANK|QBK91399.1|GENBANK|MK500535|mitochondrial carrier-like protein [Pithovirus LCPAC302]	Pithovirus LCPAC302	Blastx
SRR22534752	NODE_48838_length_232_cov_2.351759	61.2	232	919	0.072905	8.49e-15	acc|GENBANK|AYV75146.1|GENBANK|MK071979|plasma membrane ATPase [Terrestrivirus sp.]	Terrestrivirus sp.	Blastx
SRR22534752	NODE_4416_length_3728_cov_17.043031	29.8	3728	562	0.441281	8.55e-15	acc|GENBANK|QBK87088.1|GENBANK|MK500343|ABC transporter [Marseillevirus LCMAC103]	Marseillevirus LCMAC103	Blastx
SRR22534752	NODE_9212_length_1135_cov_11.678766	46.9	1135	391	0.245524	8.60e-15	acc|GENBANK|ARF09921.1|GENBANK|KY684089|DnaJ domain protein [Indivirus ILV1]	Indivirus ILV1	Blastx
SRR22534752	NODE_43715_length_415_cov_13.157068	38.3	415	625	0.171200	8.99e-15	acc|GENBANK|QCQ67784.1|GENBANK|MK637631|macro domain-containing protein [European chub iridovirus]	European chub iridovirus	Blastx
SRR22534752	NODE_4059_length_1468_cov_9.417422	35.0	1468	556	0.251799	9.99e-15	acc|GENBANK|XDO01843.1|GENBANK|PP542043|Abc Transporter Atp-Binding Protein [Florenciella sp. virus SA2]	Florenciella sp. virus SA2	Blastx
SRR22534752	NODE_14927_length_1015_cov_8.692464	30.2	1015	254	0.795276	1.00e-14	acc|REFSEQ|YP_009001499.1|REFSEQ|NC_023426|phosphatidic acid phosphatase type 2 [Alphaentomopoxvirus acuprea]	Alphaentomopoxvirus acuprea	Blastx
SRR22534752	NODE_8251_length_538_cov_14.469307	37.4	538	291	0.422680	1.03e-14	acc|GENBANK|QDY52327.1|GENBANK|MK250090|hypothetical protein [Mimiviridae sp. ChoanoV1]	Mimiviridae sp. ChoanoV1	Blastx
SRR22534752	NODE_22383_length_399_cov_14.265027	51.5	399	334	0.203593	1.04e-14	acc|GENBANK|AYV82358.1|GENBANK|MK072367|zinc-finger and zinc-ribbon domain protein [Homavirus sp.]	Homavirus sp.	Blastx
SRR22534752	NODE_880_length_381_cov_35.557471	41.7	381	182	0.527473	1.07e-14	acc|REFSEQ|YP_009163818.1|REFSEQ|NC_027778|ORF_057R [Scale drop disease virus]	Scale drop disease virus	Blastx
SRR22534752	NODE_5996_length_460_cov_13.414520	36.6	460	647	0.207110	1.08e-14	acc|GENBANK|AYV86775.1|GENBANK|MK072515|CMGC/MAPK protein kinase, variant 1 [Sylvanvirus sp.]	Sylvanvirus sp.	Blastx
SRR22534752	NODE_36614_length_635_cov_5.812292	46.1	635	87	0.873563	1.10e-14	acc|GENBANK|QJX70809.1|GENBANK|MN534311|hypothetical protein [Faustovirus]	Faustovirus	Blastx
SRR22534752	NODE_18635_length_1564_cov_7.318746	40.2	1564	121	0.760331	1.12e-14	acc|GENBANK|UNJ46594.1|GENBANK|OM135585|yippee [Drosophila melanogaster]	Drosophila melanogaster	Blastx
SRR22534752	NODE_45229_length_277_cov_10.163934	43.0	277	729	0.127572	1.12e-14	acc|REFSEQ|YP_003969830.1|REFSEQ|NC_014637|putative ubiquitin-conjugating enzyme E2 [Cafeteria roenbergensis virus BV-PW1]	Cafeteria roenbergensis virus BV-PW1	Blastx
SRR22534752	NODE_13672_length_907_cov_12.630435	34.2	907	104	1.125000	1.16e-14	acc|GENBANK|QCQ67781.1|GENBANK|MK637631|RING E3 ubiquitin ligase [European chub iridovirus]	European chub iridovirus	Blastx
SRR22534752	NODE_5143_length_722_cov_7.264151	62.3	722	349	0.174785	1.17e-14	acc|GENBANK|ANZ57016.2|GENBANK|KX574341|hypothetical protein [Pike-perch iridovirus]	Pike-perch iridovirus	Blastx
SRR22534752	NODE_36560_length_539_cov_3.128458	30.0	539	528	0.340909	1.21e-14	acc|GENBANK|CAZ69506.1|GENBANK|FN429076|Major Facilitator Superfamily protein [Emiliania huxleyi virus 99B1]	Emiliania huxleyi virus 99B1	Blastx
SRR22534752	NODE_30159_length_335_cov_2.029801	44.6	335	727	0.154058	1.23e-14	acc|GENBANK|ABY48138.1|GENBANK|EU306659|ABC transporter [Medicago truncatula]	Medicago truncatula	Blastx
SRR22534752	NODE_2609_length_1715_cov_10.973841	60.0	1715	342	0.190058	1.28e-14	acc|GENBANK|AYV76290.1|GENBANK|MK071983|hypothetical protein [Terrestrivirus sp.]	Terrestrivirus sp.	Blastx
SRR22534752	NODE_3755_length_1609_cov_11.458122	24.0	1609	714	0.584034	1.30e-14	acc|GENBANK|UOG94388.1|NEIGHBOR|OM876856|DNA topoisomerase [Aureococcus anophagefferens virus]	Aureococcus anophagefferens virus	Blastx
SRR22534752	NODE_15845_length_292_cov_1.961390	50.7	292	566	0.121908	1.33e-14	acc|GENBANK|QBK89567.1|GENBANK|MK500428|phosphatidylinositol-specific phospholipase C [Pithovirus LCPAC001]	Pithovirus LCPAC001	Blastx
SRR22534752	NODE_44559_length_955_cov_6.548807	49.3	955	167	0.449102	1.34e-14	acc|GENBANK|AHU86166.1|GENBANK|KF142645|truncated DEF1 [Elaeis guineensis]	Elaeis guineensis	Blastx
SRR22534752	NODE_41641_length_481_cov_3.598214	33.8	481	630	0.211111	1.34e-14	acc|GENBANK|WIL05472.1|GENBANK|OQ413582|ABC2 type transporter superfamily protein [Pithovirus mammoth]	Pithovirus mammoth	Blastx
SRR22534752	NODE_38744_length_285_cov_3.115079	43.5	285	334	0.275449	1.39e-14	acc|GENBANK|QBK91883.1|GENBANK|MK500566|GDP-mannose 4,6 dehydratase [Pithovirus LCPAC304]	Pithovirus LCPAC304	Blastx
SRR22534752	NODE_18239_length_1342_cov_8.133690	28.7	1342	420	0.704762	1.40e-14	acc|GENBANK|WAK75645.1|NEIGHBOR|ON812163|hypothetical protein [Kaisodi virus]	Kaisodi virus	Blastx
SRR22534752	NODE_5397_length_800_cov_17.631030	30.1	800	462	0.352814	1.40e-14	acc|GENBANK|QDY51942.1|GENBANK|MK250086|hypothetical protein [Mimiviridae sp. ChoanoV1]	Mimiviridae sp. ChoanoV1	Blastx
SRR22534752	NODE_31302_length_272_cov_2.405858	44.6	272	727	0.126547	1.41e-14	acc|GENBANK|ADB85269.1|GENBANK|GQ252805|putative lectin-like protein kinase [Phyllostachys edulis]	Phyllostachys edulis	Blastx
SRR22534752	NODE_10968_length_1052_cov_167.499509	35.7	1052	182	0.631868	1.43e-14	acc|REFSEQ|YP_009163818.1|REFSEQ|NC_027778|ORF_057R [Scale drop disease virus]	Scale drop disease virus	Blastx
SRR22534752	NODE_20527_length_228_cov_0.958974	53.2	228	463	0.133909	1.43e-14	acc|GENBANK|BAD99219.1|GENBANK|AB196430|polypeptide with a gag-like domain [Petunia x hybrida]	Petunia x hybrida	Blastx
SRR22534752	NODE_7299_length_678_cov_6.485271	32.9	678	1008	0.232143	1.47e-14	acc|REFSEQ|YP_009430141.1|REFSEQ|NC_022098|Threonylcarbamoyl AMP synthase [Pandoravirus salinus]	Pandoravirus salinus	Blastx
SRR22534752	NODE_16778_length_656_cov_12.828250	31.0	656	422	0.473934	1.48e-14	acc|GENBANK|QDY52462.1|GENBANK|MK250094|aminotransferase class-III protein [Mimiviridae sp. ChoanoV1]	Mimiviridae sp. ChoanoV1	Blastx
SRR22534752	NODE_39672_length_286_cov_3.557312	47.6	286	153	0.411765	1.50e-14	acc|GENBANK|QFG73633.1|GENBANK|MN448266|thioredoxin-like protein [Megaviridae environmental sample]	Megaviridae environmental sample	Blastx
SRR22534752	NODE_12552_length_387_cov_3.401130	45.5	387	365	0.241096	1.54e-14	acc|GENBANK|QBK92234.1|GENBANK|MK500569|chaperone protein [Pithovirus LCPAC304]	Pithovirus LCPAC304	Blastx
SRR22534752	NODE_11897_length_521_cov_37.704918	35.8	521	1573	0.085188	1.64e-14	acc|REFSEQ|YP_007354741.1|REFSEQ|NC_020104|serine-threonine kinase [Acanthamoeba polyphaga moumouvirus]	Acanthamoeba polyphaga moumouvirus	Blastx
SRR22534752	NODE_2805_length_1030_cov_16.241725	32.0	1030	498	0.307229	1.65e-14	acc|GENBANK|XHA59766.1|GENBANK|OR863077|thermosome [Poseidoniales virus]	Poseidoniales virus	Blastx
SRR22534752	NODE_3160_length_679_cov_7.722910	31.3	679	569	0.309315	1.71e-14	acc|GENBANK|ATZ80436.1|GENBANK|MF782455|multidrug export ATPase/permease [Bodo saltans virus]	Bodo saltans virus	Blastx
SRR22534752	NODE_50548_length_1994_cov_14.575217	33.3	1994	162	0.907407	1.72e-14	acc|GENBANK|AXN91156.1|GENBANK|MG745875|putative BTB domain containing protein [Namao virus]	Namao virus	Blastx
SRR22534752	NODE_50125_length_273_cov_1.337500	41.8	273	186	0.489247	1.82e-14	acc|REFSEQ|YP_009120778.1|REFSEQ|NC_026440|GTP cyclohydrolase [Pandoravirus inopinatum]	Pandoravirus inopinatum	Blastx
SRR22534752	NODE_48044_length_203_cov_1.205882	47.8	203	447	0.149888	1.83e-14	acc|REFSEQ|NP_077596.1|REFSEQ|NC_002687|serine-threonine kinase [Ectocarpus siliculosus virus 1]	Ectocarpus siliculosus virus 1	Blastx
SRR22534752	NODE_5261_length_398_cov_353.084932	34.2	398	752	0.155585	1.90e-14	acc|GENBANK|AYV76414.1|GENBANK|MK071984|HrpA-like RNA helicase [Terrestrivirus sp.]	Terrestrivirus sp.	Blastx
SRR22534752	NODE_20369_length_1786_cov_12.398745	26.9	1786	345	0.971014	1.91e-14	acc|REFSEQ|YP_008052569.1|REFSEQ|NC_021312|ubiquitin specific peptidase C19 [Phaeocystis globosa virus]	Phaeocystis globosa virus	Blastx
SRR22534752	NODE_13727_length_927_cov_2.453020	33.8	927	533	0.300188	1.92e-14	acc|GENBANK|UOG94220.1|NEIGHBOR|OM876856|hypothetical protein [Aureococcus anophagefferens virus]	Aureococcus anophagefferens virus	Blastx
SRR22534752	NODE_39680_length_692_cov_2.830046	26.4	692	600	0.391667	1.92e-14	acc|GENBANK|QDY52168.1|GENBANK|MK250088|thiamine pyrophosphate enzyme, N-terminal TPP [Mimiviridae sp. ChoanoV1]	Mimiviridae sp. ChoanoV1	Blastx
SRR22534752	NODE_41730_length_1040_cov_5.299901	24.7	1040	348	0.778736	1.93e-14	acc|GENBANK|ATZ80233.1|GENBANK|MF782455|putative C54-like peptidase [Bodo saltans virus]	Bodo saltans virus	Blastx
SRR22534752	NODE_25527_length_577_cov_5.424632	40.9	577	202	0.460396	1.93e-14	acc|GENBANK|CCQ71376.1|GENBANK|HF586479|hypothetical peptidase PPPDE-like [Cotesia congregata]	Cotesia congregata	Blastx
SRR22534752	NODE_13874_length_1032_cov_6.431431	34.2	1032	353	0.339943	1.97e-14	acc|GENBANK|WGU26821.1|GENBANK|OQ503488|S-acyltransferase 11-like protein [Triticum monococcum]	Triticum monococcum	Blastx
SRR22534752	NODE_8333_length_857_cov_2.883495	24.0	857	470	0.557447	2.04e-14	acc|REFSEQ|YP_009448636.1|REFSEQ|NC_036594|Cytochrome P450-like protein E-class [Orpheovirus IHUMI-LCC2]	Orpheovirus IHUMI-LCC2	Blastx
SRR22534752	NODE_2516_length_275_cov_16.045455	41.6	275	1613	0.055177	2.07e-14	acc|GENBANK|QVY19172.1|GENBANK|MT501690|p194 [Agapanthus tungrovirus]	Agapanthus tungrovirus	Blastx
SRR22534752	NODE_22870_length_381_cov_5.767241	35.0	381	566	0.212014	2.11e-14	acc|GENBANK|QBK89567.1|GENBANK|MK500428|phosphatidylinositol-specific phospholipase C [Pithovirus LCPAC001]	Pithovirus LCPAC001	Blastx
SRR22534752	NODE_14213_length_512_cov_4.423800	45.0	512	459	0.174292	2.17e-14	acc|GENBANK|AGE53154.1|GENBANK|JX997167|ATP-dependent helicase [Paramecium bursaria Chlorella virus Fr5L]	Paramecium bursaria Chlorella virus Fr5L	Blastx
SRR22534752	NODE_16395_length_1225_cov_15.660235	27.7	1225	305	0.698361	2.23e-14	acc|REFSEQ|YP_002154766.1|REFSEQ|NC_011183|putative ubiquitin-like putative cysteine [Feldmannia species virus]	Feldmannia species virus	Blastx
SRR22534752	NODE_16389_length_1276_cov_19.913918	31.1	1276	384	0.419271	2.27e-14	acc|REFSEQ|YP_003970003.1|REFSEQ|NC_014637|putative superfamily II helicase/eIF-4AIII [Cafeteria roenbergensis virus BV-PW1]	Cafeteria roenbergensis virus BV-PW1	Blastx
SRR22534752	NODE_4674_length_357_cov_17.540123	51.9	357	1033	0.074540	2.31e-14	acc|REFSEQ|YP_010782239.1|REFSEQ|NC_075039|putative ATP-citrate synthase [Tupanvirus soda lake]	Tupanvirus soda lake	Blastx
SRR22534752	NODE_7418_length_468_cov_1.641379	48.1	468	925	0.083243	2.32e-14	acc|GENBANK|ABY48139.1|GENBANK|EU306659|NORK [Medicago truncatula]	Medicago truncatula	Blastx
SRR22534752	NODE_9484_length_790_cov_9.498018	77.2	790	728	0.078297	2.34e-14	acc|GENBANK|QFR35755.1|GENBANK|MK737813|phytochrome B [Chandrasekharania keralensis]	Chandrasekharania keralensis	Blastx
SRR22534752	NODE_9571_length_279_cov_32.146341	38.3	279	388	0.242268	2.37e-14	acc|GENBANK|CCQ71327.1|GENBANK|HF586476|hypothetical protein kinase Pka-C1 [Cotesia congregata]	Cotesia congregata	Blastx
SRR22534752	NODE_31550_length_220_cov_3.561497	52.1	220	471	0.154989	2.39e-14	acc|GENBANK|AFV13457.1|GENBANK|JQ314445|UDPG-flavonoid 3-O-glucosyl transferase [Tripsacum dactyloides]	Tripsacum dactyloides	Blastx
SRR22534752	NODE_25072_length_341_cov_1.347403	44.8	341	735	0.118367	2.47e-14	acc|GENBANK|QKF94731.1|GENBANK|MT418680|DNA helicase ATP-dependent recq type [Fadolivirus FV1/VV64]	Fadolivirus FV1/VV64	Blastx
SRR22534752	NODE_46275_length_1006_cov_6.291881	43.0	1006	691	0.154848	2.53e-14	acc|GENBANK|UPW42252.1|GENBANK|ON001649|putative RNA dependent RNA polymerase [Xisha Islands farmland mitovirus 5]	Xisha Islands farmland mitovirus 5	Blastx
SRR22534752	NODE_6537_length_810_cov_7.436293	33.7	810	444	0.400901	2.63e-14	acc|GENBANK|ARF11841.1|GENBANK|KY684109|ubiquitin carboxyl-terminal hydrolase [Klosneuvirus KNV1]	Klosneuvirus KNV1	Blastx
SRR22534752	NODE_13580_length_897_cov_6.472222	32.8	897	793	0.219420	2.68e-14	acc|GENBANK|BDT63291.1|GENBANK|LC738883|guanylate kinase-like protein [Armadillidium vulgare clopovirus]	Armadillidium vulgare clopovirus	Blastx
SRR22534752	NODE_41438_length_514_cov_6.401247	44.0	514	925	0.098378	2.71e-14	acc|GENBANK|ABY48139.1|GENBANK|EU306659|NORK [Medicago truncatula]	Medicago truncatula	Blastx
SRR22534752	NODE_8132_length_358_cov_29.255385	45.8	358	445	0.186517	2.72e-14	acc|REFSEQ|YP_010780539.1|REFSEQ|NC_075038|histidine tRNA synthetase [Tupanvirus deep ocean]	Tupanvirus deep ocean	Blastx
SRR22534752	NODE_26147_length_204_cov_2.608187	55.6	204	613	0.102773	2.75e-14	acc|GENBANK|ADB85401.1|GENBANK|GQ252886|putative pollen-specific kinase [Phyllostachys edulis]	Phyllostachys edulis	Blastx
SRR22534752	NODE_388_length_1447_cov_6.690948	27.0	1447	680	0.533824	2.78e-14	acc|GENBANK|QFG73938.1|GENBANK|MN448274|AAA domain protein [Megaviridae environmental sample]	Megaviridae environmental sample	Blastx
SRR22534752	NODE_4390_length_453_cov_3.178571	48.6	453	2466	0.029197	2.87e-14	acc|GENBANK|AOZ57106.1|GENBANK|KX608896|Serine threonine-protein kinase TOR [Saccharum hybrid cultivar R570]	Saccharum hybrid cultivar R570	Blastx
SRR22534752	NODE_21542_length_205_cov_2.284884	50.8	205	224	0.290179	2.87e-14	acc|GENBANK|AYV82300.1|GENBANK|MK072358|phosphoribosylformylglycinamidine synthase [Homavirus sp.]	Homavirus sp.	Blastx
SRR22534752	NODE_451_length_460_cov_11.597190	31.2	460	277	0.509025	2.95e-14	acc|REFSEQ|YP_009143345.1|REFSEQ|NC_027213|esterase/lipase [Raccoonpox virus]	Raccoonpox virus	Blastx
SRR22534752	NODE_5041_length_2843_cov_8.270107	26.5	2843	904	0.412611	3.05e-14	acc|GENBANK|AYV86658.1|GENBANK|MK072511|hypothetical protein [Sylvanvirus sp.]	Sylvanvirus sp.	Blastx
SRR22534752	NODE_6600_length_689_cov_3.615854	30.3	689	284	0.661972	3.22e-14	acc|GENBANK|AYV83828.1|GENBANK|MK072394|putative ubiquitin carboxyl-terminal hydrolase 2 [Hyperionvirus sp.]	Hyperionvirus sp.	Blastx
SRR22534752	NODE_5650_length_1192_cov_11.053494	26.7	1192	383	0.869452	3.24e-14	acc|GENBANK|AJA91762.1|GENBANK|KM434202|dihydroflavonol 4-reductase [Allium cepa]	Allium cepa	Blastx
SRR22534752	NODE_9410_length_1239_cov_16.279436	35.2	1239	142	0.859155	3.26e-14	acc|GENBANK|QKF93479.1|GENBANK|MT418680|ASCh domain-containing protein [Fadolivirus FV1/VV64]	Fadolivirus FV1/VV64	Blastx
SRR22534752	NODE_49289_length_248_cov_1.632558	54.4	248	299	0.227425	3.28e-14	acc|GENBANK|XDO01906.1|GENBANK|PP542043|hypothetical protein [Florenciella sp. virus SA2]	Florenciella sp. virus SA2	Blastx
SRR22534752	NODE_24900_length_781_cov_3.878342	70.7	781	242	0.239669	3.29e-14	acc|GENBANK|AGU70135.1|GENBANK|KF270089|integrase-type DNA-binding superfamily protein [Tarenaya hassleriana]	Tarenaya hassleriana	Blastx
SRR22534752	NODE_43408_length_208_cov_9.548571	53.0	208	287	0.229965	3.39e-14	acc|GENBANK|AFS51981.1|GENBANK|JX193905|DekiORF104 [Dendrolimus kikuchii nucleopolyhedrovirus]	Dendrolimus kikuchii nucleopolyhedrovirus	Blastx
SRR22534752	NODE_34112_length_537_cov_5.474206	39.8	537	312	0.330128	3.40e-14	acc|GENBANK|ARF10298.1|GENBANK|KY684103|DnaJ domain protein [Hokovirus HKV1]	Hokovirus HKV1	Blastx
SRR22534752	NODE_10641_length_884_cov_5.861340	27.6	884	249	0.931727	3.42e-14	acc|GENBANK|ACD54816.1|GENBANK|EU643495|carbonyl reductase-like protein [Adineta vaga]	Adineta vaga	Blastx
SRR22534752	NODE_11189_length_219_cov_3.752688	52.8	219	1186	0.060708	3.44e-14	acc|GENBANK|ARF10911.1|GENBANK|KY684105|putative sensor histidine kinase [Hokovirus HKV1]	Hokovirus HKV1	Blastx
SRR22534752	NODE_39896_length_371_cov_4.846154	32.8	371	653	0.182236	3.48e-14	acc|GENBANK|QBK88577.1|GENBANK|MK500392|threonyl-tRNA synthetase [Mimivirus LCMiAC01]	Mimivirus LCMiAC01	Blastx
SRR22534752	NODE_24325_length_422_cov_4.370180	35.7	422	396	0.282828	3.51e-14	acc|GENBANK|QBK92180.1|GENBANK|MK500568|DEAD/DEAH box helicase [Pithovirus LCPAC304]	Pithovirus LCPAC304	Blastx
SRR22534752	NODE_17878_length_1165_cov_9.475265	39.0	1165	139	0.978417	3.54e-14	acc|GENBANK|QFG74212.1|GENBANK|MN448284|cytidylyltransferase-like protein [Megaviridae environmental sample]	Megaviridae environmental sample	Blastx
SRR22534752	NODE_44485_length_223_cov_6.073684	59.3	223	706	0.083569	3.54e-14	acc|GENBANK|WGU26822.1|GENBANK|OQ503488|OPT oligopeptide transporter protein [Triticum monococcum]	Triticum monococcum	Blastx
SRR22534752	NODE_4224_length_482_cov_22.044543	35.8	482	870	0.189655	3.55e-14	acc|GENBANK|WZO87275.1|GENBANK|PP681894|ATPase [Chlorovirus sp.]	Chlorovirus sp.	Blastx
SRR22534752	NODE_18500_length_1018_cov_18.192893	46.5	1018	402	0.246269	3.56e-14	acc|REFSEQ|YP_003969759.1|REFSEQ|NC_014637|putative DnaJ/Hsp40 [Cafeteria roenbergensis virus BV-PW1]	Cafeteria roenbergensis virus BV-PW1	Blastx
SRR22534752	NODE_31331_length_207_cov_3.362069	60.0	207	471	0.116773	3.81e-14	acc|GENBANK|AFV13457.1|GENBANK|JQ314445|UDPG-flavonoid 3-O-glucosyl transferase [Tripsacum dactyloides]	Tripsacum dactyloides	Blastx
SRR22534752	NODE_24202_length_232_cov_1.673367	50.6	232	925	0.083243	4.04e-14	acc|GENBANK|ABY48139.1|GENBANK|EU306659|NORK [Medicago truncatula]	Medicago truncatula	Blastx
SRR22534752	NODE_1316_length_223_cov_64.878947	43.1	223	141	0.510638	4.10e-14	acc|GENBANK|AIB52170.1|GENBANK|KJ614390|translation initiation factor SUI1 [Faustovirus]	Faustovirus	Blastx
SRR22534752	NODE_15158_length_1162_cov_3.567759	26.1	1162	543	0.366483	4.16e-14	acc|GENBANK|ARF10296.1|GENBANK|KY684103|cytochrome P450 family protein [Hokovirus HKV1]	Hokovirus HKV1	Blastx
SRR22534752	NODE_9708_length_723_cov_35.489855	36.8	723	261	0.436782	4.21e-14	acc|GENBANK|QBK85254.1|GENBANK|MK500311|Erv1/Alr family disulfide (thiol) [Iridovirus LCIVAC01]	Iridovirus LCIVAC01	Blastx
SRR22534752	NODE_640_length_441_cov_27.980392	33.3	441	668	0.179641	4.21e-14	acc|GENBANK|QKF94196.1|GENBANK|MT418680|peptidase M3A/M3B [Fadolivirus FV1/VV64]	Fadolivirus FV1/VV64	Blastx
SRR22534752	NODE_43173_length_580_cov_6.228519	50.0	580	63	0.984127	4.24e-14	acc|REFSEQ|YP_009173682.1|REFSEQ|NC_028094|AN1-like Zinc finger containing protein [Chrysochromulina ericina virus]	Chrysochromulina ericina virus	Blastx
SRR22534752	NODE_34989_length_340_cov_1.794788	36.3	340	278	0.406475	4.27e-14	acc|GENBANK|ABY48150.1|GENBANK|EU306659|lectin [Medicago truncatula]	Medicago truncatula	Blastx
SRR22534752	NODE_17861_length_355_cov_19.534161	62.5	355	135	0.355556	4.41e-14	acc|GENBANK|QBK87277.1|GENBANK|MK500347|NifU-like protein [Marseillevirus LCMAC201]	Marseillevirus LCMAC201	Blastx
SRR22534752	NODE_2009_length_230_cov_24.182741	85.0	230	212	0.188679	4.57e-14	acc|GENBANK|AYV82031.1|GENBANK|MK072334|Ras-like protein Rab-11A [Homavirus sp.]	Homavirus sp.	Blastx
SRR22534752	NODE_9166_length_2331_cov_16.373803	27.6	2331	1468	0.231608	4.68e-14	acc|GENBANK|QDY51984.1|GENBANK|MK250086|RNA polymerase Rpb1, domain 5 [Mimiviridae sp. ChoanoV1]	Mimiviridae sp. ChoanoV1	Blastx
SRR22534752	NODE_50485_length_368_cov_2.095522	34.0	368	870	0.168966	4.72e-14	acc|GENBANK|AGE48886.1|GENBANK|JX997154|calcium-transporting ATPase, plasma [Paramecium bursaria Chlorella virus AP110A]	Paramecium bursaria Chlorella virus AP110A	Blastx
SRR22534752	NODE_25089_length_244_cov_4.436019	50.6	244	1261	0.064235	4.79e-14	acc|GENBANK|ACN78974.1|GENBANK|FJ225394|retrotransposon protein [Glycine max]	Glycine max	Blastx
SRR22534752	NODE_19018_length_2482_cov_17.474071	25.7	2482	609	0.568144	4.90e-14	acc|GENBANK|AYV82371.1|GENBANK|MK072369|exosome complex exonuclease RRP44-like [Homavirus sp.]	Homavirus sp.	Blastx
SRR22534752	NODE_27370_length_201_cov_6.059524	52.4	201	678	0.092920	4.94e-14	acc|GENBANK|CCQ71325.1|GENBANK|HF586476|hypothetical kinesin-like protein KIF3 [Cotesia congregata]	Cotesia congregata	Blastx
SRR22534752	NODE_31605_length_229_cov_6.780612	52.5	229	219	0.365297	5.11e-14	acc|GENBANK|XHA87591.1|GENBANK|PQ054798|hypothetical protein [Qianjiang picobirna-like virus 2]	Qianjiang picobirna-like virus 2	Blastx
SRR22534752	NODE_34677_length_440_cov_3.226044	34.3	440	497	0.281690	5.20e-14	acc|GENBANK|AYV83822.1|GENBANK|MK072394|cytochrome P450 704B1 [Hyperionvirus sp.]	Hyperionvirus sp.	Blastx
SRR22534752	NODE_42975_length_758_cov_4.262069	32.7	758	287	0.543554	5.36e-14	acc|GENBANK|AYV80395.1|GENBANK|MK072243|putative ubiquitin carboxyl-terminal hydrolase [Harvfovirus sp.]	Harvfovirus sp.	Blastx
SRR22534752	NODE_8484_length_840_cov_2.013631	33.9	840	584	0.318493	5.47e-14	acc|GENBANK|QBK90609.1|GENBANK|MK500494|uncharacterized protein [Pithovirus LCPAC104]	Pithovirus LCPAC104	Blastx
SRR22534752	NODE_33657_length_599_cov_9.390459	46.8	599	631	0.122029	5.59e-14	acc|REFSEQ|YP_010781061.1|REFSEQ|NC_075038|putative acyl-CoA oxidase [Tupanvirus deep ocean]	Tupanvirus deep ocean	Blastx
SRR22534752	NODE_22441_length_213_cov_2.188889	54.4	213	471	0.144374	5.65e-14	acc|GENBANK|AFV13457.1|GENBANK|JQ314445|UDPG-flavonoid 3-O-glucosyl transferase [Tripsacum dactyloides]	Tripsacum dactyloides	Blastx
SRR22534752	NODE_9289_length_1170_cov_19.801231	46.4	1170	108	0.777778	5.75e-14	acc|GENBANK|XCW87605.1|GENBANK|PQ010613|thioredoxin-like protein [Mimivirus sp.]	Mimivirus sp.	Blastx
SRR22534752	NODE_39290_length_226_cov_2.331606	88.6	226	325	0.135385	5.90e-14	acc|GENBANK|ABY48134.1|GENBANK|EU306659|bHLH transcription factor [Medicago truncatula]	Medicago truncatula	Blastx
SRR22534752	NODE_9382_length_557_cov_9.080153	36.9	557	442	0.251131	5.94e-14	acc|GENBANK|QBK90954.1|GENBANK|MK500504|putative serine/threonine protein kinase [Pithovirus LCPAC201]	Pithovirus LCPAC201	Blastx
SRR22534752	NODE_35206_length_217_cov_1.336957	50.0	217	925	0.075676	6.13e-14	acc|GENBANK|ABY48139.1|GENBANK|EU306659|NORK [Medicago truncatula]	Medicago truncatula	Blastx
SRR22534752	NODE_5771_length_456_cov_4.248227	38.9	456	507	0.222880	6.32e-14	acc|GENBANK|QHN71152.1|GENBANK|MN812837|cytochrome P450 domain protein [Mollivirus kamchatka]	Mollivirus kamchatka	Blastx
SRR22534752	NODE_8749_length_1912_cov_15.849920	40.0	1912	85	0.941176	6.33e-14	acc|GENBANK|AYV75195.1|GENBANK|MK071979|putative cytochrome b5 [Terrestrivirus sp.]	Terrestrivirus sp.	Blastx
SRR22534752	NODE_26724_length_336_cov_3.818482	40.8	336	2037	0.048110	6.37e-14	acc|GENBANK|ABG37663.1|GENBANK|DQ536170|CCHC-type integrase [Populus trichocarpa]	Populus trichocarpa	Blastx
SRR22534752	NODE_36424_length_299_cov_1.244361	43.4	299	585	0.169231	6.84e-14	acc|GENBANK|SPN79811.1|GENBANK|LT994651|ABC2 type transporter superfamily protein [Brazilian cedratvirus IHUMI]	Brazilian cedratvirus IHUMI	Blastx
SRR22534752	NODE_37064_length_500_cov_5.749465	42.0	500	262	0.381679	6.89e-14	acc|GENBANK|QFG74502.1|GENBANK|MN448289|endonuclease/exonuclease/phosphatase family [Megaviridae environmental sample]	Megaviridae environmental sample	Blastx
SRR22534752	NODE_18399_length_1731_cov_18.350412	33.3	1731	139	0.971223	7.08e-14	acc|GENBANK|QFG74212.1|GENBANK|MN448284|cytidylyltransferase-like protein [Megaviridae environmental sample]	Megaviridae environmental sample	Blastx
SRR22534752	NODE_42714_length_430_cov_6.430730	56.7	430	183	0.327869	7.09e-14	acc|REFSEQ|YP_009465880.1|REFSEQ|NC_037057|hypothetical protein [Dishui lake phycodnavirus 1]	Dishui lake phycodnavirus 1	Blastx
SRR22534752	NODE_13930_length_1094_cov_9.641847	51.2	1094	421	0.199525	7.18e-14	acc|GENBANK|AGP03657.1|GENBANK|KF220834|integrase-type DNA-binding superfamily protein [Glycine max]	Glycine max	Blastx
SRR22534752	NODE_27617_length_233_cov_3.250000	53.3	233	478	0.125523	7.22e-14	acc|GENBANK|AAK84479.1|GENBANK|AF275345|putative auxin growth promotor protein [Solanum lycopersicum]	Solanum lycopersicum	Blastx
SRR22534752	NODE_21177_length_505_cov_3.722458	31.6	505	182	0.730769	7.28e-14	acc|REFSEQ|YP_009163818.1|REFSEQ|NC_027778|ORF_057R [Scale drop disease virus]	Scale drop disease virus	Blastx
SRR22534752	NODE_27332_length_372_cov_23.513274	56.8	372	219	0.369863	7.47e-14	acc|GENBANK|XHA87591.1|GENBANK|PQ054798|hypothetical protein [Qianjiang picobirna-like virus 2]	Qianjiang picobirna-like virus 2	Blastx
SRR22534752	NODE_39793_length_596_cov_6.710480	32.4	596	680	0.258824	7.53e-14	acc|GENBANK|QFG73938.1|GENBANK|MN448274|AAA domain protein [Megaviridae environmental sample]	Megaviridae environmental sample	Blastx
SRR22534752	NODE_28659_length_470_cov_6.302059	30.7	470	394	0.347716	7.84e-14	acc|GENBANK|ARF11626.1|GENBANK|KY684109|translation initiation factor 4A-III [Klosneuvirus KNV1]	Klosneuvirus KNV1	Blastx
SRR22534752	NODE_14524_length_435_cov_4.716418	41.8	435	1384	0.065751	7.88e-14	acc|GENBANK|ADB85299.1|GENBANK|GQ252825|putative retrotransposon protein [Phyllostachys edulis]	Phyllostachys edulis	Blastx
SRR22534752	NODE_7222_length_633_cov_8.026667	39.0	633	356	0.216292	7.98e-14	acc|GENBANK|AUF82658.1|GENBANK|KY322437|histidine decarboxylase [Tetraselmis virus 1]	Tetraselmis virus 1	Blastx
SRR22534752	NODE_11834_length_1403_cov_6.267153	30.0	1403	532	0.437970	8.04e-14	acc|REFSEQ|YP_001426659.1|REFSEQ|NC_008724|hypothetical protein [Acanthocystis turfacea chlorella virus 1]	Acanthocystis turfacea chlorella virus 1	Blastx
SRR22534752	NODE_7824_length_496_cov_125.207343	44.0	496	418	0.217703	8.10e-14	acc|GENBANK|CAK7597149.1|GENBANK|OZ003748|Chaperone DnaJ [Catovirus sp. 'naegleriensis']	Catovirus sp. 'naegleriensis'	Blastx
SRR22534752	NODE_40870_length_385_cov_5.465909	34.4	385	1158	0.107945	8.11e-14	acc|GENBANK|ADK47522.1|GENBANK|HM124452|NBS2-RDG2A [Hordeum vulgare subsp. vulgare]	Hordeum vulgare subsp. vulgare	Blastx
SRR22534752	NODE_2636_length_514_cov_13.295218	41.0	514	549	0.191257	8.44e-14	acc|GENBANK|WGU26819.1|GENBANK|OQ503488|BTB/POZ domain-containing protein [Triticum monococcum]	Triticum monococcum	Blastx
SRR22534752	NODE_42109_length_775_cov_3.173854	34.9	775	549	0.276867	8.48e-14	acc|GENBANK|WGU26819.1|GENBANK|OQ503488|BTB/POZ domain-containing protein [Triticum monococcum]	Triticum monococcum	Blastx
SRR22534752	NODE_13087_length_243_cov_1.190476	49.4	243	727	0.108666	8.78e-14	acc|GENBANK|ADB85269.1|GENBANK|GQ252805|putative lectin-like protein kinase [Phyllostachys edulis]	Phyllostachys edulis	Blastx
SRR22534752	NODE_18497_length_993_cov_11.350000	25.9	993	536	0.475746	8.88e-14	acc|GENBANK|QDY51930.1|GENBANK|MK250086|pyridoxal-dependent decarboxylase conserved [Mimiviridae sp. ChoanoV1]	Mimiviridae sp. ChoanoV1	Blastx
SRR22534752	NODE_39819_length_223_cov_8.126316	57.6	223	776	0.076031	9.05e-14	acc|GENBANK|ABY48135.1|GENBANK|EU306659|beta-D-xylosidase [Medicago truncatula]	Medicago truncatula	Blastx
SRR22534752	NODE_23325_length_397_cov_3.228022	35.0	397	1042	0.137236	9.25e-14	acc|GENBANK|ACN78973.1|GENBANK|FJ225394|copia-type polyprotein [Glycine max]	Glycine max	Blastx
SRR22534752	NODE_16776_length_496_cov_6.898488	35.3	496	502	0.298805	9.33e-14	acc|GENBANK|ARF08211.1|GENBANK|KY684083|aromatic amino acid lyase [Catovirus CTV1]	Catovirus CTV1	Blastx
SRR22534752	NODE_251_length_1825_cov_15.745536	30.6	1825	304	0.644737	9.44e-14	acc|GENBANK|BFT93184.1|GENBANK|LC847964|nudix hydrolase [Medusavirus sp. 'euryale']	Medusavirus sp. 'euryale'	Blastx
SRR22534752	NODE_14012_length_283_cov_1.872000	63.5	283	335	0.155224	9.45e-14	acc|GENBANK|ADV36573.1|GENBANK|HM454271|Myb-like transcription factor [Zea mays]	Zea mays	Blastx
SRR22534752	NODE_40712_length_1089_cov_9.392045	26.8	1089	306	0.830065	9.50e-14	acc|GENBANK|BFG87846.1|GENBANK|LC801470|putative dual-specificity RNA methyltransferase [Nucleocytoviricota sp. D1]	Nucleocytoviricota sp. D1	Blastx
SRR22534752	NODE_28863_length_515_cov_3.468880	47.6	515	1263	0.064925	9.62e-14	acc|GENBANK|ABG37655.1|GENBANK|DQ536162|integrase [Populus trichocarpa]	Populus trichocarpa	Blastx
SRR22534752	NODE_10796_length_979_cov_16.013742	34.8	979	395	0.283544	9.65e-14	acc|GENBANK|QDY52265.1|GENBANK|MK250089|hypothetical protein [Mimiviridae sp. ChoanoV1]	Mimiviridae sp. ChoanoV1	Blastx
SRR22534752	NODE_22778_length_508_cov_5.614737	35.7	508	465	0.337634	1.00e-13	acc|GENBANK|QFG74149.1|GENBANK|MN448280|trypsin-like peptidase domain protein [Megaviridae environmental sample]	Megaviridae environmental sample	Blastx
SRR22534752	NODE_28751_length_232_cov_3.356784	50.6	232	925	0.083243	1.03e-13	acc|GENBANK|ABY48139.1|GENBANK|EU306659|NORK [Medicago truncatula]	Medicago truncatula	Blastx
SRR22534752	NODE_21780_length_1235_cov_21.577371	28.3	1235	261	0.908046	1.05e-13	acc|GENBANK|WIF19382.1|NEIGHBOR|OP831191|mRNA decapping protein 2-like protein [Oryctes rhinoceros nudivirus]	Oryctes rhinoceros nudivirus	Blastx
SRR22534752	NODE_1596_length_334_cov_10.076412	59.7	334	249	0.269076	1.05e-13	acc|GENBANK|QBK85671.1|GENBANK|MK500327|histone 2A-domain-containing protein [Marseillevirus LCMAC101]	Marseillevirus LCMAC101	Blastx
SRR22534752	NODE_19448_length_1148_cov_8.906726	36.7	1148	1158	0.129534	1.06e-13	acc|GENBANK|ADK47522.1|GENBANK|HM124452|NBS2-RDG2A [Hordeum vulgare subsp. vulgare]	Hordeum vulgare subsp. vulgare	Blastx
SRR22534752	NODE_14039_length_510_cov_1.461216	31.4	510	575	0.271304	1.13e-13	acc|GENBANK|CAE02704.1|GENBANK|AJ575660|putative sugar transporter [Yarrowia lipolytica]	Yarrowia lipolytica	Blastx
SRR22534752	NODE_2689_length_1370_cov_38.486163	46.8	1370	87	0.885057	1.15e-13	acc|GENBANK|QKE50167.1|GENBANK|MN956669|YqaJ viral recombinase [Faustovirus]	Faustovirus	Blastx
SRR22534752	NODE_49114_length_242_cov_1.220096	45.9	242	644	0.114907	1.15e-13	acc|GENBANK|AGE55774.1|GENBANK|JX997174|potassium transporter [Acanthocystis turfacea Chlorella virus MN0810.1]	Acanthocystis turfacea Chlorella virus MN0810.1	Blastx
SRR22534752	NODE_13965_length_638_cov_5.697521	33.1	638	925	0.163243	1.16e-13	acc|GENBANK|ABY48139.1|GENBANK|EU306659|NORK [Medicago truncatula]	Medicago truncatula	Blastx
SRR22534752	NODE_34950_length_412_cov_8.794195	40.4	412	201	0.467662	1.16e-13	acc|GENBANK|WGU26826.1|GENBANK|OQ503488|casparian strip membrane protein [Triticum monococcum]	Triticum monococcum	Blastx
SRR22534752	NODE_47309_length_664_cov_9.955626	31.9	664	482	0.292531	1.17e-13	acc|GENBANK|BBA54297.1|GENBANK|AB898755|gag : akt fusion protein [Feline leukemia virus]	Feline leukemia virus	Blastx
SRR22534752	NODE_11287_length_643_cov_18.285246	40.0	643	356	0.210674	1.17e-13	acc|GENBANK|AUF82658.1|GENBANK|KY322437|histidine decarboxylase [Tetraselmis virus 1]	Tetraselmis virus 1	Blastx
SRR22534752	NODE_44700_length_403_cov_11.086486	32.7	403	467	0.235546	1.19e-13	acc|GENBANK|API81738.1|NEIGHBOR|KU052222|hypothetical protein [Cafeteriavirus-dependent mavirus]	Cafeteriavirus-dependent mavirus	Blastx
SRR22534752	NODE_23581_length_270_cov_3.215190	61.0	270	480	0.122917	1.20e-13	acc|GENBANK|ASU92288.1|GENBANK|KX759199|kindr F6 [Zea mays]	Zea mays	Blastx
SRR22534752	NODE_33495_length_272_cov_13.589958	41.8	272	198	0.459596	1.21e-13	acc|REFSEQ|NP_955110.1|REFSEQ|NC_005309|CNPV087 putative glutathione peroxidase [Canarypox virus]	Canarypox virus	Blastx
SRR22534752	NODE_10016_length_312_cov_27.336918	42.1	312	113	0.672566	1.28e-13	acc|GENBANK|QDH76139.1|GENBANK|MK948414|putative gag protein [Porcine endogenous retrovirus]	Porcine endogenous retrovirus	Blastx
SRR22534752	NODE_14893_length_424_cov_3.069054	40.7	424	221	0.366516	1.33e-13	acc|GENBANK|AYV86745.1|GENBANK|MK072514|hypothetical protein [Sylvanvirus sp.]	Sylvanvirus sp.	Blastx
SRR22534752	NODE_4595_length_1489_cov_19.049451	28.2	1489	1475	0.197288	1.38e-13	acc|GENBANK|WNL49984.1|GENBANK|OR343188|serine threonine protein kinase [Marseillevirus sp.]	Marseillevirus sp.	Blastx
SRR22534752	NODE_42507_length_417_cov_5.166667	45.3	417	355	0.242254	1.38e-13	acc|GENBANK|WRJ69891.1|GENBANK|OR001839|alpha-galactosidase [Oceanusvirus sp.]	Oceanusvirus sp.	Blastx
SRR22534752	NODE_12957_length_450_cov_2.330935	31.4	450	357	0.473389	1.43e-13	acc|GENBANK|ABB29305.1|GENBANK|DQ219419|NADPH-dependent reductase [Zea mays]	Zea mays	Blastx
SRR22534752	NODE_967_length_330_cov_9.828283	46.2	330	139	0.669065	1.47e-13	acc|REFSEQ|YP_009480769.1|REFSEQ|NC_037665|SPFH like incomplete domain containing protein [Pandoravirus macleodensis]	Pandoravirus macleodensis	Blastx
SRR22534752	NODE_12640_length_658_cov_5.187200	41.0	658	489	0.169734	1.53e-13	acc|GENBANK|AAK84471.1|GENBANK|AF275345|putative permease [Solanum lycopersicum]	Solanum lycopersicum	Blastx
SRR22534752	NODE_6030_length_992_cov_2.700730	33.3	992	925	0.168649	1.55e-13	acc|GENBANK|ABY48139.1|GENBANK|EU306659|NORK [Medicago truncatula]	Medicago truncatula	Blastx
SRR22534752	NODE_48989_length_238_cov_1.141463	45.9	238	2037	0.036328	1.55e-13	acc|GENBANK|ABG37663.1|GENBANK|DQ536170|CCHC-type integrase [Populus trichocarpa]	Populus trichocarpa	Blastx
SRR22534752	NODE_24305_length_323_cov_1.117241	39.2	323	436	0.222477	1.58e-13	acc|GENBANK|CAA79734.1|GENBANK|Z21608|glycoprotein [Brassica napus]	Brassica napus	Blastx
SRR22534752	NODE_31955_length_312_cov_4.379928	66.7	312	1105	0.046154	1.60e-13	acc|GENBANK|AAK84476.1|GENBANK|AF275345|unknown [Solanum lycopersicum]	Solanum lycopersicum	Blastx
SRR22534752	NODE_11315_length_583_cov_17.387273	30.1	583	299	0.645485	1.61e-13	acc|GENBANK|QBK91775.1|GENBANK|MK500565|mitochondrial carrier-like protein [Pithovirus LCPAC304]	Pithovirus LCPAC304	Blastx
SRR22534752	NODE_34179_length_945_cov_10.859649	29.8	945	137	1.226277	1.63e-13	acc|GENBANK|AYV80970.1|GENBANK|MK072254|glyoxal reductase [Harvfovirus sp.]	Harvfovirus sp.	Blastx
SRR22534752	NODE_16720_length_1126_cov_8.640439	32.7	1126	182	0.807692	1.66e-13	acc|GENBANK|BDT62002.1|GENBANK|LC738871|hypothetical protein [Penaeus monodon majanivirus B]	Penaeus monodon majanivirus B	Blastx
SRR22534752	NODE_42757_length_565_cov_8.242481	35.5	565	2466	0.050284	1.66e-13	acc|GENBANK|AOZ57106.1|GENBANK|KX608896|Serine threonine-protein kinase TOR [Saccharum hybrid cultivar R570]	Saccharum hybrid cultivar R570	Blastx
SRR22534752	NODE_43015_length_295_cov_12.068702	48.5	295	353	0.192635	1.67e-13	acc|REFSEQ|YP_010781533.1|REFSEQ|NC_075039|synthetase [Tupanvirus soda lake]	Tupanvirus soda lake	Blastx
SRR22534752	NODE_27064_length_452_cov_1.947494	59.3	452	394	0.149746	1.69e-13	acc|REFSEQ|YP_009640107.1|REFSEQ|NC_011335|hypothetical protein [Diadromus pulchellus ascovirus 4a]	Diadromus pulchellus ascovirus 4a	Blastx
SRR22534752	NODE_10223_length_627_cov_18.572391	30.5	627	558	0.234767	1.74e-13	acc|GENBANK|QDY52220.1|GENBANK|MK250089|ABC transporter [Mimiviridae sp. ChoanoV1]	Mimiviridae sp. ChoanoV1	Blastx
SRR22534752	NODE_46279_length_898_cov_7.841618	33.6	898	293	0.488055	1.76e-13	acc|GENBANK|QFG74071.1|GENBANK|MN448277|zinc carboxypeptidase [Megaviridae environmental sample]	Megaviridae environmental sample	Blastx
SRR22534752	NODE_38422_length_497_cov_2.633621	36.8	497	323	0.421053	1.76e-13	acc|REFSEQ|YP_008318809.1|REFSEQ|NC_021858|Haloacid dehydrogenase [Pandoravirus dulcis]	Pandoravirus dulcis	Blastx
SRR22534752	NODE_6121_length_281_cov_2.076613	55.0	281	262	0.229008	1.77e-13	acc|GENBANK|ANI87836.1|GENBANK|KT591679|Myb transcription factor [Citrus medica]	Citrus medica	Blastx
SRR22534752	NODE_6136_length_297_cov_1.575758	42.2	297	925	0.097297	1.79e-13	acc|GENBANK|ABY48139.1|GENBANK|EU306659|NORK [Medicago truncatula]	Medicago truncatula	Blastx
SRR22534752	NODE_5264_length_506_cov_21.124736	48.7	506	371	0.210243	1.89e-13	acc|GENBANK|WNO13897.1|GENBANK|OQ968270|capsid protein [Berere partitivirus]	Berere partitivirus	Blastx
SRR22534752	NODE_43003_length_438_cov_12.992593	36.4	438	678	0.206490	1.92e-13	acc|GENBANK|CCQ71325.1|GENBANK|HF586476|hypothetical kinesin-like protein KIF3 [Cotesia congregata]	Cotesia congregata	Blastx
SRR22534752	NODE_36233_length_274_cov_2.294606	43.2	274	276	0.318841	1.92e-13	acc|REFSEQ|YP_010781341.1|REFSEQ|NC_075039|copine [Tupanvirus soda lake]	Tupanvirus soda lake	Blastx
SRR22534752	NODE_7092_length_673_cov_12.885938	35.2	673	216	0.578704	1.98e-13	acc|GENBANK|AYV79764.1|GENBANK|MK072178|hypothetical protein [Faunusvirus sp.]	Faunusvirus sp.	Blastx
SRR22534752	NODE_16904_length_420_cov_2.457364	49.4	420	497	0.162978	2.03e-13	acc|GENBANK|AYV83822.1|GENBANK|MK072394|cytochrome P450 704B1 [Hyperionvirus sp.]	Hyperionvirus sp.	Blastx
SRR22534752	NODE_28307_length_442_cov_2.537897	51.4	442	1287	0.057498	2.12e-13	acc|GENBANK|WLY67778.1|GENBANK|OR078387|TYG71p [Saccharomyces cerevisiae]	Saccharomyces cerevisiae	Blastx
SRR22534752	NODE_6178_length_393_cov_2.138889	54.5	393	630	0.104762	2.15e-13	acc|GENBANK|WIL05472.1|GENBANK|OQ413582|ABC2 type transporter superfamily protein [Pithovirus mammoth]	Pithovirus mammoth	Blastx
SRR22534752	NODE_44294_length_912_cov_9.772469	30.5	912	678	0.290560	2.20e-13	acc|GENBANK|CCQ71325.1|GENBANK|HF586476|hypothetical kinesin-like protein KIF3 [Cotesia congregata]	Cotesia congregata	Blastx
SRR22534752	NODE_20223_length_1840_cov_8.821804	22.4	1840	479	0.989562	2.32e-13	acc|GENBANK|CCQ71313.1|GENBANK|HF586476|hypothetical methyltransferase MTase [Cotesia congregata]	Cotesia congregata	Blastx
SRR22534752	NODE_16556_length_325_cov_87.147260	41.4	325	268	0.414179	2.33e-13	acc|GENBANK|QFG74698.1|GENBANK|MN448290|protein phosphatase 2C [Megaviridae environmental sample]	Megaviridae environmental sample	Blastx
SRR22534752	NODE_27692_length_464_cov_3.020882	35.9	464	535	0.239252	2.36e-13	acc|REFSEQ|YP_008319316.1|REFSEQ|NC_021858|Cytochrome P450 [Pandoravirus dulcis]	Pandoravirus dulcis	Blastx
SRR22534752	NODE_33716_length_373_cov_4.558824	40.0	373	2037	0.061365	2.50e-13	acc|GENBANK|ABG37663.1|GENBANK|DQ536170|CCHC-type integrase [Populus trichocarpa]	Populus trichocarpa	Blastx
SRR22534752	NODE_45095_length_309_cov_31.626812	36.0	309	293	0.341297	2.53e-13	acc|GENBANK|QFG75012.1|GENBANK|MN448296|protein kinase domain protein [Megaviridae environmental sample]	Megaviridae environmental sample	Blastx
SRR22534752	NODE_778_length_340_cov_34.146580	41.7	340	415	0.231325	2.57e-13	acc|GENBANK|AYV79444.1|GENBANK|MK072145|hypothetical protein [Faunusvirus sp.]	Faunusvirus sp.	Blastx
SRR22534752	NODE_42753_length_356_cov_6.402477	45.2	356	721	0.116505	2.60e-13	acc|GENBANK|AYV87083.1|GENBANK|MK072529|putative RNA helicase SDE3 [Sylvanvirus sp.]	Sylvanvirus sp.	Blastx
SRR22534752	NODE_8245_length_767_cov_9.555858	27.4	767	549	0.318761	2.67e-13	acc|GENBANK|WGU26815.1|GENBANK|OQ503488|pentatricopeptide repeat-containing protein [Triticum monococcum]	Triticum monococcum	Blastx
SRR22534752	NODE_1414_length_228_cov_725.117949	50.8	228	144	0.409722	2.68e-13	acc|GENBANK|ULY68577.1|GENBANK|OL828820|ubiquitin-conjugating enzyme E2 2-like isoform [Chlorella virus XW01]	Chlorella virus XW01	Blastx
SRR22534752	NODE_40122_length_516_cov_4.240166	35.1	516	446	0.248879	2.69e-13	acc|GENBANK|ATZ80917.1|GENBANK|MF782455|major facilitator superfamily-like protein [Bodo saltans virus]	Bodo saltans virus	Blastx
SRR22534752	NODE_14658_length_530_cov_2.422535	35.5	530	925	0.149189	2.71e-13	acc|GENBANK|ABY48139.1|GENBANK|EU306659|NORK [Medicago truncatula]	Medicago truncatula	Blastx
SRR22534752	NODE_48948_length_236_cov_1.152709	52.4	236	2037	0.030928	2.78e-13	acc|GENBANK|ABG37663.1|GENBANK|DQ536170|CCHC-type integrase [Populus trichocarpa]	Populus trichocarpa	Blastx
SRR22534752	NODE_34367_length_369_cov_2.422619	46.7	369	443	0.169300	2.79e-13	acc|GENBANK|QGR54033.1|GENBANK|MK978772|peptidase c19 subfamily protein [Moumouvirus maliensis]	Moumouvirus maliensis	Blastx
SRR22534752	NODE_45438_length_721_cov_12.302326	30.5	721	646	0.340557	2.80e-13	acc|GENBANK|QKF94735.1|GENBANK|MT418680|long-chain fatty acid CoA synthetase [Fadolivirus FV1/VV64]	Fadolivirus FV1/VV64	Blastx
SRR22534752	NODE_24711_length_263_cov_1.604348	42.4	263	644	0.131988	2.82e-13	acc|GENBANK|AGE55774.1|GENBANK|JX997174|potassium transporter [Acanthocystis turfacea Chlorella virus MN0810.1]	Acanthocystis turfacea Chlorella virus MN0810.1	Blastx
SRR22534752	NODE_16434_length_687_cov_7.149847	36.8	687	148	0.770270	2.88e-13	acc|GENBANK|AEQ61124.1|GENBANK|JF801956|Alkylated DNA repair protein [Acanthamoeba castellanii mamavirus]	Acanthamoeba castellanii mamavirus	Blastx
SRR22534752	NODE_30923_length_398_cov_1.586301	33.6	398	494	0.228745	2.90e-13	acc|GENBANK|CAA72988.1|GENBANK|Y12321|SLG-Sc [Brassica oleracea var. viridis]	Brassica oleracea var. viridis	Blastx
SRR22534752	NODE_4895_length_610_cov_5.351820	31.9	610	274	0.503650	2.91e-13	acc|GENBANK|QPI16261.1|GENBANK|MW030547|hypothetical protein [Virus NIOZ-UU157]	Virus NIOZ-UU157	Blastx
SRR22534752	NODE_38419_length_450_cov_1.400480	63.0	450	144	0.375000	2.93e-13	acc|GENBANK|WZH61589.1|GENBANK|PP173858|putative capsid protein [Sonafor virus]	Sonafor virus	Blastx
SRR22534752	NODE_25855_length_366_cov_5.798799	47.7	366	628	0.103503	2.94e-13	acc|GENBANK|AYV84927.1|GENBANK|MK072437|hypothetical protein [Satyrvirus sp.]	Satyrvirus sp.	Blastx
SRR22534752	NODE_24831_length_368_cov_3.017910	50.0	368	630	0.111111	2.95e-13	acc|GENBANK|QOR60303.1|GENBANK|MK522035|hypothetical protein [Bathycoccus sp. RCC716 virus 1]	Bathycoccus sp. RCC716 virus 1	Blastx
SRR22534752	NODE_8473_length_1035_cov_2.657685	38.9	1035	682	0.184751	3.05e-13	acc|GENBANK|QBK90575.1|GENBANK|MK500494|ATP-dependent helicase [Pithovirus LCPAC104]	Pithovirus LCPAC104	Blastx
SRR22534752	NODE_4009_length_1038_cov_11.293532	61.0	1038	691	0.085384	3.12e-13	acc|GENBANK|ABY48131.1|GENBANK|EU306659|zinc finger protein [Medicago truncatula]	Medicago truncatula	Blastx
SRR22534752	NODE_16941_length_512_cov_27.325678	39.2	512	299	0.341137	3.13e-13	acc|GENBANK|UOG94093.1|NEIGHBOR|OM876856|serine threonine-protein phosphatase [Aureococcus anophagefferens virus]	Aureococcus anophagefferens virus	Blastx
SRR22534752	NODE_40636_length_284_cov_9.322709	42.4	284	388	0.237113	3.13e-13	acc|GENBANK|CCQ71327.1|GENBANK|HF586476|hypothetical protein kinase Pka-C1 [Cotesia congregata]	Cotesia congregata	Blastx
SRR22534752	NODE_45519_length_1053_cov_10.122549	30.3	1053	288	0.607639	3.16e-13	acc|GENBANK|CAZ69354.1|GENBANK|FN429076|Longevity-assurance (LAG1) family protein [Emiliania huxleyi virus 99B1]	Emiliania huxleyi virus 99B1	Blastx
SRR22534752	NODE_33483_length_663_cov_3.449206	28.0	663	558	0.301075	3.16e-13	acc|GENBANK|QDY52220.1|GENBANK|MK250089|ABC transporter [Mimiviridae sp. ChoanoV1]	Mimiviridae sp. ChoanoV1	Blastx
SRR22534752	NODE_49369_length_250_cov_1.617512	51.3	250	1310	0.061069	3.38e-13	acc|GENBANK|AAK84477.1|GENBANK|AF275345|putative centromere protein [Solanum lycopersicum]	Solanum lycopersicum	Blastx
SRR22534752	NODE_16433_length_234_cov_16.129353	53.8	234	336	0.232143	3.59e-13	acc|GENBANK|QFG74155.1|GENBANK|MN448281|semialdehyde dehydrogenase, dimerization domain [Megaviridae environmental sample]	Megaviridae environmental sample	Blastx
SRR22534752	NODE_2780_length_396_cov_8.628099	48.4	396	63	0.984127	3.61e-13	acc|REFSEQ|YP_009173682.1|REFSEQ|NC_028094|AN1-like Zinc finger containing protein [Chrysochromulina ericina virus]	Chrysochromulina ericina virus	Blastx
SRR22534752	NODE_26127_length_234_cov_3.895522	46.1	234	509	0.149312	3.63e-13	acc|GENBANK|AYV75974.1|GENBANK|MK071982|glutamyl-tRNA synthetase [Terrestrivirus sp.]	Terrestrivirus sp.	Blastx
SRR22534752	NODE_42743_length_210_cov_26.593220	47.8	210	1019	0.067713	3.67e-13	acc|GENBANK|ABZ80022.1|NEIGHBOR|EU410304|beta-D-galactosidase [synthetic Vaccinia virus]	synthetic Vaccinia virus	Blastx
SRR22534752	NODE_42793_length_845_cov_4.612069	25.1	845	743	0.283984	3.72e-13	acc|GENBANK|AYV78699.1|GENBANK|MK072091|DNA-directed RNA polymerase subunit beta [Edafosvirus sp.]	Edafosvirus sp.	Blastx
SRR22534752	NODE_4913_length_207_cov_40.500000	47.6	207	299	0.210702	3.76e-13	acc|GENBANK|ARF09764.1|GENBANK|KY684087|serine/threonine protein kinase [Indivirus ILV1]	Indivirus ILV1	Blastx
SRR22534752	NODE_18071_length_1333_cov_15.131538	35.5	1333	527	0.235294	3.78e-13	acc|REFSEQ|YP_010780764.1|REFSEQ|NC_075038|mimivirus translation initiation factor 4a [Tupanvirus deep ocean]	Tupanvirus deep ocean	Blastx
SRR22534752	NODE_8548_length_387_cov_7.943503	61.4	387	674	0.084570	3.78e-13	acc|GENBANK|UZT28900.1|GENBANK|OP765507|ATP-dependent zinc metalloprotease [Nucleocytoviricota sp.]	Nucleocytoviricota sp.	Blastx
SRR22534752	NODE_2107_length_398_cov_11.734247	35.2	398	459	0.265795	3.84e-13	acc|GENBANK|BBI30359.1|GENBANK|AP018495|beta-galactosidase [Acanthamoeba castellanii medusavirus J1]	Acanthamoeba castellanii medusavirus J1	Blastx
SRR22534752	NODE_18941_length_577_cov_20.253676	28.9	577	653	0.297090	3.99e-13	acc|GENBANK|AYV76715.1|GENBANK|MK071990|zincin [Terrestrivirus sp.]	Terrestrivirus sp.	Blastx
SRR22534752	NODE_17728_length_759_cov_12.807163	36.4	759	326	0.463190	4.01e-13	acc|GENBANK|QDY52441.1|GENBANK|MK250092|hypothetical protein [Mimiviridae sp. ChoanoV1]	Mimiviridae sp. ChoanoV1	Blastx
SRR22534752	NODE_44621_length_634_cov_6.164725	47.1	634	237	0.286920	4.05e-13	acc|GENBANK|ADB85285.1|GENBANK|GQ252816|hypothetical protein [Phyllostachys edulis]	Phyllostachys edulis	Blastx
SRR22534752	NODE_45830_length_423_cov_13.012821	38.6	423	254	0.346457	4.18e-13	acc|GENBANK|XDO02333.1|GENBANK|PP542043|putative Lipase [Florenciella sp. virus SA2]	Florenciella sp. virus SA2	Blastx
SRR22534752	NODE_33883_length_379_cov_1.658960	34.6	379	484	0.262397	4.39e-13	acc|GENBANK|WZO86567.1|GENBANK|PP681892|NADH dehydrogenase [Chlorovirus sp.]	Chlorovirus sp.	Blastx
SRR22534752	NODE_21128_length_226_cov_3.020725	39.2	226	571	0.129597	4.43e-13	acc|GENBANK|AYV78594.1|GENBANK|MK072084|hypothetical protein [Edafosvirus sp.]	Edafosvirus sp.	Blastx
SRR22534752	NODE_48621_length_224_cov_1.225131	57.1	224	82	0.597561	4.47e-13	acc|GENBANK|AAM47483.1|GENBANK|AY099465|RNAse H-like protein [Quercus suber]	Quercus suber	Blastx
SRR22534752	NODE_1543_length_2289_cov_24.399379	40.7	2289	139	0.618705	4.58e-13	acc|GENBANK|QFG75158.1|GENBANK|MN448299|thioredoxin [Megaviridae environmental sample]	Megaviridae environmental sample	Blastx
SRR22534752	NODE_23926_length_252_cov_1.525114	38.1	252	2466	0.034063	4.86e-13	acc|GENBANK|AOZ57106.1|GENBANK|KX608896|Serine threonine-protein kinase TOR [Saccharum hybrid cultivar R570]	Saccharum hybrid cultivar R570	Blastx
SRR22534752	NODE_26264_length_504_cov_2.163482	79.1	504	212	0.202830	4.88e-13	acc|GENBANK|AYV82031.1|GENBANK|MK072334|Ras-like protein Rab-11A [Homavirus sp.]	Homavirus sp.	Blastx
SRR22534752	NODE_10610_length_445_cov_10.730583	28.8	445	361	0.326870	4.90e-13	acc|REFSEQ|YP_010780296.1|REFSEQ|NC_075038|histone deacetylase [Tupanvirus deep ocean]	Tupanvirus deep ocean	Blastx
SRR22534752	NODE_39991_length_967_cov_4.276231	29.6	967	278	0.582734	5.09e-13	acc|GENBANK|AYV86480.1|GENBANK|MK072507|YchF/TatD family DNA exonuclease [Sylvanvirus sp.]	Sylvanvirus sp.	Blastx
SRR22534752	NODE_41496_length_739_cov_5.820113	29.6	739	487	0.312115	5.10e-13	acc|GENBANK|QOI90141.1|GENBANK|MT663534|hypothetical protein [Pyramimonas orientalis virus 01B]	Pyramimonas orientalis virus 01B	Blastx
SRR22534752	NODE_14289_length_361_cov_3.945122	58.9	361	359	0.155989	5.14e-13	acc|GENBANK|AGE50238.1|GENBANK|JX997158|GDP-L-fucose synthase 2 [Acanthocystis turfacea Chlorella virus Canal-1]	Acanthocystis turfacea Chlorella virus Canal-1	Blastx
SRR22534752	NODE_4519_length_712_cov_40.924890	35.2	712	261	0.555556	5.17e-13	acc|GENBANK|AYV86979.1|GENBANK|MK072522|hypothetical protein [Sylvanvirus sp.]	Sylvanvirus sp.	Blastx
SRR22534752	NODE_42974_length_1006_cov_5.596095	32.9	1006	357	0.613445	5.21e-13	acc|GENBANK|ABB29305.1|GENBANK|DQ219419|NADPH-dependent reductase [Zea mays]	Zea mays	Blastx
SRR22534752	NODE_31366_length_232_cov_4.572864	51.8	232	158	0.354430	5.30e-13	acc|GENBANK|UOG94965.1|GENBANK|OM885364|transcription factor MybA3 [Vitis vinifera]	Vitis vinifera	Blastx
SRR22534752	NODE_7137_length_2614_cov_33.422317	30.4	2614	356	0.508427	5.39e-13	acc|GENBANK|QFG74765.1|GENBANK|MN448290|ubiquitin carboxyl-terminal hydrolase [Megaviridae environmental sample]	Megaviridae environmental sample	Blastx
SRR22534752	NODE_3638_length_850_cov_105.615667	52.5	850	136	0.588235	5.40e-13	acc|GENBANK|QBK88197.1|GENBANK|MK500378|RNA polymerases N/ 8 kDa subunit [Marseillevirus LCMAC202]	Marseillevirus LCMAC202	Blastx
SRR22534752	NODE_9434_length_964_cov_3.676692	53.1	964	391	0.163683	5.41e-13	acc|GENBANK|ARF09921.1|GENBANK|KY684089|DnaJ domain protein [Indivirus ILV1]	Indivirus ILV1	Blastx
SRR22534752	NODE_45549_length_901_cov_7.087558	28.3	901	261	0.839080	5.70e-13	acc|GENBANK|AYV79236.1|GENBANK|MK072137|serine/threonine protein phosphatase [Faunusvirus sp.]	Faunusvirus sp.	Blastx
SRR22534752	NODE_27177_length_241_cov_1.004808	38.9	241	361	0.199446	6.00e-13	acc|REFSEQ|YP_010780296.1|REFSEQ|NC_075038|histone deacetylase [Tupanvirus deep ocean]	Tupanvirus deep ocean	Blastx
SRR22534752	NODE_15556_length_329_cov_2.513514	56.9	329	473	0.122622	6.16e-13	acc|REFSEQ|YP_010781727.1|REFSEQ|NC_075039|putative ubiquitin-specific protease [Tupanvirus soda lake]	Tupanvirus soda lake	Blastx
SRR22534752	NODE_13503_length_368_cov_8.773134	31.9	368	390	0.289744	6.18e-13	acc|GENBANK|AYV77962.1|GENBANK|MK072068|FAD-binding protein [Edafosvirus sp.]	Edafosvirus sp.	Blastx
SRR22534752	NODE_29139_length_274_cov_2.269710	43.8	274	925	0.096216	6.26e-13	acc|GENBANK|ABY48139.1|GENBANK|EU306659|NORK [Medicago truncatula]	Medicago truncatula	Blastx
SRR22534752	NODE_21308_length_402_cov_2.932249	54.0	402	96	0.656250	6.29e-13	acc|GENBANK|BDT62136.1|GENBANK|LC738872|heat shock protein 40-like protein [Litopenaeus vannamei majanivirus Nimav-1_LVa]	Litopenaeus vannamei majanivirus Nimav-1_LVa	Blastx
SRR22534752	NODE_42175_length_1370_cov_4.896036	51.9	1370	925	0.087568	6.31e-13	acc|GENBANK|ABY48139.1|GENBANK|EU306659|NORK [Medicago truncatula]	Medicago truncatula	Blastx
SRR22534752	NODE_26806_length_228_cov_6.917949	46.7	228	925	0.081081	6.42e-13	acc|GENBANK|ABY48139.1|GENBANK|EU306659|NORK [Medicago truncatula]	Medicago truncatula	Blastx
SRR22534752	NODE_8489_length_1851_cov_22.286029	29.4	1851	343	0.516035	6.77e-13	acc|GENBANK|AYV82043.1|GENBANK|MK072335|lysophospholipid acyltransferase [Homavirus sp.]	Homavirus sp.	Blastx
SRR22534752	NODE_46351_length_1494_cov_9.568104	30.6	1494	1083	0.168975	6.81e-13	acc|GENBANK|AAB62532.1|GENBANK|AF001075|gag-v-phosphoinositide 3-kinase catalytic [Avian sarcoma virus 16]	Avian sarcoma virus 16	Blastx
SRR22534752	NODE_46883_length_641_cov_8.386513	29.3	641	646	0.317337	6.82e-13	acc|GENBANK|QKF94735.1|GENBANK|MT418680|long-chain fatty acid CoA synthetase [Fadolivirus FV1/VV64]	Fadolivirus FV1/VV64	Blastx
SRR22534752	NODE_50043_length_270_cov_1.481013	39.5	270	276	0.311594	6.92e-13	acc|GENBANK|ABV29330.1|GENBANK|EU126948|truncated bromodomain-containing protein 2b [Danio rerio]	Danio rerio	Blastx
SRR22534752	NODE_26833_length_471_cov_3.847032	69.6	471	322	0.142857	6.94e-13	acc|GENBANK|AYV78253.1|GENBANK|MK072073|putative dTDP-D-glucose 46-dehydratase [Edafosvirus sp.]	Edafosvirus sp.	Blastx
SRR22534752	NODE_6911_length_1089_cov_10.487689	38.4	1089	691	0.143271	6.95e-13	acc|GENBANK|UPW42252.1|GENBANK|ON001649|putative RNA dependent RNA polymerase [Xisha Islands farmland mitovirus 5]	Xisha Islands farmland mitovirus 5	Blastx
SRR22534752	NODE_50605_length_268_cov_2.246809	48.1	268	167	0.473054	7.11e-13	acc|GENBANK|QBZ81425.1|GENBANK|MK174290|Protein kinase catalytic incomplete domain [Pandoravirus celtis]	Pandoravirus celtis	Blastx
SRR22534752	NODE_34893_length_391_cov_1.522346	68.1	391	701	0.067047	7.29e-13	acc|GENBANK|AAK70407.1|GENBANK|AF369930|pol polyprotein [Citrus x paradisi]	Citrus x paradisi	Blastx
SRR22534752	NODE_28437_length_218_cov_4.843243	52.9	218	589	0.115450	7.34e-13	acc|GENBANK|QKF93534.1|GENBANK|MT418680|peroxisomal acyl-CoA oxidase [Fadolivirus FV1/VV64]	Fadolivirus FV1/VV64	Blastx
SRR22534752	NODE_22916_length_591_cov_6.808244	31.9	591	363	0.388430	7.38e-13	acc|GENBANK|AGU70139.1|GENBANK|KF270090|protein kinase superfamily protein [Tarenaya hassleriana]	Tarenaya hassleriana	Blastx
SRR22534752	NODE_8378_length_1537_cov_5.488697	31.1	1537	262	0.725191	7.77e-13	acc|GENBANK|QKF94762.1|GENBANK|MT418680|protein phosphatase 2c family protein [Fadolivirus FV1/VV64]	Fadolivirus FV1/VV64	Blastx
SRR22534752	NODE_38445_length_291_cov_2.868217	43.0	291	925	0.100541	7.89e-13	acc|GENBANK|ABY48139.1|GENBANK|EU306659|NORK [Medicago truncatula]	Medicago truncatula	Blastx
SRR22534752	NODE_35931_length_202_cov_2.568047	56.9	202	1281	0.039813	8.29e-13	acc|GENBANK|AAA67727.1|GENBANK|U15647|reverse transcriptase [Mus musculus domesticus]	Mus musculus domesticus	Blastx
SRR22534752	NODE_40772_length_1014_cov_7.926606	38.9	1014	1946	0.055498	8.91e-13	acc|GENBANK|ADB85424.1|GENBANK|GQ252887|putative retrotransposon protein [Phyllostachys edulis]	Phyllostachys edulis	Blastx
SRR22534752	NODE_43281_length_414_cov_6.139108	35.0	414	575	0.238261	9.25e-13	acc|GENBANK|CAE02704.1|GENBANK|AJ575660|putative sugar transporter [Yarrowia lipolytica]	Yarrowia lipolytica	Blastx
SRR22534752	NODE_2527_length_1352_cov_32.887794	22.8	1352	539	0.766234	9.58e-13	acc|GENBANK|QDY52400.1|GENBANK|MK250091|aldehyde dehydrogenase family protein [Mimiviridae sp. ChoanoV1]	Mimiviridae sp. ChoanoV1	Blastx
SRR22534752	NODE_35961_length_913_cov_3.948864	41.7	913	447	0.230425	9.70e-13	acc|GENBANK|AAD27549.1|GENBANK|AF111709|unknown [Oryza sativa Indica Group]	Oryza sativa Indica Group	Blastx
SRR22534752	NODE_45556_length_486_cov_7.454746	54.5	486	85	0.647059	1.06e-12	acc|GENBANK|AYV75195.1|GENBANK|MK071979|putative cytochrome b5 [Terrestrivirus sp.]	Terrestrivirus sp.	Blastx
SRR22534752	NODE_20303_length_757_cov_11.109116	40.4	757	498	0.188755	1.07e-12	acc|GENBANK|XHA59766.1|GENBANK|OR863077|thermosome [Poseidoniales virus]	Poseidoniales virus	Blastx
SRR22534752	NODE_6060_length_272_cov_6.196653	55.0	272	337	0.178042	1.09e-12	acc|GENBANK|ABH08433.1|GENBANK|DQ851167|putative heat shock factor [Beta vulgaris]	Beta vulgaris	Blastx
SRR22534752	NODE_718_length_607_cov_19.775261	36.3	607	2224	0.065647	1.13e-12	acc|GENBANK|AYV81995.1|GENBANK|MK072332|putative CAD protein isoform X1 [Homavirus sp.]	Homavirus sp.	Blastx
SRR22534752	NODE_4852_length_1028_cov_45.777889	39.5	1028	139	0.618705	1.13e-12	acc|GENBANK|QFG75158.1|GENBANK|MN448299|thioredoxin [Megaviridae environmental sample]	Megaviridae environmental sample	Blastx
SRR22534752	NODE_1687_length_289_cov_4.441406	40.8	289	307	0.319218	1.13e-12	acc|GENBANK|ATZ81088.1|GENBANK|MF782455|protein phosphatase [Bodo saltans virus]	Bodo saltans virus	Blastx
SRR22534752	NODE_22723_length_225_cov_272.302083	46.8	225	253	0.304348	1.15e-12	acc|GENBANK|QFG74715.1|GENBANK|MN448290|triosephosphate isomerase [Megaviridae environmental sample]	Megaviridae environmental sample	Blastx
SRR22534752	NODE_16379_length_513_cov_8.539583	35.4	513	414	0.272947	1.16e-12	acc|GENBANK|QKF94081.1|GENBANK|MT418680|serine/threonine-protein kinase [Fadolivirus FV1/VV64]	Fadolivirus FV1/VV64	Blastx
SRR22534752	NODE_131_length_2533_cov_9.516800	19.6	2533	539	0.821892	1.19e-12	acc|GENBANK|AYV75872.1|GENBANK|MK071981|hypothetical protein [Terrestrivirus sp.]	Terrestrivirus sp.	Blastx
SRR22534752	NODE_30842_length_228_cov_3.153846	51.4	228	732	0.095628	1.19e-12	acc|GENBANK|AGJ83729.1|GENBANK|KC256972|gag-pol polyprotein [Caragana korshinskii]	Caragana korshinskii	Blastx
SRR22534752	NODE_26900_length_206_cov_1.219653	52.5	206	2037	0.029946	1.19e-12	acc|GENBANK|ABG37663.1|GENBANK|DQ536170|CCHC-type integrase [Populus trichocarpa]	Populus trichocarpa	Blastx
SRR22534752	NODE_33630_length_444_cov_4.941606	34.1	444	467	0.269807	1.20e-12	acc|GENBANK|API81738.1|NEIGHBOR|KU052222|hypothetical protein [Cafeteriavirus-dependent mavirus]	Cafeteriavirus-dependent mavirus	Blastx
SRR22534752	NODE_3471_length_505_cov_35.974576	41.6	505	139	0.640288	1.20e-12	acc|GENBANK|QFG75158.1|GENBANK|MN448299|thioredoxin [Megaviridae environmental sample]	Megaviridae environmental sample	Blastx
SRR22534752	NODE_45230_length_847_cov_7.100737	44.8	847	365	0.238356	1.21e-12	acc|GENBANK|QBK92234.1|GENBANK|MK500569|chaperone protein [Pithovirus LCPAC304]	Pithovirus LCPAC304	Blastx
SRR22534752	NODE_3619_length_405_cov_27.997312	33.3	405	279	0.451613	1.24e-12	acc|GENBANK|ARF12509.1|GENBANK|KY684113|stomatin family protein [Klosneuvirus KNV1]	Klosneuvirus KNV1	Blastx
SRR22534752	NODE_43810_length_455_cov_11.890995	59.1	455	103	0.427184	1.24e-12	acc|GENBANK|AYV75812.1|GENBANK|MK071981|putative AN1-type zinc finger protein 2A-like [Terrestrivirus sp.]	Terrestrivirus sp.	Blastx
SRR22534752	NODE_43921_length_301_cov_9.649254	55.6	301	142	0.443662	1.24e-12	acc|GENBANK|QEA08225.1|GENBANK|MN081869|dual specific protein [Iridovirus Liz-CrIV]	Iridovirus Liz-CrIV	Blastx
SRR22534752	NODE_47843_length_337_cov_18.601974	34.8	337	447	0.257271	1.25e-12	acc|GENBANK|AAV51067.1|NEIGHBOR|AY653733|7-dehydrocholesterol reductase [Acanthamoeba polyphaga mimivirus]	Acanthamoeba polyphaga mimivirus	Blastx
SRR22534752	NODE_5905_length_878_cov_15.404734	43.2	878	169	0.479290	1.30e-12	acc|REFSEQ|YP_009046760.1|REFSEQ|NC_024451|Dual specificity phosphatases [Armadillidium vulgare iridescent virus]	Armadillidium vulgare iridescent virus	Blastx
SRR22534752	NODE_13237_length_324_cov_2.006873	55.6	324	276	0.228261	1.32e-12	acc|REFSEQ|YP_010781341.1|REFSEQ|NC_075039|copine [Tupanvirus soda lake]	Tupanvirus soda lake	Blastx
SRR22534752	NODE_16366_length_1312_cov_28.732604	34.8	1312	364	0.387363	1.33e-12	acc|GENBANK|AYV76598.1|GENBANK|MK071987|hypothetical protein [Terrestrivirus sp.]	Terrestrivirus sp.	Blastx
SRR22534752	NODE_1982_length_760_cov_13.414030	35.7	760	124	0.927419	1.33e-12	acc|GENBANK|QRM13562.1|NEIGHBOR|MW142017|hypothetical protein [Fowlpox virus]	Fowlpox virus	Blastx
SRR22534752	NODE_2870_length_910_cov_24.118586	33.3	910	794	0.143577	1.37e-12	acc|GENBANK|AYV76328.1|GENBANK|MK071983|putative exonuclease [Terrestrivirus sp.]	Terrestrivirus sp.	Blastx
SRR22534752	NODE_14824_length_1064_cov_4.995150	23.2	1064	258	1.019380	1.39e-12	acc|GENBANK|AYV85051.1|GENBANK|MK072438|hypothetical protein [Satyrvirus sp.]	Satyrvirus sp.	Blastx
SRR22534752	NODE_8824_length_2422_cov_10.431143	33.5	2422	411	0.472019	1.40e-12	acc|GENBANK|WZO84620.1|GENBANK|PP681887|NADH dehydrogenase [Chlorovirus sp.]	Chlorovirus sp.	Blastx
SRR22534752	NODE_5602_length_313_cov_3.639286	41.4	313	1158	0.095855	1.42e-12	acc|GENBANK|ADK47522.1|GENBANK|HM124452|NBS2-RDG2A [Hordeum vulgare subsp. vulgare]	Hordeum vulgare subsp. vulgare	Blastx
SRR22534752	NODE_14453_length_307_cov_3.759124	55.4	307	162	0.345679	1.45e-12	acc|GENBANK|AXN91156.1|GENBANK|MG745875|putative BTB domain containing protein [Namao virus]	Namao virus	Blastx
SRR22534752	NODE_14762_length_773_cov_9.372973	31.3	773	325	0.492308	1.50e-12	acc|GENBANK|ARF09069.1|GENBANK|KY684084|diacylglycerol kinase catalytic domain protein [Catovirus CTV1]	Catovirus CTV1	Blastx
SRR22534752	NODE_3610_length_275_cov_3.925620	47.0	275	549	0.151184	1.55e-12	acc|GENBANK|WGU26815.1|GENBANK|OQ503488|pentatricopeptide repeat-containing protein [Triticum monococcum]	Triticum monococcum	Blastx
SRR22534752	NODE_6185_length_579_cov_4.349817	27.5	579	424	0.393868	1.56e-12	acc|GENBANK|AYV75470.1|GENBANK|MK071979|putative cytochrome P450 4C1-like isoform X2 [Terrestrivirus sp.]	Terrestrivirus sp.	Blastx
SRR22534752	NODE_9976_length_412_cov_1.857520	34.7	412	456	0.315789	1.56e-12	acc|GENBANK|QYB17664.1|GENBANK|MZ440852|poly(ADP-ribose) glycohydrolase [Pacmanvirus S19]	Pacmanvirus S19	Blastx
SRR22534752	NODE_8568_length_445_cov_23.883495	36.9	445	447	0.290828	1.60e-12	acc|REFSEQ|NP_077596.1|REFSEQ|NC_002687|serine-threonine kinase [Ectocarpus siliculosus virus 1]	Ectocarpus siliculosus virus 1	Blastx
SRR22534752	NODE_3044_length_281_cov_7.669355	47.8	281	623	0.110754	1.69e-12	acc|GENBANK|BAL14837.1|GENBANK|AB682995|endo-1,4-b-D-glucanase [Oryza sativa Japonica Group]	Oryza sativa Japonica Group	Blastx
SRR22534752	NODE_13242_length_287_cov_1.842520	41.3	287	430	0.213953	1.70e-12	acc|REFSEQ|YP_004062122.1|REFSEQ|NC_014767|hypothetical protein [Micromonas sp. RCC1109 virus MpV1]	Micromonas sp. RCC1109 virus MpV1	Blastx
SRR22534752	NODE_3435_length_760_cov_35.328748	34.5	760	283	0.409894	1.74e-12	acc|GENBANK|QKF94519.1|GENBANK|MT418680|zinc finger RING-type protein [Fadolivirus FV1/VV64]	Fadolivirus FV1/VV64	Blastx
SRR22534752	NODE_45984_length_210_cov_25.000000	46.4	210	1019	0.067713	1.75e-12	acc|GENBANK|ABZ80022.1|NEIGHBOR|EU410304|beta-D-galactosidase [synthetic Vaccinia virus]	synthetic Vaccinia virus	Blastx
SRR22534752	NODE_45371_length_509_cov_9.563025	43.8	509	588	0.178571	1.76e-12	acc|GENBANK|QOI90522.1|GENBANK|MT663539|hypothetical protein [Pyramimonas orientalis virus]	Pyramimonas orientalis virus	Blastx
SRR22534752	NODE_27679_length_308_cov_1.603636	40.2	308	1435	0.064111	1.81e-12	acc|GENBANK|BCS83322.1|GENBANK|AP024483|ubiquitin-conjugating enzyme E2 [Cotonvirus japonicus]	Cotonvirus japonicus	Blastx
SRR22534752	NODE_4701_length_1351_cov_30.306525	47.4	1351	588	0.132653	1.86e-12	acc|GENBANK|QOI90522.1|GENBANK|MT663539|hypothetical protein [Pyramimonas orientalis virus]	Pyramimonas orientalis virus	Blastx
SRR22534752	NODE_27423_length_483_cov_2.495556	29.8	483	361	0.390582	1.86e-12	acc|REFSEQ|YP_010781583.1|REFSEQ|NC_075039|histone deacetylase [Tupanvirus soda lake]	Tupanvirus soda lake	Blastx
SRR22534752	NODE_538_length_1454_cov_19.532020	32.3	1454	289	0.536332	1.88e-12	acc|GENBANK|QBK88329.1|GENBANK|MK500386|ABC transporter [Marseillevirus LCMAC202]	Marseillevirus LCMAC202	Blastx
SRR22534752	NODE_49088_length_241_cov_1.125000	52.1	241	588	0.124150	1.89e-12	acc|GENBANK|QOI90522.1|GENBANK|MT663539|hypothetical protein [Pyramimonas orientalis virus]	Pyramimonas orientalis virus	Blastx
SRR22534752	NODE_25853_length_566_cov_5.380863	52.9	566	223	0.304933	1.90e-12	acc|GENBANK|QBK90732.1|GENBANK|MK500498|GIY-YIG catalytic domain protein [Pithovirus LCPAC201]	Pithovirus LCPAC201	Blastx
SRR22534752	NODE_1727_length_1587_cov_20.541184	22.4	1587	446	0.878924	1.92e-12	acc|GENBANK|ATZ80917.1|GENBANK|MF782455|major facilitator superfamily-like protein [Bodo saltans virus]	Bodo saltans virus	Blastx
SRR22534752	NODE_33912_length_351_cov_17.795597	38.9	351	283	0.381625	1.92e-12	acc|GENBANK|CAJ1637517.1|NEIGHBOR|OY730729|serine|threonine protein kinase; probable [Salmon gill poxvirus]	Salmon gill poxvirus	Blastx
SRR22534752	NODE_4888_length_1344_cov_14.325706	31.3	1344	335	0.495522	1.99e-12	acc|GENBANK|AYV75284.1|GENBANK|MK071979|class I SAM-dependent methyltransferase [Terrestrivirus sp.]	Terrestrivirus sp.	Blastx
SRR22534752	NODE_3909_length_633_cov_3.440000	28.8	633	258	0.631783	2.00e-12	acc|GENBANK|AYV85051.1|GENBANK|MK072438|hypothetical protein [Satyrvirus sp.]	Satyrvirus sp.	Blastx
SRR22534752	NODE_7015_length_345_cov_2.567308	63.6	345	308	0.142857	2.22e-12	acc|GENBANK|AFV13468.1|GENBANK|JQ314449|ring-H2 zinc finger protein [Coix lacryma-jobi]	Coix lacryma-jobi	Blastx
SRR22534752	NODE_14613_length_937_cov_5.085177	28.0	937	1008	0.209325	2.29e-12	acc|GENBANK|QBZ81682.1|GENBANK|MK174290|Peptidase domain containing protein [Pandoravirus celtis]	Pandoravirus celtis	Blastx
SRR22534752	NODE_18441_length_1207_cov_8.658433	27.9	1207	466	0.500000	2.33e-12	acc|GENBANK|ACD54811.1|GENBANK|EU643495|endo-xylogalacturonan hydrolase-like protein [Adineta vaga]	Adineta vaga	Blastx
SRR22534752	NODE_5948_length_601_cov_6.088028	45.9	601	727	0.116919	2.33e-12	acc|GENBANK|ADB85269.1|GENBANK|GQ252805|putative lectin-like protein kinase [Phyllostachys edulis]	Phyllostachys edulis	Blastx
SRR22534752	NODE_38484_length_415_cov_3.337696	33.6	415	557	0.224417	2.33e-12	acc|GENBANK|QKF94091.1|GENBANK|MT418680|bifunctional sulfate [Fadolivirus FV1/VV64]	Fadolivirus FV1/VV64	Blastx
SRR22534752	NODE_2074_length_1235_cov_30.673877	31.5	1235	575	0.286957	2.39e-12	acc|GENBANK|CAE02704.1|GENBANK|AJ575660|putative sugar transporter [Yarrowia lipolytica]	Yarrowia lipolytica	Blastx
SRR22534752	NODE_5355_length_1191_cov_46.332470	29.0	1191	360	0.680556	2.39e-12	acc|GENBANK|UMO80371.1|GENBANK|MZ420563|Isopenicillin N synthase domain containing [Pandoravirus aubagnensis]	Pandoravirus aubagnensis	Blastx
SRR22534752	NODE_36421_length_248_cov_1.176744	40.3	248	379	0.203166	2.45e-12	acc|GENBANK|ADB85364.1|GENBANK|GQ252868|putative alcohol dehydrogenase 2 [Phyllostachys edulis]	Phyllostachys edulis	Blastx
SRR22534752	NODE_5885_length_214_cov_6.116022	67.4	214	741	0.062078	2.47e-12	acc|GENBANK|WOA03171.1|GENBANK|OR637870|truncated WD40 protein PH13-H3 [Glycine max]	Glycine max	Blastx
SRR22534752	NODE_13751_length_477_cov_17.817568	42.7	477	249	0.385542	2.49e-12	acc|GENBANK|QKF94115.1|GENBANK|MT418680|fatty acid hydroxylase [Fadolivirus FV1/VV64]	Fadolivirus FV1/VV64	Blastx
SRR22534752	NODE_9553_length_760_cov_121.667125	29.9	760	966	0.180124	2.53e-12	acc|GENBANK|AYV87100.1|GENBANK|MK072531|putative puromycin-sensitive aminopeptidase [Sylvanvirus sp.]	Sylvanvirus sp.	Blastx
SRR22534752	NODE_6026_length_358_cov_3.544615	49.2	358	308	0.198052	2.53e-12	acc|GENBANK|AFV13468.1|GENBANK|JQ314449|ring-H2 zinc finger protein [Coix lacryma-jobi]	Coix lacryma-jobi	Blastx
SRR22534752	NODE_7611_length_368_cov_2.038806	38.5	368	566	0.206714	2.55e-12	acc|GENBANK|QBK89567.1|GENBANK|MK500428|phosphatidylinositol-specific phospholipase C [Pithovirus LCPAC001]	Pithovirus LCPAC001	Blastx
SRR22534752	NODE_22547_length_1082_cov_52.518589	24.1	1082	575	0.554783	2.56e-12	acc|GENBANK|CAE02704.1|GENBANK|AJ575660|putative sugar transporter [Yarrowia lipolytica]	Yarrowia lipolytica	Blastx
SRR22534752	NODE_42718_length_770_cov_3.341927	30.8	770	908	0.200441	2.65e-12	acc|GENBANK|AYV81977.1|GENBANK|MK072332|leucyl-tRNA synthetase [Homavirus sp.]	Homavirus sp.	Blastx
SRR22534752	NODE_1020_length_1336_cov_28.308519	33.3	1336	182	0.791209	2.98e-12	acc|GENBANK|BDT62002.1|GENBANK|LC738871|hypothetical protein [Penaeus monodon majanivirus B]	Penaeus monodon majanivirus B	Blastx
SRR22534752	NODE_7056_length_378_cov_2.910145	59.3	378	302	0.195364	3.05e-12	acc|GENBANK|QBK92300.1|GENBANK|MK500573|NAD dependent epimerase/dehydratase [Pithovirus LCPAC304]	Pithovirus LCPAC304	Blastx
SRR22534752	NODE_22420_length_445_cov_41.737864	45.3	445	478	0.156904	3.07e-12	acc|GENBANK|AAK84479.1|GENBANK|AF275345|putative auxin growth promotor protein [Solanum lycopersicum]	Solanum lycopersicum	Blastx
SRR22534752	NODE_4197_length_1495_cov_16.158003	36.2	1495	1618	0.080346	3.12e-12	acc|GENBANK|QGR54286.1|GENBANK|MK978772|serine/threonine protein kinase [Moumouvirus maliensis]	Moumouvirus maliensis	Blastx
SRR22534752	NODE_40145_length_870_cov_6.459976	29.3	870	313	0.741214	3.16e-12	acc|GENBANK|AYV85455.1|GENBANK|MK072453|protein phosphatase 2C domain containing [Satyrvirus sp.]	Satyrvirus sp.	Blastx
SRR22534752	NODE_4250_length_265_cov_31.366379	40.0	265	394	0.228426	3.19e-12	acc|REFSEQ|YP_009640107.1|REFSEQ|NC_011335|hypothetical protein [Diadromus pulchellus ascovirus 4a]	Diadromus pulchellus ascovirus 4a	Blastx
SRR22534752	NODE_534_length_825_cov_36.838384	26.3	825	211	0.971564	3.21e-12	acc|REFSEQ|YP_009448950.1|REFSEQ|NC_036594|Synaptobrevin/VAMP-like protein [Orpheovirus IHUMI-LCC2]	Orpheovirus IHUMI-LCC2	Blastx
SRR22534752	NODE_29377_length_232_cov_1.723618	47.6	232	1793	0.035137	3.23e-12	acc|GENBANK|CCQ71366.1|GENBANK|HF586479|hypothetical serine/threonine protein kinase [Cotesia congregata]	Cotesia congregata	Blastx
SRR22534752	NODE_16242_length_799_cov_5.381201	29.7	799	1101	0.177112	3.38e-12	acc|GENBANK|ARF09969.1|GENBANK|KY684090|deoxycytidylate deaminase [Indivirus ILV1]	Indivirus ILV1	Blastx
SRR22534752	NODE_34138_length_707_cov_4.218101	27.8	707	288	0.736111	3.40e-12	acc|GENBANK|CAZ69354.1|GENBANK|FN429076|Longevity-assurance (LAG1) family protein [Emiliania huxleyi virus 99B1]	Emiliania huxleyi virus 99B1	Blastx
SRR22534752	NODE_48969_length_237_cov_1.147059	44.7	237	623	0.121990	3.40e-12	acc|GENBANK|AYV81860.1|GENBANK|MK072312|peptidase M13 [Harvfovirus sp.]	Harvfovirus sp.	Blastx
SRR22534752	NODE_10769_length_2134_cov_19.646835	34.0	2134	311	0.643087	3.41e-12	acc|GENBANK|AYV82542.1|GENBANK|MK072383|SDR family NAD(P)-dependent oxidoreductase [Hyperionvirus sp.]	Hyperionvirus sp.	Blastx
SRR22534752	NODE_11991_length_603_cov_27.931579	38.2	603	299	0.341137	3.45e-12	acc|GENBANK|UOG94093.1|NEIGHBOR|OM876856|serine threonine-protein phosphatase [Aureococcus anophagefferens virus]	Aureococcus anophagefferens virus	Blastx
SRR22534752	NODE_1348_length_678_cov_26.243411	35.3	678	455	0.224176	3.61e-12	acc|GENBANK|QFG73745.1|GENBANK|MN448270|elongation factor Tu GTP binding domain protein [Megaviridae environmental sample]	Megaviridae environmental sample	Blastx
SRR22534752	NODE_42573_length_421_cov_9.909794	32.8	421	938	0.139659	3.62e-12	acc|GENBANK|QBK87284.1|GENBANK|MK500347|DNA mismatch repair ATPase [Marseillevirus LCMAC201]	Marseillevirus LCMAC201	Blastx
SRR22534752	NODE_26413_length_361_cov_3.082317	81.8	361	308	0.107143	3.62e-12	acc|GENBANK|AFV13468.1|GENBANK|JQ314449|ring-H2 zinc finger protein [Coix lacryma-jobi]	Coix lacryma-jobi	Blastx
SRR22534752	NODE_34891_length_399_cov_2.199454	29.2	399	630	0.206349	3.75e-12	acc|GENBANK|WIL05472.1|GENBANK|OQ413582|ABC2 type transporter superfamily protein [Pithovirus mammoth]	Pithovirus mammoth	Blastx
SRR22534752	NODE_14640_length_229_cov_12.755102	44.6	229	406	0.182266	3.84e-12	acc|GENBANK|QBK87310.1|GENBANK|MK500348|chaperone protein [Marseillevirus LCMAC201]	Marseillevirus LCMAC201	Blastx
SRR22534752	NODE_9397_length_1693_cov_11.178313	46.8	1693	447	0.176734	3.90e-12	acc|REFSEQ|NP_077596.1|REFSEQ|NC_002687|serine-threonine kinase [Ectocarpus siliculosus virus 1]	Ectocarpus siliculosus virus 1	Blastx
SRR22534752	NODE_2734_length_693_cov_11.912121	27.6	693	311	0.617363	3.91e-12	acc|GENBANK|AYV82542.1|GENBANK|MK072383|SDR family NAD(P)-dependent oxidoreductase [Hyperionvirus sp.]	Hyperionvirus sp.	Blastx
SRR22534752	NODE_1102_length_297_cov_112.662879	44.8	297	651	0.133641	3.95e-12	acc|GENBANK|QBK86751.1|GENBANK|MK500335|uncharacterized protein [Marseillevirus LCMAC103]	Marseillevirus LCMAC103	Blastx
SRR22534752	NODE_14258_length_276_cov_4.362140	44.6	276	724	0.127072	4.17e-12	acc|GENBANK|ADK47523.1|GENBANK|HM124452|NBS3-RDG2A [Hordeum vulgare subsp. vulgare]	Hordeum vulgare subsp. vulgare	Blastx
SRR22534752	NODE_9172_length_214_cov_45.331492	90.6	214	64	0.500000	4.17e-12	acc|GENBANK|AAK62473.1|GENBANK|AY032741|heat shock protein Hsp70Ab [Drosophila melanogaster]	Drosophila melanogaster	Blastx
SRR22534752	NODE_44926_length_606_cov_7.937173	39.6	606	549	0.183971	4.18e-12	acc|GENBANK|WGU26819.1|GENBANK|OQ503488|BTB/POZ domain-containing protein [Triticum monococcum]	Triticum monococcum	Blastx
SRR22534752	NODE_43945_length_1958_cov_8.248831	28.7	1958	725	0.394483	4.26e-12	acc|GENBANK|WZO86796.1|GENBANK|PP681892|Holliday junction branch migration helicase [Chlorovirus sp.]	Chlorovirus sp.	Blastx
SRR22534752	NODE_28570_length_230_cov_1.944162	47.2	230	199	0.361809	4.26e-12	acc|GENBANK|AAB48346.1|GENBANK|L47181|reverse transcriptase [Arabidopsis thaliana]	Arabidopsis thaliana	Blastx
SRR22534752	NODE_18556_length_277_cov_9.782787	37.6	277	1570	0.059236	4.30e-12	acc|GENBANK|QIN54439.1|GENBANK|MN873693|serine/Threonine-protein kinase with PBP type 2 [Cedratvirus kamchatka]	Cedratvirus kamchatka	Blastx
SRR22534752	NODE_3900_length_2222_cov_37.693924	35.0	2222	243	0.576132	4.31e-12	acc|GENBANK|QPB44322.1|GENBANK|MW018138|BTB/POZ domain-containing protein [Medusavirus stheno T3]	Medusavirus stheno T3	Blastx
SRR22534752	NODE_26309_length_790_cov_3.959049	28.4	790	377	0.541114	4.33e-12	acc|GENBANK|AYV84291.1|GENBANK|MK072403|putative galacturonosyltransferase 6-like [Hyperionvirus sp.]	Hyperionvirus sp.	Blastx
SRR22534752	NODE_8411_length_651_cov_28.779935	33.6	651	544	0.224265	4.40e-12	acc|REFSEQ|YP_009483380.1|REFSEQ|NC_037667|Glycosyl hydrolase family 1 protein [Pandoravirus quercus]	Pandoravirus quercus	Blastx
SRR22534752	NODE_23269_length_211_cov_1.252809	51.7	211	727	0.079780	4.43e-12	acc|GENBANK|ADB85269.1|GENBANK|GQ252805|putative lectin-like protein kinase [Phyllostachys edulis]	Phyllostachys edulis	Blastx
SRR22534752	NODE_20125_length_1020_cov_23.541033	30.9	1020	189	0.941799	4.61e-12	acc|REFSEQ|YP_009174709.1|REFSEQ|NC_028112|hypothetical protein [Yellowstone lake phycodnavirus 1]	Yellowstone lake phycodnavirus 1	Blastx
SRR22534752	NODE_49992_length_268_cov_0.995745	61.2	268	407	0.120393	4.64e-12	acc|GENBANK|BAA22787.1|GENBANK|AB007466|reverse transcriptase-like protein [Vicia faba]	Vicia faba	Blastx
SRR22534752	NODE_14757_length_814_cov_1.965429	27.2	814	291	0.580756	4.85e-12	acc|GENBANK|ARF10918.1|GENBANK|KY684105|inositol 1, 3, 4-trisphosphate 5/6-kinase [Hokovirus HKV1]	Hokovirus HKV1	Blastx
SRR22534752	NODE_22081_length_347_cov_14.404459	45.0	347	459	0.174292	4.89e-12	acc|GENBANK|BBI30359.1|GENBANK|AP018495|beta-galactosidase [Acanthamoeba castellanii medusavirus J1]	Acanthamoeba castellanii medusavirus J1	Blastx
SRR22534752	NODE_46355_length_423_cov_12.925641	38.7	423	679	0.136966	4.91e-12	acc|GENBANK|AYV78344.1|GENBANK|MK072075|S9 family peptidase [Edafosvirus sp.]	Edafosvirus sp.	Blastx
SRR22534752	NODE_47462_length_385_cov_12.369318	50.8	385	394	0.149746	5.05e-12	acc|REFSEQ|YP_009506832.1|REFSEQ|NC_038511|eukaryotic peptide chain release factor [Tunisvirus fontaine2]	Tunisvirus fontaine2	Blastx
SRR22534752	NODE_8610_length_1821_cov_7.449105	27.5	1821	318	0.685535	5.28e-12	acc|REFSEQ|YP_009174434.1|REFSEQ|NC_028108|putative heat shock protein 40 [Yellowstone lake phycodnavirus 3]	Yellowstone lake phycodnavirus 3	Blastx
SRR22534752	NODE_8843_length_1470_cov_10.675017	25.4	1470	298	0.936242	5.29e-12	acc|GENBANK|UOG94399.1|NEIGHBOR|OM876856|hypothetical protein [Aureococcus anophagefferens virus]	Aureococcus anophagefferens virus	Blastx
SRR22534752	NODE_50025_length_270_cov_1.974684	38.2	270	250	0.356000	5.32e-12	acc|GENBANK|QKF94408.1|GENBANK|MT418680|3-deoxy-D-manno-octulosonate [Fadolivirus FV1/VV64]	Fadolivirus FV1/VV64	Blastx
SRR22534752	NODE_17974_length_724_cov_6.400868	51.6	724	327	0.189602	5.41e-12	acc|GENBANK|QFG73901.1|GENBANK|MN448274|papain family cysteine protease [Megaviridae environmental sample]	Megaviridae environmental sample	Blastx
SRR22534752	NODE_34187_length_267_cov_1.256410	68.1	267	347	0.135447	5.45e-12	acc|GENBANK|AGE56705.1|GENBANK|JX997177|GDP-L-fucose synthase 2 [Acanthocystis turfacea Chlorella virus NE-JV-2]	Acanthocystis turfacea Chlorella virus NE-JV-2	Blastx
SRR22534752	NODE_1120_length_735_cov_86.350427	27.9	735	467	0.483940	5.47e-12	acc|REFSEQ|YP_009481382.1|REFSEQ|NC_037665|Formate/glycerate dehydrogenase [Pandoravirus macleodensis]	Pandoravirus macleodensis	Blastx
SRR22534752	NODE_37034_length_399_cov_1.133880	34.2	399	368	0.326087	5.49e-12	acc|GENBANK|QFG73671.1|GENBANK|MN448266|peptidase family M20/M25/M40 [Megaviridae environmental sample]	Megaviridae environmental sample	Blastx
SRR22534752	NODE_6368_length_301_cov_8.350746	46.3	301	682	0.117302	5.62e-12	acc|GENBANK|QBK90575.1|GENBANK|MK500494|ATP-dependent helicase [Pithovirus LCPAC104]	Pithovirus LCPAC104	Blastx
SRR22534752	NODE_7654_length_205_cov_210.063953	51.5	205	276	0.246377	5.72e-12	acc|GENBANK|ACG38448.1|GENBANK|EU966330|retrotransposon protein Ty1-copia subclass [Zea mays]	Zea mays	Blastx
SRR22534752	NODE_3550_length_1254_cov_52.687142	45.8	1254	557	0.129264	5.81e-12	acc|GENBANK|WGU26825.1|GENBANK|OQ503488|putative acyl-activating enzyme 5 [Triticum monococcum]	Triticum monococcum	Blastx
SRR22534752	NODE_34134_length_207_cov_1.816092	64.9	207	274	0.208029	5.85e-12	acc|GENBANK|ACG39060.1|GENBANK|EU966942|retrotransposon protein [Zea mays]	Zea mays	Blastx
SRR22534752	NODE_3752_length_829_cov_13.126884	26.8	829	1581	0.139152	5.87e-12	acc|GENBANK|SPN79556.1|GENBANK|LT994651|Serine/Threonine-protein kinase [Brazilian cedratvirus IHUMI]	Brazilian cedratvirus IHUMI	Blastx
SRR22534752	NODE_4381_length_1135_cov_10.040835	29.1	1135	625	0.280000	5.90e-12	acc|GENBANK|QBK87867.1|GENBANK|MK500370|formyl transferase [Marseillevirus LCMAC202]	Marseillevirus LCMAC202	Blastx
SRR22534752	NODE_1841_length_697_cov_15.186747	32.3	697	502	0.314741	5.93e-12	acc|GENBANK|ARF08211.1|GENBANK|KY684083|aromatic amino acid lyase [Catovirus CTV1]	Catovirus CTV1	Blastx
SRR22534752	NODE_19773_length_548_cov_10.732039	36.7	548	571	0.171629	6.32e-12	acc|GENBANK|AYV78594.1|GENBANK|MK072084|hypothetical protein [Edafosvirus sp.]	Edafosvirus sp.	Blastx
SRR22534752	NODE_9762_length_353_cov_130.743750	37.3	353	143	0.580420	6.34e-12	acc|GENBANK|UOG94409.1|NEIGHBOR|OM876856|eukaryotic translation initiation factor [Aureococcus anophagefferens virus]	Aureococcus anophagefferens virus	Blastx
SRR22534752	NODE_20731_length_338_cov_5.396721	62.1	338	292	0.198630	6.49e-12	acc|GENBANK|QKF93857.1|GENBANK|MT418680|VWA copine [Fadolivirus FV1/VV64]	Fadolivirus FV1/VV64	Blastx
SRR22534752	NODE_1015_length_1230_cov_28.069340	25.1	1230	419	0.627685	6.67e-12	acc|GENBANK|BCS83035.1|GENBANK|AP024483|putative zinc-type alcohol dehydrogenase-like [Cotonvirus japonicus]	Cotonvirus japonicus	Blastx
SRR22534752	NODE_2181_length_477_cov_15.074324	41.4	477	249	0.349398	6.68e-12	acc|GENBANK|ACD54816.1|GENBANK|EU643495|carbonyl reductase-like protein [Adineta vaga]	Adineta vaga	Blastx
SRR22534752	NODE_2619_length_2022_cov_10.679236	39.8	2022	1946	0.055498	6.86e-12	acc|GENBANK|ADB85424.1|GENBANK|GQ252887|putative retrotransposon protein [Phyllostachys edulis]	Phyllostachys edulis	Blastx
SRR22534752	NODE_6872_length_377_cov_4.909884	36.0	377	465	0.245161	6.89e-12	acc|REFSEQ|YP_004894700.1|REFSEQ|NC_016072|cytochrome 450-like protein [Megavirus chiliensis]	Megavirus chiliensis	Blastx
SRR22534752	NODE_1375_length_581_cov_26.310219	38.0	581	291	0.415808	6.93e-12	acc|GENBANK|QDY52327.1|GENBANK|MK250090|hypothetical protein [Mimiviridae sp. ChoanoV1]	Mimiviridae sp. ChoanoV1	Blastx
SRR22534752	NODE_30565_length_249_cov_2.847222	40.0	249	412	0.194175	6.97e-12	acc|GENBANK|AYV78226.1|GENBANK|MK072072|cyclopropane-fatty-acyl-phospholipid synthase [Edafosvirus sp.]	Edafosvirus sp.	Blastx
SRR22534752	NODE_9395_length_484_cov_3.711752	34.9	484	381	0.217848	7.09e-12	acc|GENBANK|QDY51637.1|GENBANK|MK250085|hypothetical protein [Mimiviridae sp. ChoanoV1]	Mimiviridae sp. ChoanoV1	Blastx
SRR22534752	NODE_7833_length_322_cov_1.581315	55.8	322	103	0.417476	7.13e-12	acc|GENBANK|AYV75812.1|GENBANK|MK071981|putative AN1-type zinc finger protein 2A-like [Terrestrivirus sp.]	Terrestrivirus sp.	Blastx
SRR22534752	NODE_27879_length_326_cov_4.003413	40.4	326	467	0.201285	7.18e-12	acc|GENBANK|API81738.1|NEIGHBOR|KU052222|hypothetical protein [Cafeteriavirus-dependent mavirus]	Cafeteriavirus-dependent mavirus	Blastx
SRR22534752	NODE_19798_length_1138_cov_18.616290	33.1	1138	600	0.201667	7.75e-12	acc|REFSEQ|YP_010781150.1|REFSEQ|NC_075038|hypothetical protein [Tupanvirus deep ocean]	Tupanvirus deep ocean	Blastx
SRR22534752	NODE_7893_length_847_cov_2.291155	25.7	847	269	0.940520	8.39e-12	acc|REFSEQ|YP_003970108.1|REFSEQ|NC_014637|putative family 2C serine/threonine phosphatase [Cafeteria roenbergensis virus BV-PW1]	Cafeteria roenbergensis virus BV-PW1	Blastx
SRR22534752	NODE_16671_length_642_cov_15.950739	31.1	642	405	0.333333	8.42e-12	acc|GENBANK|WGU26824.1|GENBANK|OQ503488|eukaryotic initiation factor 4A-III B-like [Triticum monococcum]	Triticum monococcum	Blastx
SRR22534752	NODE_16881_length_397_cov_2.821429	32.4	397	466	0.298283	8.68e-12	acc|GENBANK|ACD54811.1|GENBANK|EU643495|endo-xylogalacturonan hydrolase-like protein [Adineta vaga]	Adineta vaga	Blastx
SRR22534752	NODE_39723_length_923_cov_3.358427	27.9	923	832	0.245192	8.74e-12	acc|GENBANK|BAD00047.1|GENBANK|AB119282|Fusion protein, Feo [Hepacivirus hominis]	Hepacivirus hominis	Blastx
SRR22534752	NODE_16097_length_706_cov_5.692422	32.7	706	325	0.507692	8.87e-12	acc|GENBANK|ABY48134.1|GENBANK|EU306659|bHLH transcription factor [Medicago truncatula]	Medicago truncatula	Blastx
SRR22534752	NODE_1952_length_286_cov_220.956522	63.0	286	131	0.412214	9.11e-12	acc|GENBANK|ULK74027.1|GENBANK|OL469143|polyprotein [Paslahepevirus balayani]	Paslahepevirus balayani	Blastx
SRR22534752	NODE_45275_length_658_cov_12.712000	32.0	658	124	0.983871	1.04e-11	acc|GENBANK|QRM13562.1|NEIGHBOR|MW142017|hypothetical protein [Fowlpox virus]	Fowlpox virus	Blastx
SRR22534752	NODE_3968_length_274_cov_5.597510	45.8	274	925	0.089730	1.04e-11	acc|GENBANK|ABY48139.1|GENBANK|EU306659|NORK [Medicago truncatula]	Medicago truncatula	Blastx
SRR22534752	NODE_15745_length_251_cov_1.188073	45.1	251	1339	0.061240	1.04e-11	acc|GENBANK|CAA43287.1|GENBANK|X60951|DNA-directed DNA polymerase [Trypanosoma brucei]	Trypanosoma brucei	Blastx
SRR22534752	NODE_34929_length_358_cov_5.295385	38.0	358	486	0.162551	1.06e-11	acc|GENBANK|ADB85341.1|GENBANK|GQ252857|putative retrotransposon protein [Phyllostachys edulis]	Phyllostachys edulis	Blastx
SRR22534752	NODE_39981_length_536_cov_4.757455	45.2	536	183	0.398907	1.07e-11	acc|REFSEQ|YP_009465880.1|REFSEQ|NC_037057|hypothetical protein [Dishui lake phycodnavirus 1]	Dishui lake phycodnavirus 1	Blastx
SRR22534752	NODE_28049_length_353_cov_3.081250	33.9	353	2037	0.053510	1.11e-11	acc|GENBANK|ABG37663.1|GENBANK|DQ536170|CCHC-type integrase [Populus trichocarpa]	Populus trichocarpa	Blastx
SRR22534752	NODE_40491_length_577_cov_3.505515	56.1	577	623	0.091493	1.14e-11	acc|GENBANK|BAL14837.1|GENBANK|AB682995|endo-1,4-b-D-glucanase [Oryza sativa Japonica Group]	Oryza sativa Japonica Group	Blastx
SRR22534752	NODE_26272_length_453_cov_3.961905	88.9	453	258	0.139535	1.14e-11	acc|GENBANK|WMV02893.1|GENBANK|OP630990|alpha-tubulin [Diderma spumarioides]	Diderma spumarioides	Blastx
SRR22534752	NODE_31305_length_264_cov_6.290043	53.3	264	271	0.221402	1.18e-11	acc|GENBANK|AUF82230.1|GENBANK|KY322437|E3 ubiquitin--protein ligase MIEL1-like protein [Tetraselmis virus 1]	Tetraselmis virus 1	Blastx
SRR22534752	NODE_18516_length_1315_cov_27.463339	29.9	1315	264	0.734848	1.22e-11	acc|GENBANK|AYV84451.1|GENBANK|MK072408|CS-domain-containing protein [Hyperionvirus sp.]	Hyperionvirus sp.	Blastx
SRR22534752	NODE_47397_length_1379_cov_14.216939	22.5	1379	697	0.408895	1.24e-11	acc|GENBANK|QKF94813.1|GENBANK|MT418680|copper amine oxidase [Fadolivirus FV1/VV64]	Fadolivirus FV1/VV64	Blastx
SRR22534752	NODE_3049_length_774_cov_7.039136	35.6	774	1743	0.067699	1.38e-11	acc|REFSEQ|YP_009483521.1|REFSEQ|NC_037667|serine-threonine kinase [Pandoravirus quercus]	Pandoravirus quercus	Blastx
SRR22534752	NODE_23502_length_380_cov_4.659942	45.5	380	614	0.143322	1.40e-11	acc|REFSEQ|YP_003969745.1|REFSEQ|NC_014637|putative eIF-2/eIF-5B [Cafeteria roenbergensis virus BV-PW1]	Cafeteria roenbergensis virus BV-PW1	Blastx
SRR22534752	NODE_35190_length_323_cov_2.148276	41.8	323	291	0.336770	1.44e-11	acc|GENBANK|QDY52327.1|GENBANK|MK250090|hypothetical protein [Mimiviridae sp. ChoanoV1]	Mimiviridae sp. ChoanoV1	Blastx
SRR22534752	NODE_4161_length_525_cov_41.725610	37.8	525	109	0.825688	1.49e-11	acc|GENBANK|QDY51808.1|GENBANK|MK250085|thioredoxin [Mimiviridae sp. ChoanoV1]	Mimiviridae sp. ChoanoV1	Blastx
SRR22534752	NODE_4692_length_259_cov_8.137168	44.3	259	522	0.134100	1.54e-11	acc|GENBANK|QPI16279.1|GENBANK|MW030549|hypothetical protein [Virus NIOZ-UU157]	Virus NIOZ-UU157	Blastx
SRR22534752	NODE_47405_length_1247_cov_23.126030	50.0	1247	405	0.182716	1.55e-11	acc|REFSEQ|YP_007354262.1|REFSEQ|NC_020104|DnaJ-like protein [Acanthamoeba polyphaga moumouvirus]	Acanthamoeba polyphaga moumouvirus	Blastx
SRR22534752	NODE_15821_length_326_cov_24.931741	49.2	326	361	0.174515	1.56e-11	acc|GENBANK|AGE55821.1|GENBANK|JX997174|agmatine deiminase [Acanthocystis turfacea Chlorella virus MN0810.1]	Acanthocystis turfacea Chlorella virus MN0810.1	Blastx
SRR22534752	NODE_17236_length_393_cov_2.397222	35.3	393	468	0.247863	1.57e-11	acc|GENBANK|ARF10845.1|GENBANK|KY684105|ubiquitin carboxyl-terminal hydrolase [Hokovirus HKV1]	Hokovirus HKV1	Blastx
SRR22534752	NODE_35255_length_284_cov_2.270916	48.0	284	867	0.086505	1.58e-11	acc|GENBANK|AHA55176.1|GENBANK|KF481687|putative serine palmitoyltransferase [Emiliania huxleyi virus 156]	Emiliania huxleyi virus 156	Blastx
SRR22534752	NODE_45557_length_310_cov_5.523466	39.7	310	85	0.682353	1.60e-11	acc|GENBANK|QDY52253.1|GENBANK|MK250089|AN1-like Zinc finger [Mimiviridae sp. ChoanoV1]	Mimiviridae sp. ChoanoV1	Blastx
SRR22534752	NODE_17802_length_646_cov_7.404568	34.5	646	925	0.118919	1.62e-11	acc|GENBANK|ABY48139.1|GENBANK|EU306659|NORK [Medicago truncatula]	Medicago truncatula	Blastx
SRR22534752	NODE_3976_length_509_cov_49.384454	29.7	509	182	0.609890	1.63e-11	acc|REFSEQ|YP_009163818.1|REFSEQ|NC_027778|ORF_057R [Scale drop disease virus]	Scale drop disease virus	Blastx
SRR22534752	NODE_26383_length_539_cov_4.110672	50.0	539	394	0.157360	1.64e-11	acc|REFSEQ|YP_009506832.1|REFSEQ|NC_038511|eukaryotic peptide chain release factor [Tunisvirus fontaine2]	Tunisvirus fontaine2	Blastx
SRR22534752	NODE_16648_length_1394_cov_16.783248	25.3	1394	702	0.331909	1.71e-11	acc|GENBANK|ARF12034.1|GENBANK|KY684110|copper amine oxidase [Klosneuvirus KNV1]	Klosneuvirus KNV1	Blastx
SRR22534752	NODE_15394_length_549_cov_21.839147	49.3	549	746	0.092493	1.72e-11	acc|GENBANK|UMO80028.1|GENBANK|MZ420563|Serine/threonine protein kinase [Pandoravirus aubagnensis]	Pandoravirus aubagnensis	Blastx
SRR22534752	NODE_3944_length_239_cov_48.762136	40.9	239	337	0.261128	1.77e-11	acc|GENBANK|QDY52204.1|GENBANK|MK250089|acetohydroxy acid isomeroreductase [Mimiviridae sp. ChoanoV1]	Mimiviridae sp. ChoanoV1	Blastx
SRR22534752	NODE_31027_length_267_cov_1.670940	51.8	267	326	0.171779	1.79e-11	acc|GENBANK|AAO26690.1|GENBANK|AF478377|gag-pol polyprotein [Vitis vinifera]	Vitis vinifera	Blastx
SRR22534752	NODE_48573_length_222_cov_1.777778	58.7	222	628	0.073248	1.81e-11	acc|GENBANK|AYV84927.1|GENBANK|MK072437|hypothetical protein [Satyrvirus sp.]	Satyrvirus sp.	Blastx
SRR22534752	NODE_3428_length_523_cov_15.024490	30.1	523	727	0.224209	1.82e-11	acc|GENBANK|ADB85269.1|GENBANK|GQ252805|putative lectin-like protein kinase [Phyllostachys edulis]	Phyllostachys edulis	Blastx
SRR22534752	NODE_33592_length_886_cov_3.461899	26.9	886	296	0.942568	1.85e-11	acc|GENBANK|QFG74367.1|GENBANK|MN448287|NAD-dependent glycerol-3-phosphate [Megaviridae environmental sample]	Megaviridae environmental sample	Blastx
SRR22534752	NODE_34813_length_270_cov_3.092827	45.8	270	1158	0.071675	1.87e-11	acc|GENBANK|ADK47522.1|GENBANK|HM124452|NBS2-RDG2A [Hordeum vulgare subsp. vulgare]	Hordeum vulgare subsp. vulgare	Blastx
SRR22534752	NODE_42419_length_345_cov_6.009615	37.4	345	1506	0.060425	1.89e-11	acc|REFSEQ|YP_009001498.1|REFSEQ|NC_023426|ABC transporter [Alphaentomopoxvirus acuprea]	Alphaentomopoxvirus acuprea	Blastx
SRR22534752	NODE_37439_length_348_cov_4.869841	44.2	348	1136	0.067782	1.94e-11	acc|GENBANK|ABG37654.1|GENBANK|DQ536161|integrase [Populus trichocarpa]	Populus trichocarpa	Blastx
SRR22534752	NODE_28571_length_206_cov_1.109827	93.8	206	764	0.041885	1.94e-11	acc|GENBANK|UZH25335.1|GENBANK|OL695857|ORF2 [Mamastrovirus 3]	Mamastrovirus 3	Blastx
SRR22534752	NODE_49379_length_251_cov_1.610092	37.3	251	1738	0.043153	1.96e-11	acc|GENBANK|ABG37657.1|GENBANK|DQ536164|integrase [Populus trichocarpa]	Populus trichocarpa	Blastx
SRR22534752	NODE_28239_length_261_cov_3.627193	39.5	261	396	0.204545	2.04e-11	acc|GENBANK|QBK92180.1|GENBANK|MK500568|DEAD/DEAH box helicase [Pithovirus LCPAC304]	Pithovirus LCPAC304	Blastx
SRR22534752	NODE_44969_length_1022_cov_11.987867	26.4	1022	420	0.576190	2.06e-11	acc|GENBANK|WAK75645.1|NEIGHBOR|ON812163|hypothetical protein [Kaisodi virus]	Kaisodi virus	Blastx
SRR22534752	NODE_22713_length_384_cov_2.000000	31.2	384	678	0.203540	2.06e-11	acc|GENBANK|CCQ71325.1|GENBANK|HF586476|hypothetical kinesin-like protein KIF3 [Cotesia congregata]	Cotesia congregata	Blastx
SRR22534752	NODE_4151_length_1553_cov_16.742105	27.9	1553	489	0.337423	2.10e-11	acc|GENBANK|ATZ80614.1|GENBANK|MF782455|putative uridine kinase [Bodo saltans virus]	Bodo saltans virus	Blastx
SRR22534752	NODE_9093_length_298_cov_21.215094	36.1	298	363	0.267218	2.16e-11	acc|GENBANK|QDY52262.1|GENBANK|MK250089|HD domain protein [Mimiviridae sp. ChoanoV1]	Mimiviridae sp. ChoanoV1	Blastx
SRR22534752	NODE_7017_length_213_cov_71.055556	57.4	213	477	0.098532	2.16e-11	acc|GENBANK|AYV78014.1|GENBANK|MK072068|elongation factor 1 alpha long form [Edafosvirus sp.]	Edafosvirus sp.	Blastx
SRR22534752	NODE_37935_length_596_cov_2.209591	28.0	596	239	0.686192	2.17e-11	acc|GENBANK|AYV83988.1|GENBANK|MK072397|RING/U-box superfamily protein [Hyperionvirus sp.]	Hyperionvirus sp.	Blastx
SRR22534752	NODE_8537_length_757_cov_6.624309	24.3	757	499	0.378758	2.19e-11	acc|GENBANK|CCQ71356.1|GENBANK|HF586477|hypothetical E3 ubiquitin-protein ligase ARI [Cotesia congregata]	Cotesia congregata	Blastx
SRR22534752	NODE_38600_length_326_cov_2.320819	35.9	326	299	0.307692	2.19e-11	acc|GENBANK|UOG94093.1|NEIGHBOR|OM876856|serine threonine-protein phosphatase [Aureococcus anophagefferens virus]	Aureococcus anophagefferens virus	Blastx
SRR22534752	NODE_12167_length_520_cov_41.632444	30.5	520	496	0.330645	2.20e-11	acc|GENBANK|XHR79459.1|GENBANK|PQ359806|hypothetical protein [Micromonas commoda virus]	Micromonas commoda virus	Blastx
SRR22534752	NODE_2894_length_414_cov_4.102362	36.6	414	1080	0.093519	2.20e-11	acc|GENBANK|AAP74647.1|GENBANK|AH012974|Lr21 [Aegilops tauschii]	Aegilops tauschii	Blastx
SRR22534752	NODE_44779_length_878_cov_14.383432	28.6	878	182	0.884615	2.24e-11	acc|REFSEQ|YP_009163818.1|REFSEQ|NC_027778|ORF_057R [Scale drop disease virus]	Scale drop disease virus	Blastx
SRR22534752	NODE_27778_length_533_cov_3.604000	34.4	533	289	0.453287	2.28e-11	acc|GENBANK|QBK88329.1|GENBANK|MK500386|ABC transporter [Marseillevirus LCMAC202]	Marseillevirus LCMAC202	Blastx
SRR22534752	NODE_30027_length_266_cov_2.793991	45.2	266	727	0.115543	2.32e-11	acc|GENBANK|ABY48138.1|GENBANK|EU306659|ABC transporter [Medicago truncatula]	Medicago truncatula	Blastx
SRR22534752	NODE_713_length_617_cov_7.922945	57.6	617	405	0.145679	2.35e-11	acc|GENBANK|AVL94682.1|GENBANK|MG807320|DnaJ-like protein [Moumouvirus australiensis]	Moumouvirus australiensis	Blastx
SRR22534752	NODE_31631_length_445_cov_2.808252	31.7	445	392	0.362245	2.40e-11	acc|GENBANK|AYV77947.1|GENBANK|MK072068|autophagy-related protein 18a-like [Edafosvirus sp.]	Edafosvirus sp.	Blastx
SRR22534752	NODE_17859_length_686_cov_51.490046	28.4	686	478	0.412134	2.41e-11	acc|GENBANK|AYV78975.1|GENBANK|MK072130|hypothetical protein [Edafosvirus sp.]	Edafosvirus sp.	Blastx
SRR22534752	NODE_12779_length_269_cov_1.978814	50.7	269	925	0.081081	2.44e-11	acc|GENBANK|ABY48139.1|GENBANK|EU306659|NORK [Medicago truncatula]	Medicago truncatula	Blastx
SRR22534752	NODE_43313_length_851_cov_9.437653	35.5	851	255	0.552941	2.51e-11	acc|GENBANK|AXH78870.1|GENBANK|MH617966|MurG [Circular genetic element sp.]	Circular genetic element sp.	Blastx
SRR22534752	NODE_6011_length_531_cov_23.616466	31.9	531	529	0.255198	2.51e-11	acc|REFSEQ|YP_010781283.1|REFSEQ|NC_075038|hypothetical protein [Tupanvirus deep ocean]	Tupanvirus deep ocean	Blastx
SRR22534752	NODE_3338_length_509_cov_14.611345	41.4	509	443	0.223476	2.56e-11	acc|REFSEQ|YP_010782291.1|REFSEQ|NC_075039|alcohol dehydrogenase [Tupanvirus soda lake]	Tupanvirus soda lake	Blastx
SRR22534752	NODE_43393_length_318_cov_13.203509	64.4	318	1946	0.023124	2.56e-11	acc|GENBANK|ADB85424.1|GENBANK|GQ252887|putative retrotransposon protein [Phyllostachys edulis]	Phyllostachys edulis	Blastx
SRR22534752	NODE_37564_length_200_cov_1.898204	46.8	200	236	0.262712	2.57e-11	acc|GENBANK|UKS51800.1|GENBANK|OK336705|laccase [Allium cepa]	Allium cepa	Blastx
SRR22534752	NODE_18835_length_1533_cov_23.194667	30.6	1533	608	0.300987	2.63e-11	acc|GENBANK|AYV87106.1|GENBANK|MK072531|phospholipase [Sylvanvirus sp.]	Sylvanvirus sp.	Blastx
SRR22534752	NODE_16997_length_430_cov_2.415617	39.0	430	267	0.441948	2.66e-11	acc|GENBANK|WGU26820.1|GENBANK|OQ503488|cytosolic iron-sulfur (Fe-S) protein [Triticum monococcum]	Triticum monococcum	Blastx
SRR22534752	NODE_15160_length_229_cov_9.357143	48.5	229	630	0.104762	2.68e-11	acc|REFSEQ|YP_004061438.1|REFSEQ|NC_014765|hypothetical protein [Bathycoccus sp. RCC1105 virus BpV1]	Bathycoccus sp. RCC1105 virus BpV1	Blastx
SRR22534752	NODE_8309_length_2673_cov_7.932955	25.1	2673	407	0.557740	2.75e-11	acc|GENBANK|AAM22634.1|GENBANK|AF434192|YZ1 [Zea mays]	Zea mays	Blastx
SRR22534752	NODE_756_length_873_cov_107.042857	28.4	873	212	1.028302	2.78e-11	acc|GENBANK|AYV79923.1|GENBANK|MK072200|superoxide dismutase [Gaeavirus sp.]	Gaeavirus sp.	Blastx
SRR22534752	NODE_44845_length_905_cov_7.147936	27.6	905	299	0.836120	2.80e-11	acc|GENBANK|QBK91775.1|GENBANK|MK500565|mitochondrial carrier-like protein [Pithovirus LCPAC304]	Pithovirus LCPAC304	Blastx
SRR22534752	NODE_27988_length_637_cov_4.076159	33.6	637	261	0.559387	2.81e-11	acc|GENBANK|AYV79236.1|GENBANK|MK072137|serine/threonine protein phosphatase [Faunusvirus sp.]	Faunusvirus sp.	Blastx
SRR22534752	NODE_48786_length_231_cov_1.176768	48.3	231	727	0.082531	2.81e-11	acc|GENBANK|ADB85269.1|GENBANK|GQ252805|putative lectin-like protein kinase [Phyllostachys edulis]	Phyllostachys edulis	Blastx
SRR22534752	NODE_28142_length_473_cov_8.520455	38.8	473	953	0.108080	2.90e-11	acc|GENBANK|ACB28472.1|GENBANK|EU522675|polyprotein [Ananas comosus]	Ananas comosus	Blastx
SRR22534752	NODE_22768_length_430_cov_3.317380	34.8	430	406	0.275862	2.90e-11	acc|GENBANK|QBK84775.1|GENBANK|MK500295|lumazine binding domain protein [Pithovirus LCDPAC01]	Pithovirus LCDPAC01	Blastx
SRR22534752	NODE_44708_length_691_cov_9.653495	28.6	691	261	0.858238	2.93e-11	acc|GENBANK|AYV79236.1|GENBANK|MK072137|serine/threonine protein phosphatase [Faunusvirus sp.]	Faunusvirus sp.	Blastx
SRR22534752	NODE_1961_length_910_cov_12.419612	33.5	910	397	0.413098	2.94e-11	acc|REFSEQ|YP_009173589.1|REFSEQ|NC_028094|Helicase 45 [Chrysochromulina ericina virus]	Chrysochromulina ericina virus	Blastx
SRR22534752	NODE_20199_length_911_cov_9.810934	30.0	911	273	0.622711	2.98e-11	acc|GENBANK|AAR26956.1|GENBANK|AY225138|FirrV-1-F2 precursor [Feldmannia irregularis virus a]	Feldmannia irregularis virus a	Blastx
SRR22534752	NODE_50091_length_272_cov_0.979079	44.4	272	302	0.208609	3.10e-11	acc|GENBANK|QKF93533.1|GENBANK|MT418680|pyruvate carboxyltransferase [Fadolivirus FV1/VV64]	Fadolivirus FV1/VV64	Blastx
SRR22534752	NODE_18074_length_304_cov_300.627306	33.3	304	182	0.510989	3.12e-11	acc|REFSEQ|YP_009163818.1|REFSEQ|NC_027778|ORF_057R [Scale drop disease virus]	Scale drop disease virus	Blastx
SRR22534752	NODE_15323_length_671_cov_3.485893	32.4	671	558	0.249104	3.15e-11	acc|GENBANK|QDY52220.1|GENBANK|MK250089|ABC transporter [Mimiviridae sp. ChoanoV1]	Mimiviridae sp. ChoanoV1	Blastx
SRR22534752	NODE_14281_length_426_cov_2.849873	41.2	426	289	0.352941	3.16e-11	acc|GENBANK|QBK88329.1|GENBANK|MK500386|ABC transporter [Marseillevirus LCMAC202]	Marseillevirus LCMAC202	Blastx
SRR22534752	NODE_50675_length_1410_cov_5.636892	24.6	1410	727	0.379642	3.20e-11	acc|GENBANK|ABY48138.1|GENBANK|EU306659|ABC transporter [Medicago truncatula]	Medicago truncatula	Blastx
SRR22534752	NODE_15073_length_355_cov_26.083851	35.6	355	171	0.508772	3.22e-11	acc|REFSEQ|YP_009001589.1|REFSEQ|NC_023426|translation initiation factor elF-4e [Alphaentomopoxvirus acuprea]	Alphaentomopoxvirus acuprea	Blastx
SRR22534752	NODE_40690_length_581_cov_4.286496	30.6	581	254	0.669291	3.24e-11	acc|REFSEQ|YP_009001499.1|REFSEQ|NC_023426|phosphatidic acid phosphatase type 2 [Alphaentomopoxvirus acuprea]	Alphaentomopoxvirus acuprea	Blastx
SRR22534752	NODE_23002_length_436_cov_3.652605	55.6	436	484	0.130165	3.35e-11	acc|GENBANK|WZO86567.1|GENBANK|PP681892|NADH dehydrogenase [Chlorovirus sp.]	Chlorovirus sp.	Blastx
SRR22534752	NODE_19391_length_1002_cov_7.301342	34.3	1002	261	0.536398	3.61e-11	acc|GENBANK|AYV86979.1|GENBANK|MK072522|hypothetical protein [Sylvanvirus sp.]	Sylvanvirus sp.	Blastx
SRR22534752	NODE_48143_length_206_cov_1.352601	46.9	206	919	0.069641	3.65e-11	acc|GENBANK|AYV75146.1|GENBANK|MK071979|plasma membrane ATPase [Terrestrivirus sp.]	Terrestrivirus sp.	Blastx
SRR22534752	NODE_40641_length_604_cov_4.654991	32.5	604	678	0.240413	3.66e-11	acc|GENBANK|CCQ71325.1|GENBANK|HF586476|hypothetical kinesin-like protein KIF3 [Cotesia congregata]	Cotesia congregata	Blastx
SRR22534752	NODE_18043_length_940_cov_11.199559	28.8	940	642	0.319315	3.76e-11	acc|GENBANK|ARF10282.1|GENBANK|KY684103|dynamin family protein [Hokovirus HKV1]	Hokovirus HKV1	Blastx
SRR22534752	NODE_39662_length_414_cov_3.792651	33.1	414	558	0.238351	3.78e-11	acc|GENBANK|QDY52220.1|GENBANK|MK250089|ABC transporter [Mimiviridae sp. ChoanoV1]	Mimiviridae sp. ChoanoV1	Blastx
SRR22534752	NODE_31731_length_219_cov_1.107527	52.2	219	286	0.241259	3.87e-11	acc|GENBANK|BFT93432.1|GENBANK|LC847964|Uracil-DNA glycosylase [Medusavirus sp. 'euryale']	Medusavirus sp. 'euryale'	Blastx
SRR22534752	NODE_26711_length_571_cov_5.470260	47.7	571	952	0.068277	3.99e-11	acc|GENBANK|UMO80026.1|GENBANK|MZ420563|Serine/threonine protein kinase [Pandoravirus aubagnensis]	Pandoravirus aubagnensis	Blastx
SRR22534752	NODE_17938_length_1352_cov_23.878696	21.6	1352	2466	0.133414	4.02e-11	acc|GENBANK|AOZ57106.1|GENBANK|KX608896|Serine threonine-protein kinase TOR [Saccharum hybrid cultivar R570]	Saccharum hybrid cultivar R570	Blastx
SRR22534752	NODE_630_length_1023_cov_15.822222	27.8	1023	369	0.525745	4.05e-11	acc|GENBANK|QKF94202.1|GENBANK|MT418680|polyA polymerase head RNA and srmB- binding [Fadolivirus FV1/VV64]	Fadolivirus FV1/VV64	Blastx
SRR22534752	NODE_12778_length_456_cov_3.385343	39.7	456	135	0.540741	4.22e-11	acc|GENBANK|AYV86947.1|GENBANK|MK072521|e3 ubiquitin-protein ligase rbx1 [Sylvanvirus sp.]	Sylvanvirus sp.	Blastx
SRR22534752	NODE_23839_length_368_cov_1.355224	39.1	368	630	0.174603	4.23e-11	acc|GENBANK|ADQ91175.1|GENBANK|HM004430|hypothetical protein [Bathycoccus sp. RCC1105 virus BpV2]	Bathycoccus sp. RCC1105 virus BpV2	Blastx
SRR22534752	NODE_42071_length_551_cov_6.546332	31.2	551	308	0.448052	4.26e-11	acc|GENBANK|AFV13468.1|GENBANK|JQ314449|ring-H2 zinc finger protein [Coix lacryma-jobi]	Coix lacryma-jobi	Blastx
SRR22534752	NODE_33546_length_462_cov_2.939394	58.9	462	183	0.306011	4.26e-11	acc|REFSEQ|YP_009465880.1|REFSEQ|NC_037057|hypothetical protein [Dishui lake phycodnavirus 1]	Dishui lake phycodnavirus 1	Blastx
SRR22534752	NODE_18_length_339_cov_2.225490	39.3	339	925	0.115676	4.37e-11	acc|GENBANK|ABY48139.1|GENBANK|EU306659|NORK [Medicago truncatula]	Medicago truncatula	Blastx
SRR22534752	NODE_27308_length_1262_cov_3.259561	24.6	1262	439	0.769932	4.41e-11	acc|GENBANK|QKF93850.1|GENBANK|MT418680|Hsp70 protein [Fadolivirus FV1/VV64]	Fadolivirus FV1/VV64	Blastx
SRR22534752	NODE_2690_length_464_cov_3.116009	40.3	464	591	0.130288	4.59e-11	acc|GENBANK|QBK87243.1|GENBANK|MK500346|uncharacterized protein [Marseillevirus LCMAC201]	Marseillevirus LCMAC201	Blastx
SRR22534752	NODE_18027_length_529_cov_24.455645	50.0	529	268	0.208955	4.79e-11	acc|REFSEQ|YP_010781747.1|REFSEQ|NC_075039|RING finger domain protein [Tupanvirus soda lake]	Tupanvirus soda lake	Blastx
SRR22534752	NODE_21870_length_230_cov_3.517766	37.3	230	447	0.167785	4.88e-11	acc|REFSEQ|NP_077596.1|REFSEQ|NC_002687|serine-threonine kinase [Ectocarpus siliculosus virus 1]	Ectocarpus siliculosus virus 1	Blastx
SRR22534752	NODE_14899_length_984_cov_9.788644	33.6	984	186	0.817204	4.89e-11	acc|GENBANK|QYA18555.1|GENBANK|MZ420154|3'-5' exoribonuclease [Clandestinovirus]	Clandestinovirus	Blastx
SRR22534752	NODE_23049_length_283_cov_1.364000	67.4	283	388	0.110825	4.91e-11	acc|GENBANK|CCQ71327.1|GENBANK|HF586476|hypothetical protein kinase Pka-C1 [Cotesia congregata]	Cotesia congregata	Blastx
SRR22534752	NODE_16711_length_309_cov_24.195652	31.4	309	208	0.490385	5.08e-11	acc|GENBANK|WZO76023.1|GENBANK|PP681864|magnesium-protoporphyrin IX monomethyl ester [Chlorovirus sp.]	Chlorovirus sp.	Blastx
SRR22534752	NODE_36815_length_534_cov_6.135729	33.6	534	925	0.128649	5.30e-11	acc|GENBANK|ABY48139.1|GENBANK|EU306659|NORK [Medicago truncatula]	Medicago truncatula	Blastx
SRR22534752	NODE_17184_length_484_cov_23.170732	50.0	484	168	0.273810	5.44e-11	acc|GENBANK|AYV79707.1|GENBANK|MK072171|RING finger domain protein [Faunusvirus sp.]	Faunusvirus sp.	Blastx
SRR22534752	NODE_19765_length_1326_cov_13.613302	38.2	1326	489	0.224949	5.90e-11	acc|GENBANK|AAK84471.1|GENBANK|AF275345|putative permease [Solanum lycopersicum]	Solanum lycopersicum	Blastx
SRR22534752	NODE_34499_length_220_cov_2.299465	61.5	220	1359	0.038263	6.18e-11	acc|GENBANK|ABD78322.1|GENBANK|DQ381432|polyprotein [Primula vulgaris]	Primula vulgaris	Blastx
SRR22534752	NODE_13155_length_345_cov_1.900641	37.9	345	722	0.142659	6.28e-11	acc|GENBANK|ARF09699.1|GENBANK|KY684086|DEAD/SNF2-like helicase [Indivirus ILV1]	Indivirus ILV1	Blastx
SRR22534752	NODE_37474_length_378_cov_1.904348	44.9	378	518	0.150579	6.42e-11	acc|GENBANK|QPI16131.1|GENBANK|MW030532|hypothetical protein [Virus NIOZ-UU157]	Virus NIOZ-UU157	Blastx
SRR22534752	NODE_46766_length_459_cov_10.915493	45.1	459	299	0.341137	6.47e-11	acc|GENBANK|QRE02559.1|GENBANK|MN545489|hypothetical protein [Otarine gammaherpesvirus 4]	Otarine gammaherpesvirus 4	Blastx
SRR22534752	NODE_32945_length_299_cov_2.060150	44.9	299	849	0.104829	6.64e-11	acc|GENBANK|AGE56458.1|GENBANK|JX997176|calcium-transporting ATPase, plasma [Paramecium bursaria Chlorella virus NE-JV-1]	Paramecium bursaria Chlorella virus NE-JV-1	Blastx
SRR22534752	NODE_13663_length_751_cov_9.701950	33.9	751	462	0.235931	6.69e-11	acc|GENBANK|QDY51942.1|GENBANK|MK250086|hypothetical protein [Mimiviridae sp. ChoanoV1]	Mimiviridae sp. ChoanoV1	Blastx
SRR22534752	NODE_44441_length_544_cov_7.454012	31.5	544	467	0.306210	6.70e-11	acc|GENBANK|API81738.1|NEIGHBOR|KU052222|hypothetical protein [Cafeteriavirus-dependent mavirus]	Cafeteriavirus-dependent mavirus	Blastx
SRR22534752	NODE_8624_length_1009_cov_19.307377	20.4	1009	440	0.756818	6.83e-11	acc|GENBANK|QTF49138.1|GENBANK|MW004169|putative Zn-dependent peptidase [Mimivirus reunion]	Mimivirus reunion	Blastx
SRR22534752	NODE_18246_length_1342_cov_44.699771	27.8	1342	436	0.470183	6.87e-11	acc|GENBANK|XCW87950.1|GENBANK|PQ010613|zinc protease [Mimivirus sp.]	Mimivirus sp.	Blastx
SRR22534752	NODE_1922_length_1137_cov_22.871377	23.9	1137	314	0.773885	6.90e-11	acc|GENBANK|QFG75152.1|GENBANK|MN448299|peptidase C26 [Megaviridae environmental sample]	Megaviridae environmental sample	Blastx
SRR22534752	NODE_3739_length_328_cov_95.823729	70.5	328	242	0.181818	6.94e-11	acc|GENBANK|AGU70135.1|GENBANK|KF270089|integrase-type DNA-binding superfamily protein [Tarenaya hassleriana]	Tarenaya hassleriana	Blastx
SRR22534752	NODE_42909_length_387_cov_7.432203	33.3	387	477	0.264151	6.97e-11	acc|GENBANK|AYV78014.1|GENBANK|MK072068|elongation factor 1 alpha long form [Edafosvirus sp.]	Edafosvirus sp.	Blastx
SRR22534752	NODE_42412_length_462_cov_3.615385	37.5	462	239	0.401674	7.12e-11	acc|REFSEQ|YP_007354587.1|REFSEQ|NC_020104|2OG-Fe(II) oxygenase [Acanthamoeba polyphaga moumouvirus]	Acanthamoeba polyphaga moumouvirus	Blastx
SRR22534752	NODE_42428_length_882_cov_10.840989	30.6	882	439	0.394077	7.23e-11	acc|GENBANK|AYV76294.1|GENBANK|MK071983|hypothetical protein [Terrestrivirus sp.]	Terrestrivirus sp.	Blastx
SRR22534752	NODE_42872_length_420_cov_5.496124	33.8	420	478	0.284519	7.24e-11	acc|GENBANK|AAK84479.1|GENBANK|AF275345|putative auxin growth promotor protein [Solanum lycopersicum]	Solanum lycopersicum	Blastx
SRR22534752	NODE_47203_length_561_cov_17.344697	38.1	561	283	0.371025	7.25e-11	acc|GENBANK|QKF94519.1|GENBANK|MT418680|zinc finger RING-type protein [Fadolivirus FV1/VV64]	Fadolivirus FV1/VV64	Blastx
SRR22534752	NODE_126_length_1538_cov_20.389369	47.2	1538	89	0.808989	7.27e-11	acc|GENBANK|AAL07267.1|GENBANK|AY048769|ubiquitin-like protein [Choristoneura fumiferana granulovirus]	Choristoneura fumiferana granulovirus	Blastx
SRR22534752	NODE_19658_length_388_cov_3.870423	44.0	388	282	0.322695	7.33e-11	acc|GENBANK|XKM49652.1|GENBANK|PQ442274|hypothetical protein [Ostreococcus tauri virus 19-O]	Ostreococcus tauri virus 19-O	Blastx
SRR22534752	NODE_35207_length_362_cov_2.361702	40.0	362	691	0.180897	7.43e-11	acc|GENBANK|ABY48131.1|GENBANK|EU306659|zinc finger protein [Medicago truncatula]	Medicago truncatula	Blastx
SRR22534752	NODE_31967_length_418_cov_4.425974	38.2	418	202	0.544554	7.48e-11	acc|GENBANK|CAK7596366.1|GENBANK|OZ003748|Alkylated DNA repair protein alkB homologue 3 [Catovirus sp. 'naegleriensis']	Catovirus sp. 'naegleriensis'	Blastx
SRR22534752	NODE_4780_length_308_cov_2.443636	45.3	308	1112	0.067446	7.52e-11	acc|GENBANK|CAJ00275.1|GENBANK|AJ966992|hypothetical protein [Lotus japonicus]	Lotus japonicus	Blastx
SRR22534752	NODE_13560_length_1037_cov_22.169323	30.8	1037	202	0.707921	7.61e-11	acc|GENBANK|CCQ71376.1|GENBANK|HF586479|hypothetical peptidase PPPDE-like [Cotesia congregata]	Cotesia congregata	Blastx
SRR22534752	NODE_38103_length_413_cov_1.650000	34.7	413	299	0.327759	7.71e-11	acc|GENBANK|XKM50828.1|GENBANK|PQ442278|hypothetical protein [Ostreococcus tauri virus 19-T2]	Ostreococcus tauri virus 19-T2	Blastx
SRR22534752	NODE_32667_length_242_cov_2.655502	52.7	242	424	0.129717	7.72e-11	acc|GENBANK|AYV83559.1|GENBANK|MK072390|DnaJ domain protein [Hyperionvirus sp.]	Hyperionvirus sp.	Blastx
SRR22534752	NODE_16313_length_286_cov_7.387352	37.5	286	727	0.143054	7.73e-11	acc|GENBANK|ADB85269.1|GENBANK|GQ252805|putative lectin-like protein kinase [Phyllostachys edulis]	Phyllostachys edulis	Blastx
SRR22534752	NODE_22913_length_677_cov_4.366460	36.6	677	149	0.825503	7.79e-11	acc|GENBANK|AIB52031.1|GENBANK|KJ614390|ribosomal-protein-alanine acetyltransferase [Faustovirus]	Faustovirus	Blastx
SRR22534752	NODE_9198_length_1097_cov_21.596805	40.3	1097	308	0.250000	7.93e-11	acc|GENBANK|AFV13468.1|GENBANK|JQ314449|ring-H2 zinc finger protein [Coix lacryma-jobi]	Coix lacryma-jobi	Blastx
SRR22534752	NODE_28464_length_772_cov_5.119080	32.1	772	506	0.221344	8.04e-11	acc|GENBANK|QBK89302.1|GENBANK|MK500413|ankyrin repeat protein [Mimivirus LCMiAC02]	Mimivirus LCMiAC02	Blastx
SRR22534752	NODE_37578_length_246_cov_4.600939	41.4	246	394	0.177665	8.11e-11	acc|GENBANK|XDR79910.1|GENBANK|PQ109088|6-phosphogluconate dehydrogenase, [Micromonas commoda virus]	Micromonas commoda virus	Blastx
SRR22534752	NODE_21370_length_481_cov_3.176339	55.8	481	308	0.139610	8.37e-11	acc|GENBANK|AFV13468.1|GENBANK|JQ314449|ring-H2 zinc finger protein [Coix lacryma-jobi]	Coix lacryma-jobi	Blastx
SRR22534752	NODE_18423_length_776_cov_6.495289	32.7	776	285	0.600000	8.53e-11	acc|GENBANK|UZT29310.1|GENBANK|OP765584|hypothetical protein [Nucleocytoviricota sp.]	Nucleocytoviricota sp.	Blastx
SRR22534752	NODE_50342_length_291_cov_2.317829	46.2	291	1186	0.065767	8.54e-11	acc|GENBANK|ARF10911.1|GENBANK|KY684105|putative sensor histidine kinase [Hokovirus HKV1]	Hokovirus HKV1	Blastx
SRR22534752	NODE_7358_length_340_cov_103.387622	55.8	340	160	0.325000	8.67e-11	acc|GENBANK|ULY68493.1|GENBANK|OL828820|ubiquitin-conjugating enzyme E2 7 [Chlorella virus XW01]	Chlorella virus XW01	Blastx
SRR22534752	NODE_516_length_226_cov_31.652850	47.9	226	559	0.130590	8.93e-11	acc|GENBANK|QBK91750.1|GENBANK|MK500565|putative serine/threonine protein kinase [Pithovirus LCPAC304]	Pithovirus LCPAC304	Blastx
SRR22534752	NODE_50152_length_274_cov_1.941909	44.0	274	613	0.148450	8.98e-11	acc|GENBANK|ADB85401.1|GENBANK|GQ252886|putative pollen-specific kinase [Phyllostachys edulis]	Phyllostachys edulis	Blastx
SRR22534752	NODE_7126_length_1512_cov_12.614604	29.4	1512	261	0.950192	9.14e-11	acc|GENBANK|AUF82708.1|GENBANK|KY322437|putative SDR family oxidoreductase [Tetraselmis virus 1]	Tetraselmis virus 1	Blastx
SRR22534752	NODE_19587_length_257_cov_130.870536	34.6	257	143	0.545455	9.19e-11	acc|GENBANK|UOG94409.1|NEIGHBOR|OM876856|eukaryotic translation initiation factor [Aureococcus anophagefferens virus]	Aureococcus anophagefferens virus	Blastx
SRR22534752	NODE_17002_length_1158_cov_15.222222	27.8	1158	279	0.734767	9.21e-11	acc|REFSEQ|YP_010086806.1|REFSEQ|NC_055482|putative protein P31 [Pistachio ampelovirus A]	Pistachio ampelovirus A	Blastx
SRR22534752	NODE_2530_length_277_cov_12.426230	50.8	277	759	0.085639	9.45e-11	acc|GENBANK|ACN78962.1|GENBANK|FJ225394|methyltransferase [Glycine max]	Glycine max	Blastx
SRR22534752	NODE_9354_length_712_cov_29.870398	34.9	712	149	0.865772	9.60e-11	acc|GENBANK|SME65001.1|GENBANK|LT839607|Ribosomal-protein-alanine acetyltransferase [Faustovirus ST1]	Faustovirus ST1	Blastx
SRR22534752	NODE_28534_length_306_cov_3.296703	37.6	306	471	0.214437	9.61e-11	acc|GENBANK|AFV13457.1|GENBANK|JQ314445|UDPG-flavonoid 3-O-glucosyl transferase [Tripsacum dactyloides]	Tripsacum dactyloides	Blastx
SRR22534752	NODE_1753_length_255_cov_4.918919	40.0	255	520	0.173077	9.64e-11	acc|GENBANK|APO14197.1|GENBANK|KX098475|truncated DELLA protein [Setaria italica]	Setaria italica	Blastx
SRR22534752	NODE_44278_length_410_cov_8.790451	36.9	410	357	0.288515	9.97e-11	acc|GENBANK|ABB29305.1|GENBANK|DQ219419|NADPH-dependent reductase [Zea mays]	Zea mays	Blastx
SRR22534752	NODE_212_length_264_cov_347.861472	40.7	264	253	0.320158	1.00e-10	acc|GENBANK|QFG74715.1|GENBANK|MN448290|triosephosphate isomerase [Megaviridae environmental sample]	Megaviridae environmental sample	Blastx
SRR22534752	NODE_22981_length_417_cov_3.958333	49.1	417	86	0.639535	1.00e-10	acc|GENBANK|QBK88314.1|GENBANK|MK500385|iron-sulfur cluster biosynthesis protein [Marseillevirus LCMAC202]	Marseillevirus LCMAC202	Blastx
SRR22534752	NODE_36762_length_279_cov_2.670732	43.2	279	1384	0.053468	1.01e-10	acc|GENBANK|ADB85299.1|GENBANK|GQ252825|putative retrotransposon protein [Phyllostachys edulis]	Phyllostachys edulis	Blastx
SRR22534752	NODE_15374_length_327_cov_239.765306	75.0	327	36	1.000000	1.02e-10	acc|GENBANK|AUN43545.1|GENBANK|MG645696|RPSA [Myzomela eques]	Myzomela eques	Blastx
SRR22534752	NODE_31497_length_557_cov_7.948473	31.0	557	489	0.231084	1.03e-10	acc|GENBANK|QFG74185.1|GENBANK|MN448282|hypothetical protein [Megaviridae environmental sample]	Megaviridae environmental sample	Blastx
SRR22534752	NODE_19697_length_668_cov_5.124409	31.5	668	245	0.440816	1.03e-10	acc|GENBANK|UNJ46593.1|GENBANK|OM135585|CG1662 [Drosophila melanogaster]	Drosophila melanogaster	Blastx
SRR22534752	NODE_23900_length_259_cov_0.977876	41.2	259	925	0.091892	1.03e-10	acc|GENBANK|ABY48139.1|GENBANK|EU306659|NORK [Medicago truncatula]	Medicago truncatula	Blastx
SRR22534752	NODE_34084_length_237_cov_5.406863	50.0	237	127	0.456693	1.04e-10	acc|GENBANK|AGE53045.1|GENBANK|JX997167|N-carbamoylputrescine amidase [Paramecium bursaria Chlorella virus Fr5L]	Paramecium bursaria Chlorella virus Fr5L	Blastx
SRR22534752	NODE_16251_length_972_cov_2.556976	32.4	972	121	0.867769	1.05e-10	acc|GENBANK|QKF93713.1|GENBANK|MT418680|thioredoxin [Fadolivirus FV1/VV64]	Fadolivirus FV1/VV64	Blastx
SRR22534752	NODE_1466_length_1383_cov_17.143704	25.2	1383	927	0.380798	1.06e-10	acc|GENBANK|QKF94201.1|GENBANK|MT418680|P-type ATPase subfamily IV [Fadolivirus FV1/VV64]	Fadolivirus FV1/VV64	Blastx
SRR22534752	NODE_21232_length_361_cov_8.298780	37.5	361	1714	0.056009	1.07e-10	acc|REFSEQ|YP_008319462.1|REFSEQ|NC_021858|serine-threonine kinase [Pandoravirus dulcis]	Pandoravirus dulcis	Blastx
SRR22534752	NODE_28159_length_775_cov_3.218329	32.1	775	497	0.275654	1.09e-10	acc|REFSEQ|YP_009118582.1|REFSEQ|NC_026430|global transactivator-like protein [Condylorrhiza vestigialis mutiple nucleopolyhedrovirus]	Condylorrhiza vestigialis mutiple nucleopolyhedrovirus	Blastx
SRR22534752	NODE_34073_length_746_cov_4.314165	33.0	746	426	0.455399	1.10e-10	acc|GENBANK|QBK87330.1|GENBANK|MK500349|calcineurin-like phosphoesterase [Marseillevirus LCMAC201]	Marseillevirus LCMAC201	Blastx
SRR22534752	NODE_3086_length_439_cov_7.790640	31.9	439	402	0.350746	1.10e-10	acc|GENBANK|QBK88751.1|GENBANK|MK500397|DEAD/SNF2-like helicase [Mimivirus LCMiAC01]	Mimivirus LCMiAC01	Blastx
SRR22534752	NODE_27231_length_310_cov_1.267148	45.2	310	334	0.251497	1.11e-10	acc|GENBANK|QBK91883.1|GENBANK|MK500566|GDP-mannose 4,6 dehydratase [Pithovirus LCPAC304]	Pithovirus LCPAC304	Blastx
SRR22534752	NODE_7556_length_492_cov_197.154684	30.8	492	341	0.428152	1.12e-10	acc|GENBANK|QHN71161.1|GENBANK|MN812837|Peptidase domain protein [Mollivirus kamchatka]	Mollivirus kamchatka	Blastx
SRR22534752	NODE_18563_length_689_cov_29.486280	31.3	689	355	0.512676	1.13e-10	acc|GENBANK|QBK88616.1|GENBANK|MK500393|protein phosphatase 2C [Mimivirus LCMiAC01]	Mimivirus LCMiAC01	Blastx
SRR22534752	NODE_45939_length_324_cov_20.103093	39.4	324	403	0.163772	1.13e-10	acc|GENBANK|AYV82314.1|GENBANK|MK072360|translation initiation factor 4A-III [Homavirus sp.]	Homavirus sp.	Blastx
SRR22534752	NODE_8476_length_451_cov_8.954545	31.5	451	1750	0.085143	1.15e-10	acc|GENBANK|WBR14733.1|GENBANK|ON887157|Ser/thr kinase [Pandoravirus kuranda]	Pandoravirus kuranda	Blastx
SRR22534752	NODE_15798_length_200_cov_19.017964	55.6	200	477	0.113208	1.15e-10	acc|GENBANK|AYV78014.1|GENBANK|MK072068|elongation factor 1 alpha long form [Edafosvirus sp.]	Edafosvirus sp.	Blastx
SRR22534752	NODE_16161_length_929_cov_29.297991	26.9	929	191	0.916230	1.16e-10	acc|GENBANK|QPI16766.1|GENBANK|MW030601|ATP-dependent Clp protease proteolytic subunit [Virus NIOZ-UU159]	Virus NIOZ-UU159	Blastx
SRR22534752	NODE_36498_length_398_cov_2.421918	41.0	398	1058	0.073724	1.16e-10	acc|REFSEQ|YP_008052628.1|REFSEQ|NC_021312|ABC transporter [Phaeocystis globosa virus]	Phaeocystis globosa virus	Blastx
SRR22534752	NODE_42548_length_292_cov_7.444015	32.6	292	1050	0.090476	1.16e-10	acc|GENBANK|QBK85357.1|GENBANK|MK500320|DNA-directed RNA polymerase subunit beta, [Iridovirus LCIVAC01]	Iridovirus LCIVAC01	Blastx
SRR22534752	NODE_30896_length_200_cov_0.940120	50.0	200	199	0.301508	1.19e-10	acc|GENBANK|AAB48348.1|GENBANK|L47183|reverse transcriptase [Arabidopsis thaliana]	Arabidopsis thaliana	Blastx
SRR22534752	NODE_4999_length_227_cov_19.077320	37.0	227	459	0.176471	1.20e-10	acc|GENBANK|BBI30359.1|GENBANK|AP018495|beta-galactosidase [Acanthamoeba castellanii medusavirus J1]	Acanthamoeba castellanii medusavirus J1	Blastx
SRR22534752	NODE_22923_length_1059_cov_2.219298	38.4	1059	786	0.125954	1.23e-10	acc|REFSEQ|YP_009177033.1|REFSEQ|NC_028238|alkaline phosphodiesterase [Turkeypox virus]	Turkeypox virus	Blastx
SRR22534752	NODE_1537_length_266_cov_95.759657	45.9	266	77	0.961039	1.26e-10	acc|REFSEQ|YP_003422389.1|REFSEQ|NC_013772|ubiquitin [Pseudalatia unipuncta granulovirus]	Pseudalatia unipuncta granulovirus	Blastx
SRR22534752	NODE_30790_length_274_cov_1.336100	55.3	274	1287	0.036519	1.27e-10	acc|GENBANK|WLY67778.1|GENBANK|OR078387|TYG71p [Saccharomyces cerevisiae]	Saccharomyces cerevisiae	Blastx
SRR22534752	NODE_1224_length_1332_cov_16.746728	28.7	1332	985	0.169543	1.28e-10	acc|GENBANK|AYV75657.1|GENBANK|MK071980|ubiquitin-activating enzyme E1 [Terrestrivirus sp.]	Terrestrivirus sp.	Blastx
SRR22534752	NODE_40124_length_490_cov_3.242888	28.7	490	394	0.362944	1.29e-10	acc|GENBANK|ARF11626.1|GENBANK|KY684109|translation initiation factor 4A-III [Klosneuvirus KNV1]	Klosneuvirus KNV1	Blastx
SRR22534752	NODE_38821_length_362_cov_2.085106	53.8	362	588	0.088435	1.36e-10	acc|GENBANK|QOI90522.1|GENBANK|MT663539|hypothetical protein [Pyramimonas orientalis virus]	Pyramimonas orientalis virus	Blastx
SRR22534752	NODE_17471_length_953_cov_21.479348	45.5	953	321	0.239875	1.39e-10	acc|GENBANK|AYV78934.1|GENBANK|MK072118|putative DnaJ-like protein subfamily B member 1 [Edafosvirus sp.]	Edafosvirus sp.	Blastx
SRR22534752	NODE_13700_length_918_cov_5.797740	29.5	918	576	0.364583	1.40e-10	acc|REFSEQ|YP_009448802.1|REFSEQ|NC_036594|Tri-functionnal domain DHFR/deoxycytidylate [Orpheovirus IHUMI-LCC2]	Orpheovirus IHUMI-LCC2	Blastx
SRR22534752	NODE_16669_length_1364_cov_12.151766	29.1	1364	205	0.687805	1.43e-10	acc|GENBANK|ARF09964.1|GENBANK|KY684090|Ras family GTPase [Indivirus ILV1]	Indivirus ILV1	Blastx
SRR22534752	NODE_5098_length_995_cov_38.858628	45.2	995	175	0.417143	1.43e-10	acc|GENBANK|QFG74928.1|GENBANK|MN448295|DnaJ domain protein [Megaviridae environmental sample]	Megaviridae environmental sample	Blastx
SRR22534752	NODE_5792_length_1930_cov_12.090142	23.3	1930	1113	0.354897	1.44e-10	acc|GENBANK|QFG74968.1|GENBANK|MN448295|DNA gyrase/topoisomerase IV, subunit A [Megaviridae environmental sample]	Megaviridae environmental sample	Blastx
SRR22534752	NODE_427_length_1317_cov_25.058411	21.9	1317	515	0.710680	1.45e-10	acc|REFSEQ|YP_010780329.1|REFSEQ|NC_075038|lysine-tRNA synthetase [Tupanvirus deep ocean]	Tupanvirus deep ocean	Blastx
SRR22534752	NODE_18200_length_1221_cov_12.168350	38.3	1221	310	0.303226	1.45e-10	acc|GENBANK|QFG73687.1|GENBANK|MN448266|Clp protease [Megaviridae environmental sample]	Megaviridae environmental sample	Blastx
SRR22534752	NODE_747_length_500_cov_50.441113	29.6	500	283	0.406360	1.55e-10	acc|GENBANK|QKF94519.1|GENBANK|MT418680|zinc finger RING-type protein [Fadolivirus FV1/VV64]	Fadolivirus FV1/VV64	Blastx
SRR22534752	NODE_838_length_522_cov_28.691207	60.8	522	760	0.067105	1.57e-10	acc|GENBANK|QFG74349.1|GENBANK|MN448286|Hsp90 protein [Megaviridae environmental sample]	Megaviridae environmental sample	Blastx
SRR22534752	NODE_19975_length_667_cov_12.301262	38.3	667	972	0.123457	1.61e-10	acc|GENBANK|BCU03487.1|GENBANK|LC625835|SNF2 family DNA dependent ATPase [Pandoravirus japonicus]	Pandoravirus japonicus	Blastx
SRR22534752	NODE_8310_length_470_cov_14.702517	31.2	470	498	0.315261	1.61e-10	acc|GENBANK|XHA59766.1|GENBANK|OR863077|thermosome [Poseidoniales virus]	Poseidoniales virus	Blastx
SRR22534752	NODE_6878_length_273_cov_7.000000	51.6	273	438	0.146119	1.62e-10	acc|REFSEQ|YP_010780437.1|REFSEQ|NC_075038|Serine tRNA-synthetase [Tupanvirus deep ocean]	Tupanvirus deep ocean	Blastx
SRR22534752	NODE_20061_length_1372_cov_11.401046	34.9	1372	195	0.779487	1.63e-10	acc|REFSEQ|YP_010782540.1|REFSEQ|NC_075039|HD superfamily phosphohydrolase [Tupanvirus soda lake]	Tupanvirus soda lake	Blastx
SRR22534752	NODE_18996_length_345_cov_35.358974	37.5	345	974	0.123203	1.63e-10	acc|GENBANK|AYV86980.1|GENBANK|MK072522|hypothetical protein [Sylvanvirus sp.]	Sylvanvirus sp.	Blastx
SRR22534752	NODE_6547_length_965_cov_2.395923	31.0	965	299	0.334448	1.64e-10	acc|GENBANK|QIG59714.1|GENBANK|MN940578|putative spermidine [Dishui Lake phycodnavirus 3]	Dishui Lake phycodnavirus 3	Blastx
SRR22534752	NODE_27101_length_512_cov_1.367432	54.5	512	478	0.115063	1.73e-10	acc|GENBANK|AAK84479.1|GENBANK|AF275345|putative auxin growth promotor protein [Solanum lycopersicum]	Solanum lycopersicum	Blastx
SRR22534752	NODE_38813_length_464_cov_2.921114	38.0	464	260	0.353846	1.73e-10	acc|GENBANK|AYV84126.1|GENBANK|MK072400|hypothetical protein [Hyperionvirus sp.]	Hyperionvirus sp.	Blastx
SRR22534752	NODE_20264_length_428_cov_8.878481	41.9	428	301	0.308970	1.73e-10	acc|GENBANK|ARF12194.1|GENBANK|KY684111|aldo/keto reductase family protein [Klosneuvirus KNV1]	Klosneuvirus KNV1	Blastx
SRR22534752	NODE_20075_length_814_cov_11.240717	34.7	814	368	0.328804	1.84e-10	acc|GENBANK|AYV86301.1|GENBANK|MK072500|hypothetical protein [Solumvirus sp.]	Solumvirus sp.	Blastx
SRR22534752	NODE_13741_length_356_cov_4.030960	37.5	356	1740	0.050575	1.87e-10	acc|REFSEQ|YP_009165080.1|REFSEQ|NC_027867|serine-threonine kinase [Mollivirus sibericum]	Mollivirus sibericum	Blastx
SRR22534752	NODE_23405_length_210_cov_1.949153	52.2	210	678	0.101770	1.87e-10	acc|GENBANK|CCQ71325.1|GENBANK|HF586476|hypothetical kinesin-like protein KIF3 [Cotesia congregata]	Cotesia congregata	Blastx
SRR22534752	NODE_7740_length_315_cov_3.326241	41.3	315	301	0.265781	1.92e-10	acc|GENBANK|ARF12194.1|GENBANK|KY684111|aldo/keto reductase family protein [Klosneuvirus KNV1]	Klosneuvirus KNV1	Blastx
SRR22534752	NODE_12624_length_368_cov_27.429851	43.8	368	189	0.386243	1.94e-10	acc|REFSEQ|YP_009483770.1|REFSEQ|NC_037667|Cupin [Pandoravirus quercus]	Pandoravirus quercus	Blastx
SRR22534752	NODE_17520_length_595_cov_3.144128	50.7	595	301	0.222591	2.05e-10	acc|REFSEQ|YP_009408343.1|REFSEQ|NC_035468|hypothetical protein [Murmansk poxvirus]	Murmansk poxvirus	Blastx
SRR22534752	NODE_12970_length_565_cov_1.813910	46.0	565	121	0.520661	2.05e-10	acc|GENBANK|UNJ46594.1|GENBANK|OM135585|yippee [Drosophila melanogaster]	Drosophila melanogaster	Blastx
SRR22534752	NODE_37471_length_312_cov_9.910394	47.9	312	210	0.338095	2.07e-10	acc|REFSEQ|YP_003969982.1|REFSEQ|NC_014637|putative prolyl 4-hydroxylase alpha subunit [Cafeteria roenbergensis virus BV-PW1]	Cafeteria roenbergensis virus BV-PW1	Blastx
SRR22534752	NODE_23008_length_325_cov_4.845890	44.3	325	394	0.177665	2.09e-10	acc|GENBANK|QKF93683.1|GENBANK|MT418680|ATP-dependent RNA helicase DEAD-box [Fadolivirus FV1/VV64]	Fadolivirus FV1/VV64	Blastx
SRR22534752	NODE_33116_length_220_cov_2.016043	46.9	220	587	0.109029	2.11e-10	acc|GENBANK|WIL03492.1|GENBANK|OQ413576|ABC2 type transporter [Cedratvirus plubellavi]	Cedratvirus plubellavi	Blastx
SRR22534752	NODE_29339_length_219_cov_1.069892	43.7	219	1633	0.043478	2.16e-10	acc|GENBANK|AMK62058.1|NEIGHBOR|KF959826|serine threonine-protein kinase receptor [Samba virus]	Samba virus	Blastx
SRR22534752	NODE_25842_length_378_cov_2.652174	35.8	378	547	0.219378	2.24e-10	acc|GENBANK|ARF09888.1|GENBANK|KY684089|ABC transporter [Indivirus ILV1]	Indivirus ILV1	Blastx
SRR22534752	NODE_16494_length_696_cov_15.867270	31.4	696	543	0.252302	2.31e-10	acc|GENBANK|ARF10296.1|GENBANK|KY684103|cytochrome P450 family protein [Hokovirus HKV1]	Hokovirus HKV1	Blastx
SRR22534752	NODE_46609_length_942_cov_17.419142	24.7	942	447	0.624161	2.34e-10	acc|GENBANK|QKF93746.1|GENBANK|MT418680|histidyl-tRNA synthetase [Fadolivirus FV1/VV64]	Fadolivirus FV1/VV64	Blastx
SRR22534752	NODE_37857_length_426_cov_7.078880	44.9	426	447	0.154362	2.61e-10	acc|REFSEQ|NP_077596.1|REFSEQ|NC_002687|serine-threonine kinase [Ectocarpus siliculosus virus 1]	Ectocarpus siliculosus virus 1	Blastx
SRR22534752	NODE_12276_length_502_cov_30.232409	38.9	502	395	0.240506	2.67e-10	acc|GENBANK|QDY52265.1|GENBANK|MK250089|hypothetical protein [Mimiviridae sp. ChoanoV1]	Mimiviridae sp. ChoanoV1	Blastx
SRR22534752	NODE_40655_length_764_cov_8.395349	28.0	764	579	0.302245	2.69e-10	acc|REFSEQ|YP_009429985.1|REFSEQ|NC_022098|Methyltransferase [Pandoravirus salinus]	Pandoravirus salinus	Blastx
SRR22534752	NODE_4680_length_1432_cov_13.565404	28.7	1432	391	0.534527	2.74e-10	acc|GENBANK|AYF58507.1|GENBANK|MH287527|alpha-(1,3)fucosyltransferase [Elephant endotheliotropic herpesvirus 1A]	Elephant endotheliotropic herpesvirus 1A	Blastx
SRR22534752	NODE_39433_length_366_cov_2.438438	46.7	366	694	0.108069	2.75e-10	acc|GENBANK|ABG37656.1|GENBANK|DQ536163|integrase [Populus trichocarpa]	Populus trichocarpa	Blastx
SRR22534752	NODE_11389_length_609_cov_194.187500	37.0	609	253	0.395257	2.78e-10	acc|GENBANK|QFG74715.1|GENBANK|MN448290|triosephosphate isomerase [Megaviridae environmental sample]	Megaviridae environmental sample	Blastx
SRR22534752	NODE_50343_length_292_cov_1.806950	35.6	292	499	0.202405	2.81e-10	acc|GENBANK|CCQ71356.1|GENBANK|HF586477|hypothetical E3 ubiquitin-protein ligase ARI [Cotesia congregata]	Cotesia congregata	Blastx
SRR22534752	NODE_13124_length_685_cov_1.625767	26.9	685	268	0.652985	2.84e-10	acc|GENBANK|QBK91399.1|GENBANK|MK500535|mitochondrial carrier-like protein [Pithovirus LCPAC302]	Pithovirus LCPAC302	Blastx
SRR22534752	NODE_18474_length_905_cov_3.822248	28.3	905	373	0.672922	2.85e-10	acc|GENBANK|AYV86662.1|GENBANK|MK072512|phosphatase 2C [Sylvanvirus sp.]	Sylvanvirus sp.	Blastx
SRR22534752	NODE_34273_length_498_cov_4.941935	42.2	498	478	0.173640	2.87e-10	acc|GENBANK|AAK84479.1|GENBANK|AF275345|putative auxin growth promotor protein [Solanum lycopersicum]	Solanum lycopersicum	Blastx
SRR22534752	NODE_22779_length_322_cov_2.356401	48.4	322	497	0.124748	2.95e-10	acc|GENBANK|AYV83822.1|GENBANK|MK072394|cytochrome P450 704B1 [Hyperionvirus sp.]	Hyperionvirus sp.	Blastx
SRR22534752	NODE_21569_length_228_cov_3.466667	44.0	228	388	0.193299	3.08e-10	acc|GENBANK|CCQ71327.1|GENBANK|HF586476|hypothetical protein kinase Pka-C1 [Cotesia congregata]	Cotesia congregata	Blastx
SRR22534752	NODE_46487_length_226_cov_20.891192	47.9	226	559	0.130590	3.11e-10	acc|GENBANK|QBK91750.1|GENBANK|MK500565|putative serine/threonine protein kinase [Pithovirus LCPAC304]	Pithovirus LCPAC304	Blastx
SRR22534752	NODE_16524_length_696_cov_9.511312	25.3	696	549	0.417122	3.14e-10	acc|GENBANK|WGU26819.1|GENBANK|OQ503488|BTB/POZ domain-containing protein [Triticum monococcum]	Triticum monococcum	Blastx
SRR22534752	NODE_23989_length_471_cov_3.426941	45.6	471	548	0.124088	3.14e-10	acc|REFSEQ|YP_010781657.1|REFSEQ|NC_075039|cyclin domain fused to cyclin-dependent [Tupanvirus soda lake]	Tupanvirus soda lake	Blastx
SRR22534752	NODE_33279_length_640_cov_5.943987	41.9	640	200	0.370000	3.15e-10	acc|GENBANK|CCQ71290.1|GENBANK|HF586473|hypothetical protein CcPL2.180 [Cotesia congregata]	Cotesia congregata	Blastx
SRR22534752	NODE_26662_length_463_cov_1.400000	29.0	463	2037	0.076092	3.30e-10	acc|GENBANK|ABG37663.1|GENBANK|DQ536170|CCHC-type integrase [Populus trichocarpa]	Populus trichocarpa	Blastx
SRR22534752	NODE_11898_length_201_cov_1.071429	45.2	201	308	0.201299	3.34e-10	acc|GENBANK|AFV13468.1|GENBANK|JQ314449|ring-H2 zinc finger protein [Coix lacryma-jobi]	Coix lacryma-jobi	Blastx
SRR22534752	NODE_50721_length_1087_cov_16.807400	39.0	1087	230	0.334783	3.46e-10	acc|GENBANK|ARF08295.1|GENBANK|KY684083|RING finger domain protein [Catovirus CTV1]	Catovirus CTV1	Blastx
SRR22534752	NODE_16002_length_234_cov_21.497512	48.5	234	492	0.134146	3.48e-10	acc|GENBANK|QBK88108.1|GENBANK|MK500375|cyclin-dependent protein kinase [Marseillevirus LCMAC202]	Marseillevirus LCMAC202	Blastx
SRR22534752	NODE_33520_length_223_cov_2.873684	46.3	223	97	0.556701	3.48e-10	acc|GENBANK|AUF82187.1|GENBANK|KY322437|SANT superfamily protein [Tetraselmis virus 1]	Tetraselmis virus 1	Blastx
SRR22534752	NODE_40534_length_774_cov_4.468286	40.9	774	478	0.194561	3.54e-10	acc|GENBANK|AAK84479.1|GENBANK|AF275345|putative auxin growth promotor protein [Solanum lycopersicum]	Solanum lycopersicum	Blastx
SRR22534752	NODE_12206_length_838_cov_27.881988	32.2	838	167	0.874251	3.54e-10	acc|GENBANK|AYV82778.1|GENBANK|MK072384|hypothetical protein [Hyperionvirus sp.]	Hyperionvirus sp.	Blastx
SRR22534752	NODE_21381_length_282_cov_1.843373	41.5	282	776	0.105670	3.55e-10	acc|GENBANK|ABY48135.1|GENBANK|EU306659|beta-D-xylosidase [Medicago truncatula]	Medicago truncatula	Blastx
SRR22534752	NODE_4215_length_1227_cov_23.477387	35.6	1227	760	0.177632	3.65e-10	acc|GENBANK|ADX05829.1|GENBANK|HQ704802|putative superfamily II DEAD-like family [Organic Lake phycodnavirus 1]	Organic Lake phycodnavirus 1	Blastx
SRR22534752	NODE_40251_length_582_cov_5.557377	35.2	582	925	0.113514	3.73e-10	acc|GENBANK|ABY48139.1|GENBANK|EU306659|NORK [Medicago truncatula]	Medicago truncatula	Blastx
SRR22534752	NODE_5765_length_293_cov_2.892308	38.8	293	450	0.188889	3.78e-10	acc|GENBANK|QBK87874.1|GENBANK|MK500370|phosphoribosyl transferase [Marseillevirus LCMAC202]	Marseillevirus LCMAC202	Blastx
SRR22534752	NODE_45084_length_455_cov_6.917062	39.3	455	802	0.104738	3.81e-10	acc|GENBANK|XHA59814.1|GENBANK|OR863077|RNA polymerase-associated protein RapA [Poseidoniales virus]	Poseidoniales virus	Blastx
SRR22534752	NODE_6374_length_1174_cov_8.489921	22.3	1174	1384	0.298410	3.82e-10	acc|GENBANK|ADB85299.1|GENBANK|GQ252825|putative retrotransposon protein [Phyllostachys edulis]	Phyllostachys edulis	Blastx
SRR22534752	NODE_18881_length_1090_cov_22.849574	31.6	1090	439	0.359909	3.85e-10	acc|GENBANK|AYV76294.1|GENBANK|MK071983|hypothetical protein [Terrestrivirus sp.]	Terrestrivirus sp.	Blastx
SRR22534752	NODE_38020_length_429_cov_1.643939	33.3	429	585	0.225641	3.88e-10	acc|GENBANK|SPN79811.1|GENBANK|LT994651|ABC2 type transporter superfamily protein [Brazilian cedratvirus IHUMI]	Brazilian cedratvirus IHUMI	Blastx
SRR22534752	NODE_17934_length_1164_cov_23.065429	54.0	1164	480	0.131250	3.94e-10	acc|GENBANK|ASU92288.1|GENBANK|KX759199|kindr F6 [Zea mays]	Zea mays	Blastx
SRR22534752	NODE_34077_length_471_cov_5.050228	31.3	471	426	0.307512	3.96e-10	acc|GENBANK|QBK87330.1|GENBANK|MK500349|calcineurin-like phosphoesterase [Marseillevirus LCMAC201]	Marseillevirus LCMAC201	Blastx
SRR22534752	NODE_47131_length_1177_cov_16.987762	36.3	1177	678	0.231563	3.98e-10	acc|GENBANK|CCQ71325.1|GENBANK|HF586476|hypothetical kinesin-like protein KIF3 [Cotesia congregata]	Cotesia congregata	Blastx
SRR22534752	NODE_16333_length_867_cov_2.886091	42.5	867	354	0.225989	4.08e-10	acc|REFSEQ|YP_010781838.1|REFSEQ|NC_075039|acetoin utilization deacetylase [Tupanvirus soda lake]	Tupanvirus soda lake	Blastx
SRR22534752	NODE_18569_length_1755_cov_14.306620	81.1	1755	139	0.266187	4.19e-10	acc|GENBANK|BAV21765.1|GENBANK|LC167300|2b protein [Cucumber mosaic virus]	Cucumber mosaic virus	Blastx
SRR22534752	NODE_9181_length_1706_cov_10.586970	27.3	1706	272	0.768382	4.20e-10	acc|GENBANK|QBK92713.1|GENBANK|MK500580|fermentation-respiration switch protein [Pithovirus LCPAC401]	Pithovirus LCPAC401	Blastx
SRR22534752	NODE_19379_length_1137_cov_3.435688	30.4	1137	1046	0.141491	4.22e-10	acc|GENBANK|QIG60207.1|GENBANK|MN940580|MutS protein [Dishui Lake large algae virus 1]	Dishui Lake large algae virus 1	Blastx
SRR22534752	NODE_667_length_1126_cov_35.397987	48.7	1126	365	0.213699	4.25e-10	acc|GENBANK|BDT62135.1|GENBANK|LC738872|heat shock protein 40-like protein [Litopenaeus vannamei majanivirus Nimav-1_LVa]	Litopenaeus vannamei majanivirus Nimav-1_LVa	Blastx
SRR22534752	NODE_48480_length_219_cov_1.693548	45.2	219	313	0.233227	4.32e-10	acc|GENBANK|AYV85455.1|GENBANK|MK072453|protein phosphatase 2C domain containing [Satyrvirus sp.]	Satyrvirus sp.	Blastx
SRR22534752	NODE_5194_length_1053_cov_24.865686	27.2	1053	575	0.422609	4.35e-10	acc|GENBANK|CAE02704.1|GENBANK|AJ575660|putative sugar transporter [Yarrowia lipolytica]	Yarrowia lipolytica	Blastx
SRR22534752	NODE_29383_length_206_cov_1.820809	47.3	206	471	0.116773	4.35e-10	acc|GENBANK|AFV13457.1|GENBANK|JQ314445|UDPG-flavonoid 3-O-glucosyl transferase [Tripsacum dactyloides]	Tripsacum dactyloides	Blastx
SRR22534752	NODE_32271_length_205_cov_1.395349	51.9	205	506	0.106719	4.36e-10	acc|GENBANK|QBK92268.1|GENBANK|MK500571|putative serine/threonine protein kinase [Pithovirus LCPAC304]	Pithovirus LCPAC304	Blastx
SRR22534752	NODE_43290_length_674_cov_9.391576	43.0	674	439	0.195900	4.37e-10	acc|GENBANK|AYV76294.1|GENBANK|MK071983|hypothetical protein [Terrestrivirus sp.]	Terrestrivirus sp.	Blastx
SRR22534752	NODE_40133_length_410_cov_3.864721	44.3	410	727	0.121045	4.38e-10	acc|GENBANK|ABY48138.1|GENBANK|EU306659|ABC transporter [Medicago truncatula]	Medicago truncatula	Blastx
SRR22534752	NODE_2207_length_468_cov_20.094253	28.8	468	833	0.141657	4.44e-10	acc|GENBANK|CCQ71385.1|GENBANK|HF586480|hypothetical Homeodomain-interacting protein [Cotesia congregata]	Cotesia congregata	Blastx
SRR22534752	NODE_248_length_420_cov_3.222222	40.0	420	167	0.568862	4.45e-10	acc|GENBANK|XCJ77239.1|GENBANK|PP728251|SNF2-like domain protein [Micromonas polaris virus]	Micromonas polaris virus	Blastx
SRR22534752	NODE_19218_length_729_cov_11.910920	28.7	729	288	0.520833	4.47e-10	acc|GENBANK|QFG74684.1|GENBANK|MN448289|serine aminopeptidase S33 [Megaviridae environmental sample]	Megaviridae environmental sample	Blastx
SRR22534752	NODE_23127_length_229_cov_5.158163	43.3	229	1602	0.037453	4.57e-10	acc|GENBANK|BFL60982.1|GENBANK|LC813553|tyrosine kinase family protein [Moumouvirus lavasanguinem]	Moumouvirus lavasanguinem	Blastx
SRR22534752	NODE_48214_length_209_cov_1.329545	47.8	209	1369	0.050402	4.66e-10	acc|GENBANK|BAG72152.1|GENBANK|AB430326|hypothetical protein [Lotus japonicus]	Lotus japonicus	Blastx
SRR22534752	NODE_16388_length_1101_cov_7.366105	24.7	1101	870	0.265517	4.70e-10	acc|GENBANK|AGE48886.1|GENBANK|JX997154|calcium-transporting ATPase, plasma [Paramecium bursaria Chlorella virus AP110A]	Paramecium bursaria Chlorella virus AP110A	Blastx
SRR22534752	NODE_23245_length_213_cov_1.244444	46.3	213	443	0.151242	4.88e-10	acc|GENBANK|QGR54033.1|GENBANK|MK978772|peptidase c19 subfamily protein [Moumouvirus maliensis]	Moumouvirus maliensis	Blastx
SRR22534752	NODE_19977_length_1267_cov_37.952998	30.7	1267	393	0.521628	4.99e-10	acc|GENBANK|WZO85283.1|GENBANK|PP681888|fumarate reductase [Chlorovirus sp.]	Chlorovirus sp.	Blastx
SRR22534752	NODE_39308_length_242_cov_9.177033	51.1	242	288	0.163194	5.00e-10	acc|GENBANK|QDY51617.1|GENBANK|MK250085|peptide methionine sulfoxide reductase [Mimiviridae sp. ChoanoV1]	Mimiviridae sp. ChoanoV1	Blastx
SRR22534752	NODE_2849_length_544_cov_9.230920	35.7	544	307	0.319218	5.09e-10	acc|GENBANK|ATZ81088.1|GENBANK|MF782455|protein phosphatase [Bodo saltans virus]	Bodo saltans virus	Blastx
SRR22534752	NODE_3218_length_342_cov_12.614887	29.8	342	499	0.228457	5.13e-10	acc|GENBANK|AYV78632.1|GENBANK|MK072086|LMBR1-domain-containing protein [Edafosvirus sp.]	Edafosvirus sp.	Blastx
SRR22534752	NODE_12854_length_241_cov_41.139423	48.3	241	526	0.110266	5.17e-10	acc|GENBANK|ARF12259.1|GENBANK|KY684111|ABC transporter [Klosneuvirus KNV1]	Klosneuvirus KNV1	Blastx
SRR22534752	NODE_18722_length_582_cov_4.626594	34.0	582	317	0.296530	5.35e-10	acc|GENBANK|ACN78961.1|GENBANK|FJ225394|calcineurin-like phosphoesterase [Glycine max]	Glycine max	Blastx
SRR22534752	NODE_35218_length_319_cov_4.293706	35.5	319	308	0.246753	5.41e-10	acc|GENBANK|AFV13468.1|GENBANK|JQ314449|ring-H2 zinc finger protein [Coix lacryma-jobi]	Coix lacryma-jobi	Blastx
SRR22534752	NODE_26430_length_291_cov_1.724806	46.1	291	850	0.089412	5.46e-10	acc|GENBANK|AGE57609.1|GENBANK|JX997180|calcium-transporting ATPase, plasma [Acanthocystis turfacea Chlorella virus NTS-1]	Acanthocystis turfacea Chlorella virus NTS-1	Blastx
SRR22534752	NODE_8977_length_441_cov_2.367647	31.8	441	419	0.307876	5.48e-10	acc|REFSEQ|NP_569140.1|REFSEQ|NC_003378|putative cell-to-cell movement protein [Tobacco vein clearing virus]	Tobacco vein clearing virus	Blastx
SRR22534752	NODE_18636_length_1036_cov_9.949153	37.6	1036	174	0.718391	5.50e-10	acc|GENBANK|AWA44800.1|GENBANK|MH182523|hypothetical protein [Saccharum officinarum]	Saccharum officinarum	Blastx
SRR22534752	NODE_16525_length_573_cov_21.670370	39.3	573	498	0.234940	5.54e-10	acc|GENBANK|XHA59766.1|GENBANK|OR863077|thermosome [Poseidoniales virus]	Poseidoniales virus	Blastx
SRR22534752	NODE_20179_length_974_cov_4.831031	27.1	974	1232	0.251623	5.61e-10	acc|GENBANK|ADK47521.1|GENBANK|HM124452|RDG2A [Hordeum vulgare subsp. vulgare]	Hordeum vulgare subsp. vulgare	Blastx
SRR22534752	NODE_9844_length_324_cov_3.972509	35.4	324	465	0.206452	5.63e-10	acc|GENBANK|QFG74149.1|GENBANK|MN448280|trypsin-like peptidase domain protein [Megaviridae environmental sample]	Megaviridae environmental sample	Blastx
SRR22534752	NODE_1047_length_658_cov_11.672000	35.1	658	4062	0.023880	5.70e-10	acc|GENBANK|QOR60750.1|GENBANK|MK522039|hypothetical protein [Bathycoccus sp. RCC716 virus 3]	Bathycoccus sp. RCC716 virus 3	Blastx
SRR22534752	NODE_9470_length_508_cov_11.075789	41.9	508	276	0.268116	5.70e-10	acc|GENBANK|ABV29330.1|GENBANK|EU126948|truncated bromodomain-containing protein 2b [Danio rerio]	Danio rerio	Blastx
SRR22534752	NODE_14542_length_334_cov_8.481728	41.5	334	368	0.255435	5.70e-10	acc|GENBANK|QFG73671.1|GENBANK|MN448266|peptidase family M20/M25/M40 [Megaviridae environmental sample]	Megaviridae environmental sample	Blastx
SRR22534752	NODE_40364_length_906_cov_5.428408	33.6	906	293	0.406143	5.79e-10	acc|GENBANK|QFG75012.1|GENBANK|MN448296|protein kinase domain protein [Megaviridae environmental sample]	Megaviridae environmental sample	Blastx
SRR22534752	NODE_36653_length_307_cov_1.711679	38.0	307	289	0.346021	5.85e-10	acc|GENBANK|QBK88329.1|GENBANK|MK500386|ABC transporter [Marseillevirus LCMAC202]	Marseillevirus LCMAC202	Blastx
SRR22534752	NODE_33154_length_406_cov_2.064343	39.0	406	833	0.141657	5.87e-10	acc|GENBANK|AAL14454.1|GENBANK|AF397035|DNA mismatch repair protein Msh5 [Mus musculus]	Mus musculus	Blastx
SRR22534752	NODE_44290_length_1071_cov_15.912331	33.0	1071	144	0.798611	5.90e-10	acc|GENBANK|AUF82519.1|GENBANK|KY322437|putative Mpv17/PMP22 family protein [Tetraselmis virus 1]	Tetraselmis virus 1	Blastx
SRR22534752	NODE_26368_length_237_cov_1.039216	46.3	237	207	0.386473	6.05e-10	acc|GENBANK|WWU03800.1|GENBANK|OR798509|uridine-cytidine kinase 1 [Coronaviridae sp.]	Coronaviridae sp.	Blastx
SRR22534752	NODE_20644_length_259_cov_1.734513	54.9	259	376	0.135638	6.09e-10	acc|REFSEQ|YP_009174533.1|REFSEQ|NC_028110|DNA helicase [Yellowstone lake phycodnavirus 2]	Yellowstone lake phycodnavirus 2	Blastx
SRR22534752	NODE_26941_length_206_cov_3.213873	51.5	206	1467	0.044990	6.12e-10	acc|GENBANK|QOI90401.1|GENBANK|MT663536|DNA-directed RNA polymerase subunit 1 [Pyramimonas orientalis virus]	Pyramimonas orientalis virus	Blastx
SRR22534752	NODE_893_length_1923_cov_20.561905	32.3	1923	151	0.635762	6.20e-10	acc|GENBANK|QBK87257.1|GENBANK|MK500346|thioredoxin [Marseillevirus LCMAC201]	Marseillevirus LCMAC201	Blastx
SRR22534752	NODE_34140_length_385_cov_5.397727	35.5	385	678	0.162242	6.24e-10	acc|GENBANK|CCQ71325.1|GENBANK|HF586476|hypothetical kinesin-like protein KIF3 [Cotesia congregata]	Cotesia congregata	Blastx
SRR22534752	NODE_7918_length_379_cov_13.491329	82.9	379	242	0.144628	6.25e-10	acc|GENBANK|AGU70135.1|GENBANK|KF270089|integrase-type DNA-binding superfamily protein [Tarenaya hassleriana]	Tarenaya hassleriana	Blastx
SRR22534752	NODE_49508_length_254_cov_2.117647	65.7	254	1281	0.027322	6.27e-10	acc|GENBANK|AAA67727.1|GENBANK|U15647|reverse transcriptase [Mus musculus domesticus]	Mus musculus domesticus	Blastx
SRR22534752	NODE_868_length_3891_cov_16.952566	24.5	3891	800	0.398750	6.29e-10	acc|GENBANK|ARF10190.1|GENBANK|KY684103|ubiquitin-transferase [Hokovirus HKV1]	Hokovirus HKV1	Blastx
SRR22534752	NODE_19764_length_1526_cov_11.385800	27.3	1526	272	0.768382	6.43e-10	acc|GENBANK|QBK92713.1|GENBANK|MK500580|fermentation-respiration switch protein [Pithovirus LCPAC401]	Pithovirus LCPAC401	Blastx
SRR22534752	NODE_18165_length_1890_cov_11.308562	30.3	1890	2207	0.085184	6.44e-10	acc|GENBANK|WPV62218.1|GENBANK|OQ715543|non-structural polyprotein [Wufeng rodent hepe-like virus 1]	Wufeng rodent hepe-like virus 1	Blastx
SRR22534752	NODE_42869_length_616_cov_8.084048	28.2	616	239	0.815900	6.46e-10	acc|GENBANK|AYV83988.1|GENBANK|MK072397|RING/U-box superfamily protein [Hyperionvirus sp.]	Hyperionvirus sp.	Blastx
SRR22534752	NODE_43372_length_394_cov_6.975069	44.7	394	478	0.158996	6.52e-10	acc|GENBANK|AAK84479.1|GENBANK|AF275345|putative auxin growth promotor protein [Solanum lycopersicum]	Solanum lycopersicum	Blastx
SRR22534752	NODE_15559_length_260_cov_4.277533	37.5	260	925	0.095135	6.72e-10	acc|GENBANK|ABY48139.1|GENBANK|EU306659|NORK [Medicago truncatula]	Medicago truncatula	Blastx
SRR22534752	NODE_7856_length_391_cov_187.846369	78.4	391	242	0.152893	7.07e-10	acc|GENBANK|AGU70135.1|GENBANK|KF270089|integrase-type DNA-binding superfamily protein [Tarenaya hassleriana]	Tarenaya hassleriana	Blastx
SRR22534752	NODE_32124_length_459_cov_2.772300	60.0	459	764	0.058901	7.44e-10	acc|GENBANK|UZH25335.1|GENBANK|OL695857|ORF2 [Mamastrovirus 3]	Mamastrovirus 3	Blastx
SRR22534752	NODE_8862_length_825_cov_20.768939	34.8	825	159	0.867925	7.53e-10	acc|GENBANK|WZO81373.1|GENBANK|PP681878|superoxide dismutase precursor [Chlorovirus sp.]	Chlorovirus sp.	Blastx
SRR22534752	NODE_20274_length_2176_cov_22.090527	50.8	2176	105	0.561905	7.72e-10	acc|GENBANK|QPI16506.1|GENBANK|MW030569|thioredoxin domain-containing protein [Virus NIOZ-UU157]	Virus NIOZ-UU157	Blastx
SRR22534752	NODE_32369_length_202_cov_1.177515	41.5	202	424	0.153302	7.72e-10	acc|GENBANK|WZO87262.1|GENBANK|PP681894|CTP synthetase [Chlorovirus sp.]	Chlorovirus sp.	Blastx
SRR22534752	NODE_46216_length_297_cov_16.416667	42.1	297	544	0.174632	7.77e-10	acc|REFSEQ|YP_009483380.1|REFSEQ|NC_037667|Glycosyl hydrolase family 1 protein [Pandoravirus quercus]	Pandoravirus quercus	Blastx
SRR22534752	NODE_6599_length_496_cov_2.019438	50.8	496	353	0.178470	7.90e-10	acc|GENBANK|WGU26821.1|GENBANK|OQ503488|S-acyltransferase 11-like protein [Triticum monococcum]	Triticum monococcum	Blastx
SRR22534752	NODE_40226_length_311_cov_6.982014	43.0	311	118	0.669492	7.98e-10	acc|GENBANK|AUF82471.1|GENBANK|KY322437|cold-shock protein [Tetraselmis virus 1]	Tetraselmis virus 1	Blastx
SRR22534752	NODE_48968_length_237_cov_2.142157	54.2	237	181	0.325967	8.14e-10	acc|GENBANK|XII43881.1|GENBANK|PQ284187|deoxyuridine 5'-triphosphate [Jyvaskylavirus sp.]	Jyvaskylavirus sp.	Blastx
SRR22534752	NODE_48861_length_233_cov_1.265000	56.8	233	388	0.113402	8.21e-10	acc|GENBANK|AAU93529.1|GENBANK|AY691949|alcohol dehydrogenase 1 [Zea mays]	Zea mays	Blastx
SRR22534752	NODE_20971_length_230_cov_1.756345	42.0	230	588	0.117347	8.29e-10	acc|GENBANK|QOI90522.1|GENBANK|MT663539|hypothetical protein [Pyramimonas orientalis virus]	Pyramimonas orientalis virus	Blastx
SRR22534752	NODE_13452_length_995_cov_6.264033	50.7	995	1408	0.047585	8.43e-10	acc|GENBANK|CAA60724.1|GENBANK|X87297|J1580 [Saccharomyces cerevisiae]	Saccharomyces cerevisiae	Blastx
SRR22534752	NODE_24729_length_230_cov_2.269036	46.1	230	912	0.083333	8.43e-10	acc|GENBANK|ACX48824.1|GENBANK|GQ923937|chromomethylase [Zea mays]	Zea mays	Blastx
SRR22534752	NODE_34736_length_255_cov_2.085586	43.5	255	482	0.143154	8.51e-10	acc|GENBANK|QIG60130.1|GENBANK|MN940580|hypothetical protein [Dishui Lake large algae virus 1]	Dishui Lake large algae virus 1	Blastx
SRR22534752	NODE_48788_length_231_cov_2.363636	49.2	231	1281	0.047619	8.85e-10	acc|GENBANK|AAL17972.1|GENBANK|AY053456|pORF2 [Mus musculus domesticus]	Mus musculus domesticus	Blastx
SRR22534752	NODE_42270_length_370_cov_4.534125	32.8	370	254	0.539370	8.91e-10	acc|REFSEQ|YP_009001499.1|REFSEQ|NC_023426|phosphatidic acid phosphatase type 2 [Alphaentomopoxvirus acuprea]	Alphaentomopoxvirus acuprea	Blastx
SRR22534752	NODE_35259_length_231_cov_3.156566	36.4	231	299	0.257525	9.02e-10	acc|GENBANK|XDO01858.1|GENBANK|PP542043|putative Spermidine Synthase [Florenciella sp. virus SA2]	Florenciella sp. virus SA2	Blastx
SRR22534752	NODE_45727_length_1250_cov_9.810189	34.0	1250	283	0.353357	9.31e-10	acc|GENBANK|QKF94519.1|GENBANK|MT418680|zinc finger RING-type protein [Fadolivirus FV1/VV64]	Fadolivirus FV1/VV64	Blastx
SRR22534752	NODE_5610_length_359_cov_2.039877	35.1	359	4062	0.027326	9.32e-10	acc|GENBANK|QOR60750.1|GENBANK|MK522039|hypothetical protein [Bathycoccus sp. RCC716 virus 3]	Bathycoccus sp. RCC716 virus 3	Blastx
SRR22534752	NODE_22425_length_446_cov_49.820823	51.6	446	159	0.389937	9.39e-10	acc|REFSEQ|YP_010086369.1|REFSEQ|NC_055453|sod [Hyposidra talaca nucleopolyhedrovirus]	Hyposidra talaca nucleopolyhedrovirus	Blastx
SRR22534752	NODE_38251_length_209_cov_1.471591	41.8	209	105	0.523810	9.84e-10	acc|GENBANK|QPI16506.1|GENBANK|MW030569|thioredoxin domain-containing protein [Virus NIOZ-UU157]	Virus NIOZ-UU157	Blastx
SRR22534752	NODE_37449_length_363_cov_2.372727	56.5	363	335	0.137313	9.94e-10	acc|GENBANK|ADV36573.1|GENBANK|HM454271|Myb-like transcription factor [Zea mays]	Zea mays	Blastx
SRR22534752	NODE_33938_length_234_cov_5.741294	46.9	234	318	0.154088	1.01e-09	acc|REFSEQ|YP_009482975.1|REFSEQ|NC_037667|Ring finger protein [Pandoravirus quercus]	Pandoravirus quercus	Blastx
SRR22534752	NODE_1185_length_784_cov_46.336884	33.6	784	600	0.223333	1.02e-09	acc|GENBANK|QDY52168.1|GENBANK|MK250088|thiamine pyrophosphate enzyme, N-terminal TPP [Mimiviridae sp. ChoanoV1]	Mimiviridae sp. ChoanoV1	Blastx
SRR22534752	NODE_11286_length_574_cov_23.232902	32.4	574	495	0.274747	1.02e-09	acc|GENBANK|AKS26328.1|GENBANK|KR095315|putative gamma-glutamyl transpeptidase [Diachasmimorpha longicaudata entomopoxvirus]	Diachasmimorpha longicaudata entomopoxvirus	Blastx
SRR22534752	NODE_10896_length_362_cov_42.118541	32.2	362	353	0.334278	1.02e-09	acc|GENBANK|AYV76864.1|GENBANK|MK071999|DNA polymerase family X protein [Barrevirus sp.]	Barrevirus sp.	Blastx
SRR22534752	NODE_42960_length_579_cov_4.100733	77.5	579	326	0.122699	1.03e-09	acc|GENBANK|AAO26683.1|GENBANK|AF478369|gag-pol polyprotein [Vitis vinifera]	Vitis vinifera	Blastx
SRR22534752	NODE_4136_length_406_cov_3.581769	35.8	406	832	0.161058	1.09e-09	acc|GENBANK|BAD00047.1|GENBANK|AB119282|Fusion protein, Feo [Hepacivirus hominis]	Hepacivirus hominis	Blastx
SRR22534752	NODE_42382_length_2021_cov_7.495473	28.2	2021	308	0.551948	1.10e-09	acc|REFSEQ|YP_010782092.1|REFSEQ|NC_075039|uridine kinase [Tupanvirus soda lake]	Tupanvirus soda lake	Blastx
SRR22534752	NODE_43619_length_674_cov_5.045242	25.8	674	336	0.589286	1.11e-09	acc|GENBANK|WBR61423.1|GENBANK|ON052824|BTB POZ roadkill-like [Drosophila suzukii associated hytrosavirus 1]	Drosophila suzukii associated hytrosavirus 1	Blastx
SRR22534752	NODE_28406_length_437_cov_6.138614	36.0	437	925	0.120000	1.11e-09	acc|GENBANK|ABY48139.1|GENBANK|EU306659|NORK [Medicago truncatula]	Medicago truncatula	Blastx
SRR22534752	NODE_6251_length_354_cov_2.725857	54.1	354	630	0.096825	1.12e-09	acc|REFSEQ|YP_009001225.1|REFSEQ|NC_023423|ABC transporter [Pithovirus sibericum]	Pithovirus sibericum	Blastx
SRR22534752	NODE_9780_length_959_cov_14.409287	36.0	959	230	0.326087	1.15e-09	acc|GENBANK|ARF08295.1|GENBANK|KY684083|RING finger domain protein [Catovirus CTV1]	Catovirus CTV1	Blastx
SRR22534752	NODE_12260_length_1163_cov_14.676106	33.3	1163	727	0.177442	1.24e-09	acc|GENBANK|ADB85269.1|GENBANK|GQ252805|putative lectin-like protein kinase [Phyllostachys edulis]	Phyllostachys edulis	Blastx
SRR22534752	NODE_8615_length_366_cov_18.603604	60.7	366	144	0.423611	1.28e-09	acc|GENBANK|AAH74588.1|GENBANK|BC074588|intracisternal A particle-promoted polypeptide [Xenopus tropicalis]	Xenopus tropicalis	Blastx
SRR22534752	NODE_12520_length_601_cov_3.830986	34.2	601	341	0.428152	1.29e-09	acc|GENBANK|QHN71161.1|GENBANK|MN812837|Peptidase domain protein [Mollivirus kamchatka]	Mollivirus kamchatka	Blastx
SRR22534752	NODE_19100_length_370_cov_29.264095	35.2	370	498	0.244980	1.29e-09	acc|GENBANK|XHA59766.1|GENBANK|OR863077|thermosome [Poseidoniales virus]	Poseidoniales virus	Blastx
SRR22534752	NODE_34007_length_789_cov_5.216931	30.9	789	304	0.713816	1.30e-09	acc|GENBANK|AHA55593.1|GENBANK|KF481687|hypothetical protein [Emiliania huxleyi virus 156]	Emiliania huxleyi virus 156	Blastx
SRR22534752	NODE_28040_length_402_cov_3.842818	32.7	402	549	0.205829	1.37e-09	acc|GENBANK|WGU26815.1|GENBANK|OQ503488|pentatricopeptide repeat-containing protein [Triticum monococcum]	Triticum monococcum	Blastx
SRR22534752	NODE_49628_length_258_cov_1.040000	43.9	258	322	0.204969	1.39e-09	acc|GENBANK|AYV84288.1|GENBANK|MK072403|hypothetical protein [Hyperionvirus sp.]	Hyperionvirus sp.	Blastx
SRR22534752	NODE_19500_length_650_cov_27.901135	24.0	650	188	1.021277	1.40e-09	acc|GENBANK|QBK88294.1|GENBANK|MK500384|pyridoxamine 5'-phosphate oxidase [Marseillevirus LCMAC202]	Marseillevirus LCMAC202	Blastx
SRR22534752	NODE_29202_length_220_cov_1.438503	40.3	220	1158	0.062176	1.40e-09	acc|GENBANK|ADK47522.1|GENBANK|HM124452|NBS2-RDG2A [Hordeum vulgare subsp. vulgare]	Hordeum vulgare subsp. vulgare	Blastx
SRR22534752	NODE_3983_length_371_cov_103.497041	61.1	371	131	0.412214	1.42e-09	acc|GENBANK|ULK74027.1|GENBANK|OL469143|polyprotein [Paslahepevirus balayani]	Paslahepevirus balayani	Blastx
SRR22534752	NODE_20241_length_685_cov_10.096626	35.4	685	384	0.294271	1.43e-09	acc|REFSEQ|YP_003970003.1|REFSEQ|NC_014637|putative superfamily II helicase/eIF-4AIII [Cafeteria roenbergensis virus BV-PW1]	Cafeteria roenbergensis virus BV-PW1	Blastx
SRR22534752	NODE_18503_length_1279_cov_8.239165	33.0	1279	142	0.767606	1.43e-09	acc|GENBANK|ADX06678.1|GENBANK|HQ704808|putative disulphide isomerase [Organic Lake phycodnavirus]	Organic Lake phycodnavirus	Blastx
SRR22534752	NODE_50586_length_320_cov_11.432056	39.5	320	1535	0.052769	1.45e-09	acc|GENBANK|XDO02170.1|GENBANK|PP542043|DNA-Directed RNA polymerase II Subunit Rpb1 [Florenciella sp. virus SA2]	Florenciella sp. virus SA2	Blastx
SRR22534752	NODE_2168_length_2099_cov_64.823814	46.9	2099	120	0.675000	1.50e-09	acc|GENBANK|AGE53600.1|GENBANK|JX997168|multiprotein-bridging factor [Acanthocystis turfacea Chlorella virus GM0701.1]	Acanthocystis turfacea Chlorella virus GM0701.1	Blastx
SRR22534752	NODE_2116_length_699_cov_24.891892	38.9	699	239	0.472803	1.51e-09	acc|GENBANK|AFV13470.1|GENBANK|JQ314449|ubiquitin conjugating enzyme 2 [Coix lacryma-jobi]	Coix lacryma-jobi	Blastx
SRR22534752	NODE_9401_length_1267_cov_6.304700	51.6	1267	471	0.135881	1.54e-09	acc|GENBANK|AFV13457.1|GENBANK|JQ314445|UDPG-flavonoid 3-O-glucosyl transferase [Tripsacum dactyloides]	Tripsacum dactyloides	Blastx
SRR22534752	NODE_14634_length_846_cov_1.527675	28.6	846	724	0.222376	1.54e-09	acc|GENBANK|ADK47523.1|GENBANK|HM124452|NBS3-RDG2A [Hordeum vulgare subsp. vulgare]	Hordeum vulgare subsp. vulgare	Blastx
SRR22534752	NODE_15977_length_300_cov_2.007491	36.4	300	727	0.136176	1.54e-09	acc|GENBANK|ADB85269.1|GENBANK|GQ252805|putative lectin-like protein kinase [Phyllostachys edulis]	Phyllostachys edulis	Blastx
SRR22534752	NODE_665_length_1710_cov_13.955277	30.3	1710	383	0.396867	1.55e-09	acc|GENBANK|AJA91762.1|GENBANK|KM434202|dihydroflavonol 4-reductase [Allium cepa]	Allium cepa	Blastx
SRR22534752	NODE_28642_length_457_cov_5.530660	31.8	457	393	0.272265	1.55e-09	acc|GENBANK|AXN91107.1|GENBANK|MG745875|putative superfamily II DEAD-like ATP-dependent [Namao virus]	Namao virus	Blastx
SRR22534752	NODE_18532_length_891_cov_19.715618	28.6	891	275	0.560000	1.57e-09	acc|GENBANK|AFX92476.1|GENBANK|JX975216|putative translation initiation factor 4a [Megavirus courdo11]	Megavirus courdo11	Blastx
SRR22534752	NODE_35_length_2352_cov_13.398879	34.2	2352	1946	0.057040	1.61e-09	acc|GENBANK|ADB85424.1|GENBANK|GQ252887|putative retrotransposon protein [Phyllostachys edulis]	Phyllostachys edulis	Blastx
SRR22534752	NODE_8733_length_1251_cov_10.526273	54.5	1251	404	0.136139	1.62e-09	acc|GENBANK|QBK87013.1|GENBANK|MK500340|phosphoribosyl transferase [Marseillevirus LCMAC103]	Marseillevirus LCMAC103	Blastx
SRR22534752	NODE_26510_length_562_cov_2.128544	37.7	562	471	0.242038	1.67e-09	acc|GENBANK|AFV13457.1|GENBANK|JQ314445|UDPG-flavonoid 3-O-glucosyl transferase [Tripsacum dactyloides]	Tripsacum dactyloides	Blastx
SRR22534752	NODE_9812_length_269_cov_120.097458	33.7	269	182	0.456044	1.67e-09	acc|REFSEQ|YP_009163818.1|REFSEQ|NC_027778|ORF_057R [Scale drop disease virus]	Scale drop disease virus	Blastx
SRR22534752	NODE_7041_length_699_cov_2.750751	26.9	699	1066	0.209193	1.71e-09	acc|GENBANK|UMO79277.1|GENBANK|MZ420563|Para-aminobenzoate synthetase [Pandoravirus aubagnensis]	Pandoravirus aubagnensis	Blastx
SRR22534752	NODE_40021_length_474_cov_6.700680	33.3	474	2037	0.067747	1.73e-09	acc|GENBANK|ABG37663.1|GENBANK|DQ536170|CCHC-type integrase [Populus trichocarpa]	Populus trichocarpa	Blastx
SRR22534752	NODE_50276_length_278_cov_1.910204	37.5	278	264	0.333333	1.76e-09	acc|REFSEQ|YP_009173394.1|REFSEQ|NC_028094|Arginase [Chrysochromulina ericina virus]	Chrysochromulina ericina virus	Blastx
SRR22534752	NODE_35634_length_380_cov_2.769452	33.3	380	379	0.237467	1.78e-09	acc|GENBANK|AAT99858.1|GENBANK|AY598438|unknown [Diachasmimorpha longicaudata entomopoxvirus]	Diachasmimorpha longicaudata entomopoxvirus	Blastx
SRR22534752	NODE_35934_length_458_cov_5.011765	29.8	458	274	0.452555	1.79e-09	acc|GENBANK|ARF10338.1|GENBANK|KY684103|mitochondrial carrier protein [Hokovirus HKV1]	Hokovirus HKV1	Blastx
SRR22534752	NODE_49738_length_261_cov_4.105263	39.8	261	1058	0.083176	1.79e-09	acc|GENBANK|AAU95770.1|GENBANK|AY751524|topoisomerase II [Paramecium bursaria Chlorella virus Marburg 1]	Paramecium bursaria Chlorella virus Marburg 1	Blastx
SRR22534752	NODE_35726_length_241_cov_1.365385	44.7	241	498	0.152610	1.80e-09	acc|REFSEQ|YP_010781610.1|REFSEQ|NC_075039|hypothetical protein [Tupanvirus soda lake]	Tupanvirus soda lake	Blastx
SRR22534752	NODE_11532_length_1055_cov_20.409980	26.1	1055	343	0.548105	1.82e-09	acc|GENBANK|AYV82043.1|GENBANK|MK072335|lysophospholipid acyltransferase [Homavirus sp.]	Homavirus sp.	Blastx
SRR22534752	NODE_4384_length_642_cov_111.650246	72.2	642	36	1.000000	1.82e-09	acc|GENBANK|AUN43545.1|GENBANK|MG645696|RPSA [Myzomela eques]	Myzomela eques	Blastx
SRR22534752	NODE_8134_length_917_cov_11.242081	27.1	917	1125	0.170667	1.83e-09	acc|GENBANK|AYV86640.1|GENBANK|MK072511|sensory box sensor histidine kinase/response [Sylvanvirus sp.]	Sylvanvirus sp.	Blastx
SRR22534752	NODE_28184_length_269_cov_4.711864	50.0	269	288	0.194444	1.84e-09	acc|GENBANK|QMP82376.1|GENBANK|MT153362|hypothetical protein [red goblin roach virus 1]	red goblin roach virus 1	Blastx
SRR22534752	NODE_48515_length_220_cov_0.967914	50.9	220	613	0.089723	1.88e-09	acc|GENBANK|ADB85401.1|GENBANK|GQ252886|putative pollen-specific kinase [Phyllostachys edulis]	Phyllostachys edulis	Blastx
SRR22534752	NODE_34411_length_346_cov_5.287540	32.2	346	309	0.291262	1.92e-09	acc|GENBANK|ADX06043.1|GENBANK|HQ704802|putative ubiquitin specific peptidase C19 [Organic Lake phycodnavirus 1]	Organic Lake phycodnavirus 1	Blastx
SRR22534752	NODE_10188_length_816_cov_29.086845	30.3	816	116	1.051724	1.95e-09	acc|GENBANK|ARF08829.1|GENBANK|KY684083|ubiquitin-conjugating enzyme E2 [Catovirus CTV1]	Catovirus CTV1	Blastx
SRR22534752	NODE_46517_length_964_cov_7.253491	29.5	964	459	0.361656	2.04e-09	acc|GENBANK|BBI30359.1|GENBANK|AP018495|beta-galactosidase [Acanthamoeba castellanii medusavirus J1]	Acanthamoeba castellanii medusavirus J1	Blastx
SRR22534752	NODE_14486_length_751_cov_3.268802	64.6	751	242	0.198347	2.06e-09	acc|GENBANK|AGU70135.1|GENBANK|KF270089|integrase-type DNA-binding superfamily protein [Tarenaya hassleriana]	Tarenaya hassleriana	Blastx
SRR22534752	NODE_37239_length_353_cov_1.812500	34.8	353	925	0.124324	2.09e-09	acc|GENBANK|ABY48139.1|GENBANK|EU306659|NORK [Medicago truncatula]	Medicago truncatula	Blastx
SRR22534752	NODE_582_length_860_cov_112.698912	30.1	860	691	0.250362	2.17e-09	acc|GENBANK|QPB44212.1|GENBANK|MW018138|DEDDy 3'-5' exonuclease [Medusavirus stheno T3]	Medusavirus stheno T3	Blastx
SRR22534752	NODE_1290_length_1332_cov_22.454196	71.4	1332	82	0.426829	2.18e-09	acc|GENBANK|AAC00047.1|GENBANK|S75223|Int-6/LTR fusion protein [Mouse mammary tumor virus]	Mouse mammary tumor virus	Blastx
SRR22534752	NODE_41248_length_1169_cov_5.084507	20.9	1169	727	0.447043	2.23e-09	acc|GENBANK|ABY48138.1|GENBANK|EU306659|ABC transporter [Medicago truncatula]	Medicago truncatula	Blastx
SRR22534752	NODE_8058_length_253_cov_10.745455	47.5	253	300	0.203333	2.25e-09	acc|GENBANK|ARF11854.1|GENBANK|KY684109|serine/threonine protein kinase [Klosneuvirus KNV1]	Klosneuvirus KNV1	Blastx
SRR22534752	NODE_48946_length_236_cov_3.458128	41.1	236	478	0.152720	2.26e-09	acc|GENBANK|AAK84479.1|GENBANK|AF275345|putative auxin growth promotor protein [Solanum lycopersicum]	Solanum lycopersicum	Blastx
SRR22534752	NODE_10685_length_802_cov_14.977893	29.8	802	171	0.725146	2.27e-09	acc|REFSEQ|YP_001498055.1|REFSEQ|NC_009898|hypothetical protein [Paramecium bursaria Chlorella virus NY2A]	Paramecium bursaria Chlorella virus NY2A	Blastx
SRR22534752	NODE_19659_length_760_cov_5.422283	51.4	760	321	0.224299	2.30e-09	acc|GENBANK|WZO80455.1|GENBANK|PP681875|aspartate carbamoyltransferase [Chlorovirus sp.]	Chlorovirus sp.	Blastx
SRR22534752	NODE_47195_length_396_cov_16.074380	65.8	396	492	0.077236	2.34e-09	acc|GENBANK|QKF93763.1|GENBANK|MT418680|prolyl-tRNA synthetase class IIa archaeal-type [Fadolivirus FV1/VV64]	Fadolivirus FV1/VV64	Blastx
SRR22534752	NODE_106_length_308_cov_2.160000	38.2	308	258	0.294574	2.38e-09	acc|GENBANK|WMV02893.1|GENBANK|OP630990|alpha-tubulin [Diderma spumarioides]	Diderma spumarioides	Blastx
SRR22534752	NODE_48350_length_214_cov_1.939227	63.4	214	776	0.052835	2.39e-09	acc|GENBANK|ABY48135.1|GENBANK|EU306659|beta-D-xylosidase [Medicago truncatula]	Medicago truncatula	Blastx
SRR22534752	NODE_34643_length_461_cov_4.728972	40.0	461	318	0.298742	2.40e-09	acc|GENBANK|SPN78792.1|GENBANK|LT994652|D-3-phosphoglycerate dehydrogenase type 2 [Cedratvirus Zaza IHUMI]	Cedratvirus Zaza IHUMI	Blastx
SRR22534752	NODE_3651_length_370_cov_50.510386	36.1	370	498	0.244980	2.40e-09	acc|GENBANK|XHA59766.1|GENBANK|OR863077|thermosome [Poseidoniales virus]	Poseidoniales virus	Blastx
SRR22534752	NODE_17576_length_310_cov_6.548736	47.6	310	1263	0.049881	2.41e-09	acc|GENBANK|ABG37655.1|GENBANK|DQ536162|integrase [Populus trichocarpa]	Populus trichocarpa	Blastx
SRR22534752	NODE_8478_length_1781_cov_9.491419	28.0	1781	982	0.309572	2.42e-09	acc|GENBANK|APU88859.1|GENBANK|KX853510|DNA polymerase I-like protein [Virus Rctr197k]	Virus Rctr197k	Blastx
SRR22534752	NODE_29373_length_203_cov_0.935294	55.8	203	195	0.266667	2.44e-09	acc|GENBANK|AAB48345.1|GENBANK|L47188|reverse transcriptase [Arabidopsis thaliana]	Arabidopsis thaliana	Blastx
SRR22534752	NODE_15768_length_452_cov_1.116945	38.8	452	1196	0.071070	2.45e-09	acc|GENBANK|USI00836.1|GENBANK|ON753205|retrotransposon protein [Oryza sativa Japonica Group]	Oryza sativa Japonica Group	Blastx
SRR22534752	NODE_18900_length_271_cov_11.386555	63.2	271	96	0.395833	2.45e-09	acc|GENBANK|QBK88267.1|GENBANK|MK500382|RNA polymerase Rpb3/Rpb11 dimerization domain [Marseillevirus LCMAC202]	Marseillevirus LCMAC202	Blastx
SRR22534752	NODE_37180_length_218_cov_6.897297	58.7	218	815	0.056442	2.49e-09	acc|REFSEQ|YP_010782648.1|REFSEQ|NC_075039|elongation factor 2 [Tupanvirus soda lake]	Tupanvirus soda lake	Blastx
SRR22534752	NODE_36584_length_525_cov_4.211382	32.5	525	286	0.527972	2.56e-09	acc|GENBANK|QKF94218.1|GENBANK|MT418680|copine protein Ca(2+)-dependent [Fadolivirus FV1/VV64]	Fadolivirus FV1/VV64	Blastx
SRR22534752	NODE_12147_length_269_cov_53.936441	38.5	269	647	0.140649	2.58e-09	acc|GENBANK|AYV86775.1|GENBANK|MK072515|CMGC/MAPK protein kinase, variant 1 [Sylvanvirus sp.]	Sylvanvirus sp.	Blastx
SRR22534752	NODE_9098_length_1115_cov_20.597043	38.3	1115	263	0.437262	2.60e-09	acc|GENBANK|AYV76306.1|GENBANK|MK071983|hypothetical protein [Terrestrivirus sp.]	Terrestrivirus sp.	Blastx
SRR22534752	NODE_27622_length_504_cov_4.012739	54.7	504	478	0.110879	2.60e-09	acc|GENBANK|AAK84479.1|GENBANK|AF275345|putative auxin growth promotor protein [Solanum lycopersicum]	Solanum lycopersicum	Blastx
SRR22534752	NODE_27543_length_291_cov_2.236434	34.8	291	299	0.297659	2.60e-09	acc|GENBANK|UOG94093.1|NEIGHBOR|OM876856|serine threonine-protein phosphatase [Aureococcus anophagefferens virus]	Aureococcus anophagefferens virus	Blastx
SRR22534752	NODE_43741_length_560_cov_5.499051	27.2	560	1008	0.171627	2.61e-09	acc|REFSEQ|YP_009430141.1|REFSEQ|NC_022098|Threonylcarbamoyl AMP synthase [Pandoravirus salinus]	Pandoravirus salinus	Blastx
SRR22534752	NODE_9997_length_439_cov_1.758621	45.5	439	549	0.120219	2.68e-09	acc|GENBANK|WGU26815.1|GENBANK|OQ503488|pentatricopeptide repeat-containing protein [Triticum monococcum]	Triticum monococcum	Blastx
SRR22534752	NODE_4593_length_805_cov_68.235751	25.7	805	219	0.780822	2.69e-09	acc|GENBANK|AYV81269.1|GENBANK|MK072266|RNA recognition motif protein [Harvfovirus sp.]	Harvfovirus sp.	Blastx
SRR22534752	NODE_34615_length_445_cov_1.543689	33.9	445	467	0.252677	2.75e-09	acc|GENBANK|API81738.1|NEIGHBOR|KU052222|hypothetical protein [Cafeteriavirus-dependent mavirus]	Cafeteriavirus-dependent mavirus	Blastx
SRR22534752	NODE_12691_length_403_cov_2.275676	34.1	403	333	0.273273	2.78e-09	acc|GENBANK|QDY52116.1|GENBANK|MK250087|D-isomer specific 2-hydroxyacid dehydrogenase, [Mimiviridae sp. ChoanoV1]	Mimiviridae sp. ChoanoV1	Blastx
SRR22534752	NODE_26638_length_574_cov_2.268022	31.5	574	358	0.416201	2.83e-09	acc|REFSEQ|YP_010780072.1|REFSEQ|NC_075038|hypothetical protein [Tupanvirus deep ocean]	Tupanvirus deep ocean	Blastx
SRR22534752	NODE_39117_length_444_cov_2.343066	63.6	444	564	0.078014	2.86e-09	acc|GENBANK|AWA44801.1|GENBANK|MH182523|ATP-dependent 6-phosphofructokinase [Saccharum officinarum]	Saccharum officinarum	Blastx
SRR22534752	NODE_37142_length_451_cov_5.710526	35.1	451	457	0.205689	2.89e-09	acc|REFSEQ|YP_009481855.1|REFSEQ|NC_037666|Ring finger protein [Pandoravirus neocaledonia]	Pandoravirus neocaledonia	Blastx
SRR22534752	NODE_43869_length_528_cov_4.781818	33.6	528	2964	0.041161	2.94e-09	acc|REFSEQ|YP_009480677.1|REFSEQ|NC_037659|polyprotein [Botrytis cinerea hypovirus 1]	Botrytis cinerea hypovirus 1	Blastx
SRR22534752	NODE_42719_length_360_cov_5.443425	35.9	360	473	0.217759	2.94e-09	acc|GENBANK|ARF11468.1|GENBANK|KY684108|deoxyribodipyrimidine photolyase [Klosneuvirus KNV1]	Klosneuvirus KNV1	Blastx
SRR22534752	NODE_9916_length_960_cov_11.883495	29.5	960	323	0.452012	2.96e-09	acc|GENBANK|AYV87081.1|GENBANK|MK072529|putative fatty acid hydroxylase [Sylvanvirus sp.]	Sylvanvirus sp.	Blastx
SRR22534752	NODE_5738_length_326_cov_12.283276	31.8	326	4062	0.027080	2.98e-09	acc|GENBANK|QOR60750.1|GENBANK|MK522039|hypothetical protein [Bathycoccus sp. RCC716 virus 3]	Bathycoccus sp. RCC716 virus 3	Blastx
SRR22534752	NODE_49692_length_260_cov_1.026432	62.5	260	392	0.122449	2.98e-09	acc|GENBANK|ABV72583.1|GENBANK|EU155081|unknown [Oryza sativa Japonica Group]	Oryza sativa Japonica Group	Blastx
SRR22534752	NODE_6161_length_603_cov_2.180702	29.4	603	423	0.378251	2.99e-09	acc|GENBANK|CAA38181.1|GENBANK|X54284|phosphoglycerate kinase [Trichoderma viride]	Trichoderma viride	Blastx
SRR22534752	NODE_44803_length_447_cov_6.954106	31.0	447	337	0.335312	3.18e-09	acc|GENBANK|AYV76266.1|GENBANK|MK071983|ubiquitin carboxyl-terminal hydrolase 2 [Terrestrivirus sp.]	Terrestrivirus sp.	Blastx
SRR22534752	NODE_43168_length_577_cov_33.498162	47.2	577	78	0.923077	3.20e-09	acc|GENBANK|BDT62876.1|GENBANK|LC738879|ubiquitin [Trachysalambria curvirostris majanivirus]	Trachysalambria curvirostris majanivirus	Blastx
SRR22534752	NODE_48931_length_236_cov_1.152709	41.0	236	1490	0.052349	3.23e-09	acc|GENBANK|ADH59425.1|GENBANK|GU259618|Tsn1 [Triticum turgidum subsp. durum]	Triticum turgidum subsp. durum	Blastx
SRR22534752	NODE_12036_length_926_cov_23.417693	32.2	926	246	0.617886	3.24e-09	acc|GENBANK|AYV75709.1|GENBANK|MK071980|glutamine amidotransferase [Terrestrivirus sp.]	Terrestrivirus sp.	Blastx
SRR22534752	NODE_11803_length_546_cov_19.222222	40.5	546	87	0.850575	3.26e-09	acc|GENBANK|QKE50167.1|GENBANK|MN956669|YqaJ viral recombinase [Faustovirus]	Faustovirus	Blastx
SRR22534752	NODE_46200_length_542_cov_12.074656	34.3	542	403	0.253102	3.28e-09	acc|GENBANK|AYV82314.1|GENBANK|MK072360|translation initiation factor 4A-III [Homavirus sp.]	Homavirus sp.	Blastx
SRR22534752	NODE_680_length_276_cov_13.407407	52.9	276	77	0.662338	3.34e-09	acc|GENBANK|WRJ69532.1|GENBANK|OR001839|SANT superfamily protein [Oceanusvirus sp.]	Oceanusvirus sp.	Blastx
SRR22534752	NODE_14207_length_812_cov_9.901155	28.6	812	234	0.628205	3.38e-09	acc|GENBANK|CAZ69677.1|GENBANK|FN429076|putative protease [Emiliania huxleyi virus 99B1]	Emiliania huxleyi virus 99B1	Blastx
SRR22534752	NODE_31153_length_314_cov_1.704626	34.1	314	1656	0.054952	3.45e-09	acc|GENBANK|BCS82726.1|GENBANK|AP024483|putative serine/threonine-protein kinase [Cotonvirus japonicus]	Cotonvirus japonicus	Blastx
SRR22534752	NODE_35910_length_258_cov_2.515556	42.7	258	253	0.296443	3.45e-09	acc|GENBANK|QFG74715.1|GENBANK|MN448290|triosephosphate isomerase [Megaviridae environmental sample]	Megaviridae environmental sample	Blastx
SRR22534752	NODE_701_length_248_cov_133.865116	66.7	248	124	0.338710	3.46e-09	acc|GENBANK|QBK88266.1|GENBANK|MK500382|NifU-like protein [Marseillevirus LCMAC202]	Marseillevirus LCMAC202	Blastx
SRR22534752	NODE_46719_length_1515_cov_8.199055	25.6	1515	244	0.930328	3.55e-09	acc|GENBANK|AYV80590.1|GENBANK|MK072245|hypothetical protein [Harvfovirus sp.]	Harvfovirus sp.	Blastx
SRR22534752	NODE_35371_length_328_cov_3.000000	57.8	328	383	0.117493	3.58e-09	acc|GENBANK|ABD78329.1|GENBANK|DQ381441|polyprotein [Primula vulgaris]	Primula vulgaris	Blastx
SRR22534752	NODE_43515_length_536_cov_19.797217	54.4	536	644	0.105590	3.63e-09	acc|GENBANK|AGE55774.1|GENBANK|JX997174|potassium transporter [Acanthocystis turfacea Chlorella virus MN0810.1]	Acanthocystis turfacea Chlorella virus MN0810.1	Blastx
SRR22534752	NODE_41465_length_839_cov_11.071960	29.0	839	261	0.555556	3.79e-09	acc|REFSEQ|YP_009448556.1|REFSEQ|NC_036594|G protein alpha subunit [Orpheovirus IHUMI-LCC2]	Orpheovirus IHUMI-LCC2	Blastx
SRR22534752	NODE_9048_length_785_cov_6.043883	29.5	785	206	0.757282	3.81e-09	acc|GENBANK|AYV87120.1|GENBANK|MK072532|hypothetical protein [Sylvanvirus sp.]	Sylvanvirus sp.	Blastx
SRR22534752	NODE_12950_length_555_cov_55.465517	42.9	555	168	0.375000	3.81e-09	acc|GENBANK|AYV79707.1|GENBANK|MK072171|RING finger domain protein [Faunusvirus sp.]	Faunusvirus sp.	Blastx
SRR22534752	NODE_20670_length_205_cov_2.674419	49.1	205	588	0.090136	3.91e-09	acc|GENBANK|QOI90522.1|GENBANK|MT663539|hypothetical protein [Pyramimonas orientalis virus]	Pyramimonas orientalis virus	Blastx
SRR22534752	NODE_8003_length_718_cov_40.429197	33.3	718	109	0.935780	4.00e-09	acc|GENBANK|AVL94974.1|GENBANK|MG807320|thioredoxin [Moumouvirus australiensis]	Moumouvirus australiensis	Blastx
SRR22534752	NODE_36271_length_305_cov_2.330882	50.9	305	678	0.084071	4.04e-09	acc|GENBANK|CCQ71325.1|GENBANK|HF586476|hypothetical kinesin-like protein KIF3 [Cotesia congregata]	Cotesia congregata	Blastx
SRR22534752	NODE_21447_length_433_cov_3.092500	35.6	433	137	0.861314	4.13e-09	acc|GENBANK|QBK88217.1|GENBANK|MK500379|nucleoside diphosphate kinase [Marseillevirus LCMAC202]	Marseillevirus LCMAC202	Blastx
SRR22534752	NODE_11725_length_448_cov_2.000000	48.6	448	694	0.106628	4.15e-09	acc|GENBANK|ABG37656.1|GENBANK|DQ536163|integrase [Populus trichocarpa]	Populus trichocarpa	Blastx
SRR22534752	NODE_4203_length_635_cov_35.014950	27.7	635	346	0.500000	4.18e-09	acc|GENBANK|QKF94584.1|GENBANK|MT418680|villin/gelsolin repeat protein [Fadolivirus FV1/VV64]	Fadolivirus FV1/VV64	Blastx
SRR22534752	NODE_14352_length_728_cov_4.482014	28.8	728	234	0.696581	4.26e-09	acc|REFSEQ|YP_294107.1|REFSEQ|NC_007346|putative protease [Emiliania huxleyi virus 86]	Emiliania huxleyi virus 86	Blastx
SRR22534752	NODE_44767_length_765_cov_5.837432	37.4	765	276	0.329710	4.31e-09	acc|GENBANK|ABV29330.1|GENBANK|EU126948|truncated bromodomain-containing protein 2b [Danio rerio]	Danio rerio	Blastx
SRR22534752	NODE_44248_length_795_cov_9.335958	42.5	795	264	0.276515	4.44e-09	acc|REFSEQ|NP_064803.1|REFSEQ|NC_002520|inhibitor of apoptosis protein [Betaentomopoxvirus amoorei]	Betaentomopoxvirus amoorei	Blastx
SRR22534752	NODE_4664_length_556_cov_4.910134	31.3	556	288	0.399306	4.52e-09	acc|GENBANK|CAZ69354.1|GENBANK|FN429076|Longevity-assurance (LAG1) family protein [Emiliania huxleyi virus 99B1]	Emiliania huxleyi virus 99B1	Blastx
SRR22534752	NODE_25041_length_279_cov_45.105691	43.1	279	153	0.424837	4.59e-09	acc|GENBANK|QBK85952.1|GENBANK|MK500328|ubiquitin-conjugating enzyme E2 [Marseillevirus LCMAC101]	Marseillevirus LCMAC101	Blastx
SRR22534752	NODE_8981_length_873_cov_81.042857	64.8	873	131	0.412214	4.65e-09	acc|GENBANK|ULK74027.1|GENBANK|OL469143|polyprotein [Paslahepevirus balayani]	Paslahepevirus balayani	Blastx
SRR22534752	NODE_14666_length_634_cov_5.782030	33.3	634	1019	0.114818	4.77e-09	acc|GENBANK|ABZ80022.1|NEIGHBOR|EU410304|beta-D-galactosidase [synthetic Vaccinia virus]	synthetic Vaccinia virus	Blastx
SRR22534752	NODE_7027_length_1561_cov_84.318717	30.2	1561	131	0.732824	4.89e-09	acc|GENBANK|UOG94122.1|NEIGHBOR|OM876856|hypothetical protein [Aureococcus anophagefferens virus]	Aureococcus anophagefferens virus	Blastx
SRR22534752	NODE_3921_length_1225_cov_17.057047	31.8	1225	131	0.648855	4.92e-09	acc|GENBANK|UOG94122.1|NEIGHBOR|OM876856|hypothetical protein [Aureococcus anophagefferens virus]	Aureococcus anophagefferens virus	Blastx
SRR22534752	NODE_20974_length_565_cov_4.830827	25.5	565	885	0.207910	4.96e-09	acc|GENBANK|AMN82991.1|GENBANK|KU702948|putative glycosyl hydrolase [Faustovirus]	Faustovirus	Blastx
SRR22534752	NODE_29778_length_585_cov_1.860507	33.3	585	462	0.201299	5.01e-09	acc|GENBANK|QBK89036.1|GENBANK|MK500407|FLAP-like endonuclease XPG [Mimivirus LCMiAC02]	Mimivirus LCMiAC02	Blastx
SRR22534752	NODE_26978_length_226_cov_1.031088	56.0	226	557	0.089767	5.18e-09	acc|GENBANK|WGU26825.1|GENBANK|OQ503488|putative acyl-activating enzyme 5 [Triticum monococcum]	Triticum monococcum	Blastx
SRR22534752	NODE_46660_length_451_cov_16.612440	30.9	451	158	0.512658	5.23e-09	acc|GENBANK|AYV75779.1|GENBANK|MK071981|putative thioredoxin domain-containing protein [Terrestrivirus sp.]	Terrestrivirus sp.	Blastx
SRR22534752	NODE_6498_length_240_cov_1.951691	41.1	240	191	0.382199	5.31e-09	acc|GENBANK|AAK16153.1|GENBANK|AF326577|anthocyanin regulatory B protein [Zea mays]	Zea mays	Blastx
SRR22534752	NODE_24948_length_703_cov_2.623881	41.6	703	727	0.122421	5.36e-09	acc|GENBANK|ABY48138.1|GENBANK|EU306659|ABC transporter [Medicago truncatula]	Medicago truncatula	Blastx
SRR22534752	NODE_17518_length_1120_cov_27.013799	26.9	1120	249	1.016064	5.51e-09	acc|GENBANK|ACD54816.1|GENBANK|EU643495|carbonyl reductase-like protein [Adineta vaga]	Adineta vaga	Blastx
SRR22534752	NODE_19035_length_597_cov_38.819149	32.4	597	468	0.290598	5.51e-09	acc|GENBANK|ARF10845.1|GENBANK|KY684105|ubiquitin carboxyl-terminal hydrolase [Hokovirus HKV1]	Hokovirus HKV1	Blastx
SRR22534752	NODE_10783_length_255_cov_68.936937	45.9	255	459	0.132898	5.52e-09	acc|GENBANK|BBI30359.1|GENBANK|AP018495|beta-galactosidase [Acanthamoeba castellanii medusavirus J1]	Acanthamoeba castellanii medusavirus J1	Blastx
SRR22534752	NODE_10342_length_211_cov_2.382022	47.3	211	776	0.070876	5.86e-09	acc|GENBANK|ABY48135.1|GENBANK|EU306659|beta-D-xylosidase [Medicago truncatula]	Medicago truncatula	Blastx
SRR22534752	NODE_7439_length_369_cov_23.395833	34.4	369	447	0.214765	5.96e-09	acc|REFSEQ|NP_077596.1|REFSEQ|NC_002687|serine-threonine kinase [Ectocarpus siliculosus virus 1]	Ectocarpus siliculosus virus 1	Blastx
SRR22534752	NODE_11709_length_1218_cov_19.578059	28.7	1218	727	0.258597	5.99e-09	acc|GENBANK|ADB85269.1|GENBANK|GQ252805|putative lectin-like protein kinase [Phyllostachys edulis]	Phyllostachys edulis	Blastx
SRR22534752	NODE_13633_length_631_cov_9.262542	29.4	631	767	0.177314	6.00e-09	acc|GENBANK|QBK88429.1|GENBANK|MK500389|S9 family peptidase [Mimivirus LCMiAC01]	Mimivirus LCMiAC01	Blastx
SRR22534752	NODE_31920_length_540_cov_4.055227	45.5	540	86	0.639535	6.00e-09	acc|GENBANK|QBK88314.1|GENBANK|MK500385|iron-sulfur cluster biosynthesis protein [Marseillevirus LCMAC202]	Marseillevirus LCMAC202	Blastx
SRR22534752	NODE_23917_length_283_cov_2.724000	36.5	283	1333	0.063766	6.02e-09	acc|GENBANK|AAA75254.1|GENBANK|L47193|reverse transcriptase [Arabidopsis thaliana]	Arabidopsis thaliana	Blastx
SRR22534752	NODE_41504_length_796_cov_4.458716	38.0	796	236	0.334746	6.08e-09	acc|GENBANK|UKS51800.1|GENBANK|OK336705|laccase [Allium cepa]	Allium cepa	Blastx
SRR22534752	NODE_20256_length_1101_cov_14.103933	25.4	1101	291	0.580756	6.16e-09	acc|GENBANK|ARF10918.1|GENBANK|KY684105|inositol 1, 3, 4-trisphosphate 5/6-kinase [Hokovirus HKV1]	Hokovirus HKV1	Blastx
SRR22534752	NODE_38960_length_281_cov_1.322581	43.0	281	327	0.305810	6.51e-09	acc|GENBANK|QFG73901.1|GENBANK|MN448274|papain family cysteine protease [Megaviridae environmental sample]	Megaviridae environmental sample	Blastx
SRR22534752	NODE_42800_length_698_cov_6.222556	31.2	698	261	0.540230	6.67e-09	acc|GENBANK|AYV79236.1|GENBANK|MK072137|serine/threonine protein phosphatase [Faunusvirus sp.]	Faunusvirus sp.	Blastx
SRR22534752	NODE_14340_length_673_cov_3.346875	32.7	673	277	0.397112	6.69e-09	acc|GENBANK|ARF09735.1|GENBANK|KY684086|aldo/keto reductase family protein [Indivirus ILV1]	Indivirus ILV1	Blastx
SRR22534752	NODE_29118_length_437_cov_1.831683	77.5	437	741	0.053981	6.88e-09	acc|GENBANK|WOA03171.1|GENBANK|OR637870|truncated WD40 protein PH13-H3 [Glycine max]	Glycine max	Blastx
SRR22534752	NODE_17060_length_416_cov_2.916449	35.4	416	447	0.214765	6.97e-09	acc|REFSEQ|NP_077596.1|REFSEQ|NC_002687|serine-threonine kinase [Ectocarpus siliculosus virus 1]	Ectocarpus siliculosus virus 1	Blastx
SRR22534752	NODE_45384_length_711_cov_7.616519	34.5	711	294	0.404762	6.98e-09	acc|GENBANK|XCJ76969.1|GENBANK|PP728250|mRNA capping enzyme [Micromonas polaris virus]	Micromonas polaris virus	Blastx
SRR22534752	NODE_13442_length_546_cov_17.606238	51.1	546	239	0.196653	7.16e-09	acc|GENBANK|AYV83988.1|GENBANK|MK072397|RING/U-box superfamily protein [Hyperionvirus sp.]	Hyperionvirus sp.	Blastx
SRR22534752	NODE_14190_length_550_cov_39.825919	26.3	550	525	0.405714	7.23e-09	acc|GENBANK|BDV49870.1|GENBANK|AP027153|RCBTB1-like protein [Metapenaeopsis lamellata majanivirus]	Metapenaeopsis lamellata majanivirus	Blastx
SRR22534752	NODE_19680_length_595_cov_5.866548	27.7	595	321	0.607477	7.27e-09	acc|GENBANK|QIN54144.1|GENBANK|MN873693|D-3-phosphoglycerate dehydrogenase [Cedratvirus kamchatka]	Cedratvirus kamchatka	Blastx
SRR22534752	NODE_5254_length_1461_cov_79.719188	45.9	1461	77	0.961039	7.38e-09	acc|GENBANK|CAK7597097.1|GENBANK|OZ003748|Ubiquitin-like superfamily domain-containing [Catovirus sp. 'naegleriensis']	Catovirus sp. 'naegleriensis'	Blastx
SRR22534752	NODE_81_length_597_cov_3.370567	29.9	597	321	0.479751	7.42e-09	acc|GENBANK|AYV82329.1|GENBANK|MK072362|fructose-1,6-bisphosphatase, cytosolic-like [Homavirus sp.]	Homavirus sp.	Blastx
SRR22534752	NODE_17816_length_945_cov_14.653509	25.4	945	627	0.333333	7.44e-09	acc|GENBANK|ARF09181.1|GENBANK|KY684084|AMP-binding enzyme [Catovirus CTV1]	Catovirus CTV1	Blastx
SRR22534752	NODE_45165_length_993_cov_4.850000	28.2	993	249	0.827309	7.60e-09	acc|GENBANK|ACD54816.1|GENBANK|EU643495|carbonyl reductase-like protein [Adineta vaga]	Adineta vaga	Blastx
SRR22534752	NODE_17899_length_576_cov_8.081031	27.8	576	377	0.466844	7.67e-09	acc|GENBANK|AYV84291.1|GENBANK|MK072403|putative galacturonosyltransferase 6-like [Hyperionvirus sp.]	Hyperionvirus sp.	Blastx
SRR22534752	NODE_3023_length_282_cov_3.726908	41.4	282	453	0.154525	7.69e-09	acc|GENBANK|QKF93858.1|GENBANK|MT418680|HD phosphohydrolase [Fadolivirus FV1/VV64]	Fadolivirus FV1/VV64	Blastx
SRR22534752	NODE_48801_length_231_cov_1.020202	41.3	231	727	0.103164	7.76e-09	acc|GENBANK|ABY48138.1|GENBANK|EU306659|ABC transporter [Medicago truncatula]	Medicago truncatula	Blastx
SRR22534752	NODE_7193_length_721_cov_8.138081	30.6	721	305	0.557377	7.89e-09	acc|GENBANK|QIH04953.1|GENBANK|MK867691|acetyltransferase [Dasineura jujubifolia toursvirus 2a]	Dasineura jujubifolia toursvirus 2a	Blastx
SRR22534752	NODE_49641_length_258_cov_1.035556	35.2	258	559	0.157424	7.95e-09	acc|GENBANK|AYV76247.1|GENBANK|MK071983|xaa-Pro dipeptidase-like protein [Terrestrivirus sp.]	Terrestrivirus sp.	Blastx
SRR22534752	NODE_15407_length_285_cov_1.857143	33.0	285	490	0.185714	8.05e-09	acc|GENBANK|AYV84617.1|GENBANK|MK072413|choline dehydrogenase [Hyperionvirus sp.]	Hyperionvirus sp.	Blastx
SRR22534752	NODE_19741_length_841_cov_5.618812	28.9	841	202	0.925743	8.53e-09	acc|GENBANK|QBK92408.1|GENBANK|MK500577|HhH-GPD superfamily base excision DNA repair [Pithovirus LCPAC401]	Pithovirus LCPAC401	Blastx
SRR22534752	NODE_21324_length_240_cov_2.801932	44.9	240	678	0.115044	8.71e-09	acc|GENBANK|CCQ71325.1|GENBANK|HF586476|hypothetical kinesin-like protein KIF3 [Cotesia congregata]	Cotesia congregata	Blastx
SRR22534752	NODE_26175_length_288_cov_3.854902	33.7	288	293	0.344710	8.79e-09	acc|GENBANK|QFG75012.1|GENBANK|MN448296|protein kinase domain protein [Megaviridae environmental sample]	Megaviridae environmental sample	Blastx
SRR22534752	NODE_10826_length_452_cov_27.620525	48.2	452	364	0.153846	8.97e-09	acc|REFSEQ|YP_002268053.1|REFSEQ|NC_011345|agip23 [Agrotis ipsilon multiple nucleopolyhedrovirus]	Agrotis ipsilon multiple nucleopolyhedrovirus	Blastx
SRR22534752	NODE_33050_length_252_cov_1.365297	39.3	252	334	0.251497	8.98e-09	acc|REFSEQ|YP_010782262.1|REFSEQ|NC_075039|UDP-glucose 4-epimerase [Tupanvirus soda lake]	Tupanvirus soda lake	Blastx
SRR22534752	NODE_19647_length_534_cov_5.504990	29.6	534	332	0.560241	9.04e-09	acc|GENBANK|QBK87894.1|GENBANK|MK500371|polyprenyl synthetase [Marseillevirus LCMAC202]	Marseillevirus LCMAC202	Blastx
SRR22534752	NODE_14907_length_472_cov_4.072893	47.1	472	315	0.215873	9.32e-09	acc|REFSEQ|YP_009174918.1|REFSEQ|NC_028112|hypothetical protein [Yellowstone lake phycodnavirus 1]	Yellowstone lake phycodnavirus 1	Blastx
SRR22534752	NODE_21829_length_222_cov_1.820106	41.1	222	686	0.081633	9.38e-09	acc|GENBANK|WNO13952.1|GENBANK|OQ968299|coat protein [Guapo partitivirus]	Guapo partitivirus	Blastx
SRR22534752	NODE_15393_length_1275_cov_8.039452	28.3	1275	509	0.471513	9.41e-09	acc|GENBANK|UZE89778.1|GENBANK|ON704650|GTA [Parapoynx stagnalis nucleopolyhedrovirus]	Parapoynx stagnalis nucleopolyhedrovirus	Blastx
SRR22534752	NODE_18812_length_352_cov_5.329154	40.0	352	249	0.321285	9.60e-09	acc|GENBANK|ACD54816.1|GENBANK|EU643495|carbonyl reductase-like protein [Adineta vaga]	Adineta vaga	Blastx
SRR22534752	NODE_1783_length_925_cov_8.382287	28.9	925	343	0.565598	9.71e-09	acc|GENBANK|AYV82043.1|GENBANK|MK072335|lysophospholipid acyltransferase [Homavirus sp.]	Homavirus sp.	Blastx
SRR22534752	NODE_42360_length_325_cov_6.280822	39.8	325	925	0.105946	9.88e-09	acc|GENBANK|ABY48139.1|GENBANK|EU306659|NORK [Medicago truncatula]	Medicago truncatula	Blastx
SRR22534752	NODE_26628_length_390_cov_3.002801	51.0	390	417	0.122302	9.95e-09	acc|GENBANK|QBK89261.1|GENBANK|MK500411|DEAD/SNF2-like helicase [Mimivirus LCMiAC02]	Mimivirus LCMiAC02	Blastx
SRR22534752	NODE_50244_length_277_cov_0.959016	35.2	277	571	0.159370	9.98e-09	acc|GENBANK|QDY51783.1|GENBANK|MK250085|hypothetical protein [Mimiviridae sp. ChoanoV1]	Mimiviridae sp. ChoanoV1	Blastx
SRR22534752	NODE_14940_length_515_cov_2.572614	32.1	515	268	0.302239	1.00e-08	acc|REFSEQ|YP_010781747.1|REFSEQ|NC_075039|RING finger domain protein [Tupanvirus soda lake]	Tupanvirus soda lake	Blastx
SRR22534752	NODE_15138_length_252_cov_2.913242	40.6	252	571	0.120841	1.01e-08	acc|GENBANK|QDY51783.1|GENBANK|MK250085|hypothetical protein [Mimiviridae sp. ChoanoV1]	Mimiviridae sp. ChoanoV1	Blastx
SRR22534752	NODE_39220_length_558_cov_4.855238	29.5	558	466	0.276824	1.02e-08	acc|GENBANK|ARF10066.1|GENBANK|KY684095|hypothetical protein [Indivirus ILV1]	Indivirus ILV1	Blastx
SRR22534752	NODE_15611_length_359_cov_1.435583	36.4	359	638	0.103448	1.02e-08	acc|GENBANK|QBK87811.1|GENBANK|MK500370|Hsp70 protein [Marseillevirus LCMAC202]	Marseillevirus LCMAC202	Blastx
SRR22534752	NODE_30633_length_208_cov_1.165714	58.3	208	616	0.077922	1.04e-08	acc|GENBANK|ADB85425.1|GENBANK|GQ252887|putative retrotransposon protein [Phyllostachys edulis]	Phyllostachys edulis	Blastx
SRR22534752	NODE_3433_length_233_cov_115.115000	68.3	233	783	0.052363	1.06e-08	acc|GENBANK|QFG73724.1|GENBANK|MN448270|Hsp90 protein [Megaviridae environmental sample]	Megaviridae environmental sample	Blastx
SRR22534752	NODE_18694_length_576_cov_10.292818	38.5	576	182	0.500000	1.09e-08	acc|GENBANK|XDG19105.1|GENBANK|PQ069217|SET [Sand tiger adomavirus 1]	Sand tiger adomavirus 1	Blastx
SRR22534752	NODE_39330_length_260_cov_2.528634	47.7	260	604	0.107616	1.09e-08	acc|GENBANK|ABH08432.1|GENBANK|DQ851167|putative non-inducible immunity 1 [Beta vulgaris]	Beta vulgaris	Blastx
SRR22534752	NODE_41577_length_699_cov_6.424925	31.8	699	222	0.594595	1.13e-08	acc|GENBANK|QFU19900.1|NEIGHBOR|MN160329|pV1 [European wheat striate mosaic virus]	European wheat striate mosaic virus	Blastx
SRR22534752	NODE_25744_length_339_cov_1.078431	32.7	339	558	0.197133	1.13e-08	acc|GENBANK|QDY52220.1|GENBANK|MK250089|ABC transporter [Mimiviridae sp. ChoanoV1]	Mimiviridae sp. ChoanoV1	Blastx
SRR22534752	NODE_46462_length_527_cov_9.354251	41.2	527	335	0.289552	1.16e-08	acc|GENBANK|ABY48132.1|GENBANK|EU306659|GH1 protein [Medicago truncatula]	Medicago truncatula	Blastx
SRR22534752	NODE_18376_length_519_cov_23.183128	29.2	519	1040	0.161538	1.17e-08	acc|REFSEQ|YP_010780932.1|REFSEQ|NC_075038|putative ATP-citrate synthase isoform X3 [Tupanvirus deep ocean]	Tupanvirus deep ocean	Blastx
SRR22534752	NODE_14468_length_345_cov_2.474359	32.1	345	535	0.198131	1.20e-08	acc|REFSEQ|YP_008319316.1|REFSEQ|NC_021858|Cytochrome P450 [Pandoravirus dulcis]	Pandoravirus dulcis	Blastx
SRR22534752	NODE_27262_length_510_cov_7.379455	35.1	510	225	0.431111	1.22e-08	acc|GENBANK|ARF08669.1|GENBANK|KY684083|2OG-FeII oxygenase superfamily protein [Catovirus CTV1]	Catovirus CTV1	Blastx
SRR22534752	NODE_42591_length_509_cov_7.823529	48.4	509	308	0.207792	1.23e-08	acc|GENBANK|AFV13468.1|GENBANK|JQ314449|ring-H2 zinc finger protein [Coix lacryma-jobi]	Coix lacryma-jobi	Blastx
SRR22534752	NODE_47014_length_984_cov_15.086225	49.0	984	268	0.182836	1.24e-08	acc|REFSEQ|YP_010781747.1|REFSEQ|NC_075039|RING finger domain protein [Tupanvirus soda lake]	Tupanvirus soda lake	Blastx
SRR22534752	NODE_33234_length_329_cov_4.858108	34.7	329	383	0.255875	1.25e-08	acc|GENBANK|AJA91762.1|GENBANK|KM434202|dihydroflavonol 4-reductase [Allium cepa]	Allium cepa	Blastx
SRR22534752	NODE_4092_length_494_cov_20.240781	88.6	494	1769	0.019785	1.29e-08	acc|GENBANK|QHI01830.1|GENBANK|MN646693|ORF1 protein [Hepatitis E virus]	Hepatitis E virus	Blastx
SRR22534752	NODE_14221_length_1297_cov_6.643196	39.4	1297	518	0.210425	1.32e-08	acc|GENBANK|QPI16131.1|GENBANK|MW030532|hypothetical protein [Virus NIOZ-UU157]	Virus NIOZ-UU157	Blastx
SRR22534752	NODE_5991_length_332_cov_29.849498	39.3	332	449	0.187082	1.35e-08	acc|GENBANK|AGE57571.1|GENBANK|JX997180|hypothetical protein [Acanthocystis turfacea Chlorella virus NTS-1]	Acanthocystis turfacea Chlorella virus NTS-1	Blastx
SRR22534752	NODE_27191_length_226_cov_3.466321	41.8	226	947	0.070750	1.35e-08	acc|GENBANK|BCS83008.1|GENBANK|AP024483|heat shock 70 kda protein-like protein [Cotonvirus japonicus]	Cotonvirus japonicus	Blastx
SRR22534752	NODE_48710_length_228_cov_2.400000	42.6	228	484	0.140496	1.37e-08	acc|GENBANK|AYV77733.1|GENBANK|MK072066|CYP86A7 [Edafosvirus sp.]	Edafosvirus sp.	Blastx
SRR22534752	NODE_37698_length_303_cov_5.125926	34.0	303	752	0.125000	1.41e-08	acc|GENBANK|AYV76414.1|GENBANK|MK071984|HrpA-like RNA helicase [Terrestrivirus sp.]	Terrestrivirus sp.	Blastx
SRR22534752	NODE_491_length_1023_cov_9.974747	21.9	1023	3855	0.088716	1.42e-08	acc|GENBANK|BDF97665.1|GENBANK|LC671617|polyprotein [Rhizopus microsporus endornavirus 2]	Rhizopus microsporus endornavirus 2	Blastx
SRR22534752	NODE_11817_length_415_cov_12.227749	45.3	415	953	0.067156	1.44e-08	acc|GENBANK|ACB28472.1|GENBANK|EU522675|polyprotein [Ananas comosus]	Ananas comosus	Blastx
SRR22534752	NODE_42945_length_546_cov_8.514620	29.6	546	137	0.715328	1.44e-08	acc|GENBANK|AYV80970.1|GENBANK|MK072254|glyoxal reductase [Harvfovirus sp.]	Harvfovirus sp.	Blastx
SRR22534752	NODE_5594_length_907_cov_52.254005	28.1	907	278	0.794964	1.45e-08	acc|GENBANK|QGR54164.1|GENBANK|MK978772|spfh domain-containing protein [Moumouvirus maliensis]	Moumouvirus maliensis	Blastx
SRR22534752	NODE_33453_length_389_cov_1.426966	42.3	389	861	0.082462	1.46e-08	acc|REFSEQ|YP_656628.1|REFSEQ|NC_008210|ORF120 [Ranid herpesvirus 2]	Ranid herpesvirus 2	Blastx
SRR22534752	NODE_21588_length_664_cov_28.415214	35.3	664	120	0.991667	1.47e-08	acc|GENBANK|WZO77242.1|GENBANK|PP681867|fibernectin-binding protein [Chlorovirus sp.]	Chlorovirus sp.	Blastx
SRR22534752	NODE_40113_length_659_cov_4.809904	38.9	659	478	0.188285	1.56e-08	acc|GENBANK|AAK84479.1|GENBANK|AF275345|putative auxin growth promotor protein [Solanum lycopersicum]	Solanum lycopersicum	Blastx
SRR22534752	NODE_20097_length_790_cov_3.903567	50.0	790	214	0.233645	1.56e-08	acc|GENBANK|QBK88040.1|GENBANK|MK500373|resolvase [Marseillevirus LCMAC202]	Marseillevirus LCMAC202	Blastx
SRR22534752	NODE_37991_length_215_cov_3.093407	45.8	215	925	0.063784	1.57e-08	acc|GENBANK|ABY48139.1|GENBANK|EU306659|NORK [Medicago truncatula]	Medicago truncatula	Blastx
SRR22534752	NODE_17019_length_202_cov_2.260355	47.3	202	125	0.440000	1.59e-08	acc|GENBANK|XBU76860.1|GENBANK|PP874930|zinc finger BED domain-containing protein [Caulimovirus sp.]	Caulimovirus sp.	Blastx
SRR22534752	NODE_6245_length_813_cov_3.870513	33.0	813	525	0.201905	1.64e-08	acc|REFSEQ|YP_009482017.1|REFSEQ|NC_037666|Cytochrome P450 [Pandoravirus neocaledonia]	Pandoravirus neocaledonia	Blastx
SRR22534752	NODE_10874_length_803_cov_27.614286	37.8	803	268	0.444030	1.64e-08	acc|GENBANK|AYV77759.1|GENBANK|MK072066|hypothetical protein [Edafosvirus sp.]	Edafosvirus sp.	Blastx
SRR22534752	NODE_49990_length_268_cov_0.995745	58.1	268	276	0.155797	1.65e-08	acc|GENBANK|ABG22123.1|GENBANK|DQ644601|polyprotein [Prunus avium]	Prunus avium	Blastx
SRR22534752	NODE_2003_length_1115_cov_9.708872	27.9	1115	575	0.342609	1.66e-08	acc|GENBANK|CAE02704.1|GENBANK|AJ575660|putative sugar transporter [Yarrowia lipolytica]	Yarrowia lipolytica	Blastx
SRR22534752	NODE_28360_length_348_cov_1.765079	32.7	348	544	0.207721	1.69e-08	acc|GENBANK|QKF93749.1|GENBANK|MT418680|ABC transporter type 1 transmembrane domain [Fadolivirus FV1/VV64]	Fadolivirus FV1/VV64	Blastx
SRR22534752	NODE_24124_length_405_cov_1.768817	36.4	405	644	0.183230	1.71e-08	acc|GENBANK|AGE49283.1|GENBANK|JX997155|potassium transporter [Acanthocystis turfacea Chlorella virus Br0604L]	Acanthocystis turfacea Chlorella virus Br0604L	Blastx
SRR22534752	NODE_31598_length_207_cov_2.689655	60.0	207	144	0.347222	1.77e-08	acc|GENBANK|WZH61589.1|GENBANK|PP173858|putative capsid protein [Sonafor virus]	Sonafor virus	Blastx
SRR22534752	NODE_34705_length_436_cov_2.002481	38.2	436	925	0.118919	1.78e-08	acc|GENBANK|ABY48139.1|GENBANK|EU306659|NORK [Medicago truncatula]	Medicago truncatula	Blastx
SRR22534752	NODE_5676_length_244_cov_5.715640	40.6	244	292	0.236301	1.83e-08	acc|GENBANK|ARR74995.1|GENBANK|KY565523|hypothetical protein [Mimivirus AB-566-O17]	Mimivirus AB-566-O17	Blastx
SRR22534752	NODE_26259_length_328_cov_6.610169	48.4	328	623	0.102729	1.85e-08	acc|GENBANK|BAL14837.1|GENBANK|AB682995|endo-1,4-b-D-glucanase [Oryza sativa Japonica Group]	Oryza sativa Japonica Group	Blastx
SRR22534752	NODE_33791_length_301_cov_1.951493	44.0	301	679	0.110457	1.85e-08	acc|GENBANK|QIG60138.1|GENBANK|MN940580|ATP-dependent zinc metalloprotease [Dishui Lake large algae virus 1]	Dishui Lake large algae virus 1	Blastx
SRR22534752	NODE_45950_length_863_cov_6.944578	39.8	863	956	0.086820	1.90e-08	acc|GENBANK|AYV83619.1|GENBANK|MK072391|ubiquitin-like modifier-activating enzyme 1 [Hyperionvirus sp.]	Hyperionvirus sp.	Blastx
SRR22534752	NODE_46204_length_670_cov_13.987441	30.6	670	182	0.989011	1.93e-08	acc|REFSEQ|YP_010782638.1|REFSEQ|NC_075039|nicotinamidase [Tupanvirus soda lake]	Tupanvirus soda lake	Blastx
SRR22534752	NODE_50442_length_335_cov_1.549669	32.4	335	494	0.206478	1.93e-08	acc|GENBANK|CAA72988.1|GENBANK|Y12321|SLG-Sc [Brassica oleracea var. viridis]	Brassica oleracea var. viridis	Blastx
SRR22534752	NODE_3632_length_258_cov_10.102222	35.2	258	547	0.160878	2.03e-08	acc|GENBANK|AYV86548.1|GENBANK|MK072509|hypothetical protein [Sylvanvirus sp.]	Sylvanvirus sp.	Blastx
SRR22534752	NODE_16515_length_1426_cov_28.371141	54.0	1426	689	0.072569	2.04e-08	acc|GENBANK|QGR54165.1|GENBANK|MK978772|phosphatidylinositol kinase [Moumouvirus maliensis]	Moumouvirus maliensis	Blastx
SRR22534752	NODE_7652_length_455_cov_35.023697	38.3	455	720	0.112500	2.06e-08	acc|GENBANK|ARF11650.1|GENBANK|KY684109|HrpA-like RNA helicase [Klosneuvirus KNV1]	Klosneuvirus KNV1	Blastx
SRR22534752	NODE_39791_length_1137_cov_6.349638	30.1	1137	379	0.403694	2.08e-08	acc|GENBANK|AAT99858.1|GENBANK|AY598438|unknown [Diachasmimorpha longicaudata entomopoxvirus]	Diachasmimorpha longicaudata entomopoxvirus	Blastx
SRR22534752	NODE_18698_length_823_cov_2.892405	48.4	823	925	0.067027	2.09e-08	acc|GENBANK|ABY48139.1|GENBANK|EU306659|NORK [Medicago truncatula]	Medicago truncatula	Blastx
SRR22534752	NODE_49927_length_267_cov_2.000000	39.2	267	354	0.223164	2.10e-08	acc|GENBANK|WZO88956.1|GENBANK|PP681897|D-lactate dehydrogenase [Chlorovirus sp.]	Chlorovirus sp.	Blastx
SRR22534752	NODE_29804_length_235_cov_0.945545	53.1	235	1475	0.033220	2.10e-08	acc|GENBANK|ADP20179.1|GENBANK|GU136550|gag-pol polyprotein [Silene latifolia]	Silene latifolia	Blastx
SRR22534752	NODE_17907_length_1548_cov_8.757756	20.4	1548	927	0.444444	2.14e-08	acc|GENBANK|QKF94201.1|GENBANK|MT418680|P-type ATPase subfamily IV [Fadolivirus FV1/VV64]	Fadolivirus FV1/VV64	Blastx
SRR22534752	NODE_2419_length_993_cov_18.119792	47.7	993	77	0.844156	2.14e-08	acc|GENBANK|WRJ69532.1|GENBANK|OR001839|SANT superfamily protein [Oceanusvirus sp.]	Oceanusvirus sp.	Blastx
SRR22534752	NODE_13989_length_317_cov_3.285211	51.0	317	832	0.058894	2.24e-08	acc|GENBANK|BAD00047.1|GENBANK|AB119282|Fusion protein, Feo [Hepacivirus hominis]	Hepacivirus hominis	Blastx
SRR22534752	NODE_25243_length_834_cov_5.047441	34.8	834	461	0.242950	2.26e-08	acc|GENBANK|XDO02361.1|GENBANK|PP542043|Long-Chain Fatty Acid--Coa Ligase [Florenciella sp. virus SA2]	Florenciella sp. virus SA2	Blastx
SRR22534752	NODE_10609_length_1060_cov_18.033106	31.6	1060	322	0.481366	2.32e-08	acc|GENBANK|QFG74515.1|GENBANK|MN448289|signal peptide peptidase [Megaviridae environmental sample]	Megaviridae environmental sample	Blastx
SRR22534752	NODE_18411_length_1893_cov_8.406452	32.4	1893	250	0.420000	2.35e-08	acc|GENBANK|AAG13370.1|GENBANK|AF268177|polyprotein [Bovine viral diarrhea virus 2]	Bovine viral diarrhea virus 2	Blastx
SRR22534752	NODE_38523_length_404_cov_4.024259	57.6	404	896	0.065848	2.35e-08	acc|GENBANK|QCC26837.1|GENBANK|MK532524|RLX_Jeli-encoded protein [Zea mays]	Zea mays	Blastx
SRR22534752	NODE_4600_length_633_cov_19.460000	35.6	633	455	0.197802	2.37e-08	acc|GENBANK|QFG73745.1|GENBANK|MN448270|elongation factor Tu GTP binding domain protein [Megaviridae environmental sample]	Megaviridae environmental sample	Blastx
SRR22534752	NODE_24001_length_373_cov_7.144118	40.7	373	151	0.357616	2.37e-08	acc|GENBANK|QBK85057.1|GENBANK|MK500302|ubiquitin-protein ligase [Pithovirus LCDPAC02]	Pithovirus LCDPAC02	Blastx
SRR22534752	NODE_32137_length_207_cov_1.373563	39.1	207	321	0.214953	2.40e-08	acc|GENBANK|WNO44371.1|NEIGHBOR|OR240231|Movement protein [Dahlia mosaic virus]	Dahlia mosaic virus	Blastx
SRR22534752	NODE_16160_length_304_cov_3.380074	32.6	304	401	0.359102	2.46e-08	acc|GENBANK|ACG36640.1|GENBANK|EU964522|retrotransposon protein [Zea mays]	Zea mays	Blastx
SRR22534752	NODE_32732_length_222_cov_2.333333	53.6	222	2037	0.027491	2.46e-08	acc|GENBANK|ABG37663.1|GENBANK|DQ536170|CCHC-type integrase [Populus trichocarpa]	Populus trichocarpa	Blastx
SRR22534752	NODE_29440_length_202_cov_1.857988	75.0	202	764	0.047120	2.47e-08	acc|GENBANK|UZH25335.1|GENBANK|OL695857|ORF2 [Mamastrovirus 3]	Mamastrovirus 3	Blastx
SRR22534752	NODE_5141_length_1241_cov_31.267384	62.3	1241	213	0.248826	2.48e-08	acc|GENBANK|ACI00359.1|GENBANK|FJ173823|ZCCT2-B2a [Triticum turgidum]	Triticum turgidum	Blastx
SRR22534752	NODE_27866_length_612_cov_3.050086	26.4	612	375	0.474667	2.48e-08	acc|GENBANK|QBK87879.1|GENBANK|MK500370|aminotransferase class-V [Marseillevirus LCMAC202]	Marseillevirus LCMAC202	Blastx
SRR22534752	NODE_13451_length_529_cov_8.120968	40.9	529	155	0.425806	2.52e-08	acc|GENBANK|AYV78695.1|GENBANK|MK072090|hypothetical protein [Edafosvirus sp.]	Edafosvirus sp.	Blastx
SRR22534752	NODE_6390_length_250_cov_2.857143	52.2	250	1484	0.045148	2.57e-08	acc|GENBANK|AUF82600.1|GENBANK|KY322437|DNA-directed RNA polymerase II subunit Rpb1 [Tetraselmis virus 1]	Tetraselmis virus 1	Blastx
SRR22534752	NODE_39961_length_354_cov_6.794393	33.3	354	1048	0.097328	2.62e-08	acc|REFSEQ|YP_009448922.1|REFSEQ|NC_036594|DNA mismatch repair ATPase MutS [Orpheovirus IHUMI-LCC2]	Orpheovirus IHUMI-LCC2	Blastx
SRR22534752	NODE_22060_length_229_cov_1.571429	39.1	229	925	0.074595	2.62e-08	acc|GENBANK|ABY48139.1|GENBANK|EU306659|NORK [Medicago truncatula]	Medicago truncatula	Blastx
SRR22534752	NODE_5723_length_718_cov_14.827737	36.5	718	207	0.502415	2.63e-08	acc|GENBANK|XDO01986.1|GENBANK|PP542043|Swib-Domain Containing Protein [Florenciella sp. virus SA2]	Florenciella sp. virus SA2	Blastx
SRR22534752	NODE_19861_length_974_cov_8.993624	25.5	974	335	0.632836	2.66e-08	acc|GENBANK|AYV75284.1|GENBANK|MK071979|class I SAM-dependent methyltransferase [Terrestrivirus sp.]	Terrestrivirus sp.	Blastx
SRR22534752	NODE_28977_length_360_cov_1.960245	37.2	360	188	0.601064	2.75e-08	acc|REFSEQ|YP_010780459.1|REFSEQ|NC_075038|RNA-binding protein cabeza [Tupanvirus deep ocean]	Tupanvirus deep ocean	Blastx
SRR22534752	NODE_41573_length_478_cov_11.910112	33.3	478	1384	0.114884	2.78e-08	acc|GENBANK|ADB85299.1|GENBANK|GQ252825|putative retrotransposon protein [Phyllostachys edulis]	Phyllostachys edulis	Blastx
SRR22534752	NODE_38113_length_211_cov_2.000000	50.0	211	925	0.062703	2.81e-08	acc|GENBANK|ABY48139.1|GENBANK|EU306659|NORK [Medicago truncatula]	Medicago truncatula	Blastx
SRR22534752	NODE_39289_length_235_cov_2.559406	43.6	235	925	0.084324	2.84e-08	acc|GENBANK|ABY48139.1|GENBANK|EU306659|NORK [Medicago truncatula]	Medicago truncatula	Blastx
SRR22534752	NODE_10357_length_564_cov_14.024482	38.6	564	593	0.148398	2.85e-08	acc|GENBANK|AGE56176.1|GENBANK|JX997176|glucosamine--fructose-6-phosphate [Paramecium bursaria Chlorella virus NE-JV-1]	Paramecium bursaria Chlorella virus NE-JV-1	Blastx
SRR22534752	NODE_28054_length_238_cov_4.112195	40.8	238	585	0.129915	2.90e-08	acc|GENBANK|SPN79811.1|GENBANK|LT994651|ABC2 type transporter superfamily protein [Brazilian cedratvirus IHUMI]	Brazilian cedratvirus IHUMI	Blastx
SRR22534752	NODE_8278_length_1506_cov_32.359810	26.4	1506	299	0.735786	2.93e-08	acc|GENBANK|QBK91775.1|GENBANK|MK500565|mitochondrial carrier-like protein [Pithovirus LCPAC304]	Pithovirus LCPAC304	Blastx
SRR22534752	NODE_19826_length_959_cov_9.826134	25.3	959	497	0.444668	2.93e-08	acc|GENBANK|AYV83822.1|GENBANK|MK072394|cytochrome P450 704B1 [Hyperionvirus sp.]	Hyperionvirus sp.	Blastx
SRR22534752	NODE_8663_length_959_cov_12.916847	40.2	959	367	0.250681	2.93e-08	acc|GENBANK|AYV76323.1|GENBANK|MK071983|STE/STE20/FRAY protein kinase [Terrestrivirus sp.]	Terrestrivirus sp.	Blastx
SRR22534752	NODE_18240_length_758_cov_8.904828	28.9	758	514	0.295720	2.93e-08	acc|GENBANK|QFG74441.1|GENBANK|MN448287|pyridoxal-dependent decarboxylase conserved [Megaviridae environmental sample]	Megaviridae environmental sample	Blastx
SRR22534752	NODE_17439_length_215_cov_135.769231	46.2	215	897	0.072464	2.93e-08	acc|GENBANK|ABY48136.1|GENBANK|EU306659|glycine-rich protein [Medicago truncatula]	Medicago truncatula	Blastx
SRR22534752	NODE_8071_length_841_cov_26.219059	27.9	841	249	0.863454	2.94e-08	acc|GENBANK|ACD54816.1|GENBANK|EU643495|carbonyl reductase-like protein [Adineta vaga]	Adineta vaga	Blastx
SRR22534752	NODE_18363_length_657_cov_11.120192	26.8	657	278	0.643885	2.94e-08	acc|GENBANK|AYV76390.1|GENBANK|MK071984|mitochondrial carrier [Terrestrivirus sp.]	Terrestrivirus sp.	Blastx
SRR22534752	NODE_42922_length_476_cov_8.370203	33.8	476	89	0.730337	3.02e-08	acc|GENBANK|AYV84005.1|GENBANK|MK072397|hypothetical protein [Hyperionvirus sp.]	Hyperionvirus sp.	Blastx
SRR22534752	NODE_18154_length_1348_cov_12.066160	25.0	1348	293	1.051195	3.09e-08	acc|GENBANK|QBK92190.1|GENBANK|MK500568|dihydroorotate dehydrogenase [Pithovirus LCPAC304]	Pithovirus LCPAC304	Blastx
SRR22534752	NODE_30981_length_251_cov_1.619266	54.8	251	256	0.164062	3.10e-08	acc|GENBANK|AAB67721.1|GENBANK|AF015269|PL transcription factor [Zea mays]	Zea mays	Blastx
SRR22534752	NODE_49978_length_268_cov_0.987234	56.5	268	119	0.386555	3.17e-08	acc|GENBANK|QBK92253.1|GENBANK|MK500570|mannose-6-phosphate isomerase [Pithovirus LCPAC304]	Pithovirus LCPAC304	Blastx
SRR22534752	NODE_8213_length_1272_cov_39.674738	40.6	1272	276	0.365942	3.18e-08	acc|GENBANK|ABV29330.1|GENBANK|EU126948|truncated bromodomain-containing protein 2b [Danio rerio]	Danio rerio	Blastx
SRR22534752	NODE_1871_length_1153_cov_13.624107	43.8	1153	299	0.214047	3.23e-08	acc|REFSEQ|YP_009448822.1|REFSEQ|NC_036594|Protein kinase [Orpheovirus IHUMI-LCC2]	Orpheovirus IHUMI-LCC2	Blastx
SRR22534752	NODE_15365_length_792_cov_7.238472	31.7	792	221	0.742081	3.26e-08	acc|REFSEQ|YP_009174617.1|REFSEQ|NC_028110|hypothetical protein [Yellowstone lake phycodnavirus 2]	Yellowstone lake phycodnavirus 2	Blastx
SRR22534752	NODE_3083_length_273_cov_4.616667	38.6	273	1506	0.058433	3.50e-08	acc|REFSEQ|YP_009001498.1|REFSEQ|NC_023426|ABC transporter [Alphaentomopoxvirus acuprea]	Alphaentomopoxvirus acuprea	Blastx
SRR22534752	NODE_9411_length_1020_cov_9.634245	55.6	1020	477	0.094340	3.52e-08	acc|GENBANK|AYV78014.1|GENBANK|MK072068|elongation factor 1 alpha long form [Edafosvirus sp.]	Edafosvirus sp.	Blastx
SRR22534752	NODE_21067_length_255_cov_2.324324	54.8	255	496	0.125000	3.62e-08	acc|GENBANK|ACN78958.1|GENBANK|FJ225394|dehydration responsive protein [Glycine max]	Glycine max	Blastx
SRR22534752	NODE_13922_length_304_cov_4.059041	43.7	304	925	0.076757	3.65e-08	acc|GENBANK|ABY48139.1|GENBANK|EU306659|NORK [Medicago truncatula]	Medicago truncatula	Blastx
SRR22534752	NODE_13611_length_606_cov_29.937173	32.4	606	492	0.276423	3.71e-08	acc|GENBANK|QBK88108.1|GENBANK|MK500375|cyclin-dependent protein kinase [Marseillevirus LCMAC202]	Marseillevirus LCMAC202	Blastx
SRR22534752	NODE_39619_length_379_cov_1.708092	41.7	379	90	0.800000	3.77e-08	acc|GENBANK|AAD46177.1|GENBANK|AF153912|ORFL1R [Tanapox virus]	Tanapox virus	Blastx
SRR22534752	NODE_32126_length_438_cov_1.308642	55.8	438	83	0.626506	3.86e-08	acc|GENBANK|WZI33504.1|GENBANK|PP272751|polymerase [Langya virus]	Langya virus	Blastx
SRR22534752	NODE_15034_length_508_cov_23.538947	29.2	508	383	0.375979	3.87e-08	acc|GENBANK|AJA91762.1|GENBANK|KM434202|dihydroflavonol 4-reductase [Allium cepa]	Allium cepa	Blastx
SRR22534752	NODE_3847_length_733_cov_23.884286	28.0	733	234	0.700855	4.00e-08	acc|REFSEQ|YP_294107.1|REFSEQ|NC_007346|putative protease [Emiliania huxleyi virus 86]	Emiliania huxleyi virus 86	Blastx
SRR22534752	NODE_39958_length_449_cov_8.918269	34.0	449	126	0.746032	4.01e-08	acc|GENBANK|AYV75144.1|GENBANK|MK071979|5'-AMP-activated protein kinase subunit [Terrestrivirus sp.]	Terrestrivirus sp.	Blastx
SRR22534752	NODE_39288_length_504_cov_2.747346	26.1	504	466	0.296137	4.09e-08	acc|GENBANK|ACD54811.1|GENBANK|EU643495|endo-xylogalacturonan hydrolase-like protein [Adineta vaga]	Adineta vaga	Blastx
SRR22534752	NODE_47085_length_863_cov_8.139759	26.0	863	278	0.690647	4.18e-08	acc|GENBANK|AYV76390.1|GENBANK|MK071984|mitochondrial carrier [Terrestrivirus sp.]	Terrestrivirus sp.	Blastx
SRR22534752	NODE_9541_length_1723_cov_18.753846	24.2	1723	806	0.389578	4.34e-08	acc|GENBANK|QKF93464.1|GENBANK|MT418680|inter-alpha-trypsin inhibitor family protein [Fadolivirus FV1/VV64]	Fadolivirus FV1/VV64	Blastx
SRR22534752	NODE_6058_length_767_cov_14.370572	29.5	767	4238	0.049552	4.34e-08	acc|GENBANK|QOR60370.1|GENBANK|MK522038|hypothetical protein [Bathycoccus sp. RCC716 virus 2]	Bathycoccus sp. RCC716 virus 2	Blastx
SRR22534752	NODE_28809_length_247_cov_1.434579	40.8	247	524	0.135496	4.43e-08	acc|GENBANK|ADJ57459.1|GENBANK|HM214799|CYP6G1 [Drosophila melanogaster]	Drosophila melanogaster	Blastx
SRR22534752	NODE_49235_length_246_cov_1.098592	52.8	246	1281	0.041374	4.59e-08	acc|GENBANK|AAA67727.1|GENBANK|U15647|reverse transcriptase [Mus musculus domesticus]	Mus musculus domesticus	Blastx
SRR22534752	NODE_18640_length_1572_cov_46.270305	27.3	1572	279	0.774194	4.64e-08	acc|REFSEQ|YP_010086806.1|REFSEQ|NC_055482|putative protein P31 [Pistachio ampelovirus A]	Pistachio ampelovirus A	Blastx
SRR22534752	NODE_32749_length_337_cov_2.187500	58.8	337	352	0.144886	4.64e-08	acc|GENBANK|WGU26813.1|GENBANK|OQ503488|hypothetical protein [Triticum monococcum]	Triticum monococcum	Blastx
SRR22534752	NODE_20196_length_1310_cov_6.296789	31.1	1310	636	0.253145	4.88e-08	acc|GENBANK|QDY52052.1|GENBANK|MK250087|SAICAR synthetase [Mimiviridae sp. ChoanoV1]	Mimiviridae sp. ChoanoV1	Blastx
SRR22534752	NODE_376_length_1209_cov_35.527211	44.4	1209	183	0.295082	4.90e-08	acc|REFSEQ|YP_010087445.1|REFSEQ|NC_055554|E3-MARCH3-like protein [Vombatid gammaherpesvirus 1]	Vombatid gammaherpesvirus 1	Blastx
SRR22534752	NODE_19475_length_1169_cov_6.883803	35.0	1169	278	0.420863	4.99e-08	acc|GENBANK|AYV76281.1|GENBANK|MK071983|E3 ubiquitin-protein ligase Siah2 [Terrestrivirus sp.]	Terrestrivirus sp.	Blastx
SRR22534752	NODE_28172_length_308_cov_1.200000	32.1	308	613	0.177814	5.02e-08	acc|GENBANK|ADB85401.1|GENBANK|GQ252886|putative pollen-specific kinase [Phyllostachys edulis]	Phyllostachys edulis	Blastx
SRR22534752	NODE_994_length_1992_cov_7.251659	34.6	1992	488	0.219262	5.05e-08	acc|GENBANK|QBK85428.1|GENBANK|MK500327|polyADP-ribose polymerase [Marseillevirus LCMAC101]	Marseillevirus LCMAC101	Blastx
SRR22534752	NODE_662_length_556_cov_18.418738	30.6	556	236	0.525424	5.10e-08	acc|GENBANK|CAE02698.1|GENBANK|AJ575660|putative isoamyl acetate hydrolytic enzyme [Yarrowia lipolytica]	Yarrowia lipolytica	Blastx
SRR22534752	NODE_42906_length_926_cov_3.686450	32.1	926	2037	0.054983	5.15e-08	acc|GENBANK|ABG37663.1|GENBANK|DQ536170|CCHC-type integrase [Populus trichocarpa]	Populus trichocarpa	Blastx
SRR22534752	NODE_4710_length_1022_cov_32.432760	26.4	1022	186	1.037634	5.18e-08	acc|GENBANK|ARF12024.1|GENBANK|KY684110|adenylate kinase [Klosneuvirus KNV1]	Klosneuvirus KNV1	Blastx
SRR22534752	NODE_7353_length_754_cov_12.812760	33.3	754	287	0.376307	5.25e-08	acc|GENBANK|AYV80395.1|GENBANK|MK072243|putative ubiquitin carboxyl-terminal hydrolase [Harvfovirus sp.]	Harvfovirus sp.	Blastx
SRR22534752	NODE_26690_length_479_cov_3.441704	39.7	479	353	0.164306	5.28e-08	acc|GENBANK|WGU26821.1|GENBANK|OQ503488|S-acyltransferase 11-like protein [Triticum monococcum]	Triticum monococcum	Blastx
SRR22534752	NODE_32700_length_311_cov_1.859712	40.5	311	737	0.100407	5.28e-08	acc|GENBANK|AAL66752.1|GENBANK|AF464738|putative transposase [Zea mays]	Zea mays	Blastx
SRR22534752	NODE_46075_length_979_cov_11.280127	40.3	979	353	0.203966	5.33e-08	acc|GENBANK|WGU26821.1|GENBANK|OQ503488|S-acyltransferase 11-like protein [Triticum monococcum]	Triticum monococcum	Blastx
SRR22534752	NODE_34326_length_884_cov_8.982374	29.7	884	234	0.705128	5.33e-08	acc|GENBANK|CAZ69677.1|GENBANK|FN429076|putative protease [Emiliania huxleyi virus 99B1]	Emiliania huxleyi virus 99B1	Blastx
SRR22534752	NODE_7544_length_375_cov_2.824561	52.5	375	388	0.103093	5.37e-08	acc|GENBANK|CCQ71327.1|GENBANK|HF586476|hypothetical protein kinase Pka-C1 [Cotesia congregata]	Cotesia congregata	Blastx
SRR22534752	NODE_2218_length_495_cov_23.151515	32.7	495	678	0.216814	5.58e-08	acc|GENBANK|CCQ71325.1|GENBANK|HF586476|hypothetical kinesin-like protein KIF3 [Cotesia congregata]	Cotesia congregata	Blastx
SRR22534752	NODE_8588_length_218_cov_27.918919	41.9	218	513	0.120858	5.58e-08	acc|GENBANK|QBK91708.1|GENBANK|MK500565|phosphoenolpyruvate carboxykinase [Pithovirus LCPAC304]	Pithovirus LCPAC304	Blastx
SRR22534752	NODE_23720_length_216_cov_1.819672	41.0	216	621	0.098229	5.63e-08	acc|GENBANK|BBP47129.1|GENBANK|LC511041|putative gag-pol polyprotein [Torenia fournieri]	Torenia fournieri	Blastx
SRR22534752	NODE_463_length_697_cov_185.381024	31.5	697	228	0.723684	5.85e-08	acc|GENBANK|CAK7597209.1|GENBANK|OZ003748|RNA-binding/Nucleotide-binding alpha-beta plait [Catovirus sp. 'naegleriensis']	Catovirus sp. 'naegleriensis'	Blastx
SRR22534752	NODE_9322_length_223_cov_22.773684	49.1	223	383	0.138381	5.89e-08	acc|GENBANK|AJA91762.1|GENBANK|KM434202|dihydroflavonol 4-reductase [Allium cepa]	Allium cepa	Blastx
SRR22534752	NODE_38106_length_302_cov_7.561338	34.5	302	759	0.152833	6.48e-08	acc|GENBANK|ACN78962.1|GENBANK|FJ225394|methyltransferase [Glycine max]	Glycine max	Blastx
SRR22534752	NODE_45482_length_382_cov_9.822350	42.0	382	1078	0.064007	6.58e-08	acc|GENBANK|QYA18716.1|GENBANK|MZ420154|DNA-directed RNA polymerase II subunit 1 [Clandestinovirus]	Clandestinovirus	Blastx
SRR22534752	NODE_8798_length_1005_cov_4.279835	34.3	1005	322	0.335404	6.60e-08	acc|GENBANK|AYV84288.1|GENBANK|MK072403|hypothetical protein [Hyperionvirus sp.]	Hyperionvirus sp.	Blastx
SRR22534752	NODE_7160_length_450_cov_7.892086	48.6	450	624	0.115385	6.73e-08	acc|GENBANK|BCS83214.1|GENBANK|AP024483|ATP-sulfurylase [Cotonvirus japonicus]	Cotonvirus japonicus	Blastx
SRR22534752	NODE_18018_length_781_cov_12.878342	37.5	781	210	0.457143	6.87e-08	acc|GENBANK|QBK85405.1|GENBANK|MK500325|SWIB/MDM2 domain protein [Iridovirus LCIVAC01]	Iridovirus LCIVAC01	Blastx
SRR22534752	NODE_14878_length_703_cov_3.634328	30.5	703	483	0.339545	6.91e-08	acc|GENBANK|AYV80388.1|GENBANK|MK072243|cytochrome P450 704B1 [Harvfovirus sp.]	Harvfovirus sp.	Blastx
SRR22534752	NODE_15438_length_421_cov_1.726804	30.6	421	697	0.154950	6.95e-08	acc|GENBANK|QKF94813.1|GENBANK|MT418680|copper amine oxidase [Fadolivirus FV1/VV64]	Fadolivirus FV1/VV64	Blastx
SRR22534752	NODE_31736_length_235_cov_1.965347	35.5	235	489	0.126789	7.05e-08	acc|GENBANK|QBK85775.1|GENBANK|MK500327|aspartyl/asparaginyl-tRNA synthetase [Marseillevirus LCMAC101]	Marseillevirus LCMAC101	Blastx
SRR22534752	NODE_45133_length_864_cov_7.528279	37.3	864	239	0.347280	7.24e-08	acc|GENBANK|AYV83988.1|GENBANK|MK072397|RING/U-box superfamily protein [Hyperionvirus sp.]	Hyperionvirus sp.	Blastx
SRR22534752	NODE_2847_length_732_cov_47.480687	33.3	732	398	0.399497	7.31e-08	acc|REFSEQ|YP_007354282.1|REFSEQ|NC_020104|zinc containing alcohol dehydrogenase [Acanthamoeba polyphaga moumouvirus]	Acanthamoeba polyphaga moumouvirus	Blastx
SRR22534752	NODE_49937_length_267_cov_3.000000	36.6	267	397	0.206549	7.64e-08	acc|GENBANK|BFL61263.1|GENBANK|LC813553|Zn-dependent alcohol dehydrogenase [Moumouvirus lavasanguinem]	Moumouvirus lavasanguinem	Blastx
SRR22534752	NODE_10581_length_752_cov_10.161335	43.8	752	674	0.108309	7.67e-08	acc|GENBANK|UZT28900.1|GENBANK|OP765507|ATP-dependent zinc metalloprotease [Nucleocytoviricota sp.]	Nucleocytoviricota sp.	Blastx
SRR22534752	NODE_50797_length_992_cov_19.123045	33.9	992	268	0.462687	7.69e-08	acc|GENBANK|AYV77759.1|GENBANK|MK072066|hypothetical protein [Edafosvirus sp.]	Edafosvirus sp.	Blastx
SRR22534752	NODE_47199_length_911_cov_8.812073	29.7	911	301	0.647841	7.92e-08	acc|GENBANK|WBR14809.1|GENBANK|ON887157|Methyltransferase type 11 [Pandoravirus kuranda]	Pandoravirus kuranda	Blastx
SRR22534752	NODE_19939_length_1643_cov_8.040994	25.7	1643	466	0.467811	7.97e-08	acc|GENBANK|ACD54811.1|GENBANK|EU643495|endo-xylogalacturonan hydrolase-like protein [Adineta vaga]	Adineta vaga	Blastx
SRR22534752	NODE_12006_length_940_cov_14.389195	55.3	940	441	0.106576	8.08e-08	acc|GENBANK|QKF94717.1|GENBANK|MT418680|ergosterol biosynthesis ERG4/ERG24 [Fadolivirus FV1/VV64]	Fadolivirus FV1/VV64	Blastx
SRR22534752	NODE_5275_length_268_cov_4.072340	45.7	268	925	0.075676	8.14e-08	acc|GENBANK|ABY48139.1|GENBANK|EU306659|NORK [Medicago truncatula]	Medicago truncatula	Blastx
SRR22534752	NODE_16516_length_444_cov_10.542579	33.6	444	299	0.428094	8.51e-08	acc|GENBANK|QBK91775.1|GENBANK|MK500565|mitochondrial carrier-like protein [Pithovirus LCPAC304]	Pithovirus LCPAC304	Blastx
SRR22534752	NODE_33961_length_442_cov_3.266504	34.7	442	925	0.102703	8.83e-08	acc|GENBANK|ABY48139.1|GENBANK|EU306659|NORK [Medicago truncatula]	Medicago truncatula	Blastx
SRR22534752	NODE_35062_length_303_cov_6.051852	32.7	303	498	0.196787	8.86e-08	acc|GENBANK|XHA59766.1|GENBANK|OR863077|thermosome [Poseidoniales virus]	Poseidoniales virus	Blastx
SRR22534752	NODE_18830_length_1338_cov_12.087356	35.4	1338	230	0.356522	8.89e-08	acc|GENBANK|ARF08295.1|GENBANK|KY684083|RING finger domain protein [Catovirus CTV1]	Catovirus CTV1	Blastx
SRR22534752	NODE_13803_length_1053_cov_15.327451	31.3	1053	268	0.358209	8.90e-08	acc|REFSEQ|YP_010781747.1|REFSEQ|NC_075039|RING finger domain protein [Tupanvirus soda lake]	Tupanvirus soda lake	Blastx
SRR22534752	NODE_27151_length_209_cov_2.375000	45.3	209	357	0.179272	8.92e-08	acc|GENBANK|ABB29305.1|GENBANK|DQ219419|NADPH-dependent reductase [Zea mays]	Zea mays	Blastx
SRR22534752	NODE_3523_length_328_cov_49.559322	29.1	328	849	0.121319	8.98e-08	acc|GENBANK|AGE56458.1|GENBANK|JX997176|calcium-transporting ATPase, plasma [Paramecium bursaria Chlorella virus NE-JV-1]	Paramecium bursaria Chlorella virus NE-JV-1	Blastx
SRR22534752	NODE_1265_length_827_cov_62.187657	29.5	827	426	0.446009	9.01e-08	acc|GENBANK|QBK87330.1|GENBANK|MK500349|calcineurin-like phosphoesterase [Marseillevirus LCMAC201]	Marseillevirus LCMAC201	Blastx
SRR22534752	NODE_1622_length_1366_cov_21.933233	42.5	1366	230	0.317391	9.16e-08	acc|GENBANK|ARF08295.1|GENBANK|KY684083|RING finger domain protein [Catovirus CTV1]	Catovirus CTV1	Blastx
SRR22534752	NODE_8659_length_1551_cov_15.467062	37.3	1551	379	0.197889	9.39e-08	acc|GENBANK|AAT99858.1|GENBANK|AY598438|unknown [Diachasmimorpha longicaudata entomopoxvirus]	Diachasmimorpha longicaudata entomopoxvirus	Blastx
SRR22534752	NODE_17552_length_468_cov_2.682759	56.4	468	388	0.100515	9.58e-08	acc|GENBANK|CCQ71327.1|GENBANK|HF586476|hypothetical protein kinase Pka-C1 [Cotesia congregata]	Cotesia congregata	Blastx
SRR22534752	NODE_22302_length_220_cov_1.866310	65.1	220	310	0.138710	9.73e-08	acc|GENBANK|QBK88363.1|GENBANK|MK500388|NAD dependent epimerase/dehydratase [Mimivirus LCMiAC01]	Mimivirus LCMiAC01	Blastx
SRR22534752	NODE_11983_length_1146_cov_19.672956	27.0	1146	261	0.808429	9.92e-08	acc|GENBANK|AYV79236.1|GENBANK|MK072137|serine/threonine protein phosphatase [Faunusvirus sp.]	Faunusvirus sp.	Blastx
SRR22534752	NODE_9318_length_1736_cov_18.739284	39.5	1736	815	0.105521	1.01e-07	acc|REFSEQ|YP_010781262.1|REFSEQ|NC_075038|mimivirus elongation factor aef-2 [Tupanvirus deep ocean]	Tupanvirus deep ocean	Blastx
SRR22534752	NODE_18483_length_851_cov_13.715159	26.2	851	876	0.218037	1.02e-07	acc|GENBANK|AYV76365.1|GENBANK|MK071983|DEXDc helicase [Terrestrivirus sp.]	Terrestrivirus sp.	Blastx
SRR22534752	NODE_50319_length_283_cov_2.808000	37.0	283	233	0.429185	1.03e-07	acc|GENBANK|QBK85221.1|GENBANK|MK500309|2OG-Fe(II) oxygenase superfamily protein [Iridovirus LCIVAC01]	Iridovirus LCIVAC01	Blastx
SRR22534752	NODE_21844_length_221_cov_2.452128	43.1	221	367	0.196185	1.05e-07	acc|GENBANK|ARF10024.1|GENBANK|KY684093|Hsp70 protein [Indivirus ILV1]	Indivirus ILV1	Blastx
SRR22534752	NODE_9532_length_1274_cov_5.939565	36.8	1274	630	0.168254	1.06e-07	acc|REFSEQ|YP_009001225.1|REFSEQ|NC_023423|ABC transporter [Pithovirus sibericum]	Pithovirus sibericum	Blastx
SRR22534752	NODE_40286_length_893_cov_6.918605	25.3	893	575	0.584348	1.06e-07	acc|GENBANK|CAE02704.1|GENBANK|AJ575660|putative sugar transporter [Yarrowia lipolytica]	Yarrowia lipolytica	Blastx
SRR22534752	NODE_6284_length_1352_cov_27.006823	25.7	1352	851	0.365452	1.07e-07	acc|GENBANK|AGE49443.1|GENBANK|JX997156|calcium-transporting ATPase, plasma [Acanthocystis turfacea Chlorella virus Can0610SP]	Acanthocystis turfacea Chlorella virus Can0610SP	Blastx
SRR22534752	NODE_13909_length_246_cov_133.469484	51.0	246	107	0.476636	1.08e-07	acc|GENBANK|ARF08309.1|GENBANK|KY684083|acyl-CoA binding protein [Catovirus CTV1]	Catovirus CTV1	Blastx
SRR22534752	NODE_12100_length_995_cov_18.951143	25.2	995	525	0.422857	1.10e-07	acc|GENBANK|AYV82480.1|GENBANK|MK072383|hypothetical protein [Hyperionvirus sp.]	Hyperionvirus sp.	Blastx
SRR22534752	NODE_13469_length_996_cov_8.692627	31.2	996	243	0.633745	1.10e-07	acc|GENBANK|QSE37552.1|GENBANK|MW365400|putative 27-kD protein [Citrus associated ampelovirus 1]	Citrus associated ampelovirus 1	Blastx
SRR22534752	NODE_800_length_1334_cov_13.740200	54.9	1334	77	0.662338	1.11e-07	acc|GENBANK|WRJ69532.1|GENBANK|OR001839|SANT superfamily protein [Oceanusvirus sp.]	Oceanusvirus sp.	Blastx
SRR22534752	NODE_50337_length_291_cov_1.360465	40.8	291	1384	0.051301	1.12e-07	acc|GENBANK|ADB85299.1|GENBANK|GQ252825|putative retrotransposon protein [Phyllostachys edulis]	Phyllostachys edulis	Blastx
SRR22534752	NODE_22008_length_327_cov_1.170068	33.6	327	549	0.194900	1.18e-07	acc|GENBANK|WGU26819.1|GENBANK|OQ503488|BTB/POZ domain-containing protein [Triticum monococcum]	Triticum monococcum	Blastx
SRR22534752	NODE_26483_length_303_cov_1.629630	35.8	303	483	0.196687	1.21e-07	acc|GENBANK|AYV80388.1|GENBANK|MK072243|cytochrome P450 704B1 [Harvfovirus sp.]	Harvfovirus sp.	Blastx
SRR22534752	NODE_16639_length_1079_cov_21.555449	42.9	1079	160	0.525000	1.23e-07	acc|GENBANK|QKF94153.1|GENBANK|MT418680|cyclophilin-type peptidyl-prolyl cis-trans [Fadolivirus FV1/VV64]	Fadolivirus FV1/VV64	Blastx
SRR22534752	NODE_9480_length_644_cov_19.088380	32.4	644	274	0.529197	1.24e-07	acc|GENBANK|AJP07215.1|GENBANK|KJ701029|putative methyl transferase [Helicoverpa armigera nucleopolyhedrovirus]	Helicoverpa armigera nucleopolyhedrovirus	Blastx
SRR22534752	NODE_31697_length_301_cov_1.500000	53.4	301	1136	0.051056	1.24e-07	acc|GENBANK|ABG37654.1|GENBANK|DQ536161|integrase [Populus trichocarpa]	Populus trichocarpa	Blastx
SRR22534752	NODE_28999_length_308_cov_1.469091	31.9	308	482	0.195021	1.25e-07	acc|GENBANK|BBA54297.1|GENBANK|AB898755|gag : akt fusion protein [Feline leukemia virus]	Feline leukemia virus	Blastx
SRR22534752	NODE_48221_length_209_cov_1.130682	78.6	209	466	0.060086	1.26e-07	acc|REFSEQ|NP_048306.1|REFSEQ|NC_001993|ORF MSV235 putative CPD photolyase, similar to [Melanoplus sanguinipes entomopoxvirus]	Melanoplus sanguinipes entomopoxvirus	Blastx
SRR22534752	NODE_16736_length_679_cov_30.102167	30.0	679	111	0.990991	1.29e-07	acc|REFSEQ|YP_009448553.1|REFSEQ|NC_036594|Thioredoxin [Orpheovirus IHUMI-LCC2]	Orpheovirus IHUMI-LCC2	Blastx
SRR22534752	NODE_4914_length_413_cov_1.768421	40.8	413	116	0.422414	1.30e-07	acc|GENBANK|AYV81207.1|GENBANK|MK072263|putative zinc finger A20 and AN1 [Harvfovirus sp.]	Harvfovirus sp.	Blastx
SRR22534752	NODE_20505_length_1051_cov_37.960707	28.7	1051	1060	0.157547	1.31e-07	acc|GENBANK|QKF94645.1|GENBANK|MT418680|FAD/FMN-containing dehydrogenase with [Fadolivirus FV1/VV64]	Fadolivirus FV1/VV64	Blastx
SRR22534752	NODE_35755_length_257_cov_1.415179	42.5	257	1408	0.056818	1.32e-07	acc|GENBANK|CAA60724.1|GENBANK|X87297|J1580 [Saccharomyces cerevisiae]	Saccharomyces cerevisiae	Blastx
SRR22534752	NODE_47292_length_232_cov_8.477387	42.9	232	1384	0.055636	1.32e-07	acc|GENBANK|ADB85299.1|GENBANK|GQ252825|putative retrotransposon protein [Phyllostachys edulis]	Phyllostachys edulis	Blastx
SRR22534752	NODE_8041_length_759_cov_77.851240	39.5	759	344	0.250000	1.33e-07	acc|GENBANK|QFG74169.1|GENBANK|MN448282|aspartyl protease [Megaviridae environmental sample]	Megaviridae environmental sample	Blastx
SRR22534752	NODE_21124_length_464_cov_5.538283	37.2	464	556	0.169065	1.36e-07	acc|GENBANK|XDO01843.1|GENBANK|PP542043|Abc Transporter Atp-Binding Protein [Florenciella sp. virus SA2]	Florenciella sp. virus SA2	Blastx
SRR22534752	NODE_294_length_713_cov_11.470588	35.0	713	532	0.268797	1.38e-07	acc|REFSEQ|YP_001426659.1|REFSEQ|NC_008724|hypothetical protein [Acanthocystis turfacea chlorella virus 1]	Acanthocystis turfacea chlorella virus 1	Blastx
SRR22534752	NODE_4733_length_214_cov_24.381215	47.1	214	558	0.125448	1.38e-07	acc|GENBANK|QOR60244.1|GENBANK|MK522034|hypothetical protein [Bathycoccus sp. RCC716 virus 1]	Bathycoccus sp. RCC716 virus 1	Blastx
SRR22534752	NODE_23145_length_424_cov_4.002558	38.0	424	1261	0.062649	1.40e-07	acc|GENBANK|ACN78974.1|GENBANK|FJ225394|retrotransposon protein [Glycine max]	Glycine max	Blastx
SRR22534752	NODE_42866_length_409_cov_5.611702	32.1	409	406	0.344828	1.41e-07	acc|GENBANK|AGE55670.1|GENBANK|JX997174|hypothetical protein [Acanthocystis turfacea Chlorella virus MN0810.1]	Acanthocystis turfacea Chlorella virus MN0810.1	Blastx
SRR22534752	NODE_40030_length_918_cov_4.388701	22.6	918	258	0.996124	1.42e-07	acc|GENBANK|AYV85051.1|GENBANK|MK072438|hypothetical protein [Satyrvirus sp.]	Satyrvirus sp.	Blastx
SRR22534752	NODE_43147_length_378_cov_10.350725	34.2	378	397	0.294710	1.42e-07	acc|REFSEQ|YP_009173589.1|REFSEQ|NC_028094|Helicase 45 [Chrysochromulina ericina virus]	Chrysochromulina ericina virus	Blastx
SRR22534752	NODE_25335_length_398_cov_3.843836	32.5	398	311	0.366559	1.47e-07	acc|GENBANK|AYV80108.1|GENBANK|MK072208|serine/threonine protein phosphatase [Gaeavirus sp.]	Gaeavirus sp.	Blastx
SRR22534752	NODE_43958_length_319_cov_6.688811	43.9	319	640	0.103125	1.48e-07	acc|GENBANK|ARF08414.1|GENBANK|KY684083|dynamin family protein [Catovirus CTV1]	Catovirus CTV1	Blastx
SRR22534752	NODE_45577_length_1124_cov_14.479377	28.2	1124	278	0.751799	1.51e-07	acc|GENBANK|QKF93541.1|GENBANK|MT418680|ureohydrolase [Fadolivirus FV1/VV64]	Fadolivirus FV1/VV64	Blastx
SRR22534752	NODE_14242_length_609_cov_4.833333	30.3	609	287	0.425087	1.51e-07	acc|GENBANK|AGE49584.1|GENBANK|JX997156|serine/threonine-protein kinase [Acanthocystis turfacea Chlorella virus Can0610SP]	Acanthocystis turfacea Chlorella virus Can0610SP	Blastx
SRR22534752	NODE_1342_length_446_cov_4.319613	35.4	446	520	0.190385	1.55e-07	acc|GENBANK|APO14197.1|GENBANK|KX098475|truncated DELLA protein [Setaria italica]	Setaria italica	Blastx
SRR22534752	NODE_8111_length_929_cov_16.368304	35.3	929	125	0.680000	1.56e-07	acc|GENBANK|AYV76397.1|GENBANK|MK071984|vesicle-associated membrane protein 4 [Terrestrivirus sp.]	Terrestrivirus sp.	Blastx
SRR22534752	NODE_17297_length_805_cov_3.704663	38.1	805	218	0.385321	1.57e-07	acc|GENBANK|WZH58290.1|GENBANK|PP171860|RNA-dependent RNA polymerase [Chrocosarb virus]	Chrocosarb virus	Blastx
SRR22534752	NODE_4855_length_625_cov_3.021959	33.9	625	278	0.413669	1.57e-07	acc|GENBANK|AYV76281.1|GENBANK|MK071983|E3 ubiquitin-protein ligase Siah2 [Terrestrivirus sp.]	Terrestrivirus sp.	Blastx
SRR22534752	NODE_7333_length_250_cov_26.691244	55.1	250	62	0.790323	1.59e-07	acc|GENBANK|AYV82647.1|GENBANK|MK072384|hypothetical protein [Hyperionvirus sp.]	Hyperionvirus sp.	Blastx
SRR22534752	NODE_17416_length_764_cov_5.378933	30.7	764	1019	0.150147	1.64e-07	acc|GENBANK|AYV80842.1|GENBANK|MK072250|DEAD/SNF2-like helicase [Harvfovirus sp.]	Harvfovirus sp.	Blastx
SRR22534752	NODE_12550_length_523_cov_6.655102	26.2	523	497	0.253521	1.65e-07	acc|REFSEQ|YP_009465744.1|REFSEQ|NC_037057|hypothetical protein [Dishui lake phycodnavirus 1]	Dishui lake phycodnavirus 1	Blastx
SRR22534752	NODE_11929_length_937_cov_15.511062	31.4	937	310	0.338710	1.66e-07	acc|GENBANK|QFG73687.1|GENBANK|MN448266|Clp protease [Megaviridae environmental sample]	Megaviridae environmental sample	Blastx
SRR22534752	NODE_1268_length_1302_cov_25.880221	29.1	1302	805	0.204969	1.67e-07	acc|GENBANK|ATZ80854.1|GENBANK|MF782455|DEXDc helicase [Bodo saltans virus]	Bodo saltans virus	Blastx
SRR22534752	NODE_43751_length_698_cov_6.760902	34.6	698	532	0.238722	1.70e-07	acc|REFSEQ|YP_001426659.1|REFSEQ|NC_008724|hypothetical protein [Acanthocystis turfacea chlorella virus 1]	Acanthocystis turfacea chlorella virus 1	Blastx
SRR22534752	NODE_42809_length_905_cov_10.801606	30.8	905	286	0.465035	1.72e-07	acc|GENBANK|ARF09529.1|GENBANK|KY684085|cyclophilin type peptidyl-prolyl cis-trans [Indivirus ILV1]	Indivirus ILV1	Blastx
SRR22534752	NODE_11936_length_857_cov_20.285194	49.0	857	268	0.182836	1.72e-07	acc|REFSEQ|YP_010781747.1|REFSEQ|NC_075039|RING finger domain protein [Tupanvirus soda lake]	Tupanvirus soda lake	Blastx
SRR22534752	NODE_8372_length_1097_cov_6.248120	27.2	1097	446	0.378924	1.73e-07	acc|GENBANK|ATZ80917.1|GENBANK|MF782455|major facilitator superfamily-like protein [Bodo saltans virus]	Bodo saltans virus	Blastx
SRR22534752	NODE_26525_length_229_cov_5.913265	43.4	229	1384	0.054913	1.73e-07	acc|GENBANK|ADB85299.1|GENBANK|GQ252825|putative retrotransposon protein [Phyllostachys edulis]	Phyllostachys edulis	Blastx
SRR22534752	NODE_36065_length_282_cov_3.465863	37.7	282	506	0.120553	1.76e-07	acc|GENBANK|QBK89302.1|GENBANK|MK500413|ankyrin repeat protein [Mimivirus LCMiAC02]	Mimivirus LCMiAC02	Blastx
SRR22534752	NODE_40114_length_489_cov_8.114035	35.1	489	87	0.850575	1.76e-07	acc|GENBANK|QJX70809.1|GENBANK|MN534311|hypothetical protein [Faustovirus]	Faustovirus	Blastx
SRR22534752	NODE_47180_length_253_cov_21.122727	43.9	253	222	0.256757	1.76e-07	acc|GENBANK|QBK88168.1|GENBANK|MK500377|RNA recognition motif protein [Marseillevirus LCMAC202]	Marseillevirus LCMAC202	Blastx
SRR22534752	NODE_40008_length_1187_cov_5.763432	28.0	1187	919	0.225245	1.82e-07	acc|GENBANK|AYV75146.1|GENBANK|MK071979|plasma membrane ATPase [Terrestrivirus sp.]	Terrestrivirus sp.	Blastx
SRR22534752	NODE_13070_length_287_cov_1.842520	40.0	287	504	0.138889	1.83e-07	acc|GENBANK|QKF94406.1|GENBANK|MT418680|3-deoxy-8-phosphooctulonate synthase [Fadolivirus FV1/VV64]	Fadolivirus FV1/VV64	Blastx
SRR22534752	NODE_33256_length_396_cov_2.658402	32.7	396	591	0.175973	1.84e-07	acc|GENBANK|QBK87243.1|GENBANK|MK500346|uncharacterized protein [Marseillevirus LCMAC201]	Marseillevirus LCMAC201	Blastx
SRR22534752	NODE_19043_length_661_cov_9.103503	28.9	661	539	0.333952	1.85e-07	acc|GENBANK|QDY52400.1|GENBANK|MK250091|aldehyde dehydrogenase family protein [Mimiviridae sp. ChoanoV1]	Mimiviridae sp. ChoanoV1	Blastx
SRR22534752	NODE_1652_length_284_cov_58.904382	60.4	284	169	0.313609	1.85e-07	acc|REFSEQ|YP_008438509.1|REFSEQ|NC_022098|S-phase kinase-associated protein 1 [Pandoravirus salinus]	Pandoravirus salinus	Blastx
SRR22534752	NODE_14988_length_213_cov_19.144444	42.9	213	447	0.156600	1.86e-07	acc|REFSEQ|NP_077596.1|REFSEQ|NC_002687|serine-threonine kinase [Ectocarpus siliculosus virus 1]	Ectocarpus siliculosus virus 1	Blastx
SRR22534752	NODE_2695_length_1180_cov_10.625981	24.9	1180	422	0.618483	1.97e-07	acc|GENBANK|UFX99841.1|GENBANK|MH046811|zinc-type alcohol dehydrogenase-like protein [Megavirus baoshan]	Megavirus baoshan	Blastx
SRR22534752	NODE_18026_length_820_cov_25.337992	24.4	820	186	1.145161	1.97e-07	acc|GENBANK|ARF12024.1|GENBANK|KY684110|adenylate kinase [Klosneuvirus KNV1]	Klosneuvirus KNV1	Blastx
SRR22534752	NODE_39577_length_291_cov_1.286822	40.2	291	727	0.147180	2.02e-07	acc|GENBANK|ADB85269.1|GENBANK|GQ252805|putative lectin-like protein kinase [Phyllostachys edulis]	Phyllostachys edulis	Blastx
SRR22534752	NODE_13788_length_753_cov_33.334722	40.3	753	103	0.650485	2.04e-07	acc|GENBANK|QPB44333.1|GENBANK|MW018138|high mobility group protein [Medusavirus stheno T3]	Medusavirus stheno T3	Blastx
SRR22534752	NODE_30840_length_219_cov_2.155914	42.7	219	727	0.103164	2.06e-07	acc|GENBANK|ADB85269.1|GENBANK|GQ252805|putative lectin-like protein kinase [Phyllostachys edulis]	Phyllostachys edulis	Blastx
SRR22534752	NODE_16710_length_963_cov_2.788172	27.6	963	287	0.606272	2.07e-07	acc|GENBANK|AYV80395.1|GENBANK|MK072243|putative ubiquitin carboxyl-terminal hydrolase [Harvfovirus sp.]	Harvfovirus sp.	Blastx
SRR22534752	NODE_17379_length_221_cov_6.446809	56.8	221	1158	0.031952	2.09e-07	acc|GENBANK|ADK47522.1|GENBANK|HM124452|NBS2-RDG2A [Hordeum vulgare subsp. vulgare]	Hordeum vulgare subsp. vulgare	Blastx
SRR22534752	NODE_19811_length_410_cov_16.893899	36.7	410	642	0.152648	2.10e-07	acc|GENBANK|ARF10282.1|GENBANK|KY684103|dynamin family protein [Hokovirus HKV1]	Hokovirus HKV1	Blastx
SRR22534752	NODE_27278_length_270_cov_2.215190	51.1	270	558	0.084229	2.10e-07	acc|GENBANK|BCS82802.1|GENBANK|AP024483|putative GMC-type oxidoreductase [Cotonvirus japonicus]	Cotonvirus japonicus	Blastx
SRR22534752	NODE_18377_length_1567_cov_21.198827	44.6	1567	284	0.197183	2.11e-07	acc|GENBANK|WKR38478.1|GENBANK|OQ658191|IAP-2 [Platynota idaeusalis nucleopolyhedrovirus]	Platynota idaeusalis nucleopolyhedrovirus	Blastx
SRR22534752	NODE_14926_length_614_cov_4.893287	52.2	614	293	0.228669	2.17e-07	acc|GENBANK|ARF10285.1|GENBANK|KY684103|fructose-1,6-bisphosphatase [Hokovirus HKV1]	Hokovirus HKV1	Blastx
SRR22534752	NODE_44586_length_270_cov_7.514768	39.3	270	271	0.328413	2.19e-07	acc|GENBANK|AYV75890.1|GENBANK|MK071981|serine/threonine protein phosphatase [Terrestrivirus sp.]	Terrestrivirus sp.	Blastx
SRR22534752	NODE_46963_length_583_cov_15.472727	33.6	583	276	0.431159	2.20e-07	acc|GENBANK|QBK90289.1|GENBANK|MK500473|RPB3 subunit of eukaryotic RNA polymerase II [Pithovirus LCPAC102]	Pithovirus LCPAC102	Blastx
SRR22534752	NODE_40709_length_612_cov_10.946459	30.3	612	299	0.397993	2.23e-07	acc|GENBANK|QBK91775.1|GENBANK|MK500565|mitochondrial carrier-like protein [Pithovirus LCPAC304]	Pithovirus LCPAC304	Blastx
SRR22534752	NODE_37769_length_377_cov_1.941860	29.8	377	4062	0.029788	2.23e-07	acc|GENBANK|QOR60750.1|GENBANK|MK522039|hypothetical protein [Bathycoccus sp. RCC716 virus 3]	Bathycoccus sp. RCC716 virus 3	Blastx
SRR22534752	NODE_7663_length_312_cov_3.225806	31.0	312	327	0.305810	2.25e-07	acc|GENBANK|QKF94686.1|GENBANK|MT418680|NADP-dependent oxidoreductase [Fadolivirus FV1/VV64]	Fadolivirus FV1/VV64	Blastx
SRR22534752	NODE_5707_length_220_cov_2.663102	43.5	220	281	0.245552	2.32e-07	acc|GENBANK|AXN91003.1|GENBANK|MG745874|putative family 2C serine/threonine protein [Namao virus]	Namao virus	Blastx
SRR22534752	NODE_6077_length_986_cov_8.536201	30.0	986	465	0.279570	2.34e-07	acc|GENBANK|CAE02706.1|GENBANK|AJ575660|putative ubiquitin monooxygenase [Yarrowia lipolytica]	Yarrowia lipolytica	Blastx
SRR22534752	NODE_39078_length_405_cov_1.483871	46.3	405	220	0.186364	2.35e-07	acc|GENBANK|ACN78960.1|GENBANK|FJ225394|zinc finger protein [Glycine max]	Glycine max	Blastx
SRR22534752	NODE_37133_length_335_cov_6.105960	40.9	335	588	0.158163	2.37e-07	acc|GENBANK|QOI90522.1|GENBANK|MT663539|hypothetical protein [Pyramimonas orientalis virus]	Pyramimonas orientalis virus	Blastx
SRR22534752	NODE_4316_length_478_cov_5.611236	32.2	478	225	0.662222	2.40e-07	acc|GENBANK|QFU19922.1|NEIGHBOR|MN160340|pV1 [European wheat striate mosaic virus]	European wheat striate mosaic virus	Blastx
SRR22534752	NODE_23296_length_232_cov_1.713568	42.9	232	989	0.070779	2.44e-07	acc|GENBANK|XDO02177.1|GENBANK|PP542043|Muts7 [Florenciella sp. virus SA2]	Florenciella sp. virus SA2	Blastx
SRR22534752	NODE_3524_length_438_cov_44.476543	28.0	438	229	0.545852	2.49e-07	acc|GENBANK|QDY51704.1|GENBANK|MK250085|CS domain protein [Mimiviridae sp. ChoanoV1]	Mimiviridae sp. ChoanoV1	Blastx
SRR22534752	NODE_18028_length_758_cov_6.080000	47.8	758	623	0.107544	2.53e-07	acc|GENBANK|BAL14837.1|GENBANK|AB682995|endo-1,4-b-D-glucanase [Oryza sativa Japonica Group]	Oryza sativa Japonica Group	Blastx
SRR22534752	NODE_42903_length_215_cov_6.725275	43.1	215	689	0.104499	2.59e-07	acc|GENBANK|ARF10988.1|GENBANK|KY684105|Hsp70 protein [Hokovirus HKV1]	Hokovirus HKV1	Blastx
SRR22534752	NODE_14588_length_617_cov_7.369863	36.7	617	269	0.223048	2.60e-07	acc|GENBANK|ARF08245.1|GENBANK|KY684083|alpha/beta hydrolase family protein [Catovirus CTV1]	Catovirus CTV1	Blastx
SRR22534752	NODE_2480_length_554_cov_5.510557	31.4	554	291	0.360825	2.67e-07	acc|GENBANK|QYA18574.1|GENBANK|MZ420154|ribonuclease Z [Clandestinovirus]	Clandestinovirus	Blastx
SRR22534752	NODE_8775_length_1234_cov_25.756037	36.2	1234	526	0.178707	2.69e-07	acc|GENBANK|ARF12259.1|GENBANK|KY684111|ABC transporter [Klosneuvirus KNV1]	Klosneuvirus KNV1	Blastx
SRR22534752	NODE_25824_length_220_cov_1.133690	40.6	220	367	0.174387	2.70e-07	acc|GENBANK|ARF11106.1|GENBANK|KY684106|serine/threonine protein kinase [Hokovirus HKV1]	Hokovirus HKV1	Blastx
SRR22534752	NODE_7093_length_594_cov_5.365419	52.8	594	63	0.571429	2.71e-07	acc|REFSEQ|YP_009173682.1|REFSEQ|NC_028094|AN1-like Zinc finger containing protein [Chrysochromulina ericina virus]	Chrysochromulina ericina virus	Blastx
SRR22534752	NODE_18260_length_446_cov_7.273608	38.8	446	278	0.305755	2.72e-07	acc|GENBANK|AYV76390.1|GENBANK|MK071984|mitochondrial carrier [Terrestrivirus sp.]	Terrestrivirus sp.	Blastx
SRR22534752	NODE_39703_length_447_cov_2.113527	66.7	447	401	0.112219	2.76e-07	acc|GENBANK|ACG36640.1|GENBANK|EU964522|retrotransposon protein [Zea mays]	Zea mays	Blastx
SRR22534752	NODE_12348_length_590_cov_19.472172	45.6	590	258	0.220930	2.77e-07	acc|GENBANK|WMV02893.1|GENBANK|OP630990|alpha-tubulin [Diderma spumarioides]	Diderma spumarioides	Blastx
SRR22534752	NODE_13393_length_245_cov_14.075472	41.3	245	498	0.126506	2.77e-07	acc|GENBANK|XCO51801.1|NEIGHBOR|OR514564|ubiquitin E3 ligase ICP0 [Felid alphaherpesvirus 1]	Felid alphaherpesvirus 1	Blastx
SRR22534752	NODE_38198_length_617_cov_13.561644	65.8	617	87	0.436782	2.79e-07	acc|GENBANK|AAF69807.1|GENBANK|AF180923|pol protein [Picea abies]	Picea abies	Blastx
SRR22534752	NODE_18108_length_898_cov_33.260116	24.4	898	246	0.500000	2.95e-07	acc|GENBANK|QBK89254.1|GENBANK|MK500410|synaptobrevin [Mimivirus LCMiAC02]	Mimivirus LCMiAC02	Blastx
SRR22534752	NODE_50620_length_227_cov_1.201031	40.5	227	394	0.200508	2.95e-07	acc|GENBANK|BDT63360.1|GENBANK|LC738883|heat shock protein 40-like protein [Armadillidium vulgare clopovirus]	Armadillidium vulgare clopovirus	Blastx
SRR22534752	NODE_2466_length_224_cov_2.586387	46.4	224	1475	0.037966	2.98e-07	acc|GENBANK|WRK65512.1|GENBANK|OR157982|serine/threonine protein kinase [Marseillevirus futianmevirus]	Marseillevirus futianmevirus	Blastx
SRR22534752	NODE_3395_length_796_cov_23.309305	30.6	796	590	0.227119	3.03e-07	acc|GENBANK|AYV86827.1|GENBANK|MK072516|CMGC/MAPK protein kinase [Sylvanvirus sp.]	Sylvanvirus sp.	Blastx
SRR22534752	NODE_47070_length_783_cov_7.536000	31.3	783	306	0.366013	3.09e-07	acc|GENBANK|ADX06521.1|GENBANK|HQ704804|putative ABC transporter related protein [Organic Lake phycodnavirus]	Organic Lake phycodnavirus	Blastx
SRR22534752	NODE_12994_length_776_cov_4.102288	27.6	776	919	0.165397	3.10e-07	acc|GENBANK|AYV75146.1|GENBANK|MK071979|plasma membrane ATPase [Terrestrivirus sp.]	Terrestrivirus sp.	Blastx
SRR22534752	NODE_8774_length_206_cov_1.734104	47.8	206	484	0.095041	3.10e-07	acc|GENBANK|AYV77733.1|GENBANK|MK072066|CYP86A7 [Edafosvirus sp.]	Edafosvirus sp.	Blastx
SRR22534752	NODE_27714_length_280_cov_3.497976	39.1	280	459	0.200436	3.14e-07	acc|GENBANK|BBI30359.1|GENBANK|AP018495|beta-galactosidase [Acanthamoeba castellanii medusavirus J1]	Acanthamoeba castellanii medusavirus J1	Blastx
SRR22534752	NODE_28357_length_330_cov_1.478114	42.5	330	630	0.115873	3.15e-07	acc|REFSEQ|YP_009001225.1|REFSEQ|NC_023423|ABC transporter [Pithovirus sibericum]	Pithovirus sibericum	Blastx
SRR22534752	NODE_3058_length_423_cov_14.684615	40.3	423	91	0.681319	3.20e-07	acc|GENBANK|AYV76651.1|GENBANK|MK071988|putative acyl-CoA-binding protein [Terrestrivirus sp.]	Terrestrivirus sp.	Blastx
SRR22534752	NODE_30546_length_207_cov_0.959770	42.6	207	466	0.145923	3.22e-07	acc|GENBANK|ARJ31392.1|GENBANK|KY906028|putative ERV-F (C)1 provirus ancestral Env [Arabidopsis thaliana]	Arabidopsis thaliana	Blastx
SRR22534752	NODE_8454_length_1246_cov_4.472383	27.3	1246	223	0.937220	3.25e-07	acc|GENBANK|AYV76607.1|GENBANK|MK071987|tRNA pseudouridine synthase B [Terrestrivirus sp.]	Terrestrivirus sp.	Blastx
SRR22534752	NODE_6716_length_386_cov_2.147309	42.0	386	77	0.896104	3.25e-07	acc|GENBANK|WRJ69532.1|GENBANK|OR001839|SANT superfamily protein [Oceanusvirus sp.]	Oceanusvirus sp.	Blastx
SRR22534752	NODE_5239_length_388_cov_1.805634	32.0	388	925	0.104865	3.26e-07	acc|GENBANK|ABY48139.1|GENBANK|EU306659|NORK [Medicago truncatula]	Medicago truncatula	Blastx
SRR22534752	NODE_2754_length_639_cov_215.658416	29.9	639	215	0.544186	3.40e-07	acc|GENBANK|ARF09950.1|GENBANK|KY684090|T2 family ribonuclease [Indivirus ILV1]	Indivirus ILV1	Blastx
SRR22534752	NODE_28134_length_478_cov_6.647191	31.6	478	4505	0.025971	3.40e-07	acc|GENBANK|BBZ90073.1|GENBANK|LC521321|polyprotein [Brown algae endornavirus 1]	Brown algae endornavirus 1	Blastx
SRR22534752	NODE_247_length_1340_cov_19.644223	46.3	1340	97	0.556701	3.49e-07	acc|GENBANK|AUF82187.1|GENBANK|KY322437|SANT superfamily protein [Tetraselmis virus 1]	Tetraselmis virus 1	Blastx
SRR22534752	NODE_14132_length_634_cov_6.841930	30.1	634	301	0.551495	3.50e-07	acc|GENBANK|ARF12194.1|GENBANK|KY684111|aldo/keto reductase family protein [Klosneuvirus KNV1]	Klosneuvirus KNV1	Blastx
SRR22534752	NODE_13400_length_743_cov_8.115493	27.9	743	426	0.504695	3.58e-07	acc|GENBANK|QBK87330.1|GENBANK|MK500349|calcineurin-like phosphoesterase [Marseillevirus LCMAC201]	Marseillevirus LCMAC201	Blastx
SRR22534752	NODE_3072_length_705_cov_6.406250	38.9	705	173	0.416185	3.61e-07	acc|GENBANK|AYV84055.1|GENBANK|MK072398|hypothetical protein [Hyperionvirus sp.]	Hyperionvirus sp.	Blastx
SRR22534752	NODE_15186_length_670_cov_6.021978	31.9	670	337	0.353116	3.66e-07	acc|GENBANK|QFG73867.1|GENBANK|MN448273|CDP-alcohol phosphatidyltransferase [Megaviridae environmental sample]	Megaviridae environmental sample	Blastx
SRR22534752	NODE_36642_length_468_cov_1.533333	36.2	468	585	0.160684	3.66e-07	acc|GENBANK|SPN79811.1|GENBANK|LT994651|ABC2 type transporter superfamily protein [Brazilian cedratvirus IHUMI]	Brazilian cedratvirus IHUMI	Blastx
SRR22534752	NODE_50018_length_269_cov_0.991525	38.1	269	486	0.172840	3.73e-07	acc|GENBANK|ADB85341.1|GENBANK|GQ252857|putative retrotransposon protein [Phyllostachys edulis]	Phyllostachys edulis	Blastx
SRR22534752	NODE_15142_length_633_cov_2.773333	51.9	633	506	0.106719	3.75e-07	acc|GENBANK|QWC64766.1|NEIGHBOR|MW842985|gta [Bombyx mori nucleopolyhedrovirus]	Bombyx mori nucleopolyhedrovirus	Blastx
SRR22534752	NODE_14182_length_561_cov_2.312500	31.3	561	400	0.287500	3.79e-07	acc|GENBANK|XIF71222.1|GENBANK|PQ381123|6-phosphogluconate dehydrogenase [Micromonas commoda virus]	Micromonas commoda virus	Blastx
SRR22534752	NODE_8827_length_826_cov_6.078184	67.5	826	188	0.212766	3.88e-07	acc|GENBANK|WIE95307.1|GENBANK|OQ439926|hypothetical protein [Microctonus hyperodae filamentous virus]	Microctonus hyperodae filamentous virus	Blastx
SRR22534752	NODE_7157_length_1632_cov_20.791745	27.7	1632	230	0.673913	3.92e-07	acc|GENBANK|ADB85286.1|GENBANK|GQ252816|putative RNA-binding-like protein [Phyllostachys edulis]	Phyllostachys edulis	Blastx
SRR22534752	NODE_18351_length_354_cov_3.031153	40.5	354	508	0.155512	4.00e-07	acc|GENBANK|BCU03862.1|GENBANK|LC625835|cytochrome P450 [Pandoravirus japonicus]	Pandoravirus japonicus	Blastx
SRR22534752	NODE_14970_length_252_cov_9.634703	44.1	252	244	0.241803	4.01e-07	acc|GENBANK|CAA60719.1|GENBANK|X87297|J1545 [Saccharomyces cerevisiae]	Saccharomyces cerevisiae	Blastx
SRR22534752	NODE_2976_length_349_cov_5.996835	40.0	349	1080	0.064815	4.02e-07	acc|GENBANK|AAP74647.1|GENBANK|AH012974|Lr21 [Aegilops tauschii]	Aegilops tauschii	Blastx
SRR22534752	NODE_34427_length_203_cov_3.241176	35.9	203	474	0.135021	4.07e-07	acc|REFSEQ|YP_010776267.1|REFSEQ|NC_075034|deoxyribodipyrimidine photolyase [Powai lake megavirus]	Powai lake megavirus	Blastx
SRR22534752	NODE_41548_length_354_cov_6.797508	86.1	354	605	0.059504	4.09e-07	acc|GENBANK|AEV22380.1|GENBANK|JN969602|unknown [Lolium perenne]	Lolium perenne	Blastx
SRR22534752	NODE_4715_length_330_cov_3.569024	42.4	330	471	0.140127	4.16e-07	acc|GENBANK|AFV13457.1|GENBANK|JQ314445|UDPG-flavonoid 3-O-glucosyl transferase [Tripsacum dactyloides]	Tripsacum dactyloides	Blastx
SRR22534752	NODE_38581_length_413_cov_3.536842	43.9	413	299	0.190635	4.18e-07	acc|GENBANK|UOG94093.1|NEIGHBOR|OM876856|serine threonine-protein phosphatase [Aureococcus anophagefferens virus]	Aureococcus anophagefferens virus	Blastx
SRR22534752	NODE_44066_length_203_cov_2.082353	45.6	203	1705	0.033431	4.19e-07	acc|REFSEQ|YP_009165166.1|REFSEQ|NC_027867|serine-threonine kinase [Mollivirus sibericum]	Mollivirus sibericum	Blastx
SRR22534752	NODE_21072_length_242_cov_3.454545	50.0	242	285	0.203509	4.22e-07	acc|GENBANK|AYV80545.1|GENBANK|MK072244|hypothetical protein [Harvfovirus sp.]	Harvfovirus sp.	Blastx
SRR22534752	NODE_25275_length_260_cov_4.030837	38.8	260	520	0.163462	4.58e-07	acc|GENBANK|APO14197.1|GENBANK|KX098475|truncated DELLA protein [Setaria italica]	Setaria italica	Blastx
SRR22534752	NODE_7148_length_1917_cov_10.588641	32.0	1917	1946	0.065776	4.60e-07	acc|GENBANK|ADB85424.1|GENBANK|GQ252887|putative retrotransposon protein [Phyllostachys edulis]	Phyllostachys edulis	Blastx
SRR22534752	NODE_50247_length_277_cov_0.959016	37.2	277	278	0.280576	4.60e-07	acc|GENBANK|AYV76281.1|GENBANK|MK071983|E3 ubiquitin-protein ligase Siah2 [Terrestrivirus sp.]	Terrestrivirus sp.	Blastx
SRR22534752	NODE_6290_length_841_cov_7.617574	39.1	841	285	0.242105	4.61e-07	acc|REFSEQ|YP_008378255.1|REFSEQ|NC_021923|iap-3 [Hemileuca sp. nucleopolyhedrovirus]	Hemileuca sp. nucleopolyhedrovirus	Blastx
SRR22534752	NODE_37845_length_211_cov_15.219101	37.7	211	544	0.141544	4.62e-07	acc|REFSEQ|YP_009483380.1|REFSEQ|NC_037667|Glycosyl hydrolase family 1 protein [Pandoravirus quercus]	Pandoravirus quercus	Blastx
SRR22534752	NODE_42131_length_488_cov_6.613187	41.0	488	323	0.256966	4.64e-07	acc|GENBANK|AYV87081.1|GENBANK|MK072529|putative fatty acid hydroxylase [Sylvanvirus sp.]	Sylvanvirus sp.	Blastx
SRR22534752	NODE_24565_length_258_cov_2.488889	41.8	258	936	0.071581	4.73e-07	acc|GENBANK|QFG74471.1|GENBANK|MN448288|glycine cleavage system P-protein [Megaviridae environmental sample]	Megaviridae environmental sample	Blastx
SRR22534752	NODE_7983_length_683_cov_11.292308	45.6	683	258	0.220930	4.75e-07	acc|GENBANK|WMV02893.1|GENBANK|OP630990|alpha-tubulin [Diderma spumarioides]	Diderma spumarioides	Blastx
SRR22534752	NODE_3146_length_943_cov_14.614286	30.2	943	450	0.448889	4.76e-07	acc|GENBANK|AGE59680.1|GENBANK|JX997186|hypothetical protein [Acanthocystis turfacea Chlorella virus TN603.4.2]	Acanthocystis turfacea Chlorella virus TN603.4.2	Blastx
SRR22534752	NODE_43774_length_927_cov_11.702461	39.7	927	353	0.164306	4.79e-07	acc|GENBANK|WGU26821.1|GENBANK|OQ503488|S-acyltransferase 11-like protein [Triticum monococcum]	Triticum monococcum	Blastx
SRR22534752	NODE_32079_length_646_cov_3.973899	31.5	646	246	0.581301	4.84e-07	acc|GENBANK|AYV75709.1|GENBANK|MK071980|glutamine amidotransferase [Terrestrivirus sp.]	Terrestrivirus sp.	Blastx
SRR22534752	NODE_34845_length_265_cov_1.866379	33.3	265	447	0.194631	4.88e-07	acc|GENBANK|AAD27549.1|GENBANK|AF111709|unknown [Oryza sativa Indica Group]	Oryza sativa Indica Group	Blastx
SRR22534752	NODE_35744_length_277_cov_2.065574	40.0	277	97	0.567010	4.88e-07	acc|GENBANK|AUF82187.1|GENBANK|KY322437|SANT superfamily protein [Tetraselmis virus 1]	Tetraselmis virus 1	Blastx
SRR22534752	NODE_21263_length_213_cov_1.272222	42.9	213	925	0.075676	4.89e-07	acc|GENBANK|ABY48139.1|GENBANK|EU306659|NORK [Medicago truncatula]	Medicago truncatula	Blastx
SRR22534752	NODE_1748_length_1517_cov_25.638140	27.5	1517	322	0.565217	4.90e-07	acc|GENBANK|QFG74515.1|GENBANK|MN448289|signal peptide peptidase [Megaviridae environmental sample]	Megaviridae environmental sample	Blastx
SRR22534752	NODE_41208_length_465_cov_4.074074	31.3	465	298	0.429530	4.90e-07	acc|GENBANK|UOG94399.1|NEIGHBOR|OM876856|hypothetical protein [Aureococcus anophagefferens virus]	Aureococcus anophagefferens virus	Blastx
SRR22534752	NODE_33222_length_292_cov_2.517375	46.6	292	488	0.118852	4.98e-07	acc|GENBANK|AFQ62789.1|GENBANK|JX305313|APN2 [Hymenoscyphus albidus]	Hymenoscyphus albidus	Blastx
SRR22534752	NODE_19325_length_854_cov_11.333739	31.1	854	526	0.287072	5.01e-07	acc|GENBANK|AGE49088.1|GENBANK|JX997155|cellulose synthase catalytic subunit [Acanthocystis turfacea Chlorella virus Br0604L]	Acanthocystis turfacea Chlorella virus Br0604L	Blastx
SRR22534752	NODE_6376_length_873_cov_6.416667	25.2	873	336	0.672619	5.04e-07	acc|GENBANK|ACG25132.1|GENBANK|EU953014|retrotransposon protein [Zea mays]	Zea mays	Blastx
SRR22534752	NODE_24796_length_420_cov_3.165375	43.6	420	97	0.567010	5.04e-07	acc|GENBANK|AUF82187.1|GENBANK|KY322437|SANT superfamily protein [Tetraselmis virus 1]	Tetraselmis virus 1	Blastx
SRR22534752	NODE_16640_length_610_cov_7.835355	52.7	610	1384	0.039740	5.22e-07	acc|GENBANK|ADB85299.1|GENBANK|GQ252825|putative retrotransposon protein [Phyllostachys edulis]	Phyllostachys edulis	Blastx
SRR22534752	NODE_2169_length_830_cov_7.412798	41.4	830	845	0.082840	5.34e-07	acc|GENBANK|QYA18873.1|GENBANK|MZ420155|SNF2 family DNA-dependent ATPase [Clandestinovirus]	Clandestinovirus	Blastx
SRR22534752	NODE_23493_length_222_cov_2.396825	46.6	222	480	0.152083	5.38e-07	acc|GENBANK|ASU92288.1|GENBANK|KX759199|kindr F6 [Zea mays]	Zea mays	Blastx
SRR22534752	NODE_34862_length_432_cov_1.691729	39.7	432	322	0.242236	5.43e-07	acc|GENBANK|AYV84288.1|GENBANK|MK072403|hypothetical protein [Hyperionvirus sp.]	Hyperionvirus sp.	Blastx
SRR22534752	NODE_19398_length_767_cov_5.415531	39.3	767	205	0.409756	5.45e-07	acc|GENBANK|QBK87090.1|GENBANK|MK500343|ribose/galactose isomerase [Marseillevirus LCMAC103]	Marseillevirus LCMAC103	Blastx
SRR22534752	NODE_14993_length_204_cov_1.801170	42.0	204	321	0.214953	5.46e-07	acc|GENBANK|WNO44371.1|NEIGHBOR|OR240231|Movement protein [Dahlia mosaic virus]	Dahlia mosaic virus	Blastx
SRR22534752	NODE_49122_length_243_cov_1.114286	40.5	243	4062	0.018218	5.47e-07	acc|GENBANK|QOR60750.1|GENBANK|MK522039|hypothetical protein [Bathycoccus sp. RCC716 virus 3]	Bathycoccus sp. RCC716 virus 3	Blastx
SRR22534752	NODE_15182_length_409_cov_6.867021	31.1	409	925	0.128649	5.52e-07	acc|GENBANK|ABY48139.1|GENBANK|EU306659|NORK [Medicago truncatula]	Medicago truncatula	Blastx
SRR22534752	NODE_11557_length_1903_cov_25.613369	38.2	1903	77	0.883117	5.66e-07	acc|GENBANK|UZE89784.1|GENBANK|ON704650|V-UBI [Parapoynx stagnalis nucleopolyhedrovirus]	Parapoynx stagnalis nucleopolyhedrovirus	Blastx
SRR22534752	NODE_33684_length_213_cov_1.111111	61.0	213	223	0.183857	5.66e-07	acc|GENBANK|ACB45088.1|GENBANK|EU365381|CRT binding factor 2 [Solanum habrochaites]	Solanum habrochaites	Blastx
SRR22534752	NODE_17936_length_1198_cov_9.281545	26.4	1198	878	0.228929	5.69e-07	acc|GENBANK|QKF94322.1|GENBANK|MT418680|glycosyl transferase family 1 [Fadolivirus FV1/VV64]	Fadolivirus FV1/VV64	Blastx
SRR22534752	NODE_45359_length_830_cov_12.981179	26.3	830	337	0.338279	5.77e-07	acc|GENBANK|AYV76266.1|GENBANK|MK071983|ubiquitin carboxyl-terminal hydrolase 2 [Terrestrivirus sp.]	Terrestrivirus sp.	Blastx
SRR22534752	NODE_13035_length_211_cov_1.966292	47.9	211	310	0.154839	5.80e-07	acc|GENBANK|AYV86922.1|GENBANK|MK072520|hypothetical protein [Sylvanvirus sp.]	Sylvanvirus sp.	Blastx
SRR22534752	NODE_12424_length_334_cov_1.382060	32.0	334	467	0.207709	5.86e-07	acc|GENBANK|API81738.1|NEIGHBOR|KU052222|hypothetical protein [Cafeteriavirus-dependent mavirus]	Cafeteriavirus-dependent mavirus	Blastx
SRR22534752	NODE_14580_length_335_cov_4.572848	37.8	335	518	0.214286	5.94e-07	acc|GENBANK|QPI16131.1|GENBANK|MW030532|hypothetical protein [Virus NIOZ-UU157]	Virus NIOZ-UU157	Blastx
SRR22534752	NODE_38552_length_204_cov_3.561404	28.4	204	152	0.440789	5.94e-07	acc|GENBANK|AYV87044.1|GENBANK|MK072526|putative nnucleoredoxin [Sylvanvirus sp.]	Sylvanvirus sp.	Blastx
SRR22534752	NODE_42883_length_547_cov_5.984436	40.3	547	391	0.171355	6.18e-07	acc|GENBANK|AYV76056.1|GENBANK|MK071982|DnaJ domain protein [Terrestrivirus sp.]	Terrestrivirus sp.	Blastx
SRR22534752	NODE_2098_length_1589_cov_13.594473	26.5	1589	547	0.586837	6.23e-07	acc|GENBANK|AYV86548.1|GENBANK|MK072509|hypothetical protein [Sylvanvirus sp.]	Sylvanvirus sp.	Blastx
SRR22534752	NODE_1786_length_1612_cov_42.545282	45.1	1612	125	0.656000	6.26e-07	acc|GENBANK|QDY51830.1|GENBANK|MK250085|cold-shock DNA-binding domain protein [Mimiviridae sp. ChoanoV1]	Mimiviridae sp. ChoanoV1	Blastx
SRR22534752	NODE_6305_length_829_cov_25.278894	32.1	829	299	0.438127	6.51e-07	acc|GENBANK|QBK91775.1|GENBANK|MK500565|mitochondrial carrier-like protein [Pithovirus LCPAC304]	Pithovirus LCPAC304	Blastx
SRR22534752	NODE_49439_length_252_cov_1.602740	47.6	252	276	0.152174	6.52e-07	acc|GENBANK|ABV29330.1|GENBANK|EU126948|truncated bromodomain-containing protein 2b [Danio rerio]	Danio rerio	Blastx
SRR22534752	NODE_14114_length_723_cov_10.924638	47.8	723	334	0.206587	6.54e-07	acc|GENBANK|QBK91883.1|GENBANK|MK500566|GDP-mannose 4,6 dehydratase [Pithovirus LCPAC304]	Pithovirus LCPAC304	Blastx
SRR22534752	NODE_49758_length_262_cov_1.021834	39.2	262	585	0.135043	6.56e-07	acc|GENBANK|SPN79811.1|GENBANK|LT994651|ABC2 type transporter superfamily protein [Brazilian cedratvirus IHUMI]	Brazilian cedratvirus IHUMI	Blastx
SRR22534752	NODE_38082_length_219_cov_9.107527	45.2	219	325	0.190769	6.67e-07	acc|GENBANK|ABY48134.1|GENBANK|EU306659|bHLH transcription factor [Medicago truncatula]	Medicago truncatula	Blastx
SRR22534752	NODE_2541_length_1558_cov_11.771148	27.0	1558	642	0.409657	6.70e-07	acc|GENBANK|QDY52194.1|GENBANK|MK250088|acyl-CoA dehydrogenase [Mimiviridae sp. ChoanoV1]	Mimiviridae sp. ChoanoV1	Blastx
SRR22534752	NODE_26703_length_423_cov_6.369231	46.0	423	322	0.155280	6.84e-07	acc|GENBANK|QBK87453.1|GENBANK|MK500352|resolvase [Marseillevirus LCMAC201]	Marseillevirus LCMAC201	Blastx
SRR22534752	NODE_44285_length_443_cov_9.248780	33.0	443	483	0.238095	6.93e-07	acc|GENBANK|AYV80388.1|GENBANK|MK072243|cytochrome P450 704B1 [Harvfovirus sp.]	Harvfovirus sp.	Blastx
SRR22534752	NODE_41546_length_689_cov_5.457317	26.8	689	267	0.685393	7.15e-07	acc|GENBANK|WRJ69708.1|GENBANK|OR001839|mitochondrial substrate carrier family protein [Oceanusvirus sp.]	Oceanusvirus sp.	Blastx
SRR22534752	NODE_19311_length_631_cov_11.635452	35.9	631	179	0.810056	7.17e-07	acc|GENBANK|URM62137.1|GENBANK|MT663335|family 2C serinethreonine phosphatase [Mimivirus sp.]	Mimivirus sp.	Blastx
SRR22534752	NODE_16291_length_980_cov_1.930306	44.6	980	828	0.100242	7.22e-07	acc|GENBANK|QBK89319.1|GENBANK|MK500414|U-box domain protein [Mimivirus LCMiAC02]	Mimivirus LCMiAC02	Blastx
SRR22534752	NODE_42956_length_676_cov_10.423017	40.4	676	353	0.161473	7.26e-07	acc|GENBANK|WGU26821.1|GENBANK|OQ503488|S-acyltransferase 11-like protein [Triticum monococcum]	Triticum monococcum	Blastx
SRR22534752	NODE_3634_length_478_cov_104.004494	29.1	478	182	0.829670	7.30e-07	acc|GENBANK|BDT62002.1|GENBANK|LC738871|hypothetical protein [Penaeus monodon majanivirus B]	Penaeus monodon majanivirus B	Blastx
SRR22534752	NODE_32490_length_248_cov_1.483721	45.7	248	484	0.095041	7.33e-07	acc|GENBANK|AYV77733.1|GENBANK|MK072066|CYP86A7 [Edafosvirus sp.]	Edafosvirus sp.	Blastx
SRR22534752	NODE_14062_length_305_cov_12.930147	36.7	305	363	0.217631	7.46e-07	acc|GENBANK|AGU70139.1|GENBANK|KF270090|protein kinase superfamily protein [Tarenaya hassleriana]	Tarenaya hassleriana	Blastx
SRR22534752	NODE_9559_length_660_cov_34.948963	33.9	660	422	0.272512	7.51e-07	acc|GENBANK|QDY52462.1|GENBANK|MK250094|aminotransferase class-III protein [Mimiviridae sp. ChoanoV1]	Mimiviridae sp. ChoanoV1	Blastx
SRR22534752	NODE_36504_length_211_cov_9.960674	44.4	211	299	0.240803	7.80e-07	acc|GENBANK|ARF09764.1|GENBANK|KY684087|serine/threonine protein kinase [Indivirus ILV1]	Indivirus ILV1	Blastx
SRR22534752	NODE_45833_length_661_cov_8.457006	23.1	661	5753	0.027812	8.06e-07	acc|GENBANK|WBY66448.1|GENBANK|OP019096|polyprotein [Eriocheir sinensis Cholera-like Virus]	Eriocheir sinensis Cholera-like Virus	Blastx
SRR22534752	NODE_42213_length_602_cov_6.833040	54.5	602	701	0.062767	8.09e-07	acc|REFSEQ|YP_010781363.1|REFSEQ|NC_075039|phosphoinositide 3-kinase [Tupanvirus soda lake]	Tupanvirus soda lake	Blastx
SRR22534752	NODE_42951_length_390_cov_10.871148	32.7	390	279	0.362007	8.16e-07	acc|REFSEQ|YP_009408214.1|REFSEQ|NC_035468|esterase/lipase [Murmansk poxvirus]	Murmansk poxvirus	Blastx
SRR22534752	NODE_2481_length_260_cov_33.378855	41.1	260	383	0.190601	8.31e-07	acc|GENBANK|AJA91762.1|GENBANK|KM434202|dihydroflavonol 4-reductase [Allium cepa]	Allium cepa	Blastx
SRR22534752	NODE_17838_length_344_cov_8.652733	42.9	344	378	0.166667	8.47e-07	acc|GENBANK|ACN72775.1|GENBANK|FJ791046|delta-12 oleate desaturase [Helianthus annuus]	Helianthus annuus	Blastx
SRR22534752	NODE_17821_length_394_cov_5.534626	44.4	394	173	0.312139	8.52e-07	acc|GENBANK|AYV84055.1|GENBANK|MK072398|hypothetical protein [Hyperionvirus sp.]	Hyperionvirus sp.	Blastx
SRR22534752	NODE_18066_length_1161_cov_14.523050	26.8	1161	454	0.394273	8.53e-07	acc|REFSEQ|YP_010781807.1|REFSEQ|NC_075039|hypothetical protein [Tupanvirus soda lake]	Tupanvirus soda lake	Blastx
SRR22534752	NODE_27601_length_316_cov_5.480565	30.8	316	383	0.237598	8.65e-07	acc|GENBANK|AJA91762.1|GENBANK|KM434202|dihydroflavonol 4-reductase [Allium cepa]	Allium cepa	Blastx
SRR22534752	NODE_14752_length_421_cov_16.463918	34.7	421	2037	0.048110	8.90e-07	acc|GENBANK|ABG37663.1|GENBANK|DQ536170|CCHC-type integrase [Populus trichocarpa]	Populus trichocarpa	Blastx
SRR22534752	NODE_33826_length_391_cov_2.569832	38.9	391	310	0.232258	9.10e-07	acc|GENBANK|AYV80377.1|GENBANK|MK072243|tRNaseZ [Harvfovirus sp.]	Harvfovirus sp.	Blastx
SRR22534752	NODE_13058_length_556_cov_77.422562	50.0	556	239	0.267782	9.24e-07	acc|GENBANK|CAK7596667.1|GENBANK|OZ003748|Cyclophilin-like homologous superfamily [Catovirus sp. 'naegleriensis']	Catovirus sp. 'naegleriensis'	Blastx
SRR22534752	NODE_19421_length_754_cov_51.327323	38.6	754	228	0.364035	9.34e-07	acc|GENBANK|CAK7597209.1|GENBANK|OZ003748|RNA-binding/Nucleotide-binding alpha-beta plait [Catovirus sp. 'naegleriensis']	Catovirus sp. 'naegleriensis'	Blastx
SRR22534752	NODE_466_length_1006_cov_11.698869	30.7	1006	322	0.475155	9.36e-07	acc|GENBANK|QFG74515.1|GENBANK|MN448289|signal peptide peptidase [Megaviridae environmental sample]	Megaviridae environmental sample	Blastx
SRR22534752	NODE_13690_length_1225_cov_7.247483	22.7	1225	453	0.825607	9.63e-07	acc|REFSEQ|YP_010780516.1|REFSEQ|NC_075038|hypothetical protein [Tupanvirus deep ocean]	Tupanvirus deep ocean	Blastx
SRR22534752	NODE_14849_length_733_cov_3.065714	35.3	733	600	0.193333	9.70e-07	acc|REFSEQ|YP_010781150.1|REFSEQ|NC_075038|hypothetical protein [Tupanvirus deep ocean]	Tupanvirus deep ocean	Blastx
SRR22534752	NODE_795_length_645_cov_6.204248	28.7	645	549	0.311475	1.03e-06	acc|GENBANK|WGU26819.1|GENBANK|OQ503488|BTB/POZ domain-containing protein [Triticum monococcum]	Triticum monococcum	Blastx
SRR22534752	NODE_4543_length_507_cov_44.107595	49.2	507	1619	0.040148	1.07e-06	acc|GENBANK|BCS82572.1|GENBANK|AP024483|putative serine/threonine-protein kinase [Cotonvirus japonicus]	Cotonvirus japonicus	Blastx
SRR22534752	NODE_16738_length_881_cov_4.349057	37.5	881	662	0.120846	1.11e-06	acc|GENBANK|QBK89366.1|GENBANK|MK500417|DNA-directed RNA polymerase subunit alpha [Mimivirus LCMiAC02]	Mimivirus LCMiAC02	Blastx
SRR22534752	NODE_12315_length_716_cov_5.937042	54.3	716	508	0.090551	1.11e-06	acc|GENBANK|AWA44804.1|GENBANK|MH182523|hypothetical protein [Saccharum officinarum]	Saccharum officinarum	Blastx
SRR22534752	NODE_426_length_770_cov_10.791045	40.8	770	168	0.291667	1.12e-06	acc|GENBANK|QFG73655.1|GENBANK|MN448266|hypothetical protein [Megaviridae environmental sample]	Megaviridae environmental sample	Blastx
SRR22534752	NODE_25804_length_656_cov_3.905297	34.5	656	125	0.672000	1.12e-06	acc|GENBANK|AYV76397.1|GENBANK|MK071984|vesicle-associated membrane protein 4 [Terrestrivirus sp.]	Terrestrivirus sp.	Blastx
SRR22534752	NODE_40626_length_1111_cov_8.200371	35.5	1111	130	0.953846	1.13e-06	acc|GENBANK|QBK94065.1|GENBANK|MK500612|cytidylyltransferase family protein [Pithovirus LCPAC406]	Pithovirus LCPAC406	Blastx
SRR22534752	NODE_27664_length_308_cov_1.603636	48.1	308	630	0.085714	1.13e-06	acc|REFSEQ|YP_009001225.1|REFSEQ|NC_023423|ABC transporter [Pithovirus sibericum]	Pithovirus sibericum	Blastx
SRR22534752	NODE_3402_length_988_cov_20.498429	46.3	988	173	0.312139	1.16e-06	acc|GENBANK|AYV84055.1|GENBANK|MK072398|hypothetical protein [Hyperionvirus sp.]	Hyperionvirus sp.	Blastx
SRR22534752	NODE_40289_length_677_cov_5.793478	48.1	677	258	0.201550	1.17e-06	acc|GENBANK|WMV02893.1|GENBANK|OP630990|alpha-tubulin [Diderma spumarioides]	Diderma spumarioides	Blastx
SRR22534752	NODE_7846_length_450_cov_1.717026	34.9	450	1633	0.066748	1.18e-06	acc|GENBANK|AMK62058.1|NEIGHBOR|KF959826|serine threonine-protein kinase receptor [Samba virus]	Samba virus	Blastx
SRR22534752	NODE_9133_length_465_cov_6.277778	56.3	465	541	0.088725	1.20e-06	acc|REFSEQ|YP_009481536.1|REFSEQ|NC_037665|2-aminooxy adenylosuccinate synthetase [Pandoravirus macleodensis]	Pandoravirus macleodensis	Blastx
SRR22534752	NODE_3834_length_913_cov_1.942045	55.3	913	207	0.227053	1.22e-06	acc|REFSEQ|YP_009552206.1|REFSEQ|NC_040606|ubitquitin ligase RING1-like protein [Malacosoma neustria nucleopolyhedrovirus]	Malacosoma neustria nucleopolyhedrovirus	Blastx
SRR22534752	NODE_36090_length_240_cov_2.086957	55.3	240	352	0.107955	1.22e-06	acc|GENBANK|WGU26813.1|GENBANK|OQ503488|hypothetical protein [Triticum monococcum]	Triticum monococcum	Blastx
SRR22534752	NODE_49779_length_262_cov_6.131004	31.4	262	623	0.138042	1.23e-06	acc|GENBANK|AYV81860.1|GENBANK|MK072312|peptidase M13 [Harvfovirus sp.]	Harvfovirus sp.	Blastx
SRR22534752	NODE_4961_length_748_cov_35.700699	36.9	748	228	0.368421	1.24e-06	acc|GENBANK|CAK7597209.1|GENBANK|OZ003748|RNA-binding/Nucleotide-binding alpha-beta plait [Catovirus sp. 'naegleriensis']	Catovirus sp. 'naegleriensis'	Blastx
SRR22534752	NODE_27749_length_272_cov_1.372385	50.0	272	319	0.144201	1.24e-06	acc|REFSEQ|YP_008436953.1|REFSEQ|NC_022098|Ring domain [Pandoravirus salinus]	Pandoravirus salinus	Blastx
SRR22534752	NODE_33743_length_214_cov_3.917127	45.0	214	1058	0.056711	1.25e-06	acc|GENBANK|AGE56710.1|GENBANK|JX997177|DNA topoisomerase II [Acanthocystis turfacea Chlorella virus NE-JV-2]	Acanthocystis turfacea Chlorella virus NE-JV-2	Blastx
SRR22534752	NODE_10743_length_675_cov_15.948598	29.0	675	274	0.616788	1.30e-06	acc|GENBANK|QBK85530.1|GENBANK|MK500327|formamidopyrimidine-DNA glycosylase [Marseillevirus LCMAC101]	Marseillevirus LCMAC101	Blastx
SRR22534752	NODE_50615_length_562_cov_26.204159	26.7	562	4836	0.033292	1.30e-06	acc|GENBANK|WIL96214.1|GENBANK|OP886460|polyprotein [Carrot alphaendornavirus 1]	Carrot alphaendornavirus 1	Blastx
SRR22534752	NODE_15347_length_533_cov_10.900000	28.8	533	358	0.446927	1.32e-06	acc|GENBANK|BCU03169.1|GENBANK|LC625835|Isopenicillin N synthase domain containing [Pandoravirus japonicus]	Pandoravirus japonicus	Blastx
SRR22534752	NODE_36348_length_507_cov_2.177215	37.0	507	749	0.133511	1.34e-06	acc|GENBANK|QKF94596.1|GENBANK|MT418680|HrpA-like RNA helicase [Fadolivirus FV1/VV64]	Fadolivirus FV1/VV64	Blastx
SRR22534752	NODE_38396_length_296_cov_2.231939	29.9	296	588	0.147959	1.34e-06	acc|GENBANK|QOI90522.1|GENBANK|MT663539|hypothetical protein [Pyramimonas orientalis virus]	Pyramimonas orientalis virus	Blastx
SRR22534752	NODE_20759_length_588_cov_2.657658	34.4	588	678	0.132743	1.35e-06	acc|GENBANK|CCQ71325.1|GENBANK|HF586476|hypothetical kinesin-like protein KIF3 [Cotesia congregata]	Cotesia congregata	Blastx
SRR22534752	NODE_33585_length_325_cov_2.592466	37.2	325	547	0.157221	1.37e-06	acc|GENBANK|BFL61773.1|GENBANK|LC813553|GMC oxidoreductase [Moumouvirus lavasanguinem]	Moumouvirus lavasanguinem	Blastx
SRR22534752	NODE_6408_length_1807_cov_12.326945	31.3	1807	225	0.595556	1.39e-06	acc|GENBANK|QFU19918.1|NEIGHBOR|MN160338|pV1 [European wheat striate mosaic virus]	European wheat striate mosaic virus	Blastx
SRR22534752	NODE_23494_length_222_cov_4.402116	56.0	222	678	0.073746	1.40e-06	acc|GENBANK|CCQ71325.1|GENBANK|HF586476|hypothetical kinesin-like protein KIF3 [Cotesia congregata]	Cotesia congregata	Blastx
SRR22534752	NODE_9312_length_565_cov_10.274436	35.6	565	497	0.146881	1.42e-06	acc|GENBANK|AYV83822.1|GENBANK|MK072394|cytochrome P450 704B1 [Hyperionvirus sp.]	Hyperionvirus sp.	Blastx
SRR22534752	NODE_29221_length_246_cov_5.323944	36.1	246	1406	0.051209	1.43e-06	acc|GENBANK|SOB74431.1|GENBANK|LT907979|serine/threonine protein kinase [Cedratvirus lausannensis]	Cedratvirus lausannensis	Blastx
SRR22534752	NODE_27057_length_201_cov_1.220238	41.5	201	912	0.071272	1.45e-06	acc|GENBANK|ACX48824.1|GENBANK|GQ923937|chromomethylase [Zea mays]	Zea mays	Blastx
SRR22534752	NODE_750_length_1217_cov_18.701014	30.8	1217	328	0.435976	1.46e-06	acc|GENBANK|QFG74295.1|GENBANK|MN448285|acyltransferase [Megaviridae environmental sample]	Megaviridae environmental sample	Blastx
SRR22534752	NODE_5151_length_456_cov_16.855792	30.6	456	278	0.482014	1.46e-06	acc|GENBANK|AYV76390.1|GENBANK|MK071984|mitochondrial carrier [Terrestrivirus sp.]	Terrestrivirus sp.	Blastx
SRR22534752	NODE_50539_length_252_cov_1.091324	32.1	252	467	0.179872	1.47e-06	acc|GENBANK|API81738.1|NEIGHBOR|KU052222|hypothetical protein [Cafeteriavirus-dependent mavirus]	Cafeteriavirus-dependent mavirus	Blastx
SRR22534752	NODE_5954_length_276_cov_3.954733	30.9	276	674	0.120178	1.49e-06	acc|GENBANK|UZT28900.1|GENBANK|OP765507|ATP-dependent zinc metalloprotease [Nucleocytoviricota sp.]	Nucleocytoviricota sp.	Blastx
SRR22534752	NODE_30385_length_206_cov_3.248555	47.6	206	630	0.100000	1.50e-06	acc|GENBANK|ADQ91175.1|GENBANK|HM004430|hypothetical protein [Bathycoccus sp. RCC1105 virus BpV2]	Bathycoccus sp. RCC1105 virus BpV2	Blastx
SRR22534752	NODE_13528_length_444_cov_20.450122	34.3	444	319	0.329154	1.53e-06	acc|GENBANK|AYV83965.1|GENBANK|MK072397|L-galactose dehydrogenase [Hyperionvirus sp.]	Hyperionvirus sp.	Blastx
SRR22534752	NODE_49489_length_254_cov_2.117647	34.6	254	253	0.308300	1.54e-06	acc|GENBANK|QFG74715.1|GENBANK|MN448290|triosephosphate isomerase [Megaviridae environmental sample]	Megaviridae environmental sample	Blastx
SRR22534752	NODE_22324_length_366_cov_3.735736	51.0	366	77	0.636364	1.54e-06	acc|GENBANK|WRJ69532.1|GENBANK|OR001839|SANT superfamily protein [Oceanusvirus sp.]	Oceanusvirus sp.	Blastx
SRR22534752	NODE_41468_length_558_cov_13.540952	30.2	558	227	0.700441	1.60e-06	acc|GENBANK|BBI30215.1|GENBANK|AP018495|DNA methyltransferase [Acanthamoeba castellanii medusavirus J1]	Acanthamoeba castellanii medusavirus J1	Blastx
SRR22534752	NODE_49619_length_258_cov_1.844444	38.6	258	776	0.113402	1.64e-06	acc|GENBANK|ABY48135.1|GENBANK|EU306659|beta-D-xylosidase [Medicago truncatula]	Medicago truncatula	Blastx
SRR22534752	NODE_3357_length_974_cov_12.951116	26.1	974	448	0.564732	1.66e-06	acc|GENBANK|UOG94283.1|NEIGHBOR|OM876856|pheophorbide a oxygenase [Aureococcus anophagefferens virus]	Aureococcus anophagefferens virus	Blastx
SRR22534752	NODE_13352_length_481_cov_9.272321	29.7	481	149	0.926174	1.66e-06	acc|GENBANK|AIB52031.1|GENBANK|KJ614390|ribosomal-protein-alanine acetyltransferase [Faustovirus]	Faustovirus	Blastx
SRR22534752	NODE_37829_length_379_cov_4.777457	35.0	379	378	0.211640	1.68e-06	acc|GENBANK|ACN72775.1|GENBANK|FJ791046|delta-12 oleate desaturase [Helianthus annuus]	Helianthus annuus	Blastx
SRR22534752	NODE_13524_length_388_cov_5.287324	22.5	388	206	0.538835	1.69e-06	acc|GENBANK|AYV87120.1|GENBANK|MK072532|hypothetical protein [Sylvanvirus sp.]	Sylvanvirus sp.	Blastx
SRR22534752	NODE_20439_length_395_cov_15.734807	38.3	395	1986	0.047331	1.70e-06	acc|GENBANK|UPX44629.1|GENBANK|MW713447|hypothetical protein [Piper nigrum]	Piper nigrum	Blastx
SRR22534752	NODE_1352_length_1556_cov_29.425476	25.3	1556	332	0.762048	1.73e-06	acc|REFSEQ|YP_010776497.1|REFSEQ|NC_075034|putative alpha/beta hydrolase [Powai lake megavirus]	Powai lake megavirus	Blastx
SRR22534752	NODE_517_length_618_cov_11.454701	27.0	618	272	0.694853	1.74e-06	acc|GENBANK|AYV84908.1|GENBANK|MK072435|serine/threonine protein phosphatase [Hyperionvirus sp.]	Hyperionvirus sp.	Blastx
SRR22534752	NODE_44146_length_271_cov_10.810924	32.9	271	336	0.235119	1.74e-06	acc|GENBANK|WBR61423.1|GENBANK|ON052824|BTB POZ roadkill-like [Drosophila suzukii associated hytrosavirus 1]	Drosophila suzukii associated hytrosavirus 1	Blastx
SRR22534752	NODE_20117_length_540_cov_7.800789	37.6	540	727	0.116919	1.75e-06	acc|GENBANK|ABY48138.1|GENBANK|EU306659|ABC transporter [Medicago truncatula]	Medicago truncatula	Blastx
SRR22534752	NODE_8675_length_593_cov_5.037500	29.4	593	540	0.220370	1.76e-06	acc|REFSEQ|YP_009483172.1|REFSEQ|NC_037667|Cytochrome P450 [Pandoravirus quercus]	Pandoravirus quercus	Blastx
SRR22534752	NODE_49988_length_268_cov_1.991489	67.7	268	115	0.269565	1.82e-06	acc|GENBANK|AAX62221.1|GENBANK|AY959225|reverse transcriptase [Cycas revoluta]	Cycas revoluta	Blastx
SRR22534752	NODE_48491_length_219_cov_1.887097	43.5	219	630	0.098413	1.83e-06	acc|GENBANK|WIL05472.1|GENBANK|OQ413582|ABC2 type transporter superfamily protein [Pithovirus mammoth]	Pithovirus mammoth	Blastx
SRR22534752	NODE_14578_length_926_cov_4.236282	24.1	926	326	0.763804	1.85e-06	acc|GENBANK|WGO62754.1|GENBANK|OP810554|hypothetical protein [Wadden Sea poxvirus]	Wadden Sea poxvirus	Blastx
SRR22534752	NODE_1658_length_465_cov_14.152778	43.5	465	327	0.189602	1.86e-06	acc|GENBANK|QFG73901.1|GENBANK|MN448274|papain family cysteine protease [Megaviridae environmental sample]	Megaviridae environmental sample	Blastx
SRR22534752	NODE_1029_length_394_cov_9.152355	57.1	394	250	0.196000	1.87e-06	acc|GENBANK|QKF94408.1|GENBANK|MT418680|3-deoxy-D-manno-octulosonate [Fadolivirus FV1/VV64]	Fadolivirus FV1/VV64	Blastx
SRR22534752	NODE_37805_length_402_cov_5.287263	27.3	402	206	0.427184	1.94e-06	acc|GENBANK|AYV87120.1|GENBANK|MK072532|hypothetical protein [Sylvanvirus sp.]	Sylvanvirus sp.	Blastx
SRR22534752	NODE_27962_length_439_cov_3.586207	38.6	439	338	0.207101	2.05e-06	acc|REFSEQ|YP_009173263.1|REFSEQ|NC_028094|Ubox domain containing protein [Chrysochromulina ericina virus]	Chrysochromulina ericina virus	Blastx
SRR22534752	NODE_33230_length_387_cov_1.940678	45.8	387	747	0.078983	2.05e-06	acc|GENBANK|BAH57334.1|GENBANK|AB490083|DNA polymerase [Hipposideros diadema herpesvirus]	Hipposideros diadema herpesvirus	Blastx
SRR22534752	NODE_40486_length_903_cov_3.462069	37.6	903	300	0.310000	2.06e-06	acc|REFSEQ|YP_003969892.1|REFSEQ|NC_014637|putative exostosin family protein [Cafeteria roenbergensis virus BV-PW1]	Cafeteria roenbergensis virus BV-PW1	Blastx
SRR22534752	NODE_527_length_1265_cov_25.543831	29.8	1265	326	0.380368	2.08e-06	acc|GENBANK|CAK7597195.1|GENBANK|OZ003748|Zinc finger, RING/FYVE/PHD-type homologous [Catovirus sp. 'naegleriensis']	Catovirus sp. 'naegleriensis'	Blastx
SRR22534752	NODE_41550_length_654_cov_4.916264	30.8	654	340	0.352941	2.09e-06	acc|GENBANK|CAK7596995.1|GENBANK|OZ003748|Peptidase S8, subtilisin-related [Catovirus sp. 'naegleriensis']	Catovirus sp. 'naegleriensis'	Blastx
SRR22534752	NODE_16392_length_419_cov_5.295337	44.8	419	1105	0.060633	2.11e-06	acc|GENBANK|AAK84476.1|GENBANK|AF275345|unknown [Solanum lycopersicum]	Solanum lycopersicum	Blastx
SRR22534752	NODE_2375_length_732_cov_12.935622	39.0	732	463	0.166307	2.13e-06	acc|GENBANK|CAE02707.1|GENBANK|AJ575660|hypothetical protein [Yarrowia lipolytica]	Yarrowia lipolytica	Blastx
SRR22534752	NODE_40567_length_602_cov_7.147627	26.8	602	359	0.353760	2.13e-06	acc|GENBANK|QKF93741.1|GENBANK|MT418680|replication factor C small subunit [Fadolivirus FV1/VV64]	Fadolivirus FV1/VV64	Blastx
SRR22534752	NODE_33231_length_231_cov_2.939394	32.9	231	630	0.120635	2.14e-06	acc|GENBANK|WIL05472.1|GENBANK|OQ413582|ABC2 type transporter superfamily protein [Pithovirus mammoth]	Pithovirus mammoth	Blastx
SRR22534752	NODE_33403_length_397_cov_1.917582	26.9	397	549	0.196721	2.16e-06	acc|GENBANK|WGU26815.1|GENBANK|OQ503488|pentatricopeptide repeat-containing protein [Triticum monococcum]	Triticum monococcum	Blastx
SRR22534752	NODE_46621_length_1149_cov_13.458781	36.6	1149	318	0.317610	2.22e-06	acc|REFSEQ|YP_009174434.1|REFSEQ|NC_028108|putative heat shock protein 40 [Yellowstone lake phycodnavirus 3]	Yellowstone lake phycodnavirus 3	Blastx
SRR22534752	NODE_8533_length_1086_cov_9.059829	25.4	1086	344	0.825581	2.23e-06	acc|GENBANK|QDY51896.1|GENBANK|MK250085|hypothetical protein [Mimiviridae sp. ChoanoV1]	Mimiviridae sp. ChoanoV1	Blastx
SRR22534752	NODE_18081_length_593_cov_5.276786	43.4	593	164	0.323171	2.30e-06	acc|REFSEQ|YP_002154623.1|REFSEQ|NC_011183|putative ubiquitin ligase [Feldmannia species virus]	Feldmannia species virus	Blastx
SRR22534752	NODE_8472_length_2625_cov_14.390046	93.5	2625	3117	0.009945	2.35e-06	acc|GENBANK|AJD23395.1|NEIGHBOR|KJ789138|polyprotein [Japanese yam mosaic virus]	Japanese yam mosaic virus	Blastx
SRR22534752	NODE_38253_length_599_cov_2.856890	48.1	599	97	0.556701	2.35e-06	acc|GENBANK|AUF82187.1|GENBANK|KY322437|SANT superfamily protein [Tetraselmis virus 1]	Tetraselmis virus 1	Blastx
SRR22534752	NODE_26302_length_874_cov_4.730083	27.0	874	587	0.340716	2.47e-06	acc|GENBANK|WIL03492.1|GENBANK|OQ413576|ABC2 type transporter [Cedratvirus plubellavi]	Cedratvirus plubellavi	Blastx
SRR22534752	NODE_45707_length_1249_cov_9.541941	22.9	1249	480	0.554167	2.48e-06	acc|GENBANK|WZO87318.1|GENBANK|PP681894|NADH dehydrogenase [Chlorovirus sp.]	Chlorovirus sp.	Blastx
SRR22534752	NODE_31898_length_661_cov_9.726115	25.8	661	417	0.390887	2.48e-06	acc|GENBANK|QFG74701.1|GENBANK|MN448290|aminotransferase class-III [Megaviridae environmental sample]	Megaviridae environmental sample	Blastx
SRR22534752	NODE_37285_length_221_cov_3.164894	40.5	221	520	0.151923	2.48e-06	acc|GENBANK|APO14197.1|GENBANK|KX098475|truncated DELLA protein [Setaria italica]	Setaria italica	Blastx
SRR22534752	NODE_31966_length_413_cov_3.726316	41.7	413	567	0.105820	2.51e-06	acc|GENBANK|QYA18790.1|GENBANK|MZ420154|RuvB-like chromatin remodeling ATPase [Clandestinovirus]	Clandestinovirus	Blastx
SRR22534752	NODE_18871_length_808_cov_25.418065	31.7	808	590	0.203390	2.52e-06	acc|GENBANK|AYV86827.1|GENBANK|MK072516|CMGC/MAPK protein kinase [Sylvanvirus sp.]	Sylvanvirus sp.	Blastx
SRR22534752	NODE_46350_length_600_cov_16.640212	43.9	600	215	0.306977	2.52e-06	acc|GENBANK|QIG60204.1|GENBANK|MN940580|SWIB-domain containing protein [Dishui Lake large algae virus 1]	Dishui Lake large algae virus 1	Blastx
SRR22534752	NODE_8932_length_222_cov_13.846561	53.7	222	398	0.103015	2.54e-06	acc|GENBANK|AEX62163.1|GENBANK|JN885993|adenylosuccinate synthetase [Megavirus courdo7]	Megavirus courdo7	Blastx
SRR22534752	NODE_7916_length_247_cov_59.785047	35.1	247	455	0.169231	2.55e-06	acc|GENBANK|QFG73745.1|GENBANK|MN448270|elongation factor Tu GTP binding domain protein [Megaviridae environmental sample]	Megaviridae environmental sample	Blastx
SRR22534752	NODE_36834_length_261_cov_1.526316	50.0	261	272	0.169118	2.57e-06	acc|REFSEQ|YP_009666456.1|REFSEQ|NC_043520|Proliferating celular nuclear antigen [Lonomia obliqua multiple nucleopolyhedrovirus]	Lonomia obliqua multiple nucleopolyhedrovirus	Blastx
SRR22534752	NODE_10433_length_247_cov_1.112150	40.4	247	520	0.100000	2.57e-06	acc|GENBANK|APO14197.1|GENBANK|KX098475|truncated DELLA protein [Setaria italica]	Setaria italica	Blastx
SRR22534752	NODE_19644_length_484_cov_14.399113	49.0	484	686	0.071429	2.70e-06	acc|GENBANK|WNO13952.1|GENBANK|OQ968299|coat protein [Guapo partitivirus]	Guapo partitivirus	Blastx
SRR22534752	NODE_3214_length_1137_cov_24.147645	36.3	1137	239	0.334728	2.78e-06	acc|GENBANK|AYV83988.1|GENBANK|MK072397|RING/U-box superfamily protein [Hyperionvirus sp.]	Hyperionvirus sp.	Blastx
SRR22534752	NODE_3453_length_551_cov_30.187259	25.7	551	393	0.455471	2.91e-06	acc|GENBANK|CAA60725.1|GENBANK|X87297|J1585 [Saccharomyces cerevisiae]	Saccharomyces cerevisiae	Blastx
SRR22534752	NODE_46533_length_987_cov_11.268344	29.3	987	193	0.689119	2.96e-06	acc|REFSEQ|YP_009174583.1|REFSEQ|NC_028110|head maturation protease [Yellowstone lake phycodnavirus 2]	Yellowstone lake phycodnavirus 2	Blastx
SRR22534752	NODE_32165_length_506_cov_7.446089	27.8	506	496	0.290323	3.02e-06	acc|GENBANK|USC25894.1|GENBANK|OL685370|gta [Palpita vitrealis nucleopolyhedrovirus]	Palpita vitrealis nucleopolyhedrovirus	Blastx
SRR22534752	NODE_23003_length_444_cov_2.608273	36.8	444	218	0.261468	3.14e-06	acc|REFSEQ|YP_007003797.1|REFSEQ|NC_019491|protein ORF144 [Cyprinid herpesvirus 1]	Cyprinid herpesvirus 1	Blastx
SRR22534752	NODE_8449_length_1126_cov_5.783166	26.4	1126	288	0.486111	3.15e-06	acc|GENBANK|AGE60187.1|GENBANK|JX997187|serine/threonine-protein kinase [Acanthocystis turfacea Chlorella virus WI0606]	Acanthocystis turfacea Chlorella virus WI0606	Blastx
SRR22534752	NODE_42070_length_485_cov_5.112832	29.5	485	379	0.295515	3.18e-06	acc|GENBANK|AAT99858.1|GENBANK|AY598438|unknown [Diachasmimorpha longicaudata entomopoxvirus]	Diachasmimorpha longicaudata entomopoxvirus	Blastx
SRR22534752	NODE_11227_length_265_cov_25.693966	35.6	265	552	0.163043	3.23e-06	acc|GENBANK|QBK86872.1|GENBANK|MK500337|uncharacterized protein [Marseillevirus LCMAC103]	Marseillevirus LCMAC103	Blastx
SRR22534752	NODE_42988_length_435_cov_6.129353	42.5	435	680	0.107353	3.24e-06	acc|GENBANK|QFG73938.1|GENBANK|MN448274|AAA domain protein [Megaviridae environmental sample]	Megaviridae environmental sample	Blastx
SRR22534752	NODE_38973_length_242_cov_3.291866	37.9	242	475	0.138947	3.24e-06	acc|GENBANK|ARF12356.1|GENBANK|KY684112|fructose-1,6-bisphosphatase [Klosneuvirus KNV1]	Klosneuvirus KNV1	Blastx
SRR22534752	NODE_16795_length_262_cov_135.349345	61.1	262	175	0.205714	3.25e-06	acc|GENBANK|QDY52460.1|GENBANK|MK250094|acetohydroxy acid isomeroreductase [Mimiviridae sp. ChoanoV1]	Mimiviridae sp. ChoanoV1	Blastx
SRR22534752	NODE_6532_length_424_cov_2.887468	36.1	424	207	0.347826	3.27e-06	acc|GENBANK|AYV83265.1|GENBANK|MK072387|hypothetical protein [Hyperionvirus sp.]	Hyperionvirus sp.	Blastx
SRR22534752	NODE_700_length_991_cov_17.522965	25.0	991	291	0.893471	3.29e-06	acc|GENBANK|QDY52327.1|GENBANK|MK250090|hypothetical protein [Mimiviridae sp. ChoanoV1]	Mimiviridae sp. ChoanoV1	Blastx
SRR22534752	NODE_43288_length_551_cov_5.571429	41.3	551	634	0.118297	3.35e-06	acc|REFSEQ|YP_010782446.1|REFSEQ|NC_075039|putative acyl-CoA oxidase [Tupanvirus soda lake]	Tupanvirus soda lake	Blastx
SRR22534752	NODE_44655_length_481_cov_5.848214	32.0	481	577	0.221837	3.47e-06	acc|GENBANK|WHV01452.1|GENBANK|OQ865377|ankyrin repeat containing protein [Apapanepox virus]	Apapanepox virus	Blastx
SRR22534752	NODE_4765_length_488_cov_99.081319	27.9	488	278	0.553957	3.49e-06	acc|GENBANK|AYV76390.1|GENBANK|MK071984|mitochondrial carrier [Terrestrivirus sp.]	Terrestrivirus sp.	Blastx
SRR22534752	NODE_50495_length_384_cov_1.666667	33.6	384	506	0.241107	3.51e-06	acc|GENBANK|QCF61052.1|GENBANK|MH077961|gta [Troides aeacus nucleopolyhedrovirus]	Troides aeacus nucleopolyhedrovirus	Blastx
SRR22534752	NODE_17355_length_907_cov_5.140732	28.1	907	289	0.577855	3.52e-06	acc|GENBANK|AYV78214.1|GENBANK|MK072072|eukaryotic translation initiation factor 4G [Edafosvirus sp.]	Edafosvirus sp.	Blastx
SRR22534752	NODE_34374_length_329_cov_2.317568	33.0	329	480	0.227083	3.56e-06	acc|GENBANK|ASU92288.1|GENBANK|KX759199|kindr F6 [Zea mays]	Zea mays	Blastx
SRR22534752	NODE_47202_length_1019_cov_9.322515	42.4	1019	359	0.183844	3.62e-06	acc|GENBANK|UOG94301.1|NEIGHBOR|OM876856|pectate lyase [Aureococcus anophagefferens virus]	Aureococcus anophagefferens virus	Blastx
SRR22534752	NODE_18189_length_327_cov_12.017007	30.1	327	569	0.181019	3.63e-06	acc|GENBANK|ATZ80436.1|GENBANK|MF782455|multidrug export ATPase/permease [Bodo saltans virus]	Bodo saltans virus	Blastx
SRR22534752	NODE_24011_length_307_cov_1.594891	56.9	307	352	0.164773	3.65e-06	acc|GENBANK|WGU26813.1|GENBANK|OQ503488|hypothetical protein [Triticum monococcum]	Triticum monococcum	Blastx
SRR22534752	NODE_46206_length_622_cov_10.190153	34.9	622	294	0.282313	3.68e-06	acc|GENBANK|QFG73640.1|GENBANK|MN448266|hypothetical protein [Megaviridae environmental sample]	Megaviridae environmental sample	Blastx
SRR22534752	NODE_14706_length_946_cov_17.925520	27.5	946	890	0.244944	3.70e-06	acc|GENBANK|QGR53796.1|GENBANK|MK978772|glycosyltransferase [Moumouvirus maliensis]	Moumouvirus maliensis	Blastx
SRR22534752	NODE_30360_length_301_cov_1.649254	35.5	301	925	0.100541	3.77e-06	acc|GENBANK|ABY48139.1|GENBANK|EU306659|NORK [Medicago truncatula]	Medicago truncatula	Blastx
SRR22534752	NODE_40515_length_497_cov_5.553879	32.2	497	510	0.280392	3.83e-06	acc|REFSEQ|YP_009165152.1|REFSEQ|NC_027867|Cytochrome P450 [Mollivirus sibericum]	Mollivirus sibericum	Blastx
SRR22534752	NODE_107_length_343_cov_2.167742	62.5	343	335	0.119403	3.86e-06	acc|GENBANK|ABY48132.1|GENBANK|EU306659|GH1 protein [Medicago truncatula]	Medicago truncatula	Blastx
SRR22534752	NODE_42121_length_780_cov_4.733601	26.7	780	557	0.396768	3.92e-06	acc|GENBANK|WGU26825.1|GENBANK|OQ503488|putative acyl-activating enzyme 5 [Triticum monococcum]	Triticum monococcum	Blastx
SRR22534752	NODE_5966_length_1428_cov_14.366308	33.9	1428	117	0.982906	3.96e-06	acc|GENBANK|QDH76138.1|GENBANK|MK948413|putative gag protein [Porcine endogenous retrovirus]	Porcine endogenous retrovirus	Blastx
SRR22534752	NODE_22562_length_736_cov_22.943101	20.7	736	500	0.550000	4.05e-06	acc|REFSEQ|YP_009448979.1|REFSEQ|NC_036594|Cytochrome P450-like protein E-class [Orpheovirus IHUMI-LCC2]	Orpheovirus IHUMI-LCC2	Blastx
SRR22534752	NODE_10916_length_999_cov_41.652174	46.3	999	97	0.556701	4.05e-06	acc|GENBANK|AUF82187.1|GENBANK|KY322437|SANT superfamily protein [Tetraselmis virus 1]	Tetraselmis virus 1	Blastx
SRR22534752	NODE_9939_length_401_cov_38.720109	31.3	401	495	0.270707	4.05e-06	acc|GENBANK|BCS82793.1|GENBANK|AP024483|WD-repeat family protein [Cotonvirus japonicus]	Cotonvirus japonicus	Blastx
SRR22534752	NODE_17846_length_751_cov_6.430362	39.2	751	434	0.223502	4.07e-06	acc|GENBANK|AYV85709.1|GENBANK|MK072468|amino oxidase family protein [Satyrvirus sp.]	Satyrvirus sp.	Blastx
SRR22534752	NODE_45781_length_836_cov_9.185554	28.8	836	727	0.224209	4.08e-06	acc|GENBANK|ADB85269.1|GENBANK|GQ252805|putative lectin-like protein kinase [Phyllostachys edulis]	Phyllostachys edulis	Blastx
SRR22534752	NODE_512_length_505_cov_37.843220	37.2	505	498	0.172691	4.10e-06	acc|GENBANK|XHA59766.1|GENBANK|OR863077|thermosome [Poseidoniales virus]	Poseidoniales virus	Blastx
SRR22534752	NODE_40383_length_315_cov_3.563830	36.1	315	387	0.186047	4.12e-06	acc|GENBANK|QBH75964.1|NEIGHBOR|MH790554|RL2_4 [Human alphaherpesvirus 2]	Human alphaherpesvirus 2	Blastx
SRR22534752	NODE_8360_length_2806_cov_11.054093	46.2	2806	724	0.107735	4.14e-06	acc|GENBANK|ADK47523.1|GENBANK|HM124452|NBS3-RDG2A [Hordeum vulgare subsp. vulgare]	Hordeum vulgare subsp. vulgare	Blastx
SRR22534752	NODE_12650_length_365_cov_29.858434	37.9	365	1059	0.082153	4.15e-06	acc|REFSEQ|YP_009120775.1|REFSEQ|NC_026440|glutamine amidotransferase [Pandoravirus inopinatum]	Pandoravirus inopinatum	Blastx
SRR22534752	NODE_31547_length_555_cov_4.695402	30.9	555	278	0.348921	4.20e-06	acc|GENBANK|AYV76281.1|GENBANK|MK071983|E3 ubiquitin-protein ligase Siah2 [Terrestrivirus sp.]	Terrestrivirus sp.	Blastx
SRR22534752	NODE_3365_length_288_cov_44.847059	34.6	288	455	0.178022	4.24e-06	acc|GENBANK|QFG73745.1|GENBANK|MN448270|elongation factor Tu GTP binding domain protein [Megaviridae environmental sample]	Megaviridae environmental sample	Blastx
SRR22534752	NODE_42873_length_399_cov_3.251366	37.7	399	832	0.127404	4.34e-06	acc|GENBANK|BAD00047.1|GENBANK|AB119282|Fusion protein, Feo [Hepacivirus hominis]	Hepacivirus hominis	Blastx
SRR22534752	NODE_23319_length_370_cov_17.139466	32.1	370	925	0.141622	4.38e-06	acc|GENBANK|ABY48139.1|GENBANK|EU306659|NORK [Medicago truncatula]	Medicago truncatula	Blastx
SRR22534752	NODE_1264_length_483_cov_37.060000	37.4	483	221	0.411765	4.39e-06	acc|GENBANK|QKF94498.1|GENBANK|MT418680|RNA 2'-phosphotransferase kptA [Fadolivirus FV1/VV64]	Fadolivirus FV1/VV64	Blastx
SRR22534752	NODE_9120_length_483_cov_5.095556	37.5	483	269	0.267658	4.47e-06	acc|REFSEQ|YP_003970108.1|REFSEQ|NC_014637|putative family 2C serine/threonine phosphatase [Cafeteria roenbergensis virus BV-PW1]	Cafeteria roenbergensis virus BV-PW1	Blastx
SRR22534752	NODE_22613_length_249_cov_14.555556	35.4	249	299	0.264214	4.52e-06	acc|GENBANK|UOG94093.1|NEIGHBOR|OM876856|serine threonine-protein phosphatase [Aureococcus anophagefferens virus]	Aureococcus anophagefferens virus	Blastx
SRR22534752	NODE_12689_length_361_cov_1.975610	42.9	361	97	0.577320	4.56e-06	acc|GENBANK|AUF82187.1|GENBANK|KY322437|SANT superfamily protein [Tetraselmis virus 1]	Tetraselmis virus 1	Blastx
SRR22534752	NODE_4378_length_528_cov_70.220202	36.0	528	420	0.264286	4.70e-06	acc|GENBANK|WAK75645.1|NEIGHBOR|ON812163|hypothetical protein [Kaisodi virus]	Kaisodi virus	Blastx
SRR22534752	NODE_23957_length_221_cov_1.170213	44.6	221	1820	0.030769	4.81e-06	acc|GENBANK|UMO78191.1|GENBANK|MZ420562|Serine/threonine protein kinase [Pandoravirus belohorizontensis]	Pandoravirus belohorizontensis	Blastx
SRR22534752	NODE_31272_length_632_cov_2.303840	30.5	632	375	0.253333	4.83e-06	acc|GENBANK|QFG73925.1|GENBANK|MN448274|ABC1 family protein [Megaviridae environmental sample]	Megaviridae environmental sample	Blastx
SRR22534752	NODE_18528_length_250_cov_50.714286	79.3	250	385	0.075325	4.87e-06	acc|GENBANK|UUT40455.1|GENBANK|ON887238|hypothetical protein [carnivorous sponge associated iridovirus]	carnivorous sponge associated iridovirus	Blastx
SRR22534752	NODE_16829_length_274_cov_1.817427	87.5	274	520	0.046154	4.91e-06	acc|GENBANK|APO14197.1|GENBANK|KX098475|truncated DELLA protein [Setaria italica]	Setaria italica	Blastx
SRR22534752	NODE_26755_length_202_cov_1.644970	38.3	202	419	0.143198	4.95e-06	acc|REFSEQ|NP_569140.1|REFSEQ|NC_003378|putative cell-to-cell movement protein [Tobacco vein clearing virus]	Tobacco vein clearing virus	Blastx
SRR22534752	NODE_31896_length_518_cov_4.381443	50.9	518	845	0.062722	4.99e-06	acc|GENBANK|AYV77843.1|GENBANK|MK072067|mimivirus elongation factor aef-2 [Edafosvirus sp.]	Edafosvirus sp.	Blastx
SRR22534752	NODE_42408_length_592_cov_8.101968	21.3	592	370	0.508108	5.09e-06	acc|REFSEQ|YP_009163843.1|REFSEQ|NC_027778|ORF_082R [Scale drop disease virus]	Scale drop disease virus	Blastx
SRR22534752	NODE_18103_length_681_cov_85.401235	60.0	681	421	0.106888	5.11e-06	acc|GENBANK|AGP03657.1|GENBANK|KF220834|integrase-type DNA-binding superfamily protein [Glycine max]	Glycine max	Blastx
SRR22534752	NODE_25296_length_604_cov_4.912434	32.7	604	340	0.332353	5.19e-06	acc|GENBANK|XDO02158.1|GENBANK|PP542043|Ubiquitin Specific Peptidase C19 [Florenciella sp. virus SA2]	Florenciella sp. virus SA2	Blastx
SRR22534752	NODE_5343_length_1180_cov_14.634699	25.7	1180	919	0.232862	5.28e-06	acc|GENBANK|AYV75146.1|GENBANK|MK071979|plasma membrane ATPase [Terrestrivirus sp.]	Terrestrivirus sp.	Blastx
SRR22534752	NODE_9072_length_377_cov_3.470930	45.3	377	325	0.163077	5.31e-06	acc|GENBANK|ABY48134.1|GENBANK|EU306659|bHLH transcription factor [Medicago truncatula]	Medicago truncatula	Blastx
SRR22534752	NODE_3934_length_308_cov_2.520000	32.3	308	556	0.172662	5.32e-06	acc|GENBANK|XDO01843.1|GENBANK|PP542043|Abc Transporter Atp-Binding Protein [Florenciella sp. virus SA2]	Florenciella sp. virus SA2	Blastx
SRR22534752	NODE_6253_length_1570_cov_17.438517	22.3	1570	325	1.006154	5.33e-06	acc|GENBANK|ARF09069.1|GENBANK|KY684084|diacylglycerol kinase catalytic domain protein [Catovirus CTV1]	Catovirus CTV1	Blastx
SRR22534752	NODE_18898_length_281_cov_14.306452	58.5	281	925	0.044324	5.47e-06	acc|GENBANK|ABY48139.1|GENBANK|EU306659|NORK [Medicago truncatula]	Medicago truncatula	Blastx
SRR22534752	NODE_7216_length_891_cov_15.406760	44.2	891	167	0.311377	5.51e-06	acc|GENBANK|AYV82866.1|GENBANK|MK072385|homeobox protein 4 [Hyperionvirus sp.]	Hyperionvirus sp.	Blastx
SRR22534752	NODE_4091_length_565_cov_10.240602	50.0	565	114	0.350877	5.53e-06	acc|REFSEQ|YP_009165290.1|REFSEQ|NC_027867|programmed cell death protein 2-like protein [Mollivirus sibericum]	Mollivirus sibericum	Blastx
SRR22534752	NODE_2177_length_580_cov_19.621572	34.1	580	212	0.429245	5.59e-06	acc|GENBANK|AYV79923.1|GENBANK|MK072200|superoxide dismutase [Gaeavirus sp.]	Gaeavirus sp.	Blastx
SRR22534752	NODE_31072_length_370_cov_4.071217	34.6	370	182	0.428571	5.63e-06	acc|REFSEQ|YP_009163818.1|REFSEQ|NC_027778|ORF_057R [Scale drop disease virus]	Scale drop disease virus	Blastx
SRR22534752	NODE_19950_length_238_cov_11.556098	30.1	238	357	0.204482	5.67e-06	acc|GENBANK|ABB29305.1|GENBANK|DQ219419|NADPH-dependent reductase [Zea mays]	Zea mays	Blastx
SRR22534752	NODE_42342_length_500_cov_4.743041	36.6	500	850	0.096471	5.84e-06	acc|GENBANK|WZO85486.1|GENBANK|PP681889|calcium-transporting ATPase, plasma [Chlorovirus sp.]	Chlorovirus sp.	Blastx
SRR22534752	NODE_13016_length_273_cov_2.912500	59.0	273	86	0.453488	5.88e-06	acc|GENBANK|QBK88314.1|GENBANK|MK500385|iron-sulfur cluster biosynthesis protein [Marseillevirus LCMAC202]	Marseillevirus LCMAC202	Blastx
SRR22534752	NODE_2920_length_391_cov_5.139665	33.8	391	239	0.322176	6.10e-06	acc|GENBANK|AYV83988.1|GENBANK|MK072397|RING/U-box superfamily protein [Hyperionvirus sp.]	Hyperionvirus sp.	Blastx
SRR22534752	NODE_17796_length_216_cov_21.562842	35.7	216	930	0.075269	6.23e-06	acc|GENBANK|QKF94496.1|GENBANK|MT418680|peptidase M16 [Fadolivirus FV1/VV64]	Fadolivirus FV1/VV64	Blastx
SRR22534752	NODE_24775_length_260_cov_1.911894	34.9	260	263	0.326996	6.26e-06	acc|GENBANK|AYV76306.1|GENBANK|MK071983|hypothetical protein [Terrestrivirus sp.]	Terrestrivirus sp.	Blastx
SRR22534752	NODE_3810_length_960_cov_22.932039	34.0	960	208	0.495192	6.35e-06	acc|GENBANK|AYV78627.1|GENBANK|MK072086|hypothetical protein [Edafosvirus sp.]	Edafosvirus sp.	Blastx
SRR22534752	NODE_41625_length_649_cov_7.301948	29.0	649	169	0.733728	6.39e-06	acc|GENBANK|AYV77363.1|GENBANK|MK072041|polyprenyl synthetase [Barrevirus sp.]	Barrevirus sp.	Blastx
SRR22534752	NODE_20939_length_395_cov_9.607735	27.7	395	342	0.347953	6.47e-06	acc|GENBANK|UMZ07945.1|GENBANK|OL770070|putative triacylglycerol lipase [Acanthamoeba polyphaga mimivirus]	Acanthamoeba polyphaga mimivirus	Blastx
SRR22534752	NODE_2121_length_1455_cov_109.839662	27.8	1455	407	0.557740	6.64e-06	acc|REFSEQ|YP_010780148.1|REFSEQ|NC_075038|hypothetical protein [Tupanvirus deep ocean]	Tupanvirus deep ocean	Blastx
SRR22534752	NODE_4288_length_670_cov_25.508634	41.7	670	453	0.132450	6.67e-06	acc|GENBANK|XIT78948.1|GENBANK|PQ335173|RING-finger-containing E3 ubiquitin ligase [Threespine stickleback iridovirus]	Threespine stickleback iridovirus	Blastx
SRR22534752	NODE_37702_length_855_cov_6.755474	31.8	855	185	0.459459	6.69e-06	acc|GENBANK|AAV38329.1|GENBANK|BT019522|dual specificity phosphatase 3 (vaccinia virus [Homo sapiens]	Homo sapiens	Blastx
SRR22534752	NODE_49339_length_249_cov_1.625000	32.5	249	484	0.165289	6.79e-06	acc|GENBANK|AYV77733.1|GENBANK|MK072066|CYP86A7 [Edafosvirus sp.]	Edafosvirus sp.	Blastx
SRR22534752	NODE_38913_length_710_cov_3.395864	40.6	710	339	0.203540	6.82e-06	acc|GENBANK|AYV77463.1|GENBANK|MK072044|putative E3 ubiquitin ligase triad3 [Dasosvirus sp.]	Dasosvirus sp.	Blastx
SRR22534752	NODE_23217_length_409_cov_2.436170	31.7	409	2037	0.051055	6.84e-06	acc|GENBANK|ABG37663.1|GENBANK|DQ536170|CCHC-type integrase [Populus trichocarpa]	Populus trichocarpa	Blastx
SRR22534752	NODE_30958_length_205_cov_1.808140	53.8	205	365	0.142466	6.97e-06	acc|GENBANK|BDT62135.1|GENBANK|LC738872|heat shock protein 40-like protein [Litopenaeus vannamei majanivirus Nimav-1_LVa]	Litopenaeus vannamei majanivirus Nimav-1_LVa	Blastx
SRR22534752	NODE_9376_length_2245_cov_12.423599	22.9	2245	767	0.365059	7.07e-06	acc|GENBANK|QBK88429.1|GENBANK|MK500389|S9 family peptidase [Mimivirus LCMiAC01]	Mimivirus LCMiAC01	Blastx
SRR22534752	NODE_49444_length_253_cov_1.063636	50.0	253	236	0.186441	7.07e-06	acc|GENBANK|UKS51800.1|GENBANK|OK336705|laccase [Allium cepa]	Allium cepa	Blastx
SRR22534752	NODE_37826_length_658_cov_3.555200	37.5	658	155	0.516129	7.32e-06	acc|GENBANK|AGE50014.1|GENBANK|JX997157|SKP1-like protein [Paramecium bursaria Chlorella virus Can18-4]	Paramecium bursaria Chlorella virus Can18-4	Blastx
SRR22534752	NODE_39949_length_208_cov_7.211429	51.3	208	407	0.095823	7.32e-06	acc|GENBANK|ARF08154.1|GENBANK|KY684083|acetamidase/formamidase family protein [Catovirus CTV1]	Catovirus CTV1	Blastx
SRR22534752	NODE_16095_length_721_cov_7.623547	35.7	721	353	0.198300	7.49e-06	acc|GENBANK|WGU26821.1|GENBANK|OQ503488|S-acyltransferase 11-like protein [Triticum monococcum]	Triticum monococcum	Blastx
SRR22534752	NODE_26333_length_557_cov_7.295802	29.0	557	390	0.238462	7.53e-06	acc|REFSEQ|YP_009361392.1|REFSEQ|NC_034383|serine-threonine kinase [Pacmanvirus A23]	Pacmanvirus A23	Blastx
SRR22534752	NODE_15054_length_576_cov_11.178637	41.0	576	723	0.114799	7.70e-06	acc|GENBANK|CAD61259.1|GENBANK|AL772193|pyruvate carboxylase [Danio rerio]	Danio rerio	Blastx
SRR22534752	NODE_49698_length_260_cov_1.030837	33.7	260	698	0.127507	7.77e-06	acc|GENBANK|ARF09185.1|GENBANK|KY684084|HrpA-like RNA helicase [Catovirus CTV1]	Catovirus CTV1	Blastx
SRR22534752	NODE_5825_length_320_cov_35.557491	52.3	320	356	0.123596	7.80e-06	acc|GENBANK|AUF82683.1|GENBANK|KY322437|alpha-galactosidase [Tetraselmis virus 1]	Tetraselmis virus 1	Blastx
SRR22534752	NODE_3091_length_397_cov_7.370879	39.0	397	190	0.405263	7.93e-06	acc|REFSEQ|YP_008438647.1|REFSEQ|NC_022098|Nucleoside deaminase [Pandoravirus salinus]	Pandoravirus salinus	Blastx
SRR22534752	NODE_50488_length_375_cov_1.953216	30.6	375	117	0.837607	7.95e-06	acc|GENBANK|QDH76138.1|GENBANK|MK948413|putative gag protein [Porcine endogenous retrovirus]	Porcine endogenous retrovirus	Blastx
SRR22534752	NODE_21534_length_217_cov_2.494565	42.9	217	322	0.130435	7.96e-06	acc|GENBANK|QBK87453.1|GENBANK|MK500352|resolvase [Marseillevirus LCMAC201]	Marseillevirus LCMAC201	Blastx
SRR22534752	NODE_30558_length_237_cov_1.931373	48.1	237	525	0.102857	8.02e-06	acc|GENBANK|BDV49870.1|GENBANK|AP027153|RCBTB1-like protein [Metapenaeopsis lamellata majanivirus]	Metapenaeopsis lamellata majanivirus	Blastx
SRR22534752	NODE_10638_length_691_cov_12.402736	20.1	691	575	0.433043	8.20e-06	acc|GENBANK|CAE02704.1|GENBANK|AJ575660|putative sugar transporter [Yarrowia lipolytica]	Yarrowia lipolytica	Blastx
SRR22534752	NODE_25359_length_345_cov_2.823718	31.3	345	570	0.168421	8.23e-06	acc|GENBANK|ABQ43616.1|NEIGHBOR|EF420156|Kelch-like protein [Tanapox virus]	Tanapox virus	Blastx
SRR22534752	NODE_13363_length_601_cov_4.332746	23.0	601	497	0.331992	8.26e-06	acc|GENBANK|UIX56233.1|GENBANK|OL686893|Global transactivator [Hyphantria cunea nucleopolyhedrovirus]	Hyphantria cunea nucleopolyhedrovirus	Blastx
SRR22534752	NODE_14859_length_607_cov_18.571429	43.4	607	158	0.335443	8.27e-06	acc|GENBANK|AYV80594.1|GENBANK|MK072245|hypothetical protein [Harvfovirus sp.]	Harvfovirus sp.	Blastx
SRR22534752	NODE_15107_length_1335_cov_36.256528	40.2	1335	99	0.828283	8.28e-06	acc|REFSEQ|YP_010780200.1|REFSEQ|NC_075038|hypothetical protein [Tupanvirus deep ocean]	Tupanvirus deep ocean	Blastx
SRR22534752	NODE_49009_length_239_cov_1.135922	33.3	239	1196	0.065217	8.29e-06	acc|GENBANK|USI00836.1|GENBANK|ON753205|retrotransposon protein [Oryza sativa Japonica Group]	Oryza sativa Japonica Group	Blastx
SRR22534752	NODE_44705_length_435_cov_8.728856	50.9	435	925	0.057297	8.46e-06	acc|GENBANK|ABY48139.1|GENBANK|EU306659|NORK [Medicago truncatula]	Medicago truncatula	Blastx
SRR22534752	NODE_36436_length_326_cov_1.020478	34.5	326	391	0.214834	8.50e-06	acc|GENBANK|AYV76351.1|GENBANK|MK071983|serine/threonine protein kinase [Terrestrivirus sp.]	Terrestrivirus sp.	Blastx
SRR22534752	NODE_2224_length_876_cov_60.376038	32.5	876	98	0.846939	8.66e-06	acc|GENBANK|AYV80658.1|GENBANK|MK072246|vesicle-associated membrane protein 7B [Harvfovirus sp.]	Harvfovirus sp.	Blastx
SRR22534752	NODE_44791_length_358_cov_14.360000	44.4	358	97	0.556701	8.79e-06	acc|GENBANK|AUF82187.1|GENBANK|KY322437|SANT superfamily protein [Tetraselmis virus 1]	Tetraselmis virus 1	Blastx
SRR22534752	NODE_8807_length_741_cov_4.480226	25.3	741	387	0.490956	8.85e-06	acc|GENBANK|AYV84290.1|GENBANK|MK072403|hypothetical protein [Hyperionvirus sp.]	Hyperionvirus sp.	Blastx
SRR22534752	NODE_15038_length_766_cov_11.195089	30.0	766	590	0.203390	9.04e-06	acc|GENBANK|AYV86827.1|GENBANK|MK072516|CMGC/MAPK protein kinase [Sylvanvirus sp.]	Sylvanvirus sp.	Blastx
SRR22534752	NODE_46290_length_865_cov_13.236779	34.0	865	459	0.204793	9.05e-06	acc|GENBANK|BBI30359.1|GENBANK|AP018495|beta-galactosidase [Acanthamoeba castellanii medusavirus J1]	Acanthamoeba castellanii medusavirus J1	Blastx
SRR22534752	NODE_33296_length_223_cov_4.368421	37.1	223	608	0.115132	9.10e-06	acc|GENBANK|AYV87106.1|GENBANK|MK072531|phospholipase [Sylvanvirus sp.]	Sylvanvirus sp.	Blastx
SRR22534752	NODE_24687_length_260_cov_2.502203	38.7	260	286	0.262238	9.22e-06	acc|GENBANK|BCS82962.1|GENBANK|AP024483|double-stranded RNA binding motif-containing [Cotonvirus japonicus]	Cotonvirus japonicus	Blastx
SRR22534752	NODE_27955_length_503_cov_4.955319	42.9	503	402	0.139303	9.41e-06	acc|REFSEQ|YP_003969759.1|REFSEQ|NC_014637|putative DnaJ/Hsp40 [Cafeteria roenbergensis virus BV-PW1]	Cafeteria roenbergensis virus BV-PW1	Blastx
SRR22534752	NODE_9197_length_1090_cov_8.720908	42.6	1090	447	0.136465	9.44e-06	acc|REFSEQ|NP_077596.1|REFSEQ|NC_002687|serine-threonine kinase [Ectocarpus siliculosus virus 1]	Ectocarpus siliculosus virus 1	Blastx
SRR22534752	NODE_27241_length_648_cov_3.112195	38.6	648	269	0.211896	9.46e-06	acc|GENBANK|ARF08245.1|GENBANK|KY684083|alpha/beta hydrolase family protein [Catovirus CTV1]	Catovirus CTV1	Blastx
SRR22534752	NODE_50752_length_779_cov_16.124665	35.6	779	582	0.149485	9.51e-06	acc|GENBANK|AYV82730.1|GENBANK|MK072384|tryptophan--tRNA cytoplasmic [Hyperionvirus sp.]	Hyperionvirus sp.	Blastx
SRR22534752	NODE_11059_length_1078_cov_25.046890	39.3	1078	353	0.158640	9.65e-06	acc|GENBANK|WGU26821.1|GENBANK|OQ503488|S-acyltransferase 11-like protein [Triticum monococcum]	Triticum monococcum	Blastx
SRR22534752	NODE_14181_length_499_cov_5.296137	35.0	499	483	0.165631	9.70e-06	acc|GENBANK|AYV80388.1|GENBANK|MK072243|cytochrome P450 704B1 [Harvfovirus sp.]	Harvfovirus sp.	Blastx
SRR22534752	NODE_2980_length_286_cov_3.158103	69.7	286	328	0.100610	9.85e-06	acc|GENBANK|ARF10725.1|GENBANK|KY684104|glutamine synthetase [Hokovirus HKV1]	Hokovirus HKV1	Blastx
