Sample	Contig	Percent_identity	Contig_length	Reference_length	RefCoverage	E-value	Reference_name	Species	blastType
SRR14574591	NODE_1553_length_4462_cov_20.095733	83.1	4462	2466	0.566504	0.00e+00	acc|GENBANK|AOZ57106.1|GENBANK|KX608896|Serine threonine-protein kinase TOR [Saccharum hybrid cultivar R570]	Saccharum hybrid cultivar R570	Blastx
SRR14574591	NODE_14347_length_4345_cov_28.717301	44.1	4345	1359	0.955114	0.00e+00	acc|GENBANK|ABD78322.1|GENBANK|DQ381432|polyprotein [Primula vulgaris]	Primula vulgaris	Blastx
SRR14574591	NODE_15430_length_3840_cov_9.742054	45.0	3840	1201	1.014155	0.00e+00	acc|GENBANK|QDY52415.1|GENBANK|MK250092|RNA polymerase Rpb2, domain 6 [Mimiviridae sp. ChoanoV1]	Mimiviridae sp. ChoanoV1	Blastx
SRR14574591	NODE_14476_length_3523_cov_23.677650	51.6	3523	1263	0.783848	0.00e+00	acc|GENBANK|AAL14452.1|GENBANK|AF397035|valyl-tRNA-synthetase G7a/Bat6 [Mus musculus]	Mus musculus	Blastx
SRR14574591	NODE_2393_length_2636_cov_30.321168	75.0	2636	630	0.973016	0.00e+00	acc|REFSEQ|YP_004061438.1|REFSEQ|NC_014765|hypothetical protein [Bathycoccus sp. RCC1105 virus BpV1]	Bathycoccus sp. RCC1105 virus BpV1	Blastx
SRR14574591	NODE_236_length_3074_cov_5.815850	57.3	3074	1161	0.688200	9.41e-311	acc|GENBANK|AAP06788.1|GENBANK|AY234827|phytochrome B1 apoprotein [Zea mays]	Zea mays	Blastx
SRR14574591	NODE_13790_length_1779_cov_9.538946	71.0	1779	557	0.985637	2.18e-291	acc|GENBANK|WGU26825.1|GENBANK|OQ503488|putative acyl-activating enzyme 5 [Triticum monococcum]	Triticum monococcum	Blastx
SRR14574591	NODE_2495_length_1702_cov_87.387058	74.3	1702	630	0.869841	5.18e-287	acc|REFSEQ|YP_004061438.1|REFSEQ|NC_014765|hypothetical protein [Bathycoccus sp. RCC1105 virus BpV1]	Bathycoccus sp. RCC1105 virus BpV1	Blastx
SRR14574591	NODE_14956_length_1707_cov_19.773596	75.6	1707	2466	0.232766	3.90e-275	acc|GENBANK|AOZ57106.1|GENBANK|KX608896|Serine threonine-protein kinase TOR [Saccharum hybrid cultivar R570]	Saccharum hybrid cultivar R570	Blastx
SRR14574591	NODE_13885_length_2150_cov_13.094473	57.9	2150	623	1.006421	9.60e-264	acc|GENBANK|BAL14837.1|GENBANK|AB682995|endo-1,4-b-D-glucanase [Oryza sativa Japonica Group]	Oryza sativa Japonica Group	Blastx
SRR14574591	NODE_558_length_4230_cov_15.515130	42.3	4230	1468	0.707084	1.89e-260	acc|GENBANK|QDY51984.1|GENBANK|MK250086|RNA polymerase Rpb1, domain 5 [Mimiviridae sp. ChoanoV1]	Mimiviridae sp. ChoanoV1	Blastx
SRR14574591	NODE_14174_length_1882_cov_34.687939	67.4	1882	478	1.052301	2.13e-242	acc|GENBANK|AAK84479.1|GENBANK|AF275345|putative auxin growth promotor protein [Solanum lycopersicum]	Solanum lycopersicum	Blastx
SRR14574591	NODE_10266_length_1697_cov_13.246394	60.6	1697	623	0.860353	2.75e-241	acc|GENBANK|BAL14837.1|GENBANK|AB682995|endo-1,4-b-D-glucanase [Oryza sativa Japonica Group]	Oryza sativa Japonica Group	Blastx
SRR14574591	NODE_31365_length_2374_cov_19.420760	49.6	2374	673	1.001486	1.25e-235	acc|REFSEQ|YP_010782552.1|REFSEQ|NC_075039|threonyl-tRNA synthetase [Tupanvirus soda lake]	Tupanvirus soda lake	Blastx
SRR14574591	NODE_482_length_1913_cov_152.350000	55.0	1913	783	0.888889	4.08e-234	acc|GENBANK|QFG73724.1|GENBANK|MN448270|Hsp90 protein [Megaviridae environmental sample]	Megaviridae environmental sample	Blastx
SRR14574591	NODE_1582_length_1454_cov_43.885292	77.1	1454	686	0.603499	1.75e-233	acc|GENBANK|WNO13952.1|GENBANK|OQ968299|coat protein [Guapo partitivirus]	Guapo partitivirus	Blastx
SRR14574591	NODE_7467_length_1552_cov_3.282423	63.2	1552	759	0.644269	7.30e-232	acc|GENBANK|ACN78962.1|GENBANK|FJ225394|methyltransferase [Glycine max]	Glycine max	Blastx
SRR14574591	NODE_1854_length_2533_cov_8.483600	47.3	2533	936	0.810897	3.73e-224	acc|GENBANK|QFG74471.1|GENBANK|MN448288|glycine cleavage system P-protein [Megaviridae environmental sample]	Megaviridae environmental sample	Blastx
SRR14574591	NODE_12156_length_1849_cov_47.539648	81.5	1849	700	0.518571	1.38e-221	acc|GENBANK|ABY48141.1|GENBANK|EU306659|oligopeptidase A [Medicago truncatula]	Medicago truncatula	Blastx
SRR14574591	NODE_13317_length_1622_cov_4.076778	62.9	1622	1161	0.450474	7.63e-221	acc|GENBANK|AAP06788.1|GENBANK|AY234827|phytochrome B1 apoprotein [Zea mays]	Zea mays	Blastx
SRR14574591	NODE_9699_length_1847_cov_7.420066	72.1	1847	564	0.774823	4.60e-216	acc|GENBANK|AWA44801.1|GENBANK|MH182523|ATP-dependent 6-phosphofructokinase [Saccharum officinarum]	Saccharum officinarum	Blastx
SRR14574591	NODE_14196_length_3552_cov_8.520602	38.0	3552	2224	0.468975	9.11e-211	acc|GENBANK|AYV81995.1|GENBANK|MK072332|putative CAD protein isoform X1 [Homavirus sp.]	Homavirus sp.	Blastx
SRR14574591	NODE_1190_length_1621_cov_21.037154	78.2	1621	601	0.640599	2.49e-210	acc|GENBANK|AAB62581.1|GENBANK|U68072|3-hydroxy-3-methylglutaryl CoA reductase 2 [Solanum lycopersicum]	Solanum lycopersicum	Blastx
SRR14574591	NODE_763_length_2628_cov_11.848555	50.6	2628	875	0.716571	3.65e-208	acc|GENBANK|BDT62894.1|GENBANK|LC738879|DNA ligase 1-like protein [Trachysalambria curvirostris majanivirus]	Trachysalambria curvirostris majanivirus	Blastx
SRR14574591	NODE_37_length_5095_cov_26.176808	44.0	5095	1359	0.587196	2.96e-199	acc|GENBANK|ABD78322.1|GENBANK|DQ381432|polyprotein [Primula vulgaris]	Primula vulgaris	Blastx
SRR14574591	NODE_13303_length_2292_cov_11.595396	44.6	2292	737	0.987788	1.36e-198	acc|GENBANK|CAK7597324.1|GENBANK|OZ003748|Vesicle-fusing ATPase [Catovirus sp. 'naegleriensis']	Catovirus sp. 'naegleriensis'	Blastx
SRR14574591	NODE_13335_length_1438_cov_16.614947	83.9	1438	2466	0.154096	1.88e-198	acc|GENBANK|AOZ57106.1|GENBANK|KX608896|Serine threonine-protein kinase TOR [Saccharum hybrid cultivar R570]	Saccharum hybrid cultivar R570	Blastx
SRR14574591	NODE_2946_length_2965_cov_21.341405	41.1	2965	1019	0.817468	7.05e-194	acc|GENBANK|ABZ80022.1|NEIGHBOR|EU410304|beta-D-galactosidase [synthetic Vaccinia virus]	synthetic Vaccinia virus	Blastx
SRR14574591	NODE_10777_length_1084_cov_5.935300	67.8	1084	759	0.491436	1.29e-193	acc|GENBANK|ACN78962.1|GENBANK|FJ225394|methyltransferase [Glycine max]	Glycine max	Blastx
SRR14574591	NODE_11423_length_1671_cov_13.485348	49.6	1671	1097	0.507748	1.34e-186	acc|GENBANK|QBK88446.1|GENBANK|MK500389|isoleucyl-tRNA synthetase [Mimivirus LCMiAC01]	Mimivirus LCMiAC01	Blastx
SRR14574591	NODE_15070_length_2580_cov_15.668630	46.6	2580	753	0.962815	1.30e-185	acc|GENBANK|QDY51907.1|GENBANK|MK250085|Hsp90 protein [Mimiviridae sp. ChoanoV1]	Mimiviridae sp. ChoanoV1	Blastx
SRR14574591	NODE_13216_length_1698_cov_12.722523	58.0	1698	518	0.942085	1.46e-185	acc|GENBANK|ABY48142.1|GENBANK|EU306659|serine-hydroxymethyltransferase [Medicago truncatula]	Medicago truncatula	Blastx
SRR14574591	NODE_15328_length_1113_cov_11.983333	77.4	1113	601	0.574043	3.68e-184	acc|GENBANK|AAB62581.1|GENBANK|U68072|3-hydroxy-3-methylglutaryl CoA reductase 2 [Solanum lycopersicum]	Solanum lycopersicum	Blastx
SRR14574591	NODE_2090_length_914_cov_12.030647	87.4	914	388	0.755155	8.56e-184	acc|GENBANK|AAU93529.1|GENBANK|AY691949|alcohol dehydrogenase 1 [Zea mays]	Zea mays	Blastx
SRR14574591	NODE_2760_length_1761_cov_16.581019	67.1	1761	378	0.957672	2.69e-183	acc|GENBANK|ACN72775.1|GENBANK|FJ791046|delta-12 oleate desaturase [Helianthus annuus]	Helianthus annuus	Blastx
SRR14574591	NODE_6378_length_1090_cov_3.666036	74.1	1090	601	0.577371	6.70e-180	acc|GENBANK|AAB62581.1|GENBANK|U68072|3-hydroxy-3-methylglutaryl CoA reductase 2 [Solanum lycopersicum]	Solanum lycopersicum	Blastx
SRR14574591	NODE_304_length_2068_cov_12.008845	75.2	2068	520	0.690385	2.62e-179	acc|GENBANK|APO14197.1|GENBANK|KX098475|truncated DELLA protein [Setaria italica]	Setaria italica	Blastx
SRR14574591	NODE_310_length_1544_cov_29.985440	64.4	1544	378	0.994709	1.16e-178	acc|GENBANK|ACN72775.1|GENBANK|FJ791046|delta-12 oleate desaturase [Helianthus annuus]	Helianthus annuus	Blastx
SRR14574591	NODE_1063_length_1706_cov_56.270771	68.2	1706	405	0.930864	1.28e-178	acc|GENBANK|WGU26824.1|GENBANK|OQ503488|eukaryotic initiation factor 4A-III B-like [Triticum monococcum]	Triticum monococcum	Blastx
SRR14574591	NODE_11557_length_2181_cov_11.284916	50.0	2181	531	1.028249	8.62e-177	acc|GENBANK|QBK88836.1|GENBANK|MK500400|CTP synthetase [Mimivirus LCMiAC01]	Mimivirus LCMiAC01	Blastx
SRR14574591	NODE_14965_length_1902_cov_5.399679	50.0	1902	515	1.036893	1.03e-176	acc|REFSEQ|YP_010781615.1|REFSEQ|NC_075039|lysine-tRNA synthetase [Tupanvirus soda lake]	Tupanvirus soda lake	Blastx
SRR14574591	NODE_10859_length_1167_cov_10.208995	68.0	1167	383	0.906005	1.31e-173	acc|GENBANK|AJA91762.1|GENBANK|KM434202|dihydroflavonol 4-reductase [Allium cepa]	Allium cepa	Blastx
SRR14574591	NODE_62_length_1498_cov_22.959044	55.9	1498	706	0.677054	2.42e-173	acc|GENBANK|WGU26822.1|GENBANK|OQ503488|OPT oligopeptide transporter protein [Triticum monococcum]	Triticum monococcum	Blastx
SRR14574591	NODE_1157_length_2732_cov_32.531678	42.4	2732	753	0.917663	1.15e-168	acc|GENBANK|QDY51907.1|GENBANK|MK250085|Hsp90 protein [Mimiviridae sp. ChoanoV1]	Mimiviridae sp. ChoanoV1	Blastx
SRR14574591	NODE_7095_length_1196_cov_7.025795	63.2	1196	461	0.854664	8.26e-167	acc|GENBANK|AAL14456.1|GENBANK|AF397036|heat shock protein Hsc70t [Mus musculus]	Mus musculus	Blastx
SRR14574591	NODE_26393_length_775_cov_2.473046	96.5	775	3084	0.083658	1.69e-164	acc|GENBANK|AHN96197.1|NEIGHBOR|KJ125473|polyprotein [Yam mild mosaic virus]	Yam mild mosaic virus	Blastx
SRR14574591	NODE_14048_length_1724_cov_7.658782	52.8	1724	518	0.924710	6.56e-163	acc|GENBANK|ABY48142.1|GENBANK|EU306659|serine-hydroxymethyltransferase [Medicago truncatula]	Medicago truncatula	Blastx
SRR14574591	NODE_28266_length_937_cov_3.396018	76.7	937	621	0.504026	5.21e-162	acc|GENBANK|XCA47333.1|GENBANK|PP911589|movement protein hsp70h [Micromonas commoda virus]	Micromonas commoda virus	Blastx
SRR14574591	NODE_14950_length_2690_cov_21.416635	45.4	2690	543	1.046041	9.44e-162	acc|GENBANK|QBK87586.1|GENBANK|MK500360|methionyl-tRNA synthetase [Marseillevirus LCMAC201]	Marseillevirus LCMAC201	Blastx
SRR14574591	NODE_15201_length_3480_cov_20.113142	37.6	3480	871	1.063146	2.84e-161	acc|REFSEQ|YP_009701904.1|REFSEQ|NC_044937|ATPase [Paramecium bursaria Chlorella virus CVA-1]	Paramecium bursaria Chlorella virus CVA-1	Blastx
SRR14574591	NODE_14687_length_1352_cov_13.653525	59.1	1352	760	0.623684	3.32e-161	acc|GENBANK|QFG74349.1|GENBANK|MN448286|Hsp90 protein [Megaviridae environmental sample]	Megaviridae environmental sample	Blastx
SRR14574591	NODE_6514_length_699_cov_55.522523	94.8	699	518	0.449807	1.30e-158	acc|GENBANK|ABY48142.1|GENBANK|EU306659|serine-hydroxymethyltransferase [Medicago truncatula]	Medicago truncatula	Blastx
SRR14574591	NODE_1209_length_1448_cov_26.022615	58.4	1448	543	0.716390	6.57e-158	acc|GENBANK|QFG74725.1|GENBANK|MN448290|phosphoenolpyruvate carboxykinase [Megaviridae environmental sample]	Megaviridae environmental sample	Blastx
SRR14574591	NODE_317_length_1190_cov_54.898012	73.5	1190	325	0.953846	2.26e-157	acc|GENBANK|QDH91349.1|GENBANK|MN036178|hypothetical protein [Partitiviridae sp.]	Partitiviridae sp.	Blastx
SRR14574591	NODE_14805_length_1549_cov_7.225594	49.6	1549	776	0.677835	8.18e-157	acc|GENBANK|ABY48135.1|GENBANK|EU306659|beta-D-xylosidase [Medicago truncatula]	Medicago truncatula	Blastx
SRR14574591	NODE_13190_length_2315_cov_3.288782	43.0	2315	719	0.827538	3.82e-156	acc|GENBANK|ATZ80239.1|GENBANK|MF782455|translation initiation factor IF-2 [Bodo saltans virus]	Bodo saltans virus	Blastx
SRR14574591	NODE_12798_length_1244_cov_52.240297	77.7	1244	700	0.435714	1.75e-155	acc|GENBANK|ABY48141.1|GENBANK|EU306659|oligopeptidase A [Medicago truncatula]	Medicago truncatula	Blastx
SRR14574591	NODE_12456_length_1543_cov_4.768874	49.3	1543	531	0.913371	3.31e-153	acc|GENBANK|QBK88836.1|GENBANK|MK500400|CTP synthetase [Mimivirus LCMiAC01]	Mimivirus LCMiAC01	Blastx
SRR14574591	NODE_8780_length_898_cov_6.695954	67.7	898	759	0.391304	5.05e-153	acc|GENBANK|ACN78962.1|GENBANK|FJ225394|methyltransferase [Glycine max]	Glycine max	Blastx
SRR14574591	NODE_11443_length_2474_cov_8.591971	51.6	2474	456	0.986842	1.34e-150	acc|GENBANK|QKF94222.1|GENBANK|MT418680|alanyl-tRNA synthetase [Fadolivirus FV1/VV64]	Fadolivirus FV1/VV64	Blastx
SRR14574591	NODE_919_length_1371_cov_97.675635	52.7	1371	815	0.565644	9.47e-150	acc|REFSEQ|YP_010782648.1|REFSEQ|NC_075039|elongation factor 2 [Tupanvirus soda lake]	Tupanvirus soda lake	Blastx
SRR14574591	NODE_137_length_1025_cov_4.778226	69.5	1025	292	0.976027	3.83e-148	acc|GENBANK|QKE44490.1|GENBANK|MT364305|putative thymidylate synthase [Yalta virus]	Yalta virus	Blastx
SRR14574591	NODE_803_length_1647_cov_17.153036	51.9	1647	438	1.011416	2.50e-146	acc|REFSEQ|YP_010780437.1|REFSEQ|NC_075038|Serine tRNA-synthetase [Tupanvirus deep ocean]	Tupanvirus deep ocean	Blastx
SRR14574591	NODE_10900_length_1088_cov_8.296682	61.3	1088	564	0.622340	4.46e-146	acc|GENBANK|AWA44801.1|GENBANK|MH182523|ATP-dependent 6-phosphofructokinase [Saccharum officinarum]	Saccharum officinarum	Blastx
SRR14574591	NODE_29602_length_650_cov_2.333874	97.6	650	266	0.796992	8.27e-146	acc|GENBANK|QLB37702.1|GENBANK|MT345581|coat protein [Yam mild mosaic virus]	Yam mild mosaic virus	Blastx
SRR14574591	NODE_1167_length_2076_cov_49.026921	40.3	2076	919	0.766050	3.29e-144	acc|GENBANK|AYV75146.1|GENBANK|MK071979|plasma membrane ATPase [Terrestrivirus sp.]	Terrestrivirus sp.	Blastx
SRR14574591	NODE_15170_length_1896_cov_7.923242	44.5	1896	759	0.707510	1.06e-141	acc|GENBANK|ACN78962.1|GENBANK|FJ225394|methyltransferase [Glycine max]	Glycine max	Blastx
SRR14574591	NODE_586_length_2286_cov_22.043054	40.5	2286	1040	0.579808	3.59e-138	acc|REFSEQ|YP_010780932.1|REFSEQ|NC_075038|putative ATP-citrate synthase isoform X3 [Tupanvirus deep ocean]	Tupanvirus deep ocean	Blastx
SRR14574591	NODE_11490_length_1671_cov_12.326007	45.3	1671	489	1.065440	6.20e-138	acc|GENBANK|QBK85775.1|GENBANK|MK500327|aspartyl/asparaginyl-tRNA synthetase [Marseillevirus LCMAC101]	Marseillevirus LCMAC101	Blastx
SRR14574591	NODE_12608_length_1800_cov_8.461234	52.5	1800	392	1.063776	7.93e-138	acc|GENBANK|QBK87012.1|GENBANK|MK500340|peptide chain release factor 1 [Marseillevirus LCMAC103]	Marseillevirus LCMAC103	Blastx
SRR14574591	NODE_6984_length_1493_cov_6.291096	45.3	1493	497	0.915493	2.20e-135	acc|GENBANK|CCQ71326.1|GENBANK|HF586476|hypothetical Pro-X carboxypeptidase-like protein [Cotesia congregata]	Cotesia congregata	Blastx
SRR14574591	NODE_1910_length_3058_cov_33.622479	33.9	3058	836	1.051435	2.54e-135	acc|GENBANK|AYV84014.1|GENBANK|MK072397|aminopeptidase 1 [Hyperionvirus sp.]	Hyperionvirus sp.	Blastx
SRR14574591	NODE_7033_length_1546_cov_3.058824	47.5	1546	621	0.806763	4.80e-134	acc|GENBANK|AAK84478.1|GENBANK|AF275345|unknown [Solanum lycopersicum]	Solanum lycopersicum	Blastx
SRR14574591	NODE_14566_length_1816_cov_3.742008	42.9	1816	1369	0.373265	2.79e-132	acc|GENBANK|BAG72152.1|GENBANK|AB430326|hypothetical protein [Lotus japonicus]	Lotus japonicus	Blastx
SRR14574591	NODE_5181_length_1562_cov_5.025507	45.4	1562	451	0.995565	6.31e-132	acc|GENBANK|ATZ80629.1|GENBANK|MF782455|adenylosuccinate lyase [Bodo saltans virus]	Bodo saltans virus	Blastx
SRR14574591	NODE_15065_length_1581_cov_23.897933	48.8	1581	1161	0.381568	2.35e-131	acc|GENBANK|AAP06788.1|GENBANK|AY234827|phytochrome B1 apoprotein [Zea mays]	Zea mays	Blastx
SRR14574591	NODE_2149_length_3085_cov_13.242136	30.2	3085	931	1.006445	1.13e-130	acc|GENBANK|AYV82129.1|GENBANK|MK072340|Zn-dependent peptidase [Homavirus sp.]	Homavirus sp.	Blastx
SRR14574591	NODE_17164_length_1076_cov_3.462128	59.0	1076	819	0.426129	1.73e-130	acc|GENBANK|QKF94107.1|GENBANK|MT418680|eukaryotic translation elongation factor 2 [Fadolivirus FV1/VV64]	Fadolivirus FV1/VV64	Blastx
SRR14574591	NODE_12801_length_1445_cov_29.358357	51.8	1445	423	1.004728	3.48e-130	acc|GENBANK|CAA38181.1|GENBANK|X54284|phosphoglycerate kinase [Trichoderma viride]	Trichoderma viride	Blastx
SRR14574591	NODE_15207_length_1494_cov_9.466804	52.6	1494	385	1.018182	9.89e-130	acc|GENBANK|UUT40455.1|GENBANK|ON887238|hypothetical protein [carnivorous sponge associated iridovirus]	carnivorous sponge associated iridovirus	Blastx
SRR14574591	NODE_13720_length_1534_cov_8.686875	54.7	1534	333	1.000000	2.95e-129	acc|GENBANK|AEX62548.1|GENBANK|JN885997|putative glutamine synthetase [Moumouvirus Monve]	Moumouvirus Monve	Blastx
SRR14574591	NODE_1932_length_1006_cov_1624.007194	66.8	1006	405	0.698765	6.25e-129	acc|GENBANK|WGU26824.1|GENBANK|OQ503488|eukaryotic initiation factor 4A-III B-like [Triticum monococcum]	Triticum monococcum	Blastx
SRR14574591	NODE_716_length_741_cov_49.911017	79.3	741	405	0.597531	6.98e-129	acc|GENBANK|WGU26824.1|GENBANK|OQ503488|eukaryotic initiation factor 4A-III B-like [Triticum monococcum]	Triticum monococcum	Blastx
SRR14574591	NODE_1082_length_1741_cov_13.379391	52.2	1741	423	0.978723	9.16e-129	acc|GENBANK|CAA38181.1|GENBANK|X54284|phosphoglycerate kinase [Trichoderma viride]	Trichoderma viride	Blastx
SRR14574591	NODE_11242_length_968_cov_20.077005	85.7	968	518	0.432432	1.81e-128	acc|GENBANK|ABY48142.1|GENBANK|EU306659|serine-hydroxymethyltransferase [Medicago truncatula]	Medicago truncatula	Blastx
SRR14574591	NODE_666_length_1730_cov_27.199764	48.3	1730	428	0.985981	3.81e-128	acc|REFSEQ|YP_010781331.1|REFSEQ|NC_075039|translation initiation factor 2 gamma subunit [Tupanvirus soda lake]	Tupanvirus soda lake	Blastx
SRR14574591	NODE_26077_length_795_cov_2.007874	86.9	795	518	0.426641	6.58e-128	acc|GENBANK|ABY48142.1|GENBANK|EU306659|serine-hydroxymethyltransferase [Medicago truncatula]	Medicago truncatula	Blastx
SRR14574591	NODE_1888_length_927_cov_169.940716	90.5	927	258	0.775194	6.64e-128	acc|GENBANK|WMV02893.1|GENBANK|OP630990|alpha-tubulin [Diderma spumarioides]	Diderma spumarioides	Blastx
SRR14574591	NODE_14373_length_1550_cov_50.289387	43.5	1550	980	0.523469	1.02e-127	acc|GENBANK|QKF94300.1|GENBANK|MT418680|ubiquitin activating enzyme [Fadolivirus FV1/VV64]	Fadolivirus FV1/VV64	Blastx
SRR14574591	NODE_2224_length_1222_cov_8.251472	52.8	1222	333	1.006006	1.24e-127	acc|GENBANK|AZL89176.1|GENBANK|MH046811|glutamine synthetase [Megavirus baoshan]	Megavirus baoshan	Blastx
SRR14574591	NODE_13549_length_662_cov_2.720191	84.1	662	421	0.522565	1.89e-127	acc|GENBANK|AGP03657.1|GENBANK|KF220834|integrase-type DNA-binding superfamily protein [Glycine max]	Glycine max	Blastx
SRR14574591	NODE_25971_length_966_cov_5.782422	63.5	966	353	0.798867	3.58e-127	acc|GENBANK|WGU26821.1|GENBANK|OQ503488|S-acyltransferase 11-like protein [Triticum monococcum]	Triticum monococcum	Blastx
SRR14574591	NODE_755_length_1596_cov_39.088932	56.2	1596	376	0.970745	1.18e-126	acc|GENBANK|WBR14998.1|GENBANK|ON887157|Chorismate synthase [Pandoravirus kuranda]	Pandoravirus kuranda	Blastx
SRR14574591	NODE_9259_length_788_cov_5.022517	79.4	788	439	0.576310	1.79e-126	acc|GENBANK|AAK92822.1|GENBANK|AY050885|putative replicase [Arabidopsis thaliana]	Arabidopsis thaliana	Blastx
SRR14574591	NODE_81_length_1155_cov_209.819964	57.5	1155	388	0.793814	8.37e-126	acc|GENBANK|AAU93529.1|GENBANK|AY691949|alcohol dehydrogenase 1 [Zea mays]	Zea mays	Blastx
SRR14574591	NODE_12524_length_1988_cov_17.112020	40.1	1988	759	0.706192	1.59e-125	acc|GENBANK|ACN78962.1|GENBANK|FJ225394|methyltransferase [Glycine max]	Glycine max	Blastx
SRR14574591	NODE_4082_length_1218_cov_3.317300	56.2	1218	815	0.408589	1.91e-125	acc|REFSEQ|YP_010782648.1|REFSEQ|NC_075039|elongation factor 2 [Tupanvirus soda lake]	Tupanvirus soda lake	Blastx
SRR14574591	NODE_31323_length_664_cov_2.091918	79.1	664	557	0.394973	3.23e-124	acc|GENBANK|WGU26825.1|GENBANK|OQ503488|putative acyl-activating enzyme 5 [Triticum monococcum]	Triticum monococcum	Blastx
SRR14574591	NODE_1401_length_2569_cov_30.223580	35.2	2569	588	1.185374	1.28e-122	acc|GENBANK|QOI90522.1|GENBANK|MT663539|hypothetical protein [Pyramimonas orientalis virus]	Pyramimonas orientalis virus	Blastx
SRR14574591	NODE_30749_length_1383_cov_13.927407	44.6	1383	559	0.806798	2.77e-122	acc|GENBANK|AYV76247.1|GENBANK|MK071983|xaa-Pro dipeptidase-like protein [Terrestrivirus sp.]	Terrestrivirus sp.	Blastx
SRR14574591	NODE_15261_length_1484_cov_8.695382	54.2	1484	676	0.568047	1.23e-120	acc|REFSEQ|YP_009173627.1|REFSEQ|NC_028094|Hsp70 protein [Chrysochromulina ericina virus]	Chrysochromulina ericina virus	Blastx
SRR14574591	NODE_2170_length_2247_cov_7.898374	41.5	2247	526	1.062738	4.56e-120	acc|GENBANK|QKF94253.1|GENBANK|MT418680|ABC transporter [Fadolivirus FV1/VV64]	Fadolivirus FV1/VV64	Blastx
SRR14574591	NODE_348_length_1346_cov_93.670982	51.2	1346	574	0.649826	9.90e-120	acc|GENBANK|QBK92332.1|GENBANK|MK500574|translation initiation factor [Pithovirus LCPAC304]	Pithovirus LCPAC304	Blastx
SRR14574591	NODE_15393_length_2957_cov_8.135773	39.9	2957	686	0.793003	2.58e-119	acc|GENBANK|WNO13952.1|GENBANK|OQ968299|coat protein [Guapo partitivirus]	Guapo partitivirus	Blastx
SRR14574591	NODE_15143_length_2324_cov_16.889568	42.4	2324	759	0.661397	1.60e-118	acc|GENBANK|ACN78962.1|GENBANK|FJ225394|methyltransferase [Glycine max]	Glycine max	Blastx
SRR14574591	NODE_10291_length_2020_cov_7.602919	55.4	2020	537	0.625698	2.56e-118	acc|GENBANK|AYV78425.1|GENBANK|MK072077|glutamine--tRNA ligase-like isoform X1 [Edafosvirus sp.]	Edafosvirus sp.	Blastx
SRR14574591	NODE_118_length_1263_cov_3.334959	56.3	1263	316	1.000000	3.92e-118	acc|GENBANK|QDY51833.1|GENBANK|MK250085|hypothetical protein [Mimiviridae sp. ChoanoV1]	Mimiviridae sp. ChoanoV1	Blastx
SRR14574591	NODE_25522_length_717_cov_4.236842	66.7	717	759	0.312253	4.26e-116	acc|GENBANK|ACN78962.1|GENBANK|FJ225394|methyltransferase [Glycine max]	Glycine max	Blastx
SRR14574591	NODE_2250_length_985_cov_3.122899	68.2	985	286	1.000000	5.10e-115	acc|GENBANK|AAU93534.1|GENBANK|AY691949|unknown protein [Zea mays]	Zea mays	Blastx
SRR14574591	NODE_2279_length_1669_cov_6.183374	47.9	1669	1715	0.304373	5.43e-115	acc|GENBANK|WDS48439.1|GENBANK|ON798805|essential for potexvirus accumulation 1 [Solanum tuberosum]	Solanum tuberosum	Blastx
SRR14574591	NODE_14550_length_1704_cov_39.400359	42.3	1704	497	0.961771	7.76e-115	acc|REFSEQ|YP_010780494.1|REFSEQ|NC_075038|aspartyl-tRNA synthetase [Tupanvirus deep ocean]	Tupanvirus deep ocean	Blastx
SRR14574591	NODE_439_length_4883_cov_103.440000	53.2	4883	423	0.919622	1.62e-114	acc|GENBANK|CAA38181.1|GENBANK|X54284|phosphoglycerate kinase [Trichoderma viride]	Trichoderma viride	Blastx
SRR14574591	NODE_769_length_1800_cov_34.931522	43.9	1800	697	0.598278	1.88e-114	acc|REFSEQ|YP_010781946.1|REFSEQ|NC_075039|catalase [Tupanvirus soda lake]	Tupanvirus soda lake	Blastx
SRR14574591	NODE_12653_length_1639_cov_17.347447	39.5	1639	579	0.956822	2.27e-114	acc|REFSEQ|YP_010781219.1|REFSEQ|NC_075038|arginyl tRNA-synthetase [Tupanvirus deep ocean]	Tupanvirus deep ocean	Blastx
SRR14574591	NODE_12382_length_1091_cov_20.581285	69.2	1091	239	1.004184	8.25e-114	acc|GENBANK|AFV13460.1|GENBANK|JQ314447|ubiquitin conjugating enzyme 2 [Tripsacum dactyloides]	Tripsacum dactyloides	Blastx
SRR14574591	NODE_904_length_886_cov_176.704572	96.5	886	405	0.427160	1.12e-113	acc|GENBANK|WGU26824.1|GENBANK|OQ503488|eukaryotic initiation factor 4A-III B-like [Triticum monococcum]	Triticum monococcum	Blastx
SRR14574591	NODE_15165_length_2144_cov_37.686405	36.1	2144	583	1.039451	3.29e-113	acc|GENBANK|QKF94238.1|GENBANK|MT418680|class II glycyl-tRNA synthetase [Fadolivirus FV1/VV64]	Fadolivirus FV1/VV64	Blastx
SRR14574591	NODE_12860_length_2471_cov_9.859721	42.4	2471	576	0.901042	8.45e-113	acc|GENBANK|QIG59631.1|GENBANK|MN940577|hypothetical protein [Dishui Lake phycodnavirus 2]	Dishui Lake phycodnavirus 2	Blastx
SRR14574591	NODE_3587_length_717_cov_3.165205	91.6	717	402	0.442786	2.56e-111	acc|GENBANK|BAA82070.1|GENBANK|AB022424|polyprotein [Yam mild mosaic virus]	Yam mild mosaic virus	Blastx
SRR14574591	NODE_8775_length_937_cov_2.755531	70.7	937	405	0.565432	3.94e-111	acc|GENBANK|WGU26824.1|GENBANK|OQ503488|eukaryotic initiation factor 4A-III B-like [Triticum monococcum]	Triticum monococcum	Blastx
SRR14574591	NODE_9482_length_654_cov_4.745572	97.7	654	174	0.982759	1.81e-110	acc|GENBANK|AWA44800.1|GENBANK|MH182523|hypothetical protein [Saccharum officinarum]	Saccharum officinarum	Blastx
SRR14574591	NODE_13030_length_845_cov_3.298030	57.8	845	479	0.578288	2.00e-109	acc|GENBANK|CCQ71106.1|GENBANK|HF586472|putative N-myristoyltransferase NMT [Cotesia congregata]	Cotesia congregata	Blastx
SRR14574591	NODE_3107_length_1156_cov_171.391808	64.9	1156	558	0.480287	3.56e-109	acc|GENBANK|QOR60244.1|GENBANK|MK522034|hypothetical protein [Bathycoccus sp. RCC716 virus 1]	Bathycoccus sp. RCC716 virus 1	Blastx
SRR14574591	NODE_4633_length_1290_cov_9.399364	53.8	1290	759	0.364954	1.53e-107	acc|GENBANK|ACN78962.1|GENBANK|FJ225394|methyltransferase [Glycine max]	Glycine max	Blastx
SRR14574591	NODE_30976_length_807_cov_3.683463	72.7	807	1161	0.208441	1.79e-107	acc|GENBANK|AAP06788.1|GENBANK|AY234827|phytochrome B1 apoprotein [Zea mays]	Zea mays	Blastx
SRR14574591	NODE_28527_length_1507_cov_2.947083	40.0	1507	571	0.963222	1.85e-107	acc|GENBANK|AYV78594.1|GENBANK|MK072084|hypothetical protein [Edafosvirus sp.]	Edafosvirus sp.	Blastx
SRR14574591	NODE_11473_length_1982_cov_12.138019	41.0	1982	518	1.021236	1.60e-106	acc|GENBANK|QPI16131.1|GENBANK|MW030532|hypothetical protein [Virus NIOZ-UU157]	Virus NIOZ-UU157	Blastx
SRR14574591	NODE_7168_length_952_cov_3.856366	53.0	952	363	0.790634	2.41e-106	acc|GENBANK|AYV86762.1|GENBANK|MK072514|GDP-D-mannose-3',5'-epimerase [Sylvanvirus sp.]	Sylvanvirus sp.	Blastx
SRR14574591	NODE_9030_length_1235_cov_3.491681	48.6	1235	356	1.016854	3.27e-106	acc|REFSEQ|YP_010781468.1|REFSEQ|NC_075039|phenylalanyl-tRNA synthetase [Tupanvirus soda lake]	Tupanvirus soda lake	Blastx
SRR14574591	NODE_15281_length_1222_cov_20.023549	43.6	1222	411	0.975669	1.67e-105	acc|GENBANK|ULY68482.1|GENBANK|OL828820|tyrosyl-tRNA synthetase [Chlorella virus XW01]	Chlorella virus XW01	Blastx
SRR14574591	NODE_2737_length_1463_cov_4.599301	49.4	1463	340	1.132353	9.44e-105	acc|GENBANK|AAU93531.1|GENBANK|AY691949|cyclin H-1 [Zea mays]	Zea mays	Blastx
SRR14574591	NODE_8427_length_1301_cov_3.831230	39.2	1301	448	0.946429	1.02e-103	acc|REFSEQ|YP_009449000.1|REFSEQ|NC_036594|Histidine-tRNA synthetase [Orpheovirus IHUMI-LCC2]	Orpheovirus IHUMI-LCC2	Blastx
SRR14574591	NODE_15136_length_1347_cov_22.535769	49.9	1347	336	1.008929	2.21e-103	acc|GENBANK|QFG74155.1|GENBANK|MN448281|semialdehyde dehydrogenase, dimerization domain [Megaviridae environmental sample]	Megaviridae environmental sample	Blastx
SRR14574591	NODE_2728_length_2117_cov_7.558061	44.5	2117	679	0.615611	2.59e-103	acc|GENBANK|QIG60138.1|GENBANK|MN940580|ATP-dependent zinc metalloprotease [Dishui Lake large algae virus 1]	Dishui Lake large algae virus 1	Blastx
SRR14574591	NODE_14819_length_1354_cov_4.028766	47.5	1354	867	0.419839	4.36e-103	acc|GENBANK|AHA55176.1|GENBANK|KF481687|putative serine palmitoyltransferase [Emiliania huxleyi virus 156]	Emiliania huxleyi virus 156	Blastx
SRR14574591	NODE_580_length_1403_cov_23.216788	47.1	1403	697	0.490674	9.03e-103	acc|REFSEQ|YP_010781946.1|REFSEQ|NC_075039|catalase [Tupanvirus soda lake]	Tupanvirus soda lake	Blastx
SRR14574591	NODE_13072_length_991_cov_3.579332	54.2	991	352	0.875000	2.32e-102	acc|GENBANK|AGE49329.1|GENBANK|JX997155|GDP-D-mannose dehydratase [Acanthocystis turfacea Chlorella virus Br0604L]	Acanthocystis turfacea Chlorella virus Br0604L	Blastx
SRR14574591	NODE_7504_length_492_cov_2.980392	82.2	492	237	0.687764	6.29e-102	acc|GENBANK|UZT29049.1|GENBANK|OP765507|photosystem D1 protein [Nucleocytoviricota sp.]	Nucleocytoviricota sp.	Blastx
SRR14574591	NODE_14667_length_2813_cov_27.782014	35.1	2813	644	0.940994	1.22e-101	acc|GENBANK|AGE59884.1|GENBANK|JX997186|potassium transporter [Acanthocystis turfacea Chlorella virus TN603.4.2]	Acanthocystis turfacea Chlorella virus TN603.4.2	Blastx
SRR14574591	NODE_28583_length_1132_cov_5.493176	46.7	1132	370	0.867568	1.54e-101	acc|GENBANK|AYV78232.1|GENBANK|MK072072|replication factor C small subunit [Edafosvirus sp.]	Edafosvirus sp.	Blastx
SRR14574591	NODE_11138_length_971_cov_13.882729	58.8	971	404	0.690594	3.80e-101	acc|REFSEQ|YP_009483679.1|REFSEQ|NC_037667|clamp loader of DNA polymerase [Pandoravirus quercus]	Pandoravirus quercus	Blastx
SRR14574591	NODE_13873_length_2090_cov_10.770053	37.7	2090	515	1.031068	4.26e-101	acc|REFSEQ|YP_010780329.1|REFSEQ|NC_075038|lysine-tRNA synthetase [Tupanvirus deep ocean]	Tupanvirus deep ocean	Blastx
SRR14574591	NODE_28992_length_897_cov_3.118056	73.6	897	214	0.901869	6.40e-101	acc|GENBANK|UZE89726.1|GENBANK|ON704650|hypothetical protein [Parapoynx stagnalis nucleopolyhedrovirus]	Parapoynx stagnalis nucleopolyhedrovirus	Blastx
SRR14574591	NODE_13548_length_1091_cov_19.732514	53.2	1091	302	0.927152	5.38e-100	acc|GENBANK|QBK92300.1|GENBANK|MK500573|NAD dependent epimerase/dehydratase [Pithovirus LCPAC304]	Pithovirus LCPAC304	Blastx
SRR14574591	NODE_2419_length_2090_cov_25.622265	38.9	2090	514	0.926070	6.30e-100	acc|GENBANK|AYV78233.1|GENBANK|MK072072|L-threonine dehydratase biosynthetic IlvA [Edafosvirus sp.]	Edafosvirus sp.	Blastx
SRR14574591	NODE_442_length_1334_cov_8.933128	48.3	1334	579	0.604491	1.14e-99	acc|GENBANK|XKM46695.1|GENBANK|PQ442262|hypothetical protein [Ostreococcus tauri virus 06-1]	Ostreococcus tauri virus 06-1	Blastx
SRR14574591	NODE_14795_length_1528_cov_13.094314	43.2	1528	508	0.852362	1.23e-99	acc|GENBANK|QIG60124.1|GENBANK|MN940580|DNA-directed RNA polymerase II subunit RPB1 [Dishui Lake large algae virus 1]	Dishui Lake large algae virus 1	Blastx
SRR14574591	NODE_13243_length_1812_cov_11.867341	44.2	1812	810	0.528395	8.97e-99	acc|GENBANK|QBK86799.1|GENBANK|MK500336|uncharacterized protein [Marseillevirus LCMAC103]	Marseillevirus LCMAC103	Blastx
SRR14574591	NODE_13940_length_1021_cov_36.039474	58.5	1021	316	0.800633	1.76e-98	acc|GENBANK|QDY51833.1|GENBANK|MK250085|hypothetical protein [Mimiviridae sp. ChoanoV1]	Mimiviridae sp. ChoanoV1	Blastx
SRR14574591	NODE_14164_length_1948_cov_17.396867	38.8	1948	522	1.017241	1.92e-98	acc|GENBANK|QPI16279.1|GENBANK|MW030549|hypothetical protein [Virus NIOZ-UU157]	Virus NIOZ-UU157	Blastx
SRR14574591	NODE_7819_length_1168_cov_5.380617	60.8	1168	504	0.521825	2.19e-98	acc|GENBANK|QKF94406.1|GENBANK|MT418680|3-deoxy-8-phosphooctulonate synthase [Fadolivirus FV1/VV64]	Fadolivirus FV1/VV64	Blastx
SRR14574591	NODE_10388_length_1383_cov_14.771852	49.9	1383	437	0.775744	2.31e-98	acc|GENBANK|AEX61646.1|GENBANK|JN885991|putative heat shock 70 kDa protein [Megavirus courdo7]	Megavirus courdo7	Blastx
SRR14574591	NODE_30357_length_660_cov_10.634769	82.0	660	621	0.294686	5.36e-97	acc|GENBANK|XCA47333.1|GENBANK|PP911589|movement protein hsp70h [Micromonas commoda virus]	Micromonas commoda virus	Blastx
SRR14574591	NODE_9480_length_1011_cov_4.486708	52.5	1011	645	0.528682	8.80e-97	acc|GENBANK|AAK84474.1|GENBANK|AF275345|suppressor-like protein [Solanum lycopersicum]	Solanum lycopersicum	Blastx
SRR14574591	NODE_12128_length_1141_cov_36.287906	52.7	1141	299	0.876254	1.31e-96	acc|GENBANK|UOG94093.1|NEIGHBOR|OM876856|serine threonine-protein phosphatase [Aureococcus anophagefferens virus]	Aureococcus anophagefferens virus	Blastx
SRR14574591	NODE_9810_length_1176_cov_10.528434	49.2	1176	379	0.868074	1.61e-96	acc|GENBANK|AAU93530.1|GENBANK|AY691949|unknown protein [Zea mays]	Zea mays	Blastx
SRR14574591	NODE_11941_length_2368_cov_30.220557	36.6	2368	526	1.034221	1.97e-96	acc|GENBANK|QKF94253.1|GENBANK|MT418680|ABC transporter [Fadolivirus FV1/VV64]	Fadolivirus FV1/VV64	Blastx
SRR14574591	NODE_5755_length_743_cov_2.132394	65.1	743	679	0.346097	1.76e-95	acc|GENBANK|QIG60138.1|GENBANK|MN940580|ATP-dependent zinc metalloprotease [Dishui Lake large algae virus 1]	Dishui Lake large algae virus 1	Blastx
SRR14574591	NODE_856_length_1262_cov_6.646867	55.1	1262	679	0.449190	3.50e-95	acc|GENBANK|QIG60138.1|GENBANK|MN940580|ATP-dependent zinc metalloprotease [Dishui Lake large algae virus 1]	Dishui Lake large algae virus 1	Blastx
SRR14574591	NODE_5412_length_1812_cov_12.225970	35.8	1812	536	0.901119	1.17e-94	acc|GENBANK|QDY51930.1|GENBANK|MK250086|pyridoxal-dependent decarboxylase conserved [Mimiviridae sp. ChoanoV1]	Mimiviridae sp. ChoanoV1	Blastx
SRR14574591	NODE_12_length_838_cov_55.196273	51.3	838	363	0.741047	2.15e-94	acc|GENBANK|AYV86762.1|GENBANK|MK072514|GDP-D-mannose-3',5'-epimerase [Sylvanvirus sp.]	Sylvanvirus sp.	Blastx
SRR14574591	NODE_12581_length_1330_cov_5.070933	52.3	1330	299	0.876254	3.35e-94	acc|GENBANK|UOG94093.1|NEIGHBOR|OM876856|serine threonine-protein phosphatase [Aureococcus anophagefferens virus]	Aureococcus anophagefferens virus	Blastx
SRR14574591	NODE_30304_length_1180_cov_20.329555	54.9	1180	335	0.913433	1.70e-93	acc|GENBANK|ABY48132.1|GENBANK|EU306659|GH1 protein [Medicago truncatula]	Medicago truncatula	Blastx
SRR14574591	NODE_3698_length_668_cov_2.870866	80.1	668	267	0.659176	1.71e-93	acc|GENBANK|WGU26820.1|GENBANK|OQ503488|cytosolic iron-sulfur (Fe-S) protein [Triticum monococcum]	Triticum monococcum	Blastx
SRR14574591	NODE_2181_length_984_cov_52.221872	46.5	984	477	0.693920	3.44e-93	acc|GENBANK|AYV78014.1|GENBANK|MK072068|elongation factor 1 alpha long form [Edafosvirus sp.]	Edafosvirus sp.	Blastx
SRR14574591	NODE_10110_length_1302_cov_5.705280	49.1	1302	465	0.679570	5.53e-93	acc|GENBANK|AGL44352.1|GENBANK|JX392394|reverse transcriptase-like domain-containing RBR [Glycine max]	Glycine max	Blastx
SRR14574591	NODE_13148_length_1300_cov_7.342541	48.2	1300	321	0.956386	8.00e-93	acc|GENBANK|AYV82329.1|GENBANK|MK072362|fructose-1,6-bisphosphatase, cytosolic-like [Homavirus sp.]	Homavirus sp.	Blastx
SRR14574591	NODE_14824_length_1387_cov_8.238552	46.2	1387	753	0.456839	1.58e-92	acc|GENBANK|QDY51907.1|GENBANK|MK250085|Hsp90 protein [Mimiviridae sp. ChoanoV1]	Mimiviridae sp. ChoanoV1	Blastx
SRR14574591	NODE_14741_length_1658_cov_6.080000	37.9	1658	588	0.829932	1.81e-92	acc|GENBANK|QOI90522.1|GENBANK|MT663539|hypothetical protein [Pyramimonas orientalis virus]	Pyramimonas orientalis virus	Blastx
SRR14574591	NODE_13712_length_1338_cov_12.283525	47.9	1338	322	0.984472	5.00e-92	acc|GENBANK|QBK92099.1|GENBANK|MK500567|pyridine nucleotide-disulfide oxidoreductase [Pithovirus LCPAC304]	Pithovirus LCPAC304	Blastx
SRR14574591	NODE_9851_length_1470_cov_6.941545	37.7	1470	459	1.028322	4.21e-91	acc|GENBANK|BBI30359.1|GENBANK|AP018495|beta-galactosidase [Acanthamoeba castellanii medusavirus J1]	Acanthamoeba castellanii medusavirus J1	Blastx
SRR14574591	NODE_14608_length_1118_cov_22.103226	62.2	1118	244	1.028689	7.10e-91	acc|GENBANK|AAW73221.1|GENBANK|AY747600|VRN-A1 [Triticum aestivum]	Triticum aestivum	Blastx
SRR14574591	NODE_11424_length_1754_cov_15.210924	40.8	1754	623	0.756019	1.19e-90	acc|GENBANK|BAL14837.1|GENBANK|AB682995|endo-1,4-b-D-glucanase [Oryza sativa Japonica Group]	Oryza sativa Japonica Group	Blastx
SRR14574591	NODE_31214_length_853_cov_1.943902	70.0	853	325	0.636923	7.60e-90	acc|GENBANK|QDH91349.1|GENBANK|MN036178|hypothetical protein [Partitiviridae sp.]	Partitiviridae sp.	Blastx
SRR14574591	NODE_322_length_1003_cov_102.976289	87.1	1003	258	0.600775	4.07e-89	acc|GENBANK|WMV02893.1|GENBANK|OP630990|alpha-tubulin [Diderma spumarioides]	Diderma spumarioides	Blastx
SRR14574591	NODE_14467_length_449_cov_103.968750	87.2	449	258	0.577519	4.20e-89	acc|GENBANK|WMV02893.1|GENBANK|OP630990|alpha-tubulin [Diderma spumarioides]	Diderma spumarioides	Blastx
SRR14574591	NODE_2679_length_938_cov_3.611050	52.4	938	377	0.652520	7.46e-89	acc|GENBANK|ABB00038.1|GENBANK|DQ070849|reverse transcriptase family member [Glycine max]	Glycine max	Blastx
SRR14574591	NODE_1210_length_1756_cov_50.717353	39.5	1756	419	1.038186	8.61e-89	acc|GENBANK|WNL49938.1|GENBANK|OR343188|translation elongation factor 1alpha [Marseillevirus sp.]	Marseillevirus sp.	Blastx
SRR14574591	NODE_14439_length_4186_cov_17.116061	32.3	4186	660	0.924242	1.22e-88	acc|GENBANK|AGE57896.1|GENBANK|JX997181|potassium transporter [Paramecium bursaria Chlorella virus NW665.2]	Paramecium bursaria Chlorella virus NW665.2	Blastx
SRR14574591	NODE_1047_length_3359_cov_35.850872	26.4	3359	1333	0.650413	4.32e-88	acc|GENBANK|AAA75254.1|GENBANK|L47193|reverse transcriptase [Arabidopsis thaliana]	Arabidopsis thaliana	Blastx
SRR14574591	NODE_12461_length_2883_cov_3.973333	42.0	2883	394	1.020305	6.17e-88	acc|REFSEQ|YP_009640107.1|REFSEQ|NC_011335|hypothetical protein [Diadromus pulchellus ascovirus 4a]	Diadromus pulchellus ascovirus 4a	Blastx
SRR14574591	NODE_10446_length_2543_cov_7.986056	32.9	2543	657	1.003044	7.60e-88	acc|GENBANK|QPB44529.1|GENBANK|MW018138|replication factor C large subunit [Medusavirus stheno T3]	Medusavirus stheno T3	Blastx
SRR14574591	NODE_14355_length_2542_cov_17.956158	34.5	2542	644	0.903727	7.71e-88	acc|GENBANK|AGE59884.1|GENBANK|JX997186|potassium transporter [Acanthocystis turfacea Chlorella virus TN603.4.2]	Acanthocystis turfacea Chlorella virus TN603.4.2	Blastx
SRR14574591	NODE_3629_length_546_cov_2.477583	75.6	546	728	0.241758	1.18e-87	acc|GENBANK|QFR35755.1|GENBANK|MK737813|phytochrome B [Chandrasekharania keralensis]	Chandrasekharania keralensis	Blastx
SRR14574591	NODE_11099_length_1504_cov_10.424201	40.0	1504	356	0.983146	2.22e-87	acc|GENBANK|AUF82658.1|GENBANK|KY322437|histidine decarboxylase [Tetraselmis virus 1]	Tetraselmis virus 1	Blastx
SRR14574591	NODE_5406_length_659_cov_5.797125	81.5	659	621	0.270531	2.60e-87	acc|GENBANK|XCA47333.1|GENBANK|PP911589|movement protein hsp70h [Micromonas commoda virus]	Micromonas commoda virus	Blastx
SRR14574591	NODE_15462_length_2056_cov_9.771626	35.8	2056	537	0.951583	3.01e-87	acc|GENBANK|XCJ76823.1|GENBANK|PP728250|hypothetical protein [Micromonas polaris virus]	Micromonas polaris virus	Blastx
SRR14574591	NODE_3056_length_1959_cov_141.254933	40.4	1959	366	1.000000	5.99e-87	acc|GENBANK|WRJ69895.1|GENBANK|OR001839|phosphoserine aminotransferase [Oceanusvirus sp.]	Oceanusvirus sp.	Blastx
SRR14574591	NODE_10603_length_1453_cov_8.784507	38.9	1453	1171	0.381725	6.32e-87	acc|GENBANK|QBK90672.1|GENBANK|MK500495|DNA-directed RNA polymerase subunit beta [Pithovirus LCPAC104]	Pithovirus LCPAC104	Blastx
SRR14574591	NODE_1545_length_1423_cov_10.345324	41.1	1423	455	0.813187	6.90e-87	acc|GENBANK|QFG73745.1|GENBANK|MN448270|elongation factor Tu GTP binding domain protein [Megaviridae environmental sample]	Megaviridae environmental sample	Blastx
SRR14574591	NODE_10130_length_1352_cov_6.158453	39.9	1352	411	0.919708	5.68e-86	acc|GENBANK|QDY51866.1|GENBANK|MK250085|hypothetical protein [Mimiviridae sp. ChoanoV1]	Mimiviridae sp. ChoanoV1	Blastx
SRR14574591	NODE_14297_length_1446_cov_5.776362	45.1	1446	358	0.916201	5.96e-86	acc|REFSEQ|YP_010780072.1|REFSEQ|NC_075038|hypothetical protein [Tupanvirus deep ocean]	Tupanvirus deep ocean	Blastx
SRR14574591	NODE_13043_length_2117_cov_8.583973	40.0	2117	916	0.445415	3.44e-85	acc|GENBANK|QKF93616.1|GENBANK|MT418680|leucyl-tRNA synthetase class IA [Fadolivirus FV1/VV64]	Fadolivirus FV1/VV64	Blastx
SRR14574591	NODE_30116_length_886_cov_3.065651	47.1	886	699	0.413448	3.59e-85	acc|GENBANK|AYV78182.1|GENBANK|MK072071|valyl-tRNA synthetase [Edafosvirus sp.]	Edafosvirus sp.	Blastx
SRR14574591	NODE_9123_length_1558_cov_6.030164	37.1	1558	644	0.703416	6.57e-85	acc|REFSEQ|YP_001427177.1|REFSEQ|NC_008724|hypothetical protein [Acanthocystis turfacea chlorella virus 1]	Acanthocystis turfacea chlorella virus 1	Blastx
SRR14574591	NODE_2500_length_1928_cov_25.128760	37.5	1928	518	1.015444	1.48e-84	acc|GENBANK|QPI16131.1|GENBANK|MW030532|hypothetical protein [Virus NIOZ-UU157]	Virus NIOZ-UU157	Blastx
SRR14574591	NODE_2421_length_1139_cov_5.083183	41.1	1139	411	0.982968	2.08e-84	acc|GENBANK|ACN78984.1|GENBANK|FJ225395|cyclin-like F-box [Glycine max]	Glycine max	Blastx
SRR14574591	NODE_11988_length_1991_cov_28.001021	36.8	1991	522	1.000000	3.89e-84	acc|GENBANK|QPI16279.1|GENBANK|MW030549|hypothetical protein [Virus NIOZ-UU157]	Virus NIOZ-UU157	Blastx
SRR14574591	NODE_13489_length_756_cov_6.457815	72.3	756	206	0.893204	7.24e-84	acc|GENBANK|QIG60115.1|GENBANK|MN940580|heat-shock protein 70 [Dishui Lake large algae virus 1]	Dishui Lake large algae virus 1	Blastx
SRR14574591	NODE_8784_length_932_cov_2.616240	57.2	932	336	0.744048	1.06e-83	acc|GENBANK|ACG35788.1|GENBANK|EU963670|retrotransposon protein Ty3-gypsy subclass [Zea mays]	Zea mays	Blastx
SRR14574591	NODE_25266_length_920_cov_2.958286	45.8	920	310	0.964516	1.15e-83	acc|GENBANK|AYV86922.1|GENBANK|MK072520|hypothetical protein [Sylvanvirus sp.]	Sylvanvirus sp.	Blastx
SRR14574591	NODE_3862_length_1153_cov_2.802679	34.1	1153	463	0.917927	4.31e-83	acc|REFSEQ|YP_010781133.1|REFSEQ|NC_075038|cysteine desulfurase sufS family [Tupanvirus deep ocean]	Tupanvirus deep ocean	Blastx
SRR14574591	NODE_5064_length_1033_cov_4.240000	48.1	1033	262	1.000000	5.15e-83	acc|GENBANK|QFG74502.1|GENBANK|MN448289|endonuclease/exonuclease/phosphatase family [Megaviridae environmental sample]	Megaviridae environmental sample	Blastx
SRR14574591	NODE_26095_length_422_cov_1.717224	97.9	422	3084	0.045396	8.02e-83	acc|GENBANK|AHN96201.1|NEIGHBOR|KJ125475|polyprotein [Yam mild mosaic virus]	Yam mild mosaic virus	Blastx
SRR14574591	NODE_11638_length_709_cov_20.732249	66.9	709	175	0.982857	9.37e-83	acc|GENBANK|AWA45034.1|GENBANK|MH182560|ZCN26 [Saccharum spontaneum]	Saccharum spontaneum	Blastx
SRR14574591	NODE_31404_length_1198_cov_6.355365	46.2	1198	1196	0.275084	5.44e-82	acc|GENBANK|QBK88182.1|GENBANK|MK500377|CobB/CobQ-like glutamine amidotransferase domain [Marseillevirus LCMAC202]	Marseillevirus LCMAC202	Blastx
SRR14574591	NODE_10757_length_866_cov_8.776711	55.8	866	336	0.687500	6.31e-82	acc|GENBANK|ACG35788.1|GENBANK|EU963670|retrotransposon protein Ty3-gypsy subclass [Zea mays]	Zea mays	Blastx
SRR14574591	NODE_732_length_1834_cov_9.147140	49.5	1834	423	0.739953	8.88e-82	acc|GENBANK|CAA38181.1|GENBANK|X54284|phosphoglycerate kinase [Trichoderma viride]	Trichoderma viride	Blastx
SRR14574591	NODE_15550_length_1767_cov_14.042676	46.4	1767	310	0.951613	9.67e-82	acc|GENBANK|AYV86922.1|GENBANK|MK072520|hypothetical protein [Sylvanvirus sp.]	Sylvanvirus sp.	Blastx
SRR14574591	NODE_7653_length_831_cov_2.796992	46.5	831	697	0.388809	1.23e-81	acc|REFSEQ|YP_010781946.1|REFSEQ|NC_075039|catalase [Tupanvirus soda lake]	Tupanvirus soda lake	Blastx
SRR14574591	NODE_10743_length_1376_cov_9.676098	40.5	1376	686	0.497085	1.80e-81	acc|GENBANK|WNO13952.1|GENBANK|OQ968299|coat protein [Guapo partitivirus]	Guapo partitivirus	Blastx
SRR14574591	NODE_5596_length_763_cov_2.256164	55.7	763	558	0.453405	1.95e-81	acc|GENBANK|QOR60244.1|GENBANK|MK522034|hypothetical protein [Bathycoccus sp. RCC716 virus 1]	Bathycoccus sp. RCC716 virus 1	Blastx
SRR14574591	NODE_14657_length_761_cov_4.215659	69.1	761	364	0.489011	2.37e-81	acc|GENBANK|ADB85405.1|GENBANK|GQ252886|putative protein kinase [Phyllostachys edulis]	Phyllostachys edulis	Blastx
SRR14574591	NODE_5944_length_618_cov_2.109402	62.9	618	631	0.320127	2.47e-81	acc|GENBANK|AWA44806.1|GENBANK|MH182523|hypothetical protein [Saccharum officinarum]	Saccharum officinarum	Blastx
SRR14574591	NODE_1162_length_1245_cov_9.390264	51.3	1245	503	0.546720	3.82e-81	acc|GENBANK|AYV82303.1|GENBANK|MK072358|hypothetical protein [Homavirus sp.]	Homavirus sp.	Blastx
SRR14574591	NODE_7035_length_383_cov_2.505714	91.2	383	258	0.484496	3.93e-81	acc|GENBANK|WMV02893.1|GENBANK|OP630990|alpha-tubulin [Diderma spumarioides]	Diderma spumarioides	Blastx
SRR14574591	NODE_11410_length_981_cov_12.937764	70.0	981	182	0.879121	4.29e-81	acc|GENBANK|BDT62002.1|GENBANK|LC738871|hypothetical protein [Penaeus monodon majanivirus B]	Penaeus monodon majanivirus B	Blastx
SRR14574591	NODE_9927_length_976_cov_3.727466	48.0	976	524	0.568702	5.28e-81	acc|REFSEQ|YP_010780396.1|REFSEQ|NC_075038|prolyl-tRNA synthetase [Tupanvirus deep ocean]	Tupanvirus deep ocean	Blastx
SRR14574591	NODE_8816_length_1456_cov_3.292340	48.3	1456	358	0.723464	7.87e-81	acc|REFSEQ|YP_010780072.1|REFSEQ|NC_075038|hypothetical protein [Tupanvirus deep ocean]	Tupanvirus deep ocean	Blastx
SRR14574591	NODE_29966_length_778_cov_1.276510	47.0	778	706	0.379603	1.62e-80	acc|GENBANK|WGU26822.1|GENBANK|OQ503488|OPT oligopeptide transporter protein [Triticum monococcum]	Triticum monococcum	Blastx
SRR14574591	NODE_2268_length_1878_cov_6.600000	38.4	1878	1102	0.418330	1.87e-80	acc|GENBANK|AYV84919.1|GENBANK|MK072437|copper oxidase [Satyrvirus sp.]	Satyrvirus sp.	Blastx
SRR14574591	NODE_26399_length_734_cov_9.031384	57.0	734	574	0.400697	2.19e-80	acc|GENBANK|XAO13562.1|GENBANK|PP130629|hypothetical protein [Mantoniella tinhauana virus 1]	Mantoniella tinhauana virus 1	Blastx
SRR14574591	NODE_10367_length_654_cov_6.853462	62.8	654	524	0.343511	2.68e-80	acc|REFSEQ|YP_010781689.1|REFSEQ|NC_075039|prolyl-tRNA synthetase [Tupanvirus soda lake]	Tupanvirus soda lake	Blastx
SRR14574591	NODE_11822_length_910_cov_33.597491	52.2	910	288	0.885417	4.37e-80	acc|GENBANK|QBK86945.1|GENBANK|MK500338|tetrahydrofolate dehydrogenase/cyclohydrolase [Marseillevirus LCMAC103]	Marseillevirus LCMAC103	Blastx
SRR14574591	NODE_14212_length_2452_cov_38.389004	39.7	2452	398	0.979899	5.31e-80	acc|GENBANK|AYV82736.1|GENBANK|MK072384|glutamate-5-semialdehyde dehydrogenase [Hyperionvirus sp.]	Hyperionvirus sp.	Blastx
SRR14574591	NODE_15053_length_1612_cov_27.360355	44.4	1612	327	0.935780	1.43e-79	acc|GENBANK|QFG73901.1|GENBANK|MN448274|papain family cysteine protease [Megaviridae environmental sample]	Megaviridae environmental sample	Blastx
SRR14574591	NODE_2481_length_795_cov_129.656168	65.8	795	355	0.518310	1.81e-79	acc|GENBANK|QBK91660.1|GENBANK|MK500561|translation initiation factor [Pithovirus LCPAC302]	Pithovirus LCPAC302	Blastx
SRR14574591	NODE_11799_length_627_cov_17.425926	71.1	627	244	0.737705	1.83e-79	acc|GENBANK|AFA53114.1|GENBANK|JN817430|VRN-B1 [Triticum carthlicum]	Triticum carthlicum	Blastx
SRR14574591	NODE_7790_length_773_cov_2.367568	54.3	773	321	0.716511	1.93e-79	acc|GENBANK|AYV82329.1|GENBANK|MK072362|fructose-1,6-bisphosphatase, cytosolic-like [Homavirus sp.]	Homavirus sp.	Blastx
SRR14574591	NODE_26783_length_594_cov_2.212121	59.6	594	316	0.626582	2.08e-79	acc|GENBANK|QDY51833.1|GENBANK|MK250085|hypothetical protein [Mimiviridae sp. ChoanoV1]	Mimiviridae sp. ChoanoV1	Blastx
SRR14574591	NODE_600_length_894_cov_9.607433	51.5	894	760	0.360526	3.65e-79	acc|GENBANK|QFG74349.1|GENBANK|MN448286|Hsp90 protein [Megaviridae environmental sample]	Megaviridae environmental sample	Blastx
SRR14574591	NODE_1979_length_1097_cov_237.679511	43.7	1097	337	0.916914	4.08e-79	acc|GENBANK|QDY52204.1|GENBANK|MK250089|acetohydroxy acid isomeroreductase [Mimiviridae sp. ChoanoV1]	Mimiviridae sp. ChoanoV1	Blastx
SRR14574591	NODE_13625_length_817_cov_13.614796	59.4	817	212	1.000000	4.59e-79	acc|GENBANK|AYV82031.1|GENBANK|MK072334|Ras-like protein Rab-11A [Homavirus sp.]	Homavirus sp.	Blastx
SRR14574591	NODE_9176_length_828_cov_4.801258	50.7	828	936	0.294872	1.82e-78	acc|GENBANK|QFG74471.1|GENBANK|MN448288|glycine cleavage system P-protein [Megaviridae environmental sample]	Megaviridae environmental sample	Blastx
SRR14574591	NODE_953_length_976_cov_13.634146	46.7	976	300	0.906667	2.19e-78	acc|GENBANK|ARF11854.1|GENBANK|KY684109|serine/threonine protein kinase [Klosneuvirus KNV1]	Klosneuvirus KNV1	Blastx
SRR14574591	NODE_10768_length_1097_cov_8.361842	41.9	1097	331	0.951662	3.83e-78	acc|GENBANK|QBK89984.1|GENBANK|MK500451|phosphoribosyl transferase domain protein [Pithovirus LCPAC101]	Pithovirus LCPAC101	Blastx
SRR14574591	NODE_1590_length_1907_cov_18.540555	41.3	1907	572	0.715035	9.82e-78	acc|REFSEQ|YP_009448872.1|REFSEQ|NC_036594|Bi-functional 3,4-dihydroxy-2-butanone [Orpheovirus IHUMI-LCC2]	Orpheovirus IHUMI-LCC2	Blastx
SRR14574591	NODE_18735_length_396_cov_1.228650	97.7	396	3084	0.042477	1.02e-77	acc|GENBANK|AHN96197.1|NEIGHBOR|KJ125473|polyprotein [Yam mild mosaic virus]	Yam mild mosaic virus	Blastx
SRR14574591	NODE_8488_length_730_cov_11.637016	55.2	730	324	0.743827	1.17e-77	acc|GENBANK|QIG60113.1|GENBANK|MN940580|hypothetical protein [Dishui Lake large algae virus 1]	Dishui Lake large algae virus 1	Blastx
SRR14574591	NODE_26346_length_472_cov_1.576310	89.4	472	258	0.511628	1.45e-77	acc|GENBANK|WMV02893.1|GENBANK|OP630990|alpha-tubulin [Diderma spumarioides]	Diderma spumarioides	Blastx
SRR14574591	NODE_20167_length_487_cov_3.156388	71.7	487	759	0.209486	3.73e-77	acc|GENBANK|ACN78962.1|GENBANK|FJ225394|methyltransferase [Glycine max]	Glycine max	Blastx
SRR14574591	NODE_12004_length_919_cov_38.770880	67.6	919	196	0.897959	5.83e-77	acc|GENBANK|AWA44808.1|GENBANK|MH182523|hypothetical protein [Saccharum officinarum]	Saccharum officinarum	Blastx
SRR14574591	NODE_19118_length_499_cov_1.467811	71.3	499	276	0.605072	7.39e-77	acc|GENBANK|ACG38448.1|GENBANK|EU966330|retrotransposon protein Ty1-copia subclass [Zea mays]	Zea mays	Blastx
SRR14574591	NODE_206_length_902_cov_18.082854	57.4	902	634	0.373817	7.69e-77	acc|GENBANK|BDT62027.1|GENBANK|LC738871|MjHSP70-2-like protein [Penaeus monodon majanivirus B]	Penaeus monodon majanivirus B	Blastx
SRR14574591	NODE_30436_length_828_cov_2.865409	48.9	828	471	0.573248	1.13e-76	acc|REFSEQ|YP_009553220.1|REFSEQ|NC_040712|ORF4 [Dioscorea nummularia-associated virus]	Dioscorea nummularia-associated virus	Blastx
SRR14574591	NODE_22707_length_1272_cov_3.161421	52.0	1272	471	0.530786	1.23e-76	acc|REFSEQ|YP_009553220.1|REFSEQ|NC_040712|ORF4 [Dioscorea nummularia-associated virus]	Dioscorea nummularia-associated virus	Blastx
SRR14574591	NODE_20083_length_447_cov_2.115942	81.1	447	1595	0.092790	1.28e-76	acc|REFSEQ|YP_009553219.1|REFSEQ|NC_040712|ORF3 [Dioscorea nummularia-associated virus]	Dioscorea nummularia-associated virus	Blastx
SRR14574591	NODE_14500_length_1432_cov_33.229450	36.3	1432	441	0.854875	1.32e-76	acc|GENBANK|QKF94717.1|GENBANK|MT418680|ergosterol biosynthesis ERG4/ERG24 [Fadolivirus FV1/VV64]	Fadolivirus FV1/VV64	Blastx
SRR14574591	NODE_13813_length_722_cov_83.798258	56.4	722	286	0.842657	2.10e-76	acc|GENBANK|AAU93534.1|GENBANK|AY691949|unknown protein [Zea mays]	Zea mays	Blastx
SRR14574591	NODE_22361_length_729_cov_3.729885	62.8	729	407	0.469287	2.68e-76	acc|GENBANK|ARF08154.1|GENBANK|KY684083|acetamidase/formamidase family protein [Catovirus CTV1]	Catovirus CTV1	Blastx
SRR14574591	NODE_12233_length_1218_cov_3.564557	54.3	1218	272	0.852941	2.79e-76	acc|GENBANK|AYV78356.1|GENBANK|MK072075|E3 ubiquitin-protein ligase RGLG1 [Edafosvirus sp.]	Edafosvirus sp.	Blastx
SRR14574591	NODE_4588_length_647_cov_1.483713	96.7	647	405	0.301235	3.57e-76	acc|GENBANK|WGU26824.1|GENBANK|OQ503488|eukaryotic initiation factor 4A-III B-like [Triticum monococcum]	Triticum monococcum	Blastx
SRR14574591	NODE_1865_length_1464_cov_6.802236	43.1	1464	322	1.037267	4.74e-76	acc|GENBANK|AYV84288.1|GENBANK|MK072403|hypothetical protein [Hyperionvirus sp.]	Hyperionvirus sp.	Blastx
SRR14574591	NODE_10086_length_1512_cov_5.179851	45.2	1512	309	0.902913	4.92e-76	acc|GENBANK|QKF93832.1|GENBANK|MT418680|serine/threonine-protein kinase [Fadolivirus FV1/VV64]	Fadolivirus FV1/VV64	Blastx
SRR14574591	NODE_1168_length_391_cov_215.000000	79.2	391	214	0.607477	6.36e-76	acc|GENBANK|UZE89726.1|GENBANK|ON704650|hypothetical protein [Parapoynx stagnalis nucleopolyhedrovirus]	Parapoynx stagnalis nucleopolyhedrovirus	Blastx
SRR14574591	NODE_17669_length_397_cov_1.799451	92.2	397	282	0.457447	7.50e-76	acc|GENBANK|AAL14448.1|GENBANK|AF397035|heat shock protein Hsc70t [Mus musculus]	Mus musculus	Blastx
SRR14574591	NODE_2129_length_2981_cov_15.776459	30.8	2981	674	0.949555	7.52e-76	acc|GENBANK|AYV83542.1|GENBANK|MK072390|HrpA-like RNA helicase [Hyperionvirus sp.]	Hyperionvirus sp.	Blastx
SRR14574591	NODE_12281_length_1179_cov_5.562827	44.2	1179	686	0.494169	1.30e-75	acc|GENBANK|ADQ91181.1|GENBANK|HM004430|hypothetical protein [Bathycoccus sp. RCC1105 virus BpV2]	Bathycoccus sp. RCC1105 virus BpV2	Blastx
SRR14574591	NODE_15214_length_655_cov_6.204180	61.6	655	282	0.702128	2.67e-75	acc|GENBANK|AAL14448.1|GENBANK|AF397035|heat shock protein Hsc70t [Mus musculus]	Mus musculus	Blastx
SRR14574591	NODE_14362_length_1994_cov_6.134625	34.4	1994	727	0.867950	4.24e-75	acc|GENBANK|ADB85269.1|GENBANK|GQ252805|putative lectin-like protein kinase [Phyllostachys edulis]	Phyllostachys edulis	Blastx
SRR14574591	NODE_29865_length_1464_cov_5.900769	34.9	1464	911	0.502744	6.62e-75	acc|GENBANK|ARF11708.1|GENBANK|KY684109|Zn-dependent peptidase [Klosneuvirus KNV1]	Klosneuvirus KNV1	Blastx
SRR14574591	NODE_13958_length_1673_cov_8.591463	34.7	1673	423	1.016548	1.07e-74	acc|GENBANK|AYV79517.1|GENBANK|MK072150|HD phosphohydrolase domain-containing protein [Faunusvirus sp.]	Faunusvirus sp.	Blastx
SRR14574591	NODE_15475_length_519_cov_91.518519	94.7	519	113	1.000000	1.19e-74	acc|GENBANK|QDH76139.1|GENBANK|MK948414|putative gag protein [Porcine endogenous retrovirus]	Porcine endogenous retrovirus	Blastx
SRR14574591	NODE_9173_length_1450_cov_5.354270	35.8	1450	570	0.770175	1.66e-74	acc|GENBANK|QPI16633.1|GENBANK|MW030590|coproporphyrinogen III oxidase [Virus NIOZ-UU159]	Virus NIOZ-UU159	Blastx
SRR14574591	NODE_3724_length_375_cov_1.716374	98.4	375	3084	0.040208	1.77e-74	acc|GENBANK|AHN96199.1|NEIGHBOR|KJ125474|polyprotein [Yam mild mosaic virus]	Yam mild mosaic virus	Blastx
SRR14574591	NODE_3744_length_966_cov_1.975348	67.5	966	221	0.764706	2.12e-74	acc|GENBANK|AYV75487.1|GENBANK|MK071979|GTP-binding protein YPTC1 [Terrestrivirus sp.]	Terrestrivirus sp.	Blastx
SRR14574591	NODE_14580_length_3617_cov_18.499442	32.1	3617	1214	0.441516	2.27e-74	acc|GENBANK|AAM82604.1|GENBANK|AF525305|putative AP endonuclease/reverse transcriptase [Brassica napus]	Brassica napus	Blastx
SRR14574591	NODE_21120_length_473_cov_3.818182	71.4	473	329	0.446809	4.95e-74	acc|GENBANK|AFV13459.1|GENBANK|JQ314447|Tac7077 [Tripsacum dactyloides]	Tripsacum dactyloides	Blastx
SRR14574591	NODE_50538_length_345_cov_1.814103	100	345	371	0.307278	6.16e-74	acc|GENBANK|AIG55114.1|GENBANK|KJ629227|replication-associated protein [Dioscorea transversa]	Dioscorea transversa	Blastx
SRR14574591	NODE_27700_length_362_cov_1.319149	99.2	362	3084	0.038911	6.76e-74	acc|GENBANK|AHN96195.1|NEIGHBOR|KJ125472|polyprotein [Yam mild mosaic virus]	Yam mild mosaic virus	Blastx
SRR14574591	NODE_2820_length_827_cov_6.473552	46.5	827	296	0.814189	9.31e-74	acc|GENBANK|AGE57891.1|GENBANK|JX997181|N-carbamoylputrescine amidase [Paramecium bursaria Chlorella virus NW665.2]	Paramecium bursaria Chlorella virus NW665.2	Blastx
SRR14574591	NODE_11048_length_1138_cov_9.479638	48.2	1138	284	0.992958	1.79e-73	acc|GENBANK|QBK87322.1|GENBANK|MK500348|tetrahydrofolate dehydrogenase/cyclohydrolase [Marseillevirus LCMAC201]	Marseillevirus LCMAC201	Blastx
SRR14574591	NODE_31288_length_444_cov_3.671533	79.6	444	728	0.201923	3.05e-73	acc|GENBANK|QFR35755.1|GENBANK|MK737813|phytochrome B [Chandrasekharania keralensis]	Chandrasekharania keralensis	Blastx
SRR14574591	NODE_3225_length_656_cov_5.296950	61.9	656	476	0.369748	1.34e-72	acc|GENBANK|AGL44354.1|GENBANK|JX392396|reverse transcriptase-like domain-containing RBR [Glycine max]	Glycine max	Blastx
SRR14574591	NODE_9022_length_757_cov_4.530387	53.1	757	674	0.363501	1.60e-72	acc|GENBANK|UZT28900.1|GENBANK|OP765507|ATP-dependent zinc metalloprotease [Nucleocytoviricota sp.]	Nucleocytoviricota sp.	Blastx
SRR14574591	NODE_28414_length_612_cov_3.354059	64.6	612	282	0.631206	1.68e-72	acc|GENBANK|AAL14448.1|GENBANK|AF397035|heat shock protein Hsc70t [Mus musculus]	Mus musculus	Blastx
SRR14574591	NODE_314_length_779_cov_14.739946	65.3	779	221	0.769231	2.57e-72	acc|GENBANK|AYV75487.1|GENBANK|MK071979|GTP-binding protein YPTC1 [Terrestrivirus sp.]	Terrestrivirus sp.	Blastx
SRR14574591	NODE_31087_length_582_cov_2.877960	75.3	582	325	0.498462	3.01e-72	acc|GENBANK|ABY48134.1|GENBANK|EU306659|bHLH transcription factor [Medicago truncatula]	Medicago truncatula	Blastx
SRR14574591	NODE_1148_length_826_cov_142.196721	44.9	826	477	0.601677	3.88e-72	acc|GENBANK|AYV78014.1|GENBANK|MK072068|elongation factor 1 alpha long form [Edafosvirus sp.]	Edafosvirus sp.	Blastx
SRR14574591	NODE_14870_length_488_cov_23.901099	91.9	488	258	0.430233	5.15e-72	acc|GENBANK|WMV02893.1|GENBANK|OP630990|alpha-tubulin [Diderma spumarioides]	Diderma spumarioides	Blastx
SRR14574591	NODE_24148_length_532_cov_6.476954	72.0	532	212	0.707547	8.56e-72	acc|GENBANK|AYV82031.1|GENBANK|MK072334|Ras-like protein Rab-11A [Homavirus sp.]	Homavirus sp.	Blastx
SRR14574591	NODE_12258_length_909_cov_1.634703	48.0	909	406	0.667488	1.74e-71	acc|GENBANK|QBK87310.1|GENBANK|MK500348|chaperone protein [Marseillevirus LCMAC201]	Marseillevirus LCMAC201	Blastx
SRR14574591	NODE_2235_length_1262_cov_21.014646	47.5	1262	327	0.810398	2.62e-71	acc|GENBANK|QFG73901.1|GENBANK|MN448274|papain family cysteine protease [Megaviridae environmental sample]	Megaviridae environmental sample	Blastx
SRR14574591	NODE_15288_length_709_cov_3.884615	51.1	709	358	0.645251	2.69e-71	acc|GENBANK|UKZ11030.1|GENBANK|OM339720|hypothetical protein [Emiliania huxleyi virus M1]	Emiliania huxleyi virus M1	Blastx
SRR14574591	NODE_50894_length_387_cov_1.322034	91.4	387	686	0.186589	2.94e-71	acc|GENBANK|WNO13952.1|GENBANK|OQ968299|coat protein [Guapo partitivirus]	Guapo partitivirus	Blastx
SRR14574591	NODE_1466_length_2044_cov_33.112382	49.4	2044	271	0.926199	3.51e-71	acc|GENBANK|AUF82230.1|GENBANK|KY322437|E3 ubiquitin--protein ligase MIEL1-like protein [Tetraselmis virus 1]	Tetraselmis virus 1	Blastx
SRR14574591	NODE_9695_length_1139_cov_7.354430	41.3	1139	392	0.772959	5.00e-71	acc|GENBANK|AYV77947.1|GENBANK|MK072068|autophagy-related protein 18a-like [Edafosvirus sp.]	Edafosvirus sp.	Blastx
SRR14574591	NODE_11944_length_861_cov_32.356280	64.7	861	221	0.769231	5.52e-71	acc|GENBANK|AYV75487.1|GENBANK|MK071979|GTP-binding protein YPTC1 [Terrestrivirus sp.]	Terrestrivirus sp.	Blastx
SRR14574591	NODE_9906_length_1057_cov_13.769531	42.7	1057	619	0.518578	6.47e-71	acc|GENBANK|AYV80670.1|GENBANK|MK072246|puromycin sensitive aminopeptidase [Harvfovirus sp.]	Harvfovirus sp.	Blastx
SRR14574591	NODE_1038_length_638_cov_48.897521	91.9	638	258	0.430233	7.04e-71	acc|GENBANK|WMV02893.1|GENBANK|OP630990|alpha-tubulin [Diderma spumarioides]	Diderma spumarioides	Blastx
SRR14574591	NODE_51118_length_435_cov_2.037313	81.4	435	564	0.257092	7.64e-71	acc|GENBANK|AWA44801.1|GENBANK|MH182523|ATP-dependent 6-phosphofructokinase [Saccharum officinarum]	Saccharum officinarum	Blastx
SRR14574591	NODE_10785_length_1208_cov_7.728511	39.9	1208	1201	0.275604	9.16e-71	acc|GENBANK|QDY52415.1|GENBANK|MK250092|RNA polymerase Rpb2, domain 6 [Mimiviridae sp. ChoanoV1]	Mimiviridae sp. ChoanoV1	Blastx
SRR14574591	NODE_14133_length_1732_cov_34.440848	44.2	1732	320	0.862500	1.26e-70	acc|GENBANK|ARF09286.1|GENBANK|KY684084|serine/threonine protein kinase [Catovirus CTV1]	Catovirus CTV1	Blastx
SRR14574591	NODE_8066_length_729_cov_3.675287	49.6	729	334	0.676647	1.38e-70	acc|REFSEQ|YP_010782262.1|REFSEQ|NC_075039|UDP-glucose 4-epimerase [Tupanvirus soda lake]	Tupanvirus soda lake	Blastx
SRR14574591	NODE_1319_length_1021_cov_422.591093	47.6	1021	360	0.747222	1.82e-70	acc|GENBANK|QKF94354.1|GENBANK|MT418680|UTP--glucose-1-phosphate uridylyltransferase [Fadolivirus FV1/VV64]	Fadolivirus FV1/VV64	Blastx
SRR14574591	NODE_3366_length_404_cov_1.846361	74.6	404	258	0.519380	2.24e-70	acc|GENBANK|WMV02893.1|GENBANK|OP630990|alpha-tubulin [Diderma spumarioides]	Diderma spumarioides	Blastx
SRR14574591	NODE_31182_length_622_cov_3.407470	84.2	622	258	0.465116	2.36e-70	acc|GENBANK|WMV02893.1|GENBANK|OP630990|alpha-tubulin [Diderma spumarioides]	Diderma spumarioides	Blastx
SRR14574591	NODE_13405_length_464_cov_13.781903	71.0	464	212	0.683962	4.67e-70	acc|GENBANK|AYV82031.1|GENBANK|MK072334|Ras-like protein Rab-11A [Homavirus sp.]	Homavirus sp.	Blastx
SRR14574591	NODE_27029_length_558_cov_2.514286	85.3	558	189	0.719577	7.66e-70	acc|REFSEQ|YP_009465730.1|REFSEQ|NC_037057|hypothetical protein [Dishui lake phycodnavirus 1]	Dishui lake phycodnavirus 1	Blastx
SRR14574591	NODE_22730_length_979_cov_2.991543	43.6	979	925	0.320000	8.81e-70	acc|GENBANK|ABY48139.1|GENBANK|EU306659|NORK [Medicago truncatula]	Medicago truncatula	Blastx
SRR14574591	NODE_10067_length_1460_cov_5.381219	45.6	1460	679	0.449190	4.30e-69	acc|GENBANK|QIG60138.1|GENBANK|MN940580|ATP-dependent zinc metalloprotease [Dishui Lake large algae virus 1]	Dishui Lake large algae virus 1	Blastx
SRR14574591	NODE_13777_length_794_cov_5.680683	45.3	794	310	0.825806	4.60e-69	acc|GENBANK|AYV86922.1|GENBANK|MK072520|hypothetical protein [Sylvanvirus sp.]	Sylvanvirus sp.	Blastx
SRR14574591	NODE_2305_length_824_cov_3.753477	48.7	824	563	0.470693	4.85e-69	acc|REFSEQ|YP_010780657.1|REFSEQ|NC_075038|dna topoisomerase 1b [Tupanvirus deep ocean]	Tupanvirus deep ocean	Blastx
SRR14574591	NODE_2659_length_912_cov_4.142207	41.0	912	480	0.610417	1.09e-68	acc|GENBANK|QPI16798.1|GENBANK|MW030606|BT1 family protein [Virus NIOZ-UU159]	Virus NIOZ-UU159	Blastx
SRR14574591	NODE_16435_length_362_cov_1.167173	99.2	362	3084	0.038911	1.21e-68	acc|GENBANK|AHN96195.1|NEIGHBOR|KJ125472|polyprotein [Yam mild mosaic virus]	Yam mild mosaic virus	Blastx
SRR14574591	NODE_10678_length_1015_cov_8.580448	39.9	1015	408	0.811275	1.45e-68	acc|REFSEQ|YP_010781447.1|REFSEQ|NC_075039|Zn-dependent alcohol dehydrogenase [Tupanvirus soda lake]	Tupanvirus soda lake	Blastx
SRR14574591	NODE_11394_length_1026_cov_25.713998	68.3	1026	196	0.821429	1.96e-68	acc|GENBANK|AWA44808.1|GENBANK|MH182523|hypothetical protein [Saccharum officinarum]	Saccharum officinarum	Blastx
SRR14574591	NODE_8201_length_617_cov_4.655822	49.6	617	604	0.470199	2.79e-68	acc|GENBANK|AAK84484.1|GENBANK|AF275345|TH65-like protein [Solanum lycopersicum]	Solanum lycopersicum	Blastx
SRR14574591	NODE_215_length_1125_cov_3.283883	51.7	1125	201	1.039801	4.54e-68	acc|GENBANK|AFC35141.1|GENBANK|JN225873|hypothetical protein [Ostreococcus tauri virus RT-2011]	Ostreococcus tauri virus RT-2011	Blastx
SRR14574591	NODE_13605_length_1032_cov_8.117117	39.6	1032	443	0.706546	6.27e-68	acc|REFSEQ|YP_010782291.1|REFSEQ|NC_075039|alcohol dehydrogenase [Tupanvirus soda lake]	Tupanvirus soda lake	Blastx
SRR14574591	NODE_8639_length_1020_cov_6.594732	38.4	1020	759	0.442688	8.41e-68	acc|GENBANK|ACN78962.1|GENBANK|FJ225394|methyltransferase [Glycine max]	Glycine max	Blastx
SRR14574591	NODE_19434_length_452_cov_7.248210	70.9	452	212	0.665094	1.53e-67	acc|GENBANK|AYV82031.1|GENBANK|MK072334|Ras-like protein Rab-11A [Homavirus sp.]	Homavirus sp.	Blastx
SRR14574591	NODE_2104_length_1538_cov_32.819269	42.3	1538	293	1.023891	1.56e-67	acc|GENBANK|QFG74152.1|GENBANK|MN448281|dihydrodipicolinate synthetase family protein [Megaviridae environmental sample]	Megaviridae environmental sample	Blastx
SRR14574591	NODE_3030_length_1657_cov_151.008621	64.5	1657	221	0.764706	1.67e-67	acc|GENBANK|AYV75487.1|GENBANK|MK071979|GTP-binding protein YPTC1 [Terrestrivirus sp.]	Terrestrivirus sp.	Blastx
SRR14574591	NODE_13618_length_1481_cov_21.954420	41.2	1481	331	0.842900	2.14e-67	acc|GENBANK|QDY52085.1|GENBANK|MK250087|hypothetical protein [Mimiviridae sp. ChoanoV1]	Mimiviridae sp. ChoanoV1	Blastx
SRR14574591	NODE_6331_length_1382_cov_5.708673	35.8	1382	660	0.622727	2.16e-67	acc|REFSEQ|YP_001425742.1|REFSEQ|NC_008603|hypothetical protein [Paramecium bursaria Chlorella virus FR483]	Paramecium bursaria Chlorella virus FR483	Blastx
SRR14574591	NODE_5190_length_1427_cov_6.002152	43.2	1427	365	0.800000	2.53e-67	acc|GENBANK|CAK7596944.1|GENBANK|OZ003748|Peptidase M24A, methionine aminopeptidase, [Catovirus sp. 'naegleriensis']	Catovirus sp. 'naegleriensis'	Blastx
SRR14574591	NODE_6807_length_2607_cov_9.115385	28.4	2607	1214	0.539539	2.88e-67	acc|GENBANK|AAM82604.1|GENBANK|AF525305|putative AP endonuclease/reverse transcriptase [Brassica napus]	Brassica napus	Blastx
SRR14574591	NODE_14267_length_976_cov_6.569459	43.6	976	1378	0.191582	3.22e-67	acc|GENBANK|URM61947.1|GENBANK|MT663335|cyclin dependent serinethreonine kinase [Mimivirus sp.]	Mimivirus sp.	Blastx
SRR14574591	NODE_3672_length_1251_cov_3.960591	56.1	1251	561	0.393939	3.32e-67	acc|GENBANK|ARF08721.1|GENBANK|KY684083|DNA topoisomerase IB [Catovirus CTV1]	Catovirus CTV1	Blastx
SRR14574591	NODE_11386_length_1856_cov_13.010971	45.5	1856	925	0.315676	3.43e-67	acc|GENBANK|ABY48139.1|GENBANK|EU306659|NORK [Medicago truncatula]	Medicago truncatula	Blastx
SRR14574591	NODE_29191_length_1033_cov_10.184000	43.2	1033	476	0.636555	4.02e-67	acc|GENBANK|QPI16652.1|GENBANK|MW030591|serine endoprotease [Virus NIOZ-UU159]	Virus NIOZ-UU159	Blastx
SRR14574591	NODE_13717_length_809_cov_3.009021	45.0	809	482	0.520747	5.84e-67	acc|GENBANK|BBA54297.1|GENBANK|AB898755|gag : akt fusion protein [Feline leukemia virus]	Feline leukemia virus	Blastx
SRR14574591	NODE_11491_length_478_cov_23.438202	64.1	478	361	0.432133	5.95e-67	acc|GENBANK|AGE50332.1|GENBANK|JX997158|agmatine deiminase [Acanthocystis turfacea Chlorella virus Canal-1]	Acanthocystis turfacea Chlorella virus Canal-1	Blastx
SRR14574591	NODE_3871_length_1927_cov_4.733369	34.2	1927	493	0.884381	6.85e-67	acc|GENBANK|QIG59668.1|GENBANK|MN940578|putative ABC-1 domain protein [Dishui Lake phycodnavirus 3]	Dishui Lake phycodnavirus 3	Blastx
SRR14574591	NODE_21466_length_638_cov_1.452893	59.3	638	925	0.215135	9.98e-67	acc|GENBANK|ABY48139.1|GENBANK|EU306659|NORK [Medicago truncatula]	Medicago truncatula	Blastx
SRR14574591	NODE_15267_length_1723_cov_13.609467	31.3	1723	592	1.059122	1.05e-66	acc|GENBANK|AYV82302.1|GENBANK|MK072358|uncharacterized protein [Homavirus sp.]	Homavirus sp.	Blastx
SRR14574591	NODE_7107_length_1215_cov_4.508460	38.3	1215	726	0.475207	1.44e-66	acc|GENBANK|UMO78572.1|GENBANK|MZ420562|Serine/threonine protein kinase [Pandoravirus belohorizontensis]	Pandoravirus belohorizontensis	Blastx
SRR14574591	NODE_2438_length_3022_cov_7.060221	44.3	3022	925	0.322162	1.89e-66	acc|GENBANK|ABY48139.1|GENBANK|EU306659|NORK [Medicago truncatula]	Medicago truncatula	Blastx
SRR14574591	NODE_2200_length_1600_cov_12.568602	41.1	1600	322	1.034161	2.47e-66	acc|GENBANK|AYV84288.1|GENBANK|MK072403|hypothetical protein [Hyperionvirus sp.]	Hyperionvirus sp.	Blastx
SRR14574591	NODE_10264_length_1252_cov_6.566858	39.6	1252	1793	0.198550	3.63e-66	acc|GENBANK|CCQ71366.1|GENBANK|HF586479|hypothetical serine/threonine protein kinase [Cotesia congregata]	Cotesia congregata	Blastx
SRR14574591	NODE_6637_length_602_cov_3.903339	62.6	602	148	0.993243	4.29e-66	acc|GENBANK|QBK87822.1|GENBANK|MK500370|ubiquitin-conjugating enzyme E2 [Marseillevirus LCMAC202]	Marseillevirus LCMAC202	Blastx
SRR14574591	NODE_1740_length_1034_cov_4.712288	41.7	1034	588	0.493197	7.08e-66	acc|GENBANK|QOI90522.1|GENBANK|MT663539|hypothetical protein [Pyramimonas orientalis virus]	Pyramimonas orientalis virus	Blastx
SRR14574591	NODE_22346_length_473_cov_1.472727	70.1	473	760	0.206579	9.51e-66	acc|GENBANK|QFG74349.1|GENBANK|MN448286|Hsp90 protein [Megaviridae environmental sample]	Megaviridae environmental sample	Blastx
SRR14574591	NODE_15316_length_1301_cov_48.624606	42.2	1301	694	0.389049	1.01e-65	acc|REFSEQ|YP_010780645.1|REFSEQ|NC_075038|catalase HPII [Tupanvirus deep ocean]	Tupanvirus deep ocean	Blastx
SRR14574591	NODE_1125_length_1028_cov_10.282412	37.4	1028	408	0.786765	1.12e-65	acc|REFSEQ|YP_010781447.1|REFSEQ|NC_075039|Zn-dependent alcohol dehydrogenase [Tupanvirus soda lake]	Tupanvirus soda lake	Blastx
SRR14574591	NODE_15168_length_1363_cov_16.723308	43.7	1363	365	1.002740	1.21e-65	acc|GENBANK|BDT62135.1|GENBANK|LC738872|heat shock protein 40-like protein [Litopenaeus vannamei majanivirus Nimav-1_LVa]	Litopenaeus vannamei majanivirus Nimav-1_LVa	Blastx
SRR14574591	NODE_494_length_1279_cov_84.228732	38.1	1279	337	0.988131	1.95e-65	acc|REFSEQ|YP_002300567.1|REFSEQ|NC_011423|cathepsin [Adoxophyes orana nucleopolyhedrovirus]	Adoxophyes orana nucleopolyhedrovirus	Blastx
SRR14574591	NODE_11363_length_1077_cov_9.227969	52.0	1077	604	0.410596	3.09e-65	acc|GENBANK|ABH08432.1|GENBANK|DQ851167|putative non-inducible immunity 1 [Beta vulgaris]	Beta vulgaris	Blastx
SRR14574591	NODE_15447_length_2045_cov_34.915507	35.1	2045	832	0.618990	3.72e-65	acc|GENBANK|BAD00047.1|GENBANK|AB119282|Fusion protein, Feo [Hepacivirus hominis]	Hepacivirus hominis	Blastx
SRR14574591	NODE_21410_length_562_cov_1.052930	52.8	562	236	0.745763	4.52e-65	acc|GENBANK|UKS51800.1|GENBANK|OK336705|laccase [Allium cepa]	Allium cepa	Blastx
SRR14574591	NODE_20909_length_820_cov_2.271919	45.1	820	1287	0.205128	4.54e-65	acc|GENBANK|WLY67778.1|GENBANK|OR078387|TYG71p [Saccharomyces cerevisiae]	Saccharomyces cerevisiae	Blastx
SRR14574591	NODE_30635_length_929_cov_2.622768	68.2	929	889	0.197975	8.14e-65	acc|GENBANK|QCC26834.1|GENBANK|MK532516|Bs2 gagpol polyprotein [Zea mays]	Zea mays	Blastx
SRR14574591	NODE_2854_length_1074_cov_18.670509	36.9	1074	465	0.838710	1.12e-64	acc|GENBANK|XCW87154.1|GENBANK|PQ010613|hypothetical protein [Mimivirus sp.]	Mimivirus sp.	Blastx
SRR14574591	NODE_26865_length_1631_cov_5.188360	37.3	1631	447	0.702461	1.41e-64	acc|REFSEQ|NP_077596.1|REFSEQ|NC_002687|serine-threonine kinase [Ectocarpus siliculosus virus 1]	Ectocarpus siliculosus virus 1	Blastx
SRR14574591	NODE_316_length_1439_cov_54.844950	33.2	1439	590	0.740678	1.97e-64	acc|GENBANK|AYV86827.1|GENBANK|MK072516|CMGC/MAPK protein kinase [Sylvanvirus sp.]	Sylvanvirus sp.	Blastx
SRR14574591	NODE_469_length_889_cov_220.289720	37.4	889	651	0.620584	1.99e-64	acc|GENBANK|QBK86751.1|GENBANK|MK500335|uncharacterized protein [Marseillevirus LCMAC103]	Marseillevirus LCMAC103	Blastx
SRR14574591	NODE_2184_length_1149_cov_4.249104	42.2	1149	925	0.332973	2.45e-64	acc|GENBANK|ABY48139.1|GENBANK|EU306659|NORK [Medicago truncatula]	Medicago truncatula	Blastx
SRR14574591	NODE_28413_length_787_cov_3.472149	51.6	787	309	0.621359	2.75e-64	acc|GENBANK|QKF93832.1|GENBANK|MT418680|serine/threonine-protein kinase [Fadolivirus FV1/VV64]	Fadolivirus FV1/VV64	Blastx
SRR14574591	NODE_11572_length_637_cov_22.501656	55.5	637	638	0.330721	3.25e-64	acc|REFSEQ|YP_004894551.1|REFSEQ|NC_016072|heat shock 70 kDa protein-like protein [Megavirus chiliensis]	Megavirus chiliensis	Blastx
SRR14574591	NODE_21319_length_643_cov_3.098361	56.2	643	1595	0.136050	3.27e-64	acc|REFSEQ|YP_009553219.1|REFSEQ|NC_040712|ORF3 [Dioscorea nummularia-associated virus]	Dioscorea nummularia-associated virus	Blastx
SRR14574591	NODE_9336_length_1193_cov_9.095690	46.4	1193	371	0.668464	3.43e-64	acc|GENBANK|WNO13897.1|GENBANK|OQ968270|capsid protein [Berere partitivirus]	Berere partitivirus	Blastx
SRR14574591	NODE_27547_length_1216_cov_7.203719	40.1	1216	417	0.736211	3.81e-64	acc|GENBANK|QBK89261.1|GENBANK|MK500411|DEAD/SNF2-like helicase [Mimivirus LCMiAC02]	Mimivirus LCMiAC02	Blastx
SRR14574591	NODE_27814_length_757_cov_1.645028	60.2	757	706	0.242210	4.14e-64	acc|GENBANK|WGU26822.1|GENBANK|OQ503488|OPT oligopeptide transporter protein [Triticum monococcum]	Triticum monococcum	Blastx
SRR14574591	NODE_14366_length_637_cov_16.726821	55.9	637	638	0.330721	4.56e-64	acc|REFSEQ|YP_004894551.1|REFSEQ|NC_016072|heat shock 70 kDa protein-like protein [Megavirus chiliensis]	Megavirus chiliensis	Blastx
SRR14574591	NODE_25762_length_447_cov_3.579710	68.2	447	727	0.215956	6.44e-64	acc|GENBANK|ADB85269.1|GENBANK|GQ252805|putative lectin-like protein kinase [Phyllostachys edulis]	Phyllostachys edulis	Blastx
SRR14574591	NODE_4635_length_424_cov_44.787724	64.0	424	148	0.939189	6.97e-64	acc|GENBANK|QBK87822.1|GENBANK|MK500370|ubiquitin-conjugating enzyme E2 [Marseillevirus LCMAC202]	Marseillevirus LCMAC202	Blastx
SRR14574591	NODE_13073_length_653_cov_18.909677	53.9	653	182	1.049451	8.04e-64	acc|REFSEQ|YP_009163818.1|REFSEQ|NC_027778|ORF_057R [Scale drop disease virus]	Scale drop disease virus	Blastx
SRR14574591	NODE_29605_length_897_cov_3.532407	79.5	897	421	0.313539	9.46e-64	acc|GENBANK|AGP03657.1|GENBANK|KF220834|integrase-type DNA-binding superfamily protein [Glycine max]	Glycine max	Blastx
SRR14574591	NODE_12599_length_1500_cov_8.816633	37.1	1500	447	0.700224	1.01e-63	acc|REFSEQ|NP_077596.1|REFSEQ|NC_002687|serine-threonine kinase [Ectocarpus siliculosus virus 1]	Ectocarpus siliculosus virus 1	Blastx
SRR14574591	NODE_10044_length_704_cov_6.958271	56.0	704	206	0.927184	1.13e-63	acc|GENBANK|AYV76278.1|GENBANK|MK071983|hypothetical protein [Terrestrivirus sp.]	Terrestrivirus sp.	Blastx
SRR14574591	NODE_11124_length_2197_cov_7.405730	36.7	2197	388	0.855670	1.35e-63	acc|GENBANK|CCQ71327.1|GENBANK|HF586476|hypothetical protein kinase Pka-C1 [Cotesia congregata]	Cotesia congregata	Blastx
SRR14574591	NODE_4879_length_407_cov_2.732620	93.3	407	201	0.517413	1.51e-63	acc|GENBANK|ACG39664.1|GENBANK|EU967546|retrotransposon protein [Zea mays]	Zea mays	Blastx
SRR14574591	NODE_1924_length_932_cov_239.698554	64.7	932	148	0.939189	1.59e-63	acc|GENBANK|QBK87822.1|GENBANK|MK500370|ubiquitin-conjugating enzyme E2 [Marseillevirus LCMAC202]	Marseillevirus LCMAC202	Blastx
SRR14574591	NODE_4156_length_730_cov_9.054519	51.9	730	299	0.632107	1.69e-63	acc|GENBANK|UOG94093.1|NEIGHBOR|OM876856|serine threonine-protein phosphatase [Aureococcus anophagefferens virus]	Aureococcus anophagefferens virus	Blastx
SRR14574591	NODE_705_length_1196_cov_16.983663	36.7	1196	405	0.725926	1.75e-63	acc|GENBANK|WGU26824.1|GENBANK|OQ503488|eukaryotic initiation factor 4A-III B-like [Triticum monococcum]	Triticum monococcum	Blastx
SRR14574591	NODE_11957_length_1081_cov_20.545802	44.4	1081	657	0.476408	1.76e-63	acc|GENBANK|CAK7596747.1|GENBANK|OZ003748|Heat shock protein Hsp90 family [Catovirus sp. 'naegleriensis']	Catovirus sp. 'naegleriensis'	Blastx
SRR14574591	NODE_176_length_491_cov_4.412664	72.0	491	604	0.271523	2.19e-63	acc|GENBANK|ABH08432.1|GENBANK|DQ851167|putative non-inducible immunity 1 [Beta vulgaris]	Beta vulgaris	Blastx
SRR14574591	NODE_12911_length_1836_cov_15.215752	33.2	1836	498	1.016064	2.35e-63	acc|GENBANK|XHA59766.1|GENBANK|OR863077|thermosome [Poseidoniales virus]	Poseidoniales virus	Blastx
SRR14574591	NODE_11755_length_1409_cov_16.817587	39.0	1409	335	0.979104	2.54e-63	acc|REFSEQ|YP_010086926.1|REFSEQ|NC_055500|cathepsin [Cryptophlebia peltastica nucleopolyhedrovirus]	Cryptophlebia peltastica nucleopolyhedrovirus	Blastx
SRR14574591	NODE_13053_length_2165_cov_8.927767	70.7	2165	282	0.556738	2.72e-63	acc|GENBANK|AAL14448.1|GENBANK|AF397035|heat shock protein Hsc70t [Mus musculus]	Mus musculus	Blastx
SRR14574591	NODE_12165_length_799_cov_58.613577	54.9	799	182	1.060440	3.19e-63	acc|REFSEQ|YP_009163818.1|REFSEQ|NC_027778|ORF_057R [Scale drop disease virus]	Scale drop disease virus	Blastx
SRR14574591	NODE_15312_length_1415_cov_8.672214	50.5	1415	232	0.913793	3.59e-63	acc|REFSEQ|YP_007003686.1|REFSEQ|NC_019491|thymidylate kinase [Cyprinid herpesvirus 1]	Cyprinid herpesvirus 1	Blastx
SRR14574591	NODE_28904_length_319_cov_6.328671	96.2	319	246	0.430894	3.84e-63	acc|GENBANK|ARF10610.1|GENBANK|KY684104|ubiquitin family protein [Hokovirus HKV1]	Hokovirus HKV1	Blastx
SRR14574591	NODE_13536_length_1179_cov_8.956370	43.7	1179	726	0.362259	5.51e-63	acc|GENBANK|UMO78572.1|GENBANK|MZ420562|Serine/threonine protein kinase [Pandoravirus belohorizontensis]	Pandoravirus belohorizontensis	Blastx
SRR14574591	NODE_15487_length_1696_cov_14.793145	36.4	1696	394	1.010152	6.49e-63	acc|GENBANK|ARF11626.1|GENBANK|KY684109|translation initiation factor 4A-III [Klosneuvirus KNV1]	Klosneuvirus KNV1	Blastx
SRR14574591	NODE_792_length_1075_cov_215.546065	48.9	1075	371	0.606469	6.52e-63	acc|GENBANK|WNO13897.1|GENBANK|OQ968270|capsid protein [Berere partitivirus]	Berere partitivirus	Blastx
SRR14574591	NODE_9736_length_621_cov_6.591837	64.0	621	212	0.707547	8.38e-63	acc|GENBANK|AYV82031.1|GENBANK|MK072334|Ras-like protein Rab-11A [Homavirus sp.]	Homavirus sp.	Blastx
SRR14574591	NODE_143_length_1271_cov_3.624394	36.9	1271	876	0.383562	1.26e-62	acc|GENBANK|AYV76365.1|GENBANK|MK071983|DEXDc helicase [Terrestrivirus sp.]	Terrestrivirus sp.	Blastx
SRR14574591	NODE_10973_length_1201_cov_7.733733	41.3	1201	925	0.324324	1.41e-62	acc|GENBANK|ABY48139.1|GENBANK|EU306659|NORK [Medicago truncatula]	Medicago truncatula	Blastx
SRR14574591	NODE_24497_length_567_cov_2.792135	50.8	567	759	0.249012	2.47e-62	acc|GENBANK|ACN78962.1|GENBANK|FJ225394|methyltransferase [Glycine max]	Glycine max	Blastx
SRR14574591	NODE_14681_length_2941_cov_17.480055	33.0	2941	853	0.586166	2.62e-62	acc|GENBANK|AYV80038.1|GENBANK|MK072204|AAA family ATPase [Gaeavirus sp.]	Gaeavirus sp.	Blastx
SRR14574591	NODE_11859_length_1767_cov_17.224913	33.3	1767	590	0.744068	2.93e-62	acc|GENBANK|AYV86827.1|GENBANK|MK072516|CMGC/MAPK protein kinase [Sylvanvirus sp.]	Sylvanvirus sp.	Blastx
SRR14574591	NODE_1219_length_401_cov_236.519022	68.8	401	148	0.864865	3.41e-62	acc|GENBANK|QBK87822.1|GENBANK|MK500370|ubiquitin-conjugating enzyme E2 [Marseillevirus LCMAC202]	Marseillevirus LCMAC202	Blastx
SRR14574591	NODE_2246_length_2904_cov_11.654127	98.1	2904	105	1.000000	4.01e-62	acc|GENBANK|CAO82946.1|GENBANK|AM778053|putative pre-mRNA-splicing factor cwc-22 [Oryza sativa Japonica Group]	Oryza sativa Japonica Group	Blastx
SRR14574591	NODE_12041_length_1033_cov_23.958000	55.8	1033	206	0.922330	4.31e-62	acc|GENBANK|AYV76278.1|GENBANK|MK071983|hypothetical protein [Terrestrivirus sp.]	Terrestrivirus sp.	Blastx
SRR14574591	NODE_982_length_1155_cov_15.524955	43.2	1155	925	0.317838	4.48e-62	acc|GENBANK|ABY48139.1|GENBANK|EU306659|NORK [Medicago truncatula]	Medicago truncatula	Blastx
SRR14574591	NODE_14202_length_1274_cov_18.024980	36.8	1274	258	1.000000	5.09e-62	acc|GENBANK|WMV02893.1|GENBANK|OP630990|alpha-tubulin [Diderma spumarioides]	Diderma spumarioides	Blastx
SRR14574591	NODE_22682_length_554_cov_8.130518	56.5	554	405	0.454321	5.76e-62	acc|GENBANK|QIZ31067.1|GENBANK|MN688676|ATPase family protein [Ostreococcus mediterraneus virus 2]	Ostreococcus mediterraneus virus 2	Blastx
SRR14574591	NODE_11247_length_891_cov_10.766900	53.4	891	182	1.049451	7.23e-62	acc|REFSEQ|YP_009163818.1|REFSEQ|NC_027778|ORF_057R [Scale drop disease virus]	Scale drop disease virus	Blastx
SRR14574591	NODE_29453_length_806_cov_3.910737	47.8	806	489	0.505112	7.42e-62	acc|GENBANK|QBK85775.1|GENBANK|MK500327|aspartyl/asparaginyl-tRNA synthetase [Marseillevirus LCMAC101]	Marseillevirus LCMAC101	Blastx
SRR14574591	NODE_1367_length_2056_cov_98.910035	35.8	2056	405	0.916049	9.80e-62	acc|GENBANK|WGU26824.1|GENBANK|OQ503488|eukaryotic initiation factor 4A-III B-like [Triticum monococcum]	Triticum monococcum	Blastx
SRR14574591	NODE_20764_length_337_cov_1.457237	86.5	337	325	0.341538	1.01e-61	acc|GENBANK|QDH91349.1|GENBANK|MN036178|hypothetical protein [Partitiviridae sp.]	Partitiviridae sp.	Blastx
SRR14574591	NODE_2515_length_742_cov_33.166432	50.2	742	588	0.413265	1.02e-61	acc|GENBANK|QOI90522.1|GENBANK|MT663539|hypothetical protein [Pyramimonas orientalis virus]	Pyramimonas orientalis virus	Blastx
SRR14574591	NODE_21974_length_326_cov_1.716724	88.9	326	557	0.193896	1.22e-61	acc|GENBANK|WGU26825.1|GENBANK|OQ503488|putative acyl-activating enzyme 5 [Triticum monococcum]	Triticum monococcum	Blastx
SRR14574591	NODE_25073_length_437_cov_1.368812	84.4	437	228	0.535088	1.23e-61	acc|GENBANK|AAD44039.1|GENBANK|AF104022|polyprotein [Bovine viral diarrhea virus 2]	Bovine viral diarrhea virus 2	Blastx
SRR14574591	NODE_2287_length_1443_cov_20.676596	41.5	1443	1378	0.188679	1.44e-61	acc|GENBANK|URM61947.1|GENBANK|MT663335|cyclin dependent serinethreonine kinase [Mimivirus sp.]	Mimivirus sp.	Blastx
SRR14574591	NODE_5608_length_767_cov_2.693460	47.9	767	360	0.602778	1.64e-61	acc|GENBANK|QBK88998.1|GENBANK|MK500406|GDP-mannose 4,6 dehydratase [Mimivirus LCMiAC02]	Mimivirus LCMiAC02	Blastx
SRR14574591	NODE_1659_length_598_cov_14.587611	88.5	598	213	0.572770	2.11e-61	acc|GENBANK|AAK76585.1|GENBANK|AY045911|putative copia retroelement pol polyprotein [Arabidopsis thaliana]	Arabidopsis thaliana	Blastx
SRR14574591	NODE_9708_length_916_cov_7.583239	36.1	916	447	0.700224	2.66e-61	acc|REFSEQ|NP_077596.1|REFSEQ|NC_002687|serine-threonine kinase [Ectocarpus siliculosus virus 1]	Ectocarpus siliculosus virus 1	Blastx
SRR14574591	NODE_1641_length_1891_cov_13.800861	41.8	1891	371	0.773585	2.78e-61	acc|GENBANK|WNO13897.1|GENBANK|OQ968270|capsid protein [Berere partitivirus]	Berere partitivirus	Blastx
SRR14574591	NODE_31025_length_1063_cov_4.874757	43.6	1063	832	0.330529	3.42e-61	acc|GENBANK|BAD00047.1|GENBANK|AB119282|Fusion protein, Feo [Hepacivirus hominis]	Hepacivirus hominis	Blastx
SRR14574591	NODE_6644_length_1105_cov_8.343284	40.9	1105	291	0.941581	4.37e-61	acc|REFSEQ|YP_009177067.1|REFSEQ|NC_028238|hypothetical protein [Turkeypox virus]	Turkeypox virus	Blastx
SRR14574591	NODE_12740_length_1337_cov_4.238497	35.3	1337	908	0.433921	5.75e-61	acc|GENBANK|AYV81977.1|GENBANK|MK072332|leucyl-tRNA synthetase [Homavirus sp.]	Homavirus sp.	Blastx
SRR14574591	NODE_318_length_2519_cov_15.555109	28.0	2519	559	1.282648	6.04e-61	acc|GENBANK|QDY52131.1|GENBANK|MK250088|XRN 5'-3' exonuclease N-terminus [Mimiviridae sp. ChoanoV1]	Mimiviridae sp. ChoanoV1	Blastx
SRR14574591	NODE_2180_length_669_cov_9.522013	47.3	669	299	0.755853	6.05e-61	acc|GENBANK|ARF09764.1|GENBANK|KY684087|serine/threonine protein kinase [Indivirus ILV1]	Indivirus ILV1	Blastx
SRR14574591	NODE_8976_length_1028_cov_5.179899	44.8	1028	271	0.929889	6.14e-61	acc|GENBANK|AUF82230.1|GENBANK|KY322437|E3 ubiquitin--protein ligase MIEL1-like protein [Tetraselmis virus 1]	Tetraselmis virus 1	Blastx
SRR14574591	NODE_12915_length_895_cov_5.658933	40.9	895	759	0.405797	6.22e-61	acc|GENBANK|ACN78962.1|GENBANK|FJ225394|methyltransferase [Glycine max]	Glycine max	Blastx
SRR14574591	NODE_13592_length_1102_cov_5.676333	39.0	1102	520	0.596154	6.60e-61	acc|GENBANK|APO14197.1|GENBANK|KX098475|truncated DELLA protein [Setaria italica]	Setaria italica	Blastx
SRR14574591	NODE_9034_length_1516_cov_8.022252	41.5	1516	1378	0.187228	6.77e-61	acc|GENBANK|URM61947.1|GENBANK|MT663335|cyclin dependent serinethreonine kinase [Mimivirus sp.]	Mimivirus sp.	Blastx
SRR14574591	NODE_29137_length_1491_cov_8.470508	41.2	1491	925	0.336216	7.45e-61	acc|GENBANK|ABY48139.1|GENBANK|EU306659|NORK [Medicago truncatula]	Medicago truncatula	Blastx
SRR14574591	NODE_10770_length_1928_cov_10.274406	30.2	1928	499	0.941884	8.90e-61	acc|GENBANK|CCQ71356.1|GENBANK|HF586477|hypothetical E3 ubiquitin-protein ligase ARI [Cotesia congregata]	Cotesia congregata	Blastx
SRR14574591	NODE_9293_length_1140_cov_3.458898	36.5	1140	378	0.862434	1.31e-60	acc|GENBANK|ACN72775.1|GENBANK|FJ791046|delta-12 oleate desaturase [Helianthus annuus]	Helianthus annuus	Blastx
SRR14574591	NODE_1132_length_1315_cov_13.309672	40.9	1315	925	0.320000	1.43e-60	acc|GENBANK|ABY48139.1|GENBANK|EU306659|NORK [Medicago truncatula]	Medicago truncatula	Blastx
SRR14574591	NODE_51345_length_613_cov_1.158621	53.7	613	783	0.261814	2.19e-60	acc|GENBANK|QFG73724.1|GENBANK|MN448270|Hsp90 protein [Megaviridae environmental sample]	Megaviridae environmental sample	Blastx
SRR14574591	NODE_17844_length_315_cov_2.031915	97.1	315	3084	0.034047	2.68e-60	acc|GENBANK|WOZ17734.1|NEIGHBOR|OR762540|polyprotein [Yam mild mosaic virus]	Yam mild mosaic virus	Blastx
SRR14574591	NODE_7926_length_707_cov_4.115727	53.9	707	268	0.664179	2.98e-60	acc|REFSEQ|YP_010780800.1|REFSEQ|NC_075038|hypothetical protein [Tupanvirus deep ocean]	Tupanvirus deep ocean	Blastx
SRR14574591	NODE_25698_length_574_cov_2.602588	62.7	574	335	0.480597	4.16e-60	acc|GENBANK|ABY48132.1|GENBANK|EU306659|GH1 protein [Medicago truncatula]	Medicago truncatula	Blastx
SRR14574591	NODE_12680_length_1911_cov_10.794462	30.4	1911	499	0.929860	4.21e-60	acc|GENBANK|CCQ71356.1|GENBANK|HF586477|hypothetical E3 ubiquitin-protein ligase ARI [Cotesia congregata]	Cotesia congregata	Blastx
SRR14574591	NODE_11512_length_1296_cov_21.900238	41.4	1296	925	0.326486	4.32e-60	acc|GENBANK|ABY48139.1|GENBANK|EU306659|NORK [Medicago truncatula]	Medicago truncatula	Blastx
SRR14574591	NODE_3839_length_564_cov_4.444444	54.0	564	759	0.229249	4.71e-60	acc|GENBANK|ACN78962.1|GENBANK|FJ225394|methyltransferase [Glycine max]	Glycine max	Blastx
SRR14574591	NODE_2539_length_904_cov_120.354765	59.8	904	819	0.212454	7.16e-60	acc|GENBANK|QKF94107.1|GENBANK|MT418680|eukaryotic translation elongation factor 2 [Fadolivirus FV1/VV64]	Fadolivirus FV1/VV64	Blastx
SRR14574591	NODE_2476_length_306_cov_55.065934	95.0	306	149	0.677852	7.83e-60	acc|GENBANK|ARF10611.1|GENBANK|KY684104|ubiquitin family protein [Hokovirus HKV1]	Hokovirus HKV1	Blastx
SRR14574591	NODE_843_length_2204_cov_6.349608	40.3	2204	925	0.375135	9.22e-60	acc|GENBANK|ABY48139.1|GENBANK|EU306659|NORK [Medicago truncatula]	Medicago truncatula	Blastx
SRR14574591	NODE_24372_length_443_cov_5.580488	77.3	443	212	0.561321	1.07e-59	acc|GENBANK|AYV82031.1|GENBANK|MK072334|Ras-like protein Rab-11A [Homavirus sp.]	Homavirus sp.	Blastx
SRR14574591	NODE_7945_length_1403_cov_4.235036	35.9	1403	478	0.734310	1.16e-59	acc|GENBANK|AAK84479.1|GENBANK|AF275345|putative auxin growth promotor protein [Solanum lycopersicum]	Solanum lycopersicum	Blastx
SRR14574591	NODE_30419_length_1994_cov_6.588985	29.7	1994	523	0.913958	1.20e-59	acc|GENBANK|AYV78352.1|GENBANK|MK072075|uncharacterized protein [Edafosvirus sp.]	Edafosvirus sp.	Blastx
SRR14574591	NODE_459_length_516_cov_37.859213	84.6	516	189	0.619048	1.93e-59	acc|REFSEQ|YP_009465730.1|REFSEQ|NC_037057|hypothetical protein [Dishui lake phycodnavirus 1]	Dishui lake phycodnavirus 1	Blastx
SRR14574591	NODE_25486_length_455_cov_1.781991	72.1	455	1161	0.132644	2.91e-59	acc|GENBANK|AAP06788.1|GENBANK|AY234827|phytochrome B1 apoprotein [Zea mays]	Zea mays	Blastx
SRR14574591	NODE_10245_length_1559_cov_4.539974	36.2	1559	618	0.689320	3.84e-59	acc|GENBANK|QKF93461.1|GENBANK|MT418680|GMP synthetase glutamine amidotransferase and [Fadolivirus FV1/VV64]	Fadolivirus FV1/VV64	Blastx
SRR14574591	NODE_6190_length_478_cov_15.204494	58.9	478	361	0.437673	3.97e-59	acc|GENBANK|AGE50332.1|GENBANK|JX997158|agmatine deiminase [Acanthocystis turfacea Chlorella virus Canal-1]	Acanthocystis turfacea Chlorella virus Canal-1	Blastx
SRR14574591	NODE_1048_length_811_cov_26.071979	50.5	811	562	0.380783	4.27e-59	acc|GENBANK|QDY52375.1|GENBANK|MK250091|asparagine synthase [Mimiviridae sp. ChoanoV1]	Mimiviridae sp. ChoanoV1	Blastx
SRR14574591	NODE_2525_length_2667_cov_21.557707	30.1	2667	498	1.028112	4.53e-59	acc|GENBANK|XHA59766.1|GENBANK|OR863077|thermosome [Poseidoniales virus]	Poseidoniales virus	Blastx
SRR14574591	NODE_4102_length_444_cov_1.948905	67.2	444	148	0.844595	4.81e-59	acc|GENBANK|QBK87822.1|GENBANK|MK500370|ubiquitin-conjugating enzyme E2 [Marseillevirus LCMAC202]	Marseillevirus LCMAC202	Blastx
SRR14574591	NODE_14755_length_670_cov_40.609105	59.2	670	150	0.980000	5.09e-59	acc|GENBANK|AYV82350.1|GENBANK|MK072366|hypothetical protein [Homavirus sp.]	Homavirus sp.	Blastx
SRR14574591	NODE_20170_length_596_cov_3.891652	63.5	596	1161	0.143842	5.12e-59	acc|GENBANK|AAP06788.1|GENBANK|AY234827|phytochrome B1 apoprotein [Zea mays]	Zea mays	Blastx
SRR14574591	NODE_1393_length_2114_cov_53.212878	29.8	2114	974	0.529774	5.21e-59	acc|GENBANK|AYV86980.1|GENBANK|MK072522|hypothetical protein [Sylvanvirus sp.]	Sylvanvirus sp.	Blastx
SRR14574591	NODE_938_length_1024_cov_5.950555	47.2	1024	568	0.440141	6.38e-59	acc|REFSEQ|YP_009665063.1|REFSEQ|NC_043129|cell division protein [Micromonas pusilla virus SP1]	Micromonas pusilla virus SP1	Blastx
SRR14574591	NODE_53_length_1351_cov_10.311836	33.9	1351	441	0.857143	6.41e-59	acc|GENBANK|QKF94717.1|GENBANK|MT418680|ergosterol biosynthesis ERG4/ERG24 [Fadolivirus FV1/VV64]	Fadolivirus FV1/VV64	Blastx
SRR14574591	NODE_9713_length_1136_cov_4.402539	46.2	1136	925	0.285405	7.86e-59	acc|GENBANK|ABY48139.1|GENBANK|EU306659|NORK [Medicago truncatula]	Medicago truncatula	Blastx
SRR14574591	NODE_8720_length_1113_cov_2.958333	40.5	1113	925	0.314595	8.77e-59	acc|GENBANK|ABY48139.1|GENBANK|EU306659|NORK [Medicago truncatula]	Medicago truncatula	Blastx
SRR14574591	NODE_30663_length_1758_cov_12.289275	35.5	1758	396	0.952020	9.22e-59	acc|GENBANK|QBK92180.1|GENBANK|MK500568|DEAD/DEAH box helicase [Pithovirus LCPAC304]	Pithovirus LCPAC304	Blastx
SRR14574591	NODE_30479_length_699_cov_2.791291	50.5	699	520	0.415385	1.08e-58	acc|GENBANK|APO14197.1|GENBANK|KX098475|truncated DELLA protein [Setaria italica]	Setaria italica	Blastx
SRR14574591	NODE_465_length_296_cov_93.102662	95.9	296	228	0.429825	1.14e-58	acc|GENBANK|AAD44039.1|GENBANK|AF104022|polyprotein [Bovine viral diarrhea virus 2]	Bovine viral diarrhea virus 2	Blastx
SRR14574591	NODE_23640_length_1138_cov_2.843439	35.2	1138	630	0.607937	1.17e-58	acc|GENBANK|WIL05472.1|GENBANK|OQ413582|ABC2 type transporter superfamily protein [Pithovirus mammoth]	Pithovirus mammoth	Blastx
SRR14574591	NODE_48202_length_267_cov_1.000000	100	267	175	0.502857	1.22e-58	acc|GENBANK|AWA45034.1|GENBANK|MH182560|ZCN26 [Saccharum spontaneum]	Saccharum spontaneum	Blastx
SRR14574591	NODE_5359_length_638_cov_3.251240	68.0	638	148	0.844595	1.30e-58	acc|GENBANK|QBK87822.1|GENBANK|MK500370|ubiquitin-conjugating enzyme E2 [Marseillevirus LCMAC202]	Marseillevirus LCMAC202	Blastx
SRR14574591	NODE_24292_length_306_cov_2.695971	86.1	306	496	0.203629	1.39e-58	acc|GENBANK|ACN78958.1|GENBANK|FJ225394|dehydration responsive protein [Glycine max]	Glycine max	Blastx
SRR14574591	NODE_397_length_580_cov_548.608775	78.4	580	112	0.991071	2.37e-58	acc|GENBANK|QDH87640.1|GENBANK|MN033519|hypothetical protein [Mitovirus sp.]	Mitovirus sp.	Blastx
SRR14574591	NODE_30826_length_880_cov_4.283353	68.3	880	382	0.321990	2.60e-58	acc|GENBANK|AAB31930.2|GENBANK|S74099|v-myb product [Avian myeloblastosis virus]	Avian myeloblastosis virus	Blastx
SRR14574591	NODE_1967_length_761_cov_663.486264	59.2	761	150	0.980000	2.90e-58	acc|GENBANK|AYV82350.1|GENBANK|MK072366|hypothetical protein [Homavirus sp.]	Homavirus sp.	Blastx
SRR14574591	NODE_1975_length_273_cov_355.575000	94.4	273	113	0.796460	3.02e-58	acc|GENBANK|QDH76139.1|GENBANK|MK948414|putative gag protein [Porcine endogenous retrovirus]	Porcine endogenous retrovirus	Blastx
SRR14574591	NODE_11382_length_1603_cov_10.860510	31.5	1603	396	0.969697	3.13e-58	acc|GENBANK|QBK92180.1|GENBANK|MK500568|DEAD/DEAH box helicase [Pithovirus LCPAC304]	Pithovirus LCPAC304	Blastx
SRR14574591	NODE_51005_length_406_cov_1.568365	68.0	406	258	0.472868	3.14e-58	acc|GENBANK|WMV02893.1|GENBANK|OP630990|alpha-tubulin [Diderma spumarioides]	Diderma spumarioides	Blastx
SRR14574591	NODE_13098_length_2379_cov_10.431799	33.8	2379	405	0.950617	3.60e-58	acc|GENBANK|WGU26824.1|GENBANK|OQ503488|eukaryotic initiation factor 4A-III B-like [Triticum monococcum]	Triticum monococcum	Blastx
SRR14574591	NODE_6014_length_1121_cov_33.090993	35.2	1121	447	0.704698	3.62e-58	acc|REFSEQ|NP_077596.1|REFSEQ|NC_002687|serine-threonine kinase [Ectocarpus siliculosus virus 1]	Ectocarpus siliculosus virus 1	Blastx
SRR14574591	NODE_15347_length_2002_cov_14.376841	36.2	2002	447	0.704698	4.16e-58	acc|REFSEQ|NP_077596.1|REFSEQ|NC_002687|serine-threonine kinase [Ectocarpus siliculosus virus 1]	Ectocarpus siliculosus virus 1	Blastx
SRR14574591	NODE_11179_length_1999_cov_13.907935	43.5	1999	588	0.421769	4.74e-58	acc|GENBANK|QOI90522.1|GENBANK|MT663539|hypothetical protein [Pyramimonas orientalis virus]	Pyramimonas orientalis virus	Blastx
SRR14574591	NODE_1686_length_306_cov_129.000000	96.0	306	318	0.317610	6.53e-58	acc|GENBANK|AAD44037.1|GENBANK|AF104020|polyprotein [Bovine viral diarrhea virus 2]	Bovine viral diarrhea virus 2	Blastx
SRR14574591	NODE_9958_length_469_cov_8.784404	76.0	469	122	0.991803	6.65e-58	acc|GENBANK|AAL66932.1|GENBANK|AY072517|copia-like retroelement pol polyprotein [Arabidopsis thaliana]	Arabidopsis thaliana	Blastx
SRR14574591	NODE_6224_length_412_cov_2.058047	76.6	412	224	0.495536	6.97e-58	acc|GENBANK|QDH89109.1|GENBANK|MN034603|hypothetical protein [Picornavirales sp.]	Picornavirales sp.	Blastx
SRR14574591	NODE_30617_length_1050_cov_11.250737	39.2	1050	299	0.879599	8.83e-58	acc|GENBANK|UOG94093.1|NEIGHBOR|OM876856|serine threonine-protein phosphatase [Aureococcus anophagefferens virus]	Aureococcus anophagefferens virus	Blastx
SRR14574591	NODE_13069_length_852_cov_8.770452	39.6	852	511	0.641879	1.01e-57	acc|GENBANK|AGL44353.1|GENBANK|JX392395|reverse transcriptase-like domain-containing RBR [Glycine max]	Glycine max	Blastx
SRR14574591	NODE_15658_length_930_cov_29.198439	50.0	930	197	1.005076	1.48e-57	acc|REFSEQ|YP_009449015.1|REFSEQ|NC_036594|GTP ras-related protein Rac1 [Orpheovirus IHUMI-LCC2]	Orpheovirus IHUMI-LCC2	Blastx
SRR14574591	NODE_14922_length_1416_cov_13.266088	40.4	1416	925	0.326486	1.49e-57	acc|GENBANK|ABY48139.1|GENBANK|EU306659|NORK [Medicago truncatula]	Medicago truncatula	Blastx
SRR14574591	NODE_2210_length_3355_cov_745.251054	37.6	3355	258	1.000000	1.82e-57	acc|GENBANK|WMV02893.1|GENBANK|OP630990|alpha-tubulin [Diderma spumarioides]	Diderma spumarioides	Blastx
SRR14574591	NODE_10087_length_779_cov_8.615282	52.3	779	197	0.873096	2.26e-57	acc|REFSEQ|YP_009449015.1|REFSEQ|NC_036594|GTP ras-related protein Rac1 [Orpheovirus IHUMI-LCC2]	Orpheovirus IHUMI-LCC2	Blastx
SRR14574591	NODE_25563_length_694_cov_4.305598	48.0	694	832	0.275240	2.48e-57	acc|GENBANK|BAD00047.1|GENBANK|AB119282|Fusion protein, Feo [Hepacivirus hominis]	Hepacivirus hominis	Blastx
SRR14574591	NODE_12885_length_693_cov_1.668182	48.8	693	925	0.230270	2.57e-57	acc|GENBANK|ABY48139.1|GENBANK|EU306659|NORK [Medicago truncatula]	Medicago truncatula	Blastx
SRR14574591	NODE_10547_length_2297_cov_17.712456	27.7	2297	703	0.930299	4.79e-57	acc|GENBANK|ARF09664.1|GENBANK|KY684086|HrpA-like RNA helicase [Indivirus ILV1]	Indivirus ILV1	Blastx
SRR14574591	NODE_1010_length_977_cov_6.841102	75.7	977	112	0.991071	4.90e-57	acc|GENBANK|QDH87640.1|GENBANK|MN033519|hypothetical protein [Mitovirus sp.]	Mitovirus sp.	Blastx
SRR14574591	NODE_51073_length_422_cov_1.804627	87.4	422	239	0.430962	5.00e-57	acc|GENBANK|AAM77033.1|GENBANK|AY117144|polyprotein [Bovine viral diarrhea virus 1]	Bovine viral diarrhea virus 1	Blastx
SRR14574591	NODE_11605_length_472_cov_80.412301	65.6	472	148	0.844595	6.47e-57	acc|GENBANK|QBK87822.1|GENBANK|MK500370|ubiquitin-conjugating enzyme E2 [Marseillevirus LCMAC202]	Marseillevirus LCMAC202	Blastx
SRR14574591	NODE_25157_length_645_cov_2.565359	58.1	645	160	0.968750	7.02e-57	acc|GENBANK|QKF94153.1|GENBANK|MT418680|cyclophilin-type peptidyl-prolyl cis-trans [Fadolivirus FV1/VV64]	Fadolivirus FV1/VV64	Blastx
SRR14574591	NODE_10103_length_1552_cov_7.025675	40.6	1552	489	0.584867	7.67e-57	acc|GENBANK|AAK84471.1|GENBANK|AF275345|putative permease [Solanum lycopersicum]	Solanum lycopersicum	Blastx
SRR14574591	NODE_27259_length_492_cov_6.553377	72.7	492	363	0.333333	9.06e-57	acc|REFSEQ|YP_009483119.1|REFSEQ|NC_037667|Ribonucleoside-diphosphate reductase small [Pandoravirus quercus]	Pandoravirus quercus	Blastx
SRR14574591	NODE_15438_length_1168_cov_38.261674	42.0	1168	674	0.381306	1.68e-56	acc|GENBANK|UZT28900.1|GENBANK|OP765507|ATP-dependent zinc metalloprotease [Nucleocytoviricota sp.]	Nucleocytoviricota sp.	Blastx
SRR14574591	NODE_10207_length_1225_cov_8.391779	42.4	1225	299	0.876254	1.81e-56	acc|GENBANK|UOG94093.1|NEIGHBOR|OM876856|serine threonine-protein phosphatase [Aureococcus anophagefferens virus]	Aureococcus anophagefferens virus	Blastx
SRR14574591	NODE_1629_length_642_cov_89.410509	45.0	642	477	0.498952	1.98e-56	acc|GENBANK|AYV78014.1|GENBANK|MK072068|elongation factor 1 alpha long form [Edafosvirus sp.]	Edafosvirus sp.	Blastx
SRR14574591	NODE_11012_length_1078_cov_5.189474	48.2	1078	925	0.242162	2.58e-56	acc|GENBANK|ABY48139.1|GENBANK|EU306659|NORK [Medicago truncatula]	Medicago truncatula	Blastx
SRR14574591	NODE_12315_length_1922_cov_27.043939	40.8	1922	1721	0.160953	3.14e-56	acc|REFSEQ|YP_008437707.2|REFSEQ|NC_022098|serine-threonine kinase [Pandoravirus salinus]	Pandoravirus salinus	Blastx
SRR14574591	NODE_12124_length_1611_cov_39.403042	40.6	1611	604	0.473510	3.25e-56	acc|REFSEQ|YP_008052571.1|REFSEQ|NC_021312|ATP-dependent zinc metalloprotease [Phaeocystis globosa virus]	Phaeocystis globosa virus	Blastx
SRR14574591	NODE_11087_length_1207_cov_7.744463	37.6	1207	357	0.924370	3.88e-56	acc|GENBANK|ABB29305.1|GENBANK|DQ219419|NADPH-dependent reductase [Zea mays]	Zea mays	Blastx
SRR14574591	NODE_14831_length_1336_cov_5.444359	46.3	1336	686	0.330904	4.86e-56	acc|GENBANK|WNO13952.1|GENBANK|OQ968299|coat protein [Guapo partitivirus]	Guapo partitivirus	Blastx
SRR14574591	NODE_1621_length_751_cov_69.791086	69.0	751	214	0.588785	6.50e-56	acc|GENBANK|UZE89726.1|GENBANK|ON704650|hypothetical protein [Parapoynx stagnalis nucleopolyhedrovirus]	Parapoynx stagnalis nucleopolyhedrovirus	Blastx
SRR14574591	NODE_28965_length_660_cov_5.771930	56.0	660	228	0.697368	7.10e-56	acc|GENBANK|ATZ80220.1|GENBANK|MF782455|cyclophilin ABH-like protein [Bodo saltans virus]	Bodo saltans virus	Blastx
SRR14574591	NODE_9905_length_1255_cov_6.319149	40.0	1255	925	0.324324	7.56e-56	acc|GENBANK|ABY48139.1|GENBANK|EU306659|NORK [Medicago truncatula]	Medicago truncatula	Blastx
SRR14574591	NODE_6553_length_665_cov_4.126582	43.9	665	331	0.646526	1.27e-55	acc|GENBANK|QBK89984.1|GENBANK|MK500451|phosphoribosyl transferase domain protein [Pithovirus LCPAC101]	Pithovirus LCPAC101	Blastx
SRR14574591	NODE_10225_length_1645_cov_10.311414	42.5	1645	1573	0.164654	1.51e-55	acc|REFSEQ|YP_007354741.1|REFSEQ|NC_020104|serine-threonine kinase [Acanthamoeba polyphaga moumouvirus]	Acanthamoeba polyphaga moumouvirus	Blastx
SRR14574591	NODE_11224_length_1248_cov_8.237037	41.7	1248	371	0.614555	1.62e-55	acc|GENBANK|WNO13897.1|GENBANK|OQ968270|capsid protein [Berere partitivirus]	Berere partitivirus	Blastx
SRR14574591	NODE_1704_length_1947_cov_53.064786	39.2	1947	299	0.879599	1.65e-55	acc|GENBANK|UOG94093.1|NEIGHBOR|OM876856|serine threonine-protein phosphatase [Aureococcus anophagefferens virus]	Aureococcus anophagefferens virus	Blastx
SRR14574591	NODE_14601_length_929_cov_5.001116	38.3	929	660	0.434848	1.72e-55	acc|REFSEQ|YP_001425742.1|REFSEQ|NC_008603|hypothetical protein [Paramecium bursaria Chlorella virus FR483]	Paramecium bursaria Chlorella virus FR483	Blastx
SRR14574591	NODE_13857_length_1082_cov_5.942803	32.7	1082	403	0.818859	2.12e-55	acc|GENBANK|AYV82314.1|GENBANK|MK072360|translation initiation factor 4A-III [Homavirus sp.]	Homavirus sp.	Blastx
SRR14574591	NODE_2492_length_929_cov_3.842634	53.6	929	212	0.792453	2.93e-55	acc|GENBANK|AYV82031.1|GENBANK|MK072334|Ras-like protein Rab-11A [Homavirus sp.]	Homavirus sp.	Blastx
SRR14574591	NODE_5024_length_839_cov_3.931762	63.9	839	382	0.319372	3.11e-55	acc|GENBANK|AAB31930.2|GENBANK|S74099|v-myb product [Avian myeloblastosis virus]	Avian myeloblastosis virus	Blastx
SRR14574591	NODE_3507_length_776_cov_5.117093	53.3	776	411	0.401460	3.16e-55	acc|GENBANK|QBK89188.1|GENBANK|MK500409|uncharacterized protein [Mimivirus LCMiAC02]	Mimivirus LCMiAC02	Blastx
SRR14574591	NODE_2089_length_1590_cov_19.994862	46.3	1590	686	0.330904	3.87e-55	acc|GENBANK|WNO13952.1|GENBANK|OQ968299|coat protein [Guapo partitivirus]	Guapo partitivirus	Blastx
SRR14574591	NODE_2554_length_2756_cov_84.385971	32.4	2756	417	0.932854	3.99e-55	acc|GENBANK|QBK89261.1|GENBANK|MK500411|DEAD/SNF2-like helicase [Mimivirus LCMiAC02]	Mimivirus LCMiAC02	Blastx
SRR14574591	NODE_451_length_1434_cov_38.613133	46.7	1434	604	0.379139	4.20e-55	acc|REFSEQ|YP_008052571.1|REFSEQ|NC_021312|ATP-dependent zinc metalloprotease [Phaeocystis globosa virus]	Phaeocystis globosa virus	Blastx
SRR14574591	NODE_2228_length_1218_cov_3.520675	45.8	1218	1044	0.242337	4.48e-55	acc|GENBANK|BAC54898.1|GENBANK|AB083008|supressor of Ty element 16 [Drosophila melanogaster]	Drosophila melanogaster	Blastx
SRR14574591	NODE_9119_length_727_cov_1.665706	41.5	727	490	0.491837	5.41e-55	acc|GENBANK|QBK92743.1|GENBANK|MK500581|uncharacterized protein [Pithovirus LCPAC401]	Pithovirus LCPAC401	Blastx
SRR14574591	NODE_496_length_463_cov_49.113953	79.6	463	112	0.919643	7.05e-55	acc|GENBANK|QDH87640.1|GENBANK|MN033519|hypothetical protein [Mitovirus sp.]	Mitovirus sp.	Blastx
SRR14574591	NODE_13989_length_864_cov_8.906137	53.0	864	324	0.623457	7.13e-55	acc|GENBANK|QIG60113.1|GENBANK|MN940580|hypothetical protein [Dishui Lake large algae virus 1]	Dishui Lake large algae virus 1	Blastx
SRR14574591	NODE_21735_length_794_cov_2.587385	54.5	794	870	0.232184	9.63e-55	acc|GENBANK|WZO87275.1|GENBANK|PP681894|ATPase [Chlorovirus sp.]	Chlorovirus sp.	Blastx
SRR14574591	NODE_14745_length_1736_cov_20.746330	33.1	1736	405	0.962963	1.11e-54	acc|GENBANK|WGU26824.1|GENBANK|OQ503488|eukaryotic initiation factor 4A-III B-like [Triticum monococcum]	Triticum monococcum	Blastx
SRR14574591	NODE_49700_length_288_cov_1.717647	89.5	288	239	0.397490	1.29e-54	acc|GENBANK|AAM77033.1|GENBANK|AY117144|polyprotein [Bovine viral diarrhea virus 1]	Bovine viral diarrhea virus 1	Blastx
SRR14574591	NODE_14209_length_1107_cov_51.175047	33.8	1107	697	0.535151	1.30e-54	acc|GENBANK|WBF70613.1|GENBANK|OP925046|hypothetical protein [Megavirus caiporensis]	Megavirus caiporensis	Blastx
SRR14574591	NODE_5650_length_692_cov_3.083460	42.4	692	257	0.891051	1.37e-54	acc|REFSEQ|YP_007250456.1|REFSEQ|NC_019945|pcna protein [Thysanoplusia orichalcea nucleopolyhedrovirus]	Thysanoplusia orichalcea nucleopolyhedrovirus	Blastx
SRR14574591	NODE_13023_length_1328_cov_16.545174	30.4	1328	588	0.760204	1.79e-54	acc|GENBANK|QOI90522.1|GENBANK|MT663539|hypothetical protein [Pyramimonas orientalis virus]	Pyramimonas orientalis virus	Blastx
SRR14574591	NODE_24066_length_313_cov_1.157143	93.4	313	176	0.517045	2.12e-54	acc|GENBANK|AWA44807.1|GENBANK|MH182523|hypothetical protein [Saccharum officinarum]	Saccharum officinarum	Blastx
SRR14574591	NODE_24283_length_654_cov_1.921095	48.4	654	925	0.230270	2.47e-54	acc|GENBANK|ABY48139.1|GENBANK|EU306659|NORK [Medicago truncatula]	Medicago truncatula	Blastx
SRR14574591	NODE_13684_length_2125_cov_5.774857	32.4	2125	403	0.965261	2.60e-54	acc|GENBANK|AYV82314.1|GENBANK|MK072360|translation initiation factor 4A-III [Homavirus sp.]	Homavirus sp.	Blastx
SRR14574591	NODE_779_length_2294_cov_29.535604	64.1	2294	224	0.633929	3.23e-54	acc|GENBANK|QDH89109.1|GENBANK|MN034603|hypothetical protein [Picornavirales sp.]	Picornavirales sp.	Blastx
SRR14574591	NODE_1734_length_1008_cov_4.296410	74.8	1008	112	1.098214	4.93e-54	acc|GENBANK|QDH87640.1|GENBANK|MN033519|hypothetical protein [Mitovirus sp.]	Mitovirus sp.	Blastx
SRR14574591	NODE_9691_length_1539_cov_8.627490	35.3	1539	974	0.401437	5.37e-54	acc|GENBANK|AYV86980.1|GENBANK|MK072522|hypothetical protein [Sylvanvirus sp.]	Sylvanvirus sp.	Blastx
SRR14574591	NODE_15678_length_1578_cov_50.138511	75.8	1578	129	0.961240	5.48e-54	acc|GENBANK|AKE34115.1|GENBANK|KR068481|alpha karyopherin [Okra enation leaf curl virus]	Okra enation leaf curl virus	Blastx
SRR14574591	NODE_45644_length_250_cov_1.078341	98.8	250	147	0.564626	5.87e-54	acc|GENBANK|BAG16180.1|GENBANK|AB430809|polyprotein [Yam mild mosaic virus]	Yam mild mosaic virus	Blastx
SRR14574591	NODE_14866_length_1552_cov_14.026991	75.6	1552	129	0.953488	6.39e-54	acc|GENBANK|AKE34115.1|GENBANK|KR068481|alpha karyopherin [Okra enation leaf curl virus]	Okra enation leaf curl virus	Blastx
SRR14574591	NODE_18846_length_438_cov_1.118519	67.3	438	543	0.270718	7.06e-54	acc|GENBANK|ADB85407.1|GENBANK|GQ252886|putative protein kinase [Phyllostachys edulis]	Phyllostachys edulis	Blastx
SRR14574591	NODE_11651_length_1507_cov_30.917232	45.1	1507	686	0.345481	7.19e-54	acc|GENBANK|WNO13952.1|GENBANK|OQ968299|coat protein [Guapo partitivirus]	Guapo partitivirus	Blastx
SRR14574591	NODE_1488_length_1007_cov_41.518480	63.8	1007	269	0.483271	1.01e-53	acc|GENBANK|ACG35536.1|GENBANK|EU963418|retrotransposon protein [Zea mays]	Zea mays	Blastx
SRR14574591	NODE_29399_length_1418_cov_4.210108	52.8	1418	741	0.242915	1.36e-53	acc|GENBANK|WOA03171.1|GENBANK|OR637870|truncated WD40 protein PH13-H3 [Glycine max]	Glycine max	Blastx
SRR14574591	NODE_13565_length_1100_cov_10.716026	34.5	1100	459	0.771242	1.40e-53	acc|GENBANK|BBI30359.1|GENBANK|AP018495|beta-galactosidase [Acanthamoeba castellanii medusavirus J1]	Acanthamoeba castellanii medusavirus J1	Blastx
SRR14574591	NODE_50192_length_318_cov_2.445614	77.4	318	176	0.602273	1.89e-53	acc|GENBANK|CAJ24754.1|GENBANK|AM072692|polyprotein [Dioscorea bacilliform virus]	Dioscorea bacilliform virus	Blastx
SRR14574591	NODE_30285_length_764_cov_2.581395	46.9	764	1196	0.212375	2.07e-53	acc|GENBANK|QBK88182.1|GENBANK|MK500377|CobB/CobQ-like glutamine amidotransferase domain [Marseillevirus LCMAC202]	Marseillevirus LCMAC202	Blastx
SRR14574591	NODE_11761_length_1056_cov_18.040078	55.8	1056	228	0.714912	2.73e-53	acc|GENBANK|ATZ80220.1|GENBANK|MF782455|cyclophilin ABH-like protein [Bodo saltans virus]	Bodo saltans virus	Blastx
SRR14574591	NODE_4779_length_501_cov_3.303419	71.8	501	352	0.332386	3.04e-53	acc|GENBANK|WGU26813.1|GENBANK|OQ503488|hypothetical protein [Triticum monococcum]	Triticum monococcum	Blastx
SRR14574591	NODE_19888_length_336_cov_1.475248	78.4	336	741	0.149798	3.71e-53	acc|GENBANK|WOA03171.1|GENBANK|OR637870|truncated WD40 protein PH13-H3 [Glycine max]	Glycine max	Blastx
SRR14574591	NODE_3718_length_1134_cov_6.210718	39.0	1134	261	0.961686	3.84e-53	acc|GENBANK|AYV76899.1|GENBANK|MK072000|zinc-finger and zinc-ribbon domain protein [Barrevirus sp.]	Barrevirus sp.	Blastx
SRR14574591	NODE_4114_length_423_cov_1.510256	65.1	423	212	0.594340	4.03e-53	acc|GENBANK|AYV82031.1|GENBANK|MK072334|Ras-like protein Rab-11A [Homavirus sp.]	Homavirus sp.	Blastx
SRR14574591	NODE_13097_length_1824_cov_46.334450	28.2	1824	702	0.611111	4.41e-53	acc|GENBANK|ARF12034.1|GENBANK|KY684110|copper amine oxidase [Klosneuvirus KNV1]	Klosneuvirus KNV1	Blastx
SRR14574591	NODE_13270_length_1433_cov_29.619286	28.0	1433	702	0.611111	4.75e-53	acc|GENBANK|ARF12034.1|GENBANK|KY684110|copper amine oxidase [Klosneuvirus KNV1]	Klosneuvirus KNV1	Blastx
SRR14574591	NODE_2499_length_2298_cov_8.211038	38.8	2298	896	0.414062	5.39e-53	acc|GENBANK|QCC26837.1|GENBANK|MK532524|RLX_Jeli-encoded protein [Zea mays]	Zea mays	Blastx
SRR14574591	NODE_29230_length_1097_cov_4.967105	36.3	1097	819	0.477411	5.73e-53	acc|GENBANK|BFL61206.1|GENBANK|LC813553|DNA topoisomerase 1 [Moumouvirus lavasanguinem]	Moumouvirus lavasanguinem	Blastx
SRR14574591	NODE_1880_length_892_cov_141.559953	60.6	892	229	0.698690	6.09e-53	acc|REFSEQ|YP_009482443.1|REFSEQ|NC_037666|S-phase kinase-associated protein 1 [Pandoravirus neocaledonia]	Pandoravirus neocaledonia	Blastx
SRR14574591	NODE_8449_length_969_cov_3.138889	40.2	969	630	0.398413	6.63e-53	acc|REFSEQ|YP_009001225.1|REFSEQ|NC_023423|ABC transporter [Pithovirus sibericum]	Pithovirus sibericum	Blastx
SRR14574591	NODE_26367_length_279_cov_2.321138	77.4	279	224	0.415179	6.82e-53	acc|GENBANK|QDH89109.1|GENBANK|MN034603|hypothetical protein [Picornavirales sp.]	Picornavirales sp.	Blastx
SRR14574591	NODE_5908_length_886_cov_2.493552	43.3	886	348	0.663793	7.40e-53	acc|GENBANK|AYV86709.1|GENBANK|MK072513|hypothetical protein [Sylvanvirus sp.]	Sylvanvirus sp.	Blastx
SRR14574591	NODE_2256_length_422_cov_4.647815	95.7	422	177	0.519774	7.54e-53	acc|GENBANK|AAD44038.1|GENBANK|AF104021|polyprotein [Bovine viral diarrhea virus 2]	Bovine viral diarrhea virus 2	Blastx
SRR14574591	NODE_28381_length_593_cov_4.458929	89.0	593	258	0.352713	7.99e-53	acc|GENBANK|WMV02893.1|GENBANK|OP630990|alpha-tubulin [Diderma spumarioides]	Diderma spumarioides	Blastx
SRR14574591	NODE_51267_length_485_cov_1.553097	52.2	485	697	0.230990	8.47e-53	acc|REFSEQ|YP_010781946.1|REFSEQ|NC_075039|catalase [Tupanvirus soda lake]	Tupanvirus soda lake	Blastx
SRR14574591	NODE_1452_length_1136_cov_542.204896	39.8	1136	542	0.477860	1.07e-52	acc|REFSEQ|YP_010780426.1|REFSEQ|NC_075038|ATP binding cassette sub family F [Tupanvirus deep ocean]	Tupanvirus deep ocean	Blastx
SRR14574591	NODE_28287_length_334_cov_1.687708	77.3	334	355	0.309859	1.15e-52	acc|GENBANK|BFT93330.1|GENBANK|LC847964|ribonucleotide reductase large subunit [Medusavirus sp. 'euryale']	Medusavirus sp. 'euryale'	Blastx
SRR14574591	NODE_1593_length_457_cov_37.962264	73.5	457	144	0.812500	1.21e-52	acc|GENBANK|AAH74588.1|GENBANK|BC074588|intracisternal A particle-promoted polypeptide [Xenopus tropicalis]	Xenopus tropicalis	Blastx
SRR14574591	NODE_593_length_840_cov_36.256506	61.0	840	265	0.581132	1.46e-52	acc|GENBANK|AAG09811.1|GENBANK|AF275345|MADS-box transcription factor JOINTLESS [Solanum lycopersicum]	Solanum lycopersicum	Blastx
SRR14574591	NODE_7771_length_967_cov_2.706638	55.1	967	399	0.368421	2.19e-52	acc|GENBANK|AYV76711.1|GENBANK|MK071990|hypothetical protein [Terrestrivirus sp.]	Terrestrivirus sp.	Blastx
SRR14574591	NODE_20155_length_981_cov_1.969409	46.5	981	925	0.248649	2.43e-52	acc|GENBANK|ABY48139.1|GENBANK|EU306659|NORK [Medicago truncatula]	Medicago truncatula	Blastx
SRR14574591	NODE_11007_length_244_cov_19.170616	95.0	244	113	0.707965	2.51e-52	acc|GENBANK|QDH76139.1|GENBANK|MK948414|putative gag protein [Porcine endogenous retrovirus]	Porcine endogenous retrovirus	Blastx
SRR14574591	NODE_1394_length_858_cov_75.383030	56.8	858	160	1.012500	3.23e-52	acc|GENBANK|QKF94153.1|GENBANK|MT418680|cyclophilin-type peptidyl-prolyl cis-trans [Fadolivirus FV1/VV64]	Fadolivirus FV1/VV64	Blastx
SRR14574591	NODE_22801_length_343_cov_1.264516	75.2	343	1161	0.100775	3.34e-52	acc|GENBANK|AAP06788.1|GENBANK|AY234827|phytochrome B1 apoprotein [Zea mays]	Zea mays	Blastx
SRR14574591	NODE_6163_length_885_cov_2.643192	37.1	885	668	0.452096	3.40e-52	acc|GENBANK|QKF94196.1|GENBANK|MT418680|peptidase M3A/M3B [Fadolivirus FV1/VV64]	Fadolivirus FV1/VV64	Blastx
SRR14574591	NODE_27369_length_766_cov_2.807640	40.7	766	1621	0.136336	3.67e-52	acc|GENBANK|AZL90006.1|GENBANK|MH046811|serine/threonine-protein kinase [Megavirus baoshan]	Megavirus baoshan	Blastx
SRR14574591	NODE_6809_length_1219_cov_7.000000	38.8	1219	302	0.860927	3.71e-52	acc|GENBANK|QKF93533.1|GENBANK|MT418680|pyruvate carboxyltransferase [Fadolivirus FV1/VV64]	Fadolivirus FV1/VV64	Blastx
SRR14574591	NODE_2748_length_618_cov_33.933333	60.4	618	229	0.694323	3.77e-52	acc|REFSEQ|YP_009482443.1|REFSEQ|NC_037666|S-phase kinase-associated protein 1 [Pandoravirus neocaledonia]	Pandoravirus neocaledonia	Blastx
SRR14574591	NODE_11454_length_1049_cov_8.351378	40.2	1049	832	0.367788	5.12e-52	acc|GENBANK|BAD00047.1|GENBANK|AB119282|Fusion protein, Feo [Hepacivirus hominis]	Hepacivirus hominis	Blastx
SRR14574591	NODE_19273_length_615_cov_2.874570	49.7	615	360	0.513889	5.98e-52	acc|GENBANK|QKF94354.1|GENBANK|MT418680|UTP--glucose-1-phosphate uridylyltransferase [Fadolivirus FV1/VV64]	Fadolivirus FV1/VV64	Blastx
SRR14574591	NODE_1596_length_1233_cov_91.737500	39.7	1233	394	0.753807	6.11e-52	acc|GENBANK|ARF11626.1|GENBANK|KY684109|translation initiation factor 4A-III [Klosneuvirus KNV1]	Klosneuvirus KNV1	Blastx
SRR14574591	NODE_12562_length_420_cov_2.878553	66.1	420	212	0.556604	6.33e-52	acc|GENBANK|AYV82031.1|GENBANK|MK072334|Ras-like protein Rab-11A [Homavirus sp.]	Homavirus sp.	Blastx
SRR14574591	NODE_8313_length_597_cov_7.257092	45.6	597	258	0.697674	6.90e-52	acc|GENBANK|WMV02893.1|GENBANK|OP630990|alpha-tubulin [Diderma spumarioides]	Diderma spumarioides	Blastx
SRR14574591	NODE_3144_length_588_cov_2.221622	50.5	588	1334	0.140930	6.99e-52	acc|GENBANK|CAC37622.1|GENBANK|AJ292423|polyprotein [Arabidopsis thaliana]	Arabidopsis thaliana	Blastx
SRR14574591	NODE_1332_length_1530_cov_71.194389	45.0	1530	604	0.379139	8.64e-52	acc|REFSEQ|YP_008052571.1|REFSEQ|NC_021312|ATP-dependent zinc metalloprotease [Phaeocystis globosa virus]	Phaeocystis globosa virus	Blastx
SRR14574591	NODE_7575_length_817_cov_6.302296	36.6	817	733	0.507503	9.19e-52	acc|GENBANK|CCQ71393.1|GENBANK|HF586480|hypothetical cysteinyl-tRNA synthetase CARS [Cotesia congregata]	Cotesia congregata	Blastx
SRR14574591	NODE_15629_length_1836_cov_6.559068	29.6	1836	590	0.794915	1.05e-51	acc|GENBANK|AYV86827.1|GENBANK|MK072516|CMGC/MAPK protein kinase [Sylvanvirus sp.]	Sylvanvirus sp.	Blastx
SRR14574591	NODE_673_length_1016_cov_45.515768	46.5	1016	558	0.408602	1.26e-51	acc|GENBANK|QOR60244.1|GENBANK|MK522034|hypothetical protein [Bathycoccus sp. RCC716 virus 1]	Bathycoccus sp. RCC716 virus 1	Blastx
SRR14574591	NODE_13065_length_1177_cov_3.948427	34.3	1177	405	0.864198	1.33e-51	acc|GENBANK|WGU26824.1|GENBANK|OQ503488|eukaryotic initiation factor 4A-III B-like [Triticum monococcum]	Triticum monococcum	Blastx
SRR14574591	NODE_31385_length_1170_cov_3.732630	40.3	1170	585	0.458120	1.66e-51	acc|GENBANK|XKM49628.1|GENBANK|PQ442274|hypothetical protein [Ostreococcus tauri virus 19-O]	Ostreococcus tauri virus 19-O	Blastx
SRR14574591	NODE_4641_length_417_cov_1.820312	65.3	417	787	0.157560	2.18e-51	acc|GENBANK|ADB85413.1|GENBANK|GQ252886|putative endonuclease [Phyllostachys edulis]	Phyllostachys edulis	Blastx
SRR14574591	NODE_27426_length_570_cov_9.720670	45.6	570	385	0.529870	2.53e-51	acc|GENBANK|UUT40455.1|GENBANK|ON887238|hypothetical protein [carnivorous sponge associated iridovirus]	carnivorous sponge associated iridovirus	Blastx
SRR14574591	NODE_5303_length_494_cov_3.930586	53.7	494	182	0.901099	2.55e-51	acc|REFSEQ|YP_009163818.1|REFSEQ|NC_027778|ORF_057R [Scale drop disease virus]	Scale drop disease virus	Blastx
SRR14574591	NODE_5394_length_615_cov_2.101375	55.6	615	151	0.953642	3.03e-51	acc|GENBANK|UZT28945.1|GENBANK|OP765507|ubiquitin conjugating enzyme [Nucleocytoviricota sp.]	Nucleocytoviricota sp.	Blastx
SRR14574591	NODE_11018_length_630_cov_16.897822	71.2	630	124	0.951613	3.08e-51	acc|GENBANK|QBK88266.1|GENBANK|MK500382|NifU-like protein [Marseillevirus LCMAC202]	Marseillevirus LCMAC202	Blastx
SRR14574591	NODE_50648_length_356_cov_1.993808	71.8	356	324	0.361111	3.12e-51	acc|GENBANK|QIG60113.1|GENBANK|MN940580|hypothetical protein [Dishui Lake large algae virus 1]	Dishui Lake large algae virus 1	Blastx
SRR14574591	NODE_10222_length_791_cov_4.829815	47.6	791	759	0.276680	3.22e-51	acc|GENBANK|ACN78962.1|GENBANK|FJ225394|methyltransferase [Glycine max]	Glycine max	Blastx
SRR14574591	NODE_342_length_1615_cov_13.872314	28.1	1615	836	0.643541	7.04e-51	acc|GENBANK|AYV84014.1|GENBANK|MK072397|aminopeptidase 1 [Hyperionvirus sp.]	Hyperionvirus sp.	Blastx
SRR14574591	NODE_31019_length_1984_cov_4.833931	30.0	1984	590	0.735593	8.61e-51	acc|GENBANK|AYV86827.1|GENBANK|MK072516|CMGC/MAPK protein kinase [Sylvanvirus sp.]	Sylvanvirus sp.	Blastx
SRR14574591	NODE_5095_length_548_cov_2.429126	66.2	548	759	0.171278	9.06e-51	acc|GENBANK|ACN78962.1|GENBANK|FJ225394|methyltransferase [Glycine max]	Glycine max	Blastx
SRR14574591	NODE_13054_length_821_cov_7.139594	39.8	821	925	0.285405	9.23e-51	acc|GENBANK|ABY48139.1|GENBANK|EU306659|NORK [Medicago truncatula]	Medicago truncatula	Blastx
SRR14574591	NODE_15103_length_1443_cov_4.468085	29.7	1443	590	0.735593	9.31e-51	acc|GENBANK|AYV86827.1|GENBANK|MK072516|CMGC/MAPK protein kinase [Sylvanvirus sp.]	Sylvanvirus sp.	Blastx
SRR14574591	NODE_50606_length_352_cov_1.833856	66.4	352	476	0.243697	1.19e-50	acc|GENBANK|AGL44354.1|GENBANK|JX392396|reverse transcriptase-like domain-containing RBR [Glycine max]	Glycine max	Blastx
SRR14574591	NODE_27442_length_369_cov_1.729167	71.4	369	953	0.124869	1.21e-50	acc|GENBANK|ACB28472.1|GENBANK|EU522675|polyprotein [Ananas comosus]	Ananas comosus	Blastx
SRR14574591	NODE_5987_length_703_cov_5.337313	46.9	703	331	0.586103	1.23e-50	acc|GENBANK|QBK88606.1|GENBANK|MK500393|serine/threonine protein kinase [Mimivirus LCMiAC01]	Mimivirus LCMiAC01	Blastx
SRR14574591	NODE_10141_length_1617_cov_4.085227	51.7	1617	724	0.277624	1.63e-50	acc|GENBANK|WZO84674.1|GENBANK|PP681887|Holliday junction branch migration helicase [Chlorovirus sp.]	Chlorovirus sp.	Blastx
SRR14574591	NODE_1514_length_1779_cov_9.746850	51.2	1779	197	0.873096	1.86e-50	acc|REFSEQ|YP_009449015.1|REFSEQ|NC_036594|GTP ras-related protein Rac1 [Orpheovirus IHUMI-LCC2]	Orpheovirus IHUMI-LCC2	Blastx
SRR14574591	NODE_23213_length_407_cov_2.957219	64.2	407	384	0.348958	2.68e-50	acc|GENBANK|AQQ73994.1|GENBANK|KY073338|hypothetical protein [Kurlavirus BKC-1]	Kurlavirus BKC-1	Blastx
SRR14574591	NODE_28573_length_543_cov_8.666667	48.8	543	206	0.796117	2.85e-50	acc|GENBANK|AYV78414.1|GENBANK|MK072077|putative ras-related protein Rab-10-like [Edafosvirus sp.]	Edafosvirus sp.	Blastx
SRR14574591	NODE_28758_length_429_cov_2.525253	63.0	429	897	0.150502	4.29e-50	acc|GENBANK|ABY48136.1|GENBANK|EU306659|glycine-rich protein [Medicago truncatula]	Medicago truncatula	Blastx
SRR14574591	NODE_3101_length_2204_cov_20.359742	57.5	2204	237	0.616034	8.41e-50	acc|GENBANK|ADB85285.1|GENBANK|GQ252816|hypothetical protein [Phyllostachys edulis]	Phyllostachys edulis	Blastx
SRR14574591	NODE_2164_length_807_cov_1975.856589	47.3	807	406	0.541872	8.79e-50	acc|GENBANK|QBK87310.1|GENBANK|MK500348|chaperone protein [Marseillevirus LCMAC201]	Marseillevirus LCMAC201	Blastx
SRR14574591	NODE_47139_length_259_cov_1.035398	89.4	259	258	0.329457	1.03e-49	acc|GENBANK|WMV02893.1|GENBANK|OP630990|alpha-tubulin [Diderma spumarioides]	Diderma spumarioides	Blastx
SRR14574591	NODE_11846_length_1363_cov_16.055639	39.9	1363	623	0.542536	1.12e-49	acc|GENBANK|BAL14837.1|GENBANK|AB682995|endo-1,4-b-D-glucanase [Oryza sativa Japonica Group]	Oryza sativa Japonica Group	Blastx
SRR14574591	NODE_11963_length_356_cov_2.461300	71.2	356	666	0.177177	1.12e-49	acc|GENBANK|XDO02262.1|GENBANK|PP542043|Atp-Dependent Zinc Metalloprotease [Florenciella sp. virus SA2]	Florenciella sp. virus SA2	Blastx
SRR14574591	NODE_30349_length_336_cov_20.211221	79.5	336	2466	0.045418	1.16e-49	acc|GENBANK|AOZ57106.1|GENBANK|KX608896|Serine threonine-protein kinase TOR [Saccharum hybrid cultivar R570]	Saccharum hybrid cultivar R570	Blastx
SRR14574591	NODE_3752_length_674_cov_4.418097	39.5	674	299	0.735786	1.18e-49	acc|GENBANK|UOG94093.1|NEIGHBOR|OM876856|serine threonine-protein phosphatase [Aureococcus anophagefferens virus]	Aureococcus anophagefferens virus	Blastx
SRR14574591	NODE_774_length_2400_cov_18.704267	32.6	2400	395	0.931646	1.38e-49	acc|GENBANK|QDY52265.1|GENBANK|MK250089|hypothetical protein [Mimiviridae sp. ChoanoV1]	Mimiviridae sp. ChoanoV1	Blastx
SRR14574591	NODE_14637_length_1945_cov_12.944038	40.1	1945	367	0.760218	1.48e-49	acc|GENBANK|AYV76323.1|GENBANK|MK071983|STE/STE20/FRAY protein kinase [Terrestrivirus sp.]	Terrestrivirus sp.	Blastx
SRR14574591	NODE_6900_length_1196_cov_2.324162	48.3	1196	925	0.221622	1.53e-49	acc|GENBANK|ABY48139.1|GENBANK|EU306659|NORK [Medicago truncatula]	Medicago truncatula	Blastx
SRR14574591	NODE_6286_length_1363_cov_3.881955	89.0	1363	258	0.352713	1.56e-49	acc|GENBANK|WMV02893.1|GENBANK|OP630990|alpha-tubulin [Diderma spumarioides]	Diderma spumarioides	Blastx
SRR14574591	NODE_3050_length_1287_cov_51.875598	94.0	1287	113	0.743363	1.62e-49	acc|GENBANK|QDH76139.1|GENBANK|MK948414|putative gag protein [Porcine endogenous retrovirus]	Porcine endogenous retrovirus	Blastx
SRR14574591	NODE_9567_length_1809_cov_4.811374	31.2	1809	464	0.855603	1.89e-49	acc|GENBANK|ARF10763.1|GENBANK|KY684105|elongation Factor 1-alpha EF1-alpha [Hokovirus HKV1]	Hokovirus HKV1	Blastx
SRR14574591	NODE_15357_length_925_cov_59.478700	54.2	925	206	0.815534	2.39e-49	acc|GENBANK|AYV76278.1|GENBANK|MK071983|hypothetical protein [Terrestrivirus sp.]	Terrestrivirus sp.	Blastx
SRR14574591	NODE_4611_length_385_cov_1.721591	64.1	385	759	0.168643	2.80e-49	acc|GENBANK|ACN78962.1|GENBANK|FJ225394|methyltransferase [Glycine max]	Glycine max	Blastx
SRR14574591	NODE_2335_length_1053_cov_3.299020	55.0	1053	543	0.331492	2.90e-49	acc|GENBANK|ADB85407.1|GENBANK|GQ252886|putative protein kinase [Phyllostachys edulis]	Phyllostachys edulis	Blastx
SRR14574591	NODE_5419_length_555_cov_1.726054	91.8	555	258	0.329457	3.04e-49	acc|GENBANK|WMV02893.1|GENBANK|OP630990|alpha-tubulin [Diderma spumarioides]	Diderma spumarioides	Blastx
SRR14574591	NODE_16997_length_258_cov_1.617778	96.5	258	1161	0.074074	3.35e-49	acc|GENBANK|AAP06788.1|GENBANK|AY234827|phytochrome B1 apoprotein [Zea mays]	Zea mays	Blastx
SRR14574591	NODE_1059_length_763_cov_80.917808	54.9	763	160	0.956250	3.43e-49	acc|GENBANK|QKF94153.1|GENBANK|MT418680|cyclophilin-type peptidyl-prolyl cis-trans [Fadolivirus FV1/VV64]	Fadolivirus FV1/VV64	Blastx
SRR14574591	NODE_8182_length_1568_cov_11.465798	57.4	1568	1518	0.115942	3.80e-49	acc|GENBANK|ADP20178.1|GENBANK|GU136549|gag-pol polyprotein [Silene latifolia]	Silene latifolia	Blastx
SRR14574591	NODE_3725_length_1061_cov_1.783074	42.9	1061	925	0.259459	3.86e-49	acc|GENBANK|ABY48139.1|GENBANK|EU306659|NORK [Medicago truncatula]	Medicago truncatula	Blastx
SRR14574591	NODE_7541_length_477_cov_3.094595	53.9	477	489	0.314928	4.30e-49	acc|GENBANK|QFG74185.1|GENBANK|MN448282|hypothetical protein [Megaviridae environmental sample]	Megaviridae environmental sample	Blastx
SRR14574591	NODE_6082_length_856_cov_2.044957	42.9	856	476	0.518908	4.62e-49	acc|GENBANK|QPI16652.1|GENBANK|MW030591|serine endoprotease [Virus NIOZ-UU159]	Virus NIOZ-UU159	Blastx
SRR14574591	NODE_11144_length_2140_cov_16.731846	38.1	2140	925	0.335135	4.92e-49	acc|GENBANK|ABY48139.1|GENBANK|EU306659|NORK [Medicago truncatula]	Medicago truncatula	Blastx
SRR14574591	NODE_10550_length_2252_cov_6.547544	27.1	2252	672	0.994048	4.94e-49	acc|GENBANK|AYV82044.1|GENBANK|MK072335|AMP-binding enzyme [Homavirus sp.]	Homavirus sp.	Blastx
SRR14574591	NODE_10881_length_1055_cov_10.101761	41.2	1055	925	0.270270	4.98e-49	acc|GENBANK|ABY48139.1|GENBANK|EU306659|NORK [Medicago truncatula]	Medicago truncatula	Blastx
SRR14574591	NODE_26654_length_388_cov_3.628169	60.0	388	352	0.369318	6.15e-49	acc|GENBANK|WGU26813.1|GENBANK|OQ503488|hypothetical protein [Triticum monococcum]	Triticum monococcum	Blastx
SRR14574591	NODE_6075_length_681_cov_4.080247	59.1	681	282	0.581560	6.52e-49	acc|GENBANK|AAL14448.1|GENBANK|AF397035|heat shock protein Hsc70t [Mus musculus]	Mus musculus	Blastx
SRR14574591	NODE_15234_length_1917_cov_33.217622	29.3	1917	498	1.020080	6.88e-49	acc|GENBANK|XHA59766.1|GENBANK|OR863077|thermosome [Poseidoniales virus]	Poseidoniales virus	Blastx
SRR14574591	NODE_1446_length_3559_cov_32.129609	39.4	3559	925	0.280000	6.95e-49	acc|GENBANK|ABY48139.1|GENBANK|EU306659|NORK [Medicago truncatula]	Medicago truncatula	Blastx
SRR14574591	NODE_1560_length_313_cov_31.246429	94.8	313	113	0.681416	7.27e-49	acc|GENBANK|QDH76139.1|GENBANK|MK948414|putative gag protein [Porcine endogenous retrovirus]	Porcine endogenous retrovirus	Blastx
SRR14574591	NODE_14656_length_749_cov_5.395251	51.5	749	364	0.549451	7.28e-49	acc|GENBANK|ADB85405.1|GENBANK|GQ252886|putative protein kinase [Phyllostachys edulis]	Phyllostachys edulis	Blastx
SRR14574591	NODE_2193_length_2073_cov_9.811765	33.0	2073	430	1.079070	8.89e-49	acc|REFSEQ|YP_654431.1|REFSEQ|NC_008168|hypothetical protein [Choristoneura fumiferana granulovirus]	Choristoneura fumiferana granulovirus	Blastx
SRR14574591	NODE_3067_length_289_cov_10.289062	79.8	289	258	0.364341	8.92e-49	acc|GENBANK|WMV02893.1|GENBANK|OP630990|alpha-tubulin [Diderma spumarioides]	Diderma spumarioides	Blastx
SRR14574591	NODE_12479_length_2295_cov_9.643678	29.2	2295	808	0.644802	1.06e-48	acc|GENBANK|QYA18543.1|GENBANK|MZ420154|dynamin 1-like protein [Clandestinovirus]	Clandestinovirus	Blastx
SRR14574591	NODE_27117_length_791_cov_1.645119	49.7	791	336	0.526786	1.14e-48	acc|GENBANK|QFG74155.1|GENBANK|MN448281|semialdehyde dehydrogenase, dimerization domain [Megaviridae environmental sample]	Megaviridae environmental sample	Blastx
SRR14574591	NODE_1453_length_2012_cov_37.838302	29.0	2012	589	0.882852	1.15e-48	acc|GENBANK|QKF93534.1|GENBANK|MT418680|peroxisomal acyl-CoA oxidase [Fadolivirus FV1/VV64]	Fadolivirus FV1/VV64	Blastx
SRR14574591	NODE_3520_length_1297_cov_3.127373	31.1	1297	1333	0.279820	1.15e-48	acc|GENBANK|AAA75254.1|GENBANK|L47193|reverse transcriptase [Arabidopsis thaliana]	Arabidopsis thaliana	Blastx
SRR14574591	NODE_14005_length_1864_cov_10.129984	39.8	1864	299	0.849498	1.15e-48	acc|GENBANK|UOG94093.1|NEIGHBOR|OM876856|serine threonine-protein phosphatase [Aureococcus anophagefferens virus]	Aureococcus anophagefferens virus	Blastx
SRR14574591	NODE_900_length_391_cov_1.494413	68.9	391	179	0.592179	1.38e-48	acc|GENBANK|ARF11237.1|GENBANK|KY684108|ubiquitin-conjugating enzyme E2 [Klosneuvirus KNV1]	Klosneuvirus KNV1	Blastx
SRR14574591	NODE_11357_length_1522_cov_9.865682	32.6	1522	355	1.053521	1.80e-48	acc|GENBANK|WRJ69891.1|GENBANK|OR001839|alpha-galactosidase [Oceanusvirus sp.]	Oceanusvirus sp.	Blastx
SRR14574591	NODE_3633_length_1878_cov_5.153930	34.6	1878	305	0.937705	2.04e-48	acc|GENBANK|UZT29311.1|GENBANK|OP765584|iron-sulfur clusters transporter [Nucleocytoviricota sp.]	Nucleocytoviricota sp.	Blastx
SRR14574591	NODE_11670_length_1479_cov_12.949516	46.9	1479	447	0.501119	2.19e-48	acc|GENBANK|QKF93746.1|GENBANK|MT418680|histidyl-tRNA synthetase [Fadolivirus FV1/VV64]	Fadolivirus FV1/VV64	Blastx
SRR14574591	NODE_512_length_1413_cov_17.010870	50.9	1413	228	0.741228	2.77e-48	acc|GENBANK|ATZ80220.1|GENBANK|MF782455|cyclophilin ABH-like protein [Bodo saltans virus]	Bodo saltans virus	Blastx
SRR14574591	NODE_14329_length_1115_cov_6.104436	66.4	1115	129	0.968992	2.78e-48	acc|GENBANK|AKE34115.1|GENBANK|KR068481|alpha karyopherin [Okra enation leaf curl virus]	Okra enation leaf curl virus	Blastx
SRR14574591	NODE_4367_length_267_cov_2.294872	89.7	267	421	0.206651	3.20e-48	acc|GENBANK|AGP03657.1|GENBANK|KF220834|integrase-type DNA-binding superfamily protein [Glycine max]	Glycine max	Blastx
SRR14574591	NODE_45902_length_251_cov_1.073394	97.6	251	520	0.157692	4.00e-48	acc|GENBANK|APO14197.1|GENBANK|KX098475|truncated DELLA protein [Setaria italica]	Setaria italica	Blastx
SRR14574591	NODE_4749_length_617_cov_2.342466	45.6	617	389	0.467866	4.50e-48	acc|GENBANK|ARF11703.1|GENBANK|KY684109|tryptophanyl-tRNA synthetase [Klosneuvirus KNV1]	Klosneuvirus KNV1	Blastx
SRR14574591	NODE_995_length_787_cov_3.389920	42.2	787	925	0.269189	4.71e-48	acc|GENBANK|ABY48139.1|GENBANK|EU306659|NORK [Medicago truncatula]	Medicago truncatula	Blastx
SRR14574591	NODE_20664_length_395_cov_2.353591	68.8	395	1516	0.071900	5.49e-48	acc|GENBANK|USH99796.1|GENBANK|ON752166|putative Ty3-gypsy subclass retrotransposon [Oryza sativa Japonica Group]	Oryza sativa Japonica Group	Blastx
SRR14574591	NODE_12890_length_675_cov_23.520249	49.1	675	373	0.436997	6.22e-48	acc|GENBANK|AYV76239.1|GENBANK|MK071983|hypothetical protein [Terrestrivirus sp.]	Terrestrivirus sp.	Blastx
SRR14574591	NODE_9664_length_613_cov_12.553448	47.6	613	337	0.560831	6.98e-48	acc|GENBANK|ABH08433.1|GENBANK|DQ851167|putative heat shock factor [Beta vulgaris]	Beta vulgaris	Blastx
SRR14574591	NODE_11876_length_861_cov_54.721014	38.9	861	299	0.739130	7.24e-48	acc|GENBANK|UOG94093.1|NEIGHBOR|OM876856|serine threonine-protein phosphatase [Aureococcus anophagefferens virus]	Aureococcus anophagefferens virus	Blastx
SRR14574591	NODE_2225_length_1563_cov_13.000000	40.1	1563	925	0.296216	7.49e-48	acc|GENBANK|ABY48139.1|GENBANK|EU306659|NORK [Medicago truncatula]	Medicago truncatula	Blastx
SRR14574591	NODE_28433_length_516_cov_1.867495	51.9	516	925	0.172973	8.53e-48	acc|GENBANK|ABY48139.1|GENBANK|EU306659|NORK [Medicago truncatula]	Medicago truncatula	Blastx
SRR14574591	NODE_21468_length_529_cov_4.344758	50.9	529	382	0.452880	1.05e-47	acc|GENBANK|QBK87279.1|GENBANK|MK500347|putative serine/threonine protein kinase [Marseillevirus LCMAC201]	Marseillevirus LCMAC201	Blastx
SRR14574591	NODE_10434_length_1633_cov_6.185625	41.9	1633	204	0.995098	1.10e-47	acc|GENBANK|ARF08647.1|GENBANK|KY684083|phosphoribulokinase / Uridine kinase family [Catovirus CTV1]	Catovirus CTV1	Blastx
SRR14574591	NODE_13224_length_1896_cov_21.554482	29.1	1896	498	1.022088	1.12e-47	acc|GENBANK|XHA59766.1|GENBANK|OR863077|thermosome [Poseidoniales virus]	Poseidoniales virus	Blastx
SRR14574591	NODE_11966_length_688_cov_37.427481	53.6	688	335	0.450746	1.12e-47	acc|GENBANK|ABY48132.1|GENBANK|EU306659|GH1 protein [Medicago truncatula]	Medicago truncatula	Blastx
SRR14574591	NODE_26528_length_779_cov_4.794906	49.1	779	226	0.738938	1.21e-47	acc|GENBANK|ARF08362.1|GENBANK|KY684083|cyclophilin type peptidyl-prolyl cis-trans [Catovirus CTV1]	Catovirus CTV1	Blastx
SRR14574591	NODE_51508_length_366_cov_1.405405	84.0	366	149	0.630872	1.32e-47	acc|GENBANK|ARF10611.1|GENBANK|KY684104|ubiquitin family protein [Hokovirus HKV1]	Hokovirus HKV1	Blastx
SRR14574591	NODE_15718_length_1099_cov_66.916510	36.6	1099	978	0.321063	1.45e-47	acc|GENBANK|AYV78571.1|GENBANK|MK072083|ubiquitin-activating enzyme E1 [Edafosvirus sp.]	Edafosvirus sp.	Blastx
SRR14574591	NODE_1000_length_514_cov_65.066528	56.3	514	152	0.934211	1.62e-47	acc|REFSEQ|YP_008004661.1|REFSEQ|NC_021249|Cu/Zn superoxide dismutase [Choristoneura rosaceana entomopoxvirus 'L']	Choristoneura rosaceana entomopoxvirus 'L'	Blastx
SRR14574591	NODE_1657_length_1170_cov_127.154793	35.5	1170	253	0.913043	1.83e-47	acc|GENBANK|QBK86148.1|GENBANK|MK500331|ABC transporter [Marseillevirus LCMAC101]	Marseillevirus LCMAC101	Blastx
SRR14574591	NODE_8573_length_1394_cov_4.860397	51.8	1394	524	0.324427	1.96e-47	acc|REFSEQ|YP_010780396.1|REFSEQ|NC_075038|prolyl-tRNA synthetase [Tupanvirus deep ocean]	Tupanvirus deep ocean	Blastx
SRR14574591	NODE_9697_length_1664_cov_12.484979	35.1	1664	310	0.874194	1.96e-47	acc|GENBANK|AYV86922.1|GENBANK|MK072520|hypothetical protein [Sylvanvirus sp.]	Sylvanvirus sp.	Blastx
SRR14574591	NODE_2488_length_2730_cov_25.708565	29.1	2730	642	0.926791	2.05e-47	acc|GENBANK|ARF10282.1|GENBANK|KY684103|dynamin family protein [Hokovirus HKV1]	Hokovirus HKV1	Blastx
SRR14574591	NODE_31169_length_262_cov_21.366812	79.1	262	214	0.401869	2.29e-47	acc|GENBANK|UZE89726.1|GENBANK|ON704650|hypothetical protein [Parapoynx stagnalis nucleopolyhedrovirus]	Parapoynx stagnalis nucleopolyhedrovirus	Blastx
SRR14574591	NODE_9181_length_1034_cov_4.563437	34.2	1034	403	0.799007	2.35e-47	acc|GENBANK|AYV82314.1|GENBANK|MK072360|translation initiation factor 4A-III [Homavirus sp.]	Homavirus sp.	Blastx
SRR14574591	NODE_11597_length_981_cov_22.775316	38.2	981	1161	0.216193	2.62e-47	acc|GENBANK|AAP06788.1|GENBANK|AY234827|phytochrome B1 apoprotein [Zea mays]	Zea mays	Blastx
SRR14574591	NODE_13995_length_1242_cov_32.525227	32.1	1242	498	0.769076	2.68e-47	acc|GENBANK|XHA59766.1|GENBANK|OR863077|thermosome [Poseidoniales virus]	Poseidoniales virus	Blastx
SRR14574591	NODE_30709_length_965_cov_4.225322	40.4	965	925	0.297297	4.14e-47	acc|GENBANK|ABY48139.1|GENBANK|EU306659|NORK [Medicago truncatula]	Medicago truncatula	Blastx
SRR14574591	NODE_27378_length_733_cov_2.835714	49.2	733	2037	0.092784	4.31e-47	acc|GENBANK|ABG37663.1|GENBANK|DQ536170|CCHC-type integrase [Populus trichocarpa]	Populus trichocarpa	Blastx
SRR14574591	NODE_15538_length_1192_cov_119.666091	56.0	1192	558	0.313620	4.94e-47	acc|GENBANK|QOR60244.1|GENBANK|MK522034|hypothetical protein [Bathycoccus sp. RCC716 virus 1]	Bathycoccus sp. RCC716 virus 1	Blastx
SRR14574591	NODE_3080_length_2338_cov_56.205206	40.0	2338	549	0.792350	5.01e-47	acc|GENBANK|WGU26815.1|GENBANK|OQ503488|pentatricopeptide repeat-containing protein [Triticum monococcum]	Triticum monococcum	Blastx
SRR14574591	NODE_7774_length_505_cov_2.669492	47.1	505	496	0.350806	5.52e-47	acc|GENBANK|ACN78958.1|GENBANK|FJ225394|dehydration responsive protein [Glycine max]	Glycine max	Blastx
SRR14574591	NODE_22320_length_415_cov_4.060209	61.3	415	212	0.584906	5.85e-47	acc|GENBANK|AYV82031.1|GENBANK|MK072334|Ras-like protein Rab-11A [Homavirus sp.]	Homavirus sp.	Blastx
SRR14574591	NODE_28817_length_636_cov_2.567164	43.7	636	423	0.541371	6.64e-47	acc|GENBANK|CAA38181.1|GENBANK|X54284|phosphoglycerate kinase [Trichoderma viride]	Trichoderma viride	Blastx
SRR14574591	NODE_13626_length_1126_cov_3.824337	29.2	1126	1384	0.317197	8.19e-47	acc|GENBANK|ADB85299.1|GENBANK|GQ252825|putative retrotransposon protein [Phyllostachys edulis]	Phyllostachys edulis	Blastx
SRR14574591	NODE_41654_length_228_cov_1.189744	100	228	150	0.500000	9.82e-47	acc|GENBANK|CAC43241.1|GENBANK|AJ305456|coat protein [Yam mild mosaic virus]	Yam mild mosaic virus	Blastx
SRR14574591	NODE_8697_length_724_cov_4.425470	44.9	724	925	0.223784	1.00e-46	acc|GENBANK|ABY48139.1|GENBANK|EU306659|NORK [Medicago truncatula]	Medicago truncatula	Blastx
SRR14574591	NODE_2924_length_1713_cov_61.208929	37.3	1713	1618	0.170581	1.31e-46	acc|GENBANK|AVL95162.1|GENBANK|MG807320|putative serine/threonine protein kinase [Moumouvirus australiensis]	Moumouvirus australiensis	Blastx
SRR14574591	NODE_31374_length_761_cov_4.956044	57.9	761	1715	0.117784	1.45e-46	acc|GENBANK|WDS48439.1|GENBANK|ON798805|essential for potexvirus accumulation 1 [Solanum tuberosum]	Solanum tuberosum	Blastx
SRR14574591	NODE_3601_length_888_cov_6.477193	39.6	888	1378	0.166909	2.27e-46	acc|GENBANK|URM61947.1|GENBANK|MT663335|cyclin dependent serinethreonine kinase [Mimivirus sp.]	Mimivirus sp.	Blastx
SRR14574591	NODE_6489_length_1384_cov_4.703183	35.5	1384	1617	0.177489	2.38e-46	acc|GENBANK|AQN68650.1|GENBANK|KY110734|protein tyrosine kinase (PTK) family protein [Saudi moumouvirus]	Saudi moumouvirus	Blastx
SRR14574591	NODE_30822_length_411_cov_6.063492	73.3	411	424	0.283019	2.56e-46	acc|GENBANK|BAA24885.1|GENBANK|AB003364|phytochrome [Adiantum capillus-veneris]	Adiantum capillus-veneris	Blastx
SRR14574591	NODE_28405_length_302_cov_10.888476	85.9	302	189	0.486772	3.05e-46	acc|REFSEQ|YP_009465730.1|REFSEQ|NC_037057|hypothetical protein [Dishui lake phycodnavirus 1]	Dishui lake phycodnavirus 1	Blastx
SRR14574591	NODE_12565_length_404_cov_79.714286	73.5	404	124	0.822581	3.20e-46	acc|GENBANK|QBK88266.1|GENBANK|MK500382|NifU-like protein [Marseillevirus LCMAC202]	Marseillevirus LCMAC202	Blastx
SRR14574591	NODE_44577_length_244_cov_1.109005	98.8	244	3084	0.026265	3.47e-46	acc|GENBANK|AHN96205.1|NEIGHBOR|KJ125477|polyprotein [Yam mild mosaic virus]	Yam mild mosaic virus	Blastx
SRR14574591	NODE_20607_length_900_cov_3.031142	35.0	900	488	0.608607	3.89e-46	acc|GENBANK|QBK85428.1|GENBANK|MK500327|polyADP-ribose polymerase [Marseillevirus LCMAC101]	Marseillevirus LCMAC101	Blastx
SRR14574591	NODE_47028_length_259_cov_1.548673	88.2	259	258	0.329457	4.38e-46	acc|GENBANK|WMV02893.1|GENBANK|OP630990|alpha-tubulin [Diderma spumarioides]	Diderma spumarioides	Blastx
SRR14574591	NODE_27933_length_297_cov_1.500000	87.0	297	1946	0.047276	5.43e-46	acc|GENBANK|ADB85424.1|GENBANK|GQ252887|putative retrotransposon protein [Phyllostachys edulis]	Phyllostachys edulis	Blastx
SRR14574591	NODE_3412_length_522_cov_35.687117	68.9	522	116	0.913793	7.85e-46	acc|GENBANK|QOI90342.1|GENBANK|MT663535|hypothetical protein [Pyramimonas orientalis virus]	Pyramimonas orientalis virus	Blastx
SRR14574591	NODE_1555_length_1822_cov_22.866965	42.2	1822	202	0.950495	7.92e-46	acc|GENBANK|QBK85899.1|GENBANK|MK500328|exonuclease [Marseillevirus LCMAC101]	Marseillevirus LCMAC101	Blastx
SRR14574591	NODE_1316_length_978_cov_48.965079	53.3	978	154	0.987013	8.94e-46	acc|GENBANK|QDH05987.1|GENBANK|MK264918|Ld-sod [Lymantria dispar multiple nucleopolyhedrovirus]	Lymantria dispar multiple nucleopolyhedrovirus	Blastx
SRR14574591	NODE_13370_length_1607_cov_29.043202	34.0	1607	447	0.711409	9.86e-46	acc|REFSEQ|NP_077596.1|REFSEQ|NC_002687|serine-threonine kinase [Ectocarpus siliculosus virus 1]	Ectocarpus siliculosus virus 1	Blastx
SRR14574591	NODE_3537_length_533_cov_3.414000	79.6	533	113	0.867257	1.13e-45	acc|GENBANK|AGM61329.1|GENBANK|KC170726|histone H4 like-protein [Cotesia sesamiae bracovirus]	Cotesia sesamiae bracovirus	Blastx
SRR14574591	NODE_31572_length_461_cov_2.105140	52.7	461	936	0.160256	1.20e-45	acc|GENBANK|QFG74471.1|GENBANK|MN448288|glycine cleavage system P-protein [Megaviridae environmental sample]	Megaviridae environmental sample	Blastx
SRR14574591	NODE_7183_length_218_cov_82.578378	95.8	218	113	0.637168	1.25e-45	acc|GENBANK|QDH76139.1|GENBANK|MK948414|putative gag protein [Porcine endogenous retrovirus]	Porcine endogenous retrovirus	Blastx
SRR14574591	NODE_934_length_1044_cov_22.100890	43.8	1044	203	1.000000	1.31e-45	acc|GENBANK|AYV75892.1|GENBANK|MK071981|putative Ras-related protein Rab7 [Terrestrivirus sp.]	Terrestrivirus sp.	Blastx
SRR14574591	NODE_142_length_975_cov_2.292994	36.8	975	1409	0.190916	1.40e-45	acc|GENBANK|AUV58803.1|GENBANK|MG779377|serine threonine kinase receptor [Bandra megavirus]	Bandra megavirus	Blastx
SRR14574591	NODE_16369_length_647_cov_2.371336	64.3	647	228	0.504386	1.53e-45	acc|GENBANK|ATZ80220.1|GENBANK|MF782455|cyclophilin ABH-like protein [Bodo saltans virus]	Bodo saltans virus	Blastx
SRR14574591	NODE_51056_length_419_cov_1.740933	60.6	419	753	0.181939	1.81e-45	acc|GENBANK|QDY51907.1|GENBANK|MK250085|Hsp90 protein [Mimiviridae sp. ChoanoV1]	Mimiviridae sp. ChoanoV1	Blastx
SRR14574591	NODE_11757_length_2968_cov_13.447700	26.9	2968	498	1.038153	1.96e-45	acc|GENBANK|XHA59766.1|GENBANK|OR863077|thermosome [Poseidoniales virus]	Poseidoniales virus	Blastx
SRR14574591	NODE_5068_length_672_cov_2.787167	71.3	672	124	0.870968	2.00e-45	acc|GENBANK|QBK88266.1|GENBANK|MK500382|NifU-like protein [Marseillevirus LCMAC202]	Marseillevirus LCMAC202	Blastx
SRR14574591	NODE_14843_length_1088_cov_55.018009	40.6	1088	253	0.984190	2.09e-45	acc|GENBANK|QFG74715.1|GENBANK|MN448290|triosephosphate isomerase [Megaviridae environmental sample]	Megaviridae environmental sample	Blastx
SRR14574591	NODE_7218_length_733_cov_4.635714	51.1	733	423	0.411348	2.11e-45	acc|GENBANK|CAA38181.1|GENBANK|X54284|phosphoglycerate kinase [Trichoderma viride]	Trichoderma viride	Blastx
SRR14574591	NODE_1272_length_885_cov_83.132629	48.7	885	212	0.716981	2.16e-45	acc|GENBANK|AYV84543.1|GENBANK|MK072410|hypothetical protein [Hyperionvirus sp.]	Hyperionvirus sp.	Blastx
SRR14574591	NODE_2314_length_685_cov_3.219325	51.7	685	783	0.224777	2.26e-45	acc|GENBANK|QFG73724.1|GENBANK|MN448270|Hsp90 protein [Megaviridae environmental sample]	Megaviridae environmental sample	Blastx
SRR14574591	NODE_29509_length_358_cov_2.150769	92.3	358	258	0.302326	2.36e-45	acc|GENBANK|WMV02893.1|GENBANK|OP630990|alpha-tubulin [Diderma spumarioides]	Diderma spumarioides	Blastx
SRR14574591	NODE_13226_length_2649_cov_13.241208	35.9	2649	781	0.413572	3.09e-45	acc|GENBANK|AYV84599.1|GENBANK|MK072412|DEXDc helicase [Hyperionvirus sp.]	Hyperionvirus sp.	Blastx
SRR14574591	NODE_28323_length_1514_cov_2.399730	31.1	1514	447	0.704698	3.89e-45	acc|REFSEQ|NP_077596.1|REFSEQ|NC_002687|serine-threonine kinase [Ectocarpus siliculosus virus 1]	Ectocarpus siliculosus virus 1	Blastx
SRR14574591	NODE_30683_length_314_cov_4.156584	71.2	314	335	0.310448	4.65e-45	acc|GENBANK|ABY48132.1|GENBANK|EU306659|GH1 protein [Medicago truncatula]	Medicago truncatula	Blastx
SRR14574591	NODE_16481_length_439_cov_1.716749	49.7	439	385	0.407792	4.84e-45	acc|GENBANK|UUT40455.1|GENBANK|ON887238|hypothetical protein [carnivorous sponge associated iridovirus]	carnivorous sponge associated iridovirus	Blastx
SRR14574591	NODE_13663_length_685_cov_32.397239	68.9	685	116	0.913793	5.07e-45	acc|GENBANK|QOI90342.1|GENBANK|MT663535|hypothetical protein [Pyramimonas orientalis virus]	Pyramimonas orientalis virus	Blastx
SRR14574591	NODE_25005_length_405_cov_1.094086	65.7	405	214	0.504673	5.13e-45	acc|GENBANK|UZE89726.1|GENBANK|ON704650|hypothetical protein [Parapoynx stagnalis nucleopolyhedrovirus]	Parapoynx stagnalis nucleopolyhedrovirus	Blastx
SRR14574591	NODE_24342_length_339_cov_3.359477	67.9	339	759	0.147563	6.34e-45	acc|GENBANK|ACN78962.1|GENBANK|FJ225394|methyltransferase [Glycine max]	Glycine max	Blastx
SRR14574591	NODE_6184_length_1254_cov_7.915643	32.6	1254	695	0.480576	6.49e-45	acc|GENBANK|XDO02062.1|GENBANK|PP542043|Type I Glyceraldehyde-3-Phosphate Dehydrogenase [Florenciella sp. virus SA2]	Florenciella sp. virus SA2	Blastx
SRR14574591	NODE_678_length_631_cov_6.214047	85.9	631	189	0.486772	6.55e-45	acc|REFSEQ|YP_009465730.1|REFSEQ|NC_037057|hypothetical protein [Dishui lake phycodnavirus 1]	Dishui lake phycodnavirus 1	Blastx
SRR14574591	NODE_14752_length_815_cov_17.347826	51.9	815	160	0.975000	6.86e-45	acc|GENBANK|ULY68493.1|GENBANK|OL828820|ubiquitin-conjugating enzyme E2 7 [Chlorella virus XW01]	Chlorella virus XW01	Blastx
SRR14574591	NODE_43365_length_237_cov_1.147059	100	237	2466	0.032036	7.10e-45	acc|GENBANK|AOZ57106.1|GENBANK|KX608896|Serine threonine-protein kinase TOR [Saccharum hybrid cultivar R570]	Saccharum hybrid cultivar R570	Blastx
SRR14574591	NODE_48495_length_270_cov_0.987342	97.8	270	728	0.122253	7.48e-45	acc|GENBANK|QFR35755.1|GENBANK|MK737813|phytochrome B [Chandrasekharania keralensis]	Chandrasekharania keralensis	Blastx
SRR14574591	NODE_20073_length_425_cov_1.438776	73.4	425	564	0.193262	8.58e-45	acc|GENBANK|AWA44801.1|GENBANK|MH182523|ATP-dependent 6-phosphofructokinase [Saccharum officinarum]	Saccharum officinarum	Blastx
SRR14574591	NODE_13280_length_1720_cov_3.492590	30.4	1720	477	0.939203	9.33e-45	acc|GENBANK|AYV78014.1|GENBANK|MK072068|elongation factor 1 alpha long form [Edafosvirus sp.]	Edafosvirus sp.	Blastx
SRR14574591	NODE_16696_length_394_cov_1.927978	58.8	394	729	0.179698	1.09e-44	acc|REFSEQ|YP_003969830.1|REFSEQ|NC_014637|putative ubiquitin-conjugating enzyme E2 [Cafeteria roenbergensis virus BV-PW1]	Cafeteria roenbergensis virus BV-PW1	Blastx
SRR14574591	NODE_14485_length_250_cov_5.502304	93.9	250	149	0.550336	1.22e-44	acc|GENBANK|ARF10611.1|GENBANK|KY684104|ubiquitin family protein [Hokovirus HKV1]	Hokovirus HKV1	Blastx
SRR14574591	NODE_13892_length_1918_cov_4.590981	40.0	1918	299	0.735786	1.44e-44	acc|GENBANK|UOG94093.1|NEIGHBOR|OM876856|serine threonine-protein phosphatase [Aureococcus anophagefferens virus]	Aureococcus anophagefferens virus	Blastx
SRR14574591	NODE_1299_length_1416_cov_31.269704	32.8	1416	925	0.382703	1.85e-44	acc|GENBANK|ABY48139.1|GENBANK|EU306659|NORK [Medicago truncatula]	Medicago truncatula	Blastx
SRR14574591	NODE_46322_length_254_cov_1.058824	92.9	254	405	0.207407	1.89e-44	acc|GENBANK|WGU26824.1|GENBANK|OQ503488|eukaryotic initiation factor 4A-III B-like [Triticum monococcum]	Triticum monococcum	Blastx
SRR14574591	NODE_9096_length_1125_cov_5.099817	37.5	1125	324	0.922840	1.95e-44	acc|REFSEQ|NP_077672.1|REFSEQ|NC_002687|EsV-1-187 [Ectocarpus siliculosus virus 1]	Ectocarpus siliculosus virus 1	Blastx
SRR14574591	NODE_14764_length_1856_cov_13.860121	32.5	1856	379	1.005277	2.21e-44	acc|GENBANK|ADB85364.1|GENBANK|GQ252868|putative alcohol dehydrogenase 2 [Phyllostachys edulis]	Phyllostachys edulis	Blastx
SRR14574591	NODE_4395_length_933_cov_4.817778	39.0	933	253	0.984190	2.22e-44	acc|GENBANK|QFG74715.1|GENBANK|MN448290|triosephosphate isomerase [Megaviridae environmental sample]	Megaviridae environmental sample	Blastx
SRR14574591	NODE_85_length_325_cov_18.705479	95.0	325	137	0.583942	2.33e-44	acc|GENBANK|XKM46647.1|GENBANK|PQ442261|hypothetical protein [Micromonas commoda virus 20T]	Micromonas commoda virus 20T	Blastx
SRR14574591	NODE_27694_length_397_cov_1.192308	58.3	397	604	0.218543	2.67e-44	acc|GENBANK|ABH08432.1|GENBANK|DQ851167|putative non-inducible immunity 1 [Beta vulgaris]	Beta vulgaris	Blastx
SRR14574591	NODE_337_length_1310_cov_14.357087	39.5	1310	294	0.877551	2.74e-44	acc|REFSEQ|YP_009448906.1|REFSEQ|NC_036594|Negative regulator of the PHO system [Orpheovirus IHUMI-LCC2]	Orpheovirus IHUMI-LCC2	Blastx
SRR14574591	NODE_13627_length_2434_cov_9.161183	36.7	2434	299	0.983278	3.71e-44	acc|GENBANK|QRE02559.1|GENBANK|MN545489|hypothetical protein [Otarine gammaherpesvirus 4]	Otarine gammaherpesvirus 4	Blastx
SRR14574591	NODE_8046_length_1225_cov_9.833054	36.6	1225	299	0.976589	4.53e-44	acc|GENBANK|QRE02559.1|GENBANK|MN545489|hypothetical protein [Otarine gammaherpesvirus 4]	Otarine gammaherpesvirus 4	Blastx
SRR14574591	NODE_840_length_1785_cov_4.457192	31.4	1785	491	0.674134	4.55e-44	acc|GENBANK|QIG59637.1|GENBANK|MN940577|hypothetical protein [Dishui Lake phycodnavirus 2]	Dishui Lake phycodnavirus 2	Blastx
SRR14574591	NODE_13307_length_943_cov_34.972527	47.1	943	192	0.906250	4.55e-44	acc|GENBANK|AYV78944.1|GENBANK|MK072120|Ras-related protein Rab-1A [Edafosvirus sp.]	Edafosvirus sp.	Blastx
SRR14574591	NODE_2821_length_2591_cov_8.853010	35.9	2591	2466	0.117599	5.03e-44	acc|GENBANK|AOZ57106.1|GENBANK|KX608896|Serine threonine-protein kinase TOR [Saccharum hybrid cultivar R570]	Saccharum hybrid cultivar R570	Blastx
SRR14574591	NODE_11474_length_2297_cov_13.742049	29.0	2297	497	0.979879	5.70e-44	acc|GENBANK|AGR56995.1|GENBANK|KC961303|GTA [Choristoneura occidentalis alphabaculovirus]	Choristoneura occidentalis alphabaculovirus	Blastx
SRR14574591	NODE_46_length_2397_cov_6.382826	30.4	2397	520	0.746154	6.11e-44	acc|GENBANK|APO14197.1|GENBANK|KX098475|truncated DELLA protein [Setaria italica]	Setaria italica	Blastx
SRR14574591	NODE_23867_length_527_cov_1.643725	50.6	527	925	0.190270	6.12e-44	acc|GENBANK|ABY48139.1|GENBANK|EU306659|NORK [Medicago truncatula]	Medicago truncatula	Blastx
SRR14574591	NODE_3078_length_2571_cov_19.292356	35.5	2571	275	0.963636	6.28e-44	acc|GENBANK|QBK86962.1|GENBANK|MK500339|translation initiation factor 2, alpha subunit [Marseillevirus LCMAC103]	Marseillevirus LCMAC103	Blastx
SRR14574591	NODE_12275_length_696_cov_1.944193	35.4	696	447	0.581655	6.69e-44	acc|REFSEQ|NP_077596.1|REFSEQ|NC_002687|serine-threonine kinase [Ectocarpus siliculosus virus 1]	Ectocarpus siliculosus virus 1	Blastx
SRR14574591	NODE_10223_length_1165_cov_6.648410	54.6	1165	133	1.060150	7.11e-44	acc|GENBANK|CAC43855.1|GENBANK|AJ409162|urease [Solanum ochranthum]	Solanum ochranthum	Blastx
SRR14574591	NODE_932_length_679_cov_108.685759	87.8	679	137	0.656934	7.36e-44	acc|GENBANK|XKM46647.1|GENBANK|PQ442261|hypothetical protein [Micromonas commoda virus 20T]	Micromonas commoda virus 20T	Blastx
SRR14574591	NODE_19804_length_448_cov_2.207229	55.7	448	407	0.321867	9.39e-44	acc|GENBANK|ARF08154.1|GENBANK|KY684083|acetamidase/formamidase family protein [Catovirus CTV1]	Catovirus CTV1	Blastx
SRR14574591	NODE_173_length_1902_cov_6.769930	31.4	1902	344	1.270349	1.14e-43	acc|GENBANK|QFG74169.1|GENBANK|MN448282|aspartyl protease [Megaviridae environmental sample]	Megaviridae environmental sample	Blastx
SRR14574591	NODE_30818_length_932_cov_3.273637	37.0	932	279	0.910394	1.23e-43	acc|GENBANK|ARF12509.1|GENBANK|KY684113|stomatin family protein [Klosneuvirus KNV1]	Klosneuvirus KNV1	Blastx
SRR14574591	NODE_26638_length_603_cov_7.087719	46.3	603	557	0.337522	1.38e-43	acc|GENBANK|WGU26825.1|GENBANK|OQ503488|putative acyl-activating enzyme 5 [Triticum monococcum]	Triticum monococcum	Blastx
SRR14574591	NODE_23799_length_518_cov_2.004124	46.6	518	1339	0.142644	1.56e-43	acc|GENBANK|CAA43287.1|GENBANK|X60951|DNA-directed DNA polymerase [Trypanosoma brucei]	Trypanosoma brucei	Blastx
SRR14574591	NODE_47075_length_259_cov_2.039823	81.2	259	160	0.531250	1.58e-43	acc|GENBANK|AWN09334.1|GENBANK|MF414647|dUTPase [Orf virus]	Orf virus	Blastx
SRR14574591	NODE_30372_length_473_cov_1.906818	49.7	473	325	0.464615	1.61e-43	acc|GENBANK|QDH91349.1|GENBANK|MN036178|hypothetical protein [Partitiviridae sp.]	Partitiviridae sp.	Blastx
SRR14574591	NODE_2625_length_624_cov_209.796954	60.3	624	194	0.623711	1.62e-43	acc|GENBANK|AYV76261.1|GENBANK|MK071983|CuZnSOD [Terrestrivirus sp.]	Terrestrivirus sp.	Blastx
SRR14574591	NODE_20339_length_419_cov_2.046632	58.1	419	604	0.225166	1.82e-43	acc|GENBANK|ABH08432.1|GENBANK|DQ851167|putative non-inducible immunity 1 [Beta vulgaris]	Beta vulgaris	Blastx
SRR14574591	NODE_27580_length_1052_cov_3.417076	34.2	1052	348	0.798851	1.96e-43	acc|GENBANK|QKF93652.1|GENBANK|MT418680|methionine aminopeptidase [Fadolivirus FV1/VV64]	Fadolivirus FV1/VV64	Blastx
SRR14574591	NODE_12691_length_656_cov_3.492777	37.9	656	542	0.418819	2.02e-43	acc|REFSEQ|YP_007354193.1|REFSEQ|NC_020104|RNA-binding protein [Acanthamoeba polyphaga moumouvirus]	Acanthamoeba polyphaga moumouvirus	Blastx
SRR14574591	NODE_2364_length_796_cov_3.870249	39.9	796	925	0.262703	2.10e-43	acc|GENBANK|ABY48139.1|GENBANK|EU306659|NORK [Medicago truncatula]	Medicago truncatula	Blastx
SRR14574591	NODE_17140_length_348_cov_1.831746	69.6	348	1161	0.096469	2.10e-43	acc|GENBANK|AAP06788.1|GENBANK|AY234827|phytochrome B1 apoprotein [Zea mays]	Zea mays	Blastx
SRR14574591	NODE_24211_length_532_cov_1.873747	52.3	532	160	0.812500	2.26e-43	acc|GENBANK|ULY68493.1|GENBANK|OL828820|ubiquitin-conjugating enzyme E2 7 [Chlorella virus XW01]	Chlorella virus XW01	Blastx
SRR14574591	NODE_19152_length_462_cov_2.331002	51.0	462	379	0.398417	2.47e-43	acc|GENBANK|ADB85364.1|GENBANK|GQ252868|putative alcohol dehydrogenase 2 [Phyllostachys edulis]	Phyllostachys edulis	Blastx
SRR14574591	NODE_15255_length_821_cov_10.185279	59.3	821	385	0.363636	2.73e-43	acc|GENBANK|UUT40455.1|GENBANK|ON887238|hypothetical protein [carnivorous sponge associated iridovirus]	carnivorous sponge associated iridovirus	Blastx
SRR14574591	NODE_24271_length_710_cov_1.533235	39.3	710	576	0.420139	3.02e-43	acc|GENBANK|QIG59631.1|GENBANK|MN940577|hypothetical protein [Dishui Lake phycodnavirus 2]	Dishui Lake phycodnavirus 2	Blastx
SRR14574591	NODE_13234_length_1828_cov_5.513092	31.1	1828	388	0.904639	3.21e-43	acc|GENBANK|CCQ71327.1|GENBANK|HF586476|hypothetical protein kinase Pka-C1 [Cotesia congregata]	Cotesia congregata	Blastx
SRR14574591	NODE_12573_length_897_cov_12.111111	57.4	897	194	0.701031	3.51e-43	acc|GENBANK|AYV76261.1|GENBANK|MK071983|CuZnSOD [Terrestrivirus sp.]	Terrestrivirus sp.	Blastx
SRR14574591	NODE_7949_length_451_cov_5.708134	51.4	451	197	0.720812	3.61e-43	acc|REFSEQ|YP_009449015.1|REFSEQ|NC_036594|GTP ras-related protein Rac1 [Orpheovirus IHUMI-LCC2]	Orpheovirus IHUMI-LCC2	Blastx
SRR14574591	NODE_14379_length_2351_cov_4.842968	35.8	2351	925	0.323243	3.62e-43	acc|GENBANK|ABY48139.1|GENBANK|EU306659|NORK [Medicago truncatula]	Medicago truncatula	Blastx
SRR14574591	NODE_14761_length_1049_cov_29.332677	50.6	1049	335	0.471642	3.85e-43	acc|GENBANK|ABY48132.1|GENBANK|EU306659|GH1 protein [Medicago truncatula]	Medicago truncatula	Blastx
SRR14574591	NODE_1248_length_2065_cov_17.174213	39.4	2065	925	0.301622	4.19e-43	acc|GENBANK|ABY48139.1|GENBANK|EU306659|NORK [Medicago truncatula]	Medicago truncatula	Blastx
SRR14574591	NODE_10542_length_1150_cov_7.528201	33.5	1150	348	0.798851	4.56e-43	acc|GENBANK|QKF93652.1|GENBANK|MT418680|methionine aminopeptidase [Fadolivirus FV1/VV64]	Fadolivirus FV1/VV64	Blastx
SRR14574591	NODE_26886_length_1115_cov_3.882625	43.6	1115	213	0.990610	5.41e-43	acc|GENBANK|QBK87565.1|GENBANK|MK500358|ribulose-phosphate 3 epimerase family protein [Marseillevirus LCMAC201]	Marseillevirus LCMAC201	Blastx
SRR14574591	NODE_5358_length_613_cov_3.986207	53.9	613	229	0.720524	5.52e-43	acc|REFSEQ|YP_009482443.1|REFSEQ|NC_037666|S-phase kinase-associated protein 1 [Pandoravirus neocaledonia]	Pandoravirus neocaledonia	Blastx
SRR14574591	NODE_25374_length_543_cov_2.262745	42.9	543	506	0.359684	6.49e-43	acc|GENBANK|QBK92268.1|GENBANK|MK500571|putative serine/threonine protein kinase [Pithovirus LCPAC304]	Pithovirus LCPAC304	Blastx
SRR14574591	NODE_26145_length_885_cov_2.129108	35.4	885	365	0.734247	6.67e-43	acc|GENBANK|AYV82508.1|GENBANK|MK072383|glutamate 5-kinase [Hyperionvirus sp.]	Hyperionvirus sp.	Blastx
SRR14574591	NODE_12500_length_323_cov_5.010345	67.5	323	604	0.198675	7.14e-43	acc|GENBANK|AAK84484.1|GENBANK|AF275345|TH65-like protein [Solanum lycopersicum]	Solanum lycopersicum	Blastx
SRR14574591	NODE_5192_length_977_cov_3.295551	37.6	977	1009	0.303271	7.74e-43	acc|REFSEQ|YP_008318818.1|REFSEQ|NC_021858|Threonylcarbamoyl AMP synthase [Pandoravirus dulcis]	Pandoravirus dulcis	Blastx
SRR14574591	NODE_15106_length_1198_cov_5.747639	32.1	1198	527	0.745731	8.34e-43	acc|GENBANK|BAR42588.1|GENBANK|AB743573|gag : akt fusion protein [Feline leukemia virus]	Feline leukemia virus	Blastx
SRR14574591	NODE_1013_length_1293_cov_52.819048	39.7	1293	253	0.936759	8.97e-43	acc|GENBANK|QFG74715.1|GENBANK|MN448290|triosephosphate isomerase [Megaviridae environmental sample]	Megaviridae environmental sample	Blastx
SRR14574591	NODE_1317_length_471_cov_568.712329	51.3	471	477	0.318658	9.05e-43	acc|GENBANK|AYV78014.1|GENBANK|MK072068|elongation factor 1 alpha long form [Edafosvirus sp.]	Edafosvirus sp.	Blastx
SRR14574591	NODE_17786_length_815_cov_2.808184	39.5	815	392	0.568878	1.15e-42	acc|GENBANK|AYV77947.1|GENBANK|MK072068|autophagy-related protein 18a-like [Edafosvirus sp.]	Edafosvirus sp.	Blastx
SRR14574591	NODE_7208_length_4784_cov_6.338876	24.6	4784	815	0.986503	1.16e-42	acc|REFSEQ|YP_010782648.1|REFSEQ|NC_075039|elongation factor 2 [Tupanvirus soda lake]	Tupanvirus soda lake	Blastx
SRR14574591	NODE_13839_length_1473_cov_22.027778	30.4	1473	344	1.252907	1.16e-42	acc|GENBANK|QFG74169.1|GENBANK|MN448282|aspartyl protease [Megaviridae environmental sample]	Megaviridae environmental sample	Blastx
SRR14574591	NODE_4507_length_698_cov_6.351880	40.8	698	403	0.523573	1.16e-42	acc|GENBANK|CCQ71329.1|GENBANK|HF586477|hypothetical dolichyl pyrophosphate Man9GlcNAc2 [Cotesia congregata]	Cotesia congregata	Blastx
SRR14574591	NODE_51361_length_965_cov_2.166309	38.0	965	403	0.620347	1.17e-42	acc|GENBANK|AYV82314.1|GENBANK|MK072360|translation initiation factor 4A-III [Homavirus sp.]	Homavirus sp.	Blastx
SRR14574591	NODE_18879_length_723_cov_5.179710	36.9	723	499	0.450902	1.19e-42	acc|GENBANK|CCQ71356.1|GENBANK|HF586477|hypothetical E3 ubiquitin-protein ligase ARI [Cotesia congregata]	Cotesia congregata	Blastx
SRR14574591	NODE_20812_length_756_cov_2.248963	38.8	756	925	0.264865	1.21e-42	acc|GENBANK|ABY48139.1|GENBANK|EU306659|NORK [Medicago truncatula]	Medicago truncatula	Blastx
SRR14574591	NODE_21544_length_860_cov_3.701330	35.5	860	406	0.783251	1.24e-42	acc|GENBANK|QBK87310.1|GENBANK|MK500348|chaperone protein [Marseillevirus LCMAC201]	Marseillevirus LCMAC201	Blastx
SRR14574591	NODE_28539_length_477_cov_2.123874	47.7	477	321	0.476636	1.24e-42	acc|GENBANK|QFG74498.1|GENBANK|MN448289|papain family cysteine protease [Megaviridae environmental sample]	Megaviridae environmental sample	Blastx
SRR14574591	NODE_30090_length_2257_cov_4.263489	26.4	2257	646	0.942724	1.25e-42	acc|GENBANK|QKF94735.1|GENBANK|MT418680|long-chain fatty acid CoA synthetase [Fadolivirus FV1/VV64]	Fadolivirus FV1/VV64	Blastx
SRR14574591	NODE_28216_length_697_cov_5.073795	39.0	697	819	0.282051	1.25e-42	acc|GENBANK|QKF94107.1|GENBANK|MT418680|eukaryotic translation elongation factor 2 [Fadolivirus FV1/VV64]	Fadolivirus FV1/VV64	Blastx
SRR14574591	NODE_50326_length_328_cov_2.213559	65.8	328	471	0.235669	1.35e-42	acc|GENBANK|AFV13457.1|GENBANK|JQ314445|UDPG-flavonoid 3-O-glucosyl transferase [Tripsacum dactyloides]	Tripsacum dactyloides	Blastx
SRR14574591	NODE_23718_length_452_cov_5.310263	87.4	452	137	0.635036	1.37e-42	acc|GENBANK|XKM46647.1|GENBANK|PQ442261|hypothetical protein [Micromonas commoda virus 20T]	Micromonas commoda virus 20T	Blastx
SRR14574591	NODE_7608_length_1141_cov_3.699458	36.7	1141	727	0.419532	1.38e-42	acc|GENBANK|ADB85269.1|GENBANK|GQ252805|putative lectin-like protein kinase [Phyllostachys edulis]	Phyllostachys edulis	Blastx
SRR14574591	NODE_542_length_1035_cov_16.604790	37.3	1035	695	0.362590	1.52e-42	acc|GENBANK|XDO02062.1|GENBANK|PP542043|Type I Glyceraldehyde-3-Phosphate Dehydrogenase [Florenciella sp. virus SA2]	Florenciella sp. virus SA2	Blastx
SRR14574591	NODE_9595_length_754_cov_5.145631	38.9	754	925	0.258378	1.60e-42	acc|GENBANK|ABY48139.1|GENBANK|EU306659|NORK [Medicago truncatula]	Medicago truncatula	Blastx
SRR14574591	NODE_22180_length_547_cov_2.021401	47.5	547	832	0.215144	2.07e-42	acc|GENBANK|BAD00047.1|GENBANK|AB119282|Fusion protein, Feo [Hepacivirus hominis]	Hepacivirus hominis	Blastx
SRR14574591	NODE_9809_length_796_cov_7.731324	43.8	796	299	0.755853	3.31e-42	acc|GENBANK|QRE02559.1|GENBANK|MN545489|hypothetical protein [Otarine gammaherpesvirus 4]	Otarine gammaherpesvirus 4	Blastx
SRR14574591	NODE_28645_length_533_cov_3.516000	48.5	533	321	0.514019	3.37e-42	acc|GENBANK|QFG74498.1|GENBANK|MN448289|papain family cysteine protease [Megaviridae environmental sample]	Megaviridae environmental sample	Blastx
SRR14574591	NODE_51350_length_640_cov_1.347611	41.0	640	604	0.331126	3.73e-42	acc|REFSEQ|YP_008052571.1|REFSEQ|NC_021312|ATP-dependent zinc metalloprotease [Phaeocystis globosa virus]	Phaeocystis globosa virus	Blastx
SRR14574591	NODE_9575_length_444_cov_7.085158	68.3	444	116	0.870690	3.83e-42	acc|GENBANK|QOI90342.1|GENBANK|MT663535|hypothetical protein [Pyramimonas orientalis virus]	Pyramimonas orientalis virus	Blastx
SRR14574591	NODE_616_length_1846_cov_71.297297	42.2	1846	244	0.913934	4.19e-42	acc|GENBANK|CAA60719.1|GENBANK|X87297|J1545 [Saccharomyces cerevisiae]	Saccharomyces cerevisiae	Blastx
SRR14574591	NODE_9833_length_992_cov_9.057351	42.1	992	206	0.922330	4.68e-42	acc|GENBANK|AYV78414.1|GENBANK|MK072077|putative ras-related protein Rab-10-like [Edafosvirus sp.]	Edafosvirus sp.	Blastx
SRR14574591	NODE_29857_length_350_cov_1.280757	96.6	350	274	0.321168	4.68e-42	acc|GENBANK|AWA44805.1|GENBANK|MH182523|UPI0001A869FA related cluster [Saccharum officinarum]	Saccharum officinarum	Blastx
SRR14574591	NODE_7047_length_1017_cov_7.626016	32.5	1017	301	1.023256	5.27e-42	acc|GENBANK|ARF12194.1|GENBANK|KY684111|aldo/keto reductase family protein [Klosneuvirus KNV1]	Klosneuvirus KNV1	Blastx
SRR14574591	NODE_14668_length_2374_cov_12.838103	29.2	2374	491	0.802444	6.52e-42	acc|GENBANK|QIG59637.1|GENBANK|MN940577|hypothetical protein [Dishui Lake phycodnavirus 2]	Dishui Lake phycodnavirus 2	Blastx
SRR14574591	NODE_9892_length_898_cov_9.454335	34.5	898	320	0.706250	7.76e-42	acc|GENBANK|ARF09286.1|GENBANK|KY684084|serine/threonine protein kinase [Catovirus CTV1]	Catovirus CTV1	Blastx
SRR14574591	NODE_573_length_918_cov_22.489266	49.0	918	179	0.865922	8.54e-42	acc|GENBANK|AYV77848.1|GENBANK|MK072067|peptide-methionine (S)-S-oxide reductase [Edafosvirus sp.]	Edafosvirus sp.	Blastx
SRR14574591	NODE_28932_length_1206_cov_6.737425	42.8	1206	213	1.009390	8.69e-42	acc|GENBANK|QBK87565.1|GENBANK|MK500358|ribulose-phosphate 3 epimerase family protein [Marseillevirus LCMAC201]	Marseillevirus LCMAC201	Blastx
SRR14574591	NODE_13415_length_438_cov_1.330864	55.8	438	385	0.358442	8.87e-42	acc|GENBANK|UUT40455.1|GENBANK|ON887238|hypothetical protein [carnivorous sponge associated iridovirus]	carnivorous sponge associated iridovirus	Blastx
SRR14574591	NODE_13125_length_1680_cov_21.158470	34.1	1680	2224	0.179406	9.43e-42	acc|GENBANK|AYV81995.1|GENBANK|MK072332|putative CAD protein isoform X1 [Homavirus sp.]	Homavirus sp.	Blastx
SRR14574591	NODE_24524_length_704_cov_3.587183	43.3	704	568	0.366197	9.56e-42	acc|REFSEQ|YP_009665063.1|REFSEQ|NC_043129|cell division protein [Micromonas pusilla virus SP1]	Micromonas pusilla virus SP1	Blastx
SRR14574591	NODE_12687_length_564_cov_4.254237	46.8	564	630	0.298413	1.04e-41	acc|GENBANK|WIL05472.1|GENBANK|OQ413582|ABC2 type transporter superfamily protein [Pithovirus mammoth]	Pithovirus mammoth	Blastx
SRR14574591	NODE_30186_length_2165_cov_5.946529	35.2	2165	310	1.000000	1.08e-41	acc|GENBANK|AYV81524.1|GENBANK|MK072281|NADPH-dependent thioredoxin reductase [Harvfovirus sp.]	Harvfovirus sp.	Blastx
SRR14574591	NODE_49884_length_297_cov_1.257576	66.7	297	353	0.271955	1.10e-41	acc|REFSEQ|YP_010780249.1|REFSEQ|NC_075038|glutamine synthetase [Tupanvirus deep ocean]	Tupanvirus deep ocean	Blastx
SRR14574591	NODE_22689_length_282_cov_2.168675	95.7	282	117	0.589744	1.13e-41	acc|GENBANK|QDH76138.1|GENBANK|MK948413|putative gag protein [Porcine endogenous retrovirus]	Porcine endogenous retrovirus	Blastx
SRR14574591	NODE_10293_length_1236_cov_6.879468	43.8	1236	876	0.221461	1.16e-41	acc|GENBANK|AYV76365.1|GENBANK|MK071983|DEXDc helicase [Terrestrivirus sp.]	Terrestrivirus sp.	Blastx
SRR14574591	NODE_13664_length_1401_cov_10.053363	36.8	1401	520	0.605769	1.26e-41	acc|GENBANK|APO14197.1|GENBANK|KX098475|truncated DELLA protein [Setaria italica]	Setaria italica	Blastx
SRR14574591	NODE_24448_length_764_cov_5.986320	47.1	764	759	0.223979	1.33e-41	acc|GENBANK|ACN78962.1|GENBANK|FJ225394|methyltransferase [Glycine max]	Glycine max	Blastx
SRR14574591	NODE_11080_length_281_cov_21.407258	71.7	281	562	0.163701	1.33e-41	acc|GENBANK|QDY52375.1|GENBANK|MK250091|asparagine synthase [Mimiviridae sp. ChoanoV1]	Mimiviridae sp. ChoanoV1	Blastx
SRR14574591	NODE_14165_length_805_cov_10.762953	36.3	805	767	0.312907	1.57e-41	acc|GENBANK|QBK88429.1|GENBANK|MK500389|S9 family peptidase [Mimivirus LCMiAC01]	Mimivirus LCMiAC01	Blastx
SRR14574591	NODE_15133_length_1334_cov_8.931591	35.8	1334	340	0.861765	1.58e-41	acc|GENBANK|AAK84481.1|GENBANK|AF275345|unknown [Solanum lycopersicum]	Solanum lycopersicum	Blastx
SRR14574591	NODE_11440_length_1254_cov_7.506962	42.7	1254	213	1.000000	1.74e-41	acc|GENBANK|QBK87565.1|GENBANK|MK500358|ribulose-phosphate 3 epimerase family protein [Marseillevirus LCMAC201]	Marseillevirus LCMAC201	Blastx
SRR14574591	NODE_47442_length_262_cov_1.021834	89.3	262	282	0.297872	2.01e-41	acc|GENBANK|AAL14448.1|GENBANK|AF397035|heat shock protein Hsc70t [Mus musculus]	Mus musculus	Blastx
SRR14574591	NODE_47264_length_260_cov_2.061674	93.1	260	520	0.167308	2.23e-41	acc|GENBANK|APO14197.1|GENBANK|KX098475|truncated DELLA protein [Setaria italica]	Setaria italica	Blastx
SRR14574591	NODE_14217_length_817_cov_53.192602	53.8	817	143	0.909091	2.40e-41	acc|GENBANK|UOG94409.1|NEIGHBOR|OM876856|eukaryotic translation initiation factor [Aureococcus anophagefferens virus]	Aureococcus anophagefferens virus	Blastx
SRR14574591	NODE_1584_length_824_cov_64.379267	33.0	824	447	0.637584	2.81e-41	acc|REFSEQ|NP_077596.1|REFSEQ|NC_002687|serine-threonine kinase [Ectocarpus siliculosus virus 1]	Ectocarpus siliculosus virus 1	Blastx
SRR14574591	NODE_50380_length_333_cov_1.950000	81.6	333	686	0.126822	3.09e-41	acc|GENBANK|WNO13952.1|GENBANK|OQ968299|coat protein [Guapo partitivirus]	Guapo partitivirus	Blastx
SRR14574591	NODE_7843_length_804_cov_2.843061	36.4	804	411	0.669100	3.24e-41	acc|GENBANK|ACN78984.1|GENBANK|FJ225395|cyclin-like F-box [Glycine max]	Glycine max	Blastx
SRR14574591	NODE_11931_length_865_cov_24.062500	41.8	865	693	0.279942	3.51e-41	acc|GENBANK|QFG74345.1|GENBANK|MN448286|Hsp70 protein [Megaviridae environmental sample]	Megaviridae environmental sample	Blastx
SRR14574591	NODE_15464_length_672_cov_6.073552	41.3	672	925	0.224865	3.69e-41	acc|GENBANK|ABY48139.1|GENBANK|EU306659|NORK [Medicago truncatula]	Medicago truncatula	Blastx
SRR14574591	NODE_13827_length_479_cov_102.201794	48.5	479	143	0.951049	3.75e-41	acc|GENBANK|UOG94409.1|NEIGHBOR|OM876856|eukaryotic translation initiation factor [Aureococcus anophagefferens virus]	Aureococcus anophagefferens virus	Blastx
SRR14574591	NODE_5208_length_1090_cov_5.347209	62.8	1090	226	0.500000	3.85e-41	acc|GENBANK|ARF08362.1|GENBANK|KY684083|cyclophilin type peptidyl-prolyl cis-trans [Catovirus CTV1]	Catovirus CTV1	Blastx
SRR14574591	NODE_14371_length_915_cov_36.318594	46.4	915	144	0.972222	4.49e-41	acc|GENBANK|ULY68577.1|GENBANK|OL828820|ubiquitin-conjugating enzyme E2 2-like isoform [Chlorella virus XW01]	Chlorella virus XW01	Blastx
SRR14574591	NODE_1943_length_1062_cov_639.622935	35.8	1062	695	0.374101	4.67e-41	acc|GENBANK|XDO02062.1|GENBANK|PP542043|Type I Glyceraldehyde-3-Phosphate Dehydrogenase [Florenciella sp. virus SA2]	Florenciella sp. virus SA2	Blastx
SRR14574591	NODE_30066_length_847_cov_6.208845	41.7	847	604	0.389073	4.76e-41	acc|GENBANK|ABH08432.1|GENBANK|DQ851167|putative non-inducible immunity 1 [Beta vulgaris]	Beta vulgaris	Blastx
SRR14574591	NODE_43683_length_238_cov_1.141463	93.6	238	388	0.201031	5.52e-41	acc|GENBANK|AAU93529.1|GENBANK|AY691949|alcohol dehydrogenase 1 [Zea mays]	Zea mays	Blastx
SRR14574591	NODE_8730_length_2044_cov_6.219294	36.8	2044	925	0.328649	5.72e-41	acc|GENBANK|ABY48139.1|GENBANK|EU306659|NORK [Medicago truncatula]	Medicago truncatula	Blastx
SRR14574591	NODE_1176_length_1562_cov_102.702420	77.0	1562	102	0.852941	5.78e-41	acc|GENBANK|CAD45443.1|GENBANK|AJ507397|coat protein [Iris mild mosaic virus]	Iris mild mosaic virus	Blastx
SRR14574591	NODE_17467_length_299_cov_2.597744	77.8	299	282	0.351064	6.55e-41	acc|GENBANK|AAL14448.1|GENBANK|AF397035|heat shock protein Hsc70t [Mus musculus]	Mus musculus	Blastx
SRR14574591	NODE_12502_length_2526_cov_20.112716	25.4	2526	679	1.054492	6.96e-41	acc|GENBANK|AYV78344.1|GENBANK|MK072075|S9 family peptidase [Edafosvirus sp.]	Edafosvirus sp.	Blastx
SRR14574591	NODE_24495_length_613_cov_2.400000	45.1	613	727	0.268226	7.05e-41	acc|GENBANK|ADB85269.1|GENBANK|GQ252805|putative lectin-like protein kinase [Phyllostachys edulis]	Phyllostachys edulis	Blastx
SRR14574591	NODE_12811_length_789_cov_3.984127	40.2	789	482	0.454357	7.15e-41	acc|GENBANK|BBA54297.1|GENBANK|AB898755|gag : akt fusion protein [Feline leukemia virus]	Feline leukemia virus	Blastx
SRR14574591	NODE_28094_length_600_cov_1.793651	45.4	600	925	0.200000	7.63e-41	acc|GENBANK|ABY48139.1|GENBANK|EU306659|NORK [Medicago truncatula]	Medicago truncatula	Blastx
SRR14574591	NODE_9501_length_1313_cov_4.395313	38.5	1313	253	0.976285	8.09e-41	acc|GENBANK|QFG74715.1|GENBANK|MN448290|triosephosphate isomerase [Megaviridae environmental sample]	Megaviridae environmental sample	Blastx
SRR14574591	NODE_28135_length_559_cov_3.551331	47.8	559	925	0.194595	8.64e-41	acc|GENBANK|ABY48139.1|GENBANK|EU306659|NORK [Medicago truncatula]	Medicago truncatula	Blastx
SRR14574591	NODE_28976_length_1039_cov_2.127237	47.1	1039	299	0.461538	9.07e-41	acc|GENBANK|UOG94093.1|NEIGHBOR|OM876856|serine threonine-protein phosphatase [Aureococcus anophagefferens virus]	Aureococcus anophagefferens virus	Blastx
SRR14574591	NODE_46791_length_257_cov_1.566964	70.6	257	150	0.566667	1.23e-40	acc|REFSEQ|YP_009173309.1|REFSEQ|NC_028094|ubiquitin conjugating enzyme E2 [Chrysochromulina ericina virus]	Chrysochromulina ericina virus	Blastx
SRR14574591	NODE_15221_length_2335_cov_16.310599	54.9	2335	226	0.637168	1.33e-40	acc|GENBANK|ARF08362.1|GENBANK|KY684083|cyclophilin type peptidyl-prolyl cis-trans [Catovirus CTV1]	Catovirus CTV1	Blastx
SRR14574591	NODE_5121_length_1258_cov_5.924082	37.4	1258	261	0.850575	1.35e-40	acc|GENBANK|ARF08832.1|GENBANK|KY684083|caspase domain protein [Catovirus CTV1]	Catovirus CTV1	Blastx
SRR14574591	NODE_3413_length_362_cov_2.963526	55.8	362	309	0.388350	1.46e-40	acc|GENBANK|QKF93832.1|GENBANK|MT418680|serine/threonine-protein kinase [Fadolivirus FV1/VV64]	Fadolivirus FV1/VV64	Blastx
SRR14574591	NODE_15309_length_386_cov_44.232295	54.0	386	697	0.180775	1.70e-40	acc|REFSEQ|YP_010781946.1|REFSEQ|NC_075039|catalase [Tupanvirus soda lake]	Tupanvirus soda lake	Blastx
SRR14574591	NODE_45980_length_252_cov_1.068493	92.0	252	912	0.082237	1.74e-40	acc|GENBANK|ACX48824.1|GENBANK|GQ923937|chromomethylase [Zea mays]	Zea mays	Blastx
SRR14574591	NODE_1649_length_740_cov_142.611033	53.1	740	143	0.909091	1.74e-40	acc|GENBANK|UOG94409.1|NEIGHBOR|OM876856|eukaryotic translation initiation factor [Aureococcus anophagefferens virus]	Aureococcus anophagefferens virus	Blastx
SRR14574591	NODE_3723_length_730_cov_5.916786	32.3	730	590	0.503390	2.28e-40	acc|GENBANK|AYV86827.1|GENBANK|MK072516|CMGC/MAPK protein kinase [Sylvanvirus sp.]	Sylvanvirus sp.	Blastx
SRR14574591	NODE_3442_length_1024_cov_3.371342	47.1	1024	144	0.972222	2.31e-40	acc|GENBANK|ULY68577.1|GENBANK|OL828820|ubiquitin-conjugating enzyme E2 2-like isoform [Chlorella virus XW01]	Chlorella virus XW01	Blastx
SRR14574591	NODE_11807_length_1543_cov_16.066887	28.1	1543	400	1.012500	2.32e-40	acc|GENBANK|WBR61431.1|GENBANK|ON052824|M20 AcylaseI like [Drosophila suzukii associated hytrosavirus 1]	Drosophila suzukii associated hytrosavirus 1	Blastx
SRR14574591	NODE_14061_length_847_cov_154.084767	53.1	847	143	0.909091	2.55e-40	acc|GENBANK|UOG94409.1|NEIGHBOR|OM876856|eukaryotic translation initiation factor [Aureococcus anophagefferens virus]	Aureococcus anophagefferens virus	Blastx
SRR14574591	NODE_1681_length_716_cov_174.582723	44.7	716	276	0.615942	2.69e-40	acc|GENBANK|ACG38448.1|GENBANK|EU966330|retrotransposon protein Ty1-copia subclass [Zea mays]	Zea mays	Blastx
SRR14574591	NODE_428_length_2500_cov_32.783137	36.6	2500	279	0.910394	2.95e-40	acc|GENBANK|ARF12509.1|GENBANK|KY684113|stomatin family protein [Klosneuvirus KNV1]	Klosneuvirus KNV1	Blastx
SRR14574591	NODE_31355_length_940_cov_3.668137	43.6	940	522	0.417625	2.97e-40	acc|GENBANK|QPI16279.1|GENBANK|MW030549|hypothetical protein [Virus NIOZ-UU157]	Virus NIOZ-UU157	Blastx
SRR14574591	NODE_28436_length_722_cov_3.438316	33.6	722	320	0.706250	3.04e-40	acc|GENBANK|ARF09286.1|GENBANK|KY684084|serine/threonine protein kinase [Catovirus CTV1]	Catovirus CTV1	Blastx
SRR14574591	NODE_29564_length_534_cov_4.620758	52.3	534	480	0.275000	3.13e-40	acc|GENBANK|QPI16798.1|GENBANK|MW030606|BT1 family protein [Virus NIOZ-UU159]	Virus NIOZ-UU159	Blastx
SRR14574591	NODE_5656_length_690_cov_2.254186	38.7	690	523	0.439771	3.39e-40	acc|GENBANK|AYV78352.1|GENBANK|MK072075|uncharacterized protein [Edafosvirus sp.]	Edafosvirus sp.	Blastx
SRR14574591	NODE_26526_length_526_cov_5.004057	58.7	526	364	0.346154	3.57e-40	acc|GENBANK|ADB85405.1|GENBANK|GQ252886|putative protein kinase [Phyllostachys edulis]	Phyllostachys edulis	Blastx
SRR14574591	NODE_9868_length_1037_cov_4.597610	31.4	1037	712	0.389045	3.81e-40	acc|GENBANK|QKF94394.1|GENBANK|MT418680|phosphatidylinositol kinase [Fadolivirus FV1/VV64]	Fadolivirus FV1/VV64	Blastx
SRR14574591	NODE_27460_length_686_cov_2.784074	40.4	686	1618	0.134734	4.18e-40	acc|GENBANK|QGR54286.1|GENBANK|MK978772|serine/threonine protein kinase [Moumouvirus maliensis]	Moumouvirus maliensis	Blastx
SRR14574591	NODE_8740_length_1258_cov_4.431020	31.5	1258	925	0.322162	4.37e-40	acc|GENBANK|ABY48139.1|GENBANK|EU306659|NORK [Medicago truncatula]	Medicago truncatula	Blastx
SRR14574591	NODE_355_length_337_cov_120.618421	98.6	337	88	0.795455	4.58e-40	acc|GENBANK|XAO13519.1|GENBANK|PP130629|hypothetical protein [Mantoniella tinhauana virus 1]	Mantoniella tinhauana virus 1	Blastx
SRR14574591	NODE_1562_length_1192_cov_14.752373	37.3	1192	925	0.292973	4.76e-40	acc|GENBANK|ABY48139.1|GENBANK|EU306659|NORK [Medicago truncatula]	Medicago truncatula	Blastx
SRR14574591	NODE_12969_length_524_cov_13.331976	74.4	524	95	0.947368	4.89e-40	acc|GENBANK|AAL14450.1|GENBANK|AF397035|small ribonuclear protein G7b [Mus musculus]	Mus musculus	Blastx
SRR14574591	NODE_12343_length_628_cov_5.798319	50.3	628	244	0.668033	5.00e-40	acc|GENBANK|AAW73220.1|GENBANK|AY747599|VRN-A1 [Triticum aestivum]	Triticum aestivum	Blastx
SRR14574591	NODE_30471_length_881_cov_2.071934	30.3	881	447	0.693512	5.13e-40	acc|REFSEQ|NP_077596.1|REFSEQ|NC_002687|serine-threonine kinase [Ectocarpus siliculosus virus 1]	Ectocarpus siliculosus virus 1	Blastx
SRR14574591	NODE_50604_length_351_cov_1.839623	58.3	351	759	0.151515	5.19e-40	acc|GENBANK|ACN78962.1|GENBANK|FJ225394|methyltransferase [Glycine max]	Glycine max	Blastx
SRR14574591	NODE_9530_length_840_cov_11.335812	34.9	840	321	0.847352	5.35e-40	acc|GENBANK|WIL04514.1|GENBANK|OQ413581|3-phosphoglycerate dehydrogenase [Cedratvirus duvanny]	Cedratvirus duvanny	Blastx
SRR14574591	NODE_21142_length_706_cov_3.414562	40.0	706	528	0.397727	5.94e-40	acc|GENBANK|QKF94573.1|GENBANK|MT418680|methionyl-tRNA synthetase [Fadolivirus FV1/VV64]	Fadolivirus FV1/VV64	Blastx
SRR14574591	NODE_12671_length_1114_cov_44.812211	45.0	1114	212	0.754717	6.68e-40	acc|GENBANK|AYV82031.1|GENBANK|MK072334|Ras-like protein Rab-11A [Homavirus sp.]	Homavirus sp.	Blastx
SRR14574591	NODE_15465_length_1809_cov_33.653716	38.0	1809	299	0.712375	7.96e-40	acc|GENBANK|ARF09764.1|GENBANK|KY684087|serine/threonine protein kinase [Indivirus ILV1]	Indivirus ILV1	Blastx
SRR14574591	NODE_45311_length_248_cov_1.088372	79.3	248	272	0.301471	8.08e-40	acc|GENBANK|AOG75316.1|GENBANK|KU720517|reverse transcriptase [Mirabilis jalapa]	Mirabilis jalapa	Blastx
SRR14574591	NODE_49118_length_275_cov_0.966942	64.8	275	197	0.461929	8.88e-40	acc|REFSEQ|YP_009449015.1|REFSEQ|NC_036594|GTP ras-related protein Rac1 [Orpheovirus IHUMI-LCC2]	Orpheovirus IHUMI-LCC2	Blastx
SRR14574591	NODE_11134_length_1951_cov_10.004692	29.5	1951	453	0.876380	9.00e-40	acc|GENBANK|QFG74614.1|GENBANK|MN448289|FAD binding domain of DNA photolyase [Megaviridae environmental sample]	Megaviridae environmental sample	Blastx
SRR14574591	NODE_3281_length_336_cov_2.402640	88.2	336	219	0.347032	9.50e-40	acc|GENBANK|XHA87591.1|GENBANK|PQ054798|hypothetical protein [Qianjiang picobirna-like virus 2]	Qianjiang picobirna-like virus 2	Blastx
SRR14574591	NODE_23429_length_427_cov_9.078680	60.9	427	286	0.465035	1.09e-39	acc|GENBANK|BFT93432.1|GENBANK|LC847964|Uracil-DNA glycosylase [Medusavirus sp. 'euryale']	Medusavirus sp. 'euryale'	Blastx
SRR14574591	NODE_9035_length_1231_cov_4.806344	36.5	1231	1617	0.167594	1.15e-39	acc|GENBANK|AQN68650.1|GENBANK|KY110734|protein tyrosine kinase (PTK) family protein [Saudi moumouvirus]	Saudi moumouvirus	Blastx
SRR14574591	NODE_14861_length_687_cov_13.267584	57.7	687	201	0.681592	1.15e-39	acc|GENBANK|WGU26826.1|GENBANK|OQ503488|casparian strip membrane protein [Triticum monococcum]	Triticum monococcum	Blastx
SRR14574591	NODE_16778_length_215_cov_1.543956	100	215	2466	0.027981	1.25e-39	acc|GENBANK|AOZ57106.1|GENBANK|KX608896|Serine threonine-protein kinase TOR [Saccharum hybrid cultivar R570]	Saccharum hybrid cultivar R570	Blastx
SRR14574591	NODE_14436_length_1358_cov_46.467925	32.1	1358	695	0.474820	1.68e-39	acc|GENBANK|XDO02062.1|GENBANK|PP542043|Type I Glyceraldehyde-3-Phosphate Dehydrogenase [Florenciella sp. virus SA2]	Florenciella sp. virus SA2	Blastx
SRR14574591	NODE_9883_length_816_cov_7.471264	41.7	816	337	0.626113	1.70e-39	acc|GENBANK|ABH08433.1|GENBANK|DQ851167|putative heat shock factor [Beta vulgaris]	Beta vulgaris	Blastx
SRR14574591	NODE_8206_length_1785_cov_5.268836	36.7	1785	1573	0.176732	1.72e-39	acc|REFSEQ|YP_007354741.1|REFSEQ|NC_020104|serine-threonine kinase [Acanthamoeba polyphaga moumouvirus]	Acanthamoeba polyphaga moumouvirus	Blastx
SRR14574591	NODE_14842_length_1755_cov_19.009872	34.2	1755	321	0.984424	2.11e-39	acc|GENBANK|WIL03931.1|GENBANK|OQ413577|2-hydroxyacid dehydrogenase [Cedratvirus lena]	Cedratvirus lena	Blastx
SRR14574591	NODE_15639_length_425_cov_13.382653	60.7	425	241	0.485477	2.63e-39	acc|GENBANK|AYV79183.1|GENBANK|MK072135|hypothetical protein [Faunusvirus sp.]	Faunusvirus sp.	Blastx
SRR14574591	NODE_13387_length_1253_cov_27.923770	36.2	1253	279	0.910394	3.06e-39	acc|GENBANK|ARF12509.1|GENBANK|KY684113|stomatin family protein [Klosneuvirus KNV1]	Klosneuvirus KNV1	Blastx
SRR14574591	NODE_30034_length_770_cov_2.439620	41.0	770	925	0.229189	3.17e-39	acc|GENBANK|ABY48139.1|GENBANK|EU306659|NORK [Medicago truncatula]	Medicago truncatula	Blastx
SRR14574591	NODE_9220_length_503_cov_6.753191	81.0	503	213	0.492958	3.17e-39	acc|GENBANK|AAK76585.1|GENBANK|AY045911|putative copia retroelement pol polyprotein [Arabidopsis thaliana]	Arabidopsis thaliana	Blastx
SRR14574591	NODE_5677_length_1071_cov_12.332370	56.8	1071	201	0.691542	3.76e-39	acc|GENBANK|WGU26826.1|GENBANK|OQ503488|casparian strip membrane protein [Triticum monococcum]	Triticum monococcum	Blastx
SRR14574591	NODE_27925_length_425_cov_2.295918	62.2	425	197	0.497462	4.43e-39	acc|REFSEQ|YP_009449015.1|REFSEQ|NC_036594|GTP ras-related protein Rac1 [Orpheovirus IHUMI-LCC2]	Orpheovirus IHUMI-LCC2	Blastx
SRR14574591	NODE_15023_length_616_cov_6.490566	62.6	616	228	0.469298	4.48e-39	acc|GENBANK|ATZ80220.1|GENBANK|MF782455|cyclophilin ABH-like protein [Bodo saltans virus]	Bodo saltans virus	Blastx
SRR14574591	NODE_27235_length_539_cov_1.409091	45.3	539	936	0.191239	5.22e-39	acc|GENBANK|QFG74471.1|GENBANK|MN448288|glycine cleavage system P-protein [Megaviridae environmental sample]	Megaviridae environmental sample	Blastx
SRR14574591	NODE_696_length_1653_cov_24.778395	31.6	1653	695	0.477698	5.60e-39	acc|GENBANK|XDO02062.1|GENBANK|PP542043|Type I Glyceraldehyde-3-Phosphate Dehydrogenase [Florenciella sp. virus SA2]	Florenciella sp. virus SA2	Blastx
SRR14574591	NODE_12859_length_547_cov_11.186770	45.7	547	686	0.252187	5.92e-39	acc|GENBANK|WNO13952.1|GENBANK|OQ968299|coat protein [Guapo partitivirus]	Guapo partitivirus	Blastx
SRR14574591	NODE_14086_length_1138_cov_17.669683	34.5	1138	1040	0.309615	7.02e-39	acc|REFSEQ|YP_010780932.1|REFSEQ|NC_075038|putative ATP-citrate synthase isoform X3 [Tupanvirus deep ocean]	Tupanvirus deep ocean	Blastx
SRR14574591	NODE_12900_length_202_cov_21.402367	98.5	202	77	0.870130	7.24e-39	acc|GENBANK|AUF82381.1|GENBANK|KY322437|ubiquitin family protein [Tetraselmis virus 1]	Tetraselmis virus 1	Blastx
SRR14574591	NODE_8090_length_1041_cov_3.120040	32.9	1041	388	0.721649	7.49e-39	acc|GENBANK|CCQ71327.1|GENBANK|HF586476|hypothetical protein kinase Pka-C1 [Cotesia congregata]	Cotesia congregata	Blastx
SRR14574591	NODE_50031_length_307_cov_1.281022	64.7	307	1595	0.063950	8.57e-39	acc|REFSEQ|YP_009553219.1|REFSEQ|NC_040712|ORF3 [Dioscorea nummularia-associated virus]	Dioscorea nummularia-associated virus	Blastx
SRR14574591	NODE_14025_length_680_cov_58.188563	41.5	680	371	0.525606	9.15e-39	acc|GENBANK|WNO13897.1|GENBANK|OQ968270|capsid protein [Berere partitivirus]	Berere partitivirus	Blastx
SRR14574591	NODE_14496_length_1079_cov_2.998088	51.6	1079	327	0.467890	1.02e-38	acc|GENBANK|QFG73901.1|GENBANK|MN448274|papain family cysteine protease [Megaviridae environmental sample]	Megaviridae environmental sample	Blastx
SRR14574591	NODE_2580_length_217_cov_85.500000	95.8	217	228	0.315789	1.09e-38	acc|GENBANK|AAD44039.1|GENBANK|AF104022|polyprotein [Bovine viral diarrhea virus 2]	Bovine viral diarrhea virus 2	Blastx
SRR14574591	NODE_41_length_2358_cov_14.843011	23.4	2358	819	0.975580	1.10e-38	acc|GENBANK|QKF94107.1|GENBANK|MT418680|eukaryotic translation elongation factor 2 [Fadolivirus FV1/VV64]	Fadolivirus FV1/VV64	Blastx
SRR14574591	NODE_5108_length_888_cov_2.864327	40.9	888	331	0.546828	1.15e-38	acc|GENBANK|QDY52085.1|GENBANK|MK250087|hypothetical protein [Mimiviridae sp. ChoanoV1]	Mimiviridae sp. ChoanoV1	Blastx
SRR14574591	NODE_21268_length_336_cov_2.234323	62.2	336	160	0.693750	1.15e-38	acc|GENBANK|QKF94153.1|GENBANK|MT418680|cyclophilin-type peptidyl-prolyl cis-trans [Fadolivirus FV1/VV64]	Fadolivirus FV1/VV64	Blastx
SRR14574591	NODE_27808_length_463_cov_1.737209	59.6	463	112	0.973214	1.32e-38	acc|REFSEQ|YP_009173244.1|REFSEQ|NC_028093|hypothetical protein [Ostreococcus lucimarinus virus 7]	Ostreococcus lucimarinus virus 7	Blastx
SRR14574591	NODE_2342_length_1908_cov_9.509867	47.3	1908	1829	0.100601	1.46e-38	acc|REFSEQ|YP_009482569.1|REFSEQ|NC_037666|serine-threonine kinase [Pandoravirus neocaledonia]	Pandoravirus neocaledonia	Blastx
SRR14574591	NODE_1154_length_1961_cov_58.315353	34.8	1961	523	0.627151	1.46e-38	acc|GENBANK|QDY51705.1|GENBANK|MK250085|cytosol aminopeptidase family, catalytic domain [Mimiviridae sp. ChoanoV1]	Mimiviridae sp. ChoanoV1	Blastx
SRR14574591	NODE_22272_length_303_cov_1.688889	66.7	303	177	0.559322	1.73e-38	acc|GENBANK|ABK32208.1|GENBANK|DQ890165|VRN3 [Triticum aestivum]	Triticum aestivum	Blastx
SRR14574591	NODE_4688_length_253_cov_1.772727	81.0	253	706	0.118980	1.80e-38	acc|GENBANK|WGU26822.1|GENBANK|OQ503488|OPT oligopeptide transporter protein [Triticum monococcum]	Triticum monococcum	Blastx
SRR14574591	NODE_1572_length_1771_cov_17.525892	46.0	1771	288	0.565972	1.81e-38	acc|GENBANK|QMP82376.1|GENBANK|MT153362|hypothetical protein [red goblin roach virus 1]	red goblin roach virus 1	Blastx
SRR14574591	NODE_13031_length_952_cov_32.392818	35.9	952	392	0.589286	1.97e-38	acc|GENBANK|AYV77947.1|GENBANK|MK072068|autophagy-related protein 18a-like [Edafosvirus sp.]	Edafosvirus sp.	Blastx
SRR14574591	NODE_3126_length_791_cov_136.323219	50.8	791	170	0.776471	2.09e-38	acc|REFSEQ|YP_003358229.2|REFSEQ|NC_013668|nucleoside diphosphate kinase [Anguillid herpesvirus 1]	Anguillid herpesvirus 1	Blastx
SRR14574591	NODE_10902_length_2292_cov_7.459053	24.8	2292	646	1.029412	2.11e-38	acc|GENBANK|QKF94735.1|GENBANK|MT418680|long-chain fatty acid CoA synthetase [Fadolivirus FV1/VV64]	Fadolivirus FV1/VV64	Blastx
SRR14574591	NODE_2461_length_1916_cov_90.041423	27.2	1916	463	0.967603	2.21e-38	acc|GENBANK|CAE02707.1|GENBANK|AJ575660|hypothetical protein [Yarrowia lipolytica]	Yarrowia lipolytica	Blastx
SRR14574591	NODE_38381_length_211_cov_1.314607	87.1	211	236	0.296610	2.49e-38	acc|GENBANK|ABA08422.1|GENBANK|DQ186888|polymerase [Zea mays]	Zea mays	Blastx
SRR14574591	NODE_28285_length_532_cov_1.721443	40.9	532	571	0.299475	2.66e-38	acc|REFSEQ|YP_009465729.1|REFSEQ|NC_037057|hypothetical protein [Dishui lake phycodnavirus 1]	Dishui lake phycodnavirus 1	Blastx
SRR14574591	NODE_3773_length_236_cov_1.118227	82.1	236	282	0.276596	2.78e-38	acc|GENBANK|AAL14448.1|GENBANK|AF397035|heat shock protein Hsc70t [Mus musculus]	Mus musculus	Blastx
SRR14574591	NODE_13920_length_2193_cov_7.695833	28.1	2193	495	1.028283	3.47e-38	acc|GENBANK|AUR45128.1|GENBANK|KY550224|global transactivator protein [Spilosoma obliqua nucleopolyhedrosis virus]	Spilosoma obliqua nucleopolyhedrosis virus	Blastx
SRR14574591	NODE_27482_length_348_cov_2.342857	73.7	348	145	0.786207	3.47e-38	acc|GENBANK|AIC33043.1|GENBANK|KF699327|DNA-directed RNA polymerase IIa [Panax ginseng]	Panax ginseng	Blastx
SRR14574591	NODE_18502_length_749_cov_3.248603	39.4	749	299	0.662207	4.09e-38	acc|GENBANK|QRE02559.1|GENBANK|MN545489|hypothetical protein [Otarine gammaherpesvirus 4]	Otarine gammaherpesvirus 4	Blastx
SRR14574591	NODE_3635_length_487_cov_1.603524	78.6	487	213	0.460094	4.26e-38	acc|GENBANK|AAK76585.1|GENBANK|AY045911|putative copia retroelement pol polyprotein [Arabidopsis thaliana]	Arabidopsis thaliana	Blastx
SRR14574591	NODE_24074_length_434_cov_1.224439	51.5	434	737	0.179104	4.47e-38	acc|GENBANK|AAL66752.1|GENBANK|AF464738|putative transposase [Zea mays]	Zea mays	Blastx
SRR14574591	NODE_51522_length_414_cov_1.721785	45.9	414	388	0.347938	4.82e-38	acc|GENBANK|AAU93529.1|GENBANK|AY691949|alcohol dehydrogenase 1 [Zea mays]	Zea mays	Blastx
SRR14574591	NODE_11438_length_1642_cov_18.010566	30.4	1642	422	0.895735	5.70e-38	acc|GENBANK|QDY52462.1|GENBANK|MK250094|aminotransferase class-III protein [Mimiviridae sp. ChoanoV1]	Mimiviridae sp. ChoanoV1	Blastx
SRR14574591	NODE_47760_length_264_cov_1.757576	73.9	264	1595	0.055172	5.74e-38	acc|REFSEQ|YP_009553219.1|REFSEQ|NC_040712|ORF3 [Dioscorea nummularia-associated virus]	Dioscorea nummularia-associated virus	Blastx
SRR14574591	NODE_1844_length_2180_cov_9.622729	27.4	2180	395	0.934177	6.17e-38	acc|GENBANK|QDY52265.1|GENBANK|MK250089|hypothetical protein [Mimiviridae sp. ChoanoV1]	Mimiviridae sp. ChoanoV1	Blastx
SRR14574591	NODE_15337_length_865_cov_14.510817	44.3	865	341	0.589443	6.24e-38	acc|GENBANK|ARF12218.1|GENBANK|KY684111|gelsolin repeat protein [Klosneuvirus KNV1]	Klosneuvirus KNV1	Blastx
SRR14574591	NODE_51273_length_493_cov_1.723913	44.2	493	458	0.355895	7.76e-38	acc|REFSEQ|YP_009448811.1|REFSEQ|NC_036594|Serine-tRNA synthetase, type1 [Orpheovirus IHUMI-LCC2]	Orpheovirus IHUMI-LCC2	Blastx
SRR14574591	NODE_1033_length_1648_cov_20.711455	32.7	1648	477	0.769392	8.27e-38	acc|GENBANK|AYV78014.1|GENBANK|MK072068|elongation factor 1 alpha long form [Edafosvirus sp.]	Edafosvirus sp.	Blastx
SRR14574591	NODE_26260_length_477_cov_1.542793	51.7	477	686	0.217201	8.67e-38	acc|GENBANK|WNO13952.1|GENBANK|OQ968299|coat protein [Guapo partitivirus]	Guapo partitivirus	Blastx
SRR14574591	NODE_2376_length_1089_cov_5.014205	37.1	1089	261	0.980843	8.87e-38	acc|GENBANK|AYV79236.1|GENBANK|MK072137|serine/threonine protein phosphatase [Faunusvirus sp.]	Faunusvirus sp.	Blastx
SRR14574591	NODE_9348_length_1034_cov_7.603397	35.5	1034	1656	0.168478	9.12e-38	acc|GENBANK|BCS82726.1|GENBANK|AP024483|putative serine/threonine-protein kinase [Cotonvirus japonicus]	Cotonvirus japonicus	Blastx
SRR14574591	NODE_5579_length_403_cov_3.789189	53.4	403	561	0.237077	9.37e-38	acc|GENBANK|ARF08721.1|GENBANK|KY684083|DNA topoisomerase IB [Catovirus CTV1]	Catovirus CTV1	Blastx
SRR14574591	NODE_12923_length_1678_cov_6.212766	55.3	1678	146	0.904110	1.07e-37	acc|GENBANK|QDH87377.1|GENBANK|MN033327|hypothetical protein [Picornavirales sp.]	Picornavirales sp.	Blastx
SRR14574591	NODE_23258_length_657_cov_1.822115	39.3	657	1686	0.129893	1.09e-37	acc|GENBANK|QBZ81757.1|GENBANK|MK174290|Serine/threonine protein kinase, catalytic [Pandoravirus celtis]	Pandoravirus celtis	Blastx
SRR14574591	NODE_14310_length_574_cov_24.460259	52.2	574	406	0.396552	1.18e-37	acc|GENBANK|QBK87310.1|GENBANK|MK500348|chaperone protein [Marseillevirus LCMAC201]	Marseillevirus LCMAC201	Blastx
SRR14574591	NODE_8125_length_497_cov_2.471983	41.0	497	242	0.595041	1.47e-37	acc|GENBANK|ARF09567.1|GENBANK|KY684085|zinc-finger and zinc-ribbon domain protein [Indivirus ILV1]	Indivirus ILV1	Blastx
SRR14574591	NODE_3104_length_801_cov_880.429688	55.0	801	175	0.748571	1.53e-37	acc|GENBANK|QDY52460.1|GENBANK|MK250094|acetohydroxy acid isomeroreductase [Mimiviridae sp. ChoanoV1]	Mimiviridae sp. ChoanoV1	Blastx
SRR14574591	NODE_9006_length_522_cov_8.965235	53.8	522	337	0.391691	1.78e-37	acc|GENBANK|ABH08433.1|GENBANK|DQ851167|putative heat shock factor [Beta vulgaris]	Beta vulgaris	Blastx
SRR14574591	NODE_13026_length_1714_cov_2.712076	31.0	1714	752	0.545213	2.29e-37	acc|GENBANK|AYV76414.1|GENBANK|MK071984|HrpA-like RNA helicase [Terrestrivirus sp.]	Terrestrivirus sp.	Blastx
SRR14574591	NODE_9160_length_1481_cov_6.682320	29.8	1481	609	0.694581	2.63e-37	acc|GENBANK|AYV82371.1|GENBANK|MK072369|exosome complex exonuclease RRP44-like [Homavirus sp.]	Homavirus sp.	Blastx
SRR14574591	NODE_3785_length_810_cov_2.906049	42.9	810	463	0.397408	2.65e-37	acc|REFSEQ|YP_010781133.1|REFSEQ|NC_075038|cysteine desulfurase sufS family [Tupanvirus deep ocean]	Tupanvirus deep ocean	Blastx
SRR14574591	NODE_45699_length_250_cov_1.078341	86.7	250	623	0.133226	2.77e-37	acc|GENBANK|BAL14837.1|GENBANK|AB682995|endo-1,4-b-D-glucanase [Oryza sativa Japonica Group]	Oryza sativa Japonica Group	Blastx
SRR14574591	NODE_12725_length_1004_cov_11.605561	48.4	1004	371	0.423181	2.92e-37	acc|GENBANK|WNO13897.1|GENBANK|OQ968270|capsid protein [Berere partitivirus]	Berere partitivirus	Blastx
SRR14574591	NODE_3248_length_847_cov_3.472973	48.9	847	2037	0.085420	3.35e-37	acc|GENBANK|ABG37663.1|GENBANK|DQ536170|CCHC-type integrase [Populus trichocarpa]	Populus trichocarpa	Blastx
SRR14574591	NODE_1171_length_466_cov_123.214781	54.3	466	558	0.250896	3.85e-37	acc|GENBANK|QOR60244.1|GENBANK|MK522034|hypothetical protein [Bathycoccus sp. RCC716 virus 1]	Bathycoccus sp. RCC716 virus 1	Blastx
SRR14574591	NODE_7672_length_789_cov_7.312169	42.5	789	988	0.188259	4.14e-37	acc|GENBANK|ARF11555.1|GENBANK|KY684108|ubiquitin-activating enzyme E1 [Klosneuvirus KNV1]	Klosneuvirus KNV1	Blastx
SRR14574591	NODE_12721_length_921_cov_2.882883	34.7	921	1409	0.178141	4.90e-37	acc|GENBANK|AUV58803.1|GENBANK|MG779377|serine threonine kinase receptor [Bandra megavirus]	Bandra megavirus	Blastx
SRR14574591	NODE_1769_length_247_cov_661.640187	72.0	247	175	0.468571	4.99e-37	acc|GENBANK|ARF09402.1|GENBANK|KY684085|ubiquitin-conjugating enzyme E2 [Indivirus ILV1]	Indivirus ILV1	Blastx
SRR14574591	NODE_13852_length_247_cov_544.004673	72.0	247	175	0.468571	4.99e-37	acc|GENBANK|ARF09402.1|GENBANK|KY684085|ubiquitin-conjugating enzyme E2 [Indivirus ILV1]	Indivirus ILV1	Blastx
SRR14574591	NODE_28325_length_522_cov_3.709611	47.9	522	759	0.192358	5.09e-37	acc|GENBANK|ACN78962.1|GENBANK|FJ225394|methyltransferase [Glycine max]	Glycine max	Blastx
SRR14574591	NODE_9557_length_717_cov_5.533626	56.7	717	439	0.305239	5.15e-37	acc|GENBANK|AAK92822.1|GENBANK|AY050885|putative replicase [Arabidopsis thaliana]	Arabidopsis thaliana	Blastx
SRR14574591	NODE_7916_length_842_cov_6.532756	44.3	842	447	0.333333	5.33e-37	acc|REFSEQ|NP_077596.1|REFSEQ|NC_002687|serine-threonine kinase [Ectocarpus siliculosus virus 1]	Ectocarpus siliculosus virus 1	Blastx
SRR14574591	NODE_13964_length_1167_cov_115.122575	36.3	1167	261	0.992337	6.16e-37	acc|GENBANK|AYV79236.1|GENBANK|MK072137|serine/threonine protein phosphatase [Faunusvirus sp.]	Faunusvirus sp.	Blastx
SRR14574591	NODE_23709_length_813_cov_6.447436	39.9	813	346	0.528902	6.37e-37	acc|GENBANK|QKF94584.1|GENBANK|MT418680|villin/gelsolin repeat protein [Fadolivirus FV1/VV64]	Fadolivirus FV1/VV64	Blastx
SRR14574591	NODE_5424_length_691_cov_2.503040	52.6	691	297	0.390572	6.56e-37	acc|GENBANK|AAU93532.1|GENBANK|AY691949|unknown protein [Zea mays]	Zea mays	Blastx
SRR14574591	NODE_12009_length_853_cov_23.847561	43.3	853	288	0.520833	6.76e-37	acc|GENBANK|QDY51617.1|GENBANK|MK250085|peptide methionine sulfoxide reductase [Mimiviridae sp. ChoanoV1]	Mimiviridae sp. ChoanoV1	Blastx
SRR14574591	NODE_1635_length_217_cov_131.543478	80.6	217	214	0.336449	6.90e-37	acc|GENBANK|UZE89726.1|GENBANK|ON704650|hypothetical protein [Parapoynx stagnalis nucleopolyhedrovirus]	Parapoynx stagnalis nucleopolyhedrovirus	Blastx
SRR14574591	NODE_410_length_1699_cov_36.956182	28.2	1699	467	0.987152	8.22e-37	acc|GENBANK|API81738.1|NEIGHBOR|KU052222|hypothetical protein [Cafeteriavirus-dependent mavirus]	Cafeteriavirus-dependent mavirus	Blastx
SRR14574591	NODE_10515_length_609_cov_9.986111	39.9	609	209	0.755981	8.84e-37	acc|GENBANK|CAK7596599.1|GENBANK|OZ003748|Small GTPase [Catovirus sp. 'naegleriensis']	Catovirus sp. 'naegleriensis'	Blastx
SRR14574591	NODE_9157_length_799_cov_3.933420	49.3	799	155	0.890323	9.17e-37	acc|GENBANK|AYV75765.1|GENBANK|MK071981|ubiquitin-conjugating enzyme E2-17 kDa 3 [Terrestrivirus sp.]	Terrestrivirus sp.	Blastx
SRR14574591	NODE_28459_length_261_cov_1.228070	75.3	261	727	0.116919	9.87e-37	acc|GENBANK|ADB85269.1|GENBANK|GQ252805|putative lectin-like protein kinase [Phyllostachys edulis]	Phyllostachys edulis	Blastx
SRR14574591	NODE_43790_length_239_cov_1.033981	75.3	239	316	0.243671	9.94e-37	acc|GENBANK|QDY51833.1|GENBANK|MK250085|hypothetical protein [Mimiviridae sp. ChoanoV1]	Mimiviridae sp. ChoanoV1	Blastx
SRR14574591	NODE_27608_length_431_cov_1.625628	49.6	431	759	0.180501	1.07e-36	acc|GENBANK|ACN78962.1|GENBANK|FJ225394|methyltransferase [Glycine max]	Glycine max	Blastx
SRR14574591	NODE_27767_length_449_cov_23.072115	74.4	449	116	0.706897	1.17e-36	acc|GENBANK|QOI90342.1|GENBANK|MT663535|hypothetical protein [Pyramimonas orientalis virus]	Pyramimonas orientalis virus	Blastx
SRR14574591	NODE_20945_length_478_cov_3.797753	42.8	478	212	0.650943	1.19e-36	acc|GENBANK|AYV82031.1|GENBANK|MK072334|Ras-like protein Rab-11A [Homavirus sp.]	Homavirus sp.	Blastx
SRR14574591	NODE_28797_length_606_cov_6.178010	52.1	606	291	0.415808	1.27e-36	acc|GENBANK|QBK87818.1|GENBANK|MK500370|copine [Marseillevirus LCMAC202]	Marseillevirus LCMAC202	Blastx
SRR14574591	NODE_3961_length_529_cov_1.415323	42.1	529	381	0.498688	1.29e-36	acc|GENBANK|QYA18481.1|GENBANK|MZ420154|replicative polymerase delta family B [Clandestinovirus]	Clandestinovirus	Blastx
SRR14574591	NODE_539_length_1419_cov_12.520924	34.6	1419	1040	0.311538	1.57e-36	acc|REFSEQ|YP_010780932.1|REFSEQ|NC_075038|putative ATP-citrate synthase isoform X3 [Tupanvirus deep ocean]	Tupanvirus deep ocean	Blastx
SRR14574591	NODE_3369_length_863_cov_3.412048	67.5	863	421	0.270784	1.59e-36	acc|GENBANK|AGP03657.1|GENBANK|KF220834|integrase-type DNA-binding superfamily protein [Glycine max]	Glycine max	Blastx
SRR14574591	NODE_11400_length_1769_cov_10.706797	41.3	1769	797	0.260979	1.60e-36	acc|GENBANK|ARF11580.1|GENBANK|KY684109|ubiquitin-conjugating enzyme E2 [Klosneuvirus KNV1]	Klosneuvirus KNV1	Blastx
SRR14574591	NODE_26244_length_328_cov_1.457627	70.7	328	518	0.177606	1.61e-36	acc|GENBANK|ABY48142.1|GENBANK|EU306659|serine-hydroxymethyltransferase [Medicago truncatula]	Medicago truncatula	Blastx
SRR14574591	NODE_20996_length_724_cov_2.665702	38.0	724	518	0.451737	1.71e-36	acc|GENBANK|QPI16131.1|GENBANK|MW030532|hypothetical protein [Virus NIOZ-UU157]	Virus NIOZ-UU157	Blastx
SRR14574591	NODE_1700_length_1035_cov_12.358283	32.1	1035	396	0.777778	1.72e-36	acc|GENBANK|QBK92180.1|GENBANK|MK500568|DEAD/DEAH box helicase [Pithovirus LCPAC304]	Pithovirus LCPAC304	Blastx
SRR14574591	NODE_2397_length_342_cov_87.071197	93.0	342	537	0.132216	1.74e-36	acc|GENBANK|XCJ76823.1|GENBANK|PP728250|hypothetical protein [Micromonas polaris virus]	Micromonas polaris virus	Blastx
SRR14574591	NODE_1926_length_1183_cov_4.265217	31.7	1183	391	0.741688	1.81e-36	acc|GENBANK|QKF94301.1|GENBANK|MT418680|regulator of protease activity HflC [Fadolivirus FV1/VV64]	Fadolivirus FV1/VV64	Blastx
SRR14574591	NODE_19793_length_252_cov_1.433790	78.6	252	694	0.121037	2.04e-36	acc|REFSEQ|YP_010780645.1|REFSEQ|NC_075038|catalase HPII [Tupanvirus deep ocean]	Tupanvirus deep ocean	Blastx
SRR14574591	NODE_11106_length_1093_cov_9.283962	40.8	1093	478	0.420502	2.12e-36	acc|GENBANK|AAK84479.1|GENBANK|AF275345|putative auxin growth promotor protein [Solanum lycopersicum]	Solanum lycopersicum	Blastx
SRR14574591	NODE_6282_length_775_cov_2.424528	43.3	775	198	0.792929	2.54e-36	acc|REFSEQ|NP_955110.1|REFSEQ|NC_005309|CNPV087 putative glutathione peroxidase [Canarypox virus]	Canarypox virus	Blastx
SRR14574591	NODE_350_length_900_cov_42.151096	38.3	900	171	0.947368	2.67e-36	acc|REFSEQ|YP_009001589.1|REFSEQ|NC_023426|translation initiation factor elF-4e [Alphaentomopoxvirus acuprea]	Alphaentomopoxvirus acuprea	Blastx
SRR14574591	NODE_10831_length_2482_cov_6.269498	34.4	2482	310	0.880645	2.80e-36	acc|GENBANK|AYV86922.1|GENBANK|MK072520|hypothetical protein [Sylvanvirus sp.]	Sylvanvirus sp.	Blastx
SRR14574591	NODE_11001_length_388_cov_10.529577	59.1	388	676	0.187870	3.21e-36	acc|REFSEQ|YP_009173627.1|REFSEQ|NC_028094|Hsp70 protein [Chrysochromulina ericina virus]	Chrysochromulina ericina virus	Blastx
SRR14574591	NODE_13733_length_1603_cov_7.527389	34.0	1603	506	0.569170	3.39e-36	acc|GENBANK|QBK92268.1|GENBANK|MK500571|putative serine/threonine protein kinase [Pithovirus LCPAC304]	Pithovirus LCPAC304	Blastx
SRR14574591	NODE_9334_length_474_cov_4.226757	50.0	474	133	0.842105	3.82e-36	acc|GENBANK|AYV76296.1|GENBANK|MK071983|putative autophagy-related protein 8a isoform [Terrestrivirus sp.]	Terrestrivirus sp.	Blastx
SRR14574591	NODE_12058_length_640_cov_41.892916	39.7	640	357	0.613445	3.95e-36	acc|GENBANK|ABB29305.1|GENBANK|DQ219419|NADPH-dependent reductase [Zea mays]	Zea mays	Blastx
SRR14574591	NODE_39719_length_218_cov_1.264865	87.5	218	258	0.279070	4.30e-36	acc|GENBANK|WMV02893.1|GENBANK|OP630990|alpha-tubulin [Diderma spumarioides]	Diderma spumarioides	Blastx
SRR14574591	NODE_13284_length_1500_cov_53.179959	33.6	1500	478	0.617155	4.68e-36	acc|GENBANK|QBK86272.1|GENBANK|MK500334|cyclin-dependent protein kinase [Marseillevirus LCMAC102]	Marseillevirus LCMAC102	Blastx
SRR14574591	NODE_6558_length_923_cov_3.582022	30.7	923	726	0.417355	4.68e-36	acc|GENBANK|QFG73913.1|GENBANK|MN448274|Hsp70 protein [Megaviridae environmental sample]	Megaviridae environmental sample	Blastx
SRR14574591	NODE_14529_length_730_cov_5.461980	40.3	730	590	0.332203	5.37e-36	acc|GENBANK|AYV86827.1|GENBANK|MK072516|CMGC/MAPK protein kinase [Sylvanvirus sp.]	Sylvanvirus sp.	Blastx
SRR14574591	NODE_31173_length_455_cov_2.409953	57.1	455	549	0.229508	5.78e-36	acc|GENBANK|WGU26815.1|GENBANK|OQ503488|pentatricopeptide repeat-containing protein [Triticum monococcum]	Triticum monococcum	Blastx
SRR14574591	NODE_41233_length_226_cov_1.212435	85.3	226	1476	0.050813	6.51e-36	acc|GENBANK|ABQ44355.1|GENBANK|EF562447|polyprotein [Zea mays]	Zea mays	Blastx
SRR14574591	NODE_10882_length_779_cov_11.534853	39.9	779	209	0.755981	7.09e-36	acc|GENBANK|CAK7596599.1|GENBANK|OZ003748|Small GTPase [Catovirus sp. 'naegleriensis']	Catovirus sp. 'naegleriensis'	Blastx
SRR14574591	NODE_3571_length_812_cov_2.623877	36.2	812	403	0.575682	7.31e-36	acc|GENBANK|AYV82314.1|GENBANK|MK072360|translation initiation factor 4A-III [Homavirus sp.]	Homavirus sp.	Blastx
SRR14574591	NODE_17412_length_303_cov_1.270370	71.7	303	706	0.140227	8.01e-36	acc|GENBANK|WGU26822.1|GENBANK|OQ503488|OPT oligopeptide transporter protein [Triticum monococcum]	Triticum monococcum	Blastx
SRR14574591	NODE_2935_length_943_cov_48.480220	29.6	943	676	0.464497	8.34e-36	acc|REFSEQ|YP_009173627.1|REFSEQ|NC_028094|Hsp70 protein [Chrysochromulina ericina virus]	Chrysochromulina ericina virus	Blastx
SRR14574591	NODE_619_length_645_cov_3.960784	40.9	645	925	0.195676	8.86e-36	acc|GENBANK|ABY48139.1|GENBANK|EU306659|NORK [Medicago truncatula]	Medicago truncatula	Blastx
SRR14574591	NODE_46498_length_255_cov_1.054054	69.0	255	212	0.396226	9.04e-36	acc|GENBANK|AYV82031.1|GENBANK|MK072334|Ras-like protein Rab-11A [Homavirus sp.]	Homavirus sp.	Blastx
SRR14574591	NODE_21111_length_329_cov_2.763514	58.7	329	613	0.177814	9.86e-36	acc|GENBANK|ADB85401.1|GENBANK|GQ252886|putative pollen-specific kinase [Phyllostachys edulis]	Phyllostachys edulis	Blastx
SRR14574591	NODE_7071_length_529_cov_2.481855	48.7	529	144	0.798611	9.96e-36	acc|GENBANK|ULY68577.1|GENBANK|OL828820|ubiquitin-conjugating enzyme E2 2-like isoform [Chlorella virus XW01]	Chlorella virus XW01	Blastx
SRR14574591	NODE_5833_length_298_cov_2.939623	55.6	298	160	0.618750	1.05e-35	acc|GENBANK|ULY68493.1|GENBANK|OL828820|ubiquitin-conjugating enzyme E2 7 [Chlorella virus XW01]	Chlorella virus XW01	Blastx
SRR14574591	NODE_28760_length_571_cov_2.063197	46.7	571	285	0.473684	1.14e-35	acc|GENBANK|QKF94680.1|GENBANK|MT418680|phytanoyl-CoA dioxygenase [Fadolivirus FV1/VV64]	Fadolivirus FV1/VV64	Blastx
SRR14574591	NODE_50741_length_365_cov_1.578313	56.7	365	819	0.146520	1.16e-35	acc|GENBANK|QKF94107.1|GENBANK|MT418680|eukaryotic translation elongation factor 2 [Fadolivirus FV1/VV64]	Fadolivirus FV1/VV64	Blastx
SRR14574591	NODE_7518_length_615_cov_4.656357	38.8	615	2559	0.078546	1.32e-35	acc|GENBANK|XII42335.1|GENBANK|PQ161467|RNA 2'-phosphotransferase [clirnapec virus 107]	clirnapec virus 107	Blastx
SRR14574591	NODE_15851_length_203_cov_2.705882	94.0	203	520	0.128846	1.53e-35	acc|GENBANK|APO14197.1|GENBANK|KX098475|truncated DELLA protein [Setaria italica]	Setaria italica	Blastx
SRR14574591	NODE_3729_length_1213_cov_4.990678	57.1	1213	286	0.465035	1.66e-35	acc|GENBANK|QKF94218.1|GENBANK|MT418680|copine protein Ca(2+)-dependent [Fadolivirus FV1/VV64]	Fadolivirus FV1/VV64	Blastx
SRR14574591	NODE_11847_length_611_cov_18.223183	49.7	611	623	0.229535	1.81e-35	acc|GENBANK|BAL14837.1|GENBANK|AB682995|endo-1,4-b-D-glucanase [Oryza sativa Japonica Group]	Oryza sativa Japonica Group	Blastx
SRR14574591	NODE_20282_length_399_cov_2.199454	50.0	399	832	0.158654	1.86e-35	acc|GENBANK|BAD00047.1|GENBANK|AB119282|Fusion protein, Feo [Hepacivirus hominis]	Hepacivirus hominis	Blastx
SRR14574591	NODE_14572_length_1360_cov_59.190656	27.8	1360	498	0.829317	1.88e-35	acc|GENBANK|XHA59766.1|GENBANK|OR863077|thermosome [Poseidoniales virus]	Poseidoniales virus	Blastx
SRR14574591	NODE_1753_length_1058_cov_4.535610	28.8	1058	299	1.103679	1.97e-35	acc|GENBANK|UOG94346.1|NEIGHBOR|OM876856|DNA polymerase beta thumb [Aureococcus anophagefferens virus]	Aureococcus anophagefferens virus	Blastx
SRR14574591	NODE_1818_length_335_cov_7.798013	57.7	335	406	0.273399	2.03e-35	acc|GENBANK|QBK87310.1|GENBANK|MK500348|chaperone protein [Marseillevirus LCMAC201]	Marseillevirus LCMAC201	Blastx
SRR14574591	NODE_36504_length_202_cov_1.384615	97.0	202	3085	0.021718	2.19e-35	acc|GENBANK|AGH25928.1|NEIGHBOR|KC473517|coat protein [Yam mild mosaic virus]	Yam mild mosaic virus	Blastx
SRR14574591	NODE_29367_length_614_cov_2.951807	49.3	614	226	0.628319	2.30e-35	acc|GENBANK|ARF08362.1|GENBANK|KY684083|cyclophilin type peptidyl-prolyl cis-trans [Catovirus CTV1]	Catovirus CTV1	Blastx
SRR14574591	NODE_50434_length_338_cov_1.501639	53.6	338	511	0.219178	2.35e-35	acc|GENBANK|ARF11617.1|GENBANK|KY684109|lysyl-tRNA synthetase [Klosneuvirus KNV1]	Klosneuvirus KNV1	Blastx
SRR14574591	NODE_49272_length_277_cov_0.959016	68.1	277	2037	0.044674	2.49e-35	acc|GENBANK|ABG37663.1|GENBANK|DQ536170|CCHC-type integrase [Populus trichocarpa]	Populus trichocarpa	Blastx
SRR14574591	NODE_1523_length_777_cov_206.798387	40.5	777	299	0.635452	2.53e-35	acc|GENBANK|QRE02559.1|GENBANK|MN545489|hypothetical protein [Otarine gammaherpesvirus 4]	Otarine gammaherpesvirus 4	Blastx
SRR14574591	NODE_51282_length_498_cov_1.255914	43.7	498	583	0.259005	2.59e-35	acc|GENBANK|QKF94238.1|GENBANK|MT418680|class II glycyl-tRNA synthetase [Fadolivirus FV1/VV64]	Fadolivirus FV1/VV64	Blastx
SRR14574591	NODE_10449_length_345_cov_5.586538	98.4	345	77	0.818182	2.80e-35	acc|GENBANK|AUF82381.1|GENBANK|KY322437|ubiquitin family protein [Tetraselmis virus 1]	Tetraselmis virus 1	Blastx
SRR14574591	NODE_10039_length_206_cov_1.225434	85.3	206	321	0.211838	3.03e-35	acc|REFSEQ|YP_004821373.1|REFSEQ|NC_015960|ribonucleotide reductase small subunit [Yokapox virus]	Yokapox virus	Blastx
SRR14574591	NODE_2510_length_1446_cov_120.236377	34.9	1446	321	0.847352	3.04e-35	acc|GENBANK|WIL03931.1|GENBANK|OQ413577|2-hydroxyacid dehydrogenase [Cedratvirus lena]	Cedratvirus lena	Blastx
SRR14574591	NODE_16242_length_371_cov_1.295858	54.5	371	810	0.151852	3.17e-35	acc|GENBANK|QBK86799.1|GENBANK|MK500336|uncharacterized protein [Marseillevirus LCMAC103]	Marseillevirus LCMAC103	Blastx
SRR14574591	NODE_14448_length_416_cov_92.827676	96.6	416	117	0.504274	3.76e-35	acc|GENBANK|QDH76138.1|GENBANK|MK948413|putative gag protein [Porcine endogenous retrovirus]	Porcine endogenous retrovirus	Blastx
SRR14574591	NODE_2369_length_639_cov_6.196370	48.4	639	942	0.162420	3.90e-35	acc|GENBANK|XAO13377.1|GENBANK|PP130629|DNA polymerase catalytic subunit [Mantoniella tinhauana virus 1]	Mantoniella tinhauana virus 1	Blastx
SRR14574591	NODE_15346_length_1612_cov_43.769474	31.2	1612	499	0.597194	3.99e-35	acc|GENBANK|CCQ71356.1|GENBANK|HF586477|hypothetical E3 ubiquitin-protein ligase ARI [Cotesia congregata]	Cotesia congregata	Blastx
SRR14574591	NODE_7721_length_900_cov_3.728950	31.6	900	403	0.714640	4.60e-35	acc|GENBANK|AYV82314.1|GENBANK|MK072360|translation initiation factor 4A-III [Homavirus sp.]	Homavirus sp.	Blastx
SRR14574591	NODE_93_length_829_cov_6.060302	51.2	829	144	0.881944	5.46e-35	acc|GENBANK|QBK85618.1|GENBANK|MK500327|nucleoside diphosphate kinase [Marseillevirus LCMAC101]	Marseillevirus LCMAC101	Blastx
SRR14574591	NODE_9938_length_631_cov_6.782609	73.9	631	489	0.179959	6.14e-35	acc|GENBANK|AAK84471.1|GENBANK|AF275345|putative permease [Solanum lycopersicum]	Solanum lycopersicum	Blastx
SRR14574591	NODE_30092_length_840_cov_2.661710	38.2	840	204	0.848039	6.21e-35	acc|GENBANK|ARF08647.1|GENBANK|KY684083|phosphoribulokinase / Uridine kinase family [Catovirus CTV1]	Catovirus CTV1	Blastx
SRR14574591	NODE_9262_length_1406_cov_17.198835	32.3	1406	353	0.878187	6.76e-35	acc|GENBANK|QBK89257.1|GENBANK|MK500410|protein phosphatase 2C [Mimivirus LCMiAC02]	Mimivirus LCMiAC02	Blastx
SRR14574591	NODE_8028_length_853_cov_6.331707	34.9	853	477	0.637317	6.88e-35	acc|GENBANK|AYV78014.1|GENBANK|MK072068|elongation factor 1 alpha long form [Edafosvirus sp.]	Edafosvirus sp.	Blastx
SRR14574591	NODE_27756_length_783_cov_1.904000	37.2	783	925	0.235676	7.08e-35	acc|GENBANK|ABY48139.1|GENBANK|EU306659|NORK [Medicago truncatula]	Medicago truncatula	Blastx
SRR14574591	NODE_15286_length_1520_cov_16.441157	31.8	1520	293	0.986348	8.39e-35	acc|GENBANK|QFG75012.1|GENBANK|MN448296|protein kinase domain protein [Megaviridae environmental sample]	Megaviridae environmental sample	Blastx
SRR14574591	NODE_20656_length_300_cov_2.453184	62.9	300	1359	0.071376	8.74e-35	acc|GENBANK|ABD78322.1|GENBANK|DQ381432|polyprotein [Primula vulgaris]	Primula vulgaris	Blastx
SRR14574591	NODE_24703_length_724_cov_2.244573	33.3	724	493	0.432049	8.94e-35	acc|GENBANK|QIG59668.1|GENBANK|MN940578|putative ABC-1 domain protein [Dishui Lake phycodnavirus 3]	Dishui Lake phycodnavirus 3	Blastx
SRR14574591	NODE_15287_length_1022_cov_8.333670	32.7	1022	368	0.864130	9.25e-35	acc|GENBANK|QFG73671.1|GENBANK|MN448266|peptidase family M20/M25/M40 [Megaviridae environmental sample]	Megaviridae environmental sample	Blastx
SRR14574591	NODE_42089_length_230_cov_1.187817	81.6	230	759	0.100132	1.02e-34	acc|GENBANK|ACN78962.1|GENBANK|FJ225394|methyltransferase [Glycine max]	Glycine max	Blastx
SRR14574591	NODE_7870_length_365_cov_3.343373	56.2	365	819	0.147741	1.03e-34	acc|GENBANK|QKF94107.1|GENBANK|MT418680|eukaryotic translation elongation factor 2 [Fadolivirus FV1/VV64]	Fadolivirus FV1/VV64	Blastx
SRR14574591	NODE_49425_length_278_cov_1.906122	68.5	278	245	0.375510	1.13e-34	acc|GENBANK|AEV22379.1|GENBANK|JN969602|VRN1 [Lolium perenne]	Lolium perenne	Blastx
SRR14574591	NODE_6028_length_827_cov_3.073048	38.1	827	274	0.861314	1.21e-34	acc|GENBANK|AYV76207.1|GENBANK|MK071983|hypothetical protein [Terrestrivirus sp.]	Terrestrivirus sp.	Blastx
SRR14574591	NODE_184_length_479_cov_4.569507	46.0	479	334	0.449102	1.26e-34	acc|GENBANK|QBK91883.1|GENBANK|MK500566|GDP-mannose 4,6 dehydratase [Pithovirus LCPAC304]	Pithovirus LCPAC304	Blastx
SRR14574591	NODE_13166_length_1017_cov_23.654472	39.7	1017	294	0.676871	1.35e-34	acc|GENBANK|BDT62159.1|GENBANK|LC738872|bax inhibitor 1-like protein [Litopenaeus vannamei majanivirus Nimav-1_LVa]	Litopenaeus vannamei majanivirus Nimav-1_LVa	Blastx
SRR14574591	NODE_45493_length_249_cov_1.083333	77.8	249	760	0.106579	1.37e-34	acc|GENBANK|QFG74349.1|GENBANK|MN448286|Hsp90 protein [Megaviridae environmental sample]	Megaviridae environmental sample	Blastx
SRR14574591	NODE_17658_length_560_cov_3.121442	48.3	560	1196	0.143813	1.40e-34	acc|GENBANK|QBK88182.1|GENBANK|MK500377|CobB/CobQ-like glutamine amidotransferase domain [Marseillevirus LCMAC202]	Marseillevirus LCMAC202	Blastx
SRR14574591	NODE_2215_length_844_cov_3.495684	37.9	844	383	0.668407	1.40e-34	acc|GENBANK|ARF12201.1|GENBANK|KY684111|serine/threonine protein kinase [Klosneuvirus KNV1]	Klosneuvirus KNV1	Blastx
SRR14574591	NODE_7037_length_442_cov_3.325183	50.8	442	557	0.236984	1.40e-34	acc|GENBANK|WGU26825.1|GENBANK|OQ503488|putative acyl-activating enzyme 5 [Triticum monococcum]	Triticum monococcum	Blastx
SRR14574591	NODE_13349_length_775_cov_13.823450	34.4	775	383	0.644909	1.42e-34	acc|GENBANK|AJA91762.1|GENBANK|KM434202|dihydroflavonol 4-reductase [Allium cepa]	Allium cepa	Blastx
SRR14574591	NODE_2063_length_1101_cov_143.823970	43.7	1101	198	0.797980	1.60e-34	acc|REFSEQ|NP_955110.1|REFSEQ|NC_005309|CNPV087 putative glutathione peroxidase [Canarypox virus]	Canarypox virus	Blastx
SRR14574591	NODE_10370_length_878_cov_2.160947	34.2	878	253	0.936759	1.60e-34	acc|GENBANK|QFG74715.1|GENBANK|MN448290|triosephosphate isomerase [Megaviridae environmental sample]	Megaviridae environmental sample	Blastx
SRR14574591	NODE_14586_length_1155_cov_17.664884	30.7	1155	365	0.956164	1.75e-34	acc|GENBANK|QBK92234.1|GENBANK|MK500569|chaperone protein [Pithovirus LCPAC304]	Pithovirus LCPAC304	Blastx
SRR14574591	NODE_13406_length_581_cov_1.945255	41.8	581	2037	0.081001	1.87e-34	acc|GENBANK|ABG37663.1|GENBANK|DQ536170|CCHC-type integrase [Populus trichocarpa]	Populus trichocarpa	Blastx
SRR14574591	NODE_51483_length_406_cov_1.252011	54.9	406	476	0.279412	1.97e-34	acc|GENBANK|QPI16652.1|GENBANK|MW030591|serine endoprotease [Virus NIOZ-UU159]	Virus NIOZ-UU159	Blastx
SRR14574591	NODE_12457_length_584_cov_1.976407	57.9	584	475	0.240000	2.19e-34	acc|GENBANK|ARF12356.1|GENBANK|KY684112|fructose-1,6-bisphosphatase [Klosneuvirus KNV1]	Klosneuvirus KNV1	Blastx
SRR14574591	NODE_14014_length_1984_cov_3.574577	29.9	1984	729	0.536351	2.26e-34	acc|GENBANK|AYV85525.1|GENBANK|MK072457|glycosyl hydrolase family 18 [Satyrvirus sp.]	Satyrvirus sp.	Blastx
SRR14574591	NODE_15539_length_569_cov_28.880597	85.3	569	189	0.396825	2.28e-34	acc|REFSEQ|YP_009465730.1|REFSEQ|NC_037057|hypothetical protein [Dishui lake phycodnavirus 1]	Dishui lake phycodnavirus 1	Blastx
SRR14574591	NODE_13820_length_440_cov_10.921376	63.8	440	193	0.487047	2.29e-34	acc|REFSEQ|YP_009481299.1|REFSEQ|NC_037665|Histone H2B domain containing protein [Pandoravirus macleodensis]	Pandoravirus macleodensis	Blastx
SRR14574591	NODE_6965_length_1045_cov_2.084980	33.1	1045	925	0.274595	2.31e-34	acc|GENBANK|ABY48139.1|GENBANK|EU306659|NORK [Medicago truncatula]	Medicago truncatula	Blastx
SRR14574591	NODE_279_length_639_cov_4.724422	38.9	639	1793	0.107641	2.71e-34	acc|GENBANK|CCQ71366.1|GENBANK|HF586479|hypothetical serine/threonine protein kinase [Cotesia congregata]	Cotesia congregata	Blastx
SRR14574591	NODE_12401_length_1772_cov_17.259919	32.8	1772	478	0.612971	2.74e-34	acc|GENBANK|QBK86272.1|GENBANK|MK500334|cyclin-dependent protein kinase [Marseillevirus LCMAC102]	Marseillevirus LCMAC102	Blastx
SRR14574591	NODE_15420_length_916_cov_3.164213	41.9	916	198	0.808081	2.84e-34	acc|REFSEQ|NP_955110.1|REFSEQ|NC_005309|CNPV087 putative glutathione peroxidase [Canarypox virus]	Canarypox virus	Blastx
SRR14574591	NODE_4678_length_662_cov_2.513514	52.6	662	511	0.301370	2.96e-34	acc|GENBANK|AGL44353.1|GENBANK|JX392395|reverse transcriptase-like domain-containing RBR [Glycine max]	Glycine max	Blastx
SRR14574591	NODE_42543_length_232_cov_1.175879	80.5	232	686	0.112245	3.25e-34	acc|GENBANK|WNO13952.1|GENBANK|OQ968299|coat protein [Guapo partitivirus]	Guapo partitivirus	Blastx
SRR14574591	NODE_3764_length_269_cov_2.440678	67.4	269	586	0.151877	3.39e-34	acc|GENBANK|XHR79381.1|GENBANK|PQ359806|hypothetical protein [Micromonas commoda virus]	Micromonas commoda virus	Blastx
SRR14574591	NODE_7818_length_454_cov_5.783848	54.8	454	620	0.167742	3.52e-34	acc|GENBANK|USH99765.1|GENBANK|ON752135|putative retrotransposon protein, Ty3-gypsy [Oryza sativa Japonica Group]	Oryza sativa Japonica Group	Blastx
SRR14574591	NODE_17519_length_434_cov_1.436409	49.3	434	2037	0.071674	3.71e-34	acc|GENBANK|ABG37663.1|GENBANK|DQ536170|CCHC-type integrase [Populus trichocarpa]	Populus trichocarpa	Blastx
SRR14574591	NODE_14967_length_2010_cov_52.117855	61.0	2010	128	0.921875	3.80e-34	acc|GENBANK|CAA42007.1|GENBANK|X59357|Epstein-Barr virus small RNA associated protein [Homo sapiens]	Homo sapiens	Blastx
SRR14574591	NODE_34_length_695_cov_5.250755	42.9	695	198	0.787879	3.96e-34	acc|REFSEQ|NP_955110.1|REFSEQ|NC_005309|CNPV087 putative glutathione peroxidase [Canarypox virus]	Canarypox virus	Blastx
SRR14574591	NODE_5698_length_487_cov_3.486784	63.2	487	133	0.654135	4.10e-34	acc|GENBANK|AYV76296.1|GENBANK|MK071983|putative autophagy-related protein 8a isoform [Terrestrivirus sp.]	Terrestrivirus sp.	Blastx
SRR14574591	NODE_15518_length_945_cov_41.092105	38.9	945	325	0.593846	4.12e-34	acc|GENBANK|QBK87870.1|GENBANK|MK500370|uncharacterized protein [Marseillevirus LCMAC202]	Marseillevirus LCMAC202	Blastx
SRR14574591	NODE_47508_length_262_cov_1.021834	63.8	262	449	0.209354	4.22e-34	acc|GENBANK|ARF12105.1|GENBANK|KY684110|alanyl-tRNA synthetase [Klosneuvirus KNV1]	Klosneuvirus KNV1	Blastx
SRR14574591	NODE_462_length_1564_cov_35.032658	31.8	1564	3125	0.107840	4.61e-34	acc|GENBANK|ADQ91338.1|GENBANK|HM004430|hypothetical protein [Bathycoccus sp. RCC1105 virus BpV2]	Bathycoccus sp. RCC1105 virus BpV2	Blastx
SRR14574591	NODE_14503_length_583_cov_22.101818	58.3	583	423	0.255319	5.47e-34	acc|GENBANK|CAA38181.1|GENBANK|X54284|phosphoglycerate kinase [Trichoderma viride]	Trichoderma viride	Blastx
SRR14574591	NODE_269_length_1294_cov_5.354481	34.9	1294	925	0.312432	6.16e-34	acc|GENBANK|ABY48139.1|GENBANK|EU306659|NORK [Medicago truncatula]	Medicago truncatula	Blastx
SRR14574591	NODE_10588_length_505_cov_5.014831	55.0	505	349	0.318052	6.48e-34	acc|GENBANK|ARF09023.1|GENBANK|KY684083|replication factor C small subunit [Catovirus CTV1]	Catovirus CTV1	Blastx
SRR14574591	NODE_16945_length_540_cov_3.163708	64.2	540	471	0.201699	6.73e-34	acc|REFSEQ|YP_009553220.1|REFSEQ|NC_040712|ORF4 [Dioscorea nummularia-associated virus]	Dioscorea nummularia-associated virus	Blastx
SRR14574591	NODE_9015_length_1763_cov_7.429480	33.6	1763	478	0.635983	6.75e-34	acc|GENBANK|QBK86272.1|GENBANK|MK500334|cyclin-dependent protein kinase [Marseillevirus LCMAC102]	Marseillevirus LCMAC102	Blastx
SRR14574591	NODE_12649_length_844_cov_25.644883	36.5	844	171	0.912281	7.70e-34	acc|REFSEQ|YP_009001589.1|REFSEQ|NC_023426|translation initiation factor elF-4e [Alphaentomopoxvirus acuprea]	Alphaentomopoxvirus acuprea	Blastx
SRR14574591	NODE_7070_length_484_cov_84.829268	47.8	484	383	0.355091	9.48e-34	acc|GENBANK|AJA91762.1|GENBANK|KM434202|dihydroflavonol 4-reductase [Allium cepa]	Allium cepa	Blastx
SRR14574591	NODE_8177_length_773_cov_4.572973	39.8	773	299	0.655518	1.00e-33	acc|GENBANK|QRE02559.1|GENBANK|MN545489|hypothetical protein [Otarine gammaherpesvirus 4]	Otarine gammaherpesvirus 4	Blastx
SRR14574591	NODE_10260_length_921_cov_8.411036	36.8	921	522	0.457854	1.15e-33	acc|GENBANK|QPI16279.1|GENBANK|MW030549|hypothetical protein [Virus NIOZ-UU157]	Virus NIOZ-UU157	Blastx
SRR14574591	NODE_6833_length_424_cov_3.687980	72.5	424	208	0.384615	1.15e-33	acc|GENBANK|QKF93852.1|GENBANK|MT418680|Hsp70 protein [Fadolivirus FV1/VV64]	Fadolivirus FV1/VV64	Blastx
SRR14574591	NODE_44196_length_241_cov_1.201923	72.5	241	430	0.186047	1.30e-33	acc|REFSEQ|YP_654431.1|REFSEQ|NC_008168|hypothetical protein [Choristoneura fumiferana granulovirus]	Choristoneura fumiferana granulovirus	Blastx
SRR14574591	NODE_23319_length_241_cov_3.966346	89.7	241	127	0.535433	1.43e-33	acc|GENBANK|QZB49175.1|GENBANK|MZ645207|histone H4-like protein [Cotesia vestalis bracovirus]	Cotesia vestalis bracovirus	Blastx
SRR14574591	NODE_18631_length_346_cov_1.635783	52.9	346	697	0.173601	1.56e-33	acc|REFSEQ|YP_010781946.1|REFSEQ|NC_075039|catalase [Tupanvirus soda lake]	Tupanvirus soda lake	Blastx
SRR14574591	NODE_9074_length_1401_cov_7.516082	36.6	1401	1506	0.163347	1.57e-33	acc|REFSEQ|YP_009001498.1|REFSEQ|NC_023426|ABC transporter [Alphaentomopoxvirus acuprea]	Alphaentomopoxvirus acuprea	Blastx
SRR14574591	NODE_4699_length_230_cov_3.096447	82.9	230	282	0.269504	1.58e-33	acc|GENBANK|AAL14448.1|GENBANK|AF397035|heat shock protein Hsc70t [Mus musculus]	Mus musculus	Blastx
SRR14574591	NODE_14275_length_1101_cov_4.669476	32.0	1101	604	0.594371	1.60e-33	acc|GENBANK|ABH08432.1|GENBANK|DQ851167|putative non-inducible immunity 1 [Beta vulgaris]	Beta vulgaris	Blastx
SRR14574591	NODE_20375_length_310_cov_1.599278	78.9	310	214	0.331776	1.80e-33	acc|GENBANK|UZE89726.1|GENBANK|ON704650|hypothetical protein [Parapoynx stagnalis nucleopolyhedrovirus]	Parapoynx stagnalis nucleopolyhedrovirus	Blastx
SRR14574591	NODE_13204_length_2388_cov_27.806794	37.0	2388	1580	0.138608	1.93e-33	acc|GENBANK|WIL03466.1|GENBANK|OQ413576|serine/threonine kinase [Cedratvirus plubellavi]	Cedratvirus plubellavi	Blastx
SRR14574591	NODE_12723_length_244_cov_38.630332	82.4	244	112	0.607143	1.93e-33	acc|GENBANK|QDH87640.1|GENBANK|MN033519|hypothetical protein [Mitovirus sp.]	Mitovirus sp.	Blastx
SRR14574591	NODE_15176_length_244_cov_35.772512	82.4	244	112	0.607143	1.93e-33	acc|GENBANK|QDH87640.1|GENBANK|MN033519|hypothetical protein [Mitovirus sp.]	Mitovirus sp.	Blastx
SRR14574591	NODE_8025_length_869_cov_11.106459	33.1	869	459	0.514161	2.27e-33	acc|GENBANK|BBI30359.1|GENBANK|AP018495|beta-galactosidase [Acanthamoeba castellanii medusavirus J1]	Acanthamoeba castellanii medusavirus J1	Blastx
SRR14574591	NODE_15058_length_640_cov_38.118616	37.4	640	357	0.613445	2.43e-33	acc|GENBANK|ABB29305.1|GENBANK|DQ219419|NADPH-dependent reductase [Zea mays]	Zea mays	Blastx
SRR14574591	NODE_20588_length_343_cov_1.432258	52.7	343	1472	0.076087	2.52e-33	acc|GENBANK|AAL68641.1|GENBANK|AF458765|polyprotein [Oryza sativa Japonica Group]	Oryza sativa Japonica Group	Blastx
SRR14574591	NODE_5584_length_326_cov_3.126280	57.0	326	546	0.183150	2.75e-33	acc|GENBANK|ACB28471.1|GENBANK|EU522674|polyprotein [Ananas comosus]	Ananas comosus	Blastx
SRR14574591	NODE_26823_length_598_cov_2.591150	40.7	598	356	0.407303	2.98e-33	acc|GENBANK|AUF82658.1|GENBANK|KY322437|histidine decarboxylase [Tetraselmis virus 1]	Tetraselmis virus 1	Blastx
SRR14574591	NODE_45896_length_251_cov_3.128440	94.8	251	64	0.906250	3.06e-33	acc|GENBANK|AAK62473.1|GENBANK|AY032741|heat shock protein Hsp70Ab [Drosophila melanogaster]	Drosophila melanogaster	Blastx
SRR14574591	NODE_1654_length_549_cov_76.472868	78.3	549	85	0.976471	3.29e-33	acc|GENBANK|ABY48140.1|GENBANK|EU306659|BRICK1 [Medicago truncatula]	Medicago truncatula	Blastx
SRR14574591	NODE_8074_length_656_cov_3.930979	40.7	656	925	0.191351	3.44e-33	acc|GENBANK|ABY48139.1|GENBANK|EU306659|NORK [Medicago truncatula]	Medicago truncatula	Blastx
SRR14574591	NODE_44255_length_242_cov_1.119617	69.6	242	514	0.153696	3.44e-33	acc|REFSEQ|YP_010802505.1|REFSEQ|NC_077025|DNA photolyase 2 [Chrysodeixis includens nucleopolyhedrovirus]	Chrysodeixis includens nucleopolyhedrovirus	Blastx
SRR14574591	NODE_41572_length_227_cov_1.206186	74.7	227	258	0.290698	3.47e-33	acc|GENBANK|WMV02893.1|GENBANK|OP630990|alpha-tubulin [Diderma spumarioides]	Diderma spumarioides	Blastx
SRR14574591	NODE_16451_length_326_cov_2.651877	58.4	326	2037	0.049583	3.73e-33	acc|GENBANK|ABG37663.1|GENBANK|DQ536170|CCHC-type integrase [Populus trichocarpa]	Populus trichocarpa	Blastx
SRR14574591	NODE_9407_length_797_cov_6.308901	38.3	797	238	0.899160	4.37e-33	acc|GENBANK|QBK90962.1|GENBANK|MK500504|metal dependent phosphohydrolase [Pithovirus LCPAC201]	Pithovirus LCPAC201	Blastx
SRR14574591	NODE_38651_length_213_cov_1.300000	95.7	213	728	0.096154	4.68e-33	acc|GENBANK|QFR35755.1|GENBANK|MK737813|phytochrome B [Chandrasekharania keralensis]	Chandrasekharania keralensis	Blastx
SRR14574591	NODE_7238_length_558_cov_2.693333	43.3	558	291	0.587629	5.44e-33	acc|GENBANK|AEG78356.1|GENBANK|HQ441055|reverse transcriptase-like protein [Epinephelus coioides]	Epinephelus coioides	Blastx
SRR14574591	NODE_48162_length_267_cov_1.000000	70.1	267	933	0.093248	5.80e-33	acc|GENBANK|AAL68644.1|GENBANK|AF458768|polyprotein [Oryza sativa Japonica Group]	Oryza sativa Japonica Group	Blastx
SRR14574591	NODE_9662_length_1045_cov_4.514822	37.9	1045	833	0.291717	6.09e-33	acc|GENBANK|CCQ71385.1|GENBANK|HF586480|hypothetical Homeodomain-interacting protein [Cotesia congregata]	Cotesia congregata	Blastx
SRR14574591	NODE_227_length_669_cov_3.165094	38.6	669	727	0.295736	6.24e-33	acc|GENBANK|ADB85269.1|GENBANK|GQ252805|putative lectin-like protein kinase [Phyllostachys edulis]	Phyllostachys edulis	Blastx
SRR14574591	NODE_14250_length_571_cov_8.923792	50.4	571	604	0.220199	6.28e-33	acc|GENBANK|ABH08432.1|GENBANK|DQ851167|putative non-inducible immunity 1 [Beta vulgaris]	Beta vulgaris	Blastx
SRR14574591	NODE_50651_length_357_cov_3.250000	53.0	357	331	0.353474	6.28e-33	acc|GENBANK|AYV78159.1|GENBANK|MK072071|UDP-glucose 4-epimerase GalE [Edafosvirus sp.]	Edafosvirus sp.	Blastx
SRR14574591	NODE_19572_length_373_cov_1.947059	57.4	373	340	0.338235	6.44e-33	acc|GENBANK|AAK84481.1|GENBANK|AF275345|unknown [Solanum lycopersicum]	Solanum lycopersicum	Blastx
SRR14574591	NODE_14314_length_767_cov_15.377384	52.1	767	330	0.366667	7.13e-33	acc|GENBANK|QBK87492.1|GENBANK|MK500354|beta-propeller fold protein [Marseillevirus LCMAC201]	Marseillevirus LCMAC201	Blastx
SRR14574591	NODE_16860_length_247_cov_2.046729	78.8	247	558	0.143369	7.40e-33	acc|GENBANK|QOR60244.1|GENBANK|MK522034|hypothetical protein [Bathycoccus sp. RCC716 virus 1]	Bathycoccus sp. RCC716 virus 1	Blastx
SRR14574591	NODE_30180_length_792_cov_5.760211	36.8	792	506	0.397233	7.55e-33	acc|GENBANK|QBK92268.1|GENBANK|MK500571|putative serine/threonine protein kinase [Pithovirus LCPAC304]	Pithovirus LCPAC304	Blastx
SRR14574591	NODE_27637_length_458_cov_5.141176	58.8	458	299	0.341137	7.83e-33	acc|GENBANK|UOG94093.1|NEIGHBOR|OM876856|serine threonine-protein phosphatase [Aureococcus anophagefferens virus]	Aureococcus anophagefferens virus	Blastx
SRR14574591	NODE_15246_length_1445_cov_8.009207	35.3	1445	353	0.770538	7.88e-33	acc|GENBANK|AYV84281.1|GENBANK|MK072403|hypothetical protein [Hyperionvirus sp.]	Hyperionvirus sp.	Blastx
SRR14574591	NODE_914_length_1565_cov_74.046345	37.9	1565	186	1.048387	7.92e-33	acc|GENBANK|WIF15735.1|GENBANK|OQ540738|citrate synthase [Candidatus Rickettsia tarasevichiae]	Candidatus Rickettsia tarasevichiae	Blastx
SRR14574591	NODE_26198_length_625_cov_2.089527	40.3	625	925	0.228108	8.52e-33	acc|GENBANK|ABY48139.1|GENBANK|EU306659|NORK [Medicago truncatula]	Medicago truncatula	Blastx
SRR14574591	NODE_12685_length_2485_cov_8.305465	24.8	2485	1506	0.399070	9.13e-33	acc|REFSEQ|YP_009001498.1|REFSEQ|NC_023426|ABC transporter [Alphaentomopoxvirus acuprea]	Alphaentomopoxvirus acuprea	Blastx
SRR14574591	NODE_102_length_1664_cov_6.723483	31.9	1664	395	0.665823	9.51e-33	acc|GENBANK|AYV79137.1|GENBANK|MK072134|serine/threonine protein kinase [Faunusvirus sp.]	Faunusvirus sp.	Blastx
SRR14574591	NODE_723_length_1479_cov_13.928769	45.8	1479	325	0.590769	9.95e-33	acc|GENBANK|ABY48134.1|GENBANK|EU306659|bHLH transcription factor [Medicago truncatula]	Medicago truncatula	Blastx
SRR14574591	NODE_30813_length_677_cov_5.489130	35.0	677	925	0.256216	1.09e-32	acc|GENBANK|ABY48139.1|GENBANK|EU306659|NORK [Medicago truncatula]	Medicago truncatula	Blastx
SRR14574591	NODE_13311_length_1848_cov_44.462810	29.2	1848	422	0.867299	1.13e-32	acc|GENBANK|QDY52462.1|GENBANK|MK250094|aminotransferase class-III protein [Mimiviridae sp. ChoanoV1]	Mimiviridae sp. ChoanoV1	Blastx
SRR14574591	NODE_50613_length_352_cov_2.200627	54.4	352	490	0.210204	1.19e-32	acc|GENBANK|QBK92743.1|GENBANK|MK500581|uncharacterized protein [Pithovirus LCPAC401]	Pithovirus LCPAC401	Blastx
SRR14574591	NODE_25182_length_433_cov_2.387500	44.7	433	202	0.653465	1.24e-32	acc|GENBANK|CCQ71376.1|GENBANK|HF586479|hypothetical peptidase PPPDE-like [Cotesia congregata]	Cotesia congregata	Blastx
SRR14574591	NODE_5536_length_754_cov_3.389736	43.3	754	179	0.837989	1.31e-32	acc|GENBANK|AYV77848.1|GENBANK|MK072067|peptide-methionine (S)-S-oxide reductase [Edafosvirus sp.]	Edafosvirus sp.	Blastx
SRR14574591	NODE_1489_length_1213_cov_26.665254	55.0	1213	382	0.285340	1.33e-32	acc|GENBANK|AAB31930.2|GENBANK|S74099|v-myb product [Avian myeloblastosis virus]	Avian myeloblastosis virus	Blastx
SRR14574591	NODE_43691_length_238_cov_1.141463	84.6	238	1476	0.052846	1.34e-32	acc|GENBANK|ABQ44355.1|GENBANK|EF562447|polyprotein [Zea mays]	Zea mays	Blastx
SRR14574591	NODE_800_length_2584_cov_10.025088	25.9	2584	1083	0.473684	1.39e-32	acc|GENBANK|AAB62532.1|GENBANK|AF001075|gag-v-phosphoinositide 3-kinase catalytic [Avian sarcoma virus 16]	Avian sarcoma virus 16	Blastx
SRR14574591	NODE_1374_length_815_cov_103.184143	34.8	815	225	0.920000	1.44e-32	acc|GENBANK|AYV75266.1|GENBANK|MK071979|putative elongation factor 1-gamma-A-like [Terrestrivirus sp.]	Terrestrivirus sp.	Blastx
SRR14574591	NODE_3376_length_409_cov_1.864362	53.3	409	476	0.287815	1.51e-32	acc|GENBANK|QPI16652.1|GENBANK|MW030591|serine endoprotease [Virus NIOZ-UU159]	Virus NIOZ-UU159	Blastx
SRR14574591	NODE_17018_length_464_cov_1.689095	51.0	464	1508	0.101459	1.61e-32	acc|GENBANK|CAJ00274.1|GENBANK|AJ966991|hypothetical protein [Lotus japonicus]	Lotus japonicus	Blastx
SRR14574591	NODE_9802_length_2059_cov_6.662883	30.5	2059	310	0.900000	1.71e-32	acc|GENBANK|AYV86922.1|GENBANK|MK072520|hypothetical protein [Sylvanvirus sp.]	Sylvanvirus sp.	Blastx
SRR14574591	NODE_8135_length_719_cov_4.330904	38.0	719	718	0.267409	1.88e-32	acc|GENBANK|AYV82053.1|GENBANK|MK072335|HrpA-like RNA helicase [Homavirus sp.]	Homavirus sp.	Blastx
SRR14574591	NODE_46708_length_256_cov_0.991031	73.5	256	385	0.215584	2.33e-32	acc|GENBANK|UUT40455.1|GENBANK|ON887238|hypothetical protein [carnivorous sponge associated iridovirus]	carnivorous sponge associated iridovirus	Blastx
SRR14574591	NODE_43951_length_240_cov_1.130435	84.5	240	760	0.093421	2.47e-32	acc|GENBANK|QFG74349.1|GENBANK|MN448286|Hsp90 protein [Megaviridae environmental sample]	Megaviridae environmental sample	Blastx
SRR14574591	NODE_12105_length_806_cov_127.948254	46.2	806	366	0.390710	2.91e-32	acc|GENBANK|ARF12215.1|GENBANK|KY684111|phosphoribosyl transferase [Klosneuvirus KNV1]	Klosneuvirus KNV1	Blastx
SRR14574591	NODE_12976_length_619_cov_48.691126	53.1	619	135	0.711111	3.02e-32	acc|GENBANK|AYV86947.1|GENBANK|MK072521|e3 ubiquitin-protein ligase rbx1 [Sylvanvirus sp.]	Sylvanvirus sp.	Blastx
SRR14574591	NODE_50367_length_332_cov_1.565217	51.8	332	248	0.443548	3.14e-32	acc|GENBANK|AYV80707.1|GENBANK|MK072247|hypothetical protein [Harvfovirus sp.]	Harvfovirus sp.	Blastx
SRR14574591	NODE_614_length_1838_cov_93.920222	31.7	1838	478	0.612971	3.55e-32	acc|GENBANK|QBK86272.1|GENBANK|MK500334|cyclin-dependent protein kinase [Marseillevirus LCMAC102]	Marseillevirus LCMAC102	Blastx
SRR14574591	NODE_8691_length_712_cov_3.939617	33.8	712	293	0.819113	4.00e-32	acc|GENBANK|QFG75012.1|GENBANK|MN448296|protein kinase domain protein [Megaviridae environmental sample]	Megaviridae environmental sample	Blastx
SRR14574591	NODE_15226_length_1000_cov_139.477766	34.5	1000	171	0.964912	4.28e-32	acc|REFSEQ|YP_009001589.1|REFSEQ|NC_023426|translation initiation factor elF-4e [Alphaentomopoxvirus acuprea]	Alphaentomopoxvirus acuprea	Blastx
SRR14574591	NODE_2930_length_788_cov_32.603974	41.3	788	299	0.575251	4.77e-32	acc|GENBANK|UOG94093.1|NEIGHBOR|OM876856|serine threonine-protein phosphatase [Aureococcus anophagefferens virus]	Aureococcus anophagefferens virus	Blastx
SRR14574591	NODE_30477_length_467_cov_3.103687	55.1	467	299	0.357860	4.81e-32	acc|GENBANK|UOG94093.1|NEIGHBOR|OM876856|serine threonine-protein phosphatase [Aureococcus anophagefferens virus]	Aureococcus anophagefferens virus	Blastx
SRR14574591	NODE_36912_length_204_cov_1.368421	77.9	204	1281	0.053084	5.40e-32	acc|GENBANK|AAA67727.1|GENBANK|U15647|reverse transcriptase [Mus musculus domesticus]	Mus musculus domesticus	Blastx
SRR14574591	NODE_18917_length_609_cov_3.074653	40.5	609	198	0.797980	5.82e-32	acc|REFSEQ|NP_955110.1|REFSEQ|NC_005309|CNPV087 putative glutathione peroxidase [Canarypox virus]	Canarypox virus	Blastx
SRR14574591	NODE_13351_length_1166_cov_19.556929	33.3	1166	299	0.973244	6.62e-32	acc|GENBANK|QBK91775.1|GENBANK|MK500565|mitochondrial carrier-like protein [Pithovirus LCPAC304]	Pithovirus LCPAC304	Blastx
SRR14574591	NODE_6543_length_655_cov_4.094855	38.9	655	150	0.960000	6.78e-32	acc|GENBANK|QFG74572.1|GENBANK|MN448289|dual specificity phosphatase, catalytic domain [Megaviridae environmental sample]	Megaviridae environmental sample	Blastx
SRR14574591	NODE_13070_length_814_cov_5.386684	36.5	814	196	0.964286	7.25e-32	acc|GENBANK|QKF93917.1|GENBANK|MT418680|adenylate kinase/UMP-CMP kinase [Fadolivirus FV1/VV64]	Fadolivirus FV1/VV64	Blastx
SRR14574591	NODE_30467_length_676_cov_2.382582	33.6	676	686	0.333819	7.29e-32	acc|GENBANK|WNO13952.1|GENBANK|OQ968299|coat protein [Guapo partitivirus]	Guapo partitivirus	Blastx
SRR14574591	NODE_5346_length_251_cov_2.678899	72.9	251	204	0.343137	8.04e-32	acc|GENBANK|AYV75810.1|GENBANK|MK071981|GTP-binding protein ypt1 [Terrestrivirus sp.]	Terrestrivirus sp.	Blastx
SRR14574591	NODE_1449_length_984_cov_100.911672	35.7	984	236	0.902542	8.09e-32	acc|REFSEQ|YP_009163856.1|REFSEQ|NC_027778|ORF_095L [Scale drop disease virus]	Scale drop disease virus	Blastx
SRR14574591	NODE_2822_length_472_cov_15.897494	56.1	472	325	0.329231	8.83e-32	acc|GENBANK|QDH91349.1|GENBANK|MN036178|hypothetical protein [Partitiviridae sp.]	Partitiviridae sp.	Blastx
SRR14574591	NODE_12172_length_1117_cov_53.469557	42.7	1117	543	0.327808	8.86e-32	acc|GENBANK|QFG74725.1|GENBANK|MN448290|phosphoenolpyruvate carboxykinase [Megaviridae environmental sample]	Megaviridae environmental sample	Blastx
SRR14574591	NODE_44617_length_244_cov_1.109005	77.5	244	423	0.189125	9.44e-32	acc|GENBANK|CAA38181.1|GENBANK|X54284|phosphoglycerate kinase [Trichoderma viride]	Trichoderma viride	Blastx
SRR14574591	NODE_8072_length_843_cov_5.441975	30.5	843	654	0.435780	9.66e-32	acc|GENBANK|ATZ81043.1|GENBANK|MF782455|dynamin-like protein [Bodo saltans virus]	Bodo saltans virus	Blastx
SRR14574591	NODE_27772_length_771_cov_6.147696	66.1	771	605	0.272727	9.81e-32	acc|GENBANK|AEV22380.1|GENBANK|JN969602|unknown [Lolium perenne]	Lolium perenne	Blastx
SRR14574591	NODE_25736_length_530_cov_1.782696	45.7	530	299	0.548495	9.98e-32	acc|GENBANK|QRE02559.1|GENBANK|MN545489|hypothetical protein [Otarine gammaherpesvirus 4]	Otarine gammaherpesvirus 4	Blastx
SRR14574591	NODE_6963_length_322_cov_2.688581	58.9	322	520	0.215385	1.06e-31	acc|GENBANK|APO14197.1|GENBANK|KX098475|truncated DELLA protein [Setaria italica]	Setaria italica	Blastx
SRR14574591	NODE_50687_length_360_cov_1.333333	50.0	360	588	0.204082	1.07e-31	acc|GENBANK|QOI90522.1|GENBANK|MT663539|hypothetical protein [Pyramimonas orientalis virus]	Pyramimonas orientalis virus	Blastx
SRR14574591	NODE_3203_length_2138_cov_5.840855	29.7	2138	447	0.722595	1.11e-31	acc|REFSEQ|NP_077596.1|REFSEQ|NC_002687|serine-threonine kinase [Ectocarpus siliculosus virus 1]	Ectocarpus siliculosus virus 1	Blastx
SRR14574591	NODE_4965_length_769_cov_3.785326	41.7	769	202	0.712871	1.12e-31	acc|GENBANK|CCQ71376.1|GENBANK|HF586479|hypothetical peptidase PPPDE-like [Cotesia congregata]	Cotesia congregata	Blastx
SRR14574591	NODE_10541_length_871_cov_6.921241	34.4	871	395	0.544304	1.23e-31	acc|GENBANK|AYV79137.1|GENBANK|MK072134|serine/threonine protein kinase [Faunusvirus sp.]	Faunusvirus sp.	Blastx
SRR14574591	NODE_3943_length_381_cov_1.295977	51.6	381	925	0.136216	1.24e-31	acc|GENBANK|ABY48139.1|GENBANK|EU306659|NORK [Medicago truncatula]	Medicago truncatula	Blastx
SRR14574591	NODE_21663_length_493_cov_1.982609	46.2	493	443	0.322799	1.45e-31	acc|REFSEQ|YP_010782291.1|REFSEQ|NC_075039|alcohol dehydrogenase [Tupanvirus soda lake]	Tupanvirus soda lake	Blastx
SRR14574591	NODE_10312_length_775_cov_7.277628	39.9	775	588	0.336735	1.71e-31	acc|GENBANK|QOI90522.1|GENBANK|MT663539|hypothetical protein [Pyramimonas orientalis virus]	Pyramimonas orientalis virus	Blastx
SRR14574591	NODE_2683_length_449_cov_3.971154	52.3	449	686	0.186589	1.75e-31	acc|GENBANK|WNO13952.1|GENBANK|OQ968299|coat protein [Guapo partitivirus]	Guapo partitivirus	Blastx
SRR14574591	NODE_4452_length_613_cov_2.977586	43.8	613	1715	0.121283	1.77e-31	acc|GENBANK|WDS48439.1|GENBANK|ON798805|essential for potexvirus accumulation 1 [Solanum tuberosum]	Solanum tuberosum	Blastx
SRR14574591	NODE_29707_length_2279_cov_8.570347	57.3	2279	154	0.714286	1.79e-31	acc|GENBANK|AGQ04567.1|GENBANK|KC611146|rice yellow mottle virus 1-like protein [Oryza glumipatula]	Oryza glumipatula	Blastx
SRR14574591	NODE_11654_length_1041_cov_10.923611	40.5	1041	925	0.221622	1.80e-31	acc|GENBANK|ABY48139.1|GENBANK|EU306659|NORK [Medicago truncatula]	Medicago truncatula	Blastx
SRR14574591	NODE_14984_length_1748_cov_6.938776	29.6	1748	329	1.130699	2.09e-31	acc|REFSEQ|YP_009163849.1|REFSEQ|NC_027778|ORF_088L [Scale drop disease virus]	Scale drop disease virus	Blastx
SRR14574591	NODE_23311_length_784_cov_3.796272	37.4	784	586	0.360068	2.53e-31	acc|GENBANK|XKM46433.1|GENBANK|PQ442261|hypothetical protein [Micromonas commoda virus 20T]	Micromonas commoda virus 20T	Blastx
SRR14574591	NODE_30766_length_809_cov_2.072165	33.1	809	674	0.412463	2.61e-31	acc|GENBANK|AYV83542.1|GENBANK|MK072390|HrpA-like RNA helicase [Hyperionvirus sp.]	Hyperionvirus sp.	Blastx
SRR14574591	NODE_2166_length_1039_cov_9.450298	39.9	1039	180	0.961111	2.85e-31	acc|GENBANK|AKS26367.1|GENBANK|KR095315|putative oligoribonuclease [Diachasmimorpha longicaudata entomopoxvirus]	Diachasmimorpha longicaudata entomopoxvirus	Blastx
SRR14574591	NODE_14685_length_1897_cov_6.560622	43.5	1897	925	0.225946	3.05e-31	acc|GENBANK|ABY48139.1|GENBANK|EU306659|NORK [Medicago truncatula]	Medicago truncatula	Blastx
SRR14574591	NODE_41362_length_226_cov_1.305699	79.7	226	382	0.167539	3.05e-31	acc|GENBANK|AAB31930.2|GENBANK|S74099|v-myb product [Avian myeloblastosis virus]	Avian myeloblastosis virus	Blastx
SRR14574591	NODE_15175_length_1906_cov_24.862787	25.1	1906	448	0.986607	3.22e-31	acc|GENBANK|QQV29731.1|GENBANK|MT334784|hypothetical protein [Kaumoebavirus]	Kaumoebavirus	Blastx
SRR14574591	NODE_51319_length_545_cov_2.017578	45.0	545	595	0.268908	3.86e-31	acc|REFSEQ|YP_001497339.1|REFSEQ|NC_009898|hypothetical protein [Paramecium bursaria Chlorella virus NY2A]	Paramecium bursaria Chlorella virus NY2A	Blastx
SRR14574591	NODE_12593_length_613_cov_1.779310	62.5	613	377	0.254642	4.04e-31	acc|GENBANK|ABB00038.1|GENBANK|DQ070849|reverse transcriptase family member [Glycine max]	Glycine max	Blastx
SRR14574591	NODE_2448_length_2335_cov_24.317116	30.2	2335	642	0.640187	4.09e-31	acc|GENBANK|ARF10282.1|GENBANK|KY684103|dynamin family protein [Hokovirus HKV1]	Hokovirus HKV1	Blastx
SRR14574591	NODE_9573_length_481_cov_7.631696	38.1	481	819	0.195360	4.14e-31	acc|GENBANK|QKF94107.1|GENBANK|MT418680|eukaryotic translation elongation factor 2 [Fadolivirus FV1/VV64]	Fadolivirus FV1/VV64	Blastx
SRR14574591	NODE_14421_length_1750_cov_22.584741	27.9	1750	422	0.966825	4.75e-31	acc|GENBANK|QDY52462.1|GENBANK|MK250094|aminotransferase class-III protein [Mimiviridae sp. ChoanoV1]	Mimiviridae sp. ChoanoV1	Blastx
SRR14574591	NODE_36057_length_200_cov_1.401198	93.9	200	3085	0.021394	5.98e-31	acc|GENBANK|AGH25928.1|NEIGHBOR|KC473517|coat protein [Yam mild mosaic virus]	Yam mild mosaic virus	Blastx
SRR14574591	NODE_29607_length_334_cov_1.411960	54.1	334	1472	0.074049	5.99e-31	acc|GENBANK|AAL68641.1|GENBANK|AF458765|polyprotein [Oryza sativa Japonica Group]	Oryza sativa Japonica Group	Blastx
SRR14574591	NODE_22848_length_568_cov_1.697196	50.4	568	476	0.262605	7.02e-31	acc|GENBANK|QPI16652.1|GENBANK|MW030591|serine endoprotease [Virus NIOZ-UU159]	Virus NIOZ-UU159	Blastx
SRR14574591	NODE_11864_length_2393_cov_11.804661	27.0	2393	379	1.105541	7.08e-31	acc|GENBANK|AAT99858.1|GENBANK|AY598438|unknown [Diachasmimorpha longicaudata entomopoxvirus]	Diachasmimorpha longicaudata entomopoxvirus	Blastx
SRR14574591	NODE_47568_length_262_cov_1.021834	57.0	262	759	0.113307	7.48e-31	acc|GENBANK|ACN78962.1|GENBANK|FJ225394|methyltransferase [Glycine max]	Glycine max	Blastx
SRR14574591	NODE_10439_length_1222_cov_11.345669	35.0	1222	261	1.007663	7.67e-31	acc|GENBANK|AYV79236.1|GENBANK|MK072137|serine/threonine protein phosphatase [Faunusvirus sp.]	Faunusvirus sp.	Blastx
SRR14574591	NODE_44815_length_245_cov_2.207547	59.3	245	492	0.164634	7.67e-31	acc|GENBANK|QKF93763.1|GENBANK|MT418680|prolyl-tRNA synthetase class IIa archaeal-type [Fadolivirus FV1/VV64]	Fadolivirus FV1/VV64	Blastx
SRR14574591	NODE_51293_length_506_cov_1.484144	38.1	506	393	0.427481	8.42e-31	acc|GENBANK|ARF09675.1|GENBANK|KY684086|exodeoxyribonuclease VII large subunit [Indivirus ILV1]	Indivirus ILV1	Blastx
SRR14574591	NODE_49846_length_296_cov_2.669202	64.5	296	329	0.282675	8.68e-31	acc|GENBANK|AFV13459.1|GENBANK|JQ314447|Tac7077 [Tripsacum dactyloides]	Tripsacum dactyloides	Blastx
SRR14574591	NODE_21991_length_511_cov_4.650628	48.4	511	371	0.334232	8.86e-31	acc|GENBANK|WNO13897.1|GENBANK|OQ968270|capsid protein [Berere partitivirus]	Berere partitivirus	Blastx
SRR14574591	NODE_13392_length_1433_cov_5.835714	28.1	1433	467	0.854390	8.98e-31	acc|GENBANK|API81738.1|NEIGHBOR|KU052222|hypothetical protein [Cafeteriavirus-dependent mavirus]	Cafeteriavirus-dependent mavirus	Blastx
SRR14574591	NODE_9471_length_1034_cov_3.947053	37.6	1034	294	0.670068	9.11e-31	acc|GENBANK|BDT62159.1|GENBANK|LC738872|bax inhibitor 1-like protein [Litopenaeus vannamei majanivirus Nimav-1_LVa]	Litopenaeus vannamei majanivirus Nimav-1_LVa	Blastx
SRR14574591	NODE_30912_length_637_cov_2.476821	36.2	637	439	0.478360	9.44e-31	acc|GENBANK|AAK92822.1|GENBANK|AY050885|putative replicase [Arabidopsis thaliana]	Arabidopsis thaliana	Blastx
SRR14574591	NODE_1723_length_235_cov_219.970297	96.4	235	113	0.486726	9.69e-31	acc|GENBANK|QDH76139.1|GENBANK|MK948414|putative gag protein [Porcine endogenous retrovirus]	Porcine endogenous retrovirus	Blastx
SRR14574591	NODE_5544_length_717_cov_3.435673	43.8	717	253	0.632411	9.96e-31	acc|GENBANK|QFG74715.1|GENBANK|MN448290|triosephosphate isomerase [Megaviridae environmental sample]	Megaviridae environmental sample	Blastx
SRR14574591	NODE_29425_length_354_cov_2.074766	75.7	354	75	0.986667	1.10e-30	acc|GENBANK|ABM68560.1|GENBANK|EF026027|retrotransposon protein [Lilium longiflorum]	Lilium longiflorum	Blastx
SRR14574591	NODE_19175_length_260_cov_1.577093	58.1	260	333	0.258258	1.14e-30	acc|GENBANK|AVL94990.1|GENBANK|MG807320|glutamine synthetase [Moumouvirus australiensis]	Moumouvirus australiensis	Blastx
SRR14574591	NODE_5203_length_598_cov_4.617699	44.4	598	391	0.322251	1.18e-30	acc|REFSEQ|YP_009448265.1|REFSEQ|NC_036594|Myristoyl-CoA protein:N-myristoyltransferase [Orpheovirus IHUMI-LCC2]	Orpheovirus IHUMI-LCC2	Blastx
SRR14574591	NODE_839_length_823_cov_71.353165	59.5	823	135	0.622222	1.19e-30	acc|GENBANK|AYV86947.1|GENBANK|MK072521|e3 ubiquitin-protein ligase rbx1 [Sylvanvirus sp.]	Sylvanvirus sp.	Blastx
SRR14574591	NODE_1024_length_254_cov_79.705882	96.4	254	113	0.486726	1.24e-30	acc|GENBANK|QDH76139.1|GENBANK|MK948414|putative gag protein [Porcine endogenous retrovirus]	Porcine endogenous retrovirus	Blastx
SRR14574591	NODE_19825_length_321_cov_1.555556	54.8	321	620	0.167742	1.31e-30	acc|GENBANK|QIG60126.1|GENBANK|MN940580|RNA polymerase II largest subunit [Dishui Lake large algae virus 1]	Dishui Lake large algae virus 1	Blastx
SRR14574591	NODE_2389_length_627_cov_5.166667	42.1	627	613	0.318108	1.46e-30	acc|GENBANK|ADB85401.1|GENBANK|GQ252886|putative pollen-specific kinase [Phyllostachys edulis]	Phyllostachys edulis	Blastx
SRR14574591	NODE_26609_length_644_cov_2.386252	46.9	644	604	0.296358	1.64e-30	acc|GENBANK|ABH08432.1|GENBANK|DQ851167|putative non-inducible immunity 1 [Beta vulgaris]	Beta vulgaris	Blastx
SRR14574591	NODE_4978_length_806_cov_2.765847	42.3	806	202	0.643564	1.70e-30	acc|GENBANK|CCQ71376.1|GENBANK|HF586479|hypothetical peptidase PPPDE-like [Cotesia congregata]	Cotesia congregata	Blastx
SRR14574591	NODE_13487_length_364_cov_2.395770	59.3	364	150	0.573333	1.87e-30	acc|GENBANK|AYV82350.1|GENBANK|MK072366|hypothetical protein [Homavirus sp.]	Homavirus sp.	Blastx
SRR14574591	NODE_4594_length_645_cov_3.408497	35.6	645	527	0.303605	1.92e-30	acc|GENBANK|BAR42588.1|GENBANK|AB743573|gag : akt fusion protein [Feline leukemia virus]	Feline leukemia virus	Blastx
SRR14574591	NODE_2432_length_857_cov_4.515777	37.8	857	1793	0.103179	2.17e-30	acc|GENBANK|CCQ71366.1|GENBANK|HF586479|hypothetical serine/threonine protein kinase [Cotesia congregata]	Cotesia congregata	Blastx
SRR14574591	NODE_10810_length_1256_cov_9.366312	31.5	1256	363	0.787879	2.23e-30	acc|GENBANK|AGU70139.1|GENBANK|KF270090|protein kinase superfamily protein [Tarenaya hassleriana]	Tarenaya hassleriana	Blastx
SRR14574591	NODE_21070_length_446_cov_3.539952	41.1	446	443	0.329571	2.25e-30	acc|REFSEQ|YP_010782291.1|REFSEQ|NC_075039|alcohol dehydrogenase [Tupanvirus soda lake]	Tupanvirus soda lake	Blastx
SRR14574591	NODE_16494_length_341_cov_2.500000	53.3	341	182	0.587912	2.36e-30	acc|REFSEQ|YP_009163818.1|REFSEQ|NC_027778|ORF_057R [Scale drop disease virus]	Scale drop disease virus	Blastx
SRR14574591	NODE_30899_length_250_cov_1.769585	69.5	250	293	0.279863	2.56e-30	acc|GENBANK|ABE02630.1|GENBANK|DQ445236|CBF3 [Hordeum vulgare subsp. vulgare]	Hordeum vulgare subsp. vulgare	Blastx
SRR14574591	NODE_50441_length_339_cov_1.434641	59.8	339	679	0.164948	2.65e-30	acc|GENBANK|QIG60138.1|GENBANK|MN940580|ATP-dependent zinc metalloprotease [Dishui Lake large algae virus 1]	Dishui Lake large algae virus 1	Blastx
SRR14574591	NODE_13102_length_1002_cov_6.286894	34.2	1002	562	0.473310	2.70e-30	acc|REFSEQ|YP_003969937.1|REFSEQ|NC_014637|putative 5'-3' exonuclease [Cafeteria roenbergensis virus BV-PW1]	Cafeteria roenbergensis virus BV-PW1	Blastx
SRR14574591	NODE_1035_length_751_cov_90.639276	51.2	751	299	0.404682	2.75e-30	acc|GENBANK|QRE02559.1|GENBANK|MN545489|hypothetical protein [Otarine gammaherpesvirus 4]	Otarine gammaherpesvirus 4	Blastx
SRR14574591	NODE_40600_length_222_cov_1.238095	98.3	222	221	0.262443	2.75e-30	acc|GENBANK|WWU03978.1|GENBANK|OR798672|polyprotein [Flaviviridae sp.]	Flaviviridae sp.	Blastx
SRR14574591	NODE_28064_length_342_cov_2.401294	79.8	342	189	0.444444	2.96e-30	acc|REFSEQ|YP_009465730.1|REFSEQ|NC_037057|hypothetical protein [Dishui lake phycodnavirus 1]	Dishui lake phycodnavirus 1	Blastx
SRR14574591	NODE_28669_length_447_cov_1.753623	45.7	447	759	0.181818	3.23e-30	acc|GENBANK|ACN78962.1|GENBANK|FJ225394|methyltransferase [Glycine max]	Glycine max	Blastx
SRR14574591	NODE_12806_length_1024_cov_3.781029	33.9	1024	280	0.978571	3.30e-30	acc|GENBANK|QBK87857.1|GENBANK|MK500370|calcineurin-like phosphoesterase [Marseillevirus LCMAC202]	Marseillevirus LCMAC202	Blastx
SRR14574591	NODE_4703_length_589_cov_2.803957	49.5	589	179	0.597765	3.48e-30	acc|GENBANK|AYV77848.1|GENBANK|MK072067|peptide-methionine (S)-S-oxide reductase [Edafosvirus sp.]	Edafosvirus sp.	Blastx
SRR14574591	NODE_45236_length_247_cov_1.093458	63.4	247	379	0.216359	4.09e-30	acc|GENBANK|ADB85364.1|GENBANK|GQ252868|putative alcohol dehydrogenase 2 [Phyllostachys edulis]	Phyllostachys edulis	Blastx
SRR14574591	NODE_42730_length_233_cov_1.645000	71.1	233	1006	0.075547	4.49e-30	acc|GENBANK|QBK88800.1|GENBANK|MK500399|ubiquitin-activating enzyme E1 [Mimivirus LCMiAC01]	Mimivirus LCMiAC01	Blastx
SRR14574591	NODE_16819_length_313_cov_2.989286	62.2	313	571	0.171629	4.65e-30	acc|REFSEQ|YP_009465729.1|REFSEQ|NC_037057|hypothetical protein [Dishui lake phycodnavirus 1]	Dishui lake phycodnavirus 1	Blastx
SRR14574591	NODE_20769_length_769_cov_1.709239	32.2	769	497	0.480885	4.96e-30	acc|GENBANK|AYV83822.1|GENBANK|MK072394|cytochrome P450 704B1 [Hyperionvirus sp.]	Hyperionvirus sp.	Blastx
SRR14574591	NODE_29152_length_583_cov_2.350909	46.8	583	249	0.626506	4.96e-30	acc|GENBANK|QKY77335.1|GENBANK|MT637187|MADS-box transcription factor SHP1.A9 [Brassica napus]	Brassica napus	Blastx
SRR14574591	NODE_19261_length_588_cov_3.717117	33.3	588	278	0.679856	5.19e-30	acc|GENBANK|QBK91651.1|GENBANK|MK500560|putative serine/threonine protein kinase [Pithovirus LCPAC302]	Pithovirus LCPAC302	Blastx
SRR14574591	NODE_26706_length_245_cov_3.221698	67.9	245	143	0.566434	5.24e-30	acc|GENBANK|ADF45977.1|GENBANK|GU976722|reverse transcriptase [Eleocharis acicularis]	Eleocharis acicularis	Blastx
SRR14574591	NODE_6630_length_507_cov_10.373418	56.4	507	360	0.280556	5.34e-30	acc|REFSEQ|YP_008438547.1|REFSEQ|NC_022098|Uracil-DNA glycosylase [Pandoravirus salinus]	Pandoravirus salinus	Blastx
SRR14574591	NODE_14907_length_1016_cov_9.729400	34.4	1016	291	0.859107	5.51e-30	acc|GENBANK|QDY52327.1|GENBANK|MK250090|hypothetical protein [Mimiviridae sp. ChoanoV1]	Mimiviridae sp. ChoanoV1	Blastx
SRR14574591	NODE_16929_length_220_cov_2.165775	75.0	220	224	0.321429	5.67e-30	acc|GENBANK|QDH89109.1|GENBANK|MN034603|hypothetical protein [Picornavirales sp.]	Picornavirales sp.	Blastx
SRR14574591	NODE_50447_length_339_cov_1.147059	49.1	339	508	0.220472	6.05e-30	acc|GENBANK|QIG60124.1|GENBANK|MN940580|DNA-directed RNA polymerase II subunit RPB1 [Dishui Lake large algae virus 1]	Dishui Lake large algae virus 1	Blastx
SRR14574591	NODE_238_length_480_cov_2.384787	51.8	480	759	0.147563	6.56e-30	acc|GENBANK|ACN78962.1|GENBANK|FJ225394|methyltransferase [Glycine max]	Glycine max	Blastx
SRR14574591	NODE_29260_length_696_cov_5.870287	46.2	696	163	0.797546	6.62e-30	acc|GENBANK|AYV84675.1|GENBANK|MK072415|putative ubiquitin-conjugating enzyme E2 D1 [Hyperionvirus sp.]	Hyperionvirus sp.	Blastx
SRR14574591	NODE_23465_length_411_cov_1.891534	69.4	411	128	0.664062	7.21e-30	acc|GENBANK|CAA42007.1|GENBANK|X59357|Epstein-Barr virus small RNA associated protein [Homo sapiens]	Homo sapiens	Blastx
SRR14574591	NODE_648_length_1059_cov_79.299220	28.8	1059	463	0.697624	7.64e-30	acc|GENBANK|CAE02707.1|GENBANK|AJ575660|hypothetical protein [Yarrowia lipolytica]	Yarrowia lipolytica	Blastx
SRR14574591	NODE_10224_length_957_cov_5.188312	42.4	957	2466	0.061233	7.70e-30	acc|GENBANK|AOZ57106.1|GENBANK|KX608896|Serine threonine-protein kinase TOR [Saccharum hybrid cultivar R570]	Saccharum hybrid cultivar R570	Blastx
SRR14574591	NODE_10995_length_1671_cov_12.966422	24.8	1671	446	0.959641	8.68e-30	acc|GENBANK|ATZ80917.1|GENBANK|MF782455|major facilitator superfamily-like protein [Bodo saltans virus]	Bodo saltans virus	Blastx
SRR14574591	NODE_23251_length_539_cov_2.411067	47.0	539	759	0.151515	9.31e-30	acc|GENBANK|ACN78962.1|GENBANK|FJ225394|methyltransferase [Glycine max]	Glycine max	Blastx
SRR14574591	NODE_21895_length_605_cov_1.627622	44.1	605	727	0.221458	1.01e-29	acc|GENBANK|ADB85269.1|GENBANK|GQ252805|putative lectin-like protein kinase [Phyllostachys edulis]	Phyllostachys edulis	Blastx
SRR14574591	NODE_19279_length_292_cov_1.733591	56.7	292	1359	0.071376	1.04e-29	acc|GENBANK|ABD78322.1|GENBANK|DQ381432|polyprotein [Primula vulgaris]	Primula vulgaris	Blastx
SRR14574591	NODE_22687_length_661_cov_1.730892	34.3	661	293	0.737201	1.08e-29	acc|GENBANK|QFG75012.1|GENBANK|MN448296|protein kinase domain protein [Megaviridae environmental sample]	Megaviridae environmental sample	Blastx
SRR14574591	NODE_10642_length_783_cov_7.676000	49.6	783	153	0.816993	1.11e-29	acc|GENBANK|QBK85952.1|GENBANK|MK500328|ubiquitin-conjugating enzyme E2 [Marseillevirus LCMAC101]	Marseillevirus LCMAC101	Blastx
SRR14574591	NODE_363_length_1078_cov_9.540670	31.1	1078	596	0.577181	1.12e-29	acc|GENBANK|WZO87221.1|GENBANK|PP681893|glucosamine--fructose-6-phosphate [Chlorovirus sp.]	Chlorovirus sp.	Blastx
SRR14574591	NODE_9570_length_2698_cov_4.787242	39.2	2698	238	0.781513	1.15e-29	acc|REFSEQ|YP_009046145.1|REFSEQ|NC_024446|Dck [Penguinpox virus]	Penguinpox virus	Blastx
SRR14574591	NODE_6571_length_561_cov_2.653409	59.8	561	196	0.520408	1.16e-29	acc|GENBANK|AWA44808.1|GENBANK|MH182523|hypothetical protein [Saccharum officinarum]	Saccharum officinarum	Blastx
SRR14574591	NODE_46922_length_258_cov_1.040000	64.6	258	402	0.203980	1.30e-29	acc|REFSEQ|YP_008438242.1|REFSEQ|NC_022098|Tyrosine-tRNA ligase [Pandoravirus salinus]	Pandoravirus salinus	Blastx
SRR14574591	NODE_7519_length_1172_cov_3.532924	50.8	1172	936	0.132479	1.31e-29	acc|GENBANK|QFG74471.1|GENBANK|MN448288|glycine cleavage system P-protein [Megaviridae environmental sample]	Megaviridae environmental sample	Blastx
SRR14574591	NODE_365_length_1472_cov_11.227241	26.7	1472	926	0.477322	1.32e-29	acc|GENBANK|AYV78243.1|GENBANK|MK072072|Zn-dependent peptidase [Edafosvirus sp.]	Edafosvirus sp.	Blastx
SRR14574591	NODE_9891_length_1173_cov_6.457895	48.0	1173	202	0.628713	1.33e-29	acc|GENBANK|CCQ71376.1|GENBANK|HF586479|hypothetical peptidase PPPDE-like [Cotesia congregata]	Cotesia congregata	Blastx
SRR14574591	NODE_9087_length_903_cov_7.159770	29.8	903	405	0.745679	1.38e-29	acc|GENBANK|WGU26824.1|GENBANK|OQ503488|eukaryotic initiation factor 4A-III B-like [Triticum monococcum]	Triticum monococcum	Blastx
SRR14574591	NODE_10839_length_1342_cov_9.260504	31.9	1342	367	0.760218	1.41e-29	acc|GENBANK|AYV76323.1|GENBANK|MK071983|STE/STE20/FRAY protein kinase [Terrestrivirus sp.]	Terrestrivirus sp.	Blastx
SRR14574591	NODE_8758_length_567_cov_3.747191	54.6	567	1105	0.107692	1.42e-29	acc|GENBANK|AAK84476.1|GENBANK|AF275345|unknown [Solanum lycopersicum]	Solanum lycopersicum	Blastx
SRR14574591	NODE_13345_length_442_cov_54.523227	62.6	442	128	0.710938	1.46e-29	acc|GENBANK|CAA42007.1|GENBANK|X59357|Epstein-Barr virus small RNA associated protein [Homo sapiens]	Homo sapiens	Blastx
SRR14574591	NODE_30111_length_754_cov_6.628294	35.4	754	337	0.679525	1.65e-29	acc|GENBANK|QBK87928.1|GENBANK|MK500371|beta-propeller fold protein [Marseillevirus LCMAC202]	Marseillevirus LCMAC202	Blastx
SRR14574591	NODE_2196_length_942_cov_5.112211	31.5	942	310	0.890323	1.81e-29	acc|GENBANK|AYV86922.1|GENBANK|MK072520|hypothetical protein [Sylvanvirus sp.]	Sylvanvirus sp.	Blastx
SRR14574591	NODE_7601_length_1082_cov_3.817922	33.2	1082	403	0.501241	1.93e-29	acc|GENBANK|AYV82314.1|GENBANK|MK072360|translation initiation factor 4A-III [Homavirus sp.]	Homavirus sp.	Blastx
SRR14574591	NODE_18905_length_386_cov_1.507082	59.3	386	150	0.573333	1.96e-29	acc|GENBANK|AYV82350.1|GENBANK|MK072366|hypothetical protein [Homavirus sp.]	Homavirus sp.	Blastx
SRR14574591	NODE_751_length_353_cov_100.990625	51.3	353	819	0.142857	2.23e-29	acc|GENBANK|QKF94107.1|GENBANK|MT418680|eukaryotic translation elongation factor 2 [Fadolivirus FV1/VV64]	Fadolivirus FV1/VV64	Blastx
SRR14574591	NODE_23559_length_790_cov_4.352708	34.0	790	417	0.606715	2.26e-29	acc|GENBANK|QBK89261.1|GENBANK|MK500411|DEAD/SNF2-like helicase [Mimivirus LCMiAC02]	Mimivirus LCMiAC02	Blastx
SRR14574591	NODE_10025_length_551_cov_5.806950	40.4	551	679	0.222386	2.45e-29	acc|GENBANK|AYV78344.1|GENBANK|MK072075|S9 family peptidase [Edafosvirus sp.]	Edafosvirus sp.	Blastx
SRR14574591	NODE_9251_length_1397_cov_3.759531	30.4	1397	370	1.005405	2.68e-29	acc|REFSEQ|NP_039008.1|REFSEQ|NC_002188|nucleotide-sugar epimerase [Fowlpox virus]	Fowlpox virus	Blastx
SRR14574591	NODE_27586_length_380_cov_1.925072	57.0	380	321	0.311526	3.32e-29	acc|GENBANK|QFG74498.1|GENBANK|MN448289|papain family cysteine protease [Megaviridae environmental sample]	Megaviridae environmental sample	Blastx
SRR14574591	NODE_4477_length_289_cov_2.246094	61.5	289	1287	0.070707	3.44e-29	acc|GENBANK|WLY67778.1|GENBANK|OR078387|TYG71p [Saccharomyces cerevisiae]	Saccharomyces cerevisiae	Blastx
SRR14574591	NODE_13740_length_1178_cov_3.372926	26.1	1178	424	0.903302	3.62e-29	acc|GENBANK|QIG59707.1|GENBANK|MN940578|6-phosphogluconate dehydrogenase [Dishui Lake phycodnavirus 3]	Dishui Lake phycodnavirus 3	Blastx
SRR14574591	NODE_419_length_830_cov_22.263488	45.5	830	145	1.000000	3.64e-29	acc|GENBANK|AYV82182.1|GENBANK|MK072344|acetyltransferase GNAT family protein [Homavirus sp.]	Homavirus sp.	Blastx
SRR14574591	NODE_2022_length_677_cov_190.919255	41.8	677	600	0.275000	3.90e-29	acc|GENBANK|QDY52168.1|GENBANK|MK250088|thiamine pyrophosphate enzyme, N-terminal TPP [Mimiviridae sp. ChoanoV1]	Mimiviridae sp. ChoanoV1	Blastx
SRR14574591	NODE_7681_length_1048_cov_3.672906	24.2	1048	586	0.612628	4.03e-29	acc|GENBANK|QKF94872.1|GENBANK|MT418680|UPF0061 protein [Fadolivirus FV1/VV64]	Fadolivirus FV1/VV64	Blastx
SRR14574591	NODE_30811_length_820_cov_2.927573	32.3	820	1100	0.253636	4.11e-29	acc|GENBANK|QGR53824.1|GENBANK|MK978772|isoleucyl-tRNA synthetase [Moumouvirus maliensis]	Moumouvirus maliensis	Blastx
SRR14574591	NODE_46529_length_255_cov_1.054054	90.9	255	3084	0.021401	4.13e-29	acc|GENBANK|AHN96197.1|NEIGHBOR|KJ125473|polyprotein [Yam mild mosaic virus]	Yam mild mosaic virus	Blastx
SRR14574591	NODE_25781_length_567_cov_8.110487	44.8	567	447	0.324385	5.00e-29	acc|REFSEQ|NP_077596.1|REFSEQ|NC_002687|serine-threonine kinase [Ectocarpus siliculosus virus 1]	Ectocarpus siliculosus virus 1	Blastx
SRR14574591	NODE_45981_length_252_cov_1.068493	73.8	252	700	0.120000	5.03e-29	acc|GENBANK|AAA33448.1|GENBANK|M94481|reverse transcriptase [Zea mays]	Zea mays	Blastx
SRR14574591	NODE_23035_length_665_cov_3.768987	36.9	665	782	0.263427	5.07e-29	acc|GENBANK|WKA13618.1|GENBANK|OR120048|calpain-like protein [Cotesia congregata filamentous virus 2]	Cotesia congregata filamentous virus 2	Blastx
SRR14574591	NODE_10170_length_1291_cov_6.202703	34.8	1291	347	0.786744	5.16e-29	acc|GENBANK|QKF94589.1|GENBANK|MT418680|caspase-like protein [Fadolivirus FV1/VV64]	Fadolivirus FV1/VV64	Blastx
SRR14574591	NODE_7500_length_643_cov_2.780328	46.0	643	331	0.419940	5.25e-29	acc|GENBANK|ACD54818.1|GENBANK|EU643495|cathepsin L precursor-like protein [Adineta vaga]	Adineta vaga	Blastx
SRR14574591	NODE_2801_length_302_cov_4.758364	66.2	302	219	0.351598	5.95e-29	acc|GENBANK|AYV75604.1|GENBANK|MK071980|ras-related protein Rab-2-A [Terrestrivirus sp.]	Terrestrivirus sp.	Blastx
SRR14574591	NODE_7362_length_629_cov_2.684564	33.8	629	498	0.534137	6.00e-29	acc|REFSEQ|YP_010781610.1|REFSEQ|NC_075039|hypothetical protein [Tupanvirus soda lake]	Tupanvirus soda lake	Blastx
SRR14574591	NODE_15148_length_2194_cov_14.202684	28.8	2194	447	0.715884	6.72e-29	acc|REFSEQ|NP_077596.1|REFSEQ|NC_002687|serine-threonine kinase [Ectocarpus siliculosus virus 1]	Ectocarpus siliculosus virus 1	Blastx
SRR14574591	NODE_3035_length_458_cov_55.955294	61.5	458	128	0.710938	7.00e-29	acc|GENBANK|CAA42007.1|GENBANK|X59357|Epstein-Barr virus small RNA associated protein [Homo sapiens]	Homo sapiens	Blastx
SRR14574591	NODE_28491_length_876_cov_4.933571	33.0	876	1460	0.197260	7.33e-29	acc|GENBANK|ARF10760.1|GENBANK|KY684105|DNA-directed RNA polymerase subunit alpha [Hokovirus HKV1]	Hokovirus HKV1	Blastx
SRR14574591	NODE_31111_length_1475_cov_5.832178	26.6	1475	630	0.661905	7.58e-29	acc|GENBANK|WIL05472.1|GENBANK|OQ413582|ABC2 type transporter superfamily protein [Pithovirus mammoth]	Pithovirus mammoth	Blastx
SRR14574591	NODE_7036_length_1210_cov_3.881903	44.4	1210	186	0.811828	7.78e-29	acc|REFSEQ|YP_009120778.1|REFSEQ|NC_026440|GTP cyclohydrolase [Pandoravirus inopinatum]	Pandoravirus inopinatum	Blastx
SRR14574591	NODE_7793_length_484_cov_4.000000	62.8	484	337	0.278932	7.91e-29	acc|GENBANK|ABH08433.1|GENBANK|DQ851167|putative heat shock factor [Beta vulgaris]	Beta vulgaris	Blastx
SRR14574591	NODE_26788_length_352_cov_1.473354	55.5	352	353	0.311615	8.14e-29	acc|GENBANK|WGU26821.1|GENBANK|OQ503488|S-acyltransferase 11-like protein [Triticum monococcum]	Triticum monococcum	Blastx
SRR14574591	NODE_2805_length_385_cov_3.519886	54.5	385	520	0.232692	8.19e-29	acc|GENBANK|APO14197.1|GENBANK|KX098475|truncated DELLA protein [Setaria italica]	Setaria italica	Blastx
SRR14574591	NODE_2034_length_517_cov_1146.836777	49.5	517	148	0.655405	8.59e-29	acc|GENBANK|QBK87822.1|GENBANK|MK500370|ubiquitin-conjugating enzyme E2 [Marseillevirus LCMAC202]	Marseillevirus LCMAC202	Blastx
SRR14574591	NODE_26385_length_491_cov_2.458515	43.5	491	439	0.350797	9.87e-29	acc|GENBANK|AAK92822.1|GENBANK|AY050885|putative replicase [Arabidopsis thaliana]	Arabidopsis thaliana	Blastx
SRR14574591	NODE_15407_length_974_cov_4.017003	93.7	974	228	0.276316	9.95e-29	acc|GENBANK|AAD44039.1|GENBANK|AF104022|polyprotein [Bovine viral diarrhea virus 2]	Bovine viral diarrhea virus 2	Blastx
SRR14574591	NODE_8518_length_1042_cov_7.370664	34.4	1042	558	0.385305	1.12e-28	acc|GENBANK|QDY52220.1|GENBANK|MK250089|ABC transporter [Mimiviridae sp. ChoanoV1]	Mimiviridae sp. ChoanoV1	Blastx
SRR14574591	NODE_3738_length_612_cov_2.898100	35.6	612	283	0.636042	1.13e-28	acc|REFSEQ|YP_008318778.1|REFSEQ|NC_021858|SPFH domain containing protein [Pandoravirus dulcis]	Pandoravirus dulcis	Blastx
SRR14574591	NODE_28338_length_447_cov_1.613527	46.3	447	642	0.232087	1.17e-28	acc|GENBANK|AYV79242.1|GENBANK|MK072137|heat shock protein [Faunusvirus sp.]	Faunusvirus sp.	Blastx
SRR14574591	NODE_28776_length_1317_cov_6.048287	41.7	1317	727	0.247593	1.18e-28	acc|GENBANK|ADB85269.1|GENBANK|GQ252805|putative lectin-like protein kinase [Phyllostachys edulis]	Phyllostachys edulis	Blastx
SRR14574591	NODE_8030_length_810_cov_3.590734	35.5	810	870	0.288506	1.21e-28	acc|GENBANK|WZO77437.1|GENBANK|PP681867|ATPase [Chlorovirus sp.]	Chlorovirus sp.	Blastx
SRR14574591	NODE_8463_length_927_cov_6.453020	35.8	927	236	0.898305	1.21e-28	acc|REFSEQ|YP_009163856.1|REFSEQ|NC_027778|ORF_095L [Scale drop disease virus]	Scale drop disease virus	Blastx
SRR14574591	NODE_9126_length_1290_cov_4.632458	36.0	1290	978	0.193252	1.30e-28	acc|GENBANK|AYV78571.1|GENBANK|MK072083|ubiquitin-activating enzyme E1 [Edafosvirus sp.]	Edafosvirus sp.	Blastx
SRR14574591	NODE_29098_length_630_cov_4.681742	36.8	630	450	0.453333	1.40e-28	acc|GENBANK|QBK87874.1|GENBANK|MK500370|phosphoribosyl transferase [Marseillevirus LCMAC202]	Marseillevirus LCMAC202	Blastx
SRR14574591	NODE_13337_length_1348_cov_4.735361	64.2	1348	290	0.365517	1.50e-28	acc|GENBANK|QMS43709.1|GENBANK|MT590730|tymovirus-like 45/70Kd protein [Betula platyphylla]	Betula platyphylla	Blastx
SRR14574591	NODE_49751_length_291_cov_2.170543	64.0	291	282	0.315603	1.54e-28	acc|GENBANK|AAL14448.1|GENBANK|AF397035|heat shock protein Hsc70t [Mus musculus]	Mus musculus	Blastx
SRR14574591	NODE_6773_length_442_cov_2.396088	53.7	442	276	0.445652	1.60e-28	acc|GENBANK|ACG38448.1|GENBANK|EU966330|retrotransposon protein Ty1-copia subclass [Zea mays]	Zea mays	Blastx
SRR14574591	NODE_29769_length_538_cov_5.324752	36.0	538	1077	0.162488	1.62e-28	acc|GENBANK|CAK7597134.1|GENBANK|OZ003748|Isoleucine-tRNA ligase [Catovirus sp. 'naegleriensis']	Catovirus sp. 'naegleriensis'	Blastx
SRR14574591	NODE_31320_length_666_cov_3.300158	44.8	666	594	0.244108	1.68e-28	acc|GENBANK|AGE55786.1|GENBANK|JX997174|glucosamine--fructose-6-phosphate [Acanthocystis turfacea Chlorella virus MN0810.1]	Acanthocystis turfacea Chlorella virus MN0810.1	Blastx
SRR14574591	NODE_15612_length_261_cov_3.451754	61.6	261	212	0.405660	1.69e-28	acc|GENBANK|AYV82031.1|GENBANK|MK072334|Ras-like protein Rab-11A [Homavirus sp.]	Homavirus sp.	Blastx
SRR14574591	NODE_6469_length_1012_cov_3.026558	36.7	1012	497	0.416499	1.91e-28	acc|REFSEQ|YP_009118582.1|REFSEQ|NC_026430|global transactivator-like protein [Condylorrhiza vestigialis mutiple nucleopolyhedrovirus]	Condylorrhiza vestigialis mutiple nucleopolyhedrovirus	Blastx
SRR14574591	NODE_47064_length_259_cov_1.035398	66.2	259	781	0.098592	1.97e-28	acc|GENBANK|QKF94251.1|GENBANK|MT418680|valyl-tRNA synthetase [Fadolivirus FV1/VV64]	Fadolivirus FV1/VV64	Blastx
SRR14574591	NODE_29821_length_728_cov_1.955396	34.4	728	276	0.684783	2.12e-28	acc|GENBANK|ULY68573.1|GENBANK|OL828820|putative apurinic-apyrimidinic endonuclease 1 [Chlorella virus XW01]	Chlorella virus XW01	Blastx
SRR14574591	NODE_40241_length_220_cov_1.251337	78.1	220	564	0.129433	2.14e-28	acc|GENBANK|AWA44801.1|GENBANK|MH182523|ATP-dependent 6-phosphofructokinase [Saccharum officinarum]	Saccharum officinarum	Blastx
SRR14574591	NODE_13637_length_876_cov_6.027284	46.9	876	195	0.579487	2.16e-28	acc|GENBANK|UWX11242.1|GENBANK|ON408417|CRPV-133 [Crowpox virus]	Crowpox virus	Blastx
SRR14574591	NODE_7878_length_897_cov_2.775463	34.3	897	202	0.995050	2.19e-28	acc|GENBANK|ULY68574.1|GENBANK|OL828820|putative ubiquitin thioesterase OTU1-like [Chlorella virus XW01]	Chlorella virus XW01	Blastx
SRR14574591	NODE_50415_length_336_cov_2.316832	53.2	336	804	0.138060	2.20e-28	acc|GENBANK|WZO86892.1|GENBANK|PP681893|calcium-transporting ATPase, plasma [Chlorovirus sp.]	Chlorovirus sp.	Blastx
SRR14574591	NODE_26598_length_772_cov_5.617050	39.3	772	179	0.837989	2.27e-28	acc|GENBANK|AYV77848.1|GENBANK|MK072067|peptide-methionine (S)-S-oxide reductase [Edafosvirus sp.]	Edafosvirus sp.	Blastx
SRR14574591	NODE_13944_length_1954_cov_8.119729	30.2	1954	329	0.957447	2.36e-28	acc|REFSEQ|YP_009163849.1|REFSEQ|NC_027778|ORF_088L [Scale drop disease virus]	Scale drop disease virus	Blastx
SRR14574591	NODE_50646_length_356_cov_1.086687	48.2	356	557	0.201077	2.53e-28	acc|GENBANK|WGU26825.1|GENBANK|OQ503488|putative acyl-activating enzyme 5 [Triticum monococcum]	Triticum monococcum	Blastx
SRR14574591	NODE_14623_length_596_cov_128.596803	73.1	596	379	0.205805	2.73e-28	acc|GENBANK|ADB85364.1|GENBANK|GQ252868|putative alcohol dehydrogenase 2 [Phyllostachys edulis]	Phyllostachys edulis	Blastx
SRR14574591	NODE_17869_length_229_cov_1.142857	62.7	229	131	0.572519	2.87e-28	acc|GENBANK|AAF71196.1|GENBANK|AF182203|pol protein integrase region [Pinus brutia]	Pinus brutia	Blastx
SRR14574591	NODE_29267_length_354_cov_1.716511	56.2	354	135	0.659259	2.89e-28	acc|GENBANK|CAJ58640.1|GENBANK|AM182342|putative reverse transcriptase [Cucumis melo]	Cucumis melo	Blastx
SRR14574591	NODE_9818_length_986_cov_8.304302	37.7	986	497	0.352113	2.95e-28	acc|GENBANK|AYV83822.1|GENBANK|MK072394|cytochrome P450 704B1 [Hyperionvirus sp.]	Hyperionvirus sp.	Blastx
SRR14574591	NODE_14091_length_709_cov_149.210059	46.4	709	321	0.436137	3.19e-28	acc|GENBANK|QFG74498.1|GENBANK|MN448289|papain family cysteine protease [Megaviridae environmental sample]	Megaviridae environmental sample	Blastx
SRR14574591	NODE_10301_length_1154_cov_5.240856	31.0	1154	299	1.003344	3.24e-28	acc|GENBANK|QBK91775.1|GENBANK|MK500565|mitochondrial carrier-like protein [Pithovirus LCPAC304]	Pithovirus LCPAC304	Blastx
SRR14574591	NODE_29877_length_547_cov_2.410506	35.9	547	925	0.180541	3.27e-28	acc|GENBANK|ABY48139.1|GENBANK|EU306659|NORK [Medicago truncatula]	Medicago truncatula	Blastx
SRR14574591	NODE_6204_length_588_cov_2.675676	62.0	588	337	0.272997	3.52e-28	acc|GENBANK|ABH08433.1|GENBANK|DQ851167|putative heat shock factor [Beta vulgaris]	Beta vulgaris	Blastx
SRR14574591	NODE_2039_length_518_cov_63.975258	89.7	518	258	0.224806	3.58e-28	acc|GENBANK|WMV02893.1|GENBANK|OP630990|alpha-tubulin [Diderma spumarioides]	Diderma spumarioides	Blastx
SRR14574591	NODE_11392_length_1016_cov_14.015259	36.5	1016	1059	0.220019	3.99e-28	acc|REFSEQ|YP_009120775.1|REFSEQ|NC_026440|glutamine amidotransferase [Pandoravirus inopinatum]	Pandoravirus inopinatum	Blastx
SRR14574591	NODE_50860_length_381_cov_1.341954	50.0	381	2037	0.061856	4.14e-28	acc|GENBANK|ABG37663.1|GENBANK|DQ536170|CCHC-type integrase [Populus trichocarpa]	Populus trichocarpa	Blastx
SRR14574591	NODE_3090_length_3573_cov_51.769209	31.3	3573	325	0.981538	4.46e-28	acc|GENBANK|AYV75307.1|GENBANK|MK071979|hypothetical protein [Terrestrivirus sp.]	Terrestrivirus sp.	Blastx
SRR14574591	NODE_43812_length_239_cov_1.135922	69.4	239	147	0.489796	5.07e-28	acc|GENBANK|WJJ54601.1|GENBANK|ON843719|hypothetical protein [Otus scops adenovirus]	Otus scops adenovirus	Blastx
SRR14574591	NODE_27495_length_671_cov_4.300940	31.3	671	1468	0.198229	5.25e-28	acc|GENBANK|QDY51984.1|GENBANK|MK250086|RNA polymerase Rpb1, domain 5 [Mimiviridae sp. ChoanoV1]	Mimiviridae sp. ChoanoV1	Blastx
SRR14574591	NODE_577_length_3099_cov_15.636334	30.3	3099	966	0.372671	5.63e-28	acc|GENBANK|AYV87100.1|GENBANK|MK072531|putative puromycin-sensitive aminopeptidase [Sylvanvirus sp.]	Sylvanvirus sp.	Blastx
SRR14574591	NODE_3941_length_517_cov_1.694215	38.1	517	815	0.215951	5.75e-28	acc|REFSEQ|YP_010781262.1|REFSEQ|NC_075038|mimivirus elongation factor aef-2 [Tupanvirus deep ocean]	Tupanvirus deep ocean	Blastx
SRR14574591	NODE_31079_length_341_cov_7.383117	52.4	341	105	0.980952	5.82e-28	acc|GENBANK|QPI16506.1|GENBANK|MW030569|thioredoxin domain-containing protein [Virus NIOZ-UU157]	Virus NIOZ-UU157	Blastx
SRR14574591	NODE_6465_length_680_cov_4.582689	31.7	680	333	0.663664	5.83e-28	acc|GENBANK|QDY52116.1|GENBANK|MK250087|D-isomer specific 2-hydroxyacid dehydrogenase, [Mimiviridae sp. ChoanoV1]	Mimiviridae sp. ChoanoV1	Blastx
SRR14574591	NODE_212_length_1833_cov_8.778333	41.9	1833	761	0.226018	6.00e-28	acc|GENBANK|QBK87503.1|GENBANK|MK500354|glutamyl-tRNA synthetase [Marseillevirus LCMAC201]	Marseillevirus LCMAC201	Blastx
SRR14574591	NODE_3112_length_1713_cov_35.634524	26.2	1713	299	1.354515	6.80e-28	acc|GENBANK|QRE02559.1|GENBANK|MN545489|hypothetical protein [Otarine gammaherpesvirus 4]	Otarine gammaherpesvirus 4	Blastx
SRR14574591	NODE_26456_length_1354_cov_3.798637	27.1	1354	299	1.100334	6.85e-28	acc|GENBANK|UOG94093.1|NEIGHBOR|OM876856|serine threonine-protein phosphatase [Aureococcus anophagefferens virus]	Aureococcus anophagefferens virus	Blastx
SRR14574591	NODE_24141_length_462_cov_1.146853	39.8	462	321	0.501558	6.94e-28	acc|GENBANK|AYV84610.1|GENBANK|MK072412|serine/threonine protein kinase [Hyperionvirus sp.]	Hyperionvirus sp.	Blastx
SRR14574591	NODE_7984_length_812_cov_4.175866	38.7	812	332	0.545181	7.09e-28	acc|GENBANK|AYV77577.1|GENBANK|MK072050|hypothetical protein [Dasosvirus sp.]	Dasosvirus sp.	Blastx
SRR14574591	NODE_15362_length_207_cov_430.689655	75.0	207	379	0.179420	7.12e-28	acc|GENBANK|AAT99858.1|GENBANK|AY598438|unknown [Diachasmimorpha longicaudata entomopoxvirus]	Diachasmimorpha longicaudata entomopoxvirus	Blastx
SRR14574591	NODE_27889_length_1207_cov_4.616695	31.6	1207	342	0.795322	7.51e-28	acc|GENBANK|AYV78971.1|GENBANK|MK072128|transmembrane protein 184C-like protein [Edafosvirus sp.]	Edafosvirus sp.	Blastx
SRR14574591	NODE_2812_length_1551_cov_10.792490	26.5	1551	362	0.897790	7.68e-28	acc|GENBANK|WZO85768.1|GENBANK|PP681890|D-lactate dehydrogenase [Chlorovirus sp.]	Chlorovirus sp.	Blastx
SRR14574591	NODE_13101_length_1602_cov_7.929892	30.9	1602	727	0.422283	8.20e-28	acc|GENBANK|ADB85269.1|GENBANK|GQ252805|putative lectin-like protein kinase [Phyllostachys edulis]	Phyllostachys edulis	Blastx
SRR14574591	NODE_49305_length_277_cov_1.434426	53.3	277	557	0.165171	8.57e-28	acc|GENBANK|WGU26825.1|GENBANK|OQ503488|putative acyl-activating enzyme 5 [Triticum monococcum]	Triticum monococcum	Blastx
SRR14574591	NODE_618_length_1874_cov_53.845193	33.2	1874	430	0.525581	8.64e-28	acc|REFSEQ|YP_010782230.1|REFSEQ|NC_075039|Zn-dependent peptidase [Tupanvirus soda lake]	Tupanvirus soda lake	Blastx
SRR14574591	NODE_25434_length_586_cov_2.947559	36.5	586	423	0.394799	8.79e-28	acc|GENBANK|AYV79645.1|GENBANK|MK072163|serine/threonine protein kinase [Faunusvirus sp.]	Faunusvirus sp.	Blastx
SRR14574591	NODE_10677_length_1293_cov_7.230159	40.2	1293	1408	0.144886	9.12e-28	acc|GENBANK|CAA60724.1|GENBANK|X87297|J1580 [Saccharomyces cerevisiae]	Saccharomyces cerevisiae	Blastx
SRR14574591	NODE_3832_length_377_cov_26.610465	55.1	377	477	0.205451	9.76e-28	acc|GENBANK|AYV78014.1|GENBANK|MK072068|elongation factor 1 alpha long form [Edafosvirus sp.]	Edafosvirus sp.	Blastx
SRR14574591	NODE_25308_length_441_cov_2.475490	42.9	441	406	0.362069	1.03e-27	acc|GENBANK|QBK87310.1|GENBANK|MK500348|chaperone protein [Marseillevirus LCMAC201]	Marseillevirus LCMAC201	Blastx
SRR14574591	NODE_9249_length_867_cov_9.498801	37.6	867	347	0.475504	1.08e-27	acc|GENBANK|QKF94589.1|GENBANK|MT418680|caspase-like protein [Fadolivirus FV1/VV64]	Fadolivirus FV1/VV64	Blastx
SRR14574591	NODE_25853_length_328_cov_3.847458	55.7	328	324	0.327160	1.08e-27	acc|GENBANK|QIG60113.1|GENBANK|MN940580|hypothetical protein [Dishui Lake large algae virus 1]	Dishui Lake large algae virus 1	Blastx
SRR14574591	NODE_26390_length_453_cov_1.788095	40.3	453	544	0.264706	1.09e-27	acc|REFSEQ|YP_009119837.1|REFSEQ|NC_026440|beta glucosidase [Pandoravirus inopinatum]	Pandoravirus inopinatum	Blastx
SRR14574591	NODE_1741_length_981_cov_7.221519	31.1	981	1384	0.232659	1.10e-27	acc|GENBANK|ADB85299.1|GENBANK|GQ252825|putative retrotransposon protein [Phyllostachys edulis]	Phyllostachys edulis	Blastx
SRR14574591	NODE_26942_length_363_cov_2.342424	54.2	363	936	0.102564	1.10e-27	acc|GENBANK|QFG74471.1|GENBANK|MN448288|glycine cleavage system P-protein [Megaviridae environmental sample]	Megaviridae environmental sample	Blastx
SRR14574591	NODE_15544_length_1897_cov_29.215129	29.0	1897	447	0.733781	1.15e-27	acc|REFSEQ|NP_077596.1|REFSEQ|NC_002687|serine-threonine kinase [Ectocarpus siliculosus virus 1]	Ectocarpus siliculosus virus 1	Blastx
SRR14574591	NODE_299_length_944_cov_2.294182	37.7	944	256	0.796875	1.17e-27	acc|GENBANK|QKF94547.1|GENBANK|MT418680|TatD-like protein [Fadolivirus FV1/VV64]	Fadolivirus FV1/VV64	Blastx
SRR14574591	NODE_14758_length_767_cov_43.867847	31.6	767	832	0.258413	1.23e-27	acc|GENBANK|BAD00047.1|GENBANK|AB119282|Fusion protein, Feo [Hepacivirus hominis]	Hepacivirus hominis	Blastx
SRR14574591	NODE_4780_length_214_cov_2.215470	74.3	214	862	0.081206	1.28e-27	acc|GENBANK|ADB85383.1|GENBANK|GQ252875|putative retrotransposon protein [Phyllostachys edulis]	Phyllostachys edulis	Blastx
SRR14574591	NODE_12834_length_430_cov_4.664987	41.0	430	449	0.309577	1.45e-27	acc|GENBANK|QBK87607.1|GENBANK|MK500361|phosphoribosyl transferase [Marseillevirus LCMAC201]	Marseillevirus LCMAC201	Blastx
SRR14574591	NODE_30863_length_720_cov_2.949054	37.8	720	467	0.368308	1.50e-27	acc|GENBANK|API81738.1|NEIGHBOR|KU052222|hypothetical protein [Cafeteriavirus-dependent mavirus]	Cafeteriavirus-dependent mavirus	Blastx
SRR14574591	NODE_8673_length_800_cov_5.752282	30.2	800	363	0.793388	1.52e-27	acc|GENBANK|AGU70139.1|GENBANK|KF270090|protein kinase superfamily protein [Tarenaya hassleriana]	Tarenaya hassleriana	Blastx
SRR14574591	NODE_46562_length_255_cov_2.635135	67.9	255	815	0.103067	1.68e-27	acc|REFSEQ|YP_010781262.1|REFSEQ|NC_075038|mimivirus elongation factor aef-2 [Tupanvirus deep ocean]	Tupanvirus deep ocean	Blastx
SRR14574591	NODE_13084_length_2559_cov_18.372130	33.7	2559	793	0.313997	1.73e-27	acc|GENBANK|AYV86642.1|GENBANK|MK072511|putative two-component hybrid sensor and [Sylvanvirus sp.]	Sylvanvirus sp.	Blastx
SRR14574591	NODE_50564_length_348_cov_1.853968	53.9	348	443	0.230248	1.88e-27	acc|REFSEQ|YP_010782291.1|REFSEQ|NC_075039|alcohol dehydrogenase [Tupanvirus soda lake]	Tupanvirus soda lake	Blastx
SRR14574591	NODE_1554_length_226_cov_885.782383	62.0	226	150	0.473333	1.89e-27	acc|REFSEQ|YP_009173309.1|REFSEQ|NC_028094|ubiquitin conjugating enzyme E2 [Chrysochromulina ericina virus]	Chrysochromulina ericina virus	Blastx
SRR14574591	NODE_1948_length_226_cov_1259.170984	62.0	226	150	0.473333	1.89e-27	acc|REFSEQ|YP_009173309.1|REFSEQ|NC_028094|ubiquitin conjugating enzyme E2 [Chrysochromulina ericina virus]	Chrysochromulina ericina virus	Blastx
SRR14574591	NODE_13862_length_1484_cov_6.594073	26.3	1484	375	0.973333	1.92e-27	acc|GENBANK|QBK87879.1|GENBANK|MK500370|aminotransferase class-V [Marseillevirus LCMAC202]	Marseillevirus LCMAC202	Blastx
SRR14574591	NODE_30843_length_973_cov_5.475532	35.1	973	395	0.511392	1.97e-27	acc|GENBANK|AYV79137.1|GENBANK|MK072134|serine/threonine protein kinase [Faunusvirus sp.]	Faunusvirus sp.	Blastx
SRR14574591	NODE_28746_length_713_cov_5.722059	32.2	713	509	0.445972	2.00e-27	acc|GENBANK|AHA54613.1|GENBANK|KF481686|putative serine palmitoyltransferase [Emiliania huxleyi virus 145]	Emiliania huxleyi virus 145	Blastx
SRR14574591	NODE_14911_length_1988_cov_16.589258	27.4	1988	440	0.895455	2.24e-27	acc|GENBANK|WBF70849.1|GENBANK|OP925046|hypothetical protein [Megavirus caiporensis]	Megavirus caiporensis	Blastx
SRR14574591	NODE_49295_length_277_cov_2.360656	55.4	277	371	0.247978	2.28e-27	acc|GENBANK|WNO13897.1|GENBANK|OQ968270|capsid protein [Berere partitivirus]	Berere partitivirus	Blastx
SRR14574591	NODE_14955_length_1668_cov_12.026300	30.1	1668	278	0.895683	2.52e-27	acc|GENBANK|QBK91651.1|GENBANK|MK500560|putative serine/threonine protein kinase [Pithovirus LCPAC302]	Pithovirus LCPAC302	Blastx
SRR14574591	NODE_15302_length_927_cov_53.310962	34.5	927	211	0.976303	2.63e-27	acc|GENBANK|QBK86456.1|GENBANK|MK500334|DNA-directed RNA polymerase subunit 5 [Marseillevirus LCMAC102]	Marseillevirus LCMAC102	Blastx
SRR14574591	NODE_21780_length_326_cov_1.447099	46.8	326	266	0.417293	2.63e-27	acc|GENBANK|AYV79797.1|GENBANK|MK072185|hypothetical protein [Faunusvirus sp.]	Faunusvirus sp.	Blastx
SRR14574591	NODE_15219_length_669_cov_59.559748	48.5	669	105	0.942857	2.68e-27	acc|GENBANK|QPI16506.1|GENBANK|MW030569|thioredoxin domain-containing protein [Virus NIOZ-UU157]	Virus NIOZ-UU157	Blastx
SRR14574591	NODE_48578_length_270_cov_0.987342	58.1	270	917	0.093784	2.82e-27	acc|REFSEQ|YP_010780928.1|REFSEQ|NC_075038|putative procollagen-lysine [Tupanvirus deep ocean]	Tupanvirus deep ocean	Blastx
SRR14574591	NODE_26319_length_465_cov_2.085648	45.3	465	478	0.290795	2.90e-27	acc|GENBANK|AAK84479.1|GENBANK|AF275345|putative auxin growth promotor protein [Solanum lycopersicum]	Solanum lycopersicum	Blastx
SRR14574591	NODE_8440_length_769_cov_3.341033	38.5	769	870	0.235632	3.21e-27	acc|GENBANK|WZO87275.1|GENBANK|PP681894|ATPase [Chlorovirus sp.]	Chlorovirus sp.	Blastx
SRR14574591	NODE_11090_length_474_cov_2.405896	41.0	474	325	0.495385	3.30e-27	acc|GENBANK|QDH91349.1|GENBANK|MN036178|hypothetical protein [Partitiviridae sp.]	Partitiviridae sp.	Blastx
SRR14574591	NODE_23452_length_383_cov_1.660000	52.1	383	162	0.722222	3.44e-27	acc|GENBANK|AXN91156.1|GENBANK|MG745875|putative BTB domain containing protein [Namao virus]	Namao virus	Blastx
SRR14574591	NODE_9002_length_1250_cov_15.383730	38.8	1250	249	0.714859	3.47e-27	acc|GENBANK|QKF94115.1|GENBANK|MT418680|fatty acid hydroxylase [Fadolivirus FV1/VV64]	Fadolivirus FV1/VV64	Blastx
SRR14574591	NODE_15115_length_310_cov_1.678700	58.0	310	327	0.269113	3.48e-27	acc|GENBANK|QFG73901.1|GENBANK|MN448274|papain family cysteine protease [Megaviridae environmental sample]	Megaviridae environmental sample	Blastx
SRR14574591	NODE_30417_length_421_cov_17.126289	77.4	421	122	0.508197	3.59e-27	acc|GENBANK|AAL66932.1|GENBANK|AY072517|copia-like retroelement pol polyprotein [Arabidopsis thaliana]	Arabidopsis thaliana	Blastx
SRR14574591	NODE_15389_length_1054_cov_2.965720	41.9	1054	166	0.963855	3.70e-27	acc|GENBANK|QJX74051.1|GENBANK|MT335755|hypothetical protein [Faustovirus]	Faustovirus	Blastx
SRR14574591	NODE_16646_length_338_cov_2.422951	49.5	338	248	0.431452	4.13e-27	acc|GENBANK|AYV80707.1|GENBANK|MK072247|hypothetical protein [Harvfovirus sp.]	Harvfovirus sp.	Blastx
SRR14574591	NODE_13834_length_1569_cov_13.376302	32.7	1569	319	0.661442	4.52e-27	acc|GENBANK|XKM46455.1|GENBANK|PQ442261|hypothetical protein [Micromonas commoda virus 20T]	Micromonas commoda virus 20T	Blastx
SRR14574591	NODE_3613_length_332_cov_3.655518	96.2	332	83	0.626506	4.56e-27	acc|GENBANK|WZO89356.1|GENBANK|PP681898|ubiquitin [Chlorovirus sp.]	Chlorovirus sp.	Blastx
SRR14574591	NODE_6228_length_321_cov_2.579861	93.2	321	317	0.186120	4.80e-27	acc|GENBANK|AFD33690.1|GENBANK|JQ679016|polyprotein [Hepatitis E virus]	Hepatitis E virus	Blastx
SRR14574591	NODE_2880_length_676_cov_12.009331	67.0	676	213	0.497653	4.94e-27	acc|GENBANK|AAK76585.1|GENBANK|AY045911|putative copia retroelement pol polyprotein [Arabidopsis thaliana]	Arabidopsis thaliana	Blastx
SRR14574591	NODE_10458_length_2684_cov_9.677480	31.1	2684	715	0.539860	6.07e-27	acc|GENBANK|ABT13779.1|GENBANK|DQ491001|hypothetical protein [Paramecium bursaria chlorella virus MT325]	Paramecium bursaria chlorella virus MT325	Blastx
SRR14574591	NODE_50226_length_321_cov_1.218750	61.4	321	512	0.162109	6.11e-27	acc|REFSEQ|YP_010781784.1|REFSEQ|NC_075039|aspartyl-tRNA synthetase [Tupanvirus soda lake]	Tupanvirus soda lake	Blastx
SRR14574591	NODE_4237_length_1399_cov_4.183016	33.7	1399	293	0.658703	6.99e-27	acc|GENBANK|QFG75012.1|GENBANK|MN448296|protein kinase domain protein [Megaviridae environmental sample]	Megaviridae environmental sample	Blastx
SRR14574591	NODE_17657_length_348_cov_1.457143	61.4	348	340	0.258824	7.08e-27	acc|GENBANK|AYV80407.1|GENBANK|MK072243|glutamine synthetase [Harvfovirus sp.]	Harvfovirus sp.	Blastx
SRR14574591	NODE_7165_length_842_cov_3.028430	31.8	842	703	0.335704	7.46e-27	acc|GENBANK|ARF09664.1|GENBANK|KY684086|HrpA-like RNA helicase [Indivirus ILV1]	Indivirus ILV1	Blastx
SRR14574591	NODE_22859_length_526_cov_3.233266	50.0	526	411	0.326034	7.69e-27	acc|GENBANK|ACN78984.1|GENBANK|FJ225395|cyclin-like F-box [Glycine max]	Glycine max	Blastx
SRR14574591	NODE_21681_length_554_cov_5.700576	49.6	554	365	0.326027	7.69e-27	acc|GENBANK|BDT62135.1|GENBANK|LC738872|heat shock protein 40-like protein [Litopenaeus vannamei majanivirus Nimav-1_LVa]	Litopenaeus vannamei majanivirus Nimav-1_LVa	Blastx
SRR14574591	NODE_14953_length_911_cov_36.856492	31.8	911	467	0.612420	7.79e-27	acc|REFSEQ|YP_009481382.1|REFSEQ|NC_037665|Formate/glycerate dehydrogenase [Pandoravirus macleodensis]	Pandoravirus macleodensis	Blastx
SRR14574591	NODE_28928_length_459_cov_3.150235	66.3	459	85	0.976471	7.86e-27	acc|GENBANK|ABY48140.1|GENBANK|EU306659|BRICK1 [Medicago truncatula]	Medicago truncatula	Blastx
SRR14574591	NODE_15334_length_1055_cov_20.794521	54.6	1055	1105	0.097738	8.22e-27	acc|GENBANK|AAK84476.1|GENBANK|AF275345|unknown [Solanum lycopersicum]	Solanum lycopersicum	Blastx
SRR14574591	NODE_11050_length_739_cov_11.167139	38.4	739	1056	0.212121	8.58e-27	acc|GENBANK|WBR14220.1|GENBANK|ON887157|P-aminobenzoic acid synthase [Pandoravirus kuranda]	Pandoravirus kuranda	Blastx
SRR14574591	NODE_8301_length_411_cov_1.994709	38.9	411	456	0.344298	8.92e-27	acc|GENBANK|QKF94222.1|GENBANK|MT418680|alanyl-tRNA synthetase [Fadolivirus FV1/VV64]	Fadolivirus FV1/VV64	Blastx
SRR14574591	NODE_18823_length_487_cov_2.830396	54.1	487	105	0.809524	9.38e-27	acc|GENBANK|QPI16506.1|GENBANK|MW030569|thioredoxin domain-containing protein [Virus NIOZ-UU157]	Virus NIOZ-UU157	Blastx
SRR14574591	NODE_12540_length_917_cov_19.434389	41.6	917	404	0.398515	1.02e-26	acc|GENBANK|QBK87013.1|GENBANK|MK500340|phosphoribosyl transferase [Marseillevirus LCMAC103]	Marseillevirus LCMAC103	Blastx
SRR14574591	NODE_2106_length_1527_cov_11.524096	24.5	1527	559	0.779964	1.03e-26	acc|GENBANK|AYV76247.1|GENBANK|MK071983|xaa-Pro dipeptidase-like protein [Terrestrivirus sp.]	Terrestrivirus sp.	Blastx
SRR14574591	NODE_43411_length_237_cov_1.147059	82.5	237	331	0.172205	1.09e-26	acc|GENBANK|ACD54818.1|GENBANK|EU643495|cathepsin L precursor-like protein [Adineta vaga]	Adineta vaga	Blastx
SRR14574591	NODE_51234_length_471_cov_1.618721	41.0	471	1589	0.098175	1.10e-26	acc|REFSEQ|YP_010780309.1|REFSEQ|NC_075038|NcpA [Tupanvirus deep ocean]	Tupanvirus deep ocean	Blastx
SRR14574591	NODE_11497_length_568_cov_9.865421	38.7	568	299	0.545151	1.12e-26	acc|GENBANK|QRE02559.1|GENBANK|MN545489|hypothetical protein [Otarine gammaherpesvirus 4]	Otarine gammaherpesvirus 4	Blastx
SRR14574591	NODE_38815_length_213_cov_1.300000	66.2	213	897	0.079153	1.13e-26	acc|GENBANK|ABY48136.1|GENBANK|EU306659|glycine-rich protein [Medicago truncatula]	Medicago truncatula	Blastx
SRR14574591	NODE_9420_length_2590_cov_4.985530	26.0	2590	453	0.796909	1.19e-26	acc|GENBANK|WZO88644.1|GENBANK|PP681897|ATP-dependent SNF2 helicase [Chlorovirus sp.]	Chlorovirus sp.	Blastx
SRR14574591	NODE_43917_length_240_cov_1.130435	66.2	240	775	0.099355	1.20e-26	acc|GENBANK|AAL68643.1|GENBANK|AF458767|polyprotein [Oryza sativa Japonica Group]	Oryza sativa Japonica Group	Blastx
SRR14574591	NODE_14551_length_1192_cov_100.108714	27.1	1192	557	0.676840	1.25e-26	acc|GENBANK|WGU26825.1|GENBANK|OQ503488|putative acyl-activating enzyme 5 [Triticum monococcum]	Triticum monococcum	Blastx
SRR14574591	NODE_6396_length_520_cov_3.108830	44.4	520	166	0.746988	1.32e-26	acc|GENBANK|QPI16596.1|GENBANK|MW030586|tRNA-specific adenosine deaminase [Virus NIOZ-UU159]	Virus NIOZ-UU159	Blastx
SRR14574591	NODE_11613_length_2252_cov_11.472735	30.1	2252	261	1.222222	1.36e-26	acc|GENBANK|AYV79236.1|GENBANK|MK072137|serine/threonine protein phosphatase [Faunusvirus sp.]	Faunusvirus sp.	Blastx
SRR14574591	NODE_26639_length_985_cov_2.904412	30.4	985	467	0.648822	1.38e-26	acc|GENBANK|API81738.1|NEIGHBOR|KU052222|hypothetical protein [Cafeteriavirus-dependent mavirus]	Cafeteriavirus-dependent mavirus	Blastx
SRR14574591	NODE_10630_length_2011_cov_5.961577	29.9	2011	517	0.568665	1.40e-26	acc|GENBANK|UYL95365.1|GENBANK|ON746418|hypothetical protein [Dali Nairo tick virus 1]	Dali Nairo tick virus 1	Blastx
SRR14574591	NODE_36635_length_203_cov_1.376471	81.0	203	489	0.128834	1.40e-26	acc|GENBANK|QBK85775.1|GENBANK|MK500327|aspartyl/asparaginyl-tRNA synthetase [Marseillevirus LCMAC101]	Marseillevirus LCMAC101	Blastx
SRR14574591	NODE_10148_length_1137_cov_21.665761	28.9	1137	300	0.843333	1.54e-26	acc|REFSEQ|NP_955048.1|REFSEQ|NC_005309|CNPV025 alpha-SNAP-like protein [Canarypox virus]	Canarypox virus	Blastx
SRR14574591	NODE_28456_length_732_cov_4.443491	41.8	732	625	0.272000	1.54e-26	acc|GENBANK|QCQ67784.1|GENBANK|MK637631|macro domain-containing protein [European chub iridovirus]	European chub iridovirus	Blastx
SRR14574591	NODE_31058_length_361_cov_1.871951	46.2	361	485	0.214433	1.60e-26	acc|GENBANK|CAK7596858.1|GENBANK|OZ003748|Cryptochrome/DNA photolyase class 1 [Catovirus sp. 'naegleriensis']	Catovirus sp. 'naegleriensis'	Blastx
SRR14574591	NODE_51086_length_426_cov_2.366412	44.5	426	588	0.232993	1.66e-26	acc|GENBANK|QOI90522.1|GENBANK|MT663539|hypothetical protein [Pyramimonas orientalis virus]	Pyramimonas orientalis virus	Blastx
SRR14574591	NODE_36116_length_200_cov_1.401198	74.2	200	1678	0.039333	1.71e-26	acc|GENBANK|QCC26833.1|GENBANK|MK532515|gagpol polyprotein [Zea mays]	Zea mays	Blastx
SRR14574591	NODE_37354_length_206_cov_1.352601	76.5	206	686	0.099125	1.81e-26	acc|GENBANK|WNO13952.1|GENBANK|OQ968299|coat protein [Guapo partitivirus]	Guapo partitivirus	Blastx
SRR14574591	NODE_8915_length_346_cov_1.862620	74.3	346	249	0.281124	1.86e-26	acc|GENBANK|QKY77335.1|GENBANK|MT637187|MADS-box transcription factor SHP1.A9 [Brassica napus]	Brassica napus	Blastx
SRR14574591	NODE_15383_length_1122_cov_6.370064	40.7	1122	549	0.331512	1.96e-26	acc|GENBANK|WGU26819.1|GENBANK|OQ503488|BTB/POZ domain-containing protein [Triticum monococcum]	Triticum monococcum	Blastx
SRR14574591	NODE_36875_length_204_cov_2.736842	79.4	204	189	0.359788	2.26e-26	acc|REFSEQ|YP_009465730.1|REFSEQ|NC_037057|hypothetical protein [Dishui lake phycodnavirus 1]	Dishui lake phycodnavirus 1	Blastx
SRR14574591	NODE_13696_length_1614_cov_11.643264	23.5	1614	596	0.815436	2.38e-26	acc|GENBANK|QOR60518.1|GENBANK|MK522038|hypothetical protein [Bathycoccus sp. RCC716 virus 2]	Bathycoccus sp. RCC716 virus 2	Blastx
SRR14574591	NODE_45305_length_248_cov_1.088372	65.8	248	815	0.096933	2.44e-26	acc|REFSEQ|YP_010782648.1|REFSEQ|NC_075039|elongation factor 2 [Tupanvirus soda lake]	Tupanvirus soda lake	Blastx
SRR14574591	NODE_13215_length_1759_cov_12.596176	34.2	1759	289	0.788927	2.59e-26	acc|GENBANK|QBK88329.1|GENBANK|MK500386|ABC transporter [Marseillevirus LCMAC202]	Marseillevirus LCMAC202	Blastx
SRR14574591	NODE_9718_length_2553_cov_10.275794	30.2	2553	355	1.016901	2.62e-26	acc|GENBANK|AJR29197.1|GENBANK|KP266742|putative 3-beta hydroxysteroid dehydrogenase [German gecko ranavirus]	German gecko ranavirus	Blastx
SRR14574591	NODE_11823_length_1751_cov_11.654249	29.9	1751	489	0.568507	2.78e-26	acc|GENBANK|AAK84471.1|GENBANK|AF275345|putative permease [Solanum lycopersicum]	Solanum lycopersicum	Blastx
SRR14574591	NODE_14451_length_768_cov_11.382313	41.0	768	625	0.284800	2.93e-26	acc|GENBANK|QCQ67784.1|GENBANK|MK637631|macro domain-containing protein [European chub iridovirus]	European chub iridovirus	Blastx
SRR14574591	NODE_24725_length_317_cov_1.130282	56.2	317	727	0.122421	3.25e-26	acc|GENBANK|ADB85269.1|GENBANK|GQ252805|putative lectin-like protein kinase [Phyllostachys edulis]	Phyllostachys edulis	Blastx
SRR14574591	NODE_27574_length_636_cov_4.454395	43.8	636	121	1.000000	3.48e-26	acc|GENBANK|UNJ46594.1|GENBANK|OM135585|yippee [Drosophila melanogaster]	Drosophila melanogaster	Blastx
SRR14574591	NODE_12957_length_298_cov_1.769811	63.2	298	1287	0.059052	3.63e-26	acc|GENBANK|WLY67778.1|GENBANK|OR078387|TYG71p [Saccharomyces cerevisiae]	Saccharomyces cerevisiae	Blastx
SRR14574591	NODE_25861_length_675_cov_3.493769	33.3	675	833	0.205282	3.75e-26	acc|GENBANK|CCQ71385.1|GENBANK|HF586480|hypothetical Homeodomain-interacting protein [Cotesia congregata]	Cotesia congregata	Blastx
SRR14574591	NODE_18733_length_329_cov_13.263514	76.7	329	214	0.280374	3.75e-26	acc|GENBANK|UZE89726.1|GENBANK|ON704650|hypothetical protein [Parapoynx stagnalis nucleopolyhedrovirus]	Parapoynx stagnalis nucleopolyhedrovirus	Blastx
SRR14574591	NODE_38959_length_214_cov_1.939227	74.3	214	700	0.100000	3.85e-26	acc|GENBANK|ABY48141.1|GENBANK|EU306659|oligopeptidase A [Medicago truncatula]	Medicago truncatula	Blastx
SRR14574591	NODE_47630_length_263_cov_1.013043	61.9	263	1161	0.072351	4.13e-26	acc|GENBANK|AAP06788.1|GENBANK|AY234827|phytochrome B1 apoprotein [Zea mays]	Zea mays	Blastx
SRR14574591	NODE_45176_length_247_cov_2.364486	70.8	247	676	0.106509	4.40e-26	acc|REFSEQ|YP_009173627.1|REFSEQ|NC_028094|Hsp70 protein [Chrysochromulina ericina virus]	Chrysochromulina ericina virus	Blastx
SRR14574591	NODE_40742_length_223_cov_1.231579	59.5	223	269	0.275093	4.40e-26	acc|GENBANK|ACG35536.1|GENBANK|EU963418|retrotransposon protein [Zea mays]	Zea mays	Blastx
SRR14574591	NODE_8383_length_225_cov_2.880208	63.5	225	269	0.275093	4.59e-26	acc|GENBANK|ACG35536.1|GENBANK|EU963418|retrotransposon protein [Zea mays]	Zea mays	Blastx
SRR14574591	NODE_15142_length_1160_cov_5.595386	45.8	1160	240	0.645833	4.63e-26	acc|GENBANK|AUF82577.1|GENBANK|KY322437|5-(carboxyamino)imidazole ribonucleotide mutase [Tetraselmis virus 1]	Tetraselmis virus 1	Blastx
SRR14574591	NODE_8670_length_529_cov_4.959677	36.3	529	422	0.405213	4.67e-26	acc|GENBANK|AFX92421.1|GENBANK|JX975216|putative zinc-type alcohol dehydrogenase-like [Megavirus courdo11]	Megavirus courdo11	Blastx
SRR14574591	NODE_50917_length_391_cov_1.304469	66.7	391	1105	0.076018	4.74e-26	acc|GENBANK|AAK84476.1|GENBANK|AF275345|unknown [Solanum lycopersicum]	Solanum lycopersicum	Blastx
SRR14574591	NODE_8811_length_946_cov_2.868565	28.8	946	406	0.770936	4.81e-26	acc|GENBANK|QBK87310.1|GENBANK|MK500348|chaperone protein [Marseillevirus LCMAC201]	Marseillevirus LCMAC201	Blastx
SRR14574591	NODE_48791_length_272_cov_0.979079	56.8	272	212	0.415094	4.83e-26	acc|GENBANK|AYV82031.1|GENBANK|MK072334|Ras-like protein Rab-11A [Homavirus sp.]	Homavirus sp.	Blastx
SRR14574591	NODE_8078_length_706_cov_3.236256	35.0	706	585	0.370940	4.99e-26	acc|GENBANK|SPN79811.1|GENBANK|LT994651|ABC2 type transporter superfamily protein [Brazilian cedratvirus IHUMI]	Brazilian cedratvirus IHUMI	Blastx
SRR14574591	NODE_6239_length_446_cov_2.828087	36.8	446	293	0.491468	5.38e-26	acc|GENBANK|QFG75012.1|GENBANK|MN448296|protein kinase domain protein [Megaviridae environmental sample]	Megaviridae environmental sample	Blastx
SRR14574591	NODE_1215_length_1006_cov_234.410072	65.8	1006	153	0.496732	5.43e-26	acc|GENBANK|AGQ04572.1|GENBANK|KC611151|rice yellow mottle virus 1-like protein [Oryza sativa Indica Group]	Oryza sativa Indica Group	Blastx
SRR14574591	NODE_24615_length_329_cov_1.361486	56.0	329	337	0.270030	5.46e-26	acc|GENBANK|ABH08433.1|GENBANK|DQ851167|putative heat shock factor [Beta vulgaris]	Beta vulgaris	Blastx
SRR14574591	NODE_45237_length_247_cov_1.093458	59.8	247	365	0.224658	5.55e-26	acc|GENBANK|CAK7596944.1|GENBANK|OZ003748|Peptidase M24A, methionine aminopeptidase, [Catovirus sp. 'naegleriensis']	Catovirus sp. 'naegleriensis'	Blastx
SRR14574591	NODE_7583_length_600_cov_3.708995	48.3	600	1715	0.068805	6.53e-26	acc|GENBANK|WDS48439.1|GENBANK|ON798805|essential for potexvirus accumulation 1 [Solanum tuberosum]	Solanum tuberosum	Blastx
SRR14574591	NODE_570_length_700_cov_53.095952	58.3	700	1006	0.095427	6.75e-26	acc|GENBANK|QBK88800.1|GENBANK|MK500399|ubiquitin-activating enzyme E1 [Mimivirus LCMiAC01]	Mimivirus LCMiAC01	Blastx
SRR14574591	NODE_24841_length_883_cov_2.678824	35.9	883	718	0.271588	6.80e-26	acc|GENBANK|AYV77173.1|GENBANK|MK072013|HrpA-like RNA helicase [Barrevirus sp.]	Barrevirus sp.	Blastx
SRR14574591	NODE_22_length_739_cov_183.079320	30.3	739	588	0.414966	6.88e-26	acc|GENBANK|QOI90522.1|GENBANK|MT663539|hypothetical protein [Pyramimonas orientalis virus]	Pyramimonas orientalis virus	Blastx
SRR14574591	NODE_7381_length_486_cov_2.657837	54.6	486	299	0.324415	6.92e-26	acc|GENBANK|UOG94093.1|NEIGHBOR|OM876856|serine threonine-protein phosphatase [Aureococcus anophagefferens virus]	Aureococcus anophagefferens virus	Blastx
SRR14574591	NODE_4205_length_1063_cov_2.670874	27.0	1063	668	0.387725	7.22e-26	acc|GENBANK|QKF94196.1|GENBANK|MT418680|peptidase M3A/M3B [Fadolivirus FV1/VV64]	Fadolivirus FV1/VV64	Blastx
SRR14574591	NODE_13302_length_1200_cov_8.364182	34.1	1200	238	0.949580	7.66e-26	acc|GENBANK|QDY51734.1|GENBANK|MK250085|hypothetical protein [Mimiviridae sp. ChoanoV1]	Mimiviridae sp. ChoanoV1	Blastx
SRR14574591	NODE_49319_length_277_cov_0.959016	55.1	277	262	0.339695	7.90e-26	acc|GENBANK|ABO45232.1|GENBANK|EF113398|desaturase [Ostrinia nubilalis]	Ostrinia nubilalis	Blastx
SRR14574591	NODE_48915_length_273_cov_0.975000	65.2	273	602	0.147841	7.97e-26	acc|GENBANK|QIG59839.1|GENBANK|MN940578|heat shock protein 70 [Dishui Lake phycodnavirus 3]	Dishui Lake phycodnavirus 3	Blastx
SRR14574591	NODE_14899_length_1027_cov_9.149899	29.4	1027	407	0.651106	8.65e-26	acc|GENBANK|QBK87745.1|GENBANK|MK500369|D-isomer specific 2-hydroxyacid dehydrogenase, [Marseillevirus LCMAC202]	Marseillevirus LCMAC202	Blastx
SRR14574591	NODE_26404_length_228_cov_1.317949	58.9	228	326	0.223926	9.41e-26	acc|GENBANK|AAO26690.1|GENBANK|AF478377|gag-pol polyprotein [Vitis vinifera]	Vitis vinifera	Blastx
SRR14574591	NODE_8805_length_1020_cov_8.072948	25.3	1020	417	0.834532	9.44e-26	acc|GENBANK|QFG74701.1|GENBANK|MN448290|aminotransferase class-III [Megaviridae environmental sample]	Megaviridae environmental sample	Blastx
SRR14574591	NODE_30563_length_749_cov_2.106145	29.6	749	589	0.407470	1.02e-25	acc|GENBANK|SPN79797.1|GENBANK|LT994652|ABC2 type transporter superfamily protein [Cedratvirus Zaza IHUMI]	Cedratvirus Zaza IHUMI	Blastx
SRR14574591	NODE_5438_length_919_cov_2.643341	28.3	919	505	0.497030	1.08e-25	acc|REFSEQ|YP_004061477.1|REFSEQ|NC_014765|hypothetical protein [Bathycoccus sp. RCC1105 virus BpV1]	Bathycoccus sp. RCC1105 virus BpV1	Blastx
SRR14574591	NODE_13724_length_1493_cov_11.609589	34.0	1493	425	0.609412	1.28e-25	acc|GENBANK|QBZ81271.1|GENBANK|MK174290|Cystathionine beta-lyase/cystathionine [Pandoravirus celtis]	Pandoravirus celtis	Blastx
SRR14574591	NODE_12114_length_808_cov_80.021935	32.5	808	215	0.888372	1.28e-25	acc|GENBANK|ARF09950.1|GENBANK|KY684090|T2 family ribonuclease [Indivirus ILV1]	Indivirus ILV1	Blastx
SRR14574591	NODE_40096_length_219_cov_1.258065	92.3	219	258	0.201550	1.33e-25	acc|GENBANK|WMV02893.1|GENBANK|OP630990|alpha-tubulin [Diderma spumarioides]	Diderma spumarioides	Blastx
SRR14574591	NODE_4962_length_354_cov_1.710280	46.7	354	727	0.165062	1.37e-25	acc|GENBANK|ADB85269.1|GENBANK|GQ252805|putative lectin-like protein kinase [Phyllostachys edulis]	Phyllostachys edulis	Blastx
SRR14574591	NODE_2348_length_710_cov_3.859675	30.4	710	1468	0.163488	1.45e-25	acc|GENBANK|QDY51984.1|GENBANK|MK250086|RNA polymerase Rpb1, domain 5 [Mimiviridae sp. ChoanoV1]	Mimiviridae sp. ChoanoV1	Blastx
SRR14574591	NODE_8137_length_358_cov_3.372308	51.7	358	543	0.220994	1.46e-25	acc|GENBANK|ADB85407.1|GENBANK|GQ252886|putative protein kinase [Phyllostachys edulis]	Phyllostachys edulis	Blastx
SRR14574591	NODE_28281_length_410_cov_3.416446	44.5	410	925	0.148108	1.48e-25	acc|GENBANK|ABY48139.1|GENBANK|EU306659|NORK [Medicago truncatula]	Medicago truncatula	Blastx
SRR14574591	NODE_3570_length_512_cov_5.271399	49.0	512	120	0.800000	1.50e-25	acc|GENBANK|QBZ81758.1|GENBANK|MK174290|Protein kinase catalytic incomplete domain [Pandoravirus celtis]	Pandoravirus celtis	Blastx
SRR14574591	NODE_17816_length_574_cov_1.190388	35.9	574	1359	0.112583	1.64e-25	acc|GENBANK|ABD78322.1|GENBANK|DQ381432|polyprotein [Primula vulgaris]	Primula vulgaris	Blastx
SRR14574591	NODE_24063_length_450_cov_1.916067	38.1	450	278	0.500000	1.68e-25	acc|GENBANK|QBK91651.1|GENBANK|MK500560|putative serine/threonine protein kinase [Pithovirus LCPAC302]	Pithovirus LCPAC302	Blastx
SRR14574591	NODE_4079_length_586_cov_2.341772	50.0	586	772	0.137306	1.71e-25	acc|REFSEQ|YP_003970015.1|REFSEQ|NC_014637|Holliday junction branch migration helicase [Cafeteria roenbergensis virus BV-PW1]	Cafeteria roenbergensis virus BV-PW1	Blastx
SRR14574591	NODE_5640_length_417_cov_3.864583	68.9	417	203	0.364532	1.72e-25	acc|GENBANK|AYV75892.1|GENBANK|MK071981|putative Ras-related protein Rab7 [Terrestrivirus sp.]	Terrestrivirus sp.	Blastx
SRR14574591	NODE_25932_length_1093_cov_5.105660	25.5	1093	464	0.818966	1.86e-25	acc|GENBANK|QFG73838.1|GENBANK|MN448271|oxidoreductase molybdopterin binding domain [Megaviridae environmental sample]	Megaviridae environmental sample	Blastx
SRR14574591	NODE_11442_length_1107_cov_14.666667	30.0	1107	342	0.789474	1.98e-25	acc|GENBANK|AYV78971.1|GENBANK|MK072128|transmembrane protein 184C-like protein [Edafosvirus sp.]	Edafosvirus sp.	Blastx
SRR14574591	NODE_18425_length_458_cov_2.056471	44.6	458	572	0.243007	2.06e-25	acc|REFSEQ|YP_009448872.1|REFSEQ|NC_036594|Bi-functional 3,4-dihydroxy-2-butanone [Orpheovirus IHUMI-LCC2]	Orpheovirus IHUMI-LCC2	Blastx
SRR14574591	NODE_46876_length_257_cov_1.044643	70.8	257	142	0.457746	2.13e-25	acc|REFSEQ|YP_010790444.1|REFSEQ|NC_075430|ORF1 [Dioscorea bacilliform virus]	Dioscorea bacilliform virus	Blastx
SRR14574591	NODE_8881_length_1297_cov_4.143987	25.6	1297	673	0.592868	2.19e-25	acc|GENBANK|QPI16366.1|GENBANK|MW030559|RNA polymerase [Virus NIOZ-UU157]	Virus NIOZ-UU157	Blastx
SRR14574591	NODE_4154_length_566_cov_2.228893	47.9	566	366	0.330601	2.46e-25	acc|GENBANK|ARF12215.1|GENBANK|KY684111|phosphoribosyl transferase [Klosneuvirus KNV1]	Klosneuvirus KNV1	Blastx
SRR14574591	NODE_3147_length_2686_cov_268.271014	51.7	2686	102	0.852941	2.59e-25	acc|GENBANK|CAD45443.1|GENBANK|AJ507397|coat protein [Iris mild mosaic virus]	Iris mild mosaic virus	Blastx
SRR14574591	NODE_29873_length_308_cov_3.570909	56.3	308	325	0.267692	2.61e-25	acc|GENBANK|AYV76869.1|GENBANK|MK071999|serine/threonine protein kinase [Barrevirus sp.]	Barrevirus sp.	Blastx
SRR14574591	NODE_12710_length_1545_cov_5.045635	30.5	1545	471	0.779193	2.63e-25	acc|GENBANK|AFV13457.1|GENBANK|JQ314445|UDPG-flavonoid 3-O-glucosyl transferase [Tripsacum dactyloides]	Tripsacum dactyloides	Blastx
SRR14574591	NODE_8009_length_920_cov_13.370913	39.4	920	162	0.876543	2.92e-25	acc|GENBANK|QBK84530.1|GENBANK|MK500278|6,7-dimethyl-8-ribityllumazine synthase [Pithovirus LCDPAC01]	Pithovirus LCDPAC01	Blastx
SRR14574591	NODE_29625_length_619_cov_2.484642	47.0	619	154	0.857143	2.93e-25	acc|GENBANK|AYV75407.1|GENBANK|MK071979|peptide-methionine (R)-S-oxide reductase [Terrestrivirus sp.]	Terrestrivirus sp.	Blastx
SRR14574591	NODE_30144_length_956_cov_2.531961	46.0	956	2262	0.055703	3.01e-25	acc|GENBANK|AAQ82037.1|GENBANK|AY299398|gag/pol polyprotein [Pisum sativum]	Pisum sativum	Blastx
SRR14574591	NODE_28329_length_637_cov_2.155629	38.4	637	431	0.380510	3.04e-25	acc|REFSEQ|YP_009041983.1|REFSEQ|NC_024303|ornithine decarboxylase [Bovine gammaherpesvirus 6]	Bovine gammaherpesvirus 6	Blastx
SRR14574591	NODE_13104_length_696_cov_6.390649	34.2	696	520	0.359615	3.06e-25	acc|GENBANK|APO14197.1|GENBANK|KX098475|truncated DELLA protein [Setaria italica]	Setaria italica	Blastx
SRR14574591	NODE_10123_length_1324_cov_17.192099	28.7	1324	402	0.910448	3.11e-25	acc|GENBANK|QYA18859.1|GENBANK|MZ420154|phospholipase [Clandestinovirus]	Clandestinovirus	Blastx
SRR14574591	NODE_21937_length_299_cov_2.180451	51.0	299	323	0.303406	3.15e-25	acc|GENBANK|WZO84664.1|GENBANK|PP681887|aspartate carbamoyltransferase [Chlorovirus sp.]	Chlorovirus sp.	Blastx
SRR14574591	NODE_7142_length_796_cov_2.938401	36.5	796	151	0.980132	3.30e-25	acc|GENBANK|QDY52267.1|GENBANK|MK250089|ubiquitin-conjugating enzyme [Mimiviridae sp. ChoanoV1]	Mimiviridae sp. ChoanoV1	Blastx
SRR14574591	NODE_7752_length_485_cov_3.774336	39.6	485	172	0.779070	3.30e-25	acc|GENBANK|AYV78583.1|GENBANK|MK072084|hypoxanthine phosphoribosyltransferase [Edafosvirus sp.]	Edafosvirus sp.	Blastx
SRR14574591	NODE_1608_length_2532_cov_202.503802	29.5	2532	287	1.038328	3.35e-25	acc|GENBANK|AYV80395.1|GENBANK|MK072243|putative ubiquitin carboxyl-terminal hydrolase [Harvfovirus sp.]	Harvfovirus sp.	Blastx
SRR14574591	NODE_26005_length_369_cov_1.651786	46.6	369	413	0.285714	3.45e-25	acc|GENBANK|QDY51950.1|GENBANK|MK250086|protein kinase domain protein [Mimiviridae sp. ChoanoV1]	Mimiviridae sp. ChoanoV1	Blastx
SRR14574591	NODE_51492_length_308_cov_3.338182	52.5	308	2037	0.048601	3.65e-25	acc|GENBANK|ABG37663.1|GENBANK|DQ536170|CCHC-type integrase [Populus trichocarpa]	Populus trichocarpa	Blastx
SRR14574591	NODE_2474_length_1582_cov_4.386701	47.8	1582	437	0.311213	3.70e-25	acc|REFSEQ|YP_010780137.1|REFSEQ|NC_075038|hypothetical protein [Tupanvirus deep ocean]	Tupanvirus deep ocean	Blastx
SRR14574591	NODE_4985_length_756_cov_1.858921	35.9	756	516	0.459302	3.78e-25	acc|GENBANK|ARR74933.1|GENBANK|KY565516|hypothetical protein [Mimivirus AB-566-O17]	Mimivirus AB-566-O17	Blastx
SRR14574591	NODE_45768_length_250_cov_1.078341	62.2	250	1678	0.048868	4.25e-25	acc|GENBANK|QCC26833.1|GENBANK|MK532515|gagpol polyprotein [Zea mays]	Zea mays	Blastx
SRR14574591	NODE_31395_length_882_cov_2.363958	76.6	882	242	0.264463	4.35e-25	acc|GENBANK|AGU70135.1|GENBANK|KF270089|integrase-type DNA-binding superfamily protein [Tarenaya hassleriana]	Tarenaya hassleriana	Blastx
SRR14574591	NODE_2618_length_888_cov_5.017544	35.0	888	473	0.374207	4.41e-25	acc|REFSEQ|YP_010781727.1|REFSEQ|NC_075039|putative ubiquitin-specific protease [Tupanvirus soda lake]	Tupanvirus soda lake	Blastx
SRR14574591	NODE_1800_length_1098_cov_12.472300	35.6	1098	239	0.870293	4.49e-25	acc|REFSEQ|YP_007354587.1|REFSEQ|NC_020104|2OG-Fe(II) oxygenase [Acanthamoeba polyphaga moumouvirus]	Acanthamoeba polyphaga moumouvirus	Blastx
SRR14574591	NODE_1325_length_1795_cov_89.826901	52.0	1795	153	0.640523	4.76e-25	acc|GENBANK|QFG73633.1|GENBANK|MN448266|thioredoxin-like protein [Megaviridae environmental sample]	Megaviridae environmental sample	Blastx
SRR14574591	NODE_24397_length_458_cov_1.251765	40.5	458	482	0.307054	4.77e-25	acc|GENBANK|BBA54297.1|GENBANK|AB898755|gag : akt fusion protein [Feline leukemia virus]	Feline leukemia virus	Blastx
SRR14574591	NODE_51290_length_505_cov_1.703390	39.1	505	253	0.454545	5.12e-25	acc|GENBANK|QBK86148.1|GENBANK|MK500331|ABC transporter [Marseillevirus LCMAC101]	Marseillevirus LCMAC101	Blastx
SRR14574591	NODE_42154_length_230_cov_1.888325	80.9	230	601	0.113145	5.35e-25	acc|GENBANK|AAB62581.1|GENBANK|U68072|3-hydroxy-3-methylglutaryl CoA reductase 2 [Solanum lycopersicum]	Solanum lycopersicum	Blastx
SRR14574591	NODE_786_length_1260_cov_86.044825	47.5	1260	105	0.942857	5.42e-25	acc|GENBANK|QPI16506.1|GENBANK|MW030569|thioredoxin domain-containing protein [Virus NIOZ-UU157]	Virus NIOZ-UU157	Blastx
SRR14574591	NODE_36476_length_202_cov_1.384615	72.7	202	759	0.086957	5.43e-25	acc|GENBANK|ACN78962.1|GENBANK|FJ225394|methyltransferase [Glycine max]	Glycine max	Blastx
SRR14574591	NODE_28739_length_588_cov_2.785586	36.3	588	674	0.302671	5.73e-25	acc|GENBANK|AYV83542.1|GENBANK|MK072390|HrpA-like RNA helicase [Hyperionvirus sp.]	Hyperionvirus sp.	Blastx
SRR14574591	NODE_8041_length_260_cov_4.290749	83.6	260	127	0.433071	5.93e-25	acc|GENBANK|QZB49175.1|GENBANK|MZ645207|histone H4-like protein [Cotesia vestalis bracovirus]	Cotesia vestalis bracovirus	Blastx
SRR14574591	NODE_6467_length_460_cov_4.213115	42.6	460	471	0.288747	6.31e-25	acc|GENBANK|AFV13457.1|GENBANK|JQ314445|UDPG-flavonoid 3-O-glucosyl transferase [Tripsacum dactyloides]	Tripsacum dactyloides	Blastx
SRR14574591	NODE_17216_length_302_cov_2.579926	60.3	302	135	0.503704	6.35e-25	acc|GENBANK|AYV86947.1|GENBANK|MK072521|e3 ubiquitin-protein ligase rbx1 [Sylvanvirus sp.]	Sylvanvirus sp.	Blastx
SRR14574591	NODE_3959_length_701_cov_1.711078	36.8	701	484	0.314050	6.44e-25	acc|GENBANK|AYV77733.1|GENBANK|MK072066|CYP86A7 [Edafosvirus sp.]	Edafosvirus sp.	Blastx
SRR14574591	NODE_36106_length_200_cov_1.401198	71.2	200	405	0.162963	6.52e-25	acc|GENBANK|WGU26824.1|GENBANK|OQ503488|eukaryotic initiation factor 4A-III B-like [Triticum monococcum]	Triticum monococcum	Blastx
SRR14574591	NODE_47645_length_263_cov_1.017391	52.5	263	458	0.174672	6.57e-25	acc|GENBANK|ATZ80811.1|GENBANK|MF782455|deoxyribodipyrimidine photo-lyase [Bodo saltans virus]	Bodo saltans virus	Blastx
SRR14574591	NODE_972_length_373_cov_84.870588	36.4	373	258	0.468992	6.84e-25	acc|GENBANK|WMV02893.1|GENBANK|OP630990|alpha-tubulin [Diderma spumarioides]	Diderma spumarioides	Blastx
SRR14574591	NODE_12619_length_373_cov_77.358824	36.4	373	258	0.468992	6.84e-25	acc|GENBANK|WMV02893.1|GENBANK|OP630990|alpha-tubulin [Diderma spumarioides]	Diderma spumarioides	Blastx
SRR14574591	NODE_14906_length_1070_cov_4.576663	33.5	1070	223	0.964126	6.95e-25	acc|GENBANK|AYV76607.1|GENBANK|MK071987|tRNA pseudouridine synthase B [Terrestrivirus sp.]	Terrestrivirus sp.	Blastx
SRR14574591	NODE_2418_length_776_cov_7.825034	44.0	776	371	0.361186	7.24e-25	acc|GENBANK|WNO13897.1|GENBANK|OQ968270|capsid protein [Berere partitivirus]	Berere partitivirus	Blastx
SRR14574591	NODE_38861_length_214_cov_1.292818	66.2	214	491	0.144603	7.99e-25	acc|GENBANK|AHA54507.1|GENBANK|KF481685|putative ribonucleoside-diphosphate reductase [Emiliania huxleyi virus 18]	Emiliania huxleyi virus 18	Blastx
SRR14574591	NODE_5147_length_579_cov_19.256410	61.0	579	93	0.827957	8.04e-25	acc|GENBANK|AYV80661.1|GENBANK|MK072246|putative Cytochrome b5 [Harvfovirus sp.]	Harvfovirus sp.	Blastx
SRR14574591	NODE_49375_length_278_cov_0.955102	58.1	278	706	0.131728	8.10e-25	acc|GENBANK|WGU26822.1|GENBANK|OQ503488|OPT oligopeptide transporter protein [Triticum monococcum]	Triticum monococcum	Blastx
SRR14574591	NODE_11243_length_1041_cov_16.192460	39.1	1041	139	0.956835	9.35e-25	acc|GENBANK|QFG74212.1|GENBANK|MN448284|cytidylyltransferase-like protein [Megaviridae environmental sample]	Megaviridae environmental sample	Blastx
SRR14574591	NODE_36706_length_203_cov_1.376471	70.8	203	286	0.227273	9.78e-25	acc|GENBANK|ARF09529.1|GENBANK|KY684085|cyclophilin type peptidyl-prolyl cis-trans [Indivirus ILV1]	Indivirus ILV1	Blastx
SRR14574591	NODE_10813_length_1557_cov_6.008530	25.8	1557	379	1.021108	9.88e-25	acc|GENBANK|AAT99858.1|GENBANK|AY598438|unknown [Diachasmimorpha longicaudata entomopoxvirus]	Diachasmimorpha longicaudata entomopoxvirus	Blastx
SRR14574591	NODE_6290_length_203_cov_5.276471	71.2	203	1359	0.048565	1.02e-24	acc|GENBANK|ABD78322.1|GENBANK|DQ381432|polyprotein [Primula vulgaris]	Primula vulgaris	Blastx
SRR14574591	NODE_9897_length_1320_cov_5.181818	34.5	1320	864	0.268519	1.03e-24	acc|GENBANK|BBI30515.1|GENBANK|AP018495|DNA helicase [Acanthamoeba castellanii medusavirus J1]	Acanthamoeba castellanii medusavirus J1	Blastx
SRR14574591	NODE_40008_length_219_cov_1.258065	70.8	219	557	0.129264	1.12e-24	acc|GENBANK|WGU26825.1|GENBANK|OQ503488|putative acyl-activating enzyme 5 [Triticum monococcum]	Triticum monococcum	Blastx
SRR14574591	NODE_44925_length_246_cov_1.384977	67.1	246	558	0.141577	1.18e-24	acc|GENBANK|QOR60244.1|GENBANK|MK522034|hypothetical protein [Bathycoccus sp. RCC716 virus 1]	Bathycoccus sp. RCC716 virus 1	Blastx
SRR14574591	NODE_50005_length_306_cov_1.714286	52.5	306	870	0.113793	1.23e-24	acc|GENBANK|AGE58933.1|GENBANK|JX997183|calcium-transporting ATPase, plasma [Paramecium bursaria Chlorella virus NYs1]	Paramecium bursaria Chlorella virus NYs1	Blastx
SRR14574591	NODE_27069_length_345_cov_2.048077	87.3	345	77	0.714286	1.26e-24	acc|GENBANK|QPI16786.1|GENBANK|MW030603|ubiquitin family protein [Virus NIOZ-UU159]	Virus NIOZ-UU159	Blastx
SRR14574591	NODE_14376_length_978_cov_37.165079	39.6	978	164	0.847561	1.27e-24	acc|GENBANK|QFG73678.1|GENBANK|MN448266|inorganic pyrophosphatase [Megaviridae environmental sample]	Megaviridae environmental sample	Blastx
SRR14574591	NODE_8306_length_352_cov_2.561129	52.1	352	595	0.196639	1.43e-24	acc|GENBANK|WZO81300.1|GENBANK|PP681878|glucosamine--fructose-6-phosphate [Chlorovirus sp.]	Chlorovirus sp.	Blastx
SRR14574591	NODE_26410_length_215_cov_1.670330	60.6	215	480	0.147917	1.43e-24	acc|GENBANK|QPI16798.1|GENBANK|MW030606|BT1 family protein [Virus NIOZ-UU159]	Virus NIOZ-UU159	Blastx
SRR14574591	NODE_3622_length_201_cov_1.327381	62.7	201	150	0.446667	1.46e-24	acc|GENBANK|AYV82350.1|GENBANK|MK072366|hypothetical protein [Homavirus sp.]	Homavirus sp.	Blastx
SRR14574591	NODE_15064_length_392_cov_13.058496	66.7	392	193	0.373057	1.54e-24	acc|REFSEQ|YP_009481299.1|REFSEQ|NC_037665|Histone H2B domain containing protein [Pandoravirus macleodensis]	Pandoravirus macleodensis	Blastx
SRR14574591	NODE_1201_length_562_cov_177.523629	55.2	562	160	0.543750	1.55e-24	acc|GENBANK|ULY68493.1|GENBANK|OL828820|ubiquitin-conjugating enzyme E2 7 [Chlorella virus XW01]	Chlorella virus XW01	Blastx
SRR14574591	NODE_14505_length_1988_cov_9.526343	26.4	1988	439	0.922551	1.58e-24	acc|GENBANK|AYV76294.1|GENBANK|MK071983|hypothetical protein [Terrestrivirus sp.]	Terrestrivirus sp.	Blastx
SRR14574591	NODE_38585_length_212_cov_1.307263	65.7	212	1345	0.052045	1.58e-24	acc|GENBANK|CAX83702.1|GENBANK|FN356213|Gag-Pol polyprotein [Schistosoma japonicum]	Schistosoma japonicum	Blastx
SRR14574591	NODE_29145_length_330_cov_1.835017	77.0	330	129	0.472868	1.58e-24	acc|GENBANK|AKE34115.1|GENBANK|KR068481|alpha karyopherin [Okra enation leaf curl virus]	Okra enation leaf curl virus	Blastx
SRR14574591	NODE_50158_length_316_cov_1.653710	48.6	316	327	0.327217	1.62e-24	acc|GENBANK|QFG73901.1|GENBANK|MN448274|papain family cysteine protease [Megaviridae environmental sample]	Megaviridae environmental sample	Blastx
SRR14574591	NODE_6819_length_336_cov_1.933993	49.1	336	291	0.371134	1.63e-24	acc|GENBANK|AEG78356.1|GENBANK|HQ441055|reverse transcriptase-like protein [Epinephelus coioides]	Epinephelus coioides	Blastx
SRR14574591	NODE_11033_length_1238_cov_8.853942	44.1	1238	113	0.982301	1.66e-24	acc|GENBANK|QDH76139.1|GENBANK|MK948414|putative gag protein [Porcine endogenous retrovirus]	Porcine endogenous retrovirus	Blastx
SRR14574591	NODE_27784_length_385_cov_20.798295	67.9	385	518	0.162162	1.70e-24	acc|GENBANK|ABY48142.1|GENBANK|EU306659|serine-hydroxymethyltransferase [Medicago truncatula]	Medicago truncatula	Blastx
SRR14574591	NODE_28188_length_550_cov_4.042553	35.2	550	182	0.890110	1.72e-24	acc|REFSEQ|YP_009163818.1|REFSEQ|NC_027778|ORF_057R [Scale drop disease virus]	Scale drop disease virus	Blastx
SRR14574591	NODE_4340_length_395_cov_1.651934	40.5	395	279	0.469534	1.87e-24	acc|GENBANK|QBK87117.1|GENBANK|MK500344|putative serine/threonine protein kinase [Marseillevirus LCMAC201]	Marseillevirus LCMAC201	Blastx
SRR14574591	NODE_20468_length_1013_cov_2.822449	37.5	1013	678	0.259587	1.96e-24	acc|GENBANK|CCQ71325.1|GENBANK|HF586476|hypothetical kinesin-like protein KIF3 [Cotesia congregata]	Cotesia congregata	Blastx
SRR14574591	NODE_14028_length_491_cov_16.465066	40.0	491	337	0.459941	2.00e-24	acc|GENBANK|ABH08433.1|GENBANK|DQ851167|putative heat shock factor [Beta vulgaris]	Beta vulgaris	Blastx
SRR14574591	NODE_16685_length_334_cov_3.076412	50.0	334	490	0.216327	2.05e-24	acc|GENBANK|QBK92743.1|GENBANK|MK500581|uncharacterized protein [Pithovirus LCPAC401]	Pithovirus LCPAC401	Blastx
SRR14574591	NODE_51279_length_496_cov_2.838013	40.8	496	1814	0.068908	2.08e-24	acc|GENBANK|AAQ82033.1|GENBANK|AY299395|gag/pol polyprotein [Pisum sativum]	Pisum sativum	Blastx
SRR14574591	NODE_12492_length_1282_cov_23.026421	47.0	1282	421	0.313539	2.14e-24	acc|GENBANK|AGP03657.1|GENBANK|KF220834|integrase-type DNA-binding superfamily protein [Glycine max]	Glycine max	Blastx
SRR14574591	NODE_5235_length_316_cov_1.844523	41.2	316	202	0.504950	2.16e-24	acc|GENBANK|CCQ71376.1|GENBANK|HF586479|hypothetical peptidase PPPDE-like [Cotesia congregata]	Cotesia congregata	Blastx
SRR14574591	NODE_13497_length_538_cov_10.964356	46.7	538	729	0.167353	2.20e-24	acc|REFSEQ|YP_003969830.1|REFSEQ|NC_014637|putative ubiquitin-conjugating enzyme E2 [Cafeteria roenbergensis virus BV-PW1]	Cafeteria roenbergensis virus BV-PW1	Blastx
SRR14574591	NODE_4632_length_215_cov_1.912088	73.2	215	700	0.101429	2.22e-24	acc|GENBANK|AAA33448.1|GENBANK|M94481|reverse transcriptase [Zea mays]	Zea mays	Blastx
SRR14574591	NODE_3938_length_488_cov_1.208791	50.5	488	528	0.206439	2.26e-24	acc|GENBANK|USI00830.1|GENBANK|ON753199|retrotransposon protein, putative Ty1-copia [Oryza sativa Japonica Group]	Oryza sativa Japonica Group	Blastx
SRR14574591	NODE_36210_length_200_cov_2.101796	72.7	200	791	0.083439	2.47e-24	acc|GENBANK|UGN61890.1|GENBANK|OK330388|retrotransposon protein [Cucumis melo subsp. melo]	Cucumis melo subsp. melo	Blastx
SRR14574591	NODE_42731_length_233_cov_1.170000	57.1	233	479	0.160752	2.52e-24	acc|GENBANK|CCQ71106.1|GENBANK|HF586472|putative N-myristoyltransferase NMT [Cotesia congregata]	Cotesia congregata	Blastx
SRR14574591	NODE_19416_length_400_cov_1.741144	62.0	400	418	0.169856	2.69e-24	acc|GENBANK|CAK7597149.1|GENBANK|OZ003748|Chaperone DnaJ [Catovirus sp. 'naegleriensis']	Catovirus sp. 'naegleriensis'	Blastx
SRR14574591	NODE_43114_length_235_cov_1.158416	59.0	235	347	0.224784	2.85e-24	acc|GENBANK|AGE53603.1|GENBANK|JX997168|GDP-L-fucose synthase 2 [Acanthocystis turfacea Chlorella virus GM0701.1]	Acanthocystis turfacea Chlorella virus GM0701.1	Blastx
SRR14574591	NODE_6943_length_593_cov_2.085714	36.4	593	1214	0.124382	3.15e-24	acc|GENBANK|AAM82604.1|GENBANK|AF525305|putative AP endonuclease/reverse transcriptase [Brassica napus]	Brassica napus	Blastx
SRR14574591	NODE_16329_length_361_cov_1.411585	60.5	361	359	0.225627	3.22e-24	acc|GENBANK|WZO81958.1|GENBANK|PP681879|agmatine deiminase [Chlorovirus sp.]	Chlorovirus sp.	Blastx
SRR14574591	NODE_9722_length_1371_cov_3.925262	29.0	1371	1083	0.241921	3.63e-24	acc|GENBANK|AAB62532.1|GENBANK|AF001075|gag-v-phosphoinositide 3-kinase catalytic [Avian sarcoma virus 16]	Avian sarcoma virus 16	Blastx
SRR14574591	NODE_51423_length_202_cov_1.863905	71.6	202	203	0.330049	3.88e-24	acc|GENBANK|AYV75892.1|GENBANK|MK071981|putative Ras-related protein Rab7 [Terrestrivirus sp.]	Terrestrivirus sp.	Blastx
SRR14574591	NODE_51264_length_483_cov_1.806667	41.3	483	471	0.329087	4.15e-24	acc|GENBANK|AFV13457.1|GENBANK|JQ314445|UDPG-flavonoid 3-O-glucosyl transferase [Tripsacum dactyloides]	Tripsacum dactyloides	Blastx
SRR14574591	NODE_8240_length_301_cov_1.742537	65.7	301	194	0.360825	4.15e-24	acc|GENBANK|AYV76261.1|GENBANK|MK071983|CuZnSOD [Terrestrivirus sp.]	Terrestrivirus sp.	Blastx
SRR14574591	NODE_3344_length_567_cov_2.402622	37.2	567	1570	0.114650	4.62e-24	acc|GENBANK|WIL04199.1|GENBANK|OQ413577|serine/threonine-protein kinase/receptor [Cedratvirus lena]	Cedratvirus lena	Blastx
SRR14574591	NODE_1269_length_1966_cov_6.736161	42.9	1966	815	0.180368	4.69e-24	acc|REFSEQ|YP_010781262.1|REFSEQ|NC_075038|mimivirus elongation factor aef-2 [Tupanvirus deep ocean]	Tupanvirus deep ocean	Blastx
SRR14574591	NODE_28358_length_316_cov_2.572438	56.3	316	919	0.104461	4.81e-24	acc|GENBANK|AYV75146.1|GENBANK|MK071979|plasma membrane ATPase [Terrestrivirus sp.]	Terrestrivirus sp.	Blastx
SRR14574591	NODE_15008_length_319_cov_2.597902	48.1	319	686	0.154519	4.86e-24	acc|GENBANK|WNO13952.1|GENBANK|OQ968299|coat protein [Guapo partitivirus]	Guapo partitivirus	Blastx
SRR14574591	NODE_7923_length_414_cov_6.146982	44.2	414	1790	0.072067	5.05e-24	acc|REFSEQ|YP_009481560.1|REFSEQ|NC_037665|serine-threonine kinase [Pandoravirus macleodensis]	Pandoravirus macleodensis	Blastx
SRR14574591	NODE_6690_length_417_cov_1.557292	42.1	417	1033	0.135528	5.06e-24	acc|REFSEQ|YP_010782239.1|REFSEQ|NC_075039|putative ATP-citrate synthase [Tupanvirus soda lake]	Tupanvirus soda lake	Blastx
SRR14574591	NODE_22301_length_647_cov_1.910423	37.8	647	414	0.345411	5.18e-24	acc|GENBANK|QKF94081.1|GENBANK|MT418680|serine/threonine-protein kinase [Fadolivirus FV1/VV64]	Fadolivirus FV1/VV64	Blastx
SRR14574591	NODE_3548_length_596_cov_1.772647	41.1	596	405	0.306173	5.45e-24	acc|GENBANK|WGU26824.1|GENBANK|OQ503488|eukaryotic initiation factor 4A-III B-like [Triticum monococcum]	Triticum monococcum	Blastx
SRR14574591	NODE_18140_length_311_cov_2.341727	50.0	311	593	0.168634	5.48e-24	acc|GENBANK|WIL04310.1|GENBANK|OQ413577|ABC2 type transporter [Cedratvirus lena]	Cedratvirus lena	Blastx
SRR14574591	NODE_9370_length_511_cov_4.650628	38.3	511	737	0.202171	5.65e-24	acc|GENBANK|CCQ71381.1|GENBANK|HF586479|hypothetical cystein protease Calpain-B [Cotesia congregata]	Cotesia congregata	Blastx
SRR14574591	NODE_51464_length_307_cov_1.802920	55.9	307	1822	0.051043	5.98e-24	acc|GENBANK|BCU03103.1|GENBANK|LC625835|serine/threonine protein kinase [Pandoravirus japonicus]	Pandoravirus japonicus	Blastx
SRR14574591	NODE_19981_length_218_cov_1.783784	62.5	218	143	0.503497	6.01e-24	acc|GENBANK|UOG94409.1|NEIGHBOR|OM876856|eukaryotic translation initiation factor [Aureococcus anophagefferens virus]	Aureococcus anophagefferens virus	Blastx
SRR14574591	NODE_41356_length_226_cov_1.818653	60.8	226	479	0.154489	6.10e-24	acc|GENBANK|CCQ71106.1|GENBANK|HF586472|putative N-myristoyltransferase NMT [Cotesia congregata]	Cotesia congregata	Blastx
SRR14574591	NODE_15486_length_1425_cov_20.088362	34.8	1425	279	0.670251	6.44e-24	acc|GENBANK|QBK87117.1|GENBANK|MK500344|putative serine/threonine protein kinase [Marseillevirus LCMAC201]	Marseillevirus LCMAC201	Blastx
SRR14574591	NODE_17784_length_468_cov_1.498851	50.9	468	727	0.148556	6.50e-24	acc|GENBANK|ABY48138.1|GENBANK|EU306659|ABC transporter [Medicago truncatula]	Medicago truncatula	Blastx
SRR14574591	NODE_12750_length_878_cov_4.661538	38.7	878	164	0.835366	6.67e-24	acc|GENBANK|QFG73678.1|GENBANK|MN448266|inorganic pyrophosphatase [Megaviridae environmental sample]	Megaviridae environmental sample	Blastx
SRR14574591	NODE_28920_length_676_cov_3.225505	35.4	676	299	0.424749	7.00e-24	acc|GENBANK|UOG94093.1|NEIGHBOR|OM876856|serine threonine-protein phosphatase [Aureococcus anophagefferens virus]	Aureococcus anophagefferens virus	Blastx
SRR14574591	NODE_42241_length_231_cov_1.181818	71.4	231	407	0.154791	7.54e-24	acc|GENBANK|ARF08154.1|GENBANK|KY684083|acetamidase/formamidase family protein [Catovirus CTV1]	Catovirus CTV1	Blastx
SRR14574591	NODE_6362_length_431_cov_4.756281	59.2	431	691	0.109986	7.56e-24	acc|GENBANK|ABY48131.1|GENBANK|EU306659|zinc finger protein [Medicago truncatula]	Medicago truncatula	Blastx
SRR14574591	NODE_1960_length_912_cov_3.260523	28.3	912	491	0.446029	7.61e-24	acc|GENBANK|QIG59637.1|GENBANK|MN940577|hypothetical protein [Dishui Lake phycodnavirus 2]	Dishui Lake phycodnavirus 2	Blastx
SRR14574591	NODE_733_length_571_cov_153.856877	42.2	571	327	0.412844	7.89e-24	acc|GENBANK|QFG73901.1|GENBANK|MN448274|papain family cysteine protease [Megaviridae environmental sample]	Megaviridae environmental sample	Blastx
SRR14574591	NODE_9642_length_847_cov_4.135135	35.3	847	411	0.406326	7.96e-24	acc|GENBANK|QBK89188.1|GENBANK|MK500409|uncharacterized protein [Mimivirus LCMiAC02]	Mimivirus LCMiAC02	Blastx
SRR14574591	NODE_2265_length_1198_cov_9.138197	34.9	1198	385	0.594805	8.11e-24	acc|GENBANK|UOG94340.1|NEIGHBOR|OM876856|pectate lyase [Aureococcus anophagefferens virus]	Aureococcus anophagefferens virus	Blastx
SRR14574591	NODE_8799_length_338_cov_3.111475	51.5	338	697	0.147776	8.39e-24	acc|REFSEQ|YP_010781946.1|REFSEQ|NC_075039|catalase [Tupanvirus soda lake]	Tupanvirus soda lake	Blastx
SRR14574591	NODE_45265_length_247_cov_1.093458	61.4	247	832	0.099760	9.00e-24	acc|GENBANK|BAD00047.1|GENBANK|AB119282|Fusion protein, Feo [Hepacivirus hominis]	Hepacivirus hominis	Blastx
SRR14574591	NODE_7132_length_926_cov_4.229563	31.7	926	279	0.949821	9.50e-24	acc|GENBANK|QBK87125.1|GENBANK|MK500344|NADP oxidoreductase coenzyme F420-dependent [Marseillevirus LCMAC201]	Marseillevirus LCMAC201	Blastx
SRR14574591	NODE_50982_length_402_cov_0.951220	46.1	402	447	0.257271	9.51e-24	acc|REFSEQ|NP_077596.1|REFSEQ|NC_002687|serine-threonine kinase [Ectocarpus siliculosus virus 1]	Ectocarpus siliculosus virus 1	Blastx
SRR14574591	NODE_5715_length_444_cov_2.189781	44.9	444	471	0.292994	9.65e-24	acc|GENBANK|AFV13457.1|GENBANK|JQ314445|UDPG-flavonoid 3-O-glucosyl transferase [Tripsacum dactyloides]	Tripsacum dactyloides	Blastx
SRR14574591	NODE_25483_length_785_cov_2.308511	38.3	785	720	0.231944	9.72e-24	acc|GENBANK|ARF11650.1|GENBANK|KY684109|HrpA-like RNA helicase [Klosneuvirus KNV1]	Klosneuvirus KNV1	Blastx
SRR14574591	NODE_20761_length_254_cov_0.945701	58.5	254	783	0.104725	9.74e-24	acc|GENBANK|QFG73724.1|GENBANK|MN448270|Hsp90 protein [Megaviridae environmental sample]	Megaviridae environmental sample	Blastx
SRR14574591	NODE_20554_length_383_cov_1.874286	98.0	383	85	0.576471	9.82e-24	acc|REFSEQ|NP_955119.1|REFSEQ|NC_005309|CNPV096 ubiquitin [Canarypox virus]	Canarypox virus	Blastx
SRR14574591	NODE_29436_length_881_cov_3.314858	25.3	881	283	1.021201	1.04e-23	acc|GENBANK|QKF93593.1|GENBANK|MT418680|euykaryotic ethanolamine kinase [Fadolivirus FV1/VV64]	Fadolivirus FV1/VV64	Blastx
SRR14574591	NODE_1721_length_657_cov_10.371795	44.6	657	549	0.269581	1.06e-23	acc|GENBANK|WGU26815.1|GENBANK|OQ503488|pentatricopeptide repeat-containing protein [Triticum monococcum]	Triticum monococcum	Blastx
SRR14574591	NODE_11959_length_1271_cov_13.180129	50.0	1271	1946	0.059609	1.11e-23	acc|GENBANK|ADB85424.1|GENBANK|GQ252887|putative retrotransposon protein [Phyllostachys edulis]	Phyllostachys edulis	Blastx
SRR14574591	NODE_51068_length_421_cov_1.909794	47.7	421	572	0.194056	1.11e-23	acc|REFSEQ|YP_009448872.1|REFSEQ|NC_036594|Bi-functional 3,4-dihydroxy-2-butanone [Orpheovirus IHUMI-LCC2]	Orpheovirus IHUMI-LCC2	Blastx
SRR14574591	NODE_2475_length_1310_cov_31.434612	38.7	1310	299	0.561873	1.18e-23	acc|GENBANK|QIG59714.1|GENBANK|MN940578|putative spermidine [Dishui Lake phycodnavirus 3]	Dishui Lake phycodnavirus 3	Blastx
SRR14574591	NODE_51212_length_458_cov_2.202353	38.9	458	557	0.281867	1.19e-23	acc|GENBANK|WGU26825.1|GENBANK|OQ503488|putative acyl-activating enzyme 5 [Triticum monococcum]	Triticum monococcum	Blastx
SRR14574591	NODE_31153_length_240_cov_2.159420	82.5	240	450	0.126667	1.20e-23	acc|GENBANK|UKZ11455.1|GENBANK|OM339720|hypothetical protein [Emiliania huxleyi virus M1]	Emiliania huxleyi virus M1	Blastx
SRR14574591	NODE_11315_length_1406_cov_11.346686	41.4	1406	226	0.672566	1.25e-23	acc|GENBANK|ARF08362.1|GENBANK|KY684083|cyclophilin type peptidyl-prolyl cis-trans [Catovirus CTV1]	Catovirus CTV1	Blastx
SRR14574591	NODE_5360_length_397_cov_2.502747	38.7	397	694	0.242075	1.29e-23	acc|REFSEQ|YP_010780645.1|REFSEQ|NC_075038|catalase HPII [Tupanvirus deep ocean]	Tupanvirus deep ocean	Blastx
SRR14574591	NODE_51023_length_411_cov_1.547619	51.0	411	186	0.537634	1.32e-23	acc|REFSEQ|YP_009120778.1|REFSEQ|NC_026440|GTP cyclohydrolase [Pandoravirus inopinatum]	Pandoravirus inopinatum	Blastx
SRR14574591	NODE_1666_length_979_cov_72.436575	32.1	979	512	0.431641	1.40e-23	acc|REFSEQ|YP_009448762.1|REFSEQ|NC_036594|serine-threonine kinase [Orpheovirus IHUMI-LCC2]	Orpheovirus IHUMI-LCC2	Blastx
SRR14574591	NODE_2498_length_1053_cov_4.132353	29.2	1053	947	0.256600	1.42e-23	acc|GENBANK|QFG74991.1|GENBANK|MN448296|MutS domain V-like protein [Megaviridae environmental sample]	Megaviridae environmental sample	Blastx
SRR14574591	NODE_50575_length_349_cov_1.481013	41.1	349	166	0.674699	1.50e-23	acc|REFSEQ|YP_009119934.1|REFSEQ|NC_026440|serine-threonine kinase [Pandoravirus inopinatum]	Pandoravirus inopinatum	Blastx
SRR14574591	NODE_13682_length_614_cov_5.640275	55.8	614	189	0.407407	1.51e-23	acc|REFSEQ|YP_009448796.1|REFSEQ|NC_036594|Fatty acid hydroxylase (C-4 methyl sterol [Orpheovirus IHUMI-LCC2]	Orpheovirus IHUMI-LCC2	Blastx
SRR14574591	NODE_23093_length_309_cov_1.047101	54.0	309	727	0.137552	1.52e-23	acc|GENBANK|ADB85269.1|GENBANK|GQ252805|putative lectin-like protein kinase [Phyllostachys edulis]	Phyllostachys edulis	Blastx
SRR14574591	NODE_48416_length_269_cov_0.987288	47.7	269	1384	0.095376	1.66e-23	acc|GENBANK|ADB85299.1|GENBANK|GQ252825|putative retrotransposon protein [Phyllostachys edulis]	Phyllostachys edulis	Blastx
SRR14574591	NODE_29514_length_999_cov_2.692547	29.1	999	267	1.093633	1.71e-23	acc|GENBANK|WRJ69708.1|GENBANK|OR001839|mitochondrial substrate carrier family protein [Oceanusvirus sp.]	Oceanusvirus sp.	Blastx
SRR14574591	NODE_51278_length_496_cov_1.516199	36.1	496	936	0.177350	1.71e-23	acc|GENBANK|QFG74471.1|GENBANK|MN448288|glycine cleavage system P-protein [Megaviridae environmental sample]	Megaviridae environmental sample	Blastx
SRR14574591	NODE_50354_length_330_cov_1.181818	64.3	330	143	0.489510	1.87e-23	acc|GENBANK|UOG94409.1|NEIGHBOR|OM876856|eukaryotic translation initiation factor [Aureococcus anophagefferens virus]	Aureococcus anophagefferens virus	Blastx
SRR14574591	NODE_20256_length_413_cov_1.155263	87.2	413	57	0.824561	1.88e-23	acc|GENBANK|AGU70134.1|GENBANK|KF270089|PMSR [Tarenaya hassleriana]	Tarenaya hassleriana	Blastx
SRR14574591	NODE_27827_length_217_cov_1.614130	69.0	217	634	0.111987	2.01e-23	acc|GENBANK|QOI90398.1|GENBANK|MT663536|movement protein Hsp70h [Pyramimonas orientalis virus]	Pyramimonas orientalis virus	Blastx
SRR14574591	NODE_41642_length_228_cov_1.200000	75.5	228	94	0.563830	2.12e-23	acc|GENBANK|AAF37863.1|GENBANK|AF231937|reverse transcriptase-like protein [Ipomoea batatas]	Ipomoea batatas	Blastx
SRR14574591	NODE_44726_length_244_cov_1.109005	56.3	244	365	0.219178	2.14e-23	acc|GENBANK|QBK88980.1|GENBANK|MK500406|NAD dependent epimerase/dehydratase [Mimivirus LCMiAC02]	Mimivirus LCMiAC02	Blastx
SRR14574591	NODE_28684_length_449_cov_1.475962	59.3	449	129	0.666667	2.52e-23	acc|GENBANK|AKE34115.1|GENBANK|KR068481|alpha karyopherin [Okra enation leaf curl virus]	Okra enation leaf curl virus	Blastx
SRR14574591	NODE_42331_length_231_cov_1.181818	61.1	231	875	0.082286	2.54e-23	acc|GENBANK|BDT62894.1|GENBANK|LC738879|DNA ligase 1-like protein [Trachysalambria curvirostris majanivirus]	Trachysalambria curvirostris majanivirus	Blastx
SRR14574591	NODE_4551_length_505_cov_1.205508	51.7	505	1164	0.076460	2.64e-23	acc|GENBANK|ADX05878.1|GENBANK|HQ704802|putative DNA-directed RNA polymerase [Organic Lake phycodnavirus 1]	Organic Lake phycodnavirus 1	Blastx
SRR14574591	NODE_50743_length_365_cov_1.337349	56.0	365	154	0.545455	2.64e-23	acc|GENBANK|AYV75407.1|GENBANK|MK071979|peptide-methionine (R)-S-oxide reductase [Terrestrivirus sp.]	Terrestrivirus sp.	Blastx
SRR14574591	NODE_21065_length_722_cov_1.973875	36.2	722	299	0.581940	2.85e-23	acc|GENBANK|QRE02559.1|GENBANK|MN545489|hypothetical protein [Otarine gammaherpesvirus 4]	Otarine gammaherpesvirus 4	Blastx
SRR14574591	NODE_5096_length_517_cov_3.458678	35.7	517	925	0.184865	2.94e-23	acc|GENBANK|ABY48139.1|GENBANK|EU306659|NORK [Medicago truncatula]	Medicago truncatula	Blastx
SRR14574591	NODE_10041_length_744_cov_7.364276	30.0	744	272	0.919118	2.95e-23	acc|REFSEQ|YP_009177065.1|REFSEQ|NC_028238|T10-like protein [Turkeypox virus]	Turkeypox virus	Blastx
SRR14574591	NODE_45540_length_249_cov_1.083333	62.7	249	705	0.106383	3.23e-23	acc|GENBANK|WGU26716.1|NEIGHBOR|OQ513807|DNA-directed RNA polymerase subunit 2 [Infectious spleen and kidney necrosis virus]	Infectious spleen and kidney necrosis virus	Blastx
SRR14574591	NODE_17150_length_343_cov_1.106452	48.4	343	1263	0.073634	3.28e-23	acc|GENBANK|ABG37655.1|GENBANK|DQ536162|integrase [Populus trichocarpa]	Populus trichocarpa	Blastx
SRR14574591	NODE_13295_length_1247_cov_37.827842	25.8	1247	268	1.111940	3.33e-23	acc|GENBANK|QBK91399.1|GENBANK|MK500535|mitochondrial carrier-like protein [Pithovirus LCPAC302]	Pithovirus LCPAC302	Blastx
SRR14574591	NODE_15617_length_423_cov_1.135897	38.4	423	737	0.187246	3.37e-23	acc|GENBANK|AAL66752.1|GENBANK|AF464738|putative transposase [Zea mays]	Zea mays	Blastx
SRR14574591	NODE_18259_length_362_cov_1.854103	47.1	362	154	0.675325	3.61e-23	acc|GENBANK|QDH05987.1|GENBANK|MK264918|Ld-sod [Lymantria dispar multiple nucleopolyhedrovirus]	Lymantria dispar multiple nucleopolyhedrovirus	Blastx
SRR14574591	NODE_3652_length_695_cov_3.853474	44.7	695	870	0.162069	3.87e-23	acc|GENBANK|WZO87275.1|GENBANK|PP681894|ATPase [Chlorovirus sp.]	Chlorovirus sp.	Blastx
SRR14574591	NODE_10465_length_446_cov_1.978208	41.7	446	590	0.203390	3.90e-23	acc|GENBANK|AYV86827.1|GENBANK|MK072516|CMGC/MAPK protein kinase [Sylvanvirus sp.]	Sylvanvirus sp.	Blastx
SRR14574591	NODE_50611_length_352_cov_1.445141	59.5	352	418	0.188995	3.95e-23	acc|GENBANK|CAK7597149.1|GENBANK|OZ003748|Chaperone DnaJ [Catovirus sp. 'naegleriensis']	Catovirus sp. 'naegleriensis'	Blastx
SRR14574591	NODE_29358_length_397_cov_1.472527	40.3	397	366	0.366120	3.98e-23	acc|GENBANK|WRJ69895.1|GENBANK|OR001839|phosphoserine aminotransferase [Oceanusvirus sp.]	Oceanusvirus sp.	Blastx
SRR14574591	NODE_27927_length_329_cov_2.459459	51.0	329	383	0.261097	4.02e-23	acc|GENBANK|AJA91762.1|GENBANK|KM434202|dihydroflavonol 4-reductase [Allium cepa]	Allium cepa	Blastx
SRR14574591	NODE_48990_length_274_cov_0.970954	51.7	274	564	0.157801	4.03e-23	acc|GENBANK|AWA44801.1|GENBANK|MH182523|ATP-dependent 6-phosphofructokinase [Saccharum officinarum]	Saccharum officinarum	Blastx
SRR14574591	NODE_6187_length_525_cov_3.955285	42.1	525	388	0.311856	4.21e-23	acc|GENBANK|CCQ71327.1|GENBANK|HF586476|hypothetical protein kinase Pka-C1 [Cotesia congregata]	Cotesia congregata	Blastx
SRR14574591	NODE_7770_length_829_cov_4.307789	28.0	829	311	0.803859	4.40e-23	acc|GENBANK|AYV82542.1|GENBANK|MK072383|SDR family NAD(P)-dependent oxidoreductase [Hyperionvirus sp.]	Hyperionvirus sp.	Blastx
SRR14574591	NODE_26343_length_293_cov_1.669231	46.7	293	302	0.298013	4.58e-23	acc|GENBANK|QBK92300.1|GENBANK|MK500573|NAD dependent epimerase/dehydratase [Pithovirus LCPAC304]	Pithovirus LCPAC304	Blastx
SRR14574591	NODE_51286_length_502_cov_1.245203	40.6	502	919	0.168662	4.61e-23	acc|GENBANK|AYV75146.1|GENBANK|MK071979|plasma membrane ATPase [Terrestrivirus sp.]	Terrestrivirus sp.	Blastx
SRR14574591	NODE_8341_length_326_cov_1.191126	45.8	326	299	0.357860	4.74e-23	acc|GENBANK|UOG94093.1|NEIGHBOR|OM876856|serine threonine-protein phosphatase [Aureococcus anophagefferens virus]	Aureococcus anophagefferens virus	Blastx
SRR14574591	NODE_12760_length_1095_cov_5.450094	27.9	1095	396	0.805556	4.95e-23	acc|GENBANK|QBK92180.1|GENBANK|MK500568|DEAD/DEAH box helicase [Pithovirus LCPAC304]	Pithovirus LCPAC304	Blastx
SRR14574591	NODE_19666_length_586_cov_2.048825	40.3	586	2262	0.052608	4.99e-23	acc|GENBANK|AAQ82037.1|GENBANK|AY299398|gag/pol polyprotein [Pisum sativum]	Pisum sativum	Blastx
SRR14574591	NODE_13524_length_793_cov_14.334211	36.5	793	566	0.280919	5.18e-23	acc|GENBANK|QBK89567.1|GENBANK|MK500428|phosphatidylinositol-specific phospholipase C [Pithovirus LCPAC001]	Pithovirus LCPAC001	Blastx
SRR14574591	NODE_26419_length_558_cov_2.840000	37.6	558	506	0.326087	5.63e-23	acc|GENBANK|QBK91537.1|GENBANK|MK500544|cyclin-dependent protein kinase [Pithovirus LCPAC302]	Pithovirus LCPAC302	Blastx
SRR14574591	NODE_18930_length_258_cov_2.986667	68.2	258	382	0.172775	6.11e-23	acc|GENBANK|AAB31930.2|GENBANK|S74099|v-myb product [Avian myeloblastosis virus]	Avian myeloblastosis virus	Blastx
SRR14574591	NODE_29749_length_584_cov_2.252269	39.8	584	266	0.605263	6.24e-23	acc|GENBANK|QBK88934.1|GENBANK|MK500406|protein phosphatase 2C [Mimivirus LCMiAC02]	Mimivirus LCMiAC02	Blastx
SRR14574591	NODE_9771_length_1074_cov_6.905860	33.0	1074	261	0.892720	6.28e-23	acc|GENBANK|AYV79236.1|GENBANK|MK072137|serine/threonine protein phosphatase [Faunusvirus sp.]	Faunusvirus sp.	Blastx
SRR14574591	NODE_3748_length_730_cov_2.113343	46.7	730	344	0.348837	6.36e-23	acc|GENBANK|QFG74169.1|GENBANK|MN448282|aspartyl protease [Megaviridae environmental sample]	Megaviridae environmental sample	Blastx
SRR14574591	NODE_16368_length_379_cov_1.635838	45.5	379	618	0.181230	6.43e-23	acc|GENBANK|QKF93461.1|GENBANK|MT418680|GMP synthetase glutamine amidotransferase and [Fadolivirus FV1/VV64]	Fadolivirus FV1/VV64	Blastx
SRR14574591	NODE_11777_length_1915_cov_13.885760	44.8	1915	220	0.659091	7.26e-23	acc|GENBANK|UOG94371.1|NEIGHBOR|OM876856|peptidyl-prolyl cis-trans isomerase [Aureococcus anophagefferens virus]	Aureococcus anophagefferens virus	Blastx
SRR14574591	NODE_11129_length_281_cov_9.830645	69.0	281	226	0.314159	7.32e-23	acc|GENBANK|ACS71538.1|GENBANK|GQ169758|Ham1-like protein [Cassava brown streak virus]	Cassava brown streak virus	Blastx
SRR14574591	NODE_43442_length_237_cov_1.053922	57.7	237	365	0.213699	7.43e-23	acc|GENBANK|BDT62135.1|GENBANK|LC738872|heat shock protein 40-like protein [Litopenaeus vannamei majanivirus Nimav-1_LVa]	Litopenaeus vannamei majanivirus Nimav-1_LVa	Blastx
SRR14574591	NODE_13182_length_780_cov_25.226238	35.0	780	651	0.359447	7.57e-23	acc|GENBANK|QBK86751.1|GENBANK|MK500335|uncharacterized protein [Marseillevirus LCMAC103]	Marseillevirus LCMAC103	Blastx
SRR14574591	NODE_48842_length_273_cov_0.975000	50.6	273	330	0.269697	7.72e-23	acc|GENBANK|QBK87492.1|GENBANK|MK500354|beta-propeller fold protein [Marseillevirus LCMAC201]	Marseillevirus LCMAC201	Blastx
SRR14574591	NODE_2616_length_652_cov_2.864297	32.7	652	679	0.310751	8.19e-23	acc|GENBANK|AYV78344.1|GENBANK|MK072075|S9 family peptidase [Edafosvirus sp.]	Edafosvirus sp.	Blastx
SRR14574591	NODE_49123_length_275_cov_0.966942	52.4	275	691	0.118669	8.28e-23	acc|GENBANK|UPW42252.1|GENBANK|ON001649|putative RNA dependent RNA polymerase [Xisha Islands farmland mitovirus 5]	Xisha Islands farmland mitovirus 5	Blastx
SRR14574591	NODE_29124_length_740_cov_2.471004	29.9	740	1044	0.240421	8.32e-23	acc|GENBANK|BAC54898.1|GENBANK|AB083008|supressor of Ty element 16 [Drosophila melanogaster]	Drosophila melanogaster	Blastx
SRR14574591	NODE_51288_length_504_cov_1.422505	41.5	504	511	0.277886	8.38e-23	acc|GENBANK|ARF11617.1|GENBANK|KY684109|lysyl-tRNA synthetase [Klosneuvirus KNV1]	Klosneuvirus KNV1	Blastx
SRR14574591	NODE_28878_length_499_cov_2.532189	68.7	499	337	0.198813	8.62e-23	acc|GENBANK|QDY52204.1|GENBANK|MK250089|acetohydroxy acid isomeroreductase [Mimiviridae sp. ChoanoV1]	Mimiviridae sp. ChoanoV1	Blastx
SRR14574591	NODE_818_length_1049_cov_12.339567	31.9	1049	447	0.532438	8.76e-23	acc|GENBANK|QKF93746.1|GENBANK|MT418680|histidyl-tRNA synthetase [Fadolivirus FV1/VV64]	Fadolivirus FV1/VV64	Blastx
SRR14574591	NODE_671_length_963_cov_21.764516	29.4	963	407	0.584767	8.84e-23	acc|GENBANK|QBK87745.1|GENBANK|MK500369|D-isomer specific 2-hydroxyacid dehydrogenase, [Marseillevirus LCMAC202]	Marseillevirus LCMAC202	Blastx
SRR14574591	NODE_3730_length_1341_cov_4.938073	33.6	1341	498	0.489960	9.16e-23	acc|REFSEQ|YP_010781610.1|REFSEQ|NC_075039|hypothetical protein [Tupanvirus soda lake]	Tupanvirus soda lake	Blastx
SRR14574591	NODE_5078_length_845_cov_4.139163	33.5	845	476	0.470588	9.42e-23	acc|GENBANK|QPI16652.1|GENBANK|MW030591|serine endoprotease [Virus NIOZ-UU159]	Virus NIOZ-UU159	Blastx
SRR14574591	NODE_45139_length_247_cov_1.093458	58.0	247	540	0.150000	9.44e-23	acc|GENBANK|WZO90291.1|GENBANK|PP681901|CTP synthetase [Chlorovirus sp.]	Chlorovirus sp.	Blastx
SRR14574591	NODE_399_length_709_cov_12.704142	41.9	709	201	0.641791	9.57e-23	acc|GENBANK|WGU26826.1|GENBANK|OQ503488|casparian strip membrane protein [Triticum monococcum]	Triticum monococcum	Blastx
SRR14574591	NODE_5023_length_339_cov_3.346405	50.4	339	727	0.155433	1.05e-22	acc|GENBANK|ADB85269.1|GENBANK|GQ252805|putative lectin-like protein kinase [Phyllostachys edulis]	Phyllostachys edulis	Blastx
SRR14574591	NODE_13120_length_700_cov_2.466267	36.9	700	1535	0.102280	1.13e-22	acc|GENBANK|XDO02170.1|GENBANK|PP542043|DNA-Directed RNA polymerase II Subunit Rpb1 [Florenciella sp. virus SA2]	Florenciella sp. virus SA2	Blastx
SRR14574591	NODE_46119_length_252_cov_1.205479	56.8	252	118	0.627119	1.15e-22	acc|GENBANK|AAK15812.1|GENBANK|AY015668|pol protein integrase region [Cedrus atlantica]	Cedrus atlantica	Blastx
SRR14574591	NODE_25858_length_464_cov_1.573086	37.4	464	478	0.324268	1.17e-22	acc|GENBANK|AAK84479.1|GENBANK|AF275345|putative auxin growth promotor protein [Solanum lycopersicum]	Solanum lycopersicum	Blastx
SRR14574591	NODE_29637_length_493_cov_1.439130	47.8	493	212	0.433962	1.20e-22	acc|GENBANK|AYV82031.1|GENBANK|MK072334|Ras-like protein Rab-11A [Homavirus sp.]	Homavirus sp.	Blastx
SRR14574591	NODE_24056_length_832_cov_1.663329	34.3	832	313	0.539936	1.25e-22	acc|REFSEQ|YP_006908763.1|REFSEQ|NC_018874|putative guanylate kinase [Abalone herpesvirus Victoria/AUS/2009]	Abalone herpesvirus Victoria/AUS/2009	Blastx
SRR14574591	NODE_2804_length_516_cov_25.393375	36.5	516	151	0.907285	1.35e-22	acc|GENBANK|QDY52267.1|GENBANK|MK250089|ubiquitin-conjugating enzyme [Mimiviridae sp. ChoanoV1]	Mimiviridae sp. ChoanoV1	Blastx
SRR14574591	NODE_6320_length_953_cov_2.983696	27.7	953	307	0.811075	1.37e-22	acc|REFSEQ|YP_009507635.1|REFSEQ|NC_038553|hypothetical protein [Heterosigma akashiwo virus 01]	Heterosigma akashiwo virus 01	Blastx
SRR14574591	NODE_50590_length_351_cov_1.103774	50.6	351	353	0.246459	1.44e-22	acc|GENBANK|QTF49489.1|GENBANK|MW004169|putative glutamine synthetase [Mimivirus reunion]	Mimivirus reunion	Blastx
SRR14574591	NODE_11942_length_606_cov_28.884817	43.4	606	121	0.876033	1.45e-22	acc|GENBANK|UNJ46594.1|GENBANK|OM135585|yippee [Drosophila melanogaster]	Drosophila melanogaster	Blastx
SRR14574591	NODE_27800_length_373_cov_2.308824	48.1	373	335	0.322388	1.47e-22	acc|GENBANK|ABY48132.1|GENBANK|EU306659|GH1 protein [Medicago truncatula]	Medicago truncatula	Blastx
SRR14574591	NODE_384_length_1031_cov_56.376754	36.2	1031	182	0.956044	1.51e-22	acc|REFSEQ|YP_009163818.1|REFSEQ|NC_027778|ORF_057R [Scale drop disease virus]	Scale drop disease virus	Blastx
SRR14574591	NODE_45653_length_250_cov_1.078341	55.3	250	676	0.125740	1.52e-22	acc|REFSEQ|YP_009173627.1|REFSEQ|NC_028094|Hsp70 protein [Chrysochromulina ericina virus]	Chrysochromulina ericina virus	Blastx
SRR14574591	NODE_14506_length_1610_cov_10.865568	28.1	1610	321	0.965732	1.53e-22	acc|GENBANK|AYV82329.1|GENBANK|MK072362|fructose-1,6-bisphosphatase, cytosolic-like [Homavirus sp.]	Homavirus sp.	Blastx
SRR14574591	NODE_13308_length_723_cov_10.372464	38.9	723	364	0.409341	1.53e-22	acc|GENBANK|ADB85405.1|GENBANK|GQ252886|putative protein kinase [Phyllostachys edulis]	Phyllostachys edulis	Blastx
SRR14574591	NODE_18351_length_273_cov_1.025000	70.3	273	1161	0.063738	1.58e-22	acc|GENBANK|AAP06788.1|GENBANK|AY234827|phytochrome B1 apoprotein [Zea mays]	Zea mays	Blastx
SRR14574591	NODE_30330_length_445_cov_24.033981	52.9	445	160	0.543750	1.58e-22	acc|GENBANK|ULY68493.1|GENBANK|OL828820|ubiquitin-conjugating enzyme E2 7 [Chlorella virus XW01]	Chlorella virus XW01	Blastx
SRR14574591	NODE_14407_length_3543_cov_9.355271	40.7	3543	499	0.324649	1.59e-22	acc|GENBANK|WGU26700.1|NEIGHBOR|OQ513807|non-structural polyprotein p200 [Infectious spleen and kidney necrosis virus]	Infectious spleen and kidney necrosis virus	Blastx
SRR14574591	NODE_42526_length_232_cov_1.763819	62.3	232	761	0.090670	1.64e-22	acc|GENBANK|QBK87503.1|GENBANK|MK500354|glutamyl-tRNA synthetase [Marseillevirus LCMAC201]	Marseillevirus LCMAC201	Blastx
SRR14574591	NODE_29307_length_787_cov_1.417772	31.7	787	871	0.304248	1.66e-22	acc|GENBANK|AGE51234.1|GENBANK|JX997161|calcium-transporting ATPase, plasma [Paramecium bursaria Chlorella virus CVG-1]	Paramecium bursaria Chlorella virus CVG-1	Blastx
SRR14574591	NODE_16974_length_734_cov_2.724679	39.5	734	520	0.330769	1.69e-22	acc|GENBANK|APO14197.1|GENBANK|KX098475|truncated DELLA protein [Setaria italica]	Setaria italica	Blastx
SRR14574591	NODE_30557_length_442_cov_2.200489	67.5	442	557	0.143627	1.69e-22	acc|GENBANK|WGU26825.1|GENBANK|OQ503488|putative acyl-activating enzyme 5 [Triticum monococcum]	Triticum monococcum	Blastx
SRR14574591	NODE_43719_length_239_cov_1.135922	55.1	239	197	0.395939	1.75e-22	acc|REFSEQ|YP_009449015.1|REFSEQ|NC_036594|GTP ras-related protein Rac1 [Orpheovirus IHUMI-LCC2]	Orpheovirus IHUMI-LCC2	Blastx
SRR14574591	NODE_50507_length_343_cov_1.296774	49.0	343	106	0.924528	1.81e-22	acc|GENBANK|QBK87648.1|GENBANK|MK500366|thioredoxin [Marseillevirus LCMAC201]	Marseillevirus LCMAC201	Blastx
SRR14574591	NODE_39742_length_218_cov_1.264865	68.5	218	265	0.275472	1.90e-22	acc|GENBANK|AAG09811.1|GENBANK|AF275345|MADS-box transcription factor JOINTLESS [Solanum lycopersicum]	Solanum lycopersicum	Blastx
SRR14574591	NODE_5060_length_561_cov_2.308712	69.2	561	86	0.906977	1.99e-22	acc|GENBANK|ACG26761.1|GENBANK|EU954643|retrotransposon protein [Zea mays]	Zea mays	Blastx
SRR14574591	NODE_23677_length_202_cov_0.928994	63.1	202	832	0.078125	2.01e-22	acc|GENBANK|BAD00047.1|GENBANK|AB119282|Fusion protein, Feo [Hepacivirus hominis]	Hepacivirus hominis	Blastx
SRR14574591	NODE_21230_length_298_cov_2.090566	46.4	298	288	0.336806	2.13e-22	acc|GENBANK|QMP82376.1|GENBANK|MT153362|hypothetical protein [red goblin roach virus 1]	red goblin roach virus 1	Blastx
SRR14574591	NODE_13112_length_1707_cov_17.064516	30.4	1707	727	0.403026	2.15e-22	acc|GENBANK|ADB85269.1|GENBANK|GQ252805|putative lectin-like protein kinase [Phyllostachys edulis]	Phyllostachys edulis	Blastx
SRR14574591	NODE_4799_length_561_cov_5.348485	40.0	561	384	0.338542	2.17e-22	acc|REFSEQ|YP_009120552.1|REFSEQ|NC_026440|Rad5-like protein [Pandoravirus inopinatum]	Pandoravirus inopinatum	Blastx
SRR14574591	NODE_5365_length_542_cov_2.935167	43.9	542	109	0.899083	2.18e-22	acc|GENBANK|QBK85947.1|GENBANK|MK500328|thioredoxin [Marseillevirus LCMAC101]	Marseillevirus LCMAC101	Blastx
SRR14574591	NODE_27782_length_580_cov_6.928702	50.0	580	371	0.264151	2.24e-22	acc|GENBANK|WNO13897.1|GENBANK|OQ968270|capsid protein [Berere partitivirus]	Berere partitivirus	Blastx
SRR14574591	NODE_27345_length_1066_cov_3.403679	28.2	1066	604	0.528146	2.25e-22	acc|GENBANK|ABH08432.1|GENBANK|DQ851167|putative non-inducible immunity 1 [Beta vulgaris]	Beta vulgaris	Blastx
SRR14574591	NODE_2751_length_649_cov_4.443182	31.3	649	249	0.730924	2.29e-22	acc|GENBANK|ACD54816.1|GENBANK|EU643495|carbonyl reductase-like protein [Adineta vaga]	Adineta vaga	Blastx
SRR14574591	NODE_17368_length_621_cov_3.583333	38.7	621	247	0.627530	2.40e-22	acc|REFSEQ|YP_009449316.1|REFSEQ|NC_036594|Fatty acid hydroxylase (C-5 sterol desaturase [Orpheovirus IHUMI-LCC2]	Orpheovirus IHUMI-LCC2	Blastx
SRR14574591	NODE_50509_length_343_cov_2.264516	43.0	343	653	0.174579	2.73e-22	acc|GENBANK|QBK88577.1|GENBANK|MK500392|threonyl-tRNA synthetase [Mimivirus LCMiAC01]	Mimivirus LCMiAC01	Blastx
SRR14574591	NODE_12803_length_1126_cov_16.832571	30.9	1126	752	0.305851	2.95e-22	acc|GENBANK|AYV76414.1|GENBANK|MK071984|HrpA-like RNA helicase [Terrestrivirus sp.]	Terrestrivirus sp.	Blastx
SRR14574591	NODE_8461_length_649_cov_8.019481	32.4	649	395	0.468354	2.97e-22	acc|GENBANK|AYV79137.1|GENBANK|MK072134|serine/threonine protein kinase [Faunusvirus sp.]	Faunusvirus sp.	Blastx
SRR14574591	NODE_993_length_415_cov_36.269634	46.8	415	562	0.197509	3.20e-22	acc|GENBANK|QDY52375.1|GENBANK|MK250091|asparagine synthase [Mimiviridae sp. ChoanoV1]	Mimiviridae sp. ChoanoV1	Blastx
SRR14574591	NODE_10735_length_690_cov_10.666667	36.3	690	248	0.645161	3.27e-22	acc|GENBANK|XDO02353.1|GENBANK|PP542043|Sdr Family Oxidoreductase [Florenciella sp. virus SA2]	Florenciella sp. virus SA2	Blastx
SRR14574591	NODE_30030_length_305_cov_2.033088	51.5	305	1694	0.058442	3.27e-22	acc|GENBANK|BFT93343.1|GENBANK|LC847964|Ser/Thr protein kinase [Medusavirus sp. 'euryale']	Medusavirus sp. 'euryale'	Blastx
SRR14574591	NODE_12946_length_1455_cov_5.992264	33.7	1455	354	0.485876	3.30e-22	acc|REFSEQ|YP_010781838.1|REFSEQ|NC_075039|acetoin utilization deacetylase [Tupanvirus soda lake]	Tupanvirus soda lake	Blastx
SRR14574591	NODE_12812_length_390_cov_13.089636	46.9	390	121	0.793388	3.42e-22	acc|GENBANK|UNJ46594.1|GENBANK|OM135585|yippee [Drosophila melanogaster]	Drosophila melanogaster	Blastx
SRR14574591	NODE_51512_length_415_cov_1.130890	41.0	415	395	0.296203	3.49e-22	acc|GENBANK|QDY52265.1|GENBANK|MK250089|hypothetical protein [Mimiviridae sp. ChoanoV1]	Mimiviridae sp. ChoanoV1	Blastx
SRR14574591	NODE_49774_length_292_cov_1.208494	55.9	292	169	0.603550	3.62e-22	acc|REFSEQ|YP_008438509.1|REFSEQ|NC_022098|S-phase kinase-associated protein 1 [Pandoravirus salinus]	Pandoravirus salinus	Blastx
SRR14574591	NODE_22777_length_427_cov_3.195431	50.0	427	291	0.371134	3.87e-22	acc|GENBANK|QBK87818.1|GENBANK|MK500370|copine [Marseillevirus LCMAC202]	Marseillevirus LCMAC202	Blastx
SRR14574591	NODE_37899_length_209_cov_1.329545	71.8	209	634	0.111987	4.02e-22	acc|GENBANK|QOI90398.1|GENBANK|MT663536|movement protein Hsp70h [Pyramimonas orientalis virus]	Pyramimonas orientalis virus	Blastx
SRR14574591	NODE_49091_length_275_cov_0.966942	55.3	275	1678	0.050656	4.06e-22	acc|GENBANK|QCC26833.1|GENBANK|MK532515|gagpol polyprotein [Zea mays]	Zea mays	Blastx
SRR14574591	NODE_40276_length_220_cov_1.251337	61.8	220	143	0.475524	4.11e-22	acc|GENBANK|UOG94409.1|NEIGHBOR|OM876856|eukaryotic translation initiation factor [Aureococcus anophagefferens virus]	Aureococcus anophagefferens virus	Blastx
SRR14574591	NODE_12850_length_1087_cov_11.575901	34.1	1087	288	0.621528	4.18e-22	acc|GENBANK|QMP82376.1|GENBANK|MT153362|hypothetical protein [red goblin roach virus 1]	red goblin roach virus 1	Blastx
SRR14574591	NODE_26019_length_840_cov_3.206939	27.8	840	703	0.384068	4.42e-22	acc|GENBANK|ARF09664.1|GENBANK|KY684086|HrpA-like RNA helicase [Indivirus ILV1]	Indivirus ILV1	Blastx
SRR14574591	NODE_2596_length_734_cov_3.021398	36.3	734	201	0.945274	4.53e-22	acc|GENBANK|WGU26826.1|GENBANK|OQ503488|casparian strip membrane protein [Triticum monococcum]	Triticum monococcum	Blastx
SRR14574591	NODE_475_length_1183_cov_11.023478	28.2	1183	285	0.982456	4.61e-22	acc|GENBANK|AYV80545.1|GENBANK|MK072244|hypothetical protein [Harvfovirus sp.]	Harvfovirus sp.	Blastx
SRR14574591	NODE_13285_length_1006_cov_13.570401	33.2	1006	210	1.019048	5.08e-22	acc|REFSEQ|YP_003969982.1|REFSEQ|NC_014637|putative prolyl 4-hydroxylase alpha subunit [Cafeteria roenbergensis virus BV-PW1]	Cafeteria roenbergensis virus BV-PW1	Blastx
SRR14574591	NODE_30909_length_1438_cov_3.948043	29.6	1438	727	0.414030	5.25e-22	acc|GENBANK|ADB85269.1|GENBANK|GQ252805|putative lectin-like protein kinase [Phyllostachys edulis]	Phyllostachys edulis	Blastx
SRR14574591	NODE_44521_length_243_cov_1.114286	74.1	243	182	0.318681	5.32e-22	acc|REFSEQ|YP_009163818.1|REFSEQ|NC_027778|ORF_057R [Scale drop disease virus]	Scale drop disease virus	Blastx
SRR14574591	NODE_17388_length_230_cov_1.010152	67.6	230	621	0.119163	5.35e-22	acc|GENBANK|AAK84478.1|GENBANK|AF275345|unknown [Solanum lycopersicum]	Solanum lycopersicum	Blastx
SRR14574591	NODE_30510_length_1684_cov_4.260448	32.2	1684	354	0.604520	5.62e-22	acc|REFSEQ|YP_010781838.1|REFSEQ|NC_075039|acetoin utilization deacetylase [Tupanvirus soda lake]	Tupanvirus soda lake	Blastx
SRR14574591	NODE_51243_length_474_cov_1.326531	60.5	474	1369	0.055515	5.70e-22	acc|GENBANK|BAG72152.1|GENBANK|AB430326|hypothetical protein [Lotus japonicus]	Lotus japonicus	Blastx
SRR14574591	NODE_14815_length_587_cov_8.882671	31.9	587	182	0.895604	5.94e-22	acc|REFSEQ|YP_009163818.1|REFSEQ|NC_027778|ORF_057R [Scale drop disease virus]	Scale drop disease virus	Blastx
SRR14574591	NODE_10046_length_314_cov_12.590747	50.0	314	559	0.175313	5.99e-22	acc|GENBANK|QBK91750.1|GENBANK|MK500565|putative serine/threonine protein kinase [Pithovirus LCPAC304]	Pithovirus LCPAC304	Blastx
SRR14574591	NODE_16112_length_545_cov_2.357422	38.4	545	703	0.244666	6.05e-22	acc|GENBANK|ARF09664.1|GENBANK|KY684086|HrpA-like RNA helicase [Indivirus ILV1]	Indivirus ILV1	Blastx
SRR14574591	NODE_47065_length_259_cov_1.035398	58.8	259	282	0.301418	6.31e-22	acc|GENBANK|AAL14448.1|GENBANK|AF397035|heat shock protein Hsc70t [Mus musculus]	Mus musculus	Blastx
SRR14574591	NODE_12641_length_1375_cov_21.598361	27.8	1375	399	0.756892	6.35e-22	acc|GENBANK|ARF09189.1|GENBANK|KY684084|phosphoglycerate dehydrogenase [Catovirus CTV1]	Catovirus CTV1	Blastx
SRR14574591	NODE_27429_length_290_cov_1.688716	54.3	290	919	0.102285	6.66e-22	acc|GENBANK|AYV75146.1|GENBANK|MK071979|plasma membrane ATPase [Terrestrivirus sp.]	Terrestrivirus sp.	Blastx
SRR14574591	NODE_5653_length_574_cov_3.942699	46.1	574	2037	0.056456	6.97e-22	acc|GENBANK|ABG37663.1|GENBANK|DQ536170|CCHC-type integrase [Populus trichocarpa]	Populus trichocarpa	Blastx
SRR14574591	NODE_39608_length_217_cov_1.271739	62.9	217	388	0.180412	7.08e-22	acc|GENBANK|AAU93529.1|GENBANK|AY691949|alcohol dehydrogenase 1 [Zea mays]	Zea mays	Blastx
SRR14574591	NODE_24629_length_446_cov_1.050847	51.0	446	925	0.108108	7.22e-22	acc|GENBANK|ABY48139.1|GENBANK|EU306659|NORK [Medicago truncatula]	Medicago truncatula	Blastx
SRR14574591	NODE_19943_length_542_cov_3.088409	45.3	542	339	0.345133	7.24e-22	acc|GENBANK|QDY51638.1|GENBANK|MK250085|ubiquitin carboxyl-terminal hydrolase [Mimiviridae sp. ChoanoV1]	Mimiviridae sp. ChoanoV1	Blastx
SRR14574591	NODE_8024_length_588_cov_7.126126	35.7	588	205	0.765854	7.52e-22	acc|REFSEQ|YP_010781131.1|REFSEQ|NC_075038|putative lipocalin [Tupanvirus deep ocean]	Tupanvirus deep ocean	Blastx
SRR14574591	NODE_29500_length_456_cov_3.985816	47.7	456	601	0.212978	7.53e-22	acc|GENBANK|AAB62581.1|GENBANK|U68072|3-hydroxy-3-methylglutaryl CoA reductase 2 [Solanum lycopersicum]	Solanum lycopersicum	Blastx
SRR14574591	NODE_31066_length_773_cov_9.129730	31.4	773	182	0.873626	7.67e-22	acc|REFSEQ|YP_009163818.1|REFSEQ|NC_027778|ORF_057R [Scale drop disease virus]	Scale drop disease virus	Blastx
SRR14574591	NODE_9629_length_587_cov_8.909747	34.1	587	547	0.299817	7.79e-22	acc|GENBANK|AYV86548.1|GENBANK|MK072509|hypothetical protein [Sylvanvirus sp.]	Sylvanvirus sp.	Blastx
SRR14574591	NODE_23042_length_317_cov_1.510563	86.0	317	204	0.245098	7.94e-22	acc|GENBANK|AYV75810.1|GENBANK|MK071981|GTP-binding protein ypt1 [Terrestrivirus sp.]	Terrestrivirus sp.	Blastx
SRR14574591	NODE_46991_length_258_cov_1.964444	51.2	258	299	0.274247	8.28e-22	acc|GENBANK|UOG94093.1|NEIGHBOR|OM876856|serine threonine-protein phosphatase [Aureococcus anophagefferens virus]	Aureococcus anophagefferens virus	Blastx
SRR14574591	NODE_39040_length_215_cov_1.285714	62.2	215	295	0.250847	8.34e-22	acc|GENBANK|AOG75317.1|GENBANK|KU720517|RNaseH [Mirabilis jalapa]	Mirabilis jalapa	Blastx
SRR14574591	NODE_46669_length_256_cov_1.049327	55.8	256	489	0.175869	8.44e-22	acc|GENBANK|QBK85775.1|GENBANK|MK500327|aspartyl/asparaginyl-tRNA synthetase [Marseillevirus LCMAC101]	Marseillevirus LCMAC101	Blastx
SRR14574591	NODE_9607_length_518_cov_5.857732	40.1	518	261	0.620690	8.47e-22	acc|GENBANK|AYV79236.1|GENBANK|MK072137|serine/threonine protein phosphatase [Faunusvirus sp.]	Faunusvirus sp.	Blastx
SRR14574591	NODE_11950_length_475_cov_24.418552	47.5	475	85	0.941176	9.07e-22	acc|GENBANK|AYV75195.1|GENBANK|MK071979|putative cytochrome b5 [Terrestrivirus sp.]	Terrestrivirus sp.	Blastx
SRR14574591	NODE_30474_length_1124_cov_2.350137	34.8	1124	703	0.322902	9.10e-22	acc|GENBANK|ARF09664.1|GENBANK|KY684086|HrpA-like RNA helicase [Indivirus ILV1]	Indivirus ILV1	Blastx
SRR14574591	NODE_24258_length_244_cov_1.184834	71.2	244	276	0.213768	9.20e-22	acc|GENBANK|ACG38448.1|GENBANK|EU966330|retrotransposon protein Ty1-copia subclass [Zea mays]	Zea mays	Blastx
SRR14574591	NODE_46382_length_254_cov_1.203620	56.1	254	202	0.405941	9.51e-22	acc|GENBANK|XCA47334.1|GENBANK|PP911589|hypothetical protein [Micromonas commoda virus]	Micromonas commoda virus	Blastx
SRR14574591	NODE_30691_length_496_cov_8.887689	45.5	496	447	0.221477	9.52e-22	acc|REFSEQ|NP_077596.1|REFSEQ|NC_002687|serine-threonine kinase [Ectocarpus siliculosus virus 1]	Ectocarpus siliculosus virus 1	Blastx
SRR14574591	NODE_36727_length_203_cov_1.376471	64.2	203	1678	0.039928	9.63e-22	acc|GENBANK|QCC26833.1|GENBANK|MK532515|gagpol polyprotein [Zea mays]	Zea mays	Blastx
SRR14574591	NODE_49303_length_277_cov_0.959016	72.9	277	96	0.614583	9.87e-22	acc|GENBANK|BDT62136.1|GENBANK|LC738872|heat shock protein 40-like protein [Litopenaeus vannamei majanivirus Nimav-1_LVa]	Litopenaeus vannamei majanivirus Nimav-1_LVa	Blastx
SRR14574591	NODE_6491_length_486_cov_2.768212	45.7	486	388	0.270619	1.01e-21	acc|GENBANK|CCQ71327.1|GENBANK|HF586476|hypothetical protein kinase Pka-C1 [Cotesia congregata]	Cotesia congregata	Blastx
SRR14574591	NODE_16682_length_269_cov_1.461864	57.0	269	438	0.180365	1.07e-21	acc|REFSEQ|YP_010781415.1|REFSEQ|NC_075039|hypothetical protein [Tupanvirus soda lake]	Tupanvirus soda lake	Blastx
SRR14574591	NODE_10952_length_667_cov_7.910095	39.0	667	720	0.202778	1.13e-21	acc|GENBANK|ARF11650.1|GENBANK|KY684109|HrpA-like RNA helicase [Klosneuvirus KNV1]	Klosneuvirus KNV1	Blastx
SRR14574591	NODE_36422_length_201_cov_1.392857	92.9	201	64	0.656250	1.26e-21	acc|GENBANK|AAK62473.1|GENBANK|AY032741|heat shock protein Hsp70Ab [Drosophila melanogaster]	Drosophila melanogaster	Blastx
SRR14574591	NODE_1062_length_1092_cov_25.443815	29.4	1092	262	0.946565	1.32e-21	acc|REFSEQ|YP_009352579.1|REFSEQ|NC_034249|Sterol desaturase [Kaumoebavirus]	Kaumoebavirus	Blastx
SRR14574591	NODE_51079_length_425_cov_2.132653	39.9	425	388	0.355670	1.34e-21	acc|REFSEQ|YP_010780525.1|REFSEQ|NC_075038|aminotransferase [Tupanvirus deep ocean]	Tupanvirus deep ocean	Blastx
SRR14574591	NODE_22258_length_320_cov_1.383275	48.1	320	2037	0.052037	1.39e-21	acc|GENBANK|ABG37663.1|GENBANK|DQ536170|CCHC-type integrase [Populus trichocarpa]	Populus trichocarpa	Blastx
SRR14574591	NODE_13832_length_1386_cov_8.175166	43.2	1386	273	0.483516	1.49e-21	acc|GENBANK|QBZ80786.1|GENBANK|MK174290|hypothetical protein [Pandoravirus celtis]	Pandoravirus celtis	Blastx
SRR14574591	NODE_13195_length_1059_cov_7.371345	30.7	1059	216	0.935185	1.52e-21	acc|GENBANK|QKF94710.1|GENBANK|MT418680|ATPase V1 complex subunit D [Fadolivirus FV1/VV64]	Fadolivirus FV1/VV64	Blastx
SRR14574591	NODE_44723_length_244_cov_1.104265	51.9	244	200	0.385000	1.61e-21	acc|GENBANK|AFX92774.1|GENBANK|JX975216|putative glutamine synthetase [Megavirus courdo11]	Megavirus courdo11	Blastx
SRR14574591	NODE_49699_length_288_cov_1.780392	47.9	288	647	0.148377	1.65e-21	acc|GENBANK|AYV86775.1|GENBANK|MK072515|CMGC/MAPK protein kinase, variant 1 [Sylvanvirus sp.]	Sylvanvirus sp.	Blastx
SRR14574591	NODE_7993_length_214_cov_4.906077	88.9	214	189	0.285714	1.67e-21	acc|REFSEQ|YP_009465730.1|REFSEQ|NC_037057|hypothetical protein [Dishui lake phycodnavirus 1]	Dishui lake phycodnavirus 1	Blastx
SRR14574591	NODE_7983_length_492_cov_2.692810	68.7	492	401	0.167082	1.70e-21	acc|GENBANK|ACG36640.1|GENBANK|EU964522|retrotransposon protein [Zea mays]	Zea mays	Blastx
SRR14574591	NODE_10658_length_891_cov_7.865967	40.4	891	925	0.203243	1.81e-21	acc|GENBANK|ABY48139.1|GENBANK|EU306659|NORK [Medicago truncatula]	Medicago truncatula	Blastx
SRR14574591	NODE_28019_length_1167_cov_1.858907	28.5	1167	249	1.212851	2.00e-21	acc|GENBANK|ACD54816.1|GENBANK|EU643495|carbonyl reductase-like protein [Adineta vaga]	Adineta vaga	Blastx
SRR14574591	NODE_49066_length_275_cov_0.966942	42.9	275	150	0.606667	2.02e-21	acc|REFSEQ|YP_003969734.1|REFSEQ|NC_014637|putative ubiquitin-conjugating enzyme E2 [Cafeteria roenbergensis virus BV-PW1]	Cafeteria roenbergensis virus BV-PW1	Blastx
SRR14574591	NODE_43663_length_238_cov_2.853659	66.2	238	128	0.507812	2.02e-21	acc|GENBANK|CAA42007.1|GENBANK|X59357|Epstein-Barr virus small RNA associated protein [Homo sapiens]	Homo sapiens	Blastx
SRR14574591	NODE_47230_length_260_cov_1.030837	89.8	260	131	0.374046	2.03e-21	acc|GENBANK|ULK74027.1|GENBANK|OL469143|polyprotein [Paslahepevirus balayani]	Paslahepevirus balayani	Blastx
SRR14574591	NODE_20952_length_349_cov_1.756329	47.8	349	2037	0.055474	2.05e-21	acc|GENBANK|ABG37663.1|GENBANK|DQ536170|CCHC-type integrase [Populus trichocarpa]	Populus trichocarpa	Blastx
SRR14574591	NODE_26824_length_724_cov_1.791606	32.9	724	395	0.531646	2.12e-21	acc|GENBANK|AYV79137.1|GENBANK|MK072134|serine/threonine protein kinase [Faunusvirus sp.]	Faunusvirus sp.	Blastx
SRR14574591	NODE_43443_length_237_cov_1.147059	75.0	237	676	0.088757	2.13e-21	acc|REFSEQ|YP_009173627.1|REFSEQ|NC_028094|Hsp70 protein [Chrysochromulina ericina virus]	Chrysochromulina ericina virus	Blastx
SRR14574591	NODE_49520_length_279_cov_0.951220	41.8	279	384	0.236979	2.20e-21	acc|REFSEQ|YP_003970003.1|REFSEQ|NC_014637|putative superfamily II helicase/eIF-4AIII [Cafeteria roenbergensis virus BV-PW1]	Cafeteria roenbergensis virus BV-PW1	Blastx
SRR14574591	NODE_28745_length_476_cov_3.092551	39.1	476	382	0.361257	2.23e-21	acc|GENBANK|QBK87279.1|GENBANK|MK500347|putative serine/threonine protein kinase [Marseillevirus LCMAC201]	Marseillevirus LCMAC201	Blastx
SRR14574591	NODE_27226_length_682_cov_2.357473	35.8	682	236	0.805085	2.48e-21	acc|REFSEQ|YP_009163856.1|REFSEQ|NC_027778|ORF_095L [Scale drop disease virus]	Scale drop disease virus	Blastx
SRR14574591	NODE_27234_length_308_cov_2.254545	44.6	308	520	0.194231	2.48e-21	acc|GENBANK|APO14197.1|GENBANK|KX098475|truncated DELLA protein [Setaria italica]	Setaria italica	Blastx
SRR14574591	NODE_40278_length_220_cov_1.251337	57.5	220	377	0.193634	2.48e-21	acc|GENBANK|ABB00038.1|GENBANK|DQ070849|reverse transcriptase family member [Glycine max]	Glycine max	Blastx
SRR14574591	NODE_11114_length_1312_cov_7.151681	31.1	1312	207	0.932367	2.58e-21	acc|GENBANK|WZO79400.1|GENBANK|PP681873|thylakoid formation protein [Chlorovirus sp.]	Chlorovirus sp.	Blastx
SRR14574591	NODE_38017_length_209_cov_0.977273	63.2	209	1678	0.040524	2.67e-21	acc|GENBANK|QCC26833.1|GENBANK|MK532515|gagpol polyprotein [Zea mays]	Zea mays	Blastx
SRR14574591	NODE_36399_length_201_cov_1.392857	67.3	201	131	0.419847	2.70e-21	acc|GENBANK|AAF71196.1|GENBANK|AF182203|pol protein integrase region [Pinus brutia]	Pinus brutia	Blastx
SRR14574591	NODE_39031_length_215_cov_1.285714	62.9	215	832	0.084135	2.88e-21	acc|GENBANK|BAD00047.1|GENBANK|AB119282|Fusion protein, Feo [Hepacivirus hominis]	Hepacivirus hominis	Blastx
SRR14574591	NODE_20933_length_454_cov_1.275534	37.2	454	1589	0.091252	2.89e-21	acc|REFSEQ|YP_010780309.1|REFSEQ|NC_075038|NcpA [Tupanvirus deep ocean]	Tupanvirus deep ocean	Blastx
SRR14574591	NODE_18063_length_353_cov_1.062500	41.2	353	2224	0.051259	2.91e-21	acc|GENBANK|AYV81995.1|GENBANK|MK072332|putative CAD protein isoform X1 [Homavirus sp.]	Homavirus sp.	Blastx
SRR14574591	NODE_946_length_445_cov_152.752427	70.8	445	558	0.116487	2.95e-21	acc|GENBANK|QOR60244.1|GENBANK|MK522034|hypothetical protein [Bathycoccus sp. RCC716 virus 1]	Bathycoccus sp. RCC716 virus 1	Blastx
SRR14574591	NODE_40211_length_220_cov_1.374332	63.0	220	679	0.107511	3.11e-21	acc|GENBANK|QIG60138.1|GENBANK|MN940580|ATP-dependent zinc metalloprotease [Dishui Lake large algae virus 1]	Dishui Lake large algae virus 1	Blastx
SRR14574591	NODE_3924_length_423_cov_1.764103	43.2	423	459	0.272331	3.13e-21	acc|GENBANK|BBI30359.1|GENBANK|AP018495|beta-galactosidase [Acanthamoeba castellanii medusavirus J1]	Acanthamoeba castellanii medusavirus J1	Blastx
SRR14574591	NODE_9889_length_471_cov_10.810502	39.0	471	119	0.882353	3.19e-21	acc|GENBANK|QBK85983.1|GENBANK|MK500328|glycine cleavage H-protein [Marseillevirus LCMAC101]	Marseillevirus LCMAC101	Blastx
SRR14574591	NODE_16449_length_318_cov_3.221053	50.0	318	480	0.220833	3.49e-21	acc|GENBANK|ASU92288.1|GENBANK|KX759199|kindr F6 [Zea mays]	Zea mays	Blastx
SRR14574591	NODE_31059_length_642_cov_4.272578	35.1	642	576	0.350694	3.68e-21	acc|GENBANK|QBK87887.1|GENBANK|MK500371|XRN 5'-3' exonuclease [Marseillevirus LCMAC202]	Marseillevirus LCMAC202	Blastx
SRR14574591	NODE_12246_length_2008_cov_7.877975	75.0	2008	214	0.280374	3.72e-21	acc|GENBANK|UZE89726.1|GENBANK|ON704650|hypothetical protein [Parapoynx stagnalis nucleopolyhedrovirus]	Parapoynx stagnalis nucleopolyhedrovirus	Blastx
SRR14574591	NODE_27783_length_327_cov_2.442177	50.0	327	498	0.204819	4.17e-21	acc|GENBANK|QBK88840.1|GENBANK|MK500400|serine/threonine protein kinase [Mimivirus LCMiAC01]	Mimivirus LCMiAC01	Blastx
SRR14574591	NODE_43981_length_240_cov_1.130435	62.0	240	760	0.103947	4.17e-21	acc|GENBANK|QFG74349.1|GENBANK|MN448286|Hsp90 protein [Megaviridae environmental sample]	Megaviridae environmental sample	Blastx
SRR14574591	NODE_587_length_731_cov_37.498567	31.3	731	182	0.895604	4.18e-21	acc|REFSEQ|YP_009163818.1|REFSEQ|NC_027778|ORF_057R [Scale drop disease virus]	Scale drop disease virus	Blastx
SRR14574591	NODE_4168_length_487_cov_2.050661	37.7	487	368	0.418478	4.22e-21	acc|GENBANK|QFG73671.1|GENBANK|MN448266|peptidase family M20/M25/M40 [Megaviridae environmental sample]	Megaviridae environmental sample	Blastx
SRR14574591	NODE_30317_length_211_cov_10.780899	97.7	211	117	0.367521	4.22e-21	acc|GENBANK|QDH76138.1|GENBANK|MK948413|putative gag protein [Porcine endogenous retrovirus]	Porcine endogenous retrovirus	Blastx
SRR14574591	NODE_5354_length_1051_cov_5.924361	28.6	1051	284	0.788732	4.26e-21	acc|GENBANK|AYV83828.1|GENBANK|MK072394|putative ubiquitin carboxyl-terminal hydrolase 2 [Hyperionvirus sp.]	Hyperionvirus sp.	Blastx
SRR14574591	NODE_40839_length_223_cov_1.231579	59.0	223	458	0.170306	4.46e-21	acc|REFSEQ|YP_009448811.1|REFSEQ|NC_036594|Serine-tRNA synthetase, type1 [Orpheovirus IHUMI-LCC2]	Orpheovirus IHUMI-LCC2	Blastx
SRR14574591	NODE_48125_length_267_cov_1.000000	57.1	267	1369	0.061359	4.50e-21	acc|GENBANK|BAG72152.1|GENBANK|AB430326|hypothetical protein [Lotus japonicus]	Lotus japonicus	Blastx
SRR14574591	NODE_14432_length_1859_cov_15.420044	26.0	1859	4238	0.089901	4.64e-21	acc|GENBANK|QOR60370.1|GENBANK|MK522038|hypothetical protein [Bathycoccus sp. RCC716 virus 2]	Bathycoccus sp. RCC716 virus 2	Blastx
SRR14574591	NODE_8783_length_1402_cov_4.193572	28.8	1402	471	0.707006	4.70e-21	acc|GENBANK|XCJ76782.1|GENBANK|PP728250|helicase superfamily 1/2 protein [Micromonas polaris virus]	Micromonas polaris virus	Blastx
SRR14574591	NODE_21902_length_418_cov_2.348052	36.8	418	1474	0.092266	4.76e-21	acc|REFSEQ|YP_004347043.1|REFSEQ|NC_015326|serine-threonine kinase [Lausannevirus]	Lausannevirus	Blastx
SRR14574591	NODE_10787_length_436_cov_2.022333	41.5	436	194	0.546392	5.17e-21	acc|GENBANK|CAA12932.1|GENBANK|AJ228333|reverse transcriptase [Pinus elliottii]	Pinus elliottii	Blastx
SRR14574591	NODE_47552_length_262_cov_1.021834	51.7	262	562	0.158363	5.22e-21	acc|GENBANK|QDY52375.1|GENBANK|MK250091|asparagine synthase [Mimiviridae sp. ChoanoV1]	Mimiviridae sp. ChoanoV1	Blastx
SRR14574591	NODE_38604_length_212_cov_1.307263	69.8	212	335	0.188060	5.28e-21	acc|GENBANK|ABY48132.1|GENBANK|EU306659|GH1 protein [Medicago truncatula]	Medicago truncatula	Blastx
SRR14574591	NODE_327_length_1598_cov_13.326518	27.0	1598	376	0.976064	5.43e-21	acc|REFSEQ|YP_009174582.1|REFSEQ|NC_028110|putative ornithine decarboxylase 1 [Yellowstone lake phycodnavirus 2]	Yellowstone lake phycodnavirus 2	Blastx
SRR14574591	NODE_30831_length_286_cov_1.537549	57.1	286	925	0.090811	5.65e-21	acc|GENBANK|ABY48139.1|GENBANK|EU306659|NORK [Medicago truncatula]	Medicago truncatula	Blastx
SRR14574591	NODE_39791_length_218_cov_1.864865	59.7	218	286	0.251748	5.72e-21	acc|GENBANK|BFT93432.1|GENBANK|LC847964|Uracil-DNA glycosylase [Medusavirus sp. 'euryale']	Medusavirus sp. 'euryale'	Blastx
SRR14574591	NODE_9921_length_252_cov_3.333333	51.8	252	299	0.277592	5.75e-21	acc|GENBANK|QRE02559.1|GENBANK|MN545489|hypothetical protein [Otarine gammaherpesvirus 4]	Otarine gammaherpesvirus 4	Blastx
SRR14574591	NODE_10178_length_289_cov_2.222656	52.2	289	925	0.099459	5.88e-21	acc|GENBANK|ABY48139.1|GENBANK|EU306659|NORK [Medicago truncatula]	Medicago truncatula	Blastx
SRR14574591	NODE_41384_length_226_cov_1.202073	62.2	226	571	0.129597	6.06e-21	acc|REFSEQ|YP_009465729.1|REFSEQ|NC_037057|hypothetical protein [Dishui lake phycodnavirus 1]	Dishui lake phycodnavirus 1	Blastx
SRR14574591	NODE_851_length_261_cov_1.956140	97.8	261	274	0.164234	6.14e-21	acc|GENBANK|AWA44805.1|GENBANK|MH182523|UPI0001A869FA related cluster [Saccharum officinarum]	Saccharum officinarum	Blastx
SRR14574591	NODE_13079_length_371_cov_16.914201	36.6	371	467	0.263383	6.20e-21	acc|GENBANK|API81738.1|NEIGHBOR|KU052222|hypothetical protein [Cafeteriavirus-dependent mavirus]	Cafeteriavirus-dependent mavirus	Blastx
SRR14574591	NODE_30808_length_497_cov_3.338362	40.3	497	365	0.353425	6.24e-21	acc|GENBANK|BDT62135.1|GENBANK|LC738872|heat shock protein 40-like protein [Litopenaeus vannamei majanivirus Nimav-1_LVa]	Litopenaeus vannamei majanivirus Nimav-1_LVa	Blastx
SRR14574591	NODE_9321_length_728_cov_6.648921	52.7	728	406	0.229064	6.34e-21	acc|GENBANK|AYV85760.1|GENBANK|MK072473|hypothetical protein [Satyrvirus sp.]	Satyrvirus sp.	Blastx
SRR14574591	NODE_21858_length_229_cov_0.948980	61.3	229	1472	0.050951	6.69e-21	acc|GENBANK|AAL68641.1|GENBANK|AF458765|polyprotein [Oryza sativa Japonica Group]	Oryza sativa Japonica Group	Blastx
SRR14574591	NODE_19495_length_830_cov_4.380176	36.6	830	199	0.728643	6.78e-21	acc|GENBANK|AAB48347.1|GENBANK|L47187|reverse transcriptase [Arabidopsis thaliana]	Arabidopsis thaliana	Blastx
SRR14574591	NODE_12958_length_452_cov_9.940334	47.0	452	267	0.494382	6.95e-21	acc|REFSEQ|YP_009238942.1|REFSEQ|NC_029692|histone H2B/H2A fusion protein [Brazilian marseillevirus]	Brazilian marseillevirus	Blastx
SRR14574591	NODE_644_length_1726_cov_11.603071	27.4	1726	497	0.945674	7.04e-21	acc|GENBANK|CCQ71326.1|GENBANK|HF586476|hypothetical Pro-X carboxypeptidase-like protein [Cotesia congregata]	Cotesia congregata	Blastx
SRR14574591	NODE_46696_length_256_cov_1.022422	64.3	256	1793	0.039041	7.15e-21	acc|GENBANK|CCQ71366.1|GENBANK|HF586479|hypothetical serine/threonine protein kinase [Cotesia congregata]	Cotesia congregata	Blastx
SRR14574591	NODE_25742_length_413_cov_2.363158	46.7	413	478	0.251046	7.77e-21	acc|GENBANK|AAK84479.1|GENBANK|AF275345|putative auxin growth promotor protein [Solanum lycopersicum]	Solanum lycopersicum	Blastx
SRR14574591	NODE_12427_length_1072_cov_17.641001	35.4	1072	492	0.355691	7.80e-21	acc|GENBANK|QBK88108.1|GENBANK|MK500375|cyclin-dependent protein kinase [Marseillevirus LCMAC202]	Marseillevirus LCMAC202	Blastx
SRR14574591	NODE_18874_length_303_cov_2.692593	51.2	303	496	0.173387	7.92e-21	acc|GENBANK|QKF94126.1|GENBANK|MT418680|glutamyl-tRNA synthetase [Fadolivirus FV1/VV64]	Fadolivirus FV1/VV64	Blastx
SRR14574591	NODE_13342_length_864_cov_5.244284	73.8	864	242	0.252066	8.29e-21	acc|GENBANK|AGU70135.1|GENBANK|KF270089|integrase-type DNA-binding superfamily protein [Tarenaya hassleriana]	Tarenaya hassleriana	Blastx
SRR14574591	NODE_8844_length_496_cov_2.397408	42.0	496	1263	0.094220	8.54e-21	acc|GENBANK|AAD26531.1|GENBANK|AF087141|valyl-tRNA synthetase [Mus musculus]	Mus musculus	Blastx
SRR14574591	NODE_25889_length_320_cov_3.602787	52.2	320	925	0.097297	8.69e-21	acc|GENBANK|ABY48139.1|GENBANK|EU306659|NORK [Medicago truncatula]	Medicago truncatula	Blastx
SRR14574591	NODE_16532_length_419_cov_2.398964	44.8	419	327	0.293578	8.70e-21	acc|GENBANK|QFG73901.1|GENBANK|MN448274|papain family cysteine protease [Megaviridae environmental sample]	Megaviridae environmental sample	Blastx
SRR14574591	NODE_15027_length_643_cov_3.734426	34.4	643	269	0.605948	9.14e-21	acc|GENBANK|ARF08245.1|GENBANK|KY684083|alpha/beta hydrolase family protein [Catovirus CTV1]	Catovirus CTV1	Blastx
SRR14574591	NODE_31262_length_728_cov_6.553957	49.5	728	249	0.437751	9.21e-21	acc|GENBANK|QBK85671.1|GENBANK|MK500327|histone 2A-domain-containing protein [Marseillevirus LCMAC101]	Marseillevirus LCMAC101	Blastx
SRR14574591	NODE_2315_length_1885_cov_8.551296	34.7	1885	620	0.241935	9.54e-21	acc|GENBANK|USH99765.1|GENBANK|ON752135|putative retrotransposon protein, Ty3-gypsy [Oryza sativa Japonica Group]	Oryza sativa Japonica Group	Blastx
SRR14574591	NODE_49923_length_300_cov_2.393258	51.6	300	2037	0.046637	9.65e-21	acc|GENBANK|ABG37663.1|GENBANK|DQ536170|CCHC-type integrase [Populus trichocarpa]	Populus trichocarpa	Blastx
SRR14574591	NODE_10666_length_1519_cov_6.145357	43.5	1519	1186	0.110455	9.74e-21	acc|GENBANK|ARF10911.1|GENBANK|KY684105|putative sensor histidine kinase [Hokovirus HKV1]	Hokovirus HKV1	Blastx
SRR14574591	NODE_25574_length_787_cov_8.307692	37.1	787	660	0.253030	1.07e-20	acc|REFSEQ|YP_001425742.1|REFSEQ|NC_008603|hypothetical protein [Paramecium bursaria Chlorella virus FR483]	Paramecium bursaria Chlorella virus FR483	Blastx
SRR14574591	NODE_37711_length_208_cov_1.234286	61.8	208	506	0.134387	1.10e-20	acc|GENBANK|QBK87483.1|GENBANK|MK500353|glucosamine-6-phosphate [Marseillevirus LCMAC201]	Marseillevirus LCMAC201	Blastx
SRR14574591	NODE_3511_length_609_cov_2.911458	43.4	609	299	0.408027	1.12e-20	acc|GENBANK|QIG59714.1|GENBANK|MN940578|putative spermidine [Dishui Lake phycodnavirus 3]	Dishui Lake phycodnavirus 3	Blastx
SRR14574591	NODE_45560_length_249_cov_2.703704	65.7	249	558	0.120072	1.13e-20	acc|GENBANK|QOR60244.1|GENBANK|MK522034|hypothetical protein [Bathycoccus sp. RCC716 virus 1]	Bathycoccus sp. RCC716 virus 1	Blastx
SRR14574591	NODE_9435_length_478_cov_3.492135	42.0	478	261	0.528736	1.17e-20	acc|GENBANK|AYV79236.1|GENBANK|MK072137|serine/threonine protein phosphatase [Faunusvirus sp.]	Faunusvirus sp.	Blastx
SRR14574591	NODE_24246_length_220_cov_1.267380	67.6	220	265	0.256604	1.17e-20	acc|GENBANK|AAG09811.1|GENBANK|AF275345|MADS-box transcription factor JOINTLESS [Solanum lycopersicum]	Solanum lycopersicum	Blastx
SRR14574591	NODE_15827_length_274_cov_2.394191	52.5	274	365	0.219178	1.22e-20	acc|GENBANK|BDT62135.1|GENBANK|LC738872|heat shock protein 40-like protein [Litopenaeus vannamei majanivirus Nimav-1_LVa]	Litopenaeus vannamei majanivirus Nimav-1_LVa	Blastx
SRR14574591	NODE_25743_length_777_cov_1.946237	31.8	777	398	0.434673	1.23e-20	acc|REFSEQ|YP_007354282.1|REFSEQ|NC_020104|zinc containing alcohol dehydrogenase [Acanthamoeba polyphaga moumouvirus]	Acanthamoeba polyphaga moumouvirus	Blastx
SRR14574591	NODE_29568_length_472_cov_2.129841	40.7	472	310	0.435484	1.25e-20	acc|GENBANK|AYV80377.1|GENBANK|MK072243|tRNaseZ [Harvfovirus sp.]	Harvfovirus sp.	Blastx
SRR14574591	NODE_8781_length_521_cov_5.096311	39.7	521	299	0.471572	1.26e-20	acc|GENBANK|QRE02559.1|GENBANK|MN545489|hypothetical protein [Otarine gammaherpesvirus 4]	Otarine gammaherpesvirus 4	Blastx
SRR14574591	NODE_45061_length_246_cov_1.098592	83.0	246	214	0.219626	1.27e-20	acc|GENBANK|UZE89726.1|GENBANK|ON704650|hypothetical protein [Parapoynx stagnalis nucleopolyhedrovirus]	Parapoynx stagnalis nucleopolyhedrovirus	Blastx
SRR14574591	NODE_50353_length_330_cov_1.239057	46.2	330	2037	0.051055	1.43e-20	acc|GENBANK|ABG37663.1|GENBANK|DQ536170|CCHC-type integrase [Populus trichocarpa]	Populus trichocarpa	Blastx
SRR14574591	NODE_14786_length_636_cov_67.271973	51.7	636	375	0.237333	1.46e-20	acc|GENBANK|QFG74672.1|GENBANK|MN448289|helicase [Megaviridae environmental sample]	Megaviridae environmental sample	Blastx
SRR14574591	NODE_25598_length_633_cov_3.523333	46.3	633	105	0.780952	1.46e-20	acc|GENBANK|QIG60087.1|GENBANK|MN940580|putative thioredoxin [Dishui Lake large algae virus 1]	Dishui Lake large algae virus 1	Blastx
SRR14574591	NODE_47001_length_258_cov_1.560000	52.9	258	476	0.178571	1.47e-20	acc|GENBANK|AGL44354.1|GENBANK|JX392396|reverse transcriptase-like domain-containing RBR [Glycine max]	Glycine max	Blastx
SRR14574591	NODE_48056_length_266_cov_1.004292	64.4	266	1726	0.042294	1.51e-20	acc|GENBANK|USI00829.1|GENBANK|ON753198|retrotransposon protein, putative Ty1-copia [Oryza sativa Japonica Group]	Oryza sativa Japonica Group	Blastx
SRR14574591	NODE_43659_length_238_cov_1.141463	80.8	238	125	0.416000	1.51e-20	acc|GENBANK|QDH76129.1|GENBANK|MK948405|putative pol protein [Porcine endogenous retrovirus]	Porcine endogenous retrovirus	Blastx
SRR14574591	NODE_7317_length_1762_cov_3.792366	28.7	1762	327	0.948012	1.57e-20	acc|GENBANK|QDY52388.1|GENBANK|MK250091|hypothetical protein [Mimiviridae sp. ChoanoV1]	Mimiviridae sp. ChoanoV1	Blastx
SRR14574591	NODE_11538_length_927_cov_9.526846	28.6	927	238	0.983193	1.60e-20	acc|GENBANK|AYV77971.1|GENBANK|MK072068|hypothetical protein [Edafosvirus sp.]	Edafosvirus sp.	Blastx
SRR14574591	NODE_45778_length_250_cov_1.976959	63.6	250	328	0.201220	1.60e-20	acc|GENBANK|ARF10725.1|GENBANK|KY684104|glutamine synthetase [Hokovirus HKV1]	Hokovirus HKV1	Blastx
SRR14574591	NODE_15484_length_2322_cov_29.797728	23.6	2322	919	0.605005	1.68e-20	acc|GENBANK|AYV75146.1|GENBANK|MK071979|plasma membrane ATPase [Terrestrivirus sp.]	Terrestrivirus sp.	Blastx
SRR14574591	NODE_47542_length_262_cov_1.021834	53.1	262	203	0.399015	1.72e-20	acc|GENBANK|AYV75892.1|GENBANK|MK071981|putative Ras-related protein Rab7 [Terrestrivirus sp.]	Terrestrivirus sp.	Blastx
SRR14574591	NODE_30600_length_855_cov_3.908759	37.1	855	444	0.436937	1.73e-20	acc|GENBANK|AYV82401.1|GENBANK|MK072377|cell division protein FtsH [Homavirus sp.]	Homavirus sp.	Blastx
SRR14574591	NODE_9048_length_587_cov_4.342960	30.1	587	182	0.895604	1.81e-20	acc|REFSEQ|YP_009163818.1|REFSEQ|NC_027778|ORF_057R [Scale drop disease virus]	Scale drop disease virus	Blastx
SRR14574591	NODE_22290_length_321_cov_2.888889	46.9	321	421	0.232779	1.84e-20	acc|GENBANK|AGP03657.1|GENBANK|KF220834|integrase-type DNA-binding superfamily protein [Glycine max]	Glycine max	Blastx
SRR14574591	NODE_48796_length_272_cov_1.468619	48.8	272	382	0.214660	1.90e-20	acc|GENBANK|AAB31930.2|GENBANK|S74099|v-myb product [Avian myeloblastosis virus]	Avian myeloblastosis virus	Blastx
SRR14574591	NODE_28348_length_840_cov_2.116481	30.1	840	296	0.831081	1.91e-20	acc|GENBANK|QIH04859.1|GENBANK|MK867691|hypothetical protein [Dasineura jujubifolia toursvirus 2a]	Dasineura jujubifolia toursvirus 2a	Blastx
SRR14574591	NODE_2108_length_611_cov_4.262976	49.4	611	86	0.988372	1.96e-20	acc|GENBANK|QBK88314.1|GENBANK|MK500385|iron-sulfur cluster biosynthesis protein [Marseillevirus LCMAC202]	Marseillevirus LCMAC202	Blastx
SRR14574591	NODE_817_length_1624_cov_14.906348	22.3	1624	470	0.897872	2.05e-20	acc|REFSEQ|YP_009448636.1|REFSEQ|NC_036594|Cytochrome P450-like protein E-class [Orpheovirus IHUMI-LCC2]	Orpheovirus IHUMI-LCC2	Blastx
SRR14574591	NODE_50819_length_374_cov_1.316716	51.7	374	572	0.155594	2.15e-20	acc|REFSEQ|YP_009448872.1|REFSEQ|NC_036594|Bi-functional 3,4-dihydroxy-2-butanone [Orpheovirus IHUMI-LCC2]	Orpheovirus IHUMI-LCC2	Blastx
SRR14574591	NODE_23508_length_298_cov_1.633962	50.5	298	630	0.150794	2.23e-20	acc|GENBANK|WIL05472.1|GENBANK|OQ413582|ABC2 type transporter superfamily protein [Pithovirus mammoth]	Pithovirus mammoth	Blastx
SRR14574591	NODE_17706_length_253_cov_1.527273	58.4	253	925	0.083243	2.35e-20	acc|GENBANK|ABY48139.1|GENBANK|EU306659|NORK [Medicago truncatula]	Medicago truncatula	Blastx
SRR14574591	NODE_1304_length_1392_cov_274.607064	26.6	1392	344	1.081395	2.43e-20	acc|GENBANK|QFG74169.1|GENBANK|MN448282|aspartyl protease [Megaviridae environmental sample]	Megaviridae environmental sample	Blastx
SRR14574591	NODE_46712_length_256_cov_2.793722	51.6	256	335	0.271642	2.62e-20	acc|GENBANK|ABY48132.1|GENBANK|EU306659|GH1 protein [Medicago truncatula]	Medicago truncatula	Blastx
SRR14574591	NODE_15321_length_1331_cov_9.006163	27.7	1331	268	1.011194	2.65e-20	acc|GENBANK|QBK91399.1|GENBANK|MK500535|mitochondrial carrier-like protein [Pithovirus LCPAC302]	Pithovirus LCPAC302	Blastx
SRR14574591	NODE_51271_length_490_cov_1.544858	36.9	490	1333	0.120030	2.76e-20	acc|GENBANK|AAA75254.1|GENBANK|L47193|reverse transcriptase [Arabidopsis thaliana]	Arabidopsis thaliana	Blastx
SRR14574591	NODE_3665_length_703_cov_1.979104	29.1	703	284	0.834507	2.79e-20	acc|REFSEQ|YP_009407965.1|REFSEQ|NC_035460|esterase/lipase [Eptesipox virus]	Eptesipox virus	Blastx
SRR14574591	NODE_722_length_641_cov_5.101974	31.6	641	1656	0.103261	2.92e-20	acc|GENBANK|BCS82726.1|GENBANK|AP024483|putative serine/threonine-protein kinase [Cotonvirus japonicus]	Cotonvirus japonicus	Blastx
SRR14574591	NODE_45868_length_251_cov_2.146789	89.6	251	258	0.186047	3.05e-20	acc|GENBANK|WMV02893.1|GENBANK|OP630990|alpha-tubulin [Diderma spumarioides]	Diderma spumarioides	Blastx
SRR14574591	NODE_16065_length_225_cov_1.807292	58.9	225	2037	0.035837	3.06e-20	acc|GENBANK|ABG37663.1|GENBANK|DQ536170|CCHC-type integrase [Populus trichocarpa]	Populus trichocarpa	Blastx
SRR14574591	NODE_28716_length_447_cov_5.282609	35.6	447	925	0.157838	3.07e-20	acc|GENBANK|ABY48139.1|GENBANK|EU306659|NORK [Medicago truncatula]	Medicago truncatula	Blastx
SRR14574591	NODE_9402_length_479_cov_7.208520	30.4	479	759	0.225296	3.09e-20	acc|GENBANK|ACN78962.1|GENBANK|FJ225394|methyltransferase [Glycine max]	Glycine max	Blastx
SRR14574591	NODE_5964_length_354_cov_3.208723	45.7	354	360	0.291667	3.19e-20	acc|GENBANK|QBK88998.1|GENBANK|MK500406|GDP-mannose 4,6 dehydratase [Mimivirus LCMiAC02]	Mimivirus LCMiAC02	Blastx
SRR14574591	NODE_50032_length_307_cov_1.346715	50.0	307	2037	0.050074	3.62e-20	acc|GENBANK|ABG37663.1|GENBANK|DQ536170|CCHC-type integrase [Populus trichocarpa]	Populus trichocarpa	Blastx
SRR14574591	NODE_1938_length_385_cov_201.017045	97.7	385	117	0.367521	3.73e-20	acc|GENBANK|QDH76138.1|GENBANK|MK948413|putative gag protein [Porcine endogenous retrovirus]	Porcine endogenous retrovirus	Blastx
SRR14574591	NODE_26389_length_838_cov_2.762733	32.3	838	261	0.877395	3.75e-20	acc|GENBANK|AYV79236.1|GENBANK|MK072137|serine/threonine protein phosphatase [Faunusvirus sp.]	Faunusvirus sp.	Blastx
SRR14574591	NODE_40842_length_223_cov_1.231579	71.4	223	557	0.113106	3.76e-20	acc|GENBANK|WGU26825.1|GENBANK|OQ503488|putative acyl-activating enzyme 5 [Triticum monococcum]	Triticum monococcum	Blastx
SRR14574591	NODE_6482_length_326_cov_4.774744	65.6	326	203	0.315271	3.81e-20	acc|GENBANK|AYV75892.1|GENBANK|MK071981|putative Ras-related protein Rab7 [Terrestrivirus sp.]	Terrestrivirus sp.	Blastx
SRR14574591	NODE_4548_length_946_cov_2.235487	27.6	946	544	0.446691	3.83e-20	acc|REFSEQ|YP_009483380.1|REFSEQ|NC_037667|Glycosyl hydrolase family 1 protein [Pandoravirus quercus]	Pandoravirus quercus	Blastx
SRR14574591	NODE_40207_length_220_cov_1.251337	80.4	220	1946	0.026208	3.83e-20	acc|GENBANK|ADB85424.1|GENBANK|GQ252887|putative retrotransposon protein [Phyllostachys edulis]	Phyllostachys edulis	Blastx
SRR14574591	NODE_7205_length_564_cov_2.896422	46.2	564	299	0.347826	3.85e-20	acc|GENBANK|QBK91775.1|GENBANK|MK500565|mitochondrial carrier-like protein [Pithovirus LCPAC304]	Pithovirus LCPAC304	Blastx
SRR14574591	NODE_9845_length_1949_cov_5.651357	48.0	1949	855	0.148538	3.86e-20	acc|GENBANK|AYV84625.1|GENBANK|MK072413|mimivirus elongation factor aef-2 [Hyperionvirus sp.]	Hyperionvirus sp.	Blastx
SRR14574591	NODE_29337_length_383_cov_1.565714	43.5	383	384	0.281250	3.98e-20	acc|REFSEQ|YP_009120552.1|REFSEQ|NC_026440|Rad5-like protein [Pandoravirus inopinatum]	Pandoravirus inopinatum	Blastx
SRR14574591	NODE_14891_length_2409_cov_9.764310	29.9	2409	269	1.092937	4.08e-20	acc|REFSEQ|YP_003970108.1|REFSEQ|NC_014637|putative family 2C serine/threonine phosphatase [Cafeteria roenbergensis virus BV-PW1]	Cafeteria roenbergensis virus BV-PW1	Blastx
SRR14574591	NODE_43566_length_238_cov_1.141463	53.4	238	137	0.532847	4.16e-20	acc|GENBANK|QBK88217.1|GENBANK|MK500379|nucleoside diphosphate kinase [Marseillevirus LCMAC202]	Marseillevirus LCMAC202	Blastx
SRR14574591	NODE_9571_length_648_cov_5.074797	33.2	648	319	0.576803	4.19e-20	acc|GENBANK|AYV83965.1|GENBANK|MK072397|L-galactose dehydrogenase [Hyperionvirus sp.]	Hyperionvirus sp.	Blastx
SRR14574591	NODE_28283_length_719_cov_4.800292	35.3	719	423	0.394799	4.60e-20	acc|GENBANK|AYV79645.1|GENBANK|MK072163|serine/threonine protein kinase [Faunusvirus sp.]	Faunusvirus sp.	Blastx
SRR14574591	NODE_30413_length_462_cov_2.107226	46.8	462	748	0.148396	4.84e-20	acc|GENBANK|QBK90212.1|GENBANK|MK500469|putative serine/threonine protein kinase [Pithovirus LCPAC102]	Pithovirus LCPAC102	Blastx
SRR14574591	NODE_1131_length_720_cov_13.257642	40.0	720	601	0.291181	4.91e-20	acc|GENBANK|AYV75170.1|GENBANK|MK071979|hypothetical protein [Terrestrivirus sp.]	Terrestrivirus sp.	Blastx
SRR14574591	NODE_9749_length_1550_cov_12.170073	30.9	1550	289	0.771626	4.94e-20	acc|GENBANK|QBK88329.1|GENBANK|MK500386|ABC transporter [Marseillevirus LCMAC202]	Marseillevirus LCMAC202	Blastx
SRR14574591	NODE_30655_length_456_cov_2.765957	36.9	456	193	0.813472	4.97e-20	acc|GENBANK|AYV76227.1|GENBANK|MK071983|putative NADPH:quinone oxidoreductase-like [Terrestrivirus sp.]	Terrestrivirus sp.	Blastx
SRR14574591	NODE_2534_length_560_cov_201.447818	36.0	560	600	0.310000	5.02e-20	acc|GENBANK|QDY52168.1|GENBANK|MK250088|thiamine pyrophosphate enzyme, N-terminal TPP [Mimiviridae sp. ChoanoV1]	Mimiviridae sp. ChoanoV1	Blastx
SRR14574591	NODE_834_length_1621_cov_63.728589	47.2	1621	588	0.183673	5.09e-20	acc|GENBANK|QOI90522.1|GENBANK|MT663539|hypothetical protein [Pyramimonas orientalis virus]	Pyramimonas orientalis virus	Blastx
SRR14574591	NODE_46206_length_253_cov_1.063636	62.1	253	417	0.158273	5.13e-20	acc|GENBANK|QBK89261.1|GENBANK|MK500411|DEAD/SNF2-like helicase [Mimivirus LCMiAC02]	Mimivirus LCMiAC02	Blastx
SRR14574591	NODE_21247_length_405_cov_1.158602	47.3	405	238	0.382353	5.18e-20	acc|REFSEQ|YP_009046145.1|REFSEQ|NC_024446|Dck [Penguinpox virus]	Penguinpox virus	Blastx
SRR14574591	NODE_44672_length_244_cov_1.109005	97.6	244	117	0.358974	5.34e-20	acc|GENBANK|QDH76138.1|GENBANK|MK948413|putative gag protein [Porcine endogenous retrovirus]	Porcine endogenous retrovirus	Blastx
SRR14574591	NODE_24488_length_271_cov_4.743697	48.8	271	203	0.423645	5.43e-20	acc|GENBANK|AYV75892.1|GENBANK|MK071981|putative Ras-related protein Rab7 [Terrestrivirus sp.]	Terrestrivirus sp.	Blastx
SRR14574591	NODE_2060_length_244_cov_45.194313	60.3	244	357	0.218487	5.47e-20	acc|GENBANK|ABB29305.1|GENBANK|DQ219419|NADPH-dependent reductase [Zea mays]	Zea mays	Blastx
SRR14574591	NODE_31340_length_742_cov_3.220028	46.8	742	249	0.437751	5.50e-20	acc|GENBANK|QBK85671.1|GENBANK|MK500327|histone 2A-domain-containing protein [Marseillevirus LCMAC101]	Marseillevirus LCMAC101	Blastx
SRR14574591	NODE_46004_length_252_cov_1.045662	67.7	252	689	0.089985	5.90e-20	acc|GENBANK|ARF10988.1|GENBANK|KY684105|Hsp70 protein [Hokovirus HKV1]	Hokovirus HKV1	Blastx
SRR14574591	NODE_12993_length_559_cov_24.511407	93.5	559	134	0.343284	6.43e-20	acc|GENBANK|XDR79848.1|GENBANK|PQ109088|hypothetical protein [Micromonas commoda virus]	Micromonas commoda virus	Blastx
SRR14574591	NODE_11325_length_412_cov_12.467018	45.4	412	604	0.178808	6.54e-20	acc|GENBANK|ABH08432.1|GENBANK|DQ851167|putative non-inducible immunity 1 [Beta vulgaris]	Beta vulgaris	Blastx
SRR14574591	NODE_47694_length_263_cov_2.543478	51.8	263	218	0.380734	6.60e-20	acc|GENBANK|BBI30521.1|GENBANK|AP018495|endonuclease V [Acanthamoeba castellanii medusavirus J1]	Acanthamoeba castellanii medusavirus J1	Blastx
SRR14574591	NODE_44721_length_244_cov_1.109005	53.8	244	543	0.147330	6.75e-20	acc|GENBANK|QBK87586.1|GENBANK|MK500360|methionyl-tRNA synthetase [Marseillevirus LCMAC201]	Marseillevirus LCMAC201	Blastx
SRR14574591	NODE_2544_length_1172_cov_279.714662	30.5	1172	395	0.513924	6.99e-20	acc|GENBANK|QDY52265.1|GENBANK|MK250089|hypothetical protein [Mimiviridae sp. ChoanoV1]	Mimiviridae sp. ChoanoV1	Blastx
SRR14574591	NODE_43882_length_239_cov_2.247573	67.2	239	144	0.423611	7.04e-20	acc|GENBANK|WZH61589.1|GENBANK|PP173858|putative capsid protein [Sonafor virus]	Sonafor virus	Blastx
SRR14574591	NODE_30054_length_495_cov_1.785714	35.7	495	379	0.332454	7.08e-20	acc|GENBANK|AAT99858.1|GENBANK|AY598438|unknown [Diachasmimorpha longicaudata entomopoxvirus]	Diachasmimorpha longicaudata entomopoxvirus	Blastx
SRR14574591	NODE_39623_length_217_cov_1.271739	54.3	217	203	0.344828	7.47e-20	acc|GENBANK|ABG89853.1|GENBANK|DQ782956|unknown [Phyllostachys edulis]	Phyllostachys edulis	Blastx
SRR14574591	NODE_29434_length_419_cov_2.515544	36.5	419	1303	0.113584	7.69e-20	acc|GENBANK|BDT61654.1|GENBANK|LC738868|DNA ligase 1-like protein [Marsupenaeus japonicus endogenous nimavirus]	Marsupenaeus japonicus endogenous nimavirus	Blastx
SRR14574591	NODE_42055_length_230_cov_1.187817	55.3	230	1710	0.044444	8.10e-20	acc|GENBANK|BBI30403.1|GENBANK|AP018495|Ser/Thr protein kinase [Acanthamoeba castellanii medusavirus J1]	Acanthamoeba castellanii medusavirus J1	Blastx
SRR14574591	NODE_4539_length_254_cov_1.588235	43.8	254	299	0.297659	8.43e-20	acc|GENBANK|UOG94093.1|NEIGHBOR|OM876856|serine threonine-protein phosphatase [Aureococcus anophagefferens virus]	Aureococcus anophagefferens virus	Blastx
SRR14574591	NODE_10034_length_610_cov_6.805893	75.8	610	325	0.190769	8.56e-20	acc|GENBANK|ABY48134.1|GENBANK|EU306659|bHLH transcription factor [Medicago truncatula]	Medicago truncatula	Blastx
SRR14574591	NODE_1823_length_2013_cov_9.252020	23.2	2013	1094	0.488117	9.06e-20	acc|GENBANK|UOG94136.1|NEIGHBOR|OM876856|RNA polymerase beta subunit [Aureococcus anophagefferens virus]	Aureococcus anophagefferens virus	Blastx
SRR14574591	NODE_21423_length_522_cov_2.672802	34.5	522	654	0.270642	9.06e-20	acc|GENBANK|ATZ81043.1|GENBANK|MF782455|dynamin-like protein [Bodo saltans virus]	Bodo saltans virus	Blastx
SRR14574591	NODE_21459_length_243_cov_1.395238	50.6	243	759	0.101449	9.78e-20	acc|GENBANK|ACN78962.1|GENBANK|FJ225394|methyltransferase [Glycine max]	Glycine max	Blastx
SRR14574591	NODE_4351_length_519_cov_1.829218	38.7	519	1619	0.073502	9.87e-20	acc|GENBANK|BCS82572.1|GENBANK|AP024483|putative serine/threonine-protein kinase [Cotonvirus japonicus]	Cotonvirus japonicus	Blastx
SRR14574591	NODE_9813_length_1065_cov_8.283915	25.3	1065	314	0.933121	9.93e-20	acc|REFSEQ|YP_009702092.1|REFSEQ|NC_044939|hypothetical protein [Heliothis virescens ascovirus 3g]	Heliothis virescens ascovirus 3g	Blastx
SRR14574591	NODE_2436_length_748_cov_74.212587	30.9	748	182	0.961538	1.00e-19	acc|REFSEQ|YP_009163818.1|REFSEQ|NC_027778|ORF_057R [Scale drop disease virus]	Scale drop disease virus	Blastx
SRR14574591	NODE_760_length_2494_cov_68.715563	31.0	2494	558	0.353047	1.01e-19	acc|GENBANK|QDY52220.1|GENBANK|MK250089|ABC transporter [Mimiviridae sp. ChoanoV1]	Mimiviridae sp. ChoanoV1	Blastx
SRR14574591	NODE_6940_length_1200_cov_1.795201	38.6	1200	205	0.770732	1.09e-19	acc|REFSEQ|YP_010781131.1|REFSEQ|NC_075038|putative lipocalin [Tupanvirus deep ocean]	Tupanvirus deep ocean	Blastx
SRR14574591	NODE_28778_length_328_cov_1.471186	47.7	328	558	0.195341	1.09e-19	acc|GENBANK|QOR60244.1|GENBANK|MK522034|hypothetical protein [Bathycoccus sp. RCC716 virus 1]	Bathycoccus sp. RCC716 virus 1	Blastx
SRR14574591	NODE_51323_length_549_cov_1.358527	50.0	549	338	0.313609	1.10e-19	acc|GENBANK|ARF08831.1|GENBANK|KY684083|glutamine synthetase [Catovirus CTV1]	Catovirus CTV1	Blastx
SRR14574591	NODE_2290_length_1392_cov_105.883738	37.2	1392	147	0.931973	1.16e-19	acc|GENBANK|QBK88372.1|GENBANK|MK500388|ubiquitin-conjugating enzyme E2 [Mimivirus LCMiAC01]	Mimivirus LCMiAC01	Blastx
SRR14574591	NODE_30692_length_308_cov_3.687273	53.9	308	623	0.163724	1.18e-19	acc|GENBANK|BAL14837.1|GENBANK|AB682995|endo-1,4-b-D-glucanase [Oryza sativa Japonica Group]	Oryza sativa Japonica Group	Blastx
SRR14574591	NODE_50683_length_360_cov_1.070336	48.5	360	559	0.173524	1.20e-19	acc|GENBANK|QBK91750.1|GENBANK|MK500565|putative serine/threonine protein kinase [Pithovirus LCPAC304]	Pithovirus LCPAC304	Blastx
SRR14574591	NODE_2979_length_836_cov_47.183064	35.3	836	498	0.369478	1.29e-19	acc|GENBANK|XHA59766.1|GENBANK|OR863077|thermosome [Poseidoniales virus]	Poseidoniales virus	Blastx
SRR14574591	NODE_2823_length_1273_cov_11.565323	46.3	1273	588	0.183673	1.32e-19	acc|GENBANK|QOI90522.1|GENBANK|MT663539|hypothetical protein [Pyramimonas orientalis virus]	Pyramimonas orientalis virus	Blastx
SRR14574591	NODE_3829_length_634_cov_2.021631	35.2	634	471	0.337580	1.42e-19	acc|GENBANK|AFV13457.1|GENBANK|JQ314445|UDPG-flavonoid 3-O-glucosyl transferase [Tripsacum dactyloides]	Tripsacum dactyloides	Blastx
SRR14574591	NODE_46125_length_253_cov_1.063636	56.6	253	541	0.140481	1.42e-19	acc|GENBANK|QQV29630.1|GENBANK|MT334784|AAA family ATPase [Kaumoebavirus]	Kaumoebavirus	Blastx
SRR14574591	NODE_7002_length_1847_cov_5.584344	31.5	1847	614	0.423453	1.51e-19	acc|REFSEQ|YP_003969745.1|REFSEQ|NC_014637|putative eIF-2/eIF-5B [Cafeteria roenbergensis virus BV-PW1]	Cafeteria roenbergensis virus BV-PW1	Blastx
SRR14574591	NODE_28831_length_229_cov_3.321429	47.4	229	1384	0.054913	1.51e-19	acc|GENBANK|ADB85299.1|GENBANK|GQ252825|putative retrotransposon protein [Phyllostachys edulis]	Phyllostachys edulis	Blastx
SRR14574591	NODE_38527_length_212_cov_1.307263	57.1	212	285	0.245614	1.51e-19	acc|GENBANK|QKF94680.1|GENBANK|MT418680|phytanoyl-CoA dioxygenase [Fadolivirus FV1/VV64]	Fadolivirus FV1/VV64	Blastx
SRR14574591	NODE_46455_length_255_cov_1.054054	45.9	255	212	0.400943	1.51e-19	acc|GENBANK|AYV82031.1|GENBANK|MK072334|Ras-like protein Rab-11A [Homavirus sp.]	Homavirus sp.	Blastx
SRR14574591	NODE_16510_length_345_cov_5.711538	44.2	345	1790	0.063128	1.52e-19	acc|REFSEQ|YP_009481560.1|REFSEQ|NC_037665|serine-threonine kinase [Pandoravirus macleodensis]	Pandoravirus macleodensis	Blastx
SRR14574591	NODE_39340_length_216_cov_1.278689	52.9	216	175	0.400000	1.60e-19	acc|GENBANK|ARF09402.1|GENBANK|KY684085|ubiquitin-conjugating enzyme E2 [Indivirus ILV1]	Indivirus ILV1	Blastx
SRR14574591	NODE_2415_length_439_cov_25.224138	55.7	439	397	0.221662	1.63e-19	acc|REFSEQ|YP_009173589.1|REFSEQ|NC_028094|Helicase 45 [Chrysochromulina ericina virus]	Chrysochromulina ericina virus	Blastx
SRR14574591	NODE_23629_length_395_cov_1.154696	45.7	395	507	0.250493	1.63e-19	acc|GENBANK|QHN71152.1|GENBANK|MN812837|cytochrome P450 domain protein [Mollivirus kamchatka]	Mollivirus kamchatka	Blastx
SRR14574591	NODE_14320_length_305_cov_43.536765	93.0	305	117	0.367521	1.63e-19	acc|GENBANK|QDH76138.1|GENBANK|MK948413|putative gag protein [Porcine endogenous retrovirus]	Porcine endogenous retrovirus	Blastx
SRR14574591	NODE_7288_length_492_cov_2.470588	38.7	492	925	0.134054	1.76e-19	acc|GENBANK|ABY48139.1|GENBANK|EU306659|NORK [Medicago truncatula]	Medicago truncatula	Blastx
SRR14574591	NODE_7296_length_454_cov_3.622328	36.6	454	355	0.400000	1.82e-19	acc|GENBANK|WRJ69891.1|GENBANK|OR001839|alpha-galactosidase [Oceanusvirus sp.]	Oceanusvirus sp.	Blastx
SRR14574591	NODE_6001_length_369_cov_2.651786	56.7	369	132	0.507576	1.88e-19	acc|GENBANK|QKF93706.1|GENBANK|MT418680|autophagy protein atg8 ubiquitin-like protein [Fadolivirus FV1/VV64]	Fadolivirus FV1/VV64	Blastx
SRR14574591	NODE_47407_length_261_cov_1.026316	47.5	261	327	0.302752	1.89e-19	acc|REFSEQ|YP_009513065.1|REFSEQ|NC_039213|cathepsin [Agrotis segetum granulovirus]	Agrotis segetum granulovirus	Blastx
SRR14574591	NODE_6338_length_736_cov_14.335704	31.9	736	496	0.435484	2.05e-19	acc|GENBANK|QKF94126.1|GENBANK|MT418680|glutamyl-tRNA synthetase [Fadolivirus FV1/VV64]	Fadolivirus FV1/VV64	Blastx
SRR14574591	NODE_29410_length_268_cov_2.106383	45.3	268	334	0.257485	2.21e-19	acc|GENBANK|QBK91883.1|GENBANK|MK500566|GDP-mannose 4,6 dehydratase [Pithovirus LCPAC304]	Pithovirus LCPAC304	Blastx
SRR14574591	NODE_26840_length_300_cov_2.198502	52.6	300	471	0.201699	2.31e-19	acc|GENBANK|AFV13457.1|GENBANK|JQ314445|UDPG-flavonoid 3-O-glucosyl transferase [Tripsacum dactyloides]	Tripsacum dactyloides	Blastx
SRR14574591	NODE_12423_length_636_cov_4.859038	32.4	636	1340	0.163433	2.37e-19	acc|GENBANK|QBK88139.1|GENBANK|MK500376|DNA-directed RNA polymerase subunit beta [Marseillevirus LCMAC202]	Marseillevirus LCMAC202	Blastx
SRR14574591	NODE_27430_length_357_cov_1.691358	48.2	357	2037	0.054001	2.42e-19	acc|GENBANK|ABG37663.1|GENBANK|DQ536170|CCHC-type integrase [Populus trichocarpa]	Populus trichocarpa	Blastx
SRR14574591	NODE_27682_length_301_cov_2.858209	52.4	301	226	0.362832	2.52e-19	acc|GENBANK|ADA61013.1|GENBANK|GU205818|Ham 1-like protein [Cassava brown streak virus]	Cassava brown streak virus	Blastx
SRR14574591	NODE_8876_length_806_cov_4.844761	40.0	806	149	1.006711	2.55e-19	acc|GENBANK|AIB52031.1|GENBANK|KJ614390|ribosomal-protein-alanine acetyltransferase [Faustovirus]	Faustovirus	Blastx
SRR14574591	NODE_24765_length_426_cov_1.554707	52.6	426	299	0.260870	2.55e-19	acc|GENBANK|UOG94093.1|NEIGHBOR|OM876856|serine threonine-protein phosphatase [Aureococcus anophagefferens virus]	Aureococcus anophagefferens virus	Blastx
SRR14574591	NODE_17469_length_447_cov_2.118357	42.5	447	691	0.211288	2.59e-19	acc|GENBANK|ABY48131.1|GENBANK|EU306659|zinc finger protein [Medicago truncatula]	Medicago truncatula	Blastx
SRR14574591	NODE_21555_length_277_cov_1.959016	74.6	277	604	0.104305	2.78e-19	acc|REFSEQ|YP_008052571.1|REFSEQ|NC_021312|ATP-dependent zinc metalloprotease [Phaeocystis globosa virus]	Phaeocystis globosa virus	Blastx
SRR14574591	NODE_16930_length_307_cov_2.032847	38.8	307	342	0.301170	2.85e-19	acc|GENBANK|AYV78971.1|GENBANK|MK072128|transmembrane protein 184C-like protein [Edafosvirus sp.]	Edafosvirus sp.	Blastx
SRR14574591	NODE_22314_length_251_cov_1.830275	76.4	251	138	0.398551	2.85e-19	acc|GENBANK|AYV87056.1|GENBANK|MK072527|histone H3 [Sylvanvirus sp.]	Sylvanvirus sp.	Blastx
SRR14574591	NODE_2530_length_1857_cov_32.426535	30.6	1857	208	0.865385	2.90e-19	acc|GENBANK|WZO76023.1|GENBANK|PP681864|magnesium-protoporphyrin IX monomethyl ester [Chlorovirus sp.]	Chlorovirus sp.	Blastx
SRR14574591	NODE_13901_length_626_cov_8.640809	47.7	626	249	0.429719	2.98e-19	acc|GENBANK|QBK85671.1|GENBANK|MK500327|histone 2A-domain-containing protein [Marseillevirus LCMAC101]	Marseillevirus LCMAC101	Blastx
SRR14574591	NODE_15149_length_349_cov_11.205696	72.1	349	242	0.252066	3.10e-19	acc|GENBANK|AGU70135.1|GENBANK|KF270089|integrase-type DNA-binding superfamily protein [Tarenaya hassleriana]	Tarenaya hassleriana	Blastx
SRR14574591	NODE_14116_length_452_cov_3.510740	42.9	452	105	0.800000	3.16e-19	acc|GENBANK|QIG60087.1|GENBANK|MN940580|putative thioredoxin [Dishui Lake large algae virus 1]	Dishui Lake large algae virus 1	Blastx
SRR14574591	NODE_1693_length_1180_cov_3.836966	30.5	1180	683	0.393851	3.34e-19	acc|REFSEQ|YP_007354542.1|REFSEQ|NC_020104|HrpA-like helicase [Acanthamoeba polyphaga moumouvirus]	Acanthamoeba polyphaga moumouvirus	Blastx
SRR14574591	NODE_37470_length_207_cov_1.172414	55.1	207	154	0.448052	3.44e-19	acc|GENBANK|AYV75407.1|GENBANK|MK071979|peptide-methionine (R)-S-oxide reductase [Terrestrivirus sp.]	Terrestrivirus sp.	Blastx
SRR14574591	NODE_22316_length_232_cov_2.040201	61.3	232	499	0.150301	3.55e-19	acc|GENBANK|CCQ71356.1|GENBANK|HF586477|hypothetical E3 ubiquitin-protein ligase ARI [Cotesia congregata]	Cotesia congregata	Blastx
SRR14574591	NODE_15492_length_1109_cov_10.281599	23.7	1109	439	0.854214	3.58e-19	acc|GENBANK|AYV76294.1|GENBANK|MK071983|hypothetical protein [Terrestrivirus sp.]	Terrestrivirus sp.	Blastx
SRR14574591	NODE_25021_length_421_cov_2.626289	43.6	421	1186	0.092749	3.73e-19	acc|GENBANK|ARF10911.1|GENBANK|KY684105|putative sensor histidine kinase [Hokovirus HKV1]	Hokovirus HKV1	Blastx
SRR14574591	NODE_16867_length_348_cov_4.615873	39.3	348	643	0.166407	3.76e-19	acc|GENBANK|AYV75867.1|GENBANK|MK071981|molecular chaperone DnaK [Terrestrivirus sp.]	Terrestrivirus sp.	Blastx
SRR14574591	NODE_1570_length_797_cov_35.722513	30.5	797	410	0.480488	3.77e-19	acc|GENBANK|QBK88952.1|GENBANK|MK500406|aminotransferase class-V [Mimivirus LCMiAC02]	Mimivirus LCMiAC02	Blastx
SRR14574591	NODE_9399_length_459_cov_5.561033	38.3	459	121	0.884298	3.78e-19	acc|GENBANK|UNJ46594.1|GENBANK|OM135585|yippee [Drosophila melanogaster]	Drosophila melanogaster	Blastx
SRR14574591	NODE_51245_length_475_cov_1.323529	38.0	475	1618	0.079728	3.82e-19	acc|GENBANK|QGR54286.1|GENBANK|MK978772|serine/threonine protein kinase [Moumouvirus maliensis]	Moumouvirus maliensis	Blastx
SRR14574591	NODE_5597_length_706_cov_3.151560	37.1	706	647	0.245750	3.83e-19	acc|GENBANK|AYV86775.1|GENBANK|MK072515|CMGC/MAPK protein kinase, variant 1 [Sylvanvirus sp.]	Sylvanvirus sp.	Blastx
SRR14574591	NODE_7698_length_730_cov_3.824964	43.1	730	370	0.413514	4.10e-19	acc|GENBANK|QKF94870.1|GENBANK|MT418680|caspase [Fadolivirus FV1/VV64]	Fadolivirus FV1/VV64	Blastx
SRR14574591	NODE_20630_length_234_cov_2.094527	59.2	234	819	0.092796	4.11e-19	acc|GENBANK|QKF94107.1|GENBANK|MT418680|eukaryotic translation elongation factor 2 [Fadolivirus FV1/VV64]	Fadolivirus FV1/VV64	Blastx
SRR14574591	NODE_14193_length_1052_cov_5.654563	28.7	1052	334	0.898204	4.37e-19	acc|GENBANK|UYL95660.1|GENBANK|ON746550|hypothetical protein [Hulunbuir Totiv tick virus 2]	Hulunbuir Totiv tick virus 2	Blastx
SRR14574591	NODE_6761_length_287_cov_2.035433	54.5	287	348	0.221264	4.48e-19	acc|GENBANK|AYV86709.1|GENBANK|MK072513|hypothetical protein [Sylvanvirus sp.]	Sylvanvirus sp.	Blastx
SRR14574591	NODE_16012_length_427_cov_2.723350	39.6	427	293	0.378840	4.56e-19	acc|GENBANK|QFG75012.1|GENBANK|MN448296|protein kinase domain protein [Megaviridae environmental sample]	Megaviridae environmental sample	Blastx
SRR14574591	NODE_9273_length_370_cov_2.424332	41.7	370	233	0.545064	4.72e-19	acc|GENBANK|QBK85221.1|GENBANK|MK500309|2OG-Fe(II) oxygenase superfamily protein [Iridovirus LCIVAC01]	Iridovirus LCIVAC01	Blastx
SRR14574591	NODE_16769_length_260_cov_2.925110	52.4	260	299	0.274247	4.86e-19	acc|GENBANK|QRE02559.1|GENBANK|MN545489|hypothetical protein [Otarine gammaherpesvirus 4]	Otarine gammaherpesvirus 4	Blastx
SRR14574591	NODE_36643_length_203_cov_1.376471	61.8	203	221	0.307692	4.87e-19	acc|GENBANK|AYV75487.1|GENBANK|MK071979|GTP-binding protein YPTC1 [Terrestrivirus sp.]	Terrestrivirus sp.	Blastx
SRR14574591	NODE_11521_length_667_cov_15.022082	38.2	667	150	0.873333	5.03e-19	acc|REFSEQ|YP_009173309.1|REFSEQ|NC_028094|ubiquitin conjugating enzyme E2 [Chrysochromulina ericina virus]	Chrysochromulina ericina virus	Blastx
SRR14574591	NODE_3143_length_2686_cov_6.536374	26.9	2686	520	0.751923	5.07e-19	acc|GENBANK|APO14197.1|GENBANK|KX098475|truncated DELLA protein [Setaria italica]	Setaria italica	Blastx
SRR14574591	NODE_790_length_1385_cov_46.153846	28.9	1385	322	0.913043	5.08e-19	acc|GENBANK|QFG74515.1|GENBANK|MN448289|signal peptide peptidase [Megaviridae environmental sample]	Megaviridae environmental sample	Blastx
SRR14574591	NODE_42064_length_230_cov_1.187817	59.2	230	613	0.123980	5.10e-19	acc|GENBANK|ADB85401.1|GENBANK|GQ252886|putative pollen-specific kinase [Phyllostachys edulis]	Phyllostachys edulis	Blastx
SRR14574591	NODE_5513_length_980_cov_3.010560	51.0	980	249	0.409639	5.11e-19	acc|GENBANK|QBK85671.1|GENBANK|MK500327|histone 2A-domain-containing protein [Marseillevirus LCMAC101]	Marseillevirus LCMAC101	Blastx
SRR14574591	NODE_46566_length_255_cov_1.054054	42.5	255	105	0.761905	5.22e-19	acc|GENBANK|QPI16506.1|GENBANK|MW030569|thioredoxin domain-containing protein [Virus NIOZ-UU157]	Virus NIOZ-UU157	Blastx
SRR14574591	NODE_28559_length_459_cov_1.563380	40.6	459	582	0.219931	5.25e-19	acc|GENBANK|QOR60542.1|GENBANK|MK522038|hypothetical protein [Bathycoccus sp. RCC716 virus 2]	Bathycoccus sp. RCC716 virus 2	Blastx
SRR14574591	NODE_22842_length_297_cov_1.590909	35.3	297	271	0.439114	5.34e-19	acc|GENBANK|AUF82230.1|GENBANK|KY322437|E3 ubiquitin--protein ligase MIEL1-like protein [Tetraselmis virus 1]	Tetraselmis virus 1	Blastx
SRR14574591	NODE_1066_length_579_cov_6.296703	46.2	579	630	0.185714	5.49e-19	acc|REFSEQ|YP_004061438.1|REFSEQ|NC_014765|hypothetical protein [Bathycoccus sp. RCC1105 virus BpV1]	Bathycoccus sp. RCC1105 virus BpV1	Blastx
SRR14574591	NODE_2178_length_594_cov_2.896613	38.6	594	165	0.800000	5.54e-19	acc|REFSEQ|YP_003213049.1|REFSEQ|NC_013288|hypothetical protein [Ostreococcus tauri virus 1]	Ostreococcus tauri virus 1	Blastx
SRR14574591	NODE_29507_length_635_cov_1.910299	38.7	635	331	0.492447	5.92e-19	acc|GENBANK|ATZ80893.1|GENBANK|MF782455|serine/threonine-protein kinase [Bodo saltans virus]	Bodo saltans virus	Blastx
SRR14574591	NODE_842_length_638_cov_37.104132	29.0	638	1333	0.155289	5.95e-19	acc|GENBANK|AAA75254.1|GENBANK|L47193|reverse transcriptase [Arabidopsis thaliana]	Arabidopsis thaliana	Blastx
SRR14574591	NODE_50112_length_313_cov_1.671429	48.9	313	344	0.261628	6.05e-19	acc|GENBANK|QFG74169.1|GENBANK|MN448282|aspartyl protease [Megaviridae environmental sample]	Megaviridae environmental sample	Blastx
SRR14574591	NODE_49129_length_275_cov_0.966942	45.9	275	524	0.162214	6.45e-19	acc|REFSEQ|YP_010781689.1|REFSEQ|NC_075039|prolyl-tRNA synthetase [Tupanvirus soda lake]	Tupanvirus soda lake	Blastx
SRR14574591	NODE_2451_length_387_cov_24.115819	72.4	387	221	0.262443	6.47e-19	acc|GENBANK|WWU03978.1|GENBANK|OR798672|polyprotein [Flaviviridae sp.]	Flaviviridae sp.	Blastx
SRR14574591	NODE_50180_length_318_cov_1.210526	80.0	318	212	0.235849	6.65e-19	acc|GENBANK|AYV82031.1|GENBANK|MK072334|Ras-like protein Rab-11A [Homavirus sp.]	Homavirus sp.	Blastx
SRR14574591	NODE_15392_length_1440_cov_26.391613	24.4	1440	407	0.965602	6.71e-19	acc|GENBANK|AAM22634.1|GENBANK|AF434192|YZ1 [Zea mays]	Zea mays	Blastx
SRR14574591	NODE_41449_length_227_cov_1.206186	60.3	227	759	0.089592	6.76e-19	acc|GENBANK|ACN78962.1|GENBANK|FJ225394|methyltransferase [Glycine max]	Glycine max	Blastx
SRR14574591	NODE_29298_length_323_cov_1.900000	60.0	323	686	0.087464	6.87e-19	acc|GENBANK|WNO13952.1|GENBANK|OQ968299|coat protein [Guapo partitivirus]	Guapo partitivirus	Blastx
SRR14574591	NODE_6667_length_722_cov_1.523948	36.0	722	1793	0.095929	7.26e-19	acc|GENBANK|CCQ71366.1|GENBANK|HF586479|hypothetical serine/threonine protein kinase [Cotesia congregata]	Cotesia congregata	Blastx
SRR14574591	NODE_25499_length_413_cov_1.457895	36.8	413	381	0.349081	7.42e-19	acc|GENBANK|AYV77590.1|GENBANK|MK072051|ubiquitin carboxyl-terminal hydrolase [Dasosvirus sp.]	Dasosvirus sp.	Blastx
SRR14574591	NODE_14416_length_1048_cov_5.187192	32.8	1048	523	0.332696	7.45e-19	acc|GENBANK|AYV78352.1|GENBANK|MK072075|uncharacterized protein [Edafosvirus sp.]	Edafosvirus sp.	Blastx
SRR14574591	NODE_17419_length_567_cov_2.627341	46.6	567	423	0.274232	7.45e-19	acc|GENBANK|CAA38181.1|GENBANK|X54284|phosphoglycerate kinase [Trichoderma viride]	Trichoderma viride	Blastx
SRR14574591	NODE_19236_length_237_cov_1.450980	56.0	237	1369	0.054785	8.10e-19	acc|GENBANK|AIC77183.1|GENBANK|KF740825|polyprotein [Gossypium barbadense]	Gossypium barbadense	Blastx
SRR14574591	NODE_195_length_1614_cov_4.437065	32.2	1614	678	0.389381	8.23e-19	acc|GENBANK|CCQ71325.1|GENBANK|HF586476|hypothetical kinesin-like protein KIF3 [Cotesia congregata]	Cotesia congregata	Blastx
SRR14574591	NODE_6058_length_1502_cov_5.336964	24.6	1502	496	0.802419	8.36e-19	acc|GENBANK|USC25894.1|GENBANK|OL685370|gta [Palpita vitrealis nucleopolyhedrovirus]	Palpita vitrealis nucleopolyhedrovirus	Blastx
SRR14574591	NODE_23280_length_414_cov_3.511811	46.0	414	302	0.374172	8.81e-19	acc|GENBANK|QKF93533.1|GENBANK|MT418680|pyruvate carboxyltransferase [Fadolivirus FV1/VV64]	Fadolivirus FV1/VV64	Blastx
SRR14574591	NODE_13573_length_509_cov_3.924370	42.7	509	109	0.944954	8.90e-19	acc|GENBANK|QBK85947.1|GENBANK|MK500328|thioredoxin [Marseillevirus LCMAC101]	Marseillevirus LCMAC101	Blastx
SRR14574591	NODE_17675_length_464_cov_2.150812	42.3	464	250	0.416000	9.21e-19	acc|GENBANK|QKF94408.1|GENBANK|MT418680|3-deoxy-D-manno-octulosonate [Fadolivirus FV1/VV64]	Fadolivirus FV1/VV64	Blastx
SRR14574591	NODE_37889_length_209_cov_1.329545	59.7	209	706	0.094901	9.80e-19	acc|GENBANK|WGU26822.1|GENBANK|OQ503488|OPT oligopeptide transporter protein [Triticum monococcum]	Triticum monococcum	Blastx
SRR14574591	NODE_13139_length_1051_cov_12.145383	27.3	1051	327	0.984709	1.03e-18	acc|GENBANK|QKF94686.1|GENBANK|MT418680|NADP-dependent oxidoreductase [Fadolivirus FV1/VV64]	Fadolivirus FV1/VV64	Blastx
SRR14574591	NODE_16460_length_260_cov_1.515419	55.2	260	925	0.094054	1.07e-18	acc|GENBANK|ABY48139.1|GENBANK|EU306659|NORK [Medicago truncatula]	Medicago truncatula	Blastx
SRR14574591	NODE_10607_length_820_cov_7.172808	33.6	820	220	0.650000	1.08e-18	acc|GENBANK|UOG94371.1|NEIGHBOR|OM876856|peptidyl-prolyl cis-trans isomerase [Aureococcus anophagefferens virus]	Aureococcus anophagefferens virus	Blastx
SRR14574591	NODE_8441_length_792_cov_4.573123	36.0	792	833	0.150060	1.16e-18	acc|GENBANK|CCQ71385.1|GENBANK|HF586480|hypothetical Homeodomain-interacting protein [Cotesia congregata]	Cotesia congregata	Blastx
SRR14574591	NODE_18944_length_319_cov_1.989510	77.2	319	242	0.235537	1.18e-18	acc|GENBANK|AGU70135.1|GENBANK|KF270089|integrase-type DNA-binding superfamily protein [Tarenaya hassleriana]	Tarenaya hassleriana	Blastx
SRR14574591	NODE_15084_length_431_cov_109.123116	41.7	431	153	0.549020	1.25e-18	acc|GENBANK|QBK85952.1|GENBANK|MK500328|ubiquitin-conjugating enzyme E2 [Marseillevirus LCMAC101]	Marseillevirus LCMAC101	Blastx
SRR14574591	NODE_45056_length_246_cov_1.098592	49.4	246	1793	0.046291	1.26e-18	acc|GENBANK|CCQ71366.1|GENBANK|HF586479|hypothetical serine/threonine protein kinase [Cotesia congregata]	Cotesia congregata	Blastx
SRR14574591	NODE_31261_length_582_cov_6.191257	44.2	582	148	0.641892	1.27e-18	acc|GENBANK|AYV85459.1|GENBANK|MK072453|thioredoxin-like protein [Satyrvirus sp.]	Satyrvirus sp.	Blastx
SRR14574591	NODE_43821_length_239_cov_1.092233	51.3	239	469	0.166311	1.28e-18	acc|REFSEQ|NP_663206.1|REFSEQ|NC_004062|metalloproteinase MP-NASE [Phthorimaea operculella granulovirus]	Phthorimaea operculella granulovirus	Blastx
SRR14574591	NODE_13728_length_1174_cov_15.683611	31.7	1174	1040	0.212500	1.31e-18	acc|REFSEQ|YP_010780932.1|REFSEQ|NC_075038|putative ATP-citrate synthase isoform X3 [Tupanvirus deep ocean]	Tupanvirus deep ocean	Blastx
SRR14574591	NODE_19944_length_561_cov_8.812500	47.1	561	421	0.247031	1.31e-18	acc|GENBANK|AGP03657.1|GENBANK|KF220834|integrase-type DNA-binding superfamily protein [Glycine max]	Glycine max	Blastx
SRR14574591	NODE_8777_length_394_cov_12.072022	38.5	394	361	0.324100	1.35e-18	acc|GENBANK|AGE49331.1|GENBANK|JX997155|agmatine deiminase [Acanthocystis turfacea Chlorella virus Br0604L]	Acanthocystis turfacea Chlorella virus Br0604L	Blastx
SRR14574591	NODE_36203_length_200_cov_1.401198	100	200	117	0.316239	1.36e-18	acc|GENBANK|QDH76138.1|GENBANK|MK948413|putative gag protein [Porcine endogenous retrovirus]	Porcine endogenous retrovirus	Blastx
SRR14574591	NODE_3749_length_1445_cov_2.795326	26.1	1445	506	0.612648	1.37e-18	acc|REFSEQ|NP_054071.1|REFSEQ|NC_001623|global transactivator-like protein [Autographa californica nucleopolyhedrovirus]	Autographa californica nucleopolyhedrovirus	Blastx
SRR14574591	NODE_49834_length_295_cov_2.290076	41.8	295	296	0.331081	1.44e-18	acc|GENBANK|QIH04859.1|GENBANK|MK867691|hypothetical protein [Dasineura jujubifolia toursvirus 2a]	Dasineura jujubifolia toursvirus 2a	Blastx
SRR14574591	NODE_26926_length_635_cov_2.026578	39.1	635	436	0.252294	1.49e-18	acc|REFSEQ|YP_009345309.1|REFSEQ|NC_033775|papain-like cysteine protease [Noumeavirus]	Noumeavirus	Blastx
SRR14574591	NODE_29433_length_577_cov_1.602941	31.6	577	1474	0.132972	1.54e-18	acc|REFSEQ|YP_004347043.1|REFSEQ|NC_015326|serine-threonine kinase [Lausannevirus]	Lausannevirus	Blastx
SRR14574591	NODE_18313_length_231_cov_1.101010	52.0	231	160	0.468750	1.55e-18	acc|GENBANK|QKF94153.1|GENBANK|MT418680|cyclophilin-type peptidyl-prolyl cis-trans [Fadolivirus FV1/VV64]	Fadolivirus FV1/VV64	Blastx
SRR14574591	NODE_3383_length_450_cov_1.988010	39.1	450	727	0.189821	1.73e-18	acc|GENBANK|ADB85269.1|GENBANK|GQ252805|putative lectin-like protein kinase [Phyllostachys edulis]	Phyllostachys edulis	Blastx
SRR14574591	NODE_14627_length_1595_cov_10.162612	29.8	1595	489	0.390593	1.77e-18	acc|GENBANK|ATZ80614.1|GENBANK|MF782455|putative uridine kinase [Bodo saltans virus]	Bodo saltans virus	Blastx
SRR14574591	NODE_23334_length_950_cov_3.158124	43.6	950	752	0.155585	1.88e-18	acc|GENBANK|AYV76414.1|GENBANK|MK071984|HrpA-like RNA helicase [Terrestrivirus sp.]	Terrestrivirus sp.	Blastx
SRR14574591	NODE_24027_length_434_cov_1.109726	57.5	434	925	0.086486	1.98e-18	acc|GENBANK|ABY48139.1|GENBANK|EU306659|NORK [Medicago truncatula]	Medicago truncatula	Blastx
SRR14574591	NODE_31280_length_489_cov_2.576754	41.2	489	120	0.850000	1.99e-18	acc|GENBANK|QBZ81758.1|GENBANK|MK174290|Protein kinase catalytic incomplete domain [Pandoravirus celtis]	Pandoravirus celtis	Blastx
SRR14574591	NODE_9610_length_797_cov_7.629581	30.7	797	261	0.835249	2.01e-18	acc|GENBANK|AYV79236.1|GENBANK|MK072137|serine/threonine protein phosphatase [Faunusvirus sp.]	Faunusvirus sp.	Blastx
SRR14574591	NODE_47285_length_260_cov_0.951542	46.5	260	2466	0.034874	2.03e-18	acc|GENBANK|AOZ57106.1|GENBANK|KX608896|Serine threonine-protein kinase TOR [Saccharum hybrid cultivar R570]	Saccharum hybrid cultivar R570	Blastx
SRR14574591	NODE_10818_length_389_cov_2.292135	40.7	389	727	0.185695	2.12e-18	acc|GENBANK|ADB85269.1|GENBANK|GQ252805|putative lectin-like protein kinase [Phyllostachys edulis]	Phyllostachys edulis	Blastx
SRR14574591	NODE_25133_length_349_cov_2.272152	62.9	349	237	0.261603	2.17e-18	acc|GENBANK|ADB85285.1|GENBANK|GQ252816|hypothetical protein [Phyllostachys edulis]	Phyllostachys edulis	Blastx
SRR14574591	NODE_15202_length_1024_cov_21.553986	32.4	1024	737	0.234735	2.20e-18	acc|GENBANK|CCQ71381.1|GENBANK|HF586479|hypothetical cystein protease Calpain-B [Cotesia congregata]	Cotesia congregata	Blastx
SRR14574591	NODE_25778_length_265_cov_1.081897	50.0	265	374	0.219251	2.20e-18	acc|GENBANK|CAB42059.1|GENBANK|AJ005761|Tpv2-1c [Phaseolus vulgaris]	Phaseolus vulgaris	Blastx
SRR14574591	NODE_12528_length_978_cov_5.093122	32.3	978	520	0.369231	2.26e-18	acc|GENBANK|APO14197.1|GENBANK|KX098475|truncated DELLA protein [Setaria italica]	Setaria italica	Blastx
SRR14574591	NODE_25478_length_408_cov_6.325333	44.3	408	482	0.238589	2.26e-18	acc|REFSEQ|YP_010780157.1|REFSEQ|NC_075038|cytidyltransferaserelated domain containing [Tupanvirus deep ocean]	Tupanvirus deep ocean	Blastx
SRR14574591	NODE_1676_length_1597_cov_86.962276	26.2	1597	539	0.827458	2.27e-18	acc|GENBANK|QDY52400.1|GENBANK|MK250091|aldehyde dehydrogenase family protein [Mimiviridae sp. ChoanoV1]	Mimiviridae sp. ChoanoV1	Blastx
SRR14574591	NODE_9632_length_345_cov_4.852564	72.1	345	242	0.252066	2.29e-18	acc|GENBANK|AGU70135.1|GENBANK|KF270089|integrase-type DNA-binding superfamily protein [Tarenaya hassleriana]	Tarenaya hassleriana	Blastx
SRR14574591	NODE_45213_length_247_cov_1.093458	52.8	247	1048	0.068702	2.32e-18	acc|GENBANK|QDY51684.1|GENBANK|MK250085|tRNA synthetase class I [Mimiviridae sp. ChoanoV1]	Mimiviridae sp. ChoanoV1	Blastx
SRR14574591	NODE_41809_length_228_cov_1.800000	54.2	228	985	0.073096	2.47e-18	acc|GENBANK|AYV75657.1|GENBANK|MK071980|ubiquitin-activating enzyme E1 [Terrestrivirus sp.]	Terrestrivirus sp.	Blastx
SRR14574591	NODE_15554_length_1255_cov_9.574468	26.4	1255	1252	0.275559	2.74e-18	acc|GENBANK|ARF11732.1|GENBANK|KY684109|mRNA capping enzyme [Klosneuvirus KNV1]	Klosneuvirus KNV1	Blastx
SRR14574591	NODE_13945_length_732_cov_4.510730	44.7	732	249	0.493976	2.75e-18	acc|GENBANK|QBK85671.1|GENBANK|MK500327|histone 2A-domain-containing protein [Marseillevirus LCMAC101]	Marseillevirus LCMAC101	Blastx
SRR14574591	NODE_13913_length_1100_cov_4.552952	30.5	1100	484	0.493802	2.76e-18	acc|GENBANK|AYV77733.1|GENBANK|MK072066|CYP86A7 [Edafosvirus sp.]	Edafosvirus sp.	Blastx
SRR14574591	NODE_31364_length_484_cov_1.611973	36.8	484	484	0.241736	2.77e-18	acc|GENBANK|AYV77733.1|GENBANK|MK072066|CYP86A7 [Edafosvirus sp.]	Edafosvirus sp.	Blastx
SRR14574591	NODE_8119_length_944_cov_3.607025	30.5	944	284	0.774648	2.84e-18	acc|GENBANK|CAK7597100.1|GENBANK|OZ003748|Protein phosphatase 2C family protein [Catovirus sp. 'naegleriensis']	Catovirus sp. 'naegleriensis'	Blastx
SRR14574591	NODE_49686_length_287_cov_1.145669	45.7	287	925	0.101622	2.85e-18	acc|GENBANK|ABY48139.1|GENBANK|EU306659|NORK [Medicago truncatula]	Medicago truncatula	Blastx
SRR14574591	NODE_10577_length_734_cov_10.717546	26.8	734	588	0.399660	2.86e-18	acc|GENBANK|QOI90522.1|GENBANK|MT663539|hypothetical protein [Pyramimonas orientalis virus]	Pyramimonas orientalis virus	Blastx
SRR14574591	NODE_29736_length_446_cov_1.864407	50.6	446	728	0.111264	3.00e-18	acc|GENBANK|QKF94085.1|GENBANK|MT418680|CbxX/CfqX protein [Fadolivirus FV1/VV64]	Fadolivirus FV1/VV64	Blastx
SRR14574591	NODE_10392_length_1111_cov_12.471243	34.3	1111	277	0.714801	3.06e-18	acc|GENBANK|CAC44110.1|GENBANK|AJ411813|gag polyprotein [Cicer arietinum]	Cicer arietinum	Blastx
SRR14574591	NODE_27899_length_271_cov_1.680672	73.3	271	168	0.267857	3.11e-18	acc|GENBANK|ADX06010.1|GENBANK|HQ704802|putative transcription factor TFIIS_C family [Organic Lake phycodnavirus 1]	Organic Lake phycodnavirus 1	Blastx
SRR14574591	NODE_7347_length_317_cov_3.489437	47.3	317	1656	0.056159	3.15e-18	acc|GENBANK|ALR84495.1|GENBANK|KT599914|putative serine/threonine-protein kinase [Niemeyer virus]	Niemeyer virus	Blastx
SRR14574591	NODE_39330_length_216_cov_1.169399	57.4	216	445	0.152809	3.19e-18	acc|GENBANK|AAP88020.1|GENBANK|AF355752|reverse transcriptase [Chelonia mydas]	Chelonia mydas	Blastx
SRR14574591	NODE_36919_length_204_cov_1.368421	64.2	204	760	0.088158	3.27e-18	acc|GENBANK|QFG74349.1|GENBANK|MN448286|Hsp90 protein [Megaviridae environmental sample]	Megaviridae environmental sample	Blastx
SRR14574591	NODE_7929_length_325_cov_2.400685	43.1	325	631	0.172742	3.35e-18	acc|GENBANK|AYV76068.1|GENBANK|MK071982|hypothetical protein [Terrestrivirus sp.]	Terrestrivirus sp.	Blastx
SRR14574591	NODE_28450_length_357_cov_3.753086	42.7	357	507	0.189349	3.37e-18	acc|GENBANK|ARF09167.1|GENBANK|KY684084|translation initiation factor 4A-III [Catovirus CTV1]	Catovirus CTV1	Blastx
SRR14574591	NODE_9112_length_2333_cov_5.761739	39.2	2333	972	0.170782	3.38e-18	acc|GENBANK|UOG94373.1|NEIGHBOR|OM876856|Helicase-like protein [Aureococcus anophagefferens virus]	Aureococcus anophagefferens virus	Blastx
SRR14574591	NODE_47489_length_262_cov_1.021834	53.2	262	498	0.154618	3.50e-18	acc|GENBANK|XHA59766.1|GENBANK|OR863077|thermosome [Poseidoniales virus]	Poseidoniales virus	Blastx
SRR14574591	NODE_46646_length_256_cov_1.044843	51.2	256	1467	0.055896	3.61e-18	acc|GENBANK|QOI90401.1|GENBANK|MT663536|DNA-directed RNA polymerase subunit 1 [Pyramimonas orientalis virus]	Pyramimonas orientalis virus	Blastx
SRR14574591	NODE_15308_length_661_cov_4.898089	68.8	661	242	0.264463	3.69e-18	acc|GENBANK|AGU70135.1|GENBANK|KF270089|integrase-type DNA-binding superfamily protein [Tarenaya hassleriana]	Tarenaya hassleriana	Blastx
SRR14574591	NODE_11455_length_696_cov_13.444947	40.0	696	361	0.318560	3.74e-18	acc|GENBANK|AGE49331.1|GENBANK|JX997155|agmatine deiminase [Acanthocystis turfacea Chlorella virus Br0604L]	Acanthocystis turfacea Chlorella virus Br0604L	Blastx
SRR14574591	NODE_6149_length_933_cov_4.703333	44.3	933	1946	0.054471	3.92e-18	acc|GENBANK|ADB85424.1|GENBANK|GQ252887|putative retrotransposon protein [Phyllostachys edulis]	Phyllostachys edulis	Blastx
SRR14574591	NODE_26302_length_665_cov_8.115506	32.6	665	647	0.275116	4.16e-18	acc|GENBANK|AYV86775.1|GENBANK|MK072515|CMGC/MAPK protein kinase, variant 1 [Sylvanvirus sp.]	Sylvanvirus sp.	Blastx
SRR14574591	NODE_12324_length_650_cov_6.849271	35.1	650	507	0.303748	4.18e-18	acc|GENBANK|QHN71152.1|GENBANK|MN812837|cytochrome P450 domain protein [Mollivirus kamchatka]	Mollivirus kamchatka	Blastx
SRR14574591	NODE_7744_length_935_cov_4.344789	30.9	935	254	0.917323	4.25e-18	acc|REFSEQ|YP_009001499.1|REFSEQ|NC_023426|phosphatidic acid phosphatase type 2 [Alphaentomopoxvirus acuprea]	Alphaentomopoxvirus acuprea	Blastx
SRR14574591	NODE_40660_length_222_cov_1.238095	52.1	222	1377	0.051561	4.26e-18	acc|GENBANK|WOZ29791.1|GENBANK|OR712106|gag-pol transposase [Mytilus chilensis]	Mytilus chilensis	Blastx
SRR14574591	NODE_1110_length_1354_cov_23.879637	26.6	1354	327	0.975535	4.34e-18	acc|GENBANK|QKF94686.1|GENBANK|MT418680|NADP-dependent oxidoreductase [Fadolivirus FV1/VV64]	Fadolivirus FV1/VV64	Blastx
SRR14574591	NODE_48583_length_270_cov_1.481013	50.6	270	2037	0.043692	4.45e-18	acc|GENBANK|ABG37663.1|GENBANK|DQ536170|CCHC-type integrase [Populus trichocarpa]	Populus trichocarpa	Blastx
SRR14574591	NODE_4232_length_304_cov_2.845018	83.7	304	214	0.200935	4.48e-18	acc|GENBANK|ABE02642.1|GENBANK|DQ445243|CBF14 [Hordeum vulgare subsp. vulgare]	Hordeum vulgare subsp. vulgare	Blastx
SRR14574591	NODE_15505_length_1765_cov_61.393764	27.0	1765	422	0.815166	4.55e-18	acc|GENBANK|QDY52462.1|GENBANK|MK250094|aminotransferase class-III protein [Mimiviridae sp. ChoanoV1]	Mimiviridae sp. ChoanoV1	Blastx
SRR14574591	NODE_28192_length_233_cov_1.500000	62.7	233	727	0.092160	4.75e-18	acc|GENBANK|ABY48138.1|GENBANK|EU306659|ABC transporter [Medicago truncatula]	Medicago truncatula	Blastx
SRR14574591	NODE_13897_length_1213_cov_7.549153	26.8	1213	321	0.965732	4.79e-18	acc|GENBANK|WZO80455.1|GENBANK|PP681875|aspartate carbamoyltransferase [Chlorovirus sp.]	Chlorovirus sp.	Blastx
SRR14574591	NODE_46810_length_257_cov_1.044643	54.4	257	965	0.081865	4.87e-18	acc|GENBANK|BAE46430.1|GENBANK|AB211150|reverse transcriptase [Danio rerio]	Danio rerio	Blastx
SRR14574591	NODE_50988_length_403_cov_2.494595	36.2	403	459	0.283224	5.09e-18	acc|GENBANK|BBI30359.1|GENBANK|AP018495|beta-galactosidase [Acanthamoeba castellanii medusavirus J1]	Acanthamoeba castellanii medusavirus J1	Blastx
SRR14574591	NODE_30588_length_312_cov_2.146953	42.1	312	198	0.479798	5.09e-18	acc|REFSEQ|NP_955110.1|REFSEQ|NC_005309|CNPV087 putative glutathione peroxidase [Canarypox virus]	Canarypox virus	Blastx
SRR14574591	NODE_47566_length_262_cov_1.021834	56.9	262	623	0.115570	5.17e-18	acc|GENBANK|BAL14837.1|GENBANK|AB682995|endo-1,4-b-D-glucanase [Oryza sativa Japonica Group]	Oryza sativa Japonica Group	Blastx
SRR14574591	NODE_47504_length_262_cov_1.192140	40.9	262	808	0.108911	5.24e-18	acc|REFSEQ|YP_009046273.1|REFSEQ|NC_024447|alkaline phosphodiesterase [Pigeonpox virus]	Pigeonpox virus	Blastx
SRR14574591	NODE_26889_length_490_cov_2.870897	35.1	490	470	0.285106	5.30e-18	acc|REFSEQ|YP_009448636.1|REFSEQ|NC_036594|Cytochrome P450-like protein E-class [Orpheovirus IHUMI-LCC2]	Orpheovirus IHUMI-LCC2	Blastx
SRR14574591	NODE_12378_length_739_cov_39.155807	51.4	739	267	0.393258	5.49e-18	acc|REFSEQ|YP_009238942.1|REFSEQ|NC_029692|histone H2B/H2A fusion protein [Brazilian marseillevirus]	Brazilian marseillevirus	Blastx
SRR14574591	NODE_48499_length_270_cov_0.987342	46.1	270	164	0.542683	5.65e-18	acc|GENBANK|QFG73678.1|GENBANK|MN448266|inorganic pyrophosphatase [Megaviridae environmental sample]	Megaviridae environmental sample	Blastx
SRR14574591	NODE_48529_length_270_cov_1.974684	49.4	270	552	0.161232	5.69e-18	acc|GENBANK|QBK89372.1|GENBANK|MK500418|CTP synthetase [Mimivirus LCMiAC02]	Mimivirus LCMiAC02	Blastx
SRR14574591	NODE_31237_length_728_cov_9.928058	46.6	728	925	0.111351	5.83e-18	acc|GENBANK|ABY48139.1|GENBANK|EU306659|NORK [Medicago truncatula]	Medicago truncatula	Blastx
SRR14574591	NODE_17483_length_239_cov_1.072816	54.9	239	202	0.351485	5.98e-18	acc|GENBANK|CCQ71376.1|GENBANK|HF586479|hypothetical peptidase PPPDE-like [Cotesia congregata]	Cotesia congregata	Blastx
SRR14574591	NODE_8868_length_399_cov_4.142077	50.7	399	310	0.216129	6.05e-18	acc|GENBANK|QBK88363.1|GENBANK|MK500388|NAD dependent epimerase/dehydratase [Mimivirus LCMiAC01]	Mimivirus LCMiAC01	Blastx
SRR14574591	NODE_7227_length_204_cov_1.631579	61.8	204	679	0.100147	6.09e-18	acc|GENBANK|QIG60138.1|GENBANK|MN940580|ATP-dependent zinc metalloprotease [Dishui Lake large algae virus 1]	Dishui Lake large algae virus 1	Blastx
SRR14574591	NODE_50249_length_323_cov_2.017241	36.1	323	202	0.534653	6.17e-18	acc|GENBANK|QBK85899.1|GENBANK|MK500328|exonuclease [Marseillevirus LCMAC101]	Marseillevirus LCMAC101	Blastx
SRR14574591	NODE_1288_length_803_cov_7.522078	36.3	803	119	0.949580	6.41e-18	acc|GENBANK|QBK85983.1|GENBANK|MK500328|glycine cleavage H-protein [Marseillevirus LCMAC101]	Marseillevirus LCMAC101	Blastx
SRR14574591	NODE_49636_length_285_cov_1.392857	53.1	285	498	0.162651	6.55e-18	acc|REFSEQ|YP_010781610.1|REFSEQ|NC_075039|hypothetical protein [Tupanvirus soda lake]	Tupanvirus soda lake	Blastx
SRR14574591	NODE_27777_length_466_cov_2.145497	38.9	466	109	0.871560	6.57e-18	acc|GENBANK|QBK85947.1|GENBANK|MK500328|thioredoxin [Marseillevirus LCMAC101]	Marseillevirus LCMAC101	Blastx
SRR14574591	NODE_50949_length_396_cov_1.611570	48.9	396	463	0.198704	6.61e-18	acc|REFSEQ|YP_009329210.1|REFSEQ|NC_032108|2-aminooxy adenylosuccinate synthetase [Cedratvirus A11]	Cedratvirus A11	Blastx
SRR14574591	NODE_47708_length_263_cov_1.017391	55.2	263	601	0.144759	7.03e-18	acc|GENBANK|AAB62581.1|GENBANK|U68072|3-hydroxy-3-methylglutaryl CoA reductase 2 [Solanum lycopersicum]	Solanum lycopersicum	Blastx
SRR14574591	NODE_29923_length_504_cov_1.405520	50.0	504	289	0.256055	7.22e-18	acc|GENBANK|QKF93545.1|GENBANK|MT418680|rhamnose synthesis protein [Fadolivirus FV1/VV64]	Fadolivirus FV1/VV64	Blastx
SRR14574591	NODE_28356_length_1160_cov_4.645963	35.3	1160	325	0.480000	7.73e-18	acc|GENBANK|AYV76869.1|GENBANK|MK071999|serine/threonine protein kinase [Barrevirus sp.]	Barrevirus sp.	Blastx
SRR14574591	NODE_29006_length_403_cov_2.797297	67.3	403	237	0.232068	7.95e-18	acc|GENBANK|UZT29049.1|GENBANK|OP765507|photosystem D1 protein [Nucleocytoviricota sp.]	Nucleocytoviricota sp.	Blastx
SRR14574591	NODE_5831_length_3317_cov_6.605359	24.9	3317	1333	0.298575	8.00e-18	acc|GENBANK|AAA75254.1|GENBANK|L47193|reverse transcriptase [Arabidopsis thaliana]	Arabidopsis thaliana	Blastx
SRR14574591	NODE_36415_length_201_cov_1.392857	56.7	201	1359	0.049301	8.07e-18	acc|GENBANK|ABD78322.1|GENBANK|DQ381432|polyprotein [Primula vulgaris]	Primula vulgaris	Blastx
SRR14574591	NODE_13757_length_2501_cov_20.117504	38.0	2501	230	0.721739	8.20e-18	acc|GENBANK|ADB85286.1|GENBANK|GQ252816|putative RNA-binding-like protein [Phyllostachys edulis]	Phyllostachys edulis	Blastx
SRR14574591	NODE_10461_length_520_cov_1.435318	33.5	520	526	0.306084	8.20e-18	acc|GENBANK|QKF94253.1|GENBANK|MT418680|ABC transporter [Fadolivirus FV1/VV64]	Fadolivirus FV1/VV64	Blastx
SRR14574591	NODE_16499_length_225_cov_1.192708	58.5	225	842	0.077197	8.20e-18	acc|REFSEQ|YP_010781223.1|REFSEQ|NC_075038|leucyl-tRNA synthetase [Tupanvirus deep ocean]	Tupanvirus deep ocean	Blastx
SRR14574591	NODE_14401_length_237_cov_5.000000	49.4	237	258	0.298450	8.23e-18	acc|GENBANK|WMV02893.1|GENBANK|OP630990|alpha-tubulin [Diderma spumarioides]	Diderma spumarioides	Blastx
SRR14574591	NODE_27567_length_572_cov_3.441558	40.2	572	259	0.413127	8.58e-18	acc|REFSEQ|YP_025203.1|REFSEQ|NC_005906|hypothetical protein [Neodiprion lecontei nucleopolyhedrovirus]	Neodiprion lecontei nucleopolyhedrovirus	Blastx
SRR14574591	NODE_46013_length_252_cov_1.068493	49.4	252	816	0.101716	8.67e-18	acc|GENBANK|BDT63269.1|GENBANK|LC738882|putative reverse transcriptase [Hemigrapsus takanoi nimavirus]	Hemigrapsus takanoi nimavirus	Blastx
SRR14574591	NODE_49988_length_304_cov_1.295203	78.0	304	889	0.066367	9.14e-18	acc|GENBANK|QCC26834.1|GENBANK|MK532516|Bs2 gagpol polyprotein [Zea mays]	Zea mays	Blastx
SRR14574591	NODE_1726_length_1110_cov_5.417827	28.7	1110	566	0.418728	9.33e-18	acc|GENBANK|QBK89567.1|GENBANK|MK500428|phosphatidylinositol-specific phospholipase C [Pithovirus LCPAC001]	Pithovirus LCPAC001	Blastx
SRR14574591	NODE_2179_length_2159_cov_5.622295	40.7	2159	471	0.297240	1.02e-17	acc|GENBANK|AFV13457.1|GENBANK|JQ314445|UDPG-flavonoid 3-O-glucosyl transferase [Tripsacum dactyloides]	Tripsacum dactyloides	Blastx
SRR14574591	NODE_16426_length_535_cov_1.621514	31.1	535	320	0.503125	1.05e-17	acc|GENBANK|AHA54141.1|GENBANK|KF481685|putative fatty acid desaturase [Emiliania huxleyi virus 18]	Emiliania huxleyi virus 18	Blastx
SRR14574591	NODE_19455_length_332_cov_1.735786	35.8	332	394	0.276650	1.10e-17	acc|GENBANK|ARF11626.1|GENBANK|KY684109|translation initiation factor 4A-III [Klosneuvirus KNV1]	Klosneuvirus KNV1	Blastx
SRR14574591	NODE_29272_length_821_cov_4.313452	37.8	821	721	0.198336	1.13e-17	acc|GENBANK|AYV87083.1|GENBANK|MK072529|putative RNA helicase SDE3 [Sylvanvirus sp.]	Sylvanvirus sp.	Blastx
SRR14574591	NODE_30199_length_512_cov_1.713987	33.6	512	727	0.200825	1.14e-17	acc|GENBANK|ADB85269.1|GENBANK|GQ252805|putative lectin-like protein kinase [Phyllostachys edulis]	Phyllostachys edulis	Blastx
SRR14574591	NODE_22815_length_248_cov_1.204651	54.7	248	368	0.203804	1.17e-17	acc|GENBANK|AOG75315.1|GENBANK|KU720517|integrase [Mirabilis jalapa]	Mirabilis jalapa	Blastx
SRR14574591	NODE_5006_length_207_cov_2.218391	57.6	207	1287	0.051282	1.20e-17	acc|GENBANK|WLY67778.1|GENBANK|OR078387|TYG71p [Saccharomyces cerevisiae]	Saccharomyces cerevisiae	Blastx
SRR14574591	NODE_21813_length_429_cov_1.982323	37.1	429	925	0.154595	1.22e-17	acc|GENBANK|ABY48139.1|GENBANK|EU306659|NORK [Medicago truncatula]	Medicago truncatula	Blastx
SRR14574591	NODE_19238_length_279_cov_1.357724	52.6	279	623	0.155698	1.22e-17	acc|GENBANK|BAL14837.1|GENBANK|AB682995|endo-1,4-b-D-glucanase [Oryza sativa Japonica Group]	Oryza sativa Japonica Group	Blastx
SRR14574591	NODE_42267_length_231_cov_1.181818	57.7	231	1793	0.039598	1.24e-17	acc|GENBANK|CCQ71366.1|GENBANK|HF586479|hypothetical serine/threonine protein kinase [Cotesia congregata]	Cotesia congregata	Blastx
SRR14574591	NODE_20858_length_404_cov_1.787062	45.4	404	1258	0.077107	1.25e-17	acc|GENBANK|AAD02928.1|GENBANK|AF055640|reverse transcriptase [Oryzias latipes]	Oryzias latipes	Blastx
SRR14574591	NODE_22256_length_328_cov_1.054237	44.8	328	1613	0.059516	1.28e-17	acc|GENBANK|QVY19172.1|GENBANK|MT501690|p194 [Agapanthus tungrovirus]	Agapanthus tungrovirus	Blastx
SRR14574591	NODE_9693_length_1556_cov_7.903480	23.1	1556	447	0.872483	1.29e-17	acc|GENBANK|QKF93746.1|GENBANK|MT418680|histidyl-tRNA synthetase [Fadolivirus FV1/VV64]	Fadolivirus FV1/VV64	Blastx
SRR14574591	NODE_2519_length_1255_cov_24.266776	29.5	1255	484	0.448347	1.30e-17	acc|GENBANK|AYV77733.1|GENBANK|MK072066|CYP86A7 [Edafosvirus sp.]	Edafosvirus sp.	Blastx
SRR14574591	NODE_27984_length_335_cov_4.195364	52.4	335	925	0.090811	1.34e-17	acc|GENBANK|ABY48139.1|GENBANK|EU306659|NORK [Medicago truncatula]	Medicago truncatula	Blastx
SRR14574591	NODE_21058_length_489_cov_2.348684	41.4	489	328	0.301829	1.41e-17	acc|GENBANK|QFG74386.1|GENBANK|MN448287|XPG I-region protein [Megaviridae environmental sample]	Megaviridae environmental sample	Blastx
SRR14574591	NODE_48505_length_270_cov_0.987342	45.6	270	593	0.151771	1.47e-17	acc|GENBANK|QIN54545.1|GENBANK|MN873693|ABC-2 type transporter [Cedratvirus kamchatka]	Cedratvirus kamchatka	Blastx
SRR14574591	NODE_3401_length_699_cov_3.765766	32.4	699	480	0.354167	1.52e-17	acc|GENBANK|QPI16798.1|GENBANK|MW030606|BT1 family protein [Virus NIOZ-UU159]	Virus NIOZ-UU159	Blastx
SRR14574591	NODE_9948_length_658_cov_6.289600	34.7	658	182	0.807692	1.52e-17	acc|REFSEQ|YP_009163818.1|REFSEQ|NC_027778|ORF_057R [Scale drop disease virus]	Scale drop disease virus	Blastx
SRR14574591	NODE_25974_length_602_cov_2.196837	44.9	602	279	0.383513	1.55e-17	acc|GENBANK|QBK87125.1|GENBANK|MK500344|NADP oxidoreductase coenzyme F420-dependent [Marseillevirus LCMAC201]	Marseillevirus LCMAC201	Blastx
SRR14574591	NODE_5545_length_641_cov_2.195724	38.2	641	121	0.842975	1.58e-17	acc|GENBANK|UNJ46594.1|GENBANK|OM135585|yippee [Drosophila melanogaster]	Drosophila melanogaster	Blastx
SRR14574591	NODE_12417_length_1704_cov_14.816876	36.2	1704	117	1.205128	1.62e-17	acc|GENBANK|QDH76138.1|GENBANK|MK948413|putative gag protein [Porcine endogenous retrovirus]	Porcine endogenous retrovirus	Blastx
SRR14574591	NODE_7549_length_776_cov_4.141319	37.1	776	239	0.585774	1.62e-17	acc|GENBANK|QFG74853.1|GENBANK|MN448295|inhibitor of apoptosis-promoting [Megaviridae environmental sample]	Megaviridae environmental sample	Blastx
SRR14574591	NODE_37684_length_208_cov_1.331429	49.3	208	706	0.097734	1.62e-17	acc|GENBANK|WGU26822.1|GENBANK|OQ503488|OPT oligopeptide transporter protein [Triticum monococcum]	Triticum monococcum	Blastx
SRR14574591	NODE_49588_length_282_cov_1.409639	47.3	282	288	0.315972	1.62e-17	acc|GENBANK|QBK86945.1|GENBANK|MK500338|tetrahydrofolate dehydrogenase/cyclohydrolase [Marseillevirus LCMAC103]	Marseillevirus LCMAC103	Blastx
SRR14574591	NODE_49449_length_279_cov_0.951220	44.2	279	644	0.147516	1.67e-17	acc|GENBANK|AGE49283.1|GENBANK|JX997155|potassium transporter [Acanthocystis turfacea Chlorella virus Br0604L]	Acanthocystis turfacea Chlorella virus Br0604L	Blastx
SRR14574591	NODE_5075_length_1050_cov_2.628319	26.9	1050	922	0.322126	1.68e-17	acc|GENBANK|ARF11485.1|GENBANK|KY684108|magnesium-transporting ATPase [Klosneuvirus KNV1]	Klosneuvirus KNV1	Blastx
SRR14574591	NODE_51297_length_511_cov_1.958159	32.1	511	1535	0.121824	1.69e-17	acc|GENBANK|XDO02170.1|GENBANK|PP542043|DNA-Directed RNA polymerase II Subunit Rpb1 [Florenciella sp. virus SA2]	Florenciella sp. virus SA2	Blastx
SRR14574591	NODE_22287_length_210_cov_1.779661	62.3	210	700	0.098571	1.69e-17	acc|GENBANK|AAA33448.1|GENBANK|M94481|reverse transcriptase [Zea mays]	Zea mays	Blastx
SRR14574591	NODE_6953_length_600_cov_10.333333	49.4	600	150	0.553333	1.71e-17	acc|GENBANK|QJX71738.1|GENBANK|MN830294|mannosyltransferase [Faustovirus]	Faustovirus	Blastx
SRR14574591	NODE_15521_length_710_cov_5.317578	48.1	710	105	0.752381	1.76e-17	acc|GENBANK|QPI16506.1|GENBANK|MW030569|thioredoxin domain-containing protein [Virus NIOZ-UU157]	Virus NIOZ-UU157	Blastx
SRR14574591	NODE_41314_length_226_cov_1.212435	48.5	226	179	0.379888	1.76e-17	acc|GENBANK|AYV77848.1|GENBANK|MK072067|peptide-methionine (S)-S-oxide reductase [Edafosvirus sp.]	Edafosvirus sp.	Blastx
SRR14574591	NODE_7695_length_905_cov_2.780963	40.7	905	293	0.419795	1.80e-17	acc|GENBANK|ARF10285.1|GENBANK|KY684103|fructose-1,6-bisphosphatase [Hokovirus HKV1]	Hokovirus HKV1	Blastx
SRR14574591	NODE_15266_length_1288_cov_4.361753	32.2	1288	424	0.431604	1.83e-17	acc|GENBANK|ULY68560.1|GENBANK|OL828820|tRNA guanosine(34) transglycosylase Tgt [Chlorella virus XW01]	Chlorella virus XW01	Blastx
SRR14574591	NODE_45152_length_247_cov_1.093458	49.3	247	405	0.180247	2.01e-17	acc|GENBANK|WGU26824.1|GENBANK|OQ503488|eukaryotic initiation factor 4A-III B-like [Triticum monococcum]	Triticum monococcum	Blastx
SRR14574591	NODE_40640_length_222_cov_1.238095	54.4	222	2037	0.033382	2.03e-17	acc|GENBANK|ABG37663.1|GENBANK|DQ536170|CCHC-type integrase [Populus trichocarpa]	Populus trichocarpa	Blastx
SRR14574591	NODE_4855_length_477_cov_13.042793	35.8	477	383	0.357702	2.05e-17	acc|GENBANK|AJA91762.1|GENBANK|KM434202|dihydroflavonol 4-reductase [Allium cepa]	Allium cepa	Blastx
SRR14574591	NODE_3792_length_289_cov_1.671875	83.3	289	214	0.196262	2.05e-17	acc|GENBANK|ABE02642.1|GENBANK|DQ445243|CBF14 [Hordeum vulgare subsp. vulgare]	Hordeum vulgare subsp. vulgare	Blastx
SRR14574591	NODE_7546_length_562_cov_3.145558	39.2	562	332	0.361446	2.15e-17	acc|GENBANK|AYV77577.1|GENBANK|MK072050|hypothetical protein [Dasosvirus sp.]	Dasosvirus sp.	Blastx
SRR14574591	NODE_3073_length_1272_cov_11.962066	29.1	1272	420	0.671429	2.29e-17	acc|GENBANK|WAK75645.1|NEIGHBOR|ON812163|hypothetical protein [Kaisodi virus]	Kaisodi virus	Blastx
SRR14574591	NODE_47518_length_262_cov_1.017467	48.1	262	221	0.348416	2.33e-17	acc|GENBANK|AYV75487.1|GENBANK|MK071979|GTP-binding protein YPTC1 [Terrestrivirus sp.]	Terrestrivirus sp.	Blastx
SRR14574591	NODE_16828_length_468_cov_4.422989	52.0	468	549	0.136612	2.34e-17	acc|GENBANK|AYV77959.1|GENBANK|MK072068|dna topoisomerase 1b [Edafosvirus sp.]	Edafosvirus sp.	Blastx
SRR14574591	NODE_21831_length_535_cov_2.304781	48.1	535	683	0.155198	2.67e-17	acc|GENBANK|AAM14062.1|GENBANK|AY091112|putative copia-like retroelement pol [Arabidopsis thaliana]	Arabidopsis thaliana	Blastx
SRR14574591	NODE_48515_length_270_cov_0.987342	63.6	270	534	0.123596	2.68e-17	acc|REFSEQ|YP_293871.1|REFSEQ|NC_007346|putative phosphate permease [Emiliania huxleyi virus 86]	Emiliania huxleyi virus 86	Blastx
SRR14574591	NODE_26382_length_451_cov_1.313397	36.8	451	610	0.222951	2.72e-17	acc|GENBANK|QOR60687.1|GENBANK|MK522039|hypothetical protein [Bathycoccus sp. RCC716 virus 3]	Bathycoccus sp. RCC716 virus 3	Blastx
SRR14574591	NODE_39838_length_218_cov_1.897297	63.9	218	424	0.169811	2.77e-17	acc|GENBANK|BAA24885.1|GENBANK|AB003364|phytochrome [Adiantum capillus-veneris]	Adiantum capillus-veneris	Blastx
SRR14574591	NODE_36515_length_202_cov_1.384615	56.9	202	686	0.094752	2.78e-17	acc|GENBANK|WNO13952.1|GENBANK|OQ968299|coat protein [Guapo partitivirus]	Guapo partitivirus	Blastx
SRR14574591	NODE_19080_length_288_cov_2.313725	54.5	288	299	0.220736	2.79e-17	acc|GENBANK|UOG94093.1|NEIGHBOR|OM876856|serine threonine-protein phosphatase [Aureococcus anophagefferens virus]	Aureococcus anophagefferens virus	Blastx
SRR14574591	NODE_30987_length_591_cov_1.596774	33.3	591	507	0.402367	2.98e-17	acc|GENBANK|QHN71152.1|GENBANK|MN812837|cytochrome P450 domain protein [Mollivirus kamchatka]	Mollivirus kamchatka	Blastx
SRR14574591	NODE_51498_length_332_cov_1.565217	60.0	332	508	0.137795	2.99e-17	acc|GENBANK|AWA44804.1|GENBANK|MH182523|hypothetical protein [Saccharum officinarum]	Saccharum officinarum	Blastx
SRR14574591	NODE_42155_length_230_cov_1.187817	59.7	230	1105	0.069683	2.99e-17	acc|GENBANK|AAK84476.1|GENBANK|AF275345|unknown [Solanum lycopersicum]	Solanum lycopersicum	Blastx
SRR14574591	NODE_15435_length_326_cov_24.392491	51.9	326	249	0.325301	3.00e-17	acc|GENBANK|QBK85671.1|GENBANK|MK500327|histone 2A-domain-containing protein [Marseillevirus LCMAC101]	Marseillevirus LCMAC101	Blastx
SRR14574591	NODE_29382_length_522_cov_4.666667	36.3	522	551	0.304900	3.01e-17	acc|REFSEQ|YP_004821507.1|REFSEQ|NC_015960|ATP-dependent DNA ligase [Yokapox virus]	Yokapox virus	Blastx
SRR14574591	NODE_1434_length_979_cov_40.232558	43.4	979	141	0.588652	3.06e-17	acc|GENBANK|AIB52170.1|GENBANK|KJ614390|translation initiation factor SUI1 [Faustovirus]	Faustovirus	Blastx
SRR14574591	NODE_9120_length_545_cov_5.708984	36.2	545	233	0.592275	3.15e-17	acc|GENBANK|QBK85221.1|GENBANK|MK500309|2OG-Fe(II) oxygenase superfamily protein [Iridovirus LCIVAC01]	Iridovirus LCIVAC01	Blastx
SRR14574591	NODE_1992_length_991_cov_452.176409	75.9	991	242	0.239669	3.20e-17	acc|GENBANK|AGU70135.1|GENBANK|KF270089|integrase-type DNA-binding superfamily protein [Tarenaya hassleriana]	Tarenaya hassleriana	Blastx
SRR14574591	NODE_14607_length_1101_cov_14.973783	27.2	1101	333	0.915916	3.24e-17	acc|GENBANK|QDY52116.1|GENBANK|MK250087|D-isomer specific 2-hydroxyacid dehydrogenase, [Mimiviridae sp. ChoanoV1]	Mimiviridae sp. ChoanoV1	Blastx
SRR14574591	NODE_9627_length_1536_cov_8.339321	27.0	1536	261	1.222222	3.39e-17	acc|GENBANK|AYV79236.1|GENBANK|MK072137|serine/threonine protein phosphatase [Faunusvirus sp.]	Faunusvirus sp.	Blastx
SRR14574591	NODE_5906_length_742_cov_2.035261	39.8	742	109	0.899083	3.47e-17	acc|GENBANK|QBK85947.1|GENBANK|MK500328|thioredoxin [Marseillevirus LCMAC101]	Marseillevirus LCMAC101	Blastx
SRR14574591	NODE_11323_length_397_cov_7.868132	62.1	397	359	0.183844	3.57e-17	acc|GENBANK|WZO81958.1|GENBANK|PP681879|agmatine deiminase [Chlorovirus sp.]	Chlorovirus sp.	Blastx
SRR14574591	NODE_27606_length_416_cov_1.540470	38.3	416	1196	0.111204	3.63e-17	acc|GENBANK|QBK88182.1|GENBANK|MK500377|CobB/CobQ-like glutamine amidotransferase domain [Marseillevirus LCMAC202]	Marseillevirus LCMAC202	Blastx
SRR14574591	NODE_4398_length_531_cov_3.698795	37.5	531	270	0.414815	3.74e-17	acc|GENBANK|QKF94550.1|GENBANK|MT418680|alpha/beta hydrolase family protein [Fadolivirus FV1/VV64]	Fadolivirus FV1/VV64	Blastx
SRR14574591	NODE_39243_length_216_cov_1.278689	59.6	216	115	0.495652	3.82e-17	acc|GENBANK|AAX62221.1|GENBANK|AY959225|reverse transcriptase [Cycas revoluta]	Cycas revoluta	Blastx
SRR14574591	NODE_3939_length_259_cov_1.716814	50.5	259	335	0.277612	3.87e-17	acc|GENBANK|ABY48132.1|GENBANK|EU306659|GH1 protein [Medicago truncatula]	Medicago truncatula	Blastx
SRR14574591	NODE_48039_length_266_cov_1.000000	54.2	266	299	0.240803	4.00e-17	acc|GENBANK|UOG94093.1|NEIGHBOR|OM876856|serine threonine-protein phosphatase [Aureococcus anophagefferens virus]	Aureococcus anophagefferens virus	Blastx
SRR14574591	NODE_11133_length_609_cov_13.645833	57.6	609	299	0.220736	4.30e-17	acc|GENBANK|UOG94093.1|NEIGHBOR|OM876856|serine threonine-protein phosphatase [Aureococcus anophagefferens virus]	Aureococcus anophagefferens virus	Blastx
SRR14574591	NODE_28463_length_258_cov_1.208889	50.6	258	925	0.089730	4.48e-17	acc|GENBANK|ABY48139.1|GENBANK|EU306659|NORK [Medicago truncatula]	Medicago truncatula	Blastx
SRR14574591	NODE_15476_length_728_cov_6.905036	41.0	728	686	0.209913	4.52e-17	acc|GENBANK|WNO13952.1|GENBANK|OQ968299|coat protein [Guapo partitivirus]	Guapo partitivirus	Blastx
SRR14574591	NODE_41756_length_228_cov_1.323077	52.1	228	190	0.373684	4.60e-17	acc|GENBANK|QZW33397.1|GENBANK|MW485973|MPPV-103 conserved hypothetical protein [Magpiepox virus 2]	Magpiepox virus 2	Blastx
SRR14574591	NODE_11507_length_658_cov_20.881600	34.3	658	326	0.555215	4.71e-17	acc|GENBANK|BCU03398.1|GENBANK|LC625835|haloacid dehydrogenase [Pandoravirus japonicus]	Pandoravirus japonicus	Blastx
SRR14574591	NODE_3952_length_842_cov_2.526576	33.0	842	510	0.225490	4.75e-17	acc|GENBANK|AHA54129.1|GENBANK|KF481685|putative serine palmitoyltransferase [Emiliania huxleyi virus 18]	Emiliania huxleyi virus 18	Blastx
SRR14574591	NODE_21669_length_296_cov_2.315589	49.4	296	261	0.333333	4.91e-17	acc|GENBANK|ARF08832.1|GENBANK|KY684083|caspase domain protein [Catovirus CTV1]	Catovirus CTV1	Blastx
SRR14574591	NODE_13871_length_461_cov_62.750000	62.5	461	214	0.299065	5.18e-17	acc|GENBANK|UZE89726.1|GENBANK|ON704650|hypothetical protein [Parapoynx stagnalis nucleopolyhedrovirus]	Parapoynx stagnalis nucleopolyhedrovirus	Blastx
SRR14574591	NODE_12582_length_710_cov_4.706056	33.3	710	462	0.318182	5.30e-17	acc|GENBANK|QDY51942.1|GENBANK|MK250086|hypothetical protein [Mimiviridae sp. ChoanoV1]	Mimiviridae sp. ChoanoV1	Blastx
SRR14574591	NODE_2059_length_784_cov_6.314248	37.0	784	249	0.650602	5.54e-17	acc|GENBANK|ACD54816.1|GENBANK|EU643495|carbonyl reductase-like protein [Adineta vaga]	Adineta vaga	Blastx
SRR14574591	NODE_11196_length_2306_cov_6.785306	26.5	2306	557	0.976661	5.81e-17	acc|GENBANK|WGU26825.1|GENBANK|OQ503488|putative acyl-activating enzyme 5 [Triticum monococcum]	Triticum monococcum	Blastx
SRR14574591	NODE_14602_length_1249_cov_16.046053	38.8	1249	142	0.852113	5.83e-17	acc|GENBANK|AYV77645.1|GENBANK|MK072058|acetylornithine deacetylase [Dasosvirus sp.]	Dasosvirus sp.	Blastx
SRR14574591	NODE_7388_length_1733_cov_7.645882	27.6	1733	361	1.083102	5.89e-17	acc|GENBANK|QBK86970.1|GENBANK|MK500339|glycosyl transferase [Marseillevirus LCMAC103]	Marseillevirus LCMAC103	Blastx
SRR14574591	NODE_27052_length_658_cov_4.779200	55.6	658	183	0.393443	5.99e-17	acc|REFSEQ|YP_009465880.1|REFSEQ|NC_037057|hypothetical protein [Dishui lake phycodnavirus 1]	Dishui lake phycodnavirus 1	Blastx
SRR14574591	NODE_2508_length_2005_cov_40.716024	25.6	2005	393	1.083969	6.13e-17	acc|GENBANK|WZO85283.1|GENBANK|PP681888|fumarate reductase [Chlorovirus sp.]	Chlorovirus sp.	Blastx
SRR14574591	NODE_26468_length_624_cov_2.758037	33.2	624	727	0.281981	6.45e-17	acc|GENBANK|ADB85269.1|GENBANK|GQ252805|putative lectin-like protein kinase [Phyllostachys edulis]	Phyllostachys edulis	Blastx
SRR14574591	NODE_51144_length_442_cov_1.144254	32.1	442	849	0.190813	6.54e-17	acc|GENBANK|AGE56458.1|GENBANK|JX997176|calcium-transporting ATPase, plasma [Paramecium bursaria Chlorella virus NE-JV-1]	Paramecium bursaria Chlorella virus NE-JV-1	Blastx
SRR14574591	NODE_31341_length_424_cov_4.329923	39.1	424	121	0.760331	6.56e-17	acc|GENBANK|UNJ46594.1|GENBANK|OM135585|yippee [Drosophila melanogaster]	Drosophila melanogaster	Blastx
SRR14574591	NODE_15541_length_1176_cov_25.930009	32.6	1176	299	0.739130	6.92e-17	acc|GENBANK|AGE58604.1|GENBANK|JX997183|N-carbamoylputrescine amidase [Paramecium bursaria Chlorella virus NYs1]	Paramecium bursaria Chlorella virus NYs1	Blastx
SRR14574591	NODE_50209_length_320_cov_2.445993	40.4	320	833	0.112845	7.13e-17	acc|GENBANK|CCQ71385.1|GENBANK|HF586480|hypothetical Homeodomain-interacting protein [Cotesia congregata]	Cotesia congregata	Blastx
SRR14574591	NODE_12345_length_1416_cov_5.607375	25.2	1416	498	0.558233	7.30e-17	acc|REFSEQ|YP_010781610.1|REFSEQ|NC_075039|hypothetical protein [Tupanvirus soda lake]	Tupanvirus soda lake	Blastx
SRR14574591	NODE_47556_length_262_cov_1.532751	37.0	262	271	0.339483	7.32e-17	acc|GENBANK|AUF82230.1|GENBANK|KY322437|E3 ubiquitin--protein ligase MIEL1-like protein [Tetraselmis virus 1]	Tetraselmis virus 1	Blastx
SRR14574591	NODE_22705_length_206_cov_1.167630	49.3	206	776	0.086340	7.39e-17	acc|GENBANK|BAE99183.1|GENBANK|AK227137|putative retroelement pol polyprotein [Arabidopsis thaliana]	Arabidopsis thaliana	Blastx
SRR14574591	NODE_50296_length_326_cov_1.597270	42.6	326	648	0.166667	7.53e-17	acc|REFSEQ|YP_003970036.1|REFSEQ|NC_014637|putative DnaK/Hsp70 [Cafeteria roenbergensis virus BV-PW1]	Cafeteria roenbergensis virus BV-PW1	Blastx
SRR14574591	NODE_23728_length_215_cov_1.258242	49.3	215	144	0.479167	7.58e-17	acc|GENBANK|QBK85618.1|GENBANK|MK500327|nucleoside diphosphate kinase [Marseillevirus LCMAC101]	Marseillevirus LCMAC101	Blastx
SRR14574591	NODE_26243_length_219_cov_1.709677	58.6	219	323	0.216718	7.71e-17	acc|GENBANK|WZO92699.1|GENBANK|PP681907|aspartate carbamoyltransferase [Chlorovirus sp.]	Chlorovirus sp.	Blastx
SRR14574591	NODE_13087_length_1026_cov_11.772407	32.9	1026	507	0.341223	7.76e-17	acc|GENBANK|QHN71152.1|GENBANK|MN812837|cytochrome P450 domain protein [Mollivirus kamchatka]	Mollivirus kamchatka	Blastx
SRR14574591	NODE_18641_length_296_cov_1.688213	50.0	296	430	0.195349	7.83e-17	acc|GENBANK|QIG59801.1|GENBANK|MN940578|hypothetical protein [Dishui Lake phycodnavirus 3]	Dishui Lake phycodnavirus 3	Blastx
SRR14574591	NODE_12709_length_977_cov_1.973517	26.3	977	3125	0.079040	7.97e-17	acc|GENBANK|ADQ91338.1|GENBANK|HM004430|hypothetical protein [Bathycoccus sp. RCC1105 virus BpV2]	Bathycoccus sp. RCC1105 virus BpV2	Blastx
SRR14574591	NODE_27080_length_471_cov_2.237443	38.4	471	213	0.525822	8.06e-17	acc|GENBANK|XKU47790.1|GENBANK|PQ662924|Putative monoglyceride lipase [Monkeypox virus]	Monkeypox virus	Blastx
SRR14574591	NODE_17568_length_324_cov_3.343643	50.0	324	327	0.256881	8.21e-17	acc|GENBANK|QFG73901.1|GENBANK|MN448274|papain family cysteine protease [Megaviridae environmental sample]	Megaviridae environmental sample	Blastx
SRR14574591	NODE_3295_length_820_cov_2.552732	55.3	820	398	0.190955	8.56e-17	acc|GENBANK|AAV50532.1|NEIGHBOR|AY653733|Dnaj-like protein [Acanthamoeba polyphaga mimivirus]	Acanthamoeba polyphaga mimivirus	Blastx
SRR14574591	NODE_12829_length_1306_cov_13.153967	26.8	1306	482	0.757261	8.96e-17	acc|REFSEQ|YP_010781435.1|REFSEQ|NC_075039|cytidylyltransferase [Tupanvirus soda lake]	Tupanvirus soda lake	Blastx
SRR14574591	NODE_20090_length_351_cov_1.720126	40.9	351	279	0.394265	9.03e-17	acc|GENBANK|QBK87117.1|GENBANK|MK500344|putative serine/threonine protein kinase [Marseillevirus LCMAC201]	Marseillevirus LCMAC201	Blastx
SRR14574591	NODE_28941_length_331_cov_1.345638	43.6	331	212	0.476415	9.15e-17	acc|GENBANK|AYV82031.1|GENBANK|MK072334|Ras-like protein Rab-11A [Homavirus sp.]	Homavirus sp.	Blastx
SRR14574591	NODE_49255_length_277_cov_0.959016	44.6	277	121	0.685950	9.68e-17	acc|GENBANK|UNJ46594.1|GENBANK|OM135585|yippee [Drosophila melanogaster]	Drosophila melanogaster	Blastx
SRR14574591	NODE_73_length_1691_cov_12.689988	24.0	1691	457	1.074398	9.90e-17	acc|REFSEQ|YP_009449317.1|REFSEQ|NC_036594|Cytochrome P450-like protein [Orpheovirus IHUMI-LCC2]	Orpheovirus IHUMI-LCC2	Blastx
SRR14574591	NODE_38000_length_209_cov_1.329545	58.0	209	540	0.127778	1.03e-16	acc|GENBANK|WZO79684.1|GENBANK|PP681873|CTP synthetase [Chlorovirus sp.]	Chlorovirus sp.	Blastx
SRR14574591	NODE_30566_length_525_cov_3.010163	51.1	525	558	0.161290	1.08e-16	acc|GENBANK|QOR60244.1|GENBANK|MK522034|hypothetical protein [Bathycoccus sp. RCC716 virus 1]	Bathycoccus sp. RCC716 virus 1	Blastx
SRR14574591	NODE_3058_length_913_cov_6.202273	26.8	913	589	0.354839	1.17e-16	acc|GENBANK|WIL03208.1|GENBANK|OQ413575|ABC2 type transporter [Cedratvirus borely]	Cedratvirus borely	Blastx
SRR14574591	NODE_1598_length_1605_cov_15.055980	27.4	1605	421	0.762470	1.20e-16	acc|REFSEQ|YP_009119842.1|REFSEQ|NC_026440|cys/met metabolism plpdependent enzyme [Pandoravirus inopinatum]	Pandoravirus inopinatum	Blastx
SRR14574591	NODE_15458_length_302_cov_19.959108	50.6	302	249	0.325301	1.21e-16	acc|GENBANK|QBK85671.1|GENBANK|MK500327|histone 2A-domain-containing protein [Marseillevirus LCMAC101]	Marseillevirus LCMAC101	Blastx
SRR14574591	NODE_7162_length_1113_cov_4.432407	26.5	1113	4062	0.080010	1.34e-16	acc|GENBANK|QOR60750.1|GENBANK|MK522039|hypothetical protein [Bathycoccus sp. RCC716 virus 3]	Bathycoccus sp. RCC716 virus 3	Blastx
SRR14574591	NODE_28750_length_374_cov_2.700880	45.5	374	705	0.140426	1.36e-16	acc|GENBANK|WGU26716.1|NEIGHBOR|OQ513807|DNA-directed RNA polymerase subunit 2 [Infectious spleen and kidney necrosis virus]	Infectious spleen and kidney necrosis virus	Blastx
SRR14574591	NODE_10538_length_471_cov_6.182648	62.5	471	286	0.195804	1.36e-16	acc|GENBANK|ARF09529.1|GENBANK|KY684085|cyclophilin type peptidyl-prolyl cis-trans [Indivirus ILV1]	Indivirus ILV1	Blastx
SRR14574591	NODE_30585_length_472_cov_3.170843	34.0	472	500	0.294000	1.47e-16	acc|GENBANK|AYV86945.1|GENBANK|MK072521|ubiquitin protein ligase E3 component n-recognin [Sylvanvirus sp.]	Sylvanvirus sp.	Blastx
SRR14574591	NODE_43293_length_236_cov_2.305419	65.2	236	274	0.240876	1.47e-16	acc|GENBANK|AWA44805.1|GENBANK|MH182523|UPI0001A869FA related cluster [Saccharum officinarum]	Saccharum officinarum	Blastx
SRR14574591	NODE_50603_length_351_cov_1.471698	42.7	351	974	0.112936	1.48e-16	acc|GENBANK|AYV86980.1|GENBANK|MK072522|hypothetical protein [Sylvanvirus sp.]	Sylvanvirus sp.	Blastx
SRR14574591	NODE_47572_length_262_cov_1.318777	46.2	262	520	0.150000	1.54e-16	acc|GENBANK|APO14197.1|GENBANK|KX098475|truncated DELLA protein [Setaria italica]	Setaria italica	Blastx
SRR14574591	NODE_38909_length_214_cov_1.292818	66.7	214	665	0.090226	1.56e-16	acc|GENBANK|UZT28855.1|GENBANK|OP765507|glucosamine-fructose-6-phosphate [Nucleocytoviricota sp.]	Nucleocytoviricota sp.	Blastx
SRR14574591	NODE_7729_length_953_cov_6.215217	27.1	953	375	0.581333	1.59e-16	acc|GENBANK|QBK87879.1|GENBANK|MK500370|aminotransferase class-V [Marseillevirus LCMAC202]	Marseillevirus LCMAC202	Blastx
SRR14574591	NODE_43567_length_238_cov_1.141463	53.4	238	2037	0.035837	1.63e-16	acc|GENBANK|ABG37663.1|GENBANK|DQ536170|CCHC-type integrase [Populus trichocarpa]	Populus trichocarpa	Blastx
SRR14574591	NODE_7087_length_658_cov_2.547200	37.0	658	154	0.824675	1.64e-16	acc|GENBANK|AYV75407.1|GENBANK|MK071979|peptide-methionine (R)-S-oxide reductase [Terrestrivirus sp.]	Terrestrivirus sp.	Blastx
SRR14574591	NODE_39722_length_218_cov_1.264865	52.9	218	886	0.079007	1.64e-16	acc|GENBANK|AJY78067.1|GENBANK|KP137860|putative polyprotein [Glycine max]	Glycine max	Blastx
SRR14574591	NODE_14221_length_1317_cov_59.528037	24.8	1317	575	0.777391	1.67e-16	acc|GENBANK|CAE02704.1|GENBANK|AJ575660|putative sugar transporter [Yarrowia lipolytica]	Yarrowia lipolytica	Blastx
SRR14574591	NODE_13774_length_1264_cov_3.064175	44.5	1264	694	0.171470	1.67e-16	acc|GENBANK|ABG37656.1|GENBANK|DQ536163|integrase [Populus trichocarpa]	Populus trichocarpa	Blastx
SRR14574591	NODE_7604_length_686_cov_8.768760	28.1	686	334	0.682635	1.68e-16	acc|GENBANK|ABQ43625.1|NEIGHBOR|EF420156|SERPIN/crmA ortholog [Tanapox virus]	Tanapox virus	Blastx
SRR14574591	NODE_37062_length_205_cov_1.610465	50.8	205	365	0.172603	1.68e-16	acc|GENBANK|BDT62135.1|GENBANK|LC738872|heat shock protein 40-like protein [Litopenaeus vannamei majanivirus Nimav-1_LVa]	Litopenaeus vannamei majanivirus Nimav-1_LVa	Blastx
SRR14574591	NODE_5824_length_1128_cov_5.428311	26.8	1128	335	0.734328	1.74e-16	acc|GENBANK|AYV75284.1|GENBANK|MK071979|class I SAM-dependent methyltransferase [Terrestrivirus sp.]	Terrestrivirus sp.	Blastx
SRR14574591	NODE_36580_length_202_cov_1.384615	58.2	202	331	0.202417	1.74e-16	acc|GENBANK|QDY52085.1|GENBANK|MK250087|hypothetical protein [Mimiviridae sp. ChoanoV1]	Mimiviridae sp. ChoanoV1	Blastx
SRR14574591	NODE_40142_length_220_cov_1.251337	54.3	220	177	0.395480	1.74e-16	acc|REFSEQ|YP_004821427.1|REFSEQ|NC_015960|thymidine kinase [Yokapox virus]	Yokapox virus	Blastx
SRR14574591	NODE_6008_length_530_cov_5.742455	46.9	530	391	0.245524	1.79e-16	acc|GENBANK|ARF09921.1|GENBANK|KY684089|DnaJ domain protein [Indivirus ILV1]	Indivirus ILV1	Blastx
SRR14574591	NODE_409_length_1194_cov_85.662360	28.4	1194	345	0.950725	1.82e-16	acc|REFSEQ|YP_008052569.1|REFSEQ|NC_021312|ubiquitin specific peptidase C19 [Phaeocystis globosa virus]	Phaeocystis globosa virus	Blastx
SRR14574591	NODE_8749_length_606_cov_4.806283	32.1	606	382	0.342932	1.83e-16	acc|GENBANK|AAB31930.2|GENBANK|S74099|v-myb product [Avian myeloblastosis virus]	Avian myeloblastosis virus	Blastx
SRR14574591	NODE_13707_length_516_cov_3.540373	31.4	516	727	0.262724	1.95e-16	acc|GENBANK|ADB85269.1|GENBANK|GQ252805|putative lectin-like protein kinase [Phyllostachys edulis]	Phyllostachys edulis	Blastx
SRR14574591	NODE_51310_length_531_cov_1.879518	29.3	531	505	0.324752	2.00e-16	acc|REFSEQ|YP_004061477.1|REFSEQ|NC_014765|hypothetical protein [Bathycoccus sp. RCC1105 virus BpV1]	Bathycoccus sp. RCC1105 virus BpV1	Blastx
SRR14574591	NODE_11851_length_1927_cov_11.723337	38.3	1927	447	0.286353	2.19e-16	acc|REFSEQ|NP_077596.1|REFSEQ|NC_002687|serine-threonine kinase [Ectocarpus siliculosus virus 1]	Ectocarpus siliculosus virus 1	Blastx
SRR14574591	NODE_882_length_768_cov_11.793197	71.0	768	242	0.256198	2.28e-16	acc|GENBANK|AGU70135.1|GENBANK|KF270089|integrase-type DNA-binding superfamily protein [Tarenaya hassleriana]	Tarenaya hassleriana	Blastx
SRR14574591	NODE_45694_length_250_cov_1.078341	44.0	250	371	0.202156	2.30e-16	acc|GENBANK|WNO13897.1|GENBANK|OQ968270|capsid protein [Berere partitivirus]	Berere partitivirus	Blastx
SRR14574591	NODE_15270_length_1800_cov_32.003396	31.3	1800	403	0.657568	2.39e-16	acc|REFSEQ|YP_009448705.1|REFSEQ|NC_036594|Phenylalanyl-tRNA synthetase [Orpheovirus IHUMI-LCC2]	Orpheovirus IHUMI-LCC2	Blastx
SRR14574591	NODE_44633_length_244_cov_1.109005	53.2	244	1589	0.049717	2.40e-16	acc|REFSEQ|YP_010780309.1|REFSEQ|NC_075038|NcpA [Tupanvirus deep ocean]	Tupanvirus deep ocean	Blastx
SRR14574591	NODE_27809_length_658_cov_2.193600	29.9	658	497	0.390342	2.46e-16	acc|GENBANK|AYV83822.1|GENBANK|MK072394|cytochrome P450 704B1 [Hyperionvirus sp.]	Hyperionvirus sp.	Blastx
SRR14574591	NODE_11378_length_246_cov_2.169014	43.2	246	1378	0.058781	2.50e-16	acc|GENBANK|URM61947.1|GENBANK|MT663335|cyclin dependent serinethreonine kinase [Mimivirus sp.]	Mimivirus sp.	Blastx
SRR14574591	NODE_47036_length_259_cov_1.553097	46.3	259	447	0.178971	2.53e-16	acc|REFSEQ|NP_077596.1|REFSEQ|NC_002687|serine-threonine kinase [Ectocarpus siliculosus virus 1]	Ectocarpus siliculosus virus 1	Blastx
SRR14574591	NODE_15735_length_668_cov_125.842520	27.6	668	489	0.488753	2.61e-16	acc|GENBANK|AAK84471.1|GENBANK|AF275345|putative permease [Solanum lycopersicum]	Solanum lycopersicum	Blastx
SRR14574591	NODE_40461_length_221_cov_1.244681	43.7	221	164	0.432927	2.61e-16	acc|GENBANK|QFG73678.1|GENBANK|MN448266|inorganic pyrophosphatase [Megaviridae environmental sample]	Megaviridae environmental sample	Blastx
SRR14574591	NODE_105_length_679_cov_3.095975	31.8	679	850	0.207059	2.70e-16	acc|GENBANK|AGE55605.1|GENBANK|JX997174|calcium-transporting ATPase, plasma [Acanthocystis turfacea Chlorella virus MN0810.1]	Acanthocystis turfacea Chlorella virus MN0810.1	Blastx
SRR14574591	NODE_47070_length_259_cov_1.035398	54.9	259	497	0.142857	2.73e-16	acc|GENBANK|CCQ71326.1|GENBANK|HF586476|hypothetical Pro-X carboxypeptidase-like protein [Cotesia congregata]	Cotesia congregata	Blastx
SRR14574591	NODE_5530_length_1426_cov_11.862168	23.5	1426	536	0.641791	2.74e-16	acc|GENBANK|QDY51930.1|GENBANK|MK250086|pyridoxal-dependent decarboxylase conserved [Mimiviridae sp. ChoanoV1]	Mimiviridae sp. ChoanoV1	Blastx
SRR14574591	NODE_51346_length_616_cov_2.032590	41.3	616	147	0.625850	2.74e-16	acc|GENBANK|AQY16815.1|NEIGHBOR|KY040275|MC066 [Molluscum contagiosum virus subtype 1]	Molluscum contagiosum virus subtype 1	Blastx
SRR14574591	NODE_27358_length_612_cov_1.616580	27.7	612	463	0.514039	2.85e-16	acc|GENBANK|CAE02707.1|GENBANK|AJ575660|hypothetical protein [Yarrowia lipolytica]	Yarrowia lipolytica	Blastx
SRR14574591	NODE_20400_length_604_cov_3.649737	37.0	604	326	0.447853	2.87e-16	acc|GENBANK|QDY52441.1|GENBANK|MK250092|hypothetical protein [Mimiviridae sp. ChoanoV1]	Mimiviridae sp. ChoanoV1	Blastx
SRR14574591	NODE_8996_length_378_cov_4.817391	47.8	378	422	0.163507	2.87e-16	acc|GENBANK|ARF10514.1|GENBANK|KY684104|threonyl-tRNA synthetase [Hokovirus HKV1]	Hokovirus HKV1	Blastx
SRR14574591	NODE_6941_length_320_cov_2.205575	42.9	320	459	0.213508	2.94e-16	acc|GENBANK|BBI30359.1|GENBANK|AP018495|beta-galactosidase [Acanthamoeba castellanii medusavirus J1]	Acanthamoeba castellanii medusavirus J1	Blastx
SRR14574591	NODE_1247_length_981_cov_49.700422	48.5	981	183	0.530055	3.18e-16	acc|REFSEQ|YP_009465880.1|REFSEQ|NC_037057|hypothetical protein [Dishui lake phycodnavirus 1]	Dishui lake phycodnavirus 1	Blastx
SRR14574591	NODE_22140_length_212_cov_2.223464	63.3	212	351	0.170940	3.18e-16	acc|GENBANK|ABG22118.1|GENBANK|DQ644579|polyprotein [Hydrangea macrophylla]	Hydrangea macrophylla	Blastx
SRR14574591	NODE_45038_length_246_cov_2.197183	50.0	246	512	0.160156	3.22e-16	acc|GENBANK|ARF11252.1|GENBANK|KY684108|methionyl-tRNA synthetase [Klosneuvirus KNV1]	Klosneuvirus KNV1	Blastx
SRR14574591	NODE_12690_length_362_cov_1.413374	47.9	362	89	0.820225	3.23e-16	acc|GENBANK|AYV84005.1|GENBANK|MK072397|hypothetical protein [Hyperionvirus sp.]	Hyperionvirus sp.	Blastx
SRR14574591	NODE_12545_length_802_cov_45.893368	31.1	802	383	0.477807	3.25e-16	acc|GENBANK|AJA91762.1|GENBANK|KM434202|dihydroflavonol 4-reductase [Allium cepa]	Allium cepa	Blastx
SRR14574591	NODE_31275_length_401_cov_1.595109	37.2	401	348	0.370690	3.28e-16	acc|GENBANK|AYV86709.1|GENBANK|MK072513|hypothetical protein [Sylvanvirus sp.]	Sylvanvirus sp.	Blastx
SRR14574591	NODE_50601_length_351_cov_1.896226	41.1	351	276	0.344203	3.29e-16	acc|GENBANK|ACG38448.1|GENBANK|EU966330|retrotransposon protein Ty1-copia subclass [Zea mays]	Zea mays	Blastx
SRR14574591	NODE_12339_length_468_cov_3.772414	49.4	468	308	0.250000	3.35e-16	acc|GENBANK|AFV13468.1|GENBANK|JQ314449|ring-H2 zinc finger protein [Coix lacryma-jobi]	Coix lacryma-jobi	Blastx
SRR14574591	NODE_8851_length_1142_cov_5.469793	23.9	1142	268	1.014925	3.36e-16	acc|GENBANK|QBK91399.1|GENBANK|MK500535|mitochondrial carrier-like protein [Pithovirus LCPAC302]	Pithovirus LCPAC302	Blastx
SRR14574591	NODE_8450_length_524_cov_3.144603	36.2	524	355	0.357746	3.41e-16	acc|GENBANK|WRJ69891.1|GENBANK|OR001839|alpha-galactosidase [Oceanusvirus sp.]	Oceanusvirus sp.	Blastx
SRR14574591	NODE_20837_length_225_cov_1.218750	57.7	225	861	0.082462	3.45e-16	acc|GENBANK|ADB85253.1|GENBANK|GQ252796|putative retrotransposon protein [Phyllostachys edulis]	Phyllostachys edulis	Blastx
SRR14574591	NODE_11116_length_467_cov_13.414747	62.5	467	286	0.195804	3.46e-16	acc|GENBANK|ARF09529.1|GENBANK|KY684085|cyclophilin type peptidyl-prolyl cis-trans [Indivirus ILV1]	Indivirus ILV1	Blastx
SRR14574591	NODE_45452_length_249_cov_1.083333	51.4	249	741	0.099865	3.48e-16	acc|GENBANK|WOA03171.1|GENBANK|OR637870|truncated WD40 protein PH13-H3 [Glycine max]	Glycine max	Blastx
SRR14574591	NODE_21702_length_667_cov_2.897476	29.3	667	254	0.807087	3.55e-16	acc|GENBANK|XDO02333.1|GENBANK|PP542043|putative Lipase [Florenciella sp. virus SA2]	Florenciella sp. virus SA2	Blastx
SRR14574591	NODE_46320_length_254_cov_1.058824	44.0	254	612	0.122549	3.59e-16	acc|GENBANK|AYV83454.1|GENBANK|MK072389|M13 family peptidase [Hyperionvirus sp.]	Hyperionvirus sp.	Blastx
SRR14574591	NODE_46005_length_252_cov_1.068493	48.8	252	2037	0.041237	3.73e-16	acc|GENBANK|ABG37663.1|GENBANK|DQ536170|CCHC-type integrase [Populus trichocarpa]	Populus trichocarpa	Blastx
SRR14574591	NODE_24655_length_504_cov_1.876858	45.0	504	489	0.204499	3.78e-16	acc|GENBANK|QFG74185.1|GENBANK|MN448282|hypothetical protein [Megaviridae environmental sample]	Megaviridae environmental sample	Blastx
SRR14574591	NODE_28961_length_234_cov_4.034826	54.1	234	925	0.080000	3.91e-16	acc|GENBANK|ABY48139.1|GENBANK|EU306659|NORK [Medicago truncatula]	Medicago truncatula	Blastx
SRR14574591	NODE_47697_length_263_cov_1.017391	47.4	263	525	0.144762	3.95e-16	acc|GENBANK|ACG45577.1|GENBANK|EU973459|retrotransposon protein [Zea mays]	Zea mays	Blastx
SRR14574591	NODE_4657_length_275_cov_1.933884	47.2	275	261	0.340996	3.97e-16	acc|GENBANK|AYV79236.1|GENBANK|MK072137|serine/threonine protein phosphatase [Faunusvirus sp.]	Faunusvirus sp.	Blastx
SRR14574591	NODE_25327_length_287_cov_1.732283	60.3	287	623	0.093098	4.05e-16	acc|GENBANK|BAL14837.1|GENBANK|AB682995|endo-1,4-b-D-glucanase [Oryza sativa Japonica Group]	Oryza sativa Japonica Group	Blastx
SRR14574591	NODE_7724_length_1646_cov_2.985121	65.2	1646	242	0.272727	4.23e-16	acc|GENBANK|AGU70135.1|GENBANK|KF270089|integrase-type DNA-binding superfamily protein [Tarenaya hassleriana]	Tarenaya hassleriana	Blastx
SRR14574591	NODE_14814_length_908_cov_9.936000	58.6	908	183	0.382514	4.25e-16	acc|REFSEQ|YP_009465880.1|REFSEQ|NC_037057|hypothetical protein [Dishui lake phycodnavirus 1]	Dishui lake phycodnavirus 1	Blastx
SRR14574591	NODE_48006_length_266_cov_1.004292	48.3	266	925	0.094054	4.29e-16	acc|GENBANK|ABY48139.1|GENBANK|EU306659|NORK [Medicago truncatula]	Medicago truncatula	Blastx
SRR14574591	NODE_16489_length_368_cov_1.797015	58.3	368	601	0.119800	4.31e-16	acc|GENBANK|AAB62581.1|GENBANK|U68072|3-hydroxy-3-methylglutaryl CoA reductase 2 [Solanum lycopersicum]	Solanum lycopersicum	Blastx
SRR14574591	NODE_10790_length_574_cov_5.798521	51.9	574	334	0.230539	4.56e-16	acc|GENBANK|QBK91883.1|GENBANK|MK500566|GDP-mannose 4,6 dehydratase [Pithovirus LCPAC304]	Pithovirus LCPAC304	Blastx
SRR14574591	NODE_14114_length_229_cov_39.551020	47.0	229	477	0.174004	4.60e-16	acc|GENBANK|AYV78014.1|GENBANK|MK072068|elongation factor 1 alpha long form [Edafosvirus sp.]	Edafosvirus sp.	Blastx
SRR14574591	NODE_30545_length_919_cov_14.676072	50.6	919	506	0.152174	4.74e-16	acc|REFSEQ|YP_010780537.1|REFSEQ|NC_075038|bifunctional glutamate/proline tRNA-synthetase [Tupanvirus deep ocean]	Tupanvirus deep ocean	Blastx
SRR14574591	NODE_7547_length_987_cov_3.653040	55.1	987	290	0.306897	4.75e-16	acc|GENBANK|QMS43709.1|GENBANK|MT590730|tymovirus-like 45/70Kd protein [Betula platyphylla]	Betula platyphylla	Blastx
SRR14574591	NODE_37046_length_204_cov_1.368421	59.1	204	925	0.071351	4.82e-16	acc|GENBANK|ABY48139.1|GENBANK|EU306659|NORK [Medicago truncatula]	Medicago truncatula	Blastx
SRR14574591	NODE_726_length_830_cov_17.153074	36.6	830	245	0.546939	4.91e-16	acc|REFSEQ|YP_008720039.1|REFSEQ|NC_022646|hypothetical protein [Clostera anastomosis granulovirus Henan]	Clostera anastomosis granulovirus Henan	Blastx
SRR14574591	NODE_42798_length_234_cov_1.194030	51.4	234	371	0.194070	4.97e-16	acc|GENBANK|WNO13897.1|GENBANK|OQ968270|capsid protein [Berere partitivirus]	Berere partitivirus	Blastx
SRR14574591	NODE_13249_length_478_cov_14.157303	31.4	478	383	0.415144	5.05e-16	acc|GENBANK|AJA91762.1|GENBANK|KM434202|dihydroflavonol 4-reductase [Allium cepa]	Allium cepa	Blastx
SRR14574591	NODE_13806_length_633_cov_10.016667	37.4	633	112	0.955357	5.05e-16	acc|REFSEQ|YP_009173244.1|REFSEQ|NC_028093|hypothetical protein [Ostreococcus lucimarinus virus 7]	Ostreococcus lucimarinus virus 7	Blastx
SRR14574591	NODE_8330_length_234_cov_1.134328	54.1	234	506	0.120553	5.11e-16	acc|GENBANK|QBK91537.1|GENBANK|MK500544|cyclin-dependent protein kinase [Pithovirus LCPAC302]	Pithovirus LCPAC302	Blastx
SRR14574591	NODE_5257_length_439_cov_3.300493	37.5	439	550	0.261818	5.14e-16	acc|GENBANK|ARF12130.1|GENBANK|KY684110|glutaminyl-tRNA synthetase [Klosneuvirus KNV1]	Klosneuvirus KNV1	Blastx
SRR14574591	NODE_4071_length_291_cov_2.135659	52.1	291	366	0.193989	5.26e-16	acc|GENBANK|AAL66761.1|GENBANK|AF464738|teosinte branched1 protein [Zea mays]	Zea mays	Blastx
SRR14574591	NODE_24752_length_702_cov_1.973094	36.2	702	557	0.337522	5.28e-16	acc|REFSEQ|YP_010780819.1|REFSEQ|NC_075038|peptidase inhibitor I9 [Tupanvirus deep ocean]	Tupanvirus deep ocean	Blastx
SRR14574591	NODE_4907_length_475_cov_3.101810	34.7	475	397	0.362720	5.30e-16	acc|REFSEQ|YP_009173589.1|REFSEQ|NC_028094|Helicase 45 [Chrysochromulina ericina virus]	Chrysochromulina ericina virus	Blastx
SRR14574591	NODE_1664_length_1664_cov_18.134273	33.3	1664	309	0.796117	5.40e-16	acc|GENBANK|AYV80835.1|GENBANK|MK072249|SDR family NAD(P)-dependent oxidoreductase [Harvfovirus sp.]	Harvfovirus sp.	Blastx
SRR14574591	NODE_14692_length_1216_cov_18.698225	42.1	1216	109	0.871560	5.45e-16	acc|GENBANK|QDY51808.1|GENBANK|MK250085|thioredoxin [Mimiviridae sp. ChoanoV1]	Mimiviridae sp. ChoanoV1	Blastx
SRR14574591	NODE_42369_length_231_cov_2.363636	52.6	231	399	0.190476	5.45e-16	acc|GENBANK|AYV76711.1|GENBANK|MK071990|hypothetical protein [Terrestrivirus sp.]	Terrestrivirus sp.	Blastx
SRR14574591	NODE_51032_length_414_cov_1.228346	43.6	414	781	0.120359	5.69e-16	acc|GENBANK|AYV84599.1|GENBANK|MK072412|DEXDc helicase [Hyperionvirus sp.]	Hyperionvirus sp.	Blastx
SRR14574591	NODE_4072_length_318_cov_1.589474	57.7	318	144	0.493056	5.71e-16	acc|GENBANK|WZH61589.1|GENBANK|PP173858|putative capsid protein [Sonafor virus]	Sonafor virus	Blastx
SRR14574591	NODE_50055_length_309_cov_1.652174	63.5	309	53	0.981132	5.79e-16	acc|GENBANK|XDO01897.1|GENBANK|PP542043|Ubiquitin-60S Ribosomal Protein L40 [Florenciella sp. virus SA2]	Florenciella sp. virus SA2	Blastx
SRR14574591	NODE_1510_length_1265_cov_33.702922	47.1	1265	183	0.568306	5.89e-16	acc|REFSEQ|YP_009465880.1|REFSEQ|NC_037057|hypothetical protein [Dishui lake phycodnavirus 1]	Dishui lake phycodnavirus 1	Blastx
SRR14574591	NODE_40149_length_220_cov_1.251337	43.7	220	980	0.072449	5.95e-16	acc|GENBANK|QKF94300.1|GENBANK|MT418680|ubiquitin activating enzyme [Fadolivirus FV1/VV64]	Fadolivirus FV1/VV64	Blastx
SRR14574591	NODE_49785_length_293_cov_1.350000	44.6	293	644	0.142857	5.99e-16	acc|GENBANK|AGE55774.1|GENBANK|JX997174|potassium transporter [Acanthocystis turfacea Chlorella virus MN0810.1]	Acanthocystis turfacea Chlorella virus MN0810.1	Blastx
SRR14574591	NODE_31138_length_535_cov_2.276892	40.0	535	182	0.604396	5.99e-16	acc|REFSEQ|YP_009163818.1|REFSEQ|NC_027778|ORF_057R [Scale drop disease virus]	Scale drop disease virus	Blastx
SRR14574591	NODE_13200_length_551_cov_3.644788	32.3	551	357	0.459384	6.18e-16	acc|GENBANK|ABB29305.1|GENBANK|DQ219419|NADPH-dependent reductase [Zea mays]	Zea mays	Blastx
SRR14574591	NODE_5878_length_502_cov_4.375267	34.5	502	447	0.310962	6.22e-16	acc|REFSEQ|NP_077596.1|REFSEQ|NC_002687|serine-threonine kinase [Ectocarpus siliculosus virus 1]	Ectocarpus siliculosus virus 1	Blastx
SRR14574591	NODE_45260_length_247_cov_1.093458	41.0	247	1606	0.051681	6.38e-16	acc|REFSEQ|YP_010776821.1|REFSEQ|NC_075034|putative serine/threonine protein kinase [Powai lake megavirus]	Powai lake megavirus	Blastx
SRR14574591	NODE_10910_length_1091_cov_7.316635	34.5	1091	288	0.673611	7.14e-16	acc|GENBANK|QMP82376.1|GENBANK|MT153362|hypothetical protein [red goblin roach virus 1]	red goblin roach virus 1	Blastx
SRR14574591	NODE_24155_length_339_cov_1.879085	38.0	339	299	0.334448	7.36e-16	acc|GENBANK|UOG94093.1|NEIGHBOR|OM876856|serine threonine-protein phosphatase [Aureococcus anophagefferens virus]	Aureococcus anophagefferens virus	Blastx
SRR14574591	NODE_18372_length_562_cov_2.058601	36.9	562	278	0.438849	7.84e-16	acc|GENBANK|QBK91651.1|GENBANK|MK500560|putative serine/threonine protein kinase [Pithovirus LCPAC302]	Pithovirus LCPAC302	Blastx
SRR14574591	NODE_39881_length_218_cov_1.264865	57.7	218	1694	0.041913	7.86e-16	acc|GENBANK|BFT93343.1|GENBANK|LC847964|Ser/Thr protein kinase [Medusavirus sp. 'euryale']	Medusavirus sp. 'euryale'	Blastx
SRR14574591	NODE_43921_length_240_cov_1.130435	47.4	240	1793	0.042387	8.04e-16	acc|GENBANK|CCQ71366.1|GENBANK|HF586479|hypothetical serine/threonine protein kinase [Cotesia congregata]	Cotesia congregata	Blastx
SRR14574591	NODE_3547_length_641_cov_1.351974	84.4	641	219	0.205479	8.13e-16	acc|GENBANK|XHA87591.1|GENBANK|PQ054798|hypothetical protein [Qianjiang picobirna-like virus 2]	Qianjiang picobirna-like virus 2	Blastx
SRR14574591	NODE_11101_length_1203_cov_9.257265	34.1	1203	549	0.336976	8.22e-16	acc|GENBANK|WGU26819.1|GENBANK|OQ503488|BTB/POZ domain-containing protein [Triticum monococcum]	Triticum monococcum	Blastx
SRR14574591	NODE_6624_length_387_cov_4.401130	52.4	387	267	0.307116	8.55e-16	acc|REFSEQ|YP_009238942.1|REFSEQ|NC_029692|histone H2B/H2A fusion protein [Brazilian marseillevirus]	Brazilian marseillevirus	Blastx
SRR14574591	NODE_36646_length_203_cov_1.376471	45.5	203	706	0.093484	8.57e-16	acc|GENBANK|WGU26822.1|GENBANK|OQ503488|OPT oligopeptide transporter protein [Triticum monococcum]	Triticum monococcum	Blastx
SRR14574591	NODE_50765_length_368_cov_1.274627	56.3	368	220	0.290909	8.80e-16	acc|GENBANK|UOG94371.1|NEIGHBOR|OM876856|peptidyl-prolyl cis-trans isomerase [Aureococcus anophagefferens virus]	Aureococcus anophagefferens virus	Blastx
SRR14574591	NODE_359_length_321_cov_6.197917	42.0	321	119	0.739496	9.04e-16	acc|GENBANK|ARF11652.1|GENBANK|KY684109|thioredoxin [Klosneuvirus KNV1]	Klosneuvirus KNV1	Blastx
SRR14574591	NODE_14682_length_1219_cov_17.489039	27.7	1219	345	0.950725	9.05e-16	acc|REFSEQ|YP_008052569.1|REFSEQ|NC_021312|ubiquitin specific peptidase C19 [Phaeocystis globosa virus]	Phaeocystis globosa virus	Blastx
SRR14574591	NODE_37879_length_209_cov_1.329545	53.2	209	793	0.078184	9.35e-16	acc|GENBANK|AYP74264.1|GENBANK|MG702259|alkaline phosphodiesterase-like protein [Fowlpox virus]	Fowlpox virus	Blastx
SRR14574591	NODE_12300_length_465_cov_2.268519	60.0	465	203	0.344828	9.36e-16	acc|GENBANK|ACB45086.1|GENBANK|EU365381|CRT binding factor 3 [Solanum habrochaites]	Solanum habrochaites	Blastx
SRR14574591	NODE_28974_length_408_cov_1.469333	56.9	408	183	0.355191	9.58e-16	acc|REFSEQ|YP_009465880.1|REFSEQ|NC_037057|hypothetical protein [Dishui lake phycodnavirus 1]	Dishui lake phycodnavirus 1	Blastx
SRR14574591	NODE_14565_length_533_cov_9.910000	86.0	533	520	0.082692	9.59e-16	acc|GENBANK|APO14197.1|GENBANK|KX098475|truncated DELLA protein [Setaria italica]	Setaria italica	Blastx
SRR14574591	NODE_37302_length_206_cov_1.352601	58.9	206	335	0.217910	9.60e-16	acc|GENBANK|ABY48132.1|GENBANK|EU306659|GH1 protein [Medicago truncatula]	Medicago truncatula	Blastx
SRR14574591	NODE_50011_length_306_cov_2.142857	47.9	306	143	0.510490	9.65e-16	acc|GENBANK|UOG94409.1|NEIGHBOR|OM876856|eukaryotic translation initiation factor [Aureococcus anophagefferens virus]	Aureococcus anophagefferens virus	Blastx
SRR14574591	NODE_429_length_900_cov_7.134948	72.4	900	242	0.239669	9.72e-16	acc|GENBANK|AGU70135.1|GENBANK|KF270089|integrase-type DNA-binding superfamily protein [Tarenaya hassleriana]	Tarenaya hassleriana	Blastx
SRR14574591	NODE_10307_length_518_cov_6.416495	33.3	518	139	0.971223	1.03e-15	acc|GENBANK|QFG74212.1|GENBANK|MN448284|cytidylyltransferase-like protein [Megaviridae environmental sample]	Megaviridae environmental sample	Blastx
SRR14574591	NODE_27626_length_451_cov_1.253589	48.2	451	520	0.163462	1.06e-15	acc|GENBANK|APO14197.1|GENBANK|KX098475|truncated DELLA protein [Setaria italica]	Setaria italica	Blastx
SRR14574591	NODE_27020_length_264_cov_1.878788	43.4	264	691	0.109986	1.08e-15	acc|GENBANK|UPW42252.1|GENBANK|ON001649|putative RNA dependent RNA polymerase [Xisha Islands farmland mitovirus 5]	Xisha Islands farmland mitovirus 5	Blastx
SRR14574591	NODE_4976_length_313_cov_1.607143	55.6	313	340	0.211765	1.09e-15	acc|GENBANK|AAK84481.1|GENBANK|AF275345|unknown [Solanum lycopersicum]	Solanum lycopersicum	Blastx
SRR14574591	NODE_41302_length_226_cov_1.212435	66.1	226	317	0.176656	1.10e-15	acc|GENBANK|AFD33690.1|GENBANK|JQ679016|polyprotein [Hepatitis E virus]	Hepatitis E virus	Blastx
SRR14574591	NODE_49861_length_296_cov_3.034221	39.1	296	559	0.164580	1.14e-15	acc|GENBANK|QCS14309.1|GENBANK|MH670730|hypothetical protein [Phalaenopsis equestris]	Phalaenopsis equestris	Blastx
SRR14574591	NODE_19350_length_302_cov_1.237918	47.1	302	368	0.236413	1.14e-15	acc|GENBANK|QFG73671.1|GENBANK|MN448266|peptidase family M20/M25/M40 [Megaviridae environmental sample]	Megaviridae environmental sample	Blastx
SRR14574591	NODE_5477_length_366_cov_1.051051	43.8	366	1034	0.086074	1.15e-15	acc|GENBANK|QBK90940.1|GENBANK|MK500503|putative serine/threonine protein kinase [Pithovirus LCPAC201]	Pithovirus LCPAC201	Blastx
SRR14574591	NODE_276_length_1172_cov_3.748025	30.5	1172	727	0.306740	1.22e-15	acc|GENBANK|ADB85269.1|GENBANK|GQ252805|putative lectin-like protein kinase [Phyllostachys edulis]	Phyllostachys edulis	Blastx
SRR14574591	NODE_29039_length_749_cov_2.953911	34.2	749	411	0.469586	1.27e-15	acc|GENBANK|WZO84620.1|GENBANK|PP681887|NADH dehydrogenase [Chlorovirus sp.]	Chlorovirus sp.	Blastx
SRR14574591	NODE_22113_length_335_cov_1.122517	46.8	335	486	0.158436	1.29e-15	acc|GENBANK|ADB85341.1|GENBANK|GQ252857|putative retrotransposon protein [Phyllostachys edulis]	Phyllostachys edulis	Blastx
SRR14574591	NODE_46979_length_258_cov_1.560000	52.9	258	480	0.145833	1.29e-15	acc|GENBANK|ASU92288.1|GENBANK|KX759199|kindr F6 [Zea mays]	Zea mays	Blastx
SRR14574591	NODE_46118_length_252_cov_1.068493	45.8	252	405	0.204938	1.39e-15	acc|GENBANK|WGU26824.1|GENBANK|OQ503488|eukaryotic initiation factor 4A-III B-like [Triticum monococcum]	Triticum monococcum	Blastx
SRR14574591	NODE_29355_length_925_cov_4.719731	30.5	925	357	0.761905	1.41e-15	acc|GENBANK|ABB29305.1|GENBANK|DQ219419|NADPH-dependent reductase [Zea mays]	Zea mays	Blastx
SRR14574591	NODE_27085_length_287_cov_1.661417	53.8	287	642	0.121495	1.41e-15	acc|GENBANK|ARF10282.1|GENBANK|KY684103|dynamin family protein [Hokovirus HKV1]	Hokovirus HKV1	Blastx
SRR14574591	NODE_30664_length_512_cov_4.513570	47.4	512	87	0.873563	1.42e-15	acc|GENBANK|QJX70809.1|GENBANK|MN534311|hypothetical protein [Faustovirus]	Faustovirus	Blastx
SRR14574591	NODE_18543_length_397_cov_1.280220	45.7	397	250	0.368000	1.44e-15	acc|GENBANK|QKF94408.1|GENBANK|MT418680|3-deoxy-D-manno-octulosonate [Fadolivirus FV1/VV64]	Fadolivirus FV1/VV64	Blastx
SRR14574591	NODE_11519_length_240_cov_35.144928	53.9	240	562	0.135231	1.44e-15	acc|GENBANK|QDY52375.1|GENBANK|MK250091|asparagine synthase [Mimiviridae sp. ChoanoV1]	Mimiviridae sp. ChoanoV1	Blastx
SRR14574591	NODE_1764_length_1132_cov_4.865332	27.5	1132	448	0.747768	1.46e-15	acc|GENBANK|UOG94283.1|NEIGHBOR|OM876856|pheophorbide a oxygenase [Aureococcus anophagefferens virus]	Aureococcus anophagefferens virus	Blastx
SRR14574591	NODE_50477_length_340_cov_1.143322	48.8	340	557	0.147217	1.46e-15	acc|GENBANK|QKF94091.1|GENBANK|MT418680|bifunctional sulfate [Fadolivirus FV1/VV64]	Fadolivirus FV1/VV64	Blastx
SRR14574591	NODE_28120_length_505_cov_1.588983	41.8	505	360	0.305556	1.49e-15	acc|GENBANK|QKF94354.1|GENBANK|MT418680|UTP--glucose-1-phosphate uridylyltransferase [Fadolivirus FV1/VV64]	Fadolivirus FV1/VV64	Blastx
SRR14574591	NODE_19505_length_487_cov_1.801762	35.2	487	492	0.288618	1.50e-15	acc|GENBANK|QBK88108.1|GENBANK|MK500375|cyclin-dependent protein kinase [Marseillevirus LCMAC202]	Marseillevirus LCMAC202	Blastx
SRR14574591	NODE_7883_length_578_cov_4.141284	37.8	578	588	0.278912	1.55e-15	acc|GENBANK|QOI90522.1|GENBANK|MT663539|hypothetical protein [Pyramimonas orientalis virus]	Pyramimonas orientalis virus	Blastx
SRR14574591	NODE_29702_length_465_cov_7.386574	44.1	465	458	0.222707	1.55e-15	acc|GENBANK|AGE58873.1|GENBANK|JX997183|ATP-dependent helicase [Paramecium bursaria Chlorella virus NYs1]	Paramecium bursaria Chlorella virus NYs1	Blastx
SRR14574591	NODE_8193_length_1429_cov_5.296562	24.4	1429	539	0.782931	1.57e-15	acc|GENBANK|QDY52400.1|GENBANK|MK250091|aldehyde dehydrogenase family protein [Mimiviridae sp. ChoanoV1]	Mimiviridae sp. ChoanoV1	Blastx
SRR14574591	NODE_4679_length_434_cov_3.930175	42.9	434	533	0.196998	1.65e-15	acc|GENBANK|AYV77035.1|GENBANK|MK072006|hypothetical protein [Barrevirus sp.]	Barrevirus sp.	Blastx
SRR14574591	NODE_27318_length_350_cov_1.110410	43.6	350	613	0.179445	1.65e-15	acc|GENBANK|ADB85401.1|GENBANK|GQ252886|putative pollen-specific kinase [Phyllostachys edulis]	Phyllostachys edulis	Blastx
SRR14574591	NODE_10316_length_655_cov_10.175241	32.0	655	423	0.406619	1.68e-15	acc|GENBANK|AYV79645.1|GENBANK|MK072163|serine/threonine protein kinase [Faunusvirus sp.]	Faunusvirus sp.	Blastx
SRR14574591	NODE_15739_length_385_cov_181.241477	39.0	385	379	0.263852	1.71e-15	acc|GENBANK|AAT99858.1|GENBANK|AY598438|unknown [Diachasmimorpha longicaudata entomopoxvirus]	Diachasmimorpha longicaudata entomopoxvirus	Blastx
SRR14574591	NODE_15068_length_824_cov_6.762326	30.2	824	585	0.401709	1.78e-15	acc|GENBANK|SPN79811.1|GENBANK|LT994651|ABC2 type transporter superfamily protein [Brazilian cedratvirus IHUMI]	Brazilian cedratvirus IHUMI	Blastx
SRR14574591	NODE_11629_length_1049_cov_18.069882	28.5	1049	261	1.076628	1.92e-15	acc|GENBANK|AYV79236.1|GENBANK|MK072137|serine/threonine protein phosphatase [Faunusvirus sp.]	Faunusvirus sp.	Blastx
SRR14574591	NODE_9208_length_620_cov_3.976150	39.1	620	467	0.235546	1.95e-15	acc|GENBANK|API81738.1|NEIGHBOR|KU052222|hypothetical protein [Cafeteriavirus-dependent mavirus]	Cafeteriavirus-dependent mavirus	Blastx
SRR14574591	NODE_18159_length_262_cov_3.454148	47.0	262	925	0.089730	1.96e-15	acc|GENBANK|ABY48139.1|GENBANK|EU306659|NORK [Medicago truncatula]	Medicago truncatula	Blastx
SRR14574591	NODE_20668_length_431_cov_2.143216	36.1	431	459	0.265795	1.98e-15	acc|GENBANK|BBI30359.1|GENBANK|AP018495|beta-galactosidase [Acanthamoeba castellanii medusavirus J1]	Acanthamoeba castellanii medusavirus J1	Blastx
SRR14574591	NODE_11674_length_987_cov_18.363732	31.4	987	243	0.695473	2.08e-15	acc|GENBANK|QPB44322.1|GENBANK|MW018138|BTB/POZ domain-containing protein [Medusavirus stheno T3]	Medusavirus stheno T3	Blastx
SRR14574591	NODE_14208_length_718_cov_9.594161	34.2	718	104	1.125000	2.08e-15	acc|GENBANK|QCQ67781.1|GENBANK|MK637631|RING E3 ubiquitin ligase [European chub iridovirus]	European chub iridovirus	Blastx
SRR14574591	NODE_4289_length_322_cov_2.397924	82.9	322	267	0.153558	2.12e-15	acc|GENBANK|WGU26820.1|GENBANK|OQ503488|cytosolic iron-sulfur (Fe-S) protein [Triticum monococcum]	Triticum monococcum	Blastx
SRR14574591	NODE_18286_length_394_cov_1.753463	34.5	394	215	0.539535	2.14e-15	acc|GENBANK|QKF94273.1|GENBANK|MT418680|ribonuclease T2 [Fadolivirus FV1/VV64]	Fadolivirus FV1/VV64	Blastx
SRR14574591	NODE_24511_length_509_cov_1.638655	33.1	509	925	0.172973	2.17e-15	acc|GENBANK|ABY48139.1|GENBANK|EU306659|NORK [Medicago truncatula]	Medicago truncatula	Blastx
SRR14574591	NODE_26299_length_838_cov_8.560248	31.2	838	257	0.785992	2.32e-15	acc|REFSEQ|YP_008318619.1|REFSEQ|NC_021858|Haloacid dehydrogenase [Pandoravirus dulcis]	Pandoravirus dulcis	Blastx
SRR14574591	NODE_37584_length_207_cov_1.344828	80.5	207	258	0.158915	2.35e-15	acc|GENBANK|WMV02893.1|GENBANK|OP630990|alpha-tubulin [Diderma spumarioides]	Diderma spumarioides	Blastx
SRR14574591	NODE_38759_length_213_cov_1.294444	52.2	213	498	0.138554	2.51e-15	acc|GENBANK|XHA59766.1|GENBANK|OR863077|thermosome [Poseidoniales virus]	Poseidoniales virus	Blastx
SRR14574591	NODE_3810_length_498_cov_3.133333	37.9	498	727	0.199450	2.60e-15	acc|GENBANK|ADB85269.1|GENBANK|GQ252805|putative lectin-like protein kinase [Phyllostachys edulis]	Phyllostachys edulis	Blastx
SRR14574591	NODE_11422_length_1275_cov_12.218196	29.3	1275	222	0.936937	2.61e-15	acc|GENBANK|AYV75457.1|GENBANK|MK071979|transmembrane protein [Terrestrivirus sp.]	Terrestrivirus sp.	Blastx
SRR14574591	NODE_9545_length_1539_cov_9.171315	31.6	1539	3648	0.043311	2.67e-15	acc|GENBANK|BFJ38647.1|GENBANK|LC810159|polyprotein [Togaviridae sp. PSNE-Toga]	Togaviridae sp. PSNE-Toga	Blastx
SRR14574591	NODE_6207_length_605_cov_4.054196	27.8	605	419	0.532220	2.74e-15	acc|GENBANK|BDV50099.1|GENBANK|AP027154|hypothetical protein [Porcellio scaber clopovirus]	Porcellio scaber clopovirus	Blastx
SRR14574591	NODE_24298_length_436_cov_1.096774	34.2	436	442	0.264706	2.79e-15	acc|GENBANK|QBK90954.1|GENBANK|MK500504|putative serine/threonine protein kinase [Pithovirus LCPAC201]	Pithovirus LCPAC201	Blastx
SRR14574591	NODE_41448_length_227_cov_1.206186	58.2	227	450	0.148889	2.81e-15	acc|GENBANK|ATZ80316.1|GENBANK|MF782455|putative DnaK/HSP70-like protein [Bodo saltans virus]	Bodo saltans virus	Blastx
SRR14574591	NODE_645_length_3088_cov_10.931915	23.5	3088	851	0.694477	2.83e-15	acc|GENBANK|AGE49443.1|GENBANK|JX997156|calcium-transporting ATPase, plasma [Acanthocystis turfacea Chlorella virus Can0610SP]	Acanthocystis turfacea Chlorella virus Can0610SP	Blastx
SRR14574591	NODE_49784_length_292_cov_1.355212	41.8	292	379	0.258575	2.83e-15	acc|GENBANK|ADB85364.1|GENBANK|GQ252868|putative alcohol dehydrogenase 2 [Phyllostachys edulis]	Phyllostachys edulis	Blastx
SRR14574591	NODE_17543_length_262_cov_0.982533	47.9	262	271	0.261993	2.90e-15	acc|GENBANK|AUF82230.1|GENBANK|KY322437|E3 ubiquitin--protein ligase MIEL1-like protein [Tetraselmis virus 1]	Tetraselmis virus 1	Blastx
SRR14574591	NODE_36283_length_201_cov_1.392857	44.6	201	498	0.130522	2.91e-15	acc|GENBANK|QBK88840.1|GENBANK|MK500400|serine/threonine protein kinase [Mimivirus LCMiAC01]	Mimivirus LCMiAC01	Blastx
SRR14574591	NODE_19530_length_452_cov_1.868735	46.2	452	1508	0.070292	3.11e-15	acc|GENBANK|CAJ00274.1|GENBANK|AJ966991|hypothetical protein [Lotus japonicus]	Lotus japonicus	Blastx
SRR14574591	NODE_29155_length_574_cov_2.035120	37.0	574	336	0.377976	3.22e-15	acc|GENBANK|QFG74155.1|GENBANK|MN448281|semialdehyde dehydrogenase, dimerization domain [Megaviridae environmental sample]	Megaviridae environmental sample	Blastx
SRR14574591	NODE_20506_length_591_cov_2.349462	75.5	591	131	0.374046	3.22e-15	acc|GENBANK|ULK74027.1|GENBANK|OL469143|polyprotein [Paslahepevirus balayani]	Paslahepevirus balayani	Blastx
SRR14574591	NODE_22702_length_501_cov_2.713675	36.7	501	341	0.375367	3.27e-15	acc|REFSEQ|YP_007676115.1|REFSEQ|NC_020864|2-polyprenylphenol 6-hydroxylase [Micromonas pusilla virus 12T]	Micromonas pusilla virus 12T	Blastx
SRR14574591	NODE_25797_length_335_cov_2.245033	42.6	335	371	0.253369	3.28e-15	acc|GENBANK|WNO13897.1|GENBANK|OQ968270|capsid protein [Berere partitivirus]	Berere partitivirus	Blastx
SRR14574591	NODE_40097_length_219_cov_1.258065	46.7	219	170	0.441176	3.32e-15	acc|REFSEQ|YP_003358229.2|REFSEQ|NC_013668|nucleoside diphosphate kinase [Anguillid herpesvirus 1]	Anguillid herpesvirus 1	Blastx
SRR14574591	NODE_45308_length_248_cov_1.088372	51.4	248	301	0.232558	3.34e-15	acc|GENBANK|ARF12194.1|GENBANK|KY684111|aldo/keto reductase family protein [Klosneuvirus KNV1]	Klosneuvirus KNV1	Blastx
SRR14574591	NODE_21241_length_466_cov_1.764434	34.9	466	706	0.235127	3.39e-15	acc|GENBANK|QBK88798.1|GENBANK|MK500399|HrpA-like RNA helicase [Mimivirus LCMiAC01]	Mimivirus LCMiAC01	Blastx
SRR14574591	NODE_13170_length_1160_cov_5.680568	35.8	1160	175	0.702857	3.45e-15	acc|GENBANK|QDY52121.1|GENBANK|MK250088|ubiquitin fusion degradation protein UFD1 [Mimiviridae sp. ChoanoV1]	Mimiviridae sp. ChoanoV1	Blastx
SRR14574591	NODE_28565_length_391_cov_1.726257	41.4	391	518	0.247104	3.54e-15	acc|GENBANK|QPI16131.1|GENBANK|MW030532|hypothetical protein [Virus NIOZ-UU157]	Virus NIOZ-UU157	Blastx
SRR14574591	NODE_4500_length_347_cov_1.863057	53.6	347	360	0.191667	3.54e-15	acc|GENBANK|QPI16529.1|GENBANK|MW030574|chaperone protein [Virus NIOZ-UU159]	Virus NIOZ-UU159	Blastx
SRR14574591	NODE_7785_length_714_cov_3.712188	34.0	714	567	0.259259	3.65e-15	acc|GENBANK|QYA18790.1|GENBANK|MZ420154|RuvB-like chromatin remodeling ATPase [Clandestinovirus]	Clandestinovirus	Blastx
SRR14574591	NODE_28882_length_384_cov_3.324786	38.9	384	411	0.318735	3.73e-15	acc|GENBANK|QDY51732.1|GENBANK|MK250085|dnaJ C terminal domain protein [Mimiviridae sp. ChoanoV1]	Mimiviridae sp. ChoanoV1	Blastx
SRR14574591	NODE_18134_length_288_cov_1.443137	45.1	288	746	0.109920	3.77e-15	acc|GENBANK|UMO80028.1|GENBANK|MZ420563|Serine/threonine protein kinase [Pandoravirus aubagnensis]	Pandoravirus aubagnensis	Blastx
SRR14574591	NODE_15719_length_627_cov_140.540404	46.3	627	87	0.919540	3.78e-15	acc|GENBANK|QJX70809.1|GENBANK|MN534311|hypothetical protein [Faustovirus]	Faustovirus	Blastx
SRR14574591	NODE_45748_length_250_cov_1.078341	41.5	250	441	0.185941	3.80e-15	acc|REFSEQ|YP_004956814.1|REFSEQ|NC_004156|serine hydroxymethyltransferase [Helicoverpa zea nudivirus 2]	Helicoverpa zea nudivirus 2	Blastx
SRR14574591	NODE_15523_length_1549_cov_22.677441	29.6	1549	483	0.412008	3.88e-15	acc|GENBANK|AYV80388.1|GENBANK|MK072243|cytochrome P450 704B1 [Harvfovirus sp.]	Harvfovirus sp.	Blastx
SRR14574591	NODE_4131_length_637_cov_1.650662	45.5	637	153	0.503268	4.00e-15	acc|GENBANK|QFG73633.1|GENBANK|MN448266|thioredoxin-like protein [Megaviridae environmental sample]	Megaviridae environmental sample	Blastx
SRR14574591	NODE_45340_length_248_cov_1.023256	51.3	248	925	0.084324	4.08e-15	acc|GENBANK|ABY48139.1|GENBANK|EU306659|NORK [Medicago truncatula]	Medicago truncatula	Blastx
SRR14574591	NODE_4716_length_380_cov_1.916427	38.7	380	518	0.239382	4.22e-15	acc|GENBANK|QPI16131.1|GENBANK|MW030532|hypothetical protein [Virus NIOZ-UU157]	Virus NIOZ-UU157	Blastx
SRR14574591	NODE_50574_length_349_cov_1.481013	97.4	349	691	0.056440	4.24e-15	acc|GENBANK|ABY48131.1|GENBANK|EU306659|zinc finger protein [Medicago truncatula]	Medicago truncatula	Blastx
SRR14574591	NODE_41619_length_228_cov_2.400000	48.0	228	552	0.135870	4.28e-15	acc|GENBANK|AYV75783.1|GENBANK|MK071981|ATP binding cassette sub family F [Terrestrivirus sp.]	Terrestrivirus sp.	Blastx
SRR14574591	NODE_3666_length_377_cov_1.354651	46.9	377	727	0.134801	4.30e-15	acc|GENBANK|ADB85269.1|GENBANK|GQ252805|putative lectin-like protein kinase [Phyllostachys edulis]	Phyllostachys edulis	Blastx
SRR14574591	NODE_10380_length_637_cov_5.415563	48.5	637	116	0.568966	4.40e-15	acc|GENBANK|AYV81207.1|GENBANK|MK072263|putative zinc finger A20 and AN1 [Harvfovirus sp.]	Harvfovirus sp.	Blastx
SRR14574591	NODE_19164_length_276_cov_1.460905	40.0	276	925	0.097297	4.45e-15	acc|GENBANK|ABY48139.1|GENBANK|EU306659|NORK [Medicago truncatula]	Medicago truncatula	Blastx
SRR14574591	NODE_17023_length_536_cov_2.260437	35.1	536	507	0.258383	4.57e-15	acc|GENBANK|QHN71152.1|GENBANK|MN812837|cytochrome P450 domain protein [Mollivirus kamchatka]	Mollivirus kamchatka	Blastx
SRR14574591	NODE_51167_length_447_cov_1.695652	32.2	447	488	0.299180	4.71e-15	acc|GENBANK|QBK92151.1|GENBANK|MK500568|uncharacterized protein [Pithovirus LCPAC304]	Pithovirus LCPAC304	Blastx
SRR14574591	NODE_2745_length_903_cov_11.989655	27.7	903	305	0.698361	4.78e-15	acc|REFSEQ|YP_002154766.1|REFSEQ|NC_011183|putative ubiquitin-like putative cysteine [Feldmannia species virus]	Feldmannia species virus	Blastx
SRR14574591	NODE_47817_length_264_cov_1.012987	46.1	264	322	0.276398	5.09e-15	acc|GENBANK|QBK92099.1|GENBANK|MK500567|pyridine nucleotide-disulfide oxidoreductase [Pithovirus LCPAC304]	Pithovirus LCPAC304	Blastx
SRR14574591	NODE_14264_length_2664_cov_9.832003	29.8	2664	562	0.441281	5.17e-15	acc|GENBANK|QBK87088.1|GENBANK|MK500343|ABC transporter [Marseillevirus LCMAC103]	Marseillevirus LCMAC103	Blastx
SRR14574591	NODE_11289_length_541_cov_16.236220	45.5	541	87	0.885057	5.19e-15	acc|GENBANK|QKE50167.1|GENBANK|MN956669|YqaJ viral recombinase [Faustovirus]	Faustovirus	Blastx
SRR14574591	NODE_25291_length_502_cov_2.867804	31.9	502	1201	0.138218	5.29e-15	acc|GENBANK|QDY52415.1|GENBANK|MK250092|RNA polymerase Rpb2, domain 6 [Mimiviridae sp. ChoanoV1]	Mimiviridae sp. ChoanoV1	Blastx
SRR14574591	NODE_11990_length_989_cov_20.756276	29.6	989	483	0.426501	5.30e-15	acc|GENBANK|AYV80388.1|GENBANK|MK072243|cytochrome P450 704B1 [Harvfovirus sp.]	Harvfovirus sp.	Blastx
SRR14574591	NODE_180_length_1143_cov_5.610811	22.8	1143	1000	0.390000	5.43e-15	acc|GENBANK|CAK7596888.1|GENBANK|OZ003748|Ubiquitin-activating enzyme E1 [Catovirus sp. 'naegleriensis']	Catovirus sp. 'naegleriensis'	Blastx
SRR14574591	NODE_21585_length_387_cov_2.067797	36.4	387	285	0.452632	5.66e-15	acc|GENBANK|QKF94680.1|GENBANK|MT418680|phytanoyl-CoA dioxygenase [Fadolivirus FV1/VV64]	Fadolivirus FV1/VV64	Blastx
SRR14574591	NODE_39076_length_215_cov_1.928571	46.4	215	221	0.312217	5.67e-15	acc|GENBANK|AYV75487.1|GENBANK|MK071979|GTP-binding protein YPTC1 [Terrestrivirus sp.]	Terrestrivirus sp.	Blastx
SRR14574591	NODE_45970_length_252_cov_1.068493	48.2	252	518	0.160232	5.83e-15	acc|GENBANK|ABY48142.1|GENBANK|EU306659|serine-hydroxymethyltransferase [Medicago truncatula]	Medicago truncatula	Blastx
SRR14574591	NODE_2243_length_2148_cov_28.209456	22.6	2148	346	0.959538	5.95e-15	acc|GENBANK|QKF94584.1|GENBANK|MT418680|villin/gelsolin repeat protein [Fadolivirus FV1/VV64]	Fadolivirus FV1/VV64	Blastx
SRR14574591	NODE_5845_length_705_cov_4.456845	37.2	705	178	0.724719	5.98e-15	acc|GENBANK|AYV76411.1|GENBANK|MK071984|putative vesicle transport protein SFT2B isoform [Terrestrivirus sp.]	Terrestrivirus sp.	Blastx
SRR14574591	NODE_18193_length_381_cov_2.649425	38.7	381	296	0.402027	5.99e-15	acc|GENBANK|QEQ92299.1|NEIGHBOR|MK613869|putative movement protein [Camellia chlorotic dwarf-associated virus]	Camellia chlorotic dwarf-associated virus	Blastx
SRR14574591	NODE_20143_length_351_cov_1.468553	46.7	351	759	0.121212	6.05e-15	acc|GENBANK|ACN78962.1|GENBANK|FJ225394|methyltransferase [Glycine max]	Glycine max	Blastx
SRR14574591	NODE_5348_length_583_cov_2.858182	30.8	583	925	0.228108	6.17e-15	acc|GENBANK|ABY48139.1|GENBANK|EU306659|NORK [Medicago truncatula]	Medicago truncatula	Blastx
SRR14574591	NODE_26876_length_405_cov_1.618280	41.6	405	405	0.219753	6.33e-15	acc|GENBANK|WGU26824.1|GENBANK|OQ503488|eukaryotic initiation factor 4A-III B-like [Triticum monococcum]	Triticum monococcum	Blastx
SRR14574591	NODE_44473_length_243_cov_1.114286	50.0	243	273	0.300366	6.40e-15	acc|GENBANK|QBZ80786.1|GENBANK|MK174290|hypothetical protein [Pandoravirus celtis]	Pandoravirus celtis	Blastx
SRR14574591	NODE_15260_length_1411_cov_14.219158	33.6	1411	142	0.922535	6.49e-15	acc|GENBANK|QMS79608.1|GENBANK|MN019923|hypothetical protein [Invertebrate iridescent virus 6]	Invertebrate iridescent virus 6	Blastx
SRR14574591	NODE_51027_length_412_cov_2.229551	38.0	412	815	0.132515	6.59e-15	acc|GENBANK|QBK89095.1|GENBANK|MK500407|pyruvate phosphate dikinase [Mimivirus LCMiAC02]	Mimivirus LCMiAC02	Blastx
SRR14574591	NODE_17955_length_593_cov_4.308929	40.5	593	121	1.082645	6.94e-15	acc|GENBANK|AGE56038.1|GENBANK|JX997175|multiprotein-bridging factor [Acanthocystis turfacea Chlorella virus MO0605SPH]	Acanthocystis turfacea Chlorella virus MO0605SPH	Blastx
SRR14574591	NODE_31018_length_760_cov_12.145805	35.2	760	142	0.859155	7.22e-15	acc|GENBANK|QKF93479.1|GENBANK|MT418680|ASCh domain-containing protein [Fadolivirus FV1/VV64]	Fadolivirus FV1/VV64	Blastx
SRR14574591	NODE_698_length_1345_cov_10.185213	28.2	1345	340	0.708824	7.25e-15	acc|GENBANK|AYV83811.1|GENBANK|MK072394|lipase [Hyperionvirus sp.]	Hyperionvirus sp.	Blastx
SRR14574591	NODE_5234_length_1000_cov_2.558428	31.3	1000	470	0.442553	7.29e-15	acc|REFSEQ|YP_009448636.1|REFSEQ|NC_036594|Cytochrome P450-like protein E-class [Orpheovirus IHUMI-LCC2]	Orpheovirus IHUMI-LCC2	Blastx
SRR14574591	NODE_29536_length_747_cov_4.247899	28.6	747	467	0.464668	7.35e-15	acc|GENBANK|API81738.1|NEIGHBOR|KU052222|hypothetical protein [Cafeteriavirus-dependent mavirus]	Cafeteriavirus-dependent mavirus	Blastx
SRR14574591	NODE_28302_length_1219_cov_10.710793	26.9	1219	345	0.971014	7.57e-15	acc|REFSEQ|YP_008052569.1|REFSEQ|NC_021312|ubiquitin specific peptidase C19 [Phaeocystis globosa virus]	Phaeocystis globosa virus	Blastx
SRR14574591	NODE_30103_length_318_cov_6.884211	45.6	318	329	0.240122	7.57e-15	acc|GENBANK|ARF09163.1|GENBANK|KY684084|ubiquitin-conjugating enzyme E2 [Catovirus CTV1]	Catovirus CTV1	Blastx
SRR14574591	NODE_6986_length_605_cov_5.318182	33.3	605	1019	0.141315	7.61e-15	acc|GENBANK|ABZ80022.1|NEIGHBOR|EU410304|beta-D-galactosidase [synthetic Vaccinia virus]	synthetic Vaccinia virus	Blastx
SRR14574591	NODE_28235_length_614_cov_2.877797	100	614	36	1.000000	7.67e-15	acc|GENBANK|AUN43545.1|GENBANK|MG645696|RPSA [Myzomela eques]	Myzomela eques	Blastx
SRR14574591	NODE_22249_length_231_cov_1.191919	51.3	231	357	0.218487	8.06e-15	acc|GENBANK|ABB29305.1|GENBANK|DQ219419|NADPH-dependent reductase [Zea mays]	Zea mays	Blastx
SRR14574591	NODE_44195_length_241_cov_1.125000	61.5	241	299	0.173913	8.14e-15	acc|GENBANK|UOG94093.1|NEIGHBOR|OM876856|serine threonine-protein phosphatase [Aureococcus anophagefferens virus]	Aureococcus anophagefferens virus	Blastx
SRR14574591	NODE_1333_length_480_cov_25.519016	38.9	480	437	0.217391	8.22e-15	acc|GENBANK|WQM87226.1|GENBANK|OR991738|papain-like cysteine peptidase [Marseillevirus cajuinensis]	Marseillevirus cajuinensis	Blastx
SRR14574591	NODE_40469_length_221_cov_2.244681	52.2	221	220	0.304545	8.48e-15	acc|GENBANK|UOG94371.1|NEIGHBOR|OM876856|peptidyl-prolyl cis-trans isomerase [Aureococcus anophagefferens virus]	Aureococcus anophagefferens virus	Blastx
SRR14574591	NODE_19631_length_414_cov_1.412073	41.3	414	244	0.426230	8.50e-15	acc|GENBANK|CAA60719.1|GENBANK|X87297|J1545 [Saccharomyces cerevisiae]	Saccharomyces cerevisiae	Blastx
SRR14574591	NODE_2428_length_1735_cov_7.509401	30.9	1735	253	0.920949	8.71e-15	acc|REFSEQ|YP_009174616.1|REFSEQ|NC_028110|putative glycosyltransferase [Yellowstone lake phycodnavirus 2]	Yellowstone lake phycodnavirus 2	Blastx
SRR14574591	NODE_25696_length_334_cov_1.308970	49.3	334	548	0.133212	8.75e-15	acc|GENBANK|AYV82327.1|GENBANK|MK072362|glucosamine-fructose-6-phosphate [Homavirus sp.]	Homavirus sp.	Blastx
SRR14574591	NODE_4807_length_381_cov_1.479885	37.1	381	925	0.142703	8.78e-15	acc|GENBANK|ABY48139.1|GENBANK|EU306659|NORK [Medicago truncatula]	Medicago truncatula	Blastx
SRR14574591	NODE_48170_length_267_cov_1.000000	38.2	267	432	0.206019	8.87e-15	acc|REFSEQ|YP_010781034.1|REFSEQ|NC_075038|putative SNF1-related protein kinase catalytic [Tupanvirus deep ocean]	Tupanvirus deep ocean	Blastx
SRR14574591	NODE_27692_length_1445_cov_2.600567	39.6	1445	691	0.153401	8.96e-15	acc|GENBANK|UPW42252.1|GENBANK|ON001649|putative RNA dependent RNA polymerase [Xisha Islands farmland mitovirus 5]	Xisha Islands farmland mitovirus 5	Blastx
SRR14574591	NODE_26626_length_238_cov_2.556098	52.3	238	531	0.122411	8.96e-15	acc|GENBANK|UMZ08283.1|GENBANK|OL770070|protein kinase family protein [Acanthamoeba polyphaga mimivirus]	Acanthamoeba polyphaga mimivirus	Blastx
SRR14574591	NODE_27309_length_358_cov_1.790769	42.5	358	299	0.290970	9.11e-15	acc|GENBANK|UOG94093.1|NEIGHBOR|OM876856|serine threonine-protein phosphatase [Aureococcus anophagefferens virus]	Aureococcus anophagefferens virus	Blastx
SRR14574591	NODE_51208_length_458_cov_1.101176	34.4	458	296	0.540541	9.58e-15	acc|GENBANK|BCS83296.1|GENBANK|AP024483|apurinic endonuclease IV [Cotonvirus japonicus]	Cotonvirus japonicus	Blastx
SRR14574591	NODE_19087_length_393_cov_1.302778	54.4	393	604	0.112583	9.63e-15	acc|REFSEQ|YP_008052571.1|REFSEQ|NC_021312|ATP-dependent zinc metalloprotease [Phaeocystis globosa virus]	Phaeocystis globosa virus	Blastx
SRR14574591	NODE_40719_length_223_cov_1.231579	46.6	223	528	0.138258	1.00e-14	acc|GENBANK|QBK86729.1|GENBANK|MK500335|DEAD/SNF2-like helicase [Marseillevirus LCMAC103]	Marseillevirus LCMAC103	Blastx
SRR14574591	NODE_1644_length_271_cov_193.739496	46.2	271	547	0.142596	1.02e-14	acc|GENBANK|AYV86548.1|GENBANK|MK072509|hypothetical protein [Sylvanvirus sp.]	Sylvanvirus sp.	Blastx
SRR14574591	NODE_50331_length_329_cov_1.121622	45.9	329	116	0.525862	1.02e-14	acc|GENBANK|AYV81207.1|GENBANK|MK072263|putative zinc finger A20 and AN1 [Harvfovirus sp.]	Harvfovirus sp.	Blastx
SRR14574591	NODE_28966_length_655_cov_1.614148	38.2	655	566	0.217314	1.03e-14	acc|GENBANK|QBK89567.1|GENBANK|MK500428|phosphatidylinositol-specific phospholipase C [Pithovirus LCPAC001]	Pithovirus LCPAC001	Blastx
SRR14574591	NODE_22764_length_341_cov_1.665584	39.6	341	337	0.284866	1.03e-14	acc|GENBANK|AYV76266.1|GENBANK|MK071983|ubiquitin carboxyl-terminal hydrolase 2 [Terrestrivirus sp.]	Terrestrivirus sp.	Blastx
SRR14574591	NODE_10544_length_692_cov_8.312595	45.2	692	108	0.777778	1.04e-14	acc|GENBANK|XCW87605.1|GENBANK|PQ010613|thioredoxin-like protein [Mimivirus sp.]	Mimivirus sp.	Blastx
SRR14574591	NODE_897_length_409_cov_4.989362	30.6	409	467	0.265525	1.05e-14	acc|GENBANK|API81738.1|NEIGHBOR|KU052222|hypothetical protein [Cafeteriavirus-dependent mavirus]	Cafeteriavirus-dependent mavirus	Blastx
SRR14574591	NODE_9536_length_1048_cov_5.533005	25.1	1048	536	0.513060	1.07e-14	acc|GENBANK|QDY51930.1|GENBANK|MK250086|pyridoxal-dependent decarboxylase conserved [Mimiviridae sp. ChoanoV1]	Mimiviridae sp. ChoanoV1	Blastx
SRR14574591	NODE_28989_length_248_cov_1.846512	42.7	248	331	0.247734	1.15e-14	acc|GENBANK|AYV78159.1|GENBANK|MK072071|UDP-glucose 4-epimerase GalE [Edafosvirus sp.]	Edafosvirus sp.	Blastx
SRR14574591	NODE_4268_length_1082_cov_8.488084	25.8	1082	268	0.880597	1.17e-14	acc|GENBANK|QBK91399.1|GENBANK|MK500535|mitochondrial carrier-like protein [Pithovirus LCPAC302]	Pithovirus LCPAC302	Blastx
SRR14574591	NODE_47307_length_260_cov_1.030837	50.0	260	655	0.112977	1.20e-14	acc|REFSEQ|YP_010780515.1|REFSEQ|NC_075038|putative bifunctional SAT/APS kinase 2 [Tupanvirus deep ocean]	Tupanvirus deep ocean	Blastx
SRR14574591	NODE_4744_length_657_cov_1.850962	27.7	657	925	0.206486	1.21e-14	acc|GENBANK|ABY48139.1|GENBANK|EU306659|NORK [Medicago truncatula]	Medicago truncatula	Blastx
SRR14574591	NODE_6628_length_1000_cov_9.489142	55.7	1000	183	0.382514	1.21e-14	acc|REFSEQ|YP_009465880.1|REFSEQ|NC_037057|hypothetical protein [Dishui lake phycodnavirus 1]	Dishui lake phycodnavirus 1	Blastx
SRR14574591	NODE_21299_length_1317_cov_2.998442	25.9	1317	805	0.465839	1.25e-14	acc|GENBANK|ATZ80854.1|GENBANK|MF782455|DEXDc helicase [Bodo saltans virus]	Bodo saltans virus	Blastx
SRR14574591	NODE_7378_length_438_cov_2.153086	48.8	438	1468	0.055858	1.28e-14	acc|GENBANK|QDY51984.1|GENBANK|MK250086|RNA polymerase Rpb1, domain 5 [Mimiviridae sp. ChoanoV1]	Mimiviridae sp. ChoanoV1	Blastx
SRR14574591	NODE_22841_length_294_cov_3.655172	45.7	294	209	0.334928	1.30e-14	acc|GENBANK|CAK7596599.1|GENBANK|OZ003748|Small GTPase [Catovirus sp. 'naegleriensis']	Catovirus sp. 'naegleriensis'	Blastx
SRR14574591	NODE_21859_length_343_cov_1.945161	49.3	343	566	0.125442	1.34e-14	acc|GENBANK|QBK89567.1|GENBANK|MK500428|phosphatidylinositol-specific phospholipase C [Pithovirus LCPAC001]	Pithovirus LCPAC001	Blastx
SRR14574591	NODE_44379_length_242_cov_1.119617	40.2	242	284	0.288732	1.35e-14	acc|GENBANK|QBK87322.1|GENBANK|MK500348|tetrahydrofolate dehydrogenase/cyclohydrolase [Marseillevirus LCMAC201]	Marseillevirus LCMAC201	Blastx
SRR14574591	NODE_44930_length_246_cov_1.098592	49.4	246	589	0.137521	1.39e-14	acc|GENBANK|QKF93534.1|GENBANK|MT418680|peroxisomal acyl-CoA oxidase [Fadolivirus FV1/VV64]	Fadolivirus FV1/VV64	Blastx
SRR14574591	NODE_5224_length_792_cov_3.984190	25.6	792	972	0.265432	1.42e-14	acc|GENBANK|UOG94373.1|NEIGHBOR|OM876856|Helicase-like protein [Aureococcus anophagefferens virus]	Aureococcus anophagefferens virus	Blastx
SRR14574591	NODE_41482_length_227_cov_1.206186	50.0	227	604	0.115894	1.44e-14	acc|GENBANK|ABH08432.1|GENBANK|DQ851167|putative non-inducible immunity 1 [Beta vulgaris]	Beta vulgaris	Blastx
SRR14574591	NODE_23812_length_399_cov_1.713115	68.6	399	889	0.057368	1.47e-14	acc|GENBANK|QCC26834.1|GENBANK|MK532516|Bs2 gagpol polyprotein [Zea mays]	Zea mays	Blastx
SRR14574591	NODE_15805_length_253_cov_2.877273	47.1	253	492	0.172764	1.47e-14	acc|GENBANK|QBK88108.1|GENBANK|MK500375|cyclin-dependent protein kinase [Marseillevirus LCMAC202]	Marseillevirus LCMAC202	Blastx
SRR14574591	NODE_16223_length_380_cov_1.383285	37.8	380	647	0.196291	1.52e-14	acc|GENBANK|AYV86775.1|GENBANK|MK072515|CMGC/MAPK protein kinase, variant 1 [Sylvanvirus sp.]	Sylvanvirus sp.	Blastx
SRR14574591	NODE_50891_length_386_cov_1.325779	57.4	386	288	0.211806	1.52e-14	acc|GENBANK|QBK86945.1|GENBANK|MK500338|tetrahydrofolate dehydrogenase/cyclohydrolase [Marseillevirus LCMAC103]	Marseillevirus LCMAC103	Blastx
SRR14574591	NODE_9946_length_1845_cov_8.104857	54.5	1845	230	0.286957	1.53e-14	acc|GENBANK|ADB85286.1|GENBANK|GQ252816|putative RNA-binding-like protein [Phyllostachys edulis]	Phyllostachys edulis	Blastx
SRR14574591	NODE_16658_length_432_cov_2.609023	39.0	432	870	0.162069	1.56e-14	acc|GENBANK|WZO87275.1|GENBANK|PP681894|ATPase [Chlorovirus sp.]	Chlorovirus sp.	Blastx
SRR14574591	NODE_38744_length_213_cov_1.083333	45.7	213	447	0.156600	1.57e-14	acc|REFSEQ|NP_077596.1|REFSEQ|NC_002687|serine-threonine kinase [Ectocarpus siliculosus virus 1]	Ectocarpus siliculosus virus 1	Blastx
SRR14574591	NODE_9037_length_605_cov_5.377622	26.1	605	549	0.320583	1.65e-14	acc|GENBANK|WGU26815.1|GENBANK|OQ503488|pentatricopeptide repeat-containing protein [Triticum monococcum]	Triticum monococcum	Blastx
SRR14574591	NODE_15410_length_613_cov_85.356897	29.8	613	182	0.719780	1.73e-14	acc|REFSEQ|YP_009163818.1|REFSEQ|NC_027778|ORF_057R [Scale drop disease virus]	Scale drop disease virus	Blastx
SRR14574591	NODE_11326_length_1219_cov_8.834739	32.7	1219	978	0.168712	1.74e-14	acc|GENBANK|AYV78571.1|GENBANK|MK072083|ubiquitin-activating enzyme E1 [Edafosvirus sp.]	Edafosvirus sp.	Blastx
SRR14574591	NODE_44530_length_243_cov_1.114286	50.6	243	496	0.159274	1.79e-14	acc|GENBANK|XIF71149.1|GENBANK|PQ381123|protein kinase ubiB [Micromonas commoda virus]	Micromonas commoda virus	Blastx
SRR14574591	NODE_36158_length_200_cov_1.401198	53.0	200	571	0.115587	1.85e-14	acc|REFSEQ|YP_009465729.1|REFSEQ|NC_037057|hypothetical protein [Dishui lake phycodnavirus 1]	Dishui lake phycodnavirus 1	Blastx
SRR14574591	NODE_48830_length_273_cov_0.975000	42.2	273	464	0.193966	1.88e-14	acc|GENBANK|AYV76459.1|GENBANK|MK071985|alanine--tRNA ligase-like [Terrestrivirus sp.]	Terrestrivirus sp.	Blastx
SRR14574591	NODE_6612_length_423_cov_147.743590	33.9	423	752	0.160904	1.89e-14	acc|GENBANK|AYV76414.1|GENBANK|MK071984|HrpA-like RNA helicase [Terrestrivirus sp.]	Terrestrivirus sp.	Blastx
SRR14574591	NODE_11041_length_790_cov_7.726552	31.1	790	1083	0.154201	1.92e-14	acc|GENBANK|AAB62532.1|GENBANK|AF001075|gag-v-phosphoinositide 3-kinase catalytic [Avian sarcoma virus 16]	Avian sarcoma virus 16	Blastx
SRR14574591	NODE_861_length_590_cov_2.140036	38.7	590	150	0.620000	1.93e-14	acc|REFSEQ|YP_009173309.1|REFSEQ|NC_028094|ubiquitin conjugating enzyme E2 [Chrysochromulina ericina virus]	Chrysochromulina ericina virus	Blastx
SRR14574591	NODE_36479_length_202_cov_1.384615	51.5	202	1595	0.041379	1.96e-14	acc|REFSEQ|YP_009553219.1|REFSEQ|NC_040712|ORF3 [Dioscorea nummularia-associated virus]	Dioscorea nummularia-associated virus	Blastx
SRR14574591	NODE_39096_length_215_cov_1.285714	78.7	215	405	0.116049	2.00e-14	acc|GENBANK|WGU26824.1|GENBANK|OQ503488|eukaryotic initiation factor 4A-III B-like [Triticum monococcum]	Triticum monococcum	Blastx
SRR14574591	NODE_24359_length_458_cov_1.680000	28.0	458	1158	0.163212	2.08e-14	acc|GENBANK|ADK47522.1|GENBANK|HM124452|NBS2-RDG2A [Hordeum vulgare subsp. vulgare]	Hordeum vulgare subsp. vulgare	Blastx
SRR14574591	NODE_9985_length_301_cov_1.738806	47.2	301	322	0.276398	2.12e-14	acc|GENBANK|AYV83503.1|GENBANK|MK072389|UDP-N-acetylglucosamine 4,6-dehydratase [Hyperionvirus sp.]	Hyperionvirus sp.	Blastx
SRR14574591	NODE_31127_length_955_cov_2.446855	26.6	955	524	0.395038	2.19e-14	acc|GENBANK|BCS83081.1|GENBANK|AP024483|putative translation initiation factor [Cotonvirus japonicus]	Cotonvirus japonicus	Blastx
SRR14574591	NODE_42323_length_231_cov_1.181818	47.4	231	1577	0.049461	2.19e-14	acc|GENBANK|WIL02751.1|GENBANK|OQ413575|serine/threonine kinase [Cedratvirus borely]	Cedratvirus borely	Blastx
SRR14574591	NODE_8715_length_476_cov_7.577878	32.1	476	507	0.270217	2.20e-14	acc|GENBANK|QHN71152.1|GENBANK|MN812837|cytochrome P450 domain protein [Mollivirus kamchatka]	Mollivirus kamchatka	Blastx
SRR14574591	NODE_38417_length_211_cov_1.314607	49.3	211	730	0.094521	2.20e-14	acc|GENBANK|QRY18883.1|GENBANK|MT712273|ORF-13 [Teiidae poxvirus 1]	Teiidae poxvirus 1	Blastx
SRR14574591	NODE_19399_length_257_cov_0.964286	48.7	257	2037	0.037310	2.23e-14	acc|GENBANK|ABG37663.1|GENBANK|DQ536170|CCHC-type integrase [Populus trichocarpa]	Populus trichocarpa	Blastx
SRR14574591	NODE_23283_length_210_cov_1.480226	47.8	210	276	0.250000	2.26e-14	acc|GENBANK|ACG38448.1|GENBANK|EU966330|retrotransposon protein Ty1-copia subclass [Zea mays]	Zea mays	Blastx
SRR14574591	NODE_11911_length_234_cov_26.129353	60.0	234	368	0.135870	2.32e-14	acc|GENBANK|WBR14894.1|GENBANK|ON887157|Replication factor small subunit [Pandoravirus kuranda]	Pandoravirus kuranda	Blastx
SRR14574591	NODE_49668_length_286_cov_1.952569	41.1	286	815	0.116564	2.36e-14	acc|REFSEQ|YP_010782648.1|REFSEQ|NC_075039|elongation factor 2 [Tupanvirus soda lake]	Tupanvirus soda lake	Blastx
SRR14574591	NODE_50616_length_353_cov_1.462500	36.8	353	415	0.281928	2.37e-14	acc|GENBANK|AYV79444.1|GENBANK|MK072145|hypothetical protein [Faunusvirus sp.]	Faunusvirus sp.	Blastx
SRR14574591	NODE_5754_length_372_cov_2.528024	40.2	372	313	0.357827	2.38e-14	acc|GENBANK|AYV85455.1|GENBANK|MK072453|protein phosphatase 2C domain containing [Satyrvirus sp.]	Satyrvirus sp.	Blastx
SRR14574591	NODE_25897_length_397_cov_1.994505	65.5	397	148	0.371622	2.38e-14	acc|GENBANK|QBK87822.1|GENBANK|MK500370|ubiquitin-conjugating enzyme E2 [Marseillevirus LCMAC202]	Marseillevirus LCMAC202	Blastx
SRR14574591	NODE_8857_length_641_cov_8.050987	61.0	641	691	0.085384	2.43e-14	acc|GENBANK|ABY48131.1|GENBANK|EU306659|zinc finger protein [Medicago truncatula]	Medicago truncatula	Blastx
SRR14574591	NODE_36131_length_200_cov_1.401198	52.2	200	729	0.094650	2.54e-14	acc|REFSEQ|YP_003969830.1|REFSEQ|NC_014637|putative ubiquitin-conjugating enzyme E2 [Cafeteria roenbergensis virus BV-PW1]	Cafeteria roenbergensis virus BV-PW1	Blastx
SRR14574591	NODE_44718_length_244_cov_1.109005	49.4	244	2037	0.037801	2.59e-14	acc|GENBANK|ABG37663.1|GENBANK|DQ536170|CCHC-type integrase [Populus trichocarpa]	Populus trichocarpa	Blastx
SRR14574591	NODE_936_length_1872_cov_13.374116	24.9	1872	575	0.893913	2.62e-14	acc|GENBANK|CAE02704.1|GENBANK|AJ575660|putative sugar transporter [Yarrowia lipolytica]	Yarrowia lipolytica	Blastx
SRR14574591	NODE_49415_length_278_cov_0.955102	41.3	278	447	0.205817	2.62e-14	acc|REFSEQ|NP_077596.1|REFSEQ|NC_002687|serine-threonine kinase [Ectocarpus siliculosus virus 1]	Ectocarpus siliculosus virus 1	Blastx
SRR14574591	NODE_4190_length_860_cov_1.412334	27.4	860	383	0.618799	2.64e-14	acc|GENBANK|AJA91762.1|GENBANK|KM434202|dihydroflavonol 4-reductase [Allium cepa]	Allium cepa	Blastx
SRR14574591	NODE_7591_length_917_cov_4.665158	33.5	917	618	0.289644	2.67e-14	acc|REFSEQ|YP_009310187.1|REFSEQ|NC_031465|DNA topoisomerase II [Golden Marseillevirus]	Golden Marseillevirus	Blastx
SRR14574591	NODE_39653_length_217_cov_1.266304	90.6	217	144	0.368056	2.87e-14	acc|GENBANK|AAH74588.1|GENBANK|BC074588|intracisternal A particle-promoted polypeptide [Xenopus tropicalis]	Xenopus tropicalis	Blastx
SRR14574591	NODE_29676_length_436_cov_3.066998	53.1	436	391	0.163683	2.94e-14	acc|GENBANK|ARF09921.1|GENBANK|KY684089|DnaJ domain protein [Indivirus ILV1]	Indivirus ILV1	Blastx
SRR14574591	NODE_29029_length_643_cov_2.893443	33.0	643	510	0.201961	3.02e-14	acc|GENBANK|AHA54129.1|GENBANK|KF481685|putative serine palmitoyltransferase [Emiliania huxleyi virus 18]	Emiliania huxleyi virus 18	Blastx
SRR14574591	NODE_29263_length_591_cov_3.482079	32.1	591	1339	0.139656	3.26e-14	acc|GENBANK|CAA43287.1|GENBANK|X60951|DNA-directed DNA polymerase [Trypanosoma brucei]	Trypanosoma brucei	Blastx
SRR14574591	NODE_21574_length_241_cov_1.548077	48.6	241	589	0.125637	3.28e-14	acc|GENBANK|XKM50678.1|GENBANK|PQ442278|hypothetical protein [Ostreococcus tauri virus 19-T2]	Ostreococcus tauri virus 19-T2	Blastx
SRR14574591	NODE_11034_length_923_cov_14.120225	25.5	923	277	0.848375	3.33e-14	acc|GENBANK|ARF09735.1|GENBANK|KY684086|aldo/keto reductase family protein [Indivirus ILV1]	Indivirus ILV1	Blastx
SRR14574591	NODE_10253_length_1063_cov_5.106796	28.5	1063	280	1.014286	3.34e-14	acc|GENBANK|QBK87857.1|GENBANK|MK500370|calcineurin-like phosphoesterase [Marseillevirus LCMAC202]	Marseillevirus LCMAC202	Blastx
SRR14574591	NODE_29694_length_425_cov_4.869898	34.4	425	547	0.234004	3.34e-14	acc|GENBANK|ARF09888.1|GENBANK|KY684089|ABC transporter [Indivirus ILV1]	Indivirus ILV1	Blastx
SRR14574591	NODE_27768_length_445_cov_3.514563	34.5	445	189	0.613757	3.36e-14	acc|REFSEQ|YP_009483770.1|REFSEQ|NC_037667|Cupin [Pandoravirus quercus]	Pandoravirus quercus	Blastx
SRR14574591	NODE_3967_length_637_cov_2.576159	34.7	637	245	0.681633	3.39e-14	acc|REFSEQ|YP_010781985.1|REFSEQ|NC_075039|tRNA nucleotidyltransferase/poly(A) polymerase [Tupanvirus soda lake]	Tupanvirus soda lake	Blastx
SRR14574591	NODE_30703_length_538_cov_3.562376	53.7	538	312	0.214744	3.40e-14	acc|GENBANK|ARF10298.1|GENBANK|KY684103|DnaJ domain protein [Hokovirus HKV1]	Hokovirus HKV1	Blastx
SRR14574591	NODE_14571_length_1204_cov_5.077711	30.2	1204	254	0.795276	3.45e-14	acc|REFSEQ|YP_009001499.1|REFSEQ|NC_023426|phosphatidic acid phosphatase type 2 [Alphaentomopoxvirus acuprea]	Alphaentomopoxvirus acuprea	Blastx
SRR14574591	NODE_29691_length_322_cov_2.391003	34.0	322	496	0.213710	3.51e-14	acc|GENBANK|ACN78958.1|GENBANK|FJ225394|dehydration responsive protein [Glycine max]	Glycine max	Blastx
SRR14574591	NODE_17950_length_618_cov_5.608547	34.0	618	590	0.238983	3.57e-14	acc|GENBANK|AYV86827.1|GENBANK|MK072516|CMGC/MAPK protein kinase [Sylvanvirus sp.]	Sylvanvirus sp.	Blastx
SRR14574591	NODE_2321_length_1185_cov_2.965278	66.1	1185	242	0.256198	3.68e-14	acc|GENBANK|AGU70135.1|GENBANK|KF270089|integrase-type DNA-binding superfamily protein [Tarenaya hassleriana]	Tarenaya hassleriana	Blastx
SRR14574591	NODE_48893_length_273_cov_1.854167	43.0	273	366	0.215847	3.80e-14	acc|GENBANK|ARF12215.1|GENBANK|KY684111|phosphoribosyl transferase [Klosneuvirus KNV1]	Klosneuvirus KNV1	Blastx
SRR14574591	NODE_41704_length_228_cov_1.200000	52.6	228	925	0.082162	3.87e-14	acc|GENBANK|ABY48139.1|GENBANK|EU306659|NORK [Medicago truncatula]	Medicago truncatula	Blastx
SRR14574591	NODE_19623_length_208_cov_1.365714	50.0	208	925	0.077838	3.96e-14	acc|GENBANK|ABY48139.1|GENBANK|EU306659|NORK [Medicago truncatula]	Medicago truncatula	Blastx
SRR14574591	NODE_15229_length_2185_cov_50.214684	28.7	2185	420	0.704762	4.02e-14	acc|GENBANK|WAK75645.1|NEIGHBOR|ON812163|hypothetical protein [Kaisodi virus]	Kaisodi virus	Blastx
SRR14574591	NODE_14033_length_334_cov_1.674419	32.7	334	497	0.221328	4.06e-14	acc|GENBANK|CCQ71326.1|GENBANK|HF586476|hypothetical Pro-X carboxypeptidase-like protein [Cotesia congregata]	Cotesia congregata	Blastx
SRR14574591	NODE_24380_length_255_cov_2.418919	47.3	255	815	0.090798	4.06e-14	acc|REFSEQ|YP_010781262.1|REFSEQ|NC_075038|mimivirus elongation factor aef-2 [Tupanvirus deep ocean]	Tupanvirus deep ocean	Blastx
SRR14574591	NODE_2845_length_1302_cov_9.459417	42.1	1302	342	0.312865	4.08e-14	acc|GENBANK|AYV76290.1|GENBANK|MK071983|hypothetical protein [Terrestrivirus sp.]	Terrestrivirus sp.	Blastx
SRR14574591	NODE_43082_length_235_cov_1.628713	54.5	235	925	0.083243	4.20e-14	acc|GENBANK|ABY48139.1|GENBANK|EU306659|NORK [Medicago truncatula]	Medicago truncatula	Blastx
SRR14574591	NODE_1595_length_962_cov_156.484392	43.2	962	121	1.090909	4.35e-14	acc|GENBANK|AGE56038.1|GENBANK|JX997175|multiprotein-bridging factor [Acanthocystis turfacea Chlorella virus MO0605SPH]	Acanthocystis turfacea Chlorella virus MO0605SPH	Blastx
SRR14574591	NODE_21852_length_339_cov_1.016340	42.6	339	497	0.189135	4.36e-14	acc|GENBANK|AYV83822.1|GENBANK|MK072394|cytochrome P450 704B1 [Hyperionvirus sp.]	Hyperionvirus sp.	Blastx
SRR14574591	NODE_28696_length_755_cov_2.544321	31.5	755	686	0.217201	4.39e-14	acc|GENBANK|WNO13952.1|GENBANK|OQ968299|coat protein [Guapo partitivirus]	Guapo partitivirus	Blastx
SRR14574591	NODE_40718_length_223_cov_1.226316	44.0	223	447	0.167785	4.56e-14	acc|REFSEQ|NP_077596.1|REFSEQ|NC_002687|serine-threonine kinase [Ectocarpus siliculosus virus 1]	Ectocarpus siliculosus virus 1	Blastx
SRR14574591	NODE_9089_length_1890_cov_6.569736	23.9	1890	4806	0.077403	4.75e-14	acc|GENBANK|UTQ50501.1|GENBANK|OL472077|polyprotein (domains: methyltransferase - [Plant associated alphaendornavirus 1]	Plant associated alphaendornavirus 1	Blastx
SRR14574591	NODE_1663_length_439_cov_412.935961	41.8	439	360	0.252778	4.92e-14	acc|GENBANK|QKF94354.1|GENBANK|MT418680|UTP--glucose-1-phosphate uridylyltransferase [Fadolivirus FV1/VV64]	Fadolivirus FV1/VV64	Blastx
SRR14574591	NODE_3504_length_616_cov_1.861063	52.9	616	183	0.382514	4.95e-14	acc|REFSEQ|YP_009465880.1|REFSEQ|NC_037057|hypothetical protein [Dishui lake phycodnavirus 1]	Dishui lake phycodnavirus 1	Blastx
SRR14574591	NODE_16980_length_344_cov_2.987138	41.4	344	1468	0.079019	4.97e-14	acc|GENBANK|QDY51984.1|GENBANK|MK250086|RNA polymerase Rpb1, domain 5 [Mimiviridae sp. ChoanoV1]	Mimiviridae sp. ChoanoV1	Blastx
SRR14574591	NODE_28360_length_895_cov_1.642691	30.3	895	529	0.455577	5.25e-14	acc|GENBANK|AYV83522.1|GENBANK|MK072390|putative rrp44-like exonuclease [Hyperionvirus sp.]	Hyperionvirus sp.	Blastx
SRR14574591	NODE_39425_length_216_cov_1.213115	45.7	216	401	0.174564	5.33e-14	acc|GENBANK|ACG36640.1|GENBANK|EU964522|retrotransposon protein [Zea mays]	Zea mays	Blastx
SRR14574591	NODE_41584_length_227_cov_1.206186	56.7	227	312	0.192308	5.37e-14	acc|GENBANK|ARF10298.1|GENBANK|KY684103|DnaJ domain protein [Hokovirus HKV1]	Hokovirus HKV1	Blastx
SRR14574591	NODE_12063_length_1269_cov_21.564725	60.6	1269	508	0.139764	5.42e-14	acc|GENBANK|AWA44804.1|GENBANK|MH182523|hypothetical protein [Saccharum officinarum]	Saccharum officinarum	Blastx
SRR14574591	NODE_8739_length_1011_cov_3.743354	70.7	1011	242	0.239669	5.43e-14	acc|GENBANK|AGU70135.1|GENBANK|KF270089|integrase-type DNA-binding superfamily protein [Tarenaya hassleriana]	Tarenaya hassleriana	Blastx
SRR14574591	NODE_21803_length_303_cov_1.185185	41.6	303	691	0.146165	5.47e-14	acc|GENBANK|ATZ80349.1|GENBANK|MF782455|putative ATP-dependent RNA helicase [Bodo saltans virus]	Bodo saltans virus	Blastx
SRR14574591	NODE_12938_length_617_cov_6.176370	50.0	617	63	0.984127	5.58e-14	acc|REFSEQ|YP_009173682.1|REFSEQ|NC_028094|AN1-like Zinc finger containing protein [Chrysochromulina ericina virus]	Chrysochromulina ericina virus	Blastx
SRR14574591	NODE_13334_length_1288_cov_24.880478	62.7	1288	508	0.131890	5.70e-14	acc|GENBANK|AWA44804.1|GENBANK|MH182523|hypothetical protein [Saccharum officinarum]	Saccharum officinarum	Blastx
SRR14574591	NODE_6444_length_998_cov_3.366839	27.5	998	1895	0.176781	5.76e-14	acc|GENBANK|QBK86424.1|GENBANK|MK500334|DNA-directed RNA polymerase subunit alpha [Marseillevirus LCMAC102]	Marseillevirus LCMAC102	Blastx
SRR14574591	NODE_6432_length_261_cov_1.600877	52.2	261	537	0.124767	5.86e-14	acc|REFSEQ|YP_010781718.1|REFSEQ|NC_075039|ATP binding cassette sub family F [Tupanvirus soda lake]	Tupanvirus soda lake	Blastx
SRR14574591	NODE_47487_length_262_cov_1.021834	41.8	262	548	0.144161	5.87e-14	acc|REFSEQ|YP_010781657.1|REFSEQ|NC_075039|cyclin domain fused to cyclin-dependent [Tupanvirus soda lake]	Tupanvirus soda lake	Blastx
SRR14574591	NODE_42644_length_233_cov_1.170000	59.4	233	122	0.524590	5.90e-14	acc|GENBANK|AJO61176.1|GENBANK|KJ651113|CenH3 [Lathyrus clymenum]	Lathyrus clymenum	Blastx
SRR14574591	NODE_48034_length_266_cov_1.004292	39.8	266	482	0.182573	5.96e-14	acc|GENBANK|BBA54297.1|GENBANK|AB898755|gag : akt fusion protein [Feline leukemia virus]	Feline leukemia virus	Blastx
SRR14574591	NODE_43527_length_238_cov_1.141463	44.6	238	917	0.080698	5.98e-14	acc|GENBANK|BDT63273.1|GENBANK|LC738882|putative reverse transcriptase [Hemigrapsus takanoi nimavirus]	Hemigrapsus takanoi nimavirus	Blastx
SRR14574591	NODE_19096_length_538_cov_2.623762	36.0	538	343	0.364431	6.09e-14	acc|REFSEQ|YP_010782071.1|REFSEQ|NC_075039|hypothetical protein [Tupanvirus soda lake]	Tupanvirus soda lake	Blastx
SRR14574591	NODE_29357_length_376_cov_2.804665	37.1	376	431	0.243619	6.09e-14	acc|GENBANK|QBK87793.1|GENBANK|MK500369|pyridoxal-dependent decarboxylase domain [Marseillevirus LCMAC202]	Marseillevirus LCMAC202	Blastx
SRR14574591	NODE_21223_length_259_cov_1.199115	41.9	259	372	0.231183	6.12e-14	acc|GENBANK|ADC35578.1|GENBANK|GU259535|serine palmitoyltransferase subunit LCB1 [Emiliania huxleyi virus 99B1]	Emiliania huxleyi virus 99B1	Blastx
SRR14574591	NODE_3978_length_393_cov_1.900000	55.6	393	595	0.121008	6.18e-14	acc|GENBANK|AAD12994.1|GENBANK|AF082130|gag-pol polyprotein [Zea mays]	Zea mays	Blastx
SRR14574591	NODE_7289_length_631_cov_1.794314	35.0	631	1232	0.116071	6.24e-14	acc|GENBANK|ADK47521.1|GENBANK|HM124452|RDG2A [Hordeum vulgare subsp. vulgare]	Hordeum vulgare subsp. vulgare	Blastx
SRR14574591	NODE_27294_length_333_cov_13.270000	43.0	333	329	0.240122	6.35e-14	acc|GENBANK|ARF09163.1|GENBANK|KY684084|ubiquitin-conjugating enzyme E2 [Catovirus CTV1]	Catovirus CTV1	Blastx
SRR14574591	NODE_50278_length_324_cov_1.206186	53.7	324	202	0.331683	6.38e-14	acc|GENBANK|QBK85899.1|GENBANK|MK500328|exonuclease [Marseillevirus LCMAC101]	Marseillevirus LCMAC101	Blastx
SRR14574591	NODE_14893_length_658_cov_13.843200	46.1	658	308	0.246753	6.44e-14	acc|GENBANK|AFV13468.1|GENBANK|JQ314449|ring-H2 zinc finger protein [Coix lacryma-jobi]	Coix lacryma-jobi	Blastx
SRR14574591	NODE_7851_length_760_cov_4.568088	30.4	760	794	0.198992	6.48e-14	acc|GENBANK|AYV76328.1|GENBANK|MK071983|putative exonuclease [Terrestrivirus sp.]	Terrestrivirus sp.	Blastx
SRR14574591	NODE_51190_length_452_cov_1.116945	29.5	452	301	0.584718	6.75e-14	acc|GENBANK|ARF12194.1|GENBANK|KY684111|aldo/keto reductase family protein [Klosneuvirus KNV1]	Klosneuvirus KNV1	Blastx
SRR14574591	NODE_5524_length_689_cov_3.076220	50.0	689	116	0.500000	6.75e-14	acc|GENBANK|AYV81207.1|GENBANK|MK072263|putative zinc finger A20 and AN1 [Harvfovirus sp.]	Harvfovirus sp.	Blastx
SRR14574591	NODE_8464_length_846_cov_4.246002	28.2	846	288	0.750000	6.76e-14	acc|GENBANK|CAZ69354.1|GENBANK|FN429076|Longevity-assurance (LAG1) family protein [Emiliania huxleyi virus 99B1]	Emiliania huxleyi virus 99B1	Blastx
SRR14574591	NODE_36554_length_202_cov_1.384615	49.3	202	851	0.078731	6.78e-14	acc|GENBANK|AAK58879.1|GENBANK|AF355375|putative reverse transcriptase [Takifugu rubripes]	Takifugu rubripes	Blastx
SRR14574591	NODE_30914_length_321_cov_1.493056	42.2	321	647	0.139104	6.80e-14	acc|GENBANK|AYV86775.1|GENBANK|MK072515|CMGC/MAPK protein kinase, variant 1 [Sylvanvirus sp.]	Sylvanvirus sp.	Blastx
SRR14574591	NODE_39558_length_217_cov_1.250000	60.3	217	226	0.300885	6.82e-14	acc|GENBANK|ARF08362.1|GENBANK|KY684083|cyclophilin type peptidyl-prolyl cis-trans [Catovirus CTV1]	Catovirus CTV1	Blastx
SRR14574591	NODE_17830_length_206_cov_3.040462	55.9	206	875	0.067429	7.08e-14	acc|GENBANK|BDT62894.1|GENBANK|LC738879|DNA ligase 1-like protein [Trachysalambria curvirostris majanivirus]	Trachysalambria curvirostris majanivirus	Blastx
SRR14574591	NODE_7152_length_531_cov_2.700803	32.6	531	203	0.694581	7.11e-14	acc|GENBANK|ARF10721.1|GENBANK|KY684104|Ras family GTPase [Hokovirus HKV1]	Hokovirus HKV1	Blastx
SRR14574591	NODE_8212_length_1155_cov_4.714795	27.9	1155	269	1.026022	7.13e-14	acc|REFSEQ|YP_003970108.1|REFSEQ|NC_014637|putative family 2C serine/threonine phosphatase [Cafeteria roenbergensis virus BV-PW1]	Cafeteria roenbergensis virus BV-PW1	Blastx
SRR14574591	NODE_43837_length_239_cov_1.135922	44.9	239	407	0.191646	7.14e-14	acc|GENBANK|ARF08154.1|GENBANK|KY684083|acetamidase/formamidase family protein [Catovirus CTV1]	Catovirus CTV1	Blastx
SRR14574591	NODE_31285_length_555_cov_2.515326	30.7	555	693	0.239538	7.19e-14	acc|GENBANK|ARF10293.1|GENBANK|KY684103|methionyl-tRNA synthetase [Hokovirus HKV1]	Hokovirus HKV1	Blastx
SRR14574591	NODE_46297_length_254_cov_1.248869	54.8	254	971	0.063852	7.33e-14	acc|GENBANK|ARF09593.1|GENBANK|KY684085|ubiquitin-activating enzyme [Indivirus ILV1]	Indivirus ILV1	Blastx
SRR14574591	NODE_14797_length_393_cov_3.938889	38.5	393	432	0.270833	7.46e-14	acc|REFSEQ|YP_010781034.1|REFSEQ|NC_075038|putative SNF1-related protein kinase catalytic [Tupanvirus deep ocean]	Tupanvirus deep ocean	Blastx
SRR14574591	NODE_42536_length_232_cov_1.045226	46.4	232	1384	0.049855	7.60e-14	acc|GENBANK|ADB85299.1|GENBANK|GQ252825|putative retrotransposon protein [Phyllostachys edulis]	Phyllostachys edulis	Blastx
SRR14574591	NODE_47108_length_259_cov_1.035398	51.3	259	520	0.153846	7.66e-14	acc|GENBANK|APO14197.1|GENBANK|KX098475|truncated DELLA protein [Setaria italica]	Setaria italica	Blastx
SRR14574591	NODE_38477_length_212_cov_1.055866	52.1	212	759	0.093544	7.67e-14	acc|GENBANK|ACN78962.1|GENBANK|FJ225394|methyltransferase [Glycine max]	Glycine max	Blastx
SRR14574591	NODE_13403_length_806_cov_12.223803	38.3	806	359	0.320334	7.69e-14	acc|GENBANK|UOG94301.1|NEIGHBOR|OM876856|pectate lyase [Aureococcus anophagefferens virus]	Aureococcus anophagefferens virus	Blastx
SRR14574591	NODE_26128_length_380_cov_1.910663	32.2	380	394	0.291878	7.82e-14	acc|GENBANK|ARF11626.1|GENBANK|KY684109|translation initiation factor 4A-III [Klosneuvirus KNV1]	Klosneuvirus KNV1	Blastx
SRR14574591	NODE_22668_length_676_cov_3.505443	36.1	676	139	0.697842	7.87e-14	acc|GENBANK|QFG75158.1|GENBANK|MN448299|thioredoxin [Megaviridae environmental sample]	Megaviridae environmental sample	Blastx
SRR14574591	NODE_24698_length_708_cov_1.635556	31.3	708	268	0.776119	8.01e-14	acc|GENBANK|QBK91399.1|GENBANK|MK500535|mitochondrial carrier-like protein [Pithovirus LCPAC302]	Pithovirus LCPAC302	Blastx
SRR14574591	NODE_43590_length_238_cov_1.141463	47.9	238	590	0.123729	8.03e-14	acc|GENBANK|AYV86827.1|GENBANK|MK072516|CMGC/MAPK protein kinase [Sylvanvirus sp.]	Sylvanvirus sp.	Blastx
SRR14574591	NODE_14289_length_1119_cov_24.702578	37.8	1119	264	0.560606	8.13e-14	acc|GENBANK|BBI30279.1|GENBANK|AP018495|BTB/POZ domain-containing protein [Acanthamoeba castellanii medusavirus J1]	Acanthamoeba castellanii medusavirus J1	Blastx
SRR14574591	NODE_22444_length_605_cov_1.909091	35.0	605	311	0.395498	8.23e-14	acc|GENBANK|AYV80108.1|GENBANK|MK072208|serine/threonine protein phosphatase [Gaeavirus sp.]	Gaeavirus sp.	Blastx
SRR14574591	NODE_39643_length_217_cov_1.271739	45.7	217	571	0.122592	8.25e-14	acc|REFSEQ|YP_009465729.1|REFSEQ|NC_037057|hypothetical protein [Dishui lake phycodnavirus 1]	Dishui lake phycodnavirus 1	Blastx
SRR14574591	NODE_39823_length_218_cov_1.264865	53.5	218	599	0.118531	8.27e-14	acc|GENBANK|AYV76337.1|GENBANK|MK071983|pyruvate oxidase [Terrestrivirus sp.]	Terrestrivirus sp.	Blastx
SRR14574591	NODE_15514_length_489_cov_9.780702	37.3	489	471	0.250531	8.51e-14	acc|GENBANK|AFV13457.1|GENBANK|JQ314445|UDPG-flavonoid 3-O-glucosyl transferase [Tripsacum dactyloides]	Tripsacum dactyloides	Blastx
SRR14574591	NODE_26980_length_240_cov_1.111111	48.1	240	925	0.087568	8.51e-14	acc|GENBANK|ABY48139.1|GENBANK|EU306659|NORK [Medicago truncatula]	Medicago truncatula	Blastx
SRR14574591	NODE_45469_length_249_cov_1.074074	47.1	249	236	0.296610	8.66e-14	acc|REFSEQ|YP_003970126.1|REFSEQ|NC_014637|putative ubiquitin-conjugating enzyme E2 [Cafeteria roenbergensis virus BV-PW1]	Cafeteria roenbergensis virus BV-PW1	Blastx
SRR14574591	NODE_21219_length_390_cov_1.843137	41.2	390	1287	0.075369	8.75e-14	acc|GENBANK|WLY67778.1|GENBANK|OR078387|TYG71p [Saccharomyces cerevisiae]	Saccharomyces cerevisiae	Blastx
SRR14574591	NODE_684_length_1513_cov_20.898649	29.9	1513	181	0.906077	8.80e-14	acc|GENBANK|AHJ11132.1|GENBANK|KF892820|gag protease polyprotein [Aloe vera]	Aloe vera	Blastx
SRR14574591	NODE_5939_length_691_cov_2.507599	43.9	691	261	0.375479	8.87e-14	acc|GENBANK|AYV79236.1|GENBANK|MK072137|serine/threonine protein phosphatase [Faunusvirus sp.]	Faunusvirus sp.	Blastx
SRR14574591	NODE_6831_length_1796_cov_2.300057	46.8	1796	691	0.114327	9.09e-14	acc|GENBANK|UPW42252.1|GENBANK|ON001649|putative RNA dependent RNA polymerase [Xisha Islands farmland mitovirus 5]	Xisha Islands farmland mitovirus 5	Blastx
SRR14574591	NODE_7841_length_767_cov_2.430518	35.4	767	375	0.338667	9.12e-14	acc|GENBANK|QFG74672.1|GENBANK|MN448289|helicase [Megaviridae environmental sample]	Megaviridae environmental sample	Blastx
SRR14574591	NODE_15404_length_758_cov_3.684138	35.0	758	1117	0.122650	9.27e-14	acc|GENBANK|BCS83013.1|GENBANK|AP024483|isoleucyl-tRNA synthetase [Cotonvirus japonicus]	Cotonvirus japonicus	Blastx
SRR14574591	NODE_7742_length_376_cov_2.583090	42.9	376	572	0.183566	9.32e-14	acc|REFSEQ|YP_009448872.1|REFSEQ|NC_036594|Bi-functional 3,4-dihydroxy-2-butanone [Orpheovirus IHUMI-LCC2]	Orpheovirus IHUMI-LCC2	Blastx
SRR14574591	NODE_6484_length_831_cov_8.765664	23.9	831	212	0.929245	9.61e-14	acc|GENBANK|AYV79923.1|GENBANK|MK072200|superoxide dismutase [Gaeavirus sp.]	Gaeavirus sp.	Blastx
SRR14574591	NODE_29727_length_461_cov_1.273364	28.4	461	333	0.528529	9.71e-14	acc|GENBANK|QDY52116.1|GENBANK|MK250087|D-isomer specific 2-hydroxyacid dehydrogenase, [Mimiviridae sp. ChoanoV1]	Mimiviridae sp. ChoanoV1	Blastx
SRR14574591	NODE_18571_length_272_cov_1.317992	45.3	272	186	0.462366	9.71e-14	acc|GENBANK|QDY52157.1|GENBANK|MK250088|thymidine kinase [Mimiviridae sp. ChoanoV1]	Mimiviridae sp. ChoanoV1	Blastx
SRR14574591	NODE_10908_length_1744_cov_14.769141	30.5	1744	255	0.835294	1.02e-13	acc|GENBANK|AXH78870.1|GENBANK|MH617966|MurG [Circular genetic element sp.]	Circular genetic element sp.	Blastx
SRR14574591	NODE_39468_length_217_cov_1.271739	51.4	217	406	0.177340	1.02e-13	acc|GENBANK|QBK87310.1|GENBANK|MK500348|chaperone protein [Marseillevirus LCMAC201]	Marseillevirus LCMAC201	Blastx
SRR14574591	NODE_28337_length_410_cov_1.530504	35.3	410	925	0.125405	1.05e-13	acc|GENBANK|ABY48139.1|GENBANK|EU306659|NORK [Medicago truncatula]	Medicago truncatula	Blastx
SRR14574591	NODE_42840_length_234_cov_1.164179	47.4	234	536	0.141791	1.05e-13	acc|GENBANK|QDY51930.1|GENBANK|MK250086|pyridoxal-dependent decarboxylase conserved [Mimiviridae sp. ChoanoV1]	Mimiviridae sp. ChoanoV1	Blastx
SRR14574591	NODE_49684_length_287_cov_1.842520	40.7	287	182	0.500000	1.08e-13	acc|REFSEQ|YP_009163818.1|REFSEQ|NC_027778|ORF_057R [Scale drop disease virus]	Scale drop disease virus	Blastx
SRR14574591	NODE_43625_length_238_cov_1.141463	47.1	238	520	0.130769	1.09e-13	acc|GENBANK|APO14197.1|GENBANK|KX098475|truncated DELLA protein [Setaria italica]	Setaria italica	Blastx
SRR14574591	NODE_26883_length_238_cov_2.921951	49.2	238	727	0.089409	1.11e-13	acc|GENBANK|ADB85269.1|GENBANK|GQ252805|putative lectin-like protein kinase [Phyllostachys edulis]	Phyllostachys edulis	Blastx
SRR14574591	NODE_23615_length_217_cov_1.673913	49.3	217	1651	0.043004	1.16e-13	acc|GENBANK|AAV51078.1|NEIGHBOR|AY653733|unknown [Acanthamoeba polyphaga mimivirus]	Acanthamoeba polyphaga mimivirus	Blastx
SRR14574591	NODE_48293_length_268_cov_0.995745	38.4	268	525	0.163810	1.18e-13	acc|GENBANK|ACG45577.1|GENBANK|EU973459|retrotransposon protein [Zea mays]	Zea mays	Blastx
SRR14574591	NODE_1684_length_1941_cov_20.979036	21.0	1941	440	0.963636	1.19e-13	acc|GENBANK|QTF49138.1|GENBANK|MW004169|putative Zn-dependent peptidase [Mimivirus reunion]	Mimivirus reunion	Blastx
SRR14574591	NODE_29798_length_1103_cov_4.953271	26.1	1103	470	0.423404	1.21e-13	acc|REFSEQ|YP_009448636.1|REFSEQ|NC_036594|Cytochrome P450-like protein E-class [Orpheovirus IHUMI-LCC2]	Orpheovirus IHUMI-LCC2	Blastx
SRR14574591	NODE_45042_length_246_cov_2.197183	49.3	246	531	0.141243	1.23e-13	acc|GENBANK|AYV75977.1|GENBANK|MK071982|ATP-dependent Lon protease [Terrestrivirus sp.]	Terrestrivirus sp.	Blastx
SRR14574591	NODE_9431_length_687_cov_7.500000	30.7	687	364	0.420330	1.27e-13	acc|GENBANK|BDT62993.1|GENBANK|LC738880|UPF0415 protein [Trachysalambria curvirostris nimavirus]	Trachysalambria curvirostris nimavirus	Blastx
SRR14574591	NODE_3834_length_201_cov_3.458333	53.2	201	1656	0.037440	1.28e-13	acc|GENBANK|ALR84495.1|GENBANK|KT599914|putative serine/threonine-protein kinase [Niemeyer virus]	Niemeyer virus	Blastx
SRR14574591	NODE_29189_length_431_cov_1.444724	47.1	431	237	0.295359	1.29e-13	acc|GENBANK|ADB85285.1|GENBANK|GQ252816|hypothetical protein [Phyllostachys edulis]	Phyllostachys edulis	Blastx
SRR14574591	NODE_26894_length_393_cov_2.169444	35.7	393	416	0.302885	1.35e-13	acc|GENBANK|ADX06271.1|GENBANK|HQ704803|ABC transporter related protein [Organic Lake phycodnavirus 2]	Organic Lake phycodnavirus 2	Blastx
SRR14574591	NODE_10501_length_246_cov_2.497653	54.2	246	312	0.189103	1.36e-13	acc|GENBANK|ARF10298.1|GENBANK|KY684103|DnaJ domain protein [Hokovirus HKV1]	Hokovirus HKV1	Blastx
SRR14574591	NODE_24567_length_405_cov_1.322581	38.2	405	382	0.232984	1.38e-13	acc|GENBANK|AOW44032.1|GENBANK|KU888702|GAG [Mirabilis jalapa]	Mirabilis jalapa	Blastx
SRR14574591	NODE_44051_length_240_cov_1.130435	38.5	240	171	0.456140	1.39e-13	acc|REFSEQ|YP_009001589.1|REFSEQ|NC_023426|translation initiation factor elF-4e [Alphaentomopoxvirus acuprea]	Alphaentomopoxvirus acuprea	Blastx
SRR14574591	NODE_1419_length_365_cov_251.138554	35.3	365	455	0.224176	1.41e-13	acc|GENBANK|QFG73745.1|GENBANK|MN448270|elongation factor Tu GTP binding domain protein [Megaviridae environmental sample]	Megaviridae environmental sample	Blastx
SRR14574591	NODE_45712_length_250_cov_1.078341	47.9	250	370	0.191892	1.41e-13	acc|GENBANK|QBK91269.1|GENBANK|MK500519|putative serine/threonine protein kinase [Pithovirus LCPAC202]	Pithovirus LCPAC202	Blastx
SRR14574591	NODE_25637_length_255_cov_1.882883	55.1	255	925	0.084324	1.42e-13	acc|GENBANK|ABY48139.1|GENBANK|EU306659|NORK [Medicago truncatula]	Medicago truncatula	Blastx
SRR14574591	NODE_6356_length_458_cov_3.000000	51.6	458	85	0.729412	1.43e-13	acc|GENBANK|AYV75195.1|GENBANK|MK071979|putative cytochrome b5 [Terrestrivirus sp.]	Terrestrivirus sp.	Blastx
SRR14574591	NODE_12470_length_1576_cov_8.556060	46.5	1576	402	0.246269	1.46e-13	acc|REFSEQ|YP_003969759.1|REFSEQ|NC_014637|putative DnaJ/Hsp40 [Cafeteria roenbergensis virus BV-PW1]	Cafeteria roenbergensis virus BV-PW1	Blastx
SRR14574591	NODE_9962_length_236_cov_1.251232	50.7	236	925	0.076757	1.46e-13	acc|GENBANK|ABY48139.1|GENBANK|EU306659|NORK [Medicago truncatula]	Medicago truncatula	Blastx
SRR14574591	NODE_16522_length_528_cov_2.337374	32.7	528	1232	0.119318	1.52e-13	acc|GENBANK|ADK47521.1|GENBANK|HM124452|RDG2A [Hordeum vulgare subsp. vulgare]	Hordeum vulgare subsp. vulgare	Blastx
SRR14574591	NODE_50159_length_316_cov_1.653710	40.9	316	560	0.196429	1.59e-13	acc|REFSEQ|YP_010086436.1|REFSEQ|NC_055455|chitinase [Spodoptera exempta nucleopolyhedrovirus]	Spodoptera exempta nucleopolyhedrovirus	Blastx
SRR14574591	NODE_16901_length_332_cov_1.545151	39.6	332	233	0.390558	1.59e-13	acc|GENBANK|QBK85221.1|GENBANK|MK500309|2OG-Fe(II) oxygenase superfamily protein [Iridovirus LCIVAC01]	Iridovirus LCIVAC01	Blastx
SRR14574591	NODE_7184_length_631_cov_3.354515	33.3	631	375	0.336000	1.64e-13	acc|GENBANK|QFG74672.1|GENBANK|MN448289|helicase [Megaviridae environmental sample]	Megaviridae environmental sample	Blastx
SRR14574591	NODE_27597_length_244_cov_2.052133	40.0	244	775	0.103226	1.64e-13	acc|GENBANK|AAL68643.1|GENBANK|AF458767|polyprotein [Oryza sativa Japonica Group]	Oryza sativa Japonica Group	Blastx
SRR14574591	NODE_13373_length_1110_cov_52.038069	27.6	1110	272	1.040441	1.65e-13	acc|GENBANK|AYV84908.1|GENBANK|MK072435|serine/threonine protein phosphatase [Hyperionvirus sp.]	Hyperionvirus sp.	Blastx
SRR14574591	NODE_1712_length_1166_cov_2.090909	70.7	1166	242	0.239669	1.65e-13	acc|GENBANK|AGU70135.1|GENBANK|KF270089|integrase-type DNA-binding superfamily protein [Tarenaya hassleriana]	Tarenaya hassleriana	Blastx
SRR14574591	NODE_14337_length_1077_cov_4.980843	38.1	1077	520	0.257692	1.67e-13	acc|GENBANK|APO14197.1|GENBANK|KX098475|truncated DELLA protein [Setaria italica]	Setaria italica	Blastx
SRR14574591	NODE_22889_length_320_cov_2.066202	75.5	320	732	0.066940	1.68e-13	acc|GENBANK|AGJ83729.1|GENBANK|KC256972|gag-pol polyprotein [Caragana korshinskii]	Caragana korshinskii	Blastx
SRR14574591	NODE_30033_length_329_cov_1.564189	41.7	329	266	0.360902	1.69e-13	acc|GENBANK|QBK88934.1|GENBANK|MK500406|protein phosphatase 2C [Mimivirus LCMiAC02]	Mimivirus LCMiAC02	Blastx
SRR14574591	NODE_478_length_595_cov_14.327402	35.4	595	507	0.250493	1.72e-13	acc|GENBANK|QHN71152.1|GENBANK|MN812837|cytochrome P450 domain protein [Mollivirus kamchatka]	Mollivirus kamchatka	Blastx
SRR14574591	NODE_36687_length_203_cov_1.376471	47.0	203	917	0.071974	1.73e-13	acc|GENBANK|BDT63273.1|GENBANK|LC738882|putative reverse transcriptase [Hemigrapsus takanoi nimavirus]	Hemigrapsus takanoi nimavirus	Blastx
SRR14574591	NODE_3813_length_706_cov_3.754829	62.1	706	309	0.187702	1.75e-13	acc|GENBANK|AYV80835.1|GENBANK|MK072249|SDR family NAD(P)-dependent oxidoreductase [Harvfovirus sp.]	Harvfovirus sp.	Blastx
SRR14574591	NODE_30307_length_825_cov_3.875000	32.1	825	299	0.458194	1.77e-13	acc|GENBANK|AGE58604.1|GENBANK|JX997183|N-carbamoylputrescine amidase [Paramecium bursaria Chlorella virus NYs1]	Paramecium bursaria Chlorella virus NYs1	Blastx
SRR14574591	NODE_28505_length_655_cov_1.247588	39.7	655	182	0.637363	1.77e-13	acc|GENBANK|APU89000.1|GENBANK|KX853510|HNH endonuclease-like protein [Virus Rctr197k]	Virus Rctr197k	Blastx
SRR14574591	NODE_29998_length_587_cov_4.070397	26.0	587	277	0.722022	1.79e-13	acc|GENBANK|ARF09735.1|GENBANK|KY684086|aldo/keto reductase family protein [Indivirus ILV1]	Indivirus ILV1	Blastx
SRR14574591	NODE_13246_length_1185_cov_22.821181	40.7	1185	139	0.618705	1.81e-13	acc|GENBANK|QFG75158.1|GENBANK|MN448299|thioredoxin [Megaviridae environmental sample]	Megaviridae environmental sample	Blastx
SRR14574591	NODE_41833_length_229_cov_1.193878	45.8	229	686	0.104956	1.83e-13	acc|GENBANK|WNO13952.1|GENBANK|OQ968299|coat protein [Guapo partitivirus]	Guapo partitivirus	Blastx
SRR14574591	NODE_19206_length_279_cov_1.235772	41.4	279	478	0.182008	1.84e-13	acc|GENBANK|AAK84479.1|GENBANK|AF275345|putative auxin growth promotor protein [Solanum lycopersicum]	Solanum lycopersicum	Blastx
SRR14574591	NODE_3227_length_383_cov_5.168571	35.8	383	366	0.297814	1.87e-13	acc|GENBANK|AUI40341.1|NEIGHBOR|MF468144|Rv1733c/Rv2626c fusion protein [macacine betaherpesvirus 3]	macacine betaherpesvirus 3	Blastx
SRR14574591	NODE_51320_length_546_cov_1.803119	42.2	546	91	0.912088	1.87e-13	acc|GENBANK|AYV76651.1|GENBANK|MK071988|putative acyl-CoA-binding protein [Terrestrivirus sp.]	Terrestrivirus sp.	Blastx
SRR14574591	NODE_22825_length_557_cov_1.774809	36.4	557	275	0.520000	1.88e-13	acc|GENBANK|ABY48145.1|GENBANK|EU306659|lectin [Medicago truncatula]	Medicago truncatula	Blastx
SRR14574591	NODE_3049_length_717_cov_110.330409	52.5	717	136	0.588235	1.88e-13	acc|GENBANK|QBK88197.1|GENBANK|MK500378|RNA polymerases N/ 8 kDa subunit [Marseillevirus LCMAC202]	Marseillevirus LCMAC202	Blastx
SRR14574591	NODE_46213_length_253_cov_1.063636	47.6	253	1251	0.065548	1.88e-13	acc|GENBANK|CAB3264531.1|GENBANK|LR788669|pol-like protein [Phallusia mammillata]	Phallusia mammillata	Blastx
SRR14574591	NODE_5039_length_979_cov_4.803383	47.5	979	63	0.968254	1.89e-13	acc|REFSEQ|YP_009173682.1|REFSEQ|NC_028094|AN1-like Zinc finger containing protein [Chrysochromulina ericina virus]	Chrysochromulina ericina virus	Blastx
SRR14574591	NODE_28202_length_711_cov_3.041298	58.9	711	183	0.306011	1.91e-13	acc|REFSEQ|YP_009465880.1|REFSEQ|NC_037057|hypothetical protein [Dishui lake phycodnavirus 1]	Dishui lake phycodnavirus 1	Blastx
SRR14574591	NODE_8751_length_1288_cov_3.300398	36.9	1288	219	0.593607	1.94e-13	acc|GENBANK|QDY52392.1|GENBANK|MK250091|Clp protease [Mimiviridae sp. ChoanoV1]	Mimiviridae sp. ChoanoV1	Blastx
SRR14574591	NODE_28502_length_577_cov_2.211397	42.3	577	497	0.195171	1.97e-13	acc|GENBANK|UIX56233.1|GENBANK|OL686893|Global transactivator [Hyphantria cunea nucleopolyhedrovirus]	Hyphantria cunea nucleopolyhedrovirus	Blastx
SRR14574591	NODE_38981_length_214_cov_1.292818	44.1	214	96	0.708333	1.99e-13	acc|GENBANK|QBK88267.1|GENBANK|MK500382|RNA polymerase Rpb3/Rpb11 dimerization domain [Marseillevirus LCMAC202]	Marseillevirus LCMAC202	Blastx
SRR14574591	NODE_26557_length_1038_cov_5.447761	26.4	1038	306	0.830065	2.00e-13	acc|GENBANK|BFG87846.1|GENBANK|LC801470|putative dual-specificity RNA methyltransferase [Nucleocytoviricota sp. D1]	Nucleocytoviricota sp. D1	Blastx
SRR14574591	NODE_47069_length_259_cov_1.035398	41.3	259	795	0.115723	2.01e-13	acc|GENBANK|QKF93592.1|GENBANK|MT418680|phosphoenolpyruvate synthase [Fadolivirus FV1/VV64]	Fadolivirus FV1/VV64	Blastx
SRR14574591	NODE_3579_length_641_cov_1.817434	41.3	641	406	0.256158	2.02e-13	acc|GENBANK|QBK87310.1|GENBANK|MK500348|chaperone protein [Marseillevirus LCMAC201]	Marseillevirus LCMAC201	Blastx
SRR14574591	NODE_38996_length_214_cov_1.292818	51.5	214	678	0.100295	2.03e-13	acc|GENBANK|CCQ71325.1|GENBANK|HF586476|hypothetical kinesin-like protein KIF3 [Cotesia congregata]	Cotesia congregata	Blastx
SRR14574591	NODE_5919_length_799_cov_3.215405	32.8	799	373	0.490617	2.06e-13	acc|GENBANK|AYV86662.1|GENBANK|MK072512|phosphatase 2C [Sylvanvirus sp.]	Sylvanvirus sp.	Blastx
SRR14574591	NODE_15079_length_448_cov_3.045783	60.0	448	286	0.192308	2.08e-13	acc|GENBANK|ARF09529.1|GENBANK|KY684085|cyclophilin type peptidyl-prolyl cis-trans [Indivirus ILV1]	Indivirus ILV1	Blastx
SRR14574591	NODE_4860_length_412_cov_2.591029	34.7	412	106	0.924528	2.23e-13	acc|GENBANK|QBK87648.1|GENBANK|MK500366|thioredoxin [Marseillevirus LCMAC201]	Marseillevirus LCMAC201	Blastx
SRR14574591	NODE_5220_length_1098_cov_3.948357	40.5	1098	721	0.116505	2.30e-13	acc|GENBANK|ATZ80225.1|GENBANK|MF782455|putative nuclear export mediator factor [Bodo saltans virus]	Bodo saltans virus	Blastx
SRR14574591	NODE_10996_length_927_cov_11.901566	28.4	927	383	0.699739	2.39e-13	acc|GENBANK|AJA91762.1|GENBANK|KM434202|dihydroflavonol 4-reductase [Allium cepa]	Allium cepa	Blastx
SRR14574591	NODE_10272_length_232_cov_3.894472	48.0	232	421	0.178147	2.40e-13	acc|GENBANK|AGP03657.1|GENBANK|KF220834|integrase-type DNA-binding superfamily protein [Glycine max]	Glycine max	Blastx
SRR14574591	NODE_27888_length_401_cov_2.434783	42.7	401	87	0.862069	2.42e-13	acc|GENBANK|QJX70809.1|GENBANK|MN534311|hypothetical protein [Faustovirus]	Faustovirus	Blastx
SRR14574591	NODE_48903_length_273_cov_0.975000	43.8	273	925	0.096216	2.46e-13	acc|GENBANK|ABY48139.1|GENBANK|EU306659|NORK [Medicago truncatula]	Medicago truncatula	Blastx
SRR14574591	NODE_45938_length_251_cov_1.073394	49.3	251	1618	0.046354	2.48e-13	acc|GENBANK|QGR54286.1|GENBANK|MK978772|serine/threonine protein kinase [Moumouvirus maliensis]	Moumouvirus maliensis	Blastx
SRR14574591	NODE_39217_length_215_cov_1.285714	61.3	215	447	0.138702	2.66e-13	acc|GENBANK|AAD27549.1|GENBANK|AF111709|unknown [Oryza sativa Indica Group]	Oryza sativa Indica Group	Blastx
SRR14574591	NODE_10692_length_1061_cov_7.664397	47.5	1061	116	0.508621	2.67e-13	acc|GENBANK|AYV81207.1|GENBANK|MK072263|putative zinc finger A20 and AN1 [Harvfovirus sp.]	Harvfovirus sp.	Blastx
SRR14574591	NODE_38931_length_214_cov_1.292818	56.4	214	552	0.099638	2.75e-13	acc|GENBANK|QBK89372.1|GENBANK|MK500418|CTP synthetase [Mimivirus LCMiAC02]	Mimivirus LCMiAC02	Blastx
SRR14574591	NODE_43434_length_237_cov_1.142157	45.5	237	540	0.122222	2.78e-13	acc|GENBANK|QDY52029.1|GENBANK|MK250087|hypothetical protein [Mimiviridae sp. ChoanoV1]	Mimiviridae sp. ChoanoV1	Blastx
SRR14574591	NODE_23268_length_662_cov_1.616852	35.3	662	478	0.278243	2.84e-13	acc|GENBANK|AAK84479.1|GENBANK|AF275345|putative auxin growth promotor protein [Solanum lycopersicum]	Solanum lycopersicum	Blastx
SRR14574591	NODE_24943_length_221_cov_1.265957	52.5	221	441	0.133787	2.87e-13	acc|GENBANK|QKF94717.1|GENBANK|MT418680|ergosterol biosynthesis ERG4/ERG24 [Fadolivirus FV1/VV64]	Fadolivirus FV1/VV64	Blastx
SRR14574591	NODE_4658_length_253_cov_1.059091	46.7	253	316	0.237342	2.89e-13	acc|REFSEQ|YP_009449055.1|REFSEQ|NC_036594|ribonucleotide reductase large subunit [Orpheovirus IHUMI-LCC2]	Orpheovirus IHUMI-LCC2	Blastx
SRR14574591	NODE_23481_length_475_cov_2.463801	31.0	475	925	0.156757	2.92e-13	acc|GENBANK|ABY48139.1|GENBANK|EU306659|NORK [Medicago truncatula]	Medicago truncatula	Blastx
SRR14574591	NODE_44369_length_242_cov_1.119617	43.0	242	653	0.120980	2.92e-13	acc|GENBANK|QBK88577.1|GENBANK|MK500392|threonyl-tRNA synthetase [Mimivirus LCMiAC01]	Mimivirus LCMiAC01	Blastx
SRR14574591	NODE_11449_length_994_cov_9.884495	34.3	994	543	0.381215	2.93e-13	acc|GENBANK|ADB85407.1|GENBANK|GQ252886|putative protein kinase [Phyllostachys edulis]	Phyllostachys edulis	Blastx
SRR14574591	NODE_22082_length_219_cov_1.016129	51.4	219	727	0.101788	3.02e-13	acc|GENBANK|ADB85269.1|GENBANK|GQ252805|putative lectin-like protein kinase [Phyllostachys edulis]	Phyllostachys edulis	Blastx
SRR14574591	NODE_45863_length_251_cov_1.073394	44.0	251	471	0.178344	3.19e-13	acc|GENBANK|AFV13457.1|GENBANK|JQ314445|UDPG-flavonoid 3-O-glucosyl transferase [Tripsacum dactyloides]	Tripsacum dactyloides	Blastx
SRR14574591	NODE_25183_length_539_cov_4.830040	28.5	539	447	0.369128	3.28e-13	acc|GENBANK|AAD27549.1|GENBANK|AF111709|unknown [Oryza sativa Indica Group]	Oryza sativa Indica Group	Blastx
SRR14574591	NODE_37256_length_206_cov_1.352601	72.3	206	482	0.097510	3.29e-13	acc|GENBANK|BBA54297.1|GENBANK|AB898755|gag : akt fusion protein [Feline leukemia virus]	Feline leukemia virus	Blastx
SRR14574591	NODE_8037_length_864_cov_4.388688	30.7	864	483	0.370600	3.33e-13	acc|GENBANK|AYV80388.1|GENBANK|MK072243|cytochrome P450 704B1 [Harvfovirus sp.]	Harvfovirus sp.	Blastx
SRR14574591	NODE_9505_length_1233_cov_5.568333	26.9	1233	627	0.432217	3.42e-13	acc|GENBANK|ARF09181.1|GENBANK|KY684084|AMP-binding enzyme [Catovirus CTV1]	Catovirus CTV1	Blastx
SRR14574591	NODE_49549_length_280_cov_1.421053	47.7	280	472	0.137712	3.42e-13	acc|GENBANK|QKF94118.1|GENBANK|MT418680|CbxX/CfqX protein [Fadolivirus FV1/VV64]	Fadolivirus FV1/VV64	Blastx
SRR14574591	NODE_1244_length_1001_cov_20.173554	41.7	1001	108	0.777778	3.46e-13	acc|REFSEQ|YP_004894718.1|REFSEQ|NC_016072|thioredoxin-like protein [Megavirus chiliensis]	Megavirus chiliensis	Blastx
SRR14574591	NODE_37951_length_209_cov_1.125000	61.1	209	549	0.131148	3.47e-13	acc|GENBANK|WGU26819.1|GENBANK|OQ503488|BTB/POZ domain-containing protein [Triticum monococcum]	Triticum monococcum	Blastx
SRR14574591	NODE_9113_length_1695_cov_4.323105	33.1	1695	299	0.444816	3.48e-13	acc|GENBANK|XKM50828.1|GENBANK|PQ442278|hypothetical protein [Ostreococcus tauri virus 19-T2]	Ostreococcus tauri virus 19-T2	Blastx
SRR14574591	NODE_29903_length_709_cov_4.945266	35.8	709	283	0.385159	3.51e-13	acc|GENBANK|QKF94519.1|GENBANK|MT418680|zinc finger RING-type protein [Fadolivirus FV1/VV64]	Fadolivirus FV1/VV64	Blastx
SRR14574591	NODE_18408_length_381_cov_1.540230	36.0	381	693	0.160173	3.54e-13	acc|GENBANK|ARF10293.1|GENBANK|KY684103|methionyl-tRNA synthetase [Hokovirus HKV1]	Hokovirus HKV1	Blastx
SRR14574591	NODE_46425_length_254_cov_1.058824	45.9	254	300	0.246667	3.55e-13	acc|GENBANK|BBI30364.1|GENBANK|AP018495|ribonuclease HII [Acanthamoeba castellanii medusavirus J1]	Acanthamoeba castellanii medusavirus J1	Blastx
SRR14574591	NODE_40662_length_222_cov_2.476190	43.2	222	371	0.199461	3.57e-13	acc|GENBANK|WNO13897.1|GENBANK|OQ968270|capsid protein [Berere partitivirus]	Berere partitivirus	Blastx
SRR14574591	NODE_3458_length_335_cov_2.456954	37.5	335	521	0.184261	3.63e-13	acc|GENBANK|BFL61189.1|GENBANK|LC813553|protein kinase [Moumouvirus lavasanguinem]	Moumouvirus lavasanguinem	Blastx
SRR14574591	NODE_6982_length_307_cov_2.379562	47.8	307	691	0.096961	3.68e-13	acc|GENBANK|UPW42252.1|GENBANK|ON001649|putative RNA dependent RNA polymerase [Xisha Islands farmland mitovirus 5]	Xisha Islands farmland mitovirus 5	Blastx
SRR14574591	NODE_15151_length_1830_cov_34.102393	29.4	1830	343	0.516035	3.69e-13	acc|GENBANK|AYV82043.1|GENBANK|MK072335|lysophospholipid acyltransferase [Homavirus sp.]	Homavirus sp.	Blastx
SRR14574591	NODE_10733_length_1104_cov_8.908497	25.1	1104	1125	0.368889	3.75e-13	acc|GENBANK|AYV86640.1|GENBANK|MK072511|sensory box sensor histidine kinase/response [Sylvanvirus sp.]	Sylvanvirus sp.	Blastx
SRR14574591	NODE_51140_length_441_cov_1.549020	31.2	441	846	0.163121	3.78e-13	acc|GENBANK|QFG74759.1|GENBANK|MN448290|ribonucleotide reductase, barrel domain [Megaviridae environmental sample]	Megaviridae environmental sample	Blastx
SRR14574591	NODE_20138_length_408_cov_2.925333	40.0	408	2037	0.044183	3.80e-13	acc|GENBANK|ABG37663.1|GENBANK|DQ536170|CCHC-type integrase [Populus trichocarpa]	Populus trichocarpa	Blastx
SRR14574591	NODE_45723_length_250_cov_1.078341	40.7	250	383	0.224543	3.83e-13	acc|GENBANK|AJA91762.1|GENBANK|KM434202|dihydroflavonol 4-reductase [Allium cepa]	Allium cepa	Blastx
SRR14574591	NODE_45231_length_247_cov_1.093458	42.7	247	321	0.255452	3.83e-13	acc|GENBANK|AYV84610.1|GENBANK|MK072412|serine/threonine protein kinase [Hyperionvirus sp.]	Hyperionvirus sp.	Blastx
SRR14574591	NODE_20792_length_289_cov_1.730469	39.8	289	493	0.188641	3.87e-13	acc|REFSEQ|YP_009172548.1|REFSEQ|NC_028091|hypothetical protein [Ostreococcus lucimarinus virus 2]	Ostreococcus lucimarinus virus 2	Blastx
SRR14574591	NODE_27946_length_204_cov_3.637427	68.0	204	242	0.206612	3.90e-13	acc|GENBANK|AGU70135.1|GENBANK|KF270089|integrase-type DNA-binding superfamily protein [Tarenaya hassleriana]	Tarenaya hassleriana	Blastx
SRR14574591	NODE_12494_length_1431_cov_11.032904	22.4	1431	575	0.753043	3.93e-13	acc|GENBANK|CAE02704.1|GENBANK|AJ575660|putative sugar transporter [Yarrowia lipolytica]	Yarrowia lipolytica	Blastx
SRR14574591	NODE_44493_length_243_cov_1.114286	43.9	243	925	0.088649	4.21e-13	acc|GENBANK|ABY48139.1|GENBANK|EU306659|NORK [Medicago truncatula]	Medicago truncatula	Blastx
SRR14574591	NODE_12795_length_1373_cov_9.973134	27.5	1373	276	0.750000	4.22e-13	acc|GENBANK|QBK90289.1|GENBANK|MK500473|RPB3 subunit of eukaryotic RNA polymerase II [Pithovirus LCPAC102]	Pithovirus LCPAC102	Blastx
SRR14574591	NODE_49466_length_279_cov_1.898374	38.3	279	396	0.237374	4.23e-13	acc|GENBANK|QBK92180.1|GENBANK|MK500568|DEAD/DEAH box helicase [Pithovirus LCPAC304]	Pithovirus LCPAC304	Blastx
SRR14574591	NODE_16264_length_223_cov_1.821053	52.2	223	557	0.123878	4.25e-13	acc|GENBANK|WGU26825.1|GENBANK|OQ503488|putative acyl-activating enzyme 5 [Triticum monococcum]	Triticum monococcum	Blastx
SRR14574591	NODE_50287_length_325_cov_1.602740	34.8	325	478	0.240586	4.37e-13	acc|GENBANK|AAK84479.1|GENBANK|AF275345|putative auxin growth promotor protein [Solanum lycopersicum]	Solanum lycopersicum	Blastx
SRR14574591	NODE_22788_length_369_cov_1.255952	41.0	369	1232	0.085227	4.40e-13	acc|GENBANK|ADK47521.1|GENBANK|HM124452|RDG2A [Hordeum vulgare subsp. vulgare]	Hordeum vulgare subsp. vulgare	Blastx
SRR14574591	NODE_26238_length_698_cov_1.948872	88.4	698	258	0.166667	4.49e-13	acc|GENBANK|WMV02893.1|GENBANK|OP630990|alpha-tubulin [Diderma spumarioides]	Diderma spumarioides	Blastx
SRR14574591	NODE_19713_length_295_cov_1.267176	65.2	295	308	0.149351	4.60e-13	acc|GENBANK|AFV13468.1|GENBANK|JQ314449|ring-H2 zinc finger protein [Coix lacryma-jobi]	Coix lacryma-jobi	Blastx
SRR14574591	NODE_15382_length_823_cov_85.048101	33.8	823	149	1.013423	4.64e-13	acc|GENBANK|SME65001.1|GENBANK|LT839607|Ribosomal-protein-alanine acetyltransferase [Faustovirus ST1]	Faustovirus ST1	Blastx
SRR14574591	NODE_37890_length_209_cov_1.329545	49.3	209	925	0.072432	4.81e-13	acc|GENBANK|ABY48139.1|GENBANK|EU306659|NORK [Medicago truncatula]	Medicago truncatula	Blastx
SRR14574591	NODE_30082_length_440_cov_2.488943	33.8	440	678	0.213864	4.85e-13	acc|GENBANK|CCQ71325.1|GENBANK|HF586476|hypothetical kinesin-like protein KIF3 [Cotesia congregata]	Cotesia congregata	Blastx
SRR14574591	NODE_6041_length_676_cov_4.055988	26.1	676	640	0.346875	4.93e-13	acc|GENBANK|QBK88455.1|GENBANK|MK500389|AMP-binding enzyme [Mimivirus LCMiAC01]	Mimivirus LCMiAC01	Blastx
SRR14574591	NODE_30011_length_663_cov_7.120635	33.0	663	1008	0.219246	4.98e-13	acc|REFSEQ|YP_009430141.1|REFSEQ|NC_022098|Threonylcarbamoyl AMP synthase [Pandoravirus salinus]	Pandoravirus salinus	Blastx
SRR14574591	NODE_12664_length_445_cov_2.121359	34.6	445	549	0.231330	4.98e-13	acc|GENBANK|WGU26815.1|GENBANK|OQ503488|pentatricopeptide repeat-containing protein [Triticum monococcum]	Triticum monococcum	Blastx
SRR14574591	NODE_46818_length_257_cov_1.044643	47.8	257	2224	0.030126	5.05e-13	acc|GENBANK|AYV81995.1|GENBANK|MK072332|putative CAD protein isoform X1 [Homavirus sp.]	Homavirus sp.	Blastx
SRR14574591	NODE_28493_length_340_cov_3.039088	40.9	340	459	0.202614	5.14e-13	acc|GENBANK|BBI30359.1|GENBANK|AP018495|beta-galactosidase [Acanthamoeba castellanii medusavirus J1]	Acanthamoeba castellanii medusavirus J1	Blastx
SRR14574591	NODE_50041_length_308_cov_1.152727	35.0	308	367	0.272480	5.37e-13	acc|REFSEQ|YP_803355.1|REFSEQ|NC_008518|hypothetical protein [Trichoplusia ni ascovirus 2c]	Trichoplusia ni ascovirus 2c	Blastx
SRR14574591	NODE_23302_length_361_cov_1.564024	51.3	361	136	0.588235	5.39e-13	acc|GENBANK|QBK88197.1|GENBANK|MK500378|RNA polymerases N/ 8 kDa subunit [Marseillevirus LCMAC202]	Marseillevirus LCMAC202	Blastx
SRR14574591	NODE_39320_length_216_cov_1.278689	45.6	216	697	0.097561	5.40e-13	acc|REFSEQ|YP_010781946.1|REFSEQ|NC_075039|catalase [Tupanvirus soda lake]	Tupanvirus soda lake	Blastx
SRR14574591	NODE_31123_length_477_cov_2.409910	48.4	477	194	0.489691	5.41e-13	acc|GENBANK|QBK91201.1|GENBANK|MK500514|RPB3 subunit of eukaryotic RNA polymerase II [Pithovirus LCPAC202]	Pithovirus LCPAC202	Blastx
SRR14574591	NODE_996_length_642_cov_19.510673	44.0	642	418	0.217703	5.45e-13	acc|GENBANK|CAK7597149.1|GENBANK|OZ003748|Chaperone DnaJ [Catovirus sp. 'naegleriensis']	Catovirus sp. 'naegleriensis'	Blastx
SRR14574591	NODE_4545_length_535_cov_2.330677	35.7	535	124	0.927419	5.49e-13	acc|GENBANK|QRM13562.1|NEIGHBOR|MW142017|hypothetical protein [Fowlpox virus]	Fowlpox virus	Blastx
SRR14574591	NODE_39918_length_219_cov_1.258065	51.7	219	186	0.322581	5.54e-13	acc|GENBANK|ATZ80284.1|GENBANK|MF782455|dual specificity serine/threonine and tyrosine [Bodo saltans virus]	Bodo saltans virus	Blastx
SRR14574591	NODE_24439_length_302_cov_1.040892	38.0	302	230	0.308696	5.71e-13	acc|GENBANK|ARF08295.1|GENBANK|KY684083|RING finger domain protein [Catovirus CTV1]	Catovirus CTV1	Blastx
SRR14574591	NODE_1487_length_997_cov_3.107884	46.8	997	155	0.496774	5.75e-13	acc|GENBANK|AYV78695.1|GENBANK|MK072090|hypothetical protein [Edafosvirus sp.]	Edafosvirus sp.	Blastx
SRR14574591	NODE_48754_length_272_cov_0.979079	52.2	272	488	0.141393	5.75e-13	acc|GENBANK|AAH18736.1|GENBANK|BC018736|LOC26010 protein [Homo sapiens]	Homo sapiens	Blastx
SRR14574591	NODE_50761_length_367_cov_1.401198	35.8	367	1232	0.086039	5.79e-13	acc|GENBANK|ADK47521.1|GENBANK|HM124452|RDG2A [Hordeum vulgare subsp. vulgare]	Hordeum vulgare subsp. vulgare	Blastx
SRR14574591	NODE_654_length_1353_cov_6.951515	21.9	1353	578	0.553633	5.87e-13	acc|GENBANK|QBK84917.1|GENBANK|MK500300|HECT-domain ubiquitin-transferase [Pithovirus LCDPAC02]	Pithovirus LCDPAC02	Blastx
SRR14574591	NODE_26964_length_268_cov_1.208511	46.5	268	299	0.287625	5.90e-13	acc|GENBANK|QBK91775.1|GENBANK|MK500565|mitochondrial carrier-like protein [Pithovirus LCPAC304]	Pithovirus LCPAC304	Blastx
SRR14574591	NODE_6183_length_210_cov_1.468927	55.8	210	144	0.361111	5.97e-13	acc|GENBANK|QBK85618.1|GENBANK|MK500327|nucleoside diphosphate kinase [Marseillevirus LCMAC101]	Marseillevirus LCMAC101	Blastx
SRR14574591	NODE_5293_length_552_cov_2.830443	38.5	552	803	0.119552	6.16e-13	acc|GENBANK|QKF93649.1|GENBANK|MT418680|ubiquitin-conjugating enzyme E2 [Fadolivirus FV1/VV64]	Fadolivirus FV1/VV64	Blastx
SRR14574591	NODE_50190_length_318_cov_1.642105	39.7	318	105	0.647619	6.38e-13	acc|GENBANK|QPI16506.1|GENBANK|MW030569|thioredoxin domain-containing protein [Virus NIOZ-UU157]	Virus NIOZ-UU157	Blastx
SRR14574591	NODE_46397_length_254_cov_1.027149	43.2	254	733	0.129604	6.43e-13	acc|GENBANK|CCQ71393.1|GENBANK|HF586480|hypothetical cysteinyl-tRNA synthetase CARS [Cotesia congregata]	Cotesia congregata	Blastx
SRR14574591	NODE_5752_length_323_cov_1.175862	36.3	323	151	0.602649	6.87e-13	acc|GENBANK|QBK87257.1|GENBANK|MK500346|thioredoxin [Marseillevirus LCMAC201]	Marseillevirus LCMAC201	Blastx
SRR14574591	NODE_41726_length_228_cov_1.200000	56.5	228	237	0.261603	7.02e-13	acc|GENBANK|ADB85285.1|GENBANK|GQ252816|hypothetical protein [Phyllostachys edulis]	Phyllostachys edulis	Blastx
SRR14574591	NODE_21894_length_431_cov_2.927136	48.4	431	63	0.984127	7.08e-13	acc|REFSEQ|YP_009173682.1|REFSEQ|NC_028094|AN1-like Zinc finger containing protein [Chrysochromulina ericina virus]	Chrysochromulina ericina virus	Blastx
SRR14574591	NODE_24160_length_216_cov_1.278689	54.3	216	925	0.075676	7.44e-13	acc|GENBANK|ABY48139.1|GENBANK|EU306659|NORK [Medicago truncatula]	Medicago truncatula	Blastx
SRR14574591	NODE_17257_length_295_cov_1.759542	38.8	295	464	0.172414	7.67e-13	acc|GENBANK|AMZ02766.1|NEIGHBOR|KU761889|putative ubiquitin carboxyl-terminal hydrolase [Mimivirus Bombay]	Mimivirus Bombay	Blastx
SRR14574591	NODE_19613_length_319_cov_3.192308	50.0	319	507	0.126233	7.69e-13	acc|GENBANK|ARF09167.1|GENBANK|KY684084|translation initiation factor 4A-III [Catovirus CTV1]	Catovirus CTV1	Blastx
SRR14574591	NODE_29369_length_1318_cov_3.877821	28.3	1318	292	0.955479	8.75e-13	acc|GENBANK|CAK7597229.1|GENBANK|OZ003748|Protein kinase-like homologous superfamily [Catovirus sp. 'naegleriensis']	Catovirus sp. 'naegleriensis'	Blastx
SRR14574591	NODE_22599_length_441_cov_1.044118	40.4	441	534	0.166667	8.91e-13	acc|GENBANK|BDT61653.1|GENBANK|LC738868|reverse transcriptase [Marsupenaeus japonicus endogenous nimavirus]	Marsupenaeus japonicus endogenous nimavirus	Blastx
SRR14574591	NODE_6851_length_484_cov_1.869180	38.9	484	471	0.267516	9.57e-13	acc|GENBANK|AFV13457.1|GENBANK|JQ314445|UDPG-flavonoid 3-O-glucosyl transferase [Tripsacum dactyloides]	Tripsacum dactyloides	Blastx
SRR14574591	NODE_47816_length_264_cov_1.012987	47.8	264	150	0.446667	9.58e-13	acc|REFSEQ|YP_003969734.1|REFSEQ|NC_014637|putative ubiquitin-conjugating enzyme E2 [Cafeteria roenbergensis virus BV-PW1]	Cafeteria roenbergensis virus BV-PW1	Blastx
SRR14574591	NODE_27348_length_345_cov_2.663462	42.7	345	154	0.577922	9.61e-13	acc|GENBANK|AYV75407.1|GENBANK|MK071979|peptide-methionine (R)-S-oxide reductase [Terrestrivirus sp.]	Terrestrivirus sp.	Blastx
SRR14574591	NODE_40287_length_220_cov_1.251337	50.0	220	276	0.246377	9.69e-13	acc|GENBANK|ACG38448.1|GENBANK|EU966330|retrotransposon protein Ty1-copia subclass [Zea mays]	Zea mays	Blastx
SRR14574591	NODE_5724_length_1384_cov_4.804589	25.8	1384	298	0.936242	1.05e-12	acc|GENBANK|UOG94399.1|NEIGHBOR|OM876856|hypothetical protein [Aureococcus anophagefferens virus]	Aureococcus anophagefferens virus	Blastx
SRR14574591	NODE_5839_length_292_cov_2.243243	45.7	292	598	0.135452	1.05e-12	acc|GENBANK|ARF11188.1|GENBANK|KY684108|prolyl oligopeptidase PreP [Klosneuvirus KNV1]	Klosneuvirus KNV1	Blastx
SRR14574591	NODE_9660_length_555_cov_4.833333	49.1	555	116	0.474138	1.06e-12	acc|GENBANK|AYV81207.1|GENBANK|MK072263|putative zinc finger A20 and AN1 [Harvfovirus sp.]	Harvfovirus sp.	Blastx
SRR14574591	NODE_28741_length_203_cov_3.164706	48.5	203	421	0.156770	1.06e-12	acc|GENBANK|AYV81272.1|GENBANK|MK072266|translation initiation factor 4A-III [Harvfovirus sp.]	Harvfovirus sp.	Blastx
SRR14574591	NODE_48263_length_268_cov_0.995745	44.4	268	759	0.094862	1.07e-12	acc|GENBANK|ACN78962.1|GENBANK|FJ225394|methyltransferase [Glycine max]	Glycine max	Blastx
SRR14574591	NODE_36110_length_200_cov_1.353293	57.1	200	572	0.110140	1.07e-12	acc|REFSEQ|YP_009448872.1|REFSEQ|NC_036594|Bi-functional 3,4-dihydroxy-2-butanone [Orpheovirus IHUMI-LCC2]	Orpheovirus IHUMI-LCC2	Blastx
SRR14574591	NODE_3493_length_582_cov_2.010929	32.9	582	296	0.483108	1.08e-12	acc|GENBANK|QPB44580.1|GENBANK|MW018138|nudix hydrolase [Medusavirus stheno T3]	Medusavirus stheno T3	Blastx
SRR14574591	NODE_27649_length_412_cov_2.688654	33.3	412	261	0.505747	1.08e-12	acc|GENBANK|AYV79236.1|GENBANK|MK072137|serine/threonine protein phosphatase [Faunusvirus sp.]	Faunusvirus sp.	Blastx
SRR14574591	NODE_5421_length_204_cov_5.035088	39.7	204	85	0.682353	1.09e-12	acc|GENBANK|QDY52253.1|GENBANK|MK250089|AN1-like Zinc finger [Mimiviridae sp. ChoanoV1]	Mimiviridae sp. ChoanoV1	Blastx
SRR14574591	NODE_1792_length_406_cov_13.715818	36.7	406	498	0.257028	1.11e-12	acc|GENBANK|QBK88840.1|GENBANK|MK500400|serine/threonine protein kinase [Mimivirus LCMiAC01]	Mimivirus LCMiAC01	Blastx
SRR14574591	NODE_40549_length_222_cov_1.857143	47.9	222	1675	0.042388	1.12e-12	acc|GENBANK|BFT93583.1|GENBANK|LC847964|Ser/Thr protein kinase [Medusavirus sp. 'euryale']	Medusavirus sp. 'euryale'	Blastx
SRR14574591	NODE_12046_length_395_cov_59.560773	41.4	395	111	0.630631	1.18e-12	acc|GENBANK|QBK92165.1|GENBANK|MK500568|thioredoxin [Pithovirus LCPAC304]	Pithovirus LCPAC304	Blastx
SRR14574591	NODE_11264_length_1271_cov_29.333603	46.3	1271	626	0.130990	1.20e-12	acc|GENBANK|AIJ28475.1|GENBANK|KJ826519|pol polyprotein [Trifolium nigrescens subsp. petrisavii]	Trifolium nigrescens subsp. petrisavii	Blastx
SRR14574591	NODE_4670_length_735_cov_2.706553	36.7	735	325	0.369231	1.20e-12	acc|GENBANK|AGQ20176.1|GENBANK|KC752266|AsIV-cont00060-ORF1 [Apophua simplicipes ichnovirus]	Apophua simplicipes ichnovirus	Blastx
SRR14574591	NODE_26732_length_449_cov_2.086538	38.4	449	344	0.401163	1.20e-12	acc|GENBANK|QFG74169.1|GENBANK|MN448282|aspartyl protease [Megaviridae environmental sample]	Megaviridae environmental sample	Blastx
SRR14574591	NODE_47152_length_259_cov_1.035398	55.8	259	103	0.417476	1.20e-12	acc|GENBANK|AYV75812.1|GENBANK|MK071981|putative AN1-type zinc finger protein 2A-like [Terrestrivirus sp.]	Terrestrivirus sp.	Blastx
SRR14574591	NODE_16553_length_229_cov_6.316327	46.3	229	1378	0.048621	1.21e-12	acc|GENBANK|URM61947.1|GENBANK|MT663335|cyclin dependent serinethreonine kinase [Mimivirus sp.]	Mimivirus sp.	Blastx
SRR14574591	NODE_19569_length_547_cov_1.369650	32.9	547	4062	0.035204	1.22e-12	acc|GENBANK|QOR60750.1|GENBANK|MK522039|hypothetical protein [Bathycoccus sp. RCC716 virus 3]	Bathycoccus sp. RCC716 virus 3	Blastx
SRR14574591	NODE_5971_length_646_cov_4.487765	50.0	646	183	0.382514	1.24e-12	acc|REFSEQ|YP_009465880.1|REFSEQ|NC_037057|hypothetical protein [Dishui lake phycodnavirus 1]	Dishui lake phycodnavirus 1	Blastx
SRR14574591	NODE_13275_length_331_cov_69.825503	45.2	331	175	0.417143	1.24e-12	acc|GENBANK|QFG74928.1|GENBANK|MN448295|DnaJ domain protein [Megaviridae environmental sample]	Megaviridae environmental sample	Blastx
SRR14574591	NODE_6826_length_445_cov_3.016990	61.2	445	93	0.526882	1.24e-12	acc|GENBANK|AYV80661.1|GENBANK|MK072246|putative Cytochrome b5 [Harvfovirus sp.]	Harvfovirus sp.	Blastx
SRR14574591	NODE_42380_length_231_cov_1.181818	48.5	231	941	0.072264	1.25e-12	acc|GENBANK|AAV50526.1|NEIGHBOR|AY653733|heat shock 70Kd HSP [Acanthamoeba polyphaga mimivirus]	Acanthamoeba polyphaga mimivirus	Blastx
SRR14574591	NODE_46995_length_258_cov_1.040000	44.9	258	912	0.075658	1.31e-12	acc|GENBANK|ACX48824.1|GENBANK|GQ923937|chromomethylase [Zea mays]	Zea mays	Blastx
SRR14574591	NODE_14940_length_642_cov_7.397373	29.3	642	271	0.793358	1.32e-12	acc|GENBANK|AGE59259.1|GENBANK|JX997184|serine/threonine-protein kinase [Paramecium bursaria Chlorella virus OR0704.2.2]	Paramecium bursaria Chlorella virus OR0704.2.2	Blastx
SRR14574591	NODE_30478_length_979_cov_1.871036	46.8	979	139	0.553957	1.34e-12	acc|GENBANK|QBK84613.1|GENBANK|MK500281|riboflavin kinase [Pithovirus LCDPAC01]	Pithovirus LCDPAC01	Blastx
SRR14574591	NODE_19788_length_422_cov_2.473008	33.9	422	715	0.177622	1.39e-12	acc|GENBANK|ARF11100.1|GENBANK|KY684106|HrpA-like RNA helicase [Hokovirus HKV1]	Hokovirus HKV1	Blastx
SRR14574591	NODE_10305_length_509_cov_6.771008	46.6	509	116	0.500000	1.40e-12	acc|GENBANK|AYV81207.1|GENBANK|MK072263|putative zinc finger A20 and AN1 [Harvfovirus sp.]	Harvfovirus sp.	Blastx
SRR14574591	NODE_30495_length_1001_cov_3.420455	33.3	1001	182	0.791209	1.44e-12	acc|GENBANK|BDT62002.1|GENBANK|LC738871|hypothetical protein [Penaeus monodon majanivirus B]	Penaeus monodon majanivirus B	Blastx
SRR14574591	NODE_18500_length_319_cov_1.146853	34.3	319	695	0.151079	1.48e-12	acc|GENBANK|XDO02062.1|GENBANK|PP542043|Type I Glyceraldehyde-3-Phosphate Dehydrogenase [Florenciella sp. virus SA2]	Florenciella sp. virus SA2	Blastx
SRR14574591	NODE_20362_length_570_cov_1.685289	30.1	570	439	0.302961	1.49e-12	acc|GENBANK|AYV76294.1|GENBANK|MK071983|hypothetical protein [Terrestrivirus sp.]	Terrestrivirus sp.	Blastx
SRR14574591	NODE_411_length_1294_cov_64.816019	30.4	1294	182	0.994505	1.51e-12	acc|GENBANK|BDT62002.1|GENBANK|LC738871|hypothetical protein [Penaeus monodon majanivirus B]	Penaeus monodon majanivirus B	Blastx
SRR14574591	NODE_15132_length_2176_cov_63.125058	48.7	2176	371	0.210243	1.53e-12	acc|GENBANK|WNO13897.1|GENBANK|OQ968270|capsid protein [Berere partitivirus]	Berere partitivirus	Blastx
SRR14574591	NODE_51114_length_434_cov_1.750623	35.3	434	589	0.235993	1.53e-12	acc|GENBANK|QKF93534.1|GENBANK|MT418680|peroxisomal acyl-CoA oxidase [Fadolivirus FV1/VV64]	Fadolivirus FV1/VV64	Blastx
SRR14574591	NODE_3453_length_376_cov_1.393586	39.1	376	353	0.260623	1.54e-12	acc|GENBANK|QBK89257.1|GENBANK|MK500410|protein phosphatase 2C [Mimivirus LCMiAC02]	Mimivirus LCMiAC02	Blastx
SRR14574591	NODE_37305_length_206_cov_1.352601	48.4	206	521	0.122841	1.58e-12	acc|GENBANK|QGR53776.1|GENBANK|MK978772|protein kinase [Moumouvirus maliensis]	Moumouvirus maliensis	Blastx
SRR14574591	NODE_21277_length_466_cov_1.277136	40.7	466	727	0.111417	1.64e-12	acc|GENBANK|ABY48138.1|GENBANK|EU306659|ABC transporter [Medicago truncatula]	Medicago truncatula	Blastx
SRR14574591	NODE_45643_length_250_cov_1.078341	91.7	250	258	0.139535	1.65e-12	acc|GENBANK|WMV02893.1|GENBANK|OP630990|alpha-tubulin [Diderma spumarioides]	Diderma spumarioides	Blastx
SRR14574591	NODE_38318_length_211_cov_1.314607	56.7	211	619	0.108239	1.73e-12	acc|GENBANK|ARF11619.1|GENBANK|KY684109|arginyl-tRNA synthetase [Klosneuvirus KNV1]	Klosneuvirus KNV1	Blastx
SRR14574591	NODE_6783_length_422_cov_2.678663	45.4	422	471	0.205945	1.74e-12	acc|GENBANK|AFV13457.1|GENBANK|JQ314445|UDPG-flavonoid 3-O-glucosyl transferase [Tripsacum dactyloides]	Tripsacum dactyloides	Blastx
SRR14574591	NODE_51050_length_418_cov_1.057143	34.8	418	528	0.255682	1.75e-12	acc|GENBANK|QKF94573.1|GENBANK|MT418680|methionyl-tRNA synthetase [Fadolivirus FV1/VV64]	Fadolivirus FV1/VV64	Blastx
SRR14574591	NODE_10108_length_863_cov_6.902410	27.8	863	435	0.413793	1.77e-12	acc|GENBANK|AYV82548.1|GENBANK|MK072383|chromosome condensation regulator [Hyperionvirus sp.]	Hyperionvirus sp.	Blastx
SRR14574591	NODE_38172_length_210_cov_1.322034	55.2	210	2224	0.030126	1.77e-12	acc|GENBANK|AYV81995.1|GENBANK|MK072332|putative CAD protein isoform X1 [Homavirus sp.]	Homavirus sp.	Blastx
SRR14574591	NODE_15511_length_917_cov_5.443439	27.3	917	374	0.459893	1.80e-12	acc|GENBANK|ABB29304.1|GENBANK|DQ219417|YZ1 [Zea mays]	Zea mays	Blastx
SRR14574591	NODE_5567_length_733_cov_2.898571	41.1	733	588	0.181973	1.81e-12	acc|GENBANK|QOI90522.1|GENBANK|MT663539|hypothetical protein [Pyramimonas orientalis virus]	Pyramimonas orientalis virus	Blastx
SRR14574591	NODE_7610_length_1814_cov_4.022459	40.9	1814	212	0.646226	1.86e-12	acc|GENBANK|ADB85264.1|GENBANK|GQ252803|hypothetical protein [Phyllostachys edulis]	Phyllostachys edulis	Blastx
SRR14574591	NODE_23782_length_630_cov_4.492462	30.4	630	462	0.320346	1.87e-12	acc|GENBANK|QDY51942.1|GENBANK|MK250086|hypothetical protein [Mimiviridae sp. ChoanoV1]	Mimiviridae sp. ChoanoV1	Blastx
SRR14574591	NODE_18262_length_218_cov_1.200000	55.9	218	889	0.066367	1.90e-12	acc|GENBANK|QCC26834.1|GENBANK|MK532516|Bs2 gagpol polyprotein [Zea mays]	Zea mays	Blastx
SRR14574591	NODE_9360_length_445_cov_5.417476	30.5	445	139	0.920863	1.92e-12	acc|GENBANK|ULY68591.1|GENBANK|OL828820|hypothetical protein [Chlorella virus XW01]	Chlorella virus XW01	Blastx
SRR14574591	NODE_14994_length_1296_cov_127.741093	24.9	1296	379	0.986807	1.93e-12	acc|GENBANK|ADB85364.1|GENBANK|GQ252868|putative alcohol dehydrogenase 2 [Phyllostachys edulis]	Phyllostachys edulis	Blastx
SRR14574591	NODE_10113_length_219_cov_2.505376	74.5	219	325	0.144615	1.93e-12	acc|GENBANK|QDH91349.1|GENBANK|MN036178|hypothetical protein [Partitiviridae sp.]	Partitiviridae sp.	Blastx
SRR14574591	NODE_8968_length_551_cov_1.687259	33.3	551	678	0.247788	1.98e-12	acc|GENBANK|CCQ71325.1|GENBANK|HF586476|hypothetical kinesin-like protein KIF3 [Cotesia congregata]	Cotesia congregata	Blastx
SRR14574591	NODE_12858_length_491_cov_14.596070	38.9	491	109	0.825688	1.99e-12	acc|GENBANK|QDY51808.1|GENBANK|MK250085|thioredoxin [Mimiviridae sp. ChoanoV1]	Mimiviridae sp. ChoanoV1	Blastx
SRR14574591	NODE_18059_length_518_cov_2.595876	40.0	518	925	0.097297	2.08e-12	acc|GENBANK|ABY48139.1|GENBANK|EU306659|NORK [Medicago truncatula]	Medicago truncatula	Blastx
SRR14574591	NODE_30656_length_1439_cov_2.525605	24.0	1439	357	1.002801	2.10e-12	acc|GENBANK|AYV78413.1|GENBANK|MK072077|monooxygenase, FAD-binding domain-containing [Edafosvirus sp.]	Edafosvirus sp.	Blastx
SRR14574591	NODE_30266_length_1156_cov_6.788958	30.1	1156	680	0.400000	2.11e-12	acc|GENBANK|QFG73938.1|GENBANK|MN448274|AAA domain protein [Megaviridae environmental sample]	Megaviridae environmental sample	Blastx
SRR14574591	NODE_25043_length_291_cov_1.717054	54.9	291	96	0.531250	2.12e-12	acc|GENBANK|BDT62136.1|GENBANK|LC738872|heat shock protein 40-like protein [Litopenaeus vannamei majanivirus Nimav-1_LVa]	Litopenaeus vannamei majanivirus Nimav-1_LVa	Blastx
SRR14574591	NODE_51017_length_409_cov_1.244681	34.6	409	498	0.214859	2.13e-12	acc|GENBANK|XHA59766.1|GENBANK|OR863077|thermosome [Poseidoniales virus]	Poseidoniales virus	Blastx
SRR14574591	NODE_12548_length_413_cov_1.178947	31.4	413	299	0.468227	2.20e-12	acc|GENBANK|QBK91775.1|GENBANK|MK500565|mitochondrial carrier-like protein [Pithovirus LCPAC304]	Pithovirus LCPAC304	Blastx
SRR14574591	NODE_42363_length_231_cov_1.181818	45.8	231	245	0.240816	2.20e-12	acc|GENBANK|ARF11372.1|GENBANK|KY684108|START domain protein [Klosneuvirus KNV1]	Klosneuvirus KNV1	Blastx
SRR14574591	NODE_5291_length_1392_cov_5.898455	39.5	1392	139	0.618705	2.21e-12	acc|GENBANK|QFG75158.1|GENBANK|MN448299|thioredoxin [Megaviridae environmental sample]	Megaviridae environmental sample	Blastx
SRR14574591	NODE_15280_length_1163_cov_2.278761	27.1	1163	252	0.849206	2.27e-12	acc|GENBANK|BCU03334.1|GENBANK|LC625835|DNA-3-methyladenine glycosylase [Pandoravirus japonicus]	Pandoravirus japonicus	Blastx
SRR14574591	NODE_6808_length_1407_cov_10.365357	32.3	1407	496	0.324597	2.29e-12	acc|GENBANK|XIF71149.1|GENBANK|PQ381123|protein kinase ubiB [Micromonas commoda virus]	Micromonas commoda virus	Blastx
SRR14574591	NODE_27299_length_233_cov_1.470000	51.9	233	1044	0.073755	2.34e-12	acc|GENBANK|BAC54898.1|GENBANK|AB083008|supressor of Ty element 16 [Drosophila melanogaster]	Drosophila melanogaster	Blastx
SRR14574591	NODE_9462_length_695_cov_7.365559	40.0	695	183	0.519126	2.39e-12	acc|REFSEQ|YP_009465880.1|REFSEQ|NC_037057|hypothetical protein [Dishui lake phycodnavirus 1]	Dishui lake phycodnavirus 1	Blastx
SRR14574591	NODE_49739_length_290_cov_3.381323	57.1	290	224	0.250000	2.43e-12	acc|GENBANK|QDH89109.1|GENBANK|MN034603|hypothetical protein [Picornavirales sp.]	Picornavirales sp.	Blastx
SRR14574591	NODE_48239_length_267_cov_1.000000	46.2	267	144	0.451389	2.46e-12	acc|GENBANK|ACA04860.1|GENBANK|EU332958|putative gag-pol polyprotein [Picea abies]	Picea abies	Blastx
SRR14574591	NODE_29651_length_627_cov_1.535354	30.7	627	459	0.276688	2.47e-12	acc|GENBANK|BBI30359.1|GENBANK|AP018495|beta-galactosidase [Acanthamoeba castellanii medusavirus J1]	Acanthamoeba castellanii medusavirus J1	Blastx
SRR14574591	NODE_3324_length_609_cov_4.503472	32.9	609	393	0.432570	2.48e-12	acc|GENBANK|WNL50110.1|GENBANK|OR343189|phosphohydrolase [Marseillevirus sp.]	Marseillevirus sp.	Blastx
SRR14574591	NODE_46026_length_252_cov_1.068493	52.3	252	299	0.217391	2.50e-12	acc|GENBANK|QRE02559.1|GENBANK|MN545489|hypothetical protein [Otarine gammaherpesvirus 4]	Otarine gammaherpesvirus 4	Blastx
SRR14574591	NODE_4412_length_1404_cov_4.273523	34.6	1404	216	0.615741	2.55e-12	acc|GENBANK|AYV79764.1|GENBANK|MK072178|hypothetical protein [Faunusvirus sp.]	Faunusvirus sp.	Blastx
SRR14574591	NODE_26873_length_561_cov_2.403409	29.5	561	446	0.295964	2.59e-12	acc|GENBANK|ATZ80917.1|GENBANK|MF782455|major facilitator superfamily-like protein [Bodo saltans virus]	Bodo saltans virus	Blastx
SRR14574591	NODE_1034_length_238_cov_3.390244	55.4	238	337	0.166172	2.59e-12	acc|GENBANK|ABH08433.1|GENBANK|DQ851167|putative heat shock factor [Beta vulgaris]	Beta vulgaris	Blastx
SRR14574591	NODE_40526_length_222_cov_1.158730	56.6	222	272	0.194853	2.61e-12	acc|REFSEQ|YP_009666456.1|REFSEQ|NC_043520|Proliferating celular nuclear antigen [Lonomia obliqua multiple nucleopolyhedrovirus]	Lonomia obliqua multiple nucleopolyhedrovirus	Blastx
SRR14574591	NODE_1236_length_3187_cov_17.086874	48.7	3187	371	0.210243	2.62e-12	acc|GENBANK|WNO13897.1|GENBANK|OQ968270|capsid protein [Berere partitivirus]	Berere partitivirus	Blastx
SRR14574591	NODE_24661_length_707_cov_2.956973	45.2	707	139	0.669065	2.70e-12	acc|GENBANK|QFG74212.1|GENBANK|MN448284|cytidylyltransferase-like protein [Megaviridae environmental sample]	Megaviridae environmental sample	Blastx
SRR14574591	NODE_51379_length_221_cov_1.563830	60.4	221	1339	0.035848	2.72e-12	acc|GENBANK|CAA43287.1|GENBANK|X60951|DNA-directed DNA polymerase [Trypanosoma brucei]	Trypanosoma brucei	Blastx
SRR14574591	NODE_12827_length_590_cov_1.892280	90.9	590	64	0.515625	2.79e-12	acc|GENBANK|AAK62473.1|GENBANK|AY032741|heat shock protein Hsp70Ab [Drosophila melanogaster]	Drosophila melanogaster	Blastx
SRR14574591	NODE_29183_length_1792_cov_3.721433	26.5	1792	1408	0.254972	2.81e-12	acc|GENBANK|CAA60724.1|GENBANK|X87297|J1580 [Saccharomyces cerevisiae]	Saccharomyces cerevisiae	Blastx
SRR14574591	NODE_17698_length_211_cov_1.438202	47.8	211	262	0.263359	2.81e-12	acc|GENBANK|ABO45232.1|GENBANK|EF113398|desaturase [Ostrinia nubilalis]	Ostrinia nubilalis	Blastx
SRR14574591	NODE_37502_length_207_cov_1.344828	50.8	207	398	0.158291	2.87e-12	acc|GENBANK|AYV82736.1|GENBANK|MK072384|glutamate-5-semialdehyde dehydrogenase [Hyperionvirus sp.]	Hyperionvirus sp.	Blastx
SRR14574591	NODE_10400_length_842_cov_10.642769	27.5	842	321	0.816199	2.91e-12	acc|REFSEQ|YP_007354433.1|REFSEQ|NC_020104|nucleotide-sugar epimerase [Acanthamoeba polyphaga moumouvirus]	Acanthamoeba polyphaga moumouvirus	Blastx
SRR14574591	NODE_28118_length_858_cov_11.166061	32.4	858	600	0.241667	3.00e-12	acc|REFSEQ|YP_010781150.1|REFSEQ|NC_075038|hypothetical protein [Tupanvirus deep ocean]	Tupanvirus deep ocean	Blastx
SRR14574591	NODE_39319_length_216_cov_1.278689	55.7	216	371	0.164420	3.06e-12	acc|GENBANK|WNO13897.1|GENBANK|OQ968270|capsid protein [Berere partitivirus]	Berere partitivirus	Blastx
SRR14574591	NODE_1580_length_340_cov_57.280130	32.7	340	182	0.604396	3.11e-12	acc|REFSEQ|YP_009163818.1|REFSEQ|NC_027778|ORF_057R [Scale drop disease virus]	Scale drop disease virus	Blastx
SRR14574591	NODE_30473_length_428_cov_4.574684	41.4	428	403	0.173697	3.14e-12	acc|GENBANK|AYV82314.1|GENBANK|MK072360|translation initiation factor 4A-III [Homavirus sp.]	Homavirus sp.	Blastx
SRR14574591	NODE_7344_length_1681_cov_3.620146	46.6	1681	85	0.858824	3.18e-12	acc|GENBANK|AYV75195.1|GENBANK|MK071979|putative cytochrome b5 [Terrestrivirus sp.]	Terrestrivirus sp.	Blastx
SRR14574591	NODE_17799_length_388_cov_2.202817	80.5	388	349	0.117479	3.26e-12	acc|GENBANK|ANZ57016.2|GENBANK|KX574341|hypothetical protein [Pike-perch iridovirus]	Pike-perch iridovirus	Blastx
SRR14574591	NODE_12445_length_703_cov_7.767164	37.2	703	120	1.075000	3.27e-12	acc|GENBANK|AGE53600.1|GENBANK|JX997168|multiprotein-bridging factor [Acanthocystis turfacea Chlorella virus GM0701.1]	Acanthocystis turfacea Chlorella virus GM0701.1	Blastx
SRR14574591	NODE_11285_length_832_cov_11.974969	26.3	832	211	0.971564	3.30e-12	acc|REFSEQ|YP_009448950.1|REFSEQ|NC_036594|Synaptobrevin/VAMP-like protein [Orpheovirus IHUMI-LCC2]	Orpheovirus IHUMI-LCC2	Blastx
SRR14574591	NODE_51529_length_432_cov_1.869674	29.7	432	284	0.521127	3.30e-12	acc|GENBANK|AYV83828.1|GENBANK|MK072394|putative ubiquitin carboxyl-terminal hydrolase 2 [Hyperionvirus sp.]	Hyperionvirus sp.	Blastx
SRR14574591	NODE_20661_length_263_cov_1.617391	43.2	263	544	0.161765	3.38e-12	acc|REFSEQ|YP_009483380.1|REFSEQ|NC_037667|Glycosyl hydrolase family 1 protein [Pandoravirus quercus]	Pandoravirus quercus	Blastx
SRR14574591	NODE_21505_length_388_cov_2.408451	36.6	388	1261	0.080095	3.49e-12	acc|GENBANK|ACN78974.1|GENBANK|FJ225394|retrotransposon protein [Glycine max]	Glycine max	Blastx
SRR14574591	NODE_21546_length_244_cov_1.810427	42.3	244	439	0.177677	3.53e-12	acc|GENBANK|AYV86759.1|GENBANK|MK072514|hypothetical protein [Sylvanvirus sp.]	Sylvanvirus sp.	Blastx
SRR14574591	NODE_561_length_845_cov_7.842365	26.3	845	1621	0.149907	3.57e-12	acc|GENBANK|AZL90006.1|GENBANK|MH046811|serine/threonine-protein kinase [Megavirus baoshan]	Megavirus baoshan	Blastx
SRR14574591	NODE_27592_length_373_cov_1.276471	33.9	373	507	0.238659	3.66e-12	acc|GENBANK|ARF09167.1|GENBANK|KY684084|translation initiation factor 4A-III [Catovirus CTV1]	Catovirus CTV1	Blastx
SRR14574591	NODE_2023_length_512_cov_592.002088	30.9	512	406	0.366995	3.83e-12	acc|GENBANK|QBK87310.1|GENBANK|MK500348|chaperone protein [Marseillevirus LCMAC201]	Marseillevirus LCMAC201	Blastx
SRR14574591	NODE_2504_length_858_cov_14.152727	45.7	858	96	0.729167	3.92e-12	acc|GENBANK|QBK88267.1|GENBANK|MK500382|RNA polymerase Rpb3/Rpb11 dimerization domain [Marseillevirus LCMAC202]	Marseillevirus LCMAC202	Blastx
SRR14574591	NODE_2099_length_687_cov_67.200306	33.6	687	283	0.409894	3.93e-12	acc|GENBANK|QKF94519.1|GENBANK|MT418680|zinc finger RING-type protein [Fadolivirus FV1/VV64]	Fadolivirus FV1/VV64	Blastx
SRR14574591	NODE_15350_length_2085_cov_15.437135	35.0	2085	243	0.576132	3.97e-12	acc|GENBANK|QPB44322.1|GENBANK|MW018138|BTB/POZ domain-containing protein [Medusavirus stheno T3]	Medusavirus stheno T3	Blastx
SRR14574591	NODE_51356_length_726_cov_1.519481	33.3	726	507	0.242604	4.01e-12	acc|GENBANK|QHN71152.1|GENBANK|MN812837|cytochrome P450 domain protein [Mollivirus kamchatka]	Mollivirus kamchatka	Blastx
SRR14574591	NODE_48847_length_273_cov_0.975000	39.5	273	925	0.092973	4.06e-12	acc|GENBANK|ABY48139.1|GENBANK|EU306659|NORK [Medicago truncatula]	Medicago truncatula	Blastx
SRR14574591	NODE_46205_length_253_cov_1.063636	41.7	253	482	0.174274	4.06e-12	acc|GENBANK|BBA54297.1|GENBANK|AB898755|gag : akt fusion protein [Feline leukemia virus]	Feline leukemia virus	Blastx
SRR14574591	NODE_19522_length_304_cov_1.228782	43.8	304	600	0.160000	4.23e-12	acc|GENBANK|QDY52168.1|GENBANK|MK250088|thiamine pyrophosphate enzyme, N-terminal TPP [Mimiviridae sp. ChoanoV1]	Mimiviridae sp. ChoanoV1	Blastx
SRR14574591	NODE_11884_length_295_cov_45.217557	42.9	295	265	0.369811	4.31e-12	acc|GENBANK|AAG09811.1|GENBANK|AF275345|MADS-box transcription factor JOINTLESS [Solanum lycopersicum]	Solanum lycopersicum	Blastx
SRR14574591	NODE_21211_length_868_cov_2.736527	30.5	868	621	0.454106	4.33e-12	acc|GENBANK|AAK84478.1|GENBANK|AF275345|unknown [Solanum lycopersicum]	Solanum lycopersicum	Blastx
SRR14574591	NODE_30895_length_389_cov_3.323034	58.8	389	193	0.264249	4.53e-12	acc|REFSEQ|YP_009481299.1|REFSEQ|NC_037665|Histone H2B domain containing protein [Pandoravirus macleodensis]	Pandoravirus macleodensis	Blastx
SRR14574591	NODE_39211_length_215_cov_1.549451	47.9	215	1196	0.059365	4.67e-12	acc|GENBANK|USI00836.1|GENBANK|ON753205|retrotransposon protein [Oryza sativa Japonica Group]	Oryza sativa Japonica Group	Blastx
SRR14574591	NODE_19690_length_239_cov_1.626214	41.3	239	1573	0.050858	4.78e-12	acc|REFSEQ|YP_007354741.1|REFSEQ|NC_020104|serine-threonine kinase [Acanthamoeba polyphaga moumouvirus]	Acanthamoeba polyphaga moumouvirus	Blastx
SRR14574591	NODE_41145_length_225_cov_1.218750	50.8	225	375	0.162667	4.78e-12	acc|GENBANK|QFG74672.1|GENBANK|MN448289|helicase [Megaviridae environmental sample]	Megaviridae environmental sample	Blastx
SRR14574591	NODE_40015_length_219_cov_1.258065	55.1	219	510	0.135294	4.94e-12	acc|GENBANK|WWQ13346.1|GENBANK|OP961547|Integrase-type DNA-binding superfamily protein [Orobanche cernua var. cumana]	Orobanche cernua var. cumana	Blastx
SRR14574591	NODE_40971_length_224_cov_1.837696	55.2	224	896	0.074777	5.25e-12	acc|GENBANK|QCC26837.1|GENBANK|MK532524|RLX_Jeli-encoded protein [Zea mays]	Zea mays	Blastx
SRR14574591	NODE_50586_length_350_cov_1.476341	37.6	350	727	0.149931	5.41e-12	acc|GENBANK|ADB85269.1|GENBANK|GQ252805|putative lectin-like protein kinase [Phyllostachys edulis]	Phyllostachys edulis	Blastx
SRR14574591	NODE_300_length_509_cov_1.890756	43.0	509	462	0.186147	5.59e-12	acc|REFSEQ|YP_010782519.1|REFSEQ|NC_075039|aminotransferase [Tupanvirus soda lake]	Tupanvirus soda lake	Blastx
SRR14574591	NODE_5150_length_222_cov_4.232804	51.9	222	342	0.157895	5.69e-12	acc|GENBANK|AYV78971.1|GENBANK|MK072128|transmembrane protein 184C-like protein [Edafosvirus sp.]	Edafosvirus sp.	Blastx
SRR14574591	NODE_41172_length_225_cov_1.218750	63.5	225	283	0.183746	5.76e-12	acc|GENBANK|CAJ1637517.1|NEIGHBOR|OY730729|serine|threonine protein kinase; probable [Salmon gill poxvirus]	Salmon gill poxvirus	Blastx
SRR14574591	NODE_2284_length_1091_cov_62.245747	32.4	1091	415	0.327711	5.89e-12	acc|GENBANK|AYV79444.1|GENBANK|MK072145|hypothetical protein [Faunusvirus sp.]	Faunusvirus sp.	Blastx
SRR14574591	NODE_30610_length_353_cov_3.875000	47.5	353	173	0.341040	5.91e-12	acc|GENBANK|QBK88367.1|GENBANK|MK500388|ring finger protein [Mimivirus LCMiAC01]	Mimivirus LCMiAC01	Blastx
SRR14574591	NODE_17422_length_395_cov_2.361878	37.1	395	289	0.307958	6.15e-12	acc|GENBANK|QBK88329.1|GENBANK|MK500386|ABC transporter [Marseillevirus LCMAC202]	Marseillevirus LCMAC202	Blastx
SRR14574591	NODE_5117_length_752_cov_2.210014	28.8	752	182	0.895604	6.38e-12	acc|REFSEQ|YP_009163818.1|REFSEQ|NC_027778|ORF_057R [Scale drop disease virus]	Scale drop disease virus	Blastx
SRR14574591	NODE_12268_length_368_cov_2.053731	34.2	368	558	0.209677	6.47e-12	acc|GENBANK|QDY52220.1|GENBANK|MK250089|ABC transporter [Mimiviridae sp. ChoanoV1]	Mimiviridae sp. ChoanoV1	Blastx
SRR14574591	NODE_30728_length_293_cov_1.819231	69.6	293	221	0.208145	6.62e-12	acc|GENBANK|WWU03978.1|GENBANK|OR798672|polyprotein [Flaviviridae sp.]	Flaviviridae sp.	Blastx
SRR14574591	NODE_47840_length_264_cov_2.025974	47.9	264	925	0.076757	6.74e-12	acc|GENBANK|ABY48139.1|GENBANK|EU306659|NORK [Medicago truncatula]	Medicago truncatula	Blastx
SRR14574591	NODE_40061_length_219_cov_1.258065	69.2	219	518	0.100386	6.75e-12	acc|GENBANK|QPI16131.1|GENBANK|MW030532|hypothetical protein [Virus NIOZ-UU157]	Virus NIOZ-UU157	Blastx
SRR14574591	NODE_45390_length_248_cov_1.088372	60.0	248	241	0.228216	6.90e-12	acc|GENBANK|AYV79183.1|GENBANK|MK072135|hypothetical protein [Faunusvirus sp.]	Faunusvirus sp.	Blastx
SRR14574591	NODE_42579_length_232_cov_1.175879	43.8	232	121	0.603306	7.47e-12	acc|GENBANK|UNJ46594.1|GENBANK|OM135585|yippee [Drosophila melanogaster]	Drosophila melanogaster	Blastx
SRR14574591	NODE_12968_length_1083_cov_18.290476	32.1	1083	264	0.708333	7.53e-12	acc|GENBANK|AYV84451.1|GENBANK|MK072408|CS-domain-containing protein [Hyperionvirus sp.]	Hyperionvirus sp.	Blastx
SRR14574591	NODE_27228_length_249_cov_1.467593	58.2	249	160	0.343750	7.70e-12	acc|GENBANK|QKF94153.1|GENBANK|MT418680|cyclophilin-type peptidyl-prolyl cis-trans [Fadolivirus FV1/VV64]	Fadolivirus FV1/VV64	Blastx
SRR14574591	NODE_899_length_481_cov_8.651786	48.3	481	335	0.259701	7.72e-12	acc|GENBANK|ABY48132.1|GENBANK|EU306659|GH1 protein [Medicago truncatula]	Medicago truncatula	Blastx
SRR14574591	NODE_13823_length_2284_cov_24.511328	26.8	2284	425	0.632941	7.79e-12	acc|GENBANK|QBZ81271.1|GENBANK|MK174290|Cystathionine beta-lyase/cystathionine [Pandoravirus celtis]	Pandoravirus celtis	Blastx
SRR14574591	NODE_50349_length_330_cov_3.424242	68.1	330	337	0.139466	8.06e-12	acc|GENBANK|ABH08433.1|GENBANK|DQ851167|putative heat shock factor [Beta vulgaris]	Beta vulgaris	Blastx
SRR14574591	NODE_13874_length_1842_cov_19.259812	35.2	1842	261	0.555556	8.24e-12	acc|GENBANK|AYV86979.1|GENBANK|MK072522|hypothetical protein [Sylvanvirus sp.]	Sylvanvirus sp.	Blastx
SRR14574591	NODE_24677_length_641_cov_1.555921	26.6	641	337	0.456973	8.32e-12	acc|GENBANK|AYV76266.1|GENBANK|MK071983|ubiquitin carboxyl-terminal hydrolase 2 [Terrestrivirus sp.]	Terrestrivirus sp.	Blastx
SRR14574591	NODE_49632_length_285_cov_1.392857	43.6	285	559	0.180680	8.56e-12	acc|GENBANK|AYV76247.1|GENBANK|MK071983|xaa-Pro dipeptidase-like protein [Terrestrivirus sp.]	Terrestrivirus sp.	Blastx
SRR14574591	NODE_8381_length_238_cov_1.702439	58.7	238	643	0.097978	8.68e-12	acc|GENBANK|WZO91043.1|GENBANK|PP681903|calcium-transporting ATPase, plasma [Chlorovirus sp.]	Chlorovirus sp.	Blastx
SRR14574591	NODE_46329_length_254_cov_1.058824	42.4	254	148	0.574324	8.83e-12	acc|GENBANK|AAF69810.1|GENBANK|AF180926|pol protein [Picea abies]	Picea abies	Blastx
SRR14574591	NODE_50119_length_313_cov_1.653571	36.6	313	674	0.121662	8.89e-12	acc|GENBANK|UZT28900.1|GENBANK|OP765507|ATP-dependent zinc metalloprotease [Nucleocytoviricota sp.]	Nucleocytoviricota sp.	Blastx
SRR14574591	NODE_524_length_2116_cov_9.815170	25.5	2116	420	0.680952	8.91e-12	acc|GENBANK|WAK75645.1|NEIGHBOR|ON812163|hypothetical protein [Kaisodi virus]	Kaisodi virus	Blastx
SRR14574591	NODE_6772_length_596_cov_2.488455	37.5	596	482	0.199170	8.99e-12	acc|GENBANK|BBA54297.1|GENBANK|AB898755|gag : akt fusion protein [Feline leukemia virus]	Feline leukemia virus	Blastx
SRR14574591	NODE_11058_length_795_cov_7.971129	23.0	795	575	0.514783	9.03e-12	acc|GENBANK|CAE02704.1|GENBANK|AJ575660|putative sugar transporter [Yarrowia lipolytica]	Yarrowia lipolytica	Blastx
SRR14574591	NODE_7157_length_1062_cov_3.252672	34.2	1062	186	0.817204	9.20e-12	acc|GENBANK|QYA18555.1|GENBANK|MZ420154|3'-5' exoribonuclease [Clandestinovirus]	Clandestinovirus	Blastx
SRR14574591	NODE_48369_length_269_cov_0.991525	43.8	269	566	0.128975	9.33e-12	acc|GENBANK|QBK89567.1|GENBANK|MK500428|phosphatidylinositol-specific phospholipase C [Pithovirus LCPAC001]	Pithovirus LCPAC001	Blastx
SRR14574591	NODE_396_length_887_cov_19.798595	29.8	887	202	0.846535	9.43e-12	acc|GENBANK|CCQ71376.1|GENBANK|HF586479|hypothetical peptidase PPPDE-like [Cotesia congregata]	Cotesia congregata	Blastx
SRR14574591	NODE_36056_length_200_cov_1.401198	56.6	200	498	0.106426	9.45e-12	acc|GENBANK|XHA59766.1|GENBANK|OR863077|thermosome [Poseidoniales virus]	Poseidoniales virus	Blastx
SRR14574591	NODE_48244_length_267_cov_1.000000	68.2	267	1384	0.031792	9.71e-12	acc|GENBANK|AEE09607.1|GENBANK|HQ009558|putative DNA helicase [Cotesia vestalis bracovirus]	Cotesia vestalis bracovirus	Blastx
SRR14574591	NODE_41685_length_228_cov_1.235897	46.3	228	152	0.526316	9.99e-12	acc|GENBANK|WZH59499.1|GENBANK|PP172662|hypothetical protein [Ripabrut virus]	Ripabrut virus	Blastx
SRR14574591	NODE_27300_length_378_cov_2.423188	33.9	378	585	0.191453	1.02e-11	acc|GENBANK|SPN79811.1|GENBANK|LT994651|ABC2 type transporter superfamily protein [Brazilian cedratvirus IHUMI]	Brazilian cedratvirus IHUMI	Blastx
SRR14574591	NODE_49304_length_277_cov_1.918033	41.5	277	495	0.165657	1.03e-11	acc|GENBANK|XKM46480.1|GENBANK|PQ442261|hypothetical protein [Micromonas commoda virus 20T]	Micromonas commoda virus 20T	Blastx
SRR14574591	NODE_1458_length_466_cov_21.210162	46.0	466	363	0.239669	1.05e-11	acc|GENBANK|AYV86762.1|GENBANK|MK072514|GDP-D-mannose-3',5'-epimerase [Sylvanvirus sp.]	Sylvanvirus sp.	Blastx
SRR14574591	NODE_28251_length_386_cov_1.509915	41.8	386	478	0.230126	1.05e-11	acc|GENBANK|QBK86272.1|GENBANK|MK500334|cyclin-dependent protein kinase [Marseillevirus LCMAC102]	Marseillevirus LCMAC102	Blastx
SRR14574591	NODE_24457_length_205_cov_6.651163	45.6	205	1516	0.044855	1.05e-11	acc|GENBANK|USH99796.1|GENBANK|ON752166|putative Ty3-gypsy subclass retrotransposon [Oryza sativa Japonica Group]	Oryza sativa Japonica Group	Blastx
SRR14574591	NODE_30586_length_205_cov_5.505814	45.6	205	1516	0.044855	1.05e-11	acc|GENBANK|USH99796.1|GENBANK|ON752166|putative Ty3-gypsy subclass retrotransposon [Oryza sativa Japonica Group]	Oryza sativa Japonica Group	Blastx
SRR14574591	NODE_11359_length_1164_cov_8.457118	39.4	1164	276	0.376812	1.08e-11	acc|GENBANK|ABV29330.1|GENBANK|EU126948|truncated bromodomain-containing protein 2b [Danio rerio]	Danio rerio	Blastx
SRR14574591	NODE_37895_length_209_cov_1.437500	45.7	209	1273	0.054988	1.10e-11	acc|GENBANK|QBK88617.1|GENBANK|MK500393|DNA polymerase family B elongation subunit [Mimivirus LCMiAC01]	Mimivirus LCMiAC01	Blastx
SRR14574591	NODE_21727_length_362_cov_1.641337	44.3	362	520	0.151923	1.11e-11	acc|GENBANK|APO14197.1|GENBANK|KX098475|truncated DELLA protein [Setaria italica]	Setaria italica	Blastx
SRR14574591	NODE_9636_length_1028_cov_4.567839	25.9	1028	261	1.019157	1.13e-11	acc|GENBANK|AYV79236.1|GENBANK|MK072137|serine/threonine protein phosphatase [Faunusvirus sp.]	Faunusvirus sp.	Blastx
SRR14574591	NODE_16816_length_438_cov_1.708642	32.1	438	368	0.372283	1.13e-11	acc|GENBANK|QFG73671.1|GENBANK|MN448266|peptidase family M20/M25/M40 [Megaviridae environmental sample]	Megaviridae environmental sample	Blastx
SRR14574591	NODE_27844_length_212_cov_1.620112	54.0	212	693	0.090909	1.13e-11	acc|GENBANK|AYV80689.1|GENBANK|MK072246|valine--tRNA ligase [Harvfovirus sp.]	Harvfovirus sp.	Blastx
SRR14574591	NODE_24766_length_215_cov_1.126374	47.1	215	478	0.146444	1.16e-11	acc|GENBANK|AAK84479.1|GENBANK|AF275345|putative auxin growth promotor protein [Solanum lycopersicum]	Solanum lycopersicum	Blastx
SRR14574591	NODE_436_length_704_cov_8.192250	32.1	704	549	0.351548	1.18e-11	acc|GENBANK|WGU26819.1|GENBANK|OQ503488|BTB/POZ domain-containing protein [Triticum monococcum]	Triticum monococcum	Blastx
SRR14574591	NODE_17473_length_361_cov_1.402439	39.3	361	870	0.134483	1.18e-11	acc|GENBANK|AGE58933.1|GENBANK|JX997183|calcium-transporting ATPase, plasma [Paramecium bursaria Chlorella virus NYs1]	Paramecium bursaria Chlorella virus NYs1	Blastx
SRR14574591	NODE_41696_length_228_cov_1.200000	57.4	228	144	0.423611	1.20e-11	acc|GENBANK|WZH61589.1|GENBANK|PP173858|putative capsid protein [Sonafor virus]	Sonafor virus	Blastx
SRR14574591	NODE_50059_length_309_cov_3.735507	45.9	309	1516	0.040237	1.22e-11	acc|GENBANK|USH99796.1|GENBANK|ON752166|putative Ty3-gypsy subclass retrotransposon [Oryza sativa Japonica Group]	Oryza sativa Japonica Group	Blastx
SRR14574591	NODE_24589_length_265_cov_1.668103	41.9	265	544	0.158088	1.22e-11	acc|REFSEQ|YP_009483380.1|REFSEQ|NC_037667|Glycosyl hydrolase family 1 protein [Pandoravirus quercus]	Pandoravirus quercus	Blastx
SRR14574591	NODE_49653_length_286_cov_1.387352	33.8	286	1618	0.049444	1.23e-11	acc|GENBANK|QGR54286.1|GENBANK|MK978772|serine/threonine protein kinase [Moumouvirus maliensis]	Moumouvirus maliensis	Blastx
SRR14574591	NODE_44853_length_245_cov_1.103774	58.2	245	471	0.116773	1.26e-11	acc|GENBANK|AFV13457.1|GENBANK|JQ314445|UDPG-flavonoid 3-O-glucosyl transferase [Tripsacum dactyloides]	Tripsacum dactyloides	Blastx
SRR14574591	NODE_42088_length_230_cov_1.187817	48.6	230	378	0.190476	1.29e-11	acc|GENBANK|ACN72775.1|GENBANK|FJ791046|delta-12 oleate desaturase [Helianthus annuus]	Helianthus annuus	Blastx
SRR14574591	NODE_13796_length_316_cov_77.989399	33.3	316	182	0.576923	1.29e-11	acc|REFSEQ|YP_009163818.1|REFSEQ|NC_027778|ORF_057R [Scale drop disease virus]	Scale drop disease virus	Blastx
SRR14574591	NODE_16501_length_227_cov_1.175258	49.3	227	637	0.114600	1.38e-11	acc|GENBANK|QBK87831.1|GENBANK|MK500370|Hsp70 protein [Marseillevirus LCMAC202]	Marseillevirus LCMAC202	Blastx
SRR14574591	NODE_5635_length_583_cov_3.369091	28.3	583	429	0.403263	1.40e-11	acc|GENBANK|AYV85229.1|GENBANK|MK072443|putative protein unc-93-like protein [Satyrvirus sp.]	Satyrvirus sp.	Blastx
SRR14574591	NODE_18307_length_251_cov_1.463303	44.6	251	804	0.103234	1.40e-11	acc|GENBANK|WZO86892.1|GENBANK|PP681893|calcium-transporting ATPase, plasma [Chlorovirus sp.]	Chlorovirus sp.	Blastx
SRR14574591	NODE_41104_length_225_cov_1.218750	41.0	225	1080	0.072222	1.40e-11	acc|GENBANK|AAP74647.1|GENBANK|AH012974|Lr21 [Aegilops tauschii]	Aegilops tauschii	Blastx
SRR14574591	NODE_7898_length_428_cov_3.926582	64.1	428	144	0.444444	1.40e-11	acc|GENBANK|AAH74588.1|GENBANK|BC074588|intracisternal A particle-promoted polypeptide [Xenopus tropicalis]	Xenopus tropicalis	Blastx
SRR14574591	NODE_36970_length_204_cov_1.222222	53.8	204	522	0.124521	1.41e-11	acc|GENBANK|QFG73741.1|GENBANK|MN448270|asparagine synthase [Megaviridae environmental sample]	Megaviridae environmental sample	Blastx
SRR14574591	NODE_29739_length_293_cov_1.200000	93.8	293	117	0.273504	1.42e-11	acc|GENBANK|QDH76138.1|GENBANK|MK948413|putative gag protein [Porcine endogenous retrovirus]	Porcine endogenous retrovirus	Blastx
SRR14574591	NODE_51276_length_494_cov_1.520607	44.0	494	201	0.452736	1.43e-11	acc|GENBANK|ABA08420.1|GENBANK|DQ186881|reverse transcriptase [Zea mays]	Zea mays	Blastx
SRR14574591	NODE_17849_length_236_cov_1.103448	44.9	236	406	0.169951	1.46e-11	acc|GENBANK|QBK87310.1|GENBANK|MK500348|chaperone protein [Marseillevirus LCMAC201]	Marseillevirus LCMAC201	Blastx
SRR14574591	NODE_12374_length_631_cov_16.324415	26.2	631	343	0.556851	1.51e-11	acc|GENBANK|AYV82043.1|GENBANK|MK072335|lysophospholipid acyltransferase [Homavirus sp.]	Homavirus sp.	Blastx
SRR14574591	NODE_30834_length_233_cov_2.810000	50.6	233	1044	0.073755	1.52e-11	acc|GENBANK|BAC54898.1|GENBANK|AB083008|supressor of Ty element 16 [Drosophila melanogaster]	Drosophila melanogaster	Blastx
SRR14574591	NODE_50046_length_308_cov_1.065455	41.2	308	678	0.125369	1.54e-11	acc|GENBANK|CCQ71325.1|GENBANK|HF586476|hypothetical kinesin-like protein KIF3 [Cotesia congregata]	Cotesia congregata	Blastx
SRR14574591	NODE_9451_length_635_cov_12.101329	29.0	635	200	0.845000	1.58e-11	acc|GENBANK|AYV78027.1|GENBANK|MK072069|dolichyldiphosphatase [Edafosvirus sp.]	Edafosvirus sp.	Blastx
SRR14574591	NODE_30676_length_348_cov_3.082540	40.2	348	214	0.383178	1.61e-11	acc|GENBANK|QKF93760.1|GENBANK|MT418680|alpha-ketoglutarate-dependent dioxygenase [Fadolivirus FV1/VV64]	Fadolivirus FV1/VV64	Blastx
SRR14574591	NODE_50009_length_306_cov_1.142857	35.1	306	4062	0.023880	1.64e-11	acc|GENBANK|QOR60750.1|GENBANK|MK522039|hypothetical protein [Bathycoccus sp. RCC716 virus 3]	Bathycoccus sp. RCC716 virus 3	Blastx
SRR14574591	NODE_25887_length_224_cov_4.235602	53.8	224	228	0.228070	1.64e-11	acc|GENBANK|USH99968.1|GENBANK|ON752338|putative Ty1-copia subclass retrotransposon [Oryza sativa Japonica Group]	Oryza sativa Japonica Group	Blastx
SRR14574591	NODE_10092_length_922_cov_3.973003	28.3	922	985	0.168528	1.66e-11	acc|GENBANK|AYV75657.1|GENBANK|MK071980|ubiquitin-activating enzyme E1 [Terrestrivirus sp.]	Terrestrivirus sp.	Blastx
SRR14574591	NODE_5601_length_902_cov_2.504028	30.9	902	310	0.583871	1.66e-11	acc|GENBANK|AUF82638.1|GENBANK|KY322437|subtilase family protein [Tetraselmis virus 1]	Tetraselmis virus 1	Blastx
SRR14574591	NODE_47400_length_261_cov_0.969298	40.8	261	1589	0.047829	1.68e-11	acc|REFSEQ|YP_010780309.1|REFSEQ|NC_075038|NcpA [Tupanvirus deep ocean]	Tupanvirus deep ocean	Blastx
SRR14574591	NODE_40608_length_222_cov_1.238095	46.6	222	421	0.173397	1.74e-11	acc|GENBANK|AGP03657.1|GENBANK|KF220834|integrase-type DNA-binding superfamily protein [Glycine max]	Glycine max	Blastx
SRR14574591	NODE_37409_length_206_cov_1.352601	46.8	206	373	0.166220	1.75e-11	acc|GENBANK|ARF09383.1|GENBANK|KY684085|ADP-ribosylglycohydrolase [Indivirus ILV1]	Indivirus ILV1	Blastx
SRR14574591	NODE_7404_length_387_cov_2.618644	40.2	387	311	0.279743	1.80e-11	acc|GENBANK|AYV82542.1|GENBANK|MK072383|SDR family NAD(P)-dependent oxidoreductase [Hyperionvirus sp.]	Hyperionvirus sp.	Blastx
SRR14574591	NODE_11368_length_1560_cov_8.933202	24.0	1560	539	0.897959	1.82e-11	acc|GENBANK|QDY52400.1|GENBANK|MK250091|aldehyde dehydrogenase family protein [Mimiviridae sp. ChoanoV1]	Mimiviridae sp. ChoanoV1	Blastx
SRR14574591	NODE_40172_length_220_cov_1.251337	72.9	220	325	0.147692	1.84e-11	acc|GENBANK|QDH91349.1|GENBANK|MN036178|hypothetical protein [Partitiviridae sp.]	Partitiviridae sp.	Blastx
SRR14574591	NODE_21618_length_228_cov_1.466667	42.5	228	411	0.177616	1.86e-11	acc|GENBANK|QDY51866.1|GENBANK|MK250085|hypothetical protein [Mimiviridae sp. ChoanoV1]	Mimiviridae sp. ChoanoV1	Blastx
SRR14574591	NODE_9772_length_738_cov_6.381560	26.6	738	467	0.531049	1.87e-11	acc|GENBANK|API81738.1|NEIGHBOR|KU052222|hypothetical protein [Cafeteriavirus-dependent mavirus]	Cafeteriavirus-dependent mavirus	Blastx
SRR14574591	NODE_19953_length_343_cov_1.377419	44.9	343	355	0.194366	1.88e-11	acc|GENBANK|WRJ69891.1|GENBANK|OR001839|alpha-galactosidase [Oceanusvirus sp.]	Oceanusvirus sp.	Blastx
SRR14574591	NODE_5113_length_792_cov_5.442688	43.2	792	370	0.237838	1.97e-11	acc|GENBANK|AOW44036.1|GENBANK|KU888703|GAG [Mirabilis jalapa]	Mirabilis jalapa	Blastx
SRR14574591	NODE_37228_length_206_cov_1.352601	48.4	206	1367	0.046818	1.97e-11	acc|GENBANK|CAX83703.1|GENBANK|FN356214|Gag-Pol polyprotein [Schistosoma japonicum]	Schistosoma japonicum	Blastx
SRR14574591	NODE_42915_length_234_cov_1.164179	44.6	234	395	0.187342	1.98e-11	acc|GENBANK|AYV79137.1|GENBANK|MK072134|serine/threonine protein kinase [Faunusvirus sp.]	Faunusvirus sp.	Blastx
SRR14574591	NODE_41668_length_228_cov_1.200000	67.4	228	760	0.056579	1.98e-11	acc|GENBANK|QFG74349.1|GENBANK|MN448286|Hsp90 protein [Megaviridae environmental sample]	Megaviridae environmental sample	Blastx
SRR14574591	NODE_4279_length_402_cov_2.070461	67.7	402	213	0.291080	2.00e-11	acc|GENBANK|AAK76585.1|GENBANK|AY045911|putative copia retroelement pol polyprotein [Arabidopsis thaliana]	Arabidopsis thaliana	Blastx
SRR14574591	NODE_27074_length_207_cov_1.821839	44.4	207	495	0.127273	2.00e-11	acc|GENBANK|AAT76520.1|GENBANK|AY661428|putative reverse transcriptase-RNaseH-integrase [Moniliophthora perniciosa]	Moniliophthora perniciosa	Blastx
SRR14574591	NODE_24090_length_777_cov_1.629032	30.7	777	335	0.456716	2.01e-11	acc|GENBANK|AYV75284.1|GENBANK|MK071979|class I SAM-dependent methyltransferase [Terrestrivirus sp.]	Terrestrivirus sp.	Blastx
SRR14574591	NODE_21562_length_532_cov_1.995992	27.8	532	278	0.543165	2.06e-11	acc|GENBANK|AYV76390.1|GENBANK|MK071984|mitochondrial carrier [Terrestrivirus sp.]	Terrestrivirus sp.	Blastx
SRR14574591	NODE_31302_length_1054_cov_3.043095	27.6	1054	279	0.727599	2.09e-11	acc|REFSEQ|YP_010086806.1|REFSEQ|NC_055482|putative protein P31 [Pistachio ampelovirus A]	Pistachio ampelovirus A	Blastx
SRR14574591	NODE_51510_length_436_cov_1.441687	31.0	436	2037	0.069710	2.10e-11	acc|GENBANK|ABG37663.1|GENBANK|DQ536170|CCHC-type integrase [Populus trichocarpa]	Populus trichocarpa	Blastx
SRR14574591	NODE_30370_length_1784_cov_16.462593	31.1	1784	608	0.300987	2.11e-11	acc|GENBANK|AYV87106.1|GENBANK|MK072531|phospholipase [Sylvanvirus sp.]	Sylvanvirus sp.	Blastx
SRR14574591	NODE_9039_length_319_cov_6.513986	43.8	319	264	0.276515	2.11e-11	acc|REFSEQ|NP_064803.1|REFSEQ|NC_002520|inhibitor of apoptosis protein [Betaentomopoxvirus amoorei]	Betaentomopoxvirus amoorei	Blastx
SRR14574591	NODE_5127_length_606_cov_4.823735	50.0	606	394	0.157360	2.13e-11	acc|REFSEQ|YP_009506832.1|REFSEQ|NC_038511|eukaryotic peptide chain release factor [Tunisvirus fontaine2]	Tunisvirus fontaine2	Blastx
SRR14574591	NODE_20020_length_561_cov_2.176136	29.0	561	4238	0.043181	2.22e-11	acc|GENBANK|QOR60370.1|GENBANK|MK522038|hypothetical protein [Bathycoccus sp. RCC716 virus 2]	Bathycoccus sp. RCC716 virus 2	Blastx
SRR14574591	NODE_45048_length_246_cov_1.098592	51.4	246	379	0.195251	2.25e-11	acc|GENBANK|ADB85364.1|GENBANK|GQ252868|putative alcohol dehydrogenase 2 [Phyllostachys edulis]	Phyllostachys edulis	Blastx
SRR14574591	NODE_12294_length_799_cov_7.398172	32.0	799	124	0.983871	2.27e-11	acc|GENBANK|QRM13562.1|NEIGHBOR|MW142017|hypothetical protein [Fowlpox virus]	Fowlpox virus	Blastx
SRR14574591	NODE_14973_length_393_cov_69.344444	39.8	393	91	0.912088	2.27e-11	acc|GENBANK|AYV76651.1|GENBANK|MK071988|putative acyl-CoA-binding protein [Terrestrivirus sp.]	Terrestrivirus sp.	Blastx
SRR14574591	NODE_47640_length_263_cov_1.017391	39.1	263	2037	0.045164	2.31e-11	acc|GENBANK|ABG37663.1|GENBANK|DQ536170|CCHC-type integrase [Populus trichocarpa]	Populus trichocarpa	Blastx
SRR14574591	NODE_27087_length_241_cov_1.524038	47.5	241	706	0.113314	2.31e-11	acc|GENBANK|WGU26822.1|GENBANK|OQ503488|OPT oligopeptide transporter protein [Triticum monococcum]	Triticum monococcum	Blastx
SRR14574591	NODE_44504_length_243_cov_1.114286	40.5	243	625	0.126400	2.39e-11	acc|GENBANK|BFT93250.1|GENBANK|LC847964|replication factor C large subunit [Medusavirus sp. 'euryale']	Medusavirus sp. 'euryale'	Blastx
SRR14574591	NODE_21227_length_520_cov_2.408624	35.0	520	727	0.220083	2.41e-11	acc|GENBANK|ADB85269.1|GENBANK|GQ252805|putative lectin-like protein kinase [Phyllostachys edulis]	Phyllostachys edulis	Blastx
SRR14574591	NODE_45158_length_247_cov_1.093458	58.5	247	520	0.101923	2.46e-11	acc|GENBANK|APO14197.1|GENBANK|KX098475|truncated DELLA protein [Setaria italica]	Setaria italica	Blastx
SRR14574591	NODE_42451_length_232_cov_1.175879	44.9	232	364	0.214286	2.46e-11	acc|GENBANK|ADB85405.1|GENBANK|GQ252886|putative protein kinase [Phyllostachys edulis]	Phyllostachys edulis	Blastx
SRR14574591	NODE_41187_length_225_cov_1.218750	42.9	225	525	0.133333	2.55e-11	acc|GENBANK|ACG45577.1|GENBANK|EU973459|retrotransposon protein [Zea mays]	Zea mays	Blastx
SRR14574591	NODE_51250_length_478_cov_1.577528	27.4	478	135	1.000000	2.58e-11	acc|GENBANK|QBK87277.1|GENBANK|MK500347|NifU-like protein [Marseillevirus LCMAC201]	Marseillevirus LCMAC201	Blastx
SRR14574591	NODE_41142_length_225_cov_2.437500	37.5	225	836	0.086124	2.60e-11	acc|GENBANK|AYV84014.1|GENBANK|MK072397|aminopeptidase 1 [Hyperionvirus sp.]	Hyperionvirus sp.	Blastx
SRR14574591	NODE_8091_length_290_cov_2.988327	72.5	290	385	0.103896	2.80e-11	acc|GENBANK|UUT40455.1|GENBANK|ON887238|hypothetical protein [carnivorous sponge associated iridovirus]	carnivorous sponge associated iridovirus	Blastx
SRR14574591	NODE_7479_length_483_cov_4.773333	43.4	483	207	0.400966	2.83e-11	acc|GENBANK|WZO80843.1|GENBANK|PP681876|thylakoid formation protein [Chlorovirus sp.]	Chlorovirus sp.	Blastx
SRR14574591	NODE_45022_length_246_cov_2.004695	62.7	246	177	0.288136	2.84e-11	acc|GENBANK|SPN79317.1|GENBANK|LT994651|Hypothetical protein [Brazilian cedratvirus IHUMI]	Brazilian cedratvirus IHUMI	Blastx
SRR14574591	NODE_26555_length_362_cov_1.869301	35.7	362	549	0.204007	2.85e-11	acc|GENBANK|WGU26815.1|GENBANK|OQ503488|pentatricopeptide repeat-containing protein [Triticum monococcum]	Triticum monococcum	Blastx
SRR14574591	NODE_27240_length_288_cov_7.521569	39.4	288	482	0.195021	3.04e-11	acc|GENBANK|BBA54297.1|GENBANK|AB898755|gag : akt fusion protein [Feline leukemia virus]	Feline leukemia virus	Blastx
SRR14574591	NODE_7707_length_730_cov_4.269727	39.5	730	925	0.123243	3.05e-11	acc|GENBANK|ABY48139.1|GENBANK|EU306659|NORK [Medicago truncatula]	Medicago truncatula	Blastx
SRR14574591	NODE_8952_length_382_cov_3.011461	36.7	382	304	0.394737	3.07e-11	acc|GENBANK|BFT93184.1|GENBANK|LC847964|nudix hydrolase [Medusavirus sp. 'euryale']	Medusavirus sp. 'euryale'	Blastx
SRR14574591	NODE_12748_length_1372_cov_60.198656	28.7	1372	189	1.031746	3.12e-11	acc|REFSEQ|YP_009174709.1|REFSEQ|NC_028112|hypothetical protein [Yellowstone lake phycodnavirus 1]	Yellowstone lake phycodnavirus 1	Blastx
SRR14574591	NODE_36117_length_200_cov_1.401198	61.4	200	518	0.110039	3.30e-11	acc|GENBANK|QPI16131.1|GENBANK|MW030532|hypothetical protein [Virus NIOZ-UU157]	Virus NIOZ-UU157	Blastx
SRR14574591	NODE_14567_length_1371_cov_10.890882	28.0	1371	600	0.321667	3.40e-11	acc|REFSEQ|YP_010781150.1|REFSEQ|NC_075038|hypothetical protein [Tupanvirus deep ocean]	Tupanvirus deep ocean	Blastx
SRR14574591	NODE_3162_length_929_cov_64.784598	28.4	929	212	1.028302	3.44e-11	acc|GENBANK|AYV79923.1|GENBANK|MK072200|superoxide dismutase [Gaeavirus sp.]	Gaeavirus sp.	Blastx
SRR14574591	NODE_45706_length_250_cov_1.078341	41.8	250	459	0.172113	3.45e-11	acc|GENBANK|BBI30359.1|GENBANK|AP018495|beta-galactosidase [Acanthamoeba castellanii medusavirus J1]	Acanthamoeba castellanii medusavirus J1	Blastx
SRR14574591	NODE_12973_length_600_cov_128.802469	47.2	600	168	0.315476	3.62e-11	acc|GENBANK|AYV79707.1|GENBANK|MK072171|RING finger domain protein [Faunusvirus sp.]	Faunusvirus sp.	Blastx
SRR14574591	NODE_13744_length_708_cov_3.471111	30.3	708	448	0.294643	3.69e-11	acc|GENBANK|QQV29731.1|GENBANK|MT334784|hypothetical protein [Kaumoebavirus]	Kaumoebavirus	Blastx
SRR14574591	NODE_24864_length_379_cov_1.239884	38.0	379	925	0.108108	3.69e-11	acc|GENBANK|ABY48139.1|GENBANK|EU306659|NORK [Medicago truncatula]	Medicago truncatula	Blastx
SRR14574591	NODE_45784_length_250_cov_1.078341	52.0	250	214	0.233645	3.77e-11	acc|GENBANK|QBK88040.1|GENBANK|MK500373|resolvase [Marseillevirus LCMAC202]	Marseillevirus LCMAC202	Blastx
SRR14574591	NODE_21508_length_449_cov_1.033654	36.3	449	289	0.352941	3.87e-11	acc|GENBANK|QBK88329.1|GENBANK|MK500386|ABC transporter [Marseillevirus LCMAC202]	Marseillevirus LCMAC202	Blastx
SRR14574591	NODE_42009_length_230_cov_1.187817	67.3	230	212	0.259434	3.93e-11	acc|GENBANK|ADB85264.1|GENBANK|GQ252803|hypothetical protein [Phyllostachys edulis]	Phyllostachys edulis	Blastx
SRR14574591	NODE_43751_length_239_cov_1.135922	41.9	239	310	0.277419	4.10e-11	acc|GENBANK|QIH04852.1|GENBANK|MK867691|hypothetical protein [Dasineura jujubifolia toursvirus 2a]	Dasineura jujubifolia toursvirus 2a	Blastx
SRR14574591	NODE_47505_length_262_cov_1.021834	53.1	262	618	0.103560	4.13e-11	acc|GENBANK|QKF93461.1|GENBANK|MT418680|GMP synthetase glutamine amidotransferase and [Fadolivirus FV1/VV64]	Fadolivirus FV1/VV64	Blastx
SRR14574591	NODE_17529_length_224_cov_2.403141	51.5	224	222	0.306306	4.16e-11	acc|GENBANK|QBK88168.1|GENBANK|MK500377|RNA recognition motif protein [Marseillevirus LCMAC202]	Marseillevirus LCMAC202	Blastx
SRR14574591	NODE_14968_length_2456_cov_7.635576	36.0	2456	131	0.763359	4.20e-11	acc|GENBANK|UOG94122.1|NEIGHBOR|OM876856|hypothetical protein [Aureococcus anophagefferens virus]	Aureococcus anophagefferens virus	Blastx
SRR14574591	NODE_4672_length_319_cov_3.569930	30.8	319	211	0.507109	4.20e-11	acc|GENBANK|QBK86456.1|GENBANK|MK500334|DNA-directed RNA polymerase subunit 5 [Marseillevirus LCMAC102]	Marseillevirus LCMAC102	Blastx
SRR14574591	NODE_42948_length_234_cov_1.159204	70.8	234	119	0.403361	4.20e-11	acc|GENBANK|ADY76686.1|NEIGHBOR|HM133903|PP1 [Orf virus]	Orf virus	Blastx
SRR14574591	NODE_5330_length_427_cov_2.794416	62.0	427	183	0.273224	4.25e-11	acc|REFSEQ|YP_009465880.1|REFSEQ|NC_037057|hypothetical protein [Dishui lake phycodnavirus 1]	Dishui lake phycodnavirus 1	Blastx
SRR14574591	NODE_48284_length_268_cov_1.693617	46.9	268	234	0.273504	4.36e-11	acc|GENBANK|BDT63268.1|GENBANK|LC738882|hypothetical protein [Hemigrapsus takanoi nimavirus]	Hemigrapsus takanoi nimavirus	Blastx
SRR14574591	NODE_26477_length_296_cov_2.026616	60.8	296	242	0.210744	4.75e-11	acc|GENBANK|AGU70135.1|GENBANK|KF270089|integrase-type DNA-binding superfamily protein [Tarenaya hassleriana]	Tarenaya hassleriana	Blastx
SRR14574591	NODE_41134_length_225_cov_1.218750	50.7	225	588	0.124150	4.79e-11	acc|GENBANK|QOI90522.1|GENBANK|MT663539|hypothetical protein [Pyramimonas orientalis virus]	Pyramimonas orientalis virus	Blastx
SRR14574591	NODE_27715_length_762_cov_6.310014	35.6	762	760	0.177632	4.89e-11	acc|GENBANK|ADX05829.1|GENBANK|HQ704802|putative superfamily II DEAD-like family [Organic Lake phycodnavirus 1]	Organic Lake phycodnavirus 1	Blastx
SRR14574591	NODE_11867_length_306_cov_37.249084	48.4	306	498	0.128514	5.20e-11	acc|GENBANK|XHA59766.1|GENBANK|OR863077|thermosome [Poseidoniales virus]	Poseidoniales virus	Blastx
SRR14574591	NODE_22334_length_641_cov_3.264803	32.1	641	919	0.182807	5.21e-11	acc|GENBANK|AYV75146.1|GENBANK|MK071979|plasma membrane ATPase [Terrestrivirus sp.]	Terrestrivirus sp.	Blastx
SRR14574591	NODE_51172_length_447_cov_2.260870	27.2	447	524	0.301527	5.25e-11	acc|GENBANK|ADJ57459.1|GENBANK|HM214799|CYP6G1 [Drosophila melanogaster]	Drosophila melanogaster	Blastx
SRR14574591	NODE_7329_length_762_cov_4.097394	27.3	762	362	0.535912	5.42e-11	acc|GENBANK|WZO85346.1|GENBANK|PP681889|D-lactate dehydrogenase [Chlorovirus sp.]	Chlorovirus sp.	Blastx
SRR14574591	NODE_40397_length_221_cov_1.244681	44.4	221	220	0.327273	5.45e-11	acc|GENBANK|AYV75166.1|GENBANK|MK071979|hypoxanthine-guanine phosphoribosyltransferase [Terrestrivirus sp.]	Terrestrivirus sp.	Blastx
SRR14574591	NODE_8110_length_908_cov_6.742857	35.8	908	592	0.207770	5.55e-11	acc|GENBANK|CAK7596702.1|GENBANK|OZ003748|Tryptophan-tRNA ligase [Catovirus sp. 'naegleriensis']	Catovirus sp. 'naegleriensis'	Blastx
SRR14574591	NODE_1935_length_948_cov_704.066667	41.2	948	289	0.352941	5.62e-11	acc|GENBANK|AYV78214.1|GENBANK|MK072072|eukaryotic translation initiation factor 4G [Edafosvirus sp.]	Edafosvirus sp.	Blastx
SRR14574591	NODE_45687_length_250_cov_1.078341	43.5	250	285	0.298246	5.65e-11	acc|GENBANK|AYV80545.1|GENBANK|MK072244|hypothetical protein [Harvfovirus sp.]	Harvfovirus sp.	Blastx
SRR14574591	NODE_2755_length_977_cov_9.551907	64.0	977	256	0.195312	5.74e-11	acc|GENBANK|AAB67721.1|GENBANK|AF015269|PL transcription factor [Zea mays]	Zea mays	Blastx
SRR14574591	NODE_45576_length_249_cov_1.083333	41.3	249	158	0.474684	5.80e-11	acc|GENBANK|AYV75779.1|GENBANK|MK071981|putative thioredoxin domain-containing protein [Terrestrivirus sp.]	Terrestrivirus sp.	Blastx
SRR14574591	NODE_49279_length_277_cov_0.959016	53.7	277	222	0.301802	5.84e-11	acc|GENBANK|XAO13518.1|GENBANK|PP130629|hypothetical protein [Mantoniella tinhauana virus 1]	Mantoniella tinhauana virus 1	Blastx
SRR14574591	NODE_48073_length_266_cov_1.004292	41.4	266	727	0.119670	5.92e-11	acc|GENBANK|ADB85269.1|GENBANK|GQ252805|putative lectin-like protein kinase [Phyllostachys edulis]	Phyllostachys edulis	Blastx
SRR14574591	NODE_37828_length_208_cov_1.337143	49.2	208	342	0.172515	6.01e-11	acc|GENBANK|CAA04529.1|GENBANK|AJ001100|Rad51-like protein [Arabidopsis thaliana]	Arabidopsis thaliana	Blastx
SRR14574591	NODE_44226_length_241_cov_0.995192	40.5	241	1589	0.049717	6.04e-11	acc|REFSEQ|YP_010780309.1|REFSEQ|NC_075038|NcpA [Tupanvirus deep ocean]	Tupanvirus deep ocean	Blastx
SRR14574591	NODE_13909_length_1380_cov_5.360802	29.9	1380	264	0.734848	6.06e-11	acc|GENBANK|AYV84451.1|GENBANK|MK072408|CS-domain-containing protein [Hyperionvirus sp.]	Hyperionvirus sp.	Blastx
SRR14574591	NODE_47930_length_265_cov_1.008621	44.4	265	1506	0.053785	6.08e-11	acc|REFSEQ|YP_009001498.1|REFSEQ|NC_023426|ABC transporter [Alphaentomopoxvirus acuprea]	Alphaentomopoxvirus acuprea	Blastx
SRR14574591	NODE_40039_length_219_cov_1.258065	47.9	219	1574	0.046379	6.20e-11	acc|GENBANK|AAO73521.1|GENBANK|AY205608|gag-pol polyprotein [Glycine max]	Glycine max	Blastx
SRR14574591	NODE_45084_length_246_cov_1.098592	48.8	246	261	0.321839	6.21e-11	acc|GENBANK|AYV79236.1|GENBANK|MK072137|serine/threonine protein phosphatase [Faunusvirus sp.]	Faunusvirus sp.	Blastx
SRR14574591	NODE_42346_length_231_cov_2.262626	50.0	231	361	0.199446	6.31e-11	acc|GENBANK|AKP18638.1|GENBANK|KR003821|hypothetical protein [Lutzomyia reovirus 2]	Lutzomyia reovirus 2	Blastx
SRR14574591	NODE_6673_length_295_cov_2.099237	40.7	295	727	0.118294	6.33e-11	acc|GENBANK|ABY48138.1|GENBANK|EU306659|ABC transporter [Medicago truncatula]	Medicago truncatula	Blastx
SRR14574591	NODE_20363_length_469_cov_2.818807	31.9	469	489	0.231084	6.35e-11	acc|GENBANK|QFG74185.1|GENBANK|MN448282|hypothetical protein [Megaviridae environmental sample]	Megaviridae environmental sample	Blastx
SRR14574591	NODE_41856_length_229_cov_1.193878	45.9	229	385	0.192208	6.35e-11	acc|GENBANK|UUT40455.1|GENBANK|ON887238|hypothetical protein [carnivorous sponge associated iridovirus]	carnivorous sponge associated iridovirus	Blastx
SRR14574591	NODE_389_length_1040_cov_16.028798	31.0	1040	274	0.682482	6.42e-11	acc|GENBANK|AJP07215.1|GENBANK|KJ701029|putative methyl transferase [Helicoverpa armigera nucleopolyhedrovirus]	Helicoverpa armigera nucleopolyhedrovirus	Blastx
SRR14574591	NODE_6488_length_1211_cov_3.855688	33.3	1211	191	0.848168	6.55e-11	acc|GENBANK|AAK16153.1|GENBANK|AF326577|anthocyanin regulatory B protein [Zea mays]	Zea mays	Blastx
SRR14574591	NODE_13889_length_237_cov_1.132353	43.4	237	360	0.211111	6.81e-11	acc|REFSEQ|YP_010087926.1|REFSEQ|NC_055603|hypothetical protein [Lymphocystis disease virus 4]	Lymphocystis disease virus 4	Blastx
SRR14574591	NODE_37634_length_207_cov_1.344828	42.9	207	423	0.148936	6.83e-11	acc|GENBANK|AYV79645.1|GENBANK|MK072163|serine/threonine protein kinase [Faunusvirus sp.]	Faunusvirus sp.	Blastx
SRR14574591	NODE_43506_length_237_cov_1.147059	42.1	237	125	0.608000	7.06e-11	acc|REFSEQ|YP_009163773.1|REFSEQ|NC_027778|ORF_012R [Scale drop disease virus]	Scale drop disease virus	Blastx
SRR14574591	NODE_48316_length_268_cov_0.995745	38.6	268	285	0.291228	7.07e-11	acc|GENBANK|UZT29310.1|GENBANK|OP765584|hypothetical protein [Nucleocytoviricota sp.]	Nucleocytoviricota sp.	Blastx
SRR14574591	NODE_11785_length_1770_cov_24.900403	40.5	1770	143	0.552448	7.29e-11	acc|GENBANK|QIG60178.1|GENBANK|MN940580|putative protein disulfide-isomerase A4 [Dishui Lake large algae virus 1]	Dishui Lake large algae virus 1	Blastx
SRR14574591	NODE_24727_length_336_cov_1.448845	43.8	336	459	0.193900	7.29e-11	acc|GENBANK|BBI30359.1|GENBANK|AP018495|beta-galactosidase [Acanthamoeba castellanii medusavirus J1]	Acanthamoeba castellanii medusavirus J1	Blastx
SRR14574591	NODE_7453_length_1136_cov_9.846782	30.7	1136	144	0.881944	7.37e-11	acc|GENBANK|AUF82519.1|GENBANK|KY322437|putative Mpv17/PMP22 family protein [Tetraselmis virus 1]	Tetraselmis virus 1	Blastx
SRR14574591	NODE_5662_length_259_cov_4.809735	41.9	259	577	0.149047	7.39e-11	acc|GENBANK|QFG73958.1|GENBANK|MN448274|aromatic amino acid lyase [Megaviridae environmental sample]	Megaviridae environmental sample	Blastx
SRR14574591	NODE_38588_length_212_cov_1.307263	47.7	212	925	0.070270	7.40e-11	acc|GENBANK|ABY48139.1|GENBANK|EU306659|NORK [Medicago truncatula]	Medicago truncatula	Blastx
SRR14574591	NODE_13048_length_1068_cov_3.457005	28.7	1068	925	0.274595	7.56e-11	acc|GENBANK|ABY48139.1|GENBANK|EU306659|NORK [Medicago truncatula]	Medicago truncatula	Blastx
SRR14574591	NODE_47319_length_261_cov_1.026316	39.5	261	646	0.133127	7.73e-11	acc|GENBANK|XCO49248.1|GENBANK|PP745575|putative ORF1 protein [Dicistroviridae sp.]	Dicistroviridae sp.	Blastx
SRR14574591	NODE_3118_length_1091_cov_70.735350	40.3	1091	308	0.250000	7.81e-11	acc|GENBANK|AFV13468.1|GENBANK|JQ314449|ring-H2 zinc finger protein [Coix lacryma-jobi]	Coix lacryma-jobi	Blastx
SRR14574591	NODE_39826_length_218_cov_1.264865	49.3	218	727	0.103164	7.99e-11	acc|GENBANK|ADB85269.1|GENBANK|GQ252805|putative lectin-like protein kinase [Phyllostachys edulis]	Phyllostachys edulis	Blastx
SRR14574591	NODE_3794_length_314_cov_1.925267	79.5	314	242	0.161157	8.15e-11	acc|GENBANK|AGU70135.1|GENBANK|KF270089|integrase-type DNA-binding superfamily protein [Tarenaya hassleriana]	Tarenaya hassleriana	Blastx
SRR14574591	NODE_29356_length_729_cov_1.857759	22.7	729	496	0.409274	8.27e-11	acc|GENBANK|USC25894.1|GENBANK|OL685370|gta [Palpita vitrealis nucleopolyhedrovirus]	Palpita vitrealis nucleopolyhedrovirus	Blastx
SRR14574591	NODE_448_length_711_cov_109.964602	28.3	711	289	0.550173	8.45e-11	acc|GENBANK|QBK88329.1|GENBANK|MK500386|ABC transporter [Marseillevirus LCMAC202]	Marseillevirus LCMAC202	Blastx
SRR14574591	NODE_45602_length_249_cov_1.083333	36.3	249	162	0.493827	8.81e-11	acc|GENBANK|QBK84530.1|GENBANK|MK500278|6,7-dimethyl-8-ribityllumazine synthase [Pithovirus LCDPAC01]	Pithovirus LCDPAC01	Blastx
SRR14574591	NODE_617_length_249_cov_26.643519	46.2	249	559	0.139535	8.96e-11	acc|GENBANK|QBK91750.1|GENBANK|MK500565|putative serine/threonine protein kinase [Pithovirus LCPAC304]	Pithovirus LCPAC304	Blastx
SRR14574591	NODE_883_length_1371_cov_71.205531	38.6	1371	139	0.633094	8.98e-11	acc|GENBANK|QFG75158.1|GENBANK|MN448299|thioredoxin [Megaviridae environmental sample]	Megaviridae environmental sample	Blastx
SRR14574591	NODE_41848_length_229_cov_1.790816	57.8	229	299	0.150502	9.06e-11	acc|GENBANK|UOG94093.1|NEIGHBOR|OM876856|serine threonine-protein phosphatase [Aureococcus anophagefferens virus]	Aureococcus anophagefferens virus	Blastx
SRR14574591	NODE_7946_length_350_cov_2.104101	46.3	350	959	0.069864	9.07e-11	acc|GENBANK|AII99795.1|GENBANK|KJ817382|copia-type retrotransposon polyprotein [Sinapis alba]	Sinapis alba	Blastx
SRR14574591	NODE_7585_length_372_cov_4.772861	50.0	372	224	0.250000	9.08e-11	acc|GENBANK|QDH89109.1|GENBANK|MN034603|hypothetical protein [Picornavirales sp.]	Picornavirales sp.	Blastx
SRR14574591	NODE_17246_length_206_cov_1.988439	44.8	206	482	0.120332	9.12e-11	acc|GENBANK|BBA54297.1|GENBANK|AB898755|gag : akt fusion protein [Feline leukemia virus]	Feline leukemia virus	Blastx
SRR14574591	NODE_9315_length_1341_cov_6.219419	27.8	1341	436	0.470183	9.16e-11	acc|GENBANK|XCW87950.1|GENBANK|PQ010613|zinc protease [Mimivirus sp.]	Mimivirus sp.	Blastx
SRR14574591	NODE_3954_length_408_cov_2.120000	36.0	408	678	0.147493	9.24e-11	acc|GENBANK|CCQ71325.1|GENBANK|HF586476|hypothetical kinesin-like protein KIF3 [Cotesia congregata]	Cotesia congregata	Blastx
SRR14574591	NODE_46955_length_258_cov_1.040000	80.0	258	223	0.156951	9.28e-11	acc|GENBANK|ACB45088.1|GENBANK|EU365381|CRT binding factor 2 [Solanum habrochaites]	Solanum habrochaites	Blastx
SRR14574591	NODE_27794_length_273_cov_2.287500	55.6	273	212	0.254717	9.63e-11	acc|GENBANK|AYV82031.1|GENBANK|MK072334|Ras-like protein Rab-11A [Homavirus sp.]	Homavirus sp.	Blastx
SRR14574591	NODE_36134_length_200_cov_1.401198	57.8	200	213	0.300469	1.03e-10	acc|GENBANK|AAK76585.1|GENBANK|AY045911|putative copia retroelement pol polyprotein [Arabidopsis thaliana]	Arabidopsis thaliana	Blastx
SRR14574591	NODE_29593_length_237_cov_1.377451	39.0	237	525	0.146667	1.04e-10	acc|GENBANK|BDV49870.1|GENBANK|AP027153|RCBTB1-like protein [Metapenaeopsis lamellata majanivirus]	Metapenaeopsis lamellata majanivirus	Blastx
SRR14574591	NODE_7308_length_914_cov_4.085131	41.8	914	2037	0.048110	1.05e-10	acc|GENBANK|ABG37663.1|GENBANK|DQ536170|CCHC-type integrase [Populus trichocarpa]	Populus trichocarpa	Blastx
SRR14574591	NODE_43570_length_238_cov_1.141463	48.6	238	541	0.129390	1.05e-10	acc|REFSEQ|YP_009481536.1|REFSEQ|NC_037665|2-aminooxy adenylosuccinate synthetase [Pandoravirus macleodensis]	Pandoravirus macleodensis	Blastx
SRR14574591	NODE_29437_length_1465_cov_2.536313	37.0	1465	373	0.391421	1.09e-10	acc|GENBANK|AYV86662.1|GENBANK|MK072512|phosphatase 2C [Sylvanvirus sp.]	Sylvanvirus sp.	Blastx
SRR14574591	NODE_14927_length_1070_cov_15.495661	36.2	1070	200	0.525000	1.09e-10	acc|GENBANK|CCQ71290.1|GENBANK|HF586473|hypothetical protein CcPL2.180 [Cotesia congregata]	Cotesia congregata	Blastx
SRR14574591	NODE_49687_length_288_cov_1.329412	45.6	288	695	0.113669	1.09e-10	acc|GENBANK|XDO02062.1|GENBANK|PP542043|Type I Glyceraldehyde-3-Phosphate Dehydrogenase [Florenciella sp. virus SA2]	Florenciella sp. virus SA2	Blastx
SRR14574591	NODE_23342_length_204_cov_1.245614	71.4	204	276	0.152174	1.09e-10	acc|GENBANK|ACG38448.1|GENBANK|EU966330|retrotransposon protein Ty1-copia subclass [Zea mays]	Zea mays	Blastx
SRR14574591	NODE_40388_length_221_cov_1.244681	51.0	221	439	0.111617	1.10e-10	acc|GENBANK|AYV86759.1|GENBANK|MK072514|hypothetical protein [Sylvanvirus sp.]	Sylvanvirus sp.	Blastx
SRR14574591	NODE_1544_length_245_cov_108.750000	55.6	245	477	0.094340	1.12e-10	acc|GENBANK|AYV78014.1|GENBANK|MK072068|elongation factor 1 alpha long form [Edafosvirus sp.]	Edafosvirus sp.	Blastx
SRR14574591	NODE_6407_length_344_cov_1.045016	33.6	344	752	0.150266	1.13e-10	acc|GENBANK|AYV76414.1|GENBANK|MK071984|HrpA-like RNA helicase [Terrestrivirus sp.]	Terrestrivirus sp.	Blastx
SRR14574591	NODE_40478_length_221_cov_1.244681	43.8	221	590	0.123729	1.13e-10	acc|GENBANK|AYV86827.1|GENBANK|MK072516|CMGC/MAPK protein kinase [Sylvanvirus sp.]	Sylvanvirus sp.	Blastx
SRR14574591	NODE_7213_length_270_cov_1.966245	38.1	270	491	0.171079	1.16e-10	acc|GENBANK|QIG59637.1|GENBANK|MN940577|hypothetical protein [Dishui Lake phycodnavirus 2]	Dishui Lake phycodnavirus 2	Blastx
SRR14574591	NODE_28335_length_770_cov_5.308005	30.6	770	289	0.633218	1.17e-10	acc|GENBANK|QBK88329.1|GENBANK|MK500386|ABC transporter [Marseillevirus LCMAC202]	Marseillevirus LCMAC202	Blastx
SRR14574591	NODE_5996_length_582_cov_3.193078	53.7	582	1472	0.036685	1.17e-10	acc|GENBANK|AAL68641.1|GENBANK|AF458765|polyprotein [Oryza sativa Japonica Group]	Oryza sativa Japonica Group	Blastx
SRR14574591	NODE_10356_length_1128_cov_5.252055	38.3	1128	310	0.303226	1.19e-10	acc|GENBANK|QFG73687.1|GENBANK|MN448266|Clp protease [Megaviridae environmental sample]	Megaviridae environmental sample	Blastx
SRR14574591	NODE_18801_length_540_cov_1.355030	56.4	540	478	0.115063	1.22e-10	acc|GENBANK|AAK84479.1|GENBANK|AF275345|putative auxin growth promotor protein [Solanum lycopersicum]	Solanum lycopersicum	Blastx
SRR14574591	NODE_30165_length_623_cov_2.432203	38.5	623	447	0.203579	1.23e-10	acc|REFSEQ|NP_077596.1|REFSEQ|NC_002687|serine-threonine kinase [Ectocarpus siliculosus virus 1]	Ectocarpus siliculosus virus 1	Blastx
SRR14574591	NODE_49793_length_293_cov_1.800000	40.4	293	214	0.439252	1.23e-10	acc|GENBANK|QBK89352.1|GENBANK|MK500417|histidine phosphatase superfamily protein [Mimivirus LCMiAC02]	Mimivirus LCMiAC02	Blastx
SRR14574591	NODE_41061_length_225_cov_1.218750	40.5	225	1589	0.046570	1.26e-10	acc|REFSEQ|YP_010780309.1|REFSEQ|NC_075038|NcpA [Tupanvirus deep ocean]	Tupanvirus deep ocean	Blastx
SRR14574591	NODE_12625_length_2367_cov_20.096829	50.0	2367	405	0.182716	1.27e-10	acc|REFSEQ|YP_007354262.1|REFSEQ|NC_020104|DnaJ-like protein [Acanthamoeba polyphaga moumouvirus]	Acanthamoeba polyphaga moumouvirus	Blastx
SRR14574591	NODE_4003_length_438_cov_1.906173	29.5	438	897	0.143813	1.31e-10	acc|GENBANK|ABY48136.1|GENBANK|EU306659|glycine-rich protein [Medicago truncatula]	Medicago truncatula	Blastx
SRR14574591	NODE_37953_length_209_cov_1.198864	50.8	209	299	0.210702	1.31e-10	acc|GENBANK|QIG59714.1|GENBANK|MN940578|putative spermidine [Dishui Lake phycodnavirus 3]	Dishui Lake phycodnavirus 3	Blastx
SRR14574591	NODE_15909_length_913_cov_2.871591	81.1	913	139	0.266187	1.34e-10	acc|GENBANK|BAV21765.1|GENBANK|LC167300|2b protein [Cucumber mosaic virus]	Cucumber mosaic virus	Blastx
SRR14574591	NODE_9195_length_610_cov_5.048527	35.2	610	925	0.113514	1.38e-10	acc|GENBANK|ABY48139.1|GENBANK|EU306659|NORK [Medicago truncatula]	Medicago truncatula	Blastx
SRR14574591	NODE_43092_length_235_cov_1.737624	45.9	235	925	0.080000	1.40e-10	acc|GENBANK|ABY48139.1|GENBANK|EU306659|NORK [Medicago truncatula]	Medicago truncatula	Blastx
SRR14574591	NODE_45799_length_251_cov_1.073394	49.1	251	239	0.230126	1.40e-10	acc|GENBANK|AAB92355.1|GENBANK|U89438|nonstructural protein P125-2 [Bovine viral diarrhea virus 1]	Bovine viral diarrhea virus 1	Blastx
SRR14574591	NODE_15480_length_1361_cov_7.295934	30.2	1361	286	0.601399	1.41e-10	acc|GENBANK|QDH87814.1|GENBANK|MN033648|hypothetical protein [Mitovirus sp.]	Mitovirus sp.	Blastx
SRR14574591	NODE_8148_length_402_cov_3.457995	35.0	402	397	0.302267	1.41e-10	acc|REFSEQ|YP_009173589.1|REFSEQ|NC_028094|Helicase 45 [Chrysochromulina ericina virus]	Chrysochromulina ericina virus	Blastx
SRR14574591	NODE_4120_length_572_cov_4.725417	33.5	572	1384	0.133671	1.42e-10	acc|GENBANK|ADB85299.1|GENBANK|GQ252825|putative retrotransposon protein [Phyllostachys edulis]	Phyllostachys edulis	Blastx
SRR14574591	NODE_14480_length_420_cov_68.813953	50.8	420	222	0.265766	1.44e-10	acc|GENBANK|QBK88168.1|GENBANK|MK500377|RNA recognition motif protein [Marseillevirus LCMAC202]	Marseillevirus LCMAC202	Blastx
SRR14574591	NODE_51081_length_425_cov_1.188776	31.4	425	644	0.217391	1.47e-10	acc|GENBANK|AGE59884.1|GENBANK|JX997186|potassium transporter [Acanthocystis turfacea Chlorella virus TN603.4.2]	Acanthocystis turfacea Chlorella virus TN603.4.2	Blastx
SRR14574591	NODE_23935_length_367_cov_1.401198	44.2	367	727	0.118294	1.49e-10	acc|GENBANK|ADB85269.1|GENBANK|GQ252805|putative lectin-like protein kinase [Phyllostachys edulis]	Phyllostachys edulis	Blastx
SRR14574591	NODE_44094_length_241_cov_1.125000	42.5	241	557	0.143627	1.49e-10	acc|GENBANK|QKF94091.1|GENBANK|MT418680|bifunctional sulfate [Fadolivirus FV1/VV64]	Fadolivirus FV1/VV64	Blastx
SRR14574591	NODE_39246_length_216_cov_1.278689	69.2	216	753	0.051793	1.49e-10	acc|GENBANK|QDY51907.1|GENBANK|MK250085|Hsp90 protein [Mimiviridae sp. ChoanoV1]	Mimiviridae sp. ChoanoV1	Blastx
SRR14574591	NODE_5532_length_797_cov_3.354712	33.8	797	182	0.747253	1.50e-10	acc|GENBANK|BDT62002.1|GENBANK|LC738871|hypothetical protein [Penaeus monodon majanivirus B]	Penaeus monodon majanivirus B	Blastx
SRR14574591	NODE_31008_length_336_cov_1.399340	44.6	336	1710	0.032749	1.51e-10	acc|GENBANK|BBI30403.1|GENBANK|AP018495|Ser/Thr protein kinase [Acanthamoeba castellanii medusavirus J1]	Acanthamoeba castellanii medusavirus J1	Blastx
SRR14574591	NODE_11208_length_1723_cov_11.571598	45.8	1723	89	0.808989	1.53e-10	acc|GENBANK|AAL07267.1|GENBANK|AY048769|ubiquitin-like protein [Choristoneura fumiferana granulovirus]	Choristoneura fumiferana granulovirus	Blastx
SRR14574591	NODE_29553_length_616_cov_1.528302	46.2	616	439	0.177677	1.58e-10	acc|GENBANK|AYV76294.1|GENBANK|MK071983|hypothetical protein [Terrestrivirus sp.]	Terrestrivirus sp.	Blastx
SRR14574591	NODE_10514_length_480_cov_8.404922	31.5	480	414	0.260870	1.67e-10	acc|GENBANK|QKF94081.1|GENBANK|MT418680|serine/threonine-protein kinase [Fadolivirus FV1/VV64]	Fadolivirus FV1/VV64	Blastx
SRR14574591	NODE_13776_length_1169_cov_19.938380	32.3	1169	306	0.405229	1.68e-10	acc|GENBANK|AAM82603.1|GENBANK|AF525305|putative DNA/RNA binding protein [Brassica napus]	Brassica napus	Blastx
SRR14574591	NODE_5668_length_470_cov_2.778032	42.7	470	227	0.361233	1.73e-10	acc|GENBANK|QHN71075.1|GENBANK|MN812837|Guanylate kinase incomplete domain protein [Mollivirus kamchatka]	Mollivirus kamchatka	Blastx
SRR14574591	NODE_14675_length_1028_cov_5.542714	23.2	1028	362	0.726519	1.74e-10	acc|REFSEQ|YP_009482544.1|REFSEQ|NC_037666|Isopenicillin N synthase domain containing [Pandoravirus neocaledonia]	Pandoravirus neocaledonia	Blastx
SRR14574591	NODE_11286_length_359_cov_15.546012	56.6	359	498	0.106426	1.75e-10	acc|GENBANK|XHA59766.1|GENBANK|OR863077|thermosome [Poseidoniales virus]	Poseidoniales virus	Blastx
SRR14574591	NODE_6363_length_3425_cov_5.861439	39.5	3425	791	0.144121	1.76e-10	acc|GENBANK|UGN61890.1|GENBANK|OK330388|retrotransposon protein [Cucumis melo subsp. melo]	Cucumis melo subsp. melo	Blastx
SRR14574591	NODE_10690_length_1504_cov_6.836846	28.2	1504	466	0.448498	1.76e-10	acc|GENBANK|ACD54811.1|GENBANK|EU643495|endo-xylogalacturonan hydrolase-like protein [Adineta vaga]	Adineta vaga	Blastx
SRR14574591	NODE_4170_length_728_cov_2.693525	41.1	728	291	0.326460	1.76e-10	acc|GENBANK|QDY52327.1|GENBANK|MK250090|hypothetical protein [Mimiviridae sp. ChoanoV1]	Mimiviridae sp. ChoanoV1	Blastx
SRR14574591	NODE_6681_length_290_cov_1.361868	37.8	290	139	0.532374	1.77e-10	acc|GENBANK|QFG74212.1|GENBANK|MN448284|cytidylyltransferase-like protein [Megaviridae environmental sample]	Megaviridae environmental sample	Blastx
SRR14574591	NODE_866_length_769_cov_5.720109	41.5	769	458	0.179039	1.83e-10	acc|GENBANK|AGE58873.1|GENBANK|JX997183|ATP-dependent helicase [Paramecium bursaria Chlorella virus NYs1]	Paramecium bursaria Chlorella virus NYs1	Blastx
SRR14574591	NODE_26522_length_306_cov_2.421245	52.1	306	557	0.131059	1.83e-10	acc|GENBANK|WGU26825.1|GENBANK|OQ503488|putative acyl-activating enzyme 5 [Triticum monococcum]	Triticum monococcum	Blastx
SRR14574591	NODE_292_length_596_cov_2.076377	32.9	596	444	0.369369	1.84e-10	acc|GENBANK|ARF11841.1|GENBANK|KY684109|ubiquitin carboxyl-terminal hydrolase [Klosneuvirus KNV1]	Klosneuvirus KNV1	Blastx
SRR14574591	NODE_47466_length_262_cov_1.532751	50.0	262	177	0.282486	1.88e-10	acc|GENBANK|ABK32208.1|GENBANK|DQ890165|VRN3 [Triticum aestivum]	Triticum aestivum	Blastx
SRR14574591	NODE_27322_length_286_cov_3.102767	39.2	286	478	0.213389	1.90e-10	acc|GENBANK|AAK84479.1|GENBANK|AF275345|putative auxin growth promotor protein [Solanum lycopersicum]	Solanum lycopersicum	Blastx
SRR14574591	NODE_50152_length_315_cov_1.659574	35.4	315	257	0.373541	1.90e-10	acc|REFSEQ|YP_009408407.1|REFSEQ|NC_035469|complement binding [NY_014 poxvirus]	NY_014 poxvirus	Blastx
SRR14574591	NODE_23483_length_313_cov_1.425000	38.4	313	507	0.195266	1.94e-10	acc|GENBANK|QHN71152.1|GENBANK|MN812837|cytochrome P450 domain protein [Mollivirus kamchatka]	Mollivirus kamchatka	Blastx
SRR14574591	NODE_20397_length_220_cov_1.754011	38.4	220	382	0.191099	1.98e-10	acc|GENBANK|QBK87279.1|GENBANK|MK500347|putative serine/threonine protein kinase [Marseillevirus LCMAC201]	Marseillevirus LCMAC201	Blastx
SRR14574591	NODE_4814_length_1442_cov_3.574876	24.6	1442	850	0.469412	2.00e-10	acc|GENBANK|AGE55605.1|GENBANK|JX997174|calcium-transporting ATPase, plasma [Acanthocystis turfacea Chlorella virus MN0810.1]	Acanthocystis turfacea Chlorella virus MN0810.1	Blastx
SRR14574591	NODE_47425_length_261_cov_0.951754	50.0	261	974	0.071869	2.01e-10	acc|GENBANK|AYV86980.1|GENBANK|MK072522|hypothetical protein [Sylvanvirus sp.]	Sylvanvirus sp.	Blastx
SRR14574591	NODE_30071_length_983_cov_2.957895	25.7	983	362	0.773481	2.02e-10	acc|GENBANK|WBR14999.1|GENBANK|ON887157|2og-fe(ii) oxygenase [Pandoravirus kuranda]	Pandoravirus kuranda	Blastx
SRR14574591	NODE_13978_length_1447_cov_7.131542	28.2	1447	144	0.861111	2.02e-10	acc|GENBANK|AUF82519.1|GENBANK|KY322437|putative Mpv17/PMP22 family protein [Tetraselmis virus 1]	Tetraselmis virus 1	Blastx
SRR14574591	NODE_44537_length_243_cov_1.423810	42.9	243	403	0.173697	2.02e-10	acc|GENBANK|AYV82314.1|GENBANK|MK072360|translation initiation factor 4A-III [Homavirus sp.]	Homavirus sp.	Blastx
SRR14574591	NODE_40769_length_223_cov_1.231579	38.4	223	368	0.198370	2.02e-10	acc|GENBANK|QFG73671.1|GENBANK|MN448266|peptidase family M20/M25/M40 [Megaviridae environmental sample]	Megaviridae environmental sample	Blastx
SRR14574591	NODE_45679_length_250_cov_1.078341	52.6	250	152	0.375000	2.03e-10	acc|REFSEQ|YP_008992211.1|REFSEQ|NC_023177|sod [Choristoneura murinana nucleopolyhedrovirus]	Choristoneura murinana nucleopolyhedrovirus	Blastx
SRR14574591	NODE_14826_length_772_cov_41.235453	29.6	772	283	0.406360	2.10e-10	acc|GENBANK|QKF94519.1|GENBANK|MT418680|zinc finger RING-type protein [Fadolivirus FV1/VV64]	Fadolivirus FV1/VV64	Blastx
SRR14574591	NODE_31861_length_241_cov_1.913462	43.8	241	261	0.279693	2.14e-10	acc|GENBANK|AYV79236.1|GENBANK|MK072137|serine/threonine protein phosphatase [Faunusvirus sp.]	Faunusvirus sp.	Blastx
SRR14574591	NODE_10907_length_981_cov_8.181435	35.6	981	166	0.608434	2.17e-10	acc|GENBANK|QPI16596.1|GENBANK|MW030586|tRNA-specific adenosine deaminase [Virus NIOZ-UU159]	Virus NIOZ-UU159	Blastx
SRR14574591	NODE_44233_length_241_cov_1.125000	38.0	241	182	0.434066	2.21e-10	acc|REFSEQ|YP_009163818.1|REFSEQ|NC_027778|ORF_057R [Scale drop disease virus]	Scale drop disease virus	Blastx
SRR14574591	NODE_45924_length_251_cov_1.073394	50.0	251	435	0.165517	2.23e-10	acc|GENBANK|UUT40559.1|GENBANK|ON887238|hypothetical protein [carnivorous sponge associated iridovirus]	carnivorous sponge associated iridovirus	Blastx
SRR14574591	NODE_11049_length_1137_cov_11.256341	27.2	1137	537	0.472998	2.28e-10	acc|REFSEQ|YP_009448289.1|REFSEQ|NC_036594|serine-threonine kinase [Orpheovirus IHUMI-LCC2]	Orpheovirus IHUMI-LCC2	Blastx
SRR14574591	NODE_25567_length_469_cov_2.605505	36.7	469	595	0.247059	2.28e-10	acc|GENBANK|QYB17777.1|GENBANK|MZ440852|histidinol-phosphate aminotransferase [Pacmanvirus S19]	Pacmanvirus S19	Blastx
SRR14574591	NODE_10774_length_2396_cov_4.909437	29.6	2396	242	0.991736	2.34e-10	acc|REFSEQ|YP_004061552.1|REFSEQ|NC_014765|hypothetical protein [Bathycoccus sp. RCC1105 virus BpV1]	Bathycoccus sp. RCC1105 virus BpV1	Blastx
SRR14574591	NODE_36968_length_204_cov_1.368421	45.5	204	805	0.081988	2.37e-10	acc|GENBANK|CAK7596561.1|GENBANK|OZ003748|P-loop containing nucleoside triphosphate [Catovirus sp. 'naegleriensis']	Catovirus sp. 'naegleriensis'	Blastx
SRR14574591	NODE_37207_length_205_cov_1.360465	60.4	205	155	0.309677	2.41e-10	acc|GENBANK|UKH47146.1|GENBANK|MW837245|polyprotein [Hepatitis E virus]	Hepatitis E virus	Blastx
SRR14574591	NODE_25930_length_918_cov_3.035028	29.6	918	1248	0.186699	2.43e-10	acc|GENBANK|QIG60197.1|GENBANK|MN940580|DNA topoisomerase 2 [Dishui Lake large algae virus 1]	Dishui Lake large algae virus 1	Blastx
SRR14574591	NODE_4773_length_238_cov_2.370732	56.5	238	383	0.161880	2.51e-10	acc|GENBANK|AJA91762.1|GENBANK|KM434202|dihydroflavonol 4-reductase [Allium cepa]	Allium cepa	Blastx
SRR14574591	NODE_44701_length_244_cov_3.327014	41.0	244	87	0.896552	2.51e-10	acc|GENBANK|BAE72463.1|GENBANK|AB212173|RNA dependent RNA polymerase [Human picobirnavirus]	Human picobirnavirus	Blastx
SRR14574591	NODE_16686_length_458_cov_1.637647	51.4	458	488	0.151639	2.64e-10	acc|GENBANK|QBK85428.1|GENBANK|MK500327|polyADP-ribose polymerase [Marseillevirus LCMAC101]	Marseillevirus LCMAC101	Blastx
SRR14574591	NODE_49759_length_291_cov_1.813953	36.7	291	293	0.334471	2.64e-10	acc|GENBANK|QFG75012.1|GENBANK|MN448296|protein kinase domain protein [Megaviridae environmental sample]	Megaviridae environmental sample	Blastx
SRR14574591	NODE_10640_length_995_cov_11.351351	39.0	995	230	0.334783	2.72e-10	acc|GENBANK|ARF08295.1|GENBANK|KY684083|RING finger domain protein [Catovirus CTV1]	Catovirus CTV1	Blastx
SRR14574591	NODE_51124_length_437_cov_1.158416	33.8	437	408	0.355392	2.74e-10	acc|REFSEQ|YP_010781447.1|REFSEQ|NC_075039|Zn-dependent alcohol dehydrogenase [Tupanvirus soda lake]	Tupanvirus soda lake	Blastx
SRR14574591	NODE_5599_length_334_cov_2.411960	67.3	334	242	0.202479	2.78e-10	acc|GENBANK|AGU70135.1|GENBANK|KF270089|integrase-type DNA-binding superfamily protein [Tarenaya hassleriana]	Tarenaya hassleriana	Blastx
SRR14574591	NODE_29364_length_728_cov_8.407194	37.1	728	543	0.412523	2.82e-10	acc|GENBANK|ADB85407.1|GENBANK|GQ252886|putative protein kinase [Phyllostachys edulis]	Phyllostachys edulis	Blastx
SRR14574591	NODE_12975_length_325_cov_10.613014	43.5	325	383	0.221932	2.82e-10	acc|GENBANK|AJA91762.1|GENBANK|KM434202|dihydroflavonol 4-reductase [Allium cepa]	Allium cepa	Blastx
SRR14574591	NODE_49166_length_276_cov_0.962963	47.9	276	357	0.204482	2.85e-10	acc|GENBANK|AYV84123.1|GENBANK|MK072399|metallopeptidase family M24 [Hyperionvirus sp.]	Hyperionvirus sp.	Blastx
SRR14574591	NODE_28361_length_223_cov_2.105263	41.1	223	393	0.185751	2.86e-10	acc|GENBANK|AXN91107.1|GENBANK|MG745875|putative superfamily II DEAD-like ATP-dependent [Namao virus]	Namao virus	Blastx
SRR14574591	NODE_36561_length_202_cov_1.384615	93.3	202	212	0.141509	2.90e-10	acc|GENBANK|AYV82031.1|GENBANK|MK072334|Ras-like protein Rab-11A [Homavirus sp.]	Homavirus sp.	Blastx
SRR14574591	NODE_36864_length_204_cov_1.327485	45.6	204	186	0.365591	2.93e-10	acc|GENBANK|WIF15735.1|GENBANK|OQ540738|citrate synthase [Candidatus Rickettsia tarasevichiae]	Candidatus Rickettsia tarasevichiae	Blastx
SRR14574591	NODE_17119_length_321_cov_3.097222	35.5	321	1214	0.076606	3.15e-10	acc|GENBANK|AAM82604.1|GENBANK|AF525305|putative AP endonuclease/reverse transcriptase [Brassica napus]	Brassica napus	Blastx
SRR14574591	NODE_1928_length_1163_cov_74.629204	32.3	1163	151	0.635762	3.16e-10	acc|GENBANK|QBK87257.1|GENBANK|MK500346|thioredoxin [Marseillevirus LCMAC201]	Marseillevirus LCMAC201	Blastx
SRR14574591	NODE_46390_length_254_cov_1.058824	39.5	254	525	0.154286	3.23e-10	acc|GENBANK|BDV49870.1|GENBANK|AP027153|RCBTB1-like protein [Metapenaeopsis lamellata majanivirus]	Metapenaeopsis lamellata majanivirus	Blastx
SRR14574591	NODE_11292_length_1066_cov_8.826718	24.5	1066	1070	0.186916	3.31e-10	acc|GENBANK|ATZ80901.1|GENBANK|MF782455|isoleucyl-tRNA synthetase [Bodo saltans virus]	Bodo saltans virus	Blastx
SRR14574591	NODE_31520_length_370_cov_1.451039	42.0	370	370	0.237838	3.31e-10	acc|GENBANK|QBK91269.1|GENBANK|MK500519|putative serine/threonine protein kinase [Pithovirus LCPAC202]	Pithovirus LCPAC202	Blastx
SRR14574591	NODE_50677_length_360_cov_1.431193	38.8	360	497	0.207243	3.37e-10	acc|REFSEQ|YP_010780494.1|REFSEQ|NC_075038|aspartyl-tRNA synthetase [Tupanvirus deep ocean]	Tupanvirus deep ocean	Blastx
SRR14574591	NODE_49361_length_278_cov_0.955102	43.5	278	1814	0.034179	3.39e-10	acc|GENBANK|AAQ82033.1|GENBANK|AY299395|gag/pol polyprotein [Pisum sativum]	Pisum sativum	Blastx
SRR14574591	NODE_44162_length_241_cov_1.125000	40.5	241	353	0.209632	3.39e-10	acc|GENBANK|UZT28897.1|GENBANK|OP765507|ubiquitin specific peptidase [Nucleocytoviricota sp.]	Nucleocytoviricota sp.	Blastx
SRR14574591	NODE_42657_length_233_cov_1.170000	45.6	233	820	0.082927	3.43e-10	acc|GENBANK|QGR53792.1|GENBANK|MK978772|DNA topoisomerase 1 [Moumouvirus maliensis]	Moumouvirus maliensis	Blastx
SRR14574591	NODE_12877_length_1682_cov_6.973924	28.2	1682	540	0.348148	3.58e-10	acc|REFSEQ|YP_009483172.1|REFSEQ|NC_037667|Cytochrome P450 [Pandoravirus quercus]	Pandoravirus quercus	Blastx
SRR14574591	NODE_778_length_784_cov_38.607190	36.5	784	455	0.210989	3.61e-10	acc|GENBANK|QFG73745.1|GENBANK|MN448270|elongation factor Tu GTP binding domain protein [Megaviridae environmental sample]	Megaviridae environmental sample	Blastx
SRR14574591	NODE_6080_length_518_cov_2.606186	47.0	518	631	0.104596	3.61e-10	acc|REFSEQ|YP_010781061.1|REFSEQ|NC_075038|putative acyl-CoA oxidase [Tupanvirus deep ocean]	Tupanvirus deep ocean	Blastx
SRR14574591	NODE_41339_length_226_cov_1.601036	43.2	226	183	0.404372	3.66e-10	acc|REFSEQ|YP_009361403.1|REFSEQ|NC_034383|thymidine kinase [Pacmanvirus A23]	Pacmanvirus A23	Blastx
SRR14574591	NODE_15174_length_2996_cov_62.365508	30.4	2996	273	0.615385	3.68e-10	acc|GENBANK|AAR26956.1|GENBANK|AY225138|FirrV-1-F2 precursor [Feldmannia irregularis virus a]	Feldmannia irregularis virus a	Blastx
SRR14574591	NODE_11576_length_568_cov_18.773832	30.0	568	249	0.481928	3.72e-10	acc|GENBANK|QKF94115.1|GENBANK|MT418680|fatty acid hydroxylase [Fadolivirus FV1/VV64]	Fadolivirus FV1/VV64	Blastx
SRR14574591	NODE_16181_length_264_cov_4.497835	38.5	264	489	0.186094	3.75e-10	acc|GENBANK|AAK84471.1|GENBANK|AF275345|putative permease [Solanum lycopersicum]	Solanum lycopersicum	Blastx
SRR14574591	NODE_1656_length_960_cov_89.642934	27.4	960	1016	0.211614	3.80e-10	acc|GENBANK|ARF10916.1|GENBANK|KY684105|pyruvate phosphate dikinase with Hedgehog [Hokovirus HKV1]	Hokovirus HKV1	Blastx
SRR14574591	NODE_14816_length_2102_cov_3.648623	22.5	2102	515	0.776699	3.84e-10	acc|REFSEQ|YP_010780329.1|REFSEQ|NC_075038|lysine-tRNA synthetase [Tupanvirus deep ocean]	Tupanvirus deep ocean	Blastx
SRR14574591	NODE_11671_length_1310_cov_13.695380	32.0	1310	459	0.278867	3.89e-10	acc|GENBANK|BBI30359.1|GENBANK|AP018495|beta-galactosidase [Acanthamoeba castellanii medusavirus J1]	Acanthamoeba castellanii medusavirus J1	Blastx
SRR14574591	NODE_14160_length_1107_cov_2.418063	36.8	1107	151	0.629139	3.94e-10	acc|GENBANK|QBK87257.1|GENBANK|MK500346|thioredoxin [Marseillevirus LCMAC201]	Marseillevirus LCMAC201	Blastx
SRR14574591	NODE_24897_length_249_cov_2.050926	36.7	249	383	0.206266	4.01e-10	acc|GENBANK|AJA91762.1|GENBANK|KM434202|dihydroflavonol 4-reductase [Allium cepa]	Allium cepa	Blastx
SRR14574591	NODE_13579_length_1130_cov_15.429353	37.0	1130	283	0.353357	4.07e-10	acc|GENBANK|QKF94519.1|GENBANK|MT418680|zinc finger RING-type protein [Fadolivirus FV1/VV64]	Fadolivirus FV1/VV64	Blastx
SRR14574591	NODE_26016_length_400_cov_1.482289	35.6	400	925	0.109189	4.08e-10	acc|GENBANK|ABY48139.1|GENBANK|EU306659|NORK [Medicago truncatula]	Medicago truncatula	Blastx
SRR14574591	NODE_5209_length_405_cov_1.967742	53.2	405	274	0.171533	4.17e-10	acc|GENBANK|QYA18589.1|GENBANK|MZ420154|putative RING-H2 finger protein [Clandestinovirus]	Clandestinovirus	Blastx
SRR14574591	NODE_41412_length_226_cov_1.212435	50.7	226	618	0.118123	4.28e-10	acc|GENBANK|QKF93461.1|GENBANK|MT418680|GMP synthetase glutamine amidotransferase and [Fadolivirus FV1/VV64]	Fadolivirus FV1/VV64	Blastx
SRR14574591	NODE_37856_length_209_cov_1.329545	49.3	209	379	0.182058	4.33e-10	acc|GENBANK|ADB85364.1|GENBANK|GQ252868|putative alcohol dehydrogenase 2 [Phyllostachys edulis]	Phyllostachys edulis	Blastx
SRR14574591	NODE_28288_length_915_cov_3.268707	28.2	915	391	0.534527	4.34e-10	acc|GENBANK|AYF58507.1|GENBANK|MH287527|alpha-(1,3)fucosyltransferase [Elephant endotheliotropic herpesvirus 1A]	Elephant endotheliotropic herpesvirus 1A	Blastx
SRR14574591	NODE_11273_length_419_cov_6.437824	37.1	419	266	0.436090	4.39e-10	acc|GENBANK|QBK88934.1|GENBANK|MK500406|protein phosphatase 2C [Mimivirus LCMiAC02]	Mimivirus LCMiAC02	Blastx
SRR14574591	NODE_42200_length_230_cov_1.187817	39.0	230	520	0.157692	4.41e-10	acc|GENBANK|APO14197.1|GENBANK|KX098475|truncated DELLA protein [Setaria italica]	Setaria italica	Blastx
SRR14574591	NODE_24562_length_326_cov_1.324232	34.8	326	319	0.351097	4.43e-10	acc|GENBANK|AYV83965.1|GENBANK|MK072397|L-galactose dehydrogenase [Hyperionvirus sp.]	Hyperionvirus sp.	Blastx
SRR14574591	NODE_45568_length_249_cov_1.083333	68.4	249	256	0.148438	4.43e-10	acc|GENBANK|AAB67721.1|GENBANK|AF015269|PL transcription factor [Zea mays]	Zea mays	Blastx
SRR14574591	NODE_49463_length_279_cov_0.951220	55.4	279	474	0.118143	4.50e-10	acc|GENBANK|WIL04195.1|GENBANK|OQ413577|adenylosuccinate synthetase [Cedratvirus lena]	Cedratvirus lena	Blastx
SRR14574591	NODE_5719_length_395_cov_2.309392	45.1	395	131	0.541985	4.60e-10	acc|GENBANK|UOX38922.1|GENBANK|OM869482|GSH peroxidase [Finch poxvirus]	Finch poxvirus	Blastx
SRR14574591	NODE_27506_length_233_cov_4.310000	44.9	233	925	0.084324	4.70e-10	acc|GENBANK|ABY48139.1|GENBANK|EU306659|NORK [Medicago truncatula]	Medicago truncatula	Blastx
SRR14574591	NODE_18254_length_210_cov_3.101695	63.6	210	465	0.094624	4.71e-10	acc|GENBANK|CAE02706.1|GENBANK|AJ575660|putative ubiquitin monooxygenase [Yarrowia lipolytica]	Yarrowia lipolytica	Blastx
SRR14574591	NODE_50625_length_354_cov_2.152648	31.1	354	1589	0.076778	4.72e-10	acc|REFSEQ|YP_010780309.1|REFSEQ|NC_075038|NcpA [Tupanvirus deep ocean]	Tupanvirus deep ocean	Blastx
SRR14574591	NODE_42317_length_231_cov_1.181818	53.4	231	301	0.192691	4.78e-10	acc|GENBANK|ARF12194.1|GENBANK|KY684111|aldo/keto reductase family protein [Klosneuvirus KNV1]	Klosneuvirus KNV1	Blastx
SRR14574591	NODE_46763_length_257_cov_1.044643	46.3	257	310	0.216129	4.90e-10	acc|GENBANK|AYV86922.1|GENBANK|MK072520|hypothetical protein [Sylvanvirus sp.]	Sylvanvirus sp.	Blastx
SRR14574591	NODE_39667_length_217_cov_1.271739	43.5	217	447	0.154362	5.09e-10	acc|REFSEQ|NP_077596.1|REFSEQ|NC_002687|serine-threonine kinase [Ectocarpus siliculosus virus 1]	Ectocarpus siliculosus virus 1	Blastx
SRR14574591	NODE_50840_length_377_cov_1.700581	30.1	377	405	0.303704	5.11e-10	acc|GENBANK|WGU26824.1|GENBANK|OQ503488|eukaryotic initiation factor 4A-III B-like [Triticum monococcum]	Triticum monococcum	Blastx
SRR14574591	NODE_15804_length_582_cov_2.346084	31.4	582	388	0.311856	5.17e-10	acc|GENBANK|CCQ71327.1|GENBANK|HF586476|hypothetical protein kinase Pka-C1 [Cotesia congregata]	Cotesia congregata	Blastx
SRR14574591	NODE_43924_length_240_cov_1.130435	35.7	240	544	0.128676	5.18e-10	acc|REFSEQ|YP_009483380.1|REFSEQ|NC_037667|Glycosyl hydrolase family 1 protein [Pandoravirus quercus]	Pandoravirus quercus	Blastx
SRR14574591	NODE_21288_length_253_cov_1.445455	45.6	253	114	0.500000	5.30e-10	acc|GENBANK|ABD97561.1|NEIGHBOR|DQ437593|NMDA receptor-like protein [Cowpox virus]	Cowpox virus	Blastx
SRR14574591	NODE_27392_length_464_cov_2.447796	31.5	464	557	0.267504	5.34e-10	acc|GENBANK|QKF94091.1|GENBANK|MT418680|bifunctional sulfate [Fadolivirus FV1/VV64]	Fadolivirus FV1/VV64	Blastx
SRR14574591	NODE_3346_length_724_cov_2.887120	68.3	724	183	0.224044	5.37e-10	acc|REFSEQ|YP_009465880.1|REFSEQ|NC_037057|hypothetical protein [Dishui lake phycodnavirus 1]	Dishui lake phycodnavirus 1	Blastx
SRR14574591	NODE_19112_length_308_cov_2.472727	37.0	308	348	0.287356	5.47e-10	acc|GENBANK|AYV86709.1|GENBANK|MK072513|hypothetical protein [Sylvanvirus sp.]	Sylvanvirus sp.	Blastx
SRR14574591	NODE_21837_length_321_cov_1.954861	43.5	321	520	0.163462	5.52e-10	acc|GENBANK|APO14197.1|GENBANK|KX098475|truncated DELLA protein [Setaria italica]	Setaria italica	Blastx
SRR14574591	NODE_12452_length_2002_cov_10.570340	29.9	2002	608	0.302632	5.63e-10	acc|GENBANK|AYV87106.1|GENBANK|MK072531|phospholipase [Sylvanvirus sp.]	Sylvanvirus sp.	Blastx
SRR14574591	NODE_3100_length_1427_cov_9.980631	34.2	1427	1946	0.057040	5.69e-10	acc|GENBANK|ADB85424.1|GENBANK|GQ252887|putative retrotransposon protein [Phyllostachys edulis]	Phyllostachys edulis	Blastx
SRR14574591	NODE_27419_length_224_cov_1.230366	39.7	224	925	0.078919	5.69e-10	acc|GENBANK|ABY48139.1|GENBANK|EU306659|NORK [Medicago truncatula]	Medicago truncatula	Blastx
SRR14574591	NODE_16475_length_246_cov_1.624413	46.3	246	1232	0.064935	5.79e-10	acc|GENBANK|ADK47521.1|GENBANK|HM124452|RDG2A [Hordeum vulgare subsp. vulgare]	Hordeum vulgare subsp. vulgare	Blastx
SRR14574591	NODE_41305_length_226_cov_1.212435	48.7	226	549	0.138434	5.81e-10	acc|GENBANK|WGU26815.1|GENBANK|OQ503488|pentatricopeptide repeat-containing protein [Triticum monococcum]	Triticum monococcum	Blastx
SRR14574591	NODE_30152_length_1441_cov_5.698864	27.3	1441	272	0.768382	5.87e-10	acc|GENBANK|QBK92713.1|GENBANK|MK500580|fermentation-respiration switch protein [Pithovirus LCPAC401]	Pithovirus LCPAC401	Blastx
SRR14574591	NODE_5886_length_546_cov_3.017544	66.7	546	129	0.372093	5.93e-10	acc|GENBANK|AKE34115.1|GENBANK|KR068481|alpha karyopherin [Okra enation leaf curl virus]	Okra enation leaf curl virus	Blastx
SRR14574591	NODE_37124_length_205_cov_1.360465	45.8	205	456	0.129386	5.93e-10	acc|GENBANK|AYV83564.1|GENBANK|MK072390|aspartate--tRNA ligase, cytoplasmic [Hyperionvirus sp.]	Hyperionvirus sp.	Blastx
SRR14574591	NODE_17653_length_713_cov_1.991176	50.0	713	214	0.308411	6.06e-10	acc|GENBANK|QBK89352.1|GENBANK|MK500417|histidine phosphatase superfamily protein [Mimivirus LCMiAC02]	Mimivirus LCMiAC02	Blastx
SRR14574591	NODE_7817_length_881_cov_4.827830	26.9	881	279	0.706093	6.21e-10	acc|REFSEQ|YP_010086806.1|REFSEQ|NC_055482|putative protein P31 [Pistachio ampelovirus A]	Pistachio ampelovirus A	Blastx
SRR14574591	NODE_8932_length_455_cov_5.272512	38.6	455	91	0.912088	6.23e-10	acc|GENBANK|AYV76651.1|GENBANK|MK071988|putative acyl-CoA-binding protein [Terrestrivirus sp.]	Terrestrivirus sp.	Blastx
SRR14574591	NODE_51352_length_665_cov_1.837025	24.7	665	303	0.640264	6.30e-10	acc|REFSEQ|YP_009120492.1|REFSEQ|NC_026440|DNA-directed RNA polymerase II subunit RPB1 [Pandoravirus inopinatum]	Pandoravirus inopinatum	Blastx
SRR14574591	NODE_7161_length_330_cov_3.151515	28.4	330	314	0.347134	6.37e-10	acc|REFSEQ|YP_009702092.1|REFSEQ|NC_044939|hypothetical protein [Heliothis virescens ascovirus 3g]	Heliothis virescens ascovirus 3g	Blastx
SRR14574591	NODE_46823_length_257_cov_1.044643	45.1	257	1080	0.075926	6.49e-10	acc|GENBANK|AAP74647.1|GENBANK|AH012974|Lr21 [Aegilops tauschii]	Aegilops tauschii	Blastx
SRR14574591	NODE_13974_length_234_cov_0.945274	43.4	234	590	0.128814	6.57e-10	acc|GENBANK|AYV86827.1|GENBANK|MK072516|CMGC/MAPK protein kinase [Sylvanvirus sp.]	Sylvanvirus sp.	Blastx
SRR14574591	NODE_46862_length_257_cov_1.044643	43.0	257	309	0.255663	6.72e-10	acc|GENBANK|AYV75785.1|GENBANK|MK071981|hypothetical protein [Terrestrivirus sp.]	Terrestrivirus sp.	Blastx
SRR14574591	NODE_26223_length_346_cov_1.747604	38.0	346	478	0.192469	7.19e-10	acc|GENBANK|AAK84479.1|GENBANK|AF275345|putative auxin growth promotor protein [Solanum lycopersicum]	Solanum lycopersicum	Blastx
SRR14574591	NODE_21827_length_365_cov_0.963855	34.4	365	2224	0.057554	7.23e-10	acc|GENBANK|AYV81995.1|GENBANK|MK072332|putative CAD protein isoform X1 [Homavirus sp.]	Homavirus sp.	Blastx
SRR14574591	NODE_38398_length_211_cov_1.123596	50.9	211	312	0.182692	7.26e-10	acc|GENBANK|ARF10298.1|GENBANK|KY684103|DnaJ domain protein [Hokovirus HKV1]	Hokovirus HKV1	Blastx
SRR14574591	NODE_3234_length_620_cov_5.502555	33.3	620	147	0.857143	7.41e-10	acc|GENBANK|ARF09946.1|GENBANK|KY684090|acetyltransferase GNAT family protein [Indivirus ILV1]	Indivirus ILV1	Blastx
SRR14574591	NODE_48183_length_267_cov_1.000000	44.3	267	644	0.136646	7.41e-10	acc|GENBANK|AGE55774.1|GENBANK|JX997174|potassium transporter [Acanthocystis turfacea Chlorella virus MN0810.1]	Acanthocystis turfacea Chlorella virus MN0810.1	Blastx
SRR14574591	NODE_40405_length_221_cov_1.085106	45.8	221	870	0.082759	7.45e-10	acc|GENBANK|AGE58933.1|GENBANK|JX997183|calcium-transporting ATPase, plasma [Paramecium bursaria Chlorella virus NYs1]	Paramecium bursaria Chlorella virus NYs1	Blastx
SRR14574591	NODE_15384_length_907_cov_11.964531	23.0	907	549	0.451730	7.56e-10	acc|GENBANK|WGU26819.1|GENBANK|OQ503488|BTB/POZ domain-containing protein [Triticum monococcum]	Triticum monococcum	Blastx
SRR14574591	NODE_45044_length_246_cov_1.098592	40.7	246	520	0.155769	7.63e-10	acc|GENBANK|APO14197.1|GENBANK|KX098475|truncated DELLA protein [Setaria italica]	Setaria italica	Blastx
SRR14574591	NODE_49863_length_296_cov_1.334601	45.1	296	1624	0.043719	7.94e-10	acc|GENBANK|WBF70410.1|GENBANK|OP925046|endo-type 6-aminohexanoate oligomer hydrolase [Megavirus caiporensis]	Megavirus caiporensis	Blastx
SRR14574591	NODE_50483_length_341_cov_1.139610	40.3	341	353	0.218130	8.07e-10	acc|GENBANK|AYV84281.1|GENBANK|MK072403|hypothetical protein [Hyperionvirus sp.]	Hyperionvirus sp.	Blastx
SRR14574591	NODE_14837_length_228_cov_16.620513	53.4	228	562	0.103203	8.28e-10	acc|GENBANK|QDY52375.1|GENBANK|MK250091|asparagine synthase [Mimiviridae sp. ChoanoV1]	Mimiviridae sp. ChoanoV1	Blastx
SRR14574591	NODE_39115_length_215_cov_1.280220	37.7	215	126	0.547619	8.48e-10	acc|GENBANK|AYV75144.1|GENBANK|MK071979|5'-AMP-activated protein kinase subunit [Terrestrivirus sp.]	Terrestrivirus sp.	Blastx
SRR14574591	NODE_27998_length_288_cov_1.568627	40.7	288	283	0.303887	8.72e-10	acc|REFSEQ|YP_009480790.1|REFSEQ|NC_037665|Haloacid dehydrogenase [Pandoravirus macleodensis]	Pandoravirus macleodensis	Blastx
SRR14574591	NODE_9356_length_380_cov_6.072046	43.3	380	194	0.345361	9.10e-10	acc|GENBANK|CAA12932.1|GENBANK|AJ228333|reverse transcriptase [Pinus elliottii]	Pinus elliottii	Blastx
SRR14574591	NODE_28354_length_409_cov_2.771277	41.8	409	289	0.339100	9.16e-10	acc|GENBANK|QBK88329.1|GENBANK|MK500386|ABC transporter [Marseillevirus LCMAC202]	Marseillevirus LCMAC202	Blastx
SRR14574591	NODE_37026_length_204_cov_2.421053	50.9	204	310	0.170968	9.17e-10	acc|GENBANK|AYV86922.1|GENBANK|MK072520|hypothetical protein [Sylvanvirus sp.]	Sylvanvirus sp.	Blastx
SRR14574591	NODE_9463_length_1807_cov_9.325817	24.4	1807	714	0.355742	9.21e-10	acc|GENBANK|UOG94388.1|NEIGHBOR|OM876856|DNA topoisomerase [Aureococcus anophagefferens virus]	Aureococcus anophagefferens virus	Blastx
SRR14574591	NODE_852_length_799_cov_117.234987	31.1	799	341	0.472141	9.26e-10	acc|GENBANK|QHN71161.1|GENBANK|MN812837|Peptidase domain protein [Mollivirus kamchatka]	Mollivirus kamchatka	Blastx
SRR14574591	NODE_21313_length_285_cov_1.746032	52.9	285	974	0.071869	9.50e-10	acc|GENBANK|AYV86980.1|GENBANK|MK072522|hypothetical protein [Sylvanvirus sp.]	Sylvanvirus sp.	Blastx
SRR14574591	NODE_51308_length_526_cov_1.423935	32.7	526	570	0.273684	9.61e-10	acc|GENBANK|AYV80947.1|GENBANK|MK072253|asparagine synthase [Harvfovirus sp.]	Harvfovirus sp.	Blastx
SRR14574591	NODE_23586_length_241_cov_1.634615	39.0	241	925	0.083243	9.90e-10	acc|GENBANK|ABY48139.1|GENBANK|EU306659|NORK [Medicago truncatula]	Medicago truncatula	Blastx
SRR14574591	NODE_13567_length_4594_cov_23.139662	24.5	4594	800	0.398750	1.02e-09	acc|GENBANK|ARF10190.1|GENBANK|KY684103|ubiquitin-transferase [Hokovirus HKV1]	Hokovirus HKV1	Blastx
SRR14574591	NODE_4403_length_322_cov_1.598616	35.6	322	482	0.186722	1.02e-09	acc|GENBANK|BBA54297.1|GENBANK|AB898755|gag : akt fusion protein [Feline leukemia virus]	Feline leukemia virus	Blastx
SRR14574591	NODE_39159_length_215_cov_1.285714	82.4	215	135	0.251852	1.02e-09	acc|GENBANK|QBK87277.1|GENBANK|MK500347|NifU-like protein [Marseillevirus LCMAC201]	Marseillevirus LCMAC201	Blastx
SRR14574591	NODE_29063_length_405_cov_2.333333	37.5	405	87	0.919540	1.03e-09	acc|GENBANK|QKE50167.1|GENBANK|MN956669|YqaJ viral recombinase [Faustovirus]	Faustovirus	Blastx
SRR14574591	NODE_26162_length_258_cov_2.026667	45.1	258	329	0.249240	1.04e-09	acc|REFSEQ|YP_009163849.1|REFSEQ|NC_027778|ORF_088L [Scale drop disease virus]	Scale drop disease virus	Blastx
SRR14574591	NODE_29957_length_367_cov_1.973054	33.7	367	280	0.350000	1.07e-09	acc|GENBANK|QBK87857.1|GENBANK|MK500370|calcineurin-like phosphoesterase [Marseillevirus LCMAC202]	Marseillevirus LCMAC202	Blastx
SRR14574591	NODE_20122_length_270_cov_3.299578	36.4	270	936	0.094017	1.07e-09	acc|GENBANK|QFG74471.1|GENBANK|MN448288|glycine cleavage system P-protein [Megaviridae environmental sample]	Megaviridae environmental sample	Blastx
SRR14574591	NODE_15160_length_1349_cov_21.988602	34.0	1349	283	0.353357	1.08e-09	acc|GENBANK|QKF94519.1|GENBANK|MT418680|zinc finger RING-type protein [Fadolivirus FV1/VV64]	Fadolivirus FV1/VV64	Blastx
SRR14574591	NODE_29703_length_275_cov_1.644628	45.3	275	589	0.146010	1.09e-09	acc|GENBANK|SOB73998.1|GENBANK|LT907979|ABC2 type transporter superfamily protein [Cedratvirus lausannensis]	Cedratvirus lausannensis	Blastx
SRR14574591	NODE_272_length_1172_cov_3.896400	22.2	1172	570	0.529825	1.10e-09	acc|GENBANK|AYV82503.1|GENBANK|MK072383|putative vacuolar protein sortingassociated [Hyperionvirus sp.]	Hyperionvirus sp.	Blastx
SRR14574591	NODE_11320_length_496_cov_9.332613	33.1	496	294	0.421769	1.12e-09	acc|GENBANK|XCJ76969.1|GENBANK|PP728250|mRNA capping enzyme [Micromonas polaris virus]	Micromonas polaris virus	Blastx
SRR14574591	NODE_203_length_4031_cov_4.336668	23.0	4031	196	1.066327	1.13e-09	acc|GENBANK|QKF93917.1|GENBANK|MT418680|adenylate kinase/UMP-CMP kinase [Fadolivirus FV1/VV64]	Fadolivirus FV1/VV64	Blastx
SRR14574591	NODE_27414_length_300_cov_1.404494	44.0	300	741	0.122807	1.13e-09	acc|GENBANK|BDT61929.1|GENBANK|LC738870|semaphorin-1A-like protein [Penaeus monodon majanivirus A]	Penaeus monodon majanivirus A	Blastx
SRR14574591	NODE_37172_length_205_cov_1.360465	43.9	205	1247	0.052927	1.14e-09	acc|GENBANK|QDY51995.1|GENBANK|MK250086|hypothetical protein [Mimiviridae sp. ChoanoV1]	Mimiviridae sp. ChoanoV1	Blastx
SRR14574591	NODE_3042_length_504_cov_4.390658	29.9	504	348	0.393678	1.15e-09	acc|GENBANK|QFG74822.1|GENBANK|MN448294|transcription factor TFIIB repeat [Megaviridae environmental sample]	Megaviridae environmental sample	Blastx
SRR14574591	NODE_20888_length_900_cov_2.745098	29.8	900	833	0.249700	1.17e-09	acc|GENBANK|AAL14454.1|GENBANK|AF397035|DNA mismatch repair protein Msh5 [Mus musculus]	Mus musculus	Blastx
SRR14574591	NODE_14689_length_1573_cov_16.618831	28.1	1573	506	0.393281	1.18e-09	acc|GENBANK|QBK89302.1|GENBANK|MK500413|ankyrin repeat protein [Mimivirus LCMiAC02]	Mimivirus LCMiAC02	Blastx
SRR14574591	NODE_4284_length_910_cov_1.947548	38.3	910	439	0.214123	1.18e-09	acc|GENBANK|AYV76294.1|GENBANK|MK071983|hypothetical protein [Terrestrivirus sp.]	Terrestrivirus sp.	Blastx
SRR14574591	NODE_7078_length_521_cov_3.432377	41.3	521	482	0.190871	1.18e-09	acc|GENBANK|BBA54297.1|GENBANK|AB898755|gag : akt fusion protein [Feline leukemia virus]	Feline leukemia virus	Blastx
SRR14574591	NODE_46127_length_253_cov_1.063636	70.0	253	193	0.207254	1.18e-09	acc|REFSEQ|YP_009481299.1|REFSEQ|NC_037665|Histone H2B domain containing protein [Pandoravirus macleodensis]	Pandoravirus macleodensis	Blastx
SRR14574591	NODE_6470_length_852_cov_3.190476	38.3	852	263	0.437262	1.19e-09	acc|GENBANK|AYV76306.1|GENBANK|MK071983|hypothetical protein [Terrestrivirus sp.]	Terrestrivirus sp.	Blastx
SRR14574591	NODE_166_length_775_cov_3.036388	32.8	775	116	1.051724	1.19e-09	acc|GENBANK|ARF08829.1|GENBANK|KY684083|ubiquitin-conjugating enzyme E2 [Catovirus CTV1]	Catovirus CTV1	Blastx
SRR14574591	NODE_1287_length_775_cov_36.784367	31.1	775	116	1.051724	1.19e-09	acc|GENBANK|ARF08829.1|GENBANK|KY684083|ubiquitin-conjugating enzyme E2 [Catovirus CTV1]	Catovirus CTV1	Blastx
SRR14574591	NODE_47969_length_265_cov_2.612069	52.2	265	353	0.130312	1.19e-09	acc|GENBANK|WGU26821.1|GENBANK|OQ503488|S-acyltransferase 11-like protein [Triticum monococcum]	Triticum monococcum	Blastx
SRR14574591	NODE_50327_length_328_cov_1.186441	39.4	328	2037	0.053510	1.20e-09	acc|GENBANK|ABG37663.1|GENBANK|DQ536170|CCHC-type integrase [Populus trichocarpa]	Populus trichocarpa	Blastx
SRR14574591	NODE_14499_length_628_cov_69.200000	75.0	628	36	1.000000	1.20e-09	acc|GENBANK|AUN43545.1|GENBANK|MG645696|RPSA [Myzomela eques]	Myzomela eques	Blastx
SRR14574591	NODE_51200_length_456_cov_1.326241	40.4	456	496	0.199597	1.24e-09	acc|REFSEQ|YP_010780878.1|REFSEQ|NC_075038|peptidase inhibitor I9 [Tupanvirus deep ocean]	Tupanvirus deep ocean	Blastx
SRR14574591	NODE_42984_length_235_cov_0.960396	46.1	235	727	0.104539	1.24e-09	acc|GENBANK|ADB85269.1|GENBANK|GQ252805|putative lectin-like protein kinase [Phyllostachys edulis]	Phyllostachys edulis	Blastx
SRR14574591	NODE_1007_length_363_cov_253.881818	34.1	363	182	0.483516	1.26e-09	acc|REFSEQ|YP_009163818.1|REFSEQ|NC_027778|ORF_057R [Scale drop disease virus]	Scale drop disease virus	Blastx
SRR14574591	NODE_12889_length_616_cov_30.873070	36.8	616	142	0.535211	1.27e-09	acc|GENBANK|ADX06678.1|GENBANK|HQ704808|putative disulphide isomerase [Organic Lake phycodnavirus]	Organic Lake phycodnavirus	Blastx
SRR14574591	NODE_18094_length_261_cov_0.978070	40.0	261	679	0.110457	1.28e-09	acc|GENBANK|QIG60138.1|GENBANK|MN940580|ATP-dependent zinc metalloprotease [Dishui Lake large algae virus 1]	Dishui Lake large algae virus 1	Blastx
SRR14574591	NODE_196_length_430_cov_3.775819	54.7	430	478	0.110879	1.29e-09	acc|GENBANK|AAK84479.1|GENBANK|AF275345|putative auxin growth promotor protein [Solanum lycopersicum]	Solanum lycopersicum	Blastx
SRR14574591	NODE_26230_length_262_cov_1.532751	46.2	262	299	0.217391	1.31e-09	acc|GENBANK|QRE02559.1|GENBANK|MN545489|hypothetical protein [Otarine gammaherpesvirus 4]	Otarine gammaherpesvirus 4	Blastx
SRR14574591	NODE_43931_length_240_cov_1.130435	71.9	240	506	0.063241	1.32e-09	acc|REFSEQ|YP_010781829.1|REFSEQ|NC_075039|glutamate/proline- tRNA synthetase [Tupanvirus soda lake]	Tupanvirus soda lake	Blastx
SRR14574591	NODE_3045_length_1067_cov_3.516441	34.4	1067	517	0.235977	1.34e-09	acc|GENBANK|BFG88057.1|GENBANK|LC801470|RNA binding protein [Nucleocytoviricota sp. D1]	Nucleocytoviricota sp. D1	Blastx
SRR14574591	NODE_36339_length_201_cov_0.952381	66.7	201	352	0.102273	1.36e-09	acc|GENBANK|WGU26813.1|GENBANK|OQ503488|hypothetical protein [Triticum monococcum]	Triticum monococcum	Blastx
SRR14574591	NODE_2473_length_1240_cov_3.884838	22.6	1240	612	0.665033	1.38e-09	acc|GENBANK|QBZ80696.1|GENBANK|MK174290|hAT family C-terminal dimerization region domain [Pandoravirus celtis]	Pandoravirus celtis	Blastx
SRR14574591	NODE_4370_length_272_cov_1.476987	39.3	272	294	0.285714	1.43e-09	acc|GENBANK|BDT62159.1|GENBANK|LC738872|bax inhibitor 1-like protein [Litopenaeus vannamei majanivirus Nimav-1_LVa]	Litopenaeus vannamei majanivirus Nimav-1_LVa	Blastx
SRR14574591	NODE_40753_length_223_cov_1.231579	41.8	223	723	0.092669	1.44e-09	acc|GENBANK|CAD61259.1|GENBANK|AL772193|pyruvate carboxylase [Danio rerio]	Danio rerio	Blastx
SRR14574591	NODE_639_length_1124_cov_33.747021	26.3	1124	219	0.780822	1.46e-09	acc|GENBANK|AYV81269.1|GENBANK|MK072266|RNA recognition motif protein [Harvfovirus sp.]	Harvfovirus sp.	Blastx
SRR14574591	NODE_26702_length_562_cov_4.920605	30.2	562	305	0.554098	1.49e-09	acc|GENBANK|QIH04953.1|GENBANK|MK867691|acetyltransferase [Dasineura jujubifolia toursvirus 2a]	Dasineura jujubifolia toursvirus 2a	Blastx
SRR14574591	NODE_14587_length_1799_cov_7.027180	48.7	1799	365	0.213699	1.50e-09	acc|GENBANK|BDT62135.1|GENBANK|LC738872|heat shock protein 40-like protein [Litopenaeus vannamei majanivirus Nimav-1_LVa]	Litopenaeus vannamei majanivirus Nimav-1_LVa	Blastx
SRR14574591	NODE_12590_length_658_cov_19.899200	43.7	658	261	0.333333	1.50e-09	acc|GENBANK|AYV86979.1|GENBANK|MK072522|hypothetical protein [Sylvanvirus sp.]	Sylvanvirus sp.	Blastx
SRR14574591	NODE_18050_length_437_cov_1.396040	49.0	437	216	0.236111	1.55e-09	acc|GENBANK|ULY68507.1|GENBANK|OL828820|RING finger domain protein [Chlorella virus XW01]	Chlorella virus XW01	Blastx
SRR14574591	NODE_15429_length_608_cov_40.097391	49.0	608	268	0.182836	1.57e-09	acc|REFSEQ|YP_010781747.1|REFSEQ|NC_075039|RING finger domain protein [Tupanvirus soda lake]	Tupanvirus soda lake	Blastx
SRR14574591	NODE_2786_length_533_cov_6.176000	70.7	533	388	0.105670	1.60e-09	acc|GENBANK|AAU93529.1|GENBANK|AY691949|alcohol dehydrogenase 1 [Zea mays]	Zea mays	Blastx
SRR14574591	NODE_5931_length_830_cov_2.006274	37.6	830	106	0.801887	1.60e-09	acc|GENBANK|QBK87648.1|GENBANK|MK500366|thioredoxin [Marseillevirus LCMAC201]	Marseillevirus LCMAC201	Blastx
SRR14574591	NODE_46559_length_255_cov_1.049550	39.2	255	557	0.141831	1.61e-09	acc|GENBANK|WGU26825.1|GENBANK|OQ503488|putative acyl-activating enzyme 5 [Triticum monococcum]	Triticum monococcum	Blastx
SRR14574591	NODE_14424_length_1092_cov_5.292729	31.0	1092	230	0.800000	1.62e-09	acc|GENBANK|BFT93519.1|GENBANK|LC847964|DNA methyltransferase [Medusavirus sp. 'euryale']	Medusavirus sp. 'euryale'	Blastx
SRR14574591	NODE_7800_length_475_cov_6.703620	36.5	475	925	0.112432	1.63e-09	acc|GENBANK|ABY48139.1|GENBANK|EU306659|NORK [Medicago truncatula]	Medicago truncatula	Blastx
SRR14574591	NODE_49546_length_280_cov_1.603239	45.5	280	925	0.083243	1.64e-09	acc|GENBANK|ABY48139.1|GENBANK|EU306659|NORK [Medicago truncatula]	Medicago truncatula	Blastx
SRR14574591	NODE_22698_length_206_cov_1.930636	40.6	206	299	0.214047	1.67e-09	acc|GENBANK|QBK91775.1|GENBANK|MK500565|mitochondrial carrier-like protein [Pithovirus LCPAC304]	Pithovirus LCPAC304	Blastx
SRR14574591	NODE_25330_length_235_cov_1.599010	46.9	235	761	0.084100	1.70e-09	acc|GENBANK|QBK87503.1|GENBANK|MK500354|glutamyl-tRNA synthetase [Marseillevirus LCMAC201]	Marseillevirus LCMAC201	Blastx
SRR14574591	NODE_51368_length_415_cov_1.526178	33.6	415	1464	0.099727	1.71e-09	acc|GENBANK|ADX06029.1|GENBANK|HQ704802|putative DNA-directed RNA polymerase II [Organic Lake phycodnavirus 1]	Organic Lake phycodnavirus 1	Blastx
SRR14574591	NODE_7835_length_817_cov_3.345663	28.8	817	403	0.508685	1.72e-09	acc|GENBANK|CCQ71329.1|GENBANK|HF586477|hypothetical dolichyl pyrophosphate Man9GlcNAc2 [Cotesia congregata]	Cotesia congregata	Blastx
SRR14574591	NODE_13815_length_1680_cov_9.235580	25.3	1680	268	0.973881	1.73e-09	acc|GENBANK|QBK91399.1|GENBANK|MK500535|mitochondrial carrier-like protein [Pithovirus LCPAC302]	Pithovirus LCPAC302	Blastx
SRR14574591	NODE_13005_length_882_cov_2.796231	33.3	882	403	0.468983	1.74e-09	acc|GENBANK|AGE57051.1|GENBANK|JX997178|UDP-N-acetyl-D-mannosamine dehydrogenase / [Acanthocystis turfacea Chlorella virus NE-JV-3]	Acanthocystis turfacea Chlorella virus NE-JV-3	Blastx
SRR14574591	NODE_6317_length_708_cov_3.857778	34.1	708	278	0.453237	1.74e-09	acc|GENBANK|AYV76281.1|GENBANK|MK071983|E3 ubiquitin-protein ligase Siah2 [Terrestrivirus sp.]	Terrestrivirus sp.	Blastx
SRR14574591	NODE_15867_length_216_cov_1.256831	50.8	216	424	0.148585	1.77e-09	acc|GENBANK|ARF09212.1|GENBANK|KY684084|DnaJ domain protein [Catovirus CTV1]	Catovirus CTV1	Blastx
SRR14574591	NODE_24135_length_267_cov_1.547009	34.9	267	395	0.217722	1.78e-09	acc|GENBANK|AYV79137.1|GENBANK|MK072134|serine/threonine protein kinase [Faunusvirus sp.]	Faunusvirus sp.	Blastx
SRR14574591	NODE_20084_length_242_cov_1.200957	40.5	242	562	0.140569	1.81e-09	acc|GENBANK|QBK87088.1|GENBANK|MK500343|ABC transporter [Marseillevirus LCMAC103]	Marseillevirus LCMAC103	Blastx
SRR14574591	NODE_19424_length_428_cov_3.346835	27.5	428	721	0.196949	1.82e-09	acc|GENBANK|ATZ80225.1|GENBANK|MF782455|putative nuclear export mediator factor [Bodo saltans virus]	Bodo saltans virus	Blastx
SRR14574591	NODE_5523_length_367_cov_1.398204	37.5	367	925	0.112432	1.82e-09	acc|GENBANK|ABY48139.1|GENBANK|EU306659|NORK [Medicago truncatula]	Medicago truncatula	Blastx
SRR14574591	NODE_16674_length_490_cov_2.547046	33.3	490	174	0.672414	1.82e-09	acc|GENBANK|AYV78867.1|GENBANK|MK072106|hypothetical protein [Edafosvirus sp.]	Edafosvirus sp.	Blastx
SRR14574591	NODE_16992_length_225_cov_2.359375	52.9	225	268	0.253731	1.84e-09	acc|GENBANK|QFG74698.1|GENBANK|MN448290|protein phosphatase 2C [Megaviridae environmental sample]	Megaviridae environmental sample	Blastx
SRR14574591	NODE_31133_length_342_cov_3.291262	45.9	342	308	0.275974	1.85e-09	acc|GENBANK|AFV13468.1|GENBANK|JQ314449|ring-H2 zinc finger protein [Coix lacryma-jobi]	Coix lacryma-jobi	Blastx
SRR14574591	NODE_20248_length_331_cov_1.080537	40.5	331	276	0.286232	1.86e-09	acc|GENBANK|ABV29330.1|GENBANK|EU126948|truncated bromodomain-containing protein 2b [Danio rerio]	Danio rerio	Blastx
SRR14574591	NODE_51507_length_428_cov_1.184810	34.9	428	925	0.114595	1.87e-09	acc|GENBANK|ABY48139.1|GENBANK|EU306659|NORK [Medicago truncatula]	Medicago truncatula	Blastx
SRR14574591	NODE_50430_length_337_cov_1.539474	55.1	337	207	0.236715	1.92e-09	acc|GENBANK|AAX14648.1|GENBANK|AY846846|gag-pol polyprotein [Cenchrus purpurascens]	Cenchrus purpurascens	Blastx
SRR14574591	NODE_47128_length_259_cov_1.504425	41.6	259	325	0.273846	1.93e-09	acc|GENBANK|ARF09069.1|GENBANK|KY684084|diacylglycerol kinase catalytic domain protein [Catovirus CTV1]	Catovirus CTV1	Blastx
SRR14574591	NODE_49005_length_274_cov_0.950207	67.5	274	405	0.098765	1.94e-09	acc|GENBANK|QGR53825.1|GENBANK|MK978772|DnaJ domain-containing protein [Moumouvirus maliensis]	Moumouvirus maliensis	Blastx
SRR14574591	NODE_45101_length_247_cov_1.093458	87.5	247	212	0.150943	1.97e-09	acc|GENBANK|AYV82031.1|GENBANK|MK072334|Ras-like protein Rab-11A [Homavirus sp.]	Homavirus sp.	Blastx
SRR14574591	NODE_7748_length_1200_cov_3.185090	36.0	1200	230	0.326087	1.98e-09	acc|GENBANK|ARF08295.1|GENBANK|KY684083|RING finger domain protein [Catovirus CTV1]	Catovirus CTV1	Blastx
SRR14574591	NODE_45218_length_247_cov_1.640187	37.0	247	933	0.078242	2.00e-09	acc|GENBANK|AAL68644.1|GENBANK|AF458768|polyprotein [Oryza sativa Japonica Group]	Oryza sativa Japonica Group	Blastx
SRR14574591	NODE_50184_length_318_cov_1.231579	29.5	318	228	0.416667	2.04e-09	acc|GENBANK|USH99968.1|GENBANK|ON752338|putative Ty1-copia subclass retrotransposon [Oryza sativa Japonica Group]	Oryza sativa Japonica Group	Blastx
SRR14574591	NODE_24667_length_295_cov_1.324427	54.9	295	77	0.662338	2.04e-09	acc|GENBANK|WRJ69532.1|GENBANK|OR001839|SANT superfamily protein [Oceanusvirus sp.]	Oceanusvirus sp.	Blastx
SRR14574591	NODE_13189_length_1397_cov_6.598240	25.1	1397	401	0.745636	2.05e-09	acc|GENBANK|ACG36640.1|GENBANK|EU964522|retrotransposon protein [Zea mays]	Zea mays	Blastx
SRR14574591	NODE_46641_length_256_cov_1.049327	40.7	256	369	0.219512	2.05e-09	acc|GENBANK|QYB17587.1|GENBANK|MZ440852|bifunctional polynucleotide phosphatase/kinase [Pacmanvirus S19]	Pacmanvirus S19	Blastx
SRR14574591	NODE_2690_length_907_cov_3.438215	35.9	907	299	0.307692	2.06e-09	acc|GENBANK|UOG94093.1|NEIGHBOR|OM876856|serine threonine-protein phosphatase [Aureococcus anophagefferens virus]	Aureococcus anophagefferens virus	Blastx
SRR14574591	NODE_44491_length_243_cov_1.114286	35.8	243	171	0.391813	2.06e-09	acc|REFSEQ|YP_009001589.1|REFSEQ|NC_023426|translation initiation factor elF-4e [Alphaentomopoxvirus acuprea]	Alphaentomopoxvirus acuprea	Blastx
SRR14574591	NODE_26588_length_469_cov_2.495413	32.4	469	925	0.120000	2.10e-09	acc|GENBANK|ABY48139.1|GENBANK|EU306659|NORK [Medicago truncatula]	Medicago truncatula	Blastx
SRR14574591	NODE_45562_length_249_cov_1.083333	42.2	249	299	0.277592	2.15e-09	acc|GENBANK|AAV98015.1|GENBANK|AY651829|protein tyrosine phosphatase [Cotesia plutellae polydnavirus]	Cotesia plutellae polydnavirus	Blastx
SRR14574591	NODE_21989_length_348_cov_1.330159	42.9	348	234	0.329060	2.17e-09	acc|GENBANK|BDT63268.1|GENBANK|LC738882|hypothetical protein [Hemigrapsus takanoi nimavirus]	Hemigrapsus takanoi nimavirus	Blastx
SRR14574591	NODE_43031_length_235_cov_2.316832	56.3	235	276	0.173913	2.18e-09	acc|GENBANK|ABV29330.1|GENBANK|EU126948|truncated bromodomain-containing protein 2b [Danio rerio]	Danio rerio	Blastx
SRR14574591	NODE_49997_length_305_cov_1.720588	45.8	305	155	0.380645	2.25e-09	acc|GENBANK|AYV78695.1|GENBANK|MK072090|hypothetical protein [Edafosvirus sp.]	Edafosvirus sp.	Blastx
SRR14574591	NODE_9141_length_530_cov_3.525151	38.5	530	439	0.207289	2.28e-09	acc|GENBANK|AYV76294.1|GENBANK|MK071983|hypothetical protein [Terrestrivirus sp.]	Terrestrivirus sp.	Blastx
SRR14574591	NODE_5391_length_358_cov_6.707692	38.0	358	1516	0.052111	2.31e-09	acc|GENBANK|USH99796.1|GENBANK|ON752166|putative Ty3-gypsy subclass retrotransposon [Oryza sativa Japonica Group]	Oryza sativa Japonica Group	Blastx
SRR14574591	NODE_9824_length_1434_cov_7.521770	71.4	1434	82	0.426829	2.37e-09	acc|GENBANK|AAC00047.1|GENBANK|S75223|Int-6/LTR fusion protein [Mouse mammary tumor virus]	Mouse mammary tumor virus	Blastx
SRR14574591	NODE_30561_length_391_cov_2.731844	37.2	391	925	0.101622	2.37e-09	acc|GENBANK|ABY48139.1|GENBANK|EU306659|NORK [Medicago truncatula]	Medicago truncatula	Blastx
SRR14574591	NODE_3762_length_781_cov_4.618984	27.3	781	575	0.483478	2.41e-09	acc|GENBANK|CAE02704.1|GENBANK|AJ575660|putative sugar transporter [Yarrowia lipolytica]	Yarrowia lipolytica	Blastx
SRR14574591	NODE_11163_length_861_cov_9.200483	28.9	861	268	0.708955	2.42e-09	acc|GENBANK|QBK91399.1|GENBANK|MK500535|mitochondrial carrier-like protein [Pithovirus LCPAC302]	Pithovirus LCPAC302	Blastx
SRR14574591	NODE_3111_length_1921_cov_98.367585	63.0	1921	131	0.412214	2.45e-09	acc|GENBANK|ULK74027.1|GENBANK|OL469143|polyprotein [Paslahepevirus balayani]	Paslahepevirus balayani	Blastx
SRR14574591	NODE_28082_length_350_cov_2.107256	39.7	350	152	0.480263	2.47e-09	acc|REFSEQ|YP_010780185.1|REFSEQ|NC_075038|mimivirus translation initiation factor 5A [Tupanvirus deep ocean]	Tupanvirus deep ocean	Blastx
SRR14574591	NODE_44346_length_242_cov_1.119617	46.4	242	593	0.116358	2.48e-09	acc|REFSEQ|NP_042289.1|REFSEQ|NC_001618|P68 protein [UR2 sarcoma virus]	UR2 sarcoma virus	Blastx
SRR14574591	NODE_481_length_558_cov_5.304762	48.1	558	751	0.105193	2.49e-09	acc|REFSEQ|YP_010780126.1|REFSEQ|NC_075038|hypothetical protein [Tupanvirus deep ocean]	Tupanvirus deep ocean	Blastx
SRR14574591	NODE_11676_length_642_cov_21.786535	33.9	642	120	1.058333	2.49e-09	acc|GENBANK|WZO77242.1|GENBANK|PP681867|fibernectin-binding protein [Chlorovirus sp.]	Chlorovirus sp.	Blastx
SRR14574591	NODE_30489_length_479_cov_2.813901	49.2	479	394	0.154822	2.57e-09	acc|GENBANK|QKF93683.1|GENBANK|MT418680|ATP-dependent RNA helicase DEAD-box [Fadolivirus FV1/VV64]	Fadolivirus FV1/VV64	Blastx
SRR14574591	NODE_12420_length_1220_cov_2.948610	27.3	1220	249	1.016064	2.65e-09	acc|GENBANK|ACD54816.1|GENBANK|EU643495|carbonyl reductase-like protein [Adineta vaga]	Adineta vaga	Blastx
SRR14574591	NODE_43756_length_239_cov_1.135922	41.6	239	254	0.303150	2.68e-09	acc|GENBANK|XDO02333.1|GENBANK|PP542043|putative Lipase [Florenciella sp. virus SA2]	Florenciella sp. virus SA2	Blastx
SRR14574591	NODE_3198_length_1021_cov_6.562753	29.3	1021	234	0.700855	2.69e-09	acc|REFSEQ|YP_294107.1|REFSEQ|NC_007346|putative protease [Emiliania huxleyi virus 86]	Emiliania huxleyi virus 86	Blastx
SRR14574591	NODE_16389_length_254_cov_1.565611	49.4	254	368	0.209239	2.70e-09	acc|GENBANK|QFG73671.1|GENBANK|MN448266|peptidase family M20/M25/M40 [Megaviridae environmental sample]	Megaviridae environmental sample	Blastx
SRR14574591	NODE_17443_length_304_cov_1.501845	39.8	304	114	0.771930	2.71e-09	acc|GENBANK|AUV58322.1|GENBANK|MG779325|zinc-type alcohol dehydrogenase [Bandra megavirus]	Bandra megavirus	Blastx
SRR14574591	NODE_25354_length_324_cov_1.436426	52.1	324	621	0.117552	2.76e-09	acc|GENBANK|AAK84478.1|GENBANK|AF275345|unknown [Solanum lycopersicum]	Solanum lycopersicum	Blastx
SRR14574591	NODE_21554_length_260_cov_1.418502	38.8	260	345	0.246377	2.79e-09	acc|GENBANK|XDO02296.1|GENBANK|PP542043|Udp-N-Acetylglucosamine 2-Epimerase [Florenciella sp. virus SA2]	Florenciella sp. virus SA2	Blastx
SRR14574591	NODE_3475_length_241_cov_19.197115	43.8	241	118	0.618644	2.83e-09	acc|GENBANK|AUF82471.1|GENBANK|KY322437|cold-shock protein [Tetraselmis virus 1]	Tetraselmis virus 1	Blastx
SRR14574591	NODE_49299_length_277_cov_0.954918	44.3	277	577	0.121317	2.87e-09	acc|GENBANK|QFG73958.1|GENBANK|MN448274|aromatic amino acid lyase [Megaviridae environmental sample]	Megaviridae environmental sample	Blastx
SRR14574591	NODE_41666_length_228_cov_1.200000	46.3	228	833	0.096038	2.93e-09	acc|GENBANK|CCQ71385.1|GENBANK|HF586480|hypothetical Homeodomain-interacting protein [Cotesia congregata]	Cotesia congregata	Blastx
SRR14574591	NODE_11302_length_1353_cov_15.209848	28.9	1353	575	0.366957	2.94e-09	acc|GENBANK|CAE02704.1|GENBANK|AJ575660|putative sugar transporter [Yarrowia lipolytica]	Yarrowia lipolytica	Blastx
SRR14574591	NODE_27483_length_381_cov_2.433908	42.6	381	267	0.352060	2.99e-09	acc|GENBANK|WGU26820.1|GENBANK|OQ503488|cytosolic iron-sulfur (Fe-S) protein [Triticum monococcum]	Triticum monococcum	Blastx
SRR14574591	NODE_17130_length_352_cov_2.877743	49.1	352	181	0.292818	3.01e-09	acc|GENBANK|ARF02703.1|GENBANK|KX857216|SWPV1-102 [Shearwaterpox virus]	Shearwaterpox virus	Blastx
SRR14574591	NODE_11611_length_880_cov_15.819362	26.3	880	188	0.888298	3.02e-09	acc|GENBANK|QBK88294.1|GENBANK|MK500384|pyridoxamine 5'-phosphate oxidase [Marseillevirus LCMAC202]	Marseillevirus LCMAC202	Blastx
SRR14574591	NODE_46616_length_256_cov_1.049327	36.7	256	623	0.144462	3.02e-09	acc|GENBANK|BAL14837.1|GENBANK|AB682995|endo-1,4-b-D-glucanase [Oryza sativa Japonica Group]	Oryza sativa Japonica Group	Blastx
SRR14574591	NODE_46844_length_257_cov_2.089286	81.8	257	700	0.047143	3.04e-09	acc|GENBANK|ABY48141.1|GENBANK|EU306659|oligopeptidase A [Medicago truncatula]	Medicago truncatula	Blastx
SRR14574591	NODE_23188_length_275_cov_1.210744	35.0	275	322	0.248447	3.16e-09	acc|GENBANK|AYV78253.1|GENBANK|MK072073|putative dTDP-D-glucose 46-dehydratase [Edafosvirus sp.]	Edafosvirus sp.	Blastx
SRR14574591	NODE_1945_length_296_cov_624.973384	34.1	296	182	0.450549	3.22e-09	acc|REFSEQ|YP_009163818.1|REFSEQ|NC_027778|ORF_057R [Scale drop disease virus]	Scale drop disease virus	Blastx
SRR14574591	NODE_343_length_709_cov_4.192308	25.9	709	278	0.723022	3.25e-09	acc|GENBANK|AYV76390.1|GENBANK|MK071984|mitochondrial carrier [Terrestrivirus sp.]	Terrestrivirus sp.	Blastx
SRR14574591	NODE_47567_length_262_cov_1.017467	38.2	262	131	0.580153	3.40e-09	acc|GENBANK|QRM16052.1|GENBANK|MW365933|putative glutathione peroxidase [Albatrosspox virus]	Albatrosspox virus	Blastx
SRR14574591	NODE_11421_length_1082_cov_11.581506	27.3	1082	982	0.309572	3.41e-09	acc|GENBANK|APU88859.1|GENBANK|KX853510|DNA polymerase I-like protein [Virus Rctr197k]	Virus Rctr197k	Blastx
SRR14574591	NODE_7384_length_479_cov_3.067265	42.4	479	381	0.154856	3.42e-09	acc|GENBANK|QDY51637.1|GENBANK|MK250085|hypothetical protein [Mimiviridae sp. ChoanoV1]	Mimiviridae sp. ChoanoV1	Blastx
SRR14574591	NODE_29114_length_534_cov_1.532934	32.8	534	153	0.895425	3.43e-09	acc|GENBANK|ACS28471.1|GENBANK|FJ531586|putative dihydroceramide synthase [Emiliania huxleyi virus sp.]	Emiliania huxleyi virus sp.	Blastx
SRR14574591	NODE_19054_length_402_cov_1.498645	31.6	402	630	0.155556	3.53e-09	acc|GENBANK|WIL05472.1|GENBANK|OQ413582|ABC2 type transporter superfamily protein [Pithovirus mammoth]	Pithovirus mammoth	Blastx
SRR14574591	NODE_45835_length_251_cov_1.068807	39.7	251	364	0.214286	3.54e-09	acc|GENBANK|ADB85405.1|GENBANK|GQ252886|putative protein kinase [Phyllostachys edulis]	Phyllostachys edulis	Blastx
SRR14574591	NODE_44786_length_245_cov_1.103774	47.3	245	760	0.072368	3.57e-09	acc|GENBANK|QFG74349.1|GENBANK|MN448286|Hsp90 protein [Megaviridae environmental sample]	Megaviridae environmental sample	Blastx
SRR14574591	NODE_24075_length_306_cov_1.241758	45.9	306	142	0.429577	3.59e-09	acc|GENBANK|QMS79608.1|GENBANK|MN019923|hypothetical protein [Invertebrate iridescent virus 6]	Invertebrate iridescent virus 6	Blastx
SRR14574591	NODE_50515_length_343_cov_1.132258	39.6	343	1506	0.060425	3.60e-09	acc|REFSEQ|YP_009001498.1|REFSEQ|NC_023426|ABC transporter [Alphaentomopoxvirus acuprea]	Alphaentomopoxvirus acuprea	Blastx
SRR14574591	NODE_26757_length_357_cov_1.601852	48.3	357	284	0.204225	3.62e-09	acc|GENBANK|AAD19698.1|GENBANK|AF119227|apoptosis inhibitor iap-1 [Epiphyas postvittana nucleopolyhedrovirus]	Epiphyas postvittana nucleopolyhedrovirus	Blastx
SRR14574591	NODE_45780_length_250_cov_3.751152	56.5	250	384	0.119792	3.62e-09	acc|REFSEQ|YP_003970003.1|REFSEQ|NC_014637|putative superfamily II helicase/eIF-4AIII [Cafeteria roenbergensis virus BV-PW1]	Cafeteria roenbergensis virus BV-PW1	Blastx
SRR14574591	NODE_20580_length_240_cov_1.541063	36.2	240	114	0.508772	3.66e-09	acc|GENBANK|ABD97561.1|NEIGHBOR|DQ437593|NMDA receptor-like protein [Cowpox virus]	Cowpox virus	Blastx
SRR14574591	NODE_21527_length_249_cov_1.736111	39.0	249	447	0.172260	3.73e-09	acc|REFSEQ|NP_077596.1|REFSEQ|NC_002687|serine-threonine kinase [Ectocarpus siliculosus virus 1]	Ectocarpus siliculosus virus 1	Blastx
SRR14574591	NODE_18597_length_547_cov_2.922179	50.0	547	214	0.233645	3.82e-09	acc|GENBANK|QBK88040.1|GENBANK|MK500373|resolvase [Marseillevirus LCMAC202]	Marseillevirus LCMAC202	Blastx
SRR14574591	NODE_45500_length_249_cov_1.083333	48.0	249	974	0.077002	3.89e-09	acc|GENBANK|AYV86980.1|GENBANK|MK072522|hypothetical protein [Sylvanvirus sp.]	Sylvanvirus sp.	Blastx
SRR14574591	NODE_10447_length_206_cov_1.335260	58.0	206	925	0.054054	3.96e-09	acc|GENBANK|ABY48139.1|GENBANK|EU306659|NORK [Medicago truncatula]	Medicago truncatula	Blastx
SRR14574591	NODE_23187_length_228_cov_2.723077	51.9	228	925	0.056216	4.02e-09	acc|GENBANK|ABY48139.1|GENBANK|EU306659|NORK [Medicago truncatula]	Medicago truncatula	Blastx
SRR14574591	NODE_16912_length_411_cov_2.534392	40.5	411	910	0.081319	4.04e-09	acc|GENBANK|BAF00918.1|GENBANK|AK229033|putative reverse transcriptase [Arabidopsis thaliana]	Arabidopsis thaliana	Blastx
SRR14574591	NODE_26332_length_486_cov_2.271523	32.2	486	507	0.282051	4.16e-09	acc|GENBANK|QHN71152.1|GENBANK|MN812837|cytochrome P450 domain protein [Mollivirus kamchatka]	Mollivirus kamchatka	Blastx
SRR14574591	NODE_46628_length_256_cov_1.049327	70.0	256	764	0.052356	4.17e-09	acc|GENBANK|UZH25335.1|GENBANK|OL695857|ORF2 [Mamastrovirus 3]	Mamastrovirus 3	Blastx
SRR14574591	NODE_10493_length_626_cov_4.698145	47.7	626	77	0.844156	4.20e-09	acc|GENBANK|WRJ69532.1|GENBANK|OR001839|SANT superfamily protein [Oceanusvirus sp.]	Oceanusvirus sp.	Blastx
SRR14574591	NODE_39182_length_215_cov_1.285714	43.7	215	379	0.187335	4.24e-09	acc|GENBANK|AAT99858.1|GENBANK|AY598438|unknown [Diachasmimorpha longicaudata entomopoxvirus]	Diachasmimorpha longicaudata entomopoxvirus	Blastx
SRR14574591	NODE_17492_length_531_cov_1.393574	33.9	531	421	0.273159	4.25e-09	acc|REFSEQ|YP_009119842.1|REFSEQ|NC_026440|cys/met metabolism plpdependent enzyme [Pandoravirus inopinatum]	Pandoravirus inopinatum	Blastx
SRR14574591	NODE_1198_length_830_cov_11.504391	35.0	830	278	0.420863	4.30e-09	acc|GENBANK|AYV76281.1|GENBANK|MK071983|E3 ubiquitin-protein ligase Siah2 [Terrestrivirus sp.]	Terrestrivirus sp.	Blastx
SRR14574591	NODE_14542_length_925_cov_20.952915	32.2	925	167	0.874251	4.45e-09	acc|GENBANK|AYV82778.1|GENBANK|MK072384|hypothetical protein [Hyperionvirus sp.]	Hyperionvirus sp.	Blastx
SRR14574591	NODE_2999_length_624_cov_5.128596	34.9	624	189	0.560847	4.52e-09	acc|REFSEQ|YP_009174709.1|REFSEQ|NC_028112|hypothetical protein [Yellowstone lake phycodnavirus 1]	Yellowstone lake phycodnavirus 1	Blastx
SRR14574591	NODE_8950_length_200_cov_1.389222	46.8	200	366	0.169399	4.70e-09	acc|GENBANK|ARF12215.1|GENBANK|KY684111|phosphoribosyl transferase [Klosneuvirus KNV1]	Klosneuvirus KNV1	Blastx
SRR14574591	NODE_27484_length_217_cov_1.086957	36.8	217	1490	0.045638	4.72e-09	acc|GENBANK|ADH59425.1|GENBANK|GU259618|Tsn1 [Triticum turgidum subsp. durum]	Triticum turgidum subsp. durum	Blastx
SRR14574591	NODE_40446_length_221_cov_2.452128	40.8	221	631	0.112520	4.81e-09	acc|REFSEQ|YP_010781061.1|REFSEQ|NC_075038|putative acyl-CoA oxidase [Tupanvirus deep ocean]	Tupanvirus deep ocean	Blastx
SRR14574591	NODE_141_length_1327_cov_4.268161	36.0	1327	364	0.304945	4.85e-09	acc|GENBANK|ADB85405.1|GENBANK|GQ252886|putative protein kinase [Phyllostachys edulis]	Phyllostachys edulis	Blastx
SRR14574591	NODE_28273_length_295_cov_2.217557	40.6	295	247	0.259109	5.03e-09	acc|GENBANK|AYV83817.1|GENBANK|MK072394|CHY zinc finger family protein [Hyperionvirus sp.]	Hyperionvirus sp.	Blastx
SRR14574591	NODE_1126_length_1481_cov_77.285912	58.6	1481	1196	0.048495	5.23e-09	acc|GENBANK|QBK88182.1|GENBANK|MK500377|CobB/CobQ-like glutamine amidotransferase domain [Marseillevirus LCMAC202]	Marseillevirus LCMAC202	Blastx
SRR14574591	NODE_47998_length_266_cov_1.004292	46.0	266	87	0.574713	5.24e-09	acc|GENBANK|BAA19417.1|GENBANK|AB001585|reverse transcriptase [Solanum virginianum]	Solanum virginianum	Blastx
SRR14574591	NODE_41911_length_229_cov_2.862245	42.6	229	274	0.222628	5.27e-09	acc|REFSEQ|YP_009329787.1|REFSEQ|NC_032111|phospholipase-D-like protein K4 [BeAn 58058 virus]	BeAn 58058 virus	Blastx
SRR14574591	NODE_3769_length_831_cov_1.794486	59.3	831	144	0.375000	5.36e-09	acc|GENBANK|WZH61589.1|GENBANK|PP173858|putative capsid protein [Sonafor virus]	Sonafor virus	Blastx
SRR14574591	NODE_27138_length_501_cov_4.130342	45.6	501	173	0.329480	5.37e-09	acc|GENBANK|AYV84055.1|GENBANK|MK072398|hypothetical protein [Hyperionvirus sp.]	Hyperionvirus sp.	Blastx
SRR14574591	NODE_23947_length_498_cov_1.208602	33.1	498	249	0.582329	5.43e-09	acc|GENBANK|ACD54816.1|GENBANK|EU643495|carbonyl reductase-like protein [Adineta vaga]	Adineta vaga	Blastx
SRR14574591	NODE_3505_length_598_cov_2.617699	41.5	598	322	0.254658	5.47e-09	acc|GENBANK|AYV84288.1|GENBANK|MK072403|hypothetical protein [Hyperionvirus sp.]	Hyperionvirus sp.	Blastx
SRR14574591	NODE_49136_length_275_cov_7.256198	39.1	275	299	0.307692	5.49e-09	acc|GENBANK|QRE02559.1|GENBANK|MN545489|hypothetical protein [Otarine gammaherpesvirus 4]	Otarine gammaherpesvirus 4	Blastx
SRR14574591	NODE_28317_length_443_cov_1.604878	30.6	443	236	0.525424	5.55e-09	acc|GENBANK|CAE02698.1|GENBANK|AJ575660|putative isoamyl acetate hydrolytic enzyme [Yarrowia lipolytica]	Yarrowia lipolytica	Blastx
SRR14574591	NODE_38366_length_211_cov_1.314607	40.0	211	403	0.161290	5.66e-09	acc|GENBANK|AYV82314.1|GENBANK|MK072360|translation initiation factor 4A-III [Homavirus sp.]	Homavirus sp.	Blastx
SRR14574591	NODE_5928_length_499_cov_2.103004	40.7	499	394	0.205584	5.73e-09	acc|GENBANK|QBK89990.1|GENBANK|MK500451|phosphoribosyl transferase domain protein [Pithovirus LCPAC101]	Pithovirus LCPAC101	Blastx
SRR14574591	NODE_21181_length_258_cov_1.871111	43.0	258	496	0.159274	5.77e-09	acc|GENBANK|XIF71149.1|GENBANK|PQ381123|protein kinase ubiB [Micromonas commoda virus]	Micromonas commoda virus	Blastx
SRR14574591	NODE_14321_length_1211_cov_88.780136	75.0	1211	36	1.000000	5.78e-09	acc|GENBANK|AUN43545.1|GENBANK|MG645696|RPSA [Myzomela eques]	Myzomela eques	Blastx
SRR14574591	NODE_15935_length_234_cov_1.233831	50.0	234	548	0.109489	5.83e-09	acc|GENBANK|AAV50562.1|NEIGHBOR|AY653733|unknown [Acanthamoeba polyphaga mimivirus]	Acanthamoeba polyphaga mimivirus	Blastx
SRR14574591	NODE_38396_length_211_cov_1.314607	47.8	211	1589	0.042165	5.94e-09	acc|REFSEQ|YP_010780309.1|REFSEQ|NC_075038|NcpA [Tupanvirus deep ocean]	Tupanvirus deep ocean	Blastx
SRR14574591	NODE_17969_length_393_cov_1.583333	30.3	393	625	0.190400	5.95e-09	acc|GENBANK|QBK87867.1|GENBANK|MK500370|formyl transferase [Marseillevirus LCMAC202]	Marseillevirus LCMAC202	Blastx
SRR14574591	NODE_29471_length_293_cov_7.157692	46.3	293	125	0.536000	6.00e-09	acc|GENBANK|QOI90377.1|GENBANK|MT663536|hypothetical protein [Pyramimonas orientalis virus]	Pyramimonas orientalis virus	Blastx
SRR14574591	NODE_16773_length_341_cov_1.941558	57.4	341	531	0.088512	6.01e-09	acc|GENBANK|QBK88836.1|GENBANK|MK500400|CTP synthetase [Mimivirus LCMiAC01]	Mimivirus LCMiAC01	Blastx
SRR14574591	NODE_22104_length_341_cov_1.399351	38.3	341	544	0.172794	6.03e-09	acc|REFSEQ|YP_009119837.1|REFSEQ|NC_026440|beta glucosidase [Pandoravirus inopinatum]	Pandoravirus inopinatum	Blastx
SRR14574591	NODE_9213_length_750_cov_7.715481	31.2	750	465	0.268817	6.06e-09	acc|GENBANK|CAE02706.1|GENBANK|AJ575660|putative ubiquitin monooxygenase [Yarrowia lipolytica]	Yarrowia lipolytica	Blastx
SRR14574591	NODE_28036_length_617_cov_2.299658	34.8	617	271	0.509225	6.08e-09	acc|GENBANK|AYV75890.1|GENBANK|MK071981|serine/threonine protein phosphatase [Terrestrivirus sp.]	Terrestrivirus sp.	Blastx
SRR14574591	NODE_12872_length_372_cov_2.395280	51.6	372	219	0.292237	6.33e-09	acc|REFSEQ|YP_010781344.1|REFSEQ|NC_075039|putative tyrosine-protein phosphatase [Tupanvirus soda lake]	Tupanvirus soda lake	Blastx
SRR14574591	NODE_38973_length_214_cov_1.292818	41.2	214	293	0.232082	6.61e-09	acc|GENBANK|QFG75012.1|GENBANK|MN448296|protein kinase domain protein [Megaviridae environmental sample]	Megaviridae environmental sample	Blastx
SRR14574591	NODE_48562_length_270_cov_0.987342	40.4	270	471	0.188960	6.67e-09	acc|GENBANK|AFV13457.1|GENBANK|JQ314445|UDPG-flavonoid 3-O-glucosyl transferase [Tripsacum dactyloides]	Tripsacum dactyloides	Blastx
SRR14574591	NODE_739_length_1656_cov_16.484904	41.1	1656	259	0.281853	6.69e-09	acc|REFSEQ|YP_667874.1|REFSEQ|NC_008252|trypsin-like protein [Neodiprion abietis nucleopolyhedrovirus]	Neodiprion abietis nucleopolyhedrovirus	Blastx
SRR14574591	NODE_17134_length_224_cov_2.413613	45.9	224	482	0.153527	6.75e-09	acc|GENBANK|ATZ80535.1|GENBANK|MF782455|ATP-dependent Lon protease [Bodo saltans virus]	Bodo saltans virus	Blastx
SRR14574591	NODE_45167_length_247_cov_1.093458	56.1	247	492	0.083333	6.76e-09	acc|GENBANK|QKF93763.1|GENBANK|MT418680|prolyl-tRNA synthetase class IIa archaeal-type [Fadolivirus FV1/VV64]	Fadolivirus FV1/VV64	Blastx
SRR14574591	NODE_47364_length_261_cov_1.026316	41.4	261	190	0.305263	6.76e-09	acc|REFSEQ|YP_010781030.1|REFSEQ|NC_075038|putative E3 ubiquitin-protein ligase [Tupanvirus deep ocean]	Tupanvirus deep ocean	Blastx
SRR14574591	NODE_8590_length_825_cov_8.654040	34.8	825	299	0.307692	6.84e-09	acc|GENBANK|UOG94093.1|NEIGHBOR|OM876856|serine threonine-protein phosphatase [Aureococcus anophagefferens virus]	Aureococcus anophagefferens virus	Blastx
SRR14574591	NODE_3481_length_477_cov_1.425676	41.8	477	457	0.172867	6.89e-09	acc|REFSEQ|YP_009481855.1|REFSEQ|NC_037666|Ring finger protein [Pandoravirus neocaledonia]	Pandoravirus neocaledonia	Blastx
SRR14574591	NODE_50264_length_324_cov_1.202749	30.4	324	586	0.174061	6.98e-09	acc|GENBANK|QKF94872.1|GENBANK|MT418680|UPF0061 protein [Fadolivirus FV1/VV64]	Fadolivirus FV1/VV64	Blastx
SRR14574591	NODE_9739_length_649_cov_10.847403	30.8	649	120	1.000000	6.99e-09	acc|GENBANK|CAK7596881.1|GENBANK|OZ003748|Ubiquitin-conjugating enzyme/RWD-like [Catovirus sp. 'naegleriensis']	Catovirus sp. 'naegleriensis'	Blastx
SRR14574591	NODE_37087_length_205_cov_1.354651	43.8	205	368	0.173913	6.99e-09	acc|GENBANK|AYV86301.1|GENBANK|MK072500|hypothetical protein [Solumvirus sp.]	Solumvirus sp.	Blastx
SRR14574591	NODE_36618_length_202_cov_1.384615	40.6	202	588	0.108844	7.02e-09	acc|GENBANK|QOI90522.1|GENBANK|MT663539|hypothetical protein [Pyramimonas orientalis virus]	Pyramimonas orientalis virus	Blastx
SRR14574591	NODE_756_length_273_cov_171.533333	36.4	273	559	0.157424	7.03e-09	acc|GENBANK|QBP06727.1|NEIGHBOR|MK514406|hypothetical protein [Ostreococcus lucimarinus virus 7]	Ostreococcus lucimarinus virus 7	Blastx
SRR14574591	NODE_27306_length_809_cov_1.681701	61.8	809	131	0.419847	7.04e-09	acc|GENBANK|ULK74027.1|GENBANK|OL469143|polyprotein [Paslahepevirus balayani]	Paslahepevirus balayani	Blastx
SRR14574591	NODE_5494_length_377_cov_2.116279	33.6	377	1232	0.096591	7.09e-09	acc|GENBANK|ADK47521.1|GENBANK|HM124452|RDG2A [Hordeum vulgare subsp. vulgare]	Hordeum vulgare subsp. vulgare	Blastx
SRR14574591	NODE_26334_length_352_cov_2.332288	47.0	352	733	0.090041	7.12e-09	acc|GENBANK|CCQ71393.1|GENBANK|HF586480|hypothetical cysteinyl-tRNA synthetase CARS [Cotesia congregata]	Cotesia congregata	Blastx
SRR14574591	NODE_9479_length_810_cov_7.850708	28.7	810	245	0.583673	7.21e-09	acc|GENBANK|UNJ46593.1|GENBANK|OM135585|CG1662 [Drosophila melanogaster]	Drosophila melanogaster	Blastx
SRR14574591	NODE_22284_length_449_cov_1.901442	32.8	449	520	0.223077	7.31e-09	acc|GENBANK|APO14197.1|GENBANK|KX098475|truncated DELLA protein [Setaria italica]	Setaria italica	Blastx
SRR14574591	NODE_10216_length_525_cov_5.119919	66.0	525	421	0.118765	7.46e-09	acc|GENBANK|AGP03657.1|GENBANK|KF220834|integrase-type DNA-binding superfamily protein [Glycine max]	Glycine max	Blastx
SRR14574591	NODE_26262_length_281_cov_3.572581	31.0	281	283	0.307420	7.52e-09	acc|GENBANK|QKF94519.1|GENBANK|MT418680|zinc finger RING-type protein [Fadolivirus FV1/VV64]	Fadolivirus FV1/VV64	Blastx
SRR14574591	NODE_844_length_208_cov_4.245714	37.7	208	631	0.109350	7.64e-09	acc|GENBANK|AYV76068.1|GENBANK|MK071982|hypothetical protein [Terrestrivirus sp.]	Terrestrivirus sp.	Blastx
SRR14574591	NODE_2478_length_559_cov_5.439163	51.1	559	239	0.196653	7.82e-09	acc|GENBANK|AYV83988.1|GENBANK|MK072397|RING/U-box superfamily protein [Hyperionvirus sp.]	Hyperionvirus sp.	Blastx
SRR14574591	NODE_12020_length_260_cov_44.242291	37.2	260	498	0.156627	7.89e-09	acc|GENBANK|XHA59766.1|GENBANK|OR863077|thermosome [Poseidoniales virus]	Poseidoniales virus	Blastx
SRR14574591	NODE_44703_length_244_cov_1.109005	55.3	244	327	0.143731	7.90e-09	acc|GENBANK|XIF71353.1|GENBANK|PQ381123|modification methylase haeIII [Micromonas commoda virus]	Micromonas commoda virus	Blastx
SRR14574591	NODE_11021_length_988_cov_8.220942	29.5	988	323	0.452012	7.91e-09	acc|GENBANK|AYV87081.1|GENBANK|MK072529|putative fatty acid hydroxylase [Sylvanvirus sp.]	Sylvanvirus sp.	Blastx
SRR14574591	NODE_39190_length_215_cov_1.285714	48.3	215	382	0.151832	7.97e-09	acc|GENBANK|QBK87279.1|GENBANK|MK500347|putative serine/threonine protein kinase [Marseillevirus LCMAC201]	Marseillevirus LCMAC201	Blastx
SRR14574591	NODE_41580_length_227_cov_1.206186	42.9	227	166	0.421687	8.31e-09	acc|REFSEQ|YP_008357343.1|REFSEQ|NC_021901|Putative dual specificity phosphatase 13 [Invertebrate iridescent virus 22]	Invertebrate iridescent virus 22	Blastx
SRR14574591	NODE_22878_length_286_cov_1.011858	45.3	286	919	0.069641	8.41e-09	acc|GENBANK|AYV75146.1|GENBANK|MK071979|plasma membrane ATPase [Terrestrivirus sp.]	Terrestrivirus sp.	Blastx
SRR14574591	NODE_12583_length_493_cov_3.169565	39.2	493	87	0.850575	8.50e-09	acc|GENBANK|QJX70809.1|GENBANK|MN534311|hypothetical protein [Faustovirus]	Faustovirus	Blastx
SRR14574591	NODE_22203_length_293_cov_1.634615	41.0	293	432	0.192130	8.51e-09	acc|REFSEQ|YP_010781034.1|REFSEQ|NC_075038|putative SNF1-related protein kinase catalytic [Tupanvirus deep ocean]	Tupanvirus deep ocean	Blastx
SRR14574591	NODE_23807_length_284_cov_0.972112	57.7	284	308	0.168831	8.72e-09	acc|GENBANK|AFV13468.1|GENBANK|JQ314449|ring-H2 zinc finger protein [Coix lacryma-jobi]	Coix lacryma-jobi	Blastx
SRR14574591	NODE_575_length_1155_cov_100.091800	30.1	1155	691	0.250362	8.79e-09	acc|GENBANK|QPB44212.1|GENBANK|MW018138|DEDDy 3'-5' exonuclease [Medusavirus stheno T3]	Medusavirus stheno T3	Blastx
SRR14574591	NODE_24378_length_428_cov_1.453165	29.9	428	127	0.763780	8.79e-09	acc|GENBANK|AYV81790.1|GENBANK|MK072304|hypothetical protein [Harvfovirus sp.]	Harvfovirus sp.	Blastx
SRR14574591	NODE_4853_length_294_cov_2.459770	32.1	294	182	0.461538	8.85e-09	acc|REFSEQ|YP_009163818.1|REFSEQ|NC_027778|ORF_057R [Scale drop disease virus]	Scale drop disease virus	Blastx
SRR14574591	NODE_7622_length_943_cov_7.637363	34.3	943	382	0.259162	9.04e-09	acc|GENBANK|AAB31930.2|GENBANK|S74099|v-myb product [Avian myeloblastosis virus]	Avian myeloblastosis virus	Blastx
SRR14574591	NODE_8465_length_723_cov_3.465217	31.0	723	1101	0.140781	9.04e-09	acc|GENBANK|ARF09969.1|GENBANK|KY684090|deoxycytidylate deaminase [Indivirus ILV1]	Indivirus ILV1	Blastx
SRR14574591	NODE_20326_length_441_cov_1.362745	29.9	441	299	0.481605	9.05e-09	acc|GENBANK|AGE55581.1|GENBANK|JX997174|N-carbamoylputrescine amidase [Acanthocystis turfacea Chlorella virus MN0810.1]	Acanthocystis turfacea Chlorella virus MN0810.1	Blastx
SRR14574591	NODE_45170_length_247_cov_1.088785	64.1	247	406	0.096059	9.05e-09	acc|GENBANK|QBK87310.1|GENBANK|MK500348|chaperone protein [Marseillevirus LCMAC201]	Marseillevirus LCMAC201	Blastx
SRR14574591	NODE_8470_length_948_cov_6.507104	21.4	948	552	0.541667	9.44e-09	acc|GENBANK|QBK86013.1|GENBANK|MK500328|uncharacterized protein [Marseillevirus LCMAC101]	Marseillevirus LCMAC101	Blastx
SRR14574591	NODE_4567_length_439_cov_2.423645	38.2	439	647	0.137558	9.47e-09	acc|GENBANK|QKF94243.1|GENBANK|MT418680|dynamin GTPase [Fadolivirus FV1/VV64]	Fadolivirus FV1/VV64	Blastx
SRR14574591	NODE_9934_length_248_cov_1.079070	53.5	248	823	0.052248	9.50e-09	acc|GENBANK|QBZ80780.1|GENBANK|MK174290|morn repeat incomplete domain containing [Pandoravirus celtis]	Pandoravirus celtis	Blastx
SRR14574591	NODE_48878_length_273_cov_0.975000	38.9	273	497	0.181087	9.51e-09	acc|GENBANK|AYV83822.1|GENBANK|MK072394|cytochrome P450 704B1 [Hyperionvirus sp.]	Hyperionvirus sp.	Blastx
SRR14574591	NODE_21419_length_201_cov_2.321429	42.4	201	537	0.122905	9.57e-09	acc|GENBANK|AYV78425.1|GENBANK|MK072077|glutamine--tRNA ligase-like isoform X1 [Edafosvirus sp.]	Edafosvirus sp.	Blastx
SRR14574591	NODE_598_length_463_cov_50.853488	88.6	463	1769	0.019785	9.70e-09	acc|GENBANK|QHI01830.1|GENBANK|MN646693|ORF1 protein [Hepatitis E virus]	Hepatitis E virus	Blastx
SRR14574591	NODE_50281_length_324_cov_1.563574	45.1	324	148	0.344595	9.72e-09	acc|GENBANK|AYV85459.1|GENBANK|MK072453|thioredoxin-like protein [Satyrvirus sp.]	Satyrvirus sp.	Blastx
SRR14574591	NODE_6133_length_273_cov_2.412500	57.8	273	285	0.157895	9.76e-09	acc|GENBANK|UZT29310.1|GENBANK|OP765584|hypothetical protein [Nucleocytoviricota sp.]	Nucleocytoviricota sp.	Blastx
SRR14574591	NODE_45851_length_251_cov_1.073394	41.3	251	660	0.113636	9.78e-09	acc|REFSEQ|YP_001425742.1|REFSEQ|NC_008603|hypothetical protein [Paramecium bursaria Chlorella virus FR483]	Paramecium bursaria Chlorella virus FR483	Blastx
SRR14574591	NODE_41208_length_225_cov_2.437500	42.3	225	233	0.304721	9.96e-09	acc|REFSEQ|YP_007676171.1|REFSEQ|NC_020864|ribonuclease III [Micromonas pusilla virus 12T]	Micromonas pusilla virus 12T	Blastx
SRR14574591	NODE_8098_length_501_cov_4.196581	39.7	501	77	0.883117	1.00e-08	acc|GENBANK|UZE89784.1|GENBANK|ON704650|V-UBI [Parapoynx stagnalis nucleopolyhedrovirus]	Parapoynx stagnalis nucleopolyhedrovirus	Blastx
SRR14574591	NODE_28127_length_702_cov_2.460389	25.2	702	851	0.237368	1.01e-08	acc|GENBANK|AYV81974.1|GENBANK|MK072332|phosphoenolpyruvate synthase [Homavirus sp.]	Homavirus sp.	Blastx
SRR14574591	NODE_1016_length_1147_cov_28.219928	31.8	1147	246	0.626016	1.02e-08	acc|GENBANK|AYV75709.1|GENBANK|MK071980|glutamine amidotransferase [Terrestrivirus sp.]	Terrestrivirus sp.	Blastx
SRR14574591	NODE_30404_length_608_cov_3.867826	32.0	608	1946	0.065776	1.03e-08	acc|GENBANK|ADB85424.1|GENBANK|GQ252887|putative retrotransposon protein [Phyllostachys edulis]	Phyllostachys edulis	Blastx
SRR14574591	NODE_3840_length_358_cov_1.686154	37.1	358	727	0.122421	1.04e-08	acc|GENBANK|ADB85269.1|GENBANK|GQ252805|putative lectin-like protein kinase [Phyllostachys edulis]	Phyllostachys edulis	Blastx
SRR14574591	NODE_50388_length_334_cov_2.325581	36.0	334	508	0.175197	1.04e-08	acc|GENBANK|QKF93673.1|GENBANK|MT418680|lysyl-tRNA ligase class II [Fadolivirus FV1/VV64]	Fadolivirus FV1/VV64	Blastx
SRR14574591	NODE_21584_length_281_cov_1.173387	51.6	281	712	0.087079	1.05e-08	acc|GENBANK|AAA49027.1|GENBANK|L22152|reverse transcriptase [Gallus gallus]	Gallus gallus	Blastx
SRR14574591	NODE_47087_length_259_cov_1.035398	43.5	259	548	0.113139	1.08e-08	acc|REFSEQ|YP_010781657.1|REFSEQ|NC_075039|cyclin domain fused to cyclin-dependent [Tupanvirus soda lake]	Tupanvirus soda lake	Blastx
SRR14574591	NODE_38256_length_211_cov_1.314607	48.3	211	550	0.105455	1.08e-08	acc|GENBANK|QPB44446.1|GENBANK|MW018138|ribonucleotide reductase large subunit [Medusavirus stheno T3]	Medusavirus stheno T3	Blastx
SRR14574591	NODE_18683_length_291_cov_2.065891	64.9	291	175	0.211429	1.08e-08	acc|GENBANK|ARF09402.1|GENBANK|KY684085|ubiquitin-conjugating enzyme E2 [Indivirus ILV1]	Indivirus ILV1	Blastx
SRR14574591	NODE_28416_length_249_cov_1.240741	40.0	249	212	0.259434	1.08e-08	acc|GENBANK|AYV79923.1|GENBANK|MK072200|superoxide dismutase [Gaeavirus sp.]	Gaeavirus sp.	Blastx
SRR14574591	NODE_47029_length_259_cov_1.035398	38.6	259	122	0.573770	1.08e-08	acc|GENBANK|AYV80588.1|GENBANK|MK072245|hypothetical protein [Harvfovirus sp.]	Harvfovirus sp.	Blastx
SRR14574591	NODE_27255_length_514_cov_2.409563	37.3	514	1057	0.070956	1.11e-08	acc|GENBANK|ATZ80407.1|GENBANK|MF782455|putative Lon protease [Bodo saltans virus]	Bodo saltans virus	Blastx
SRR14574591	NODE_24584_length_331_cov_1.137584	38.9	331	3055	0.029460	1.11e-08	acc|GENBANK|ACN78965.1|GENBANK|FJ225394|Rpp4 candidate 1 [Glycine max]	Glycine max	Blastx
SRR14574591	NODE_16490_length_217_cov_1.880435	44.3	217	363	0.192837	1.12e-08	acc|REFSEQ|YP_009507483.1|REFSEQ|NC_038553|serine-threonine kinase [Heterosigma akashiwo virus 01]	Heterosigma akashiwo virus 01	Blastx
SRR14574591	NODE_39075_length_215_cov_1.285714	45.6	215	815	0.069939	1.14e-08	acc|REFSEQ|YP_010781262.1|REFSEQ|NC_075038|mimivirus elongation factor aef-2 [Tupanvirus deep ocean]	Tupanvirus deep ocean	Blastx
SRR14574591	NODE_48629_length_271_cov_1.966387	47.0	271	266	0.312030	1.17e-08	acc|GENBANK|QBK88934.1|GENBANK|MK500406|protein phosphatase 2C [Mimivirus LCMiAC02]	Mimivirus LCMiAC02	Blastx
SRR14574591	NODE_2413_length_1253_cov_7.167213	26.7	1253	868	0.198157	1.23e-08	acc|REFSEQ|YP_009174598.1|REFSEQ|NC_028110|putative DNA polymerase [Yellowstone lake phycodnavirus 2]	Yellowstone lake phycodnavirus 2	Blastx
SRR14574591	NODE_5206_length_244_cov_1.658768	40.3	244	925	0.083243	1.25e-08	acc|GENBANK|ABY48139.1|GENBANK|EU306659|NORK [Medicago truncatula]	Medicago truncatula	Blastx
SRR14574591	NODE_24244_length_254_cov_1.307692	40.3	254	263	0.254753	1.27e-08	acc|GENBANK|AUF82462.1|GENBANK|KY322437|putative glycosyltransferase [Tetraselmis virus 1]	Tetraselmis virus 1	Blastx
SRR14574591	NODE_49827_length_295_cov_1.335878	46.0	295	917	0.068702	1.28e-08	acc|GENBANK|BDT63273.1|GENBANK|LC738882|putative reverse transcriptase [Hemigrapsus takanoi nimavirus]	Hemigrapsus takanoi nimavirus	Blastx
SRR14574591	NODE_27305_length_294_cov_9.302682	33.0	294	900	0.107778	1.28e-08	acc|GENBANK|AGE52998.1|GENBANK|JX997166|elongation factor 3 [Paramecium bursaria Chlorella virus CZ-2]	Paramecium bursaria Chlorella virus CZ-2	Blastx
SRR14574591	NODE_46835_length_257_cov_1.044643	50.0	257	334	0.167665	1.28e-08	acc|GENBANK|QBK91883.1|GENBANK|MK500566|GDP-mannose 4,6 dehydratase [Pithovirus LCPAC304]	Pithovirus LCPAC304	Blastx
SRR14574591	NODE_41101_length_225_cov_1.218750	47.4	225	384	0.148438	1.28e-08	acc|REFSEQ|YP_003970003.1|REFSEQ|NC_014637|putative superfamily II helicase/eIF-4AIII [Cafeteria roenbergensis virus BV-PW1]	Cafeteria roenbergensis virus BV-PW1	Blastx
SRR14574591	NODE_4569_length_618_cov_3.750427	30.9	618	158	0.512658	1.30e-08	acc|GENBANK|AYV75779.1|GENBANK|MK071981|putative thioredoxin domain-containing protein [Terrestrivirus sp.]	Terrestrivirus sp.	Blastx
SRR14574591	NODE_27445_length_208_cov_2.400000	41.8	208	334	0.200599	1.30e-08	acc|REFSEQ|YP_010782262.1|REFSEQ|NC_075039|UDP-glucose 4-epimerase [Tupanvirus soda lake]	Tupanvirus soda lake	Blastx
SRR14574591	NODE_17511_length_250_cov_1.041475	35.2	250	500	0.142000	1.31e-08	acc|GENBANK|QED21132.1|GENBANK|MN240300|kelch-like protein [Borealpox virus]	Borealpox virus	Blastx
SRR14574591	NODE_30088_length_909_cov_5.529680	24.1	909	357	0.893557	1.32e-08	acc|GENBANK|AYV78413.1|GENBANK|MK072077|monooxygenase, FAD-binding domain-containing [Edafosvirus sp.]	Edafosvirus sp.	Blastx
SRR14574591	NODE_37851_length_209_cov_1.329545	50.0	209	353	0.181303	1.34e-08	acc|GENBANK|URM62103.1|GENBANK|MT663335|cyclin domain fused to cyclin dependent [Mimivirus sp.]	Mimivirus sp.	Blastx
SRR14574591	NODE_38769_length_213_cov_1.288889	38.6	213	144	0.486111	1.35e-08	acc|GENBANK|ARF08391.1|GENBANK|KY684083|dual specificity phosphatase [Catovirus CTV1]	Catovirus CTV1	Blastx
SRR14574591	NODE_13254_length_2473_cov_10.172541	32.4	2473	250	0.420000	1.36e-08	acc|GENBANK|AAG13370.1|GENBANK|AF268177|polyprotein [Bovine viral diarrhea virus 2]	Bovine viral diarrhea virus 2	Blastx
SRR14574591	NODE_41631_length_228_cov_2.179487	52.4	228	457	0.091904	1.36e-08	acc|REFSEQ|YP_009481855.1|REFSEQ|NC_037666|Ring finger protein [Pandoravirus neocaledonia]	Pandoravirus neocaledonia	Blastx
SRR14574591	NODE_1360_length_314_cov_16.583630	40.3	314	266	0.251880	1.37e-08	acc|GENBANK|QBK88934.1|GENBANK|MK500406|protein phosphatase 2C [Mimivirus LCMiAC02]	Mimivirus LCMiAC02	Blastx
SRR14574591	NODE_3928_length_703_cov_1.562687	24.0	703	268	0.731343	1.38e-08	acc|GENBANK|QBK91399.1|GENBANK|MK500535|mitochondrial carrier-like protein [Pithovirus LCPAC302]	Pithovirus LCPAC302	Blastx
SRR14574591	NODE_10296_length_1082_cov_14.143947	34.8	1082	159	0.867925	1.38e-08	acc|GENBANK|WZO81373.1|GENBANK|PP681878|superoxide dismutase precursor [Chlorovirus sp.]	Chlorovirus sp.	Blastx
SRR14574591	NODE_21169_length_391_cov_1.480447	32.4	391	479	0.219207	1.40e-08	acc|GENBANK|CCQ71313.1|GENBANK|HF586476|hypothetical methyltransferase MTase [Cotesia congregata]	Cotesia congregata	Blastx
SRR14574591	NODE_43335_length_236_cov_1.152709	42.3	236	365	0.213699	1.41e-08	acc|GENBANK|AYV82508.1|GENBANK|MK072383|glutamate 5-kinase [Hyperionvirus sp.]	Hyperionvirus sp.	Blastx
SRR14574591	NODE_37595_length_207_cov_1.344828	43.4	207	485	0.109278	1.41e-08	acc|GENBANK|AYV84586.1|GENBANK|MK072412|lysyl-tRNA synthetase [Hyperionvirus sp.]	Hyperionvirus sp.	Blastx
SRR14574591	NODE_5733_length_722_cov_4.619739	31.9	722	300	0.460000	1.42e-08	acc|GENBANK|QKF94209.1|GENBANK|MT418680|exonuclease RNAse T/DNA polymerase III [Fadolivirus FV1/VV64]	Fadolivirus FV1/VV64	Blastx
SRR14574591	NODE_45850_length_251_cov_1.073394	36.3	251	291	0.312715	1.43e-08	acc|GENBANK|BCS83285.1|GENBANK|AP024483|putative protein phosphatase 2c [Cotonvirus japonicus]	Cotonvirus japonicus	Blastx
SRR14574591	NODE_12668_length_523_cov_28.734694	43.3	523	325	0.206154	1.49e-08	acc|GENBANK|QBK87870.1|GENBANK|MK500370|uncharacterized protein [Marseillevirus LCMAC202]	Marseillevirus LCMAC202	Blastx
SRR14574591	NODE_38592_length_212_cov_1.307263	62.2	212	1182	0.038071	1.51e-08	acc|GENBANK|CAA73251.1|GENBANK|Y12713|Pro-Pol-dUTPase polyprotein [Mus musculus]	Mus musculus	Blastx
SRR14574591	NODE_1793_length_1040_cov_2.474677	62.5	1040	764	0.062827	1.53e-08	acc|GENBANK|UZH25335.1|GENBANK|OL695857|ORF2 [Mamastrovirus 3]	Mamastrovirus 3	Blastx
SRR14574591	NODE_22047_length_620_cov_2.449744	29.1	620	3693	0.031682	1.58e-08	acc|GENBANK|ACN78983.1|GENBANK|FJ225395|Rpp4 candidate 3 [Glycine max]	Glycine max	Blastx
SRR14574591	NODE_2526_length_457_cov_603.160377	50.0	457	144	0.361111	1.62e-08	acc|GENBANK|ULY68577.1|GENBANK|OL828820|ubiquitin-conjugating enzyme E2 2-like isoform [Chlorella virus XW01]	Chlorella virus XW01	Blastx
SRR14574591	NODE_8328_length_767_cov_2.607629	58.9	767	1507	0.037160	1.65e-08	acc|REFSEQ|YP_009173653.1|REFSEQ|NC_028094|DNA-directed RNA polymerase II, subunit RpB1 [Chrysochromulina ericina virus]	Chrysochromulina ericina virus	Blastx
SRR14574591	NODE_44797_length_245_cov_1.094340	39.1	245	443	0.155756	1.65e-08	acc|REFSEQ|YP_010782291.1|REFSEQ|NC_075039|alcohol dehydrogenase [Tupanvirus soda lake]	Tupanvirus soda lake	Blastx
SRR14574591	NODE_20618_length_240_cov_2.077295	46.9	240	925	0.069189	1.65e-08	acc|GENBANK|ABY48139.1|GENBANK|EU306659|NORK [Medicago truncatula]	Medicago truncatula	Blastx
SRR14574591	NODE_2815_length_1289_cov_10.246815	26.4	1289	299	0.735786	1.66e-08	acc|GENBANK|QBK91775.1|GENBANK|MK500565|mitochondrial carrier-like protein [Pithovirus LCPAC304]	Pithovirus LCPAC304	Blastx
SRR14574591	NODE_20364_length_350_cov_1.678233	35.4	350	467	0.205567	1.66e-08	acc|GENBANK|API81738.1|NEIGHBOR|KU052222|hypothetical protein [Cafeteriavirus-dependent mavirus]	Cafeteriavirus-dependent mavirus	Blastx
SRR14574591	NODE_48165_length_267_cov_1.500000	47.6	267	549	0.114754	1.66e-08	acc|GENBANK|WGU26819.1|GENBANK|OQ503488|BTB/POZ domain-containing protein [Triticum monococcum]	Triticum monococcum	Blastx
SRR14574591	NODE_11935_length_900_cov_38.244521	28.6	900	299	0.444816	1.68e-08	acc|GENBANK|XDO01906.1|GENBANK|PP542043|hypothetical protein [Florenciella sp. virus SA2]	Florenciella sp. virus SA2	Blastx
SRR14574591	NODE_28813_length_383_cov_1.582857	38.8	383	411	0.206813	1.68e-08	acc|GENBANK|WZO84620.1|GENBANK|PP681887|NADH dehydrogenase [Chlorovirus sp.]	Chlorovirus sp.	Blastx
SRR14574591	NODE_21450_length_534_cov_1.421158	27.3	534	680	0.258824	1.69e-08	acc|GENBANK|QFG73938.1|GENBANK|MN448274|AAA domain protein [Megaviridae environmental sample]	Megaviridae environmental sample	Blastx
SRR14574591	NODE_44959_length_246_cov_1.098592	63.6	246	486	0.090535	1.72e-08	acc|REFSEQ|YP_003969899.1|REFSEQ|NC_014637|putative bifunctional KDO 8-P [Cafeteria roenbergensis virus BV-PW1]	Cafeteria roenbergensis virus BV-PW1	Blastx
SRR14574591	NODE_44996_length_246_cov_1.098592	39.1	246	571	0.152364	1.74e-08	acc|GENBANK|AYV78594.1|GENBANK|MK072084|hypothetical protein [Edafosvirus sp.]	Edafosvirus sp.	Blastx
SRR14574591	NODE_783_length_1207_cov_15.873935	62.3	1207	213	0.248826	1.75e-08	acc|GENBANK|ACI00359.1|GENBANK|FJ173823|ZCCT2-B2a [Triticum turgidum]	Triticum turgidum	Blastx
SRR14574591	NODE_26992_length_325_cov_2.873288	36.7	325	502	0.179283	1.75e-08	acc|GENBANK|QIG60155.1|GENBANK|MN940580|2-polyprenylphenol 6-hydroxylase [Dishui Lake large algae virus 1]	Dishui Lake large algae virus 1	Blastx
SRR14574591	NODE_49267_length_277_cov_1.918033	39.1	277	405	0.158025	1.79e-08	acc|GENBANK|WGU26824.1|GENBANK|OQ503488|eukaryotic initiation factor 4A-III B-like [Triticum monococcum]	Triticum monococcum	Blastx
SRR14574591	NODE_14210_length_1398_cov_10.570696	25.2	1398	293	1.054608	1.83e-08	acc|GENBANK|QBK92190.1|GENBANK|MK500568|dihydroorotate dehydrogenase [Pithovirus LCPAC304]	Pithovirus LCPAC304	Blastx
SRR14574591	NODE_42029_length_230_cov_1.187817	37.8	230	403	0.183623	1.84e-08	acc|GENBANK|AYV82314.1|GENBANK|MK072360|translation initiation factor 4A-III [Homavirus sp.]	Homavirus sp.	Blastx
SRR14574591	NODE_26422_length_253_cov_1.918182	42.9	253	520	0.134615	1.87e-08	acc|GENBANK|APO14197.1|GENBANK|KX098475|truncated DELLA protein [Setaria italica]	Setaria italica	Blastx
SRR14574591	NODE_42075_length_230_cov_1.167513	33.3	230	631	0.118859	1.89e-08	acc|GENBANK|AWA44806.1|GENBANK|MH182523|hypothetical protein [Saccharum officinarum]	Saccharum officinarum	Blastx
SRR14574591	NODE_46249_length_253_cov_1.063636	40.2	253	833	0.098439	1.92e-08	acc|GENBANK|AAL14454.1|GENBANK|AF397035|DNA mismatch repair protein Msh5 [Mus musculus]	Mus musculus	Blastx
SRR14574591	NODE_566_length_210_cov_118.446328	48.1	210	258	0.201550	1.92e-08	acc|GENBANK|WMV02893.1|GENBANK|OP630990|alpha-tubulin [Diderma spumarioides]	Diderma spumarioides	Blastx
SRR14574591	NODE_43056_length_235_cov_1.158416	42.6	235	131	0.465649	1.94e-08	acc|GENBANK|UOG94122.1|NEIGHBOR|OM876856|hypothetical protein [Aureococcus anophagefferens virus]	Aureococcus anophagefferens virus	Blastx
SRR14574591	NODE_12765_length_1123_cov_3.000000	74.4	1123	471	0.091295	1.95e-08	acc|REFSEQ|YP_009553220.1|REFSEQ|NC_040712|ORF4 [Dioscorea nummularia-associated virus]	Dioscorea nummularia-associated virus	Blastx
SRR14574591	NODE_46067_length_252_cov_1.068493	51.1	252	1369	0.034332	1.95e-08	acc|GENBANK|AIC77183.1|GENBANK|KF740825|polyprotein [Gossypium barbadense]	Gossypium barbadense	Blastx
SRR14574591	NODE_1651_length_1518_cov_69.065320	45.9	1518	77	0.961039	1.96e-08	acc|GENBANK|CAK7597097.1|GENBANK|OZ003748|Ubiquitin-like superfamily domain-containing [Catovirus sp. 'naegleriensis']	Catovirus sp. 'naegleriensis'	Blastx
SRR14574591	NODE_50413_length_335_cov_1.937086	32.4	335	569	0.184534	1.96e-08	acc|GENBANK|ATZ80436.1|GENBANK|MF782455|multidrug export ATPase/permease [Bodo saltans virus]	Bodo saltans virus	Blastx
SRR14574591	NODE_38356_length_211_cov_1.314607	50.0	211	407	0.157248	1.98e-08	acc|GENBANK|QBK87745.1|GENBANK|MK500369|D-isomer specific 2-hydroxyacid dehydrogenase, [Marseillevirus LCMAC202]	Marseillevirus LCMAC202	Blastx
SRR14574591	NODE_17069_length_356_cov_1.427245	47.5	356	315	0.187302	2.00e-08	acc|REFSEQ|YP_009174918.1|REFSEQ|NC_028112|hypothetical protein [Yellowstone lake phycodnavirus 1]	Yellowstone lake phycodnavirus 1	Blastx
SRR14574591	NODE_17960_length_256_cov_1.000000	46.6	256	1004	0.057769	2.01e-08	acc|GENBANK|ADP20180.1|GENBANK|GU136551|mutant gag-pol polyprotein [Pisum sativum]	Pisum sativum	Blastx
SRR14574591	NODE_39369_length_216_cov_1.136612	44.3	216	356	0.196629	2.08e-08	acc|GENBANK|AUF82658.1|GENBANK|KY322437|histidine decarboxylase [Tetraselmis virus 1]	Tetraselmis virus 1	Blastx
SRR14574591	NODE_25943_length_418_cov_3.906494	35.1	418	1542	0.060960	2.10e-08	acc|GENBANK|QIG60117.1|GENBANK|MN940580|DNA-directed RNA polymerase II subunit RPB2 [Dishui Lake large algae virus 1]	Dishui Lake large algae virus 1	Blastx
SRR14574591	NODE_47204_length_260_cov_1.030837	53.6	260	1281	0.043716	2.10e-08	acc|GENBANK|AAA67727.1|GENBANK|U15647|reverse transcriptase [Mus musculus domesticus]	Mus musculus domesticus	Blastx
SRR14574591	NODE_26469_length_237_cov_1.553922	41.6	237	471	0.163482	2.10e-08	acc|GENBANK|AFV13457.1|GENBANK|JQ314445|UDPG-flavonoid 3-O-glucosyl transferase [Tripsacum dactyloides]	Tripsacum dactyloides	Blastx
SRR14574591	NODE_12606_length_1163_cov_9.333628	24.9	1163	464	0.657328	2.11e-08	acc|GENBANK|ARF12058.1|GENBANK|KY684110|aminotransferase class-III [Klosneuvirus KNV1]	Klosneuvirus KNV1	Blastx
SRR14574591	NODE_30269_length_429_cov_2.088384	49.3	429	548	0.122263	2.13e-08	acc|GENBANK|ARF08785.1|GENBANK|KY684083|glycyl-tRNA synthetase [Catovirus CTV1]	Catovirus CTV1	Blastx
SRR14574591	NODE_10799_length_1267_cov_17.166937	42.9	1267	168	0.375000	2.14e-08	acc|GENBANK|AYV79707.1|GENBANK|MK072171|RING finger domain protein [Faunusvirus sp.]	Faunusvirus sp.	Blastx
SRR14574591	NODE_27893_length_345_cov_2.705128	35.7	345	447	0.219239	2.17e-08	acc|GENBANK|AAD27549.1|GENBANK|AF111709|unknown [Oryza sativa Indica Group]	Oryza sativa Indica Group	Blastx
SRR14574591	NODE_13020_length_1070_cov_10.117647	28.5	1070	362	0.687845	2.20e-08	acc|REFSEQ|YP_009482544.1|REFSEQ|NC_037666|Isopenicillin N synthase domain containing [Pandoravirus neocaledonia]	Pandoravirus neocaledonia	Blastx
SRR14574591	NODE_4733_length_683_cov_1.803077	41.6	683	308	0.250000	2.21e-08	acc|GENBANK|AFV13468.1|GENBANK|JQ314449|ring-H2 zinc finger protein [Coix lacryma-jobi]	Coix lacryma-jobi	Blastx
SRR14574591	NODE_48790_length_272_cov_0.979079	38.6	272	363	0.228650	2.21e-08	acc|GENBANK|ABO45233.1|GENBANK|EF113399|reverse transcriptase [Ostrinia nubilalis]	Ostrinia nubilalis	Blastx
SRR14574591	NODE_39296_length_216_cov_1.278689	54.9	216	691	0.073806	2.21e-08	acc|GENBANK|ATZ80349.1|GENBANK|MF782455|putative ATP-dependent RNA helicase [Bodo saltans virus]	Bodo saltans virus	Blastx
SRR14574591	NODE_39359_length_216_cov_1.278689	44.3	216	1574	0.044473	2.25e-08	acc|GENBANK|QBK86388.1|GENBANK|MK500334|DNA-directed RNA polymerase subunit beta [Marseillevirus LCMAC102]	Marseillevirus LCMAC102	Blastx
SRR14574591	NODE_13218_length_1234_cov_15.346378	25.8	1234	311	0.610932	2.27e-08	acc|GENBANK|AYV82542.1|GENBANK|MK072383|SDR family NAD(P)-dependent oxidoreductase [Hyperionvirus sp.]	Hyperionvirus sp.	Blastx
SRR14574591	NODE_49817_length_294_cov_1.344828	40.6	294	476	0.144958	2.28e-08	acc|GENBANK|QPI16652.1|GENBANK|MW030591|serine endoprotease [Virus NIOZ-UU159]	Virus NIOZ-UU159	Blastx
SRR14574591	NODE_9552_length_429_cov_5.204545	58.8	429	324	0.104938	2.32e-08	acc|GENBANK|QDL57023.1|GENBANK|MK558262|V-CATH [Dione juno nucleopolyhedrovirus]	Dione juno nucleopolyhedrovirus	Blastx
SRR14574591	NODE_7535_length_680_cov_2.840804	25.7	680	1715	0.138192	2.35e-08	acc|GENBANK|WDS48439.1|GENBANK|ON798805|essential for potexvirus accumulation 1 [Solanum tuberosum]	Solanum tuberosum	Blastx
SRR14574591	NODE_44658_length_244_cov_1.729858	41.3	244	1004	0.074701	2.35e-08	acc|GENBANK|ARF11675.1|GENBANK|KY684109|leucine-rich repeat protein [Klosneuvirus KNV1]	Klosneuvirus KNV1	Blastx
SRR14574591	NODE_39891_length_219_cov_1.258065	43.8	219	1490	0.048993	2.35e-08	acc|GENBANK|ADH59425.1|GENBANK|GU259618|Tsn1 [Triticum turgidum subsp. durum]	Triticum turgidum subsp. durum	Blastx
SRR14574591	NODE_24704_length_201_cov_1.059524	56.8	201	394	0.111675	2.40e-08	acc|REFSEQ|YP_009506832.1|REFSEQ|NC_038511|eukaryotic peptide chain release factor [Tunisvirus fontaine2]	Tunisvirus fontaine2	Blastx
SRR14574591	NODE_2457_length_708_cov_8.231111	25.4	708	299	0.605351	2.44e-08	acc|GENBANK|AGE57581.1|GENBANK|JX997180|N-carbamoylputrescine amidase [Acanthocystis turfacea Chlorella virus NTS-1]	Acanthocystis turfacea Chlorella virus NTS-1	Blastx
SRR14574591	NODE_45819_length_251_cov_1.073394	38.0	251	471	0.167728	2.44e-08	acc|GENBANK|AFV13457.1|GENBANK|JQ314445|UDPG-flavonoid 3-O-glucosyl transferase [Tripsacum dactyloides]	Tripsacum dactyloides	Blastx
SRR14574591	NODE_10561_length_518_cov_7.507216	29.5	518	466	0.276824	2.45e-08	acc|GENBANK|ARF10066.1|GENBANK|KY684095|hypothetical protein [Indivirus ILV1]	Indivirus ILV1	Blastx
SRR14574591	NODE_11831_length_907_cov_16.927918	61.1	907	131	0.412214	2.52e-08	acc|GENBANK|ULK74027.1|GENBANK|OL469143|polyprotein [Paslahepevirus balayani]	Paslahepevirus balayani	Blastx
SRR14574591	NODE_3000_length_1139_cov_67.831826	45.9	1139	77	0.961039	2.64e-08	acc|REFSEQ|YP_003422389.1|REFSEQ|NC_013772|ubiquitin [Pseudalatia unipuncta granulovirus]	Pseudalatia unipuncta granulovirus	Blastx
SRR14574591	NODE_16260_length_348_cov_1.095238	50.9	348	88	0.647727	2.68e-08	acc|GENBANK|ADF45942.1|GENBANK|GU976671|reverse transcriptase [Eleocharis palustris var. vigens]	Eleocharis palustris var. vigens	Blastx
SRR14574591	NODE_41711_length_228_cov_1.200000	48.6	228	40	0.925000	2.68e-08	acc|GENBANK|ARF12247.1|GENBANK|KY684111|hypothetical protein [Klosneuvirus KNV1]	Klosneuvirus KNV1	Blastx
SRR14574591	NODE_20729_length_797_cov_3.430628	42.5	797	230	0.317391	2.70e-08	acc|GENBANK|ARF08295.1|GENBANK|KY684083|RING finger domain protein [Catovirus CTV1]	Catovirus CTV1	Blastx
SRR14574591	NODE_17250_length_218_cov_1.227027	56.3	218	326	0.147239	2.72e-08	acc|GENBANK|AAO26690.1|GENBANK|AF478377|gag-pol polyprotein [Vitis vinifera]	Vitis vinifera	Blastx
SRR14574591	NODE_9412_length_503_cov_42.134043	51.1	503	292	0.154110	2.76e-08	acc|GENBANK|ARF12189.1|GENBANK|KY684111|RING finger domain protein [Klosneuvirus KNV1]	Klosneuvirus KNV1	Blastx
SRR14574591	NODE_43895_length_239_cov_1.742718	71.0	239	36	0.861111	2.79e-08	acc|GENBANK|AUN43545.1|GENBANK|MG645696|RPSA [Myzomela eques]	Myzomela eques	Blastx
SRR14574591	NODE_13094_length_490_cov_1.717724	28.5	490	691	0.238784	2.87e-08	acc|GENBANK|QPB44212.1|GENBANK|MW018138|DEDDy 3'-5' exonuclease [Medusavirus stheno T3]	Medusavirus stheno T3	Blastx
SRR14574591	NODE_48061_length_266_cov_1.004292	35.3	266	468	0.181624	2.95e-08	acc|GENBANK|QBK87938.1|GENBANK|MK500371|bifunctional dihydrofolate reductase-thymidylate [Marseillevirus LCMAC202]	Marseillevirus LCMAC202	Blastx
SRR14574591	NODE_44187_length_241_cov_1.125000	41.5	241	268	0.242537	2.99e-08	acc|GENBANK|QBK91399.1|GENBANK|MK500535|mitochondrial carrier-like protein [Pithovirus LCPAC302]	Pithovirus LCPAC302	Blastx
SRR14574591	NODE_36168_length_200_cov_1.401198	41.4	200	333	0.210210	2.99e-08	acc|REFSEQ|YP_008319436.1|REFSEQ|NC_021858|Aspartyl/Asparaginyl beta-hydroxylase [Pandoravirus dulcis]	Pandoravirus dulcis	Blastx
SRR14574591	NODE_11975_length_655_cov_26.860129	24.2	655	246	0.670732	3.00e-08	acc|GENBANK|QBK89254.1|GENBANK|MK500410|synaptobrevin [Mimivirus LCMiAC02]	Mimivirus LCMiAC02	Blastx
SRR14574591	NODE_3648_length_288_cov_1.207843	38.1	288	724	0.133978	3.00e-08	acc|GENBANK|ADK47523.1|GENBANK|HM124452|NBS3-RDG2A [Hordeum vulgare subsp. vulgare]	Hordeum vulgare subsp. vulgare	Blastx
SRR14574591	NODE_37621_length_207_cov_1.344828	56.5	207	176	0.261364	3.00e-08	acc|GENBANK|AWA44807.1|GENBANK|MH182523|hypothetical protein [Saccharum officinarum]	Saccharum officinarum	Blastx
SRR14574591	NODE_23403_length_396_cov_1.900826	54.7	396	222	0.238739	3.10e-08	acc|GENBANK|QBK88168.1|GENBANK|MK500377|RNA recognition motif protein [Marseillevirus LCMAC202]	Marseillevirus LCMAC202	Blastx
SRR14574591	NODE_28415_length_413_cov_1.810526	46.9	413	424	0.150943	3.13e-08	acc|GENBANK|ARF09212.1|GENBANK|KY684084|DnaJ domain protein [Catovirus CTV1]	Catovirus CTV1	Blastx
SRR14574591	NODE_26183_length_436_cov_3.193548	33.0	436	104	0.875000	3.13e-08	acc|REFSEQ|YP_009174755.1|REFSEQ|NC_028112|S-adenosylmethionine decarboxylase [Yellowstone lake phycodnavirus 1]	Yellowstone lake phycodnavirus 1	Blastx
SRR14574591	NODE_19712_length_350_cov_1.113565	51.7	350	586	0.102389	3.18e-08	acc|GENBANK|QBP06703.1|NEIGHBOR|MK514406|hypothetical protein [Ostreococcus lucimarinus virus 7]	Ostreococcus lucimarinus virus 7	Blastx
SRR14574591	NODE_27464_length_557_cov_3.969466	41.6	557	254	0.350394	3.19e-08	acc|GENBANK|AYV78429.1|GENBANK|MK072077|endonuclease/exonuclease/phosphatase family [Edafosvirus sp.]	Edafosvirus sp.	Blastx
SRR14574591	NODE_3122_length_412_cov_431.949868	50.0	412	489	0.106339	3.24e-08	acc|GENBANK|AAK84471.1|GENBANK|AF275345|putative permease [Solanum lycopersicum]	Solanum lycopersicum	Blastx
SRR14574591	NODE_2160_length_752_cov_5.506259	25.9	752	395	0.478481	3.25e-08	acc|GENBANK|QDY52265.1|GENBANK|MK250089|hypothetical protein [Mimiviridae sp. ChoanoV1]	Mimiviridae sp. ChoanoV1	Blastx
SRR14574591	NODE_21534_length_297_cov_2.140152	45.0	297	588	0.102041	3.29e-08	acc|GENBANK|QOI90522.1|GENBANK|MT663539|hypothetical protein [Pyramimonas orientalis virus]	Pyramimonas orientalis virus	Blastx
SRR14574591	NODE_48171_length_267_cov_1.000000	38.4	267	178	0.410112	3.29e-08	acc|GENBANK|AMP44263.1|GENBANK|KU556803|hypothetical protein [Faustovirus]	Faustovirus	Blastx
SRR14574591	NODE_51463_length_271_cov_1.966387	37.6	271	925	0.091892	3.31e-08	acc|GENBANK|ABY48139.1|GENBANK|EU306659|NORK [Medicago truncatula]	Medicago truncatula	Blastx
SRR14574591	NODE_47777_length_264_cov_0.978355	38.4	264	295	0.291525	3.31e-08	acc|GENBANK|UKZ11475.1|GENBANK|OM339720|hypothetical protein [Emiliania huxleyi virus M1]	Emiliania huxleyi virus M1	Blastx
SRR14574591	NODE_40682_length_222_cov_2.391534	46.8	222	1516	0.031003	3.34e-08	acc|GENBANK|USH99796.1|GENBANK|ON752166|putative Ty3-gypsy subclass retrotransposon [Oryza sativa Japonica Group]	Oryza sativa Japonica Group	Blastx
SRR14574591	NODE_47746_length_264_cov_1.012987	33.3	264	211	0.398104	3.48e-08	acc|GENBANK|QBK86456.1|GENBANK|MK500334|DNA-directed RNA polymerase subunit 5 [Marseillevirus LCMAC102]	Marseillevirus LCMAC102	Blastx
SRR14574591	NODE_22061_length_420_cov_1.426357	40.3	420	291	0.264605	3.49e-08	acc|GENBANK|AEG78356.1|GENBANK|HQ441055|reverse transcriptase-like protein [Epinephelus coioides]	Epinephelus coioides	Blastx
SRR14574591	NODE_18039_length_204_cov_2.520468	38.8	204	727	0.092160	3.52e-08	acc|GENBANK|ABY48138.1|GENBANK|EU306659|ABC transporter [Medicago truncatula]	Medicago truncatula	Blastx
SRR14574591	NODE_49528_length_279_cov_1.902439	54.2	279	447	0.107383	3.53e-08	acc|GENBANK|AAV51067.1|NEIGHBOR|AY653733|7-dehydrocholesterol reductase [Acanthamoeba polyphaga mimivirus]	Acanthamoeba polyphaga mimivirus	Blastx
SRR14574591	NODE_4640_length_720_cov_1.748180	33.3	720	105	0.800000	3.66e-08	acc|GENBANK|QIG60087.1|GENBANK|MN940580|putative thioredoxin [Dishui Lake large algae virus 1]	Dishui Lake large algae virus 1	Blastx
SRR14574591	NODE_2869_length_2285_cov_40.600799	54.5	2285	96	0.458333	3.67e-08	acc|GENBANK|AFX92836.1|GENBANK|JX975216|putative phosphatidylinositol kinase [Megavirus courdo11]	Megavirus courdo11	Blastx
SRR14574591	NODE_17801_length_347_cov_1.458599	37.6	347	344	0.270349	3.69e-08	acc|GENBANK|QBK88093.1|GENBANK|MK500375|zinc finger protein [Marseillevirus LCMAC202]	Marseillevirus LCMAC202	Blastx
SRR14574591	NODE_37907_length_209_cov_1.329545	43.9	209	925	0.071351	3.69e-08	acc|GENBANK|ABY48139.1|GENBANK|EU306659|NORK [Medicago truncatula]	Medicago truncatula	Blastx
SRR14574591	NODE_37658_length_208_cov_1.337143	48.5	208	1196	0.055184	3.71e-08	acc|GENBANK|QBK88182.1|GENBANK|MK500377|CobB/CobQ-like glutamine amidotransferase domain [Marseillevirus LCMAC202]	Marseillevirus LCMAC202	Blastx
SRR14574591	NODE_38518_length_212_cov_1.279330	45.6	212	432	0.157407	3.73e-08	acc|REFSEQ|YP_010084515.1|REFSEQ|NC_055139|equilibrative nucleoside transporter 1 isoform [Harp seal herpesvirus]	Harp seal herpesvirus	Blastx
SRR14574591	NODE_50078_length_310_cov_1.494585	33.0	310	599	0.146912	3.80e-08	acc|GENBANK|AYV76337.1|GENBANK|MK071983|pyruvate oxidase [Terrestrivirus sp.]	Terrestrivirus sp.	Blastx
SRR14574591	NODE_44230_length_241_cov_1.125000	48.1	241	365	0.142466	3.91e-08	acc|GENBANK|CAK7596944.1|GENBANK|OZ003748|Peptidase M24A, methionine aminopeptidase, [Catovirus sp. 'naegleriensis']	Catovirus sp. 'naegleriensis'	Blastx
SRR14574591	NODE_6979_length_547_cov_5.013619	56.0	547	391	0.127877	3.94e-08	acc|GENBANK|ARF09921.1|GENBANK|KY684089|DnaJ domain protein [Indivirus ILV1]	Indivirus ILV1	Blastx
SRR14574591	NODE_25167_length_264_cov_1.809524	53.3	264	457	0.098468	4.02e-08	acc|REFSEQ|YP_009481855.1|REFSEQ|NC_037666|Ring finger protein [Pandoravirus neocaledonia]	Pandoravirus neocaledonia	Blastx
SRR14574591	NODE_12654_length_1064_cov_7.154219	28.7	1064	278	0.751799	4.06e-08	acc|GENBANK|QKF93541.1|GENBANK|MT418680|ureohydrolase [Fadolivirus FV1/VV64]	Fadolivirus FV1/VV64	Blastx
SRR14574591	NODE_29598_length_931_cov_8.184855	31.0	931	283	0.399293	4.06e-08	acc|GENBANK|QKF94519.1|GENBANK|MT418680|zinc finger RING-type protein [Fadolivirus FV1/VV64]	Fadolivirus FV1/VV64	Blastx
SRR14574591	NODE_46717_length_256_cov_0.946188	40.5	256	294	0.268707	4.07e-08	acc|GENBANK|BDT62159.1|GENBANK|LC738872|bax inhibitor 1-like protein [Litopenaeus vannamei majanivirus Nimav-1_LVa]	Litopenaeus vannamei majanivirus Nimav-1_LVa	Blastx
SRR14574591	NODE_21285_length_348_cov_2.003175	52.5	348	106	0.575472	4.07e-08	acc|GENBANK|XKM49585.1|GENBANK|PQ442273|hypothetical protein [Ostreococcus tauri virus 09-585]	Ostreococcus tauri virus 09-585	Blastx
SRR14574591	NODE_2766_length_1229_cov_15.340301	22.5	1229	362	0.798343	4.12e-08	acc|REFSEQ|YP_009482544.1|REFSEQ|NC_037666|Isopenicillin N synthase domain containing [Pandoravirus neocaledonia]	Pandoravirus neocaledonia	Blastx
SRR14574591	NODE_12028_length_541_cov_31.935039	35.1	541	498	0.228916	4.14e-08	acc|GENBANK|XHA59766.1|GENBANK|OR863077|thermosome [Poseidoniales virus]	Poseidoniales virus	Blastx
SRR14574591	NODE_50260_length_323_cov_1.210345	39.3	323	486	0.230453	4.27e-08	acc|GENBANK|QKF94481.1|GENBANK|MT418680|peptidase S8 subtilisin-related protein [Fadolivirus FV1/VV64]	Fadolivirus FV1/VV64	Blastx
SRR14574591	NODE_48314_length_268_cov_0.987234	45.3	268	650	0.115385	4.28e-08	acc|GENBANK|ACG28971.1|GENBANK|EU956853|retrotransposon protein [Zea mays]	Zea mays	Blastx
SRR14574591	NODE_2102_length_2381_cov_68.821550	47.2	2381	78	0.923077	4.41e-08	acc|GENBANK|BDT62876.1|GENBANK|LC738879|ubiquitin [Trachysalambria curvirostris majanivirus]	Trachysalambria curvirostris majanivirus	Blastx
SRR14574591	NODE_18026_length_330_cov_1.134680	38.3	330	268	0.302239	4.46e-08	acc|GENBANK|QBK91399.1|GENBANK|MK500535|mitochondrial carrier-like protein [Pithovirus LCPAC302]	Pithovirus LCPAC302	Blastx
SRR14574591	NODE_10891_length_1111_cov_29.718924	28.5	1111	278	0.794964	4.49e-08	acc|GENBANK|QGR54164.1|GENBANK|MK978772|spfh domain-containing protein [Moumouvirus maliensis]	Moumouvirus maliensis	Blastx
SRR14574591	NODE_15386_length_802_cov_3.447334	29.7	802	433	0.318707	4.51e-08	acc|GENBANK|ARF09769.1|GENBANK|KY684087|ubiquitin carboxyl-terminal hydrolase [Indivirus ILV1]	Indivirus ILV1	Blastx
SRR14574591	NODE_5467_length_609_cov_1.815972	37.1	609	1080	0.097222	4.52e-08	acc|GENBANK|AAP74647.1|GENBANK|AH012974|Lr21 [Aegilops tauschii]	Aegilops tauschii	Blastx
SRR14574591	NODE_18968_length_329_cov_1.331081	36.0	329	276	0.311594	4.52e-08	acc|GENBANK|ABV29330.1|GENBANK|EU126948|truncated bromodomain-containing protein 2b [Danio rerio]	Danio rerio	Blastx
SRR14574591	NODE_41269_length_226_cov_1.212435	43.7	226	539	0.131725	4.61e-08	acc|GENBANK|QDY52400.1|GENBANK|MK250091|aldehyde dehydrogenase family protein [Mimiviridae sp. ChoanoV1]	Mimiviridae sp. ChoanoV1	Blastx
SRR14574591	NODE_4591_length_216_cov_2.327869	40.0	216	289	0.242215	4.64e-08	acc|GENBANK|QBK88329.1|GENBANK|MK500386|ABC transporter [Marseillevirus LCMAC202]	Marseillevirus LCMAC202	Blastx
SRR14574591	NODE_8856_length_831_cov_16.175439	72.1	831	213	0.201878	4.66e-08	acc|GENBANK|ACI00359.1|GENBANK|FJ173823|ZCCT2-B2a [Triticum turgidum]	Triticum turgidum	Blastx
SRR14574591	NODE_25613_length_775_cov_1.516173	42.4	775	373	0.227882	4.70e-08	acc|GENBANK|AYV77068.1|GENBANK|MK072007|DnaJ domain protein [Barrevirus sp.]	Barrevirus sp.	Blastx
SRR14574591	NODE_9625_length_305_cov_3.805147	33.7	305	549	0.156648	4.80e-08	acc|GENBANK|WGU26819.1|GENBANK|OQ503488|BTB/POZ domain-containing protein [Triticum monococcum]	Triticum monococcum	Blastx
SRR14574591	NODE_28233_length_275_cov_1.309917	42.1	275	2037	0.037310	4.82e-08	acc|GENBANK|ABG37663.1|GENBANK|DQ536170|CCHC-type integrase [Populus trichocarpa]	Populus trichocarpa	Blastx
SRR14574591	NODE_13498_length_735_cov_5.736467	36.6	735	145	0.565517	4.93e-08	acc|GENBANK|QKF94254.1|GENBANK|MT418680|molecular chaperone IbpA HSP20 family [Fadolivirus FV1/VV64]	Fadolivirus FV1/VV64	Blastx
SRR14574591	NODE_30311_length_698_cov_1.774436	29.6	698	333	0.456456	5.00e-08	acc|GENBANK|QBK87932.1|GENBANK|MK500371|protein phosphatase 2C [Marseillevirus LCMAC202]	Marseillevirus LCMAC202	Blastx
SRR14574591	NODE_17207_length_364_cov_1.667674	37.2	364	575	0.163478	5.10e-08	acc|GENBANK|CAE02704.1|GENBANK|AJ575660|putative sugar transporter [Yarrowia lipolytica]	Yarrowia lipolytica	Blastx
SRR14574591	NODE_3556_length_567_cov_2.239700	31.6	567	494	0.198381	5.11e-08	acc|GENBANK|CAA72988.1|GENBANK|Y12321|SLG-Sc [Brassica oleracea var. viridis]	Brassica oleracea var. viridis	Blastx
SRR14574591	NODE_8003_length_259_cov_2.066372	34.3	259	478	0.225941	5.12e-08	acc|GENBANK|AAK84479.1|GENBANK|AF275345|putative auxin growth promotor protein [Solanum lycopersicum]	Solanum lycopersicum	Blastx
SRR14574591	NODE_47099_length_259_cov_1.035398	35.4	259	518	0.158301	5.15e-08	acc|GENBANK|QPI16131.1|GENBANK|MW030532|hypothetical protein [Virus NIOZ-UU157]	Virus NIOZ-UU157	Blastx
SRR14574591	NODE_18635_length_768_cov_1.802721	59.6	768	242	0.214876	5.16e-08	acc|GENBANK|AGU70135.1|GENBANK|KF270089|integrase-type DNA-binding superfamily protein [Tarenaya hassleriana]	Tarenaya hassleriana	Blastx
SRR14574591	NODE_38214_length_210_cov_1.322034	44.8	210	547	0.106033	5.17e-08	acc|GENBANK|ARF09888.1|GENBANK|KY684089|ABC transporter [Indivirus ILV1]	Indivirus ILV1	Blastx
SRR14574591	NODE_46549_length_255_cov_1.054054	38.7	255	1490	0.050336	5.19e-08	acc|GENBANK|ADH59425.1|GENBANK|GU259618|Tsn1 [Triticum turgidum subsp. durum]	Triticum turgidum subsp. durum	Blastx
SRR14574591	NODE_24195_length_218_cov_3.302703	73.3	218	334	0.089820	5.20e-08	acc|GENBANK|AYV82358.1|GENBANK|MK072367|zinc-finger and zinc-ribbon domain protein [Homavirus sp.]	Homavirus sp.	Blastx
SRR14574591	NODE_2480_length_1658_cov_32.656615	33.0	1658	111	0.927928	5.22e-08	acc|REFSEQ|YP_009448553.1|REFSEQ|NC_036594|Thioredoxin [Orpheovirus IHUMI-LCC2]	Orpheovirus IHUMI-LCC2	Blastx
SRR14574591	NODE_12350_length_339_cov_1.225490	34.6	339	502	0.207171	5.26e-08	acc|GENBANK|ARF08211.1|GENBANK|KY684083|aromatic amino acid lyase [Catovirus CTV1]	Catovirus CTV1	Blastx
SRR14574591	NODE_38622_length_212_cov_1.307263	39.1	212	1506	0.042497	5.30e-08	acc|REFSEQ|YP_009001498.1|REFSEQ|NC_023426|ABC transporter [Alphaentomopoxvirus acuprea]	Alphaentomopoxvirus acuprea	Blastx
SRR14574591	NODE_44763_length_245_cov_1.103774	45.3	245	212	0.301887	5.30e-08	acc|GENBANK|AYV84543.1|GENBANK|MK072410|hypothetical protein [Hyperionvirus sp.]	Hyperionvirus sp.	Blastx
SRR14574591	NODE_38752_length_213_cov_1.300000	44.4	213	471	0.152866	5.34e-08	acc|GENBANK|AFV13457.1|GENBANK|JQ314445|UDPG-flavonoid 3-O-glucosyl transferase [Tripsacum dactyloides]	Tripsacum dactyloides	Blastx
SRR14574591	NODE_1395_length_1472_cov_24.280751	28.9	1472	249	0.875502	5.36e-08	acc|GENBANK|ACD54816.1|GENBANK|EU643495|carbonyl reductase-like protein [Adineta vaga]	Adineta vaga	Blastx
SRR14574591	NODE_10809_length_833_cov_8.311250	28.6	833	287	0.658537	5.42e-08	acc|GENBANK|AYV80395.1|GENBANK|MK072243|putative ubiquitin carboxyl-terminal hydrolase [Harvfovirus sp.]	Harvfovirus sp.	Blastx
SRR14574591	NODE_1188_length_723_cov_16.492754	43.1	723	319	0.225705	5.45e-08	acc|REFSEQ|YP_008436953.1|REFSEQ|NC_022098|Ring domain [Pandoravirus salinus]	Pandoravirus salinus	Blastx
SRR14574591	NODE_43573_length_238_cov_1.141463	37.2	238	753	0.103586	5.48e-08	acc|GENBANK|QDY51907.1|GENBANK|MK250085|Hsp90 protein [Mimiviridae sp. ChoanoV1]	Mimiviridae sp. ChoanoV1	Blastx
SRR14574591	NODE_16271_length_217_cov_3.130435	44.3	217	405	0.150617	5.49e-08	acc|GENBANK|WGU26824.1|GENBANK|OQ503488|eukaryotic initiation factor 4A-III B-like [Triticum monococcum]	Triticum monococcum	Blastx
SRR14574591	NODE_9608_length_660_cov_5.527911	32.1	660	333	0.411411	5.51e-08	acc|GENBANK|SPN78987.1|GENBANK|LT994651|WD40 domain-containing protein [Brazilian cedratvirus IHUMI]	Brazilian cedratvirus IHUMI	Blastx
SRR14574591	NODE_10716_length_846_cov_6.905289	54.9	846	77	0.662338	5.52e-08	acc|GENBANK|WRJ69532.1|GENBANK|OR001839|SANT superfamily protein [Oceanusvirus sp.]	Oceanusvirus sp.	Blastx
SRR14574591	NODE_43405_length_237_cov_1.147059	59.3	237	889	0.060742	5.52e-08	acc|GENBANK|QCC26834.1|GENBANK|MK532516|Bs2 gagpol polyprotein [Zea mays]	Zea mays	Blastx
SRR14574591	NODE_4015_length_347_cov_2.875796	34.0	347	549	0.187614	5.68e-08	acc|GENBANK|WGU26815.1|GENBANK|OQ503488|pentatricopeptide repeat-containing protein [Triticum monococcum]	Triticum monococcum	Blastx
SRR14574591	NODE_14918_length_924_cov_12.095398	28.5	924	767	0.178618	5.69e-08	acc|GENBANK|QBK88429.1|GENBANK|MK500389|S9 family peptidase [Mimivirus LCMiAC01]	Mimivirus LCMiAC01	Blastx
SRR14574591	NODE_27350_length_323_cov_1.924138	37.8	323	457	0.179431	5.79e-08	acc|GENBANK|QBK88551.1|GENBANK|MK500391|ankyrin repeat protein [Mimivirus LCMiAC01]	Mimivirus LCMiAC01	Blastx
SRR14574591	NODE_1756_length_897_cov_3.047454	26.9	897	238	1.016807	5.86e-08	acc|GENBANK|ACS53544.1|GENBANK|GQ147893|putative transposase [Anopheles arabiensis]	Anopheles arabiensis	Blastx
SRR14574591	NODE_17639_length_700_cov_3.368816	34.1	700	879	0.139932	6.04e-08	acc|GENBANK|ARF09491.1|GENBANK|KY684085|DNA topoisomerase IA [Indivirus ILV1]	Indivirus ILV1	Blastx
SRR14574591	NODE_37570_length_207_cov_1.344828	63.6	207	242	0.181818	6.11e-08	acc|GENBANK|AGU70135.1|GENBANK|KF270089|integrase-type DNA-binding superfamily protein [Tarenaya hassleriana]	Tarenaya hassleriana	Blastx
SRR14574591	NODE_50684_length_360_cov_1.073394	37.9	360	383	0.248042	6.24e-08	acc|GENBANK|AJA91762.1|GENBANK|KM434202|dihydroflavonol 4-reductase [Allium cepa]	Allium cepa	Blastx
SRR14574591	NODE_48753_length_272_cov_0.979079	35.6	272	1490	0.058389	6.29e-08	acc|GENBANK|ADH59425.1|GENBANK|GU259618|Tsn1 [Triticum turgidum subsp. durum]	Triticum turgidum subsp. durum	Blastx
SRR14574591	NODE_20484_length_675_cov_1.964174	25.2	675	348	0.591954	6.34e-08	acc|GENBANK|ATZ80233.1|GENBANK|MF782455|putative C54-like peptidase [Bodo saltans virus]	Bodo saltans virus	Blastx
SRR14574591	NODE_12559_length_472_cov_1.710706	25.7	472	268	0.623134	6.60e-08	acc|GENBANK|BFL61298.1|GENBANK|LC813553|uridine kinase [Moumouvirus lavasanguinem]	Moumouvirus lavasanguinem	Blastx
SRR14574591	NODE_8689_length_253_cov_2.118182	40.8	253	711	0.099859	6.64e-08	acc|GENBANK|AYV77325.1|GENBANK|MK072032|phosphoinositide 3-kinase [Barrevirus sp.]	Barrevirus sp.	Blastx
SRR14574591	NODE_30525_length_879_cov_25.730496	37.3	879	107	0.626168	6.65e-08	acc|GENBANK|ARF08309.1|GENBANK|KY684083|acyl-CoA binding protein [Catovirus CTV1]	Catovirus CTV1	Blastx
SRR14574591	NODE_16189_length_267_cov_2.452991	49.1	267	308	0.185065	6.78e-08	acc|GENBANK|AFV13468.1|GENBANK|JQ314449|ring-H2 zinc finger protein [Coix lacryma-jobi]	Coix lacryma-jobi	Blastx
SRR14574591	NODE_8719_length_335_cov_7.294702	54.5	335	701	0.062767	6.95e-08	acc|REFSEQ|YP_010781363.1|REFSEQ|NC_075039|phosphoinositide 3-kinase [Tupanvirus soda lake]	Tupanvirus soda lake	Blastx
SRR14574591	NODE_3776_length_417_cov_1.028646	57.7	417	965	0.053886	6.98e-08	acc|GENBANK|BAE46430.1|GENBANK|AB211150|reverse transcriptase [Danio rerio]	Danio rerio	Blastx
SRR14574591	NODE_47603_length_263_cov_1.978261	38.2	263	189	0.359788	7.00e-08	acc|REFSEQ|YP_009174709.1|REFSEQ|NC_028112|hypothetical protein [Yellowstone lake phycodnavirus 1]	Yellowstone lake phycodnavirus 1	Blastx
SRR14574591	NODE_19166_length_234_cov_1.079602	40.0	234	925	0.070270	7.26e-08	acc|GENBANK|ABY48139.1|GENBANK|EU306659|NORK [Medicago truncatula]	Medicago truncatula	Blastx
SRR14574591	NODE_21631_length_433_cov_2.697500	32.7	433	468	0.235043	7.31e-08	acc|GENBANK|ARF10845.1|GENBANK|KY684105|ubiquitin carboxyl-terminal hydrolase [Hokovirus HKV1]	Hokovirus HKV1	Blastx
SRR14574591	NODE_7282_length_1250_cov_5.322925	49.2	1250	77	0.792208	7.57e-08	acc|GENBANK|WRJ69532.1|GENBANK|OR001839|SANT superfamily protein [Oceanusvirus sp.]	Oceanusvirus sp.	Blastx
SRR14574591	NODE_10901_length_939_cov_6.939294	36.7	939	120	0.500000	7.58e-08	acc|GENBANK|QBK86025.1|GENBANK|MK500328|ring finger domain protein [Marseillevirus LCMAC101]	Marseillevirus LCMAC101	Blastx
SRR14574591	NODE_14838_length_727_cov_2.716138	38.0	727	447	0.205817	7.63e-08	acc|REFSEQ|NP_077596.1|REFSEQ|NC_002687|serine-threonine kinase [Ectocarpus siliculosus virus 1]	Ectocarpus siliculosus virus 1	Blastx
SRR14574591	NODE_30160_length_396_cov_4.953168	53.6	396	218	0.256881	7.93e-08	acc|GENBANK|APO14196.1|GENBANK|KX098475|chimeric DELLA protein [Setaria italica]	Setaria italica	Blastx
SRR14574591	NODE_26320_length_411_cov_1.825397	62.8	411	439	0.097950	8.00e-08	acc|GENBANK|AAK92822.1|GENBANK|AY050885|putative replicase [Arabidopsis thaliana]	Arabidopsis thaliana	Blastx
SRR14574591	NODE_26172_length_435_cov_1.233831	41.2	435	680	0.150000	8.03e-08	acc|GENBANK|QFG73938.1|GENBANK|MN448274|AAA domain protein [Megaviridae environmental sample]	Megaviridae environmental sample	Blastx
SRR14574591	NODE_10826_length_1092_cov_8.594901	26.4	1092	186	1.037634	8.05e-08	acc|GENBANK|ARF12024.1|GENBANK|KY684110|adenylate kinase [Klosneuvirus KNV1]	Klosneuvirus KNV1	Blastx
SRR14574591	NODE_11379_length_223_cov_23.705263	49.1	223	383	0.138381	8.06e-08	acc|GENBANK|AJA91762.1|GENBANK|KM434202|dihydroflavonol 4-reductase [Allium cepa]	Allium cepa	Blastx
SRR14574591	NODE_44716_length_244_cov_1.563981	40.7	244	727	0.111417	8.09e-08	acc|GENBANK|ABY48138.1|GENBANK|EU306659|ABC transporter [Medicago truncatula]	Medicago truncatula	Blastx
SRR14574591	NODE_4798_length_1791_cov_7.784414	26.2	1791	547	0.579525	8.30e-08	acc|GENBANK|AYV86548.1|GENBANK|MK072509|hypothetical protein [Sylvanvirus sp.]	Sylvanvirus sp.	Blastx
SRR14574591	NODE_48472_length_269_cov_0.991525	41.7	269	199	0.422111	8.51e-08	acc|GENBANK|QBK90704.1|GENBANK|MK500498|alkylated DNA repair dioxygenase [Pithovirus LCPAC201]	Pithovirus LCPAC201	Blastx
SRR14574591	NODE_45734_length_250_cov_1.078341	37.5	250	480	0.150000	8.54e-08	acc|GENBANK|WZO87318.1|GENBANK|PP681894|NADH dehydrogenase [Chlorovirus sp.]	Chlorovirus sp.	Blastx
SRR14574591	NODE_24790_length_559_cov_1.678707	31.0	559	306	0.369281	8.61e-08	acc|GENBANK|AAM82603.1|GENBANK|AF525305|putative DNA/RNA binding protein [Brassica napus]	Brassica napus	Blastx
SRR14574591	NODE_3600_length_1237_cov_2.531561	38.6	1237	239	0.347280	8.82e-08	acc|GENBANK|AYV83988.1|GENBANK|MK072397|RING/U-box superfamily protein [Hyperionvirus sp.]	Hyperionvirus sp.	Blastx
SRR14574591	NODE_21291_length_535_cov_6.137450	39.1	535	285	0.242105	8.85e-08	acc|REFSEQ|YP_008378255.1|REFSEQ|NC_021923|iap-3 [Hemileuca sp. nucleopolyhedrovirus]	Hemileuca sp. nucleopolyhedrovirus	Blastx
SRR14574591	NODE_7485_length_467_cov_3.691244	28.8	467	355	0.312676	8.87e-08	acc|GENBANK|AYV80959.1|GENBANK|MK072253|polynucleotide phosphatase/kinase [Harvfovirus sp.]	Harvfovirus sp.	Blastx
SRR14574591	NODE_12774_length_724_cov_2.075253	35.9	724	691	0.169320	8.90e-08	acc|GENBANK|UPW42252.1|GENBANK|ON001649|putative RNA dependent RNA polymerase [Xisha Islands farmland mitovirus 5]	Xisha Islands farmland mitovirus 5	Blastx
SRR14574591	NODE_13304_length_641_cov_1.682566	36.0	641	274	0.324818	8.94e-08	acc|GENBANK|QYA18589.1|GENBANK|MZ420154|putative RING-H2 finger protein [Clandestinovirus]	Clandestinovirus	Blastx
SRR14574591	NODE_50426_length_337_cov_1.539474	40.0	337	86	0.755814	9.02e-08	acc|GENBANK|QBK88314.1|GENBANK|MK500385|iron-sulfur cluster biosynthesis protein [Marseillevirus LCMAC202]	Marseillevirus LCMAC202	Blastx
SRR14574591	NODE_4917_length_388_cov_1.661972	50.0	388	666	0.066066	9.15e-08	acc|GENBANK|AYV84937.1|GENBANK|MK072437|phosphoinositide 3-kinase [Satyrvirus sp.]	Satyrvirus sp.	Blastx
SRR14574591	NODE_42489_length_232_cov_1.175879	35.5	232	439	0.173121	9.21e-08	acc|GENBANK|AYV86759.1|GENBANK|MK072514|hypothetical protein [Sylvanvirus sp.]	Sylvanvirus sp.	Blastx
SRR14574591	NODE_22207_length_947_cov_3.027352	52.2	947	308	0.149351	9.27e-08	acc|GENBANK|AFV13468.1|GENBANK|JQ314449|ring-H2 zinc finger protein [Coix lacryma-jobi]	Coix lacryma-jobi	Blastx
SRR14574591	NODE_37957_length_209_cov_2.659091	64.3	209	784	0.053571	9.38e-08	acc|GENBANK|QIG60149.1|GENBANK|MN940580|type I DNA topoisomerase [Dishui Lake large algae virus 1]	Dishui Lake large algae virus 1	Blastx
SRR14574591	NODE_21530_length_232_cov_1.703518	38.0	232	961	0.073881	9.55e-08	acc|GENBANK|QYA18275.1|GENBANK|MZ420154|AAA-ATPase, SpoVK/Ycf46/Vps4 family [Clandestinovirus]	Clandestinovirus	Blastx
SRR14574591	NODE_12916_length_574_cov_6.255083	38.8	574	308	0.275974	9.67e-08	acc|GENBANK|AFV13468.1|GENBANK|JQ314449|ring-H2 zinc finger protein [Coix lacryma-jobi]	Coix lacryma-jobi	Blastx
SRR14574591	NODE_46452_length_255_cov_1.054054	60.0	255	1384	0.032514	9.67e-08	acc|GENBANK|AEE09607.1|GENBANK|HQ009558|putative DNA helicase [Cotesia vestalis bracovirus]	Cotesia vestalis bracovirus	Blastx
SRR14574591	NODE_37587_length_207_cov_1.344828	42.9	207	189	0.296296	9.81e-08	acc|REFSEQ|YP_009448796.1|REFSEQ|NC_036594|Fatty acid hydroxylase (C-4 methyl sterol [Orpheovirus IHUMI-LCC2]	Orpheovirus IHUMI-LCC2	Blastx
SRR14574591	NODE_3164_length_1691_cov_40.829916	31.6	1691	322	0.481366	1.02e-07	acc|GENBANK|QFG74515.1|GENBANK|MN448289|signal peptide peptidase [Megaviridae environmental sample]	Megaviridae environmental sample	Blastx
SRR14574591	NODE_21806_length_463_cov_3.413953	29.4	463	191	0.570681	1.02e-07	acc|GENBANK|QPI16766.1|GENBANK|MW030601|ATP-dependent Clp protease proteolytic subunit [Virus NIOZ-UU159]	Virus NIOZ-UU159	Blastx
SRR14574591	NODE_3958_length_317_cov_1.232394	47.5	317	547	0.107861	1.03e-07	acc|GENBANK|AYV86548.1|GENBANK|MK072509|hypothetical protein [Sylvanvirus sp.]	Sylvanvirus sp.	Blastx
SRR14574591	NODE_7418_length_909_cov_5.836758	24.5	909	1091	0.190651	1.05e-07	acc|GENBANK|BCU03236.1|GENBANK|LC625835|para-aminobenzoate synthetase [Pandoravirus japonicus]	Pandoravirus japonicus	Blastx
SRR14574591	NODE_2567_length_780_cov_4.860776	36.0	780	478	0.179916	1.05e-07	acc|REFSEQ|YP_004061556.1|REFSEQ|NC_014765|hypothetical protein [Bathycoccus sp. RCC1105 virus BpV1]	Bathycoccus sp. RCC1105 virus BpV1	Blastx
SRR14574591	NODE_51075_length_424_cov_1.196931	33.1	424	258	0.492248	1.05e-07	acc|REFSEQ|YP_025114.1|REFSEQ|NC_005905|trypsin-like protein [Neodiprion sertifer nucleopolyhedrovirus]	Neodiprion sertifer nucleopolyhedrovirus	Blastx
SRR14574591	NODE_364_length_2794_cov_15.449475	22.0	2794	473	0.712474	1.06e-07	acc|GENBANK|ARF11468.1|GENBANK|KY684108|deoxyribodipyrimidine photolyase [Klosneuvirus KNV1]	Klosneuvirus KNV1	Blastx
SRR14574591	NODE_24624_length_328_cov_1.044068	28.1	328	357	0.268908	1.08e-07	acc|REFSEQ|NP_048152.1|REFSEQ|NC_001993|ORF MSV081 putative protein phosphatase 2C [Melanoplus sanguinipes entomopoxvirus]	Melanoplus sanguinipes entomopoxvirus	Blastx
SRR14574591	NODE_47984_length_265_cov_1.008621	37.8	265	1196	0.061873	1.08e-07	acc|GENBANK|USI00836.1|GENBANK|ON753205|retrotransposon protein [Oryza sativa Japonica Group]	Oryza sativa Japonica Group	Blastx
SRR14574591	NODE_36735_length_203_cov_2.064706	47.4	203	321	0.177570	1.08e-07	acc|GENBANK|AYV82329.1|GENBANK|MK072362|fructose-1,6-bisphosphatase, cytosolic-like [Homavirus sp.]	Homavirus sp.	Blastx
SRR14574591	NODE_3788_length_479_cov_1.616592	33.0	479	213	0.539906	1.10e-07	acc|GENBANK|AGE52862.1|GENBANK|JX997166|chitin binding domain-containing protein [Paramecium bursaria Chlorella virus CZ-2]	Paramecium bursaria Chlorella virus CZ-2	Blastx
SRR14574591	NODE_5050_length_379_cov_1.971098	36.4	379	674	0.175074	1.14e-07	acc|GENBANK|UZT28900.1|GENBANK|OP765507|ATP-dependent zinc metalloprotease [Nucleocytoviricota sp.]	Nucleocytoviricota sp.	Blastx
SRR14574591	NODE_16321_length_273_cov_1.425000	36.0	273	523	0.170172	1.16e-07	acc|GENBANK|QDY51705.1|GENBANK|MK250085|cytosol aminopeptidase family, catalytic domain [Mimiviridae sp. ChoanoV1]	Mimiviridae sp. ChoanoV1	Blastx
SRR14574591	NODE_36742_length_203_cov_1.376471	43.8	203	489	0.098160	1.16e-07	acc|GENBANK|AAK84471.1|GENBANK|AF275345|putative permease [Solanum lycopersicum]	Solanum lycopersicum	Blastx
SRR14574591	NODE_27218_length_277_cov_2.434426	53.7	277	409	0.100244	1.17e-07	acc|REFSEQ|YP_009120414.1|REFSEQ|NC_026440|RING-finger E3 ubiquitin-protein ligase [Pandoravirus inopinatum]	Pandoravirus inopinatum	Blastx
SRR14574591	NODE_17963_length_632_cov_1.607679	50.0	632	342	0.245614	1.18e-07	acc|GENBANK|AYV76290.1|GENBANK|MK071983|hypothetical protein [Terrestrivirus sp.]	Terrestrivirus sp.	Blastx
SRR14574591	NODE_14344_length_598_cov_10.449558	37.0	598	506	0.197628	1.18e-07	acc|GENBANK|QBK91537.1|GENBANK|MK500544|cyclin-dependent protein kinase [Pithovirus LCPAC302]	Pithovirus LCPAC302	Blastx
SRR14574591	NODE_29216_length_246_cov_1.075117	48.2	246	1475	0.037966	1.18e-07	acc|GENBANK|WRK65512.1|GENBANK|OR157982|serine/threonine protein kinase [Marseillevirus futianmevirus]	Marseillevirus futianmevirus	Blastx
SRR14574591	NODE_49108_length_275_cov_1.851240	41.0	275	727	0.107290	1.19e-07	acc|GENBANK|ABY48138.1|GENBANK|EU306659|ABC transporter [Medicago truncatula]	Medicago truncatula	Blastx
SRR14574591	NODE_45686_length_250_cov_1.078341	45.0	250	783	0.076628	1.20e-07	acc|GENBANK|BCW03412.1|GENBANK|LC631488|DNA polymerase [Notamacropus rufogriseus rufogriseus]	Notamacropus rufogriseus rufogriseus	Blastx
SRR14574591	NODE_37530_length_207_cov_1.344828	63.9	207	72	0.500000	1.20e-07	acc|GENBANK|AAC00046.1|GENBANK|S75221|int-6-LTR fusion protein [Mouse mammary tumor virus]	Mouse mammary tumor virus	Blastx
SRR14574591	NODE_7497_length_516_cov_18.103520	47.4	516	314	0.181529	1.21e-07	acc|GENBANK|CAK7596793.1|GENBANK|OZ003748|NAD(P)-binding homologous superfamily [Catovirus sp. 'naegleriensis']	Catovirus sp. 'naegleriensis'	Blastx
SRR14574591	NODE_9711_length_759_cov_8.838843	29.7	759	325	0.455385	1.23e-07	acc|GENBANK|ARF09069.1|GENBANK|KY684084|diacylglycerol kinase catalytic domain protein [Catovirus CTV1]	Catovirus CTV1	Blastx
SRR14574591	NODE_21124_length_660_cov_2.658692	28.5	660	1384	0.172688	1.23e-07	acc|GENBANK|ADB85299.1|GENBANK|GQ252825|putative retrotransposon protein [Phyllostachys edulis]	Phyllostachys edulis	Blastx
SRR14574591	NODE_12752_length_479_cov_3.262332	33.3	479	925	0.113514	1.24e-07	acc|GENBANK|ABY48139.1|GENBANK|EU306659|NORK [Medicago truncatula]	Medicago truncatula	Blastx
SRR14574591	NODE_50273_length_324_cov_1.608247	41.9	324	296	0.314189	1.25e-07	acc|GENBANK|QIH04859.1|GENBANK|MK867691|hypothetical protein [Dasineura jujubifolia toursvirus 2a]	Dasineura jujubifolia toursvirus 2a	Blastx
SRR14574591	NODE_11389_length_1399_cov_13.669839	26.9	1399	279	0.774194	1.26e-07	acc|REFSEQ|YP_010086806.1|REFSEQ|NC_055482|putative protein P31 [Pistachio ampelovirus A]	Pistachio ampelovirus A	Blastx
SRR14574591	NODE_12164_length_313_cov_1.660714	35.0	313	361	0.221607	1.26e-07	acc|GENBANK|AYV81302.1|GENBANK|MK072268|sulfite oxidase [Harvfovirus sp.]	Harvfovirus sp.	Blastx
SRR14574591	NODE_37459_length_207_cov_1.057471	43.3	207	678	0.098820	1.28e-07	acc|GENBANK|CCQ71325.1|GENBANK|HF586476|hypothetical kinesin-like protein KIF3 [Cotesia congregata]	Cotesia congregata	Blastx
SRR14574591	NODE_30027_length_573_cov_1.818519	36.5	573	483	0.215321	1.32e-07	acc|GENBANK|AYV80388.1|GENBANK|MK072243|cytochrome P450 704B1 [Harvfovirus sp.]	Harvfovirus sp.	Blastx
SRR14574591	NODE_42629_length_233_cov_1.565000	42.5	233	1408	0.051847	1.32e-07	acc|GENBANK|CAA60724.1|GENBANK|X87297|J1580 [Saccharomyces cerevisiae]	Saccharomyces cerevisiae	Blastx
SRR14574591	NODE_17146_length_340_cov_1.882736	41.0	340	559	0.148479	1.35e-07	acc|GENBANK|QCS14309.1|GENBANK|MH670730|hypothetical protein [Phalaenopsis equestris]	Phalaenopsis equestris	Blastx
SRR14574591	NODE_26296_length_593_cov_1.900000	34.6	593	90	0.866667	1.35e-07	acc|GENBANK|AAD46177.1|GENBANK|AF153912|ORFL1R [Tanapox virus]	Tanapox virus	Blastx
SRR14574591	NODE_28849_length_829_cov_1.933417	29.8	829	350	0.622857	1.36e-07	acc|GENBANK|ARF09951.1|GENBANK|KY684090|polyprenyl synthetase [Indivirus ILV1]	Indivirus ILV1	Blastx
SRR14574591	NODE_25050_length_364_cov_1.193353	33.0	364	1232	0.086039	1.38e-07	acc|GENBANK|ADK47521.1|GENBANK|HM124452|RDG2A [Hordeum vulgare subsp. vulgare]	Hordeum vulgare subsp. vulgare	Blastx
SRR14574591	NODE_9831_length_264_cov_11.558442	56.3	264	541	0.088725	1.42e-07	acc|REFSEQ|YP_009481536.1|REFSEQ|NC_037665|2-aminooxy adenylosuccinate synthetase [Pandoravirus macleodensis]	Pandoravirus macleodensis	Blastx
SRR14574591	NODE_8995_length_423_cov_2.469231	40.4	423	219	0.260274	1.43e-07	acc|GENBANK|AYV77619.1|GENBANK|MK072054|hypothetical protein [Dasosvirus sp.]	Dasosvirus sp.	Blastx
SRR14574591	NODE_37871_length_209_cov_1.329545	43.1	209	279	0.232975	1.43e-07	acc|GENBANK|QBK90453.1|GENBANK|MK500486|fermentation-respiration switch protein [Pithovirus LCPAC103]	Pithovirus LCPAC103	Blastx
SRR14574591	NODE_485_length_1398_cov_11.795604	46.3	1398	97	0.556701	1.44e-07	acc|GENBANK|AUF82187.1|GENBANK|KY322437|SANT superfamily protein [Tetraselmis virus 1]	Tetraselmis virus 1	Blastx
SRR14574591	NODE_24577_length_269_cov_1.491525	53.5	269	446	0.096413	1.45e-07	acc|REFSEQ|YP_009238985.1|REFSEQ|NC_029692|dihydrofolate reductase [Brazilian marseillevirus]	Brazilian marseillevirus	Blastx
SRR14574591	NODE_16143_length_479_cov_2.576233	44.4	479	97	0.556701	1.45e-07	acc|GENBANK|AUF82187.1|GENBANK|KY322437|SANT superfamily protein [Tetraselmis virus 1]	Tetraselmis virus 1	Blastx
SRR14574591	NODE_17027_length_540_cov_4.532544	23.9	540	575	0.276522	1.46e-07	acc|GENBANK|CAE02704.1|GENBANK|AJ575660|putative sugar transporter [Yarrowia lipolytica]	Yarrowia lipolytica	Blastx
SRR14574591	NODE_12083_length_2597_cov_27.146646	24.2	2597	806	0.389578	1.47e-07	acc|GENBANK|QKF93464.1|GENBANK|MT418680|inter-alpha-trypsin inhibitor family protein [Fadolivirus FV1/VV64]	Fadolivirus FV1/VV64	Blastx
SRR14574591	NODE_50084_length_311_cov_1.262590	50.9	311	301	0.189369	1.48e-07	acc|REFSEQ|YP_009408343.1|REFSEQ|NC_035468|hypothetical protein [Murmansk poxvirus]	Murmansk poxvirus	Blastx
SRR14574591	NODE_2522_length_2622_cov_89.746234	26.5	2622	433	0.461894	1.49e-07	acc|GENBANK|AYV75222.1|GENBANK|MK071979|alpha-amylase [Terrestrivirus sp.]	Terrestrivirus sp.	Blastx
SRR14574591	NODE_2665_length_376_cov_2.775510	44.1	376	286	0.237762	1.49e-07	acc|GENBANK|ABY48147.1|GENBANK|EU306659|lectin [Medicago truncatula]	Medicago truncatula	Blastx
SRR14574591	NODE_230_length_502_cov_3.445629	40.0	502	105	0.666667	1.49e-07	acc|REFSEQ|YP_010780781.1|REFSEQ|NC_075038|mimivirus translation factor SUI1-like 2 [Tupanvirus deep ocean]	Tupanvirus deep ocean	Blastx
SRR14574591	NODE_14729_length_272_cov_22.594142	33.7	272	464	0.191810	1.51e-07	acc|REFSEQ|YP_008438720.1|REFSEQ|NC_022098|Formate/glycerate dehydrogenase [Pandoravirus salinus]	Pandoravirus salinus	Blastx
SRR14574591	NODE_13338_length_1170_cov_16.427441	26.7	1170	219	0.853881	1.52e-07	acc|GENBANK|AYV81269.1|GENBANK|MK072266|RNA recognition motif protein [Harvfovirus sp.]	Harvfovirus sp.	Blastx
SRR14574591	NODE_22581_length_273_cov_2.941667	37.9	273	403	0.163772	1.54e-07	acc|GENBANK|AYV82314.1|GENBANK|MK072360|translation initiation factor 4A-III [Homavirus sp.]	Homavirus sp.	Blastx
SRR14574591	NODE_48901_length_273_cov_0.975000	33.0	273	436	0.201835	1.56e-07	acc|GENBANK|CAA79734.1|GENBANK|Z21608|glycoprotein [Brassica napus]	Brassica napus	Blastx
SRR14574591	NODE_11806_length_702_cov_23.491779	30.7	702	182	0.983516	1.57e-07	acc|REFSEQ|YP_010782638.1|REFSEQ|NC_075039|nicotinamidase [Tupanvirus soda lake]	Tupanvirus soda lake	Blastx
SRR14574591	NODE_11095_length_1196_cov_7.812554	40.3	1196	353	0.203966	1.58e-07	acc|GENBANK|WGU26821.1|GENBANK|OQ503488|S-acyltransferase 11-like protein [Triticum monococcum]	Triticum monococcum	Blastx
SRR14574591	NODE_27332_length_565_cov_3.898496	29.5	565	4238	0.045540	1.58e-07	acc|GENBANK|QOR60370.1|GENBANK|MK522038|hypothetical protein [Bathycoccus sp. RCC716 virus 2]	Bathycoccus sp. RCC716 virus 2	Blastx
SRR14574591	NODE_51178_length_449_cov_2.430288	29.9	449	497	0.269618	1.58e-07	acc|GENBANK|AYV83822.1|GENBANK|MK072394|cytochrome P450 704B1 [Hyperionvirus sp.]	Hyperionvirus sp.	Blastx
SRR14574591	NODE_7005_length_400_cov_101.607629	48.1	400	258	0.201550	1.60e-07	acc|GENBANK|WMV02893.1|GENBANK|OP630990|alpha-tubulin [Diderma spumarioides]	Diderma spumarioides	Blastx
SRR14574591	NODE_41556_length_227_cov_1.206186	50.0	227	520	0.100000	1.61e-07	acc|GENBANK|APO14197.1|GENBANK|KX098475|truncated DELLA protein [Setaria italica]	Setaria italica	Blastx
SRR14574591	NODE_8988_length_636_cov_3.543947	25.1	636	333	0.645646	1.62e-07	acc|GENBANK|QDY52116.1|GENBANK|MK250087|D-isomer specific 2-hydroxyacid dehydrogenase, [Mimiviridae sp. ChoanoV1]	Mimiviridae sp. ChoanoV1	Blastx
SRR14574591	NODE_49383_length_278_cov_0.955102	35.2	278	505	0.180198	1.64e-07	acc|REFSEQ|YP_004061477.1|REFSEQ|NC_014765|hypothetical protein [Bathycoccus sp. RCC1105 virus BpV1]	Bathycoccus sp. RCC1105 virus BpV1	Blastx
SRR14574591	NODE_42373_length_231_cov_1.181818	47.6	231	339	0.123894	1.64e-07	acc|GENBANK|QDY51638.1|GENBANK|MK250085|ubiquitin carboxyl-terminal hydrolase [Mimiviridae sp. ChoanoV1]	Mimiviridae sp. ChoanoV1	Blastx
SRR14574591	NODE_6817_length_554_cov_4.410749	37.5	554	662	0.120846	1.65e-07	acc|GENBANK|QBK89366.1|GENBANK|MK500417|DNA-directed RNA polymerase subunit alpha [Mimivirus LCMiAC02]	Mimivirus LCMiAC02	Blastx
SRR14574591	NODE_44700_length_244_cov_1.109005	45.3	244	228	0.280702	1.66e-07	acc|REFSEQ|YP_008052601.1|REFSEQ|NC_021312|SWIB-domain-containing protein [Phaeocystis globosa virus]	Phaeocystis globosa virus	Blastx
SRR14574591	NODE_30149_length_510_cov_9.559748	30.4	510	336	0.500000	1.69e-07	acc|GENBANK|ACG25132.1|GENBANK|EU953014|retrotransposon protein [Zea mays]	Zea mays	Blastx
SRR14574591	NODE_18403_length_254_cov_2.977376	52.8	254	647	0.081917	1.69e-07	acc|GENBANK|AYV86775.1|GENBANK|MK072515|CMGC/MAPK protein kinase, variant 1 [Sylvanvirus sp.]	Sylvanvirus sp.	Blastx
SRR14574591	NODE_42305_length_231_cov_1.181818	39.7	231	403	0.181141	1.71e-07	acc|GENBANK|AYV82314.1|GENBANK|MK072360|translation initiation factor 4A-III [Homavirus sp.]	Homavirus sp.	Blastx
SRR14574591	NODE_6152_length_976_cov_4.136797	26.1	976	299	0.511706	1.73e-07	acc|GENBANK|QIG59714.1|GENBANK|MN940578|putative spermidine [Dishui Lake phycodnavirus 3]	Dishui Lake phycodnavirus 3	Blastx
SRR14574591	NODE_51459_length_276_cov_1.419753	37.7	276	195	0.353846	1.75e-07	acc|GENBANK|ARF09118.1|GENBANK|KY684084|Ras family GTPase [Catovirus CTV1]	Catovirus CTV1	Blastx
SRR14574591	NODE_48664_length_271_cov_0.983193	45.8	271	307	0.192182	1.82e-07	acc|GENBANK|ATZ81088.1|GENBANK|MF782455|protein phosphatase [Bodo saltans virus]	Bodo saltans virus	Blastx
SRR14574591	NODE_27387_length_521_cov_2.219262	34.5	521	340	0.341176	1.83e-07	acc|GENBANK|XDO02158.1|GENBANK|PP542043|Ubiquitin Specific Peptidase C19 [Florenciella sp. virus SA2]	Florenciella sp. virus SA2	Blastx
SRR14574591	NODE_2927_length_392_cov_2.267409	25.4	392	245	0.481633	1.85e-07	acc|GENBANK|UNJ46593.1|GENBANK|OM135585|CG1662 [Drosophila melanogaster]	Drosophila melanogaster	Blastx
SRR14574591	NODE_3029_length_1011_cov_4.820041	27.0	1011	454	0.392070	1.87e-07	acc|REFSEQ|YP_010781807.1|REFSEQ|NC_075039|hypothetical protein [Tupanvirus soda lake]	Tupanvirus soda lake	Blastx
SRR14574591	NODE_10177_length_1925_cov_6.034355	34.6	1925	488	0.219262	1.93e-07	acc|GENBANK|QBK85428.1|GENBANK|MK500327|polyADP-ribose polymerase [Marseillevirus LCMAC101]	Marseillevirus LCMAC101	Blastx
SRR14574591	NODE_3115_length_3066_cov_24.846686	35.4	3066	230	0.356522	1.93e-07	acc|GENBANK|ARF08295.1|GENBANK|KY684083|RING finger domain protein [Catovirus CTV1]	Catovirus CTV1	Blastx
SRR14574591	NODE_8609_length_262_cov_3.532751	41.8	262	270	0.337037	1.96e-07	acc|GENBANK|XKR75309.1|GENBANK|PQ561596|histone H2B-H2a fusion protein [Marseillevirus sp. 'xiwanvirus']	Marseillevirus sp. 'xiwanvirus'	Blastx
SRR14574591	NODE_12964_length_680_cov_4.820711	28.5	680	498	0.275100	2.01e-07	acc|GENBANK|XHA59766.1|GENBANK|OR863077|thermosome [Poseidoniales virus]	Poseidoniales virus	Blastx
SRR14574591	NODE_8205_length_645_cov_4.070261	58.0	645	299	0.167224	2.01e-07	acc|GENBANK|XDO01906.1|GENBANK|PP542043|hypothetical protein [Florenciella sp. virus SA2]	Florenciella sp. virus SA2	Blastx
SRR14574591	NODE_50000_length_305_cov_2.150735	50.0	305	77	0.519481	2.07e-07	acc|GENBANK|WKT15139.1|GENBANK|OR120049|zinc/RING finger containing protein [Platygaster orseoliae filamentous virus]	Platygaster orseoliae filamentous virus	Blastx
SRR14574591	NODE_12181_length_278_cov_3.240816	48.5	278	249	0.273092	2.08e-07	acc|GENBANK|QBK85671.1|GENBANK|MK500327|histone 2A-domain-containing protein [Marseillevirus LCMAC101]	Marseillevirus LCMAC101	Blastx
SRR14574591	NODE_27771_length_825_cov_1.680556	26.4	825	724	0.298343	2.09e-07	acc|GENBANK|ADK47523.1|GENBANK|HM124452|NBS3-RDG2A [Hordeum vulgare subsp. vulgare]	Hordeum vulgare subsp. vulgare	Blastx
SRR14574591	NODE_14460_length_1034_cov_9.000000	31.4	1034	310	0.338710	2.14e-07	acc|GENBANK|QFG73687.1|GENBANK|MN448266|Clp protease [Megaviridae environmental sample]	Megaviridae environmental sample	Blastx
SRR14574591	NODE_8157_length_701_cov_4.128743	35.1	701	87	0.850575	2.15e-07	acc|GENBANK|QJX70809.1|GENBANK|MN534311|hypothetical protein [Faustovirus]	Faustovirus	Blastx
SRR14574591	NODE_7270_length_479_cov_3.325112	29.1	479	631	0.234548	2.18e-07	acc|REFSEQ|YP_010781061.1|REFSEQ|NC_075038|putative acyl-CoA oxidase [Tupanvirus deep ocean]	Tupanvirus deep ocean	Blastx
SRR14574591	NODE_48877_length_273_cov_0.975000	43.3	273	219	0.273973	2.19e-07	acc|GENBANK|ACB45087.1|GENBANK|EU365381|CRT binding factor 1 [Solanum habrochaites]	Solanum habrochaites	Blastx
SRR14574591	NODE_31183_length_813_cov_4.553846	45.3	813	141	0.375887	2.21e-07	acc|GENBANK|ARF12621.1|GENBANK|KY684116|RING finger domain protein [Klosneuvirus KNV1]	Klosneuvirus KNV1	Blastx
SRR14574591	NODE_41604_length_227_cov_1.113402	45.3	227	139	0.539568	2.23e-07	acc|REFSEQ|YP_009480769.1|REFSEQ|NC_037665|SPFH like incomplete domain containing protein [Pandoravirus macleodensis]	Pandoravirus macleodensis	Blastx
SRR14574591	NODE_19508_length_414_cov_1.181102	32.0	414	682	0.178886	2.24e-07	acc|GENBANK|QBK90575.1|GENBANK|MK500494|ATP-dependent helicase [Pithovirus LCPAC104]	Pithovirus LCPAC104	Blastx
SRR14574591	NODE_43202_length_236_cov_1.152709	49.0	236	175	0.291429	2.24e-07	acc|GENBANK|QDY52460.1|GENBANK|MK250094|acetohydroxy acid isomeroreductase [Mimiviridae sp. ChoanoV1]	Mimiviridae sp. ChoanoV1	Blastx
SRR14574591	NODE_13116_length_1213_cov_3.385593	30.3	1213	222	0.594595	2.27e-07	acc|GENBANK|QFU19900.1|NEIGHBOR|MN160329|pV1 [European wheat striate mosaic virus]	European wheat striate mosaic virus	Blastx
SRR14574591	NODE_13064_length_648_cov_6.232520	31.6	648	526	0.258555	2.30e-07	acc|GENBANK|AGE49088.1|GENBANK|JX997155|cellulose synthase catalytic subunit [Acanthocystis turfacea Chlorella virus Br0604L]	Acanthocystis turfacea Chlorella virus Br0604L	Blastx
SRR14574591	NODE_41701_length_228_cov_1.200000	38.2	228	791	0.096081	2.33e-07	acc|GENBANK|UGN61890.1|GENBANK|OK330388|retrotransposon protein [Cucumis melo subsp. melo]	Cucumis melo subsp. melo	Blastx
SRR14574591	NODE_7011_length_1011_cov_4.312883	24.8	1011	288	0.701389	2.35e-07	acc|GENBANK|AGE60187.1|GENBANK|JX997187|serine/threonine-protein kinase [Acanthocystis turfacea Chlorella virus WI0606]	Acanthocystis turfacea Chlorella virus WI0606	Blastx
SRR14574591	NODE_48211_length_267_cov_0.987179	36.1	267	299	0.277592	2.35e-07	acc|GENBANK|UOG94093.1|NEIGHBOR|OM876856|serine threonine-protein phosphatase [Aureococcus anophagefferens virus]	Aureococcus anophagefferens virus	Blastx
SRR14574591	NODE_28085_length_257_cov_1.834821	37.3	257	468	0.177350	2.35e-07	acc|GENBANK|ARF10845.1|GENBANK|KY684105|ubiquitin carboxyl-terminal hydrolase [Hokovirus HKV1]	Hokovirus HKV1	Blastx
SRR14574591	NODE_29348_length_572_cov_3.083488	28.8	572	478	0.487448	2.37e-07	acc|GENBANK|AAK84479.1|GENBANK|AF275345|putative auxin growth promotor protein [Solanum lycopersicum]	Solanum lycopersicum	Blastx
SRR14574591	NODE_30916_length_365_cov_3.409639	34.7	365	513	0.185185	2.37e-07	acc|GENBANK|QBC76084.1|GENBANK|MK293724|global transactivator [Neophasia sp. alphabaculovirus]	Neophasia sp. alphabaculovirus	Blastx
SRR14574591	NODE_5119_length_420_cov_4.832041	42.4	420	125	0.528000	2.38e-07	acc|GENBANK|QOI90377.1|GENBANK|MT663536|hypothetical protein [Pyramimonas orientalis virus]	Pyramimonas orientalis virus	Blastx
SRR14574591	NODE_8245_length_229_cov_1.785714	40.6	229	2037	0.031419	2.38e-07	acc|GENBANK|ABG37663.1|GENBANK|DQ536170|CCHC-type integrase [Populus trichocarpa]	Populus trichocarpa	Blastx
SRR14574591	NODE_50013_length_306_cov_1.714286	36.0	306	270	0.185185	2.39e-07	acc|REFSEQ|YP_010780454.1|REFSEQ|NC_075038|putative E3 ubiquitin-protein ligase [Tupanvirus deep ocean]	Tupanvirus deep ocean	Blastx
SRR14574591	NODE_49498_length_279_cov_0.951220	56.1	279	1105	0.051584	2.43e-07	acc|GENBANK|AAK84476.1|GENBANK|AF275345|unknown [Solanum lycopersicum]	Solanum lycopersicum	Blastx
SRR14574591	NODE_13786_length_467_cov_10.085253	32.3	467	182	0.527473	2.47e-07	acc|REFSEQ|YP_009163818.1|REFSEQ|NC_027778|ORF_057R [Scale drop disease virus]	Scale drop disease virus	Blastx
SRR14574591	NODE_1338_length_1189_cov_61.961073	36.4	1189	191	0.403141	2.52e-07	acc|GENBANK|AAK16153.1|GENBANK|AF326577|anthocyanin regulatory B protein [Zea mays]	Zea mays	Blastx
SRR14574591	NODE_6552_length_429_cov_5.651515	46.0	429	239	0.263598	2.52e-07	acc|GENBANK|AFV13460.1|GENBANK|JQ314447|ubiquitin conjugating enzyme 2 [Tripsacum dactyloides]	Tripsacum dactyloides	Blastx
SRR14574591	NODE_29530_length_305_cov_2.772059	39.3	305	290	0.289655	2.52e-07	acc|GENBANK|QDP38604.1|NEIGHBOR|MK340973|m138 [Myxoma virus]	Myxoma virus	Blastx
SRR14574591	NODE_42949_length_234_cov_1.731343	43.1	234	1471	0.044188	2.56e-07	acc|GENBANK|AGW47867.1|GENBANK|KF303287|polyprotein [Phaseolus vulgaris]	Phaseolus vulgaris	Blastx
SRR14574591	NODE_13629_length_1821_cov_10.215324	44.6	1821	284	0.197183	2.64e-07	acc|GENBANK|WKR38478.1|GENBANK|OQ658191|IAP-2 [Platynota idaeusalis nucleopolyhedrovirus]	Platynota idaeusalis nucleopolyhedrovirus	Blastx
SRR14574591	NODE_27516_length_611_cov_2.212803	26.9	611	802	0.218204	2.65e-07	acc|GENBANK|XHA59814.1|GENBANK|OR863077|RNA polymerase-associated protein RapA [Poseidoniales virus]	Poseidoniales virus	Blastx
SRR14574591	NODE_9651_length_478_cov_6.222472	34.5	478	125	0.672000	2.70e-07	acc|GENBANK|AYV76397.1|GENBANK|MK071984|vesicle-associated membrane protein 4 [Terrestrivirus sp.]	Terrestrivirus sp.	Blastx
SRR14574591	NODE_17880_length_571_cov_1.828996	35.5	571	276	0.387681	2.78e-07	acc|GENBANK|ARF11656.1|GENBANK|KY684109|copine [Klosneuvirus KNV1]	Klosneuvirus KNV1	Blastx
SRR14574591	NODE_41570_length_227_cov_2.365979	51.1	227	239	0.188285	2.78e-07	acc|GENBANK|AYV83988.1|GENBANK|MK072397|RING/U-box superfamily protein [Hyperionvirus sp.]	Hyperionvirus sp.	Blastx
SRR14574591	NODE_9040_length_2052_cov_6.193660	25.5	2052	484	0.568182	2.80e-07	acc|GENBANK|AYV77733.1|GENBANK|MK072066|CYP86A7 [Edafosvirus sp.]	Edafosvirus sp.	Blastx
SRR14574591	NODE_20329_length_323_cov_2.613793	48.1	323	97	0.556701	2.81e-07	acc|GENBANK|AUF82187.1|GENBANK|KY322437|SANT superfamily protein [Tetraselmis virus 1]	Tetraselmis virus 1	Blastx
SRR14574591	NODE_45262_length_247_cov_1.093458	45.5	247	467	0.141328	2.86e-07	acc|GENBANK|API81738.1|NEIGHBOR|KU052222|hypothetical protein [Cafeteriavirus-dependent mavirus]	Cafeteriavirus-dependent mavirus	Blastx
SRR14574591	NODE_12253_length_623_cov_1.808475	31.5	623	356	0.365169	2.89e-07	acc|GENBANK|ARF11713.1|GENBANK|KY684109|replication factor C small subunit [Klosneuvirus KNV1]	Klosneuvirus KNV1	Blastx
SRR14574591	NODE_36645_length_203_cov_2.100000	48.1	203	353	0.152975	2.89e-07	acc|GENBANK|WGU26821.1|GENBANK|OQ503488|S-acyltransferase 11-like protein [Triticum monococcum]	Triticum monococcum	Blastx
SRR14574591	NODE_1550_length_677_cov_24.453416	66.0	677	213	0.220657	2.93e-07	acc|GENBANK|ACI00359.1|GENBANK|FJ173823|ZCCT2-B2a [Triticum turgidum]	Triticum turgidum	Blastx
SRR14574591	NODE_30986_length_1174_cov_3.186678	25.4	1174	800	0.408750	2.96e-07	acc|GENBANK|ARF10190.1|GENBANK|KY684103|ubiquitin-transferase [Hokovirus HKV1]	Hokovirus HKV1	Blastx
SRR14574591	NODE_11556_length_1058_cov_17.065366	49.0	1058	268	0.182836	2.96e-07	acc|REFSEQ|YP_010781747.1|REFSEQ|NC_075039|RING finger domain protein [Tupanvirus soda lake]	Tupanvirus soda lake	Blastx
SRR14574591	NODE_17111_length_248_cov_1.055814	45.6	248	946	0.060254	2.97e-07	acc|GENBANK|CCQ71304.1|GENBANK|HF586475|hypothetical protein CcPL4.002 [Cotesia congregata]	Cotesia congregata	Blastx
SRR14574591	NODE_11448_length_1287_cov_12.500000	22.4	1287	261	0.992337	2.98e-07	acc|GENBANK|AYV79236.1|GENBANK|MK072137|serine/threonine protein phosphatase [Faunusvirus sp.]	Faunusvirus sp.	Blastx
SRR14574591	NODE_16545_length_358_cov_1.769231	31.1	358	468	0.226496	2.99e-07	acc|GENBANK|ARF10845.1|GENBANK|KY684105|ubiquitin carboxyl-terminal hydrolase [Hokovirus HKV1]	Hokovirus HKV1	Blastx
SRR14574591	NODE_36559_length_202_cov_1.384615	43.5	202	544	0.113971	2.99e-07	acc|REFSEQ|YP_009119837.1|REFSEQ|NC_026440|beta glucosidase [Pandoravirus inopinatum]	Pandoravirus inopinatum	Blastx
SRR14574591	NODE_27689_length_753_cov_2.120833	26.7	753	274	0.846715	3.01e-07	acc|GENBANK|QBK85530.1|GENBANK|MK500327|formamidopyrimidine-DNA glycosylase [Marseillevirus LCMAC101]	Marseillevirus LCMAC101	Blastx
SRR14574591	NODE_9278_length_624_cov_6.416244	43.8	624	936	0.077991	3.03e-07	acc|GENBANK|QFG74471.1|GENBANK|MN448288|glycine cleavage system P-protein [Megaviridae environmental sample]	Megaviridae environmental sample	Blastx
SRR14574591	NODE_9241_length_652_cov_13.121163	23.5	652	482	0.379668	3.06e-07	acc|GENBANK|BBA54297.1|GENBANK|AB898755|gag : akt fusion protein [Feline leukemia virus]	Feline leukemia virus	Blastx
SRR14574591	NODE_51262_length_483_cov_1.453333	36.1	483	187	0.652406	3.06e-07	acc|REFSEQ|YP_009448213.1|REFSEQ|NC_036594|metal-dependent phosphohydrolase [Orpheovirus IHUMI-LCC2]	Orpheovirus IHUMI-LCC2	Blastx
SRR14574591	NODE_36266_length_201_cov_1.392857	46.8	201	1656	0.037440	3.06e-07	acc|GENBANK|BCS82726.1|GENBANK|AP024483|putative serine/threonine-protein kinase [Cotonvirus japonicus]	Cotonvirus japonicus	Blastx
SRR14574591	NODE_41402_length_226_cov_1.212435	41.9	226	2037	0.036328	3.12e-07	acc|GENBANK|ABG37663.1|GENBANK|DQ536170|CCHC-type integrase [Populus trichocarpa]	Populus trichocarpa	Blastx
SRR14574591	NODE_30508_length_716_cov_2.530015	38.4	716	1297	0.066307	3.14e-07	acc|GENBANK|AAV51055.1|NEIGHBOR|AY653733|unknown [Acanthamoeba polyphaga mimivirus]	Acanthamoeba polyphaga mimivirus	Blastx
SRR14574591	NODE_17945_length_256_cov_0.968610	33.0	256	544	0.172794	3.24e-07	acc|REFSEQ|YP_009119837.1|REFSEQ|NC_026440|beta glucosidase [Pandoravirus inopinatum]	Pandoravirus inopinatum	Blastx
SRR14574591	NODE_37775_length_208_cov_1.325714	56.1	208	925	0.044324	3.29e-07	acc|GENBANK|ABY48139.1|GENBANK|EU306659|NORK [Medicago truncatula]	Medicago truncatula	Blastx
SRR14574591	NODE_8813_length_317_cov_4.559859	50.0	317	77	0.519481	3.31e-07	acc|GENBANK|WKT15139.1|GENBANK|OR120049|zinc/RING finger containing protein [Platygaster orseoliae filamentous virus]	Platygaster orseoliae filamentous virus	Blastx
SRR14574591	NODE_14105_length_906_cov_6.003436	39.7	906	353	0.164306	3.33e-07	acc|GENBANK|WGU26821.1|GENBANK|OQ503488|S-acyltransferase 11-like protein [Triticum monococcum]	Triticum monococcum	Blastx
SRR14574591	NODE_43107_length_235_cov_1.158416	38.4	235	463	0.157667	3.36e-07	acc|REFSEQ|YP_010781133.1|REFSEQ|NC_075038|cysteine desulfurase sufS family [Tupanvirus deep ocean]	Tupanvirus deep ocean	Blastx
SRR14574591	NODE_44631_length_244_cov_1.109005	39.4	244	305	0.216393	3.37e-07	acc|GENBANK|AYV82659.1|GENBANK|MK072384|hypothetical protein [Hyperionvirus sp.]	Hyperionvirus sp.	Blastx
SRR14574591	NODE_29462_length_692_cov_1.713202	41.4	692	845	0.082840	3.41e-07	acc|GENBANK|QYA18873.1|GENBANK|MZ420155|SNF2 family DNA-dependent ATPase [Clandestinovirus]	Clandestinovirus	Blastx
SRR14574591	NODE_1127_length_1238_cov_6.130290	37.1	1238	925	0.104865	3.58e-07	acc|GENBANK|ABY48139.1|GENBANK|EU306659|NORK [Medicago truncatula]	Medicago truncatula	Blastx
SRR14574591	NODE_25850_length_374_cov_1.624633	30.9	374	538	0.174721	3.58e-07	acc|GENBANK|ARF09641.1|GENBANK|KY684086|ABC transporter [Indivirus ILV1]	Indivirus ILV1	Blastx
SRR14574591	NODE_38716_length_213_cov_1.300000	34.3	213	974	0.071869	3.58e-07	acc|GENBANK|AYV86980.1|GENBANK|MK072522|hypothetical protein [Sylvanvirus sp.]	Sylvanvirus sp.	Blastx
SRR14574591	NODE_26386_length_290_cov_1.922179	32.6	290	832	0.114183	3.66e-07	acc|GENBANK|BAD00047.1|GENBANK|AB119282|Fusion protein, Feo [Hepacivirus hominis]	Hepacivirus hominis	Blastx
SRR14574591	NODE_46542_length_255_cov_1.054054	55.9	255	283	0.120141	3.66e-07	acc|GENBANK|QKF94519.1|GENBANK|MT418680|zinc finger RING-type protein [Fadolivirus FV1/VV64]	Fadolivirus FV1/VV64	Blastx
SRR14574591	NODE_4143_length_389_cov_1.519663	38.2	389	336	0.389881	3.67e-07	acc|GENBANK|ACG25132.1|GENBANK|EU953014|retrotransposon protein [Zea mays]	Zea mays	Blastx
SRR14574591	NODE_12144_length_289_cov_2.265625	35.9	289	1078	0.085343	3.71e-07	acc|GENBANK|QYA18716.1|GENBANK|MZ420154|DNA-directed RNA polymerase II subunit 1 [Clandestinovirus]	Clandestinovirus	Blastx
SRR14574591	NODE_13878_length_373_cov_29.205882	52.7	373	286	0.192308	3.74e-07	acc|GENBANK|AAU93534.1|GENBANK|AY691949|unknown protein [Zea mays]	Zea mays	Blastx
SRR14574591	NODE_43976_length_240_cov_1.695652	38.9	240	925	0.077838	3.75e-07	acc|GENBANK|ABY48139.1|GENBANK|EU306659|NORK [Medicago truncatula]	Medicago truncatula	Blastx
SRR14574591	NODE_16877_length_296_cov_2.441065	40.2	296	471	0.195329	3.76e-07	acc|GENBANK|AFV13457.1|GENBANK|JQ314445|UDPG-flavonoid 3-O-glucosyl transferase [Tripsacum dactyloides]	Tripsacum dactyloides	Blastx
SRR14574591	NODE_49044_length_274_cov_1.941909	43.6	274	340	0.161765	3.76e-07	acc|REFSEQ|YP_010780765.1|REFSEQ|NC_075038|phosphatidylserine decarboxylase [Tupanvirus deep ocean]	Tupanvirus deep ocean	Blastx
SRR14574591	NODE_16413_length_250_cov_1.276498	73.3	250	340	0.088235	3.85e-07	acc|GENBANK|AAU93531.1|GENBANK|AY691949|cyclin H-1 [Zea mays]	Zea mays	Blastx
SRR14574591	NODE_12952_length_1611_cov_28.361217	28.7	1611	1060	0.157547	3.87e-07	acc|GENBANK|QKF94645.1|GENBANK|MT418680|FAD/FMN-containing dehydrogenase with [Fadolivirus FV1/VV64]	Fadolivirus FV1/VV64	Blastx
SRR14574591	NODE_6309_length_672_cov_5.333333	39.8	672	240	0.387500	3.87e-07	acc|REFSEQ|YP_009553442.1|REFSEQ|NC_040789|mRNA decapping enzyme 2-like protein [Tomelloso virus]	Tomelloso virus	Blastx
SRR14574591	NODE_31084_length_673_cov_4.304688	62.2	673	711	0.052039	3.95e-07	acc|GENBANK|AYV77325.1|GENBANK|MK072032|phosphoinositide 3-kinase [Barrevirus sp.]	Barrevirus sp.	Blastx
SRR14574591	NODE_5903_length_399_cov_2.092896	36.4	399	163	0.472393	3.96e-07	acc|GENBANK|QOR60287.1|GENBANK|MK522035|hypothetical protein [Bathycoccus sp. RCC716 virus 1]	Bathycoccus sp. RCC716 virus 1	Blastx
SRR14574591	NODE_22068_length_324_cov_3.054983	35.1	324	561	0.172906	3.97e-07	acc|REFSEQ|YP_009408099.1|REFSEQ|NC_035460|DNA ligase-like protein [Eptesipox virus]	Eptesipox virus	Blastx
SRR14574591	NODE_51091_length_427_cov_1.484772	41.3	427	359	0.175487	4.04e-07	acc|GENBANK|QKF93741.1|GENBANK|MT418680|replication factor C small subunit [Fadolivirus FV1/VV64]	Fadolivirus FV1/VV64	Blastx
SRR14574591	NODE_20752_length_223_cov_1.100000	55.0	223	925	0.043243	4.04e-07	acc|GENBANK|ABY48139.1|GENBANK|EU306659|NORK [Medicago truncatula]	Medicago truncatula	Blastx
SRR14574591	NODE_21206_length_467_cov_2.057604	28.9	467	340	0.438235	4.06e-07	acc|GENBANK|AYV83811.1|GENBANK|MK072394|lipase [Hyperionvirus sp.]	Hyperionvirus sp.	Blastx
SRR14574591	NODE_12106_length_1391_cov_33.274669	35.7	1391	318	0.176101	4.12e-07	acc|REFSEQ|YP_009482975.1|REFSEQ|NC_037667|Ring finger protein [Pandoravirus quercus]	Pandoravirus quercus	Blastx
SRR14574591	NODE_20164_length_262_cov_1.353712	38.0	262	301	0.262458	4.16e-07	acc|GENBANK|AYV76989.1|GENBANK|MK072003|serine/threonine protein kinase [Barrevirus sp.]	Barrevirus sp.	Blastx
SRR14574591	NODE_49993_length_305_cov_1.290441	33.0	305	540	0.185185	4.24e-07	acc|REFSEQ|YP_009483172.1|REFSEQ|NC_037667|Cytochrome P450 [Pandoravirus quercus]	Pandoravirus quercus	Blastx
SRR14574591	NODE_22926_length_244_cov_1.426540	36.3	244	165	0.484848	4.26e-07	acc|GENBANK|XDO02321.1|GENBANK|PP542043|hypothetical protein [Florenciella sp. virus SA2]	Florenciella sp. virus SA2	Blastx
SRR14574591	NODE_5842_length_1109_cov_2.716543	53.8	1109	457	0.113786	4.30e-07	acc|REFSEQ|YP_009481855.1|REFSEQ|NC_037666|Ring finger protein [Pandoravirus neocaledonia]	Pandoravirus neocaledonia	Blastx
SRR14574591	NODE_46631_length_256_cov_1.000000	37.6	256	471	0.180467	4.38e-07	acc|GENBANK|AFV13457.1|GENBANK|JQ314445|UDPG-flavonoid 3-O-glucosyl transferase [Tripsacum dactyloides]	Tripsacum dactyloides	Blastx
SRR14574591	NODE_42031_length_230_cov_1.187817	35.0	230	933	0.085745	4.38e-07	acc|GENBANK|CAK7596581.1|GENBANK|OZ003748|Metalloenzyme, LuxS/M16 peptidase-like [Catovirus sp. 'naegleriensis']	Catovirus sp. 'naegleriensis'	Blastx
SRR14574591	NODE_47464_length_262_cov_1.021834	61.4	262	242	0.181818	4.40e-07	acc|GENBANK|AGU70135.1|GENBANK|KF270089|integrase-type DNA-binding superfamily protein [Tarenaya hassleriana]	Tarenaya hassleriana	Blastx
SRR14574591	NODE_49621_length_284_cov_2.796813	39.7	284	122	0.475410	4.44e-07	acc|GENBANK|AYV80588.1|GENBANK|MK072245|hypothetical protein [Harvfovirus sp.]	Harvfovirus sp.	Blastx
SRR14574591	NODE_51362_length_1369_cov_2.110778	38.4	1369	293	0.293515	4.45e-07	acc|GENBANK|QFG74152.1|GENBANK|MN448281|dihydrodipicolinate synthetase family protein [Megaviridae environmental sample]	Megaviridae environmental sample	Blastx
SRR14574591	NODE_15363_length_703_cov_4.504478	46.0	703	239	0.263598	4.46e-07	acc|GENBANK|AFV13460.1|GENBANK|JQ314447|ubiquitin conjugating enzyme 2 [Tripsacum dactyloides]	Tripsacum dactyloides	Blastx
SRR14574591	NODE_8342_length_920_cov_4.207441	35.6	920	344	0.252907	4.50e-07	acc|GENBANK|QFG74169.1|GENBANK|MN448282|aspartyl protease [Megaviridae environmental sample]	Megaviridae environmental sample	Blastx
SRR14574591	NODE_27298_length_383_cov_1.217143	33.7	383	142	0.690141	4.58e-07	acc|GENBANK|AYV77645.1|GENBANK|MK072058|acetylornithine deacetylase [Dasosvirus sp.]	Dasosvirus sp.	Blastx
SRR14574591	NODE_50229_length_321_cov_1.625000	92.6	321	208	0.129808	4.65e-07	acc|GENBANK|ARF10026.1|GENBANK|KY684093|Hsp70 protein [Indivirus ILV1]	Indivirus ILV1	Blastx
SRR14574591	NODE_5151_length_395_cov_1.903315	31.3	395	819	0.156288	4.68e-07	acc|GENBANK|QKF94107.1|GENBANK|MT418680|eukaryotic translation elongation factor 2 [Fadolivirus FV1/VV64]	Fadolivirus FV1/VV64	Blastx
SRR14574591	NODE_6710_length_266_cov_1.369099	40.9	266	359	0.183844	4.71e-07	acc|GENBANK|QBK92830.1|GENBANK|MK500585|polynucleotide kinase 3 phosphatase [Pithovirus LCPAC401]	Pithovirus LCPAC401	Blastx
SRR14574591	NODE_18322_length_212_cov_1.826816	34.3	212	1044	0.064176	4.71e-07	acc|GENBANK|BAC54898.1|GENBANK|AB083008|supressor of Ty element 16 [Drosophila melanogaster]	Drosophila melanogaster	Blastx
SRR14574591	NODE_14158_length_818_cov_32.047134	27.8	818	229	0.550218	4.74e-07	acc|GENBANK|QDY51704.1|GENBANK|MK250085|CS domain protein [Mimiviridae sp. ChoanoV1]	Mimiviridae sp. ChoanoV1	Blastx
SRR14574591	NODE_29075_length_629_cov_1.610738	21.8	629	479	0.411273	4.78e-07	acc|GENBANK|CCQ71313.1|GENBANK|HF586476|hypothetical methyltransferase MTase [Cotesia congregata]	Cotesia congregata	Blastx
SRR14574591	NODE_17605_length_342_cov_3.051780	33.3	342	528	0.159091	4.82e-07	acc|GENBANK|CAZ69506.1|GENBANK|FN429076|Major Facilitator Superfamily protein [Emiliania huxleyi virus 99B1]	Emiliania huxleyi virus 99B1	Blastx
SRR14574591	NODE_23908_length_452_cov_2.964200	31.3	452	337	0.341246	4.83e-07	acc|GENBANK|QFG73867.1|GENBANK|MN448273|CDP-alcohol phosphatidyltransferase [Megaviridae environmental sample]	Megaviridae environmental sample	Blastx
SRR14574591	NODE_47571_length_262_cov_1.021834	35.8	262	683	0.118594	4.84e-07	acc|GENBANK|AAM14062.1|GENBANK|AY091112|putative copia-like retroelement pol [Arabidopsis thaliana]	Arabidopsis thaliana	Blastx
SRR14574591	NODE_46056_length_252_cov_1.068493	29.6	252	285	0.284211	4.89e-07	acc|REFSEQ|YP_009173676.1|REFSEQ|NC_028094|serine/threonine protein kinase [Chrysochromulina ericina virus]	Chrysochromulina ericina virus	Blastx
SRR14574591	NODE_5198_length_452_cov_3.861575	37.2	452	344	0.250000	4.90e-07	acc|GENBANK|QFG74169.1|GENBANK|MN448282|aspartyl protease [Megaviridae environmental sample]	Megaviridae environmental sample	Blastx
SRR14574591	NODE_9395_length_1138_cov_3.878733	24.9	1138	374	0.665775	4.92e-07	acc|GENBANK|QCQ67756.1|GENBANK|MK637631|transmembrane amino acid transporter protein [European chub iridovirus]	European chub iridovirus	Blastx
SRR14574591	NODE_3489_length_467_cov_1.605991	34.1	467	299	0.294314	4.92e-07	acc|REFSEQ|YP_009448822.1|REFSEQ|NC_036594|Protein kinase [Orpheovirus IHUMI-LCC2]	Orpheovirus IHUMI-LCC2	Blastx
SRR14574591	NODE_22087_length_295_cov_1.660305	34.8	295	365	0.243836	4.93e-07	acc|GENBANK|BDT62135.1|GENBANK|LC738872|heat shock protein 40-like protein [Litopenaeus vannamei majanivirus Nimav-1_LVa]	Litopenaeus vannamei majanivirus Nimav-1_LVa	Blastx
SRR14574591	NODE_7374_length_269_cov_1.156780	44.6	269	249	0.297189	4.94e-07	acc|GENBANK|QKY77335.1|GENBANK|MT637187|MADS-box transcription factor SHP1.A9 [Brassica napus]	Brassica napus	Blastx
SRR14574591	NODE_41965_length_229_cov_1.193878	39.1	229	225	0.284444	5.00e-07	acc|GENBANK|AYV81931.1|GENBANK|MK072322|DNA-directed RNA polymerase subunit 5 [Harvfovirus sp.]	Harvfovirus sp.	Blastx
SRR14574591	NODE_36065_length_200_cov_2.802395	43.8	200	334	0.191617	5.12e-07	acc|GENBANK|QBK91883.1|GENBANK|MK500566|GDP-mannose 4,6 dehydratase [Pithovirus LCPAC304]	Pithovirus LCPAC304	Blastx
SRR14574591	NODE_14513_length_500_cov_2.580300	33.6	500	221	0.497738	5.19e-07	acc|REFSEQ|YP_009174617.1|REFSEQ|NC_028110|hypothetical protein [Yellowstone lake phycodnavirus 2]	Yellowstone lake phycodnavirus 2	Blastx
SRR14574591	NODE_4777_length_294_cov_2.318008	50.0	294	566	0.102473	5.23e-07	acc|GENBANK|QKN22654.1|GENBANK|MN627448|RNA-dependent RNA polymerase [Erysiphe necator associated tombus-like virus 3]	Erysiphe necator associated tombus-like virus 3	Blastx
SRR14574591	NODE_12225_length_323_cov_1.603448	37.5	323	602	0.146179	5.27e-07	acc|REFSEQ|YP_010782531.1|REFSEQ|NC_075039|hypothetical protein [Tupanvirus soda lake]	Tupanvirus soda lake	Blastx
SRR14574591	NODE_1692_length_1709_cov_6.289379	28.1	1709	354	0.381356	5.40e-07	acc|REFSEQ|YP_010780427.1|REFSEQ|NC_075038|saccharopine dehydrogenase [Tupanvirus deep ocean]	Tupanvirus deep ocean	Blastx
SRR14574591	NODE_23155_length_274_cov_2.560166	45.1	274	256	0.199219	5.52e-07	acc|GENBANK|AAB67721.1|GENBANK|AF015269|PL transcription factor [Zea mays]	Zea mays	Blastx
SRR14574591	NODE_45527_length_249_cov_1.083333	66.7	249	471	0.076433	5.56e-07	acc|GENBANK|AYV76466.1|GENBANK|MK071985|DnaJ domain protein [Terrestrivirus sp.]	Terrestrivirus sp.	Blastx
SRR14574591	NODE_45899_length_251_cov_1.004587	34.2	251	497	0.158954	5.58e-07	acc|REFSEQ|YP_009118582.1|REFSEQ|NC_026430|global transactivator-like protein [Condylorrhiza vestigialis mutiple nucleopolyhedrovirus]	Condylorrhiza vestigialis mutiple nucleopolyhedrovirus	Blastx
SRR14574591	NODE_44932_length_246_cov_1.098592	39.0	246	1263	0.064925	5.59e-07	acc|GENBANK|AAD26531.1|GENBANK|AF087141|valyl-tRNA synthetase [Mus musculus]	Mus musculus	Blastx
SRR14574591	NODE_45463_length_249_cov_1.083333	37.0	249	544	0.148897	5.61e-07	acc|REFSEQ|YP_009119837.1|REFSEQ|NC_026440|beta glucosidase [Pandoravirus inopinatum]	Pandoravirus inopinatum	Blastx
SRR14574591	NODE_6128_length_399_cov_3.631148	43.4	399	164	0.323171	5.62e-07	acc|REFSEQ|YP_002154623.1|REFSEQ|NC_011183|putative ubiquitin ligase [Feldmannia species virus]	Feldmannia species virus	Blastx
SRR14574591	NODE_49399_length_278_cov_1.959184	36.0	278	255	0.349020	5.69e-07	acc|GENBANK|AHJ40331.2|NEIGHBOR|KF959826|P13-like protein [Samba virus]	Samba virus	Blastx
SRR14574591	NODE_7056_length_646_cov_2.802610	26.8	646	267	0.685393	5.71e-07	acc|GENBANK|WRJ69708.1|GENBANK|OR001839|mitochondrial substrate carrier family protein [Oceanusvirus sp.]	Oceanusvirus sp.	Blastx
SRR14574591	NODE_15928_length_265_cov_1.995690	43.8	265	289	0.276817	5.72e-07	acc|GENBANK|QBK88329.1|GENBANK|MK500386|ABC transporter [Marseillevirus LCMAC202]	Marseillevirus LCMAC202	Blastx
SRR14574591	NODE_23069_length_337_cov_2.101974	47.4	337	361	0.157895	5.74e-07	acc|GENBANK|AYV81302.1|GENBANK|MK072268|sulfite oxidase [Harvfovirus sp.]	Harvfovirus sp.	Blastx
SRR14574591	NODE_19811_length_331_cov_2.077181	32.9	331	220	0.386364	5.76e-07	acc|GENBANK|UOG94371.1|NEIGHBOR|OM876856|peptidyl-prolyl cis-trans isomerase [Aureococcus anophagefferens virus]	Aureococcus anophagefferens virus	Blastx
SRR14574591	NODE_24416_length_229_cov_2.408163	59.6	229	518	0.090734	5.84e-07	acc|GENBANK|QPI16131.1|GENBANK|MW030532|hypothetical protein [Virus NIOZ-UU157]	Virus NIOZ-UU157	Blastx
SRR14574591	NODE_31012_length_494_cov_2.937093	67.4	494	242	0.177686	6.01e-07	acc|GENBANK|AGU70135.1|GENBANK|KF270089|integrase-type DNA-binding superfamily protein [Tarenaya hassleriana]	Tarenaya hassleriana	Blastx
SRR14574591	NODE_38028_length_209_cov_1.045455	36.8	209	674	0.100890	6.11e-07	acc|GENBANK|AYV83542.1|GENBANK|MK072390|HrpA-like RNA helicase [Hyperionvirus sp.]	Hyperionvirus sp.	Blastx
SRR14574591	NODE_13667_length_444_cov_4.817518	48.1	444	97	0.556701	6.13e-07	acc|GENBANK|AUF82187.1|GENBANK|KY322437|SANT superfamily protein [Tetraselmis virus 1]	Tetraselmis virus 1	Blastx
SRR14574591	NODE_16032_length_460_cov_2.180328	34.1	460	559	0.162791	6.18e-07	acc|GENBANK|QBP06727.1|NEIGHBOR|MK514406|hypothetical protein [Ostreococcus lucimarinus virus 7]	Ostreococcus lucimarinus virus 7	Blastx
SRR14574591	NODE_42310_length_231_cov_1.181818	37.7	231	737	0.104478	6.18e-07	acc|GENBANK|CCQ71381.1|GENBANK|HF586479|hypothetical cystein protease Calpain-B [Cotesia congregata]	Cotesia congregata	Blastx
SRR14574591	NODE_20870_length_386_cov_2.158640	32.2	386	2964	0.039811	6.20e-07	acc|REFSEQ|YP_009480677.1|REFSEQ|NC_037659|polyprotein [Botrytis cinerea hypovirus 1]	Botrytis cinerea hypovirus 1	Blastx
SRR14574591	NODE_47288_length_260_cov_1.030837	32.9	260	547	0.155393	6.29e-07	acc|GENBANK|ARF09888.1|GENBANK|KY684089|ABC transporter [Indivirus ILV1]	Indivirus ILV1	Blastx
SRR14574591	NODE_14718_length_210_cov_6.519774	55.6	210	508	0.088583	6.29e-07	acc|GENBANK|AWA44804.1|GENBANK|MH182523|hypothetical protein [Saccharum officinarum]	Saccharum officinarum	Blastx
SRR14574591	NODE_2471_length_1074_cov_96.413064	29.0	1074	410	0.378049	6.37e-07	acc|GENBANK|QBK88952.1|GENBANK|MK500406|aminotransferase class-V [Mimivirus LCMiAC02]	Mimivirus LCMiAC02	Blastx
SRR14574591	NODE_10106_length_423_cov_6.800000	50.0	423	77	0.519481	6.41e-07	acc|GENBANK|WKT15139.1|GENBANK|OR120049|zinc/RING finger containing protein [Platygaster orseoliae filamentous virus]	Platygaster orseoliae filamentous virus	Blastx
SRR14574591	NODE_14769_length_1805_cov_11.839729	27.5	1805	322	0.565217	6.42e-07	acc|GENBANK|QFG74515.1|GENBANK|MN448289|signal peptide peptidase [Megaviridae environmental sample]	Megaviridae environmental sample	Blastx
SRR14574591	NODE_43668_length_238_cov_1.712195	50.9	238	615	0.092683	6.63e-07	acc|GENBANK|QKF94158.1|GENBANK|MT418680|translation initiation factor aIF- 2 [Fadolivirus FV1/VV64]	Fadolivirus FV1/VV64	Blastx
SRR14574591	NODE_14794_length_589_cov_4.449640	31.6	589	88	1.079545	6.69e-07	acc|GENBANK|QDY51738.1|GENBANK|MK250085|major intrinsic protein [Mimiviridae sp. ChoanoV1]	Mimiviridae sp. ChoanoV1	Blastx
SRR14574591	NODE_1538_length_560_cov_48.688805	30.1	560	111	0.837838	6.83e-07	acc|REFSEQ|YP_009448553.1|REFSEQ|NC_036594|Thioredoxin [Orpheovirus IHUMI-LCC2]	Orpheovirus IHUMI-LCC2	Blastx
SRR14574591	NODE_20437_length_240_cov_1.497585	31.9	240	549	0.131148	6.85e-07	acc|GENBANK|WGU26819.1|GENBANK|OQ503488|BTB/POZ domain-containing protein [Triticum monococcum]	Triticum monococcum	Blastx
SRR14574591	NODE_22231_length_777_cov_2.385753	28.2	777	369	0.422764	6.92e-07	acc|GENBANK|QKF94202.1|GENBANK|MT418680|polyA polymerase head RNA and srmB- binding [Fadolivirus FV1/VV64]	Fadolivirus FV1/VV64	Blastx
SRR14574591	NODE_13191_length_742_cov_6.291961	25.2	742	336	0.672619	7.18e-07	acc|GENBANK|ACG25132.1|GENBANK|EU953014|retrotransposon protein [Zea mays]	Zea mays	Blastx
SRR14574591	NODE_28403_length_252_cov_1.858447	57.5	252	96	0.416667	7.25e-07	acc|GENBANK|BDT62136.1|GENBANK|LC738872|heat shock protein 40-like protein [Litopenaeus vannamei majanivirus Nimav-1_LVa]	Litopenaeus vannamei majanivirus Nimav-1_LVa	Blastx
SRR14574591	NODE_44290_length_242_cov_1.119617	40.2	242	261	0.352490	7.28e-07	acc|GENBANK|AYV86979.1|GENBANK|MK072522|hypothetical protein [Sylvanvirus sp.]	Sylvanvirus sp.	Blastx
SRR14574591	NODE_9320_length_881_cov_5.321934	46.6	881	222	0.261261	7.29e-07	acc|GENBANK|QBK88168.1|GENBANK|MK500377|RNA recognition motif protein [Marseillevirus LCMAC202]	Marseillevirus LCMAC202	Blastx
SRR14574591	NODE_45327_length_248_cov_2.148837	35.4	248	493	0.166329	7.34e-07	acc|REFSEQ|YP_009172826.1|REFSEQ|NC_028092|hypothetical protein [Ostreococcus mediterraneus virus 1]	Ostreococcus mediterraneus virus 1	Blastx
SRR14574591	NODE_18089_length_301_cov_1.268657	28.7	301	400	0.235000	7.37e-07	acc|GENBANK|WBR61431.1|GENBANK|ON052824|M20 AcylaseI like [Drosophila suzukii associated hytrosavirus 1]	Drosophila suzukii associated hytrosavirus 1	Blastx
SRR14574591	NODE_17734_length_271_cov_1.924370	40.3	271	686	0.104956	7.41e-07	acc|GENBANK|WNO13952.1|GENBANK|OQ968299|coat protein [Guapo partitivirus]	Guapo partitivirus	Blastx
SRR14574591	NODE_36216_length_200_cov_1.203593	43.3	200	1793	0.037368	7.52e-07	acc|GENBANK|CCQ71366.1|GENBANK|HF586479|hypothetical serine/threonine protein kinase [Cotesia congregata]	Cotesia congregata	Blastx
SRR14574591	NODE_41444_length_227_cov_1.206186	37.5	227	455	0.193407	7.63e-07	acc|GENBANK|QFG73745.1|GENBANK|MN448270|elongation factor Tu GTP binding domain protein [Megaviridae environmental sample]	Megaviridae environmental sample	Blastx
SRR14574591	NODE_14230_length_680_cov_13.904173	34.0	680	133	0.796992	7.68e-07	acc|GENBANK|XCJ76779.1|GENBANK|PP728250|SWIB/MDM2 domain protein [Micromonas polaris virus]	Micromonas polaris virus	Blastx
SRR14574591	NODE_13526_length_1646_cov_4.893366	29.5	1646	327	0.477064	7.70e-07	acc|GENBANK|BFL61536.1|GENBANK|LC813553|putative alpha/beta hydrolase [Moumouvirus lavasanguinem]	Moumouvirus lavasanguinem	Blastx
SRR14574591	NODE_47815_length_264_cov_1.012987	33.8	264	168	0.440476	7.98e-07	acc|GENBANK|UZT28849.1|GENBANK|OP765507|protein disulfide Isomerase [Nucleocytoviricota sp.]	Nucleocytoviricota sp.	Blastx
SRR14574591	NODE_30647_length_275_cov_1.743802	36.4	275	2037	0.043201	8.00e-07	acc|GENBANK|ABG37663.1|GENBANK|DQ536170|CCHC-type integrase [Populus trichocarpa]	Populus trichocarpa	Blastx
SRR14574591	NODE_1008_length_1348_cov_23.596958	35.3	1348	239	0.355649	8.21e-07	acc|GENBANK|AYV83988.1|GENBANK|MK072397|RING/U-box superfamily protein [Hyperionvirus sp.]	Hyperionvirus sp.	Blastx
SRR14574591	NODE_47157_length_259_cov_1.035398	50.0	259	115	0.365217	8.24e-07	acc|GENBANK|AUI39624.1|NEIGHBOR|MF468140|ResD [macacine betaherpesvirus 3]	macacine betaherpesvirus 3	Blastx
SRR14574591	NODE_16972_length_226_cov_1.787565	33.3	226	182	0.395604	8.44e-07	acc|REFSEQ|YP_009163818.1|REFSEQ|NC_027778|ORF_057R [Scale drop disease virus]	Scale drop disease virus	Blastx
SRR14574591	NODE_29452_length_943_cov_4.979121	51.7	943	828	0.070048	8.49e-07	acc|GENBANK|QBK89319.1|GENBANK|MK500414|U-box domain protein [Mimivirus LCMiAC02]	Mimivirus LCMiAC02	Blastx
SRR14574591	NODE_11147_length_965_cov_7.594421	41.6	965	159	0.484277	8.65e-07	acc|GENBANK|AYV84693.1|GENBANK|MK072416|putative 26S proteasome non-ATPase regulatory [Hyperionvirus sp.]	Hyperionvirus sp.	Blastx
SRR14574591	NODE_9292_length_756_cov_6.455048	27.7	756	388	0.502577	8.83e-07	acc|GENBANK|AAU93529.1|GENBANK|AY691949|alcohol dehydrogenase 1 [Zea mays]	Zea mays	Blastx
SRR14574591	NODE_27529_length_344_cov_2.424437	43.9	344	488	0.135246	8.88e-07	acc|GENBANK|AFQ62789.1|GENBANK|JX305313|APN2 [Hymenoscyphus albidus]	Hymenoscyphus albidus	Blastx
SRR14574591	NODE_21342_length_432_cov_1.679198	31.9	432	291	0.388316	9.20e-07	acc|GENBANK|QDY52327.1|GENBANK|MK250090|hypothetical protein [Mimiviridae sp. ChoanoV1]	Mimiviridae sp. ChoanoV1	Blastx
SRR14574591	NODE_26573_length_657_cov_4.586538	31.8	657	285	0.529825	9.30e-07	acc|GENBANK|UZT29310.1|GENBANK|OP765584|hypothetical protein [Nucleocytoviricota sp.]	Nucleocytoviricota sp.	Blastx
SRR14574591	NODE_19241_length_278_cov_1.359184	24.3	278	170	0.411765	9.42e-07	acc|REFSEQ|YP_008052437.1|REFSEQ|NC_021312|disulfide isomerase [Phaeocystis globosa virus]	Phaeocystis globosa virus	Blastx
SRR14574591	NODE_39298_length_216_cov_1.278689	59.5	216	706	0.059490	9.45e-07	acc|GENBANK|QBK88798.1|GENBANK|MK500399|HrpA-like RNA helicase [Mimivirus LCMiAC01]	Mimivirus LCMiAC01	Blastx
SRR14574591	NODE_13332_length_1312_cov_7.731040	32.1	1312	328	0.399390	9.46e-07	acc|GENBANK|UOG94377.1|NEIGHBOR|OM876856|serine-type endopeptidase [Aureococcus anophagefferens virus]	Aureococcus anophagefferens virus	Blastx
SRR14574591	NODE_491_length_1417_cov_29.090318	40.7	1417	151	0.357616	9.55e-07	acc|GENBANK|QBK85057.1|GENBANK|MK500302|ubiquitin-protein ligase [Pithovirus LCDPAC02]	Pithovirus LCDPAC02	Blastx
SRR14574591	NODE_1046_length_1903_cov_10.911765	25.2	1903	466	0.467811	9.64e-07	acc|GENBANK|ACD54811.1|GENBANK|EU643495|endo-xylogalacturonan hydrolase-like protein [Adineta vaga]	Adineta vaga	Blastx
SRR14574591	NODE_25063_length_580_cov_1.367459	47.8	580	199	0.346734	9.72e-07	acc|GENBANK|AGU70137.1|GENBANK|KF270090|integrase-type DNA-binding superfamily protein [Tarenaya hassleriana]	Tarenaya hassleriana	Blastx
SRR14574591	NODE_4001_length_278_cov_2.248980	65.8	278	325	0.116923	9.81e-07	acc|GENBANK|CAZ69365.1|GENBANK|FN429076|ribonucleoside-diphosphate reductase small [Emiliania huxleyi virus 99B1]	Emiliania huxleyi virus 99B1	Blastx
SRR14574591	NODE_27120_length_920_cov_4.688839	32.3	920	191	0.649215	9.84e-07	acc|REFSEQ|YP_010782501.1|REFSEQ|NC_075039|phosphatidate cytidylyltransferase [Tupanvirus soda lake]	Tupanvirus soda lake	Blastx
SRR14574591	NODE_29485_length_1106_cov_3.407269	27.4	1106	234	0.700855	1.01e-06	acc|REFSEQ|YP_294107.1|REFSEQ|NC_007346|putative protease [Emiliania huxleyi virus 86]	Emiliania huxleyi virus 86	Blastx
SRR14574591	NODE_45844_length_251_cov_1.766055	34.1	251	482	0.170124	1.04e-06	acc|GENBANK|BBA54297.1|GENBANK|AB898755|gag : akt fusion protein [Feline leukemia virus]	Feline leukemia virus	Blastx
SRR14574591	NODE_44848_length_245_cov_2.231132	39.7	245	212	0.367925	1.04e-06	acc|GENBANK|ADB85264.1|GENBANK|GQ252803|hypothetical protein [Phyllostachys edulis]	Phyllostachys edulis	Blastx
SRR14574591	NODE_28827_length_754_cov_2.292649	23.8	754	565	0.341593	1.06e-06	acc|GENBANK|AOP31438.1|NEIGHBOR|KU749309|btb kelch-domain containing protein [Raccoonpox virus]	Raccoonpox virus	Blastx
SRR14574591	NODE_11632_length_1066_cov_20.034850	30.7	1066	322	0.475155	1.07e-06	acc|GENBANK|QFG74515.1|GENBANK|MN448289|signal peptide peptidase [Megaviridae environmental sample]	Megaviridae environmental sample	Blastx
SRR14574591	NODE_6280_length_687_cov_3.622324	45.5	687	116	0.379310	1.07e-06	acc|GENBANK|AYV81207.1|GENBANK|MK072263|putative zinc finger A20 and AN1 [Harvfovirus sp.]	Harvfovirus sp.	Blastx
SRR14574591	NODE_20621_length_390_cov_1.781513	33.0	390	510	0.201961	1.08e-06	acc|REFSEQ|YP_009165152.1|REFSEQ|NC_027867|Cytochrome P450 [Mollivirus sibericum]	Mollivirus sibericum	Blastx
SRR14574591	NODE_18679_length_326_cov_1.549488	33.3	326	279	0.354839	1.09e-06	acc|GENBANK|ARF12509.1|GENBANK|KY684113|stomatin family protein [Klosneuvirus KNV1]	Klosneuvirus KNV1	Blastx
SRR14574591	NODE_50056_length_309_cov_2.057971	37.5	309	383	0.229765	1.11e-06	acc|GENBANK|BFT93217.1|GENBANK|LC847964|protein phosphatase 2C [Medusavirus sp. 'euryale']	Medusavirus sp. 'euryale'	Blastx
SRR14574591	NODE_35_length_461_cov_9.813084	56.3	461	541	0.088725	1.14e-06	acc|REFSEQ|YP_009481536.1|REFSEQ|NC_037665|2-aminooxy adenylosuccinate synthetase [Pandoravirus macleodensis]	Pandoravirus macleodensis	Blastx
SRR14574591	NODE_25141_length_280_cov_1.040486	39.0	280	1080	0.071296	1.16e-06	acc|GENBANK|AAP74647.1|GENBANK|AH012974|Lr21 [Aegilops tauschii]	Aegilops tauschii	Blastx
SRR14574591	NODE_10811_length_1568_cov_6.679479	27.0	1568	642	0.409657	1.18e-06	acc|GENBANK|QDY52194.1|GENBANK|MK250088|acyl-CoA dehydrogenase [Mimiviridae sp. ChoanoV1]	Mimiviridae sp. ChoanoV1	Blastx
SRR14574591	NODE_15259_length_1439_cov_6.944523	29.2	1439	196	0.698980	1.21e-06	acc|GENBANK|AYV85801.1|GENBANK|MK072479|putative guanosine-3',5'-bis(diphosphate) [Satyrvirus sp.]	Satyrvirus sp.	Blastx
SRR14574591	NODE_12823_length_693_cov_3.109091	28.2	693	412	0.283981	1.21e-06	acc|GENBANK|ARF09093.1|GENBANK|KY684084|serine/threonine protein kinase [Catovirus CTV1]	Catovirus CTV1	Blastx
SRR14574591	NODE_25626_length_582_cov_1.903461	28.5	582	538	0.358736	1.22e-06	acc|GENBANK|ARF09641.1|GENBANK|KY684086|ABC transporter [Indivirus ILV1]	Indivirus ILV1	Blastx
SRR14574591	NODE_31205_length_605_cov_4.229021	46.7	605	1471	0.072740	1.24e-06	acc|GENBANK|AGW47867.1|GENBANK|KF303287|polyprotein [Phaseolus vulgaris]	Phaseolus vulgaris	Blastx
SRR14574591	NODE_26869_length_681_cov_3.287037	33.3	681	513	0.204678	1.25e-06	acc|GENBANK|QBC76084.1|GENBANK|MK293724|global transactivator [Neophasia sp. alphabaculovirus]	Neophasia sp. alphabaculovirus	Blastx
SRR14574591	NODE_15047_length_1285_cov_9.308307	36.8	1285	88	0.772727	1.26e-06	acc|GENBANK|QFG73695.1|GENBANK|MN448268|acyl CoA binding protein [Megaviridae environmental sample]	Megaviridae environmental sample	Blastx
SRR14574591	NODE_9138_length_514_cov_4.193347	43.4	514	122	0.434426	1.26e-06	acc|GENBANK|AYV80588.1|GENBANK|MK072245|hypothetical protein [Harvfovirus sp.]	Harvfovirus sp.	Blastx
SRR14574591	NODE_12769_length_447_cov_2.483092	32.3	447	412	0.225728	1.30e-06	acc|GENBANK|ARF09093.1|GENBANK|KY684084|serine/threonine protein kinase [Catovirus CTV1]	Catovirus CTV1	Blastx
SRR14574591	NODE_45409_length_248_cov_1.088372	37.3	248	332	0.250000	1.30e-06	acc|GENBANK|AYV77577.1|GENBANK|MK072050|hypothetical protein [Dasosvirus sp.]	Dasosvirus sp.	Blastx
SRR14574591	NODE_3159_length_3068_cov_56.401318	42.6	3068	183	0.295082	1.31e-06	acc|REFSEQ|YP_010087445.1|REFSEQ|NC_055554|E3-MARCH3-like protein [Vombatid gammaherpesvirus 1]	Vombatid gammaherpesvirus 1	Blastx
SRR14574591	NODE_25311_length_300_cov_3.235955	45.1	300	337	0.210682	1.31e-06	acc|REFSEQ|YP_009143498.1|REFSEQ|NC_027213|Serpin [Raccoonpox virus]	Raccoonpox virus	Blastx
SRR14574591	NODE_39515_length_217_cov_1.271739	70.3	217	2003	0.018472	1.32e-06	acc|GENBANK|AAL66751.1|GENBANK|AF464738|putative gag-pol precursor [Zea mays]	Zea mays	Blastx
SRR14574591	NODE_26434_length_740_cov_1.458274	35.0	740	353	0.226629	1.36e-06	acc|GENBANK|WGU26821.1|GENBANK|OQ503488|S-acyltransferase 11-like protein [Triticum monococcum]	Triticum monococcum	Blastx
SRR14574591	NODE_8225_length_1297_cov_10.981013	38.8	1297	103	0.650485	1.36e-06	acc|GENBANK|QPB44333.1|GENBANK|MW018138|high mobility group protein [Medusavirus stheno T3]	Medusavirus stheno T3	Blastx
SRR14574591	NODE_50620_length_353_cov_1.462500	28.9	353	189	0.603175	1.37e-06	acc|GENBANK|XCJ76986.1|GENBANK|PP728250|Clp protease [Micromonas polaris virus]	Micromonas polaris virus	Blastx
SRR14574591	NODE_49819_length_294_cov_1.793103	41.4	294	925	0.062703	1.38e-06	acc|GENBANK|ABY48139.1|GENBANK|EU306659|NORK [Medicago truncatula]	Medicago truncatula	Blastx
SRR14574591	NODE_18113_length_200_cov_1.389222	35.5	200	737	0.084125	1.39e-06	acc|GENBANK|CCQ71381.1|GENBANK|HF586479|hypothetical cystein protease Calpain-B [Cotesia congregata]	Cotesia congregata	Blastx
SRR14574591	NODE_26646_length_380_cov_1.631124	43.6	380	284	0.193662	1.40e-06	acc|GENBANK|CAK7597100.1|GENBANK|OZ003748|Protein phosphatase 2C family protein [Catovirus sp. 'naegleriensis']	Catovirus sp. 'naegleriensis'	Blastx
SRR14574591	NODE_6597_length_756_cov_3.287690	33.9	756	117	0.982906	1.43e-06	acc|GENBANK|QDH76138.1|GENBANK|MK948413|putative gag protein [Porcine endogenous retrovirus]	Porcine endogenous retrovirus	Blastx
SRR14574591	NODE_26961_length_299_cov_4.966165	41.5	299	1196	0.068562	1.45e-06	acc|GENBANK|QBK88182.1|GENBANK|MK500377|CobB/CobQ-like glutamine amidotransferase domain [Marseillevirus LCMAC202]	Marseillevirus LCMAC202	Blastx
SRR14574591	NODE_29884_length_271_cov_2.781513	38.7	271	269	0.230483	1.49e-06	acc|REFSEQ|YP_003970108.1|REFSEQ|NC_014637|putative family 2C serine/threonine phosphatase [Cafeteria roenbergensis virus BV-PW1]	Cafeteria roenbergensis virus BV-PW1	Blastx
SRR14574591	NODE_49205_length_276_cov_0.954733	42.2	276	925	0.069189	1.51e-06	acc|GENBANK|ABY48139.1|GENBANK|EU306659|NORK [Medicago truncatula]	Medicago truncatula	Blastx
SRR14574591	NODE_50661_length_357_cov_1.429012	38.3	357	80	0.587500	1.52e-06	acc|GENBANK|QIH04879.1|GENBANK|MK867691|RING-finger-containing E3 ubiquitin ligase [Dasineura jujubifolia toursvirus 2a]	Dasineura jujubifolia toursvirus 2a	Blastx
SRR14574591	NODE_13923_length_1253_cov_8.510656	30.6	1253	326	0.380368	1.53e-06	acc|GENBANK|CAK7597195.1|GENBANK|OZ003748|Zinc finger, RING/FYVE/PHD-type homologous [Catovirus sp. 'naegleriensis']	Catovirus sp. 'naegleriensis'	Blastx
SRR14574591	NODE_3215_length_983_cov_4.706316	58.6	983	604	0.096026	1.53e-06	acc|GENBANK|AAK84484.1|GENBANK|AF275345|TH65-like protein [Solanum lycopersicum]	Solanum lycopersicum	Blastx
SRR14574591	NODE_5264_length_833_cov_2.285000	35.4	833	125	0.768000	1.55e-06	acc|GENBANK|AYV76397.1|GENBANK|MK071984|vesicle-associated membrane protein 4 [Terrestrivirus sp.]	Terrestrivirus sp.	Blastx
SRR14574591	NODE_4566_length_384_cov_1.666667	40.8	384	2037	0.037310	1.55e-06	acc|GENBANK|ABG37663.1|GENBANK|DQ536170|CCHC-type integrase [Populus trichocarpa]	Populus trichocarpa	Blastx
SRR14574591	NODE_46770_length_257_cov_1.044643	53.5	257	557	0.077199	1.55e-06	acc|GENBANK|WGU26825.1|GENBANK|OQ503488|putative acyl-activating enzyme 5 [Triticum monococcum]	Triticum monococcum	Blastx
SRR14574591	NODE_11828_length_982_cov_18.887250	46.3	982	173	0.312139	1.57e-06	acc|GENBANK|AYV84055.1|GENBANK|MK072398|hypothetical protein [Hyperionvirus sp.]	Hyperionvirus sp.	Blastx
SRR14574591	NODE_28905_length_515_cov_5.006224	29.3	515	362	0.453039	1.57e-06	acc|REFSEQ|YP_009482544.1|REFSEQ|NC_037666|Isopenicillin N synthase domain containing [Pandoravirus neocaledonia]	Pandoravirus neocaledonia	Blastx
SRR14574591	NODE_50394_length_334_cov_1.551495	34.1	334	1080	0.116667	1.60e-06	acc|GENBANK|AAP74647.1|GENBANK|AH012974|Lr21 [Aegilops tauschii]	Aegilops tauschii	Blastx
SRR14574591	NODE_43179_length_236_cov_1.152709	47.7	236	486	0.090535	1.61e-06	acc|GENBANK|ADB85341.1|GENBANK|GQ252857|putative retrotransposon protein [Phyllostachys edulis]	Phyllostachys edulis	Blastx
SRR14574591	NODE_13221_length_1293_cov_4.092857	35.2	1293	525	0.200000	1.63e-06	acc|GENBANK|BDV49870.1|GENBANK|AP027153|RCBTB1-like protein [Metapenaeopsis lamellata majanivirus]	Metapenaeopsis lamellata majanivirus	Blastx
SRR14574591	NODE_13752_length_1320_cov_12.253302	42.1	1320	97	0.587629	1.64e-06	acc|GENBANK|AUF82187.1|GENBANK|KY322437|SANT superfamily protein [Tetraselmis virus 1]	Tetraselmis virus 1	Blastx
SRR14574591	NODE_14716_length_1100_cov_9.007498	26.9	1100	336	0.651786	1.65e-06	acc|GENBANK|ACG25132.1|GENBANK|EU953014|retrotransposon protein [Zea mays]	Zea mays	Blastx
SRR14574591	NODE_7999_length_483_cov_3.060000	30.3	483	360	0.366667	1.68e-06	acc|GENBANK|QPI16529.1|GENBANK|MW030574|chaperone protein [Virus NIOZ-UU159]	Virus NIOZ-UU159	Blastx
SRR14574591	NODE_26149_length_365_cov_3.421687	40.6	365	196	0.326531	1.68e-06	acc|GENBANK|QKF93917.1|GENBANK|MT418680|adenylate kinase/UMP-CMP kinase [Fadolivirus FV1/VV64]	Fadolivirus FV1/VV64	Blastx
SRR14574591	NODE_43497_length_237_cov_1.147059	35.2	237	558	0.127240	1.68e-06	acc|GENBANK|QBK88309.1|GENBANK|MK500385|cytochrome P450 [Marseillevirus LCMAC202]	Marseillevirus LCMAC202	Blastx
SRR14574591	NODE_47658_length_263_cov_1.017391	44.4	263	721	0.087379	1.69e-06	acc|GENBANK|AYV87083.1|GENBANK|MK072529|putative RNA helicase SDE3 [Sylvanvirus sp.]	Sylvanvirus sp.	Blastx
SRR14574591	NODE_48029_length_266_cov_1.004292	50.0	266	174	0.287356	1.70e-06	acc|GENBANK|AWA44800.1|GENBANK|MH182523|hypothetical protein [Saccharum officinarum]	Saccharum officinarum	Blastx
SRR14574591	NODE_13513_length_1548_cov_10.713531	25.3	1548	332	0.762048	1.72e-06	acc|REFSEQ|YP_010776497.1|REFSEQ|NC_075034|putative alpha/beta hydrolase [Powai lake megavirus]	Powai lake megavirus	Blastx
SRR14574591	NODE_16341_length_522_cov_2.715746	33.0	522	270	0.325926	1.72e-06	acc|GENBANK|AGE50009.1|GENBANK|JX997157|serine/threonine-protein kinase [Paramecium bursaria Chlorella virus Can18-4]	Paramecium bursaria Chlorella virus Can18-4	Blastx
SRR14574591	NODE_8432_length_600_cov_4.054674	30.4	600	443	0.304740	1.75e-06	acc|REFSEQ|YP_010782291.1|REFSEQ|NC_075039|alcohol dehydrogenase [Tupanvirus soda lake]	Tupanvirus soda lake	Blastx
SRR14574591	NODE_47646_length_263_cov_1.017391	40.8	263	1740	0.043678	1.75e-06	acc|GENBANK|UMO80318.1|GENBANK|MZ420563|Serine/threonine protein kinase [Pandoravirus aubagnensis]	Pandoravirus aubagnensis	Blastx
SRR14574591	NODE_26747_length_292_cov_2.509653	32.7	292	631	0.179081	1.77e-06	acc|GENBANK|AYV76068.1|GENBANK|MK071982|hypothetical protein [Terrestrivirus sp.]	Terrestrivirus sp.	Blastx
SRR14574591	NODE_39469_length_217_cov_1.271739	35.4	217	702	0.068376	1.77e-06	acc|GENBANK|ARF12034.1|GENBANK|KY684110|copper amine oxidase [Klosneuvirus KNV1]	Klosneuvirus KNV1	Blastx
SRR14574591	NODE_23126_length_659_cov_2.239617	24.8	659	412	0.390777	1.79e-06	acc|GENBANK|AYV75900.1|GENBANK|MK071981|signal peptide peptidase [Terrestrivirus sp.]	Terrestrivirus sp.	Blastx
SRR14574591	NODE_2905_length_1046_cov_10.384008	40.8	1046	318	0.238994	1.80e-06	acc|REFSEQ|YP_009174434.1|REFSEQ|NC_028108|putative heat shock protein 40 [Yellowstone lake phycodnavirus 3]	Yellowstone lake phycodnavirus 3	Blastx
SRR14574591	NODE_44361_length_242_cov_1.114833	37.9	242	1678	0.034565	1.82e-06	acc|GENBANK|QCC26833.1|GENBANK|MK532515|gagpol polyprotein [Zea mays]	Zea mays	Blastx
SRR14574591	NODE_16383_length_209_cov_1.965909	40.0	209	100	0.650000	1.84e-06	acc|GENBANK|ADK60820.1|GENBANK|GU326971|putative polyprotein [Arachis diogoi]	Arachis diogoi	Blastx
SRR14574591	NODE_2133_length_2273_cov_37.845982	24.0	2273	785	0.638217	1.85e-06	acc|GENBANK|AYV77025.1|GENBANK|MK072005|phosphoenolpyruvate synthase [Barrevirus sp.]	Barrevirus sp.	Blastx
SRR14574591	NODE_9857_length_825_cov_4.771465	42.4	825	105	0.628571	1.85e-06	acc|REFSEQ|YP_010780781.1|REFSEQ|NC_075038|mimivirus translation factor SUI1-like 2 [Tupanvirus deep ocean]	Tupanvirus deep ocean	Blastx
SRR14574591	NODE_44627_length_244_cov_1.066351	45.5	244	816	0.053922	1.85e-06	acc|GENBANK|BDT63269.1|GENBANK|LC738882|putative reverse transcriptase [Hemigrapsus takanoi nimavirus]	Hemigrapsus takanoi nimavirus	Blastx
SRR14574591	NODE_11533_length_994_cov_12.314256	38.6	994	228	0.364035	1.90e-06	acc|GENBANK|CAK7597209.1|GENBANK|OZ003748|RNA-binding/Nucleotide-binding alpha-beta plait [Catovirus sp. 'naegleriensis']	Catovirus sp. 'naegleriensis'	Blastx
SRR14574591	NODE_36196_length_200_cov_1.401198	46.0	200	1281	0.039032	1.92e-06	acc|GENBANK|AAA67727.1|GENBANK|U15647|reverse transcriptase [Mus musculus domesticus]	Mus musculus domesticus	Blastx
SRR14574591	NODE_26447_length_460_cov_2.384075	29.8	460	387	0.268734	1.93e-06	acc|GENBANK|AYV84290.1|GENBANK|MK072403|hypothetical protein [Hyperionvirus sp.]	Hyperionvirus sp.	Blastx
SRR14574591	NODE_13412_length_608_cov_16.526957	36.6	608	311	0.299035	1.95e-06	acc|GENBANK|AYV82542.1|GENBANK|MK072383|SDR family NAD(P)-dependent oxidoreductase [Hyperionvirus sp.]	Hyperionvirus sp.	Blastx
SRR14574591	NODE_30402_length_459_cov_1.988263	42.4	459	400	0.147500	1.95e-06	acc|GENBANK|WBR61431.1|GENBANK|ON052824|M20 AcylaseI like [Drosophila suzukii associated hytrosavirus 1]	Drosophila suzukii associated hytrosavirus 1	Blastx
SRR14574591	NODE_6169_length_1026_cov_4.454179	40.6	1026	292	0.236301	1.99e-06	acc|GENBANK|ARR74995.1|GENBANK|KY565523|hypothetical protein [Mimivirus AB-566-O17]	Mimivirus AB-566-O17	Blastx
SRR14574591	NODE_49613_length_284_cov_1.792829	35.6	284	335	0.259701	2.00e-06	acc|REFSEQ|YP_227542.1|REFSEQ|NC_006966|Serpin-like protein [Deerpox virus W-848-83]	Deerpox virus W-848-83	Blastx
SRR14574591	NODE_49561_length_281_cov_1.415323	32.2	281	383	0.227154	2.00e-06	acc|GENBANK|AJA91762.1|GENBANK|KM434202|dihydroflavonol 4-reductase [Allium cepa]	Allium cepa	Blastx
SRR14574591	NODE_7961_length_410_cov_3.827586	68.3	410	242	0.169421	2.03e-06	acc|GENBANK|AGU70135.1|GENBANK|KF270089|integrase-type DNA-binding superfamily protein [Tarenaya hassleriana]	Tarenaya hassleriana	Blastx
SRR14574591	NODE_41872_length_229_cov_1.193878	40.8	229	471	0.161359	2.03e-06	acc|GENBANK|AFV13457.1|GENBANK|JQ314445|UDPG-flavonoid 3-O-glucosyl transferase [Tripsacum dactyloides]	Tripsacum dactyloides	Blastx
SRR14574591	NODE_45474_length_249_cov_1.078704	44.1	249	1651	0.041187	2.04e-06	acc|GENBANK|AAV51078.1|NEIGHBOR|AY653733|unknown [Acanthamoeba polyphaga mimivirus]	Acanthamoeba polyphaga mimivirus	Blastx
SRR14574591	NODE_25467_length_785_cov_1.611702	37.0	785	475	0.193684	2.05e-06	acc|GENBANK|WRQ65719.1|GENBANK|OR843794|structural protein [Tolivirales sp.]	Tolivirales sp.	Blastx
SRR14574591	NODE_22079_length_333_cov_1.353333	42.0	333	213	0.323944	2.06e-06	acc|GENBANK|ACI00359.1|GENBANK|FJ173823|ZCCT2-B2a [Triticum turgidum]	Triticum turgidum	Blastx
SRR14574591	NODE_10788_length_254_cov_2.638009	38.0	254	850	0.083529	2.08e-06	acc|GENBANK|WZO85486.1|GENBANK|PP681889|calcium-transporting ATPase, plasma [Chlorovirus sp.]	Chlorovirus sp.	Blastx
SRR14574591	NODE_8623_length_953_cov_7.523913	25.6	953	218	0.715596	2.09e-06	acc|GENBANK|ARF09164.1|GENBANK|KY684084|RNA recognition motif [Catovirus CTV1]	Catovirus CTV1	Blastx
SRR14574591	NODE_50374_length_332_cov_1.565217	47.7	332	898	0.072383	2.09e-06	acc|REFSEQ|YP_009165944.1|REFSEQ|NC_027925|hypothetical protein [Apis mellifera filamentous virus]	Apis mellifera filamentous virus	Blastx
SRR14574591	NODE_49333_length_277_cov_0.959016	34.9	277	210	0.395238	2.09e-06	acc|GENBANK|QII89030.1|GENBANK|MN690608|NS10 protein [Bottlenose dolphin coronavirus]	Bottlenose dolphin coronavirus	Blastx
SRR14574591	NODE_3722_length_463_cov_1.465116	39.3	463	482	0.126556	2.10e-06	acc|GENBANK|BBA54297.1|GENBANK|AB898755|gag : akt fusion protein [Feline leukemia virus]	Feline leukemia virus	Blastx
SRR14574591	NODE_8756_length_462_cov_3.412587	30.7	462	478	0.320084	2.10e-06	acc|GENBANK|QOR60177.1|GENBANK|MK522034|hypothetical protein [Bathycoccus sp. RCC716 virus 1]	Bathycoccus sp. RCC716 virus 1	Blastx
SRR14574591	NODE_19600_length_1791_cov_2.858931	56.5	1791	508	0.090551	2.20e-06	acc|GENBANK|AWA44804.1|GENBANK|MH182523|hypothetical protein [Saccharum officinarum]	Saccharum officinarum	Blastx
SRR14574591	NODE_6145_length_849_cov_2.623775	26.8	849	219	0.698630	2.20e-06	acc|GENBANK|AYV81269.1|GENBANK|MK072266|RNA recognition motif protein [Harvfovirus sp.]	Harvfovirus sp.	Blastx
SRR14574591	NODE_4164_length_630_cov_4.036851	30.6	630	88	1.113636	2.25e-06	acc|GENBANK|QDY51738.1|GENBANK|MK250085|major intrinsic protein [Mimiviridae sp. ChoanoV1]	Mimiviridae sp. ChoanoV1	Blastx
SRR14574591	NODE_27545_length_540_cov_3.003945	26.7	540	245	0.428571	2.26e-06	acc|GENBANK|UNJ46593.1|GENBANK|OM135585|CG1662 [Drosophila melanogaster]	Drosophila melanogaster	Blastx
SRR14574591	NODE_8871_length_836_cov_4.176837	41.2	836	258	0.197674	2.27e-06	acc|GENBANK|AYV78314.1|GENBANK|MK072074|hypothetical protein [Edafosvirus sp.]	Edafosvirus sp.	Blastx
SRR14574591	NODE_655_length_1719_cov_38.239027	31.3	1719	225	0.595556	2.37e-06	acc|GENBANK|QFU19918.1|NEIGHBOR|MN160338|pV1 [European wheat striate mosaic virus]	European wheat striate mosaic virus	Blastx
SRR14574591	NODE_20049_length_243_cov_1.890476	27.8	243	361	0.218837	2.39e-06	acc|REFSEQ|YP_010781583.1|REFSEQ|NC_075039|histone deacetylase [Tupanvirus soda lake]	Tupanvirus soda lake	Blastx
SRR14574591	NODE_51249_length_478_cov_3.155056	83.3	478	513	0.058480	2.43e-06	acc|GENBANK|QDH91039.1|GENBANK|MN035964|RNA-dependent RNA polymerase [Mitovirus sp.]	Mitovirus sp.	Blastx
SRR14574591	NODE_19458_length_217_cov_1.277174	51.7	217	870	0.068966	2.43e-06	acc|GENBANK|AGE58933.1|GENBANK|JX997183|calcium-transporting ATPase, plasma [Paramecium bursaria Chlorella virus NYs1]	Paramecium bursaria Chlorella virus NYs1	Blastx
SRR14574591	NODE_13742_length_1175_cov_7.348511	30.8	1175	328	0.435976	2.44e-06	acc|GENBANK|QFG74295.1|GENBANK|MN448285|acyltransferase [Megaviridae environmental sample]	Megaviridae environmental sample	Blastx
SRR14574591	NODE_20919_length_217_cov_1.635870	56.0	217	1384	0.036127	2.46e-06	acc|GENBANK|ADB85299.1|GENBANK|GQ252825|putative retrotransposon protein [Phyllostachys edulis]	Phyllostachys edulis	Blastx
SRR14574591	NODE_4933_length_1024_cov_2.385469	52.8	1024	430	0.123256	2.48e-06	acc|REFSEQ|YP_654431.1|REFSEQ|NC_008168|hypothetical protein [Choristoneura fumiferana granulovirus]	Choristoneura fumiferana granulovirus	Blastx
SRR14574591	NODE_8920_length_774_cov_6.025641	29.5	774	315	0.495238	2.55e-06	acc|GENBANK|QBK87459.1|GENBANK|MK500352|GDP-mannose 4,6 dehydratase [Marseillevirus LCMAC201]	Marseillevirus LCMAC201	Blastx
SRR14574591	NODE_10232_length_603_cov_11.426316	43.9	603	215	0.306977	2.56e-06	acc|GENBANK|QIG60204.1|GENBANK|MN940580|SWIB-domain containing protein [Dishui Lake large algae virus 1]	Dishui Lake large algae virus 1	Blastx
SRR14574591	NODE_24851_length_467_cov_1.633641	48.2	467	213	0.262911	2.57e-06	acc|GENBANK|ACI00359.1|GENBANK|FJ173823|ZCCT2-B2a [Triticum turgidum]	Triticum turgidum	Blastx
SRR14574591	NODE_8378_length_353_cov_1.221875	40.0	353	727	0.089409	2.60e-06	acc|GENBANK|ADB85269.1|GENBANK|GQ252805|putative lectin-like protein kinase [Phyllostachys edulis]	Phyllostachys edulis	Blastx
SRR14574591	NODE_3011_length_1452_cov_218.501057	30.3	1452	228	0.723684	2.64e-06	acc|GENBANK|CAK7597209.1|GENBANK|OZ003748|RNA-binding/Nucleotide-binding alpha-beta plait [Catovirus sp. 'naegleriensis']	Catovirus sp. 'naegleriensis'	Blastx
SRR14574591	NODE_48769_length_272_cov_0.979079	40.3	272	1070	0.057944	2.64e-06	acc|GENBANK|ATZ80901.1|GENBANK|MF782455|isoleucyl-tRNA synthetase [Bodo saltans virus]	Bodo saltans virus	Blastx
SRR14574591	NODE_4665_length_543_cov_2.515686	28.0	543	357	0.450980	2.65e-06	acc|GENBANK|UMO79212.1|GENBANK|MZ420562|Isopenicillin N synthase domain containing [Pandoravirus belohorizontensis]	Pandoravirus belohorizontensis	Blastx
SRR14574591	NODE_23348_length_251_cov_1.256881	33.3	251	521	0.155470	2.67e-06	acc|REFSEQ|YP_009481242.1|REFSEQ|NC_037665|Cytochrome P450 [Pandoravirus macleodensis]	Pandoravirus macleodensis	Blastx
SRR14574591	NODE_43070_length_235_cov_1.158416	42.0	235	288	0.239583	2.67e-06	acc|REFSEQ|YP_009448911.1|REFSEQ|NC_036594|Negative regulator of the PHO system [Orpheovirus IHUMI-LCC2]	Orpheovirus IHUMI-LCC2	Blastx
SRR14574591	NODE_401_length_387_cov_134.149718	29.7	387	268	0.440299	2.68e-06	acc|GENBANK|QBK91399.1|GENBANK|MK500535|mitochondrial carrier-like protein [Pithovirus LCPAC302]	Pithovirus LCPAC302	Blastx
SRR14574591	NODE_14123_length_308_cov_16.000000	37.8	308	243	0.370370	2.70e-06	acc|GENBANK|QSE37552.1|GENBANK|MW365400|putative 27-kD protein [Citrus associated ampelovirus 1]	Citrus associated ampelovirus 1	Blastx
SRR14574591	NODE_17822_length_674_cov_4.327613	32.0	674	434	0.288018	2.71e-06	acc|GENBANK|QFG73773.1|GENBANK|MN448270|guanylate-binding protein [Megaviridae environmental sample]	Megaviridae environmental sample	Blastx
SRR14574591	NODE_21745_length_327_cov_2.714286	31.5	327	705	0.130496	2.71e-06	acc|GENBANK|AGE56163.1|GENBANK|JX997176|helicase [Paramecium bursaria Chlorella virus NE-JV-1]	Paramecium bursaria Chlorella virus NE-JV-1	Blastx
SRR14574591	NODE_46830_length_257_cov_2.611607	46.7	257	62	0.967742	2.78e-06	acc|GENBANK|AYV82647.1|GENBANK|MK072384|hypothetical protein [Hyperionvirus sp.]	Hyperionvirus sp.	Blastx
SRR14574591	NODE_46754_length_257_cov_2.915179	36.7	257	403	0.196030	2.82e-06	acc|GENBANK|AYV82314.1|GENBANK|MK072360|translation initiation factor 4A-III [Homavirus sp.]	Homavirus sp.	Blastx
SRR14574591	NODE_24014_length_314_cov_0.985765	74.2	314	347	0.089337	2.84e-06	acc|GENBANK|AGE53603.1|GENBANK|JX997168|GDP-L-fucose synthase 2 [Acanthocystis turfacea Chlorella virus GM0701.1]	Acanthocystis turfacea Chlorella virus GM0701.1	Blastx
SRR14574591	NODE_11616_length_966_cov_13.217578	30.0	966	111	0.990991	2.85e-06	acc|REFSEQ|YP_009448553.1|REFSEQ|NC_036594|Thioredoxin [Orpheovirus IHUMI-LCC2]	Orpheovirus IHUMI-LCC2	Blastx
SRR14574591	NODE_12826_length_758_cov_4.784828	40.7	758	91	0.648352	2.85e-06	acc|GENBANK|AYV76651.1|GENBANK|MK071988|putative acyl-CoA-binding protein [Terrestrivirus sp.]	Terrestrivirus sp.	Blastx
SRR14574591	NODE_26701_length_579_cov_4.767399	41.3	579	498	0.126506	2.90e-06	acc|GENBANK|XCO51801.1|NEIGHBOR|OR514564|ubiquitin E3 ligase ICP0 [Felid alphaherpesvirus 1]	Felid alphaherpesvirus 1	Blastx
SRR14574591	NODE_48610_length_271_cov_0.983193	44.7	271	219	0.173516	2.92e-06	acc|GENBANK|AYV77619.1|GENBANK|MK072054|hypothetical protein [Dasosvirus sp.]	Dasosvirus sp.	Blastx
SRR14574591	NODE_25676_length_611_cov_3.134948	30.4	611	772	0.208549	2.94e-06	acc|REFSEQ|YP_009120507.1|REFSEQ|NC_026440|Rad5-like protein [Pandoravirus inopinatum]	Pandoravirus inopinatum	Blastx
SRR14574591	NODE_50151_length_315_cov_1.081560	42.2	315	349	0.183381	2.94e-06	acc|GENBANK|WRJ70002.1|GENBANK|OR001839|glycosyltransferase family 1 protein [Oceanusvirus sp.]	Oceanusvirus sp.	Blastx
SRR14574591	NODE_38675_length_213_cov_1.222222	45.6	213	312	0.182692	2.94e-06	acc|GENBANK|ARF10298.1|GENBANK|KY684103|DnaJ domain protein [Hokovirus HKV1]	Hokovirus HKV1	Blastx
SRR14574591	NODE_20613_length_294_cov_2.137931	38.3	294	303	0.310231	2.98e-06	acc|GENBANK|BBI30570.1|GENBANK|AP018495|nudix hydrolase [Acanthamoeba castellanii medusavirus J1]	Acanthamoeba castellanii medusavirus J1	Blastx
SRR14574591	NODE_37991_length_209_cov_1.244318	47.4	209	2037	0.027982	2.99e-06	acc|GENBANK|ABG37663.1|GENBANK|DQ536170|CCHC-type integrase [Populus trichocarpa]	Populus trichocarpa	Blastx
SRR14574591	NODE_26877_length_339_cov_1.339869	40.0	339	539	0.111317	3.02e-06	acc|GENBANK|QPI70173.1|GENBANK|MT012704|ubiquitin E3 ligase ICP0 [Equid herpesvirus 6]	Equid herpesvirus 6	Blastx
SRR14574591	NODE_12871_length_644_cov_17.312602	26.1	644	426	0.467136	3.04e-06	acc|GENBANK|QBK87330.1|GENBANK|MK500349|calcineurin-like phosphoesterase [Marseillevirus LCMAC201]	Marseillevirus LCMAC201	Blastx
SRR14574591	NODE_38083_length_210_cov_1.322034	39.0	210	727	0.081155	3.05e-06	acc|GENBANK|ADB85269.1|GENBANK|GQ252805|putative lectin-like protein kinase [Phyllostachys edulis]	Phyllostachys edulis	Blastx
SRR14574591	NODE_26206_length_381_cov_1.477011	43.6	381	336	0.163690	3.07e-06	acc|GENBANK|ACG25132.1|GENBANK|EU953014|retrotransposon protein [Zea mays]	Zea mays	Blastx
SRR14574591	NODE_14554_length_273_cov_94.470833	73.3	273	221	0.135747	3.07e-06	acc|GENBANK|AYV75487.1|GENBANK|MK071979|GTP-binding protein YPTC1 [Terrestrivirus sp.]	Terrestrivirus sp.	Blastx
SRR14574591	NODE_6422_length_469_cov_3.153670	37.8	469	614	0.159609	3.16e-06	acc|GENBANK|BCU02907.1|GENBANK|LC625835|hAT family C-terminal dimerization region domain [Pandoravirus japonicus]	Pandoravirus japonicus	Blastx
SRR14574591	NODE_10357_length_696_cov_12.120664	33.9	696	466	0.240343	3.20e-06	acc|GENBANK|ARF10066.1|GENBANK|KY684095|hypothetical protein [Indivirus ILV1]	Indivirus ILV1	Blastx
SRR14574591	NODE_4905_length_445_cov_3.070388	31.1	445	430	0.313953	3.23e-06	acc|GENBANK|CAK7597111.1|GENBANK|OZ003748|Papain-like cysteine peptidase homologous [Catovirus sp. 'naegleriensis']	Catovirus sp. 'naegleriensis'	Blastx
SRR14574591	NODE_30591_length_243_cov_2.033333	45.1	243	234	0.217949	3.28e-06	acc|REFSEQ|NP_073528.1|REFSEQ|NC_002642|143R protein [Yaba-like disease virus]	Yaba-like disease virus	Blastx
SRR14574591	NODE_7478_length_663_cov_2.792063	40.3	663	391	0.171355	3.29e-06	acc|GENBANK|AYV76056.1|GENBANK|MK071982|DnaJ domain protein [Terrestrivirus sp.]	Terrestrivirus sp.	Blastx
SRR14574591	NODE_47977_length_265_cov_1.030172	35.7	265	248	0.338710	3.30e-06	acc|REFSEQ|YP_009448755.1|REFSEQ|NC_036594|Alpha/Beta hydrolase [Orpheovirus IHUMI-LCC2]	Orpheovirus IHUMI-LCC2	Blastx
SRR14574591	NODE_4426_length_777_cov_1.487903	34.9	777	411	0.265207	3.31e-06	acc|GENBANK|AYV80968.1|GENBANK|MK072254|cyclopropane-fatty-acyl-phospholipid synthase [Harvfovirus sp.]	Harvfovirus sp.	Blastx
SRR14574591	NODE_30289_length_352_cov_2.347962	32.6	352	442	0.194570	3.34e-06	acc|GENBANK|QBK90954.1|GENBANK|MK500504|putative serine/threonine protein kinase [Pithovirus LCPAC201]	Pithovirus LCPAC201	Blastx
SRR14574591	NODE_296_length_1645_cov_8.369107	25.0	1645	291	0.783505	3.37e-06	acc|GENBANK|ARF10918.1|GENBANK|KY684105|inositol 1, 3, 4-trisphosphate 5/6-kinase [Hokovirus HKV1]	Hokovirus HKV1	Blastx
SRR14574591	NODE_14653_length_1153_cov_31.674107	36.9	1153	228	0.368421	3.38e-06	acc|GENBANK|CAK7597209.1|GENBANK|OZ003748|RNA-binding/Nucleotide-binding alpha-beta plait [Catovirus sp. 'naegleriensis']	Catovirus sp. 'naegleriensis'	Blastx
SRR14574591	NODE_40335_length_221_cov_1.244681	44.4	221	465	0.096774	3.38e-06	acc|GENBANK|QKF93884.1|GENBANK|MT418680|carbohydrate kinase pfkb with [Fadolivirus FV1/VV64]	Fadolivirus FV1/VV64	Blastx
SRR14574591	NODE_13017_length_272_cov_4.916318	47.7	272	447	0.098434	3.42e-06	acc|GENBANK|AAD27549.1|GENBANK|AF111709|unknown [Oryza sativa Indica Group]	Oryza sativa Indica Group	Blastx
SRR14574591	NODE_14002_length_901_cov_14.967742	46.3	901	97	0.556701	3.43e-06	acc|GENBANK|AUF82187.1|GENBANK|KY322437|SANT superfamily protein [Tetraselmis virus 1]	Tetraselmis virus 1	Blastx
SRR14574591	NODE_37613_length_207_cov_1.344828	40.0	207	212	0.306604	3.44e-06	acc|GENBANK|AYV84543.1|GENBANK|MK072410|hypothetical protein [Hyperionvirus sp.]	Hyperionvirus sp.	Blastx
SRR14574591	NODE_30689_length_778_cov_7.695302	24.1	778	440	0.434091	3.46e-06	acc|GENBANK|AAO22157.1|GENBANK|AF465330|Bo17 protein [Bovine gammaherpesvirus 4]	Bovine gammaherpesvirus 4	Blastx
SRR14574591	NODE_4198_length_1189_cov_2.516436	43.4	1189	629	0.120827	3.50e-06	acc|GENBANK|CAA60726.1|GENBANK|X87297|J1590 [Saccharomyces cerevisiae]	Saccharomyces cerevisiae	Blastx
SRR14574591	NODE_44647_length_244_cov_1.109005	81.3	244	1753	0.018254	3.54e-06	acc|GENBANK|QHI01833.1|GENBANK|MN646694|ORF1 protein [Hepatitis E virus]	Hepatitis E virus	Blastx
SRR14574591	NODE_41329_length_226_cov_1.212435	56.1	226	141	0.290780	3.55e-06	acc|REFSEQ|YP_009094795.1|REFSEQ|NC_025412|conserved thioredoxin [Marseillevirus sp. 'Melbournevirus']	Marseillevirus sp. 'Melbournevirus'	Blastx
SRR14574591	NODE_40821_length_223_cov_1.231579	37.3	223	90	0.833333	3.56e-06	acc|GENBANK|AAD46177.1|GENBANK|AF153912|ORFL1R [Tanapox virus]	Tanapox virus	Blastx
SRR14574591	NODE_7038_length_1183_cov_6.013913	40.8	1183	168	0.291667	3.58e-06	acc|GENBANK|QFG73655.1|GENBANK|MN448266|hypothetical protein [Megaviridae environmental sample]	Megaviridae environmental sample	Blastx
SRR14574591	NODE_7727_length_252_cov_3.127854	40.3	252	342	0.195906	3.61e-06	acc|GENBANK|QFG75022.1|GENBANK|MN448297|ubiquitin carboxyl-terminal hydrolase [Megaviridae environmental sample]	Megaviridae environmental sample	Blastx
SRR14574591	NODE_40936_length_224_cov_1.225131	54.5	224	925	0.047568	3.61e-06	acc|GENBANK|ABY48139.1|GENBANK|EU306659|NORK [Medicago truncatula]	Medicago truncatula	Blastx
SRR14574591	NODE_36147_length_200_cov_1.401198	45.3	200	2171	0.024413	3.61e-06	acc|REFSEQ|YP_009165318.1|REFSEQ|NC_027867|serine-threonine kinase [Mollivirus sibericum]	Mollivirus sibericum	Blastx
SRR14574591	NODE_49170_length_276_cov_0.962963	36.0	276	148	0.581081	3.66e-06	acc|REFSEQ|YP_009163864.1|REFSEQ|NC_027778|ORF_103L [Scale drop disease virus]	Scale drop disease virus	Blastx
SRR14574591	NODE_3476_length_388_cov_3.059155	46.9	388	567	0.086420	3.68e-06	acc|GENBANK|QYA18790.1|GENBANK|MZ420154|RuvB-like chromatin remodeling ATPase [Clandestinovirus]	Clandestinovirus	Blastx
SRR14574591	NODE_41397_length_226_cov_1.818653	43.3	226	551	0.121597	3.68e-06	acc|GENBANK|CAK7597024.1|GENBANK|OZ003748|Asparagine synthase, glutamine-hydrolyzing [Catovirus sp. 'naegleriensis']	Catovirus sp. 'naegleriensis'	Blastx
SRR14574591	NODE_46380_length_254_cov_1.058824	37.3	254	405	0.204938	3.71e-06	acc|GENBANK|WGU26824.1|GENBANK|OQ503488|eukaryotic initiation factor 4A-III B-like [Triticum monococcum]	Triticum monococcum	Blastx
SRR14574591	NODE_46105_length_252_cov_1.068493	36.6	252	411	0.199513	3.72e-06	acc|GENBANK|AYV80968.1|GENBANK|MK072254|cyclopropane-fatty-acyl-phospholipid synthase [Harvfovirus sp.]	Harvfovirus sp.	Blastx
SRR14574591	NODE_2124_length_831_cov_24.938596	28.1	831	4062	0.071886	3.76e-06	acc|GENBANK|QOR60750.1|GENBANK|MK522039|hypothetical protein [Bathycoccus sp. RCC716 virus 3]	Bathycoccus sp. RCC716 virus 3	Blastx
SRR14574591	NODE_30654_length_615_cov_1.474227	52.3	615	167	0.263473	3.80e-06	acc|GENBANK|AYV82866.1|GENBANK|MK072385|homeobox protein 4 [Hyperionvirus sp.]	Hyperionvirus sp.	Blastx
SRR14574591	NODE_11889_length_962_cov_20.192680	29.3	962	193	0.689119	3.81e-06	acc|REFSEQ|YP_009174583.1|REFSEQ|NC_028110|head maturation protease [Yellowstone lake phycodnavirus 2]	Yellowstone lake phycodnavirus 2	Blastx
SRR14574591	NODE_7919_length_602_cov_2.437610	67.6	602	352	0.096591	3.86e-06	acc|GENBANK|WGU26813.1|GENBANK|OQ503488|hypothetical protein [Triticum monococcum]	Triticum monococcum	Blastx
SRR14574591	NODE_9715_length_1047_cov_5.982249	25.0	1047	966	0.236025	3.89e-06	acc|GENBANK|AYV87100.1|GENBANK|MK072531|putative puromycin-sensitive aminopeptidase [Sylvanvirus sp.]	Sylvanvirus sp.	Blastx
SRR14574591	NODE_51168_length_447_cov_1.130435	39.7	447	310	0.219355	3.89e-06	acc|GENBANK|QFG73687.1|GENBANK|MN448266|Clp protease [Megaviridae environmental sample]	Megaviridae environmental sample	Blastx
SRR14574591	NODE_50626_length_354_cov_1.595016	87.1	354	145	0.213793	3.97e-06	acc|GENBANK|AEW87516.1|GENBANK|JQ036304|non-structural protein [Hepatitis E virus]	Hepatitis E virus	Blastx
SRR14574591	NODE_129_length_1569_cov_5.183594	26.9	1569	230	0.678261	4.06e-06	acc|GENBANK|ADB85286.1|GENBANK|GQ252816|putative RNA-binding-like protein [Phyllostachys edulis]	Phyllostachys edulis	Blastx
SRR14574591	NODE_9858_length_1580_cov_5.765352	23.4	1580	840	0.326190	4.13e-06	acc|GENBANK|AUF82304.1|GENBANK|KY322437|WD40 repeat-containing protein [Tetraselmis virus 1]	Tetraselmis virus 1	Blastx
SRR14574591	NODE_23250_length_243_cov_1.138095	42.6	243	220	0.245455	4.13e-06	acc|GENBANK|ACN78960.1|GENBANK|FJ225394|zinc finger protein [Glycine max]	Glycine max	Blastx
SRR14574591	NODE_19097_length_311_cov_1.607914	39.1	311	155	0.445161	4.16e-06	acc|GENBANK|AGE50014.1|GENBANK|JX997157|SKP1-like protein [Paramecium bursaria Chlorella virus Can18-4]	Paramecium bursaria Chlorella virus Can18-4	Blastx
SRR14574591	NODE_26007_length_547_cov_2.675097	37.5	547	291	0.274914	4.19e-06	acc|GENBANK|AZL89258.1|GENBANK|MH046811|protein phosphatase 2c [Megavirus baoshan]	Megavirus baoshan	Blastx
SRR14574591	NODE_8643_length_996_cov_4.787124	22.9	996	340	0.705882	4.29e-06	acc|GENBANK|ARF12388.1|GENBANK|KY684112|ornithine cyclodeaminase [Klosneuvirus KNV1]	Klosneuvirus KNV1	Blastx
SRR14574591	NODE_29379_length_686_cov_4.758040	29.0	686	549	0.251366	4.30e-06	acc|GENBANK|WGU26819.1|GENBANK|OQ503488|BTB/POZ domain-containing protein [Triticum monococcum]	Triticum monococcum	Blastx
SRR14574591	NODE_29254_length_266_cov_2.364807	36.8	266	403	0.188586	4.30e-06	acc|GENBANK|AYV82314.1|GENBANK|MK072360|translation initiation factor 4A-III [Homavirus sp.]	Homavirus sp.	Blastx
SRR14574591	NODE_5341_length_238_cov_1.136585	41.8	238	604	0.130795	4.32e-06	acc|GENBANK|AAK84484.1|GENBANK|AF275345|TH65-like protein [Solanum lycopersicum]	Solanum lycopersicum	Blastx
SRR14574591	NODE_9125_length_1272_cov_8.297014	24.8	1272	741	0.201080	4.42e-06	acc|GENBANK|WOA03171.1|GENBANK|OR637870|truncated WD40 protein PH13-H3 [Glycine max]	Glycine max	Blastx
SRR14574591	NODE_23034_length_263_cov_1.513043	50.0	263	1216	0.039474	4.42e-06	acc|GENBANK|BDT63038.1|GENBANK|LC738880|hypothetical protein [Trachysalambria curvirostris nimavirus]	Trachysalambria curvirostris nimavirus	Blastx
SRR14574591	NODE_44586_length_244_cov_1.109005	40.0	244	361	0.221607	4.48e-06	acc|GENBANK|QBK86970.1|GENBANK|MK500339|glycosyl transferase [Marseillevirus LCMAC103]	Marseillevirus LCMAC103	Blastx
SRR14574591	NODE_48204_length_267_cov_0.974359	50.0	267	448	0.098214	4.50e-06	acc|GENBANK|UOG94283.1|NEIGHBOR|OM876856|pheophorbide a oxygenase [Aureococcus anophagefferens virus]	Aureococcus anophagefferens virus	Blastx
SRR14574591	NODE_26398_length_494_cov_4.355748	32.1	494	4505	0.024195	4.52e-06	acc|GENBANK|BBZ90073.1|GENBANK|LC521321|polyprotein [Brown algae endornavirus 1]	Brown algae endornavirus 1	Blastx
SRR14574591	NODE_12797_length_1532_cov_19.265510	38.6	1532	242	0.289256	4.54e-06	acc|GENBANK|BCS82854.1|GENBANK|AP024483|SET domain protein [Cotonvirus japonicus]	Cotonvirus japonicus	Blastx
SRR14574591	NODE_6314_length_1133_cov_3.297273	29.5	1133	805	0.160248	4.55e-06	acc|GENBANK|ATZ80854.1|GENBANK|MF782455|DEXDc helicase [Bodo saltans virus]	Bodo saltans virus	Blastx
SRR14574591	NODE_2733_length_814_cov_2.262484	36.3	814	104	0.769231	4.56e-06	acc|GENBANK|WZH61920.1|GENBANK|PP174071|hypothetical protein [Sopafab virus]	Sopafab virus	Blastx
SRR14574591	NODE_19831_length_350_cov_1.041009	37.6	350	564	0.179078	4.56e-06	acc|GENBANK|AWA44801.1|GENBANK|MH182523|ATP-dependent 6-phosphofructokinase [Saccharum officinarum]	Saccharum officinarum	Blastx
SRR14574591	NODE_3216_length_289_cov_8.085938	47.4	289	1793	0.031790	4.57e-06	acc|GENBANK|CCQ71366.1|GENBANK|HF586479|hypothetical serine/threonine protein kinase [Cotesia congregata]	Cotesia congregata	Blastx
SRR14574591	NODE_5541_length_326_cov_2.481229	41.4	326	407	0.171990	4.59e-06	acc|GENBANK|QBK87745.1|GENBANK|MK500369|D-isomer specific 2-hydroxyacid dehydrogenase, [Marseillevirus LCMAC202]	Marseillevirus LCMAC202	Blastx
SRR14574591	NODE_28299_length_926_cov_1.950728	27.1	926	334	0.595808	4.63e-06	acc|GENBANK|QBK91883.1|GENBANK|MK500566|GDP-mannose 4,6 dehydratase [Pithovirus LCPAC304]	Pithovirus LCPAC304	Blastx
SRR14574591	NODE_29338_length_920_cov_4.931229	28.0	920	339	0.463127	4.64e-06	acc|GENBANK|AYV77463.1|GENBANK|MK072044|putative E3 ubiquitin ligase triad3 [Dasosvirus sp.]	Dasosvirus sp.	Blastx
SRR14574591	NODE_22679_length_309_cov_1.608696	32.9	309	293	0.290102	4.72e-06	acc|GENBANK|QBK92190.1|GENBANK|MK500568|dihydroorotate dehydrogenase [Pithovirus LCPAC304]	Pithovirus LCPAC304	Blastx
SRR14574591	NODE_32_length_321_cov_11.774306	35.0	321	135	0.592593	4.74e-06	acc|GENBANK|AYV86947.1|GENBANK|MK072521|e3 ubiquitin-protein ligase rbx1 [Sylvanvirus sp.]	Sylvanvirus sp.	Blastx
SRR14574591	NODE_26189_length_545_cov_2.796875	31.2	545	1602	0.078027	4.88e-06	acc|GENBANK|BFL60982.1|GENBANK|LC813553|tyrosine kinase family protein [Moumouvirus lavasanguinem]	Moumouvirus lavasanguinem	Blastx
SRR14574591	NODE_50052_length_308_cov_1.701818	35.8	308	127	0.417323	4.93e-06	acc|GENBANK|XIT78911.1|GENBANK|PQ335173|RING-finger-containing E3 ubiquitin ligase [Threespine stickleback iridovirus]	Threespine stickleback iridovirus	Blastx
SRR14574591	NODE_4352_length_409_cov_2.420213	41.4	409	1508	0.046419	4.96e-06	acc|GENBANK|CAJ00278.1|GENBANK|AJ966990|hypothetical protein [Lotus japonicus]	Lotus japonicus	Blastx
SRR14574591	NODE_38914_length_214_cov_1.292818	50.0	214	264	0.159091	4.98e-06	acc|REFSEQ|YP_009173394.1|REFSEQ|NC_028094|Arginase [Chrysochromulina ericina virus]	Chrysochromulina ericina virus	Blastx
SRR14574591	NODE_14903_length_771_cov_17.691057	24.7	771	344	0.799419	5.06e-06	acc|GENBANK|QDY51896.1|GENBANK|MK250085|hypothetical protein [Mimiviridae sp. ChoanoV1]	Mimiviridae sp. ChoanoV1	Blastx
SRR14574591	NODE_20157_length_252_cov_1.118721	33.7	252	393	0.218830	5.06e-06	acc|GENBANK|AXN91107.1|GENBANK|MG745875|putative superfamily II DEAD-like ATP-dependent [Namao virus]	Namao virus	Blastx
SRR14574591	NODE_50895_length_387_cov_1.322034	31.6	387	619	0.122779	5.07e-06	acc|GENBANK|ARF11619.1|GENBANK|KY684109|arginyl-tRNA synthetase [Klosneuvirus KNV1]	Klosneuvirus KNV1	Blastx
SRR14574591	NODE_24779_length_288_cov_1.709804	39.2	288	222	0.333333	5.08e-06	acc|GENBANK|QBK88168.1|GENBANK|MK500377|RNA recognition motif protein [Marseillevirus LCMAC202]	Marseillevirus LCMAC202	Blastx
SRR14574591	NODE_41127_length_225_cov_1.213542	40.3	225	678	0.106195	5.09e-06	acc|GENBANK|CCQ71325.1|GENBANK|HF586476|hypothetical kinesin-like protein KIF3 [Cotesia congregata]	Cotesia congregata	Blastx
SRR14574591	NODE_51313_length_534_cov_2.796407	38.5	534	486	0.133745	5.15e-06	acc|GENBANK|ADB85341.1|GENBANK|GQ252857|putative retrotransposon protein [Phyllostachys edulis]	Phyllostachys edulis	Blastx
SRR14574591	NODE_49488_length_279_cov_1.731707	35.1	279	488	0.192623	5.24e-06	acc|GENBANK|XIF71146.1|GENBANK|PQ381123|hypothetical protein [Micromonas commoda virus]	Micromonas commoda virus	Blastx
SRR14574591	NODE_909_length_849_cov_42.174020	29.2	849	554	0.247292	5.26e-06	acc|GENBANK|ABZ79968.1|NEIGHBOR|EU410304|luciferase/green fluorescent protein fusion [synthetic Vaccinia virus]	synthetic Vaccinia virus	Blastx
SRR14574591	NODE_22279_length_613_cov_3.301724	29.0	613	169	0.733728	5.33e-06	acc|GENBANK|AYV77363.1|GENBANK|MK072041|polyprenyl synthetase [Barrevirus sp.]	Barrevirus sp.	Blastx
SRR14574591	NODE_49172_length_276_cov_0.962963	40.0	276	1231	0.060926	5.33e-06	acc|GENBANK|ADX31265.1|GENBANK|HQ186251|unknown [Triticum aestivum]	Triticum aestivum	Blastx
SRR14574591	NODE_46632_length_256_cov_3.049327	30.6	256	467	0.182013	5.34e-06	acc|GENBANK|API81738.1|NEIGHBOR|KU052222|hypothetical protein [Cafeteriavirus-dependent mavirus]	Cafeteriavirus-dependent mavirus	Blastx
SRR14574591	NODE_10734_length_2554_cov_9.343911	46.8	2554	310	0.200000	5.35e-06	acc|GENBANK|QIH04852.1|GENBANK|MK867691|hypothetical protein [Dasineura jujubifolia toursvirus 2a]	Dasineura jujubifolia toursvirus 2a	Blastx
SRR14574591	NODE_13617_length_331_cov_4.865772	27.4	331	1044	0.112069	5.37e-06	acc|GENBANK|BAC54898.1|GENBANK|AB083008|supressor of Ty element 16 [Drosophila melanogaster]	Drosophila melanogaster	Blastx
SRR14574591	NODE_51523_length_428_cov_1.182278	34.5	428	274	0.317518	5.38e-06	acc|GENBANK|AHA54130.1|GENBANK|KF481685|putative serine palmitoyltransferase [Emiliania huxleyi virus 18]	Emiliania huxleyi virus 18	Blastx
SRR14574591	NODE_37750_length_208_cov_1.331429	48.5	208	451	0.146341	5.38e-06	acc|GENBANK|BDT63259.1|GENBANK|LC738882|hypothetical protein [Hemigrapsus takanoi nimavirus]	Hemigrapsus takanoi nimavirus	Blastx
SRR14574591	NODE_13850_length_683_cov_7.283077	27.8	683	309	0.466019	5.42e-06	acc|GENBANK|AAB19180.1|GENBANK|U43603|nonstructural protein NS2-3 [Border disease virus]	Border disease virus	Blastx
SRR14574591	NODE_22555_length_211_cov_1.404494	35.8	211	1080	0.062037	5.77e-06	acc|GENBANK|AAP74647.1|GENBANK|AH012974|Lr21 [Aegilops tauschii]	Aegilops tauschii	Blastx
SRR14574591	NODE_9457_length_519_cov_3.508230	29.0	519	390	0.238462	5.80e-06	acc|REFSEQ|YP_009361392.1|REFSEQ|NC_034383|serine-threonine kinase [Pacmanvirus A23]	Pacmanvirus A23	Blastx
SRR14574591	NODE_37676_length_208_cov_2.005714	67.6	208	242	0.152893	5.80e-06	acc|GENBANK|AGU70135.1|GENBANK|KF270089|integrase-type DNA-binding superfamily protein [Tarenaya hassleriana]	Tarenaya hassleriana	Blastx
SRR14574591	NODE_41523_length_227_cov_1.113402	35.6	227	268	0.272388	5.87e-06	acc|GENBANK|QBK91399.1|GENBANK|MK500535|mitochondrial carrier-like protein [Pithovirus LCPAC302]	Pithovirus LCPAC302	Blastx
SRR14574591	NODE_49878_length_297_cov_2.003788	40.4	297	314	0.165605	5.91e-06	acc|GENBANK|AYV87179.1|GENBANK|MK072538|hypothetical protein [Sylvanvirus sp.]	Sylvanvirus sp.	Blastx
SRR14574591	NODE_22673_length_660_cov_1.387560	27.4	660	1196	0.097826	5.94e-06	acc|GENBANK|USI00836.1|GENBANK|ON753205|retrotransposon protein [Oryza sativa Japonica Group]	Oryza sativa Japonica Group	Blastx
SRR14574591	NODE_25568_length_419_cov_1.738342	28.9	419	349	0.346705	5.98e-06	acc|GENBANK|WRJ70002.1|GENBANK|OR001839|glycosyltransferase family 1 protein [Oceanusvirus sp.]	Oceanusvirus sp.	Blastx
SRR14574591	NODE_20021_length_540_cov_3.538462	34.2	540	330	0.230303	6.17e-06	acc|GENBANK|AYV75419.1|GENBANK|MK071979|SNF1-related kinase regulatory subunit beta-2 [Terrestrivirus sp.]	Terrestrivirus sp.	Blastx
SRR14574591	NODE_44977_length_246_cov_1.098592	51.4	246	139	0.266187	6.20e-06	acc|GENBANK|QFG75158.1|GENBANK|MN448299|thioredoxin [Megaviridae environmental sample]	Megaviridae environmental sample	Blastx
SRR14574591	NODE_17574_length_540_cov_1.177515	27.1	540	1061	0.187559	6.22e-06	acc|GENBANK|WZO75340.1|GENBANK|PP681862|DNA topoisomerase II [Chlorovirus sp.]	Chlorovirus sp.	Blastx
SRR14574591	NODE_49900_length_298_cov_1.766038	46.4	298	239	0.234310	6.29e-06	acc|GENBANK|AYV83988.1|GENBANK|MK072397|RING/U-box superfamily protein [Hyperionvirus sp.]	Hyperionvirus sp.	Blastx
SRR14574591	NODE_6567_length_1068_cov_4.685990	28.2	1068	325	0.458462	6.31e-06	acc|GENBANK|ABY48134.1|GENBANK|EU306659|bHLH transcription factor [Medicago truncatula]	Medicago truncatula	Blastx
SRR14574591	NODE_39268_length_216_cov_1.278689	53.8	216	2007	0.019432	6.32e-06	acc|GENBANK|ADB85388.1|GENBANK|GQ252879|putative retrotransposon protein [Phyllostachys edulis]	Phyllostachys edulis	Blastx
SRR14574591	NODE_11200_length_762_cov_9.192044	36.7	762	544	0.180147	6.44e-06	acc|REFSEQ|YP_009483380.1|REFSEQ|NC_037667|Glycosyl hydrolase family 1 protein [Pandoravirus quercus]	Pandoravirus quercus	Blastx
SRR14574591	NODE_8467_length_762_cov_3.609053	25.6	762	549	0.440801	6.46e-06	acc|GENBANK|WGU26819.1|GENBANK|OQ503488|BTB/POZ domain-containing protein [Triticum monococcum]	Triticum monococcum	Blastx
SRR14574591	NODE_36740_length_203_cov_1.376471	58.7	203	219	0.210046	6.48e-06	acc|GENBANK|XHA87591.1|GENBANK|PQ054798|hypothetical protein [Qianjiang picobirna-like virus 2]	Qianjiang picobirna-like virus 2	Blastx
SRR14574591	NODE_169_length_1527_cov_7.457162	43.4	1527	122	0.434426	6.56e-06	acc|GENBANK|AYV80588.1|GENBANK|MK072245|hypothetical protein [Harvfovirus sp.]	Harvfovirus sp.	Blastx
SRR14574591	NODE_29515_length_411_cov_1.193122	35.8	411	280	0.239286	6.62e-06	acc|GENBANK|QGW49311.1|NEIGHBOR|MN542939|IAP3 [Chrysodeixis includens nucleopolyhedrovirus]	Chrysodeixis includens nucleopolyhedrovirus	Blastx
SRR14574591	NODE_14104_length_1187_cov_11.996534	35.2	1187	353	0.201133	6.63e-06	acc|GENBANK|WGU26821.1|GENBANK|OQ503488|S-acyltransferase 11-like protein [Triticum monococcum]	Triticum monococcum	Blastx
SRR14574591	NODE_504_length_594_cov_34.868093	35.4	594	222	0.369369	6.74e-06	acc|GENBANK|QBK88168.1|GENBANK|MK500377|RNA recognition motif protein [Marseillevirus LCMAC202]	Marseillevirus LCMAC202	Blastx
SRR14574591	NODE_23038_length_206_cov_2.202312	59.5	206	134	0.276119	6.77e-06	acc|GENBANK|CAJ65867.1|GENBANK|AM182873|putative integrase [Cucumis melo]	Cucumis melo	Blastx
SRR14574591	NODE_22291_length_356_cov_0.894737	39.7	356	727	0.100413	6.81e-06	acc|GENBANK|ADB85269.1|GENBANK|GQ252805|putative lectin-like protein kinase [Phyllostachys edulis]	Phyllostachys edulis	Blastx
SRR14574591	NODE_28574_length_533_cov_2.338000	26.9	533	484	0.322314	6.82e-06	acc|GENBANK|AYV77733.1|GENBANK|MK072066|CYP86A7 [Edafosvirus sp.]	Edafosvirus sp.	Blastx
SRR14574591	NODE_25844_length_404_cov_2.371968	56.1	404	174	0.235632	6.84e-06	acc|GENBANK|AWA44800.1|GENBANK|MH182523|hypothetical protein [Saccharum officinarum]	Saccharum officinarum	Blastx
SRR14574591	NODE_45597_length_249_cov_1.083333	45.2	249	727	0.100413	6.96e-06	acc|GENBANK|ADB85269.1|GENBANK|GQ252805|putative lectin-like protein kinase [Phyllostachys edulis]	Phyllostachys edulis	Blastx
SRR14574591	NODE_36761_length_203_cov_1.376471	39.4	203	162	0.407407	7.09e-06	acc|GENBANK|QBK84530.1|GENBANK|MK500278|6,7-dimethyl-8-ribityllumazine synthase [Pithovirus LCDPAC01]	Pithovirus LCDPAC01	Blastx
SRR14574591	NODE_488_length_1868_cov_24.587466	40.3	1868	91	0.681319	7.13e-06	acc|GENBANK|AYV76651.1|GENBANK|MK071988|putative acyl-CoA-binding protein [Terrestrivirus sp.]	Terrestrivirus sp.	Blastx
SRR14574591	NODE_42108_length_230_cov_1.187817	40.0	230	56	0.982143	7.16e-06	acc|GENBANK|QBK91449.1|GENBANK|MK500538|regulator of chromosome condensation protein [Pithovirus LCPAC302]	Pithovirus LCPAC302	Blastx
SRR14574591	NODE_38669_length_213_cov_2.600000	40.7	213	282	0.209220	7.21e-06	acc|GENBANK|WNO13937.1|GENBANK|OQ968287|hypothetical protein [Maritaca reovirus]	Maritaca reovirus	Blastx
SRR14574591	NODE_19104_length_283_cov_1.340000	36.2	283	384	0.179688	7.22e-06	acc|REFSEQ|YP_003970003.1|REFSEQ|NC_014637|putative superfamily II helicase/eIF-4AIII [Cafeteria roenbergensis virus BV-PW1]	Cafeteria roenbergensis virus BV-PW1	Blastx
SRR14574591	NODE_29008_length_921_cov_3.219595	26.7	921	228	0.508772	7.35e-06	acc|GENBANK|AYV75536.1|GENBANK|MK071980|hypothetical protein [Terrestrivirus sp.]	Terrestrivirus sp.	Blastx
SRR14574591	NODE_30153_length_898_cov_4.806936	28.7	898	324	0.398148	7.40e-06	acc|GENBANK|QYA18857.1|GENBANK|MZ420154|chaperone DnaJ-class protein [Clandestinovirus]	Clandestinovirus	Blastx
SRR14574591	NODE_23284_length_216_cov_2.475410	48.9	216	112	0.419643	7.41e-06	acc|GENBANK|QDH87640.1|GENBANK|MN033519|hypothetical protein [Mitovirus sp.]	Mitovirus sp.	Blastx
SRR14574591	NODE_14504_length_720_cov_3.308588	39.7	720	353	0.178470	7.49e-06	acc|GENBANK|WGU26821.1|GENBANK|OQ503488|S-acyltransferase 11-like protein [Triticum monococcum]	Triticum monococcum	Blastx
SRR14574591	NODE_10091_length_690_cov_8.284627	41.7	690	453	0.132450	7.49e-06	acc|GENBANK|XIT78948.1|GENBANK|PQ335173|RING-finger-containing E3 ubiquitin ligase [Threespine stickleback iridovirus]	Threespine stickleback iridovirus	Blastx
SRR14574591	NODE_37868_length_209_cov_1.329545	48.1	209	785	0.066242	7.52e-06	acc|GENBANK|WGU26817.1|GENBANK|OQ503488|hypothetical protein [Triticum monococcum]	Triticum monococcum	Blastx
SRR14574591	NODE_10647_length_394_cov_1.867036	30.7	394	163	0.539877	7.55e-06	acc|GENBANK|QOR60287.1|GENBANK|MK522035|hypothetical protein [Bathycoccus sp. RCC716 virus 1]	Bathycoccus sp. RCC716 virus 1	Blastx
SRR14574591	NODE_50791_length_371_cov_1.384615	32.7	371	525	0.209524	7.68e-06	acc|GENBANK|BDV49870.1|GENBANK|AP027153|RCBTB1-like protein [Metapenaeopsis lamellata majanivirus]	Metapenaeopsis lamellata majanivirus	Blastx
SRR14574591	NODE_13361_length_259_cov_2.238938	36.8	259	570	0.133333	7.68e-06	acc|GENBANK|ABQ43616.1|NEIGHBOR|EF420156|Kelch-like protein [Tanapox virus]	Tanapox virus	Blastx
SRR14574591	NODE_17077_length_546_cov_2.463938	29.1	546	510	0.215686	7.74e-06	acc|REFSEQ|YP_009165152.1|REFSEQ|NC_027867|Cytochrome P450 [Mollivirus sibericum]	Mollivirus sibericum	Blastx
SRR14574591	NODE_12396_length_2326_cov_17.085041	25.8	2326	299	0.752508	7.76e-06	acc|GENBANK|QRE02559.1|GENBANK|MN545489|hypothetical protein [Otarine gammaherpesvirus 4]	Otarine gammaherpesvirus 4	Blastx
SRR14574591	NODE_24094_length_211_cov_1.410112	47.3	211	712	0.077247	7.80e-06	acc|GENBANK|AAA49027.1|GENBANK|L22152|reverse transcriptase [Gallus gallus]	Gallus gallus	Blastx
SRR14574591	NODE_42307_length_231_cov_1.181818	38.6	231	247	0.178138	8.03e-06	acc|GENBANK|AYV82806.1|GENBANK|MK072384|hypothetical protein [Hyperionvirus sp.]	Hyperionvirus sp.	Blastx
SRR14574591	NODE_47596_length_263_cov_1.017391	47.1	263	660	0.077273	8.04e-06	acc|REFSEQ|YP_001425742.1|REFSEQ|NC_008603|hypothetical protein [Paramecium bursaria Chlorella virus FR483]	Paramecium bursaria Chlorella virus FR483	Blastx
SRR14574591	NODE_14181_length_1755_cov_11.950058	24.6	1755	374	1.010695	8.07e-06	acc|GENBANK|QCQ67756.1|GENBANK|MK637631|transmembrane amino acid transporter protein [European chub iridovirus]	European chub iridovirus	Blastx
SRR14574591	NODE_18489_length_344_cov_4.327974	38.0	344	676	0.147929	8.11e-06	acc|REFSEQ|YP_009173627.1|REFSEQ|NC_028094|Hsp70 protein [Chrysochromulina ericina virus]	Chrysochromulina ericina virus	Blastx
SRR14574591	NODE_13486_length_904_cov_3.500574	39.7	904	122	0.475410	8.34e-06	acc|GENBANK|AYV80588.1|GENBANK|MK072245|hypothetical protein [Harvfovirus sp.]	Harvfovirus sp.	Blastx
SRR14574591	NODE_5170_length_453_cov_2.026190	31.0	453	367	0.316076	8.37e-06	acc|GENBANK|AYV76323.1|GENBANK|MK071983|STE/STE20/FRAY protein kinase [Terrestrivirus sp.]	Terrestrivirus sp.	Blastx
SRR14574591	NODE_6551_length_391_cov_4.106145	37.3	391	331	0.404834	8.45e-06	acc|GENBANK|UGN61889.1|GENBANK|OK330388|ovate family protein [Cucumis melo subsp. melo]	Cucumis melo subsp. melo	Blastx
SRR14574591	NODE_5556_length_323_cov_2.327586	36.5	323	472	0.180085	8.45e-06	acc|GENBANK|QDY52114.1|GENBANK|MK250087|hypothetical protein [Mimiviridae sp. ChoanoV1]	Mimiviridae sp. ChoanoV1	Blastx
SRR14574591	NODE_21407_length_684_cov_2.316436	30.5	684	727	0.144429	8.46e-06	acc|GENBANK|ADB85269.1|GENBANK|GQ252805|putative lectin-like protein kinase [Phyllostachys edulis]	Phyllostachys edulis	Blastx
SRR14574591	NODE_17581_length_227_cov_2.365979	38.7	227	286	0.262238	8.47e-06	acc|GENBANK|BCS82962.1|GENBANK|AP024483|double-stranded RNA binding motif-containing [Cotonvirus japonicus]	Cotonvirus japonicus	Blastx
SRR14574591	NODE_11380_length_214_cov_21.198895	78.1	214	122	0.262295	8.63e-06	acc|GENBANK|AAL66932.1|GENBANK|AY072517|copia-like retroelement pol polyprotein [Arabidopsis thaliana]	Arabidopsis thaliana	Blastx
SRR14574591	NODE_208_length_453_cov_2.416667	32.8	453	261	0.455939	8.70e-06	acc|GENBANK|AYV79236.1|GENBANK|MK072137|serine/threonine protein phosphatase [Faunusvirus sp.]	Faunusvirus sp.	Blastx
SRR14574591	NODE_40091_length_219_cov_1.258065	37.5	219	547	0.131627	8.71e-06	acc|GENBANK|ARF09888.1|GENBANK|KY684089|ABC transporter [Indivirus ILV1]	Indivirus ILV1	Blastx
SRR14574591	NODE_9467_length_315_cov_8.276596	38.8	315	182	0.368132	8.92e-06	acc|REFSEQ|YP_009163818.1|REFSEQ|NC_027778|ORF_057R [Scale drop disease virus]	Scale drop disease virus	Blastx
SRR14574591	NODE_46576_length_256_cov_1.049327	66.7	256	293	0.153584	9.03e-06	acc|GENBANK|ABE02630.1|GENBANK|DQ445236|CBF3 [Hordeum vulgare subsp. vulgare]	Hordeum vulgare subsp. vulgare	Blastx
SRR14574591	NODE_26994_length_358_cov_1.335385	28.9	358	471	0.205945	9.10e-06	acc|GENBANK|AFV13457.1|GENBANK|JQ314445|UDPG-flavonoid 3-O-glucosyl transferase [Tripsacum dactyloides]	Tripsacum dactyloides	Blastx
SRR14574591	NODE_23701_length_203_cov_1.211765	46.5	203	221	0.194570	9.10e-06	acc|GENBANK|AYV86745.1|GENBANK|MK072514|hypothetical protein [Sylvanvirus sp.]	Sylvanvirus sp.	Blastx
SRR14574591	NODE_46793_length_257_cov_1.044643	32.1	257	136	0.617647	9.20e-06	acc|GENBANK|CAA73819.1|GENBANK|Y13389|reverse transcriptase [Antirrhinum majus]	Antirrhinum majus	Blastx
SRR14574591	NODE_45862_length_251_cov_1.073394	35.8	251	471	0.142251	9.26e-06	acc|REFSEQ|YP_010780338.1|REFSEQ|NC_075038|cytochrome 450-like protein [Tupanvirus deep ocean]	Tupanvirus deep ocean	Blastx
SRR14574591	NODE_916_length_276_cov_43.716049	35.8	276	455	0.178022	9.38e-06	acc|GENBANK|QFG73745.1|GENBANK|MN448270|elongation factor Tu GTP binding domain protein [Megaviridae environmental sample]	Megaviridae environmental sample	Blastx
SRR14574591	NODE_49881_length_297_cov_1.325758	40.6	297	1411	0.045358	9.44e-06	acc|GENBANK|XKB76385.1|GENBANK|PQ521680|nonstructural polyprotein [Nidovirales sp.]	Nidovirales sp.	Blastx
SRR14574591	NODE_9084_length_1354_cov_5.834974	27.5	1354	890	0.244944	9.45e-06	acc|GENBANK|QGR53796.1|GENBANK|MK978772|glycosyltransferase [Moumouvirus maliensis]	Moumouvirus maliensis	Blastx
SRR14574591	NODE_46041_length_252_cov_1.068493	36.6	252	432	0.164352	9.55e-06	acc|GENBANK|ATZ80255.1|GENBANK|MF782455|serine/threonine protein kinase [Bodo saltans virus]	Bodo saltans virus	Blastx
SRR14574591	NODE_21864_length_287_cov_1.712598	36.4	287	306	0.287582	9.57e-06	acc|GENBANK|ADX06521.1|GENBANK|HQ704804|putative ABC transporter related protein [Organic Lake phycodnavirus]	Organic Lake phycodnavirus	Blastx
SRR14574591	NODE_2044_length_226_cov_1.585492	50.0	226	925	0.051892	9.61e-06	acc|GENBANK|ABY48139.1|GENBANK|EU306659|NORK [Medicago truncatula]	Medicago truncatula	Blastx
SRR14574591	NODE_2914_length_323_cov_2.886207	43.9	323	276	0.239130	9.62e-06	acc|GENBANK|ACG38448.1|GENBANK|EU966330|retrotransposon protein Ty1-copia subclass [Zea mays]	Zea mays	Blastx
SRR14574591	NODE_20006_length_469_cov_3.204128	36.1	469	387	0.186047	9.68e-06	acc|GENBANK|QBH75964.1|NEIGHBOR|MH790554|RL2_4 [Human alphaherpesvirus 2]	Human alphaherpesvirus 2	Blastx
SRR14574591	NODE_42198_length_230_cov_1.187817	39.3	230	447	0.136465	9.68e-06	acc|GENBANK|AAD27549.1|GENBANK|AF111709|unknown [Oryza sativa Indica Group]	Oryza sativa Indica Group	Blastx
SRR14574591	NODE_41616_length_228_cov_1.200000	42.0	228	476	0.144958	9.72e-06	acc|GENBANK|QPI16652.1|GENBANK|MW030591|serine endoprotease [Virus NIOZ-UU159]	Virus NIOZ-UU159	Blastx
SRR14574591	NODE_26960_length_207_cov_1.821839	40.0	207	367	0.190736	9.93e-06	acc|GENBANK|AYV76323.1|GENBANK|MK071983|STE/STE20/FRAY protein kinase [Terrestrivirus sp.]	Terrestrivirus sp.	Blastx
SRR14574591	NODE_25746_length_516_cov_4.159420	38.7	516	216	0.287037	1.01e-05	acc|GENBANK|ULY68507.1|GENBANK|OL828820|RING finger domain protein [Chlorella virus XW01]	Chlorella virus XW01	Blastx
SRR14574591	NODE_2903_length_483_cov_27.477778	47.8	483	120	0.383333	1.02e-05	acc|REFSEQ|YP_009118995.1|REFSEQ|NC_026440|ser/thr kinase [Pandoravirus inopinatum]	Pandoravirus inopinatum	Blastx
SRR14574591	NODE_42313_length_231_cov_1.085859	44.7	231	719	0.105702	1.03e-05	acc|GENBANK|ATZ80239.1|GENBANK|MF782455|translation initiation factor IF-2 [Bodo saltans virus]	Bodo saltans virus	Blastx
