Sample	Contig	Percent_identity	Contig_length	Reference_length	RefCoverage	E-value	Reference_name	Species	blastType
SRR22534740	NODE_1974_length_5243_cov_4917.455470	92.8	5243	3118	0.560295	0.00e+00	acc|GENBANK|AJD23399.1|NEIGHBOR|KJ789140|polyprotein [Japanese yam mosaic virus]	Japanese yam mosaic virus	Blastx
SRR22534740	NODE_53_length_3733_cov_13.652432	84.2	3733	2466	0.477291	0.00e+00	acc|GENBANK|AOZ57106.1|GENBANK|KX608896|Serine threonine-protein kinase TOR [Saccharum hybrid cultivar R570]	Saccharum hybrid cultivar R570	Blastx
SRR22534740	NODE_1923_length_2768_cov_7571.572578	95.8	2768	3117	0.295797	0.00e+00	acc|GENBANK|AJD23395.1|NEIGHBOR|KJ789138|polyprotein [Japanese yam mosaic virus]	Japanese yam mosaic virus	Blastx
SRR22534740	NODE_8228_length_2621_cov_26.408810	93.5	2621	1960	0.445408	0.00e+00	acc|REFSEQ|YP_009134730.1|REFSEQ|NC_026248|replicase polyprotein [Yam latent virus]	Yam latent virus	Blastx
SRR22534740	NODE_49041_length_2521_cov_37.243167	77.3	2521	700	0.987143	0.00e+00	acc|GENBANK|ABY48141.1|GENBANK|EU306659|oligopeptidase A [Medicago truncatula]	Medicago truncatula	Blastx
SRR22534740	NODE_665_length_2679_cov_23.886621	79.0	2679	686	0.978134	0.00e+00	acc|GENBANK|WNO13952.1|GENBANK|OQ968299|coat protein [Guapo partitivirus]	Guapo partitivirus	Blastx
SRR22534740	NODE_6761_length_2722_cov_14.798066	56.1	2722	1263	0.652415	7.69e-314	acc|GENBANK|AAL14452.1|GENBANK|AF397035|valyl-tRNA-synthetase G7a/Bat6 [Mus musculus]	Mus musculus	Blastx
SRR22534740	NODE_8564_length_2232_cov_24.969077	64.5	2232	601	1.006656	1.39e-257	acc|GENBANK|AAB62581.1|GENBANK|U68072|3-hydroxy-3-methylglutaryl CoA reductase 2 [Solanum lycopersicum]	Solanum lycopersicum	Blastx
SRR22534740	NODE_42356_length_2047_cov_6.221946	64.7	2047	656	0.890244	1.84e-253	acc|GENBANK|QDY51980.1|GENBANK|MK250086|Hsp70 protein [Mimiviridae sp. ChoanoV1]	Mimiviridae sp. ChoanoV1	Blastx
SRR22534740	NODE_49026_length_1661_cov_47.462531	86.4	1661	405	1.000000	7.55e-251	acc|GENBANK|WGU26824.1|GENBANK|OQ503488|eukaryotic initiation factor 4A-III B-like [Triticum monococcum]	Triticum monococcum	Blastx
SRR22534740	NODE_6779_length_1831_cov_12.252503	60.2	1831	623	0.890851	5.15e-241	acc|GENBANK|BAL14837.1|GENBANK|AB682995|endo-1,4-b-D-glucanase [Oryza sativa Japonica Group]	Oryza sativa Japonica Group	Blastx
SRR22534740	NODE_4351_length_2427_cov_40.382206	50.8	2427	671	0.982116	1.41e-233	acc|REFSEQ|YP_010781167.1|REFSEQ|NC_075038|threonyl-tRNA synthetase [Tupanvirus deep ocean]	Tupanvirus deep ocean	Blastx
SRR22534740	NODE_43987_length_1935_cov_11.259201	55.5	1935	925	0.711351	4.36e-231	acc|GENBANK|ABY48139.1|GENBANK|EU306659|NORK [Medicago truncatula]	Medicago truncatula	Blastx
SRR22534740	NODE_40913_length_1088_cov_9.787678	86.7	1088	388	0.912371	2.35e-224	acc|GENBANK|AAU93529.1|GENBANK|AY691949|alcohol dehydrogenase 1 [Zea mays]	Zea mays	Blastx
SRR22534740	NODE_9929_length_1231_cov_2.309683	73.0	1231	496	0.790323	1.52e-219	acc|GENBANK|ACN78958.1|GENBANK|FJ225394|dehydration responsive protein [Glycine max]	Glycine max	Blastx
SRR22534740	NODE_6138_length_969_cov_62.356838	97.7	969	316	0.984177	4.95e-219	acc|GENBANK|WEY07647.1|GENBANK|OP219489|coat protein [Yam latent virus]	Yam latent virus	Blastx
SRR22534740	NODE_4916_length_2087_cov_18.661636	50.5	2087	1161	0.579673	8.60e-218	acc|GENBANK|AAP06788.1|GENBANK|AY234827|phytochrome B1 apoprotein [Zea mays]	Zea mays	Blastx
SRR22534740	NODE_41142_length_1526_cov_7.403885	76.7	1526	478	0.790795	1.75e-213	acc|GENBANK|AAK84479.1|GENBANK|AF275345|putative auxin growth promotor protein [Solanum lycopersicum]	Solanum lycopersicum	Blastx
SRR22534740	NODE_689_length_2218_cov_6.414188	76.3	2218	520	0.771154	6.54e-211	acc|GENBANK|APO14197.1|GENBANK|KX098475|truncated DELLA protein [Setaria italica]	Setaria italica	Blastx
SRR22534740	NODE_43622_length_1523_cov_8.738255	56.8	1523	623	0.813804	7.71e-206	acc|GENBANK|BAL14837.1|GENBANK|AB682995|endo-1,4-b-D-glucanase [Oryza sativa Japonica Group]	Oryza sativa Japonica Group	Blastx
SRR22534740	NODE_8292_length_1262_cov_9104.121237	86.9	1262	495	0.678788	1.60e-202	acc|GENBANK|ALG64835.1|GENBANK|KR229934|polyprotein [Japanese yam mosaic virus]	Japanese yam mosaic virus	Blastx
SRR22534740	NODE_43468_length_2524_cov_12.066640	41.5	2524	1201	0.746045	1.39e-201	acc|GENBANK|QDY52415.1|GENBANK|MK250092|RNA polymerase Rpb2, domain 6 [Mimiviridae sp. ChoanoV1]	Mimiviridae sp. ChoanoV1	Blastx
SRR22534740	NODE_701_length_1962_cov_11.533955	55.6	1962	759	0.661397	6.45e-200	acc|GENBANK|ACN78962.1|GENBANK|FJ225394|methyltransferase [Glycine max]	Glycine max	Blastx
SRR22534740	NODE_4412_length_3060_cov_25.345557	44.6	3060	737	0.985075	9.18e-194	acc|GENBANK|CAK7597324.1|GENBANK|OZ003748|Vesicle-fusing ATPase [Catovirus sp. 'naegleriensis']	Catovirus sp. 'naegleriensis'	Blastx
SRR22534740	NODE_1838_length_1225_cov_19.468960	88.1	1225	518	0.602317	8.36e-193	acc|GENBANK|ABY48142.1|GENBANK|EU306659|serine-hydroxymethyltransferase [Medicago truncatula]	Medicago truncatula	Blastx
SRR22534740	NODE_7919_length_877_cov_12.049763	91.4	877	518	0.563707	1.16e-192	acc|GENBANK|ABY48142.1|GENBANK|EU306659|serine-hydroxymethyltransferase [Medicago truncatula]	Medicago truncatula	Blastx
SRR22534740	NODE_3117_length_1519_cov_15.460296	57.4	1519	706	0.711048	2.03e-187	acc|GENBANK|WGU26822.1|GENBANK|OQ503488|OPT oligopeptide transporter protein [Triticum monococcum]	Triticum monococcum	Blastx
SRR22534740	NODE_37125_length_1368_cov_8.600000	77.3	1368	2466	0.160584	9.16e-187	acc|GENBANK|AOZ57106.1|GENBANK|KX608896|Serine threonine-protein kinase TOR [Saccharum hybrid cultivar R570]	Saccharum hybrid cultivar R570	Blastx
SRR22534740	NODE_6466_length_1366_cov_10.891973	59.4	1366	623	0.680578	2.65e-182	acc|GENBANK|BAL14837.1|GENBANK|AB682995|endo-1,4-b-D-glucanase [Oryza sativa Japonica Group]	Oryza sativa Japonica Group	Blastx
SRR22534740	NODE_44792_length_1874_cov_10.186312	73.2	1874	2466	0.167883	6.12e-179	acc|GENBANK|AOZ57106.1|GENBANK|KX608896|Serine threonine-protein kinase TOR [Saccharum hybrid cultivar R570]	Saccharum hybrid cultivar R570	Blastx
SRR22534740	NODE_27815_length_1089_cov_6.379735	66.7	1089	759	0.462451	3.75e-175	acc|GENBANK|ACN78962.1|GENBANK|FJ225394|methyltransferase [Glycine max]	Glycine max	Blastx
SRR22534740	NODE_44326_length_1394_cov_9.079353	60.9	1394	912	0.453947	7.48e-175	acc|GENBANK|ACX48824.1|GENBANK|GQ923937|chromomethylase [Zea mays]	Zea mays	Blastx
SRR22534740	NODE_798_length_2090_cov_31.438017	47.7	2090	753	0.883134	1.67e-173	acc|GENBANK|QDY51907.1|GENBANK|MK250085|Hsp90 protein [Mimiviridae sp. ChoanoV1]	Mimiviridae sp. ChoanoV1	Blastx
SRR22534740	NODE_1010_length_1700_cov_12.671266	51.8	1700	875	0.587429	8.31e-173	acc|GENBANK|BDT62894.1|GENBANK|LC738879|DNA ligase 1-like protein [Trachysalambria curvirostris majanivirus]	Trachysalambria curvirostris majanivirus	Blastx
SRR22534740	NODE_6643_length_1831_cov_17.063960	68.6	1831	383	0.906005	1.43e-172	acc|GENBANK|AJA91762.1|GENBANK|KM434202|dihydroflavonol 4-reductase [Allium cepa]	Allium cepa	Blastx
SRR22534740	NODE_8513_length_2332_cov_17.354502	44.5	2332	753	0.933599	2.03e-170	acc|GENBANK|QDY51907.1|GENBANK|MK250085|Hsp90 protein [Mimiviridae sp. ChoanoV1]	Mimiviridae sp. ChoanoV1	Blastx
SRR22534740	NODE_4832_length_1127_cov_6.145338	90.3	1127	258	1.000000	7.17e-170	acc|GENBANK|WMV02893.1|GENBANK|OP630990|alpha-tubulin [Diderma spumarioides]	Diderma spumarioides	Blastx
SRR22534740	NODE_3621_length_1238_cov_9.534440	85.3	1238	2466	0.129765	4.47e-168	acc|GENBANK|AOZ57106.1|GENBANK|KX608896|Serine threonine-protein kinase TOR [Saccharum hybrid cultivar R570]	Saccharum hybrid cultivar R570	Blastx
SRR22534740	NODE_39589_length_1210_cov_14.195412	62.5	1210	461	0.874187	6.10e-168	acc|GENBANK|AAL14456.1|GENBANK|AF397036|heat shock protein Hsc70t [Mus musculus]	Mus musculus	Blastx
SRR22534740	NODE_1975_length_695_cov_20651.296073	100	695	316	0.731013	9.03e-168	acc|GENBANK|WEY07645.1|GENBANK|OP219487|coat protein [Yam latent virus]	Yam latent virus	Blastx
SRR22534740	NODE_5863_length_1213_cov_15.166102	67.9	1213	378	0.873016	9.36e-167	acc|GENBANK|ACN72775.1|GENBANK|FJ791046|delta-12 oleate desaturase [Helianthus annuus]	Helianthus annuus	Blastx
SRR22534740	NODE_44182_length_1705_cov_14.794258	51.0	1705	489	1.006135	6.51e-162	acc|GENBANK|QBK85775.1|GENBANK|MK500327|aspartyl/asparaginyl-tRNA synthetase [Marseillevirus LCMAC101]	Marseillevirus LCMAC101	Blastx
SRR22534740	NODE_6551_length_1949_cov_6.649269	52.6	1949	518	0.924710	1.64e-161	acc|GENBANK|ABY48142.1|GENBANK|EU306659|serine-hydroxymethyltransferase [Medicago truncatula]	Medicago truncatula	Blastx
SRR22534740	NODE_279_length_1537_cov_44.973404	59.1	1537	388	0.989691	1.21e-160	acc|GENBANK|AAU93529.1|GENBANK|AY691949|alcohol dehydrogenase 1 [Zea mays]	Zea mays	Blastx
SRR22534740	NODE_40629_length_1332_cov_6.877598	66.0	1332	422	0.815166	3.46e-156	acc|GENBANK|ABY48137.1|GENBANK|EU306659|putative protein [Medicago truncatula]	Medicago truncatula	Blastx
SRR22534740	NODE_41005_length_1648_cov_16.495975	53.6	1648	515	0.825243	1.44e-154	acc|REFSEQ|YP_010781615.1|REFSEQ|NC_075039|lysine-tRNA synthetase [Tupanvirus soda lake]	Tupanvirus soda lake	Blastx
SRR22534740	NODE_44818_length_1591_cov_16.226573	49.1	1591	531	0.928437	3.58e-154	acc|GENBANK|QBK88836.1|GENBANK|MK500400|CTP synthetase [Mimivirus LCMiAC01]	Mimivirus LCMiAC01	Blastx
SRR22534740	NODE_33431_length_2149_cov_4.146503	42.5	2149	873	0.784651	1.80e-153	acc|REFSEQ|YP_009174650.1|REFSEQ|NC_028110|putative DNA polymerase [Yellowstone lake phycodnavirus 2]	Yellowstone lake phycodnavirus 2	Blastx
SRR22534740	NODE_40487_length_815_cov_6.503836	90.5	815	258	0.895349	2.36e-153	acc|GENBANK|WMV02893.1|GENBANK|OP630990|alpha-tubulin [Diderma spumarioides]	Diderma spumarioides	Blastx
SRR22534740	NODE_37010_length_1386_cov_5.703622	61.4	1386	353	1.005666	5.23e-153	acc|GENBANK|WGU26821.1|GENBANK|OQ503488|S-acyltransferase 11-like protein [Triticum monococcum]	Triticum monococcum	Blastx
SRR22534740	NODE_2845_length_2204_cov_17.187932	45.0	2204	550	0.990909	5.91e-153	acc|GENBANK|ARF12130.1|GENBANK|KY684110|glutaminyl-tRNA synthetase [Klosneuvirus KNV1]	Klosneuvirus KNV1	Blastx
SRR22534740	NODE_919_length_2088_cov_21.912409	46.1	2088	1048	0.467557	8.10e-153	acc|GENBANK|QDY51684.1|GENBANK|MK250085|tRNA synthetase class I [Mimiviridae sp. ChoanoV1]	Mimiviridae sp. ChoanoV1	Blastx
SRR22534740	NODE_33360_length_889_cov_10.928738	81.3	889	439	0.644647	5.91e-149	acc|GENBANK|AAK92822.1|GENBANK|AY050885|putative replicase [Arabidopsis thaliana]	Arabidopsis thaliana	Blastx
SRR22534740	NODE_35179_length_1249_cov_5.528783	60.1	1249	759	0.458498	3.12e-148	acc|GENBANK|ACN78962.1|GENBANK|FJ225394|methyltransferase [Glycine max]	Glycine max	Blastx
SRR22534740	NODE_38388_length_832_cov_29.846058	81.7	832	630	0.441270	4.02e-148	acc|REFSEQ|YP_004061438.1|REFSEQ|NC_014765|hypothetical protein [Bathycoccus sp. RCC1105 virus BpV1]	Bathycoccus sp. RCC1105 virus BpV1	Blastx
SRR22534740	NODE_33778_length_1698_cov_4.312913	62.0	1698	480	0.843750	9.05e-146	acc|GENBANK|ASU92288.1|GENBANK|KX759199|kindr F6 [Zea mays]	Zea mays	Blastx
SRR22534740	NODE_43516_length_1918_cov_10.861008	44.1	1918	590	0.983051	1.36e-145	acc|GENBANK|XDR79733.1|GENBANK|PQ109088|ATP-dependent zinc metalloprotease FtsH 3 [Micromonas commoda virus]	Micromonas commoda virus	Blastx
SRR22534740	NODE_1003_length_1303_cov_16.358268	68.0	1303	461	0.704989	2.55e-145	acc|GENBANK|AAL14456.1|GENBANK|AF397036|heat shock protein Hsc70t [Mus musculus]	Mus musculus	Blastx
SRR22534740	NODE_7728_length_1392_cov_21.254599	60.7	1392	357	0.913165	9.92e-145	acc|GENBANK|ABB29305.1|GENBANK|DQ219419|NADPH-dependent reductase [Zea mays]	Zea mays	Blastx
SRR22534740	NODE_26410_length_983_cov_7.280000	59.5	983	759	0.416337	8.91e-143	acc|GENBANK|ACN78962.1|GENBANK|FJ225394|methyltransferase [Glycine max]	Glycine max	Blastx
SRR22534740	NODE_41121_length_2021_cov_19.728370	44.9	2021	489	1.112474	3.94e-141	acc|GENBANK|QBK85775.1|GENBANK|MK500327|aspartyl/asparaginyl-tRNA synthetase [Marseillevirus LCMAC101]	Marseillevirus LCMAC101	Blastx
SRR22534740	NODE_40005_length_1194_cov_15.631352	82.0	1194	564	0.462766	5.79e-141	acc|GENBANK|AWA44801.1|GENBANK|MH182523|ATP-dependent 6-phosphofructokinase [Saccharum officinarum]	Saccharum officinarum	Blastx
SRR22534740	NODE_43872_length_3703_cov_12.291553	59.9	3703	355	1.019718	4.57e-140	acc|GENBANK|QBK91660.1|GENBANK|MK500561|translation initiation factor [Pithovirus LCPAC302]	Pithovirus LCPAC302	Blastx
SRR22534740	NODE_37296_length_2567_cov_7.172849	44.7	2567	759	0.710145	5.37e-140	acc|GENBANK|ACN78962.1|GENBANK|FJ225394|methyltransferase [Glycine max]	Glycine max	Blastx
SRR22534740	NODE_40766_length_1002_cov_10.584107	80.5	1002	564	0.464539	9.77e-140	acc|GENBANK|AWA44801.1|GENBANK|MH182523|ATP-dependent 6-phosphofructokinase [Saccharum officinarum]	Saccharum officinarum	Blastx
SRR22534740	NODE_858_length_1366_cov_32.494374	49.7	1366	897	0.516165	1.00e-139	acc|GENBANK|ABY48136.1|GENBANK|EU306659|glycine-rich protein [Medicago truncatula]	Medicago truncatula	Blastx
SRR22534740	NODE_35095_length_1745_cov_6.685748	51.6	1745	558	0.781362	1.23e-139	acc|GENBANK|QOR60244.1|GENBANK|MK522034|hypothetical protein [Bathycoccus sp. RCC716 virus 1]	Bathycoccus sp. RCC716 virus 1	Blastx
SRR22534740	NODE_38130_length_1566_cov_14.528376	47.0	1566	511	0.974560	1.72e-139	acc|GENBANK|AGL44353.1|GENBANK|JX392395|reverse transcriptase-like domain-containing RBR [Glycine max]	Glycine max	Blastx
SRR22534740	NODE_34942_length_1009_cov_7.754098	67.0	1009	355	0.777465	1.09e-137	acc|GENBANK|BFT93330.1|GENBANK|LC847964|ribonucleotide reductase large subunit [Medusavirus sp. 'euryale']	Medusavirus sp. 'euryale'	Blastx
SRR22534740	NODE_34212_length_1597_cov_6.711637	52.2	1597	558	0.786738	1.73e-137	acc|GENBANK|QOR60244.1|GENBANK|MK522034|hypothetical protein [Bathycoccus sp. RCC716 virus 1]	Bathycoccus sp. RCC716 virus 1	Blastx
SRR22534740	NODE_44987_length_1266_cov_24.184915	55.6	1266	456	0.785088	7.13e-133	acc|GENBANK|QKF94222.1|GENBANK|MT418680|alanyl-tRNA synthetase [Fadolivirus FV1/VV64]	Fadolivirus FV1/VV64	Blastx
SRR22534740	NODE_5069_length_1385_cov_3.088018	54.9	1385	676	0.606509	4.72e-132	acc|REFSEQ|YP_009173627.1|REFSEQ|NC_028094|Hsp70 protein [Chrysochromulina ericina virus]	Chrysochromulina ericina virus	Blastx
SRR22534740	NODE_37744_length_1391_cov_11.541973	50.1	1391	621	0.723027	2.29e-131	acc|GENBANK|AAK84478.1|GENBANK|AF275345|unknown [Solanum lycopersicum]	Solanum lycopersicum	Blastx
SRR22534740	NODE_39542_length_1305_cov_11.400157	51.9	1305	333	1.006006	4.09e-128	acc|GENBANK|AZL89176.1|GENBANK|MH046811|glutamine synthetase [Megavirus baoshan]	Megavirus baoshan	Blastx
SRR22534740	NODE_1042_length_1420_cov_62.025955	53.2	1420	385	0.903896	2.22e-127	acc|GENBANK|AQN68505.1|GENBANK|KY110734|glutamine synthetase [Saudi moumouvirus]	Saudi moumouvirus	Blastx
SRR22534740	NODE_1784_length_1714_cov_15.036288	60.8	1714	364	0.903846	3.44e-127	acc|GENBANK|ADB85405.1|GENBANK|GQ252886|putative protein kinase [Phyllostachys edulis]	Phyllostachys edulis	Blastx
SRR22534740	NODE_43827_length_1556_cov_28.500985	55.3	1556	376	0.970745	4.22e-126	acc|GENBANK|WBR14998.1|GENBANK|ON887157|Chorismate synthase [Pandoravirus kuranda]	Pandoravirus kuranda	Blastx
SRR22534740	NODE_23206_length_1554_cov_3.938856	45.8	1554	451	0.949002	4.45e-126	acc|GENBANK|ATZ80629.1|GENBANK|MF782455|adenylosuccinate lyase [Bodo saltans virus]	Bodo saltans virus	Blastx
SRR22534740	NODE_5984_length_768_cov_13.801361	74.7	768	379	0.614776	4.54e-126	acc|GENBANK|ADB85364.1|GENBANK|GQ252868|putative alcohol dehydrogenase 2 [Phyllostachys edulis]	Phyllostachys edulis	Blastx
SRR22534740	NODE_40990_length_1094_cov_11.991517	55.0	1094	1201	0.272273	6.18e-125	acc|GENBANK|QDY52415.1|GENBANK|MK250092|RNA polymerase Rpb2, domain 6 [Mimiviridae sp. ChoanoV1]	Mimiviridae sp. ChoanoV1	Blastx
SRR22534740	NODE_6248_length_1524_cov_8.222669	53.8	1524	333	1.000000	5.19e-124	acc|GENBANK|AEX62548.1|GENBANK|JN885997|putative glutamine synthetase [Moumouvirus Monve]	Moumouvirus Monve	Blastx
SRR22534740	NODE_43965_length_1779_cov_11.902635	38.7	1779	2224	0.274281	1.05e-123	acc|GENBANK|AYV81995.1|GENBANK|MK072332|putative CAD protein isoform X1 [Homavirus sp.]	Homavirus sp.	Blastx
SRR22534740	NODE_1214_length_1467_cov_14.356346	48.9	1467	759	0.487484	1.80e-123	acc|GENBANK|ACN78962.1|GENBANK|FJ225394|methyltransferase [Glycine max]	Glycine max	Blastx
SRR22534740	NODE_43611_length_1344_cov_8.308162	50.7	1344	379	0.994723	1.86e-123	acc|GENBANK|ADB85364.1|GENBANK|GQ252868|putative alcohol dehydrogenase 2 [Phyllostachys edulis]	Phyllostachys edulis	Blastx
SRR22534740	NODE_2551_length_1953_cov_14.166667	42.0	1953	759	0.677207	3.77e-123	acc|GENBANK|ACN78962.1|GENBANK|FJ225394|methyltransferase [Glycine max]	Glycine max	Blastx
SRR22534740	NODE_40793_length_2680_cov_8.683037	38.2	2680	870	0.795402	2.91e-122	acc|GENBANK|WZO87717.1|GENBANK|PP681895|ATPase [Chlorovirus sp.]	Chlorovirus sp.	Blastx
SRR22534740	NODE_38516_length_962_cov_23.427341	66.2	962	518	0.530888	4.21e-121	acc|GENBANK|ABY48142.1|GENBANK|EU306659|serine-hydroxymethyltransferase [Medicago truncatula]	Medicago truncatula	Blastx
SRR22534740	NODE_23285_length_726_cov_4.523810	73.4	726	378	0.637566	8.53e-120	acc|GENBANK|QBK85319.1|GENBANK|MK500315|ribonucleoside diphosphate reductase, beta [Iridovirus LCIVAC01]	Iridovirus LCIVAC01	Blastx
SRR22534740	NODE_8848_length_1650_cov_3.513915	39.1	1650	1033	0.524685	5.83e-119	acc|REFSEQ|YP_010782239.1|REFSEQ|NC_075039|putative ATP-citrate synthase [Tupanvirus soda lake]	Tupanvirus soda lake	Blastx
SRR22534740	NODE_6669_length_1882_cov_14.924283	37.8	1882	978	0.584867	7.67e-119	acc|GENBANK|AYV78571.1|GENBANK|MK072083|ubiquitin-activating enzyme E1 [Edafosvirus sp.]	Edafosvirus sp.	Blastx
SRR22534740	NODE_5617_length_947_cov_23.036105	73.3	947	421	0.586698	9.96e-119	acc|GENBANK|AGP03657.1|GENBANK|KF220834|integrase-type DNA-binding superfamily protein [Glycine max]	Glycine max	Blastx
SRR22534740	NODE_1943_length_560_cov_10221.233397	96.2	560	1960	0.094898	1.06e-118	acc|REFSEQ|YP_009134730.1|REFSEQ|NC_026248|replicase polyprotein [Yam latent virus]	Yam latent virus	Blastx
SRR22534740	NODE_44060_length_1585_cov_3.994201	50.8	1585	392	0.938776	4.39e-116	acc|GENBANK|QBK87012.1|GENBANK|MK500340|peptide chain release factor 1 [Marseillevirus LCMAC103]	Marseillevirus LCMAC103	Blastx
SRR22534740	NODE_43790_length_1375_cov_35.873323	48.3	1375	497	0.758551	4.41e-116	acc|REFSEQ|YP_010780494.1|REFSEQ|NC_075038|aspartyl-tRNA synthetase [Tupanvirus deep ocean]	Tupanvirus deep ocean	Blastx
SRR22534740	NODE_6379_length_2013_cov_31.587374	40.5	2013	753	0.691899	5.22e-116	acc|GENBANK|QDY51907.1|GENBANK|MK250085|Hsp90 protein [Mimiviridae sp. ChoanoV1]	Mimiviridae sp. ChoanoV1	Blastx
SRR22534740	NODE_4899_length_1298_cov_12.360474	51.9	1298	363	0.881543	1.29e-115	acc|GENBANK|AYV86762.1|GENBANK|MK072514|GDP-D-mannose-3',5'-epimerase [Sylvanvirus sp.]	Sylvanvirus sp.	Blastx
SRR22534740	NODE_39360_length_1215_cov_8.946701	52.4	1215	644	0.590062	3.64e-115	acc|GENBANK|ULY68478.1|GENBANK|OL828820|putative heat shock protein Ssa2 [Chlorella virus XW01]	Chlorella virus XW01	Blastx
SRR22534740	NODE_6869_length_1801_cov_20.739253	84.1	1801	518	0.413127	4.98e-115	acc|GENBANK|ABY48142.1|GENBANK|EU306659|serine-hydroxymethyltransferase [Medicago truncatula]	Medicago truncatula	Blastx
SRR22534740	NODE_577_length_1249_cov_30.940789	49.9	1249	379	0.989446	2.04e-114	acc|GENBANK|ADB85364.1|GENBANK|GQ252868|putative alcohol dehydrogenase 2 [Phyllostachys edulis]	Phyllostachys edulis	Blastx
SRR22534740	NODE_39776_length_1585_cov_6.813144	40.9	1585	1263	0.443389	2.27e-114	acc|GENBANK|AAL14452.1|GENBANK|AF397035|valyl-tRNA-synthetase G7a/Bat6 [Mus musculus]	Mus musculus	Blastx
SRR22534740	NODE_3378_length_770_cov_8.081411	69.4	770	329	0.705167	9.68e-114	acc|GENBANK|AFV13459.1|GENBANK|JQ314447|Tac7077 [Tripsacum dactyloides]	Tripsacum dactyloides	Blastx
SRR22534740	NODE_496_length_3159_cov_10.619002	42.7	3159	679	0.782032	1.54e-113	acc|GENBANK|QIG60138.1|GENBANK|MN940580|ATP-dependent zinc metalloprotease [Dishui Lake large algae virus 1]	Dishui Lake large algae virus 1	Blastx
SRR22534740	NODE_24479_length_629_cov_3.320470	82.0	629	728	0.289835	9.14e-113	acc|GENBANK|QFR35755.1|GENBANK|MK737813|phytochrome B [Chandrasekharania keralensis]	Chandrasekharania keralensis	Blastx
SRR22534740	NODE_6441_length_2483_cov_18.332245	42.2	2483	576	0.901042	2.58e-112	acc|GENBANK|QIG59631.1|GENBANK|MN940577|hypothetical protein [Dishui Lake phycodnavirus 2]	Dishui Lake phycodnavirus 2	Blastx
SRR22534740	NODE_12091_length_750_cov_3.089261	65.2	750	850	0.294118	4.06e-111	acc|GENBANK|QDY52333.1|GENBANK|MK250090|ribonucleotide reductase, barrel domain protein [Mimiviridae sp. ChoanoV1]	Mimiviridae sp. ChoanoV1	Blastx
SRR22534740	NODE_571_length_1282_cov_24.363491	47.1	1282	471	0.942675	2.88e-110	acc|GENBANK|AFV13457.1|GENBANK|JQ314445|UDPG-flavonoid 3-O-glucosyl transferase [Tripsacum dactyloides]	Tripsacum dactyloides	Blastx
SRR22534740	NODE_1473_length_816_cov_8.127714	63.9	816	1161	0.231697	7.42e-108	acc|GENBANK|AAP06788.1|GENBANK|AY234827|phytochrome B1 apoprotein [Zea mays]	Zea mays	Blastx
SRR22534740	NODE_33531_length_1432_cov_4.842745	55.0	1432	645	0.544186	1.60e-107	acc|GENBANK|AAK84474.1|GENBANK|AF275345|suppressor-like protein [Solanum lycopersicum]	Solanum lycopersicum	Blastx
SRR22534740	NODE_22361_length_1530_cov_4.233133	41.0	1530	619	0.788368	1.64e-107	acc|GENBANK|AYV80670.1|GENBANK|MK072246|puromycin sensitive aminopeptidase [Harvfovirus sp.]	Harvfovirus sp.	Blastx
SRR22534740	NODE_789_length_818_cov_32.149045	64.7	818	458	0.543668	7.88e-107	acc|REFSEQ|YP_009448811.1|REFSEQ|NC_036594|Serine-tRNA synthetase, type1 [Orpheovirus IHUMI-LCC2]	Orpheovirus IHUMI-LCC2	Blastx
SRR22534740	NODE_1315_length_860_cov_42.921403	69.1	860	239	0.933054	4.52e-106	acc|GENBANK|AFV13460.1|GENBANK|JQ314447|ubiquitin conjugating enzyme 2 [Tripsacum dactyloides]	Tripsacum dactyloides	Blastx
SRR22534740	NODE_1665_length_2140_cov_29.433792	40.7	2140	518	1.015444	6.73e-106	acc|GENBANK|QPI16131.1|GENBANK|MW030532|hypothetical protein [Virus NIOZ-UU157]	Virus NIOZ-UU157	Blastx
SRR22534740	NODE_3912_length_936_cov_4.236988	57.2	936	379	0.715040	6.77e-106	acc|GENBANK|ADB85364.1|GENBANK|GQ252868|putative alcohol dehydrogenase 2 [Phyllostachys edulis]	Phyllostachys edulis	Blastx
SRR22534740	NODE_44470_length_1596_cov_15.303903	42.6	1596	980	0.455102	8.79e-105	acc|GENBANK|QKF94300.1|GENBANK|MT418680|ubiquitin activating enzyme [Fadolivirus FV1/VV64]	Fadolivirus FV1/VV64	Blastx
SRR22534740	NODE_6853_length_1444_cov_35.174344	43.2	1444	411	0.997567	1.93e-104	acc|GENBANK|ULY68482.1|GENBANK|OL828820|tyrosyl-tRNA synthetase [Chlorella virus XW01]	Chlorella virus XW01	Blastx
SRR22534740	NODE_44462_length_1668_cov_9.325382	43.2	1668	867	0.485582	2.85e-104	acc|GENBANK|AHA55176.1|GENBANK|KF481687|putative serine palmitoyltransferase [Emiliania huxleyi virus 156]	Emiliania huxleyi virus 156	Blastx
SRR22534740	NODE_43410_length_950_cov_5.324973	50.5	950	334	0.943114	3.88e-103	acc|REFSEQ|YP_010782262.1|REFSEQ|NC_075039|UDP-glucose 4-epimerase [Tupanvirus soda lake]	Tupanvirus soda lake	Blastx
SRR22534740	NODE_3640_length_1644_cov_21.995034	38.0	1644	515	0.980583	6.56e-103	acc|REFSEQ|YP_010780329.1|REFSEQ|NC_075038|lysine-tRNA synthetase [Tupanvirus deep ocean]	Tupanvirus deep ocean	Blastx
SRR22534740	NODE_6641_length_1781_cov_5.173341	42.5	1781	623	0.792937	2.36e-102	acc|GENBANK|BAL14837.1|GENBANK|AB682995|endo-1,4-b-D-glucanase [Oryza sativa Japonica Group]	Oryza sativa Japonica Group	Blastx
SRR22534740	NODE_3499_length_1376_cov_8.306776	45.8	1376	611	0.718494	6.29e-102	acc|GENBANK|QOR60299.1|GENBANK|MK522035|hypothetical protein [Bathycoccus sp. RCC716 virus 1]	Bathycoccus sp. RCC716 virus 1	Blastx
SRR22534740	NODE_675_length_714_cov_29.750367	63.9	714	491	0.484725	7.75e-102	acc|GENBANK|QBK88163.1|GENBANK|MK500377|phosphoenolpyruvate carboxykinase [Marseillevirus LCMAC202]	Marseillevirus LCMAC202	Blastx
SRR22534740	NODE_37626_length_795_cov_14.397638	62.8	795	368	0.679348	8.17e-102	acc|GENBANK|WBR14894.1|GENBANK|ON887157|Replication factor small subunit [Pandoravirus kuranda]	Pandoravirus kuranda	Blastx
SRR22534740	NODE_24941_length_1141_cov_5.779783	43.8	1141	480	0.785417	2.24e-101	acc|GENBANK|QPI16798.1|GENBANK|MW030606|BT1 family protein [Virus NIOZ-UU159]	Virus NIOZ-UU159	Blastx
SRR22534740	NODE_42349_length_1171_cov_8.954306	57.7	1171	336	0.866071	2.58e-100	acc|GENBANK|ACG35788.1|GENBANK|EU963670|retrotransposon protein Ty3-gypsy subclass [Zea mays]	Zea mays	Blastx
SRR22534740	NODE_44395_length_1017_cov_4.151423	72.0	1017	1161	0.199828	5.18e-100	acc|GENBANK|AAP06788.1|GENBANK|AY234827|phytochrome B1 apoprotein [Zea mays]	Zea mays	Blastx
SRR22534740	NODE_291_length_2100_cov_18.166425	38.7	2100	514	0.926070	9.83e-100	acc|GENBANK|AYV78233.1|GENBANK|MK072072|L-threonine dehydratase biosynthetic IlvA [Edafosvirus sp.]	Edafosvirus sp.	Blastx
SRR22534740	NODE_27290_length_772_cov_3.119080	62.1	772	531	0.457627	1.61e-99	acc|GENBANK|QBK88836.1|GENBANK|MK500400|CTP synthetase [Mimivirus LCMiAC01]	Mimivirus LCMiAC01	Blastx
SRR22534740	NODE_29821_length_893_cov_4.937209	54.8	893	912	0.327851	1.78e-99	acc|GENBANK|ACX48824.1|GENBANK|GQ923937|chromomethylase [Zea mays]	Zea mays	Blastx
SRR22534740	NODE_34944_length_1131_cov_6.104736	51.3	1131	776	0.412371	2.77e-99	acc|GENBANK|ABY48135.1|GENBANK|EU306659|beta-D-xylosidase [Medicago truncatula]	Medicago truncatula	Blastx
SRR22534740	NODE_38829_length_1374_cov_7.973154	47.3	1374	373	0.930295	5.70e-99	acc|GENBANK|WQF02802.1|GENBANK|OR553294|putative endonuclease [Apis mellifra filamentous-like virus]	Apis mellifra filamentous-like virus	Blastx
SRR22534740	NODE_1307_length_1107_cov_11.507449	60.8	1107	504	0.521825	2.20e-98	acc|GENBANK|QKF94406.1|GENBANK|MT418680|3-deoxy-8-phosphooctulonate synthase [Fadolivirus FV1/VV64]	Fadolivirus FV1/VV64	Blastx
SRR22534740	NODE_44736_length_673_cov_74.073437	66.1	673	405	0.553086	2.67e-97	acc|GENBANK|WGU26824.1|GENBANK|OQ503488|eukaryotic initiation factor 4A-III B-like [Triticum monococcum]	Triticum monococcum	Blastx
SRR22534740	NODE_2441_length_2255_cov_9.795680	44.7	2255	358	1.000000	1.10e-96	acc|REFSEQ|YP_010780072.1|REFSEQ|NC_075038|hypothetical protein [Tupanvirus deep ocean]	Tupanvirus deep ocean	Blastx
SRR22534740	NODE_18377_length_578_cov_4.486239	68.8	578	759	0.252964	1.61e-96	acc|GENBANK|ACN78962.1|GENBANK|FJ225394|methyltransferase [Glycine max]	Glycine max	Blastx
SRR22534740	NODE_42469_length_1182_cov_13.407311	52.7	1182	299	0.876254	2.09e-96	acc|GENBANK|UOG94093.1|NEIGHBOR|OM876856|serine threonine-protein phosphatase [Aureococcus anophagefferens virus]	Aureococcus anophagefferens virus	Blastx
SRR22534740	NODE_43579_length_1369_cov_6.445359	37.2	1369	819	0.561661	8.07e-96	acc|GENBANK|QKF94107.1|GENBANK|MT418680|eukaryotic translation elongation factor 2 [Fadolivirus FV1/VV64]	Fadolivirus FV1/VV64	Blastx
SRR22534740	NODE_40575_length_1093_cov_8.577358	52.3	1093	299	0.876254	6.97e-95	acc|GENBANK|UOG94093.1|NEIGHBOR|OM876856|serine threonine-protein phosphatase [Aureococcus anophagefferens virus]	Aureococcus anophagefferens virus	Blastx
SRR22534740	NODE_31967_length_791_cov_6.769129	62.4	791	564	0.406028	4.45e-94	acc|GENBANK|AWA44801.1|GENBANK|MH182523|ATP-dependent 6-phosphofructokinase [Saccharum officinarum]	Saccharum officinarum	Blastx
SRR22534740	NODE_16233_length_820_cov_5.029225	62.9	820	244	1.028689	1.89e-93	acc|GENBANK|AAW73221.1|GENBANK|AY747600|VRN-A1 [Triticum aestivum]	Triticum aestivum	Blastx
SRR22534740	NODE_37582_length_1578_cov_15.865372	36.2	1578	536	0.850746	2.08e-93	acc|GENBANK|QDY51930.1|GENBANK|MK250086|pyridoxal-dependent decarboxylase conserved [Mimiviridae sp. ChoanoV1]	Mimiviridae sp. ChoanoV1	Blastx
SRR22534740	NODE_34678_length_1848_cov_6.274931	31.9	1848	668	0.892216	2.59e-93	acc|GENBANK|QKF94196.1|GENBANK|MT418680|peptidase M3A/M3B [Fadolivirus FV1/VV64]	Fadolivirus FV1/VV64	Blastx
SRR22534740	NODE_37417_length_1259_cov_10.606852	41.1	1259	679	0.569956	2.85e-93	acc|GENBANK|AYV78344.1|GENBANK|MK072075|S9 family peptidase [Edafosvirus sp.]	Edafosvirus sp.	Blastx
SRR22534740	NODE_38103_length_1727_cov_10.279811	40.3	1727	623	0.784912	4.04e-93	acc|GENBANK|BAL14837.1|GENBANK|AB682995|endo-1,4-b-D-glucanase [Oryza sativa Japonica Group]	Oryza sativa Japonica Group	Blastx
SRR22534740	NODE_6613_length_2098_cov_9.757385	33.3	2098	836	0.785885	6.44e-93	acc|GENBANK|AYV84014.1|GENBANK|MK072397|aminopeptidase 1 [Hyperionvirus sp.]	Hyperionvirus sp.	Blastx
SRR22534740	NODE_1686_length_932_cov_19.462736	58.5	932	316	0.762658	1.37e-92	acc|GENBANK|QDY51833.1|GENBANK|MK250085|hypothetical protein [Mimiviridae sp. ChoanoV1]	Mimiviridae sp. ChoanoV1	Blastx
SRR22534740	NODE_45783_length_1823_cov_23.589944	39.1	1823	588	0.831633	1.55e-92	acc|GENBANK|QOI90522.1|GENBANK|MT663539|hypothetical protein [Pyramimonas orientalis virus]	Pyramimonas orientalis virus	Blastx
SRR22534740	NODE_33157_length_628_cov_2.225210	68.6	628	759	0.251647	2.22e-92	acc|GENBANK|ACN78962.1|GENBANK|FJ225394|methyltransferase [Glycine max]	Glycine max	Blastx
SRR22534740	NODE_40041_length_870_cov_16.978495	58.5	870	316	0.762658	2.69e-92	acc|GENBANK|QDY51833.1|GENBANK|MK250085|hypothetical protein [Mimiviridae sp. ChoanoV1]	Mimiviridae sp. ChoanoV1	Blastx
SRR22534740	NODE_1734_length_877_cov_222.207346	47.8	877	697	0.423242	4.80e-92	acc|REFSEQ|YP_010781946.1|REFSEQ|NC_075039|catalase [Tupanvirus soda lake]	Tupanvirus soda lake	Blastx
SRR22534740	NODE_15406_length_1105_cov_5.370336	51.3	1105	268	0.973881	6.04e-92	acc|REFSEQ|YP_010780800.1|REFSEQ|NC_075038|hypothetical protein [Tupanvirus deep ocean]	Tupanvirus deep ocean	Blastx
SRR22534740	NODE_42238_length_1520_cov_25.544721	37.7	1520	459	1.028322	1.22e-91	acc|GENBANK|BBI30359.1|GENBANK|AP018495|beta-galactosidase [Acanthamoeba castellanii medusavirus J1]	Acanthamoeba castellanii medusavirus J1	Blastx
SRR22534740	NODE_7511_length_681_cov_2.367284	74.5	681	236	0.699153	1.39e-91	acc|GENBANK|UKS51800.1|GENBANK|OK336705|laccase [Allium cepa]	Allium cepa	Blastx
SRR22534740	NODE_4996_length_437_cov_30.056931	100	437	1960	0.073980	8.20e-91	acc|REFSEQ|YP_009134730.1|REFSEQ|NC_026248|replicase polyprotein [Yam latent virus]	Yam latent virus	Blastx
SRR22534740	NODE_5694_length_768_cov_86.970068	87.1	768	258	0.600775	2.48e-90	acc|GENBANK|WMV02893.1|GENBANK|OP630990|alpha-tubulin [Diderma spumarioides]	Diderma spumarioides	Blastx
SRR22534740	NODE_2763_length_2921_cov_11.062327	37.6	2921	876	0.603881	2.68e-90	acc|GENBANK|AYV76365.1|GENBANK|MK071983|DEXDc helicase [Terrestrivirus sp.]	Terrestrivirus sp.	Blastx
SRR22534740	NODE_25251_length_870_cov_13.583035	68.8	870	292	0.636986	3.26e-90	acc|GENBANK|QKE44490.1|GENBANK|MT364305|putative thymidylate synthase [Yalta virus]	Yalta virus	Blastx
SRR22534740	NODE_1029_length_1140_cov_54.058717	89.0	1140	201	0.766169	3.50e-90	acc|GENBANK|ACG39664.1|GENBANK|EU967546|retrotransposon protein [Zea mays]	Zea mays	Blastx
SRR22534740	NODE_6087_length_962_cov_6.789020	52.0	962	604	0.528146	4.86e-90	acc|GENBANK|AAK84484.1|GENBANK|AF275345|TH65-like protein [Solanum lycopersicum]	Solanum lycopersicum	Blastx
SRR22534740	NODE_26687_length_491_cov_2.670306	85.3	491	601	0.271215	1.59e-89	acc|GENBANK|AAB62581.1|GENBANK|U68072|3-hydroxy-3-methylglutaryl CoA reductase 2 [Solanum lycopersicum]	Solanum lycopersicum	Blastx
SRR22534740	NODE_42128_length_945_cov_8.487939	44.1	945	686	0.459184	4.00e-89	acc|GENBANK|WNO13952.1|GENBANK|OQ968299|coat protein [Guapo partitivirus]	Guapo partitivirus	Blastx
SRR22534740	NODE_43176_length_506_cov_23.065539	83.0	506	282	0.585106	1.99e-88	acc|GENBANK|AAL14448.1|GENBANK|AF397035|heat shock protein Hsc70t [Mus musculus]	Mus musculus	Blastx
SRR22534740	NODE_38070_length_950_cov_14.503817	79.9	950	621	0.280193	3.91e-88	acc|GENBANK|XCA47333.1|GENBANK|PP911589|movement protein hsp70h [Micromonas commoda virus]	Micromonas commoda virus	Blastx
SRR22534740	NODE_39891_length_1461_cov_9.455882	38.9	1461	1171	0.381725	2.63e-87	acc|GENBANK|QBK90672.1|GENBANK|MK500495|DNA-directed RNA polymerase subunit beta [Pithovirus LCPAC104]	Pithovirus LCPAC104	Blastx
SRR22534740	NODE_38867_length_717_cov_3.621345	84.0	717	342	0.456140	5.24e-87	acc|GENBANK|CAA04529.1|GENBANK|AJ001100|Rad51-like protein [Arabidopsis thaliana]	Arabidopsis thaliana	Blastx
SRR22534740	NODE_516_length_675_cov_60.076324	64.7	675	558	0.401434	6.11e-86	acc|GENBANK|QOR60244.1|GENBANK|MK522034|hypothetical protein [Bathycoccus sp. RCC716 virus 1]	Bathycoccus sp. RCC716 virus 1	Blastx
SRR22534740	NODE_2754_length_2904_cov_27.253918	39.5	2904	419	1.038186	2.13e-85	acc|GENBANK|WNL49938.1|GENBANK|OR343188|translation elongation factor 1alpha [Marseillevirus sp.]	Marseillevirus sp.	Blastx
SRR22534740	NODE_43356_length_1127_cov_13.957038	43.9	1127	1164	0.283505	2.98e-85	acc|GENBANK|ADX05878.1|GENBANK|HQ704802|putative DNA-directed RNA polymerase [Organic Lake phycodnavirus 1]	Organic Lake phycodnavirus 1	Blastx
SRR22534740	NODE_32825_length_1129_cov_4.340328	51.5	1129	925	0.316757	3.22e-85	acc|GENBANK|ABY48139.1|GENBANK|EU306659|NORK [Medicago truncatula]	Medicago truncatula	Blastx
SRR22534740	NODE_40221_length_1173_cov_7.244737	39.4	1173	1201	0.336386	3.69e-85	acc|GENBANK|QDY52415.1|GENBANK|MK250092|RNA polymerase Rpb2, domain 6 [Mimiviridae sp. ChoanoV1]	Mimiviridae sp. ChoanoV1	Blastx
SRR22534740	NODE_4454_length_1347_cov_110.625571	49.0	1347	360	0.822222	5.22e-85	acc|GENBANK|QKF94354.1|GENBANK|MT418680|UTP--glucose-1-phosphate uridylyltransferase [Fadolivirus FV1/VV64]	Fadolivirus FV1/VV64	Blastx
SRR22534740	NODE_5408_length_1740_cov_21.496192	46.9	1740	327	0.944954	7.03e-85	acc|GENBANK|QFG73901.1|GENBANK|MN448274|papain family cysteine protease [Megaviridae environmental sample]	Megaviridae environmental sample	Blastx
SRR22534740	NODE_27995_length_676_cov_6.867807	76.2	676	325	0.556923	1.36e-84	acc|GENBANK|ABY48134.1|GENBANK|EU306659|bHLH transcription factor [Medicago truncatula]	Medicago truncatula	Blastx
SRR22534740	NODE_38594_length_1048_cov_30.142857	50.0	1048	288	0.993056	1.55e-84	acc|GENBANK|QBK86945.1|GENBANK|MK500338|tetrahydrofolate dehydrogenase/cyclohydrolase [Marseillevirus LCMAC103]	Marseillevirus LCMAC103	Blastx
SRR22534740	NODE_36253_length_866_cov_9.630252	56.2	866	336	0.699405	1.71e-84	acc|GENBANK|ACG35788.1|GENBANK|EU963670|retrotransposon protein Ty3-gypsy subclass [Zea mays]	Zea mays	Blastx
SRR22534740	NODE_39995_length_983_cov_7.950526	52.3	983	364	0.714286	1.99e-84	acc|GENBANK|AYV82076.1|GENBANK|MK072336|replication factor C small subunit [Homavirus sp.]	Homavirus sp.	Blastx
SRR22534740	NODE_43535_length_451_cov_23.334928	88.3	451	258	0.562016	2.26e-84	acc|GENBANK|WMV02893.1|GENBANK|OP630990|alpha-tubulin [Diderma spumarioides]	Diderma spumarioides	Blastx
SRR22534740	NODE_26571_length_1047_cov_3.135108	51.2	1047	299	0.816054	4.42e-84	acc|GENBANK|UOG94093.1|NEIGHBOR|OM876856|serine threonine-protein phosphatase [Aureococcus anophagefferens virus]	Aureococcus anophagefferens virus	Blastx
SRR22534740	NODE_38087_length_910_cov_24.080958	46.0	910	559	0.559928	8.73e-84	acc|GENBANK|AYV76247.1|GENBANK|MK071983|xaa-Pro dipeptidase-like protein [Terrestrivirus sp.]	Terrestrivirus sp.	Blastx
SRR22534740	NODE_5623_length_1755_cov_10.217770	58.2	1755	889	0.314961	1.02e-83	acc|GENBANK|QCC26834.1|GENBANK|MK532516|Bs2 gagpol polyprotein [Zea mays]	Zea mays	Blastx
SRR22534740	NODE_8003_length_901_cov_11.258065	52.2	901	340	0.855882	1.19e-83	acc|GENBANK|AAU93531.1|GENBANK|AY691949|cyclin H-1 [Zea mays]	Zea mays	Blastx
SRR22534740	NODE_39467_length_982_cov_12.038988	47.4	982	322	0.909938	1.23e-83	acc|GENBANK|QBK92099.1|GENBANK|MK500567|pyridine nucleotide-disulfide oxidoreductase [Pithovirus LCPAC304]	Pithovirus LCPAC304	Blastx
SRR22534740	NODE_19424_length_1047_cov_5.976331	40.7	1047	438	0.801370	1.33e-83	acc|GENBANK|QBK88723.1|GENBANK|MK500396|histidyl-tRNA synthetase [Mimivirus LCMiAC01]	Mimivirus LCMiAC01	Blastx
SRR22534740	NODE_1663_length_1994_cov_33.221316	54.5	1994	286	1.000000	2.36e-83	acc|GENBANK|AAU93534.1|GENBANK|AY691949|unknown protein [Zea mays]	Zea mays	Blastx
SRR22534740	NODE_5945_length_1592_cov_10.297627	46.8	1592	298	0.953020	2.46e-83	acc|GENBANK|AGE56559.1|GENBANK|JX997177|N-carbamoylputrescine amidase [Acanthocystis turfacea Chlorella virus NE-JV-2]	Acanthocystis turfacea Chlorella virus NE-JV-2	Blastx
SRR22534740	NODE_3085_length_1189_cov_12.307093	43.5	1189	406	0.827586	2.48e-83	acc|GENBANK|QBK87310.1|GENBANK|MK500348|chaperone protein [Marseillevirus LCMAC201]	Marseillevirus LCMAC201	Blastx
SRR22534740	NODE_511_length_718_cov_27.462774	54.2	718	385	0.657143	2.89e-83	acc|GENBANK|UUT40455.1|GENBANK|ON887238|hypothetical protein [carnivorous sponge associated iridovirus]	carnivorous sponge associated iridovirus	Blastx
SRR22534740	NODE_43070_length_524_cov_56.855397	66.1	524	524	0.332061	2.18e-82	acc|REFSEQ|YP_010781689.1|REFSEQ|NC_075039|prolyl-tRNA synthetase [Tupanvirus soda lake]	Tupanvirus soda lake	Blastx
SRR22534740	NODE_43524_length_1379_cov_49.024517	45.4	1379	871	0.412170	2.88e-82	acc|GENBANK|ABT14089.1|GENBANK|DQ491001|hypothetical protein [Paramecium bursaria chlorella virus MT325]	Paramecium bursaria chlorella virus MT325	Blastx
SRR22534740	NODE_35474_length_1326_cov_7.812838	53.8	1326	272	0.963235	2.90e-82	acc|GENBANK|AYV78356.1|GENBANK|MK072075|E3 ubiquitin-protein ligase RGLG1 [Edafosvirus sp.]	Edafosvirus sp.	Blastx
SRR22534740	NODE_43995_length_1173_cov_12.635088	50.9	1173	503	0.546720	8.94e-82	acc|GENBANK|AYV82303.1|GENBANK|MK072358|hypothetical protein [Homavirus sp.]	Homavirus sp.	Blastx
SRR22534740	NODE_5602_length_1298_cov_8.966008	42.7	1298	348	0.942529	2.38e-81	acc|GENBANK|AYV86709.1|GENBANK|MK072513|hypothetical protein [Sylvanvirus sp.]	Sylvanvirus sp.	Blastx
SRR22534740	NODE_35543_length_1031_cov_9.452906	46.6	1031	871	0.391504	2.66e-81	acc|GENBANK|ABT14089.1|GENBANK|DQ491001|hypothetical protein [Paramecium bursaria chlorella virus MT325]	Paramecium bursaria chlorella virus MT325	Blastx
SRR22534740	NODE_34049_length_1502_cov_4.114364	42.0	1502	392	0.849490	4.29e-81	acc|GENBANK|AYV77947.1|GENBANK|MK072068|autophagy-related protein 18a-like [Edafosvirus sp.]	Edafosvirus sp.	Blastx
SRR22534740	NODE_41538_length_1007_cov_26.651951	70.0	1007	182	0.879121	5.62e-81	acc|GENBANK|BDT62002.1|GENBANK|LC738871|hypothetical protein [Penaeus monodon majanivirus B]	Penaeus monodon majanivirus B	Blastx
SRR22534740	NODE_43232_length_1145_cov_36.198741	40.3	1145	1040	0.365385	9.09e-81	acc|REFSEQ|YP_010780932.1|REFSEQ|NC_075038|putative ATP-citrate synthase isoform X3 [Tupanvirus deep ocean]	Tupanvirus deep ocean	Blastx
SRR22534740	NODE_3981_length_481_cov_29.140625	91.1	481	258	0.480620	1.06e-80	acc|GENBANK|WMV02893.1|GENBANK|OP630990|alpha-tubulin [Diderma spumarioides]	Diderma spumarioides	Blastx
SRR22534740	NODE_2717_length_2480_cov_12.344095	45.9	2480	310	0.990323	1.57e-80	acc|GENBANK|AYV86922.1|GENBANK|MK072520|hypothetical protein [Sylvanvirus sp.]	Sylvanvirus sp.	Blastx
SRR22534740	NODE_39939_length_613_cov_9.082759	62.9	613	759	0.255599	2.16e-80	acc|GENBANK|ACN78962.1|GENBANK|FJ225394|methyltransferase [Glycine max]	Glycine max	Blastx
SRR22534740	NODE_44860_length_957_cov_2.123377	59.6	957	359	0.593315	4.27e-80	acc|GENBANK|AGE50238.1|GENBANK|JX997158|GDP-L-fucose synthase 2 [Acanthocystis turfacea Chlorella virus Canal-1]	Acanthocystis turfacea Chlorella virus Canal-1	Blastx
SRR22534740	NODE_32954_length_1191_cov_4.613126	41.8	1191	572	0.685315	4.87e-80	acc|REFSEQ|YP_009448872.1|REFSEQ|NC_036594|Bi-functional 3,4-dihydroxy-2-butanone [Orpheovirus IHUMI-LCC2]	Orpheovirus IHUMI-LCC2	Blastx
SRR22534740	NODE_24838_length_1240_cov_5.370340	39.1	1240	528	0.765152	7.53e-80	acc|GENBANK|QKF94573.1|GENBANK|MT418680|methionyl-tRNA synthetase [Fadolivirus FV1/VV64]	Fadolivirus FV1/VV64	Blastx
SRR22534740	NODE_43495_length_703_cov_3.564179	66.3	703	1042	0.182342	9.33e-80	acc|GENBANK|ACN78973.1|GENBANK|FJ225394|copia-type polyprotein [Glycine max]	Glycine max	Blastx
SRR22534740	NODE_7812_length_2046_cov_13.339791	46.1	2046	310	0.951613	9.71e-80	acc|GENBANK|AYV86922.1|GENBANK|MK072520|hypothetical protein [Sylvanvirus sp.]	Sylvanvirus sp.	Blastx
SRR22534740	NODE_40516_length_1495_cov_8.775650	41.3	1495	572	0.715035	1.36e-79	acc|REFSEQ|YP_009448872.1|REFSEQ|NC_036594|Bi-functional 3,4-dihydroxy-2-butanone [Orpheovirus IHUMI-LCC2]	Orpheovirus IHUMI-LCC2	Blastx
SRR22534740	NODE_24609_length_839_cov_6.466501	50.7	839	439	0.633257	4.24e-79	acc|GENBANK|AAK92822.1|GENBANK|AY050885|putative replicase [Arabidopsis thaliana]	Arabidopsis thaliana	Blastx
SRR22534740	NODE_41686_length_901_cov_16.458525	59.3	901	212	0.985849	4.32e-79	acc|GENBANK|AYV82031.1|GENBANK|MK072334|Ras-like protein Rab-11A [Homavirus sp.]	Homavirus sp.	Blastx
SRR22534740	NODE_6474_length_3069_cov_16.547431	41.7	3069	408	0.852941	4.46e-79	acc|REFSEQ|YP_010781447.1|REFSEQ|NC_075039|Zn-dependent alcohol dehydrogenase [Tupanvirus soda lake]	Tupanvirus soda lake	Blastx
SRR22534740	NODE_41792_length_452_cov_36.515513	93.0	452	421	0.304038	4.87e-79	acc|GENBANK|AGP03657.1|GENBANK|KF220834|integrase-type DNA-binding superfamily protein [Glycine max]	Glycine max	Blastx
SRR22534740	NODE_3345_length_642_cov_77.311987	79.0	642	214	0.644860	9.54e-79	acc|GENBANK|UZE89726.1|GENBANK|ON704650|hypothetical protein [Parapoynx stagnalis nucleopolyhedrovirus]	Parapoynx stagnalis nucleopolyhedrovirus	Blastx
SRR22534740	NODE_5847_length_766_cov_50.518417	52.0	766	423	0.635934	1.28e-78	acc|GENBANK|CAA38181.1|GENBANK|X54284|phosphoglycerate kinase [Trichoderma viride]	Trichoderma viride	Blastx
SRR22534740	NODE_42192_length_833_cov_9.473750	60.0	833	623	0.345104	1.76e-78	acc|GENBANK|BAL14837.1|GENBANK|AB682995|endo-1,4-b-D-glucanase [Oryza sativa Japonica Group]	Oryza sativa Japonica Group	Blastx
SRR22534740	NODE_44625_length_930_cov_17.770346	54.1	930	562	0.434164	2.74e-78	acc|GENBANK|QDY52375.1|GENBANK|MK250091|asparagine synthase [Mimiviridae sp. ChoanoV1]	Mimiviridae sp. ChoanoV1	Blastx
SRR22534740	NODE_37263_length_870_cov_13.328554	59.2	870	212	0.995283	4.97e-78	acc|GENBANK|AYV82031.1|GENBANK|MK072334|Ras-like protein Rab-11A [Homavirus sp.]	Homavirus sp.	Blastx
SRR22534740	NODE_28234_length_1580_cov_5.246930	35.9	1580	570	0.785965	5.98e-78	acc|GENBANK|QPI16633.1|GENBANK|MW030590|coproporphyrinogen III oxidase [Virus NIOZ-UU159]	Virus NIOZ-UU159	Blastx
SRR22534740	NODE_8342_length_416_cov_11478.133159	93.5	416	1960	0.070408	6.96e-78	acc|REFSEQ|YP_009134730.1|REFSEQ|NC_026248|replicase polyprotein [Yam latent virus]	Yam latent virus	Blastx
SRR22534740	NODE_41949_length_630_cov_28.832496	61.0	630	815	0.257669	7.83e-78	acc|REFSEQ|YP_010782648.1|REFSEQ|NC_075039|elongation factor 2 [Tupanvirus soda lake]	Tupanvirus soda lake	Blastx
SRR22534740	NODE_6503_length_735_cov_11.326211	58.3	735	531	0.406780	1.08e-77	acc|GENBANK|QBK88836.1|GENBANK|MK500400|CTP synthetase [Mimivirus LCMiAC01]	Mimivirus LCMiAC01	Blastx
SRR22534740	NODE_25056_length_1136_cov_4.421578	41.5	1136	482	0.655602	1.40e-77	acc|GENBANK|BBA54297.1|GENBANK|AB898755|gag : akt fusion protein [Feline leukemia virus]	Feline leukemia virus	Blastx
SRR22534740	NODE_42586_length_1331_cov_12.819723	41.9	1331	331	0.951662	2.17e-77	acc|GENBANK|QBK89984.1|GENBANK|MK500451|phosphoribosyl transferase domain protein [Pithovirus LCPAC101]	Pithovirus LCPAC101	Blastx
SRR22534740	NODE_6236_length_1505_cov_61.108696	37.9	1505	518	0.936293	2.42e-77	acc|GENBANK|QPI16131.1|GENBANK|MW030532|hypothetical protein [Virus NIOZ-UU157]	Virus NIOZ-UU157	Blastx
SRR22534740	NODE_1291_length_915_cov_23.558957	53.8	915	783	0.318008	2.82e-77	acc|GENBANK|QFG73724.1|GENBANK|MN448270|Hsp90 protein [Megaviridae environmental sample]	Megaviridae environmental sample	Blastx
SRR22534740	NODE_6977_length_1858_cov_11.582466	47.3	1858	327	0.892966	4.87e-77	acc|GENBANK|QFG73901.1|GENBANK|MN448274|papain family cysteine protease [Megaviridae environmental sample]	Megaviridae environmental sample	Blastx
SRR22534740	NODE_38958_length_735_cov_32.897436	55.1	735	634	0.369085	5.83e-77	acc|GENBANK|QOI90398.1|GENBANK|MT663536|movement protein Hsp70h [Pyramimonas orientalis virus]	Pyramimonas orientalis virus	Blastx
SRR22534740	NODE_636_length_1004_cov_26.511843	52.3	1004	277	0.848375	9.24e-77	acc|GENBANK|AYV83451.1|GENBANK|MK072389|hypothetical protein [Hyperionvirus sp.]	Hyperionvirus sp.	Blastx
SRR22534740	NODE_42024_length_395_cov_2.110497	92.4	395	149	0.879195	1.09e-76	acc|GENBANK|ARF10611.1|GENBANK|KY684104|ubiquitin family protein [Hokovirus HKV1]	Hokovirus HKV1	Blastx
SRR22534740	NODE_365_length_1248_cov_8.592593	45.5	1248	588	0.561224	3.24e-76	acc|GENBANK|QOI90522.1|GENBANK|MT663539|hypothetical protein [Pyramimonas orientalis virus]	Pyramimonas orientalis virus	Blastx
SRR22534740	NODE_438_length_1470_cov_5.732081	42.8	1470	322	1.037267	5.01e-76	acc|GENBANK|AYV84288.1|GENBANK|MK072403|hypothetical protein [Hyperionvirus sp.]	Hyperionvirus sp.	Blastx
SRR22534740	NODE_31190_length_753_cov_7.612500	63.6	753	407	0.459459	5.08e-76	acc|GENBANK|ARF08154.1|GENBANK|KY684083|acetamidase/formamidase family protein [Catovirus CTV1]	Catovirus CTV1	Blastx
SRR22534740	NODE_12976_length_869_cov_4.534689	48.4	869	620	0.443548	5.86e-76	acc|GENBANK|QIG60126.1|GENBANK|MN940580|RNA polymerase II largest subunit [Dishui Lake large algae virus 1]	Dishui Lake large algae virus 1	Blastx
SRR22534740	NODE_39518_length_1799_cov_11.916195	33.4	1799	644	0.739130	1.19e-75	acc|GENBANK|AGE55774.1|GENBANK|JX997174|potassium transporter [Acanthocystis turfacea Chlorella virus MN0810.1]	Acanthocystis turfacea Chlorella virus MN0810.1	Blastx
SRR22534740	NODE_28061_length_833_cov_8.505000	46.5	833	1263	0.224861	1.24e-75	acc|GENBANK|AAD26531.1|GENBANK|AF087141|valyl-tRNA synthetase [Mus musculus]	Mus musculus	Blastx
SRR22534740	NODE_37849_length_1257_cov_27.334967	40.9	1257	408	0.825980	1.61e-75	acc|REFSEQ|YP_010781447.1|REFSEQ|NC_075039|Zn-dependent alcohol dehydrogenase [Tupanvirus soda lake]	Tupanvirus soda lake	Blastx
SRR22534740	NODE_36383_length_793_cov_6.777632	50.5	793	262	0.847328	1.89e-75	acc|GENBANK|QFG74502.1|GENBANK|MN448289|endonuclease/exonuclease/phosphatase family [Megaviridae environmental sample]	Megaviridae environmental sample	Blastx
SRR22534740	NODE_30064_length_841_cov_5.389851	51.7	841	425	0.541176	2.37e-75	acc|GENBANK|WZO86740.1|GENBANK|PP681892|phosphofructokinase family protein [Chlorovirus sp.]	Chlorovirus sp.	Blastx
SRR22534740	NODE_30346_length_1132_cov_3.852593	45.9	1132	496	0.566532	3.32e-75	acc|GENBANK|ACN78958.1|GENBANK|FJ225394|dehydration responsive protein [Glycine max]	Glycine max	Blastx
SRR22534740	NODE_44724_length_1454_cov_12.399015	44.9	1454	321	0.937695	4.55e-75	acc|GENBANK|QFG74498.1|GENBANK|MN448289|papain family cysteine protease [Megaviridae environmental sample]	Megaviridae environmental sample	Blastx
SRR22534740	NODE_39338_length_1618_cov_6.077603	41.2	1618	419	0.852029	6.00e-75	acc|GENBANK|WNL49938.1|GENBANK|OR343188|translation elongation factor 1alpha [Marseillevirus sp.]	Marseillevirus sp.	Blastx
SRR22534740	NODE_6672_length_1803_cov_13.968362	39.4	1803	660	0.584848	6.70e-75	acc|REFSEQ|YP_001425742.1|REFSEQ|NC_008603|hypothetical protein [Paramecium bursaria Chlorella virus FR483]	Paramecium bursaria Chlorella virus FR483	Blastx
SRR22534740	NODE_6525_length_1065_cov_19.047481	40.4	1065	497	0.637827	1.30e-74	acc|GENBANK|CCQ71326.1|GENBANK|HF586476|hypothetical Pro-X carboxypeptidase-like protein [Cotesia congregata]	Cotesia congregata	Blastx
SRR22534740	NODE_42176_length_926_cov_10.146697	53.1	926	574	0.419861	3.42e-74	acc|GENBANK|XAO13562.1|GENBANK|PP130629|hypothetical protein [Mantoniella tinhauana virus 1]	Mantoniella tinhauana virus 1	Blastx
SRR22534740	NODE_44152_length_1835_cov_6.985572	32.4	1835	567	0.973545	4.17e-74	acc|GENBANK|QYA18790.1|GENBANK|MZ420154|RuvB-like chromatin remodeling ATPase [Clandestinovirus]	Clandestinovirus	Blastx
SRR22534740	NODE_44261_length_1227_cov_27.742044	43.6	1227	299	1.013378	1.28e-73	acc|GENBANK|QRE02559.1|GENBANK|MN545489|hypothetical protein [Otarine gammaherpesvirus 4]	Otarine gammaherpesvirus 4	Blastx
SRR22534740	NODE_40115_length_686_cov_2.739663	61.9	686	728	0.270604	2.35e-73	acc|GENBANK|QFR35755.1|GENBANK|MK737813|phytochrome B [Chandrasekharania keralensis]	Chandrasekharania keralensis	Blastx
SRR22534740	NODE_36215_length_956_cov_9.868906	50.8	956	297	0.801347	2.97e-73	acc|GENBANK|AAU93532.1|GENBANK|AY691949|unknown protein [Zea mays]	Zea mays	Blastx
SRR22534740	NODE_42365_length_849_cov_23.627451	49.8	849	694	0.327089	4.77e-73	acc|REFSEQ|YP_010780645.1|REFSEQ|NC_075038|catalase HPII [Tupanvirus deep ocean]	Tupanvirus deep ocean	Blastx
SRR22534740	NODE_45422_length_1172_cov_22.910448	44.9	1172	320	0.862500	7.67e-73	acc|GENBANK|ARF09286.1|GENBANK|KY684084|serine/threonine protein kinase [Catovirus CTV1]	Catovirus CTV1	Blastx
SRR22534740	NODE_43989_length_1401_cov_10.587719	36.1	1401	496	0.760081	1.08e-72	acc|GENBANK|QKF94126.1|GENBANK|MT418680|glutamyl-tRNA synthetase [Fadolivirus FV1/VV64]	Fadolivirus FV1/VV64	Blastx
SRR22534740	NODE_41826_length_1252_cov_11.101723	43.9	1252	394	0.786802	1.94e-72	acc|REFSEQ|YP_009640107.1|REFSEQ|NC_011335|hypothetical protein [Diadromus pulchellus ascovirus 4a]	Diadromus pulchellus ascovirus 4a	Blastx
SRR22534740	NODE_732_length_1188_cov_14.737662	45.1	1188	358	0.798883	2.03e-72	acc|REFSEQ|YP_010780072.1|REFSEQ|NC_075038|hypothetical protein [Tupanvirus deep ocean]	Tupanvirus deep ocean	Blastx
SRR22534740	NODE_1031_length_828_cov_97.361006	41.8	828	477	0.641509	2.85e-72	acc|GENBANK|AYV78014.1|GENBANK|MK072068|elongation factor 1 alpha long form [Edafosvirus sp.]	Edafosvirus sp.	Blastx
SRR22534740	NODE_7170_length_706_cov_8.656761	72.2	706	212	0.712264	3.26e-72	acc|GENBANK|AYV82031.1|GENBANK|MK072334|Ras-like protein Rab-11A [Homavirus sp.]	Homavirus sp.	Blastx
SRR22534740	NODE_9867_length_767_cov_4.881471	56.3	767	286	0.751748	6.19e-72	acc|GENBANK|BFT93432.1|GENBANK|LC847964|Uracil-DNA glycosylase [Medusavirus sp. 'euryale']	Medusavirus sp. 'euryale'	Blastx
SRR22534740	NODE_33978_length_611_cov_5.557093	86.6	611	335	0.355224	8.08e-72	acc|GENBANK|ADV36573.1|GENBANK|HM454271|Myb-like transcription factor [Zea mays]	Zea mays	Blastx
SRR22534740	NODE_7722_length_776_cov_19.273217	54.7	776	363	0.553719	1.22e-71	acc|GENBANK|AYV86762.1|GENBANK|MK072514|GDP-D-mannose-3',5'-epimerase [Sylvanvirus sp.]	Sylvanvirus sp.	Blastx
SRR22534740	NODE_1362_length_1398_cov_8.010989	41.5	1398	331	0.909366	1.41e-71	acc|GENBANK|QBK89984.1|GENBANK|MK500451|phosphoribosyl transferase domain protein [Pithovirus LCPAC101]	Pithovirus LCPAC101	Blastx
SRR22534740	NODE_823_length_813_cov_86.185897	64.7	813	221	0.769231	1.58e-71	acc|GENBANK|AYV75487.1|GENBANK|MK071979|GTP-binding protein YPTC1 [Terrestrivirus sp.]	Terrestrivirus sp.	Blastx
SRR22534740	NODE_44249_length_791_cov_47.736148	64.1	791	221	0.769231	2.40e-71	acc|GENBANK|AYV75487.1|GENBANK|MK071979|GTP-binding protein YPTC1 [Terrestrivirus sp.]	Terrestrivirus sp.	Blastx
SRR22534740	NODE_2902_length_620_cov_14.374787	91.9	620	258	0.430233	2.80e-71	acc|GENBANK|WMV02893.1|GENBANK|OP630990|alpha-tubulin [Diderma spumarioides]	Diderma spumarioides	Blastx
SRR22534740	NODE_292_length_1817_cov_11.993834	41.0	1817	543	0.624309	3.23e-71	acc|GENBANK|QBK87586.1|GENBANK|MK500360|methionyl-tRNA synthetase [Marseillevirus LCMAC201]	Marseillevirus LCMAC201	Blastx
SRR22534740	NODE_5482_length_1385_cov_14.008876	76.8	1385	318	0.487421	3.26e-71	acc|GENBANK|AAD44037.1|GENBANK|AF104020|polyprotein [Bovine viral diarrhea virus 2]	Bovine viral diarrhea virus 2	Blastx
SRR22534740	NODE_6886_length_902_cov_8.355581	63.2	902	221	0.773756	4.29e-71	acc|GENBANK|AYV75487.1|GENBANK|MK071979|GTP-binding protein YPTC1 [Terrestrivirus sp.]	Terrestrivirus sp.	Blastx
SRR22534740	NODE_44703_length_664_cov_10.660856	86.8	664	189	0.719577	6.07e-71	acc|REFSEQ|YP_009465730.1|REFSEQ|NC_037057|hypothetical protein [Dishui lake phycodnavirus 1]	Dishui lake phycodnavirus 1	Blastx
SRR22534740	NODE_34747_length_836_cov_8.373599	47.7	836	810	0.341975	7.71e-71	acc|GENBANK|QBK86799.1|GENBANK|MK500336|uncharacterized protein [Marseillevirus LCMAC103]	Marseillevirus LCMAC103	Blastx
SRR22534740	NODE_1565_length_806_cov_17.592497	47.4	806	299	0.846154	8.33e-71	acc|GENBANK|ARF09764.1|GENBANK|KY684087|serine/threonine protein kinase [Indivirus ILV1]	Indivirus ILV1	Blastx
SRR22534740	NODE_7361_length_596_cov_2.989343	60.7	596	776	0.252577	1.34e-70	acc|GENBANK|ABY48135.1|GENBANK|EU306659|beta-D-xylosidase [Medicago truncatula]	Medicago truncatula	Blastx
SRR22534740	NODE_7741_length_1330_cov_7.038551	49.3	1330	411	0.552311	2.06e-70	acc|GENBANK|QBK89188.1|GENBANK|MK500409|uncharacterized protein [Mimivirus LCMiAC02]	Mimivirus LCMiAC02	Blastx
SRR22534740	NODE_39663_length_695_cov_3.540785	53.4	695	706	0.294618	2.09e-70	acc|GENBANK|WGU26822.1|GENBANK|OQ503488|OPT oligopeptide transporter protein [Triticum monococcum]	Triticum monococcum	Blastx
SRR22534740	NODE_41089_length_1044_cov_11.546983	51.3	1044	936	0.289530	2.10e-70	acc|GENBANK|QFG74471.1|GENBANK|MN448288|glycine cleavage system P-protein [Megaviridae environmental sample]	Megaviridae environmental sample	Blastx
SRR22534740	NODE_41147_length_2502_cov_8.818955	38.9	2502	576	0.795139	2.33e-70	acc|GENBANK|QIG59631.1|GENBANK|MN940577|hypothetical protein [Dishui Lake phycodnavirus 2]	Dishui Lake phycodnavirus 2	Blastx
SRR22534740	NODE_1101_length_368_cov_51.701493	86.1	368	258	0.472868	2.77e-70	acc|GENBANK|WMV02893.1|GENBANK|OP630990|alpha-tubulin [Diderma spumarioides]	Diderma spumarioides	Blastx
SRR22534740	NODE_36660_length_1008_cov_8.092308	39.0	1008	719	0.460362	3.60e-70	acc|GENBANK|ATZ80239.1|GENBANK|MF782455|translation initiation factor IF-2 [Bodo saltans virus]	Bodo saltans virus	Blastx
SRR22534740	NODE_44529_length_886_cov_6.817116	46.3	886	925	0.294054	4.24e-70	acc|GENBANK|ABY48139.1|GENBANK|EU306659|NORK [Medicago truncatula]	Medicago truncatula	Blastx
SRR22534740	NODE_38865_length_912_cov_6.778157	43.8	912	257	0.976654	4.42e-70	acc|REFSEQ|YP_007250456.1|REFSEQ|NC_019945|pcna protein [Thysanoplusia orichalcea nucleopolyhedrovirus]	Thysanoplusia orichalcea nucleopolyhedrovirus	Blastx
SRR22534740	NODE_40145_length_547_cov_3.359922	57.5	547	333	0.543544	4.44e-70	acc|REFSEQ|YP_004894736.1|REFSEQ|NC_016072|putative glutamine synthetase [Megavirus chiliensis]	Megavirus chiliensis	Blastx
SRR22534740	NODE_5802_length_790_cov_25.000000	91.9	790	258	0.430233	4.47e-70	acc|GENBANK|WMV02893.1|GENBANK|OP630990|alpha-tubulin [Diderma spumarioides]	Diderma spumarioides	Blastx
SRR22534740	NODE_2214_length_511_cov_16.125523	95.7	511	246	0.471545	4.52e-70	acc|GENBANK|ARF10610.1|GENBANK|KY684104|ubiquitin family protein [Hokovirus HKV1]	Hokovirus HKV1	Blastx
SRR22534740	NODE_37350_length_1529_cov_11.481283	43.3	1529	476	0.684874	4.70e-70	acc|GENBANK|QPI16652.1|GENBANK|MW030591|serine endoprotease [Virus NIOZ-UU159]	Virus NIOZ-UU159	Blastx
SRR22534740	NODE_15204_length_598_cov_12.265487	62.0	598	634	0.302839	9.63e-70	acc|GENBANK|QOI90398.1|GENBANK|MT663536|movement protein Hsp70h [Pyramimonas orientalis virus]	Pyramimonas orientalis virus	Blastx
SRR22534740	NODE_40685_length_1291_cov_6.517488	36.8	1291	644	0.586957	1.21e-69	acc|GENBANK|AGE59534.1|GENBANK|JX997185|potassium transporter [Acanthocystis turfacea Chlorella virus OR0704.3]	Acanthocystis turfacea Chlorella virus OR0704.3	Blastx
SRR22534740	NODE_37628_length_444_cov_26.574209	70.9	444	212	0.698113	1.49e-69	acc|GENBANK|AYV82031.1|GENBANK|MK072334|Ras-like protein Rab-11A [Homavirus sp.]	Homavirus sp.	Blastx
SRR22534740	NODE_42447_length_858_cov_5.016970	43.4	858	299	0.986622	2.50e-69	acc|GENBANK|QRE02559.1|GENBANK|MN545489|hypothetical protein [Otarine gammaherpesvirus 4]	Otarine gammaherpesvirus 4	Blastx
SRR22534740	NODE_37368_length_1040_cov_16.847071	60.5	1040	196	0.994898	2.77e-69	acc|GENBANK|AWA44808.1|GENBANK|MH182523|hypothetical protein [Saccharum officinarum]	Saccharum officinarum	Blastx
SRR22534740	NODE_38879_length_1126_cov_11.704483	69.6	1126	335	0.480597	2.97e-69	acc|GENBANK|ABY48132.1|GENBANK|EU306659|GH1 protein [Medicago truncatula]	Medicago truncatula	Blastx
SRR22534740	NODE_40555_length_690_cov_38.397260	63.5	690	224	0.745536	8.67e-69	acc|GENBANK|QDH89109.1|GENBANK|MN034603|hypothetical protein [Picornavirales sp.]	Picornavirales sp.	Blastx
SRR22534740	NODE_1922_length_376_cov_10855.335277	89.5	376	1960	0.063265	1.47e-68	acc|REFSEQ|YP_009134730.1|REFSEQ|NC_026248|replicase polyprotein [Yam latent virus]	Yam latent virus	Blastx
SRR22534740	NODE_743_length_495_cov_38.692641	96.5	495	228	0.495614	2.80e-68	acc|GENBANK|AAD44039.1|GENBANK|AF104022|polyprotein [Bovine viral diarrhea virus 2]	Bovine viral diarrhea virus 2	Blastx
SRR22534740	NODE_40938_length_817_cov_28.794643	48.0	817	558	0.482079	3.12e-68	acc|GENBANK|QOR60244.1|GENBANK|MK522034|hypothetical protein [Bathycoccus sp. RCC716 virus 1]	Bathycoccus sp. RCC716 virus 1	Blastx
SRR22534740	NODE_2448_length_829_cov_30.383166	44.6	829	815	0.341104	4.17e-68	acc|REFSEQ|YP_010781262.1|REFSEQ|NC_075038|mimivirus elongation factor aef-2 [Tupanvirus deep ocean]	Tupanvirus deep ocean	Blastx
SRR22534740	NODE_42930_length_1307_cov_13.697017	41.2	1307	331	0.842900	4.40e-68	acc|GENBANK|QDY52085.1|GENBANK|MK250087|hypothetical protein [Mimiviridae sp. ChoanoV1]	Mimiviridae sp. ChoanoV1	Blastx
SRR22534740	NODE_6971_length_1191_cov_9.362694	50.9	1191	371	0.576819	6.51e-68	acc|GENBANK|WNO13897.1|GENBANK|OQ968270|capsid protein [Berere partitivirus]	Berere partitivirus	Blastx
SRR22534740	NODE_42152_length_1117_cov_27.411439	46.9	1117	524	0.520992	7.24e-68	acc|REFSEQ|YP_010780396.1|REFSEQ|NC_075038|prolyl-tRNA synthetase [Tupanvirus deep ocean]	Tupanvirus deep ocean	Blastx
SRR22534740	NODE_1640_length_1523_cov_16.869128	45.2	1523	925	0.315676	7.84e-68	acc|GENBANK|ABY48139.1|GENBANK|EU306659|NORK [Medicago truncatula]	Medicago truncatula	Blastx
SRR22534740	NODE_4174_length_2018_cov_30.930479	31.5	2018	498	1.058233	1.01e-67	acc|GENBANK|XHA59766.1|GENBANK|OR863077|thermosome [Poseidoniales virus]	Poseidoniales virus	Blastx
SRR22534740	NODE_2704_length_1052_cov_5.322866	41.2	1052	356	0.797753	1.11e-67	acc|GENBANK|AUF82658.1|GENBANK|KY322437|histidine decarboxylase [Tetraselmis virus 1]	Tetraselmis virus 1	Blastx
SRR22534740	NODE_42087_length_862_cov_6.008444	97.1	862	105	1.000000	1.22e-67	acc|GENBANK|CAO82946.1|GENBANK|AM778053|putative pre-mRNA-splicing factor cwc-22 [Oryza sativa Japonica Group]	Oryza sativa Japonica Group	Blastx
SRR22534740	NODE_35651_length_525_cov_10.014228	59.5	525	212	0.816038	1.42e-67	acc|GENBANK|AYV82031.1|GENBANK|MK072334|Ras-like protein Rab-11A [Homavirus sp.]	Homavirus sp.	Blastx
SRR22534740	NODE_42673_length_2495_cov_5.564175	42.1	2495	480	0.712500	1.44e-67	acc|GENBANK|ASU92288.1|GENBANK|KX759199|kindr F6 [Zea mays]	Zea mays	Blastx
SRR22534740	NODE_42363_length_977_cov_8.419492	53.9	977	423	0.517730	1.57e-67	acc|GENBANK|CAA38181.1|GENBANK|X54284|phosphoglycerate kinase [Trichoderma viride]	Trichoderma viride	Blastx
SRR22534740	NODE_44451_length_1228_cov_12.681172	44.4	1228	299	0.919732	1.75e-67	acc|GENBANK|QBK91775.1|GENBANK|MK500565|mitochondrial carrier-like protein [Pithovirus LCPAC304]	Pithovirus LCPAC304	Blastx
SRR22534740	NODE_17052_length_638_cov_3.008264	75.4	638	759	0.181818	2.72e-67	acc|GENBANK|ACN78962.1|GENBANK|FJ225394|methyltransferase [Glycine max]	Glycine max	Blastx
SRR22534740	NODE_5939_length_1253_cov_32.338525	78.4	1253	213	0.784038	3.28e-67	acc|GENBANK|AAK76585.1|GENBANK|AY045911|putative copia retroelement pol polyprotein [Arabidopsis thaliana]	Arabidopsis thaliana	Blastx
SRR22534740	NODE_6760_length_1320_cov_12.276612	42.2	1320	293	1.027304	3.55e-67	acc|GENBANK|QFG74152.1|GENBANK|MN448281|dihydrodipicolinate synthetase family protein [Megaviridae environmental sample]	Megaviridae environmental sample	Blastx
SRR22534740	NODE_1199_length_874_cov_12.215220	50.0	874	336	0.714286	4.02e-67	acc|GENBANK|QFG74155.1|GENBANK|MN448281|semialdehyde dehydrogenase, dimerization domain [Megaviridae environmental sample]	Megaviridae environmental sample	Blastx
SRR22534740	NODE_43564_length_1701_cov_8.175060	35.3	1701	832	0.524038	5.87e-67	acc|GENBANK|BAD00047.1|GENBANK|AB119282|Fusion protein, Feo [Hepacivirus hominis]	Hepacivirus hominis	Blastx
SRR22534740	NODE_38411_length_737_cov_26.423295	52.8	737	299	0.645485	8.75e-67	acc|GENBANK|UOG94093.1|NEIGHBOR|OM876856|serine threonine-protein phosphatase [Aureococcus anophagefferens virus]	Aureococcus anophagefferens virus	Blastx
SRR22534740	NODE_1678_length_1368_cov_13.970037	50.2	1368	213	1.028169	9.72e-67	acc|GENBANK|XDR79794.1|GENBANK|PQ109088|hypothetical protein [Micromonas commoda virus]	Micromonas commoda virus	Blastx
SRR22534740	NODE_44767_length_1315_cov_8.578783	43.0	1315	925	0.316757	1.04e-66	acc|GENBANK|ABY48139.1|GENBANK|EU306659|NORK [Medicago truncatula]	Medicago truncatula	Blastx
SRR22534740	NODE_37181_length_652_cov_19.465267	61.1	652	564	0.310284	1.60e-66	acc|GENBANK|AWA44801.1|GENBANK|MH182523|ATP-dependent 6-phosphofructokinase [Saccharum officinarum]	Saccharum officinarum	Blastx
SRR22534740	NODE_34827_length_1467_cov_8.817992	32.2	1467	963	0.428868	1.76e-66	acc|GENBANK|QBK89029.1|GENBANK|MK500407|insulinase [Mimivirus LCMiAC02]	Mimivirus LCMiAC02	Blastx
SRR22534740	NODE_37672_length_782_cov_17.339119	63.3	782	564	0.299645	1.94e-66	acc|GENBANK|AWA44801.1|GENBANK|MH182523|ATP-dependent 6-phosphofructokinase [Saccharum officinarum]	Saccharum officinarum	Blastx
SRR22534740	NODE_42006_length_592_cov_7.953488	58.4	592	561	0.351159	2.77e-66	acc|GENBANK|ARF08721.1|GENBANK|KY684083|DNA topoisomerase IB [Catovirus CTV1]	Catovirus CTV1	Blastx
SRR22534740	NODE_41587_length_1899_cov_10.871383	31.3	1899	592	1.059122	3.97e-66	acc|GENBANK|AYV82302.1|GENBANK|MK072358|uncharacterized protein [Homavirus sp.]	Homavirus sp.	Blastx
SRR22534740	NODE_32895_length_1046_cov_6.649556	44.1	1046	588	0.520408	4.10e-66	acc|GENBANK|QOI90522.1|GENBANK|MT663539|hypothetical protein [Pyramimonas orientalis virus]	Pyramimonas orientalis virus	Blastx
SRR22534740	NODE_7064_length_500_cov_56.087794	64.5	500	405	0.409877	5.14e-66	acc|GENBANK|WGU26824.1|GENBANK|OQ503488|eukaryotic initiation factor 4A-III B-like [Triticum monococcum]	Triticum monococcum	Blastx
SRR22534740	NODE_40117_length_1430_cov_11.295634	41.8	1430	925	0.369730	5.84e-66	acc|GENBANK|ABY48139.1|GENBANK|EU306659|NORK [Medicago truncatula]	Medicago truncatula	Blastx
SRR22534740	NODE_18453_length_929_cov_6.231027	41.1	929	482	0.560166	6.37e-66	acc|GENBANK|BBA54297.1|GENBANK|AB898755|gag : akt fusion protein [Feline leukemia virus]	Feline leukemia virus	Blastx
SRR22534740	NODE_41622_length_794_cov_18.357424	44.4	794	579	0.459413	8.46e-66	acc|REFSEQ|YP_010782603.1|REFSEQ|NC_075039|arginyl-tRNA synthetase [Tupanvirus soda lake]	Tupanvirus soda lake	Blastx
SRR22534740	NODE_18072_length_396_cov_1.209366	76.5	396	424	0.311321	8.68e-66	acc|GENBANK|BAA24885.1|GENBANK|AB003364|phytochrome [Adiantum capillus-veneris]	Adiantum capillus-veneris	Blastx
SRR22534740	NODE_39704_length_641_cov_8.077303	84.0	641	189	0.693122	9.29e-66	acc|REFSEQ|YP_009465730.1|REFSEQ|NC_037057|hypothetical protein [Dishui lake phycodnavirus 1]	Dishui lake phycodnavirus 1	Blastx
SRR22534740	NODE_6193_length_1341_cov_16.603976	33.1	1341	590	0.747458	1.10e-65	acc|GENBANK|AYV86827.1|GENBANK|MK072516|CMGC/MAPK protein kinase [Sylvanvirus sp.]	Sylvanvirus sp.	Blastx
SRR22534740	NODE_34600_length_548_cov_11.050485	58.0	548	212	0.830189	1.23e-65	acc|GENBANK|AYV82031.1|GENBANK|MK072334|Ras-like protein Rab-11A [Homavirus sp.]	Homavirus sp.	Blastx
SRR22534740	NODE_4579_length_562_cov_43.928166	58.1	562	897	0.207358	1.49e-65	acc|GENBANK|ABY48136.1|GENBANK|EU306659|glycine-rich protein [Medicago truncatula]	Medicago truncatula	Blastx
SRR22534740	NODE_35485_length_1446_cov_13.294409	38.7	1446	331	0.975831	1.91e-65	acc|GENBANK|QDY52085.1|GENBANK|MK250087|hypothetical protein [Mimiviridae sp. ChoanoV1]	Mimiviridae sp. ChoanoV1	Blastx
SRR22534740	NODE_6221_length_792_cov_10.666667	51.2	792	232	0.900862	1.98e-65	acc|REFSEQ|YP_007003686.1|REFSEQ|NC_019491|thymidylate kinase [Cyprinid herpesvirus 1]	Cyprinid herpesvirus 1	Blastx
SRR22534740	NODE_43810_length_1558_cov_3.291803	38.8	1558	678	0.588496	2.08e-65	acc|GENBANK|CCQ71325.1|GENBANK|HF586476|hypothetical kinesin-like protein KIF3 [Cotesia congregata]	Cotesia congregata	Blastx
SRR22534740	NODE_6833_length_1850_cov_8.712713	39.0	1850	925	0.388108	2.84e-65	acc|GENBANK|ABY48139.1|GENBANK|EU306659|NORK [Medicago truncatula]	Medicago truncatula	Blastx
SRR22534740	NODE_2986_length_598_cov_3.571681	59.1	598	177	0.966102	3.05e-65	acc|GENBANK|ABK32208.1|GENBANK|DQ890165|VRN3 [Triticum aestivum]	Triticum aestivum	Blastx
SRR22534740	NODE_40906_length_861_cov_8.088164	53.6	861	1715	0.144606	3.31e-65	acc|GENBANK|WDS48439.1|GENBANK|ON798805|essential for potexvirus accumulation 1 [Solanum tuberosum]	Solanum tuberosum	Blastx
SRR22534740	NODE_42523_length_559_cov_5.547529	57.2	559	399	0.416040	3.78e-65	acc|GENBANK|AYV76711.1|GENBANK|MK071990|hypothetical protein [Terrestrivirus sp.]	Terrestrivirus sp.	Blastx
SRR22534740	NODE_315_length_709_cov_14.536982	48.4	709	299	0.752508	5.79e-65	acc|GENBANK|ARF09764.1|GENBANK|KY684087|serine/threonine protein kinase [Indivirus ILV1]	Indivirus ILV1	Blastx
SRR22534740	NODE_6793_length_1767_cov_8.717993	36.7	1767	388	0.855670	6.04e-65	acc|GENBANK|CCQ71327.1|GENBANK|HF586476|hypothetical protein kinase Pka-C1 [Cotesia congregata]	Cotesia congregata	Blastx
SRR22534740	NODE_16084_length_608_cov_6.283478	92.0	608	518	0.216216	7.93e-65	acc|GENBANK|ABY48142.1|GENBANK|EU306659|serine-hydroxymethyltransferase [Medicago truncatula]	Medicago truncatula	Blastx
SRR22534740	NODE_16352_length_563_cov_3.788679	69.2	563	631	0.247227	1.12e-64	acc|GENBANK|AWA44806.1|GENBANK|MH182523|hypothetical protein [Saccharum officinarum]	Saccharum officinarum	Blastx
SRR22534740	NODE_15572_length_434_cov_2.578554	70.8	434	631	0.228209	1.13e-64	acc|GENBANK|AWA44806.1|GENBANK|MH182523|hypothetical protein [Saccharum officinarum]	Saccharum officinarum	Blastx
SRR22534740	NODE_27722_length_1055_cov_11.723092	41.8	1055	371	0.773585	1.20e-64	acc|GENBANK|WNO13897.1|GENBANK|OQ968270|capsid protein [Berere partitivirus]	Berere partitivirus	Blastx
SRR22534740	NODE_560_length_464_cov_39.176334	63.0	464	361	0.426593	1.26e-64	acc|GENBANK|AGE50332.1|GENBANK|JX997158|agmatine deiminase [Acanthocystis turfacea Chlorella virus Canal-1]	Acanthocystis turfacea Chlorella virus Canal-1	Blastx
SRR22534740	NODE_767_length_750_cov_267.569038	64.7	750	148	0.939189	2.12e-64	acc|GENBANK|QBK87822.1|GENBANK|MK500370|ubiquitin-conjugating enzyme E2 [Marseillevirus LCMAC202]	Marseillevirus LCMAC202	Blastx
SRR22534740	NODE_40114_length_931_cov_14.646993	38.2	931	447	0.680089	2.38e-64	acc|REFSEQ|NP_077596.1|REFSEQ|NC_002687|serine-threonine kinase [Ectocarpus siliculosus virus 1]	Ectocarpus siliculosus virus 1	Blastx
SRR22534740	NODE_43799_length_604_cov_41.376532	56.8	604	819	0.242979	2.96e-64	acc|GENBANK|QKF94107.1|GENBANK|MT418680|eukaryotic translation elongation factor 2 [Fadolivirus FV1/VV64]	Fadolivirus FV1/VV64	Blastx
SRR22534740	NODE_42428_length_879_cov_6.401891	64.2	879	364	0.445055	3.37e-64	acc|GENBANK|ADB85405.1|GENBANK|GQ252886|putative protein kinase [Phyllostachys edulis]	Phyllostachys edulis	Blastx
SRR22534740	NODE_43547_length_1444_cov_24.019135	47.2	1444	371	0.663073	6.32e-64	acc|GENBANK|WNO13897.1|GENBANK|OQ968270|capsid protein [Berere partitivirus]	Berere partitivirus	Blastx
SRR22534740	NODE_38259_length_704_cov_23.451565	62.6	704	148	0.993243	6.93e-64	acc|GENBANK|QBK87822.1|GENBANK|MK500370|ubiquitin-conjugating enzyme E2 [Marseillevirus LCMAC202]	Marseillevirus LCMAC202	Blastx
SRR22534740	NODE_872_length_424_cov_90.028133	64.0	424	148	0.939189	6.97e-64	acc|GENBANK|QBK87822.1|GENBANK|MK500370|ubiquitin-conjugating enzyme E2 [Marseillevirus LCMAC202]	Marseillevirus LCMAC202	Blastx
SRR22534740	NODE_6633_length_1290_cov_14.809069	40.1	1290	417	0.736211	7.77e-64	acc|GENBANK|QBK89261.1|GENBANK|MK500411|DEAD/SNF2-like helicase [Mimivirus LCMiAC02]	Mimivirus LCMiAC02	Blastx
SRR22534740	NODE_43752_length_1571_cov_8.520806	36.9	1571	447	0.702461	9.16e-64	acc|REFSEQ|NP_077596.1|REFSEQ|NC_002687|serine-threonine kinase [Ectocarpus siliculosus virus 1]	Ectocarpus siliculosus virus 1	Blastx
SRR22534740	NODE_31242_length_733_cov_7.064286	43.4	733	257	0.949416	9.88e-64	acc|REFSEQ|YP_007250456.1|REFSEQ|NC_019945|pcna protein [Thysanoplusia orichalcea nucleopolyhedrovirus]	Thysanoplusia orichalcea nucleopolyhedrovirus	Blastx
SRR22534740	NODE_8285_length_675_cov_99.479751	55.9	675	638	0.330721	1.03e-63	acc|REFSEQ|YP_004894551.1|REFSEQ|NC_016072|heat shock 70 kDa protein-like protein [Megavirus chiliensis]	Megavirus chiliensis	Blastx
SRR22534740	NODE_534_length_1076_cov_25.147651	57.1	1076	206	0.927184	1.04e-63	acc|GENBANK|AYV76278.1|GENBANK|MK071983|hypothetical protein [Terrestrivirus sp.]	Terrestrivirus sp.	Blastx
SRR22534740	NODE_5707_length_435_cov_1.248756	73.6	435	1472	0.097826	1.24e-63	acc|GENBANK|AAL68641.1|GENBANK|AF458765|polyprotein [Oryza sativa Japonica Group]	Oryza sativa Japonica Group	Blastx
SRR22534740	NODE_3027_length_869_cov_3.183014	57.1	869	206	0.927184	1.31e-63	acc|GENBANK|AYV76278.1|GENBANK|MK071983|hypothetical protein [Terrestrivirus sp.]	Terrestrivirus sp.	Blastx
SRR22534740	NODE_41968_length_1960_cov_7.699533	42.9	1960	925	0.337297	1.50e-63	acc|GENBANK|ABY48139.1|GENBANK|EU306659|NORK [Medicago truncatula]	Medicago truncatula	Blastx
SRR22534740	NODE_40783_length_1148_cov_5.324664	44.1	1148	925	0.282162	1.64e-63	acc|GENBANK|ABY48139.1|GENBANK|EU306659|NORK [Medicago truncatula]	Medicago truncatula	Blastx
SRR22534740	NODE_1554_length_1197_cov_6.947595	34.1	1197	484	0.830579	1.70e-63	acc|GENBANK|AYV77733.1|GENBANK|MK072066|CYP86A7 [Edafosvirus sp.]	Edafosvirus sp.	Blastx
SRR22534740	NODE_6618_length_798_cov_47.488889	55.4	798	574	0.336237	1.86e-63	acc|GENBANK|QBK92332.1|GENBANK|MK500574|translation initiation factor [Pithovirus LCPAC304]	Pithovirus LCPAC304	Blastx
SRR22534740	NODE_3373_length_884_cov_12.941246	54.5	884	182	1.049451	2.02e-63	acc|REFSEQ|YP_009163818.1|REFSEQ|NC_027778|ORF_057R [Scale drop disease virus]	Scale drop disease virus	Blastx
SRR22534740	NODE_1957_length_542_cov_14863.946955	95.1	542	229	0.449782	2.60e-63	acc|REFSEQ|YP_009116869.1|REFSEQ|NC_026248|triple gene block protein 1 [Yam latent virus]	Yam latent virus	Blastx
SRR22534740	NODE_6873_length_1414_cov_12.633599	60.2	1414	212	0.783019	2.67e-63	acc|GENBANK|AYV82031.1|GENBANK|MK072334|Ras-like protein Rab-11A [Homavirus sp.]	Homavirus sp.	Blastx
SRR22534740	NODE_13982_length_737_cov_4.375000	47.2	737	925	0.265946	4.20e-63	acc|GENBANK|ABY48139.1|GENBANK|EU306659|NORK [Medicago truncatula]	Medicago truncatula	Blastx
SRR22534740	NODE_1409_length_795_cov_4.745407	55.7	795	182	0.967033	4.36e-63	acc|GENBANK|AYP74189.1|GENBANK|MG702259|HAL3-like domain protein [Fowlpox virus]	Fowlpox virus	Blastx
SRR22534740	NODE_40825_length_368_cov_5.838806	70.5	368	236	0.516949	5.43e-63	acc|GENBANK|UKS51800.1|GENBANK|OK336705|laccase [Allium cepa]	Allium cepa	Blastx
SRR22534740	NODE_41233_length_1517_cov_5.863208	33.6	1517	405	0.948148	5.78e-63	acc|GENBANK|WGU26824.1|GENBANK|OQ503488|eukaryotic initiation factor 4A-III B-like [Triticum monococcum]	Triticum monococcum	Blastx
SRR22534740	NODE_43744_length_1746_cov_7.182137	43.7	1746	925	0.309189	7.51e-63	acc|GENBANK|ABY48139.1|GENBANK|EU306659|NORK [Medicago truncatula]	Medicago truncatula	Blastx
SRR22534740	NODE_38228_length_877_cov_14.387441	53.4	877	182	1.049451	7.62e-63	acc|REFSEQ|YP_009163818.1|REFSEQ|NC_027778|ORF_057R [Scale drop disease virus]	Scale drop disease virus	Blastx
SRR22534740	NODE_6144_length_904_cov_16.654420	56.0	904	206	0.927184	7.82e-63	acc|GENBANK|AYV76278.1|GENBANK|MK071983|hypothetical protein [Terrestrivirus sp.]	Terrestrivirus sp.	Blastx
SRR22534740	NODE_5057_length_645_cov_6.367647	51.5	645	759	0.263505	8.99e-63	acc|GENBANK|ACN78962.1|GENBANK|FJ225394|methyltransferase [Glycine max]	Glycine max	Blastx
SRR22534740	NODE_6824_length_1535_cov_10.738349	48.1	1535	331	0.703927	9.21e-63	acc|GENBANK|QBK88606.1|GENBANK|MK500393|serine/threonine protein kinase [Mimivirus LCMiAC01]	Mimivirus LCMiAC01	Blastx
SRR22534740	NODE_3851_length_1730_cov_13.827932	31.7	1730	696	0.620690	1.13e-62	acc|GENBANK|CAK7597190.1|GENBANK|OZ003748|P-loop containing nucleoside triphosphate [Catovirus sp. 'naegleriensis']	Catovirus sp. 'naegleriensis'	Blastx
SRR22534740	NODE_4032_length_1123_cov_20.484404	36.8	1123	258	1.000000	1.22e-62	acc|GENBANK|WMV02893.1|GENBANK|OP630990|alpha-tubulin [Diderma spumarioides]	Diderma spumarioides	Blastx
SRR22534740	NODE_33692_length_2038_cov_4.590025	35.9	2038	737	0.624152	1.43e-62	acc|GENBANK|CCQ71381.1|GENBANK|HF586479|hypothetical cystein protease Calpain-B [Cotesia congregata]	Cotesia congregata	Blastx
SRR22534740	NODE_43190_length_1166_cov_5.641659	40.0	1166	678	0.538348	1.61e-62	acc|GENBANK|CCQ71325.1|GENBANK|HF586476|hypothetical kinesin-like protein KIF3 [Cotesia congregata]	Cotesia congregata	Blastx
SRR22534740	NODE_39997_length_1706_cov_18.030484	33.3	1706	590	0.744068	1.83e-62	acc|GENBANK|AYV86827.1|GENBANK|MK072516|CMGC/MAPK protein kinase [Sylvanvirus sp.]	Sylvanvirus sp.	Blastx
SRR22534740	NODE_3052_length_658_cov_2.684800	52.1	658	496	0.387097	2.15e-62	acc|GENBANK|ACN78958.1|GENBANK|FJ225394|dehydration responsive protein [Glycine max]	Glycine max	Blastx
SRR22534740	NODE_44534_length_1820_cov_8.264689	36.7	1820	447	0.700224	2.32e-62	acc|REFSEQ|NP_077596.1|REFSEQ|NC_002687|serine-threonine kinase [Ectocarpus siliculosus virus 1]	Ectocarpus siliculosus virus 1	Blastx
SRR22534740	NODE_973_length_996_cov_44.174455	46.2	996	276	0.862319	2.34e-62	acc|GENBANK|ACG38448.1|GENBANK|EU966330|retrotransposon protein Ty1-copia subclass [Zea mays]	Zea mays	Blastx
SRR22534740	NODE_6578_length_2899_cov_17.502791	33.0	2899	853	0.586166	3.10e-62	acc|GENBANK|AYV80038.1|GENBANK|MK072204|AAA family ATPase [Gaeavirus sp.]	Gaeavirus sp.	Blastx
SRR22534740	NODE_33725_length_2515_cov_6.917405	45.2	2515	925	0.323243	3.77e-62	acc|GENBANK|ABY48139.1|GENBANK|EU306659|NORK [Medicago truncatula]	Medicago truncatula	Blastx
SRR22534740	NODE_39031_length_920_cov_4.375423	45.2	920	358	0.667598	3.87e-62	acc|GENBANK|ARF09647.1|GENBANK|KY684086|replication factor C small subunit [Indivirus ILV1]	Indivirus ILV1	Blastx
SRR22534740	NODE_36505_length_1342_cov_9.069519	39.6	1342	925	0.338378	3.96e-62	acc|GENBANK|ABY48139.1|GENBANK|EU306659|NORK [Medicago truncatula]	Medicago truncatula	Blastx
SRR22534740	NODE_42132_length_1227_cov_12.949749	40.0	1227	623	0.577849	4.29e-62	acc|GENBANK|BAL14837.1|GENBANK|AB682995|endo-1,4-b-D-glucanase [Oryza sativa Japonica Group]	Oryza sativa Japonica Group	Blastx
SRR22534740	NODE_26539_length_1175_cov_3.266200	42.2	1175	925	0.320000	5.37e-62	acc|GENBANK|ABY48139.1|GENBANK|EU306659|NORK [Medicago truncatula]	Medicago truncatula	Blastx
SRR22534740	NODE_12611_length_593_cov_9.801786	54.4	593	620	0.290323	5.82e-62	acc|GENBANK|USH99765.1|GENBANK|ON752135|putative retrotransposon protein, Ty3-gypsy [Oryza sativa Japonica Group]	Oryza sativa Japonica Group	Blastx
SRR22534740	NODE_3196_length_643_cov_22.791803	74.1	643	642	0.228972	5.84e-62	acc|GENBANK|AYV79242.1|GENBANK|MK072137|heat shock protein [Faunusvirus sp.]	Faunusvirus sp.	Blastx
SRR22534740	NODE_1740_length_2085_cov_17.614522	33.3	2085	589	0.740238	6.49e-62	acc|GENBANK|XKM50678.1|GENBANK|PQ442278|hypothetical protein [Ostreococcus tauri virus 19-T2]	Ostreococcus tauri virus 19-T2	Blastx
SRR22534740	NODE_18864_length_1589_cov_5.776992	30.1	1589	1468	0.388965	8.47e-62	acc|GENBANK|QDY51984.1|GENBANK|MK250086|RNA polymerase Rpb1, domain 5 [Mimiviridae sp. ChoanoV1]	Mimiviridae sp. ChoanoV1	Blastx
SRR22534740	NODE_30209_length_955_cov_6.304772	42.9	955	269	0.962825	9.68e-62	acc|GENBANK|ACG35536.1|GENBANK|EU963418|retrotransposon protein [Zea mays]	Zea mays	Blastx
SRR22534740	NODE_40871_length_710_cov_28.827179	47.9	710	1095	0.217352	9.80e-62	acc|GENBANK|QKF93725.1|GENBANK|MT418680|isoleucyl-tRNA synthetase [Fadolivirus FV1/VV64]	Fadolivirus FV1/VV64	Blastx
SRR22534740	NODE_35974_length_1798_cov_7.946176	43.4	1798	925	0.303784	1.01e-61	acc|GENBANK|ABY48139.1|GENBANK|EU306659|NORK [Medicago truncatula]	Medicago truncatula	Blastx
SRR22534740	NODE_38776_length_1072_cov_6.253128	43.1	1072	832	0.373798	1.02e-61	acc|GENBANK|BAD00047.1|GENBANK|AB119282|Fusion protein, Feo [Hepacivirus hominis]	Hepacivirus hominis	Blastx
SRR22534740	NODE_23_length_896_cov_11.536501	38.4	896	1624	0.177956	1.07e-61	acc|GENBANK|WBF70410.1|GENBANK|OP925046|endo-type 6-aminohexanoate oligomer hydrolase [Megavirus caiporensis]	Megavirus caiporensis	Blastx
SRR22534740	NODE_6424_length_1141_cov_16.700361	76.2	1141	212	0.594340	1.08e-61	acc|GENBANK|AYV82031.1|GENBANK|MK072334|Ras-like protein Rab-11A [Homavirus sp.]	Homavirus sp.	Blastx
SRR22534740	NODE_6235_length_890_cov_19.549592	39.4	890	411	0.722628	1.14e-61	acc|GENBANK|QFG74726.1|GENBANK|MN448290|glutamate/leucine/phenylalanine/valine [Megaviridae environmental sample]	Megaviridae environmental sample	Blastx
SRR22534740	NODE_35876_length_550_cov_10.750484	54.4	550	309	0.588997	1.31e-61	acc|GENBANK|QBK88205.1|GENBANK|MK500378|tryptophanyl-tRNA synthetase [Marseillevirus LCMAC202]	Marseillevirus LCMAC202	Blastx
SRR22534740	NODE_6808_length_1191_cov_6.892919	55.8	1191	206	0.922330	2.06e-61	acc|GENBANK|AYV76278.1|GENBANK|MK071983|hypothetical protein [Terrestrivirus sp.]	Terrestrivirus sp.	Blastx
SRR22534740	NODE_42849_length_1123_cov_3.238532	40.7	1123	496	0.500000	2.43e-61	acc|GENBANK|ACN78958.1|GENBANK|FJ225394|dehydration responsive protein [Glycine max]	Glycine max	Blastx
SRR22534740	NODE_1897_length_2780_cov_15.611576	27.1	2780	702	0.819088	3.11e-61	acc|GENBANK|ARF12034.1|GENBANK|KY684110|copper amine oxidase [Klosneuvirus KNV1]	Klosneuvirus KNV1	Blastx
SRR22534740	NODE_437_length_918_cov_8.684746	36.1	918	447	0.700224	3.87e-61	acc|REFSEQ|NP_077596.1|REFSEQ|NC_002687|serine-threonine kinase [Ectocarpus siliculosus virus 1]	Ectocarpus siliculosus virus 1	Blastx
SRR22534740	NODE_1444_length_1494_cov_8.114305	35.6	1494	478	0.757322	4.50e-61	acc|GENBANK|AAK84479.1|GENBANK|AF275345|putative auxin growth promotor protein [Solanum lycopersicum]	Solanum lycopersicum	Blastx
SRR22534740	NODE_40087_length_1024_cov_3.313824	45.4	1024	299	0.979933	4.87e-61	acc|GENBANK|QRE02559.1|GENBANK|MN545489|hypothetical protein [Otarine gammaherpesvirus 4]	Otarine gammaherpesvirus 4	Blastx
SRR22534740	NODE_9293_length_1153_cov_6.278571	42.0	1153	925	0.305946	5.66e-61	acc|GENBANK|ABY48139.1|GENBANK|EU306659|NORK [Medicago truncatula]	Medicago truncatula	Blastx
SRR22534740	NODE_8496_length_318_cov_18781.957895	91.3	318	229	0.454148	6.11e-61	acc|REFSEQ|YP_009116869.1|REFSEQ|NC_026248|triple gene block protein 1 [Yam latent virus]	Yam latent virus	Blastx
SRR22534740	NODE_42110_length_1079_cov_10.774379	44.2	1079	428	0.581776	9.14e-61	acc|REFSEQ|YP_010781331.1|REFSEQ|NC_075039|translation initiation factor 2 gamma subunit [Tupanvirus soda lake]	Tupanvirus soda lake	Blastx
SRR22534740	NODE_11551_length_515_cov_2.867220	66.5	515	265	0.596226	1.48e-60	acc|GENBANK|AAG09811.1|GENBANK|AF275345|MADS-box transcription factor JOINTLESS [Solanum lycopersicum]	Solanum lycopersicum	Blastx
SRR22534740	NODE_35350_length_785_cov_11.714096	48.6	785	333	0.642643	1.51e-60	acc|REFSEQ|YP_010780954.1|REFSEQ|NC_075038|UDP-glucose 4-epimerase GalE [Tupanvirus deep ocean]	Tupanvirus deep ocean	Blastx
SRR22534740	NODE_451_length_1836_cov_34.752080	37.3	1836	405	0.874074	1.85e-60	acc|GENBANK|WGU26824.1|GENBANK|OQ503488|eukaryotic initiation factor 4A-III B-like [Triticum monococcum]	Triticum monococcum	Blastx
SRR22534740	NODE_23040_length_288_cov_4.603922	94.6	288	113	0.814159	1.92e-60	acc|GENBANK|QDH76139.1|GENBANK|MK948414|putative gag protein [Porcine endogenous retrovirus]	Porcine endogenous retrovirus	Blastx
SRR22534740	NODE_39361_length_1570_cov_10.809369	41.2	1570	925	0.336216	1.97e-60	acc|GENBANK|ABY48139.1|GENBANK|EU306659|NORK [Medicago truncatula]	Medicago truncatula	Blastx
SRR22534740	NODE_32609_length_771_cov_6.514905	51.6	771	497	0.386318	2.58e-60	acc|GENBANK|CCQ71326.1|GENBANK|HF586476|hypothetical Pro-X carboxypeptidase-like protein [Cotesia congregata]	Cotesia congregata	Blastx
SRR22534740	NODE_39376_length_907_cov_8.791762	37.8	907	493	0.590264	2.76e-60	acc|GENBANK|QFG73603.1|GENBANK|MN448266|peptidase family M41 [Megaviridae environmental sample]	Megaviridae environmental sample	Blastx
SRR22534740	NODE_42540_length_1488_cov_9.084536	55.1	1488	423	0.484634	3.22e-60	acc|GENBANK|CAA38181.1|GENBANK|X54284|phosphoglycerate kinase [Trichoderma viride]	Trichoderma viride	Blastx
SRR22534740	NODE_15178_length_321_cov_4.159722	96.0	321	228	0.442982	3.54e-60	acc|GENBANK|AAD44039.1|GENBANK|AF104022|polyprotein [Bovine viral diarrhea virus 2]	Bovine viral diarrhea virus 2	Blastx
SRR22534740	NODE_36813_length_1012_cov_6.153218	40.4	1012	327	0.871560	3.83e-60	acc|GENBANK|QFG73901.1|GENBANK|MN448274|papain family cysteine protease [Megaviridae environmental sample]	Megaviridae environmental sample	Blastx
SRR22534740	NODE_29896_length_515_cov_3.230290	65.3	515	787	0.182973	6.56e-60	acc|GENBANK|ADB85413.1|GENBANK|GQ252886|putative endonuclease [Phyllostachys edulis]	Phyllostachys edulis	Blastx
SRR22534740	NODE_5966_length_958_cov_9.523243	37.2	958	465	0.763441	6.99e-60	acc|REFSEQ|YP_004895145.1|REFSEQ|NC_016072|2-aminooxy adenylosuccinate synthetase [Megavirus chiliensis]	Megavirus chiliensis	Blastx
SRR22534740	NODE_16258_length_421_cov_2.365979	68.1	421	478	0.294979	1.03e-59	acc|GENBANK|AAK84479.1|GENBANK|AF275345|putative auxin growth promotor protein [Solanum lycopersicum]	Solanum lycopersicum	Blastx
SRR22534740	NODE_26747_length_1486_cov_7.074329	35.0	1486	657	0.683409	1.14e-59	acc|GENBANK|QPB44529.1|GENBANK|MW018138|replication factor C large subunit [Medusavirus stheno T3]	Medusavirus stheno T3	Blastx
SRR22534740	NODE_19722_length_963_cov_4.793548	39.4	963	324	1.009259	1.19e-59	acc|REFSEQ|NP_077672.1|REFSEQ|NC_002687|EsV-1-187 [Ectocarpus siliculosus virus 1]	Ectocarpus siliculosus virus 1	Blastx
SRR22534740	NODE_6516_length_1273_cov_6.164516	33.8	1273	405	0.977778	1.30e-59	acc|GENBANK|WGU26824.1|GENBANK|OQ503488|eukaryotic initiation factor 4A-III B-like [Triticum monococcum]	Triticum monococcum	Blastx
SRR22534740	NODE_35059_length_794_cov_9.837057	42.4	794	1161	0.227390	1.32e-59	acc|GENBANK|AAP06788.1|GENBANK|AY234827|phytochrome B1 apoprotein [Zea mays]	Zea mays	Blastx
SRR22534740	NODE_37856_length_1738_cov_15.198827	47.1	1738	480	0.547917	1.64e-59	acc|GENBANK|ASU92288.1|GENBANK|KX759199|kindr F6 [Zea mays]	Zea mays	Blastx
SRR22534740	NODE_42279_length_1071_cov_7.642582	38.0	1071	660	0.503030	1.90e-59	acc|REFSEQ|YP_001425742.1|REFSEQ|NC_008603|hypothetical protein [Paramecium bursaria Chlorella virus FR483]	Paramecium bursaria Chlorella virus FR483	Blastx
SRR22534740	NODE_2714_length_508_cov_41.764211	77.5	508	112	0.991071	2.39e-59	acc|GENBANK|QDH87640.1|GENBANK|MN033519|hypothetical protein [Mitovirus sp.]	Mitovirus sp.	Blastx
SRR22534740	NODE_4107_length_519_cov_85.666667	65.0	519	214	0.654206	3.12e-59	acc|GENBANK|UZE89726.1|GENBANK|ON704650|hypothetical protein [Parapoynx stagnalis nucleopolyhedrovirus]	Parapoynx stagnalis nucleopolyhedrovirus	Blastx
SRR22534740	NODE_16062_length_473_cov_5.847727	65.7	473	604	0.279801	4.35e-59	acc|GENBANK|AAK84484.1|GENBANK|AF275345|TH65-like protein [Solanum lycopersicum]	Solanum lycopersicum	Blastx
SRR22534740	NODE_3063_length_1300_cov_24.213102	37.2	1300	459	0.697168	4.48e-59	acc|GENBANK|BBI30359.1|GENBANK|AP018495|beta-galactosidase [Acanthamoeba castellanii medusavirus J1]	Acanthamoeba castellanii medusavirus J1	Blastx
SRR22534740	NODE_11724_length_685_cov_2.949387	74.2	685	352	0.340909	5.09e-59	acc|GENBANK|WGU26813.1|GENBANK|OQ503488|hypothetical protein [Triticum monococcum]	Triticum monococcum	Blastx
SRR22534740	NODE_24862_length_762_cov_4.043896	68.3	762	382	0.321990	7.03e-59	acc|GENBANK|AAB31930.2|GENBANK|S74099|v-myb product [Avian myeloblastosis virus]	Avian myeloblastosis virus	Blastx
SRR22534740	NODE_11454_length_361_cov_2.115854	85.7	361	1298	0.091680	7.93e-59	acc|GENBANK|BAD34493.1|GENBANK|AB162659|Gag-Pol [Ipomoea batatas]	Ipomoea batatas	Blastx
SRR22534740	NODE_4909_length_1145_cov_8.089928	57.3	1145	191	0.895288	8.00e-59	acc|GENBANK|AAK16153.1|GENBANK|AF326577|anthocyanin regulatory B protein [Zea mays]	Zea mays	Blastx
SRR22534740	NODE_27575_length_299_cov_1.375940	89.8	299	258	0.379845	1.03e-58	acc|GENBANK|WMV02893.1|GENBANK|OP630990|alpha-tubulin [Diderma spumarioides]	Diderma spumarioides	Blastx
SRR22534740	NODE_41594_length_722_cov_7.309144	48.5	722	925	0.247568	1.05e-58	acc|GENBANK|ABY48139.1|GENBANK|EU306659|NORK [Medicago truncatula]	Medicago truncatula	Blastx
SRR22534740	NODE_19652_length_504_cov_1.715499	54.7	504	353	0.481586	1.28e-58	acc|GENBANK|WGU26821.1|GENBANK|OQ503488|S-acyltransferase 11-like protein [Triticum monococcum]	Triticum monococcum	Blastx
SRR22534740	NODE_40989_length_1432_cov_3.321658	38.4	1432	925	0.472432	2.54e-58	acc|GENBANK|ABY48139.1|GENBANK|EU306659|NORK [Medicago truncatula]	Medicago truncatula	Blastx
SRR22534740	NODE_4428_length_1135_cov_25.001815	34.6	1135	600	0.645000	3.55e-58	acc|GENBANK|QDY52168.1|GENBANK|MK250088|thiamine pyrophosphate enzyme, N-terminal TPP [Mimiviridae sp. ChoanoV1]	Mimiviridae sp. ChoanoV1	Blastx
SRR22534740	NODE_597_length_1412_cov_11.633067	34.3	1412	403	0.925558	4.41e-58	acc|GENBANK|AYV82314.1|GENBANK|MK072360|translation initiation factor 4A-III [Homavirus sp.]	Homavirus sp.	Blastx
SRR22534740	NODE_40272_length_439_cov_2.768473	77.0	439	912	0.138158	4.80e-58	acc|GENBANK|ACX48824.1|GENBANK|GQ923937|chromomethylase [Zea mays]	Zea mays	Blastx
SRR22534740	NODE_35704_length_1222_cov_6.026913	38.3	1222	522	0.670498	4.84e-58	acc|GENBANK|QPI16279.1|GENBANK|MW030549|hypothetical protein [Virus NIOZ-UU157]	Virus NIOZ-UU157	Blastx
SRR22534740	NODE_842_length_1652_cov_13.531192	41.1	1652	1618	0.162546	5.20e-58	acc|GENBANK|AVL95162.1|GENBANK|MG807320|putative serine/threonine protein kinase [Moumouvirus australiensis]	Moumouvirus australiensis	Blastx
SRR22534740	NODE_35831_length_1438_cov_7.610676	38.1	1438	302	0.947020	5.24e-58	acc|GENBANK|QKF93533.1|GENBANK|MT418680|pyruvate carboxyltransferase [Fadolivirus FV1/VV64]	Fadolivirus FV1/VV64	Blastx
SRR22534740	NODE_35185_length_795_cov_13.820210	42.5	795	269	0.962825	5.54e-58	acc|GENBANK|ACG35536.1|GENBANK|EU963418|retrotransposon protein [Zea mays]	Zea mays	Blastx
SRR22534740	NODE_38490_length_1093_cov_32.117925	34.9	1093	447	0.704698	7.70e-58	acc|REFSEQ|NP_077596.1|REFSEQ|NC_002687|serine-threonine kinase [Ectocarpus siliculosus virus 1]	Ectocarpus siliculosus virus 1	Blastx
SRR22534740	NODE_38194_length_681_cov_21.958333	50.2	681	423	0.541371	1.19e-57	acc|GENBANK|CAA38181.1|GENBANK|X54284|phosphoglycerate kinase [Trichoderma viride]	Trichoderma viride	Blastx
SRR22534740	NODE_4938_length_2373_cov_16.500427	30.1	2373	498	1.028112	1.29e-57	acc|GENBANK|XHA59766.1|GENBANK|OR863077|thermosome [Poseidoniales virus]	Poseidoniales virus	Blastx
SRR22534740	NODE_6932_length_844_cov_17.143033	76.0	844	122	0.991803	1.70e-57	acc|GENBANK|AAL66932.1|GENBANK|AY072517|copia-like retroelement pol polyprotein [Arabidopsis thaliana]	Arabidopsis thaliana	Blastx
SRR22534740	NODE_278_length_2433_cov_12.451250	39.3	2433	678	0.551622	1.71e-57	acc|GENBANK|CCQ71325.1|GENBANK|HF586476|hypothetical kinesin-like protein KIF3 [Cotesia congregata]	Cotesia congregata	Blastx
SRR22534740	NODE_6275_length_2127_cov_13.665712	35.5	2127	396	0.952020	2.28e-57	acc|GENBANK|QBK92180.1|GENBANK|MK500568|DEAD/DEAH box helicase [Pithovirus LCPAC304]	Pithovirus LCPAC304	Blastx
SRR22534740	NODE_3812_length_3542_cov_8.971217	36.5	3542	876	0.388128	2.36e-57	acc|GENBANK|AYV76365.1|GENBANK|MK071983|DEXDc helicase [Terrestrivirus sp.]	Terrestrivirus sp.	Blastx
SRR22534740	NODE_3815_length_1577_cov_9.490285	46.3	1577	371	0.622642	2.73e-57	acc|GENBANK|WNO13897.1|GENBANK|OQ968270|capsid protein [Berere partitivirus]	Berere partitivirus	Blastx
SRR22534740	NODE_2787_length_1945_cov_12.438285	31.6	1945	403	0.935484	3.72e-57	acc|GENBANK|AYV82314.1|GENBANK|MK072360|translation initiation factor 4A-III [Homavirus sp.]	Homavirus sp.	Blastx
SRR22534740	NODE_41141_length_464_cov_33.392111	59.1	464	361	0.426593	4.14e-57	acc|GENBANK|AGE50332.1|GENBANK|JX997158|agmatine deiminase [Acanthocystis turfacea Chlorella virus Canal-1]	Acanthocystis turfacea Chlorella virus Canal-1	Blastx
SRR22534740	NODE_39310_length_850_cov_16.877601	49.5	850	197	0.984772	5.00e-57	acc|REFSEQ|YP_009449015.1|REFSEQ|NC_036594|GTP ras-related protein Rac1 [Orpheovirus IHUMI-LCC2]	Orpheovirus IHUMI-LCC2	Blastx
SRR22534740	NODE_1086_length_340_cov_43.130293	83.2	340	461	0.245119	6.27e-57	acc|GENBANK|AAL14456.1|GENBANK|AF397036|heat shock protein Hsc70t [Mus musculus]	Mus musculus	Blastx
SRR22534740	NODE_172_length_616_cov_4.758148	48.0	616	1339	0.168036	1.42e-56	acc|GENBANK|CAA43287.1|GENBANK|X60951|DNA-directed DNA polymerase [Trypanosoma brucei]	Trypanosoma brucei	Blastx
SRR22534740	NODE_1065_length_681_cov_15.814815	53.6	681	212	0.792453	1.95e-56	acc|GENBANK|AYV82031.1|GENBANK|MK072334|Ras-like protein Rab-11A [Homavirus sp.]	Homavirus sp.	Blastx
SRR22534740	NODE_41879_length_642_cov_18.852217	51.1	642	477	0.398323	1.98e-56	acc|GENBANK|AYV78014.1|GENBANK|MK072068|elongation factor 1 alpha long form [Edafosvirus sp.]	Edafosvirus sp.	Blastx
SRR22534740	NODE_5264_length_1666_cov_15.464789	42.5	1666	1573	0.164654	2.15e-56	acc|REFSEQ|YP_007354741.1|REFSEQ|NC_020104|serine-threonine kinase [Acanthamoeba polyphaga moumouvirus]	Acanthamoeba polyphaga moumouvirus	Blastx
SRR22534740	NODE_36619_length_823_cov_6.075949	48.2	823	327	0.666667	2.21e-56	acc|GENBANK|QFG73901.1|GENBANK|MN448274|papain family cysteine protease [Megaviridae environmental sample]	Megaviridae environmental sample	Blastx
SRR22534740	NODE_5044_length_1050_cov_3.986234	40.3	1050	925	0.327568	2.70e-56	acc|GENBANK|ABY48139.1|GENBANK|EU306659|NORK [Medicago truncatula]	Medicago truncatula	Blastx
SRR22534740	NODE_37921_length_698_cov_13.625564	76.9	698	122	0.991803	3.06e-56	acc|GENBANK|AAL66932.1|GENBANK|AY072517|copia-like retroelement pol polyprotein [Arabidopsis thaliana]	Arabidopsis thaliana	Blastx
SRR22534740	NODE_35149_length_866_cov_5.567827	65.0	866	382	0.321990	5.33e-56	acc|GENBANK|AAB31930.2|GENBANK|S74099|v-myb product [Avian myeloblastosis virus]	Avian myeloblastosis virus	Blastx
SRR22534740	NODE_42126_length_2282_cov_20.327257	38.1	2282	482	0.647303	5.44e-56	acc|GENBANK|BBA54297.1|GENBANK|AB898755|gag : akt fusion protein [Feline leukemia virus]	Feline leukemia virus	Blastx
SRR22534740	NODE_14528_length_1160_cov_7.369122	44.1	1160	1739	0.140886	6.12e-56	acc|REFSEQ|YP_008437740.2|REFSEQ|NC_022098|serine-threonine kinase [Pandoravirus salinus]	Pandoravirus salinus	Blastx
SRR22534740	NODE_42231_length_1070_cov_11.262295	39.1	1070	497	0.525151	7.70e-56	acc|GENBANK|CCQ71326.1|GENBANK|HF586476|hypothetical Pro-X carboxypeptidase-like protein [Cotesia congregata]	Cotesia congregata	Blastx
SRR22534740	NODE_43836_length_1393_cov_4.527941	46.3	1393	686	0.330904	7.94e-56	acc|GENBANK|WNO13952.1|GENBANK|OQ968299|coat protein [Guapo partitivirus]	Guapo partitivirus	Blastx
SRR22534740	NODE_41696_length_1531_cov_9.208945	34.2	1531	875	0.387429	8.43e-56	acc|GENBANK|BDT62894.1|GENBANK|LC738879|DNA ligase 1-like protein [Trachysalambria curvirostris majanivirus]	Trachysalambria curvirostris majanivirus	Blastx
SRR22534740	NODE_2308_length_1410_cov_3.288308	35.2	1410	644	0.599379	9.35e-56	acc|GENBANK|AGE59884.1|GENBANK|JX997186|potassium transporter [Acanthocystis turfacea Chlorella virus TN603.4.2]	Acanthocystis turfacea Chlorella virus TN603.4.2	Blastx
SRR22534740	NODE_429_length_1372_cov_32.672143	42.0	1372	674	0.381306	1.07e-55	acc|GENBANK|UZT28900.1|GENBANK|OP765507|ATP-dependent zinc metalloprotease [Nucleocytoviricota sp.]	Nucleocytoviricota sp.	Blastx
SRR22534740	NODE_42044_length_837_cov_28.600746	51.0	837	518	0.389961	2.22e-55	acc|GENBANK|ABY48142.1|GENBANK|EU306659|serine-hydroxymethyltransferase [Medicago truncatula]	Medicago truncatula	Blastx
SRR22534740	NODE_1781_length_899_cov_18.510393	39.6	899	522	0.570881	3.29e-55	acc|GENBANK|QPI16279.1|GENBANK|MW030549|hypothetical protein [Virus NIOZ-UU157]	Virus NIOZ-UU157	Blastx
SRR22534740	NODE_44949_length_1573_cov_22.400649	46.3	1573	686	0.330904	3.38e-55	acc|GENBANK|WNO13952.1|GENBANK|OQ968299|coat protein [Guapo partitivirus]	Guapo partitivirus	Blastx
SRR22534740	NODE_2274_length_1562_cov_10.262917	29.9	1562	654	0.741590	3.64e-55	acc|GENBANK|ATZ81043.1|GENBANK|MF782455|dynamin-like protein [Bodo saltans virus]	Bodo saltans virus	Blastx
SRR22534740	NODE_1081_length_1621_cov_19.069270	49.5	1621	197	0.984772	4.05e-55	acc|REFSEQ|YP_009449015.1|REFSEQ|NC_036594|GTP ras-related protein Rac1 [Orpheovirus IHUMI-LCC2]	Orpheovirus IHUMI-LCC2	Blastx
SRR22534740	NODE_39320_length_553_cov_7.580769	75.8	553	534	0.224719	4.43e-55	acc|GENBANK|QBK91823.1|GENBANK|MK500565|uncharacterized protein [Pithovirus LCPAC304]	Pithovirus LCPAC304	Blastx
SRR22534740	NODE_44638_length_517_cov_7.349174	57.9	517	542	0.315498	4.58e-55	acc|REFSEQ|YP_010781963.1|REFSEQ|NC_075039|topoisomerase 1b [Tupanvirus soda lake]	Tupanvirus soda lake	Blastx
SRR22534740	NODE_43807_length_1446_cov_36.234961	46.7	1446	604	0.379139	4.63e-55	acc|REFSEQ|YP_008052571.1|REFSEQ|NC_021312|ATP-dependent zinc metalloprotease [Phaeocystis globosa virus]	Phaeocystis globosa virus	Blastx
SRR22534740	NODE_354_length_730_cov_15.154950	63.8	730	269	0.483271	5.37e-55	acc|GENBANK|ACG35536.1|GENBANK|EU963418|retrotransposon protein [Zea mays]	Zea mays	Blastx
SRR22534740	NODE_787_length_424_cov_11.189258	68.3	424	783	0.181354	6.81e-55	acc|GENBANK|QFG73724.1|GENBANK|MN448270|Hsp90 protein [Megaviridae environmental sample]	Megaviridae environmental sample	Blastx
SRR22534740	NODE_1265_length_763_cov_21.664384	57.5	763	154	0.993506	7.27e-55	acc|GENBANK|AGQ04568.1|GENBANK|KC611147|rice yellow mottle virus 1-like protein [Oryza longistaminata]	Oryza longistaminata	Blastx
SRR22534740	NODE_44337_length_1202_cov_5.886228	38.3	1202	759	0.409750	9.52e-55	acc|GENBANK|ACN78962.1|GENBANK|FJ225394|methyltransferase [Glycine max]	Glycine max	Blastx
SRR22534740	NODE_637_length_651_cov_29.200647	58.0	651	265	0.637736	1.10e-54	acc|GENBANK|AAG09811.1|GENBANK|AF275345|MADS-box transcription factor JOINTLESS [Solanum lycopersicum]	Solanum lycopersicum	Blastx
SRR22534740	NODE_37022_length_1250_cov_14.322104	32.7	1250	499	0.685371	1.20e-54	acc|GENBANK|CCQ71356.1|GENBANK|HF586477|hypothetical E3 ubiquitin-protein ligase ARI [Cotesia congregata]	Cotesia congregata	Blastx
SRR22534740	NODE_43041_length_319_cov_27.097902	76.7	319	112	0.919643	1.23e-54	acc|GENBANK|QDH87640.1|GENBANK|MN033519|hypothetical protein [Mitovirus sp.]	Mitovirus sp.	Blastx
SRR22534740	NODE_1947_length_556_cov_2985.495220	83.2	556	3118	0.038165	1.36e-54	acc|GENBANK|AJD23397.1|NEIGHBOR|KJ789139|polyprotein [Japanese yam mosaic virus]	Japanese yam mosaic virus	Blastx
SRR22534740	NODE_6960_length_1205_cov_9.338737	36.5	1205	447	0.644295	1.37e-54	acc|REFSEQ|NP_077596.1|REFSEQ|NC_002687|serine-threonine kinase [Ectocarpus siliculosus virus 1]	Ectocarpus siliculosus virus 1	Blastx
SRR22534740	NODE_38495_length_1348_cov_23.261597	45.1	1348	686	0.345481	1.41e-54	acc|GENBANK|WNO13952.1|GENBANK|OQ968299|coat protein [Guapo partitivirus]	Guapo partitivirus	Blastx
SRR22534740	NODE_8609_length_1246_cov_5.536686	34.4	1246	405	0.911111	1.45e-54	acc|GENBANK|WGU26824.1|GENBANK|OQ503488|eukaryotic initiation factor 4A-III B-like [Triticum monococcum]	Triticum monococcum	Blastx
SRR22534740	NODE_2863_length_878_cov_32.213018	40.1	878	537	0.515829	1.89e-54	acc|REFSEQ|YP_010781718.1|REFSEQ|NC_075039|ATP binding cassette sub family F [Tupanvirus soda lake]	Tupanvirus soda lake	Blastx
SRR22534740	NODE_27845_length_714_cov_3.995595	45.6	714	925	0.246486	1.93e-54	acc|GENBANK|ABY48139.1|GENBANK|EU306659|NORK [Medicago truncatula]	Medicago truncatula	Blastx
SRR22534740	NODE_761_length_604_cov_35.549912	54.0	604	182	0.956044	2.28e-54	acc|REFSEQ|YP_009163818.1|REFSEQ|NC_027778|ORF_057R [Scale drop disease virus]	Scale drop disease virus	Blastx
SRR22534740	NODE_988_length_1252_cov_12.836751	75.6	1252	129	0.953488	2.47e-54	acc|GENBANK|AKE34115.1|GENBANK|KR068481|alpha karyopherin [Okra enation leaf curl virus]	Okra enation leaf curl virus	Blastx
SRR22534740	NODE_45873_length_1880_cov_5.056308	41.4	1880	925	0.287568	2.75e-54	acc|GENBANK|ABY48139.1|GENBANK|EU306659|NORK [Medicago truncatula]	Medicago truncatula	Blastx
SRR22534740	NODE_42582_length_1096_cov_5.492004	34.3	1096	405	0.879012	2.77e-54	acc|GENBANK|WGU26824.1|GENBANK|OQ503488|eukaryotic initiation factor 4A-III B-like [Triticum monococcum]	Triticum monococcum	Blastx
SRR22534740	NODE_3051_length_942_cov_30.664466	47.4	942	226	0.849558	2.96e-54	acc|GENBANK|ARF08362.1|GENBANK|KY684083|cyclophilin type peptidyl-prolyl cis-trans [Catovirus CTV1]	Catovirus CTV1	Blastx
SRR22534740	NODE_32281_length_624_cov_2.397631	57.1	624	557	0.301616	3.19e-54	acc|GENBANK|WGU26825.1|GENBANK|OQ503488|putative acyl-activating enzyme 5 [Triticum monococcum]	Triticum monococcum	Blastx
SRR22534740	NODE_42844_length_1261_cov_5.887622	39.5	1261	925	0.325405	3.52e-54	acc|GENBANK|ABY48139.1|GENBANK|EU306659|NORK [Medicago truncatula]	Medicago truncatula	Blastx
SRR22534740	NODE_11506_length_851_cov_6.235941	44.8	851	1829	0.136687	3.77e-54	acc|REFSEQ|YP_009482569.1|REFSEQ|NC_037666|serine-threonine kinase [Pandoravirus neocaledonia]	Pandoravirus neocaledonia	Blastx
SRR22534740	NODE_7032_length_803_cov_30.342857	44.4	803	335	0.779104	3.82e-54	acc|GENBANK|ABY48132.1|GENBANK|EU306659|GH1 protein [Medicago truncatula]	Medicago truncatula	Blastx
SRR22534740	NODE_9077_length_401_cov_3.766304	62.5	401	286	0.447552	3.94e-54	acc|GENBANK|AGH20677.1|GENBANK|JX975164|reverse transcriptase [Olimarabidopsis cabulica]	Olimarabidopsis cabulica	Blastx
SRR22534740	NODE_42260_length_391_cov_35.441341	77.7	391	112	0.919643	4.58e-54	acc|GENBANK|QDH87640.1|GENBANK|MN033519|hypothetical protein [Mitovirus sp.]	Mitovirus sp.	Blastx
SRR22534740	NODE_43781_length_1025_cov_18.212702	34.6	1025	507	0.678501	4.83e-54	acc|GENBANK|ARF09167.1|GENBANK|KY684084|translation initiation factor 4A-III [Catovirus CTV1]	Catovirus CTV1	Blastx
SRR22534740	NODE_33953_length_694_cov_13.771558	45.9	694	925	0.249730	5.39e-54	acc|GENBANK|ABY48139.1|GENBANK|EU306659|NORK [Medicago truncatula]	Medicago truncatula	Blastx
SRR22534740	NODE_44199_length_1672_cov_12.084198	35.1	1672	974	0.400411	5.73e-54	acc|GENBANK|AYV86980.1|GENBANK|MK072522|hypothetical protein [Sylvanvirus sp.]	Sylvanvirus sp.	Blastx
SRR22534740	NODE_28756_length_433_cov_3.312500	74.8	433	249	0.477912	5.94e-54	acc|GENBANK|QKY77335.1|GENBANK|MT637187|MADS-box transcription factor SHP1.A9 [Brassica napus]	Brassica napus	Blastx
SRR22534740	NODE_39981_length_422_cov_9.421594	68.9	422	212	0.561321	6.76e-54	acc|GENBANK|AYV82031.1|GENBANK|MK072334|Ras-like protein Rab-11A [Homavirus sp.]	Homavirus sp.	Blastx
SRR22534740	NODE_15328_length_588_cov_3.046847	53.3	588	1468	0.125341	6.81e-54	acc|GENBANK|QDY51984.1|GENBANK|MK250086|RNA polymerase Rpb1, domain 5 [Mimiviridae sp. ChoanoV1]	Mimiviridae sp. ChoanoV1	Blastx
SRR22534740	NODE_36665_length_1125_cov_10.469780	31.5	1125	544	0.683824	7.04e-54	acc|REFSEQ|YP_009119837.1|REFSEQ|NC_026440|beta glucosidase [Pandoravirus inopinatum]	Pandoravirus inopinatum	Blastx
SRR22534740	NODE_847_length_2030_cov_8.572359	34.8	2030	510	0.625490	7.19e-54	acc|GENBANK|AHA54129.1|GENBANK|KF481685|putative serine palmitoyltransferase [Emiliania huxleyi virus 18]	Emiliania huxleyi virus 18	Blastx
SRR22534740	NODE_39211_length_996_cov_7.403946	38.1	996	334	0.754491	7.29e-54	acc|GENBANK|AYV82358.1|GENBANK|MK072367|zinc-finger and zinc-ribbon domain protein [Homavirus sp.]	Homavirus sp.	Blastx
SRR22534740	NODE_36292_length_345_cov_17.913462	94.0	345	113	0.743363	7.45e-54	acc|GENBANK|QDH76139.1|GENBANK|MK948414|putative gag protein [Porcine endogenous retrovirus]	Porcine endogenous retrovirus	Blastx
SRR22534740	NODE_14922_length_342_cov_2.669903	77.7	342	245	0.457143	9.17e-54	acc|GENBANK|AEV22379.1|GENBANK|JN969602|VRN1 [Lolium perenne]	Lolium perenne	Blastx
SRR22534740	NODE_33265_length_935_cov_6.033259	36.9	935	686	0.446064	9.92e-54	acc|GENBANK|WNO13952.1|GENBANK|OQ968299|coat protein [Guapo partitivirus]	Guapo partitivirus	Blastx
SRR22534740	NODE_6694_length_1024_cov_5.244198	38.9	1024	2037	0.152676	9.97e-54	acc|GENBANK|ABG37663.1|GENBANK|DQ536170|CCHC-type integrase [Populus trichocarpa]	Populus trichocarpa	Blastx
SRR22534740	NODE_6958_length_694_cov_24.161876	44.1	694	242	0.768595	1.46e-53	acc|GENBANK|ARF09567.1|GENBANK|KY684085|zinc-finger and zinc-ribbon domain protein [Indivirus ILV1]	Indivirus ILV1	Blastx
SRR22534740	NODE_43244_length_925_cov_75.323991	55.2	925	228	0.714912	1.47e-53	acc|GENBANK|ATZ80220.1|GENBANK|MF782455|cyclophilin ABH-like protein [Bodo saltans virus]	Bodo saltans virus	Blastx
SRR22534740	NODE_37717_length_1720_cov_6.180202	38.7	1720	357	0.904762	1.59e-53	acc|GENBANK|ABB29305.1|GENBANK|DQ219419|NADPH-dependent reductase [Zea mays]	Zea mays	Blastx
SRR22534740	NODE_2242_length_1556_cov_7.582403	41.0	1556	302	0.880795	1.67e-53	acc|GENBANK|QKF93533.1|GENBANK|MT418680|pyruvate carboxyltransferase [Fadolivirus FV1/VV64]	Fadolivirus FV1/VV64	Blastx
SRR22534740	NODE_1896_length_967_cov_33.005353	58.0	967	265	0.656604	1.71e-53	acc|GENBANK|AAG09811.1|GENBANK|AF275345|MADS-box transcription factor JOINTLESS [Solanum lycopersicum]	Solanum lycopersicum	Blastx
SRR22534740	NODE_33908_length_420_cov_8.937984	59.4	420	759	0.175231	1.90e-53	acc|GENBANK|ACN78962.1|GENBANK|FJ225394|methyltransferase [Glycine max]	Glycine max	Blastx
SRR22534740	NODE_1986_length_2612_cov_11.750291	36.5	2612	925	0.393514	2.03e-53	acc|GENBANK|ABY48139.1|GENBANK|EU306659|NORK [Medicago truncatula]	Medicago truncatula	Blastx
SRR22534740	NODE_19512_length_598_cov_3.102655	49.2	598	325	0.556923	2.46e-53	acc|GENBANK|QDH91349.1|GENBANK|MN036178|hypothetical protein [Partitiviridae sp.]	Partitiviridae sp.	Blastx
SRR22534740	NODE_6640_length_2126_cov_10.351171	35.1	2126	405	0.859259	2.68e-53	acc|GENBANK|WGU26824.1|GENBANK|OQ503488|eukaryotic initiation factor 4A-III B-like [Triticum monococcum]	Triticum monococcum	Blastx
SRR22534740	NODE_3754_length_611_cov_2.095156	80.7	611	421	0.258907	2.77e-53	acc|GENBANK|AGP03657.1|GENBANK|KF220834|integrase-type DNA-binding superfamily protein [Glycine max]	Glycine max	Blastx
SRR22534740	NODE_6125_length_889_cov_3.142523	43.8	889	1044	0.260536	2.81e-53	acc|GENBANK|BAC54898.1|GENBANK|AB083008|supressor of Ty element 16 [Drosophila melanogaster]	Drosophila melanogaster	Blastx
SRR22534740	NODE_7932_length_493_cov_4.863043	59.2	493	244	0.643443	3.14e-53	acc|GENBANK|AAW73220.1|GENBANK|AY747599|VRN-A1 [Triticum aestivum]	Triticum aestivum	Blastx
SRR22534740	NODE_44252_length_1901_cov_7.963062	37.5	1901	870	0.389655	3.40e-53	acc|GENBANK|AGE48886.1|GENBANK|JX997154|calcium-transporting ATPase, plasma [Paramecium bursaria Chlorella virus AP110A]	Paramecium bursaria Chlorella virus AP110A	Blastx
SRR22534740	NODE_39812_length_870_cov_5.444444	42.5	870	925	0.287568	4.00e-53	acc|GENBANK|ABY48139.1|GENBANK|EU306659|NORK [Medicago truncatula]	Medicago truncatula	Blastx
SRR22534740	NODE_1441_length_1151_cov_34.704830	34.8	1151	441	0.702948	4.17e-53	acc|GENBANK|QKF94717.1|GENBANK|MT418680|ergosterol biosynthesis ERG4/ERG24 [Fadolivirus FV1/VV64]	Fadolivirus FV1/VV64	Blastx
SRR22534740	NODE_3549_length_357_cov_1.330247	74.5	357	392	0.270408	4.95e-53	acc|GENBANK|ABV72583.1|GENBANK|EU155081|unknown [Oryza sativa Japonica Group]	Oryza sativa Japonica Group	Blastx
SRR22534740	NODE_1456_length_1615_cov_50.218078	45.4	1615	604	0.379139	6.12e-53	acc|REFSEQ|YP_008052571.1|REFSEQ|NC_021312|ATP-dependent zinc metalloprotease [Phaeocystis globosa virus]	Phaeocystis globosa virus	Blastx
SRR22534740	NODE_43556_length_1719_cov_71.148280	28.8	1719	498	1.044177	6.24e-53	acc|GENBANK|XHA59766.1|GENBANK|OR863077|thermosome [Poseidoniales virus]	Poseidoniales virus	Blastx
SRR22534740	NODE_41598_length_993_cov_21.412500	67.6	993	144	1.006944	6.69e-53	acc|GENBANK|AAH74588.1|GENBANK|BC074588|intracisternal A particle-promoted polypeptide [Xenopus tropicalis]	Xenopus tropicalis	Blastx
SRR22534740	NODE_42505_length_1095_cov_12.694915	47.2	1095	531	0.403013	8.37e-53	acc|GENBANK|QBK88836.1|GENBANK|MK500400|CTP synthetase [Mimivirus LCMiAC01]	Mimivirus LCMiAC01	Blastx
SRR22534740	NODE_8000_length_1896_cov_9.753086	26.9	1896	703	0.908962	9.55e-53	acc|GENBANK|ARF09664.1|GENBANK|KY684086|HrpA-like RNA helicase [Indivirus ILV1]	Indivirus ILV1	Blastx
SRR22534740	NODE_32955_length_724_cov_9.632417	65.2	724	146	0.945205	9.59e-53	acc|GENBANK|WKT15178.1|GENBANK|OR120051|Deoxyuridine 5'-triphosphate nucleotidohydrolase [Platygaster orseoliae filamentous virus]	Platygaster orseoliae filamentous virus	Blastx
SRR22534740	NODE_41018_length_764_cov_16.573187	44.7	764	925	0.246486	1.10e-52	acc|GENBANK|ABY48139.1|GENBANK|EU306659|NORK [Medicago truncatula]	Medicago truncatula	Blastx
SRR22534740	NODE_27579_length_685_cov_3.819018	47.2	685	480	0.441667	1.22e-52	acc|GENBANK|ASU92288.1|GENBANK|KX759199|kindr F6 [Zea mays]	Zea mays	Blastx
SRR22534740	NODE_80_length_1528_cov_5.747157	51.3	1528	316	0.604430	1.53e-52	acc|REFSEQ|YP_009449055.1|REFSEQ|NC_036594|ribonucleotide reductase large subunit [Orpheovirus IHUMI-LCC2]	Orpheovirus IHUMI-LCC2	Blastx
SRR22534740	NODE_2230_length_308_cov_7.967273	78.4	308	388	0.262887	1.78e-52	acc|GENBANK|AAU93529.1|GENBANK|AY691949|alcohol dehydrogenase 1 [Zea mays]	Zea mays	Blastx
SRR22534740	NODE_410_length_1008_cov_68.351795	57.4	1008	160	1.012500	1.82e-52	acc|GENBANK|QKF94153.1|GENBANK|MT418680|cyclophilin-type peptidyl-prolyl cis-trans [Fadolivirus FV1/VV64]	Fadolivirus FV1/VV64	Blastx
SRR22534740	NODE_45697_length_1073_cov_11.455769	51.2	1073	197	0.873096	1.90e-52	acc|REFSEQ|YP_009449015.1|REFSEQ|NC_036594|GTP ras-related protein Rac1 [Orpheovirus IHUMI-LCC2]	Orpheovirus IHUMI-LCC2	Blastx
SRR22534740	NODE_16653_length_733_cov_5.702857	41.8	733	925	0.256216	2.02e-52	acc|GENBANK|ABY48139.1|GENBANK|EU306659|NORK [Medicago truncatula]	Medicago truncatula	Blastx
SRR22534740	NODE_6517_length_987_cov_2.683438	45.2	987	842	0.249406	2.19e-52	acc|REFSEQ|YP_010781223.1|REFSEQ|NC_075038|leucyl-tRNA synthetase [Tupanvirus deep ocean]	Tupanvirus deep ocean	Blastx
SRR22534740	NODE_42023_length_244_cov_16.744076	95.0	244	113	0.707965	2.51e-52	acc|GENBANK|QDH76139.1|GENBANK|MK948414|putative gag protein [Porcine endogenous retrovirus]	Porcine endogenous retrovirus	Blastx
SRR22534740	NODE_6276_length_1559_cov_5.347313	44.3	1559	925	0.246486	2.71e-52	acc|GENBANK|ABY48139.1|GENBANK|EU306659|NORK [Medicago truncatula]	Medicago truncatula	Blastx
SRR22534740	NODE_39119_length_621_cov_2.397959	38.2	621	447	0.539150	3.14e-52	acc|REFSEQ|NP_077596.1|REFSEQ|NC_002687|serine-threonine kinase [Ectocarpus siliculosus virus 1]	Ectocarpus siliculosus virus 1	Blastx
SRR22534740	NODE_6413_length_1528_cov_3.107023	32.5	1528	520	0.751923	3.57e-52	acc|GENBANK|APO14197.1|GENBANK|KX098475|truncated DELLA protein [Setaria italica]	Setaria italica	Blastx
SRR22534740	NODE_32698_length_507_cov_8.301688	62.7	507	549	0.258652	3.95e-52	acc|GENBANK|WGU26815.1|GENBANK|OQ503488|pentatricopeptide repeat-containing protein [Triticum monococcum]	Triticum monococcum	Blastx
SRR22534740	NODE_34050_length_1029_cov_7.386546	38.9	1029	925	0.308108	3.96e-52	acc|GENBANK|ABY48139.1|GENBANK|EU306659|NORK [Medicago truncatula]	Medicago truncatula	Blastx
SRR22534740	NODE_35916_length_782_cov_8.387183	54.9	782	1516	0.121372	4.31e-52	acc|GENBANK|USH99796.1|GENBANK|ON752166|putative Ty3-gypsy subclass retrotransposon [Oryza sativa Japonica Group]	Oryza sativa Japonica Group	Blastx
SRR22534740	NODE_39898_length_1526_cov_6.697254	36.3	1526	781	0.434059	4.62e-52	acc|GENBANK|AYV84599.1|GENBANK|MK072412|DEXDc helicase [Hyperionvirus sp.]	Hyperionvirus sp.	Blastx
SRR22534740	NODE_1982_length_749_cov_8.537709	48.1	749	936	0.201923	4.72e-52	acc|GENBANK|QFG74471.1|GENBANK|MN448288|glycine cleavage system P-protein [Megaviridae environmental sample]	Megaviridae environmental sample	Blastx
SRR22534740	NODE_951_length_1271_cov_175.853796	35.6	1271	459	0.690632	6.95e-52	acc|GENBANK|BBI30359.1|GENBANK|AP018495|beta-galactosidase [Acanthamoeba castellanii medusavirus J1]	Acanthamoeba castellanii medusavirus J1	Blastx
SRR22534740	NODE_40333_length_1470_cov_11.007655	30.0	1470	590	0.735593	8.36e-52	acc|GENBANK|AYV86827.1|GENBANK|MK072516|CMGC/MAPK protein kinase [Sylvanvirus sp.]	Sylvanvirus sp.	Blastx
SRR22534740	NODE_2759_length_1994_cov_11.996430	52.8	1994	741	0.242915	9.42e-52	acc|GENBANK|WOA03171.1|GENBANK|OR637870|truncated WD40 protein PH13-H3 [Glycine max]	Glycine max	Blastx
SRR22534740	NODE_5486_length_1078_cov_6.743541	46.3	1078	284	0.753521	9.63e-52	acc|GENBANK|QBK87322.1|GENBANK|MK500348|tetrahydrofolate dehydrogenase/cyclohydrolase [Marseillevirus LCMAC201]	Marseillevirus LCMAC201	Blastx
SRR22534740	NODE_45337_length_869_cov_8.315789	38.4	869	392	0.637755	1.02e-51	acc|GENBANK|AYV77947.1|GENBANK|MK072068|autophagy-related protein 18a-like [Edafosvirus sp.]	Edafosvirus sp.	Blastx
SRR22534740	NODE_31753_length_303_cov_1.985185	83.2	303	557	0.181329	1.25e-51	acc|GENBANK|WGU26825.1|GENBANK|OQ503488|putative acyl-activating enzyme 5 [Triticum monococcum]	Triticum monococcum	Blastx
SRR22534740	NODE_76_length_932_cov_7.031146	39.2	932	1384	0.210260	1.63e-51	acc|GENBANK|ADB85299.1|GENBANK|GQ252825|putative retrotransposon protein [Phyllostachys edulis]	Phyllostachys edulis	Blastx
SRR22534740	NODE_42560_length_904_cov_6.509759	44.2	904	524	0.427481	1.64e-51	acc|REFSEQ|YP_010781689.1|REFSEQ|NC_075039|prolyl-tRNA synthetase [Tupanvirus soda lake]	Tupanvirus soda lake	Blastx
SRR22534740	NODE_33207_length_701_cov_5.658683	56.4	701	197	0.756345	2.07e-51	acc|REFSEQ|YP_009449015.1|REFSEQ|NC_036594|GTP ras-related protein Rac1 [Orpheovirus IHUMI-LCC2]	Orpheovirus IHUMI-LCC2	Blastx
SRR22534740	NODE_33425_length_1170_cov_6.614776	35.8	1170	623	0.582665	2.18e-51	acc|GENBANK|BAL14837.1|GENBANK|AB682995|endo-1,4-b-D-glucanase [Oryza sativa Japonica Group]	Oryza sativa Japonica Group	Blastx
SRR22534740	NODE_2125_length_687_cov_5.041284	45.9	687	1656	0.111715	2.37e-51	acc|GENBANK|ALR84495.1|GENBANK|KT599914|putative serine/threonine-protein kinase [Niemeyer virus]	Niemeyer virus	Blastx
SRR22534740	NODE_6938_length_767_cov_7.648501	42.9	767	604	0.428808	2.75e-51	acc|GENBANK|ABH08432.1|GENBANK|DQ851167|putative non-inducible immunity 1 [Beta vulgaris]	Beta vulgaris	Blastx
SRR22534740	NODE_1425_length_1221_cov_35.704545	32.3	1221	499	0.645291	4.02e-51	acc|GENBANK|CCQ71356.1|GENBANK|HF586477|hypothetical E3 ubiquitin-protein ligase ARI [Cotesia congregata]	Cotesia congregata	Blastx
SRR22534740	NODE_12106_length_422_cov_3.334190	71.4	422	369	0.284553	4.09e-51	acc|GENBANK|AFV13469.1|GENBANK|JQ314449|Tac7077 [Coix lacryma-jobi]	Coix lacryma-jobi	Blastx
SRR22534740	NODE_43367_length_871_cov_19.570406	38.7	871	325	0.827692	4.21e-51	acc|GENBANK|QBK87870.1|GENBANK|MK500370|uncharacterized protein [Marseillevirus LCMAC202]	Marseillevirus LCMAC202	Blastx
SRR22534740	NODE_38243_length_515_cov_20.786307	64.2	515	160	0.837500	4.75e-51	acc|GENBANK|QKF94153.1|GENBANK|MT418680|cyclophilin-type peptidyl-prolyl cis-trans [Fadolivirus FV1/VV64]	Fadolivirus FV1/VV64	Blastx
SRR22534740	NODE_17337_length_519_cov_3.267490	55.7	519	776	0.203608	5.37e-51	acc|GENBANK|ABY48135.1|GENBANK|EU306659|beta-D-xylosidase [Medicago truncatula]	Medicago truncatula	Blastx
SRR22534740	NODE_1687_length_1932_cov_22.231174	52.0	1932	759	0.235837	5.43e-51	acc|GENBANK|ACN78962.1|GENBANK|FJ225394|methyltransferase [Glycine max]	Glycine max	Blastx
SRR22534740	NODE_29889_length_415_cov_5.725131	83.3	415	189	0.571429	6.73e-51	acc|REFSEQ|YP_009465730.1|REFSEQ|NC_037057|hypothetical protein [Dishui lake phycodnavirus 1]	Dishui lake phycodnavirus 1	Blastx
SRR22534740	NODE_5946_length_2629_cov_42.238829	38.1	2629	299	0.842809	7.51e-51	acc|GENBANK|UOG94093.1|NEIGHBOR|OM876856|serine threonine-protein phosphatase [Aureococcus anophagefferens virus]	Aureococcus anophagefferens virus	Blastx
SRR22534740	NODE_43647_length_721_cov_1.659884	45.6	721	925	0.256216	7.80e-51	acc|GENBANK|ABY48139.1|GENBANK|EU306659|NORK [Medicago truncatula]	Medicago truncatula	Blastx
SRR22534740	NODE_2583_length_747_cov_50.429972	71.2	747	124	0.951613	8.16e-51	acc|GENBANK|QBK88266.1|GENBANK|MK500382|NifU-like protein [Marseillevirus LCMAC202]	Marseillevirus LCMAC202	Blastx
SRR22534740	NODE_4344_length_1858_cov_22.049863	29.6	1858	590	0.794915	8.18e-51	acc|GENBANK|AYV86827.1|GENBANK|MK072516|CMGC/MAPK protein kinase [Sylvanvirus sp.]	Sylvanvirus sp.	Blastx
SRR22534740	NODE_44781_length_333_cov_26.673333	75.7	333	405	0.274074	8.36e-51	acc|GENBANK|WGU26824.1|GENBANK|OQ503488|eukaryotic initiation factor 4A-III B-like [Triticum monococcum]	Triticum monococcum	Blastx
SRR22534740	NODE_33180_length_762_cov_10.945130	44.0	762	678	0.379056	1.00e-50	acc|GENBANK|CCQ71325.1|GENBANK|HF586476|hypothetical kinesin-like protein KIF3 [Cotesia congregata]	Cotesia congregata	Blastx
SRR22534740	NODE_1639_length_801_cov_20.498698	50.2	801	423	0.484634	1.12e-50	acc|GENBANK|CAA38181.1|GENBANK|X54284|phosphoglycerate kinase [Trichoderma viride]	Trichoderma viride	Blastx
SRR22534740	NODE_32275_length_839_cov_5.807692	45.0	839	327	0.666667	1.24e-50	acc|GENBANK|QFG73901.1|GENBANK|MN448274|papain family cysteine protease [Megaviridae environmental sample]	Megaviridae environmental sample	Blastx
SRR22534740	NODE_13333_length_562_cov_5.083176	72.5	562	292	0.373288	1.86e-50	acc|GENBANK|QKE44490.1|GENBANK|MT364305|putative thymidylate synthase [Yalta virus]	Yalta virus	Blastx
SRR22534740	NODE_5269_length_921_cov_15.498874	44.7	921	371	0.512129	2.30e-50	acc|GENBANK|WNO13897.1|GENBANK|OQ968270|capsid protein [Berere partitivirus]	Berere partitivirus	Blastx
SRR22534740	NODE_43517_length_1336_cov_6.696086	45.0	1336	588	0.355442	2.72e-50	acc|GENBANK|QOI90522.1|GENBANK|MT663539|hypothetical protein [Pyramimonas orientalis virus]	Pyramimonas orientalis virus	Blastx
SRR22534740	NODE_43927_length_1688_cov_16.184290	40.1	1688	367	0.760218	3.50e-50	acc|GENBANK|AYV76323.1|GENBANK|MK071983|STE/STE20/FRAY protein kinase [Terrestrivirus sp.]	Terrestrivirus sp.	Blastx
SRR22534740	NODE_20087_length_490_cov_3.177243	56.9	490	706	0.194051	3.70e-50	acc|GENBANK|WGU26822.1|GENBANK|OQ503488|OPT oligopeptide transporter protein [Triticum monococcum]	Triticum monococcum	Blastx
SRR22534740	NODE_5940_length_853_cov_99.857317	52.7	853	286	0.583916	3.76e-50	acc|GENBANK|ARF09529.1|GENBANK|KY684085|cyclophilin type peptidyl-prolyl cis-trans [Indivirus ILV1]	Indivirus ILV1	Blastx
SRR22534740	NODE_44142_length_1020_cov_17.603850	37.0	1020	524	0.618321	3.98e-50	acc|REFSEQ|YP_010781689.1|REFSEQ|NC_075039|prolyl-tRNA synthetase [Tupanvirus soda lake]	Tupanvirus soda lake	Blastx
SRR22534740	NODE_6464_length_1367_cov_7.606447	36.6	1367	1009	0.370664	3.99e-50	acc|REFSEQ|YP_008318818.1|REFSEQ|NC_021858|Threonylcarbamoyl AMP synthase [Pandoravirus dulcis]	Pandoravirus dulcis	Blastx
SRR22534740	NODE_32052_length_653_cov_4.103226	45.1	653	925	0.222703	4.34e-50	acc|GENBANK|ABY48139.1|GENBANK|EU306659|NORK [Medicago truncatula]	Medicago truncatula	Blastx
SRR22534740	NODE_35730_length_1496_cov_7.033493	30.1	1496	467	1.038544	5.05e-50	acc|GENBANK|API81738.1|NEIGHBOR|KU052222|hypothetical protein [Cafeteriavirus-dependent mavirus]	Cafeteriavirus-dependent mavirus	Blastx
SRR22534740	NODE_36107_length_670_cov_6.469388	43.0	670	875	0.254857	6.07e-50	acc|GENBANK|BDT62894.1|GENBANK|LC738879|DNA ligase 1-like protein [Trachysalambria curvirostris majanivirus]	Trachysalambria curvirostris majanivirus	Blastx
SRR22534740	NODE_888_length_1870_cov_12.017964	40.4	1870	299	1.076923	6.12e-50	acc|GENBANK|QRE02559.1|GENBANK|MN545489|hypothetical protein [Otarine gammaherpesvirus 4]	Otarine gammaherpesvirus 4	Blastx
SRR22534740	NODE_1966_length_301_cov_10808.223881	80.8	301	1960	0.050510	6.98e-50	acc|REFSEQ|YP_009134730.1|REFSEQ|NC_026248|replicase polyprotein [Yam latent virus]	Yam latent virus	Blastx
SRR22534740	NODE_41602_length_1138_cov_7.237104	51.4	1138	310	0.583871	7.41e-50	acc|GENBANK|AYV86922.1|GENBANK|MK072520|hypothetical protein [Sylvanvirus sp.]	Sylvanvirus sp.	Blastx
SRR22534740	NODE_44705_length_2085_cov_5.543372	27.6	2085	630	0.839683	9.70e-50	acc|GENBANK|WIL05472.1|GENBANK|OQ413582|ABC2 type transporter superfamily protein [Pithovirus mammoth]	Pithovirus mammoth	Blastx
SRR22534740	NODE_1085_length_2371_cov_41.481608	27.1	2371	672	0.994048	1.21e-49	acc|GENBANK|AYV82044.1|GENBANK|MK072335|AMP-binding enzyme [Homavirus sp.]	Homavirus sp.	Blastx
SRR22534740	NODE_31459_length_641_cov_2.269737	45.1	641	832	0.256010	1.22e-49	acc|GENBANK|BAD00047.1|GENBANK|AB119282|Fusion protein, Feo [Hepacivirus hominis]	Hepacivirus hominis	Blastx
SRR22534740	NODE_37213_length_796_cov_11.339450	42.9	796	570	0.445614	1.23e-49	acc|GENBANK|AYV82503.1|GENBANK|MK072383|putative vacuolar protein sortingassociated [Hyperionvirus sp.]	Hyperionvirus sp.	Blastx
SRR22534740	NODE_1376_length_1616_cov_5.572331	36.6	1616	522	0.555556	1.31e-49	acc|GENBANK|QPI16279.1|GENBANK|MW030549|hypothetical protein [Virus NIOZ-UU157]	Virus NIOZ-UU157	Blastx
SRR22534740	NODE_41046_length_512_cov_5.421712	67.7	512	759	0.167325	2.04e-49	acc|GENBANK|ACN78962.1|GENBANK|FJ225394|methyltransferase [Glycine max]	Glycine max	Blastx
SRR22534740	NODE_43326_length_1097_cov_10.957707	33.2	1097	438	0.824201	2.12e-49	acc|REFSEQ|YP_010780437.1|REFSEQ|NC_075038|Serine tRNA-synthetase [Tupanvirus deep ocean]	Tupanvirus deep ocean	Blastx
SRR22534740	NODE_851_length_1413_cov_33.083333	30.6	1413	356	1.019663	2.23e-49	acc|GENBANK|AUF82683.1|GENBANK|KY322437|alpha-galactosidase [Tetraselmis virus 1]	Tetraselmis virus 1	Blastx
SRR22534740	NODE_44354_length_381_cov_34.218391	61.6	381	302	0.413907	2.26e-49	acc|GENBANK|QBK92300.1|GENBANK|MK500573|NAD dependent epimerase/dehydratase [Pithovirus LCPAC304]	Pithovirus LCPAC304	Blastx
SRR22534740	NODE_2464_length_1675_cov_13.006699	30.0	1675	590	0.718644	2.43e-49	acc|GENBANK|AYV86827.1|GENBANK|MK072516|CMGC/MAPK protein kinase [Sylvanvirus sp.]	Sylvanvirus sp.	Blastx
SRR22534740	NODE_28661_length_532_cov_2.695391	53.5	532	151	0.953642	2.96e-49	acc|GENBANK|UZT28945.1|GENBANK|OP765507|ubiquitin conjugating enzyme [Nucleocytoviricota sp.]	Nucleocytoviricota sp.	Blastx
SRR22534740	NODE_2928_length_2450_cov_22.481175	32.6	2450	395	0.924051	2.99e-49	acc|GENBANK|QDY52265.1|GENBANK|MK250089|hypothetical protein [Mimiviridae sp. ChoanoV1]	Mimiviridae sp. ChoanoV1	Blastx
SRR22534740	NODE_31331_length_645_cov_2.647059	42.9	645	271	0.782288	3.18e-49	acc|GENBANK|AUF82230.1|GENBANK|KY322437|E3 ubiquitin--protein ligase MIEL1-like protein [Tetraselmis virus 1]	Tetraselmis virus 1	Blastx
SRR22534740	NODE_36375_length_695_cov_9.507553	44.1	695	330	0.612121	3.39e-49	acc|GENBANK|WRJ69478.1|GENBANK|OR001839|putative arabinose-5-phosphate isomerase [Oceanusvirus sp.]	Oceanusvirus sp.	Blastx
SRR22534740	NODE_43574_length_782_cov_6.967957	43.9	782	269	0.855019	3.41e-49	acc|GENBANK|ACG35536.1|GENBANK|EU963418|retrotransposon protein [Zea mays]	Zea mays	Blastx
SRR22534740	NODE_710_length_2132_cov_32.707480	29.4	2132	642	0.926791	3.66e-49	acc|GENBANK|ARF10282.1|GENBANK|KY684103|dynamin family protein [Hokovirus HKV1]	Hokovirus HKV1	Blastx
SRR22534740	NODE_44330_length_2170_cov_28.338325	41.6	2170	327	0.727829	3.70e-49	acc|GENBANK|QFG73901.1|GENBANK|MN448274|papain family cysteine protease [Megaviridae environmental sample]	Megaviridae environmental sample	Blastx
SRR22534740	NODE_41220_length_754_cov_4.188627	46.0	754	322	0.655280	3.81e-49	acc|GENBANK|AYV84288.1|GENBANK|MK072403|hypothetical protein [Hyperionvirus sp.]	Hyperionvirus sp.	Blastx
SRR22534740	NODE_37212_length_1210_cov_9.254036	37.5	1210	484	0.539256	4.00e-49	acc|GENBANK|AYV77733.1|GENBANK|MK072066|CYP86A7 [Edafosvirus sp.]	Edafosvirus sp.	Blastx
SRR22534740	NODE_33336_length_1079_cov_4.646272	38.1	1079	1618	0.171817	4.06e-49	acc|GENBANK|AVL95162.1|GENBANK|MG807320|putative serine/threonine protein kinase [Moumouvirus australiensis]	Moumouvirus australiensis	Blastx
SRR22534740	NODE_15_length_1380_cov_38.962880	35.7	1380	819	0.341880	4.13e-49	acc|GENBANK|QKF94107.1|GENBANK|MT418680|eukaryotic translation elongation factor 2 [Fadolivirus FV1/VV64]	Fadolivirus FV1/VV64	Blastx
SRR22534740	NODE_4201_length_703_cov_39.346269	40.2	703	337	0.694362	4.48e-49	acc|GENBANK|QDY52204.1|GENBANK|MK250089|acetohydroxy acid isomeroreductase [Mimiviridae sp. ChoanoV1]	Mimiviridae sp. ChoanoV1	Blastx
SRR22534740	NODE_24457_length_1336_cov_8.583269	35.4	1336	310	0.874194	5.44e-49	acc|GENBANK|AYV86922.1|GENBANK|MK072520|hypothetical protein [Sylvanvirus sp.]	Sylvanvirus sp.	Blastx
SRR22534740	NODE_43770_length_372_cov_34.861357	66.7	372	385	0.319481	5.51e-49	acc|GENBANK|UUT40455.1|GENBANK|ON887238|hypothetical protein [carnivorous sponge associated iridovirus]	carnivorous sponge associated iridovirus	Blastx
SRR22534740	NODE_9323_length_914_cov_3.653802	39.4	914	916	0.271834	5.60e-49	acc|GENBANK|QKF93616.1|GENBANK|MT418680|leucyl-tRNA synthetase class IA [Fadolivirus FV1/VV64]	Fadolivirus FV1/VV64	Blastx
SRR22534740	NODE_30029_length_483_cov_2.048889	50.3	483	1369	0.116143	5.86e-49	acc|GENBANK|AIC77183.1|GENBANK|KF740825|polyprotein [Gossypium barbadense]	Gossypium barbadense	Blastx
SRR22534740	NODE_40767_length_1232_cov_4.826522	37.9	1232	299	0.979933	6.70e-49	acc|GENBANK|QRE02559.1|GENBANK|MN545489|hypothetical protein [Otarine gammaherpesvirus 4]	Otarine gammaherpesvirus 4	Blastx
SRR22534740	NODE_3547_length_812_cov_28.729140	38.5	812	542	0.479705	6.80e-49	acc|REFSEQ|YP_010780426.1|REFSEQ|NC_075038|ATP binding cassette sub family F [Tupanvirus deep ocean]	Tupanvirus deep ocean	Blastx
SRR22534740	NODE_44810_length_762_cov_34.951989	69.4	762	196	0.632653	7.39e-49	acc|GENBANK|AWA44808.1|GENBANK|MH182523|hypothetical protein [Saccharum officinarum]	Saccharum officinarum	Blastx
SRR22534740	NODE_3472_length_1100_cov_41.741331	44.9	1100	325	0.609231	8.43e-49	acc|GENBANK|QDH91349.1|GENBANK|MN036178|hypothetical protein [Partitiviridae sp.]	Partitiviridae sp.	Blastx
SRR22534740	NODE_687_length_1837_cov_23.550998	39.8	1837	299	0.849498	1.00e-48	acc|GENBANK|UOG94093.1|NEIGHBOR|OM876856|serine threonine-protein phosphatase [Aureococcus anophagefferens virus]	Aureococcus anophagefferens virus	Blastx
SRR22534740	NODE_5087_length_466_cov_3.385681	58.7	466	345	0.414493	1.00e-48	acc|REFSEQ|YP_004061460.1|REFSEQ|NC_014765|nucleotide-sugar epimerase [Bathycoccus sp. RCC1105 virus BpV1]	Bathycoccus sp. RCC1105 virus BpV1	Blastx
SRR22534740	NODE_39628_length_1455_cov_60.463432	71.2	1455	124	0.951613	1.11e-48	acc|GENBANK|QBK88266.1|GENBANK|MK500382|NifU-like protein [Marseillevirus LCMAC202]	Marseillevirus LCMAC202	Blastx
SRR22534740	NODE_5909_length_253_cov_48.554545	96.4	253	177	0.474576	1.16e-48	acc|GENBANK|AAD44038.1|GENBANK|AF104021|polyprotein [Bovine viral diarrhea virus 2]	Bovine viral diarrhea virus 2	Blastx
SRR22534740	NODE_19208_length_711_cov_3.143068	54.2	711	759	0.201581	1.64e-48	acc|GENBANK|ACN78962.1|GENBANK|FJ225394|methyltransferase [Glycine max]	Glycine max	Blastx
SRR22534740	NODE_8158_length_1776_cov_10.653471	34.7	1776	305	0.934426	1.66e-48	acc|GENBANK|UZT29311.1|GENBANK|OP765584|iron-sulfur clusters transporter [Nucleocytoviricota sp.]	Nucleocytoviricota sp.	Blastx
SRR22534740	NODE_16308_length_597_cov_4.230496	51.0	597	919	0.215452	1.84e-48	acc|GENBANK|AYV75146.1|GENBANK|MK071979|plasma membrane ATPase [Terrestrivirus sp.]	Terrestrivirus sp.	Blastx
SRR22534740	NODE_45764_length_2717_cov_12.621088	38.4	2717	925	0.317838	2.01e-48	acc|GENBANK|ABY48139.1|GENBANK|EU306659|NORK [Medicago truncatula]	Medicago truncatula	Blastx
SRR22534740	NODE_7595_length_990_cov_3.509927	32.6	990	590	0.666102	2.45e-48	acc|GENBANK|AYV86827.1|GENBANK|MK072516|CMGC/MAPK protein kinase [Sylvanvirus sp.]	Sylvanvirus sp.	Blastx
SRR22534740	NODE_4724_length_380_cov_3.377522	68.0	380	631	0.193344	2.79e-48	acc|GENBANK|AWA44806.1|GENBANK|MH182523|hypothetical protein [Saccharum officinarum]	Saccharum officinarum	Blastx
SRR22534740	NODE_36577_length_1102_cov_7.564079	39.5	1102	549	0.475410	3.68e-48	acc|GENBANK|AYV77959.1|GENBANK|MK072068|dna topoisomerase 1b [Edafosvirus sp.]	Edafosvirus sp.	Blastx
SRR22534740	NODE_48846_length_418_cov_2.127273	63.5	418	239	0.573222	4.10e-48	acc|GENBANK|ABY48143.1|GENBANK|EU306659|MADS-box protein [Medicago truncatula]	Medicago truncatula	Blastx
SRR22534740	NODE_5576_length_1169_cov_15.026408	57.4	1169	430	0.344186	5.00e-48	acc|REFSEQ|YP_654431.1|REFSEQ|NC_008168|hypothetical protein [Choristoneura fumiferana granulovirus]	Choristoneura fumiferana granulovirus	Blastx
SRR22534740	NODE_5038_length_325_cov_45.917808	71.3	325	208	0.519231	5.59e-48	acc|GENBANK|QKF93852.1|GENBANK|MT418680|Hsp70 protein [Fadolivirus FV1/VV64]	Fadolivirus FV1/VV64	Blastx
SRR22534740	NODE_43298_length_232_cov_20.201005	94.6	232	113	0.654867	5.61e-48	acc|GENBANK|QDH76139.1|GENBANK|MK948414|putative gag protein [Porcine endogenous retrovirus]	Porcine endogenous retrovirus	Blastx
SRR22534740	NODE_3496_length_415_cov_5.821990	53.6	415	496	0.282258	6.40e-48	acc|GENBANK|ACN78958.1|GENBANK|FJ225394|dehydration responsive protein [Glycine max]	Glycine max	Blastx
SRR22534740	NODE_1936_length_974_cov_10.699256	32.9	974	544	0.619485	1.01e-47	acc|GENBANK|QBZ81276.1|GENBANK|MK174290|Glycosyl hydrolase family 1 domain containing [Pandoravirus celtis]	Pandoravirus celtis	Blastx
SRR22534740	NODE_5579_length_913_cov_31.447727	52.9	913	335	0.468657	1.11e-47	acc|GENBANK|ABY48132.1|GENBANK|EU306659|GH1 protein [Medicago truncatula]	Medicago truncatula	Blastx
SRR22534740	NODE_28977_length_544_cov_2.317025	48.1	544	334	0.541916	1.13e-47	acc|GENBANK|QBK91883.1|GENBANK|MK500566|GDP-mannose 4,6 dehydratase [Pithovirus LCPAC304]	Pithovirus LCPAC304	Blastx
SRR22534740	NODE_8009_length_1001_cov_26.205579	60.9	1001	229	0.659389	1.54e-47	acc|REFSEQ|YP_009482443.1|REFSEQ|NC_037666|S-phase kinase-associated protein 1 [Pandoravirus neocaledonia]	Pandoravirus neocaledonia	Blastx
SRR22534740	NODE_34010_length_1257_cov_5.836601	38.2	1257	353	0.711048	1.86e-47	acc|GENBANK|AYV84281.1|GENBANK|MK072403|hypothetical protein [Hyperionvirus sp.]	Hyperionvirus sp.	Blastx
SRR22534740	NODE_5609_length_1072_cov_4.144370	43.3	1072	925	0.249730	2.49e-47	acc|GENBANK|ABY48139.1|GENBANK|EU306659|NORK [Medicago truncatula]	Medicago truncatula	Blastx
SRR22534740	NODE_25026_length_890_cov_2.659277	54.4	890	1369	0.124909	2.64e-47	acc|GENBANK|BAG72152.1|GENBANK|AB430326|hypothetical protein [Lotus japonicus]	Lotus japonicus	Blastx
SRR22534740	NODE_5736_length_1798_cov_57.396601	50.9	1798	228	0.741228	2.92e-47	acc|GENBANK|ATZ80220.1|GENBANK|MF782455|cyclophilin ABH-like protein [Bodo saltans virus]	Bodo saltans virus	Blastx
SRR22534740	NODE_5720_length_1125_cov_168.551282	52.4	1125	271	0.612546	2.92e-47	acc|GENBANK|AUF82230.1|GENBANK|KY322437|E3 ubiquitin--protein ligase MIEL1-like protein [Tetraselmis virus 1]	Tetraselmis virus 1	Blastx
SRR22534740	NODE_25927_length_687_cov_2.808869	39.9	687	1214	0.187809	3.28e-47	acc|GENBANK|AAM82604.1|GENBANK|AF525305|putative AP endonuclease/reverse transcriptase [Brassica napus]	Brassica napus	Blastx
SRR22534740	NODE_29124_length_549_cov_1.837209	73.6	549	439	0.250569	4.62e-47	acc|GENBANK|AAK92822.1|GENBANK|AY050885|putative replicase [Arabidopsis thaliana]	Arabidopsis thaliana	Blastx
SRR22534740	NODE_2585_length_591_cov_3.003584	54.9	591	421	0.389549	5.28e-47	acc|GENBANK|AGP03657.1|GENBANK|KF220834|integrase-type DNA-binding superfamily protein [Glycine max]	Glycine max	Blastx
SRR22534740	NODE_38957_length_650_cov_19.327391	42.4	650	1656	0.111111	5.45e-47	acc|GENBANK|ALR84495.1|GENBANK|KT599914|putative serine/threonine-protein kinase [Niemeyer virus]	Niemeyer virus	Blastx
SRR22534740	NODE_41918_length_876_cov_2.753262	42.1	876	925	0.272432	5.91e-47	acc|GENBANK|ABY48139.1|GENBANK|EU306659|NORK [Medicago truncatula]	Medicago truncatula	Blastx
SRR22534740	NODE_14514_length_259_cov_16.092920	80.0	259	214	0.397196	6.27e-47	acc|GENBANK|UZE89726.1|GENBANK|ON704650|hypothetical protein [Parapoynx stagnalis nucleopolyhedrovirus]	Parapoynx stagnalis nucleopolyhedrovirus	Blastx
SRR22534740	NODE_8806_length_648_cov_3.580488	45.6	648	588	0.331633	6.42e-47	acc|GENBANK|QOI90522.1|GENBANK|MT663539|hypothetical protein [Pyramimonas orientalis virus]	Pyramimonas orientalis virus	Blastx
SRR22534740	NODE_39486_length_2349_cov_4.542314	29.0	2349	718	0.821727	6.77e-47	acc|GENBANK|AYV77173.1|GENBANK|MK072013|HrpA-like RNA helicase [Barrevirus sp.]	Barrevirus sp.	Blastx
SRR22534740	NODE_1812_length_1960_cov_17.921121	41.9	1960	204	0.995098	8.07e-47	acc|GENBANK|ARF08647.1|GENBANK|KY684083|phosphoribulokinase / Uridine kinase family [Catovirus CTV1]	Catovirus CTV1	Blastx
SRR22534740	NODE_6649_length_712_cov_11.522828	52.0	712	543	0.318600	9.48e-47	acc|GENBANK|ADB85407.1|GENBANK|GQ252886|putative protein kinase [Phyllostachys edulis]	Phyllostachys edulis	Blastx
SRR22534740	NODE_4501_length_542_cov_7.605108	46.2	542	543	0.318600	9.50e-47	acc|REFSEQ|YP_010780026.1|REFSEQ|NC_075038|methionyl-tRNA synthetase [Tupanvirus deep ocean]	Tupanvirus deep ocean	Blastx
SRR22534740	NODE_27939_length_811_cov_3.782776	38.6	811	727	0.338377	9.52e-47	acc|GENBANK|ADB85269.1|GENBANK|GQ252805|putative lectin-like protein kinase [Phyllostachys edulis]	Phyllostachys edulis	Blastx
SRR22534740	NODE_43234_length_1411_cov_9.674165	48.8	1411	206	0.796117	1.13e-46	acc|GENBANK|AYV78414.1|GENBANK|MK072077|putative ras-related protein Rab-10-like [Edafosvirus sp.]	Edafosvirus sp.	Blastx
SRR22534740	NODE_41075_length_900_cov_12.844291	44.1	900	203	1.004926	1.21e-46	acc|GENBANK|AYV75892.1|GENBANK|MK071981|putative Ras-related protein Rab7 [Terrestrivirus sp.]	Terrestrivirus sp.	Blastx
SRR22534740	NODE_21503_length_383_cov_6.191429	79.6	383	113	0.867257	1.22e-46	acc|GENBANK|AGM61329.1|GENBANK|KC170726|histone H4 like-protein [Cotesia sesamiae bracovirus]	Cotesia sesamiae bracovirus	Blastx
SRR22534740	NODE_44518_length_657_cov_4.530449	45.8	657	271	0.741697	1.30e-46	acc|GENBANK|AUF82230.1|GENBANK|KY322437|E3 ubiquitin--protein ligase MIEL1-like protein [Tetraselmis virus 1]	Tetraselmis virus 1	Blastx
SRR22534740	NODE_39500_length_1630_cov_6.095178	30.4	1630	505	0.782178	1.37e-46	acc|REFSEQ|YP_004061477.1|REFSEQ|NC_014765|hypothetical protein [Bathycoccus sp. RCC1105 virus BpV1]	Bathycoccus sp. RCC1105 virus BpV1	Blastx
SRR22534740	NODE_39142_length_1383_cov_7.609630	29.3	1383	590	0.693220	1.44e-46	acc|GENBANK|AYV86827.1|GENBANK|MK072516|CMGC/MAPK protein kinase [Sylvanvirus sp.]	Sylvanvirus sp.	Blastx
SRR22534740	NODE_42025_length_261_cov_3.394737	94.1	261	149	0.570470	1.51e-46	acc|GENBANK|ARF10611.1|GENBANK|KY684104|ubiquitin family protein [Hokovirus HKV1]	Hokovirus HKV1	Blastx
SRR22534740	NODE_39270_length_598_cov_24.231858	61.9	598	197	0.573604	1.76e-46	acc|REFSEQ|YP_009449015.1|REFSEQ|NC_036594|GTP ras-related protein Rac1 [Orpheovirus IHUMI-LCC2]	Orpheovirus IHUMI-LCC2	Blastx
SRR22534740	NODE_20785_length_898_cov_4.938728	48.3	898	925	0.219459	1.88e-46	acc|GENBANK|ABY48139.1|GENBANK|EU306659|NORK [Medicago truncatula]	Medicago truncatula	Blastx
SRR22534740	NODE_435_length_1015_cov_29.686354	72.6	1015	116	0.913793	1.89e-46	acc|GENBANK|QOI90342.1|GENBANK|MT663535|hypothetical protein [Pyramimonas orientalis virus]	Pyramimonas orientalis virus	Blastx
SRR22534740	NODE_43830_length_1774_cov_34.531304	27.1	1774	498	1.038153	2.81e-46	acc|GENBANK|XHA59766.1|GENBANK|OR863077|thermosome [Poseidoniales virus]	Poseidoniales virus	Blastx
SRR22534740	NODE_16781_length_960_cov_5.000000	38.3	960	368	0.722826	3.08e-46	acc|GENBANK|QFG73671.1|GENBANK|MN448266|peptidase family M20/M25/M40 [Megaviridae environmental sample]	Megaviridae environmental sample	Blastx
SRR22534740	NODE_18680_length_1383_cov_6.980741	43.2	1383	202	0.950495	3.20e-46	acc|GENBANK|QBK85899.1|GENBANK|MK500328|exonuclease [Marseillevirus LCMAC101]	Marseillevirus LCMAC101	Blastx
SRR22534740	NODE_6117_length_1645_cov_10.889578	30.3	1645	859	0.607683	3.79e-46	acc|GENBANK|QPB44542.1|GENBANK|MW018138|DNA helicase [Medusavirus stheno T3]	Medusavirus stheno T3	Blastx
SRR22534740	NODE_41811_length_1972_cov_15.446106	26.3	1972	654	0.889908	3.82e-46	acc|GENBANK|ATZ81043.1|GENBANK|MF782455|dynamin-like protein [Bodo saltans virus]	Bodo saltans virus	Blastx
SRR22534740	NODE_7252_length_870_cov_249.903226	40.0	870	253	0.988142	3.87e-46	acc|GENBANK|QFG74715.1|GENBANK|MN448290|triosephosphate isomerase [Megaviridae environmental sample]	Megaviridae environmental sample	Blastx
SRR22534740	NODE_9666_length_516_cov_2.507246	56.5	516	1196	0.128763	4.31e-46	acc|GENBANK|QBK88182.1|GENBANK|MK500377|CobB/CobQ-like glutamine amidotransferase domain [Marseillevirus LCMAC202]	Marseillevirus LCMAC202	Blastx
SRR22534740	NODE_1683_length_1840_cov_14.514665	66.4	1840	129	0.968992	4.58e-46	acc|GENBANK|AKE34115.1|GENBANK|KR068481|alpha karyopherin [Okra enation leaf curl virus]	Okra enation leaf curl virus	Blastx
SRR22534740	NODE_42056_length_491_cov_11.443231	79.6	491	113	0.867257	4.79e-46	acc|GENBANK|AGM61329.1|GENBANK|KC170726|histone H4 like-protein [Cotesia sesamiae bracovirus]	Cotesia sesamiae bracovirus	Blastx
SRR22534740	NODE_40917_length_2196_cov_8.656496	29.4	2196	1083	0.458910	5.12e-46	acc|GENBANK|AAB62532.1|GENBANK|AF001075|gag-v-phosphoinositide 3-kinase catalytic [Avian sarcoma virus 16]	Avian sarcoma virus 16	Blastx
SRR22534740	NODE_43600_length_691_cov_37.218845	56.2	691	152	0.901316	5.12e-46	acc|REFSEQ|YP_008004361.1|REFSEQ|NC_021248|superoxide dismutase precursor [Choristoneura biennis entomopoxvirus]	Choristoneura biennis entomopoxvirus	Blastx
SRR22534740	NODE_11000_length_585_cov_1.742754	74.0	585	352	0.284091	6.36e-46	acc|GENBANK|WGU26813.1|GENBANK|OQ503488|hypothetical protein [Triticum monococcum]	Triticum monococcum	Blastx
SRR22534740	NODE_5281_length_1419_cov_14.235209	35.5	1419	275	0.963636	6.41e-46	acc|GENBANK|QBK86962.1|GENBANK|MK500339|translation initiation factor 2, alpha subunit [Marseillevirus LCMAC103]	Marseillevirus LCMAC103	Blastx
SRR22534740	NODE_35993_length_603_cov_10.078947	44.6	603	443	0.419865	7.29e-46	acc|REFSEQ|YP_010782291.1|REFSEQ|NC_075039|alcohol dehydrogenase [Tupanvirus soda lake]	Tupanvirus soda lake	Blastx
SRR22534740	NODE_38962_length_1271_cov_3.878837	48.0	1271	759	0.230567	7.35e-46	acc|GENBANK|ACN78962.1|GENBANK|FJ225394|methyltransferase [Glycine max]	Glycine max	Blastx
SRR22534740	NODE_8540_length_236_cov_6506.591133	97.4	236	1960	0.039796	7.72e-46	acc|REFSEQ|YP_009134730.1|REFSEQ|NC_026248|replicase polyprotein [Yam latent virus]	Yam latent virus	Blastx
SRR22534740	NODE_34477_length_1410_cov_5.467683	44.5	1410	925	0.245405	8.29e-46	acc|GENBANK|ABY48139.1|GENBANK|EU306659|NORK [Medicago truncatula]	Medicago truncatula	Blastx
SRR22534740	NODE_654_length_855_cov_32.113139	51.9	855	160	0.975000	9.28e-46	acc|GENBANK|ULY68493.1|GENBANK|OL828820|ubiquitin-conjugating enzyme E2 7 [Chlorella virus XW01]	Chlorella virus XW01	Blastx
SRR22534740	NODE_12975_length_533_cov_11.926000	51.1	533	925	0.194595	1.13e-45	acc|GENBANK|ABY48139.1|GENBANK|EU306659|NORK [Medicago truncatula]	Medicago truncatula	Blastx
SRR22534740	NODE_10867_length_536_cov_4.445328	79.6	536	113	0.867257	1.17e-45	acc|GENBANK|AGM61329.1|GENBANK|KC170726|histone H4 like-protein [Cotesia sesamiae bracovirus]	Cotesia sesamiae bracovirus	Blastx
SRR22534740	NODE_284_length_217_cov_13.635870	95.8	217	113	0.637168	1.25e-45	acc|GENBANK|QDH76139.1|GENBANK|MK948414|putative gag protein [Porcine endogenous retrovirus]	Porcine endogenous retrovirus	Blastx
SRR22534740	NODE_8143_length_269_cov_24.368644	85.4	269	189	0.470899	1.58e-45	acc|REFSEQ|YP_009465730.1|REFSEQ|NC_037057|hypothetical protein [Dishui lake phycodnavirus 1]	Dishui lake phycodnavirus 1	Blastx
SRR22534740	NODE_37622_length_725_cov_14.632948	36.4	725	759	0.343874	1.60e-45	acc|GENBANK|ACN78962.1|GENBANK|FJ225394|methyltransferase [Glycine max]	Glycine max	Blastx
SRR22534740	NODE_33665_length_561_cov_10.928030	64.5	561	335	0.370149	1.77e-45	acc|GENBANK|ABY48132.1|GENBANK|EU306659|GH1 protein [Medicago truncatula]	Medicago truncatula	Blastx
SRR22534740	NODE_2173_length_615_cov_19.676976	60.2	615	221	0.579186	1.77e-45	acc|GENBANK|AYV75487.1|GENBANK|MK071979|GTP-binding protein YPTC1 [Terrestrivirus sp.]	Terrestrivirus sp.	Blastx
SRR22534740	NODE_29238_length_333_cov_4.246667	67.6	333	479	0.225470	1.96e-45	acc|GENBANK|CCQ71106.1|GENBANK|HF586472|putative N-myristoyltransferase NMT [Cotesia congregata]	Cotesia congregata	Blastx
SRR22534740	NODE_25786_length_317_cov_1.461268	67.3	317	175	0.594286	2.00e-45	acc|GENBANK|AWA45034.1|GENBANK|MH182560|ZCN26 [Saccharum spontaneum]	Saccharum spontaneum	Blastx
SRR22534740	NODE_43321_length_554_cov_11.608445	79.6	554	113	0.867257	2.06e-45	acc|GENBANK|AGM61329.1|GENBANK|KC170726|histone H4 like-protein [Cotesia sesamiae bracovirus]	Cotesia sesamiae bracovirus	Blastx
SRR22534740	NODE_6924_length_1897_cov_18.932403	34.5	1897	368	0.937500	2.13e-45	acc|GENBANK|QFG73671.1|GENBANK|MN448266|peptidase family M20/M25/M40 [Megaviridae environmental sample]	Megaviridae environmental sample	Blastx
SRR22534740	NODE_31090_length_310_cov_1.851986	77.5	310	1472	0.069293	2.20e-45	acc|GENBANK|AAL68641.1|GENBANK|AF458765|polyprotein [Oryza sativa Japonica Group]	Oryza sativa Japonica Group	Blastx
SRR22534740	NODE_29948_length_795_cov_2.930446	42.2	795	687	0.296943	2.75e-45	acc|GENBANK|AYV77951.1|GENBANK|MK072068|DEAD/SNF2-like helicase [Edafosvirus sp.]	Edafosvirus sp.	Blastx
SRR22534740	NODE_233_length_1485_cov_15.742424	48.5	1485	371	0.460916	3.15e-45	acc|GENBANK|WNO13897.1|GENBANK|OQ968270|capsid protein [Berere partitivirus]	Berere partitivirus	Blastx
SRR22534740	NODE_6342_length_1075_cov_12.200576	94.8	1075	113	0.681416	3.26e-45	acc|GENBANK|QDH76139.1|GENBANK|MK948414|putative gag protein [Porcine endogenous retrovirus]	Porcine endogenous retrovirus	Blastx
SRR22534740	NODE_35752_length_664_cov_11.000000	54.9	664	226	0.637168	3.53e-45	acc|GENBANK|ARF08362.1|GENBANK|KY684083|cyclophilin type peptidyl-prolyl cis-trans [Catovirus CTV1]	Catovirus CTV1	Blastx
SRR22534740	NODE_5505_length_1080_cov_4.957975	48.4	1080	925	0.205405	3.88e-45	acc|GENBANK|ABY48139.1|GENBANK|EU306659|NORK [Medicago truncatula]	Medicago truncatula	Blastx
SRR22534740	NODE_4450_length_321_cov_28.968750	96.3	321	137	0.583942	3.88e-45	acc|GENBANK|XKM46647.1|GENBANK|PQ442261|hypothetical protein [Micromonas commoda virus 20T]	Micromonas commoda virus 20T	Blastx
SRR22534740	NODE_39047_length_1145_cov_7.142986	34.2	1145	678	0.517699	4.07e-45	acc|GENBANK|CCQ71325.1|GENBANK|HF586476|hypothetical kinesin-like protein KIF3 [Cotesia congregata]	Cotesia congregata	Blastx
SRR22534740	NODE_36133_length_601_cov_15.813380	47.1	601	733	0.283765	4.26e-45	acc|GENBANK|CCQ71393.1|GENBANK|HF586480|hypothetical cysteinyl-tRNA synthetase CARS [Cotesia congregata]	Cotesia congregata	Blastx
SRR22534740	NODE_5494_length_1039_cov_7.664016	37.7	1039	518	0.542471	4.84e-45	acc|GENBANK|QPI16131.1|GENBANK|MW030532|hypothetical protein [Virus NIOZ-UU157]	Virus NIOZ-UU157	Blastx
SRR22534740	NODE_10713_length_596_cov_2.174067	42.9	596	321	0.616822	5.20e-45	acc|GENBANK|AYV82329.1|GENBANK|MK072362|fructose-1,6-bisphosphatase, cytosolic-like [Homavirus sp.]	Homavirus sp.	Blastx
SRR22534740	NODE_5088_length_241_cov_36.288462	97.5	241	1960	0.040306	5.42e-45	acc|REFSEQ|YP_009134730.1|REFSEQ|NC_026248|replicase polyprotein [Yam latent virus]	Yam latent virus	Blastx
SRR22534740	NODE_44328_length_977_cov_2.681144	42.2	977	925	0.263784	6.74e-45	acc|GENBANK|ABY48139.1|GENBANK|EU306659|NORK [Medicago truncatula]	Medicago truncatula	Blastx
SRR22534740	NODE_7282_length_669_cov_93.127358	79.6	669	113	0.867257	7.86e-45	acc|GENBANK|AGM61329.1|GENBANK|KC170726|histone H4 like-protein [Cotesia sesamiae bracovirus]	Cotesia sesamiae bracovirus	Blastx
SRR22534740	NODE_5896_length_1269_cov_20.457929	41.6	1269	404	0.571782	1.03e-44	acc|GENBANK|QBK87013.1|GENBANK|MK500340|phosphoribosyl transferase [Marseillevirus LCMAC103]	Marseillevirus LCMAC103	Blastx
SRR22534740	NODE_26336_length_427_cov_4.550761	64.3	427	230	0.500000	1.06e-44	acc|GENBANK|AAK84475.1|GENBANK|AF275345|unknown [Solanum lycopersicum]	Solanum lycopersicum	Blastx
SRR22534740	NODE_5015_length_970_cov_5.020277	33.9	970	759	0.438735	1.10e-44	acc|GENBANK|ACN78962.1|GENBANK|FJ225394|methyltransferase [Glycine max]	Glycine max	Blastx
SRR22534740	NODE_43459_length_1870_cov_9.751225	34.7	1870	299	1.030100	1.16e-44	acc|GENBANK|QRE02559.1|GENBANK|MN545489|hypothetical protein [Otarine gammaherpesvirus 4]	Otarine gammaherpesvirus 4	Blastx
SRR22534740	NODE_24420_length_1139_cov_12.598553	30.5	1139	499	0.697395	1.18e-44	acc|GENBANK|CCQ71356.1|GENBANK|HF586477|hypothetical E3 ubiquitin-protein ligase ARI [Cotesia congregata]	Cotesia congregata	Blastx
SRR22534740	NODE_1837_length_588_cov_30.706306	46.8	588	562	0.357651	1.22e-44	acc|GENBANK|QDY52375.1|GENBANK|MK250091|asparagine synthase [Mimiviridae sp. ChoanoV1]	Mimiviridae sp. ChoanoV1	Blastx
SRR22534740	NODE_41960_length_1190_cov_7.114952	37.3	1190	1790	0.155866	1.49e-44	acc|REFSEQ|YP_009481560.1|REFSEQ|NC_037665|serine-threonine kinase [Pandoravirus macleodensis]	Pandoravirus macleodensis	Blastx
SRR22534740	NODE_35004_length_2818_cov_8.428366	35.5	2818	1178	0.269949	1.58e-44	acc|GENBANK|AUF82698.1|GENBANK|KY322437|DNA-directed RNA polymerase II subunit Rpb2 [Tetraselmis virus 1]	Tetraselmis virus 1	Blastx
SRR22534740	NODE_6872_length_1724_cov_13.675931	38.7	1724	1602	0.179151	1.61e-44	acc|GENBANK|BFL60982.1|GENBANK|LC813553|tyrosine kinase family protein [Moumouvirus lavasanguinem]	Moumouvirus lavasanguinem	Blastx
SRR22534740	NODE_32680_length_540_cov_3.392505	65.2	540	352	0.318182	1.62e-44	acc|GENBANK|WGU26813.1|GENBANK|OQ503488|hypothetical protein [Triticum monococcum]	Triticum monococcum	Blastx
SRR22534740	NODE_29995_length_1187_cov_12.827556	42.3	1187	1793	0.134412	1.97e-44	acc|GENBANK|CCQ71366.1|GENBANK|HF586479|hypothetical serine/threonine protein kinase [Cotesia congregata]	Cotesia congregata	Blastx
SRR22534740	NODE_42889_length_653_cov_5.411290	43.9	653	604	0.392384	3.11e-44	acc|GENBANK|ABH08432.1|GENBANK|DQ851167|putative non-inducible immunity 1 [Beta vulgaris]	Beta vulgaris	Blastx
SRR22534740	NODE_34150_length_1037_cov_5.205179	31.8	1037	388	0.827320	4.05e-44	acc|GENBANK|CCQ71327.1|GENBANK|HF586476|hypothetical protein kinase Pka-C1 [Cotesia congregata]	Cotesia congregata	Blastx
SRR22534740	NODE_40525_length_1876_cov_3.742268	28.5	1876	593	0.962901	4.09e-44	acc|GENBANK|QIN54545.1|GENBANK|MN873693|ABC-2 type transporter [Cedratvirus kamchatka]	Cedratvirus kamchatka	Blastx
SRR22534740	NODE_1517_length_1398_cov_14.996337	32.5	1398	379	1.005277	4.16e-44	acc|GENBANK|ADB85364.1|GENBANK|GQ252868|putative alcohol dehydrogenase 2 [Phyllostachys edulis]	Phyllostachys edulis	Blastx
SRR22534740	NODE_5605_length_1259_cov_5.797716	34.0	1259	767	0.367666	4.26e-44	acc|GENBANK|QBK88429.1|GENBANK|MK500389|S9 family peptidase [Mimivirus LCMiAC01]	Mimivirus LCMiAC01	Blastx
SRR22534740	NODE_1230_length_1465_cov_16.603352	37.1	1465	299	0.936455	4.75e-44	acc|GENBANK|QRE02559.1|GENBANK|MN545489|hypothetical protein [Otarine gammaherpesvirus 4]	Otarine gammaherpesvirus 4	Blastx
SRR22534740	NODE_1280_length_1321_cov_16.420031	38.6	1321	481	0.582121	5.19e-44	acc|GENBANK|AYV78868.1|GENBANK|MK072106|glycyl-tRNA synthetase [Edafosvirus sp.]	Edafosvirus sp.	Blastx
SRR22534740	NODE_3489_length_331_cov_35.731544	67.9	331	543	0.200737	5.32e-44	acc|GENBANK|QFG74725.1|GENBANK|MN448290|phosphoenolpyruvate carboxykinase [Megaviridae environmental sample]	Megaviridae environmental sample	Blastx
SRR22534740	NODE_43793_length_980_cov_9.015839	36.7	980	1617	0.165121	5.84e-44	acc|GENBANK|AQN68650.1|GENBANK|KY110734|protein tyrosine kinase (PTK) family protein [Saudi moumouvirus]	Saudi moumouvirus	Blastx
SRR22534740	NODE_10196_length_467_cov_2.527650	75.0	467	1161	0.086133	5.96e-44	acc|GENBANK|AAP06788.1|GENBANK|AY234827|phytochrome B1 apoprotein [Zea mays]	Zea mays	Blastx
SRR22534740	NODE_36376_length_717_cov_9.288012	45.7	717	299	0.732441	6.65e-44	acc|GENBANK|QRE02559.1|GENBANK|MN545489|hypothetical protein [Otarine gammaherpesvirus 4]	Otarine gammaherpesvirus 4	Blastx
SRR22534740	NODE_22940_length_578_cov_3.829358	76.8	578	759	0.130435	6.74e-44	acc|GENBANK|ACN78962.1|GENBANK|FJ225394|methyltransferase [Glycine max]	Glycine max	Blastx
SRR22534740	NODE_34957_length_940_cov_5.690187	47.2	940	325	0.547692	7.96e-44	acc|GENBANK|QDH91349.1|GENBANK|MN036178|hypothetical protein [Partitiviridae sp.]	Partitiviridae sp.	Blastx
SRR22534740	NODE_1798_length_705_cov_156.629464	87.8	705	137	0.656934	9.87e-44	acc|GENBANK|XKM46647.1|GENBANK|PQ442261|hypothetical protein [Micromonas commoda virus 20T]	Micromonas commoda virus 20T	Blastx
SRR22534740	NODE_38272_length_919_cov_27.058691	46.6	919	192	0.906250	1.02e-43	acc|GENBANK|AYV78944.1|GENBANK|MK072120|Ras-related protein Rab-1A [Edafosvirus sp.]	Edafosvirus sp.	Blastx
SRR22534740	NODE_39833_length_2672_cov_7.952634	35.5	2672	2466	0.117599	1.11e-43	acc|GENBANK|AOZ57106.1|GENBANK|KX608896|Serine threonine-protein kinase TOR [Saccharum hybrid cultivar R570]	Saccharum hybrid cultivar R570	Blastx
SRR22534740	NODE_9023_length_1012_cov_4.833504	51.0	1012	1577	0.097020	1.48e-43	acc|GENBANK|AAO73529.1|GENBANK|AY205612|gag-pol polyprotein [Glycine max]	Glycine max	Blastx
SRR22534740	NODE_41802_length_950_cov_14.676118	50.6	950	335	0.471642	1.56e-43	acc|GENBANK|ABY48132.1|GENBANK|EU306659|GH1 protein [Medicago truncatula]	Medicago truncatula	Blastx
SRR22534740	NODE_7008_length_2001_cov_13.898882	31.8	2001	523	0.751434	2.17e-43	acc|GENBANK|AYV78352.1|GENBANK|MK072075|uncharacterized protein [Edafosvirus sp.]	Edafosvirus sp.	Blastx
SRR22534740	NODE_7005_length_1426_cov_17.964824	42.8	1426	543	0.524862	2.30e-43	acc|GENBANK|ADB85407.1|GENBANK|GQ252886|putative protein kinase [Phyllostachys edulis]	Phyllostachys edulis	Blastx
SRR22534740	NODE_8060_length_449_cov_94.043269	52.0	449	371	0.404313	2.43e-43	acc|GENBANK|WNO13897.1|GENBANK|OQ968270|capsid protein [Berere partitivirus]	Berere partitivirus	Blastx
SRR22534740	NODE_34755_length_1155_cov_3.985740	35.8	1155	478	0.665272	2.58e-43	acc|GENBANK|AAK84479.1|GENBANK|AF275345|putative auxin growth promotor protein [Solanum lycopersicum]	Solanum lycopersicum	Blastx
SRR22534740	NODE_1429_length_1098_cov_13.999061	39.8	1098	253	0.972332	2.73e-43	acc|GENBANK|QFG74715.1|GENBANK|MN448290|triosephosphate isomerase [Megaviridae environmental sample]	Megaviridae environmental sample	Blastx
SRR22534740	NODE_30126_length_306_cov_1.344322	70.0	306	383	0.261097	2.76e-43	acc|GENBANK|AEY74312.1|NEIGHBOR|JN654983|ribonucleotide reductase large subunit [Vaccinia virus]	Vaccinia virus	Blastx
SRR22534740	NODE_1880_length_1864_cov_23.323867	56.0	1864	133	1.060150	3.01e-43	acc|GENBANK|CAC43855.1|GENBANK|AJ409162|urease [Solanum ochranthum]	Solanum ochranthum	Blastx
SRR22534740	NODE_40997_length_703_cov_5.171642	50.6	703	1105	0.150226	4.02e-43	acc|GENBANK|AAK84476.1|GENBANK|AF275345|unknown [Solanum lycopersicum]	Solanum lycopersicum	Blastx
SRR22534740	NODE_4491_length_702_cov_1.294469	79.1	702	1281	0.071038	4.12e-43	acc|GENBANK|AAA67727.1|GENBANK|U15647|reverse transcriptase [Mus musculus domesticus]	Mus musculus domesticus	Blastx
SRR22534740	NODE_1249_length_892_cov_14.589057	57.4	892	194	0.701031	4.68e-43	acc|GENBANK|AYV76261.1|GENBANK|MK071983|CuZnSOD [Terrestrivirus sp.]	Terrestrivirus sp.	Blastx
SRR22534740	NODE_8429_length_1362_cov_90.483822	39.7	1362	253	0.936759	5.32e-43	acc|GENBANK|QFG74715.1|GENBANK|MN448290|triosephosphate isomerase [Megaviridae environmental sample]	Megaviridae environmental sample	Blastx
SRR22534740	NODE_41024_length_1653_cov_11.527778	29.6	1653	833	0.450180	5.42e-43	acc|GENBANK|CCQ71385.1|GENBANK|HF586480|hypothetical Homeodomain-interacting protein [Cotesia congregata]	Cotesia congregata	Blastx
SRR22534740	NODE_41971_length_608_cov_7.036522	48.2	608	399	0.416040	5.44e-43	acc|GENBANK|AYV76711.1|GENBANK|MK071990|hypothetical protein [Terrestrivirus sp.]	Terrestrivirus sp.	Blastx
SRR22534740	NODE_39_length_786_cov_20.503320	33.1	786	583	0.445969	5.50e-43	acc|GENBANK|QKF94238.1|GENBANK|MT418680|class II glycyl-tRNA synthetase [Fadolivirus FV1/VV64]	Fadolivirus FV1/VV64	Blastx
SRR22534740	NODE_16411_length_399_cov_3.363388	55.0	399	1019	0.128557	5.54e-43	acc|GENBANK|ABZ80022.1|NEIGHBOR|EU410304|beta-D-galactosidase [synthetic Vaccinia virus]	synthetic Vaccinia virus	Blastx
SRR22534740	NODE_40494_length_1816_cov_8.650589	40.7	1816	456	0.469298	6.73e-43	acc|GENBANK|QIG60127.1|GENBANK|MN940580|DNA-directed RNA polymerase II subunit RPB1 [Dishui Lake large algae virus 1]	Dishui Lake large algae virus 1	Blastx
SRR22534740	NODE_44570_length_300_cov_18.528090	74.0	300	405	0.246914	7.86e-43	acc|GENBANK|WGU26824.1|GENBANK|OQ503488|eukaryotic initiation factor 4A-III B-like [Triticum monococcum]	Triticum monococcum	Blastx
SRR22534740	NODE_312_length_945_cov_27.341009	49.7	945	1019	0.161923	7.92e-43	acc|GENBANK|ABZ80022.1|NEIGHBOR|EU410304|beta-D-galactosidase [synthetic Vaccinia virus]	synthetic Vaccinia virus	Blastx
SRR22534740	NODE_31914_length_509_cov_5.147059	52.1	509	912	0.178728	8.00e-43	acc|GENBANK|ACX48824.1|GENBANK|GQ923937|chromomethylase [Zea mays]	Zea mays	Blastx
SRR22534740	NODE_5585_length_1016_cov_6.389624	33.1	1016	414	0.743961	8.58e-43	acc|GENBANK|QKF94081.1|GENBANK|MT418680|serine/threonine-protein kinase [Fadolivirus FV1/VV64]	Fadolivirus FV1/VV64	Blastx
SRR22534740	NODE_38747_length_449_cov_5.158654	50.0	449	309	0.485437	9.00e-43	acc|GENBANK|QKF93832.1|GENBANK|MT418680|serine/threonine-protein kinase [Fadolivirus FV1/VV64]	Fadolivirus FV1/VV64	Blastx
SRR22534740	NODE_38832_length_637_cov_1.620861	69.6	637	666	0.172673	9.32e-43	acc|GENBANK|XDO02262.1|GENBANK|PP542043|Atp-Dependent Zinc Metalloprotease [Florenciella sp. virus SA2]	Florenciella sp. virus SA2	Blastx
SRR22534740	NODE_38756_length_862_cov_7.481303	40.4	862	478	0.512552	9.36e-43	acc|GENBANK|AAK84479.1|GENBANK|AF275345|putative auxin growth promotor protein [Solanum lycopersicum]	Solanum lycopersicum	Blastx
SRR22534740	NODE_40926_length_598_cov_6.260177	47.0	598	159	0.937107	9.49e-43	acc|REFSEQ|YP_010781454.1|REFSEQ|NC_075039|NAD-dependent dehydratase [Tupanvirus soda lake]	Tupanvirus soda lake	Blastx
SRR22534740	NODE_34038_length_415_cov_7.892670	58.4	415	235	0.531915	9.64e-43	acc|GENBANK|BFT93230.1|GENBANK|LC847964|Endonuclease V [Medusavirus sp. 'euryale']	Medusavirus sp. 'euryale'	Blastx
SRR22534740	NODE_17836_length_217_cov_3.048913	100	217	148	0.486486	1.43e-42	acc|GENBANK|AJD23408.1|GENBANK|KJ854430|replication-associated protein [Yam yellow spot mosaic virus]	Yam yellow spot mosaic virus	Blastx
SRR22534740	NODE_43140_length_1376_cov_20.466121	28.4	1376	463	0.950324	1.47e-42	acc|GENBANK|CAE02707.1|GENBANK|AJ575660|hypothetical protein [Yarrowia lipolytica]	Yarrowia lipolytica	Blastx
SRR22534740	NODE_43608_length_2147_cov_14.075686	26.3	2147	646	0.942724	1.61e-42	acc|GENBANK|QKF94735.1|GENBANK|MT418680|long-chain fatty acid CoA synthetase [Fadolivirus FV1/VV64]	Fadolivirus FV1/VV64	Blastx
SRR22534740	NODE_5938_length_767_cov_14.904632	38.8	767	643	0.325039	1.65e-42	acc|GENBANK|AYV75867.1|GENBANK|MK071981|molecular chaperone DnaK [Terrestrivirus sp.]	Terrestrivirus sp.	Blastx
SRR22534740	NODE_268_length_2950_cov_14.165238	25.3	2950	581	1.068847	1.83e-42	acc|GENBANK|QBK88946.1|GENBANK|MK500406|XRN 5'-3' exonuclease [Mimivirus LCMiAC02]	Mimivirus LCMiAC02	Blastx
SRR22534740	NODE_1432_length_680_cov_6.242658	51.2	680	421	0.399050	1.91e-42	acc|GENBANK|AGP03657.1|GENBANK|KF220834|integrase-type DNA-binding superfamily protein [Glycine max]	Glycine max	Blastx
SRR22534740	NODE_4295_length_664_cov_79.993661	48.0	664	212	0.716981	2.40e-42	acc|GENBANK|AYV84543.1|GENBANK|MK072410|hypothetical protein [Hyperionvirus sp.]	Hyperionvirus sp.	Blastx
SRR22534740	NODE_43628_length_2176_cov_15.547830	28.1	2176	609	0.835796	2.81e-42	acc|GENBANK|AYV82371.1|GENBANK|MK072369|exosome complex exonuclease RRP44-like [Homavirus sp.]	Homavirus sp.	Blastx
SRR22534740	NODE_43945_length_864_cov_21.198556	42.7	864	365	0.583562	2.95e-42	acc|GENBANK|CAK7596944.1|GENBANK|OZ003748|Peptidase M24A, methionine aminopeptidase, [Catovirus sp. 'naegleriensis']	Catovirus sp. 'naegleriensis'	Blastx
SRR22534740	NODE_36180_length_1368_cov_9.415730	30.2	1368	344	1.252907	3.04e-42	acc|GENBANK|QFG74169.1|GENBANK|MN448282|aspartyl protease [Megaviridae environmental sample]	Megaviridae environmental sample	Blastx
SRR22534740	NODE_15119_length_836_cov_3.425903	36.1	836	759	0.328063	3.08e-42	acc|GENBANK|ACN78962.1|GENBANK|FJ225394|methyltransferase [Glycine max]	Glycine max	Blastx
SRR22534740	NODE_39749_length_823_cov_16.407595	44.3	823	226	0.738938	3.39e-42	acc|GENBANK|ARF08362.1|GENBANK|KY684083|cyclophilin type peptidyl-prolyl cis-trans [Catovirus CTV1]	Catovirus CTV1	Blastx
SRR22534740	NODE_6667_length_1529_cov_4.590241	36.8	1529	925	0.328649	3.83e-42	acc|GENBANK|ABY48139.1|GENBANK|EU306659|NORK [Medicago truncatula]	Medicago truncatula	Blastx
SRR22534740	NODE_39558_length_745_cov_2.348315	44.7	745	299	0.658863	3.87e-42	acc|GENBANK|QRE02559.1|GENBANK|MN545489|hypothetical protein [Otarine gammaherpesvirus 4]	Otarine gammaherpesvirus 4	Blastx
SRR22534740	NODE_16264_length_1303_cov_2.636220	33.1	1303	1232	0.311688	4.44e-42	acc|GENBANK|ADK47521.1|GENBANK|HM124452|RDG2A [Hordeum vulgare subsp. vulgare]	Hordeum vulgare subsp. vulgare	Blastx
SRR22534740	NODE_18910_length_678_cov_8.821705	34.5	678	320	0.706250	4.50e-42	acc|GENBANK|ARF09286.1|GENBANK|KY684084|serine/threonine protein kinase [Catovirus CTV1]	Catovirus CTV1	Blastx
SRR22534740	NODE_33482_length_922_cov_18.008999	38.6	922	204	0.990196	4.67e-42	acc|GENBANK|ARF08647.1|GENBANK|KY684083|phosphoribulokinase / Uridine kinase family [Catovirus CTV1]	Catovirus CTV1	Blastx
SRR22534740	NODE_43665_length_678_cov_3.848062	46.3	678	159	0.937107	4.69e-42	acc|REFSEQ|YP_010781454.1|REFSEQ|NC_075039|NAD-dependent dehydratase [Tupanvirus soda lake]	Tupanvirus soda lake	Blastx
SRR22534740	NODE_2437_length_649_cov_10.725649	58.1	649	168	0.809524	6.28e-42	acc|GENBANK|ALM55108.1|GENBANK|KT734804|truncated virescens [Phoenix dactylifera]	Phoenix dactylifera	Blastx
SRR22534740	NODE_7031_length_1584_cov_14.054803	33.4	1584	396	0.800505	7.47e-42	acc|GENBANK|QBK92180.1|GENBANK|MK500568|DEAD/DEAH box helicase [Pithovirus LCPAC304]	Pithovirus LCPAC304	Blastx
SRR22534740	NODE_6327_length_1478_cov_12.823529	33.2	1478	1033	0.362052	7.90e-42	acc|REFSEQ|YP_010782239.1|REFSEQ|NC_075039|putative ATP-citrate synthase [Tupanvirus soda lake]	Tupanvirus soda lake	Blastx
SRR22534740	NODE_33483_length_595_cov_4.206406	49.1	595	678	0.258112	8.39e-42	acc|GENBANK|CCQ71325.1|GENBANK|HF586476|hypothetical kinesin-like protein KIF3 [Cotesia congregata]	Cotesia congregata	Blastx
SRR22534740	NODE_45718_length_611_cov_6.702422	43.4	611	729	0.268861	1.01e-41	acc|REFSEQ|YP_003969830.1|REFSEQ|NC_014637|putative ubiquitin-conjugating enzyme E2 [Cafeteria roenbergensis virus BV-PW1]	Cafeteria roenbergensis virus BV-PW1	Blastx
SRR22534740	NODE_43122_length_654_cov_4.623188	43.8	654	642	0.327103	1.24e-41	acc|GENBANK|ARF10282.1|GENBANK|KY684103|dynamin family protein [Hokovirus HKV1]	Hokovirus HKV1	Blastx
SRR22534740	NODE_44704_length_2119_cov_14.320709	36.6	2119	299	0.976589	1.35e-41	acc|GENBANK|QRE02559.1|GENBANK|MN545489|hypothetical protein [Otarine gammaherpesvirus 4]	Otarine gammaherpesvirus 4	Blastx
SRR22534740	NODE_627_length_2293_cov_16.368584	34.1	2293	319	0.965517	1.37e-41	acc|GENBANK|AYV83965.1|GENBANK|MK072397|L-galactose dehydrogenase [Hyperionvirus sp.]	Hyperionvirus sp.	Blastx
SRR22534740	NODE_2541_length_969_cov_9.792735	42.1	969	206	0.922330	1.53e-41	acc|GENBANK|AYV78414.1|GENBANK|MK072077|putative ras-related protein Rab-10-like [Edafosvirus sp.]	Edafosvirus sp.	Blastx
SRR22534740	NODE_24373_length_304_cov_2.520295	70.7	304	1472	0.067255	1.65e-41	acc|GENBANK|AAL68641.1|GENBANK|AF458765|polyprotein [Oryza sativa Japonica Group]	Oryza sativa Japonica Group	Blastx
SRR22534740	NODE_6041_length_1847_cov_10.528115	30.5	1847	491	0.767821	1.91e-41	acc|GENBANK|QIG59637.1|GENBANK|MN940577|hypothetical protein [Dishui Lake phycodnavirus 2]	Dishui Lake phycodnavirus 2	Blastx
SRR22534740	NODE_5867_length_730_cov_102.322812	50.7	730	143	0.951049	1.98e-41	acc|GENBANK|UOG94409.1|NEIGHBOR|OM876856|eukaryotic translation initiation factor [Aureococcus anophagefferens virus]	Aureococcus anophagefferens virus	Blastx
SRR22534740	NODE_38017_length_699_cov_17.459459	51.7	699	226	0.632743	2.11e-41	acc|GENBANK|ARF08362.1|GENBANK|KY684083|cyclophilin type peptidyl-prolyl cis-trans [Catovirus CTV1]	Catovirus CTV1	Blastx
SRR22534740	NODE_42412_length_699_cov_4.130631	37.3	699	348	0.678161	2.16e-41	acc|GENBANK|AYV86709.1|GENBANK|MK072513|hypothetical protein [Sylvanvirus sp.]	Sylvanvirus sp.	Blastx
SRR22534740	NODE_44069_length_1725_cov_5.180851	79.6	1725	113	0.867257	2.44e-41	acc|GENBANK|AGM61329.1|GENBANK|KC170726|histone H4 like-protein [Cotesia sesamiae bracovirus]	Cotesia sesamiae bracovirus	Blastx
SRR22534740	NODE_20317_length_230_cov_1.000000	81.3	230	188	0.398936	3.20e-41	acc|GENBANK|ADG59810.1|GENBANK|HM015250|gag-pol polyprotein [Fraxinus excelsior]	Fraxinus excelsior	Blastx
SRR22534740	NODE_4489_length_495_cov_3.896104	58.5	495	201	0.671642	3.25e-41	acc|GENBANK|WGU26826.1|GENBANK|OQ503488|casparian strip membrane protein [Triticum monococcum]	Triticum monococcum	Blastx
SRR22534740	NODE_37436_length_404_cov_12.905660	60.5	404	776	0.159794	3.28e-41	acc|GENBANK|ABY48135.1|GENBANK|EU306659|beta-D-xylosidase [Medicago truncatula]	Medicago truncatula	Blastx
SRR22534740	NODE_5484_length_1579_cov_14.672057	34.1	1579	2224	0.179406	3.94e-41	acc|GENBANK|AYV81995.1|GENBANK|MK072332|putative CAD protein isoform X1 [Homavirus sp.]	Homavirus sp.	Blastx
SRR22534740	NODE_1080_length_1311_cov_10.110329	36.7	1311	1573	0.176732	4.28e-41	acc|REFSEQ|YP_007354741.1|REFSEQ|NC_020104|serine-threonine kinase [Acanthamoeba polyphaga moumouvirus]	Acanthamoeba polyphaga moumouvirus	Blastx
SRR22534740	NODE_30364_length_996_cov_5.147456	40.3	996	299	0.789298	4.47e-41	acc|GENBANK|QRE02559.1|GENBANK|MN545489|hypothetical protein [Otarine gammaherpesvirus 4]	Otarine gammaherpesvirus 4	Blastx
SRR22534740	NODE_849_length_303_cov_100.985185	79.0	303	214	0.378505	4.66e-41	acc|GENBANK|UZE89726.1|GENBANK|ON704650|hypothetical protein [Parapoynx stagnalis nucleopolyhedrovirus]	Parapoynx stagnalis nucleopolyhedrovirus	Blastx
SRR22534740	NODE_14246_length_1022_cov_7.008089	42.0	1022	613	0.376835	5.45e-41	acc|GENBANK|ADB85401.1|GENBANK|GQ252886|putative pollen-specific kinase [Phyllostachys edulis]	Phyllostachys edulis	Blastx
SRR22534740	NODE_34172_length_420_cov_6.509044	51.0	420	706	0.222380	5.71e-41	acc|GENBANK|WGU26822.1|GENBANK|OQ503488|OPT oligopeptide transporter protein [Triticum monococcum]	Triticum monococcum	Blastx
SRR22534740	NODE_29027_length_339_cov_2.245098	65.5	339	1161	0.094746	6.77e-41	acc|GENBANK|AAP06788.1|GENBANK|AY234827|phytochrome B1 apoprotein [Zea mays]	Zea mays	Blastx
SRR22534740	NODE_42090_length_975_cov_4.102972	32.8	975	368	0.894022	6.86e-41	acc|GENBANK|QFG73671.1|GENBANK|MN448266|peptidase family M20/M25/M40 [Megaviridae environmental sample]	Megaviridae environmental sample	Blastx
SRR22534740	NODE_36539_length_697_cov_10.504518	44.3	697	925	0.200000	8.97e-41	acc|GENBANK|ABY48139.1|GENBANK|EU306659|NORK [Medicago truncatula]	Medicago truncatula	Blastx
SRR22534740	NODE_4817_length_445_cov_3.871359	47.7	445	309	0.482201	1.08e-40	acc|GENBANK|QKF93832.1|GENBANK|MT418680|serine/threonine-protein kinase [Fadolivirus FV1/VV64]	Fadolivirus FV1/VV64	Blastx
SRR22534740	NODE_1479_length_1701_cov_8.792566	32.2	1701	630	0.547619	1.30e-40	acc|GENBANK|WIL05472.1|GENBANK|OQ413582|ABC2 type transporter superfamily protein [Pithovirus mammoth]	Pithovirus mammoth	Blastx
SRR22534740	NODE_40182_length_725_cov_4.394509	47.7	725	261	0.578544	1.42e-40	acc|GENBANK|ARF08832.1|GENBANK|KY684083|caspase domain protein [Catovirus CTV1]	Catovirus CTV1	Blastx
SRR22534740	NODE_3580_length_4237_cov_15.794719	68.9	4237	116	0.913793	1.46e-40	acc|GENBANK|QOI90342.1|GENBANK|MT663535|hypothetical protein [Pyramimonas orientalis virus]	Pyramimonas orientalis virus	Blastx
SRR22534740	NODE_42065_length_2031_cov_5.788288	30.1	2031	397	0.937028	1.49e-40	acc|REFSEQ|YP_009173589.1|REFSEQ|NC_028094|Helicase 45 [Chrysochromulina ericina virus]	Chrysochromulina ericina virus	Blastx
SRR22534740	NODE_5428_length_1517_cov_6.467655	34.0	1517	871	0.381171	1.57e-40	acc|GENBANK|AGE52914.1|GENBANK|JX997166|calcium-transporting ATPase, plasma [Paramecium bursaria Chlorella virus CZ-2]	Paramecium bursaria Chlorella virus CZ-2	Blastx
SRR22534740	NODE_4722_length_406_cov_26.380697	58.5	406	423	0.307329	1.84e-40	acc|GENBANK|CAA38181.1|GENBANK|X54284|phosphoglycerate kinase [Trichoderma viride]	Trichoderma viride	Blastx
SRR22534740	NODE_5241_length_1163_cov_8.005310	32.2	1163	405	0.767901	1.92e-40	acc|GENBANK|WGU26824.1|GENBANK|OQ503488|eukaryotic initiation factor 4A-III B-like [Triticum monococcum]	Triticum monococcum	Blastx
SRR22534740	NODE_30086_length_343_cov_1.896774	58.3	343	302	0.357616	1.95e-40	acc|GENBANK|QBK92300.1|GENBANK|MK500573|NAD dependent epimerase/dehydratase [Pithovirus LCPAC304]	Pithovirus LCPAC304	Blastx
SRR22534740	NODE_47592_length_246_cov_1.098592	77.8	246	378	0.214286	2.01e-40	acc|GENBANK|ACN72775.1|GENBANK|FJ791046|delta-12 oleate desaturase [Helianthus annuus]	Helianthus annuus	Blastx
SRR22534740	NODE_42627_length_771_cov_103.493225	36.9	771	672	0.370536	2.07e-40	acc|GENBANK|BCS83340.1|GENBANK|AP024483|putative ATP-dependent RNA helicase [Cotonvirus japonicus]	Cotonvirus japonicus	Blastx
SRR22534740	NODE_1917_length_211_cov_23672.550562	90.6	211	110	0.581818	2.27e-40	acc|REFSEQ|YP_009116873.1|REFSEQ|NC_026248|nucleic acid binding protein [Yam latent virus]	Yam latent virus	Blastx
SRR22534740	NODE_40929_length_654_cov_7.169082	47.2	654	925	0.194595	2.64e-40	acc|GENBANK|ABY48139.1|GENBANK|EU306659|NORK [Medicago truncatula]	Medicago truncatula	Blastx
SRR22534740	NODE_42923_length_1255_cov_5.981997	36.0	1255	279	0.906810	2.98e-40	acc|GENBANK|ARF12509.1|GENBANK|KY684113|stomatin family protein [Klosneuvirus KNV1]	Klosneuvirus KNV1	Blastx
SRR22534740	NODE_2502_length_1465_cov_20.808659	27.2	1465	463	0.967603	3.58e-40	acc|GENBANK|CAE02707.1|GENBANK|AJ575660|hypothetical protein [Yarrowia lipolytica]	Yarrowia lipolytica	Blastx
SRR22534740	NODE_43433_length_1316_cov_11.189400	35.1	1316	1617	0.186766	3.64e-40	acc|GENBANK|AQN68650.1|GENBANK|KY110734|protein tyrosine kinase (PTK) family protein [Saudi moumouvirus]	Saudi moumouvirus	Blastx
SRR22534740	NODE_2470_length_1214_cov_8.837426	48.9	1214	793	0.232030	3.98e-40	acc|GENBANK|BDT63291.1|GENBANK|LC738883|guanylate kinase-like protein [Armadillidium vulgare clopovirus]	Armadillidium vulgare clopovirus	Blastx
SRR22534740	NODE_18154_length_349_cov_1.655063	57.8	349	706	0.154391	4.00e-40	acc|GENBANK|WGU26822.1|GENBANK|OQ503488|OPT oligopeptide transporter protein [Triticum monococcum]	Triticum monococcum	Blastx
SRR22534740	NODE_15814_length_248_cov_1.595349	84.1	248	1298	0.063174	4.21e-40	acc|GENBANK|BAD34493.1|GENBANK|AB162659|Gag-Pol [Ipomoea batatas]	Ipomoea batatas	Blastx
SRR22534740	NODE_40952_length_1108_cov_4.149767	45.0	1108	334	0.571856	5.31e-40	acc|GENBANK|QBK91883.1|GENBANK|MK500566|GDP-mannose 4,6 dehydratase [Pithovirus LCPAC304]	Pithovirus LCPAC304	Blastx
SRR22534740	NODE_3270_length_2465_cov_8.041941	71.9	2465	489	0.196319	5.51e-40	acc|GENBANK|AAK84471.1|GENBANK|AF275345|putative permease [Solanum lycopersicum]	Solanum lycopersicum	Blastx
SRR22534740	NODE_1361_length_1517_cov_68.650270	30.0	1517	344	1.241279	5.68e-40	acc|GENBANK|QFG74169.1|GENBANK|MN448282|aspartyl protease [Megaviridae environmental sample]	Megaviridae environmental sample	Blastx
SRR22534740	NODE_12002_length_545_cov_2.710938	45.1	545	191	0.858639	6.93e-40	acc|GENBANK|AAK16153.1|GENBANK|AF326577|anthocyanin regulatory B protein [Zea mays]	Zea mays	Blastx
SRR22534740	NODE_26465_length_862_cov_3.353438	38.0	862	631	0.388273	7.00e-40	acc|GENBANK|AYV76068.1|GENBANK|MK071982|hypothetical protein [Terrestrivirus sp.]	Terrestrivirus sp.	Blastx
SRR22534740	NODE_5843_length_788_cov_4.925828	39.8	788	392	0.525510	7.53e-40	acc|GENBANK|AYV77947.1|GENBANK|MK072068|autophagy-related protein 18a-like [Edafosvirus sp.]	Edafosvirus sp.	Blastx
SRR22534740	NODE_26812_length_342_cov_3.737864	66.7	342	586	0.179181	7.77e-40	acc|GENBANK|XHR79381.1|GENBANK|PQ359806|hypothetical protein [Micromonas commoda virus]	Micromonas commoda virus	Blastx
SRR22534740	NODE_35822_length_882_cov_6.705536	34.9	882	321	0.847352	8.02e-40	acc|GENBANK|WIL04514.1|GENBANK|OQ413581|3-phosphoglycerate dehydrogenase [Cedratvirus duvanny]	Cedratvirus duvanny	Blastx
SRR22534740	NODE_28112_length_777_cov_3.934140	44.4	777	438	0.452055	8.42e-40	acc|REFSEQ|YP_010781415.1|REFSEQ|NC_075039|hypothetical protein [Tupanvirus soda lake]	Tupanvirus soda lake	Blastx
SRR22534740	NODE_43865_length_1712_cov_24.175104	28.3	1712	586	0.820819	9.89e-40	acc|GENBANK|XHR79381.1|GENBANK|PQ359806|hypothetical protein [Micromonas commoda virus]	Micromonas commoda virus	Blastx
SRR22534740	NODE_1551_length_1010_cov_173.329580	52.2	1010	138	0.971014	1.33e-39	acc|GENBANK|BCT22789.1|GENBANK|LC613089|nucleoside diphosphate kinase [Carp edema virus]	Carp edema virus	Blastx
SRR22534740	NODE_43165_length_1527_cov_17.352075	27.1	1527	395	0.962025	1.36e-39	acc|GENBANK|QDY52265.1|GENBANK|MK250089|hypothetical protein [Mimiviridae sp. ChoanoV1]	Mimiviridae sp. ChoanoV1	Blastx
SRR22534740	NODE_33518_length_695_cov_6.489426	55.2	695	299	0.418060	1.51e-39	acc|GENBANK|UOG94093.1|NEIGHBOR|OM876856|serine threonine-protein phosphatase [Aureococcus anophagefferens virus]	Aureococcus anophagefferens virus	Blastx
SRR22534740	NODE_731_length_3328_cov_31.887709	77.0	3328	102	0.852941	1.63e-39	acc|GENBANK|CAD45443.1|GENBANK|AJ507397|coat protein [Iris mild mosaic virus]	Iris mild mosaic virus	Blastx
SRR22534740	NODE_1418_length_868_cov_18.382036	47.2	868	249	0.714859	1.71e-39	acc|GENBANK|QKY77335.1|GENBANK|MT637187|MADS-box transcription factor SHP1.A9 [Brassica napus]	Brassica napus	Blastx
SRR22534740	NODE_40804_length_1719_cov_12.314353	33.9	1719	321	0.984424	1.80e-39	acc|GENBANK|WIL03931.1|GENBANK|OQ413577|2-hydroxyacid dehydrogenase [Cedratvirus lena]	Cedratvirus lena	Blastx
SRR22534740	NODE_1212_length_822_cov_29.411914	43.5	822	213	0.906103	2.28e-39	acc|GENBANK|QBK87565.1|GENBANK|MK500358|ribulose-phosphate 3 epimerase family protein [Marseillevirus LCMAC201]	Marseillevirus LCMAC201	Blastx
SRR22534740	NODE_40469_length_340_cov_2.504886	60.6	340	310	0.351613	2.52e-39	acc|GENBANK|QBK88363.1|GENBANK|MK500388|NAD dependent epimerase/dehydratase [Mimivirus LCMiAC01]	Mimivirus LCMiAC01	Blastx
SRR22534740	NODE_15843_length_568_cov_2.749533	45.7	568	1643	0.114425	3.20e-39	acc|GENBANK|AHA46230.1|GENBANK|KF527888|serine/threonine protein kinase [Insectomime virus]	Insectomime virus	Blastx
SRR22534740	NODE_37479_length_1610_cov_10.759670	47.8	1610	288	0.552083	3.27e-39	acc|GENBANK|QMP82376.1|GENBANK|MT153362|hypothetical protein [red goblin roach virus 1]	red goblin roach virus 1	Blastx
SRR22534740	NODE_42527_length_1119_cov_14.428177	33.4	1119	570	0.535088	3.77e-39	acc|GENBANK|AYV82503.1|GENBANK|MK072383|putative vacuolar protein sortingassociated [Hyperionvirus sp.]	Hyperionvirus sp.	Blastx
SRR22534740	NODE_3046_length_1743_cov_75.064327	32.1	1743	379	0.878628	4.00e-39	acc|GENBANK|AAT99858.1|GENBANK|AY598438|unknown [Diachasmimorpha longicaudata entomopoxvirus]	Diachasmimorpha longicaudata entomopoxvirus	Blastx
SRR22534740	NODE_25555_length_808_cov_11.463226	36.9	808	279	0.845878	4.17e-39	acc|GENBANK|ARF12509.1|GENBANK|KY684113|stomatin family protein [Klosneuvirus KNV1]	Klosneuvirus KNV1	Blastx
SRR22534740	NODE_198_length_839_cov_2.740695	43.3	839	258	0.581395	4.56e-39	acc|GENBANK|WMV02893.1|GENBANK|OP630990|alpha-tubulin [Diderma spumarioides]	Diderma spumarioides	Blastx
SRR22534740	NODE_18886_length_821_cov_4.463198	38.6	821	403	0.565757	5.02e-39	acc|GENBANK|AYV82314.1|GENBANK|MK072360|translation initiation factor 4A-III [Homavirus sp.]	Homavirus sp.	Blastx
SRR22534740	NODE_35458_length_400_cov_11.425068	51.3	400	706	0.215297	5.29e-39	acc|GENBANK|WGU26822.1|GENBANK|OQ503488|OPT oligopeptide transporter protein [Triticum monococcum]	Triticum monococcum	Blastx
SRR22534740	NODE_33271_length_451_cov_9.282297	53.0	451	759	0.176548	6.58e-39	acc|GENBANK|ACN78962.1|GENBANK|FJ225394|methyltransferase [Glycine max]	Glycine max	Blastx
SRR22534740	NODE_16973_length_518_cov_4.105155	46.4	518	461	0.364425	7.45e-39	acc|REFSEQ|YP_010780251.1|REFSEQ|NC_075038|alanyl-tRNA synthetase [Tupanvirus deep ocean]	Tupanvirus deep ocean	Blastx
SRR22534740	NODE_17260_length_583_cov_4.283636	44.6	583	925	0.189189	8.85e-39	acc|GENBANK|ABY48139.1|GENBANK|EU306659|NORK [Medicago truncatula]	Medicago truncatula	Blastx
SRR22534740	NODE_26802_length_1417_cov_3.389451	32.4	1417	426	0.875587	9.20e-39	acc|GENBANK|QBK87330.1|GENBANK|MK500349|calcineurin-like phosphoesterase [Marseillevirus LCMAC201]	Marseillevirus LCMAC201	Blastx
SRR22534740	NODE_48883_length_1056_cov_12.479961	55.6	1056	558	0.270609	9.71e-39	acc|GENBANK|QOR60244.1|GENBANK|MK522034|hypothetical protein [Bathycoccus sp. RCC716 virus 1]	Bathycoccus sp. RCC716 virus 1	Blastx
SRR22534740	NODE_3653_length_1015_cov_10.135438	34.9	1015	368	0.801630	1.07e-38	acc|GENBANK|QFG73671.1|GENBANK|MN448266|peptidase family M20/M25/M40 [Megaviridae environmental sample]	Megaviridae environmental sample	Blastx
SRR22534740	NODE_44502_length_2966_cov_21.158541	50.3	2966	179	0.821229	1.16e-38	acc|GENBANK|AYV77848.1|GENBANK|MK072067|peptide-methionine (S)-S-oxide reductase [Edafosvirus sp.]	Edafosvirus sp.	Blastx
SRR22534740	NODE_43158_length_809_cov_8.014175	45.9	809	925	0.197838	1.20e-38	acc|GENBANK|ABY48139.1|GENBANK|EU306659|NORK [Medicago truncatula]	Medicago truncatula	Blastx
SRR22534740	NODE_43179_length_1040_cov_7.765641	34.6	1040	727	0.334250	1.37e-38	acc|GENBANK|ADB85269.1|GENBANK|GQ252805|putative lectin-like protein kinase [Phyllostachys edulis]	Phyllostachys edulis	Blastx
SRR22534740	NODE_14605_length_585_cov_3.514493	47.7	585	2037	0.085420	1.39e-38	acc|GENBANK|ABG37663.1|GENBANK|DQ536170|CCHC-type integrase [Populus trichocarpa]	Populus trichocarpa	Blastx
SRR22534740	NODE_43743_length_501_cov_3.784188	49.7	501	585	0.282051	1.54e-38	acc|GENBANK|SPN79811.1|GENBANK|LT994651|ABC2 type transporter superfamily protein [Brazilian cedratvirus IHUMI]	Brazilian cedratvirus IHUMI	Blastx
SRR22534740	NODE_3785_length_1179_cov_9.019197	36.1	1179	1663	0.171377	1.56e-38	acc|GENBANK|BBI30152.1|GENBANK|AP018495|Ser/Thr protein kinase [Acanthamoeba castellanii medusavirus J1]	Acanthamoeba castellanii medusavirus J1	Blastx
SRR22534740	NODE_43506_length_1901_cov_33.198608	34.8	1901	523	0.627151	1.59e-38	acc|GENBANK|QDY51705.1|GENBANK|MK250085|cytosol aminopeptidase family, catalytic domain [Mimiviridae sp. ChoanoV1]	Mimiviridae sp. ChoanoV1	Blastx
SRR22534740	NODE_27245_length_351_cov_2.845912	54.1	351	363	0.305785	1.85e-38	acc|GENBANK|AGU70139.1|GENBANK|KF270090|protein kinase superfamily protein [Tarenaya hassleriana]	Tarenaya hassleriana	Blastx
SRR22534740	NODE_42019_length_1214_cov_30.404742	28.8	1214	702	0.470085	1.92e-38	acc|GENBANK|ARF12034.1|GENBANK|KY684110|copper amine oxidase [Klosneuvirus KNV1]	Klosneuvirus KNV1	Blastx
SRR22534740	NODE_43581_length_670_cov_4.343799	38.2	670	478	0.520921	2.04e-38	acc|GENBANK|AAK84479.1|GENBANK|AF275345|putative auxin growth promotor protein [Solanum lycopersicum]	Solanum lycopersicum	Blastx
SRR22534740	NODE_191_length_2241_cov_9.452446	28.6	2241	495	1.018182	2.10e-38	acc|GENBANK|AUR45128.1|GENBANK|KY550224|global transactivator protein [Spilosoma obliqua nucleopolyhedrosis virus]	Spilosoma obliqua nucleopolyhedrosis virus	Blastx
SRR22534740	NODE_40515_length_312_cov_15.164875	93.8	312	113	0.575221	2.36e-38	acc|GENBANK|QDH76139.1|GENBANK|MK948414|putative gag protein [Porcine endogenous retrovirus]	Porcine endogenous retrovirus	Blastx
SRR22534740	NODE_43548_length_242_cov_26.392344	80.5	242	112	0.687500	2.48e-38	acc|GENBANK|QDH87640.1|GENBANK|MN033519|hypothetical protein [Mitovirus sp.]	Mitovirus sp.	Blastx
SRR22534740	NODE_6365_length_911_cov_2.882688	34.0	911	484	0.516529	2.49e-38	acc|GENBANK|AYV77733.1|GENBANK|MK072066|CYP86A7 [Edafosvirus sp.]	Edafosvirus sp.	Blastx
SRR22534740	NODE_41838_length_992_cov_5.443170	40.1	992	1740	0.159195	2.50e-38	acc|GENBANK|QHN71086.1|GENBANK|MN812837|serine/threonine protein kinase [Mollivirus kamchatka]	Mollivirus kamchatka	Blastx
SRR22534740	NODE_23277_length_575_cov_4.804428	46.1	575	925	0.194595	2.75e-38	acc|GENBANK|ABY48139.1|GENBANK|EU306659|NORK [Medicago truncatula]	Medicago truncatula	Blastx
SRR22534740	NODE_28907_length_274_cov_1.688797	78.9	274	617	0.145867	2.77e-38	acc|GENBANK|ADX06244.1|GENBANK|HQ704803|putative heat shock protein 70 [Organic Lake phycodnavirus 2]	Organic Lake phycodnavirus 2	Blastx
SRR22534740	NODE_25676_length_449_cov_1.822115	56.6	449	1059	0.136922	2.89e-38	acc|REFSEQ|YP_009120775.1|REFSEQ|NC_026440|glutamine amidotransferase [Pandoravirus inopinatum]	Pandoravirus inopinatum	Blastx
SRR22534740	NODE_869_length_1701_cov_5.539568	26.3	1701	424	1.091981	3.01e-38	acc|GENBANK|QIG59707.1|GENBANK|MN940578|6-phosphogluconate dehydrogenase [Dishui Lake phycodnavirus 3]	Dishui Lake phycodnavirus 3	Blastx
SRR22534740	NODE_16646_length_399_cov_18.032787	62.3	399	203	0.522167	3.14e-38	acc|GENBANK|AYV75892.1|GENBANK|MK071981|putative Ras-related protein Rab7 [Terrestrivirus sp.]	Terrestrivirus sp.	Blastx
SRR22534740	NODE_43451_length_1025_cov_6.414315	54.3	1025	578	0.238754	3.36e-38	acc|GENBANK|ARF09587.1|GENBANK|KY684085|DNA topoisomerase IB [Indivirus ILV1]	Indivirus ILV1	Blastx
SRR22534740	NODE_31535_length_394_cov_3.354571	54.6	394	1369	0.094960	3.72e-38	acc|GENBANK|BAG72152.1|GENBANK|AB430326|hypothetical protein [Lotus japonicus]	Lotus japonicus	Blastx
SRR22534740	NODE_43160_length_646_cov_2.489396	38.1	646	925	0.232432	4.62e-38	acc|GENBANK|ABY48139.1|GENBANK|EU306659|NORK [Medicago truncatula]	Medicago truncatula	Blastx
SRR22534740	NODE_37894_length_562_cov_16.568998	49.7	562	759	0.188406	4.75e-38	acc|GENBANK|ACN78962.1|GENBANK|FJ225394|methyltransferase [Glycine max]	Glycine max	Blastx
SRR22534740	NODE_36647_length_416_cov_11.840731	49.0	416	356	0.412921	5.07e-38	acc|REFSEQ|YP_010781468.1|REFSEQ|NC_075039|phenylalanyl-tRNA synthetase [Tupanvirus soda lake]	Tupanvirus soda lake	Blastx
SRR22534740	NODE_3370_length_1004_cov_43.667353	74.4	1004	95	0.947368	5.80e-38	acc|GENBANK|AAL14450.1|GENBANK|AF397035|small ribonuclear protein G7b [Mus musculus]	Mus musculus	Blastx
SRR22534740	NODE_44644_length_1078_cov_12.106220	39.8	1078	189	0.957672	5.95e-38	acc|REFSEQ|YP_009448796.1|REFSEQ|NC_036594|Fatty acid hydroxylase (C-4 methyl sterol [Orpheovirus IHUMI-LCC2]	Orpheovirus IHUMI-LCC2	Blastx
SRR22534740	NODE_3475_length_443_cov_1.968293	67.0	443	352	0.250000	6.53e-38	acc|GENBANK|WGU26813.1|GENBANK|OQ503488|hypothetical protein [Triticum monococcum]	Triticum monococcum	Blastx
SRR22534740	NODE_43969_length_939_cov_3.777042	38.1	939	285	0.856140	6.54e-38	acc|GENBANK|UZT29310.1|GENBANK|OP765584|hypothetical protein [Nucleocytoviricota sp.]	Nucleocytoviricota sp.	Blastx
SRR22534740	NODE_2140_length_877_cov_10.030806	34.6	877	510	0.425490	7.14e-38	acc|REFSEQ|YP_009448801.1|REFSEQ|NC_036594|serine-threonine kinase [Orpheovirus IHUMI-LCC2]	Orpheovirus IHUMI-LCC2	Blastx
SRR22534740	NODE_25431_length_423_cov_2.920513	69.1	423	465	0.174194	7.20e-38	acc|GENBANK|AGL44352.1|GENBANK|JX392394|reverse transcriptase-like domain-containing RBR [Glycine max]	Glycine max	Blastx
SRR22534740	NODE_38454_length_251_cov_42.986239	72.8	251	316	0.256329	7.52e-38	acc|GENBANK|QDY51833.1|GENBANK|MK250085|hypothetical protein [Mimiviridae sp. ChoanoV1]	Mimiviridae sp. ChoanoV1	Blastx
SRR22534740	NODE_1461_length_1593_cov_17.463462	30.9	1593	491	0.659878	7.89e-38	acc|GENBANK|QIG59637.1|GENBANK|MN940577|hypothetical protein [Dishui Lake phycodnavirus 2]	Dishui Lake phycodnavirus 2	Blastx
SRR22534740	NODE_95_length_1766_cov_4.026544	33.3	1766	925	0.347027	8.50e-38	acc|GENBANK|ABY48139.1|GENBANK|EU306659|NORK [Medicago truncatula]	Medicago truncatula	Blastx
SRR22534740	NODE_27151_length_450_cov_10.575540	53.8	450	557	0.236984	8.53e-38	acc|GENBANK|WGU26825.1|GENBANK|OQ503488|putative acyl-activating enzyme 5 [Triticum monococcum]	Triticum monococcum	Blastx
SRR22534740	NODE_30846_length_557_cov_3.423664	58.1	557	564	0.219858	8.75e-38	acc|GENBANK|AWA44801.1|GENBANK|MH182523|ATP-dependent 6-phosphofructokinase [Saccharum officinarum]	Saccharum officinarum	Blastx
SRR22534740	NODE_8397_length_2052_cov_11.775632	32.8	2052	447	0.662192	9.07e-38	acc|REFSEQ|NP_077596.1|REFSEQ|NC_002687|serine-threonine kinase [Ectocarpus siliculosus virus 1]	Ectocarpus siliculosus virus 1	Blastx
SRR22534740	NODE_27289_length_401_cov_9.543478	56.9	401	379	0.343008	9.31e-38	acc|GENBANK|ADB85364.1|GENBANK|GQ252868|putative alcohol dehydrogenase 2 [Phyllostachys edulis]	Phyllostachys edulis	Blastx
SRR22534740	NODE_7014_length_1269_cov_33.486246	32.5	1269	695	0.424460	9.79e-38	acc|GENBANK|XDO02062.1|GENBANK|PP542043|Type I Glyceraldehyde-3-Phosphate Dehydrogenase [Florenciella sp. virus SA2]	Florenciella sp. virus SA2	Blastx
SRR22534740	NODE_16536_length_210_cov_1.785311	94.1	210	728	0.093407	9.98e-38	acc|GENBANK|QFR35755.1|GENBANK|MK737813|phytochrome B [Chandrasekharania keralensis]	Chandrasekharania keralensis	Blastx
SRR22534740	NODE_11825_length_527_cov_4.625506	42.4	527	325	0.523077	1.01e-37	acc|GENBANK|AYV76869.1|GENBANK|MK071999|serine/threonine protein kinase [Barrevirus sp.]	Barrevirus sp.	Blastx
SRR22534740	NODE_337_length_465_cov_46.641204	73.9	465	145	0.765517	1.06e-37	acc|GENBANK|AIC33043.1|GENBANK|KF699327|DNA-directed RNA polymerase IIa [Panax ginseng]	Panax ginseng	Blastx
SRR22534740	NODE_43336_length_1488_cov_13.775258	32.0	1488	557	0.696589	1.12e-37	acc|GENBANK|QKF94091.1|GENBANK|MT418680|bifunctional sulfate [Fadolivirus FV1/VV64]	Fadolivirus FV1/VV64	Blastx
SRR22534740	NODE_35654_length_393_cov_10.136111	51.3	393	299	0.384615	1.22e-37	acc|GENBANK|UOG94093.1|NEIGHBOR|OM876856|serine threonine-protein phosphatase [Aureococcus anophagefferens virus]	Aureococcus anophagefferens virus	Blastx
SRR22534740	NODE_39813_length_779_cov_4.288204	37.8	779	459	0.409586	1.28e-37	acc|GENBANK|BBI30359.1|GENBANK|AP018495|beta-galactosidase [Acanthamoeba castellanii medusavirus J1]	Acanthamoeba castellanii medusavirus J1	Blastx
SRR22534740	NODE_12696_length_1589_cov_2.748072	57.4	1589	143	0.804196	1.28e-37	acc|GENBANK|BAB40832.1|GENBANK|AB033268|reverse transcriptase [Brassica rapa]	Brassica rapa	Blastx
SRR22534740	NODE_35647_length_234_cov_11.761194	78.2	234	335	0.232836	1.30e-37	acc|GENBANK|ABY48132.1|GENBANK|EU306659|GH1 protein [Medicago truncatula]	Medicago truncatula	Blastx
SRR22534740	NODE_10969_length_963_cov_4.723656	51.6	963	476	0.334034	1.35e-37	acc|GENBANK|QPI16652.1|GENBANK|MW030591|serine endoprotease [Virus NIOZ-UU159]	Virus NIOZ-UU159	Blastx
SRR22534740	NODE_35979_length_1080_cov_5.046800	52.3	1080	1793	0.083101	1.42e-37	acc|GENBANK|CCQ71366.1|GENBANK|HF586479|hypothetical serine/threonine protein kinase [Cotesia congregata]	Cotesia congregata	Blastx
SRR22534740	NODE_8300_length_756_cov_5.354080	36.3	756	439	0.546697	1.45e-37	acc|GENBANK|AAK92822.1|GENBANK|AY050885|putative replicase [Arabidopsis thaliana]	Arabidopsis thaliana	Blastx
SRR22534740	NODE_43494_length_482_cov_2.405345	46.3	482	320	0.459375	1.47e-37	acc|GENBANK|CAZ69397.1|GENBANK|FN429076|putative fatty acid desaturase [Emiliania huxleyi virus 99B1]	Emiliania huxleyi virus 99B1	Blastx
SRR22534740	NODE_1866_length_760_cov_5.958735	32.1	760	278	0.895683	1.52e-37	acc|GENBANK|QBK91651.1|GENBANK|MK500560|putative serine/threonine protein kinase [Pithovirus LCPAC302]	Pithovirus LCPAC302	Blastx
SRR22534740	NODE_6020_length_863_cov_27.487952	35.0	863	819	0.401709	1.55e-37	acc|GENBANK|BFL61206.1|GENBANK|LC813553|DNA topoisomerase 1 [Moumouvirus lavasanguinem]	Moumouvirus lavasanguinem	Blastx
SRR22534740	NODE_2444_length_652_cov_22.936995	51.9	652	447	0.353468	2.08e-37	acc|GENBANK|QKF93746.1|GENBANK|MT418680|histidyl-tRNA synthetase [Fadolivirus FV1/VV64]	Fadolivirus FV1/VV64	Blastx
SRR22534740	NODE_2118_length_864_cov_144.179302	34.1	864	459	0.485839	2.16e-37	acc|GENBANK|BBI30359.1|GENBANK|AP018495|beta-galactosidase [Acanthamoeba castellanii medusavirus J1]	Acanthamoeba castellanii medusavirus J1	Blastx
SRR22534740	NODE_7954_length_447_cov_22.082126	56.9	447	112	0.973214	2.56e-37	acc|REFSEQ|YP_009173244.1|REFSEQ|NC_028093|hypothetical protein [Ostreococcus lucimarinus virus 7]	Ostreococcus lucimarinus virus 7	Blastx
SRR22534740	NODE_20976_length_477_cov_1.468468	50.6	477	1042	0.151631	2.69e-37	acc|GENBANK|ACN78973.1|GENBANK|FJ225394|copia-type polyprotein [Glycine max]	Glycine max	Blastx
SRR22534740	NODE_1274_length_1300_cov_9.536701	34.0	1300	506	0.569170	3.02e-37	acc|GENBANK|QBK92268.1|GENBANK|MK500571|putative serine/threonine protein kinase [Pithovirus LCPAC304]	Pithovirus LCPAC304	Blastx
SRR22534740	NODE_35599_length_428_cov_12.448101	50.7	428	411	0.350365	3.29e-37	acc|GENBANK|ACN78984.1|GENBANK|FJ225395|cyclin-like F-box [Glycine max]	Glycine max	Blastx
SRR22534740	NODE_33650_length_595_cov_6.243772	40.1	595	478	0.453975	3.44e-37	acc|GENBANK|AAK84479.1|GENBANK|AF275345|putative auxin growth promotor protein [Solanum lycopersicum]	Solanum lycopersicum	Blastx
SRR22534740	NODE_4972_length_959_cov_22.034557	41.0	959	371	0.525606	3.87e-37	acc|GENBANK|WNO13897.1|GENBANK|OQ968270|capsid protein [Berere partitivirus]	Berere partitivirus	Blastx
SRR22534740	NODE_39753_length_1114_cov_8.407031	30.7	1114	1468	0.245913	4.49e-37	acc|GENBANK|QDY51984.1|GENBANK|MK250086|RNA polymerase Rpb1, domain 5 [Mimiviridae sp. ChoanoV1]	Mimiviridae sp. ChoanoV1	Blastx
SRR22534740	NODE_43886_length_750_cov_39.796374	44.8	750	244	0.741803	4.53e-37	acc|GENBANK|CAA60719.1|GENBANK|X87297|J1545 [Saccharomyces cerevisiae]	Saccharomyces cerevisiae	Blastx
SRR22534740	NODE_37863_length_485_cov_29.314159	56.1	485	226	0.504425	4.69e-37	acc|GENBANK|ARF08362.1|GENBANK|KY684083|cyclophilin type peptidyl-prolyl cis-trans [Catovirus CTV1]	Catovirus CTV1	Blastx
SRR22534740	NODE_41766_length_831_cov_7.830827	43.5	831	170	0.864706	4.93e-37	acc|REFSEQ|YP_003358229.2|REFSEQ|NC_013668|nucleoside diphosphate kinase [Anguillid herpesvirus 1]	Anguillid herpesvirus 1	Blastx
SRR22534740	NODE_43107_length_247_cov_189.621495	72.0	247	175	0.468571	4.99e-37	acc|GENBANK|ARF09402.1|GENBANK|KY684085|ubiquitin-conjugating enzyme E2 [Indivirus ILV1]	Indivirus ILV1	Blastx
SRR22534740	NODE_8332_length_250_cov_8506.589862	78.3	250	1960	0.042347	5.60e-37	acc|REFSEQ|YP_009134730.1|REFSEQ|NC_026248|replicase polyprotein [Yam latent virus]	Yam latent virus	Blastx
SRR22534740	NODE_44390_length_1307_cov_19.080063	36.3	1307	261	0.992337	5.80e-37	acc|GENBANK|AYV79236.1|GENBANK|MK072137|serine/threonine protein phosphatase [Faunusvirus sp.]	Faunusvirus sp.	Blastx
SRR22534740	NODE_40682_length_1539_cov_9.831341	38.4	1539	261	0.988506	5.85e-37	acc|GENBANK|AYV79236.1|GENBANK|MK072137|serine/threonine protein phosphatase [Faunusvirus sp.]	Faunusvirus sp.	Blastx
SRR22534740	NODE_31405_length_859_cov_9.939467	42.1	859	988	0.192308	6.10e-37	acc|GENBANK|ARF11555.1|GENBANK|KY684108|ubiquitin-activating enzyme E1 [Klosneuvirus KNV1]	Klosneuvirus KNV1	Blastx
SRR22534740	NODE_5608_length_615_cov_3.051546	48.8	615	244	0.663934	6.11e-37	acc|GENBANK|AAW82994.1|GENBANK|AY750993|MADS-box transcription factor BM5A [Hordeum vulgare subsp. vulgare]	Hordeum vulgare subsp. vulgare	Blastx
SRR22534740	NODE_6202_length_570_cov_13.426443	44.7	570	832	0.215144	7.50e-37	acc|GENBANK|BAD00047.1|GENBANK|AB119282|Fusion protein, Feo [Hepacivirus hominis]	Hepacivirus hominis	Blastx
SRR22534740	NODE_20939_length_302_cov_2.397770	68.2	302	464	0.183190	7.94e-37	acc|GENBANK|ARF02757.1|GENBANK|KX857216|SWPV1-182 [Shearwaterpox virus]	Shearwaterpox virus	Blastx
SRR22534740	NODE_35686_length_1098_cov_10.930516	39.4	1098	478	0.424686	8.37e-37	acc|GENBANK|AAK84479.1|GENBANK|AF275345|putative auxin growth promotor protein [Solanum lycopersicum]	Solanum lycopersicum	Blastx
SRR22534740	NODE_20854_length_251_cov_1.110092	72.0	251	352	0.232955	8.89e-37	acc|GENBANK|WGU26813.1|GENBANK|OQ503488|hypothetical protein [Triticum monococcum]	Triticum monococcum	Blastx
SRR22534740	NODE_25376_length_447_cov_6.442029	49.6	447	379	0.340369	9.25e-37	acc|GENBANK|AAU93530.1|GENBANK|AY691949|unknown protein [Zea mays]	Zea mays	Blastx
SRR22534740	NODE_40733_length_584_cov_17.727768	39.9	584	209	0.755981	9.27e-37	acc|GENBANK|CAK7596599.1|GENBANK|OZ003748|Small GTPase [Catovirus sp. 'naegleriensis']	Catovirus sp. 'naegleriensis'	Blastx
SRR22534740	NODE_27055_length_479_cov_6.484305	44.7	479	203	0.748768	9.31e-37	acc|GENBANK|AYV75892.1|GENBANK|MK071981|putative Ras-related protein Rab7 [Terrestrivirus sp.]	Terrestrivirus sp.	Blastx
SRR22534740	NODE_44734_length_975_cov_7.932059	38.7	975	261	0.862069	1.03e-36	acc|GENBANK|AYV79236.1|GENBANK|MK072137|serine/threonine protein phosphatase [Faunusvirus sp.]	Faunusvirus sp.	Blastx
SRR22534740	NODE_42699_length_794_cov_1.747700	39.5	794	478	0.476987	1.04e-36	acc|GENBANK|AAK84479.1|GENBANK|AF275345|putative auxin growth promotor protein [Solanum lycopersicum]	Solanum lycopersicum	Blastx
SRR22534740	NODE_15084_length_541_cov_3.399606	43.2	541	660	0.266667	1.09e-36	acc|GENBANK|AGE57896.1|GENBANK|JX997181|potassium transporter [Paramecium bursaria Chlorella virus NW665.2]	Paramecium bursaria Chlorella virus NW665.2	Blastx
SRR22534740	NODE_15057_length_593_cov_4.682143	40.2	593	523	0.351816	1.16e-36	acc|GENBANK|URM61870.1|GENBANK|MT663335|serine/threonine kinase receptor [Mimivirus sp.]	Mimivirus sp.	Blastx
SRR22534740	NODE_33807_length_775_cov_4.719677	47.7	775	925	0.167568	1.18e-36	acc|GENBANK|ABY48139.1|GENBANK|EU306659|NORK [Medicago truncatula]	Medicago truncatula	Blastx
SRR22534740	NODE_248_length_825_cov_38.815657	39.6	825	299	0.565217	1.35e-36	acc|GENBANK|UOG94093.1|NEIGHBOR|OM876856|serine threonine-protein phosphatase [Aureococcus anophagefferens virus]	Aureococcus anophagefferens virus	Blastx
SRR22534740	NODE_41106_length_1186_cov_10.470078	61.3	1186	302	0.350993	1.40e-36	acc|GENBANK|QBK92300.1|GENBANK|MK500573|NAD dependent epimerase/dehydratase [Pithovirus LCPAC304]	Pithovirus LCPAC304	Blastx
SRR22534740	NODE_37546_length_445_cov_15.058252	42.8	445	388	0.373711	1.48e-36	acc|GENBANK|AAU93529.1|GENBANK|AY691949|alcohol dehydrogenase 1 [Zea mays]	Zea mays	Blastx
SRR22534740	NODE_15254_length_743_cov_4.011268	37.8	743	411	0.605839	1.56e-36	acc|GENBANK|ACN78984.1|GENBANK|FJ225395|cyclin-like F-box [Glycine max]	Glycine max	Blastx
SRR22534740	NODE_41250_length_2007_cov_6.479230	28.0	2007	394	1.053299	1.67e-36	acc|GENBANK|ARF11626.1|GENBANK|KY684109|translation initiation factor 4A-III [Klosneuvirus KNV1]	Klosneuvirus KNV1	Blastx
SRR22534740	NODE_5027_length_613_cov_3.998276	56.7	613	160	0.750000	1.79e-36	acc|GENBANK|QKF94153.1|GENBANK|MT418680|cyclophilin-type peptidyl-prolyl cis-trans [Fadolivirus FV1/VV64]	Fadolivirus FV1/VV64	Blastx
SRR22534740	NODE_27328_length_923_cov_5.786517	33.5	923	1044	0.237548	2.10e-36	acc|GENBANK|BAC54898.1|GENBANK|AB083008|supressor of Ty element 16 [Drosophila melanogaster]	Drosophila melanogaster	Blastx
SRR22534740	NODE_3893_length_1350_cov_12.212604	43.9	1350	447	0.346756	2.22e-36	acc|REFSEQ|NP_077596.1|REFSEQ|NC_002687|serine-threonine kinase [Ectocarpus siliculosus virus 1]	Ectocarpus siliculosus virus 1	Blastx
SRR22534740	NODE_42309_length_1526_cov_23.039518	39.0	1526	919	0.267682	2.70e-36	acc|GENBANK|AYV75146.1|GENBANK|MK071979|plasma membrane ATPase [Terrestrivirus sp.]	Terrestrivirus sp.	Blastx
SRR22534740	NODE_23534_length_579_cov_4.831502	47.2	579	832	0.191106	2.89e-36	acc|GENBANK|BAD00047.1|GENBANK|AB119282|Fusion protein, Feo [Hepacivirus hominis]	Hepacivirus hominis	Blastx
SRR22534740	NODE_44162_length_1688_cov_20.703927	54.3	1688	146	0.945205	2.95e-36	acc|GENBANK|QDH87377.1|GENBANK|MN033327|hypothetical protein [Picornavirales sp.]	Picornavirales sp.	Blastx
SRR22534740	NODE_39858_length_416_cov_4.981723	59.3	416	167	0.736527	3.55e-36	acc|GENBANK|AHU86166.1|GENBANK|KF142645|truncated DEF1 [Elaeis guineensis]	Elaeis guineensis	Blastx
SRR22534740	NODE_37487_length_744_cov_14.935302	38.8	744	388	0.471649	4.03e-36	acc|GENBANK|CCQ71327.1|GENBANK|HF586476|hypothetical protein kinase Pka-C1 [Cotesia congregata]	Cotesia congregata	Blastx
SRR22534740	NODE_39610_length_1328_cov_10.628571	34.1	1328	833	0.316927	4.07e-36	acc|GENBANK|CCQ71385.1|GENBANK|HF586480|hypothetical Homeodomain-interacting protein [Cotesia congregata]	Cotesia congregata	Blastx
SRR22534740	NODE_31572_length_517_cov_3.413223	44.6	517	422	0.398104	4.54e-36	acc|GENBANK|ABY48137.1|GENBANK|EU306659|putative protein [Medicago truncatula]	Medicago truncatula	Blastx
SRR22534740	NODE_8338_length_249_cov_11280.347222	79.3	249	1960	0.041837	4.93e-36	acc|REFSEQ|YP_009134730.1|REFSEQ|NC_026248|replicase polyprotein [Yam latent virus]	Yam latent virus	Blastx
SRR22534740	NODE_30183_length_803_cov_10.403896	44.9	803	729	0.213992	5.24e-36	acc|REFSEQ|YP_003969830.1|REFSEQ|NC_014637|putative ubiquitin-conjugating enzyme E2 [Cafeteria roenbergensis virus BV-PW1]	Cafeteria roenbergensis virus BV-PW1	Blastx
SRR22534740	NODE_36992_length_694_cov_9.175492	50.9	694	133	0.842105	5.32e-36	acc|GENBANK|AYV76296.1|GENBANK|MK071983|putative autophagy-related protein 8a isoform [Terrestrivirus sp.]	Terrestrivirus sp.	Blastx
SRR22534740	NODE_48729_length_305_cov_1.720588	65.3	305	225	0.448889	6.07e-36	acc|GENBANK|AHU86165.1|GENBANK|KF142645|cDEF1 [Elaeis guineensis]	Elaeis guineensis	Blastx
SRR22534740	NODE_8687_length_526_cov_5.170385	35.3	526	320	0.531250	7.66e-36	acc|GENBANK|ARF09286.1|GENBANK|KY684084|serine/threonine protein kinase [Catovirus CTV1]	Catovirus CTV1	Blastx
SRR22534740	NODE_35176_length_1493_cov_10.597945	27.2	1493	1097	0.378304	8.41e-36	acc|GENBANK|QBK88446.1|GENBANK|MK500389|isoleucyl-tRNA synthetase [Mimivirus LCMiAC01]	Mimivirus LCMiAC01	Blastx
SRR22534740	NODE_34249_length_953_cov_12.904348	31.6	953	417	0.767386	9.06e-36	acc|GENBANK|QBK89261.1|GENBANK|MK500411|DEAD/SNF2-like helicase [Mimivirus LCMiAC02]	Mimivirus LCMiAC02	Blastx
SRR22534740	NODE_39592_length_1067_cov_11.217602	37.1	1067	686	0.294461	9.92e-36	acc|GENBANK|WNO13952.1|GENBANK|OQ968299|coat protein [Guapo partitivirus]	Guapo partitivirus	Blastx
SRR22534740	NODE_39339_length_475_cov_4.545249	49.7	475	549	0.282332	1.04e-35	acc|GENBANK|WGU26815.1|GENBANK|OQ503488|pentatricopeptide repeat-containing protein [Triticum monococcum]	Triticum monococcum	Blastx
SRR22534740	NODE_7043_length_1194_cov_424.664083	31.6	1194	695	0.433094	1.12e-35	acc|GENBANK|XDO02062.1|GENBANK|PP542043|Type I Glyceraldehyde-3-Phosphate Dehydrogenase [Florenciella sp. virus SA2]	Florenciella sp. virus SA2	Blastx
SRR22534740	NODE_38184_length_729_cov_20.847701	39.1	729	299	0.565217	1.12e-35	acc|GENBANK|UOG94093.1|NEIGHBOR|OM876856|serine threonine-protein phosphatase [Aureococcus anophagefferens virus]	Aureococcus anophagefferens virus	Blastx
SRR22534740	NODE_685_length_430_cov_36.254408	49.5	430	144	0.729167	1.24e-35	acc|GENBANK|ULY68577.1|GENBANK|OL828820|ubiquitin-conjugating enzyme E2 2-like isoform [Chlorella virus XW01]	Chlorella virus XW01	Blastx
SRR22534740	NODE_9072_length_204_cov_1.929825	95.5	204	405	0.165432	1.33e-35	acc|GENBANK|WGU26824.1|GENBANK|OQ503488|eukaryotic initiation factor 4A-III B-like [Triticum monococcum]	Triticum monococcum	Blastx
SRR22534740	NODE_6713_length_736_cov_15.613087	48.6	736	293	0.484642	1.45e-35	acc|REFSEQ|YP_009329336.1|REFSEQ|NC_032108|NAD dependent epimerase/dehydratase, putative [Cedratvirus A11]	Cedratvirus A11	Blastx
SRR22534740	NODE_15345_length_636_cov_2.696517	45.3	636	925	0.195676	1.49e-35	acc|GENBANK|ABY48139.1|GENBANK|EU306659|NORK [Medicago truncatula]	Medicago truncatula	Blastx
SRR22534740	NODE_14857_length_288_cov_2.917647	83.1	288	189	0.439153	1.51e-35	acc|REFSEQ|YP_009465730.1|REFSEQ|NC_037057|hypothetical protein [Dishui lake phycodnavirus 1]	Dishui lake phycodnavirus 1	Blastx
SRR22534740	NODE_34257_length_474_cov_8.380952	52.5	474	407	0.289926	1.61e-35	acc|GENBANK|ARF08154.1|GENBANK|KY684083|acetamidase/formamidase family protein [Catovirus CTV1]	Catovirus CTV1	Blastx
SRR22534740	NODE_18613_length_512_cov_3.167015	48.8	512	925	0.179459	1.62e-35	acc|GENBANK|ABY48139.1|GENBANK|EU306659|NORK [Medicago truncatula]	Medicago truncatula	Blastx
SRR22534740	NODE_4911_length_1491_cov_14.073388	31.1	1491	557	0.687612	1.77e-35	acc|GENBANK|QKF94091.1|GENBANK|MT418680|bifunctional sulfate [Fadolivirus FV1/VV64]	Fadolivirus FV1/VV64	Blastx
SRR22534740	NODE_26937_length_740_cov_6.067893	45.9	740	925	0.169730	1.77e-35	acc|GENBANK|ABY48139.1|GENBANK|EU306659|NORK [Medicago truncatula]	Medicago truncatula	Blastx
SRR22534740	NODE_2260_length_518_cov_49.410309	81.3	518	335	0.223881	1.88e-35	acc|GENBANK|ABY48132.1|GENBANK|EU306659|GH1 protein [Medicago truncatula]	Medicago truncatula	Blastx
SRR22534740	NODE_29438_length_318_cov_1.982456	62.3	318	727	0.156809	1.95e-35	acc|GENBANK|ADB85269.1|GENBANK|GQ252805|putative lectin-like protein kinase [Phyllostachys edulis]	Phyllostachys edulis	Blastx
SRR22534740	NODE_600_length_955_cov_10.221258	33.2	955	1570	0.182166	1.96e-35	acc|GENBANK|WIL04199.1|GENBANK|OQ413577|serine/threonine-protein kinase/receptor [Cedratvirus lena]	Cedratvirus lena	Blastx
SRR22534740	NODE_15470_length_455_cov_3.708531	50.7	455	925	0.157838	2.05e-35	acc|GENBANK|ABY48139.1|GENBANK|EU306659|NORK [Medicago truncatula]	Medicago truncatula	Blastx
SRR22534740	NODE_16122_length_384_cov_3.903134	52.3	384	342	0.374269	2.39e-35	acc|GENBANK|CAA04529.1|GENBANK|AJ001100|Rad51-like protein [Arabidopsis thaliana]	Arabidopsis thaliana	Blastx
SRR22534740	NODE_5463_length_1076_cov_2.842761	30.0	1076	3055	0.123404	2.53e-35	acc|GENBANK|ACN78965.1|GENBANK|FJ225394|Rpp4 candidate 1 [Glycine max]	Glycine max	Blastx
SRR22534740	NODE_996_length_719_cov_124.938776	43.8	719	543	0.327808	2.92e-35	acc|GENBANK|QFG74725.1|GENBANK|MN448290|phosphoenolpyruvate carboxykinase [Megaviridae environmental sample]	Megaviridae environmental sample	Blastx
SRR22534740	NODE_45458_length_1130_cov_7.995442	48.3	1130	421	0.413302	2.94e-35	acc|GENBANK|AGP03657.1|GENBANK|KF220834|integrase-type DNA-binding superfamily protein [Glycine max]	Glycine max	Blastx
SRR22534740	NODE_33405_length_877_cov_8.367299	45.1	877	331	0.495468	3.41e-35	acc|GENBANK|QBK88606.1|GENBANK|MK500393|serine/threonine protein kinase [Mimivirus LCMiAC01]	Mimivirus LCMiAC01	Blastx
SRR22534740	NODE_21631_length_725_cov_2.585260	42.1	725	299	0.698997	4.11e-35	acc|GENBANK|QRE02559.1|GENBANK|MN545489|hypothetical protein [Otarine gammaherpesvirus 4]	Otarine gammaherpesvirus 4	Blastx
SRR22534740	NODE_27082_length_316_cov_1.533569	56.2	316	613	0.171289	4.21e-35	acc|GENBANK|ADB85401.1|GENBANK|GQ252886|putative pollen-specific kinase [Phyllostachys edulis]	Phyllostachys edulis	Blastx
SRR22534740	NODE_24627_length_582_cov_3.701275	49.1	582	741	0.217274	4.24e-35	acc|GENBANK|WOA03171.1|GENBANK|OR637870|truncated WD40 protein PH13-H3 [Glycine max]	Glycine max	Blastx
SRR22534740	NODE_30734_length_1117_cov_1.515683	42.4	1117	413	0.411622	4.51e-35	acc|GENBANK|QDY51950.1|GENBANK|MK250086|protein kinase domain protein [Mimiviridae sp. ChoanoV1]	Mimiviridae sp. ChoanoV1	Blastx
SRR22534740	NODE_14050_length_1533_cov_2.718667	27.1	1533	470	0.855319	4.58e-35	acc|REFSEQ|YP_009448636.1|REFSEQ|NC_036594|Cytochrome P450-like protein E-class [Orpheovirus IHUMI-LCC2]	Orpheovirus IHUMI-LCC2	Blastx
SRR22534740	NODE_8760_length_761_cov_2.293956	40.7	761	678	0.315634	4.71e-35	acc|GENBANK|CCQ71325.1|GENBANK|HF586476|hypothetical kinesin-like protein KIF3 [Cotesia congregata]	Cotesia congregata	Blastx
SRR22534740	NODE_38711_length_530_cov_71.325956	65.1	530	150	0.573333	4.79e-35	acc|GENBANK|AYV82350.1|GENBANK|MK072366|hypothetical protein [Homavirus sp.]	Homavirus sp.	Blastx
SRR22534740	NODE_48696_length_290_cov_1.591440	70.5	290	760	0.125000	4.88e-35	acc|GENBANK|QFG74349.1|GENBANK|MN448286|Hsp90 protein [Megaviridae environmental sample]	Megaviridae environmental sample	Blastx
SRR22534740	NODE_14771_length_435_cov_3.089552	61.4	435	382	0.264398	4.91e-35	acc|GENBANK|AAB31930.2|GENBANK|S74099|v-myb product [Avian myeloblastosis virus]	Avian myeloblastosis virus	Blastx
SRR22534740	NODE_43465_length_1280_cov_5.552526	26.9	1280	429	0.934732	5.05e-35	acc|GENBANK|AYV85229.1|GENBANK|MK072443|putative protein unc-93-like protein [Satyrvirus sp.]	Satyrvirus sp.	Blastx
SRR22534740	NODE_880_length_784_cov_16.501997	51.2	784	144	0.881944	5.07e-35	acc|GENBANK|QBK85618.1|GENBANK|MK500327|nucleoside diphosphate kinase [Marseillevirus LCMAC101]	Marseillevirus LCMAC101	Blastx
SRR22534740	NODE_40075_length_962_cov_9.023681	35.5	962	459	0.614379	5.23e-35	acc|GENBANK|BBI30359.1|GENBANK|AP018495|beta-galactosidase [Acanthamoeba castellanii medusavirus J1]	Acanthamoeba castellanii medusavirus J1	Blastx
SRR22534740	NODE_32525_length_734_cov_5.396576	38.5	734	291	0.625430	5.25e-35	acc|REFSEQ|YP_009177067.1|REFSEQ|NC_028238|hypothetical protein [Turkeypox virus]	Turkeypox virus	Blastx
SRR22534740	NODE_19600_length_1031_cov_5.157315	30.6	1031	654	0.489297	5.48e-35	acc|GENBANK|ATZ81043.1|GENBANK|MF782455|dynamin-like protein [Bodo saltans virus]	Bodo saltans virus	Blastx
SRR22534740	NODE_30178_length_567_cov_3.625468	42.1	567	1161	0.147287	6.12e-35	acc|GENBANK|AAP06788.1|GENBANK|AY234827|phytochrome B1 apoprotein [Zea mays]	Zea mays	Blastx
SRR22534740	NODE_37434_length_908_cov_13.858286	38.1	908	274	0.861314	6.46e-35	acc|GENBANK|AYV76207.1|GENBANK|MK071983|hypothetical protein [Terrestrivirus sp.]	Terrestrivirus sp.	Blastx
SRR22534740	NODE_218_length_2575_cov_5.125492	30.8	2575	679	0.521355	7.03e-35	acc|GENBANK|AYV78344.1|GENBANK|MK072075|S9 family peptidase [Edafosvirus sp.]	Edafosvirus sp.	Blastx
SRR22534740	NODE_33922_length_771_cov_8.846883	49.3	771	226	0.628319	8.33e-35	acc|GENBANK|ARF08362.1|GENBANK|KY684083|cyclophilin type peptidyl-prolyl cis-trans [Catovirus CTV1]	Catovirus CTV1	Blastx
SRR22534740	NODE_39212_length_1509_cov_5.884146	36.7	1509	1506	0.164675	8.64e-35	acc|REFSEQ|YP_009001498.1|REFSEQ|NC_023426|ABC transporter [Alphaentomopoxvirus acuprea]	Alphaentomopoxvirus acuprea	Blastx
SRR22534740	NODE_42622_length_914_cov_18.953462	39.0	914	344	0.662791	8.68e-35	acc|GENBANK|QFG74169.1|GENBANK|MN448282|aspartyl protease [Megaviridae environmental sample]	Megaviridae environmental sample	Blastx
SRR22534740	NODE_43111_length_562_cov_9.255198	38.1	562	411	0.562044	9.33e-35	acc|GENBANK|ACN78984.1|GENBANK|FJ225395|cyclin-like F-box [Glycine max]	Glycine max	Blastx
SRR22534740	NODE_3486_length_402_cov_80.897019	50.8	402	154	0.818182	9.72e-35	acc|GENBANK|QDH05987.1|GENBANK|MK264918|Ld-sod [Lymantria dispar multiple nucleopolyhedrovirus]	Lymantria dispar multiple nucleopolyhedrovirus	Blastx
SRR22534740	NODE_98_length_1125_cov_8.082418	38.7	1125	189	0.957672	1.05e-34	acc|REFSEQ|YP_009448796.1|REFSEQ|NC_036594|Fatty acid hydroxylase (C-4 methyl sterol [Orpheovirus IHUMI-LCC2]	Orpheovirus IHUMI-LCC2	Blastx
SRR22534740	NODE_22698_length_200_cov_1.197605	86.4	200	392	0.168367	1.05e-34	acc|GENBANK|ABV72583.1|GENBANK|EU155081|unknown [Oryza sativa Japonica Group]	Oryza sativa Japonica Group	Blastx
SRR22534740	NODE_37042_length_1028_cov_12.186935	34.1	1028	925	0.295135	1.08e-34	acc|GENBANK|ABY48139.1|GENBANK|EU306659|NORK [Medicago truncatula]	Medicago truncatula	Blastx
SRR22534740	NODE_807_length_527_cov_6.447368	58.2	527	193	0.569948	1.12e-34	acc|REFSEQ|YP_009481299.1|REFSEQ|NC_037665|Histone H2B domain containing protein [Pandoravirus macleodensis]	Pandoravirus macleodensis	Blastx
SRR22534740	NODE_5353_length_450_cov_10.412470	53.6	450	679	0.184094	1.25e-34	acc|GENBANK|QIG60138.1|GENBANK|MN940580|ATP-dependent zinc metalloprotease [Dishui Lake large algae virus 1]	Dishui Lake large algae virus 1	Blastx
SRR22534740	NODE_113_length_785_cov_2.667553	44.0	785	925	0.196757	1.31e-34	acc|GENBANK|ABY48139.1|GENBANK|EU306659|NORK [Medicago truncatula]	Medicago truncatula	Blastx
SRR22534740	NODE_18619_length_284_cov_1.286853	67.0	284	359	0.253482	1.34e-34	acc|GENBANK|AGE50238.1|GENBANK|JX997158|GDP-L-fucose synthase 2 [Acanthocystis turfacea Chlorella virus Canal-1]	Acanthocystis turfacea Chlorella virus Canal-1	Blastx
SRR22534740	NODE_44141_length_1366_cov_10.582896	33.6	1366	478	0.635983	1.38e-34	acc|GENBANK|QBK86272.1|GENBANK|MK500334|cyclin-dependent protein kinase [Marseillevirus LCMAC102]	Marseillevirus LCMAC102	Blastx
SRR22534740	NODE_2803_length_375_cov_77.309942	78.3	375	85	0.976471	1.48e-34	acc|GENBANK|ABY48140.1|GENBANK|EU306659|BRICK1 [Medicago truncatula]	Medicago truncatula	Blastx
SRR22534740	NODE_31650_length_419_cov_2.468912	51.1	419	925	0.150270	1.56e-34	acc|GENBANK|ABY48139.1|GENBANK|EU306659|NORK [Medicago truncatula]	Medicago truncatula	Blastx
SRR22534740	NODE_4384_length_946_cov_75.923330	31.7	946	478	0.612971	1.61e-34	acc|GENBANK|QBK86272.1|GENBANK|MK500334|cyclin-dependent protein kinase [Marseillevirus LCMAC102]	Marseillevirus LCMAC102	Blastx
SRR22534740	NODE_23132_length_308_cov_3.520000	76.1	308	604	0.152318	1.77e-34	acc|GENBANK|ABH08432.1|GENBANK|DQ851167|putative non-inducible immunity 1 [Beta vulgaris]	Beta vulgaris	Blastx
SRR22534740	NODE_8437_length_755_cov_2.468144	45.8	755	925	0.179459	1.79e-34	acc|GENBANK|ABY48139.1|GENBANK|EU306659|NORK [Medicago truncatula]	Medicago truncatula	Blastx
SRR22534740	NODE_39205_length_667_cov_3.148265	43.7	667	925	0.188108	1.79e-34	acc|GENBANK|ABY48139.1|GENBANK|EU306659|NORK [Medicago truncatula]	Medicago truncatula	Blastx
SRR22534740	NODE_37821_length_905_cov_20.928899	42.5	905	198	0.808081	1.82e-34	acc|REFSEQ|NP_955110.1|REFSEQ|NC_005309|CNPV087 putative glutathione peroxidase [Canarypox virus]	Canarypox virus	Blastx
SRR22534740	NODE_42443_length_949_cov_4.477074	34.5	949	480	0.489583	2.36e-34	acc|GENBANK|WZO87318.1|GENBANK|PP681894|NADH dehydrogenase [Chlorovirus sp.]	Chlorovirus sp.	Blastx
SRR22534740	NODE_36217_length_469_cov_7.903670	50.0	469	557	0.236984	2.70e-34	acc|GENBANK|WGU26825.1|GENBANK|OQ503488|putative acyl-activating enzyme 5 [Triticum monococcum]	Triticum monococcum	Blastx
SRR22534740	NODE_1586_length_524_cov_11.097760	46.4	524	166	0.831325	2.86e-34	acc|REFSEQ|YP_009119934.1|REFSEQ|NC_026440|serine-threonine kinase [Pandoravirus inopinatum]	Pandoravirus inopinatum	Blastx
SRR22534740	NODE_38528_length_909_cov_35.094749	39.7	909	294	0.676871	2.95e-34	acc|GENBANK|BDT62159.1|GENBANK|LC738872|bax inhibitor 1-like protein [Litopenaeus vannamei majanivirus Nimav-1_LVa]	Litopenaeus vannamei majanivirus Nimav-1_LVa	Blastx
SRR22534740	NODE_36307_length_535_cov_12.270916	40.7	535	499	0.344689	3.29e-34	acc|GENBANK|CCQ71356.1|GENBANK|HF586477|hypothetical E3 ubiquitin-protein ligase ARI [Cotesia congregata]	Cotesia congregata	Blastx
SRR22534740	NODE_14525_length_488_cov_4.569231	48.9	488	360	0.363889	3.29e-34	acc|GENBANK|QBK88998.1|GENBANK|MK500406|GDP-mannose 4,6 dehydratase [Mimivirus LCMiAC02]	Mimivirus LCMiAC02	Blastx
SRR22534740	NODE_5582_length_1818_cov_35.991036	62.6	1818	128	0.835938	3.40e-34	acc|GENBANK|CAA42007.1|GENBANK|X59357|Epstein-Barr virus small RNA associated protein [Homo sapiens]	Homo sapiens	Blastx
SRR22534740	NODE_28503_length_340_cov_1.752443	56.3	340	1287	0.099456	3.75e-34	acc|GENBANK|WLY67778.1|GENBANK|OR078387|TYG71p [Saccharomyces cerevisiae]	Saccharomyces cerevisiae	Blastx
SRR22534740	NODE_42194_length_1596_cov_8.319898	29.8	1596	467	0.862955	3.97e-34	acc|GENBANK|API81738.1|NEIGHBOR|KU052222|hypothetical protein [Cafeteriavirus-dependent mavirus]	Cafeteriavirus-dependent mavirus	Blastx
SRR22534740	NODE_184_length_425_cov_1.798469	45.7	425	357	0.386555	4.01e-34	acc|GENBANK|ABB29305.1|GENBANK|DQ219419|NADPH-dependent reductase [Zea mays]	Zea mays	Blastx
SRR22534740	NODE_10664_length_602_cov_6.235501	41.1	602	925	0.207568	4.05e-34	acc|GENBANK|ABY48139.1|GENBANK|EU306659|NORK [Medicago truncatula]	Medicago truncatula	Blastx
SRR22534740	NODE_43695_length_1822_cov_5.621017	34.4	1822	517	0.578337	4.18e-34	acc|GENBANK|UYL95365.1|GENBANK|ON746418|hypothetical protein [Dali Nairo tick virus 1]	Dali Nairo tick virus 1	Blastx
SRR22534740	NODE_37067_length_919_cov_7.142212	34.2	919	357	0.728291	4.55e-34	acc|GENBANK|ABB29305.1|GENBANK|DQ219419|NADPH-dependent reductase [Zea mays]	Zea mays	Blastx
SRR22534740	NODE_32473_length_666_cov_7.913112	34.2	666	462	0.562771	6.38e-34	acc|REFSEQ|YP_010782519.1|REFSEQ|NC_075039|aminotransferase [Tupanvirus soda lake]	Tupanvirus soda lake	Blastx
SRR22534740	NODE_21079_length_258_cov_1.133333	79.2	258	392	0.196429	6.66e-34	acc|GENBANK|ABV72583.1|GENBANK|EU155081|unknown [Oryza sativa Japonica Group]	Oryza sativa Japonica Group	Blastx
SRR22534740	NODE_23479_length_1395_cov_4.869310	29.0	1395	571	0.639229	7.03e-34	acc|GENBANK|QPI16192.1|GENBANK|MW030542|DNA primase/helicase [Virus NIOZ-UU157]	Virus NIOZ-UU157	Blastx
SRR22534740	NODE_28765_length_619_cov_2.228669	43.4	619	394	0.421320	7.06e-34	acc|REFSEQ|YP_009640107.1|REFSEQ|NC_011335|hypothetical protein [Diadromus pulchellus ascovirus 4a]	Diadromus pulchellus ascovirus 4a	Blastx
SRR22534740	NODE_31248_length_568_cov_1.504673	40.0	568	1793	0.100390	7.57e-34	acc|GENBANK|CCQ71366.1|GENBANK|HF586479|hypothetical serine/threonine protein kinase [Cotesia congregata]	Cotesia congregata	Blastx
SRR22534740	NODE_37201_length_837_cov_10.470149	46.3	837	1105	0.158371	8.01e-34	acc|GENBANK|AAK84476.1|GENBANK|AF275345|unknown [Solanum lycopersicum]	Solanum lycopersicum	Blastx
SRR22534740	NODE_40398_length_1578_cov_16.840777	29.8	1578	422	0.867299	8.55e-34	acc|GENBANK|QDY52462.1|GENBANK|MK250094|aminotransferase class-III protein [Mimiviridae sp. ChoanoV1]	Mimiviridae sp. ChoanoV1	Blastx
SRR22534740	NODE_3656_length_1755_cov_48.535424	42.9	1755	292	0.599315	1.08e-33	acc|GENBANK|ARR74995.1|GENBANK|KY565523|hypothetical protein [Mimivirus AB-566-O17]	Mimivirus AB-566-O17	Blastx
SRR22534740	NODE_5207_length_816_cov_6.666667	34.3	816	498	0.580321	1.22e-33	acc|REFSEQ|YP_010781610.1|REFSEQ|NC_075039|hypothetical protein [Tupanvirus soda lake]	Tupanvirus soda lake	Blastx
SRR22534740	NODE_4415_length_1385_cov_6.642012	30.7	1385	284	1.077465	1.24e-33	acc|GENBANK|AYV83828.1|GENBANK|MK072394|putative ubiquitin carboxyl-terminal hydrolase 2 [Hyperionvirus sp.]	Hyperionvirus sp.	Blastx
SRR22534740	NODE_35009_length_1059_cov_4.765107	31.4	1059	467	0.730193	1.31e-33	acc|GENBANK|API81738.1|NEIGHBOR|KU052222|hypothetical protein [Cafeteriavirus-dependent mavirus]	Cafeteriavirus-dependent mavirus	Blastx
SRR22534740	NODE_3213_length_597_cov_4.088652	57.3	597	896	0.130580	1.33e-33	acc|GENBANK|QCC26837.1|GENBANK|MK532524|RLX_Jeli-encoded protein [Zea mays]	Zea mays	Blastx
SRR22534740	NODE_37295_length_564_cov_17.018832	50.4	564	182	0.708791	1.45e-33	acc|REFSEQ|YP_009163818.1|REFSEQ|NC_027778|ORF_057R [Scale drop disease virus]	Scale drop disease virus	Blastx
SRR22534740	NODE_1830_length_1389_cov_27.912242	33.6	1389	477	0.643606	1.46e-33	acc|GENBANK|AYV78014.1|GENBANK|MK072068|elongation factor 1 alpha long form [Edafosvirus sp.]	Edafosvirus sp.	Blastx
SRR22534740	NODE_37547_length_1381_cov_11.520030	30.5	1381	310	0.900000	1.61e-33	acc|GENBANK|AYV86922.1|GENBANK|MK072520|hypothetical protein [Sylvanvirus sp.]	Sylvanvirus sp.	Blastx
SRR22534740	NODE_3339_length_290_cov_43.583658	64.6	290	1107	0.086721	1.65e-33	acc|REFSEQ|YP_010782180.1|REFSEQ|NC_075039|isoleucyl-tRNA synthetase [Tupanvirus soda lake]	Tupanvirus soda lake	Blastx
SRR22534740	NODE_42634_length_876_cov_6.378410	39.1	876	1793	0.107083	1.73e-33	acc|GENBANK|CCQ71366.1|GENBANK|HF586479|hypothetical serine/threonine protein kinase [Cotesia congregata]	Cotesia congregata	Blastx
SRR22534740	NODE_36468_length_1582_cov_7.668819	28.7	1582	429	0.876457	1.84e-33	acc|GENBANK|AYV85229.1|GENBANK|MK072443|putative protein unc-93-like protein [Satyrvirus sp.]	Satyrvirus sp.	Blastx
SRR22534740	NODE_23133_length_1672_cov_4.809640	32.0	1672	395	0.655696	2.02e-33	acc|GENBANK|AYV79137.1|GENBANK|MK072134|serine/threonine protein kinase [Faunusvirus sp.]	Faunusvirus sp.	Blastx
SRR22534740	NODE_38526_length_413_cov_37.139474	52.6	413	135	0.718519	2.04e-33	acc|GENBANK|AYV86947.1|GENBANK|MK072521|e3 ubiquitin-protein ligase rbx1 [Sylvanvirus sp.]	Sylvanvirus sp.	Blastx
SRR22534740	NODE_33831_length_865_cov_5.656250	30.5	865	679	0.415317	2.22e-33	acc|GENBANK|AYV78344.1|GENBANK|MK072075|S9 family peptidase [Edafosvirus sp.]	Edafosvirus sp.	Blastx
SRR22534740	NODE_6750_length_895_cov_3.966357	38.9	895	726	0.247934	2.53e-33	acc|GENBANK|QFG73913.1|GENBANK|MN448274|Hsp70 protein [Megaviridae environmental sample]	Megaviridae environmental sample	Blastx
SRR22534740	NODE_6387_length_1580_cov_6.687783	32.8	1580	478	0.612971	2.85e-33	acc|GENBANK|QBK86272.1|GENBANK|MK500334|cyclin-dependent protein kinase [Marseillevirus LCMAC102]	Marseillevirus LCMAC102	Blastx
SRR22534740	NODE_32948_length_1554_cov_9.485865	28.4	1554	566	0.621908	2.91e-33	acc|GENBANK|QBK89567.1|GENBANK|MK500428|phosphatidylinositol-specific phospholipase C [Pithovirus LCPAC001]	Pithovirus LCPAC001	Blastx
SRR22534740	NODE_2603_length_298_cov_5.935849	55.1	298	177	0.553672	3.21e-33	acc|GENBANK|ABK32208.1|GENBANK|DQ890165|VRN3 [Triticum aestivum]	Triticum aestivum	Blastx
SRR22534740	NODE_25305_length_492_cov_10.729847	48.9	492	593	0.231029	3.28e-33	acc|GENBANK|XCA47343.1|GENBANK|PP911589|hypothetical protein [Micromonas commoda virus]	Micromonas commoda virus	Blastx
SRR22534740	NODE_25755_length_331_cov_1.013423	57.4	331	706	0.152975	3.37e-33	acc|GENBANK|WGU26822.1|GENBANK|OQ503488|OPT oligopeptide transporter protein [Triticum monococcum]	Triticum monococcum	Blastx
SRR22534740	NODE_43782_length_556_cov_3.871893	85.1	556	258	0.286822	3.43e-33	acc|GENBANK|WMV02893.1|GENBANK|OP630990|alpha-tubulin [Diderma spumarioides]	Diderma spumarioides	Blastx
SRR22534740	NODE_33635_length_842_cov_3.578492	33.5	842	255	0.807843	3.65e-33	acc|GENBANK|AVL94801.1|GENBANK|MG807320|putative alpha_beta hydrolase [Moumouvirus australiensis]	Moumouvirus australiensis	Blastx
SRR22534740	NODE_31257_length_541_cov_7.690945	41.3	541	299	0.575251	3.77e-33	acc|GENBANK|UOG94093.1|NEIGHBOR|OM876856|serine threonine-protein phosphatase [Aureococcus anophagefferens virus]	Aureococcus anophagefferens virus	Blastx
SRR22534740	NODE_6575_length_1130_cov_38.557885	34.7	1130	261	0.992337	3.98e-33	acc|GENBANK|AYV79236.1|GENBANK|MK072137|serine/threonine protein phosphatase [Faunusvirus sp.]	Faunusvirus sp.	Blastx
SRR22534740	NODE_2697_length_1005_cov_5.415638	37.7	1005	791	0.365360	4.16e-33	acc|GENBANK|UGN61890.1|GENBANK|OK330388|retrotransposon protein [Cucumis melo subsp. melo]	Cucumis melo subsp. melo	Blastx
SRR22534740	NODE_1881_length_709_cov_20.721893	46.6	709	366	0.363388	4.20e-33	acc|GENBANK|ARF12215.1|GENBANK|KY684111|phosphoribosyl transferase [Klosneuvirus KNV1]	Klosneuvirus KNV1	Blastx
SRR22534740	NODE_36952_length_1069_cov_13.882239	35.6	1069	433	0.570439	4.30e-33	acc|GENBANK|CAK7597207.1|GENBANK|OZ003748|DEAD/DEAH box helicase domain/DEAD-box type, Q [Catovirus sp. 'naegleriensis']	Catovirus sp. 'naegleriensis'	Blastx
SRR22534740	NODE_2549_length_1151_cov_8.050089	29.5	1151	301	1.093023	4.41e-33	acc|GENBANK|ARF12194.1|GENBANK|KY684111|aldo/keto reductase family protein [Klosneuvirus KNV1]	Klosneuvirus KNV1	Blastx
SRR22534740	NODE_34492_length_392_cov_9.197772	55.0	392	679	0.163476	4.98e-33	acc|GENBANK|QIG60138.1|GENBANK|MN940580|ATP-dependent zinc metalloprotease [Dishui Lake large algae virus 1]	Dishui Lake large algae virus 1	Blastx
SRR22534740	NODE_39013_length_885_cov_8.585681	44.8	885	686	0.237609	5.18e-33	acc|GENBANK|WNO13952.1|GENBANK|OQ968299|coat protein [Guapo partitivirus]	Guapo partitivirus	Blastx
SRR22534740	NODE_2334_length_1090_cov_14.459792	28.4	1090	400	0.880000	5.61e-33	acc|GENBANK|WBR61431.1|GENBANK|ON052824|M20 AcylaseI like [Drosophila suzukii associated hytrosavirus 1]	Drosophila suzukii associated hytrosavirus 1	Blastx
SRR22534740	NODE_35980_length_752_cov_14.087622	36.0	752	1656	0.137681	5.66e-33	acc|GENBANK|BCS82726.1|GENBANK|AP024483|putative serine/threonine-protein kinase [Cotonvirus japonicus]	Cotonvirus japonicus	Blastx
SRR22534740	NODE_42059_length_601_cov_9.049296	64.9	601	759	0.123847	5.85e-33	acc|GENBANK|ACN78962.1|GENBANK|FJ225394|methyltransferase [Glycine max]	Glycine max	Blastx
SRR22534740	NODE_19806_length_211_cov_1.028090	84.3	211	706	0.099150	5.94e-33	acc|GENBANK|WGU26822.1|GENBANK|OQ503488|OPT oligopeptide transporter protein [Triticum monococcum]	Triticum monococcum	Blastx
SRR22534740	NODE_4112_length_729_cov_139.829023	33.9	729	544	0.433824	5.99e-33	acc|REFSEQ|YP_009483380.1|REFSEQ|NC_037667|Glycosyl hydrolase family 1 protein [Pandoravirus quercus]	Pandoravirus quercus	Blastx
SRR22534740	NODE_253_length_602_cov_25.386643	34.6	602	493	0.363083	6.44e-33	acc|GENBANK|QIG59668.1|GENBANK|MN940578|putative ABC-1 domain protein [Dishui Lake phycodnavirus 3]	Dishui Lake phycodnavirus 3	Blastx
SRR22534740	NODE_19276_length_389_cov_2.261236	49.6	389	352	0.366477	6.95e-33	acc|GENBANK|AGE49329.1|GENBANK|JX997155|GDP-D-mannose dehydratase [Acanthocystis turfacea Chlorella virus Br0604L]	Acanthocystis turfacea Chlorella virus Br0604L	Blastx
SRR22534740	NODE_40194_length_238_cov_3.268293	98.3	238	77	0.766234	7.50e-33	acc|GENBANK|AUF82381.1|GENBANK|KY322437|ubiquitin family protein [Tetraselmis virus 1]	Tetraselmis virus 1	Blastx
SRR22534740	NODE_43221_length_1414_cov_7.685011	36.4	1414	382	0.568063	8.61e-33	acc|GENBANK|QBK87279.1|GENBANK|MK500347|putative serine/threonine protein kinase [Marseillevirus LCMAC201]	Marseillevirus LCMAC201	Blastx
SRR22534740	NODE_36011_length_885_cov_7.566901	45.3	885	335	0.507463	8.68e-33	acc|GENBANK|ABY48132.1|GENBANK|EU306659|GH1 protein [Medicago truncatula]	Medicago truncatula	Blastx
SRR22534740	NODE_34211_length_615_cov_7.268041	35.5	615	478	0.412134	8.83e-33	acc|GENBANK|AAK84479.1|GENBANK|AF275345|putative auxin growth promotor protein [Solanum lycopersicum]	Solanum lycopersicum	Blastx
SRR22534740	NODE_37790_length_574_cov_13.798521	53.8	574	291	0.364261	9.03e-33	acc|GENBANK|QBK87818.1|GENBANK|MK500370|copine [Marseillevirus LCMAC202]	Marseillevirus LCMAC202	Blastx
SRR22534740	NODE_44430_length_443_cov_24.502439	43.9	443	1624	0.081281	9.12e-33	acc|GENBANK|WBF70410.1|GENBANK|OP925046|endo-type 6-aminohexanoate oligomer hydrolase [Megavirus caiporensis]	Megavirus caiporensis	Blastx
SRR22534740	NODE_41172_length_391_cov_11.986034	52.5	391	679	0.173785	9.37e-33	acc|GENBANK|QIG60138.1|GENBANK|MN940580|ATP-dependent zinc metalloprotease [Dishui Lake large algae virus 1]	Dishui Lake large algae virus 1	Blastx
SRR22534740	NODE_6804_length_1195_cov_9.721170	39.8	1195	238	0.781513	9.41e-33	acc|REFSEQ|YP_009046145.1|REFSEQ|NC_024446|Dck [Penguinpox virus]	Penguinpox virus	Blastx
SRR22534740	NODE_28466_length_383_cov_3.028571	49.2	383	179	0.737430	1.00e-32	acc|GENBANK|AYV77848.1|GENBANK|MK072067|peptide-methionine (S)-S-oxide reductase [Edafosvirus sp.]	Edafosvirus sp.	Blastx
SRR22534740	NODE_10015_length_1205_cov_3.582765	30.7	1205	1359	0.206034	1.05e-32	acc|GENBANK|ABD78322.1|GENBANK|DQ381432|polyprotein [Primula vulgaris]	Primula vulgaris	Blastx
SRR22534740	NODE_44360_length_1047_cov_38.025641	36.5	1047	171	0.912281	1.12e-32	acc|REFSEQ|YP_009001589.1|REFSEQ|NC_023426|translation initiation factor elF-4e [Alphaentomopoxvirus acuprea]	Alphaentomopoxvirus acuprea	Blastx
SRR22534740	NODE_39071_length_2067_cov_4.814159	33.3	2067	925	0.295135	1.22e-32	acc|GENBANK|ABY48139.1|GENBANK|EU306659|NORK [Medicago truncatula]	Medicago truncatula	Blastx
SRR22534740	NODE_6017_length_727_cov_17.099424	37.5	727	467	0.462527	1.27e-32	acc|GENBANK|API81738.1|NEIGHBOR|KU052222|hypothetical protein [Cafeteriavirus-dependent mavirus]	Cafeteriavirus-dependent mavirus	Blastx
SRR22534740	NODE_9114_length_440_cov_4.422604	45.6	440	912	0.161184	1.56e-32	acc|GENBANK|ACX48824.1|GENBANK|GQ923937|chromomethylase [Zea mays]	Zea mays	Blastx
SRR22534740	NODE_36473_length_528_cov_15.101010	62.9	528	122	0.795082	1.56e-32	acc|GENBANK|AJO61176.1|GENBANK|KJ651113|CenH3 [Lathyrus clymenum]	Lathyrus clymenum	Blastx
SRR22534740	NODE_48765_length_327_cov_1.210884	58.6	327	613	0.161501	1.59e-32	acc|GENBANK|ADB85401.1|GENBANK|GQ252886|putative pollen-specific kinase [Phyllostachys edulis]	Phyllostachys edulis	Blastx
SRR22534740	NODE_8628_length_478_cov_2.125843	44.3	478	727	0.217331	1.63e-32	acc|GENBANK|ADB85269.1|GENBANK|GQ252805|putative lectin-like protein kinase [Phyllostachys edulis]	Phyllostachys edulis	Blastx
SRR22534740	NODE_29099_length_416_cov_1.689295	58.6	416	480	0.231250	1.70e-32	acc|GENBANK|ASU92288.1|GENBANK|KX759199|kindr F6 [Zea mays]	Zea mays	Blastx
SRR22534740	NODE_6980_length_1161_cov_67.681738	46.6	1161	285	0.466667	1.74e-32	acc|GENBANK|QKF94680.1|GENBANK|MT418680|phytanoyl-CoA dioxygenase [Fadolivirus FV1/VV64]	Fadolivirus FV1/VV64	Blastx
SRR22534740	NODE_34774_length_1069_cov_7.956564	32.6	1069	314	0.898089	1.74e-32	acc|GENBANK|AAR29979.1|GENBANK|AY466396|protein tyrosine phosphatase [Bracoviriform glomeratae]	Bracoviriform glomeratae	Blastx
SRR22534740	NODE_3946_length_1321_cov_33.249224	30.3	1321	1384	0.245665	1.77e-32	acc|GENBANK|ADB85299.1|GENBANK|GQ252825|putative retrotransposon protein [Phyllostachys edulis]	Phyllostachys edulis	Blastx
SRR22534740	NODE_41966_length_1544_cov_20.109861	43.5	1544	375	0.472000	1.95e-32	acc|GENBANK|QFG74672.1|GENBANK|MN448289|helicase [Megaviridae environmental sample]	Megaviridae environmental sample	Blastx
SRR22534740	NODE_1102_length_386_cov_62.215297	71.6	386	651	0.135177	2.05e-32	acc|GENBANK|QBK86751.1|GENBANK|MK500335|uncharacterized protein [Marseillevirus LCMAC103]	Marseillevirus LCMAC103	Blastx
SRR22534740	NODE_26423_length_541_cov_6.519685	40.1	541	299	0.575251	2.08e-32	acc|GENBANK|UOG94093.1|NEIGHBOR|OM876856|serine threonine-protein phosphatase [Aureococcus anophagefferens virus]	Aureococcus anophagefferens virus	Blastx
SRR22534740	NODE_3092_length_1452_cov_16.358703	30.4	1452	278	0.946043	2.09e-32	acc|GENBANK|QBK91651.1|GENBANK|MK500560|putative serine/threonine protein kinase [Pithovirus LCPAC302]	Pithovirus LCPAC302	Blastx
SRR22534740	NODE_19318_length_243_cov_9.614286	75.0	243	212	0.358491	2.27e-32	acc|GENBANK|AYV82031.1|GENBANK|MK072334|Ras-like protein Rab-11A [Homavirus sp.]	Homavirus sp.	Blastx
SRR22534740	NODE_27797_length_668_cov_5.818898	38.7	668	463	0.362851	2.43e-32	acc|REFSEQ|YP_010781133.1|REFSEQ|NC_075038|cysteine desulfurase sufS family [Tupanvirus deep ocean]	Tupanvirus deep ocean	Blastx
SRR22534740	NODE_37145_length_757_cov_11.462707	41.3	757	925	0.193514	2.52e-32	acc|GENBANK|ABY48139.1|GENBANK|EU306659|NORK [Medicago truncatula]	Medicago truncatula	Blastx
SRR22534740	NODE_9071_length_791_cov_3.310026	33.6	791	482	0.524896	2.83e-32	acc|GENBANK|BBA54297.1|GENBANK|AB898755|gag : akt fusion protein [Feline leukemia virus]	Feline leukemia virus	Blastx
SRR22534740	NODE_28918_length_463_cov_3.706977	45.9	463	925	0.169730	2.86e-32	acc|GENBANK|ABY48139.1|GENBANK|EU306659|NORK [Medicago truncatula]	Medicago truncatula	Blastx
SRR22534740	NODE_18869_length_250_cov_1.677419	74.7	250	1161	0.064599	2.94e-32	acc|GENBANK|AAP06788.1|GENBANK|AY234827|phytochrome B1 apoprotein [Zea mays]	Zea mays	Blastx
SRR22534740	NODE_25219_length_253_cov_1.572727	68.7	253	1413	0.058740	3.07e-32	acc|GENBANK|AYV86995.1|GENBANK|MK072523|putative DNA topoisomerase 2-like isoform X1 [Sylvanvirus sp.]	Sylvanvirus sp.	Blastx
SRR22534740	NODE_39055_length_357_cov_65.216049	56.2	357	385	0.272727	3.26e-32	acc|GENBANK|UUT40455.1|GENBANK|ON887238|hypothetical protein [carnivorous sponge associated iridovirus]	carnivorous sponge associated iridovirus	Blastx
SRR22534740	NODE_5330_length_646_cov_1.510604	40.1	646	925	0.180541	3.68e-32	acc|GENBANK|ABY48139.1|GENBANK|EU306659|NORK [Medicago truncatula]	Medicago truncatula	Blastx
SRR22534740	NODE_15440_length_431_cov_2.864322	50.0	431	2037	0.068729	3.73e-32	acc|GENBANK|ABG37663.1|GENBANK|DQ536170|CCHC-type integrase [Populus trichocarpa]	Populus trichocarpa	Blastx
SRR22534740	NODE_35_length_1722_cov_11.526347	35.9	1722	225	1.040000	4.09e-32	acc|GENBANK|QBK90211.1|GENBANK|MK500469|phosphoadenosine phosphosulfate reductase [Pithovirus LCPAC102]	Pithovirus LCPAC102	Blastx
SRR22534740	NODE_797_length_758_cov_20.736552	36.5	758	196	0.964286	4.29e-32	acc|GENBANK|QKF93917.1|GENBANK|MT418680|adenylate kinase/UMP-CMP kinase [Fadolivirus FV1/VV64]	Fadolivirus FV1/VV64	Blastx
SRR22534740	NODE_540_length_405_cov_21.577957	55.9	405	226	0.451327	4.70e-32	acc|GENBANK|ACS71540.1|GENBANK|GQ169760|Ham1-like protein [Cassava brown streak virus]	Cassava brown streak virus	Blastx
SRR22534740	NODE_44385_length_1270_cov_25.713015	44.7	1270	437	0.389016	4.83e-32	acc|REFSEQ|YP_010780137.1|REFSEQ|NC_075038|hypothetical protein [Tupanvirus deep ocean]	Tupanvirus deep ocean	Blastx
SRR22534740	NODE_2027_length_297_cov_2.003788	59.6	297	396	0.224747	4.86e-32	acc|GENBANK|QBK87987.1|GENBANK|MK500372|threonyl-tRNA synthetase [Marseillevirus LCMAC202]	Marseillevirus LCMAC202	Blastx
SRR22534740	NODE_34586_length_647_cov_13.350163	42.4	647	192	0.687500	5.09e-32	acc|GENBANK|AYV78944.1|GENBANK|MK072120|Ras-related protein Rab-1A [Edafosvirus sp.]	Edafosvirus sp.	Blastx
SRR22534740	NODE_39573_length_799_cov_12.591384	40.9	799	299	0.531773	5.34e-32	acc|GENBANK|UOG94093.1|NEIGHBOR|OM876856|serine threonine-protein phosphatase [Aureococcus anophagefferens virus]	Aureococcus anophagefferens virus	Blastx
SRR22534740	NODE_31386_length_740_cov_4.512023	40.9	740	543	0.355433	6.22e-32	acc|GENBANK|QBK87111.1|GENBANK|MK500344|ATP-sulfurylase [Marseillevirus LCMAC201]	Marseillevirus LCMAC201	Blastx
SRR22534740	NODE_23154_length_698_cov_9.903759	66.1	698	605	0.272727	6.38e-32	acc|GENBANK|AEV22380.1|GENBANK|JN969602|unknown [Lolium perenne]	Lolium perenne	Blastx
SRR22534740	NODE_33689_length_989_cov_4.958159	31.0	989	1050	0.300952	6.57e-32	acc|GENBANK|QBK85357.1|GENBANK|MK500320|DNA-directed RNA polymerase subunit beta, [Iridovirus LCIVAC01]	Iridovirus LCIVAC01	Blastx
SRR22534740	NODE_760_length_847_cov_10.708845	36.5	847	196	0.964286	6.89e-32	acc|GENBANK|QKF93917.1|GENBANK|MT418680|adenylate kinase/UMP-CMP kinase [Fadolivirus FV1/VV64]	Fadolivirus FV1/VV64	Blastx
SRR22534740	NODE_5444_length_2651_cov_6.341482	26.0	2651	501	0.884232	7.28e-32	acc|REFSEQ|NP_203208.1|REFSEQ|NC_003083|GTA [Epiphyas postvittana nucleopolyhedrovirus]	Epiphyas postvittana nucleopolyhedrovirus	Blastx
SRR22534740	NODE_37735_length_689_cov_18.207317	51.8	689	155	0.722581	7.72e-32	acc|GENBANK|AYV75765.1|GENBANK|MK071981|ubiquitin-conjugating enzyme E2-17 kDa 3 [Terrestrivirus sp.]	Terrestrivirus sp.	Blastx
SRR22534740	NODE_16334_length_854_cov_6.493301	31.7	854	263	0.779468	1.05e-31	acc|GENBANK|BCS83155.1|GENBANK|AP024483|alpha/beta hydrolase [Cotonvirus japonicus]	Cotonvirus japonicus	Blastx
SRR22534740	NODE_26577_length_942_cov_4.369637	43.5	942	353	0.436261	1.07e-31	acc|GENBANK|AYV84281.1|GENBANK|MK072403|hypothetical protein [Hyperionvirus sp.]	Hyperionvirus sp.	Blastx
SRR22534740	NODE_41858_length_1346_cov_7.437928	56.7	1346	382	0.272251	1.08e-31	acc|GENBANK|AAB31930.2|GENBANK|S74099|v-myb product [Avian myeloblastosis virus]	Avian myeloblastosis virus	Blastx
SRR22534740	NODE_10158_length_680_cov_2.962906	37.1	680	496	0.429435	1.09e-31	acc|GENBANK|ACN78958.1|GENBANK|FJ225394|dehydration responsive protein [Glycine max]	Glycine max	Blastx
SRR22534740	NODE_39998_length_1209_cov_20.212585	34.0	1209	478	0.516736	1.12e-31	acc|GENBANK|QBK86272.1|GENBANK|MK500334|cyclin-dependent protein kinase [Marseillevirus LCMAC102]	Marseillevirus LCMAC102	Blastx
SRR22534740	NODE_42452_length_450_cov_4.172662	62.1	450	1105	0.093213	1.19e-31	acc|GENBANK|AAK84476.1|GENBANK|AF275345|unknown [Solanum lycopersicum]	Solanum lycopersicum	Blastx
SRR22534740	NODE_2764_length_481_cov_47.854911	51.7	481	337	0.350148	1.24e-31	acc|GENBANK|QDY52204.1|GENBANK|MK250089|acetohydroxy acid isomeroreductase [Mimiviridae sp. ChoanoV1]	Mimiviridae sp. ChoanoV1	Blastx
SRR22534740	NODE_2051_length_292_cov_5.706564	59.4	292	832	0.115385	1.30e-31	acc|GENBANK|BAD00047.1|GENBANK|AB119282|Fusion protein, Feo [Hepacivirus hominis]	Hepacivirus hominis	Blastx
SRR22534740	NODE_33747_length_390_cov_9.243697	59.3	390	620	0.182258	1.32e-31	acc|GENBANK|QIG60126.1|GENBANK|MN940580|RNA polymerase II largest subunit [Dishui Lake large algae virus 1]	Dishui Lake large algae virus 1	Blastx
SRR22534740	NODE_1327_length_1187_cov_15.287695	30.0	1187	337	1.068249	1.72e-31	acc|GENBANK|QBK87928.1|GENBANK|MK500371|beta-propeller fold protein [Marseillevirus LCMAC202]	Marseillevirus LCMAC202	Blastx
SRR22534740	NODE_22852_length_727_cov_4.832853	41.0	727	325	0.578462	1.80e-31	acc|GENBANK|QDH91349.1|GENBANK|MN036178|hypothetical protein [Partitiviridae sp.]	Partitiviridae sp.	Blastx
SRR22534740	NODE_42981_length_663_cov_14.893651	48.9	663	341	0.407625	1.84e-31	acc|GENBANK|ARF12218.1|GENBANK|KY684111|gelsolin repeat protein [Klosneuvirus KNV1]	Klosneuvirus KNV1	Blastx
SRR22534740	NODE_11362_length_250_cov_1.599078	70.7	250	352	0.213068	1.85e-31	acc|GENBANK|WGU26813.1|GENBANK|OQ503488|hypothetical protein [Triticum monococcum]	Triticum monococcum	Blastx
SRR22534740	NODE_5774_length_665_cov_2.232595	51.3	665	759	0.148880	1.90e-31	acc|GENBANK|ACN78962.1|GENBANK|FJ225394|methyltransferase [Glycine max]	Glycine max	Blastx
SRR22534740	NODE_29626_length_219_cov_1.510753	89.4	219	342	0.192982	2.02e-31	acc|GENBANK|CAA04529.1|GENBANK|AJ001100|Rad51-like protein [Arabidopsis thaliana]	Arabidopsis thaliana	Blastx
SRR22534740	NODE_35073_length_714_cov_10.731278	43.2	714	1484	0.113881	2.09e-31	acc|GENBANK|AUF82600.1|GENBANK|KY322437|DNA-directed RNA polymerase II subunit Rpb1 [Tetraselmis virus 1]	Tetraselmis virus 1	Blastx
SRR22534740	NODE_9523_length_716_cov_4.360176	48.2	716	2037	0.082474	2.16e-31	acc|GENBANK|ABG37663.1|GENBANK|DQ536170|CCHC-type integrase [Populus trichocarpa]	Populus trichocarpa	Blastx
SRR22534740	NODE_26381_length_675_cov_4.133956	44.9	675	365	0.432877	2.31e-31	acc|GENBANK|BDT62135.1|GENBANK|LC738872|heat shock protein 40-like protein [Litopenaeus vannamei majanivirus Nimav-1_LVa]	Litopenaeus vannamei majanivirus Nimav-1_LVa	Blastx
SRR22534740	NODE_48997_length_622_cov_51.264856	61.5	622	194	0.494845	2.35e-31	acc|GENBANK|AYV76261.1|GENBANK|MK071983|CuZnSOD [Terrestrivirus sp.]	Terrestrivirus sp.	Blastx
SRR22534740	NODE_28974_length_564_cov_2.939736	41.3	564	613	0.300163	2.83e-31	acc|GENBANK|ADB85401.1|GENBANK|GQ252886|putative pollen-specific kinase [Phyllostachys edulis]	Phyllostachys edulis	Blastx
SRR22534740	NODE_9714_length_1115_cov_3.489834	32.7	1115	293	0.948805	3.00e-31	acc|GENBANK|QFG75012.1|GENBANK|MN448296|protein kinase domain protein [Megaviridae environmental sample]	Megaviridae environmental sample	Blastx
SRR22534740	NODE_1355_length_267_cov_111.991453	69.4	267	753	0.112882	3.17e-31	acc|GENBANK|QDY51907.1|GENBANK|MK250085|Hsp90 protein [Mimiviridae sp. ChoanoV1]	Mimiviridae sp. ChoanoV1	Blastx
SRR22534740	NODE_26827_length_595_cov_5.056940	42.2	595	1339	0.148618	3.56e-31	acc|GENBANK|CAA43287.1|GENBANK|X60951|DNA-directed DNA polymerase [Trypanosoma brucei]	Trypanosoma brucei	Blastx
SRR22534740	NODE_36528_length_969_cov_10.235043	33.8	969	248	0.895161	3.75e-31	acc|REFSEQ|YP_009448755.1|REFSEQ|NC_036594|Alpha/Beta hydrolase [Orpheovirus IHUMI-LCC2]	Orpheovirus IHUMI-LCC2	Blastx
SRR22534740	NODE_19346_length_791_cov_3.573879	42.4	791	202	0.688119	3.79e-31	acc|GENBANK|CCQ71376.1|GENBANK|HF586479|hypothetical peptidase PPPDE-like [Cotesia congregata]	Cotesia congregata	Blastx
SRR22534740	NODE_39277_length_1116_cov_4.988920	34.9	1116	1618	0.116811	3.85e-31	acc|GENBANK|QGR54286.1|GENBANK|MK978772|serine/threonine protein kinase [Moumouvirus maliensis]	Moumouvirus maliensis	Blastx
SRR22534740	NODE_29841_length_278_cov_2.114286	64.8	278	520	0.169231	4.13e-31	acc|GENBANK|APO14197.1|GENBANK|KX098475|truncated DELLA protein [Setaria italica]	Setaria italica	Blastx
SRR22534740	NODE_38886_length_641_cov_3.583882	74.7	641	1298	0.063945	4.29e-31	acc|GENBANK|BAD34493.1|GENBANK|AB162659|Gag-Pol [Ipomoea batatas]	Ipomoea batatas	Blastx
SRR22534740	NODE_3240_length_903_cov_10.262069	47.2	903	325	0.547692	4.57e-31	acc|GENBANK|ABY48134.1|GENBANK|EU306659|bHLH transcription factor [Medicago truncatula]	Medicago truncatula	Blastx
SRR22534740	NODE_865_length_553_cov_21.907692	35.6	553	405	0.444444	4.58e-31	acc|GENBANK|WGU26824.1|GENBANK|OQ503488|eukaryotic initiation factor 4A-III B-like [Triticum monococcum]	Triticum monococcum	Blastx
SRR22534740	NODE_40714_length_766_cov_3.984993	33.5	766	1186	0.206577	4.61e-31	acc|GENBANK|ARF10911.1|GENBANK|KY684105|putative sensor histidine kinase [Hokovirus HKV1]	Hokovirus HKV1	Blastx
SRR22534740	NODE_34220_length_469_cov_6.467890	44.0	469	192	0.651042	4.63e-31	acc|GENBANK|AYV78944.1|GENBANK|MK072120|Ras-related protein Rab-1A [Edafosvirus sp.]	Edafosvirus sp.	Blastx
SRR22534740	NODE_3606_length_291_cov_5.100775	59.4	291	325	0.295385	5.50e-31	acc|GENBANK|QDH91349.1|GENBANK|MN036178|hypothetical protein [Partitiviridae sp.]	Partitiviridae sp.	Blastx
SRR22534740	NODE_19726_length_478_cov_6.871910	43.2	478	925	0.157838	5.58e-31	acc|GENBANK|ABY48139.1|GENBANK|EU306659|NORK [Medicago truncatula]	Medicago truncatula	Blastx
SRR22534740	NODE_43362_length_1812_cov_26.297358	26.9	1812	464	0.896552	5.87e-31	acc|GENBANK|ARF12058.1|GENBANK|KY684110|aminotransferase class-III [Klosneuvirus KNV1]	Klosneuvirus KNV1	Blastx
SRR22534740	NODE_36327_length_1561_cov_4.545157	26.6	1561	999	0.489489	6.44e-31	acc|GENBANK|APB09510.1|NEIGHBOR|KX905135|DNA polymerase catalytic subunit [Alcelaphine gammaherpesvirus 1]	Alcelaphine gammaherpesvirus 1	Blastx
SRR22534740	NODE_6543_length_528_cov_2.440404	43.7	528	366	0.368852	7.14e-31	acc|GENBANK|WRJ69895.1|GENBANK|OR001839|phosphoserine aminotransferase [Oceanusvirus sp.]	Oceanusvirus sp.	Blastx
SRR22534740	NODE_22386_length_1110_cov_4.653668	41.5	1110	388	0.422680	7.20e-31	acc|GENBANK|CCQ71327.1|GENBANK|HF586476|hypothetical protein kinase Pka-C1 [Cotesia congregata]	Cotesia congregata	Blastx
SRR22534740	NODE_23010_length_1840_cov_9.193691	32.2	1840	293	0.965870	8.02e-31	acc|GENBANK|QFG75012.1|GENBANK|MN448296|protein kinase domain protein [Megaviridae environmental sample]	Megaviridae environmental sample	Blastx
SRR22534740	NODE_14869_length_1050_cov_2.969518	34.5	1050	269	0.732342	8.17e-31	acc|GENBANK|ARF08245.1|GENBANK|KY684083|alpha/beta hydrolase family protein [Catovirus CTV1]	Catovirus CTV1	Blastx
SRR22534740	NODE_26406_length_1036_cov_5.211366	39.3	1036	727	0.283356	8.54e-31	acc|GENBANK|ADB85269.1|GENBANK|GQ252805|putative lectin-like protein kinase [Phyllostachys edulis]	Phyllostachys edulis	Blastx
SRR22534740	NODE_33343_length_1462_cov_7.312806	25.3	1462	673	0.680535	9.61e-31	acc|GENBANK|QPI16366.1|GENBANK|MW030559|RNA polymerase [Virus NIOZ-UU157]	Virus NIOZ-UU157	Blastx
SRR22534740	NODE_35560_length_879_cov_10.042553	38.0	879	196	0.938776	9.92e-31	acc|GENBANK|QKF93917.1|GENBANK|MT418680|adenylate kinase/UMP-CMP kinase [Fadolivirus FV1/VV64]	Fadolivirus FV1/VV64	Blastx
SRR22534740	NODE_4187_length_766_cov_20.431105	35.4	766	478	0.479079	1.07e-30	acc|GENBANK|QBK86272.1|GENBANK|MK500334|cyclin-dependent protein kinase [Marseillevirus LCMAC102]	Marseillevirus LCMAC102	Blastx
SRR22534740	NODE_37496_length_1370_cov_19.073298	38.5	1370	398	0.502513	1.12e-30	acc|GENBANK|AYV82736.1|GENBANK|MK072384|glutamate-5-semialdehyde dehydrogenase [Hyperionvirus sp.]	Hyperionvirus sp.	Blastx
SRR22534740	NODE_36562_length_712_cov_11.263623	41.4	712	595	0.263866	1.22e-30	acc|GENBANK|WZO84629.1|GENBANK|PP681887|glucosamine--fructose-6-phosphate [Chlorovirus sp.]	Chlorovirus sp.	Blastx
SRR22534740	NODE_3530_length_342_cov_58.216828	46.6	342	158	0.651899	1.27e-30	acc|GENBANK|CAK7597043.1|GENBANK|OZ003748|Ubiquitin-conjugating enzyme/RWD-like protein [Catovirus sp. 'naegleriensis']	Catovirus sp. 'naegleriensis'	Blastx
SRR22534740	NODE_39455_length_821_cov_6.583756	42.2	821	299	0.602007	1.34e-30	acc|GENBANK|QBK91775.1|GENBANK|MK500565|mitochondrial carrier-like protein [Pithovirus LCPAC304]	Pithovirus LCPAC304	Blastx
SRR22534740	NODE_6629_length_2594_cov_14.916439	27.0	2594	379	1.105541	1.51e-30	acc|GENBANK|AAT99858.1|GENBANK|AY598438|unknown [Diachasmimorpha longicaudata entomopoxvirus]	Diachasmimorpha longicaudata entomopoxvirus	Blastx
SRR22534740	NODE_29257_length_855_cov_4.315085	65.1	855	290	0.365517	1.51e-30	acc|GENBANK|QMS43709.1|GENBANK|MT590730|tymovirus-like 45/70Kd protein [Betula platyphylla]	Betula platyphylla	Blastx
SRR22534740	NODE_28023_length_292_cov_8.455598	60.8	292	922	0.105206	1.58e-30	acc|GENBANK|QBK88440.1|GENBANK|MK500389|insulinase [Mimivirus LCMiAC01]	Mimivirus LCMiAC01	Blastx
SRR22534740	NODE_25695_length_507_cov_2.078059	37.6	507	2224	0.081385	1.59e-30	acc|GENBANK|AYV81995.1|GENBANK|MK072332|putative CAD protein isoform X1 [Homavirus sp.]	Homavirus sp.	Blastx
SRR22534740	NODE_44578_length_944_cov_19.642151	50.8	944	357	0.347339	1.63e-30	acc|GENBANK|AYV84123.1|GENBANK|MK072399|metallopeptidase family M24 [Hyperionvirus sp.]	Hyperionvirus sp.	Blastx
SRR22534740	NODE_15718_length_426_cov_3.295165	45.3	426	394	0.352792	1.81e-30	acc|REFSEQ|YP_009640107.1|REFSEQ|NC_011335|hypothetical protein [Diadromus pulchellus ascovirus 4a]	Diadromus pulchellus ascovirus 4a	Blastx
SRR22534740	NODE_34639_length_758_cov_8.612414	35.1	758	172	1.011628	1.91e-30	acc|GENBANK|AYV78583.1|GENBANK|MK072084|hypoxanthine phosphoribosyltransferase [Edafosvirus sp.]	Edafosvirus sp.	Blastx
SRR22534740	NODE_4544_length_1286_cov_10.301676	28.5	1286	498	0.783133	2.10e-30	acc|GENBANK|XHA59766.1|GENBANK|OR863077|thermosome [Poseidoniales virus]	Poseidoniales virus	Blastx
SRR22534740	NODE_20707_length_360_cov_2.088685	73.7	360	392	0.193878	2.12e-30	acc|GENBANK|ABV72583.1|GENBANK|EU155081|unknown [Oryza sativa Japonica Group]	Oryza sativa Japonica Group	Blastx
SRR22534740	NODE_32957_length_1578_cov_7.777994	24.7	1578	448	0.984375	2.49e-30	acc|GENBANK|QQV29731.1|GENBANK|MT334784|hypothetical protein [Kaumoebavirus]	Kaumoebavirus	Blastx
SRR22534740	NODE_33760_length_474_cov_5.070295	43.4	474	925	0.164324	2.53e-30	acc|GENBANK|ABY48139.1|GENBANK|EU306659|NORK [Medicago truncatula]	Medicago truncatula	Blastx
SRR22534740	NODE_41156_length_967_cov_5.596360	30.4	967	414	0.753623	2.66e-30	acc|REFSEQ|YP_009238667.1|REFSEQ|NC_029692|translation elongation factor [Brazilian marseillevirus]	Brazilian marseillevirus	Blastx
SRR22534740	NODE_1563_length_1023_cov_10.886869	39.9	1023	180	0.961111	2.72e-30	acc|GENBANK|AKS26367.1|GENBANK|KR095315|putative oligoribonuclease [Diachasmimorpha longicaudata entomopoxvirus]	Diachasmimorpha longicaudata entomopoxvirus	Blastx
SRR22534740	NODE_46596_length_209_cov_1.329545	72.5	209	292	0.236301	2.79e-30	acc|GENBANK|UKZ11454.1|GENBANK|OM339720|hypothetical protein [Emiliania huxleyi virus M1]	Emiliania huxleyi virus M1	Blastx
SRR22534740	NODE_33299_length_835_cov_11.607232	32.6	835	1100	0.248182	3.02e-30	acc|GENBANK|QGR53824.1|GENBANK|MK978772|isoleucyl-tRNA synthetase [Moumouvirus maliensis]	Moumouvirus maliensis	Blastx
SRR22534740	NODE_38358_length_857_cov_15.847087	34.3	857	399	0.583960	3.12e-30	acc|GENBANK|ARF09189.1|GENBANK|KY684084|phosphoglycerate dehydrogenase [Catovirus CTV1]	Catovirus CTV1	Blastx
SRR22534740	NODE_34564_length_368_cov_5.850746	51.7	368	371	0.318059	3.24e-30	acc|GENBANK|WNO13897.1|GENBANK|OQ968270|capsid protein [Berere partitivirus]	Berere partitivirus	Blastx
SRR22534740	NODE_29460_length_554_cov_2.439539	53.7	554	678	0.197640	3.87e-30	acc|GENBANK|CCQ71325.1|GENBANK|HF586476|hypothetical kinesin-like protein KIF3 [Cotesia congregata]	Cotesia congregata	Blastx
SRR22534740	NODE_4315_length_2609_cov_6.326087	28.3	2609	748	0.542781	4.26e-30	acc|GENBANK|QBK91908.1|GENBANK|MK500566|ATP-dependent DNA ligase [Pithovirus LCPAC304]	Pithovirus LCPAC304	Blastx
SRR22534740	NODE_2768_length_1442_cov_9.831086	27.2	1442	926	0.480562	4.67e-30	acc|GENBANK|AYV78243.1|GENBANK|MK072072|Zn-dependent peptidase [Edafosvirus sp.]	Edafosvirus sp.	Blastx
SRR22534740	NODE_40761_length_837_cov_24.383085	42.7	837	495	0.317172	4.80e-30	acc|GENBANK|XKM46480.1|GENBANK|PQ442261|hypothetical protein [Micromonas commoda virus 20T]	Micromonas commoda virus 20T	Blastx
SRR22534740	NODE_43621_length_1982_cov_16.915854	31.8	1982	252	0.873016	4.86e-30	acc|GENBANK|QYA18818.1|GENBANK|MZ420154|cyclin A2 [Clandestinovirus]	Clandestinovirus	Blastx
SRR22534740	NODE_1072_length_863_cov_5.618072	35.0	863	459	0.492375	5.46e-30	acc|GENBANK|BBI30359.1|GENBANK|AP018495|beta-galactosidase [Acanthamoeba castellanii medusavirus J1]	Acanthamoeba castellanii medusavirus J1	Blastx
SRR22534740	NODE_36753_length_1416_cov_8.194505	27.4	1416	276	1.152174	5.89e-30	acc|GENBANK|ULY68573.1|GENBANK|OL828820|putative apurinic-apyrimidinic endonuclease 1 [Chlorella virus XW01]	Chlorella virus XW01	Blastx
SRR22534740	NODE_19090_length_669_cov_2.941824	38.0	669	363	0.586777	5.98e-30	acc|GENBANK|AGU70139.1|GENBANK|KF270090|protein kinase superfamily protein [Tarenaya hassleriana]	Tarenaya hassleriana	Blastx
SRR22534740	NODE_30213_length_887_cov_8.010539	36.3	887	383	0.610966	6.03e-30	acc|GENBANK|ARF12201.1|GENBANK|KY684111|serine/threonine protein kinase [Klosneuvirus KNV1]	Klosneuvirus KNV1	Blastx
SRR22534740	NODE_2484_length_621_cov_15.930272	39.1	621	445	0.431461	6.28e-30	acc|REFSEQ|YP_010780539.1|REFSEQ|NC_075038|histidine tRNA synthetase [Tupanvirus deep ocean]	Tupanvirus deep ocean	Blastx
SRR22534740	NODE_6348_length_592_cov_3.275492	42.6	592	242	0.698347	6.51e-30	acc|GENBANK|AGU70135.1|GENBANK|KF270089|integrase-type DNA-binding superfamily protein [Tarenaya hassleriana]	Tarenaya hassleriana	Blastx
SRR22534740	NODE_33731_length_713_cov_5.892647	40.0	713	327	0.596330	6.56e-30	acc|GENBANK|QFG73901.1|GENBANK|MN448274|papain family cysteine protease [Megaviridae environmental sample]	Megaviridae environmental sample	Blastx
SRR22534740	NODE_4449_length_589_cov_23.681655	46.2	589	366	0.360656	7.39e-30	acc|GENBANK|ARF12215.1|GENBANK|KY684111|phosphoribosyl transferase [Klosneuvirus KNV1]	Klosneuvirus KNV1	Blastx
SRR22534740	NODE_31209_length_771_cov_4.911924	37.6	771	1186	0.143339	7.73e-30	acc|GENBANK|ARF10911.1|GENBANK|KY684105|putative sensor histidine kinase [Hokovirus HKV1]	Hokovirus HKV1	Blastx
SRR22534740	NODE_34617_length_552_cov_6.447013	52.7	552	759	0.147563	8.09e-30	acc|GENBANK|ACN78962.1|GENBANK|FJ225394|methyltransferase [Glycine max]	Glycine max	Blastx
SRR22534740	NODE_1695_length_532_cov_61.454910	41.4	532	239	0.556485	8.85e-30	acc|GENBANK|AFV13460.1|GENBANK|JQ314447|ubiquitin conjugating enzyme 2 [Tripsacum dactyloides]	Tripsacum dactyloides	Blastx
SRR22534740	NODE_1970_length_263_cov_9119.008696	67.8	263	1960	0.044388	9.44e-30	acc|REFSEQ|YP_009134730.1|REFSEQ|NC_026248|replicase polyprotein [Yam latent virus]	Yam latent virus	Blastx
SRR22534740	NODE_14906_length_895_cov_3.743619	56.9	895	678	0.181416	9.49e-30	acc|GENBANK|CCQ71325.1|GENBANK|HF586476|hypothetical kinesin-like protein KIF3 [Cotesia congregata]	Cotesia congregata	Blastx
SRR22534740	NODE_40987_length_539_cov_5.037549	43.4	539	447	0.304251	9.64e-30	acc|REFSEQ|NP_077596.1|REFSEQ|NC_002687|serine-threonine kinase [Ectocarpus siliculosus virus 1]	Ectocarpus siliculosus virus 1	Blastx
SRR22534740	NODE_37361_length_768_cov_14.484354	38.1	768	547	0.436929	1.05e-29	acc|GENBANK|AYV86548.1|GENBANK|MK072509|hypothetical protein [Sylvanvirus sp.]	Sylvanvirus sp.	Blastx
SRR22534740	NODE_5710_length_389_cov_219.623596	62.6	389	128	0.710938	1.08e-29	acc|GENBANK|CAA42007.1|GENBANK|X59357|Epstein-Barr virus small RNA associated protein [Homo sapiens]	Homo sapiens	Blastx
SRR22534740	NODE_5612_length_367_cov_37.625749	41.0	367	258	0.472868	1.10e-29	acc|GENBANK|WMV02893.1|GENBANK|OP630990|alpha-tubulin [Diderma spumarioides]	Diderma spumarioides	Blastx
SRR22534740	NODE_41975_length_1388_cov_11.905535	30.6	1388	405	0.654321	1.29e-29	acc|GENBANK|WGU26824.1|GENBANK|OQ503488|eukaryotic initiation factor 4A-III B-like [Triticum monococcum]	Triticum monococcum	Blastx
SRR22534740	NODE_43765_length_685_cov_35.926380	54.9	685	619	0.182553	1.32e-29	acc|GENBANK|ARF11619.1|GENBANK|KY684109|arginyl-tRNA synthetase [Klosneuvirus KNV1]	Klosneuvirus KNV1	Blastx
SRR22534740	NODE_2450_length_672_cov_140.788732	29.5	672	437	0.604119	1.33e-29	acc|GENBANK|WRK65201.1|GENBANK|OR157982|papain like cysteine protease [Marseillevirus futianmevirus]	Marseillevirus futianmevirus	Blastx
SRR22534740	NODE_8626_length_645_cov_15.612745	50.8	645	366	0.333333	1.34e-29	acc|GENBANK|ARF12215.1|GENBANK|KY684111|phosphoribosyl transferase [Klosneuvirus KNV1]	Klosneuvirus KNV1	Blastx
SRR22534740	NODE_37914_length_1185_cov_19.258681	48.0	1185	202	0.628713	1.43e-29	acc|GENBANK|CCQ71376.1|GENBANK|HF586479|hypothetical peptidase PPPDE-like [Cotesia congregata]	Cotesia congregata	Blastx
SRR22534740	NODE_25160_length_318_cov_5.442105	56.7	318	1007	0.103277	1.47e-29	acc|GENBANK|AEX62906.1|GENBANK|JN885998|DNA topoisomerase 2 [Moumouvirus Monve]	Moumouvirus Monve	Blastx
SRR22534740	NODE_26132_length_391_cov_2.363128	43.3	391	202	0.594059	1.52e-29	acc|GENBANK|CCQ71376.1|GENBANK|HF586479|hypothetical peptidase PPPDE-like [Cotesia congregata]	Cotesia congregata	Blastx
SRR22534740	NODE_43079_length_529_cov_3.866935	42.2	529	925	0.174054	1.65e-29	acc|GENBANK|ABY48139.1|GENBANK|EU306659|NORK [Medicago truncatula]	Medicago truncatula	Blastx
SRR22534740	NODE_41747_length_1148_cov_2.501345	28.1	1148	1468	0.283379	1.74e-29	acc|GENBANK|QDY51984.1|GENBANK|MK250086|RNA polymerase Rpb1, domain 5 [Mimiviridae sp. ChoanoV1]	Mimiviridae sp. ChoanoV1	Blastx
SRR22534740	NODE_544_length_1063_cov_11.694175	35.5	1063	365	0.671233	1.74e-29	acc|GENBANK|QBK92234.1|GENBANK|MK500569|chaperone protein [Pithovirus LCPAC304]	Pithovirus LCPAC304	Blastx
SRR22534740	NODE_19808_length_441_cov_7.463235	58.5	441	337	0.278932	1.76e-29	acc|GENBANK|ABH08433.1|GENBANK|DQ851167|putative heat shock factor [Beta vulgaris]	Beta vulgaris	Blastx
SRR22534740	NODE_1503_length_567_cov_4.852060	37.8	567	1019	0.176644	1.91e-29	acc|GENBANK|ABZ80022.1|NEIGHBOR|EU410304|beta-D-galactosidase [synthetic Vaccinia virus]	synthetic Vaccinia virus	Blastx
SRR22534740	NODE_36511_length_871_cov_9.789976	35.5	871	249	0.871486	1.95e-29	acc|GENBANK|QKF94115.1|GENBANK|MT418680|fatty acid hydroxylase [Fadolivirus FV1/VV64]	Fadolivirus FV1/VV64	Blastx
SRR22534740	NODE_1446_length_1846_cov_65.822394	30.6	1846	966	0.372671	2.02e-29	acc|GENBANK|AYV87100.1|GENBANK|MK072531|putative puromycin-sensitive aminopeptidase [Sylvanvirus sp.]	Sylvanvirus sp.	Blastx
SRR22534740	NODE_40193_length_985_cov_7.133403	67.0	985	557	0.163375	2.06e-29	acc|GENBANK|WGU26825.1|GENBANK|OQ503488|putative acyl-activating enzyme 5 [Triticum monococcum]	Triticum monococcum	Blastx
SRR22534740	NODE_2172_length_1101_cov_9.610487	33.8	1101	498	0.570281	2.11e-29	acc|REFSEQ|YP_010781610.1|REFSEQ|NC_075039|hypothetical protein [Tupanvirus soda lake]	Tupanvirus soda lake	Blastx
SRR22534740	NODE_31616_length_416_cov_2.475196	46.0	416	331	0.413897	2.24e-29	acc|GENBANK|ACD54818.1|GENBANK|EU643495|cathepsin L precursor-like protein [Adineta vaga]	Adineta vaga	Blastx
SRR22534740	NODE_6620_length_2309_cov_21.918278	66.7	2309	150	0.540000	2.36e-29	acc|GENBANK|AYV82350.1|GENBANK|MK072366|hypothetical protein [Homavirus sp.]	Homavirus sp.	Blastx
SRR22534740	NODE_44884_length_1620_cov_6.543793	48.0	1620	288	0.427083	2.37e-29	acc|GENBANK|QMP82376.1|GENBANK|MT153362|hypothetical protein [red goblin roach virus 1]	red goblin roach virus 1	Blastx
SRR22534740	NODE_6820_length_698_cov_32.830075	42.0	698	720	0.208333	2.64e-29	acc|REFSEQ|YP_009352555.1|REFSEQ|NC_034249|ATP-dependent helicase hrpA [Kaumoebavirus]	Kaumoebavirus	Blastx
SRR22534740	NODE_19732_length_341_cov_3.525974	55.8	341	925	0.102703	2.64e-29	acc|GENBANK|ABY48139.1|GENBANK|EU306659|NORK [Medicago truncatula]	Medicago truncatula	Blastx
SRR22534740	NODE_2978_length_474_cov_81.945578	80.9	474	229	0.296943	2.87e-29	acc|REFSEQ|YP_009482443.1|REFSEQ|NC_037666|S-phase kinase-associated protein 1 [Pandoravirus neocaledonia]	Pandoravirus neocaledonia	Blastx
SRR22534740	NODE_37407_length_1127_cov_18.534735	29.8	1127	596	0.585570	2.93e-29	acc|GENBANK|WZO87221.1|GENBANK|PP681893|glucosamine--fructose-6-phosphate [Chlorovirus sp.]	Chlorovirus sp.	Blastx
SRR22534740	NODE_22014_length_263_cov_1.565217	72.3	263	741	0.112011	3.13e-29	acc|GENBANK|WOA03171.1|GENBANK|OR637870|truncated WD40 protein PH13-H3 [Glycine max]	Glycine max	Blastx
SRR22534740	NODE_34777_length_571_cov_10.628253	45.5	571	365	0.397260	3.20e-29	acc|GENBANK|BDT62135.1|GENBANK|LC738872|heat shock protein 40-like protein [Litopenaeus vannamei majanivirus Nimav-1_LVa]	Litopenaeus vannamei majanivirus Nimav-1_LVa	Blastx
SRR22534740	NODE_36246_length_1015_cov_8.278004	36.4	1015	833	0.300120	3.21e-29	acc|GENBANK|AAL14454.1|GENBANK|AF397035|DNA mismatch repair protein Msh5 [Mus musculus]	Mus musculus	Blastx
SRR22534740	NODE_21690_length_324_cov_1.274914	53.8	324	616	0.172078	3.21e-29	acc|GENBANK|ADB85425.1|GENBANK|GQ252887|putative retrotransposon protein [Phyllostachys edulis]	Phyllostachys edulis	Blastx
SRR22534740	NODE_43681_length_847_cov_8.153563	32.7	847	431	0.575406	3.28e-29	acc|REFSEQ|YP_009310164.1|REFSEQ|NC_031465|serine-threonine kinase [Golden Marseillevirus]	Golden Marseillevirus	Blastx
SRR22534740	NODE_575_length_342_cov_22.689320	49.6	342	477	0.253669	3.41e-29	acc|GENBANK|AYV78014.1|GENBANK|MK072068|elongation factor 1 alpha long form [Edafosvirus sp.]	Edafosvirus sp.	Blastx
SRR22534740	NODE_40789_length_453_cov_2.533333	73.9	453	340	0.202941	4.20e-29	acc|GENBANK|AAK84481.1|GENBANK|AF275345|unknown [Solanum lycopersicum]	Solanum lycopersicum	Blastx
SRR22534740	NODE_33019_length_338_cov_2.026230	51.4	338	479	0.223382	4.46e-29	acc|GENBANK|CCQ71106.1|GENBANK|HF586472|putative N-myristoyltransferase NMT [Cotesia congregata]	Cotesia congregata	Blastx
SRR22534740	NODE_17441_length_442_cov_1.581907	49.3	442	925	0.151351	5.14e-29	acc|GENBANK|ABY48139.1|GENBANK|EU306659|NORK [Medicago truncatula]	Medicago truncatula	Blastx
SRR22534740	NODE_33513_length_347_cov_7.560510	51.4	347	1492	0.074397	5.43e-29	acc|GENBANK|QFG73582.1|GENBANK|MN448266|RNA polymerase Rpb1, domain 5 [Megaviridae environmental sample]	Megaviridae environmental sample	Blastx
SRR22534740	NODE_44523_length_983_cov_12.723158	49.6	983	153	0.816993	5.43e-29	acc|GENBANK|QBK85952.1|GENBANK|MK500328|ubiquitin-conjugating enzyme E2 [Marseillevirus LCMAC101]	Marseillevirus LCMAC101	Blastx
SRR22534740	NODE_1301_length_1742_cov_15.741954	31.3	1742	325	0.981538	5.47e-29	acc|GENBANK|AYV75307.1|GENBANK|MK071979|hypothetical protein [Terrestrivirus sp.]	Terrestrivirus sp.	Blastx
SRR22534740	NODE_37661_length_416_cov_15.177546	47.8	416	346	0.326590	5.74e-29	acc|GENBANK|QKF94584.1|GENBANK|MT418680|villin/gelsolin repeat protein [Fadolivirus FV1/VV64]	Fadolivirus FV1/VV64	Blastx
SRR22534740	NODE_41111_length_396_cov_15.641873	49.1	396	383	0.297650	5.92e-29	acc|GENBANK|AJA91762.1|GENBANK|KM434202|dihydroflavonol 4-reductase [Allium cepa]	Allium cepa	Blastx
SRR22534740	NODE_34665_length_468_cov_10.627586	57.3	468	476	0.216387	5.93e-29	acc|GENBANK|QPI16652.1|GENBANK|MW030591|serine endoprotease [Virus NIOZ-UU159]	Virus NIOZ-UU159	Blastx
SRR22534740	NODE_22082_length_285_cov_1.670635	63.0	285	631	0.145800	7.07e-29	acc|GENBANK|AWA44806.1|GENBANK|MH182523|hypothetical protein [Saccharum officinarum]	Saccharum officinarum	Blastx
SRR22534740	NODE_6744_length_1568_cov_6.679479	33.6	1568	471	0.569002	7.23e-29	acc|GENBANK|AFV13457.1|GENBANK|JQ314445|UDPG-flavonoid 3-O-glucosyl transferase [Tripsacum dactyloides]	Tripsacum dactyloides	Blastx
SRR22534740	NODE_8217_length_670_cov_57.266876	40.4	670	328	0.460366	9.11e-29	acc|REFSEQ|YP_001650932.1|REFSEQ|NC_010276|peptidase [Orgyia leucostigma nucleopolyhedrovirus]	Orgyia leucostigma nucleopolyhedrovirus	Blastx
SRR22534740	NODE_2343_length_321_cov_9.336806	79.7	321	212	0.301887	9.29e-29	acc|GENBANK|AYV82031.1|GENBANK|MK072334|Ras-like protein Rab-11A [Homavirus sp.]	Homavirus sp.	Blastx
SRR22534740	NODE_6223_length_1360_cov_36.094951	34.3	1360	467	0.436831	9.56e-29	acc|GENBANK|API81738.1|NEIGHBOR|KU052222|hypothetical protein [Cafeteriavirus-dependent mavirus]	Cafeteriavirus-dependent mavirus	Blastx
SRR22534740	NODE_24555_length_280_cov_1.336032	65.6	280	861	0.104530	1.04e-28	acc|GENBANK|ADB85253.1|GENBANK|GQ252796|putative retrotransposon protein [Phyllostachys edulis]	Phyllostachys edulis	Blastx
SRR22534740	NODE_2925_length_1641_cov_13.937811	33.2	1641	793	0.341740	1.06e-28	acc|GENBANK|AYV86642.1|GENBANK|MK072511|putative two-component hybrid sensor and [Sylvanvirus sp.]	Sylvanvirus sp.	Blastx
SRR22534740	NODE_34029_length_1890_cov_8.632202	26.0	1890	1083	0.409049	1.07e-28	acc|GENBANK|AAB62532.1|GENBANK|AF001075|gag-v-phosphoinositide 3-kinase catalytic [Avian sarcoma virus 16]	Avian sarcoma virus 16	Blastx
SRR22534740	NODE_876_length_760_cov_10.258597	33.7	760	293	0.658703	1.07e-28	acc|GENBANK|QFG75012.1|GENBANK|MN448296|protein kinase domain protein [Megaviridae environmental sample]	Megaviridae environmental sample	Blastx
SRR22534740	NODE_44841_length_409_cov_8.723404	47.0	409	447	0.261745	1.11e-28	acc|REFSEQ|NP_077596.1|REFSEQ|NC_002687|serine-threonine kinase [Ectocarpus siliculosus virus 1]	Ectocarpus siliculosus virus 1	Blastx
SRR22534740	NODE_30309_length_796_cov_4.195282	39.8	796	367	0.465940	1.12e-28	acc|GENBANK|AYV76323.1|GENBANK|MK071983|STE/STE20/FRAY protein kinase [Terrestrivirus sp.]	Terrestrivirus sp.	Blastx
SRR22534740	NODE_44563_length_1423_cov_8.602878	43.0	1423	738	0.233062	1.16e-28	acc|GENBANK|AAD27550.1|GENBANK|AF111709|unknown [Oryza sativa Indica Group]	Oryza sativa Indica Group	Blastx
SRR22534740	NODE_27431_length_974_cov_2.023379	37.5	974	382	0.502618	1.19e-28	acc|GENBANK|QBK87279.1|GENBANK|MK500347|putative serine/threonine protein kinase [Marseillevirus LCMAC201]	Marseillevirus LCMAC201	Blastx
SRR22534740	NODE_16898_length_338_cov_7.429508	52.7	338	925	0.121081	1.20e-28	acc|GENBANK|ABY48139.1|GENBANK|EU306659|NORK [Medicago truncatula]	Medicago truncatula	Blastx
SRR22534740	NODE_6945_length_951_cov_33.887800	45.0	951	925	0.151351	1.25e-28	acc|GENBANK|ABY48139.1|GENBANK|EU306659|NORK [Medicago truncatula]	Medicago truncatula	Blastx
SRR22534740	NODE_12121_length_206_cov_3.994220	80.9	206	602	0.112957	1.44e-28	acc|GENBANK|QIG59839.1|GENBANK|MN940578|heat shock protein 70 [Dishui Lake phycodnavirus 3]	Dishui Lake phycodnavirus 3	Blastx
SRR22534740	NODE_34965_length_799_cov_7.742820	36.4	799	870	0.265517	1.46e-28	acc|GENBANK|WZO87275.1|GENBANK|PP681894|ATPase [Chlorovirus sp.]	Chlorovirus sp.	Blastx
SRR22534740	NODE_15262_length_468_cov_3.510345	65.6	468	631	0.142631	1.46e-28	acc|GENBANK|AWA44806.1|GENBANK|MH182523|hypothetical protein [Saccharum officinarum]	Saccharum officinarum	Blastx
SRR22534740	NODE_25054_length_584_cov_6.569873	52.9	584	180	0.566667	1.49e-28	acc|GENBANK|AYV82032.1|GENBANK|MK072334|hypothetical protein [Homavirus sp.]	Homavirus sp.	Blastx
SRR22534740	NODE_35114_length_598_cov_7.407080	48.6	598	346	0.320809	1.65e-28	acc|GENBANK|QKF94584.1|GENBANK|MT418680|villin/gelsolin repeat protein [Fadolivirus FV1/VV64]	Fadolivirus FV1/VV64	Blastx
SRR22534740	NODE_25328_length_1208_cov_6.205106	38.2	1208	1793	0.103737	1.68e-28	acc|GENBANK|CCQ71366.1|GENBANK|HF586479|hypothetical serine/threonine protein kinase [Cotesia congregata]	Cotesia congregata	Blastx
SRR22534740	NODE_6322_length_217_cov_12.961957	96.4	217	83	0.662651	1.76e-28	acc|GENBANK|WZO87329.1|GENBANK|PP681894|ubiquitin [Chlorovirus sp.]	Chlorovirus sp.	Blastx
SRR22534740	NODE_15321_length_283_cov_3.084000	77.2	283	549	0.143898	1.81e-28	acc|GENBANK|WGU26819.1|GENBANK|OQ503488|BTB/POZ domain-containing protein [Triticum monococcum]	Triticum monococcum	Blastx
SRR22534740	NODE_44447_length_1404_cov_7.161926	25.8	1404	1156	0.318339	2.02e-28	acc|REFSEQ|YP_294192.1|REFSEQ|NC_007346|putative DNA-directed RNA polymerase II subunit [Emiliania huxleyi virus 86]	Emiliania huxleyi virus 86	Blastx
SRR22534740	NODE_41296_length_976_cov_27.990456	38.2	976	925	0.246486	2.06e-28	acc|GENBANK|ABY48139.1|GENBANK|EU306659|NORK [Medicago truncatula]	Medicago truncatula	Blastx
SRR22534740	NODE_22570_length_487_cov_2.643172	42.2	487	604	0.274834	2.26e-28	acc|GENBANK|ABH08432.1|GENBANK|DQ851167|putative non-inducible immunity 1 [Beta vulgaris]	Beta vulgaris	Blastx
SRR22534740	NODE_15157_length_583_cov_4.367273	37.7	583	423	0.382979	2.28e-28	acc|GENBANK|AYV79645.1|GENBANK|MK072163|serine/threonine protein kinase [Faunusvirus sp.]	Faunusvirus sp.	Blastx
SRR22534740	NODE_43931_length_770_cov_21.679783	45.5	770	1735	0.077233	2.31e-28	acc|REFSEQ|YP_009481279.1|REFSEQ|NC_037665|serine-threonine kinase [Pandoravirus macleodensis]	Pandoravirus macleodensis	Blastx
SRR22534740	NODE_48705_length_294_cov_1.793103	54.6	294	470	0.206383	2.35e-28	acc|GENBANK|QZW33526.1|GENBANK|MW485973|MPPV-216 putative photolyase [Magpiepox virus 2]	Magpiepox virus 2	Blastx
SRR22534740	NODE_6483_length_4157_cov_12.006305	24.9	4157	446	0.919283	2.56e-28	acc|GENBANK|ATZ80917.1|GENBANK|MF782455|major facilitator superfamily-like protein [Bodo saltans virus]	Bodo saltans virus	Blastx
SRR22534740	NODE_34651_length_285_cov_3.329365	57.1	285	205	0.478049	2.76e-28	acc|REFSEQ|YP_010781892.1|REFSEQ|NC_075039|putative heat shock 70 kDa protein [Tupanvirus soda lake]	Tupanvirus soda lake	Blastx
SRR22534740	NODE_13388_length_823_cov_3.443038	41.4	823	443	0.343115	3.03e-28	acc|GENBANK|BFL61480.1|GENBANK|LC813553|putative ubiquitin carboxyl-terminal hydrolase [Moumouvirus lavasanguinem]	Moumouvirus lavasanguinem	Blastx
SRR22534740	NODE_25991_length_383_cov_1.860000	48.1	383	2037	0.063328	3.04e-28	acc|GENBANK|ABG37663.1|GENBANK|DQ536170|CCHC-type integrase [Populus trichocarpa]	Populus trichocarpa	Blastx
SRR22534740	NODE_34509_length_385_cov_32.497159	53.1	385	327	0.293578	3.05e-28	acc|GENBANK|QFG73901.1|GENBANK|MN448274|papain family cysteine protease [Megaviridae environmental sample]	Megaviridae environmental sample	Blastx
SRR22534740	NODE_26238_length_540_cov_4.702170	40.7	540	925	0.175135	3.06e-28	acc|GENBANK|ABY48139.1|GENBANK|EU306659|NORK [Medicago truncatula]	Medicago truncatula	Blastx
SRR22534740	NODE_35312_length_1524_cov_5.556003	32.8	1524	261	1.026820	3.08e-28	acc|GENBANK|AYV79236.1|GENBANK|MK072137|serine/threonine protein phosphatase [Faunusvirus sp.]	Faunusvirus sp.	Blastx
SRR22534740	NODE_44509_length_223_cov_16.731579	79.0	223	177	0.350282	3.28e-28	acc|GENBANK|ABK32208.1|GENBANK|DQ890165|VRN3 [Triticum aestivum]	Triticum aestivum	Blastx
SRR22534740	NODE_15041_length_632_cov_2.487479	37.2	632	520	0.419231	3.71e-28	acc|GENBANK|APO14197.1|GENBANK|KX098475|truncated DELLA protein [Setaria italica]	Setaria italica	Blastx
SRR22534740	NODE_12833_length_226_cov_2.922280	78.4	226	613	0.120718	3.74e-28	acc|GENBANK|ADB85401.1|GENBANK|GQ252886|putative pollen-specific kinase [Phyllostachys edulis]	Phyllostachys edulis	Blastx
SRR22534740	NODE_28256_length_585_cov_1.780797	38.4	585	987	0.166160	3.75e-28	acc|GENBANK|ARF08993.1|GENBANK|KY684083|ATP-dependent Lon protease [Catovirus CTV1]	Catovirus CTV1	Blastx
SRR22534740	NODE_1962_length_1147_cov_54.620287	50.8	1147	832	0.156250	3.82e-28	acc|GENBANK|BAD00047.1|GENBANK|AB119282|Fusion protein, Feo [Hepacivirus hominis]	Hepacivirus hominis	Blastx
SRR22534740	NODE_2372_length_401_cov_6.755435	43.5	401	2037	0.064310	3.83e-28	acc|GENBANK|ABG37663.1|GENBANK|DQ536170|CCHC-type integrase [Populus trichocarpa]	Populus trichocarpa	Blastx
SRR22534740	NODE_30860_length_466_cov_3.628176	53.1	466	365	0.309589	3.92e-28	acc|GENBANK|BDT62135.1|GENBANK|LC738872|heat shock protein 40-like protein [Litopenaeus vannamei majanivirus Nimav-1_LVa]	Litopenaeus vannamei majanivirus Nimav-1_LVa	Blastx
SRR22534740	NODE_10903_length_699_cov_2.873874	34.9	699	488	0.399590	4.13e-28	acc|GENBANK|QBK85428.1|GENBANK|MK500327|polyADP-ribose polymerase [Marseillevirus LCMAC101]	Marseillevirus LCMAC101	Blastx
SRR22534740	NODE_40147_length_539_cov_3.084980	36.4	539	497	0.309859	4.16e-28	acc|GENBANK|AYV83822.1|GENBANK|MK072394|cytochrome P450 704B1 [Hyperionvirus sp.]	Hyperionvirus sp.	Blastx
SRR22534740	NODE_4128_length_644_cov_13.775777	40.5	644	238	0.705882	4.29e-28	acc|GENBANK|QBK90962.1|GENBANK|MK500504|metal dependent phosphohydrolase [Pithovirus LCPAC201]	Pithovirus LCPAC201	Blastx
SRR22534740	NODE_2749_length_497_cov_10.816810	45.5	497	447	0.299776	4.30e-28	acc|REFSEQ|NP_077596.1|REFSEQ|NC_002687|serine-threonine kinase [Ectocarpus siliculosus virus 1]	Ectocarpus siliculosus virus 1	Blastx
SRR22534740	NODE_42307_length_1226_cov_16.597653	33.1	1226	266	1.022556	4.58e-28	acc|GENBANK|QBK88934.1|GENBANK|MK500406|protein phosphatase 2C [Mimivirus LCMiAC02]	Mimivirus LCMiAC02	Blastx
SRR22534740	NODE_28163_length_552_cov_3.797688	42.3	552	833	0.187275	4.68e-28	acc|GENBANK|AAL14454.1|GENBANK|AF397035|DNA mismatch repair protein Msh5 [Mus musculus]	Mus musculus	Blastx
SRR22534740	NODE_4469_length_2453_cov_58.350826	30.4	2453	287	1.055749	5.31e-28	acc|GENBANK|AYV80395.1|GENBANK|MK072243|putative ubiquitin carboxyl-terminal hydrolase [Harvfovirus sp.]	Harvfovirus sp.	Blastx
SRR22534740	NODE_39419_length_440_cov_3.724816	44.0	440	363	0.344353	5.41e-28	acc|GENBANK|AYV86762.1|GENBANK|MK072514|GDP-D-mannose-3',5'-epimerase [Sylvanvirus sp.]	Sylvanvirus sp.	Blastx
SRR22534740	NODE_2776_length_601_cov_27.552817	39.4	601	171	0.771930	5.60e-28	acc|REFSEQ|YP_009001589.1|REFSEQ|NC_023426|translation initiation factor elF-4e [Alphaentomopoxvirus acuprea]	Alphaentomopoxvirus acuprea	Blastx
SRR22534740	NODE_855_length_947_cov_20.791028	38.3	947	186	0.897849	5.68e-28	acc|GENBANK|WIF15735.1|GENBANK|OQ540738|citrate synthase [Candidatus Rickettsia tarasevichiae]	Candidatus Rickettsia tarasevichiae	Blastx
SRR22534740	NODE_36202_length_693_cov_7.910606	53.7	693	105	0.904762	5.98e-28	acc|GENBANK|QPI16506.1|GENBANK|MW030569|thioredoxin domain-containing protein [Virus NIOZ-UU157]	Virus NIOZ-UU157	Blastx
SRR22534740	NODE_1459_length_1642_cov_10.364823	29.1	1642	447	0.731544	5.99e-28	acc|REFSEQ|NP_077596.1|REFSEQ|NC_002687|serine-threonine kinase [Ectocarpus siliculosus virus 1]	Ectocarpus siliculosus virus 1	Blastx
SRR22534740	NODE_36410_length_1740_cov_16.331576	42.1	1740	761	0.224704	6.04e-28	acc|GENBANK|QBK87503.1|GENBANK|MK500354|glutamyl-tRNA synthetase [Marseillevirus LCMAC201]	Marseillevirus LCMAC201	Blastx
SRR22534740	NODE_30872_length_733_cov_1.721429	51.0	733	908	0.110132	6.74e-28	acc|GENBANK|AYV81977.1|GENBANK|MK072332|leucyl-tRNA synthetase [Homavirus sp.]	Homavirus sp.	Blastx
SRR22534740	NODE_595_length_698_cov_5.681203	38.6	698	299	0.615385	7.11e-28	acc|GENBANK|QRE02559.1|GENBANK|MN545489|hypothetical protein [Otarine gammaherpesvirus 4]	Otarine gammaherpesvirus 4	Blastx
SRR22534740	NODE_40810_length_1341_cov_8.038226	35.5	1341	289	0.761246	7.22e-28	acc|GENBANK|QBK88329.1|GENBANK|MK500386|ABC transporter [Marseillevirus LCMAC202]	Marseillevirus LCMAC202	Blastx
SRR22534740	NODE_8977_length_533_cov_1.996000	67.9	533	223	0.376682	7.35e-28	acc|GENBANK|ACB45088.1|GENBANK|EU365381|CRT binding factor 2 [Solanum habrochaites]	Solanum habrochaites	Blastx
SRR22534740	NODE_31682_length_310_cov_3.389892	57.3	310	925	0.111351	7.39e-28	acc|GENBANK|ABY48139.1|GENBANK|EU306659|NORK [Medicago truncatula]	Medicago truncatula	Blastx
SRR22534740	NODE_27454_length_1869_cov_5.593682	30.4	1869	703	0.384068	7.48e-28	acc|GENBANK|ARF09664.1|GENBANK|KY684086|HrpA-like RNA helicase [Indivirus ILV1]	Indivirus ILV1	Blastx
SRR22534740	NODE_3367_length_916_cov_29.537939	33.0	916	871	0.257176	7.61e-28	acc|GENBANK|AGE50969.1|GENBANK|JX997160|calcium-transporting ATPase, plasma [Paramecium bursaria Chlorella virus CVB-1]	Paramecium bursaria Chlorella virus CVB-1	Blastx
SRR22534740	NODE_44745_length_642_cov_12.333333	33.5	642	395	0.506329	7.89e-28	acc|GENBANK|AYV79137.1|GENBANK|MK072134|serine/threonine protein kinase [Faunusvirus sp.]	Faunusvirus sp.	Blastx
SRR22534740	NODE_40232_length_1279_cov_8.976726	29.6	1279	310	0.838710	8.25e-28	acc|GENBANK|AYV86922.1|GENBANK|MK072520|hypothetical protein [Sylvanvirus sp.]	Sylvanvirus sp.	Blastx
SRR22534740	NODE_697_length_1093_cov_54.982075	29.2	1093	300	0.843333	8.47e-28	acc|REFSEQ|NP_955048.1|REFSEQ|NC_005309|CNPV025 alpha-SNAP-like protein [Canarypox virus]	Canarypox virus	Blastx
SRR22534740	NODE_41634_length_298_cov_21.596226	55.7	298	300	0.323333	9.32e-28	acc|GENBANK|ARF11854.1|GENBANK|KY684109|serine/threonine protein kinase [Klosneuvirus KNV1]	Klosneuvirus KNV1	Blastx
SRR22534740	NODE_32172_length_684_cov_1.944700	43.4	684	708	0.201977	9.45e-28	acc|GENBANK|AGE50258.1|GENBANK|JX997158|helicase [Acanthocystis turfacea Chlorella virus Canal-1]	Acanthocystis turfacea Chlorella virus Canal-1	Blastx
SRR22534740	NODE_6860_length_725_cov_4.901734	30.1	725	403	0.585608	1.01e-27	acc|GENBANK|AYV82314.1|GENBANK|MK072360|translation initiation factor 4A-III [Homavirus sp.]	Homavirus sp.	Blastx
SRR22534740	NODE_44612_length_689_cov_4.219512	81.3	689	242	0.264463	1.03e-27	acc|GENBANK|AGU70135.1|GENBANK|KF270089|integrase-type DNA-binding superfamily protein [Tarenaya hassleriana]	Tarenaya hassleriana	Blastx
SRR22534740	NODE_41144_length_3023_cov_13.224749	34.8	3023	291	0.859107	1.04e-27	acc|GENBANK|QDY52327.1|GENBANK|MK250090|hypothetical protein [Mimiviridae sp. ChoanoV1]	Mimiviridae sp. ChoanoV1	Blastx
SRR22534740	NODE_500_length_1127_cov_9.433272	37.7	1127	497	0.352113	1.09e-27	acc|GENBANK|AYV83822.1|GENBANK|MK072394|cytochrome P450 704B1 [Hyperionvirus sp.]	Hyperionvirus sp.	Blastx
SRR22534740	NODE_286_length_2075_cov_23.817826	33.2	2075	430	0.525581	1.21e-27	acc|REFSEQ|YP_010782230.1|REFSEQ|NC_075039|Zn-dependent peptidase [Tupanvirus soda lake]	Tupanvirus soda lake	Blastx
SRR22534740	NODE_3162_length_2076_cov_18.085169	26.0	2076	453	0.796909	1.25e-27	acc|GENBANK|WZO88644.1|GENBANK|PP681897|ATP-dependent SNF2 helicase [Chlorovirus sp.]	Chlorovirus sp.	Blastx
SRR22534740	NODE_2877_length_1183_cov_11.087826	31.8	1183	476	0.600840	1.26e-27	acc|GENBANK|QPI16652.1|GENBANK|MW030591|serine endoprotease [Virus NIOZ-UU159]	Virus NIOZ-UU159	Blastx
SRR22534740	NODE_37890_length_2004_cov_24.502790	27.4	2004	440	0.895455	1.27e-27	acc|GENBANK|WBF70849.1|GENBANK|OP925046|hypothetical protein [Megavirus caiporensis]	Megavirus caiporensis	Blastx
SRR22534740	NODE_13322_length_501_cov_4.177350	39.4	501	422	0.379147	1.29e-27	acc|GENBANK|AFX92421.1|GENBANK|JX975216|putative zinc-type alcohol dehydrogenase-like [Megavirus courdo11]	Megavirus courdo11	Blastx
SRR22534740	NODE_41743_length_708_cov_3.469630	38.3	708	912	0.191886	1.34e-27	acc|GENBANK|ACX48824.1|GENBANK|GQ923937|chromomethylase [Zea mays]	Zea mays	Blastx
SRR22534740	NODE_43484_length_716_cov_18.183016	30.4	716	931	0.254565	1.43e-27	acc|GENBANK|AYV82129.1|GENBANK|MK072340|Zn-dependent peptidase [Homavirus sp.]	Homavirus sp.	Blastx
SRR22534740	NODE_20229_length_435_cov_2.079602	43.4	435	327	0.437309	1.55e-27	acc|GENBANK|QFG73901.1|GENBANK|MN448274|papain family cysteine protease [Megaviridae environmental sample]	Megaviridae environmental sample	Blastx
SRR22534740	NODE_19352_length_712_cov_4.072165	39.6	712	686	0.265306	1.63e-27	acc|GENBANK|WNO13952.1|GENBANK|OQ968299|coat protein [Guapo partitivirus]	Guapo partitivirus	Blastx
SRR22534740	NODE_37226_length_886_cov_13.733880	30.9	886	1468	0.202997	1.67e-27	acc|GENBANK|QDY51984.1|GENBANK|MK250086|RNA polymerase Rpb1, domain 5 [Mimiviridae sp. ChoanoV1]	Mimiviridae sp. ChoanoV1	Blastx
SRR22534740	NODE_42563_length_1169_cov_11.617077	38.4	1169	299	0.591973	1.82e-27	acc|GENBANK|QRE02559.1|GENBANK|MN545489|hypothetical protein [Otarine gammaherpesvirus 4]	Otarine gammaherpesvirus 4	Blastx
SRR22534740	NODE_36132_length_990_cov_10.134796	31.9	990	342	0.742690	1.83e-27	acc|GENBANK|AYV78971.1|GENBANK|MK072128|transmembrane protein 184C-like protein [Edafosvirus sp.]	Edafosvirus sp.	Blastx
SRR22534740	NODE_34491_length_1216_cov_4.293322	32.2	1216	465	0.501075	1.86e-27	acc|GENBANK|CAE02706.1|GENBANK|AJ575660|putative ubiquitin monooxygenase [Yarrowia lipolytica]	Yarrowia lipolytica	Blastx
SRR22534740	NODE_3341_length_226_cov_503.911917	62.0	226	150	0.473333	1.89e-27	acc|REFSEQ|YP_009173309.1|REFSEQ|NC_028094|ubiquitin conjugating enzyme E2 [Chrysochromulina ericina virus]	Chrysochromulina ericina virus	Blastx
SRR22534740	NODE_44850_length_822_cov_19.288973	30.6	822	727	0.408528	1.92e-27	acc|GENBANK|ADB85269.1|GENBANK|GQ252805|putative lectin-like protein kinase [Phyllostachys edulis]	Phyllostachys edulis	Blastx
SRR22534740	NODE_44055_length_517_cov_8.159091	41.5	517	832	0.197115	1.99e-27	acc|GENBANK|BAD00047.1|GENBANK|AB119282|Fusion protein, Feo [Hepacivirus hominis]	Hepacivirus hominis	Blastx
SRR22534740	NODE_40191_length_1086_cov_13.708452	35.2	1086	850	0.277647	2.09e-27	acc|GENBANK|WZO85486.1|GENBANK|PP681889|calcium-transporting ATPase, plasma [Chlorovirus sp.]	Chlorovirus sp.	Blastx
SRR22534740	NODE_985_length_1823_cov_13.282123	30.0	1823	420	0.714286	2.26e-27	acc|GENBANK|CAK7597268.1|GENBANK|OZ003748|Protein kinase-like homologous superfamily [Catovirus sp. 'naegleriensis']	Catovirus sp. 'naegleriensis'	Blastx
SRR22534740	NODE_19376_length_499_cov_3.828326	42.4	499	1186	0.117201	2.30e-27	acc|GENBANK|ARF10911.1|GENBANK|KY684105|putative sensor histidine kinase [Hokovirus HKV1]	Hokovirus HKV1	Blastx
SRR22534740	NODE_3136_length_1048_cov_4.298522	32.6	1048	502	0.549801	2.39e-27	acc|GENBANK|ARF08211.1|GENBANK|KY684083|aromatic amino acid lyase [Catovirus CTV1]	Catovirus CTV1	Blastx
SRR22534740	NODE_43327_length_1110_cov_9.004643	29.7	1110	352	0.869318	2.56e-27	acc|REFSEQ|YP_009173464.1|REFSEQ|NC_028094|transcription initiation factor TFIIIB [Chrysochromulina ericina virus]	Chrysochromulina ericina virus	Blastx
SRR22534740	NODE_5485_length_1005_cov_11.579218	33.2	1005	202	0.985149	2.60e-27	acc|GENBANK|ULY68574.1|GENBANK|OL828820|putative ubiquitin thioesterase OTU1-like [Chlorella virus XW01]	Chlorella virus XW01	Blastx
SRR22534740	NODE_1290_length_577_cov_3.766544	35.2	577	589	0.337861	2.84e-27	acc|GENBANK|QKF93534.1|GENBANK|MT418680|peroxisomal acyl-CoA oxidase [Fadolivirus FV1/VV64]	Fadolivirus FV1/VV64	Blastx
SRR22534740	NODE_26024_length_525_cov_3.095528	47.1	525	325	0.470769	2.98e-27	acc|GENBANK|ABY48134.1|GENBANK|EU306659|bHLH transcription factor [Medicago truncatula]	Medicago truncatula	Blastx
SRR22534740	NODE_12797_length_510_cov_3.014675	51.4	510	336	0.312500	3.05e-27	acc|GENBANK|QFG74155.1|GENBANK|MN448281|semialdehyde dehydrogenase, dimerization domain [Megaviridae environmental sample]	Megaviridae environmental sample	Blastx
SRR22534740	NODE_10743_length_385_cov_1.923295	46.3	385	447	0.270694	3.07e-27	acc|REFSEQ|NP_077596.1|REFSEQ|NC_002687|serine-threonine kinase [Ectocarpus siliculosus virus 1]	Ectocarpus siliculosus virus 1	Blastx
SRR22534740	NODE_3101_length_1087_cov_23.826376	36.1	1087	1059	0.220019	3.10e-27	acc|REFSEQ|YP_009120775.1|REFSEQ|NC_026440|glutamine amidotransferase [Pandoravirus inopinatum]	Pandoravirus inopinatum	Blastx
SRR22534740	NODE_44669_length_1732_cov_14.265450	35.4	1732	978	0.193252	3.28e-27	acc|GENBANK|AYV78571.1|GENBANK|MK072083|ubiquitin-activating enzyme E1 [Edafosvirus sp.]	Edafosvirus sp.	Blastx
SRR22534740	NODE_15489_length_898_cov_3.768786	34.2	898	363	0.619835	3.47e-27	acc|GENBANK|AGU70139.1|GENBANK|KF270090|protein kinase superfamily protein [Tarenaya hassleriana]	Tarenaya hassleriana	Blastx
SRR22534740	NODE_8425_length_634_cov_15.302829	41.5	634	369	0.352304	3.60e-27	acc|GENBANK|QBK89270.1|GENBANK|MK500411|metallopeptidase family M24 [Mimivirus LCMiAC02]	Mimivirus LCMiAC02	Blastx
SRR22534740	NODE_20843_length_293_cov_1.092308	55.1	293	2037	0.043692	3.84e-27	acc|GENBANK|ABG37663.1|GENBANK|DQ536170|CCHC-type integrase [Populus trichocarpa]	Populus trichocarpa	Blastx
SRR22534740	NODE_43527_length_858_cov_3.667879	32.1	858	471	0.562633	3.89e-27	acc|GENBANK|AFV13457.1|GENBANK|JQ314445|UDPG-flavonoid 3-O-glucosyl transferase [Tripsacum dactyloides]	Tripsacum dactyloides	Blastx
SRR22534740	NODE_25793_length_518_cov_2.606186	37.5	518	449	0.391982	3.97e-27	acc|GENBANK|QBK87607.1|GENBANK|MK500361|phosphoribosyl transferase [Marseillevirus LCMAC201]	Marseillevirus LCMAC201	Blastx
SRR22534740	NODE_30744_length_435_cov_1.097015	44.9	435	388	0.327320	3.98e-27	acc|GENBANK|CCQ71327.1|GENBANK|HF586476|hypothetical protein kinase Pka-C1 [Cotesia congregata]	Cotesia congregata	Blastx
SRR22534740	NODE_48898_length_623_cov_28.791525	41.1	623	213	0.788732	4.11e-27	acc|GENBANK|QBK87565.1|GENBANK|MK500358|ribulose-phosphate 3 epimerase family protein [Marseillevirus LCMAC201]	Marseillevirus LCMAC201	Blastx
SRR22534740	NODE_14669_length_738_cov_4.121986	34.3	738	752	0.240691	4.21e-27	acc|GENBANK|AYV76414.1|GENBANK|MK071984|HrpA-like RNA helicase [Terrestrivirus sp.]	Terrestrivirus sp.	Blastx
SRR22534740	NODE_7951_length_733_cov_19.120000	45.0	733	113	0.982301	4.26e-27	acc|GENBANK|QDH76139.1|GENBANK|MK948414|putative gag protein [Porcine endogenous retrovirus]	Porcine endogenous retrovirus	Blastx
SRR22534740	NODE_12549_length_270_cov_1.940928	78.7	270	242	0.252066	4.32e-27	acc|GENBANK|AGU70135.1|GENBANK|KF270089|integrase-type DNA-binding superfamily protein [Tarenaya hassleriana]	Tarenaya hassleriana	Blastx
SRR22534740	NODE_1545_length_1086_cov_7.923077	31.0	1086	286	0.947552	4.38e-27	acc|REFSEQ|NP_938271.1|REFSEQ|NC_005179|esterase/lipase [Yaba monkey tumor virus]	Yaba monkey tumor virus	Blastx
SRR22534740	NODE_44046_length_857_cov_18.929612	38.9	857	1793	0.087563	4.46e-27	acc|GENBANK|CCQ71366.1|GENBANK|HF586479|hypothetical serine/threonine protein kinase [Cotesia congregata]	Cotesia congregata	Blastx
SRR22534740	NODE_17335_length_218_cov_1.151351	75.4	218	1298	0.053159	4.66e-27	acc|GENBANK|BAD34493.1|GENBANK|AB162659|Gag-Pol [Ipomoea batatas]	Ipomoea batatas	Blastx
SRR22534740	NODE_8730_length_747_cov_2.343137	44.8	747	833	0.219688	4.79e-27	acc|GENBANK|AAL14454.1|GENBANK|AF397035|DNA mismatch repair protein Msh5 [Mus musculus]	Mus musculus	Blastx
SRR22534740	NODE_691_length_3908_cov_19.099613	32.4	3908	1058	0.227788	5.21e-27	acc|REFSEQ|YP_008052628.1|REFSEQ|NC_021312|ABC transporter [Phaeocystis globosa virus]	Phaeocystis globosa virus	Blastx
SRR22534740	NODE_41675_length_1105_cov_9.247201	24.7	1105	559	0.776386	5.39e-27	acc|GENBANK|AYV76247.1|GENBANK|MK071983|xaa-Pro dipeptidase-like protein [Terrestrivirus sp.]	Terrestrivirus sp.	Blastx
SRR22534740	NODE_8005_length_1104_cov_16.515406	33.5	1104	262	0.877863	5.60e-27	acc|GENBANK|ARF10214.1|GENBANK|KY684103|serine/threonine protein phosphatase [Hokovirus HKV1]	Hokovirus HKV1	Blastx
SRR22534740	NODE_37131_length_415_cov_16.704188	55.9	415	224	0.415179	6.20e-27	acc|GENBANK|QDH89109.1|GENBANK|MN034603|hypothetical protein [Picornavirales sp.]	Picornavirales sp.	Blastx
SRR22534740	NODE_27841_length_662_cov_4.322734	33.3	662	388	0.533505	6.21e-27	acc|GENBANK|CCQ71327.1|GENBANK|HF586476|hypothetical protein kinase Pka-C1 [Cotesia congregata]	Cotesia congregata	Blastx
SRR22534740	NODE_22194_length_312_cov_1.157706	48.0	312	485	0.210309	6.28e-27	acc|GENBANK|CAK7596858.1|GENBANK|OZ003748|Cryptochrome/DNA photolyase class 1 [Catovirus sp. 'naegleriensis']	Catovirus sp. 'naegleriensis'	Blastx
SRR22534740	NODE_1341_length_2352_cov_21.016818	30.4	2352	489	0.572597	6.46e-27	acc|GENBANK|AAK84471.1|GENBANK|AF275345|putative permease [Solanum lycopersicum]	Solanum lycopersicum	Blastx
SRR22534740	NODE_38585_length_872_cov_31.716329	34.0	872	211	0.976303	6.55e-27	acc|GENBANK|QBK86456.1|GENBANK|MK500334|DNA-directed RNA polymerase subunit 5 [Marseillevirus LCMAC102]	Marseillevirus LCMAC102	Blastx
SRR22534740	NODE_1132_length_597_cov_37.847518	83.3	597	137	0.481752	6.66e-27	acc|GENBANK|XKM46647.1|GENBANK|PQ442261|hypothetical protein [Micromonas commoda virus 20T]	Micromonas commoda virus 20T	Blastx
SRR22534740	NODE_28701_length_509_cov_4.373950	42.9	509	327	0.428135	6.94e-27	acc|GENBANK|QFG73901.1|GENBANK|MN448274|papain family cysteine protease [Megaviridae environmental sample]	Megaviridae environmental sample	Blastx
SRR22534740	NODE_44053_length_620_cov_14.613288	53.9	620	241	0.423237	7.78e-27	acc|GENBANK|AYV79183.1|GENBANK|MK072135|hypothetical protein [Faunusvirus sp.]	Faunusvirus sp.	Blastx
SRR22534740	NODE_24772_length_868_cov_2.643114	31.4	868	867	0.275663	7.81e-27	acc|GENBANK|AHA55176.1|GENBANK|KF481687|putative serine palmitoyltransferase [Emiliania huxleyi virus 156]	Emiliania huxleyi virus 156	Blastx
SRR22534740	NODE_39845_length_1317_cov_16.323209	39.7	1317	1369	0.141709	8.29e-27	acc|GENBANK|BAG72152.1|GENBANK|AB430326|hypothetical protein [Lotus japonicus]	Lotus japonicus	Blastx
SRR22534740	NODE_1523_length_954_cov_4.108578	58.5	954	331	0.283988	8.30e-27	acc|GENBANK|UGN61889.1|GENBANK|OK330388|ovate family protein [Cucumis melo subsp. melo]	Cucumis melo subsp. melo	Blastx
SRR22534740	NODE_41882_length_1191_cov_9.988774	36.9	1191	703	0.320057	8.74e-27	acc|GENBANK|ARF09664.1|GENBANK|KY684086|HrpA-like RNA helicase [Indivirus ILV1]	Indivirus ILV1	Blastx
SRR22534740	NODE_18914_length_538_cov_3.188119	36.8	538	520	0.386538	8.90e-27	acc|GENBANK|APO14197.1|GENBANK|KX098475|truncated DELLA protein [Setaria italica]	Setaria italica	Blastx
SRR22534740	NODE_17419_length_204_cov_1.116959	74.6	204	623	0.107544	9.11e-27	acc|GENBANK|BAL14837.1|GENBANK|AB682995|endo-1,4-b-D-glucanase [Oryza sativa Japonica Group]	Oryza sativa Japonica Group	Blastx
SRR22534740	NODE_48364_length_270_cov_0.987342	59.6	270	299	0.297659	9.75e-27	acc|GENBANK|QRE02559.1|GENBANK|MN545489|hypothetical protein [Otarine gammaherpesvirus 4]	Otarine gammaherpesvirus 4	Blastx
SRR22534740	NODE_13029_length_390_cov_2.697479	44.8	390	832	0.150240	9.81e-27	acc|GENBANK|BAD00047.1|GENBANK|AB119282|Fusion protein, Feo [Hepacivirus hominis]	Hepacivirus hominis	Blastx
SRR22534740	NODE_40265_length_913_cov_5.768182	46.3	913	1793	0.075851	9.97e-27	acc|GENBANK|CCQ71366.1|GENBANK|HF586479|hypothetical serine/threonine protein kinase [Cotesia congregata]	Cotesia congregata	Blastx
SRR22534740	NODE_2292_length_267_cov_201.025641	60.2	267	128	0.687500	1.03e-26	acc|GENBANK|CAA42007.1|GENBANK|X59357|Epstein-Barr virus small RNA associated protein [Homo sapiens]	Homo sapiens	Blastx
SRR22534740	NODE_4316_length_337_cov_29.279605	47.2	337	477	0.257862	1.12e-26	acc|GENBANK|AYV78014.1|GENBANK|MK072068|elongation factor 1 alpha long form [Edafosvirus sp.]	Edafosvirus sp.	Blastx
SRR22534740	NODE_34739_length_2208_cov_13.474483	27.8	2208	721	0.603329	1.14e-26	acc|GENBANK|AYV87083.1|GENBANK|MK072529|putative RNA helicase SDE3 [Sylvanvirus sp.]	Sylvanvirus sp.	Blastx
SRR22534740	NODE_7439_length_674_cov_3.162246	36.5	674	236	0.881356	1.18e-26	acc|REFSEQ|YP_009163856.1|REFSEQ|NC_027778|ORF_095L [Scale drop disease virus]	Scale drop disease virus	Blastx
SRR22534740	NODE_608_length_790_cov_10.219287	59.6	790	145	0.613793	1.23e-26	acc|GENBANK|AYV82182.1|GENBANK|MK072344|acetyltransferase GNAT family protein [Homavirus sp.]	Homavirus sp.	Blastx
SRR22534740	NODE_28973_length_649_cov_1.665584	38.7	649	630	0.274603	1.28e-26	acc|REFSEQ|YP_009001225.1|REFSEQ|NC_023423|ABC transporter [Pithovirus sibericum]	Pithovirus sibericum	Blastx
SRR22534740	NODE_26609_length_624_cov_4.614213	39.2	624	422	0.393365	1.29e-26	acc|GENBANK|AFX92421.1|GENBANK|JX975216|putative zinc-type alcohol dehydrogenase-like [Megavirus courdo11]	Megavirus courdo11	Blastx
SRR22534740	NODE_2508_length_1376_cov_11.393894	75.7	1376	75	0.986667	1.34e-26	acc|GENBANK|ABM68560.1|GENBANK|EF026027|retrotransposon protein [Lilium longiflorum]	Lilium longiflorum	Blastx
SRR22534740	NODE_11966_length_249_cov_1.675926	67.1	249	706	0.116147	1.34e-26	acc|GENBANK|WGU26822.1|GENBANK|OQ503488|OPT oligopeptide transporter protein [Triticum monococcum]	Triticum monococcum	Blastx
SRR22534740	NODE_29801_length_360_cov_3.107034	52.7	360	335	0.277612	1.49e-26	acc|REFSEQ|YP_010086926.1|REFSEQ|NC_055500|cathepsin [Cryptophlebia peltastica nucleopolyhedrovirus]	Cryptophlebia peltastica nucleopolyhedrovirus	Blastx
SRR22534740	NODE_1046_length_308_cov_33.818182	79.2	308	189	0.380952	1.55e-26	acc|REFSEQ|YP_009465730.1|REFSEQ|NC_037057|hypothetical protein [Dishui lake phycodnavirus 1]	Dishui lake phycodnavirus 1	Blastx
SRR22534740	NODE_28021_length_471_cov_3.399543	43.8	471	480	0.337500	1.60e-26	acc|GENBANK|ASU92288.1|GENBANK|KX759199|kindr F6 [Zea mays]	Zea mays	Blastx
SRR22534740	NODE_21807_length_456_cov_1.465721	41.7	456	379	0.303430	1.70e-26	acc|GENBANK|ADB85364.1|GENBANK|GQ252868|putative alcohol dehydrogenase 2 [Phyllostachys edulis]	Phyllostachys edulis	Blastx
SRR22534740	NODE_43525_length_817_cov_5.961735	33.9	817	544	0.433824	1.71e-26	acc|REFSEQ|YP_009483380.1|REFSEQ|NC_037667|Glycosyl hydrolase family 1 protein [Pandoravirus quercus]	Pandoravirus quercus	Blastx
SRR22534740	NODE_8124_length_631_cov_1.600334	41.5	631	480	0.331250	1.77e-26	acc|GENBANK|WZO87318.1|GENBANK|PP681894|NADH dehydrogenase [Chlorovirus sp.]	Chlorovirus sp.	Blastx
SRR22534740	NODE_43442_length_825_cov_5.439394	31.9	825	502	0.505976	1.91e-26	acc|GENBANK|ARF08211.1|GENBANK|KY684083|aromatic amino acid lyase [Catovirus CTV1]	Catovirus CTV1	Blastx
SRR22534740	NODE_40670_length_1154_cov_3.007136	29.3	1154	362	0.726519	1.97e-26	acc|GENBANK|WZO85768.1|GENBANK|PP681890|D-lactate dehydrogenase [Chlorovirus sp.]	Chlorovirus sp.	Blastx
SRR22534740	NODE_17196_length_393_cov_2.072222	49.6	393	2037	0.058419	2.00e-26	acc|GENBANK|ABG37663.1|GENBANK|DQ536170|CCHC-type integrase [Populus trichocarpa]	Populus trichocarpa	Blastx
SRR22534740	NODE_363_length_284_cov_10.111554	76.7	284	214	0.280374	2.10e-26	acc|GENBANK|UZE89726.1|GENBANK|ON704650|hypothetical protein [Parapoynx stagnalis nucleopolyhedrovirus]	Parapoynx stagnalis nucleopolyhedrovirus	Blastx
SRR22534740	NODE_26343_length_1007_cov_9.849076	48.7	1007	1946	0.060123	2.16e-26	acc|GENBANK|ADB85424.1|GENBANK|GQ252887|putative retrotransposon protein [Phyllostachys edulis]	Phyllostachys edulis	Blastx
SRR22534740	NODE_32904_length_697_cov_3.391566	42.5	697	678	0.294985	2.25e-26	acc|GENBANK|CCQ71325.1|GENBANK|HF586476|hypothetical kinesin-like protein KIF3 [Cotesia congregata]	Cotesia congregata	Blastx
SRR22534740	NODE_25383_length_369_cov_2.663690	42.4	369	379	0.329815	2.28e-26	acc|GENBANK|ADB85364.1|GENBANK|GQ252868|putative alcohol dehydrogenase 2 [Phyllostachys edulis]	Phyllostachys edulis	Blastx
SRR22534740	NODE_35087_length_1109_cov_7.353160	25.9	1109	283	1.063604	2.42e-26	acc|GENBANK|QKF93593.1|GENBANK|MT418680|euykaryotic ethanolamine kinase [Fadolivirus FV1/VV64]	Fadolivirus FV1/VV64	Blastx
SRR22534740	NODE_1246_length_1170_cov_7.589270	58.7	1170	546	0.168498	2.59e-26	acc|GENBANK|ACB28471.1|GENBANK|EU522674|polyprotein [Ananas comosus]	Ananas comosus	Blastx
SRR22534740	NODE_10386_length_310_cov_2.628159	58.7	310	480	0.191667	2.95e-26	acc|GENBANK|WZO87318.1|GENBANK|PP681894|NADH dehydrogenase [Chlorovirus sp.]	Chlorovirus sp.	Blastx
SRR22534740	NODE_16692_length_232_cov_1.668342	67.6	232	203	0.349754	3.26e-26	acc|GENBANK|AYV75892.1|GENBANK|MK071981|putative Ras-related protein Rab7 [Terrestrivirus sp.]	Terrestrivirus sp.	Blastx
SRR22534740	NODE_25703_length_443_cov_2.080488	45.2	443	327	0.351682	3.46e-26	acc|GENBANK|QFG73901.1|GENBANK|MN448274|papain family cysteine protease [Megaviridae environmental sample]	Megaviridae environmental sample	Blastx
SRR22534740	NODE_33512_length_400_cov_4.604905	63.2	400	337	0.225519	3.47e-26	acc|GENBANK|ABH08433.1|GENBANK|DQ851167|putative heat shock factor [Beta vulgaris]	Beta vulgaris	Blastx
SRR22534740	NODE_39157_length_1102_cov_5.394761	29.6	1102	517	0.568665	3.48e-26	acc|GENBANK|UYL95365.1|GENBANK|ON746418|hypothetical protein [Dali Nairo tick virus 1]	Dali Nairo tick virus 1	Blastx
SRR22534740	NODE_40763_length_443_cov_16.907317	49.5	443	212	0.457547	3.57e-26	acc|GENBANK|AYV82031.1|GENBANK|MK072334|Ras-like protein Rab-11A [Homavirus sp.]	Homavirus sp.	Blastx
SRR22534740	NODE_1463_length_680_cov_43.891808	43.8	680	121	1.000000	3.66e-26	acc|GENBANK|UNJ46594.1|GENBANK|OM135585|yippee [Drosophila melanogaster]	Drosophila melanogaster	Blastx
SRR22534740	NODE_34694_length_1688_cov_6.746224	27.3	1688	284	1.070423	3.72e-26	acc|GENBANK|AYV83828.1|GENBANK|MK072394|putative ubiquitin carboxyl-terminal hydrolase 2 [Hyperionvirus sp.]	Hyperionvirus sp.	Blastx
SRR22534740	NODE_31206_length_348_cov_12.298413	33.7	348	447	0.378076	3.72e-26	acc|REFSEQ|NP_077596.1|REFSEQ|NC_002687|serine-threonine kinase [Ectocarpus siliculosus virus 1]	Ectocarpus siliculosus virus 1	Blastx
SRR22534740	NODE_44358_length_803_cov_6.888312	66.2	803	237	0.324895	3.81e-26	acc|GENBANK|ADB85285.1|GENBANK|GQ252816|hypothetical protein [Phyllostachys edulis]	Phyllostachys edulis	Blastx
SRR22534740	NODE_31789_length_400_cov_5.765668	46.3	400	875	0.138286	3.82e-26	acc|GENBANK|BDT62894.1|GENBANK|LC738879|DNA ligase 1-like protein [Trachysalambria curvirostris majanivirus]	Trachysalambria curvirostris majanivirus	Blastx
SRR22534740	NODE_14341_length_806_cov_2.241915	42.6	806	237	0.573840	3.90e-26	acc|GENBANK|ADB85285.1|GENBANK|GQ252816|hypothetical protein [Phyllostachys edulis]	Phyllostachys edulis	Blastx
SRR22534740	NODE_25743_length_386_cov_2.167139	45.3	386	478	0.267782	3.92e-26	acc|GENBANK|AAK84479.1|GENBANK|AF275345|putative auxin growth promotor protein [Solanum lycopersicum]	Solanum lycopersicum	Blastx
SRR22534740	NODE_42076_length_1293_cov_7.480952	54.6	1293	1105	0.097738	3.94e-26	acc|GENBANK|AAK84476.1|GENBANK|AF275345|unknown [Solanum lycopersicum]	Solanum lycopersicum	Blastx
SRR22534740	NODE_26454_length_331_cov_2.063758	53.2	331	1508	0.072281	4.15e-26	acc|GENBANK|CAJ00274.1|GENBANK|AJ966991|hypothetical protein [Lotus japonicus]	Lotus japonicus	Blastx
SRR22534740	NODE_6904_length_2248_cov_14.183747	30.0	2248	363	0.798898	4.50e-26	acc|GENBANK|AGU70139.1|GENBANK|KF270090|protein kinase superfamily protein [Tarenaya hassleriana]	Tarenaya hassleriana	Blastx
SRR22534740	NODE_18069_length_239_cov_2.165049	71.6	239	315	0.212698	4.52e-26	acc|GENBANK|AGH20679.1|GENBANK|JX975169|reverse transcriptase [Raphanus sativus]	Raphanus sativus	Blastx
SRR22534740	NODE_34053_length_890_cov_14.620770	37.9	890	1056	0.212121	4.53e-26	acc|GENBANK|WBR14220.1|GENBANK|ON887157|P-aminobenzoic acid synthase [Pandoravirus kuranda]	Pandoravirus kuranda	Blastx
SRR22534740	NODE_33859_length_593_cov_9.091071	45.2	593	327	0.351682	4.66e-26	acc|GENBANK|QFG73901.1|GENBANK|MN448274|papain family cysteine protease [Megaviridae environmental sample]	Megaviridae environmental sample	Blastx
SRR22534740	NODE_6699_length_458_cov_7.922353	44.5	458	388	0.306701	5.19e-26	acc|GENBANK|CCQ71327.1|GENBANK|HF586476|hypothetical protein kinase Pka-C1 [Cotesia congregata]	Cotesia congregata	Blastx
SRR22534740	NODE_4941_length_367_cov_3.377246	55.8	367	212	0.405660	5.81e-26	acc|GENBANK|AYV82031.1|GENBANK|MK072334|Ras-like protein Rab-11A [Homavirus sp.]	Homavirus sp.	Blastx
SRR22534740	NODE_36937_length_571_cov_16.027881	35.8	571	279	0.641577	5.91e-26	acc|GENBANK|QBK87117.1|GENBANK|MK500344|putative serine/threonine protein kinase [Marseillevirus LCMAC201]	Marseillevirus LCMAC201	Blastx
SRR22534740	NODE_32412_length_962_cov_8.237890	35.4	962	473	0.369979	6.00e-26	acc|REFSEQ|YP_010781727.1|REFSEQ|NC_075039|putative ubiquitin-specific protease [Tupanvirus soda lake]	Tupanvirus soda lake	Blastx
SRR22534740	NODE_36499_length_859_cov_14.811138	30.1	859	925	0.236757	6.22e-26	acc|GENBANK|ABY48139.1|GENBANK|EU306659|NORK [Medicago truncatula]	Medicago truncatula	Blastx
SRR22534740	NODE_6384_length_1259_cov_14.466558	33.8	1259	310	0.725806	6.85e-26	acc|GENBANK|QIH04852.1|GENBANK|MK867691|hypothetical protein [Dasineura jujubifolia toursvirus 2a]	Dasineura jujubifolia toursvirus 2a	Blastx
SRR22534740	NODE_32945_length_423_cov_2.238462	47.1	423	870	0.136782	6.98e-26	acc|GENBANK|AGE58933.1|GENBANK|JX997183|calcium-transporting ATPase, plasma [Paramecium bursaria Chlorella virus NYs1]	Paramecium bursaria Chlorella virus NYs1	Blastx
SRR22534740	NODE_2728_length_1999_cov_32.100203	52.9	1999	102	0.852941	7.15e-26	acc|GENBANK|CAD45443.1|GENBANK|AJ507397|coat protein [Iris mild mosaic virus]	Iris mild mosaic virus	Blastx
SRR22534740	NODE_39370_length_426_cov_7.564885	42.9	426	506	0.276680	7.83e-26	acc|GENBANK|QBK92268.1|GENBANK|MK500571|putative serine/threonine protein kinase [Pithovirus LCPAC304]	Pithovirus LCPAC304	Blastx
SRR22534740	NODE_15283_length_557_cov_2.788168	40.5	557	488	0.323770	8.24e-26	acc|GENBANK|QBK85428.1|GENBANK|MK500327|polyADP-ribose polymerase [Marseillevirus LCMAC101]	Marseillevirus LCMAC101	Blastx
SRR22534740	NODE_1421_length_448_cov_235.893976	42.4	448	337	0.427300	8.55e-26	acc|GENBANK|WOC30916.1|NEIGHBOR|OR557577|Viral cathepsin [Spodoptera litura nucleopolyhedrovirus]	Spodoptera litura nucleopolyhedrovirus	Blastx
SRR22534740	NODE_36235_length_1210_cov_9.306712	32.4	1210	379	0.757256	9.29e-26	acc|GENBANK|AFX92543.1|GENBANK|JX975216|putative RNA methyltransferase [Megavirus courdo11]	Megavirus courdo11	Blastx
SRR22534740	NODE_12083_length_309_cov_2.822464	56.5	309	285	0.298246	9.63e-26	acc|GENBANK|AYV80545.1|GENBANK|MK072244|hypothetical protein [Harvfovirus sp.]	Harvfovirus sp.	Blastx
SRR22534740	NODE_28554_length_402_cov_2.281843	46.5	402	925	0.139459	1.01e-25	acc|GENBANK|ABY48139.1|GENBANK|EU306659|NORK [Medicago truncatula]	Medicago truncatula	Blastx
SRR22534740	NODE_13412_length_497_cov_6.931034	49.2	497	623	0.189406	1.04e-25	acc|GENBANK|BAL14837.1|GENBANK|AB682995|endo-1,4-b-D-glucanase [Oryza sativa Japonica Group]	Oryza sativa Japonica Group	Blastx
SRR22534740	NODE_5614_length_387_cov_2.751412	47.5	387	925	0.127568	1.14e-25	acc|GENBANK|ABY48139.1|GENBANK|EU306659|NORK [Medicago truncatula]	Medicago truncatula	Blastx
SRR22534740	NODE_17548_length_249_cov_0.972222	65.8	249	321	0.246106	1.15e-25	acc|GENBANK|QFG74498.1|GENBANK|MN448289|papain family cysteine protease [Megaviridae environmental sample]	Megaviridae environmental sample	Blastx
SRR22534740	NODE_44651_length_1755_cov_5.865854	41.8	1755	172	0.918605	1.16e-25	acc|GENBANK|QJX72539.1|GENBANK|MN830296|N-glycosidase YbiA [Faustovirus]	Faustovirus	Blastx
SRR22534740	NODE_47227_length_232_cov_1.175879	55.8	232	134	0.574627	1.24e-25	acc|GENBANK|CAJ58639.1|GENBANK|AM182341|putative reverse transcriptase [Cucumis melo]	Cucumis melo	Blastx
SRR22534740	NODE_13110_length_660_cov_3.556619	47.5	660	449	0.267261	1.26e-25	acc|GENBANK|ARF12105.1|GENBANK|KY684110|alanyl-tRNA synthetase [Klosneuvirus KNV1]	Klosneuvirus KNV1	Blastx
SRR22534740	NODE_38475_length_217_cov_31.679348	70.4	217	226	0.314159	1.28e-25	acc|GENBANK|ACS71538.1|GENBANK|GQ169758|Ham1-like protein [Cassava brown streak virus]	Cassava brown streak virus	Blastx
SRR22534740	NODE_36309_length_1009_cov_8.862705	36.5	1009	239	0.870293	1.33e-25	acc|GENBANK|QGR54144.1|GENBANK|MK978772|prolyl 4-hydroxylase [Moumouvirus maliensis]	Moumouvirus maliensis	Blastx
SRR22534740	NODE_35498_length_1388_cov_6.783026	27.2	1388	590	0.579661	1.39e-25	acc|GENBANK|AYV86827.1|GENBANK|MK072516|CMGC/MAPK protein kinase [Sylvanvirus sp.]	Sylvanvirus sp.	Blastx
SRR22534740	NODE_39046_length_1023_cov_13.856566	33.3	1023	223	0.955157	1.40e-25	acc|GENBANK|AYV76607.1|GENBANK|MK071987|tRNA pseudouridine synthase B [Terrestrivirus sp.]	Terrestrivirus sp.	Blastx
SRR22534740	NODE_44056_length_733_cov_10.122857	45.4	733	128	1.015625	1.44e-25	acc|GENBANK|QKF93484.1|GENBANK|MT418680|riboflavin kinase [Fadolivirus FV1/VV64]	Fadolivirus FV1/VV64	Blastx
SRR22534740	NODE_2750_length_303_cov_18.800000	70.4	303	405	0.175309	1.92e-25	acc|GENBANK|WGU26824.1|GENBANK|OQ503488|eukaryotic initiation factor 4A-III B-like [Triticum monococcum]	Triticum monococcum	Blastx
SRR22534740	NODE_33394_length_893_cov_7.926744	47.0	893	421	0.313539	1.93e-25	acc|GENBANK|AGP03657.1|GENBANK|KF220834|integrase-type DNA-binding superfamily protein [Glycine max]	Glycine max	Blastx
SRR22534740	NODE_32397_length_433_cov_1.952500	47.0	433	925	0.142703	1.98e-25	acc|GENBANK|ABY48139.1|GENBANK|EU306659|NORK [Medicago truncatula]	Medicago truncatula	Blastx
SRR22534740	NODE_931_length_1293_cov_8.035714	28.8	1293	403	0.913151	2.01e-25	acc|GENBANK|AGE59499.1|GENBANK|JX997185|UDP-N-acetyl-D-mannosamine dehydrogenase / [Acanthocystis turfacea Chlorella virus OR0704.3]	Acanthocystis turfacea Chlorella virus OR0704.3	Blastx
SRR22534740	NODE_22613_length_221_cov_1.297872	84.7	221	1472	0.040082	2.04e-25	acc|GENBANK|AAL68641.1|GENBANK|AF458765|polyprotein [Oryza sativa Japonica Group]	Oryza sativa Japonica Group	Blastx
SRR22534740	NODE_1627_length_2071_cov_12.346418	32.8	2071	343	0.693878	2.21e-25	acc|REFSEQ|YP_010782071.1|REFSEQ|NC_075039|hypothetical protein [Tupanvirus soda lake]	Tupanvirus soda lake	Blastx
SRR22534740	NODE_27083_length_479_cov_5.042601	38.0	479	379	0.416887	2.21e-25	acc|GENBANK|ADB85364.1|GENBANK|GQ252868|putative alcohol dehydrogenase 2 [Phyllostachys edulis]	Phyllostachys edulis	Blastx
SRR22534740	NODE_18387_length_235_cov_2.024752	81.5	235	499	0.108216	2.23e-25	acc|GENBANK|QHB21679.1|GENBANK|MN233792|DNA photolyase [Artaxa digramma nucleopolyhedrovirus]	Artaxa digramma nucleopolyhedrovirus	Blastx
SRR22534740	NODE_8699_length_374_cov_2.390029	57.9	374	678	0.168142	2.29e-25	acc|GENBANK|CCQ71325.1|GENBANK|HF586476|hypothetical kinesin-like protein KIF3 [Cotesia congregata]	Cotesia congregata	Blastx
SRR22534740	NODE_44610_length_873_cov_16.052381	38.5	873	193	0.943005	2.43e-25	acc|GENBANK|AYV76227.1|GENBANK|MK071983|putative NADPH:quinone oxidoreductase-like [Terrestrivirus sp.]	Terrestrivirus sp.	Blastx
SRR22534740	NODE_29514_length_280_cov_2.230769	55.3	280	925	0.101622	2.48e-25	acc|GENBANK|ABY48139.1|GENBANK|EU306659|NORK [Medicago truncatula]	Medicago truncatula	Blastx
SRR22534740	NODE_10641_length_473_cov_3.775000	46.7	473	291	0.470790	2.74e-25	acc|GENBANK|QBK87818.1|GENBANK|MK500370|copine [Marseillevirus LCMAC202]	Marseillevirus LCMAC202	Blastx
SRR22534740	NODE_1833_length_290_cov_33.287938	62.3	290	193	0.398964	3.08e-25	acc|REFSEQ|YP_009481299.1|REFSEQ|NC_037665|Histone H2B domain containing protein [Pandoravirus macleodensis]	Pandoravirus macleodensis	Blastx
SRR22534740	NODE_34163_length_1357_cov_9.027190	26.0	1357	470	0.802128	3.16e-25	acc|REFSEQ|YP_009448636.1|REFSEQ|NC_036594|Cytochrome P450-like protein E-class [Orpheovirus IHUMI-LCC2]	Orpheovirus IHUMI-LCC2	Blastx
SRR22534740	NODE_43613_length_2258_cov_7.835955	45.8	2258	240	0.645833	3.26e-25	acc|GENBANK|AUF82577.1|GENBANK|KY322437|5-(carboxyamino)imidazole ribonucleotide mutase [Tetraselmis virus 1]	Tetraselmis virus 1	Blastx
SRR22534740	NODE_3545_length_566_cov_8.667917	55.6	566	364	0.296703	3.33e-25	acc|GENBANK|ADB85405.1|GENBANK|GQ252886|putative protein kinase [Phyllostachys edulis]	Phyllostachys edulis	Blastx
SRR22534740	NODE_41899_length_1544_cov_9.131039	24.9	1544	439	0.949886	3.36e-25	acc|GENBANK|AYV76294.1|GENBANK|MK071983|hypothetical protein [Terrestrivirus sp.]	Terrestrivirus sp.	Blastx
SRR22534740	NODE_4448_length_708_cov_2.251852	45.5	708	925	0.144865	3.36e-25	acc|GENBANK|ABY48139.1|GENBANK|EU306659|NORK [Medicago truncatula]	Medicago truncatula	Blastx
SRR22534740	NODE_41139_length_1642_cov_10.060286	24.5	1642	417	0.949640	3.40e-25	acc|GENBANK|QFG74701.1|GENBANK|MN448290|aminotransferase class-III [Megaviridae environmental sample]	Megaviridae environmental sample	Blastx
SRR22534740	NODE_9418_length_506_cov_2.270613	39.7	506	498	0.359438	3.47e-25	acc|REFSEQ|YP_010781610.1|REFSEQ|NC_075039|hypothetical protein [Tupanvirus soda lake]	Tupanvirus soda lake	Blastx
SRR22534740	NODE_28230_length_542_cov_1.966601	58.2	542	727	0.151307	3.55e-25	acc|GENBANK|ABY48138.1|GENBANK|EU306659|ABC transporter [Medicago truncatula]	Medicago truncatula	Blastx
SRR22534740	NODE_13329_length_703_cov_4.276119	33.9	703	631	0.290016	3.57e-25	acc|REFSEQ|YP_010781061.1|REFSEQ|NC_075038|putative acyl-CoA oxidase [Tupanvirus deep ocean]	Tupanvirus deep ocean	Blastx
SRR22534740	NODE_6122_length_1535_cov_4.175766	30.7	1535	691	0.518090	3.61e-25	acc|GENBANK|ABY48131.1|GENBANK|EU306659|zinc finger protein [Medicago truncatula]	Medicago truncatula	Blastx
SRR22534740	NODE_31119_length_571_cov_1.513011	35.7	571	289	0.629758	3.90e-25	acc|GENBANK|QBK88329.1|GENBANK|MK500386|ABC transporter [Marseillevirus LCMAC202]	Marseillevirus LCMAC202	Blastx
SRR22534740	NODE_39517_length_1472_cov_5.533704	32.9	1472	261	0.908046	3.99e-25	acc|GENBANK|AYV79236.1|GENBANK|MK072137|serine/threonine protein phosphatase [Faunusvirus sp.]	Faunusvirus sp.	Blastx
SRR22534740	NODE_25201_length_1407_cov_5.010917	39.5	1407	182	0.945055	4.38e-25	acc|REFSEQ|NP_054062.1|REFSEQ|NC_001623|putative histidinol-phosphatase [Autographa californica nucleopolyhedrovirus]	Autographa californica nucleopolyhedrovirus	Blastx
SRR22534740	NODE_30492_length_299_cov_2.421053	58.2	299	1467	0.066803	4.38e-25	acc|GENBANK|QOI90401.1|GENBANK|MT663536|DNA-directed RNA polymerase subunit 1 [Pyramimonas orientalis virus]	Pyramimonas orientalis virus	Blastx
SRR22534740	NODE_28277_length_306_cov_1.307692	68.9	306	613	0.120718	4.41e-25	acc|GENBANK|ADB85401.1|GENBANK|GQ252886|putative pollen-specific kinase [Phyllostachys edulis]	Phyllostachys edulis	Blastx
SRR22534740	NODE_17232_length_374_cov_4.592375	42.5	374	1686	0.071174	4.62e-25	acc|GENBANK|QBZ81757.1|GENBANK|MK174290|Serine/threonine protein kinase, catalytic [Pandoravirus celtis]	Pandoravirus celtis	Blastx
SRR22534740	NODE_29145_length_355_cov_12.388199	45.8	355	1034	0.116054	4.89e-25	acc|GENBANK|QBK90940.1|GENBANK|MK500503|putative serine/threonine protein kinase [Pithovirus LCPAC201]	Pithovirus LCPAC201	Blastx
SRR22534740	NODE_21897_length_511_cov_2.439331	50.4	511	925	0.132973	4.94e-25	acc|GENBANK|ABY48139.1|GENBANK|EU306659|NORK [Medicago truncatula]	Medicago truncatula	Blastx
SRR22534740	NODE_37803_length_3529_cov_9.877288	24.4	3529	506	0.745059	5.16e-25	acc|REFSEQ|YP_007250452.1|REFSEQ|NC_019945|gta protein [Thysanoplusia orichalcea nucleopolyhedrovirus]	Thysanoplusia orichalcea nucleopolyhedrovirus	Blastx
SRR22534740	NODE_42115_length_373_cov_6.067647	78.3	373	216	0.277778	5.43e-25	acc|GENBANK|AYV78922.1|GENBANK|MK072116|methionyl-tRNA synthetase [Edafosvirus sp.]	Edafosvirus sp.	Blastx
SRR22534740	NODE_11475_length_489_cov_2.804825	37.1	489	453	0.368653	5.57e-25	acc|GENBANK|QFG74614.1|GENBANK|MN448289|FAD binding domain of DNA photolyase [Megaviridae environmental sample]	Megaviridae environmental sample	Blastx
SRR22534740	NODE_4133_length_824_cov_49.069532	41.0	824	155	0.787097	6.42e-25	acc|GENBANK|AYV78695.1|GENBANK|MK072090|hypothetical protein [Edafosvirus sp.]	Edafosvirus sp.	Blastx
SRR22534740	NODE_4479_length_324_cov_52.752577	47.1	324	477	0.249476	6.44e-25	acc|GENBANK|AYV78014.1|GENBANK|MK072068|elongation factor 1 alpha long form [Edafosvirus sp.]	Edafosvirus sp.	Blastx
SRR22534740	NODE_29662_length_611_cov_7.674740	42.9	611	355	0.374648	6.46e-25	acc|GENBANK|WRJ69891.1|GENBANK|OR001839|alpha-galactosidase [Oceanusvirus sp.]	Oceanusvirus sp.	Blastx
SRR22534740	NODE_9740_length_294_cov_1.532567	83.6	294	127	0.433071	6.68e-25	acc|GENBANK|QZB49175.1|GENBANK|MZ645207|histone H4-like protein [Cotesia vestalis bracovirus]	Cotesia vestalis bracovirus	Blastx
SRR22534740	NODE_33823_length_968_cov_4.632086	40.2	968	925	0.188108	6.80e-25	acc|GENBANK|ABY48139.1|GENBANK|EU306659|NORK [Medicago truncatula]	Medicago truncatula	Blastx
SRR22534740	NODE_4357_length_373_cov_19.594118	36.4	373	258	0.468992	6.84e-25	acc|GENBANK|WMV02893.1|GENBANK|OP630990|alpha-tubulin [Diderma spumarioides]	Diderma spumarioides	Blastx
SRR22534740	NODE_15584_length_489_cov_3.184211	55.7	489	706	0.124646	6.86e-25	acc|GENBANK|WGU26822.1|GENBANK|OQ503488|OPT oligopeptide transporter protein [Triticum monococcum]	Triticum monococcum	Blastx
SRR22534740	NODE_4542_length_336_cov_2.320132	47.0	336	727	0.158184	7.02e-25	acc|GENBANK|ADB85269.1|GENBANK|GQ252805|putative lectin-like protein kinase [Phyllostachys edulis]	Phyllostachys edulis	Blastx
SRR22534740	NODE_2825_length_1206_cov_8.797954	34.1	1206	471	0.547771	7.22e-25	acc|GENBANK|AFV13457.1|GENBANK|JQ314445|UDPG-flavonoid 3-O-glucosyl transferase [Tripsacum dactyloides]	Tripsacum dactyloides	Blastx
SRR22534740	NODE_12773_length_363_cov_3.875758	47.1	363	727	0.163686	7.24e-25	acc|GENBANK|ADB85269.1|GENBANK|GQ252805|putative lectin-like protein kinase [Phyllostachys edulis]	Phyllostachys edulis	Blastx
SRR22534740	NODE_2718_length_577_cov_21.726103	46.8	577	166	0.656627	7.51e-25	acc|GENBANK|QPI16596.1|GENBANK|MW030586|tRNA-specific adenosine deaminase [Virus NIOZ-UU159]	Virus NIOZ-UU159	Blastx
SRR22534740	NODE_15853_length_471_cov_3.246575	61.8	471	691	0.109986	7.55e-25	acc|GENBANK|ABY48131.1|GENBANK|EU306659|zinc finger protein [Medicago truncatula]	Medicago truncatula	Blastx
SRR22534740	NODE_36382_length_964_cov_11.203008	31.9	964	342	0.751462	7.58e-25	acc|GENBANK|AYV78971.1|GENBANK|MK072128|transmembrane protein 184C-like protein [Edafosvirus sp.]	Edafosvirus sp.	Blastx
SRR22534740	NODE_43230_length_497_cov_7.730603	35.5	497	1506	0.112218	8.10e-25	acc|REFSEQ|YP_009001498.1|REFSEQ|NC_023426|ABC transporter [Alphaentomopoxvirus acuprea]	Alphaentomopoxvirus acuprea	Blastx
SRR22534740	NODE_27702_length_569_cov_2.222015	37.0	569	139	0.971223	9.27e-25	acc|GENBANK|QFG74212.1|GENBANK|MN448284|cytidylyltransferase-like protein [Megaviridae environmental sample]	Megaviridae environmental sample	Blastx
SRR22534740	NODE_26652_length_455_cov_5.627962	54.9	455	337	0.270030	9.56e-25	acc|GENBANK|ABH08433.1|GENBANK|DQ851167|putative heat shock factor [Beta vulgaris]	Beta vulgaris	Blastx
SRR22534740	NODE_6438_length_900_cov_3.853518	70.4	900	1049	0.077216	1.04e-24	acc|REFSEQ|YP_009174728.1|REFSEQ|NC_028112|DNA topoisomerase II large subunit [Yellowstone lake phycodnavirus 1]	Yellowstone lake phycodnavirus 1	Blastx
SRR22534740	NODE_37444_length_588_cov_11.792793	36.1	588	547	0.308958	1.10e-24	acc|GENBANK|AYV86548.1|GENBANK|MK072509|hypothetical protein [Sylvanvirus sp.]	Sylvanvirus sp.	Blastx
SRR22534740	NODE_42213_length_1370_cov_5.255049	42.1	1370	335	0.489552	1.21e-24	acc|GENBANK|ABY48132.1|GENBANK|EU306659|GH1 protein [Medicago truncatula]	Medicago truncatula	Blastx
SRR22534740	NODE_37919_length_524_cov_25.659878	35.3	524	253	0.549407	1.23e-24	acc|GENBANK|QBK86148.1|GENBANK|MK500331|ABC transporter [Marseillevirus LCMAC101]	Marseillevirus LCMAC101	Blastx
SRR22534740	NODE_6542_length_930_cov_9.215162	84.1	930	189	0.333333	1.27e-24	acc|REFSEQ|YP_009465730.1|REFSEQ|NC_037057|hypothetical protein [Dishui lake phycodnavirus 1]	Dishui lake phycodnavirus 1	Blastx
SRR22534740	NODE_8023_length_3176_cov_24.970092	31.6	3176	558	0.408602	1.28e-24	acc|GENBANK|QDY52220.1|GENBANK|MK250089|ABC transporter [Mimiviridae sp. ChoanoV1]	Mimiviridae sp. ChoanoV1	Blastx
SRR22534740	NODE_42190_length_1029_cov_37.125502	38.5	1029	142	1.007042	1.32e-24	acc|GENBANK|AYV77645.1|GENBANK|MK072058|acetylornithine deacetylase [Dasosvirus sp.]	Dasosvirus sp.	Blastx
SRR22534740	NODE_11901_length_222_cov_3.396825	63.6	222	1946	0.033916	1.38e-24	acc|GENBANK|ADB85424.1|GENBANK|GQ252887|putative retrotransposon protein [Phyllostachys edulis]	Phyllostachys edulis	Blastx
SRR22534740	NODE_2507_length_390_cov_6.593838	45.4	390	474	0.274262	1.43e-24	acc|GENBANK|WIL04195.1|GENBANK|OQ413577|adenylosuccinate synthetase [Cedratvirus lena]	Cedratvirus lena	Blastx
SRR22534740	NODE_36143_length_1286_cov_6.591381	29.5	1286	620	0.432258	1.44e-24	acc|GENBANK|USH99765.1|GENBANK|ON752135|putative retrotransposon protein, Ty3-gypsy [Oryza sativa Japonica Group]	Oryza sativa Japonica Group	Blastx
SRR22534740	NODE_3302_length_1124_cov_37.663611	56.8	1124	214	0.411215	1.47e-24	acc|GENBANK|XAJ03569.1|NEIGHBOR|PP750552|hypothetical protein [African swine fever virus]	African swine fever virus	Blastx
SRR22534740	NODE_43658_length_820_cov_6.130877	36.7	820	164	0.896341	1.58e-24	acc|GENBANK|QFG73678.1|GENBANK|MN448266|inorganic pyrophosphatase [Megaviridae environmental sample]	Megaviridae environmental sample	Blastx
SRR22534740	NODE_43033_length_589_cov_30.143885	39.9	589	562	0.298932	1.59e-24	acc|REFSEQ|YP_003969937.1|REFSEQ|NC_014637|putative 5'-3' exonuclease [Cafeteria roenbergensis virus BV-PW1]	Cafeteria roenbergensis virus BV-PW1	Blastx
SRR22534740	NODE_10721_length_325_cov_2.393836	57.0	325	1793	0.051868	1.60e-24	acc|GENBANK|CCQ71366.1|GENBANK|HF586479|hypothetical serine/threonine protein kinase [Cotesia congregata]	Cotesia congregata	Blastx
SRR22534740	NODE_37244_length_489_cov_11.276316	40.8	489	379	0.329815	1.84e-24	acc|GENBANK|AAT99858.1|GENBANK|AY598438|unknown [Diachasmimorpha longicaudata entomopoxvirus]	Diachasmimorpha longicaudata entomopoxvirus	Blastx
SRR22534740	NODE_35610_length_364_cov_9.734139	48.9	364	120	0.783333	1.84e-24	acc|GENBANK|QBZ81758.1|GENBANK|MK174290|Protein kinase catalytic incomplete domain [Pandoravirus celtis]	Pandoravirus celtis	Blastx
SRR22534740	NODE_33561_length_614_cov_5.996558	38.5	614	139	0.971223	2.04e-24	acc|GENBANK|QFG74212.1|GENBANK|MN448284|cytidylyltransferase-like protein [Megaviridae environmental sample]	Megaviridae environmental sample	Blastx
SRR22534740	NODE_23902_length_247_cov_1.971963	66.2	247	337	0.210682	2.09e-24	acc|GENBANK|ABH08433.1|GENBANK|DQ851167|putative heat shock factor [Beta vulgaris]	Beta vulgaris	Blastx
SRR22534740	NODE_28755_length_593_cov_3.060714	40.2	593	549	0.298725	2.14e-24	acc|GENBANK|WGU26819.1|GENBANK|OQ503488|BTB/POZ domain-containing protein [Triticum monococcum]	Triticum monococcum	Blastx
SRR22534740	NODE_9538_length_475_cov_1.597285	39.0	475	1408	0.125710	2.18e-24	acc|GENBANK|CAA60724.1|GENBANK|X87297|J1580 [Saccharomyces cerevisiae]	Saccharomyces cerevisiae	Blastx
SRR22534740	NODE_394_length_628_cov_8.267227	50.9	628	203	0.532020	2.26e-24	acc|GENBANK|ARF10721.1|GENBANK|KY684104|Ras family GTPase [Hokovirus HKV1]	Hokovirus HKV1	Blastx
SRR22534740	NODE_19083_length_594_cov_37.636364	37.3	594	1033	0.145208	2.34e-24	acc|REFSEQ|YP_010782239.1|REFSEQ|NC_075039|putative ATP-citrate synthase [Tupanvirus soda lake]	Tupanvirus soda lake	Blastx
SRR22534740	NODE_40531_length_1362_cov_5.784801	34.6	1362	925	0.203243	2.39e-24	acc|GENBANK|ABY48139.1|GENBANK|EU306659|NORK [Medicago truncatula]	Medicago truncatula	Blastx
SRR22534740	NODE_6854_length_942_cov_16.171617	39.7	942	833	0.151261	2.47e-24	acc|GENBANK|CCQ71385.1|GENBANK|HF586480|hypothetical Homeodomain-interacting protein [Cotesia congregata]	Cotesia congregata	Blastx
SRR22534740	NODE_15669_length_521_cov_3.071721	40.4	521	259	0.602317	2.65e-24	acc|GENBANK|BBI30559.1|GENBANK|AP018495|metacaspase [Acanthamoeba castellanii medusavirus J1]	Acanthamoeba castellanii medusavirus J1	Blastx
SRR22534740	NODE_32276_length_1042_cov_9.101090	26.5	1042	419	0.856802	2.70e-24	acc|GENBANK|BDV50099.1|GENBANK|AP027154|hypothetical protein [Porcellio scaber clopovirus]	Porcellio scaber clopovirus	Blastx
SRR22534740	NODE_42151_length_1137_cov_13.653986	29.0	1137	267	1.112360	2.77e-24	acc|GENBANK|WRJ69708.1|GENBANK|OR001839|mitochondrial substrate carrier family protein [Oceanusvirus sp.]	Oceanusvirus sp.	Blastx
SRR22534740	NODE_6241_length_1087_cov_5.648956	30.4	1087	284	0.950704	2.96e-24	acc|REFSEQ|YP_009407965.1|REFSEQ|NC_035460|esterase/lipase [Eptesipox virus]	Eptesipox virus	Blastx
SRR22534740	NODE_12843_length_842_cov_2.800989	30.2	842	482	0.556017	2.98e-24	acc|GENBANK|BBA54297.1|GENBANK|AB898755|gag : akt fusion protein [Feline leukemia virus]	Feline leukemia virus	Blastx
SRR22534740	NODE_30596_length_216_cov_2.781421	72.9	216	601	0.116473	2.98e-24	acc|GENBANK|AAB62581.1|GENBANK|U68072|3-hydroxy-3-methylglutaryl CoA reductase 2 [Solanum lycopersicum]	Solanum lycopersicum	Blastx
SRR22534740	NODE_31512_length_522_cov_5.889571	49.5	522	327	0.302752	3.42e-24	acc|GENBANK|QFG73901.1|GENBANK|MN448274|papain family cysteine protease [Megaviridae environmental sample]	Megaviridae environmental sample	Blastx
SRR22534740	NODE_8245_length_291_cov_7.511628	55.2	291	686	0.139942	3.42e-24	acc|GENBANK|WNO13952.1|GENBANK|OQ968299|coat protein [Guapo partitivirus]	Guapo partitivirus	Blastx
SRR22534740	NODE_40633_length_605_cov_19.657343	33.5	605	925	0.209730	3.43e-24	acc|GENBANK|ABY48139.1|GENBANK|EU306659|NORK [Medicago truncatula]	Medicago truncatula	Blastx
SRR22534740	NODE_42736_length_529_cov_2.022177	37.1	529	164	0.920732	3.44e-24	acc|GENBANK|QFG73678.1|GENBANK|MN448266|inorganic pyrophosphatase [Megaviridae environmental sample]	Megaviridae environmental sample	Blastx
SRR22534740	NODE_43999_length_698_cov_11.357895	40.7	698	395	0.298734	3.52e-24	acc|GENBANK|QDY52265.1|GENBANK|MK250089|hypothetical protein [Mimiviridae sp. ChoanoV1]	Mimiviridae sp. ChoanoV1	Blastx
SRR22534740	NODE_33784_length_2076_cov_4.827704	30.2	2076	382	0.685864	3.54e-24	acc|GENBANK|QBK87279.1|GENBANK|MK500347|putative serine/threonine protein kinase [Marseillevirus LCMAC201]	Marseillevirus LCMAC201	Blastx
SRR22534740	NODE_48434_length_272_cov_1.958159	52.8	272	706	0.126062	3.55e-24	acc|GENBANK|WGU26822.1|GENBANK|OQ503488|OPT oligopeptide transporter protein [Triticum monococcum]	Triticum monococcum	Blastx
SRR22534740	NODE_12020_length_442_cov_3.330073	49.1	442	912	0.116228	3.59e-24	acc|GENBANK|ACX48824.1|GENBANK|GQ923937|chromomethylase [Zea mays]	Zea mays	Blastx
SRR22534740	NODE_33190_length_736_cov_2.651494	40.4	736	925	0.147027	3.70e-24	acc|GENBANK|ABY48139.1|GENBANK|EU306659|NORK [Medicago truncatula]	Medicago truncatula	Blastx
SRR22534740	NODE_14776_length_384_cov_6.116809	56.3	384	348	0.250000	3.71e-24	acc|GENBANK|AYV86709.1|GENBANK|MK072513|hypothetical protein [Sylvanvirus sp.]	Sylvanvirus sp.	Blastx
SRR22534740	NODE_36047_length_1185_cov_11.717882	42.8	1185	226	0.672566	3.76e-24	acc|GENBANK|ARF08362.1|GENBANK|KY684083|cyclophilin type peptidyl-prolyl cis-trans [Catovirus CTV1]	Catovirus CTV1	Blastx
SRR22534740	NODE_42352_length_815_cov_30.936061	32.5	815	373	0.528150	3.81e-24	acc|GENBANK|AYV86662.1|GENBANK|MK072512|phosphatase 2C [Sylvanvirus sp.]	Sylvanvirus sp.	Blastx
SRR22534740	NODE_30761_length_447_cov_1.949275	52.9	447	925	0.112432	3.86e-24	acc|GENBANK|ABY48139.1|GENBANK|EU306659|NORK [Medicago truncatula]	Medicago truncatula	Blastx
SRR22534740	NODE_2238_length_519_cov_5.170782	75.0	519	214	0.280374	3.87e-24	acc|GENBANK|UZE89726.1|GENBANK|ON704650|hypothetical protein [Parapoynx stagnalis nucleopolyhedrovirus]	Parapoynx stagnalis nucleopolyhedrovirus	Blastx
SRR22534740	NODE_45504_length_1218_cov_12.295359	24.9	1218	575	0.753043	3.88e-24	acc|GENBANK|CAE02704.1|GENBANK|AJ575660|putative sugar transporter [Yarrowia lipolytica]	Yarrowia lipolytica	Blastx
SRR22534740	NODE_1505_length_316_cov_3.095406	47.5	316	300	0.336667	4.04e-24	acc|GENBANK|BBI30364.1|GENBANK|AP018495|ribonuclease HII [Acanthamoeba castellanii medusavirus J1]	Acanthamoeba castellanii medusavirus J1	Blastx
SRR22534740	NODE_1860_length_813_cov_48.087179	38.5	813	151	0.894040	4.12e-24	acc|GENBANK|QDY52267.1|GENBANK|MK250089|ubiquitin-conjugating enzyme [Mimiviridae sp. ChoanoV1]	Mimiviridae sp. ChoanoV1	Blastx
SRR22534740	NODE_27016_length_200_cov_3.760479	70.8	200	337	0.192878	4.14e-24	acc|GENBANK|ABH08433.1|GENBANK|DQ851167|putative heat shock factor [Beta vulgaris]	Beta vulgaris	Blastx
SRR22534740	NODE_40176_length_537_cov_4.781746	64.9	537	896	0.082589	4.25e-24	acc|GENBANK|QCC26837.1|GENBANK|MK532524|RLX_Jeli-encoded protein [Zea mays]	Zea mays	Blastx
SRR22534740	NODE_1088_length_1064_cov_30.478177	38.5	1064	432	0.361111	4.89e-24	acc|REFSEQ|YP_010781034.1|REFSEQ|NC_075038|putative SNF1-related protein kinase catalytic [Tupanvirus deep ocean]	Tupanvirus deep ocean	Blastx
SRR22534740	NODE_47165_length_1972_cov_15.608561	51.0	1972	153	0.640523	5.12e-24	acc|GENBANK|QFG73633.1|GENBANK|MN448266|thioredoxin-like protein [Megaviridae environmental sample]	Megaviridae environmental sample	Blastx
SRR22534740	NODE_18396_length_563_cov_3.824528	44.8	563	478	0.299163	5.32e-24	acc|GENBANK|AAK84479.1|GENBANK|AF275345|putative auxin growth promotor protein [Solanum lycopersicum]	Solanum lycopersicum	Blastx
SRR22534740	NODE_14510_length_458_cov_3.327059	41.2	458	546	0.249084	6.10e-24	acc|GENBANK|QGR54067.1|GENBANK|MK978772|dead-like helicase [Moumouvirus maliensis]	Moumouvirus maliensis	Blastx
SRR22534740	NODE_31964_length_359_cov_9.564417	72.2	359	129	0.558140	6.25e-24	acc|GENBANK|AKE34115.1|GENBANK|KR068481|alpha karyopherin [Okra enation leaf curl virus]	Okra enation leaf curl virus	Blastx
SRR22534740	NODE_7249_length_619_cov_2.191126	44.2	619	221	0.511312	6.26e-24	acc|GENBANK|AYV86745.1|GENBANK|MK072514|hypothetical protein [Sylvanvirus sp.]	Sylvanvirus sp.	Blastx
SRR22534740	NODE_6231_length_445_cov_5.910194	42.7	445	388	0.283505	6.42e-24	acc|GENBANK|AAU93529.1|GENBANK|AY691949|alcohol dehydrogenase 1 [Zea mays]	Zea mays	Blastx
SRR22534740	NODE_20093_length_213_cov_3.527778	64.8	213	335	0.211940	6.93e-24	acc|GENBANK|ABY48132.1|GENBANK|EU306659|GH1 protein [Medicago truncatula]	Medicago truncatula	Blastx
SRR22534740	NODE_22269_length_420_cov_3.377261	43.8	420	150	0.806667	8.19e-24	acc|REFSEQ|YP_003969734.1|REFSEQ|NC_014637|putative ubiquitin-conjugating enzyme E2 [Cafeteria roenbergensis virus BV-PW1]	Cafeteria roenbergensis virus BV-PW1	Blastx
SRR22534740	NODE_5245_length_1628_cov_5.465831	26.9	1628	4062	0.100689	8.25e-24	acc|GENBANK|QOR60750.1|GENBANK|MK522039|hypothetical protein [Bathycoccus sp. RCC716 virus 3]	Bathycoccus sp. RCC716 virus 3	Blastx
SRR22534740	NODE_48101_length_262_cov_1.021834	61.5	262	411	0.189781	8.44e-24	acc|GENBANK|QBK89188.1|GENBANK|MK500409|uncharacterized protein [Mimivirus LCMiAC02]	Mimivirus LCMiAC02	Blastx
SRR22534740	NODE_35099_length_338_cov_19.422951	43.5	338	309	0.372168	8.57e-24	acc|GENBANK|QKF93832.1|GENBANK|MT418680|serine/threonine-protein kinase [Fadolivirus FV1/VV64]	Fadolivirus FV1/VV64	Blastx
SRR22534740	NODE_12837_length_423_cov_3.905128	63.4	423	623	0.131621	9.14e-24	acc|GENBANK|BAL14837.1|GENBANK|AB682995|endo-1,4-b-D-glucanase [Oryza sativa Japonica Group]	Oryza sativa Japonica Group	Blastx
SRR22534740	NODE_4701_length_233_cov_13.005000	63.9	233	256	0.238281	9.16e-24	acc|GENBANK|AAB67721.1|GENBANK|AF015269|PL transcription factor [Zea mays]	Zea mays	Blastx
SRR22534740	NODE_21627_length_211_cov_1.011236	68.1	211	392	0.176020	9.44e-24	acc|GENBANK|ABV72583.1|GENBANK|EU155081|unknown [Oryza sativa Japonica Group]	Oryza sativa Japonica Group	Blastx
SRR22534740	NODE_28417_length_226_cov_1.979275	64.0	226	373	0.201072	9.46e-24	acc|GENBANK|AAO26685.1|GENBANK|AF478371|gag-pol polyprotein [Vitis vinifera]	Vitis vinifera	Blastx
SRR22534740	NODE_49013_length_827_cov_56.424433	61.0	827	93	0.827957	9.51e-24	acc|GENBANK|AYV80661.1|GENBANK|MK072246|putative Cytochrome b5 [Harvfovirus sp.]	Harvfovirus sp.	Blastx
SRR22534740	NODE_37876_length_567_cov_24.833333	36.3	567	205	0.765854	1.02e-23	acc|REFSEQ|YP_010781131.1|REFSEQ|NC_075038|putative lipocalin [Tupanvirus deep ocean]	Tupanvirus deep ocean	Blastx
SRR22534740	NODE_33868_length_1135_cov_7.020871	29.0	1135	268	1.145522	1.03e-23	acc|GENBANK|QBK91399.1|GENBANK|MK500535|mitochondrial carrier-like protein [Pithovirus LCPAC302]	Pithovirus LCPAC302	Blastx
SRR22534740	NODE_6690_length_1585_cov_13.500644	32.0	1585	502	0.541833	1.08e-23	acc|GENBANK|ARF08211.1|GENBANK|KY684083|aromatic amino acid lyase [Catovirus CTV1]	Catovirus CTV1	Blastx
SRR22534740	NODE_36460_length_367_cov_3.964072	56.6	367	325	0.255385	1.14e-23	acc|GENBANK|AYV76869.1|GENBANK|MK071999|serine/threonine protein kinase [Barrevirus sp.]	Barrevirus sp.	Blastx
SRR22534740	NODE_30940_length_368_cov_2.101493	45.2	368	925	0.136216	1.26e-23	acc|GENBANK|ABY48139.1|GENBANK|EU306659|NORK [Medicago truncatula]	Medicago truncatula	Blastx
SRR22534740	NODE_43802_length_344_cov_15.704180	55.4	344	919	0.109902	1.27e-23	acc|GENBANK|AYV75146.1|GENBANK|MK071979|plasma membrane ATPase [Terrestrivirus sp.]	Terrestrivirus sp.	Blastx
SRR22534740	NODE_13813_length_319_cov_1.185315	56.3	319	1369	0.063550	1.29e-23	acc|GENBANK|BAG72152.1|GENBANK|AB430326|hypothetical protein [Lotus japonicus]	Lotus japonicus	Blastx
SRR22534740	NODE_15961_length_318_cov_1.673684	66.7	318	219	0.315068	1.32e-23	acc|GENBANK|ACB45087.1|GENBANK|EU365381|CRT binding factor 1 [Solanum habrochaites]	Solanum habrochaites	Blastx
SRR22534740	NODE_409_length_665_cov_7.895570	34.6	665	651	0.368664	1.41e-23	acc|GENBANK|QBK86751.1|GENBANK|MK500335|uncharacterized protein [Marseillevirus LCMAC103]	Marseillevirus LCMAC103	Blastx
SRR22534740	NODE_33875_length_420_cov_11.028424	44.7	420	549	0.207650	1.43e-23	acc|GENBANK|WGU26819.1|GENBANK|OQ503488|BTB/POZ domain-containing protein [Triticum monococcum]	Triticum monococcum	Blastx
SRR22534740	NODE_36907_length_468_cov_23.694253	37.1	468	236	0.639831	1.43e-23	acc|REFSEQ|YP_009163856.1|REFSEQ|NC_027778|ORF_095L [Scale drop disease virus]	Scale drop disease virus	Blastx
SRR22534740	NODE_32537_length_1189_cov_7.175606	28.7	1189	1369	0.219138	1.56e-23	acc|GENBANK|BAG72152.1|GENBANK|AB430326|hypothetical protein [Lotus japonicus]	Lotus japonicus	Blastx
SRR22534740	NODE_6892_length_2108_cov_25.609157	31.9	2108	215	0.888372	1.60e-23	acc|GENBANK|ARF09950.1|GENBANK|KY684090|T2 family ribonuclease [Indivirus ILV1]	Indivirus ILV1	Blastx
SRR22534740	NODE_40980_length_1259_cov_30.622349	34.8	1259	248	0.717742	1.65e-23	acc|GENBANK|XDO02353.1|GENBANK|PP542043|Sdr Family Oxidoreductase [Florenciella sp. virus SA2]	Florenciella sp. virus SA2	Blastx
SRR22534740	NODE_24177_length_342_cov_1.132686	44.5	342	326	0.365031	1.68e-23	acc|REFSEQ|YP_010781153.1|REFSEQ|NC_075038|cathepsin Llike cysteine protease [Tupanvirus deep ocean]	Tupanvirus deep ocean	Blastx
SRR22534740	NODE_5263_length_482_cov_6.483296	62.2	482	290	0.310345	1.71e-23	acc|GENBANK|QMS43709.1|GENBANK|MT590730|tymovirus-like 45/70Kd protein [Betula platyphylla]	Betula platyphylla	Blastx
SRR22534740	NODE_33453_length_478_cov_4.777528	44.0	478	214	0.467290	1.92e-23	acc|GENBANK|QBK89352.1|GENBANK|MK500417|histidine phosphatase superfamily protein [Mimivirus LCMiAC02]	Mimivirus LCMiAC02	Blastx
SRR22534740	NODE_3102_length_1775_cov_16.124569	75.8	1775	224	0.276786	1.97e-23	acc|GENBANK|QDH89109.1|GENBANK|MN034603|hypothetical protein [Picornavirales sp.]	Picornavirales sp.	Blastx
SRR22534740	NODE_40969_length_697_cov_7.859940	36.9	697	256	0.792969	1.97e-23	acc|GENBANK|QKF94547.1|GENBANK|MT418680|TatD-like protein [Fadolivirus FV1/VV64]	Fadolivirus FV1/VV64	Blastx
SRR22534740	NODE_38088_length_803_cov_28.184416	30.0	803	4062	0.065731	2.02e-23	acc|GENBANK|QOR60750.1|GENBANK|MK522039|hypothetical protein [Bathycoccus sp. RCC716 virus 3]	Bathycoccus sp. RCC716 virus 3	Blastx
SRR22534740	NODE_44090_length_467_cov_11.536866	54.1	467	337	0.290801	2.21e-23	acc|GENBANK|ABH08433.1|GENBANK|DQ851167|putative heat shock factor [Beta vulgaris]	Beta vulgaris	Blastx
SRR22534740	NODE_27247_length_280_cov_1.546559	53.0	280	466	0.178112	2.23e-23	acc|GENBANK|ARJ31392.1|GENBANK|KY906028|putative ERV-F (C)1 provirus ancestral Env [Arabidopsis thaliana]	Arabidopsis thaliana	Blastx
SRR22534740	NODE_6077_length_1891_cov_14.058665	39.6	1891	164	0.847561	2.25e-23	acc|GENBANK|QFG73678.1|GENBANK|MN448266|inorganic pyrophosphatase [Megaviridae environmental sample]	Megaviridae environmental sample	Blastx
SRR22534740	NODE_37203_length_520_cov_9.225873	52.2	520	202	0.445545	2.28e-23	acc|GENBANK|QBK85899.1|GENBANK|MK500328|exonuclease [Marseillevirus LCMAC101]	Marseillevirus LCMAC101	Blastx
SRR22534740	NODE_6994_length_1850_cov_6.705008	25.5	1850	459	0.895425	2.35e-23	acc|GENBANK|BBI30359.1|GENBANK|AP018495|beta-galactosidase [Acanthamoeba castellanii medusavirus J1]	Acanthamoeba castellanii medusavirus J1	Blastx
SRR22534740	NODE_5230_length_1582_cov_3.353777	30.9	1582	261	1.065134	2.39e-23	acc|GENBANK|AYV79236.1|GENBANK|MK072137|serine/threonine protein phosphatase [Faunusvirus sp.]	Faunusvirus sp.	Blastx
SRR22534740	NODE_741_length_810_cov_13.942085	35.2	810	182	0.890110	2.52e-23	acc|REFSEQ|YP_009163818.1|REFSEQ|NC_027778|ORF_057R [Scale drop disease virus]	Scale drop disease virus	Blastx
SRR22534740	NODE_18776_length_210_cov_1.819209	71.2	210	719	0.091794	2.58e-23	acc|GENBANK|ATZ80239.1|GENBANK|MF782455|translation initiation factor IF-2 [Bodo saltans virus]	Bodo saltans virus	Blastx
SRR22534740	NODE_33392_length_1335_cov_4.771889	27.3	1335	468	0.837607	2.83e-23	acc|GENBANK|ARF10845.1|GENBANK|KY684105|ubiquitin carboxyl-terminal hydrolase [Hokovirus HKV1]	Hokovirus HKV1	Blastx
SRR22534740	NODE_19862_length_289_cov_1.703125	57.1	289	694	0.131124	2.91e-23	acc|GENBANK|ABG37656.1|GENBANK|DQ536163|integrase [Populus trichocarpa]	Populus trichocarpa	Blastx
SRR22534740	NODE_6846_length_492_cov_12.309368	62.3	492	321	0.239875	3.27e-23	acc|GENBANK|AYV82329.1|GENBANK|MK072362|fructose-1,6-bisphosphatase, cytosolic-like [Homavirus sp.]	Homavirus sp.	Blastx
SRR22534740	NODE_44777_length_843_cov_3.904938	33.8	843	291	0.762887	3.46e-23	acc|GENBANK|QDY52327.1|GENBANK|MK250090|hypothetical protein [Mimiviridae sp. ChoanoV1]	Mimiviridae sp. ChoanoV1	Blastx
SRR22534740	NODE_32296_length_565_cov_11.253759	60.2	565	201	0.462687	3.53e-23	acc|GENBANK|WGU26826.1|GENBANK|OQ503488|casparian strip membrane protein [Triticum monococcum]	Triticum monococcum	Blastx
SRR22534740	NODE_34310_length_1440_cov_4.196162	33.2	1440	397	0.501259	3.58e-23	acc|REFSEQ|YP_009173589.1|REFSEQ|NC_028094|Helicase 45 [Chrysochromulina ericina virus]	Chrysochromulina ericina virus	Blastx
SRR22534740	NODE_1407_length_1411_cov_11.353411	24.9	1411	464	0.924569	3.65e-23	acc|GENBANK|QFG73838.1|GENBANK|MN448271|oxidoreductase molybdopterin binding domain [Megaviridae environmental sample]	Megaviridae environmental sample	Blastx
SRR22534740	NODE_37360_length_1381_cov_15.080119	32.1	1381	279	0.659498	3.71e-23	acc|GENBANK|QBK87117.1|GENBANK|MK500344|putative serine/threonine protein kinase [Marseillevirus LCMAC201]	Marseillevirus LCMAC201	Blastx
SRR22534740	NODE_3317_length_490_cov_3.439825	45.0	490	678	0.190265	3.81e-23	acc|GENBANK|CCQ71325.1|GENBANK|HF586476|hypothetical kinesin-like protein KIF3 [Cotesia congregata]	Cotesia congregata	Blastx
SRR22534740	NODE_35523_length_256_cov_13.139013	56.4	256	321	0.242991	3.83e-23	acc|GENBANK|AYV82329.1|GENBANK|MK072362|fructose-1,6-bisphosphatase, cytosolic-like [Homavirus sp.]	Homavirus sp.	Blastx
SRR22534740	NODE_37671_length_916_cov_24.586636	42.7	916	870	0.172414	4.19e-23	acc|GENBANK|WZO87275.1|GENBANK|PP681894|ATPase [Chlorovirus sp.]	Chlorovirus sp.	Blastx
SRR22534740	NODE_43283_length_689_cov_11.382622	34.1	689	367	0.471390	4.33e-23	acc|GENBANK|ARF11106.1|GENBANK|KY684106|serine/threonine protein kinase [Hokovirus HKV1]	Hokovirus HKV1	Blastx
SRR22534740	NODE_1685_length_1235_cov_29.452579	30.0	1235	407	0.589681	4.49e-23	acc|GENBANK|QBK87745.1|GENBANK|MK500369|D-isomer specific 2-hydroxyacid dehydrogenase, [Marseillevirus LCMAC202]	Marseillevirus LCMAC202	Blastx
SRR22534740	NODE_900_length_516_cov_21.993789	38.1	516	443	0.302483	4.64e-23	acc|REFSEQ|YP_010782291.1|REFSEQ|NC_075039|alcohol dehydrogenase [Tupanvirus soda lake]	Tupanvirus soda lake	Blastx
SRR22534740	NODE_34765_length_344_cov_5.389068	47.9	344	120	0.783333	4.66e-23	acc|GENBANK|QBZ81758.1|GENBANK|MK174290|Protein kinase catalytic incomplete domain [Pandoravirus celtis]	Pandoravirus celtis	Blastx
SRR22534740	NODE_6912_length_1209_cov_18.263605	35.2	1209	492	0.404472	4.82e-23	acc|GENBANK|QBK88108.1|GENBANK|MK500375|cyclin-dependent protein kinase [Marseillevirus LCMAC202]	Marseillevirus LCMAC202	Blastx
SRR22534740	NODE_987_length_534_cov_15.970060	36.3	534	478	0.351464	5.18e-23	acc|GENBANK|QBK86272.1|GENBANK|MK500334|cyclin-dependent protein kinase [Marseillevirus LCMAC102]	Marseillevirus LCMAC102	Blastx
SRR22534740	NODE_31262_length_1088_cov_5.300474	30.5	1088	249	1.224900	5.20e-23	acc|GENBANK|ACD54816.1|GENBANK|EU643495|carbonyl reductase-like protein [Adineta vaga]	Adineta vaga	Blastx
SRR22534740	NODE_5740_length_605_cov_119.711538	50.5	605	175	0.600000	5.40e-23	acc|GENBANK|QDY52460.1|GENBANK|MK250094|acetohydroxy acid isomeroreductase [Mimiviridae sp. ChoanoV1]	Mimiviridae sp. ChoanoV1	Blastx
SRR22534740	NODE_29375_length_471_cov_2.712329	36.4	471	520	0.311538	6.03e-23	acc|GENBANK|APO14197.1|GENBANK|KX098475|truncated DELLA protein [Setaria italica]	Setaria italica	Blastx
SRR22534740	NODE_25181_length_579_cov_8.208791	29.4	579	480	0.375000	6.08e-23	acc|GENBANK|QPI16798.1|GENBANK|MW030606|BT1 family protein [Virus NIOZ-UU159]	Virus NIOZ-UU159	Blastx
SRR22534740	NODE_38940_length_2228_cov_8.452392	42.2	2228	815	0.180368	6.67e-23	acc|REFSEQ|YP_010781262.1|REFSEQ|NC_075038|mimivirus elongation factor aef-2 [Tupanvirus deep ocean]	Tupanvirus deep ocean	Blastx
SRR22534740	NODE_400_length_1336_cov_13.407521	28.2	1336	407	0.643735	6.98e-23	acc|GENBANK|QBK87745.1|GENBANK|MK500369|D-isomer specific 2-hydroxyacid dehydrogenase, [Marseillevirus LCMAC202]	Marseillevirus LCMAC202	Blastx
SRR22534740	NODE_48248_length_266_cov_0.952790	60.8	266	268	0.294776	6.98e-23	acc|REFSEQ|YP_010780800.1|REFSEQ|NC_075038|hypothetical protein [Tupanvirus deep ocean]	Tupanvirus deep ocean	Blastx
SRR22534740	NODE_33442_length_574_cov_2.939002	39.7	574	925	0.152432	7.43e-23	acc|GENBANK|ABY48139.1|GENBANK|EU306659|NORK [Medicago truncatula]	Medicago truncatula	Blastx
SRR22534740	NODE_32838_length_539_cov_2.231225	43.0	539	442	0.289593	7.94e-23	acc|REFSEQ|YP_007354480.1|REFSEQ|NC_020104|peptidase C19 subfamily protein [Acanthamoeba polyphaga moumouvirus]	Acanthamoeba polyphaga moumouvirus	Blastx
SRR22534740	NODE_39964_length_757_cov_7.366022	30.7	757	268	0.764925	8.21e-23	acc|GENBANK|QBK91399.1|GENBANK|MK500535|mitochondrial carrier-like protein [Pithovirus LCPAC302]	Pithovirus LCPAC302	Blastx
SRR22534740	NODE_37510_length_722_cov_11.328012	38.9	722	327	0.440367	8.80e-23	acc|GENBANK|QFG73901.1|GENBANK|MN448274|papain family cysteine protease [Megaviridae environmental sample]	Megaviridae environmental sample	Blastx
SRR22534740	NODE_51_length_304_cov_120.819188	60.9	304	150	0.426667	9.15e-23	acc|REFSEQ|YP_009173309.1|REFSEQ|NC_028094|ubiquitin conjugating enzyme E2 [Chrysochromulina ericina virus]	Chrysochromulina ericina virus	Blastx
SRR22534740	NODE_22426_length_361_cov_2.432927	46.9	361	480	0.235417	9.27e-23	acc|GENBANK|ASU92288.1|GENBANK|KX759199|kindr F6 [Zea mays]	Zea mays	Blastx
SRR22534740	NODE_18908_length_234_cov_1.378109	67.2	234	392	0.170918	9.44e-23	acc|GENBANK|QBK87012.1|GENBANK|MK500340|peptide chain release factor 1 [Marseillevirus LCMAC103]	Marseillevirus LCMAC103	Blastx
SRR22534740	NODE_35257_length_255_cov_5.094595	69.5	255	177	0.333333	9.77e-23	acc|GENBANK|ABK32208.1|GENBANK|DQ890165|VRN3 [Triticum aestivum]	Triticum aestivum	Blastx
SRR22534740	NODE_1161_length_684_cov_28.993856	41.7	684	1686	0.071174	9.87e-23	acc|GENBANK|QBZ81757.1|GENBANK|MK174290|Serine/threonine protein kinase, catalytic [Pandoravirus celtis]	Pandoravirus celtis	Blastx
SRR22534740	NODE_9368_length_662_cov_3.960254	31.9	662	496	0.423387	1.07e-22	acc|GENBANK|ACN78958.1|GENBANK|FJ225394|dehydration responsive protein [Glycine max]	Glycine max	Blastx
SRR22534740	NODE_36837_length_525_cov_9.426829	54.4	525	316	0.284810	1.17e-22	acc|GENBANK|QDY51833.1|GENBANK|MK250085|hypothetical protein [Mimiviridae sp. ChoanoV1]	Mimiviridae sp. ChoanoV1	Blastx
SRR22534740	NODE_593_length_339_cov_51.042484	52.2	339	282	0.319149	1.18e-22	acc|GENBANK|AAL14448.1|GENBANK|AF397035|heat shock protein Hsc70t [Mus musculus]	Mus musculus	Blastx
SRR22534740	NODE_215_length_807_cov_5.014212	32.7	807	400	0.505000	1.29e-22	acc|GENBANK|WBR61431.1|GENBANK|ON052824|M20 AcylaseI like [Drosophila suzukii associated hytrosavirus 1]	Drosophila suzukii associated hytrosavirus 1	Blastx
SRR22534740	NODE_34890_length_652_cov_13.602585	39.5	652	193	0.616580	1.32e-22	acc|GENBANK|QLI60781.1|NEIGHBOR|MN562489|putative E3 ubiquitin-protein ligase makorin-1 [Scale drop disease virus]	Scale drop disease virus	Blastx
SRR22534740	NODE_13458_length_425_cov_2.183673	38.6	425	547	0.255941	1.34e-22	acc|GENBANK|AYV86548.1|GENBANK|MK072509|hypothetical protein [Sylvanvirus sp.]	Sylvanvirus sp.	Blastx
SRR22534740	NODE_23846_length_432_cov_2.390977	47.4	432	1369	0.070855	1.37e-22	acc|GENBANK|AIC77183.1|GENBANK|KF740825|polyprotein [Gossypium barbadense]	Gossypium barbadense	Blastx
SRR22534740	NODE_36055_length_1181_cov_8.727352	32.8	1181	326	0.757669	1.38e-22	acc|GENBANK|QDY52441.1|GENBANK|MK250092|hypothetical protein [Mimiviridae sp. ChoanoV1]	Mimiviridae sp. ChoanoV1	Blastx
SRR22534740	NODE_6297_length_1502_cov_7.549353	26.4	1502	480	0.900000	1.40e-22	acc|GENBANK|XKM46812.1|GENBANK|PQ442262|hypothetical protein [Ostreococcus tauri virus 06-1]	Ostreococcus tauri virus 06-1	Blastx
SRR22534740	NODE_30629_length_372_cov_7.330383	42.5	372	203	0.591133	1.40e-22	acc|GENBANK|AYV75892.1|GENBANK|MK071981|putative Ras-related protein Rab7 [Terrestrivirus sp.]	Terrestrivirus sp.	Blastx
SRR22534740	NODE_32489_length_334_cov_2.986711	42.6	334	447	0.225951	1.44e-22	acc|REFSEQ|NP_077596.1|REFSEQ|NC_002687|serine-threonine kinase [Ectocarpus siliculosus virus 1]	Ectocarpus siliculosus virus 1	Blastx
SRR22534740	NODE_2875_length_546_cov_18.124756	54.4	546	316	0.284810	1.46e-22	acc|GENBANK|QDY51833.1|GENBANK|MK250085|hypothetical protein [Mimiviridae sp. ChoanoV1]	Mimiviridae sp. ChoanoV1	Blastx
SRR22534740	NODE_42033_length_483_cov_2.437778	45.7	483	365	0.287671	1.47e-22	acc|GENBANK|BDT62135.1|GENBANK|LC738872|heat shock protein 40-like protein [Litopenaeus vannamei majanivirus Nimav-1_LVa]	Litopenaeus vannamei majanivirus Nimav-1_LVa	Blastx
SRR22534740	NODE_1677_length_1346_cov_17.099772	31.7	1346	752	0.305851	1.54e-22	acc|GENBANK|AYV76414.1|GENBANK|MK071984|HrpA-like RNA helicase [Terrestrivirus sp.]	Terrestrivirus sp.	Blastx
SRR22534740	NODE_41843_length_531_cov_12.841365	40.8	531	695	0.204317	1.54e-22	acc|GENBANK|XDO02062.1|GENBANK|PP542043|Type I Glyceraldehyde-3-Phosphate Dehydrogenase [Florenciella sp. virus SA2]	Florenciella sp. virus SA2	Blastx
SRR22534740	NODE_37822_length_727_cov_16.377522	38.7	727	262	0.541985	1.55e-22	acc|REFSEQ|YP_009352579.1|REFSEQ|NC_034249|Sterol desaturase [Kaumoebavirus]	Kaumoebavirus	Blastx
SRR22534740	NODE_43022_length_641_cov_4.465461	34.6	641	443	0.424379	1.61e-22	acc|GENBANK|QGR54033.1|GENBANK|MK978772|peptidase c19 subfamily protein [Moumouvirus maliensis]	Moumouvirus maliensis	Blastx
SRR22534740	NODE_28773_length_802_cov_2.685306	31.1	802	629	0.424483	1.62e-22	acc|GENBANK|CAA60726.1|GENBANK|X87297|J1590 [Saccharomyces cerevisiae]	Saccharomyces cerevisiae	Blastx
SRR22534740	NODE_14032_length_523_cov_3.379592	55.4	523	297	0.279461	1.63e-22	acc|GENBANK|ATZ80783.1|GENBANK|MF782455|casein kinase [Bodo saltans virus]	Bodo saltans virus	Blastx
SRR22534740	NODE_46460_length_293_cov_69.519231	46.7	293	258	0.356589	1.63e-22	acc|GENBANK|WMV02893.1|GENBANK|OP630990|alpha-tubulin [Diderma spumarioides]	Diderma spumarioides	Blastx
SRR22534740	NODE_9183_length_555_cov_3.072797	38.9	555	2037	0.073147	1.67e-22	acc|GENBANK|ABG37663.1|GENBANK|DQ536170|CCHC-type integrase [Populus trichocarpa]	Populus trichocarpa	Blastx
SRR22534740	NODE_11003_length_417_cov_6.671875	37.8	417	310	0.435484	1.73e-22	acc|GENBANK|AYV86922.1|GENBANK|MK072520|hypothetical protein [Sylvanvirus sp.]	Sylvanvirus sp.	Blastx
SRR22534740	NODE_36751_length_866_cov_16.759904	35.8	866	164	0.835366	1.78e-22	acc|GENBANK|QFG73678.1|GENBANK|MN448266|inorganic pyrophosphatase [Megaviridae environmental sample]	Megaviridae environmental sample	Blastx
SRR22534740	NODE_18719_length_1600_cov_4.309509	41.7	1600	478	0.276151	1.82e-22	acc|GENBANK|AAK84479.1|GENBANK|AF275345|putative auxin growth promotor protein [Solanum lycopersicum]	Solanum lycopersicum	Blastx
SRR22534740	NODE_6654_length_744_cov_9.272855	37.7	744	392	0.385204	1.85e-22	acc|GENBANK|QBK87012.1|GENBANK|MK500340|peptide chain release factor 1 [Marseillevirus LCMAC103]	Marseillevirus LCMAC103	Blastx
SRR22534740	NODE_2801_length_1417_cov_9.078757	31.0	1417	326	0.950920	1.87e-22	acc|GENBANK|QDY52441.1|GENBANK|MK250092|hypothetical protein [Mimiviridae sp. ChoanoV1]	Mimiviridae sp. ChoanoV1	Blastx
SRR22534740	NODE_39436_length_464_cov_9.257541	50.5	464	832	0.133413	1.87e-22	acc|GENBANK|BAD00047.1|GENBANK|AB119282|Fusion protein, Feo [Hepacivirus hominis]	Hepacivirus hominis	Blastx
SRR22534740	NODE_155_length_1145_cov_2.687950	37.0	1145	520	0.348077	1.88e-22	acc|GENBANK|APO14197.1|GENBANK|KX098475|truncated DELLA protein [Setaria italica]	Setaria italica	Blastx
SRR22534740	NODE_8225_length_2411_cov_16.010934	43.8	2411	855	0.149708	2.02e-22	acc|GENBANK|AYV84625.1|GENBANK|MK072413|mimivirus elongation factor aef-2 [Hyperionvirus sp.]	Hyperionvirus sp.	Blastx
SRR22534740	NODE_19257_length_1496_cov_8.777170	29.9	1496	727	0.414030	2.02e-22	acc|GENBANK|ADB85269.1|GENBANK|GQ252805|putative lectin-like protein kinase [Phyllostachys edulis]	Phyllostachys edulis	Blastx
SRR22534740	NODE_29740_length_732_cov_4.819742	35.5	732	355	0.484507	2.03e-22	acc|GENBANK|WRJ69891.1|GENBANK|OR001839|alpha-galactosidase [Oceanusvirus sp.]	Oceanusvirus sp.	Blastx
SRR22534740	NODE_44292_length_527_cov_2.732794	46.1	527	925	0.138378	2.07e-22	acc|GENBANK|ABY48139.1|GENBANK|EU306659|NORK [Medicago truncatula]	Medicago truncatula	Blastx
SRR22534740	NODE_15679_length_231_cov_2.196970	67.9	231	352	0.159091	2.22e-22	acc|GENBANK|WGU26813.1|GENBANK|OQ503488|hypothetical protein [Triticum monococcum]	Triticum monococcum	Blastx
SRR22534740	NODE_1087_length_709_cov_31.576923	42.4	709	447	0.263982	2.28e-22	acc|REFSEQ|NP_077596.1|REFSEQ|NC_002687|serine-threonine kinase [Ectocarpus siliculosus virus 1]	Ectocarpus siliculosus virus 1	Blastx
SRR22534740	NODE_9134_length_289_cov_2.988281	57.7	289	337	0.231454	2.81e-22	acc|GENBANK|ABH08433.1|GENBANK|DQ851167|putative heat shock factor [Beta vulgaris]	Beta vulgaris	Blastx
SRR22534740	NODE_39380_length_1250_cov_6.286771	28.9	1250	313	1.073482	2.85e-22	acc|GENBANK|AYV85455.1|GENBANK|MK072453|protein phosphatase 2C domain containing [Satyrvirus sp.]	Satyrvirus sp.	Blastx
SRR22534740	NODE_36026_length_668_cov_19.943307	31.2	668	589	0.375212	2.91e-22	acc|GENBANK|QKF93534.1|GENBANK|MT418680|peroxisomal acyl-CoA oxidase [Fadolivirus FV1/VV64]	Fadolivirus FV1/VV64	Blastx
SRR22534740	NODE_40003_length_717_cov_9.675439	35.2	717	478	0.403766	3.06e-22	acc|GENBANK|AAK84479.1|GENBANK|AF275345|putative auxin growth promotor protein [Solanum lycopersicum]	Solanum lycopersicum	Blastx
SRR22534740	NODE_33311_length_570_cov_4.610801	38.9	570	355	0.442254	3.24e-22	acc|GENBANK|WRJ69891.1|GENBANK|OR001839|alpha-galactosidase [Oceanusvirus sp.]	Oceanusvirus sp.	Blastx
SRR22534740	NODE_527_length_321_cov_17.003472	39.6	321	258	0.410853	3.34e-22	acc|GENBANK|WMV02893.1|GENBANK|OP630990|alpha-tubulin [Diderma spumarioides]	Diderma spumarioides	Blastx
SRR22534740	NODE_36067_length_1340_cov_10.894415	27.0	1340	703	0.448080	3.40e-22	acc|GENBANK|ARF09664.1|GENBANK|KY684086|HrpA-like RNA helicase [Indivirus ILV1]	Indivirus ILV1	Blastx
SRR22534740	NODE_37241_length_1277_cov_7.683280	25.5	1277	212	0.924528	3.73e-22	acc|GENBANK|AYV79923.1|GENBANK|MK072200|superoxide dismutase [Gaeavirus sp.]	Gaeavirus sp.	Blastx
SRR22534740	NODE_33854_length_525_cov_5.065041	41.2	525	925	0.178378	3.84e-22	acc|GENBANK|ABY48139.1|GENBANK|EU306659|NORK [Medicago truncatula]	Medicago truncatula	Blastx
SRR22534740	NODE_32927_length_1309_cov_6.099530	24.5	1309	268	0.988806	4.02e-22	acc|GENBANK|QBK91399.1|GENBANK|MK500535|mitochondrial carrier-like protein [Pithovirus LCPAC302]	Pithovirus LCPAC302	Blastx
SRR22534740	NODE_36277_length_1530_cov_10.566466	33.7	1530	354	0.485876	4.05e-22	acc|REFSEQ|YP_010781838.1|REFSEQ|NC_075039|acetoin utilization deacetylase [Tupanvirus soda lake]	Tupanvirus soda lake	Blastx
SRR22534740	NODE_19395_length_228_cov_1.046154	58.7	228	1433	0.052338	4.06e-22	acc|GENBANK|QCC26836.1|GENBANK|MK532518|Hopscotch gagpol polyprotein [Zea mays]	Zea mays	Blastx
SRR22534740	NODE_33587_length_451_cov_7.638756	56.6	451	447	0.170022	4.20e-22	acc|GENBANK|AAV51067.1|NEIGHBOR|AY653733|7-dehydrocholesterol reductase [Acanthamoeba polyphaga mimivirus]	Acanthamoeba polyphaga mimivirus	Blastx
SRR22534740	NODE_33867_length_538_cov_7.861386	55.2	538	510	0.188235	4.21e-22	acc|GENBANK|WWQ13346.1|GENBANK|OP961547|Integrase-type DNA-binding superfamily protein [Orobanche cernua var. cumana]	Orobanche cernua var. cumana	Blastx
SRR22534740	NODE_8615_length_388_cov_1.354930	38.3	388	499	0.266533	5.01e-22	acc|GENBANK|CCQ71356.1|GENBANK|HF586477|hypothetical E3 ubiquitin-protein ligase ARI [Cotesia congregata]	Cotesia congregata	Blastx
SRR22534740	NODE_30039_length_951_cov_6.795207	23.8	951	470	0.680851	5.08e-22	acc|REFSEQ|YP_009448636.1|REFSEQ|NC_036594|Cytochrome P450-like protein E-class [Orpheovirus IHUMI-LCC2]	Orpheovirus IHUMI-LCC2	Blastx
SRR22534740	NODE_28807_length_316_cov_1.855124	51.5	316	2037	0.050565	5.25e-22	acc|GENBANK|ABG37663.1|GENBANK|DQ536170|CCHC-type integrase [Populus trichocarpa]	Populus trichocarpa	Blastx
SRR22534740	NODE_39515_length_457_cov_1.438679	72.9	457	177	0.333333	5.51e-22	acc|GENBANK|ABK32208.1|GENBANK|DQ890165|VRN3 [Triticum aestivum]	Triticum aestivum	Blastx
SRR22534740	NODE_34177_length_866_cov_4.121248	39.4	866	833	0.210084	5.73e-22	acc|GENBANK|CCQ71385.1|GENBANK|HF586480|hypothetical Homeodomain-interacting protein [Cotesia congregata]	Cotesia congregata	Blastx
SRR22534740	NODE_1488_length_363_cov_15.481818	62.5	363	182	0.395604	6.05e-22	acc|REFSEQ|YP_009163818.1|REFSEQ|NC_027778|ORF_057R [Scale drop disease virus]	Scale drop disease virus	Blastx
SRR22534740	NODE_6789_length_748_cov_12.699301	30.2	748	498	0.399598	6.07e-22	acc|GENBANK|XHA59766.1|GENBANK|OR863077|thermosome [Poseidoniales virus]	Poseidoniales virus	Blastx
SRR22534740	NODE_43066_length_519_cov_3.331276	35.2	519	299	0.551839	6.23e-22	acc|REFSEQ|YP_009448822.1|REFSEQ|NC_036594|Protein kinase [Orpheovirus IHUMI-LCC2]	Orpheovirus IHUMI-LCC2	Blastx
SRR22534740	NODE_11797_length_218_cov_1.232432	64.8	218	861	0.082462	6.33e-22	acc|GENBANK|ADB85253.1|GENBANK|GQ252796|putative retrotransposon protein [Phyllostachys edulis]	Phyllostachys edulis	Blastx
SRR22534740	NODE_28444_length_394_cov_2.567867	39.7	394	474	0.244726	6.64e-22	acc|GENBANK|AYV76198.1|GENBANK|MK071983|deoxyribodipyrimidine photo-lyase [Terrestrivirus sp.]	Terrestrivirus sp.	Blastx
SRR22534740	NODE_5658_length_2104_cov_23.922260	33.3	2104	506	0.545455	6.95e-22	acc|GENBANK|QBK92268.1|GENBANK|MK500571|putative serine/threonine protein kinase [Pithovirus LCPAC304]	Pithovirus LCPAC304	Blastx
SRR22534740	NODE_31223_length_450_cov_5.522782	42.8	450	335	0.516418	7.07e-22	acc|GENBANK|ABY48132.1|GENBANK|EU306659|GH1 protein [Medicago truncatula]	Medicago truncatula	Blastx
SRR22534740	NODE_6015_length_417_cov_9.828125	48.2	417	86	0.988372	7.10e-22	acc|GENBANK|QBK88314.1|GENBANK|MK500385|iron-sulfur cluster biosynthesis protein [Marseillevirus LCMAC202]	Marseillevirus LCMAC202	Blastx
SRR22534740	NODE_27241_length_251_cov_2.848624	50.0	251	706	0.118980	7.26e-22	acc|GENBANK|WGU26822.1|GENBANK|OQ503488|OPT oligopeptide transporter protein [Triticum monococcum]	Triticum monococcum	Blastx
SRR22534740	NODE_27961_length_349_cov_2.066456	48.1	349	327	0.318043	7.28e-22	acc|GENBANK|QFG73901.1|GENBANK|MN448274|papain family cysteine protease [Megaviridae environmental sample]	Megaviridae environmental sample	Blastx
SRR22534740	NODE_43272_length_774_cov_8.688259	37.5	774	119	0.941176	8.03e-22	acc|GENBANK|QBK85983.1|GENBANK|MK500328|glycine cleavage H-protein [Marseillevirus LCMAC101]	Marseillevirus LCMAC101	Blastx
SRR22534740	NODE_32992_length_720_cov_7.547307	38.7	720	247	0.627530	8.10e-22	acc|REFSEQ|YP_009449316.1|REFSEQ|NC_036594|Fatty acid hydroxylase (C-5 sterol desaturase [Orpheovirus IHUMI-LCC2]	Orpheovirus IHUMI-LCC2	Blastx
SRR22534740	NODE_47275_length_234_cov_1.164179	56.3	234	1413	0.050248	8.23e-22	acc|GENBANK|AYV86995.1|GENBANK|MK072523|putative DNA topoisomerase 2-like isoform X1 [Sylvanvirus sp.]	Sylvanvirus sp.	Blastx
SRR22534740	NODE_6970_length_265_cov_19.564655	97.8	265	83	0.554217	8.39e-22	acc|GENBANK|WZO87329.1|GENBANK|PP681894|ubiquitin [Chlorovirus sp.]	Chlorovirus sp.	Blastx
SRR22534740	NODE_12609_length_594_cov_2.629234	34.7	594	1384	0.141618	8.42e-22	acc|GENBANK|ADB85299.1|GENBANK|GQ252825|putative retrotransposon protein [Phyllostachys edulis]	Phyllostachys edulis	Blastx
SRR22534740	NODE_2512_length_1686_cov_8.173624	40.1	1686	499	0.324649	8.53e-22	acc|GENBANK|WGU26700.1|NEIGHBOR|OQ513807|non-structural polyprotein p200 [Infectious spleen and kidney necrosis virus]	Infectious spleen and kidney necrosis virus	Blastx
SRR22534740	NODE_833_length_700_cov_8.740630	38.1	700	119	0.949580	8.74e-22	acc|GENBANK|QBK85983.1|GENBANK|MK500328|glycine cleavage H-protein [Marseillevirus LCMAC101]	Marseillevirus LCMAC101	Blastx
SRR22534740	NODE_41599_length_852_cov_7.716728	43.3	852	691	0.173661	8.85e-22	acc|GENBANK|UPW42252.1|GENBANK|ON001649|putative RNA dependent RNA polymerase [Xisha Islands farmland mitovirus 5]	Xisha Islands farmland mitovirus 5	Blastx
SRR22534740	NODE_44839_length_1369_cov_8.553144	25.5	1369	299	1.270903	8.98e-22	acc|GENBANK|QRE02559.1|GENBANK|MN545489|hypothetical protein [Otarine gammaherpesvirus 4]	Otarine gammaherpesvirus 4	Blastx
SRR22534740	NODE_38789_length_654_cov_7.330113	46.8	654	249	0.497992	9.30e-22	acc|GENBANK|QBK85671.1|GENBANK|MK500327|histone 2A-domain-containing protein [Marseillevirus LCMAC101]	Marseillevirus LCMAC101	Blastx
SRR22534740	NODE_3206_length_587_cov_5.341155	41.3	587	201	0.626866	9.37e-22	acc|GENBANK|WGU26826.1|GENBANK|OQ503488|casparian strip membrane protein [Triticum monococcum]	Triticum monococcum	Blastx
SRR22534740	NODE_43783_length_1475_cov_9.832871	33.3	1475	288	0.677083	9.94e-22	acc|GENBANK|QMP82376.1|GENBANK|MT153362|hypothetical protein [red goblin roach virus 1]	red goblin roach virus 1	Blastx
SRR22534740	NODE_3832_length_1693_cov_5.517470	36.4	1693	266	0.703008	1.00e-21	acc|GENBANK|QBK88934.1|GENBANK|MK500406|protein phosphatase 2C [Mimivirus LCMiAC02]	Mimivirus LCMiAC02	Blastx
SRR22534740	NODE_20736_length_283_cov_1.320000	49.5	283	218	0.417431	1.00e-21	acc|GENBANK|AOZ57167.1|GENBANK|KX147325|integrase [Coccinia grandis]	Coccinia grandis	Blastx
SRR22534740	NODE_31193_length_446_cov_7.038741	39.2	446	1619	0.074120	1.03e-21	acc|GENBANK|BCS82572.1|GENBANK|AP024483|putative serine/threonine-protein kinase [Cotonvirus japonicus]	Cotonvirus japonicus	Blastx
SRR22534740	NODE_34034_length_452_cov_6.809069	35.8	452	388	0.345361	1.31e-21	acc|GENBANK|CCQ71327.1|GENBANK|HF586476|hypothetical protein kinase Pka-C1 [Cotesia congregata]	Cotesia congregata	Blastx
SRR22534740	NODE_23349_length_576_cov_7.018416	45.5	576	2037	0.054001	1.33e-21	acc|GENBANK|ABG37663.1|GENBANK|DQ536170|CCHC-type integrase [Populus trichocarpa]	Populus trichocarpa	Blastx
SRR22534740	NODE_23007_length_367_cov_3.389222	48.7	367	925	0.122162	1.33e-21	acc|GENBANK|ABY48139.1|GENBANK|EU306659|NORK [Medicago truncatula]	Medicago truncatula	Blastx
SRR22534740	NODE_24281_length_385_cov_2.778409	76.7	385	242	0.247934	1.46e-21	acc|GENBANK|AGU70135.1|GENBANK|KF270089|integrase-type DNA-binding superfamily protein [Tarenaya hassleriana]	Tarenaya hassleriana	Blastx
SRR22534740	NODE_26743_length_460_cov_6.163934	57.3	460	772	0.106218	1.56e-21	acc|REFSEQ|YP_003970015.1|REFSEQ|NC_014637|Holliday junction branch migration helicase [Cafeteria roenbergensis virus BV-PW1]	Cafeteria roenbergensis virus BV-PW1	Blastx
SRR22534740	NODE_36996_length_771_cov_17.888889	31.9	771	362	0.685083	1.57e-21	acc|GENBANK|AXN90961.1|GENBANK|MG745874|putative dehydrogenase [Namao virus]	Namao virus	Blastx
SRR22534740	NODE_33074_length_271_cov_2.012605	61.2	271	142	0.471831	1.58e-21	acc|GENBANK|AAY87197.1|GENBANK|DQ054414|reverse transcriptase [Ephedra distachya]	Ephedra distachya	Blastx
SRR22534740	NODE_3801_length_1995_cov_50.562691	27.4	1995	426	0.967136	1.66e-21	acc|GENBANK|QBK87330.1|GENBANK|MK500349|calcineurin-like phosphoesterase [Marseillevirus LCMAC201]	Marseillevirus LCMAC201	Blastx
SRR22534740	NODE_41625_length_1731_cov_14.000589	29.6	1731	727	0.404402	1.68e-21	acc|GENBANK|ADB85269.1|GENBANK|GQ252805|putative lectin-like protein kinase [Phyllostachys edulis]	Phyllostachys edulis	Blastx
SRR22534740	NODE_43255_length_1260_cov_22.489813	27.2	1260	974	0.286448	1.71e-21	acc|GENBANK|AYV86980.1|GENBANK|MK072522|hypothetical protein [Sylvanvirus sp.]	Sylvanvirus sp.	Blastx
SRR22534740	NODE_6891_length_1397_cov_4.266129	38.3	1397	313	0.575080	1.71e-21	acc|GENBANK|AYV85455.1|GENBANK|MK072453|protein phosphatase 2C domain containing [Satyrvirus sp.]	Satyrvirus sp.	Blastx
SRR22534740	NODE_1875_length_2054_cov_18.945077	28.8	2054	277	1.014440	1.84e-21	acc|GENBANK|ARF09735.1|GENBANK|KY684086|aldo/keto reductase family protein [Indivirus ILV1]	Indivirus ILV1	Blastx
SRR22534740	NODE_42843_length_322_cov_97.664360	55.3	322	150	0.506667	1.85e-21	acc|GENBANK|AYV82350.1|GENBANK|MK072366|hypothetical protein [Homavirus sp.]	Homavirus sp.	Blastx
SRR22534740	NODE_6664_length_1245_cov_5.572607	38.8	1245	471	0.360934	1.91e-21	acc|GENBANK|AFV13457.1|GENBANK|JQ314445|UDPG-flavonoid 3-O-glucosyl transferase [Tripsacum dactyloides]	Tripsacum dactyloides	Blastx
SRR22534740	NODE_32554_length_725_cov_1.869942	31.4	725	727	0.332875	1.91e-21	acc|GENBANK|ADB85269.1|GENBANK|GQ252805|putative lectin-like protein kinase [Phyllostachys edulis]	Phyllostachys edulis	Blastx
SRR22534740	NODE_38146_length_739_cov_28.975921	52.7	739	406	0.229064	1.95e-21	acc|GENBANK|AYV85760.1|GENBANK|MK072473|hypothetical protein [Satyrvirus sp.]	Satyrvirus sp.	Blastx
SRR22534740	NODE_466_length_1043_cov_28.463366	34.9	1043	498	0.431727	1.99e-21	acc|GENBANK|XHA59766.1|GENBANK|OR863077|thermosome [Poseidoniales virus]	Poseidoniales virus	Blastx
SRR22534740	NODE_6388_length_1227_cov_11.631491	53.8	1227	1105	0.084163	2.04e-21	acc|GENBANK|AAK84476.1|GENBANK|AF275345|unknown [Solanum lycopersicum]	Solanum lycopersicum	Blastx
SRR22534740	NODE_9914_length_202_cov_2.816568	69.8	202	439	0.143508	2.21e-21	acc|GENBANK|AFC35023.1|GENBANK|JN225873|hypothetical protein [Ostreococcus tauri virus RT-2011]	Ostreococcus tauri virus RT-2011	Blastx
SRR22534740	NODE_41892_length_1042_cov_4.967294	48.3	1042	402	0.288557	2.35e-21	acc|REFSEQ|YP_003969759.1|REFSEQ|NC_014637|putative DnaJ/Hsp40 [Cafeteria roenbergensis virus BV-PW1]	Cafeteria roenbergensis virus BV-PW1	Blastx
SRR22534740	NODE_5111_length_732_cov_149.060086	31.0	732	215	0.869767	2.41e-21	acc|GENBANK|ARF09950.1|GENBANK|KY684090|T2 family ribonuclease [Indivirus ILV1]	Indivirus ILV1	Blastx
SRR22534740	NODE_2193_length_742_cov_6.212976	32.8	742	442	0.461538	2.71e-21	acc|GENBANK|CAA43286.1|GENBANK|X60951|pol associated gene 1 [Trypanosoma brucei]	Trypanosoma brucei	Blastx
SRR22534740	NODE_38011_length_554_cov_18.744722	31.7	554	422	0.433649	2.75e-21	acc|GENBANK|QDY52462.1|GENBANK|MK250094|aminotransferase class-III protein [Mimiviridae sp. ChoanoV1]	Mimiviridae sp. ChoanoV1	Blastx
SRR22534740	NODE_25590_length_214_cov_1.988950	68.6	214	604	0.115894	2.81e-21	acc|GENBANK|ABH08432.1|GENBANK|DQ851167|putative non-inducible immunity 1 [Beta vulgaris]	Beta vulgaris	Blastx
SRR22534740	NODE_38352_length_242_cov_33.856459	65.6	242	196	0.311224	2.82e-21	acc|GENBANK|AWA44808.1|GENBANK|MH182523|hypothetical protein [Saccharum officinarum]	Saccharum officinarum	Blastx
SRR22534740	NODE_6608_length_656_cov_16.072231	36.7	656	299	0.464883	3.23e-21	acc|GENBANK|UOG94093.1|NEIGHBOR|OM876856|serine threonine-protein phosphatase [Aureococcus anophagefferens virus]	Aureococcus anophagefferens virus	Blastx
SRR22534740	NODE_25422_length_623_cov_6.188136	35.0	623	402	0.490050	3.30e-21	acc|GENBANK|QBK88751.1|GENBANK|MK500397|DEAD/SNF2-like helicase [Mimivirus LCMiAC01]	Mimivirus LCMiAC01	Blastx
SRR22534740	NODE_6711_length_705_cov_7.690476	35.7	705	549	0.306011	3.32e-21	acc|GENBANK|WGU26819.1|GENBANK|OQ503488|BTB/POZ domain-containing protein [Triticum monococcum]	Triticum monococcum	Blastx
SRR22534740	NODE_26236_length_409_cov_1.755319	41.4	409	447	0.221477	3.39e-21	acc|REFSEQ|NP_077596.1|REFSEQ|NC_002687|serine-threonine kinase [Ectocarpus siliculosus virus 1]	Ectocarpus siliculosus virus 1	Blastx
SRR22534740	NODE_2163_length_596_cov_6.438721	78.3	596	242	0.247934	3.50e-21	acc|GENBANK|AGU70135.1|GENBANK|KF270089|integrase-type DNA-binding superfamily protein [Tarenaya hassleriana]	Tarenaya hassleriana	Blastx
SRR22534740	NODE_38509_length_753_cov_32.416667	31.9	753	182	0.895604	3.61e-21	acc|REFSEQ|YP_009163818.1|REFSEQ|NC_027778|ORF_057R [Scale drop disease virus]	Scale drop disease virus	Blastx
SRR22534740	NODE_15198_length_402_cov_2.918699	41.4	402	327	0.391437	3.77e-21	acc|GENBANK|QFG73901.1|GENBANK|MN448274|papain family cysteine protease [Megaviridae environmental sample]	Megaviridae environmental sample	Blastx
SRR22534740	NODE_8591_length_279_cov_1.873984	56.3	279	776	0.112113	3.79e-21	acc|GENBANK|ABY48135.1|GENBANK|EU306659|beta-D-xylosidase [Medicago truncatula]	Medicago truncatula	Blastx
SRR22534740	NODE_8655_length_733_cov_3.948571	39.6	733	518	0.316602	3.80e-21	acc|GENBANK|QPI16131.1|GENBANK|MW030532|hypothetical protein [Virus NIOZ-UU157]	Virus NIOZ-UU157	Blastx
SRR22534740	NODE_31606_length_518_cov_1.507216	52.2	518	727	0.126547	3.97e-21	acc|GENBANK|ADB85269.1|GENBANK|GQ252805|putative lectin-like protein kinase [Phyllostachys edulis]	Phyllostachys edulis	Blastx
SRR22534740	NODE_47083_length_227_cov_1.118557	58.7	227	299	0.250836	4.01e-21	acc|GENBANK|UOG94093.1|NEIGHBOR|OM876856|serine threonine-protein phosphatase [Aureococcus anophagefferens virus]	Aureococcus anophagefferens virus	Blastx
SRR22534740	NODE_2290_length_1028_cov_31.488442	31.4	1028	182	0.873626	4.06e-21	acc|REFSEQ|YP_009163818.1|REFSEQ|NC_027778|ORF_057R [Scale drop disease virus]	Scale drop disease virus	Blastx
SRR22534740	NODE_566_length_1360_cov_18.504145	29.7	1360	595	0.566387	4.15e-21	acc|GENBANK|QYB17777.1|GENBANK|MZ440852|histidinol-phosphate aminotransferase [Pacmanvirus S19]	Pacmanvirus S19	Blastx
SRR22534740	NODE_171_length_700_cov_1.640180	30.6	700	333	0.558559	4.15e-21	acc|GENBANK|AUF82474.1|GENBANK|KY322437|serine/threonine-protein kinase [Tetraselmis virus 1]	Tetraselmis virus 1	Blastx
SRR22534740	NODE_18713_length_505_cov_3.125000	36.9	505	467	0.301927	4.23e-21	acc|GENBANK|API81738.1|NEIGHBOR|KU052222|hypothetical protein [Cafeteriavirus-dependent mavirus]	Cafeteriavirus-dependent mavirus	Blastx
SRR22534740	NODE_48004_length_259_cov_1.035398	70.1	259	220	0.304545	4.26e-21	acc|GENBANK|AAB26734.1|GENBANK|S61070|pol [Homo sapiens]	Homo sapiens	Blastx
SRR22534740	NODE_6298_length_981_cov_7.379747	27.4	981	238	1.058824	4.29e-21	acc|GENBANK|AYV77971.1|GENBANK|MK072068|hypothetical protein [Edafosvirus sp.]	Edafosvirus sp.	Blastx
SRR22534740	NODE_36838_length_823_cov_13.388608	31.9	823	182	0.895604	4.32e-21	acc|REFSEQ|YP_009163818.1|REFSEQ|NC_027778|ORF_057R [Scale drop disease virus]	Scale drop disease virus	Blastx
SRR22534740	NODE_44308_length_801_cov_43.906250	34.7	801	492	0.398374	4.39e-21	acc|GENBANK|QBK88108.1|GENBANK|MK500375|cyclin-dependent protein kinase [Marseillevirus LCMAC202]	Marseillevirus LCMAC202	Blastx
SRR22534740	NODE_30325_length_340_cov_2.244300	51.0	340	2037	0.048110	4.63e-21	acc|GENBANK|ABG37663.1|GENBANK|DQ536170|CCHC-type integrase [Populus trichocarpa]	Populus trichocarpa	Blastx
SRR22534740	NODE_44031_length_1076_cov_3.524449	30.6	1076	393	0.681934	4.81e-21	acc|GENBANK|AGE55735.1|GENBANK|JX997174|UDP-N-acetyl-D-mannosamine dehydrogenase / [Acanthocystis turfacea Chlorella virus MN0810.1]	Acanthocystis turfacea Chlorella virus MN0810.1	Blastx
SRR22534740	NODE_42616_length_628_cov_62.971429	31.4	628	182	0.873626	4.84e-21	acc|REFSEQ|YP_009163818.1|REFSEQ|NC_027778|ORF_057R [Scale drop disease virus]	Scale drop disease virus	Blastx
SRR22534740	NODE_31551_length_588_cov_2.392793	30.3	588	520	0.355769	4.85e-21	acc|GENBANK|APO14197.1|GENBANK|KX098475|truncated DELLA protein [Setaria italica]	Setaria italica	Blastx
SRR22534740	NODE_37345_length_275_cov_36.206612	46.4	275	1710	0.049123	4.90e-21	acc|GENBANK|BBI30403.1|GENBANK|AP018495|Ser/Thr protein kinase [Acanthamoeba castellanii medusavirus J1]	Acanthamoeba castellanii medusavirus J1	Blastx
SRR22534740	NODE_1501_length_662_cov_9.920509	45.5	662	447	0.221477	4.92e-21	acc|REFSEQ|NP_077596.1|REFSEQ|NC_002687|serine-threonine kinase [Ectocarpus siliculosus virus 1]	Ectocarpus siliculosus virus 1	Blastx
SRR22534740	NODE_40169_length_795_cov_4.606299	32.5	795	363	0.465565	5.08e-21	acc|GENBANK|AGU70139.1|GENBANK|KF270090|protein kinase superfamily protein [Tarenaya hassleriana]	Tarenaya hassleriana	Blastx
SRR22534740	NODE_6374_length_1041_cov_9.568452	30.0	1041	319	0.626959	5.32e-21	acc|GENBANK|XKM46455.1|GENBANK|PQ442261|hypothetical protein [Micromonas commoda virus 20T]	Micromonas commoda virus 20T	Blastx
SRR22534740	NODE_11796_length_376_cov_2.338192	47.4	376	327	0.290520	5.34e-21	acc|GENBANK|QFG73901.1|GENBANK|MN448274|papain family cysteine protease [Megaviridae environmental sample]	Megaviridae environmental sample	Blastx
SRR22534740	NODE_5858_length_702_cov_45.786248	47.5	702	85	0.941176	5.36e-21	acc|GENBANK|AYV75195.1|GENBANK|MK071979|putative cytochrome b5 [Terrestrivirus sp.]	Terrestrivirus sp.	Blastx
SRR22534740	NODE_37755_length_1332_cov_14.568129	28.8	1332	497	0.816901	5.94e-21	acc|GENBANK|CCQ71326.1|GENBANK|HF586476|hypothetical Pro-X carboxypeptidase-like protein [Cotesia congregata]	Cotesia congregata	Blastx
SRR22534740	NODE_4285_length_219_cov_4.161290	55.1	219	212	0.325472	6.00e-21	acc|GENBANK|AYV82031.1|GENBANK|MK072334|Ras-like protein Rab-11A [Homavirus sp.]	Homavirus sp.	Blastx
SRR22534740	NODE_41595_length_462_cov_14.228438	63.9	462	365	0.197260	6.07e-21	acc|GENBANK|QBK92234.1|GENBANK|MK500569|chaperone protein [Pithovirus LCPAC304]	Pithovirus LCPAC304	Blastx
SRR22534740	NODE_653_length_475_cov_2.610860	39.0	475	663	0.185520	6.20e-21	acc|GENBANK|AEQ60736.1|GENBANK|JF801956|HrpA-like helicase [Acanthamoeba castellanii mamavirus]	Acanthamoeba castellanii mamavirus	Blastx
SRR22534740	NODE_38333_length_283_cov_33.744000	49.5	283	389	0.244216	6.37e-21	acc|GENBANK|ARF11703.1|GENBANK|KY684109|tryptophanyl-tRNA synthetase [Klosneuvirus KNV1]	Klosneuvirus KNV1	Blastx
SRR22534740	NODE_37931_length_1184_cov_20.155517	30.9	1184	289	0.771626	6.42e-21	acc|GENBANK|QBK88329.1|GENBANK|MK500386|ABC transporter [Marseillevirus LCMAC202]	Marseillevirus LCMAC202	Blastx
SRR22534740	NODE_44222_length_576_cov_45.138122	69.7	576	558	0.118280	6.48e-21	acc|GENBANK|QOR60244.1|GENBANK|MK522034|hypothetical protein [Bathycoccus sp. RCC716 virus 1]	Bathycoccus sp. RCC716 virus 1	Blastx
SRR22534740	NODE_15126_length_459_cov_1.422535	41.4	459	459	0.289760	6.48e-21	acc|GENBANK|BBI30359.1|GENBANK|AP018495|beta-galactosidase [Acanthamoeba castellanii medusavirus J1]	Acanthamoeba castellanii medusavirus J1	Blastx
SRR22534740	NODE_31683_length_777_cov_4.086022	33.8	777	1460	0.141781	6.58e-21	acc|GENBANK|ARF10760.1|GENBANK|KY684105|DNA-directed RNA polymerase subunit alpha [Hokovirus HKV1]	Hokovirus HKV1	Blastx
SRR22534740	NODE_17059_length_789_cov_4.341270	26.7	789	470	0.548936	6.62e-21	acc|REFSEQ|YP_009448636.1|REFSEQ|NC_036594|Cytochrome P450-like protein E-class [Orpheovirus IHUMI-LCC2]	Orpheovirus IHUMI-LCC2	Blastx
SRR22534740	NODE_26384_length_488_cov_5.501099	45.8	488	678	0.176991	7.12e-21	acc|GENBANK|CCQ71325.1|GENBANK|HF586476|hypothetical kinesin-like protein KIF3 [Cotesia congregata]	Cotesia congregata	Blastx
SRR22534740	NODE_5335_length_601_cov_1.702465	31.3	601	405	0.441975	7.30e-21	acc|GENBANK|WGU26824.1|GENBANK|OQ503488|eukaryotic initiation factor 4A-III B-like [Triticum monococcum]	Triticum monococcum	Blastx
SRR22534740	NODE_32450_length_490_cov_1.903720	40.1	490	674	0.210682	7.35e-21	acc|GENBANK|AYV83542.1|GENBANK|MK072390|HrpA-like RNA helicase [Hyperionvirus sp.]	Hyperionvirus sp.	Blastx
SRR22534740	NODE_6706_length_436_cov_6.796526	35.4	436	676	0.213018	7.44e-21	acc|REFSEQ|YP_009173627.1|REFSEQ|NC_028094|Hsp70 protein [Chrysochromulina ericina virus]	Chrysochromulina ericina virus	Blastx
SRR22534740	NODE_40390_length_338_cov_9.734426	54.2	338	604	0.177152	7.61e-21	acc|GENBANK|AAK84484.1|GENBANK|AF275345|TH65-like protein [Solanum lycopersicum]	Solanum lycopersicum	Blastx
SRR22534740	NODE_28094_length_433_cov_2.860000	37.3	433	494	0.287449	7.66e-21	acc|GENBANK|CAA72988.1|GENBANK|Y12321|SLG-Sc [Brassica oleracea var. viridis]	Brassica oleracea var. viridis	Blastx
SRR22534740	NODE_36720_length_677_cov_10.600932	35.0	677	301	0.541528	7.80e-21	acc|GENBANK|ARF12194.1|GENBANK|KY684111|aldo/keto reductase family protein [Klosneuvirus KNV1]	Klosneuvirus KNV1	Blastx
SRR22534740	NODE_20914_length_301_cov_2.873134	78.8	301	242	0.214876	8.04e-21	acc|GENBANK|AGU70135.1|GENBANK|KF270089|integrase-type DNA-binding superfamily protein [Tarenaya hassleriana]	Tarenaya hassleriana	Blastx
SRR22534740	NODE_174_length_684_cov_3.602151	33.3	684	442	0.400452	8.11e-21	acc|GENBANK|CAA43286.1|GENBANK|X60951|pol associated gene 1 [Trypanosoma brucei]	Trypanosoma brucei	Blastx
SRR22534740	NODE_576_length_691_cov_19.565350	33.3	691	492	0.396341	8.28e-21	acc|GENBANK|QBK88108.1|GENBANK|MK500375|cyclin-dependent protein kinase [Marseillevirus LCMAC202]	Marseillevirus LCMAC202	Blastx
SRR22534740	NODE_6826_length_496_cov_10.449244	86.0	496	335	0.149254	8.42e-21	acc|GENBANK|ABY48132.1|GENBANK|EU306659|GH1 protein [Medicago truncatula]	Medicago truncatula	Blastx
SRR22534740	NODE_27725_length_277_cov_1.532787	66.7	277	359	0.175487	8.57e-21	acc|GENBANK|AGE50238.1|GENBANK|JX997158|GDP-L-fucose synthase 2 [Acanthocystis turfacea Chlorella virus Canal-1]	Acanthocystis turfacea Chlorella virus Canal-1	Blastx
SRR22534740	NODE_17936_length_235_cov_1.599010	52.8	235	93	0.774194	8.66e-21	acc|GENBANK|AYV80661.1|GENBANK|MK072246|putative Cytochrome b5 [Harvfovirus sp.]	Harvfovirus sp.	Blastx
SRR22534740	NODE_2705_length_880_cov_8.899646	31.7	880	727	0.308116	9.29e-21	acc|GENBANK|ADB85269.1|GENBANK|GQ252805|putative lectin-like protein kinase [Phyllostachys edulis]	Phyllostachys edulis	Blastx
SRR22534740	NODE_44004_length_1036_cov_14.254237	29.4	1036	216	0.930556	9.56e-21	acc|GENBANK|QKF94710.1|GENBANK|MT418680|ATPase V1 complex subunit D [Fadolivirus FV1/VV64]	Fadolivirus FV1/VV64	Blastx
SRR22534740	NODE_46800_length_216_cov_1.918033	59.1	216	256	0.257812	9.61e-21	acc|GENBANK|AAB67721.1|GENBANK|AF015269|PL transcription factor [Zea mays]	Zea mays	Blastx
SRR22534740	NODE_32644_length_424_cov_1.874680	46.7	424	2037	0.052528	9.66e-21	acc|GENBANK|ABG37663.1|GENBANK|DQ536170|CCHC-type integrase [Populus trichocarpa]	Populus trichocarpa	Blastx
SRR22534740	NODE_41691_length_2609_cov_9.393245	48.8	2609	102	0.823529	9.78e-21	acc|GENBANK|CAD45443.1|GENBANK|AJ507397|coat protein [Iris mild mosaic virus]	Iris mild mosaic virus	Blastx
SRR22534740	NODE_36306_length_780_cov_8.842035	37.1	780	660	0.253030	1.01e-20	acc|REFSEQ|YP_001425742.1|REFSEQ|NC_008603|hypothetical protein [Paramecium bursaria Chlorella virus FR483]	Paramecium bursaria Chlorella virus FR483	Blastx
SRR22534740	NODE_6951_length_1835_cov_19.043285	27.5	1835	399	0.756892	1.07e-20	acc|GENBANK|ARF09189.1|GENBANK|KY684084|phosphoglycerate dehydrogenase [Catovirus CTV1]	Catovirus CTV1	Blastx
SRR22534740	NODE_40261_length_1035_cov_4.043912	32.3	1035	236	0.813559	1.07e-20	acc|GENBANK|UKS51800.1|GENBANK|OK336705|laccase [Allium cepa]	Allium cepa	Blastx
SRR22534740	NODE_21117_length_342_cov_3.763754	43.8	342	642	0.202492	1.14e-20	acc|GENBANK|ARF10282.1|GENBANK|KY684103|dynamin family protein [Hokovirus HKV1]	Hokovirus HKV1	Blastx
SRR22534740	NODE_32963_length_782_cov_5.224299	33.8	782	243	0.814815	1.25e-20	acc|GENBANK|QSE37552.1|GENBANK|MW365400|putative 27-kD protein [Citrus associated ampelovirus 1]	Citrus associated ampelovirus 1	Blastx
SRR22534740	NODE_29753_length_265_cov_1.862069	58.7	265	352	0.213068	1.32e-20	acc|GENBANK|WGU26813.1|GENBANK|OQ503488|hypothetical protein [Triticum monococcum]	Triticum monococcum	Blastx
SRR22534740	NODE_25025_length_400_cov_3.528610	49.5	400	2037	0.049583	1.34e-20	acc|GENBANK|ABG37663.1|GENBANK|DQ536170|CCHC-type integrase [Populus trichocarpa]	Populus trichocarpa	Blastx
SRR22534740	NODE_8046_length_345_cov_38.256410	43.8	345	383	0.292428	1.34e-20	acc|GENBANK|AJA91762.1|GENBANK|KM434202|dihydroflavonol 4-reductase [Allium cepa]	Allium cepa	Blastx
SRR22534740	NODE_27259_length_361_cov_1.786585	45.9	361	288	0.378472	1.35e-20	acc|GENBANK|QMP82376.1|GENBANK|MT153362|hypothetical protein [red goblin roach virus 1]	red goblin roach virus 1	Blastx
SRR22534740	NODE_13960_length_333_cov_1.123333	45.5	333	367	0.299728	1.38e-20	acc|GENBANK|ARF10024.1|GENBANK|KY684093|Hsp70 protein [Indivirus ILV1]	Indivirus ILV1	Blastx
SRR22534740	NODE_12353_length_269_cov_1.457627	52.9	269	877	0.096921	1.54e-20	acc|GENBANK|AYV82301.1|GENBANK|MK072358|putative phosphoribosylformylglycinamidine [Homavirus sp.]	Homavirus sp.	Blastx
SRR22534740	NODE_26705_length_359_cov_6.067485	47.3	359	176	0.636364	1.54e-20	acc|GENBANK|QDJ95080.1|GENBANK|MK860688|thymidine kinase [Hypsugopox virus]	Hypsugopox virus	Blastx
SRR22534740	NODE_38121_length_848_cov_23.883436	36.5	848	147	0.931973	1.56e-20	acc|GENBANK|QBK88372.1|GENBANK|MK500388|ubiquitin-conjugating enzyme E2 [Mimivirus LCMiAC01]	Mimivirus LCMiAC01	Blastx
SRR22534740	NODE_20758_length_202_cov_0.982249	68.7	202	871	0.076923	1.58e-20	acc|GENBANK|CAA73042.1|GENBANK|Y12432|polyprotein [Ananas comosus]	Ananas comosus	Blastx
SRR22534740	NODE_23565_length_289_cov_4.941406	43.8	289	479	0.200418	1.60e-20	acc|GENBANK|CCQ71106.1|GENBANK|HF586472|putative N-myristoyltransferase NMT [Cotesia congregata]	Cotesia congregata	Blastx
SRR22534740	NODE_6001_length_701_cov_30.002994	51.7	701	293	0.303754	1.63e-20	acc|GENBANK|QKF94248.1|GENBANK|MT418680|zinc finger CTCHY-type protein [Fadolivirus FV1/VV64]	Fadolivirus FV1/VV64	Blastx
SRR22534740	NODE_29482_length_431_cov_2.545226	38.9	431	631	0.179081	1.73e-20	acc|REFSEQ|YP_010781061.1|REFSEQ|NC_075038|putative acyl-CoA oxidase [Tupanvirus deep ocean]	Tupanvirus deep ocean	Blastx
SRR22534740	NODE_4557_length_1446_cov_14.719745	27.9	1446	376	0.973404	1.74e-20	acc|REFSEQ|YP_009174582.1|REFSEQ|NC_028110|putative ornithine decarboxylase 1 [Yellowstone lake phycodnavirus 2]	Yellowstone lake phycodnavirus 2	Blastx
SRR22534740	NODE_38222_length_457_cov_26.816038	36.8	457	225	0.675556	1.80e-20	acc|GENBANK|AYV75266.1|GENBANK|MK071979|putative elongation factor 1-gamma-A-like [Terrestrivirus sp.]	Terrestrivirus sp.	Blastx
SRR22534740	NODE_48300_length_268_cov_0.995745	48.3	268	186	0.467742	1.80e-20	acc|REFSEQ|YP_009238640.1|REFSEQ|NC_029692|Rnase H [Brazilian marseillevirus]	Brazilian marseillevirus	Blastx
SRR22534740	NODE_29684_length_215_cov_4.307692	53.6	215	441	0.156463	1.81e-20	acc|GENBANK|QKF94717.1|GENBANK|MT418680|ergosterol biosynthesis ERG4/ERG24 [Fadolivirus FV1/VV64]	Fadolivirus FV1/VV64	Blastx
SRR22534740	NODE_353_length_1078_cov_20.726316	32.5	1078	478	0.424686	1.86e-20	acc|GENBANK|QBK86272.1|GENBANK|MK500334|cyclin-dependent protein kinase [Marseillevirus LCMAC102]	Marseillevirus LCMAC102	Blastx
SRR22534740	NODE_28095_length_358_cov_3.338462	43.9	358	406	0.241379	1.86e-20	acc|GENBANK|QBK84775.1|GENBANK|MK500295|lumazine binding domain protein [Pithovirus LCDPAC01]	Pithovirus LCDPAC01	Blastx
SRR22534740	NODE_15439_length_702_cov_4.375187	44.7	702	202	0.509901	2.08e-20	acc|GENBANK|CCQ71376.1|GENBANK|HF586479|hypothetical peptidase PPPDE-like [Cotesia congregata]	Cotesia congregata	Blastx
SRR22534740	NODE_43825_length_269_cov_275.826271	68.8	269	819	0.078144	2.09e-20	acc|GENBANK|QKF94107.1|GENBANK|MT418680|eukaryotic translation elongation factor 2 [Fadolivirus FV1/VV64]	Fadolivirus FV1/VV64	Blastx
SRR22534740	NODE_7930_length_631_cov_10.311037	41.4	631	384	0.302083	2.10e-20	acc|REFSEQ|YP_003970003.1|REFSEQ|NC_014637|putative superfamily II helicase/eIF-4AIII [Cafeteria roenbergensis virus BV-PW1]	Cafeteria roenbergensis virus BV-PW1	Blastx
SRR22534740	NODE_30476_length_469_cov_5.752294	39.3	469	210	0.642857	2.10e-20	acc|REFSEQ|YP_003969982.1|REFSEQ|NC_014637|putative prolyl 4-hydroxylase alpha subunit [Cafeteria roenbergensis virus BV-PW1]	Cafeteria roenbergensis virus BV-PW1	Blastx
SRR22534740	NODE_27626_length_643_cov_4.193443	40.5	643	1516	0.076517	2.19e-20	acc|GENBANK|USH99796.1|GENBANK|ON752166|putative Ty3-gypsy subclass retrotransposon [Oryza sativa Japonica Group]	Oryza sativa Japonica Group	Blastx
SRR22534740	NODE_33444_length_579_cov_5.520147	42.5	579	299	0.424749	2.29e-20	acc|GENBANK|QRE02559.1|GENBANK|MN545489|hypothetical protein [Otarine gammaherpesvirus 4]	Otarine gammaherpesvirus 4	Blastx
SRR22534740	NODE_43642_length_1832_cov_11.278488	27.1	1832	4062	0.083456	2.33e-20	acc|GENBANK|QOR60750.1|GENBANK|MK522039|hypothetical protein [Bathycoccus sp. RCC716 virus 3]	Bathycoccus sp. RCC716 virus 3	Blastx
SRR22534740	NODE_41224_length_1538_cov_9.998007	39.3	1538	267	0.685393	2.34e-20	acc|GENBANK|QBK90914.1|GENBANK|MK500502|RPB3 subunit of eukaryotic RNA polymerase II [Pithovirus LCPAC201]	Pithovirus LCPAC201	Blastx
SRR22534740	NODE_41261_length_878_cov_15.626036	38.6	878	391	0.562660	2.39e-20	acc|GENBANK|QKF94301.1|GENBANK|MT418680|regulator of protease activity HflC [Fadolivirus FV1/VV64]	Fadolivirus FV1/VV64	Blastx
SRR22534740	NODE_3144_length_426_cov_1.681934	88.2	426	239	0.213389	2.41e-20	acc|GENBANK|ABY48143.1|GENBANK|EU306659|MADS-box protein [Medicago truncatula]	Medicago truncatula	Blastx
SRR22534740	NODE_5299_length_1069_cov_5.277027	32.3	1069	236	0.983051	2.43e-20	acc|GENBANK|UKS51800.1|GENBANK|OK336705|laccase [Allium cepa]	Allium cepa	Blastx
SRR22534740	NODE_11928_length_684_cov_4.623656	35.1	684	268	0.839552	2.53e-20	acc|GENBANK|QFG74698.1|GENBANK|MN448290|protein phosphatase 2C [Megaviridae environmental sample]	Megaviridae environmental sample	Blastx
SRR22534740	NODE_200_length_860_cov_11.145103	34.7	860	411	0.364964	2.55e-20	acc|GENBANK|QBK89188.1|GENBANK|MK500409|uncharacterized protein [Mimivirus LCMiAC02]	Mimivirus LCMiAC02	Blastx
SRR22534740	NODE_13127_length_1602_cov_2.847036	29.0	1602	678	0.432153	2.59e-20	acc|GENBANK|CCQ71325.1|GENBANK|HF586476|hypothetical kinesin-like protein KIF3 [Cotesia congregata]	Cotesia congregata	Blastx
SRR22534740	NODE_40888_length_703_cov_23.747761	31.4	703	1040	0.217308	2.70e-20	acc|REFSEQ|YP_010780932.1|REFSEQ|NC_075038|putative ATP-citrate synthase isoform X3 [Tupanvirus deep ocean]	Tupanvirus deep ocean	Blastx
SRR22534740	NODE_10929_length_621_cov_2.360544	48.1	621	630	0.168254	2.79e-20	acc|GENBANK|WIL05472.1|GENBANK|OQ413582|ABC2 type transporter superfamily protein [Pithovirus mammoth]	Pithovirus mammoth	Blastx
SRR22534740	NODE_43124_length_235_cov_21.356436	52.6	235	179	0.435754	2.80e-20	acc|GENBANK|AYV77848.1|GENBANK|MK072067|peptide-methionine (S)-S-oxide reductase [Edafosvirus sp.]	Edafosvirus sp.	Blastx
SRR22534740	NODE_45451_length_1064_cov_20.780795	28.9	1064	646	0.417957	2.90e-20	acc|GENBANK|QKF94735.1|GENBANK|MT418680|long-chain fatty acid CoA synthetase [Fadolivirus FV1/VV64]	Fadolivirus FV1/VV64	Blastx
SRR22534740	NODE_1783_length_432_cov_46.260652	39.1	432	332	0.385542	2.97e-20	acc|GENBANK|AYV77577.1|GENBANK|MK072050|hypothetical protein [Dasosvirus sp.]	Dasosvirus sp.	Blastx
SRR22534740	NODE_24162_length_319_cov_1.576923	47.2	319	308	0.344156	2.98e-20	acc|GENBANK|AFV13468.1|GENBANK|JQ314449|ring-H2 zinc finger protein [Coix lacryma-jobi]	Coix lacryma-jobi	Blastx
SRR22534740	NODE_4999_length_323_cov_1.613793	53.5	323	678	0.146018	3.06e-20	acc|GENBANK|CCQ71325.1|GENBANK|HF586476|hypothetical kinesin-like protein KIF3 [Cotesia congregata]	Cotesia congregata	Blastx
SRR22534740	NODE_29042_length_493_cov_4.132609	40.6	493	549	0.193078	3.22e-20	acc|GENBANK|WGU26819.1|GENBANK|OQ503488|BTB/POZ domain-containing protein [Triticum monococcum]	Triticum monococcum	Blastx
SRR22534740	NODE_17076_length_454_cov_8.852732	36.0	454	852	0.163146	3.26e-20	acc|GENBANK|QKF94073.1|GENBANK|MT418680|DNA topoisomerase IA subunit omega [Fadolivirus FV1/VV64]	Fadolivirus FV1/VV64	Blastx
SRR22534740	NODE_36919_length_739_cov_15.552408	29.7	739	211	0.990521	3.40e-20	acc|GENBANK|QBK86456.1|GENBANK|MK500334|DNA-directed RNA polymerase subunit 5 [Marseillevirus LCMAC102]	Marseillevirus LCMAC102	Blastx
SRR22534740	NODE_43877_length_954_cov_8.219327	31.3	954	269	0.962825	3.48e-20	acc|REFSEQ|YP_003970108.1|REFSEQ|NC_014637|putative family 2C serine/threonine phosphatase [Cafeteria roenbergensis virus BV-PW1]	Cafeteria roenbergensis virus BV-PW1	Blastx
SRR22534740	NODE_48243_length_266_cov_1.004292	50.0	266	439	0.205011	3.56e-20	acc|GENBANK|AAK92822.1|GENBANK|AY050885|putative replicase [Arabidopsis thaliana]	Arabidopsis thaliana	Blastx
SRR22534740	NODE_15626_length_357_cov_3.308642	44.2	357	1059	0.106704	3.65e-20	acc|REFSEQ|YP_009120775.1|REFSEQ|NC_026440|glutamine amidotransferase [Pandoravirus inopinatum]	Pandoravirus inopinatum	Blastx
SRR22534740	NODE_25903_length_249_cov_2.944444	55.8	249	510	0.150980	3.71e-20	acc|GENBANK|WWQ13346.1|GENBANK|OP961547|Integrase-type DNA-binding superfamily protein [Orobanche cernua var. cumana]	Orobanche cernua var. cumana	Blastx
SRR22534740	NODE_13150_length_465_cov_2.743056	51.5	465	849	0.121319	3.74e-20	acc|GENBANK|AGE56458.1|GENBANK|JX997176|calcium-transporting ATPase, plasma [Paramecium bursaria Chlorella virus NE-JV-1]	Paramecium bursaria Chlorella virus NE-JV-1	Blastx
SRR22534740	NODE_6099_length_520_cov_5.749487	33.7	520	1158	0.153713	3.80e-20	acc|GENBANK|ADK47522.1|GENBANK|HM124452|NBS2-RDG2A [Hordeum vulgare subsp. vulgare]	Hordeum vulgare subsp. vulgare	Blastx
SRR22534740	NODE_33729_length_834_cov_5.419476	28.4	834	706	0.409348	4.01e-20	acc|GENBANK|QBK88798.1|GENBANK|MK500399|HrpA-like RNA helicase [Mimivirus LCMiAC01]	Mimivirus LCMiAC01	Blastx
SRR22534740	NODE_3083_length_1407_cov_18.870451	37.7	1407	477	0.339623	4.05e-20	acc|GENBANK|AYV78014.1|GENBANK|MK072068|elongation factor 1 alpha long form [Edafosvirus sp.]	Edafosvirus sp.	Blastx
SRR22534740	NODE_37604_length_721_cov_23.614826	30.1	721	182	0.895604	4.14e-20	acc|REFSEQ|YP_009163818.1|REFSEQ|NC_027778|ORF_057R [Scale drop disease virus]	Scale drop disease virus	Blastx
SRR22534740	NODE_38684_length_370_cov_22.222552	74.1	370	116	0.465517	4.32e-20	acc|GENBANK|QOI90342.1|GENBANK|MT663535|hypothetical protein [Pyramimonas orientalis virus]	Pyramimonas orientalis virus	Blastx
SRR22534740	NODE_39756_length_1719_cov_12.202254	26.5	1719	570	0.900000	4.40e-20	acc|GENBANK|WZO81210.1|GENBANK|PP681877|DNA topoisomerase 2-alpha [Chlorovirus sp.]	Chlorovirus sp.	Blastx
SRR22534740	NODE_6565_length_426_cov_9.944020	37.3	426	925	0.153514	4.48e-20	acc|GENBANK|ABY48139.1|GENBANK|EU306659|NORK [Medicago truncatula]	Medicago truncatula	Blastx
SRR22534740	NODE_22320_length_279_cov_4.479675	50.6	279	630	0.134921	4.49e-20	acc|REFSEQ|YP_009001225.1|REFSEQ|NC_023423|ABC transporter [Pithovirus sibericum]	Pithovirus sibericum	Blastx
SRR22534740	NODE_18389_length_215_cov_2.549451	52.2	215	441	0.156463	4.75e-20	acc|GENBANK|QKF94717.1|GENBANK|MT418680|ergosterol biosynthesis ERG4/ERG24 [Fadolivirus FV1/VV64]	Fadolivirus FV1/VV64	Blastx
SRR22534740	NODE_42017_length_343_cov_9.103226	65.6	343	203	0.315271	4.75e-20	acc|GENBANK|AYV75892.1|GENBANK|MK071981|putative Ras-related protein Rab7 [Terrestrivirus sp.]	Terrestrivirus sp.	Blastx
SRR22534740	NODE_11715_length_597_cov_5.457447	30.4	597	532	0.345865	4.87e-20	acc|GENBANK|AYV79483.1|GENBANK|MK072148|hypothetical protein [Faunusvirus sp.]	Faunusvirus sp.	Blastx
SRR22534740	NODE_5518_length_583_cov_17.040000	32.4	583	737	0.234735	5.03e-20	acc|GENBANK|CCQ71381.1|GENBANK|HF586479|hypothetical cystein protease Calpain-B [Cotesia congregata]	Cotesia congregata	Blastx
SRR22534740	NODE_12936_length_937_cov_2.505531	36.4	937	367	0.411444	5.17e-20	acc|GENBANK|ARF11106.1|GENBANK|KY684106|serine/threonine protein kinase [Hokovirus HKV1]	Hokovirus HKV1	Blastx
SRR22534740	NODE_27153_length_216_cov_10.497268	93.0	216	117	0.367521	5.29e-20	acc|GENBANK|QDH76138.1|GENBANK|MK948413|putative gag protein [Porcine endogenous retrovirus]	Porcine endogenous retrovirus	Blastx
SRR22534740	NODE_21465_length_323_cov_1.948276	56.7	323	549	0.189435	5.35e-20	acc|GENBANK|WGU26819.1|GENBANK|OQ503488|BTB/POZ domain-containing protein [Triticum monococcum]	Triticum monococcum	Blastx
SRR22534740	NODE_2503_length_971_cov_7.469083	34.3	971	660	0.274242	5.52e-20	acc|GENBANK|AGE57896.1|GENBANK|JX997181|potassium transporter [Paramecium bursaria Chlorella virus NW665.2]	Paramecium bursaria Chlorella virus NW665.2	Blastx
SRR22534740	NODE_31021_length_486_cov_1.935982	57.3	486	335	0.244776	5.55e-20	acc|GENBANK|ABY48132.1|GENBANK|EU306659|GH1 protein [Medicago truncatula]	Medicago truncatula	Blastx
SRR22534740	NODE_13218_length_729_cov_2.262931	31.8	729	672	0.313988	5.64e-20	acc|GENBANK|BCS83340.1|GENBANK|AP024483|putative ATP-dependent RNA helicase [Cotonvirus japonicus]	Cotonvirus japonicus	Blastx
SRR22534740	NODE_14567_length_563_cov_2.700000	41.3	563	182	0.785714	5.64e-20	acc|GENBANK|APU89000.1|GENBANK|KX853510|HNH endonuclease-like protein [Virus Rctr197k]	Virus Rctr197k	Blastx
SRR22534740	NODE_26886_length_205_cov_2.000000	65.7	205	686	0.102041	5.69e-20	acc|GENBANK|ADQ91181.1|GENBANK|HM004430|hypothetical protein [Bathycoccus sp. RCC1105 virus BpV2]	Bathycoccus sp. RCC1105 virus BpV2	Blastx
SRR22534740	NODE_13377_length_480_cov_6.561521	41.4	480	221	0.502262	5.95e-20	acc|GENBANK|AYV86745.1|GENBANK|MK072514|hypothetical protein [Sylvanvirus sp.]	Sylvanvirus sp.	Blastx
SRR22534740	NODE_26373_length_276_cov_2.753086	50.0	276	727	0.123796	5.97e-20	acc|GENBANK|ADB85269.1|GENBANK|GQ252805|putative lectin-like protein kinase [Phyllostachys edulis]	Phyllostachys edulis	Blastx
SRR22534740	NODE_6205_length_1229_cov_20.028428	46.3	1229	588	0.183673	6.05e-20	acc|GENBANK|QOI90522.1|GENBANK|MT663539|hypothetical protein [Pyramimonas orientalis virus]	Pyramimonas orientalis virus	Blastx
SRR22534740	NODE_13036_length_700_cov_3.863568	44.1	700	727	0.152682	6.05e-20	acc|GENBANK|ADB85269.1|GENBANK|GQ252805|putative lectin-like protein kinase [Phyllostachys edulis]	Phyllostachys edulis	Blastx
SRR22534740	NODE_48872_length_333_cov_26.390000	46.9	333	299	0.327759	6.17e-20	acc|GENBANK|QIG59714.1|GENBANK|MN940578|putative spermidine [Dishui Lake phycodnavirus 3]	Dishui Lake phycodnavirus 3	Blastx
SRR22534740	NODE_20000_length_266_cov_1.133047	53.8	266	291	0.268041	6.29e-20	acc|GENBANK|QBK87818.1|GENBANK|MK500370|copine [Marseillevirus LCMAC202]	Marseillevirus LCMAC202	Blastx
SRR22534740	NODE_40622_length_882_cov_8.654888	33.5	882	425	0.470588	6.36e-20	acc|GENBANK|QBZ81271.1|GENBANK|MK174290|Cystathionine beta-lyase/cystathionine [Pandoravirus celtis]	Pandoravirus celtis	Blastx
SRR22534740	NODE_37568_length_850_cov_17.411261	31.7	850	207	0.913043	6.98e-20	acc|GENBANK|WZO80473.1|GENBANK|PP681875|protein Thf1 [Chlorovirus sp.]	Chlorovirus sp.	Blastx
SRR22534740	NODE_13494_length_345_cov_3.717949	42.6	345	237	0.485232	6.99e-20	acc|GENBANK|ADB85285.1|GENBANK|GQ252816|hypothetical protein [Phyllostachys edulis]	Phyllostachys edulis	Blastx
SRR22534740	NODE_33964_length_904_cov_8.771527	38.0	904	238	0.718487	7.15e-20	acc|GENBANK|AYV77971.1|GENBANK|MK072068|hypothetical protein [Edafosvirus sp.]	Edafosvirus sp.	Blastx
SRR22534740	NODE_1302_length_566_cov_62.776735	39.0	566	276	0.380435	7.22e-20	acc|GENBANK|ACG38448.1|GENBANK|EU966330|retrotransposon protein Ty1-copia subclass [Zea mays]	Zea mays	Blastx
SRR22534740	NODE_256_length_1254_cov_9.732187	25.6	1254	268	1.078358	7.33e-20	acc|GENBANK|QBK91399.1|GENBANK|MK500535|mitochondrial carrier-like protein [Pithovirus LCPAC302]	Pithovirus LCPAC302	Blastx
SRR22534740	NODE_24176_length_247_cov_1.831776	53.1	247	1472	0.055027	7.60e-20	acc|GENBANK|AAL68641.1|GENBANK|AF458765|polyprotein [Oryza sativa Japonica Group]	Oryza sativa Japonica Group	Blastx
SRR22534740	NODE_44066_length_506_cov_2.139535	39.4	506	494	0.257085	8.19e-20	acc|GENBANK|CAA72988.1|GENBANK|Y12321|SLG-Sc [Brassica oleracea var. viridis]	Brassica oleracea var. viridis	Blastx
SRR22534740	NODE_26902_length_786_cov_7.683931	38.8	786	221	0.547511	8.51e-20	acc|GENBANK|AYV86745.1|GENBANK|MK072514|hypothetical protein [Sylvanvirus sp.]	Sylvanvirus sp.	Blastx
SRR22534740	NODE_47389_length_239_cov_1.135922	53.7	239	725	0.113103	9.00e-20	acc|GENBANK|ARF11159.1|GENBANK|KY684108|peptidase M13 [Klosneuvirus KNV1]	Klosneuvirus KNV1	Blastx
SRR22534740	NODE_33897_length_1308_cov_4.259608	65.3	1308	349	0.206304	9.38e-20	acc|GENBANK|ANZ57016.2|GENBANK|KX574341|hypothetical protein [Pike-perch iridovirus]	Pike-perch iridovirus	Blastx
SRR22534740	NODE_3409_length_663_cov_19.174603	45.8	663	558	0.211470	9.54e-20	acc|GENBANK|QOR60244.1|GENBANK|MK522034|hypothetical protein [Bathycoccus sp. RCC716 virus 1]	Bathycoccus sp. RCC716 virus 1	Blastx
SRR22534740	NODE_10574_length_439_cov_3.152709	45.4	439	925	0.116757	9.56e-20	acc|GENBANK|ABY48139.1|GENBANK|EU306659|NORK [Medicago truncatula]	Medicago truncatula	Blastx
SRR22534740	NODE_6944_length_1287_cov_22.130781	29.0	1287	334	0.907186	9.65e-20	acc|GENBANK|UYL95660.1|GENBANK|ON746550|hypothetical protein [Hulunbuir Totiv tick virus 2]	Hulunbuir Totiv tick virus 2	Blastx
SRR22534740	NODE_27698_length_389_cov_1.960674	41.3	389	1151	0.109470	9.89e-20	acc|GENBANK|QDY52451.1|GENBANK|MK250093|hypothetical protein [Mimiviridae sp. ChoanoV1]	Mimiviridae sp. ChoanoV1	Blastx
SRR22534740	NODE_4484_length_563_cov_3.781132	36.8	563	647	0.239567	9.92e-20	acc|GENBANK|AYV86775.1|GENBANK|MK072515|CMGC/MAPK protein kinase, variant 1 [Sylvanvirus sp.]	Sylvanvirus sp.	Blastx
SRR22534740	NODE_28908_length_343_cov_2.606452	43.0	343	925	0.123243	1.04e-19	acc|GENBANK|ABY48139.1|GENBANK|EU306659|NORK [Medicago truncatula]	Medicago truncatula	Blastx
SRR22534740	NODE_31907_length_395_cov_2.237569	40.3	395	471	0.273885	1.07e-19	acc|GENBANK|AFV13457.1|GENBANK|JQ314445|UDPG-flavonoid 3-O-glucosyl transferase [Tripsacum dactyloides]	Tripsacum dactyloides	Blastx
SRR22534740	NODE_19023_length_710_cov_5.019202	30.8	710	284	0.753521	1.10e-19	acc|GENBANK|AYV83828.1|GENBANK|MK072394|putative ubiquitin carboxyl-terminal hydrolase 2 [Hyperionvirus sp.]	Hyperionvirus sp.	Blastx
SRR22534740	NODE_39627_length_1365_cov_10.231982	30.3	1365	431	0.452436	1.11e-19	acc|GENBANK|QBK87793.1|GENBANK|MK500369|pyridoxal-dependent decarboxylase domain [Marseillevirus LCMAC202]	Marseillevirus LCMAC202	Blastx
SRR22534740	NODE_37458_length_923_cov_12.558427	37.3	923	105	0.971429	1.16e-19	acc|GENBANK|QPI16506.1|GENBANK|MW030569|thioredoxin domain-containing protein [Virus NIOZ-UU157]	Virus NIOZ-UU157	Blastx
SRR22534740	NODE_8778_length_612_cov_2.728843	39.6	612	165	0.872727	1.18e-19	acc|REFSEQ|YP_003213049.1|REFSEQ|NC_013288|hypothetical protein [Ostreococcus tauri virus 1]	Ostreococcus tauri virus 1	Blastx
SRR22534740	NODE_28457_length_407_cov_3.061497	39.0	407	916	0.134279	1.21e-19	acc|GENBANK|QKF93616.1|GENBANK|MT418680|leucyl-tRNA synthetase class IA [Fadolivirus FV1/VV64]	Fadolivirus FV1/VV64	Blastx
SRR22534740	NODE_40599_length_678_cov_2.677519	35.1	678	724	0.283149	1.25e-19	acc|GENBANK|ADK47523.1|GENBANK|HM124452|NBS3-RDG2A [Hordeum vulgare subsp. vulgare]	Hordeum vulgare subsp. vulgare	Blastx
SRR22534740	NODE_16565_length_208_cov_1.222857	58.0	208	326	0.211656	1.26e-19	acc|GENBANK|AAO26690.1|GENBANK|AF478377|gag-pol polyprotein [Vitis vinifera]	Vitis vinifera	Blastx
SRR22534740	NODE_11860_length_312_cov_3.161290	46.6	312	694	0.148415	1.30e-19	acc|GENBANK|ABG37656.1|GENBANK|DQ536163|integrase [Populus trichocarpa]	Populus trichocarpa	Blastx
SRR22534740	NODE_3771_length_214_cov_66.558011	69.6	214	204	0.274510	1.46e-19	acc|GENBANK|AYV75810.1|GENBANK|MK071981|GTP-binding protein ypt1 [Terrestrivirus sp.]	Terrestrivirus sp.	Blastx
SRR22534740	NODE_43115_length_1060_cov_10.549172	27.2	1060	575	0.676522	1.52e-19	acc|GENBANK|CAE02704.1|GENBANK|AJ575660|putative sugar transporter [Yarrowia lipolytica]	Yarrowia lipolytica	Blastx
SRR22534740	NODE_30068_length_262_cov_2.655022	65.6	262	337	0.189911	1.52e-19	acc|GENBANK|ABH08433.1|GENBANK|DQ851167|putative heat shock factor [Beta vulgaris]	Beta vulgaris	Blastx
SRR22534740	NODE_167_length_402_cov_1.970190	44.2	402	686	0.164723	1.54e-19	acc|GENBANK|WNO13952.1|GENBANK|OQ968299|coat protein [Guapo partitivirus]	Guapo partitivirus	Blastx
SRR22534740	NODE_7929_length_352_cov_17.592476	52.8	352	647	0.111283	1.54e-19	acc|GENBANK|AYV86775.1|GENBANK|MK072515|CMGC/MAPK protein kinase, variant 1 [Sylvanvirus sp.]	Sylvanvirus sp.	Blastx
SRR22534740	NODE_40409_length_356_cov_36.074303	40.2	356	276	0.369565	1.54e-19	acc|GENBANK|ACG38448.1|GENBANK|EU966330|retrotransposon protein Ty1-copia subclass [Zea mays]	Zea mays	Blastx
SRR22534740	NODE_34568_length_740_cov_16.541726	42.3	740	148	0.750000	1.55e-19	acc|GENBANK|QBK87822.1|GENBANK|MK500370|ubiquitin-conjugating enzyme E2 [Marseillevirus LCMAC202]	Marseillevirus LCMAC202	Blastx
SRR22534740	NODE_34182_length_2176_cov_5.813812	23.1	2176	850	0.676471	1.60e-19	acc|GENBANK|WZO85486.1|GENBANK|PP681889|calcium-transporting ATPase, plasma [Chlorovirus sp.]	Chlorovirus sp.	Blastx
SRR22534740	NODE_28309_length_522_cov_1.709611	38.8	522	289	0.480969	1.60e-19	acc|GENBANK|QBK88329.1|GENBANK|MK500386|ABC transporter [Marseillevirus LCMAC202]	Marseillevirus LCMAC202	Blastx
SRR22534740	NODE_6522_length_1207_cov_17.327939	27.6	1207	402	0.721393	1.62e-19	acc|GENBANK|QYA18859.1|GENBANK|MZ420154|phospholipase [Clandestinovirus]	Clandestinovirus	Blastx
SRR22534740	NODE_24591_length_609_cov_1.970486	32.8	609	678	0.292035	1.62e-19	acc|GENBANK|CCQ71325.1|GENBANK|HF586476|hypothetical kinesin-like protein KIF3 [Cotesia congregata]	Cotesia congregata	Blastx
SRR22534740	NODE_4056_length_614_cov_31.509466	56.8	614	299	0.247492	1.64e-19	acc|GENBANK|UOG94093.1|NEIGHBOR|OM876856|serine threonine-protein phosphatase [Aureococcus anophagefferens virus]	Aureococcus anophagefferens virus	Blastx
SRR22534740	NODE_3210_length_1369_cov_36.437874	24.9	1369	407	0.968059	1.65e-19	acc|GENBANK|AAM22634.1|GENBANK|AF434192|YZ1 [Zea mays]	Zea mays	Blastx
SRR22534740	NODE_43250_length_1120_cov_9.380865	37.2	1120	382	0.316754	1.67e-19	acc|GENBANK|AAB31930.2|GENBANK|S74099|v-myb product [Avian myeloblastosis virus]	Avian myeloblastosis virus	Blastx
SRR22534740	NODE_20915_length_308_cov_1.101818	46.1	308	925	0.110270	1.67e-19	acc|GENBANK|ABY48139.1|GENBANK|EU306659|NORK [Medicago truncatula]	Medicago truncatula	Blastx
SRR22534740	NODE_39575_length_499_cov_9.225322	39.0	499	250	0.492000	1.77e-19	acc|GENBANK|QKF94408.1|GENBANK|MT418680|3-deoxy-D-manno-octulosonate [Fadolivirus FV1/VV64]	Fadolivirus FV1/VV64	Blastx
SRR22534740	NODE_39552_length_720_cov_11.181951	31.1	720	309	0.582524	1.79e-19	acc|GENBANK|AYV80835.1|GENBANK|MK072249|SDR family NAD(P)-dependent oxidoreductase [Harvfovirus sp.]	Harvfovirus sp.	Blastx
SRR22534740	NODE_23002_length_837_cov_3.460199	31.6	837	502	0.384462	1.83e-19	acc|GENBANK|QIG60155.1|GENBANK|MN940580|2-polyprenylphenol 6-hydroxylase [Dishui Lake large algae virus 1]	Dishui Lake large algae virus 1	Blastx
SRR22534740	NODE_22633_length_255_cov_1.346847	55.6	255	482	0.168050	1.83e-19	acc|GENBANK|BBA54297.1|GENBANK|AB898755|gag : akt fusion protein [Feline leukemia virus]	Feline leukemia virus	Blastx
SRR22534740	NODE_43029_length_497_cov_3.187500	34.1	497	482	0.340249	1.84e-19	acc|GENBANK|BBA54297.1|GENBANK|AB898755|gag : akt fusion protein [Feline leukemia virus]	Feline leukemia virus	Blastx
SRR22534740	NODE_36484_length_577_cov_8.590074	30.2	577	333	0.576577	1.86e-19	acc|GENBANK|QDY52116.1|GENBANK|MK250087|D-isomer specific 2-hydroxyacid dehydrogenase, [Mimiviridae sp. ChoanoV1]	Mimiviridae sp. ChoanoV1	Blastx
SRR22534740	NODE_31453_length_882_cov_1.935218	33.7	882	456	0.449561	2.01e-19	acc|GENBANK|QYB17664.1|GENBANK|MZ440852|poly(ADP-ribose) glycohydrolase [Pacmanvirus S19]	Pacmanvirus S19	Blastx
SRR22534740	NODE_31047_length_213_cov_6.077778	52.9	213	333	0.210210	2.07e-19	acc|GENBANK|AVL94990.1|GENBANK|MG807320|glutamine synthetase [Moumouvirus australiensis]	Moumouvirus australiensis	Blastx
SRR22534740	NODE_2404_length_523_cov_15.600000	45.5	523	154	0.727273	2.14e-19	acc|GENBANK|AYV75407.1|GENBANK|MK071979|peptide-methionine (R)-S-oxide reductase [Terrestrivirus sp.]	Terrestrivirus sp.	Blastx
SRR22534740	NODE_41649_length_837_cov_6.202736	48.7	837	249	0.453815	2.15e-19	acc|GENBANK|QBK85671.1|GENBANK|MK500327|histone 2A-domain-containing protein [Marseillevirus LCMAC101]	Marseillevirus LCMAC101	Blastx
SRR22534740	NODE_36349_length_1447_cov_8.274399	25.9	1447	972	0.325103	2.17e-19	acc|GENBANK|UOG94373.1|NEIGHBOR|OM876856|Helicase-like protein [Aureococcus anophagefferens virus]	Aureococcus anophagefferens virus	Blastx
SRR22534740	NODE_36293_length_457_cov_10.393868	50.0	457	249	0.457831	2.20e-19	acc|GENBANK|QKY77335.1|GENBANK|MT637187|MADS-box transcription factor SHP1.A9 [Brassica napus]	Brassica napus	Blastx
SRR22534740	NODE_30828_length_422_cov_5.141388	38.1	422	388	0.304124	2.37e-19	acc|GENBANK|CCQ71327.1|GENBANK|HF586476|hypothetical protein kinase Pka-C1 [Cotesia congregata]	Cotesia congregata	Blastx
SRR22534740	NODE_40238_length_567_cov_9.934457	57.9	567	398	0.190955	2.39e-19	acc|GENBANK|AAV50532.1|NEIGHBOR|AY653733|Dnaj-like protein [Acanthamoeba polyphaga mimivirus]	Acanthamoeba polyphaga mimivirus	Blastx
SRR22534740	NODE_43350_length_872_cov_8.786651	30.5	872	299	0.822742	2.41e-19	acc|GENBANK|QBK91775.1|GENBANK|MK500565|mitochondrial carrier-like protein [Pithovirus LCPAC304]	Pithovirus LCPAC304	Blastx
SRR22534740	NODE_3453_length_348_cov_2.469841	47.5	348	543	0.217311	2.60e-19	acc|GENBANK|ADB85407.1|GENBANK|GQ252886|putative protein kinase [Phyllostachys edulis]	Phyllostachys edulis	Blastx
SRR22534740	NODE_47056_length_226_cov_1.212435	56.2	226	851	0.085781	2.66e-19	acc|GENBANK|AYV81974.1|GENBANK|MK072332|phosphoenolpyruvate synthase [Homavirus sp.]	Homavirus sp.	Blastx
SRR22534740	NODE_34320_length_489_cov_6.515351	34.9	489	357	0.425770	2.73e-19	acc|GENBANK|ABB29305.1|GENBANK|DQ219419|NADPH-dependent reductase [Zea mays]	Zea mays	Blastx
SRR22534740	NODE_3227_length_1017_cov_2.244919	36.1	1017	802	0.197007	2.74e-19	acc|GENBANK|XHA59814.1|GENBANK|OR863077|RNA polymerase-associated protein RapA [Poseidoniales virus]	Poseidoniales virus	Blastx
SRR22534740	NODE_4100_length_898_cov_6.306358	24.4	898	499	0.468938	2.75e-19	acc|GENBANK|CCQ71356.1|GENBANK|HF586477|hypothetical E3 ubiquitin-protein ligase ARI [Cotesia congregata]	Cotesia congregata	Blastx
SRR22534740	NODE_11738_length_773_cov_2.483784	42.4	773	497	0.265594	2.75e-19	acc|REFSEQ|YP_009465744.1|REFSEQ|NC_037057|hypothetical protein [Dishui lake phycodnavirus 1]	Dishui lake phycodnavirus 1	Blastx
SRR22534740	NODE_10004_length_618_cov_3.570940	30.0	618	216	0.958333	2.87e-19	acc|REFSEQ|YP_010781611.1|REFSEQ|NC_075039|T2 family ribonuclease [Tupanvirus soda lake]	Tupanvirus soda lake	Blastx
SRR22534740	NODE_41708_length_499_cov_3.954936	37.7	499	518	0.291506	2.88e-19	acc|GENBANK|QPI16131.1|GENBANK|MW030532|hypothetical protein [Virus NIOZ-UU157]	Virus NIOZ-UU157	Blastx
SRR22534740	NODE_11177_length_231_cov_1.166667	48.7	231	1261	0.060270	2.92e-19	acc|GENBANK|ACN78974.1|GENBANK|FJ225394|retrotransposon protein [Glycine max]	Glycine max	Blastx
SRR22534740	NODE_27286_length_260_cov_11.176211	51.8	260	660	0.128788	3.02e-19	acc|REFSEQ|YP_001425742.1|REFSEQ|NC_008603|hypothetical protein [Paramecium bursaria Chlorella virus FR483]	Paramecium bursaria Chlorella virus FR483	Blastx
SRR22534740	NODE_20217_length_204_cov_0.970760	62.7	204	392	0.170918	3.05e-19	acc|GENBANK|ABV72583.1|GENBANK|EU155081|unknown [Oryza sativa Japonica Group]	Oryza sativa Japonica Group	Blastx
SRR22534740	NODE_15006_length_572_cov_3.526902	38.7	572	1506	0.082337	3.12e-19	acc|REFSEQ|YP_009001498.1|REFSEQ|NC_023426|ABC transporter [Alphaentomopoxvirus acuprea]	Alphaentomopoxvirus acuprea	Blastx
SRR22534740	NODE_31427_length_402_cov_8.655827	44.6	402	310	0.390323	3.16e-19	acc|GENBANK|AYV80377.1|GENBANK|MK072243|tRNaseZ [Harvfovirus sp.]	Harvfovirus sp.	Blastx
SRR22534740	NODE_35758_length_1307_cov_9.690738	37.1	1307	558	0.284946	3.34e-19	acc|GENBANK|QDY52220.1|GENBANK|MK250089|ABC transporter [Mimiviridae sp. ChoanoV1]	Mimiviridae sp. ChoanoV1	Blastx
SRR22534740	NODE_33639_length_497_cov_6.215517	36.1	497	925	0.128649	3.37e-19	acc|GENBANK|ABY48139.1|GENBANK|EU306659|NORK [Medicago truncatula]	Medicago truncatula	Blastx
SRR22534740	NODE_35314_length_796_cov_4.522936	29.6	796	272	0.882353	3.40e-19	acc|REFSEQ|YP_009177065.1|REFSEQ|NC_028238|T10-like protein [Turkeypox virus]	Turkeypox virus	Blastx
SRR22534740	NODE_11926_length_293_cov_4.030769	43.1	293	293	0.348123	3.50e-19	acc|GENBANK|QFG75012.1|GENBANK|MN448296|protein kinase domain protein [Megaviridae environmental sample]	Megaviridae environmental sample	Blastx
SRR22534740	NODE_289_length_428_cov_5.427848	45.1	428	549	0.185792	3.51e-19	acc|GENBANK|WGU26819.1|GENBANK|OQ503488|BTB/POZ domain-containing protein [Triticum monococcum]	Triticum monococcum	Blastx
SRR22534740	NODE_48317_length_269_cov_1.487288	50.6	269	2037	0.043692	3.54e-19	acc|GENBANK|ABG37663.1|GENBANK|DQ536170|CCHC-type integrase [Populus trichocarpa]	Populus trichocarpa	Blastx
SRR22534740	NODE_17747_length_271_cov_1.231092	43.8	271	737	0.120760	3.57e-19	acc|GENBANK|AAL66752.1|GENBANK|AF464738|putative transposase [Zea mays]	Zea mays	Blastx
SRR22534740	NODE_28039_length_415_cov_6.913613	48.2	415	411	0.267640	3.62e-19	acc|GENBANK|ACN78984.1|GENBANK|FJ225395|cyclin-like F-box [Glycine max]	Glycine max	Blastx
SRR22534740	NODE_21499_length_272_cov_1.150628	48.9	272	2037	0.044183	3.69e-19	acc|GENBANK|ABG37663.1|GENBANK|DQ536170|CCHC-type integrase [Populus trichocarpa]	Populus trichocarpa	Blastx
SRR22534740	NODE_6975_length_1333_cov_11.571538	37.3	1333	335	0.528358	3.90e-19	acc|GENBANK|ABY48132.1|GENBANK|EU306659|GH1 protein [Medicago truncatula]	Medicago truncatula	Blastx
SRR22534740	NODE_25689_length_487_cov_2.268722	52.7	487	925	0.100541	4.16e-19	acc|GENBANK|ABY48139.1|GENBANK|EU306659|NORK [Medicago truncatula]	Medicago truncatula	Blastx
SRR22534740	NODE_39621_length_752_cov_3.621697	34.3	752	870	0.208046	4.54e-19	acc|GENBANK|WZO87717.1|GENBANK|PP681895|ATPase [Chlorovirus sp.]	Chlorovirus sp.	Blastx
SRR22534740	NODE_35369_length_548_cov_8.087379	55.2	548	1715	0.050729	4.55e-19	acc|GENBANK|WDS48439.1|GENBANK|ON798805|essential for potexvirus accumulation 1 [Solanum tuberosum]	Solanum tuberosum	Blastx
SRR22534740	NODE_33407_length_405_cov_3.521505	34.6	405	249	0.546185	4.85e-19	acc|GENBANK|ACD54816.1|GENBANK|EU643495|carbonyl reductase-like protein [Adineta vaga]	Adineta vaga	Blastx
SRR22534740	NODE_33389_length_452_cov_11.613365	39.1	452	121	0.909091	4.86e-19	acc|GENBANK|UNJ46594.1|GENBANK|OM135585|yippee [Drosophila melanogaster]	Drosophila melanogaster	Blastx
SRR22534740	NODE_8164_length_406_cov_10.721180	37.5	406	291	0.467354	4.89e-19	acc|REFSEQ|YP_009481699.1|REFSEQ|NC_037666|SPFH domain containing protein [Pandoravirus neocaledonia]	Pandoravirus neocaledonia	Blastx
SRR22534740	NODE_5551_length_1188_cov_10.290043	27.1	1188	268	1.033582	5.30e-19	acc|GENBANK|QBK91399.1|GENBANK|MK500535|mitochondrial carrier-like protein [Pithovirus LCPAC302]	Pithovirus LCPAC302	Blastx
SRR22534740	NODE_825_length_1007_cov_46.850103	27.9	1007	299	0.886288	5.39e-19	acc|GENBANK|QBK91775.1|GENBANK|MK500565|mitochondrial carrier-like protein [Pithovirus LCPAC304]	Pithovirus LCPAC304	Blastx
SRR22534740	NODE_44635_length_1204_cov_11.211785	41.9	1204	484	0.241736	5.40e-19	acc|GENBANK|AYV75998.1|GENBANK|MK071982|stage V sporulation protein K [Terrestrivirus sp.]	Terrestrivirus sp.	Blastx
SRR22534740	NODE_31567_length_916_cov_3.961495	32.8	916	276	0.739130	5.82e-19	acc|GENBANK|ARF11656.1|GENBANK|KY684109|copine [Klosneuvirus KNV1]	Klosneuvirus KNV1	Blastx
SRR22534740	NODE_1883_length_614_cov_40.542169	57.7	614	239	0.326360	6.05e-19	acc|GENBANK|AAB92355.1|GENBANK|U89438|nonstructural protein P125-2 [Bovine viral diarrhea virus 1]	Bovine viral diarrhea virus 1	Blastx
SRR22534740	NODE_14592_length_317_cov_3.669014	51.6	317	379	0.240106	6.20e-19	acc|GENBANK|ADB85364.1|GENBANK|GQ252868|putative alcohol dehydrogenase 2 [Phyllostachys edulis]	Phyllostachys edulis	Blastx
SRR22534740	NODE_37640_length_479_cov_27.013453	34.1	479	357	0.459384	6.42e-19	acc|GENBANK|ABB29305.1|GENBANK|DQ219419|NADPH-dependent reductase [Zea mays]	Zea mays	Blastx
SRR22534740	NODE_41204_length_775_cov_35.280323	31.6	775	182	0.851648	6.57e-19	acc|REFSEQ|YP_009163818.1|REFSEQ|NC_027778|ORF_057R [Scale drop disease virus]	Scale drop disease virus	Blastx
SRR22534740	NODE_17248_length_1349_cov_5.881459	30.2	1349	478	0.596234	6.59e-19	acc|GENBANK|AAK84479.1|GENBANK|AF275345|putative auxin growth promotor protein [Solanum lycopersicum]	Solanum lycopersicum	Blastx
SRR22534740	NODE_34844_length_342_cov_11.673139	41.0	342	912	0.115132	6.70e-19	acc|GENBANK|ACX48824.1|GENBANK|GQ923937|chromomethylase [Zea mays]	Zea mays	Blastx
SRR22534740	NODE_28604_length_764_cov_2.254446	35.5	764	365	0.501370	6.95e-19	acc|GENBANK|QBK92234.1|GENBANK|MK500569|chaperone protein [Pithovirus LCPAC304]	Pithovirus LCPAC304	Blastx
SRR22534740	NODE_23003_length_752_cov_2.126565	33.7	752	566	0.293286	6.96e-19	acc|GENBANK|QBK89567.1|GENBANK|MK500428|phosphatidylinositol-specific phospholipase C [Pithovirus LCPAC001]	Pithovirus LCPAC001	Blastx
SRR22534740	NODE_32401_length_618_cov_1.750427	36.2	618	2037	0.073147	7.06e-19	acc|GENBANK|ABG37663.1|GENBANK|DQ536170|CCHC-type integrase [Populus trichocarpa]	Populus trichocarpa	Blastx
SRR22534740	NODE_40942_length_492_cov_20.206972	35.3	492	279	0.498208	7.47e-19	acc|GENBANK|ARF12509.1|GENBANK|KY684113|stomatin family protein [Klosneuvirus KNV1]	Klosneuvirus KNV1	Blastx
SRR22534740	NODE_31389_length_434_cov_3.675810	51.3	434	327	0.232416	7.62e-19	acc|GENBANK|QFG73901.1|GENBANK|MN448274|papain family cysteine protease [Megaviridae environmental sample]	Megaviridae environmental sample	Blastx
SRR22534740	NODE_39805_length_1493_cov_4.895205	39.2	1493	972	0.170782	7.92e-19	acc|GENBANK|UOG94373.1|NEIGHBOR|OM876856|Helicase-like protein [Aureococcus anophagefferens virus]	Aureococcus anophagefferens virus	Blastx
SRR22534740	NODE_31111_length_1144_cov_5.069307	28.2	1144	268	0.966418	8.38e-19	acc|GENBANK|QBK91399.1|GENBANK|MK500535|mitochondrial carrier-like protein [Pithovirus LCPAC302]	Pithovirus LCPAC302	Blastx
SRR22534740	NODE_5814_length_1297_cov_21.829114	24.9	1297	314	0.933121	8.86e-19	acc|REFSEQ|YP_009702092.1|REFSEQ|NC_044939|hypothetical protein [Heliothis virescens ascovirus 3g]	Heliothis virescens ascovirus 3g	Blastx
SRR22534740	NODE_21226_length_449_cov_2.064904	40.2	449	724	0.168508	8.99e-19	acc|GENBANK|QBK86717.1|GENBANK|MK500335|translation initiation factor 2 [Marseillevirus LCMAC103]	Marseillevirus LCMAC103	Blastx
SRR22534740	NODE_43360_length_417_cov_18.291667	72.4	417	221	0.262443	9.06e-19	acc|GENBANK|WWU03978.1|GENBANK|OR798672|polyprotein [Flaviviridae sp.]	Flaviviridae sp.	Blastx
SRR22534740	NODE_42235_length_1304_cov_7.889064	32.1	1304	925	0.235676	9.31e-19	acc|GENBANK|ABY48139.1|GENBANK|EU306659|NORK [Medicago truncatula]	Medicago truncatula	Blastx
SRR22534740	NODE_12919_length_371_cov_3.461538	36.1	371	1694	0.072019	9.69e-19	acc|GENBANK|BFT93343.1|GENBANK|LC847964|Ser/Thr protein kinase [Medusavirus sp. 'euryale']	Medusavirus sp. 'euryale'	Blastx
SRR22534740	NODE_42962_length_271_cov_33.218487	49.4	271	150	0.553333	1.01e-18	acc|GENBANK|QJX71738.1|GENBANK|MN830294|mannosyltransferase [Faustovirus]	Faustovirus	Blastx
SRR22534740	NODE_30038_length_450_cov_4.211031	49.5	450	480	0.214583	1.02e-18	acc|GENBANK|ASU92288.1|GENBANK|KX759199|kindr F6 [Zea mays]	Zea mays	Blastx
SRR22534740	NODE_35370_length_827_cov_9.483627	33.5	827	340	0.491176	1.14e-18	acc|GENBANK|QBK88296.1|GENBANK|MK500384|DNA polymerase family X [Marseillevirus LCMAC202]	Marseillevirus LCMAC202	Blastx
SRR22534740	NODE_35588_length_415_cov_4.115183	40.0	415	925	0.124324	1.18e-18	acc|GENBANK|ABY48139.1|GENBANK|EU306659|NORK [Medicago truncatula]	Medicago truncatula	Blastx
SRR22534740	NODE_33805_length_1602_cov_3.600382	35.0	1602	471	0.375796	1.20e-18	acc|GENBANK|XCJ76782.1|GENBANK|PP728250|helicase superfamily 1/2 protein [Micromonas polaris virus]	Micromonas polaris virus	Blastx
SRR22534740	NODE_38668_length_302_cov_50.940520	42.9	302	498	0.196787	1.20e-18	acc|GENBANK|XHA59766.1|GENBANK|OR863077|thermosome [Poseidoniales virus]	Poseidoniales virus	Blastx
SRR22534740	NODE_31423_length_710_cov_12.373708	31.1	710	291	0.728522	1.24e-18	acc|GENBANK|WBF70667.1|GENBANK|OP925046|putative protein phosphatase 2c [Megavirus caiporensis]	Megavirus caiporensis	Blastx
SRR22534740	NODE_15661_length_344_cov_3.562701	42.4	344	447	0.221477	1.28e-18	acc|REFSEQ|NP_077596.1|REFSEQ|NC_002687|serine-threonine kinase [Ectocarpus siliculosus virus 1]	Ectocarpus siliculosus virus 1	Blastx
SRR22534740	NODE_21184_length_225_cov_1.552083	55.6	225	335	0.214925	1.30e-18	acc|REFSEQ|YP_010086926.1|REFSEQ|NC_055500|cathepsin [Cryptophlebia peltastica nucleopolyhedrovirus]	Cryptophlebia peltastica nucleopolyhedrovirus	Blastx
SRR22534740	NODE_17691_length_323_cov_2.327586	50.0	323	2037	0.050074	1.35e-18	acc|GENBANK|ABG37663.1|GENBANK|DQ536170|CCHC-type integrase [Populus trichocarpa]	Populus trichocarpa	Blastx
SRR22534740	NODE_16912_length_558_cov_2.270476	42.3	558	527	0.233397	1.38e-18	acc|GENBANK|BBA54295.1|GENBANK|AB898753|gag : akt fusion protein [Feline leukemia virus]	Feline leukemia virus	Blastx
SRR22534740	NODE_1393_length_1850_cov_13.084755	21.7	1850	447	1.051454	1.46e-18	acc|GENBANK|QKF93746.1|GENBANK|MT418680|histidyl-tRNA synthetase [Fadolivirus FV1/VV64]	Fadolivirus FV1/VV64	Blastx
SRR22534740	NODE_36214_length_1096_cov_6.579492	33.8	1096	261	0.793103	1.57e-18	acc|GENBANK|AYV79236.1|GENBANK|MK072137|serine/threonine protein phosphatase [Faunusvirus sp.]	Faunusvirus sp.	Blastx
SRR22534740	NODE_39871_length_1212_cov_30.270568	31.7	1212	1040	0.212500	1.58e-18	acc|REFSEQ|YP_010780932.1|REFSEQ|NC_075038|putative ATP-citrate synthase isoform X3 [Tupanvirus deep ocean]	Tupanvirus deep ocean	Blastx
SRR22534740	NODE_43787_length_2054_cov_8.363187	28.0	2054	337	0.560831	1.63e-18	acc|GENBANK|AYV76266.1|GENBANK|MK071983|ubiquitin carboxyl-terminal hydrolase 2 [Terrestrivirus sp.]	Terrestrivirus sp.	Blastx
SRR22534740	NODE_2185_length_406_cov_2.595174	69.4	406	242	0.256198	1.66e-18	acc|GENBANK|AGU70135.1|GENBANK|KF270089|integrase-type DNA-binding superfamily protein [Tarenaya hassleriana]	Tarenaya hassleriana	Blastx
SRR22534740	NODE_46356_length_201_cov_1.392857	62.1	201	657	0.100457	1.68e-18	acc|GENBANK|CAK7596747.1|GENBANK|OZ003748|Heat shock protein Hsp90 family [Catovirus sp. 'naegleriensis']	Catovirus sp. 'naegleriensis'	Blastx
SRR22534740	NODE_43403_length_507_cov_35.607595	39.6	507	279	0.379928	1.70e-18	acc|GENBANK|QBK88421.1|GENBANK|MK500389|aldo/keto reductase family protein [Mimivirus LCMiAC01]	Mimivirus LCMiAC01	Blastx
SRR22534740	NODE_20831_length_271_cov_1.718487	57.7	271	776	0.091495	1.70e-18	acc|GENBANK|ABY48135.1|GENBANK|EU306659|beta-D-xylosidase [Medicago truncatula]	Medicago truncatula	Blastx
SRR22534740	NODE_4507_length_915_cov_11.166667	30.3	915	574	0.385017	1.73e-18	acc|GENBANK|QFG74708.1|GENBANK|MN448290|XRN 5'-3' exonuclease-like protein [Megaviridae environmental sample]	Megaviridae environmental sample	Blastx
SRR22534740	NODE_41646_length_1415_cov_6.122287	38.9	1415	299	0.481605	1.78e-18	acc|GENBANK|QRE02559.1|GENBANK|MN545489|hypothetical protein [Otarine gammaherpesvirus 4]	Otarine gammaherpesvirus 4	Blastx
SRR22534740	NODE_47952_length_257_cov_1.044643	53.2	257	299	0.257525	1.78e-18	acc|GENBANK|XDO01906.1|GENBANK|PP542043|hypothetical protein [Florenciella sp. virus SA2]	Florenciella sp. virus SA2	Blastx
SRR22534740	NODE_28580_length_300_cov_4.546816	78.8	300	775	0.067097	1.84e-18	acc|GENBANK|AAL68643.1|GENBANK|AF458767|polyprotein [Oryza sativa Japonica Group]	Oryza sativa Japonica Group	Blastx
SRR22534740	NODE_30487_length_437_cov_2.500000	36.7	437	549	0.267760	1.85e-18	acc|GENBANK|WGU26815.1|GENBANK|OQ503488|pentatricopeptide repeat-containing protein [Triticum monococcum]	Triticum monococcum	Blastx
SRR22534740	NODE_16687_length_550_cov_6.564797	38.8	550	613	0.277325	1.88e-18	acc|GENBANK|ADB85401.1|GENBANK|GQ252886|putative pollen-specific kinase [Phyllostachys edulis]	Phyllostachys edulis	Blastx
SRR22534740	NODE_25756_length_538_cov_2.249505	34.7	538	486	0.349794	1.89e-18	acc|GENBANK|ADB85341.1|GENBANK|GQ252857|putative retrotransposon protein [Phyllostachys edulis]	Phyllostachys edulis	Blastx
SRR22534740	NODE_9986_length_434_cov_1.952618	39.4	434	678	0.209440	1.90e-18	acc|GENBANK|CCQ71325.1|GENBANK|HF586476|hypothetical kinesin-like protein KIF3 [Cotesia congregata]	Cotesia congregata	Blastx
SRR22534740	NODE_31407_length_488_cov_1.758242	35.0	488	471	0.333333	2.00e-18	acc|GENBANK|AFV13457.1|GENBANK|JQ314445|UDPG-flavonoid 3-O-glucosyl transferase [Tripsacum dactyloides]	Tripsacum dactyloides	Blastx
SRR22534740	NODE_41143_length_639_cov_19.608911	44.2	639	148	0.641892	2.09e-18	acc|GENBANK|AYV85459.1|GENBANK|MK072453|thioredoxin-like protein [Satyrvirus sp.]	Satyrvirus sp.	Blastx
SRR22534740	NODE_25076_length_442_cov_4.853301	34.2	442	988	0.147773	2.21e-18	acc|GENBANK|ARF11555.1|GENBANK|KY684108|ubiquitin-activating enzyme E1 [Klosneuvirus KNV1]	Klosneuvirus KNV1	Blastx
SRR22534740	NODE_6782_length_539_cov_18.952569	48.8	539	190	0.421053	2.28e-18	acc|REFSEQ|YP_010782037.1|REFSEQ|NC_075039|hypothetical protein [Tupanvirus soda lake]	Tupanvirus soda lake	Blastx
SRR22534740	NODE_5388_length_567_cov_4.226592	35.8	567	660	0.224242	2.31e-18	acc|REFSEQ|YP_001425742.1|REFSEQ|NC_008603|hypothetical protein [Paramecium bursaria Chlorella virus FR483]	Paramecium bursaria Chlorella virus FR483	Blastx
SRR22534740	NODE_29544_length_267_cov_4.752137	62.0	267	221	0.321267	2.31e-18	acc|GENBANK|AYV75487.1|GENBANK|MK071979|GTP-binding protein YPTC1 [Terrestrivirus sp.]	Terrestrivirus sp.	Blastx
SRR22534740	NODE_12884_length_1211_cov_2.100170	27.3	1211	426	0.748826	2.32e-18	acc|GENBANK|QBK87330.1|GENBANK|MK500349|calcineurin-like phosphoesterase [Marseillevirus LCMAC201]	Marseillevirus LCMAC201	Blastx
SRR22534740	NODE_43570_length_1040_cov_9.256207	35.6	1040	347	0.389049	2.35e-18	acc|GENBANK|QKF94589.1|GENBANK|MT418680|caspase-like protein [Fadolivirus FV1/VV64]	Fadolivirus FV1/VV64	Blastx
SRR22534740	NODE_18351_length_1263_cov_5.098374	37.1	1263	442	0.341629	2.36e-18	acc|GENBANK|QBK90954.1|GENBANK|MK500504|putative serine/threonine protein kinase [Pithovirus LCPAC201]	Pithovirus LCPAC201	Blastx
SRR22534740	NODE_47717_length_250_cov_1.078341	74.5	250	889	0.057368	2.40e-18	acc|GENBANK|QCC26834.1|GENBANK|MK532516|Bs2 gagpol polyprotein [Zea mays]	Zea mays	Blastx
SRR22534740	NODE_5590_length_2692_cov_6.274915	26.4	2692	904	0.491150	2.47e-18	acc|GENBANK|AYV86658.1|GENBANK|MK072511|hypothetical protein [Sylvanvirus sp.]	Sylvanvirus sp.	Blastx
SRR22534740	NODE_1536_length_623_cov_18.364407	38.2	623	324	0.549383	2.50e-18	acc|GENBANK|AWA44803.1|GENBANK|MH182523|hypothetical protein [Saccharum officinarum]	Saccharum officinarum	Blastx
SRR22534740	NODE_3424_length_1008_cov_10.916923	31.8	1008	296	0.722973	2.59e-18	acc|GENBANK|AGE57891.1|GENBANK|JX997181|N-carbamoylputrescine amidase [Paramecium bursaria Chlorella virus NW665.2]	Paramecium bursaria Chlorella virus NW665.2	Blastx
SRR22534740	NODE_10151_length_603_cov_2.919298	35.6	603	483	0.308489	2.60e-18	acc|GENBANK|QDY52345.1|GENBANK|MK250090|tRNA synthetase class II [Mimiviridae sp. ChoanoV1]	Mimiviridae sp. ChoanoV1	Blastx
SRR22534740	NODE_24807_length_1581_cov_5.968346	26.1	1581	268	1.115672	2.62e-18	acc|GENBANK|QBK91399.1|GENBANK|MK500535|mitochondrial carrier-like protein [Pithovirus LCPAC302]	Pithovirus LCPAC302	Blastx
SRR22534740	NODE_46669_length_211_cov_1.314607	63.6	211	1042	0.063340	2.62e-18	acc|GENBANK|ACN78973.1|GENBANK|FJ225394|copia-type polyprotein [Glycine max]	Glycine max	Blastx
SRR22534740	NODE_46852_length_218_cov_1.810811	62.7	218	268	0.220149	2.63e-18	acc|REFSEQ|YP_010780800.1|REFSEQ|NC_075038|hypothetical protein [Tupanvirus deep ocean]	Tupanvirus deep ocean	Blastx
SRR22534740	NODE_8091_length_462_cov_3.738928	31.6	462	653	0.237366	2.64e-18	acc|GENBANK|QBK88577.1|GENBANK|MK500392|threonyl-tRNA synthetase [Mimivirus LCMiAC01]	Mimivirus LCMiAC01	Blastx
SRR22534740	NODE_40324_length_574_cov_137.360444	40.0	574	198	0.555556	2.72e-18	acc|REFSEQ|NP_955110.1|REFSEQ|NC_005309|CNPV087 putative glutathione peroxidase [Canarypox virus]	Canarypox virus	Blastx
SRR22534740	NODE_5559_length_515_cov_5.240664	60.8	515	413	0.179177	2.78e-18	acc|GENBANK|QDY51950.1|GENBANK|MK250086|protein kinase domain protein [Mimiviridae sp. ChoanoV1]	Mimiviridae sp. ChoanoV1	Blastx
SRR22534740	NODE_17285_length_461_cov_2.693925	45.2	461	105	0.800000	2.78e-18	acc|GENBANK|QIG60087.1|GENBANK|MN940580|putative thioredoxin [Dishui Lake large algae virus 1]	Dishui Lake large algae virus 1	Blastx
SRR22534740	NODE_40027_length_1264_cov_23.848903	26.4	1264	1252	0.275559	2.85e-18	acc|GENBANK|ARF11732.1|GENBANK|KY684109|mRNA capping enzyme [Klosneuvirus KNV1]	Klosneuvirus KNV1	Blastx
SRR22534740	NODE_5961_length_830_cov_61.892095	26.1	830	268	1.029851	2.85e-18	acc|GENBANK|QBK91399.1|GENBANK|MK500535|mitochondrial carrier-like protein [Pithovirus LCPAC302]	Pithovirus LCPAC302	Blastx
SRR22534740	NODE_9029_length_370_cov_2.658754	46.6	370	518	0.227799	2.89e-18	acc|GENBANK|QPI16131.1|GENBANK|MW030532|hypothetical protein [Virus NIOZ-UU157]	Virus NIOZ-UU157	Blastx
SRR22534740	NODE_14944_length_515_cov_3.877593	42.2	515	342	0.339181	2.94e-18	acc|GENBANK|AYV78971.1|GENBANK|MK072128|transmembrane protein 184C-like protein [Edafosvirus sp.]	Edafosvirus sp.	Blastx
SRR22534740	NODE_5259_length_436_cov_27.176179	40.4	436	411	0.265207	3.14e-18	acc|GENBANK|QDY51866.1|GENBANK|MK250085|hypothetical protein [Mimiviridae sp. ChoanoV1]	Mimiviridae sp. ChoanoV1	Blastx
SRR22534740	NODE_31756_length_1046_cov_2.324778	32.5	1046	682	0.280059	3.19e-18	acc|GENBANK|QBK90575.1|GENBANK|MK500494|ATP-dependent helicase [Pithovirus LCPAC104]	Pithovirus LCPAC104	Blastx
SRR22534740	NODE_41662_length_1219_cov_26.649241	22.7	1219	815	0.458896	3.49e-18	acc|REFSEQ|YP_010782648.1|REFSEQ|NC_075039|elongation factor 2 [Tupanvirus soda lake]	Tupanvirus soda lake	Blastx
SRR22534740	NODE_14126_length_324_cov_2.838488	42.9	324	1151	0.091225	3.49e-18	acc|GENBANK|QDY52451.1|GENBANK|MK250093|hypothetical protein [Mimiviridae sp. ChoanoV1]	Mimiviridae sp. ChoanoV1	Blastx
SRR22534740	NODE_34236_length_206_cov_6.895954	68.4	206	335	0.170149	3.64e-18	acc|GENBANK|ABY48132.1|GENBANK|EU306659|GH1 protein [Medicago truncatula]	Medicago truncatula	Blastx
SRR22534740	NODE_12208_length_258_cov_1.013333	54.1	258	2224	0.038219	3.79e-18	acc|GENBANK|AYV81995.1|GENBANK|MK072332|putative CAD protein isoform X1 [Homavirus sp.]	Homavirus sp.	Blastx
SRR22534740	NODE_301_length_466_cov_51.452656	45.8	466	733	0.145975	3.80e-18	acc|GENBANK|CCQ71393.1|GENBANK|HF586480|hypothetical cysteinyl-tRNA synthetase CARS [Cotesia congregata]	Cotesia congregata	Blastx
SRR22534740	NODE_44798_length_1049_cov_4.256890	34.5	1049	478	0.297071	3.81e-18	acc|GENBANK|AAK84479.1|GENBANK|AF275345|putative auxin growth promotor protein [Solanum lycopersicum]	Solanum lycopersicum	Blastx
SRR22534740	NODE_6423_length_937_cov_5.244469	29.7	937	496	0.387097	4.03e-18	acc|GENBANK|USC25894.1|GENBANK|OL685370|gta [Palpita vitrealis nucleopolyhedrovirus]	Palpita vitrealis nucleopolyhedrovirus	Blastx
SRR22534740	NODE_38558_length_655_cov_69.225080	32.4	655	832	0.204327	4.10e-18	acc|GENBANK|BAD00047.1|GENBANK|AB119282|Fusion protein, Feo [Hepacivirus hominis]	Hepacivirus hominis	Blastx
SRR22534740	NODE_42156_length_899_cov_5.682448	37.5	899	328	0.487805	4.13e-18	acc|GENBANK|AYV82419.1|GENBANK|MK072382|elongation factor 1-alpha-like protein [Homavirus sp.]	Homavirus sp.	Blastx
SRR22534740	NODE_6899_length_2701_cov_18.849700	37.8	2701	299	0.451505	4.29e-18	acc|GENBANK|QRE02559.1|GENBANK|MN545489|hypothetical protein [Otarine gammaherpesvirus 4]	Otarine gammaherpesvirus 4	Blastx
SRR22534740	NODE_6553_length_769_cov_7.750000	39.4	769	498	0.311245	4.34e-18	acc|REFSEQ|YP_010781610.1|REFSEQ|NC_075039|hypothetical protein [Tupanvirus soda lake]	Tupanvirus soda lake	Blastx
SRR22534740	NODE_3060_length_346_cov_2.824281	43.3	346	737	0.122117	4.42e-18	acc|GENBANK|AAL66752.1|GENBANK|AF464738|putative transposase [Zea mays]	Zea mays	Blastx
SRR22534740	NODE_6687_length_600_cov_9.081129	47.6	600	365	0.282192	4.46e-18	acc|GENBANK|BDT62135.1|GENBANK|LC738872|heat shock protein 40-like protein [Litopenaeus vannamei majanivirus Nimav-1_LVa]	Litopenaeus vannamei majanivirus Nimav-1_LVa	Blastx
SRR22534740	NODE_41881_length_1881_cov_8.152597	24.0	1881	735	0.737415	4.61e-18	acc|REFSEQ|YP_010782486.1|REFSEQ|NC_075039|1-deoxy-D-xylulose-5-phosphate synthase [Tupanvirus soda lake]	Tupanvirus soda lake	Blastx
SRR22534740	NODE_42038_length_422_cov_39.406170	45.8	422	357	0.336134	4.70e-18	acc|GENBANK|ABB29305.1|GENBANK|DQ219419|NADPH-dependent reductase [Zea mays]	Zea mays	Blastx
SRR22534740	NODE_30030_length_488_cov_5.068132	40.1	488	727	0.195323	4.76e-18	acc|GENBANK|ADB85269.1|GENBANK|GQ252805|putative lectin-like protein kinase [Phyllostachys edulis]	Phyllostachys edulis	Blastx
SRR22534740	NODE_28442_length_281_cov_2.294355	52.7	281	604	0.153974	4.77e-18	acc|GENBANK|ABH08432.1|GENBANK|DQ851167|putative non-inducible immunity 1 [Beta vulgaris]	Beta vulgaris	Blastx
SRR22534740	NODE_41834_length_1119_cov_8.151013	27.6	1119	378	0.767196	4.84e-18	acc|GENBANK|ACN72775.1|GENBANK|FJ791046|delta-12 oleate desaturase [Helianthus annuus]	Helianthus annuus	Blastx
SRR22534740	NODE_40951_length_1298_cov_8.300395	24.2	1298	268	1.063433	4.99e-18	acc|GENBANK|QBK91399.1|GENBANK|MK500535|mitochondrial carrier-like protein [Pithovirus LCPAC302]	Pithovirus LCPAC302	Blastx
SRR22534740	NODE_19804_length_244_cov_1.469194	53.9	244	505	0.150495	5.23e-18	acc|REFSEQ|YP_010780322.1|REFSEQ|NC_075038|hypothetical protein [Tupanvirus deep ocean]	Tupanvirus deep ocean	Blastx
SRR22534740	NODE_23274_length_269_cov_6.228814	52.1	269	271	0.261993	5.39e-18	acc|GENBANK|AUF82230.1|GENBANK|KY322437|E3 ubiquitin--protein ligase MIEL1-like protein [Tetraselmis virus 1]	Tetraselmis virus 1	Blastx
SRR22534740	NODE_37930_length_425_cov_30.280612	46.5	425	189	0.455026	5.41e-18	acc|GENBANK|QKF93961.1|GENBANK|MT418680|ubiquitin-conjugating enzyme E2 [Fadolivirus FV1/VV64]	Fadolivirus FV1/VV64	Blastx
SRR22534740	NODE_1792_length_559_cov_22.655894	62.0	559	359	0.197772	5.43e-18	acc|GENBANK|WZO81958.1|GENBANK|PP681879|agmatine deiminase [Chlorovirus sp.]	Chlorovirus sp.	Blastx
SRR22534740	NODE_9231_length_618_cov_2.056410	27.2	618	337	0.545994	5.44e-18	acc|GENBANK|AYV76266.1|GENBANK|MK071983|ubiquitin carboxyl-terminal hydrolase 2 [Terrestrivirus sp.]	Terrestrivirus sp.	Blastx
SRR22534740	NODE_42696_length_618_cov_3.223932	34.3	618	925	0.154595	5.52e-18	acc|GENBANK|ABY48139.1|GENBANK|EU306659|NORK [Medicago truncatula]	Medicago truncatula	Blastx
SRR22534740	NODE_17829_length_317_cov_1.922535	40.2	317	925	0.110270	5.73e-18	acc|GENBANK|ABY48139.1|GENBANK|EU306659|NORK [Medicago truncatula]	Medicago truncatula	Blastx
SRR22534740	NODE_3396_length_1594_cov_20.876361	36.9	1594	117	1.205128	5.76e-18	acc|GENBANK|QDH76138.1|GENBANK|MK948413|putative gag protein [Porcine endogenous retrovirus]	Porcine endogenous retrovirus	Blastx
SRR22534740	NODE_35864_length_465_cov_12.006944	68.8	465	518	0.123552	6.28e-18	acc|GENBANK|ABY48142.1|GENBANK|EU306659|serine-hydroxymethyltransferase [Medicago truncatula]	Medicago truncatula	Blastx
SRR22534740	NODE_2839_length_1674_cov_25.599634	40.3	1674	230	0.647826	6.38e-18	acc|GENBANK|ADB85286.1|GENBANK|GQ252816|putative RNA-binding-like protein [Phyllostachys edulis]	Phyllostachys edulis	Blastx
SRR22534740	NODE_11921_length_437_cov_4.646040	37.0	437	285	0.484211	6.46e-18	acc|GENBANK|UZT29310.1|GENBANK|OP765584|hypothetical protein [Nucleocytoviricota sp.]	Nucleocytoviricota sp.	Blastx
SRR22534740	NODE_2605_length_237_cov_26.848039	59.2	237	397	0.191436	6.53e-18	acc|REFSEQ|YP_009173589.1|REFSEQ|NC_028094|Helicase 45 [Chrysochromulina ericina virus]	Chrysochromulina ericina virus	Blastx
SRR22534740	NODE_36165_length_613_cov_7.556897	42.7	613	109	0.944954	6.53e-18	acc|GENBANK|QBK85947.1|GENBANK|MK500328|thioredoxin [Marseillevirus LCMAC101]	Marseillevirus LCMAC101	Blastx
SRR22534740	NODE_44406_length_309_cov_4.550725	61.5	309	232	0.336207	6.76e-18	acc|GENBANK|QBK91702.1|GENBANK|MK500565|histone 2A-domain-containing protein [Pithovirus LCPAC304]	Pithovirus LCPAC304	Blastx
SRR22534740	NODE_12940_length_237_cov_2.357843	56.4	237	925	0.084324	7.10e-18	acc|GENBANK|ABY48139.1|GENBANK|EU306659|NORK [Medicago truncatula]	Medicago truncatula	Blastx
SRR22534740	NODE_38834_length_1274_cov_6.580983	25.9	1274	703	0.477952	7.12e-18	acc|GENBANK|ARF09664.1|GENBANK|KY684086|HrpA-like RNA helicase [Indivirus ILV1]	Indivirus ILV1	Blastx
SRR22534740	NODE_47375_length_238_cov_1.141463	49.4	238	1287	0.061383	7.16e-18	acc|GENBANK|WLY67778.1|GENBANK|OR078387|TYG71p [Saccharomyces cerevisiae]	Saccharomyces cerevisiae	Blastx
SRR22534740	NODE_44691_length_826_cov_4.029004	44.3	826	447	0.217002	7.30e-18	acc|REFSEQ|NP_077596.1|REFSEQ|NC_002687|serine-threonine kinase [Ectocarpus siliculosus virus 1]	Ectocarpus siliculosus virus 1	Blastx
SRR22534740	NODE_3067_length_308_cov_64.890909	39.4	308	171	0.549708	7.37e-18	acc|REFSEQ|YP_009001589.1|REFSEQ|NC_023426|translation initiation factor elF-4e [Alphaentomopoxvirus acuprea]	Alphaentomopoxvirus acuprea	Blastx
SRR22534740	NODE_1547_length_1255_cov_17.906710	26.8	1255	321	0.965732	7.53e-18	acc|GENBANK|WZO80455.1|GENBANK|PP681875|aspartate carbamoyltransferase [Chlorovirus sp.]	Chlorovirus sp.	Blastx
SRR22534740	NODE_3354_length_579_cov_3.206960	36.9	579	505	0.310891	7.65e-18	acc|GENBANK|ADQ91217.1|GENBANK|HM004430|hypothetical protein [Bathycoccus sp. RCC1105 virus BpV2]	Bathycoccus sp. RCC1105 virus BpV2	Blastx
SRR22534740	NODE_39479_length_369_cov_6.190476	51.8	369	644	0.128882	7.95e-18	acc|GENBANK|AGE59884.1|GENBANK|JX997186|potassium transporter [Acanthocystis turfacea Chlorella virus TN603.4.2]	Acanthocystis turfacea Chlorella virus TN603.4.2	Blastx
SRR22534740	NODE_12865_length_1007_cov_4.671458	31.4	1007	393	0.430025	8.14e-18	acc|GENBANK|AXN91107.1|GENBANK|MG745875|putative superfamily II DEAD-like ATP-dependent [Namao virus]	Namao virus	Blastx
SRR22534740	NODE_43131_length_325_cov_2.893836	40.4	325	548	0.198905	8.25e-18	acc|GENBANK|AYV82327.1|GENBANK|MK072362|glucosamine-fructose-6-phosphate [Homavirus sp.]	Homavirus sp.	Blastx
SRR22534740	NODE_3331_length_479_cov_4.890135	35.6	479	354	0.372881	8.45e-18	acc|REFSEQ|YP_009173615.1|REFSEQ|NC_028094|ubiquitin specific peptidase C19 [Chrysochromulina ericina virus]	Chrysochromulina ericina virus	Blastx
SRR22534740	NODE_43709_length_690_cov_6.127854	34.3	690	299	0.361204	8.59e-18	acc|GENBANK|UOG94093.1|NEIGHBOR|OM876856|serine threonine-protein phosphatase [Aureococcus anophagefferens virus]	Aureococcus anophagefferens virus	Blastx
SRR22534740	NODE_28052_length_345_cov_1.907051	44.1	345	2037	0.054492	8.67e-18	acc|GENBANK|ABG37663.1|GENBANK|DQ536170|CCHC-type integrase [Populus trichocarpa]	Populus trichocarpa	Blastx
SRR22534740	NODE_21018_length_399_cov_3.838798	36.5	399	245	0.469388	8.84e-18	acc|REFSEQ|YP_009120494.1|REFSEQ|NC_026440|DNA-directed RNA polymerase II subunit RPB1 [Pandoravirus inopinatum]	Pandoravirus inopinatum	Blastx
SRR22534740	NODE_17275_length_403_cov_3.005405	38.8	403	1359	0.089036	9.21e-18	acc|GENBANK|ABD78322.1|GENBANK|DQ381432|polyprotein [Primula vulgaris]	Primula vulgaris	Blastx
SRR22534740	NODE_7940_length_475_cov_8.877828	33.1	475	505	0.316832	9.24e-18	acc|REFSEQ|YP_004061477.1|REFSEQ|NC_014765|hypothetical protein [Bathycoccus sp. RCC1105 virus BpV1]	Bathycoccus sp. RCC1105 virus BpV1	Blastx
SRR22534740	NODE_1755_length_949_cov_126.841703	71.4	949	143	0.391608	1.04e-17	acc|GENBANK|UOG94409.1|NEIGHBOR|OM876856|eukaryotic translation initiation factor [Aureococcus anophagefferens virus]	Aureococcus anophagefferens virus	Blastx
SRR22534740	NODE_35381_length_268_cov_1.489362	46.3	268	776	0.105670	1.06e-17	acc|GENBANK|ABY48135.1|GENBANK|EU306659|beta-D-xylosidase [Medicago truncatula]	Medicago truncatula	Blastx
SRR22534740	NODE_189_length_900_cov_3.402537	35.5	900	703	0.244666	1.09e-17	acc|GENBANK|ARF09664.1|GENBANK|KY684086|HrpA-like RNA helicase [Indivirus ILV1]	Indivirus ILV1	Blastx
SRR22534740	NODE_40794_length_1254_cov_20.384111	25.3	1254	1084	0.269373	1.12e-17	acc|REFSEQ|YP_009448535.1|REFSEQ|NC_036594|Isoleucyl-tRNA synthetase [Orpheovirus IHUMI-LCC2]	Orpheovirus IHUMI-LCC2	Blastx
SRR22534740	NODE_39146_length_1419_cov_5.316017	26.8	1419	4062	0.083456	1.15e-17	acc|GENBANK|QOR60750.1|GENBANK|MK522039|hypothetical protein [Bathycoccus sp. RCC716 virus 3]	Bathycoccus sp. RCC716 virus 3	Blastx
SRR22534740	NODE_25710_length_449_cov_7.879808	45.4	449	459	0.211329	1.15e-17	acc|GENBANK|AGE53154.1|GENBANK|JX997167|ATP-dependent helicase [Paramecium bursaria Chlorella virus Fr5L]	Paramecium bursaria Chlorella virus Fr5L	Blastx
SRR22534740	NODE_39305_length_789_cov_11.656085	27.6	789	270	0.844444	1.16e-17	acc|GENBANK|AYV76580.1|GENBANK|MK071987|aldo/keto reductase [Terrestrivirus sp.]	Terrestrivirus sp.	Blastx
SRR22534740	NODE_41023_length_985_cov_7.069328	29.1	985	325	0.920000	1.23e-17	acc|GENBANK|AYV75307.1|GENBANK|MK071979|hypothetical protein [Terrestrivirus sp.]	Terrestrivirus sp.	Blastx
SRR22534740	NODE_22635_length_257_cov_1.214286	51.8	257	727	0.114168	1.23e-17	acc|GENBANK|ADB85269.1|GENBANK|GQ252805|putative lectin-like protein kinase [Phyllostachys edulis]	Phyllostachys edulis	Blastx
SRR22534740	NODE_20947_length_520_cov_1.634497	55.9	520	727	0.093535	1.25e-17	acc|GENBANK|ADB85269.1|GENBANK|GQ252805|putative lectin-like protein kinase [Phyllostachys edulis]	Phyllostachys edulis	Blastx
SRR22534740	NODE_28607_length_279_cov_2.500000	42.9	279	925	0.098378	1.25e-17	acc|GENBANK|ABY48139.1|GENBANK|EU306659|NORK [Medicago truncatula]	Medicago truncatula	Blastx
SRR22534740	NODE_40162_length_333_cov_16.500000	42.9	333	299	0.327759	1.28e-17	acc|GENBANK|QIG59714.1|GENBANK|MN940578|putative spermidine [Dishui Lake phycodnavirus 3]	Dishui Lake phycodnavirus 3	Blastx
SRR22534740	NODE_8681_length_465_cov_1.173611	41.0	465	686	0.195335	1.29e-17	acc|GENBANK|WNO13952.1|GENBANK|OQ968299|coat protein [Guapo partitivirus]	Guapo partitivirus	Blastx
SRR22534740	NODE_940_length_626_cov_15.583474	29.6	626	589	0.344652	1.30e-17	acc|GENBANK|QKF93534.1|GENBANK|MT418680|peroxisomal acyl-CoA oxidase [Fadolivirus FV1/VV64]	Fadolivirus FV1/VV64	Blastx
SRR22534740	NODE_18075_length_263_cov_1.386957	50.0	263	2037	0.042219	1.37e-17	acc|GENBANK|ABG37663.1|GENBANK|DQ536170|CCHC-type integrase [Populus trichocarpa]	Populus trichocarpa	Blastx
SRR22534740	NODE_15197_length_470_cov_5.356979	39.8	470	925	0.116757	1.39e-17	acc|GENBANK|ABY48139.1|GENBANK|EU306659|NORK [Medicago truncatula]	Medicago truncatula	Blastx
SRR22534740	NODE_533_length_990_cov_23.206897	36.8	990	174	0.764368	1.43e-17	acc|GENBANK|AYV78867.1|GENBANK|MK072106|hypothetical protein [Edafosvirus sp.]	Edafosvirus sp.	Blastx
SRR22534740	NODE_5496_length_1077_cov_7.427203	27.3	1077	1019	0.248283	1.50e-17	acc|GENBANK|ABZ80022.1|NEIGHBOR|EU410304|beta-D-galactosidase [synthetic Vaccinia virus]	synthetic Vaccinia virus	Blastx
SRR22534740	NODE_41278_length_572_cov_5.708720	38.3	572	323	0.476780	1.53e-17	acc|REFSEQ|YP_008318809.1|REFSEQ|NC_021858|Haloacid dehydrogenase [Pandoravirus dulcis]	Pandoravirus dulcis	Blastx
SRR22534740	NODE_37006_length_743_cov_11.036620	30.4	743	483	0.449275	1.57e-17	acc|GENBANK|ARF12654.1|GENBANK|KY684120|cytidylyltransferase [Klosneuvirus KNV1]	Klosneuvirus KNV1	Blastx
SRR22534740	NODE_33285_length_251_cov_2.307339	50.0	251	2037	0.038292	1.59e-17	acc|GENBANK|ABG37663.1|GENBANK|DQ536170|CCHC-type integrase [Populus trichocarpa]	Populus trichocarpa	Blastx
SRR22534740	NODE_13334_length_220_cov_4.438503	58.0	220	299	0.230769	1.59e-17	acc|GENBANK|UOG94093.1|NEIGHBOR|OM876856|serine threonine-protein phosphatase [Aureococcus anophagefferens virus]	Aureococcus anophagefferens virus	Blastx
SRR22534740	NODE_41728_length_798_cov_37.813072	42.0	798	183	0.715847	1.60e-17	acc|REFSEQ|YP_009465880.1|REFSEQ|NC_037057|hypothetical protein [Dishui lake phycodnavirus 1]	Dishui lake phycodnavirus 1	Blastx
SRR22534740	NODE_38430_length_634_cov_11.831947	51.1	634	1040	0.086538	1.63e-17	acc|REFSEQ|YP_010780932.1|REFSEQ|NC_075038|putative ATP-citrate synthase isoform X3 [Tupanvirus deep ocean]	Tupanvirus deep ocean	Blastx
SRR22534740	NODE_7057_length_278_cov_50.926531	46.5	278	299	0.287625	1.72e-17	acc|GENBANK|UOG94093.1|NEIGHBOR|OM876856|serine threonine-protein phosphatase [Aureococcus anophagefferens virus]	Aureococcus anophagefferens virus	Blastx
SRR22534740	NODE_26835_length_644_cov_6.808511	34.0	644	484	0.316116	1.76e-17	acc|GENBANK|AYV77733.1|GENBANK|MK072066|CYP86A7 [Edafosvirus sp.]	Edafosvirus sp.	Blastx
SRR22534740	NODE_27026_length_234_cov_1.761194	58.0	234	2037	0.033873	1.76e-17	acc|GENBANK|ABG37663.1|GENBANK|DQ536170|CCHC-type integrase [Populus trichocarpa]	Populus trichocarpa	Blastx
SRR22534740	NODE_2311_length_1970_cov_42.695405	26.7	1970	422	0.815166	1.83e-17	acc|GENBANK|QDY52462.1|GENBANK|MK250094|aminotransferase class-III protein [Mimiviridae sp. ChoanoV1]	Mimiviridae sp. ChoanoV1	Blastx
SRR22534740	NODE_22826_length_843_cov_9.083951	31.0	843	498	0.453815	1.88e-17	acc|GENBANK|XHA59766.1|GENBANK|OR863077|thermosome [Poseidoniales virus]	Poseidoniales virus	Blastx
SRR22534740	NODE_1127_length_1361_cov_8.561747	26.8	1361	808	0.397277	1.93e-17	acc|GENBANK|QYA18543.1|GENBANK|MZ420154|dynamin 1-like protein [Clandestinovirus]	Clandestinovirus	Blastx
SRR22534740	NODE_44143_length_477_cov_26.558559	35.8	477	383	0.357702	2.05e-17	acc|GENBANK|AJA91762.1|GENBANK|KM434202|dihydroflavonol 4-reductase [Allium cepa]	Allium cepa	Blastx
SRR22534740	NODE_18645_length_433_cov_4.135000	53.9	433	183	0.415301	2.05e-17	acc|REFSEQ|YP_009465880.1|REFSEQ|NC_037057|hypothetical protein [Dishui lake phycodnavirus 1]	Dishui lake phycodnavirus 1	Blastx
SRR22534740	NODE_819_length_1611_cov_8.496198	39.3	1611	119	0.941176	2.16e-17	acc|GENBANK|QBK85983.1|GENBANK|MK500328|glycine cleavage H-protein [Marseillevirus LCMAC101]	Marseillevirus LCMAC101	Blastx
SRR22534740	NODE_28125_length_426_cov_6.424936	38.9	426	925	0.122162	2.20e-17	acc|GENBANK|ABY48139.1|GENBANK|EU306659|NORK [Medicago truncatula]	Medicago truncatula	Blastx
SRR22534740	NODE_33748_length_534_cov_5.381238	32.2	534	4062	0.037420	2.29e-17	acc|GENBANK|QOR60750.1|GENBANK|MK522039|hypothetical protein [Bathycoccus sp. RCC716 virus 3]	Bathycoccus sp. RCC716 virus 3	Blastx
SRR22534740	NODE_32866_length_428_cov_2.022785	42.6	428	120	0.783333	2.34e-17	acc|GENBANK|QBZ81758.1|GENBANK|MK174290|Protein kinase catalytic incomplete domain [Pandoravirus celtis]	Pandoravirus celtis	Blastx
SRR22534740	NODE_26592_length_996_cov_7.283489	41.0	996	299	0.408027	2.37e-17	acc|GENBANK|QRE02559.1|GENBANK|MN545489|hypothetical protein [Otarine gammaherpesvirus 4]	Otarine gammaherpesvirus 4	Blastx
SRR22534740	NODE_40513_length_610_cov_33.665511	37.1	610	162	0.716049	2.48e-17	acc|GENBANK|QBK84530.1|GENBANK|MK500278|6,7-dimethyl-8-ribityllumazine synthase [Pithovirus LCDPAC01]	Pithovirus LCDPAC01	Blastx
SRR22534740	NODE_12907_length_236_cov_1.113300	62.7	236	267	0.250936	2.49e-17	acc|GENBANK|WGU26820.1|GENBANK|OQ503488|cytosolic iron-sulfur (Fe-S) protein [Triticum monococcum]	Triticum monococcum	Blastx
SRR22534740	NODE_28098_length_389_cov_1.429775	39.4	389	925	0.137297	2.59e-17	acc|GENBANK|ABY48139.1|GENBANK|EU306659|NORK [Medicago truncatula]	Medicago truncatula	Blastx
SRR22534740	NODE_43881_length_264_cov_40.173160	62.3	264	783	0.067688	2.59e-17	acc|GENBANK|QFG73724.1|GENBANK|MN448270|Hsp90 protein [Megaviridae environmental sample]	Megaviridae environmental sample	Blastx
SRR22534740	NODE_30753_length_200_cov_3.041916	61.9	200	936	0.067308	2.68e-17	acc|GENBANK|QFG74471.1|GENBANK|MN448288|glycine cleavage system P-protein [Megaviridae environmental sample]	Megaviridae environmental sample	Blastx
SRR22534740	NODE_38390_length_321_cov_71.979167	48.4	321	651	0.145929	2.86e-17	acc|GENBANK|QBK86751.1|GENBANK|MK500335|uncharacterized protein [Marseillevirus LCMAC103]	Marseillevirus LCMAC103	Blastx
SRR22534740	NODE_1048_length_937_cov_19.945796	37.2	937	253	0.371542	2.96e-17	acc|GENBANK|QBK86148.1|GENBANK|MK500331|ABC transporter [Marseillevirus LCMAC101]	Marseillevirus LCMAC101	Blastx
SRR22534740	NODE_42222_length_1285_cov_9.222045	28.3	1285	1058	0.320416	2.99e-17	acc|REFSEQ|YP_001426181.1|REFSEQ|NC_008603|DNA topoisomerase II [Paramecium bursaria Chlorella virus FR483]	Paramecium bursaria Chlorella virus FR483	Blastx
SRR22534740	NODE_15523_length_465_cov_6.944444	32.9	465	424	0.358491	3.15e-17	acc|GENBANK|ULY68560.1|GENBANK|OL828820|tRNA guanosine(34) transglycosylase Tgt [Chlorella virus XW01]	Chlorella virus XW01	Blastx
SRR22534740	NODE_26621_length_850_cov_5.183599	35.4	850	288	0.618056	3.17e-17	acc|GENBANK|QMP82376.1|GENBANK|MT153362|hypothetical protein [red goblin roach virus 1]	red goblin roach virus 1	Blastx
SRR22534740	NODE_17851_length_236_cov_1.822660	48.7	236	1334	0.056972	3.26e-17	acc|GENBANK|CAC37622.1|GENBANK|AJ292423|polyprotein [Arabidopsis thaliana]	Arabidopsis thaliana	Blastx
SRR22534740	NODE_36819_length_768_cov_6.616327	26.5	768	406	0.549261	3.38e-17	acc|GENBANK|AYV76588.1|GENBANK|MK071987|cyclopropane-fatty-acyl-phospholipid synthase [Terrestrivirus sp.]	Terrestrivirus sp.	Blastx
SRR22534740	NODE_16299_length_338_cov_2.563934	41.4	338	623	0.158909	3.42e-17	acc|GENBANK|BAL14837.1|GENBANK|AB682995|endo-1,4-b-D-glucanase [Oryza sativa Japonica Group]	Oryza sativa Japonica Group	Blastx
SRR22534740	NODE_247_length_998_cov_11.683938	28.0	998	497	0.525151	3.52e-17	acc|GENBANK|QCQ67761.1|GENBANK|MK637631|mRNA capping enzyme [European chub iridovirus]	European chub iridovirus	Blastx
SRR22534740	NODE_17149_length_835_cov_4.572319	72.1	835	242	0.252066	3.55e-17	acc|GENBANK|AGU70135.1|GENBANK|KF270089|integrase-type DNA-binding superfamily protein [Tarenaya hassleriana]	Tarenaya hassleriana	Blastx
SRR22534740	NODE_35360_length_490_cov_7.919037	35.3	490	182	0.730769	3.61e-17	acc|REFSEQ|YP_009163818.1|REFSEQ|NC_027778|ORF_057R [Scale drop disease virus]	Scale drop disease virus	Blastx
SRR22534740	NODE_33024_length_454_cov_1.700713	43.9	454	526	0.203422	3.62e-17	acc|GENBANK|QKF94253.1|GENBANK|MT418680|ABC transporter [Fadolivirus FV1/VV64]	Fadolivirus FV1/VV64	Blastx
SRR22534740	NODE_13420_length_254_cov_1.013575	54.8	254	95	0.652632	3.62e-17	acc|GENBANK|QBL14623.1|NEIGHBOR|MK580531|thymidylate synthase [Ranavirus ambystoma1]	Ranavirus ambystoma1	Blastx
SRR22534740	NODE_6478_length_393_cov_5.877778	46.3	393	421	0.225653	3.66e-17	acc|GENBANK|AGP03657.1|GENBANK|KF220834|integrase-type DNA-binding superfamily protein [Glycine max]	Glycine max	Blastx
SRR22534740	NODE_39600_length_733_cov_8.001429	31.5	733	500	0.400000	3.88e-17	acc|GENBANK|AYV86945.1|GENBANK|MK072521|ubiquitin protein ligase E3 component n-recognin [Sylvanvirus sp.]	Sylvanvirus sp.	Blastx
SRR22534740	NODE_6847_length_804_cov_2.265888	38.3	804	1232	0.093344	3.90e-17	acc|GENBANK|ADK47521.1|GENBANK|HM124452|RDG2A [Hordeum vulgare subsp. vulgare]	Hordeum vulgare subsp. vulgare	Blastx
SRR22534740	NODE_3482_length_924_cov_11.097643	25.1	924	668	0.465569	4.12e-17	acc|GENBANK|QKF94196.1|GENBANK|MT418680|peptidase M3A/M3B [Fadolivirus FV1/VV64]	Fadolivirus FV1/VV64	Blastx
SRR22534740	NODE_185_length_561_cov_56.015152	50.6	561	366	0.221311	4.12e-17	acc|GENBANK|ARF12215.1|GENBANK|KY684111|phosphoribosyl transferase [Klosneuvirus KNV1]	Klosneuvirus KNV1	Blastx
SRR22534740	NODE_24770_length_441_cov_3.509804	34.5	441	630	0.234921	4.60e-17	acc|REFSEQ|YP_009001225.1|REFSEQ|NC_023423|ABC transporter [Pithovirus sibericum]	Pithovirus sibericum	Blastx
SRR22534740	NODE_43502_length_897_cov_9.511574	76.7	897	666	0.090090	4.66e-17	acc|GENBANK|XDO02262.1|GENBANK|PP542043|Atp-Dependent Zinc Metalloprotease [Florenciella sp. virus SA2]	Florenciella sp. virus SA2	Blastx
SRR22534740	NODE_24210_length_431_cov_3.386935	40.7	431	471	0.250531	4.73e-17	acc|GENBANK|AFV13457.1|GENBANK|JQ314445|UDPG-flavonoid 3-O-glucosyl transferase [Tripsacum dactyloides]	Tripsacum dactyloides	Blastx
SRR22534740	NODE_9284_length_364_cov_2.072508	53.6	364	691	0.121563	4.81e-17	acc|GENBANK|ABY48131.1|GENBANK|EU306659|zinc finger protein [Medicago truncatula]	Medicago truncatula	Blastx
SRR22534740	NODE_6550_length_411_cov_5.201058	53.3	411	219	0.420091	4.81e-17	acc|GENBANK|XHA87591.1|GENBANK|PQ054798|hypothetical protein [Qianjiang picobirna-like virus 2]	Qianjiang picobirna-like virus 2	Blastx
SRR22534740	NODE_38961_length_587_cov_3.965704	32.0	587	299	0.565217	4.82e-17	acc|GENBANK|QBK91775.1|GENBANK|MK500565|mitochondrial carrier-like protein [Pithovirus LCPAC304]	Pithovirus LCPAC304	Blastx
SRR22534740	NODE_11573_length_451_cov_3.275120	55.6	451	183	0.393443	4.91e-17	acc|REFSEQ|YP_009465880.1|REFSEQ|NC_037057|hypothetical protein [Dishui lake phycodnavirus 1]	Dishui lake phycodnavirus 1	Blastx
SRR22534740	NODE_6947_length_799_cov_14.839426	35.7	799	220	0.572727	4.94e-17	acc|GENBANK|UOG94371.1|NEIGHBOR|OM876856|peptidyl-prolyl cis-trans isomerase [Aureococcus anophagefferens virus]	Aureococcus anophagefferens virus	Blastx
SRR22534740	NODE_3859_length_295_cov_65.114504	43.8	295	141	0.567376	4.97e-17	acc|GENBANK|AIB52170.1|GENBANK|KJ614390|translation initiation factor SUI1 [Faustovirus]	Faustovirus	Blastx
SRR22534740	NODE_42429_length_214_cov_21.558011	87.8	214	189	0.259259	5.20e-17	acc|REFSEQ|YP_009465730.1|REFSEQ|NC_037057|hypothetical protein [Dishui lake phycodnavirus 1]	Dishui lake phycodnavirus 1	Blastx
SRR22534740	NODE_41047_length_385_cov_11.943182	55.7	385	477	0.146751	5.41e-17	acc|GENBANK|AYV78014.1|GENBANK|MK072068|elongation factor 1 alpha long form [Edafosvirus sp.]	Edafosvirus sp.	Blastx
SRR22534740	NODE_21903_length_253_cov_1.086364	77.3	253	262	0.167939	5.73e-17	acc|GENBANK|ANI87836.1|GENBANK|KT591679|Myb transcription factor [Citrus medica]	Citrus medica	Blastx
SRR22534740	NODE_24075_length_539_cov_1.699605	37.9	539	478	0.242678	5.78e-17	acc|GENBANK|AAK84479.1|GENBANK|AF275345|putative auxin growth promotor protein [Solanum lycopersicum]	Solanum lycopersicum	Blastx
SRR22534740	NODE_6420_length_653_cov_5.940323	38.1	653	507	0.248521	6.94e-17	acc|GENBANK|QHN71152.1|GENBANK|MN812837|cytochrome P450 domain protein [Mollivirus kamchatka]	Mollivirus kamchatka	Blastx
SRR22534740	NODE_630_length_243_cov_125.214286	52.6	243	406	0.187192	7.01e-17	acc|GENBANK|QBK87310.1|GENBANK|MK500348|chaperone protein [Marseillevirus LCMAC201]	Marseillevirus LCMAC201	Blastx
SRR22534740	NODE_8995_length_446_cov_1.658596	50.6	446	1369	0.056245	7.06e-17	acc|GENBANK|AIC77183.1|GENBANK|KF740825|polyprotein [Gossypium barbadense]	Gossypium barbadense	Blastx
SRR22534740	NODE_41243_length_526_cov_8.752535	53.1	526	113	0.566372	7.36e-17	acc|GENBANK|QDH76139.1|GENBANK|MK948414|putative gag protein [Porcine endogenous retrovirus]	Porcine endogenous retrovirus	Blastx
SRR22534740	NODE_9093_length_251_cov_1.490826	51.9	251	350	0.220000	7.52e-17	acc|REFSEQ|YP_009329462.1|REFSEQ|NC_032108|Autophagy protein putative containing [Cedratvirus A11]	Cedratvirus A11	Blastx
SRR22534740	NODE_1510_length_532_cov_27.979960	36.2	532	233	0.592275	7.69e-17	acc|GENBANK|QBK85221.1|GENBANK|MK500309|2OG-Fe(II) oxygenase superfamily protein [Iridovirus LCIVAC01]	Iridovirus LCIVAC01	Blastx
SRR22534740	NODE_40152_length_2015_cov_7.264379	29.1	2015	834	0.284173	7.72e-17	acc|GENBANK|ULY68474.1|GENBANK|OL828820|putative superfamily II helicase [Chlorella virus XW01]	Chlorella virus XW01	Blastx
SRR22534740	NODE_3130_length_342_cov_86.103560	53.5	342	150	0.473333	7.77e-17	acc|GENBANK|AYV82350.1|GENBANK|MK072366|hypothetical protein [Homavirus sp.]	Homavirus sp.	Blastx
SRR22534740	NODE_12378_length_209_cov_2.619318	75.9	209	1281	0.045277	7.78e-17	acc|GENBANK|AAA67727.1|GENBANK|U15647|reverse transcriptase [Mus musculus domesticus]	Mus musculus domesticus	Blastx
SRR22534740	NODE_36689_length_253_cov_18.690909	48.2	253	407	0.203931	7.92e-17	acc|GENBANK|AHJ40166.2|NEIGHBOR|KF959826|zinc-type alcohol dehydrogenase-like protein [Samba virus]	Samba virus	Blastx
SRR22534740	NODE_3436_length_1755_cov_14.113240	27.8	1755	261	1.199234	8.02e-17	acc|GENBANK|AYV79236.1|GENBANK|MK072137|serine/threonine protein phosphatase [Faunusvirus sp.]	Faunusvirus sp.	Blastx
SRR22534740	NODE_40514_length_947_cov_10.812910	32.6	947	471	0.403397	8.09e-17	acc|GENBANK|XCJ76782.1|GENBANK|PP728250|helicase superfamily 1/2 protein [Micromonas polaris virus]	Micromonas polaris virus	Blastx
SRR22534740	NODE_14036_length_539_cov_2.638340	61.4	539	508	0.137795	8.39e-17	acc|GENBANK|AWA44804.1|GENBANK|MH182523|hypothetical protein [Saccharum officinarum]	Saccharum officinarum	Blastx
SRR22534740	NODE_40549_length_295_cov_114.587786	69.2	295	53	0.981132	8.41e-17	acc|GENBANK|XDO01897.1|GENBANK|PP542043|Ubiquitin-60S Ribosomal Protein L40 [Florenciella sp. virus SA2]	Florenciella sp. virus SA2	Blastx
SRR22534740	NODE_19875_length_346_cov_2.693291	34.8	346	498	0.224900	9.06e-17	acc|GENBANK|QBK88840.1|GENBANK|MK500400|serine/threonine protein kinase [Mimivirus LCMiAC01]	Mimivirus LCMiAC01	Blastx
SRR22534740	NODE_22275_length_200_cov_2.706587	53.0	200	563	0.117229	9.17e-17	acc|REFSEQ|YP_010780657.1|REFSEQ|NC_075038|dna topoisomerase 1b [Tupanvirus deep ocean]	Tupanvirus deep ocean	Blastx
SRR22534740	NODE_18845_length_513_cov_5.491667	32.9	513	277	0.537906	9.44e-17	acc|GENBANK|QBK88832.1|GENBANK|MK500400|alpha/beta hydrolase family protein [Mimivirus LCMiAC01]	Mimivirus LCMiAC01	Blastx
SRR22534740	NODE_48674_length_283_cov_1.404000	57.1	283	299	0.210702	9.77e-17	acc|GENBANK|UOG94093.1|NEIGHBOR|OM876856|serine threonine-protein phosphatase [Aureococcus anophagefferens virus]	Aureococcus anophagefferens virus	Blastx
SRR22534740	NODE_32511_length_513_cov_4.450000	30.6	513	258	0.658915	9.88e-17	acc|GENBANK|WMV02893.1|GENBANK|OP630990|alpha-tubulin [Diderma spumarioides]	Diderma spumarioides	Blastx
SRR22534740	NODE_19132_length_297_cov_3.265152	39.2	297	988	0.098178	1.02e-16	acc|GENBANK|ARF11555.1|GENBANK|KY684108|ubiquitin-activating enzyme E1 [Klosneuvirus KNV1]	Klosneuvirus KNV1	Blastx
SRR22534740	NODE_719_length_472_cov_1.979499	31.9	472	478	0.387029	1.03e-16	acc|GENBANK|AAK84479.1|GENBANK|AF275345|putative auxin growth promotor protein [Solanum lycopersicum]	Solanum lycopersicum	Blastx
SRR22534740	NODE_30258_length_288_cov_2.588235	52.6	288	228	0.333333	1.03e-16	acc|GENBANK|ATZ80220.1|GENBANK|MF782455|cyclophilin ABH-like protein [Bodo saltans virus]	Bodo saltans virus	Blastx
SRR22534740	NODE_4776_length_533_cov_1.870000	50.0	533	365	0.252055	1.11e-16	acc|GENBANK|BDT62135.1|GENBANK|LC738872|heat shock protein 40-like protein [Litopenaeus vannamei majanivirus Nimav-1_LVa]	Litopenaeus vannamei majanivirus Nimav-1_LVa	Blastx
SRR22534740	NODE_9791_length_653_cov_8.074194	38.4	653	354	0.389831	1.14e-16	acc|REFSEQ|YP_010781838.1|REFSEQ|NC_075039|acetoin utilization deacetylase [Tupanvirus soda lake]	Tupanvirus soda lake	Blastx
SRR22534740	NODE_5445_length_1379_cov_9.156018	34.6	1379	510	0.350980	1.24e-16	acc|REFSEQ|YP_009165152.1|REFSEQ|NC_027867|Cytochrome P450 [Mollivirus sibericum]	Mollivirus sibericum	Blastx
SRR22534740	NODE_2818_length_1286_cov_8.883480	25.3	1286	507	0.794872	1.24e-16	acc|GENBANK|QHN71152.1|GENBANK|MN812837|cytochrome P450 domain protein [Mollivirus kamchatka]	Mollivirus kamchatka	Blastx
SRR22534740	NODE_34587_length_477_cov_27.824324	44.0	477	588	0.154762	1.24e-16	acc|GENBANK|QOI90522.1|GENBANK|MT663539|hypothetical protein [Pyramimonas orientalis virus]	Pyramimonas orientalis virus	Blastx
SRR22534740	NODE_1112_length_823_cov_8.407595	28.7	823	334	0.688623	1.27e-16	acc|GENBANK|ABQ43625.1|NEIGHBOR|EF420156|SERPIN/crmA ortholog [Tanapox virus]	Tanapox virus	Blastx
SRR22534740	NODE_32720_length_507_cov_6.276371	43.5	507	759	0.111989	1.31e-16	acc|GENBANK|ACN78962.1|GENBANK|FJ225394|methyltransferase [Glycine max]	Glycine max	Blastx
SRR22534740	NODE_39643_length_247_cov_5.327103	56.9	247	833	0.086435	1.32e-16	acc|GENBANK|CCQ71385.1|GENBANK|HF586480|hypothetical Homeodomain-interacting protein [Cotesia congregata]	Cotesia congregata	Blastx
SRR22534740	NODE_11452_length_921_cov_2.424550	34.7	921	416	0.512019	1.34e-16	acc|GENBANK|ALX35652.1|GENBANK|KU147235|UDP-GlcNAcbeta GAL beta1,3 N-acetyl glucosaminyl [Elephant endotheliotropic herpesvirus 4A]	Elephant endotheliotropic herpesvirus 4A	Blastx
SRR22534740	NODE_20250_length_401_cov_1.480978	68.8	401	679	0.094256	1.36e-16	acc|GENBANK|QIG60138.1|GENBANK|MN940580|ATP-dependent zinc metalloprotease [Dishui Lake large algae virus 1]	Dishui Lake large algae virus 1	Blastx
SRR22534740	NODE_42789_length_367_cov_5.059880	37.1	367	442	0.262443	1.42e-16	acc|GENBANK|QBK90954.1|GENBANK|MK500504|putative serine/threonine protein kinase [Pithovirus LCPAC201]	Pithovirus LCPAC201	Blastx
SRR22534740	NODE_33767_length_741_cov_6.977401	36.3	741	245	0.551020	1.43e-16	acc|REFSEQ|YP_008720039.1|REFSEQ|NC_022646|hypothetical protein [Clostera anastomosis granulovirus Henan]	Clostera anastomosis granulovirus Henan	Blastx
SRR22534740	NODE_26028_length_763_cov_2.327397	42.5	763	175	0.645714	1.51e-16	acc|GENBANK|QYA18450.1|GENBANK|MZ420154|cyclin-dependent kinase 1 [Clandestinovirus]	Clandestinovirus	Blastx
SRR22534740	NODE_5084_length_1009_cov_3.759221	24.8	1009	600	0.505000	1.54e-16	acc|REFSEQ|YP_004061916.1|REFSEQ|NC_014767|hypothetical protein [Micromonas sp. RCC1109 virus MpV1]	Micromonas sp. RCC1109 virus MpV1	Blastx
SRR22534740	NODE_15958_length_603_cov_3.361404	40.3	603	518	0.268340	1.59e-16	acc|GENBANK|QPI16131.1|GENBANK|MW030532|hypothetical protein [Virus NIOZ-UU157]	Virus NIOZ-UU157	Blastx
SRR22534740	NODE_43988_length_533_cov_27.412000	47.8	533	630	0.146032	1.62e-16	acc|REFSEQ|YP_004061438.1|REFSEQ|NC_014765|hypothetical protein [Bathycoccus sp. RCC1105 virus BpV1]	Bathycoccus sp. RCC1105 virus BpV1	Blastx
SRR22534740	NODE_44562_length_575_cov_2.848708	32.5	575	363	0.457300	1.63e-16	acc|GENBANK|AGU70139.1|GENBANK|KF270090|protein kinase superfamily protein [Tarenaya hassleriana]	Tarenaya hassleriana	Blastx
SRR22534740	NODE_5228_length_1279_cov_5.463884	31.4	1279	507	0.471400	1.64e-16	acc|GENBANK|QHN71152.1|GENBANK|MN812837|cytochrome P450 domain protein [Mollivirus kamchatka]	Mollivirus kamchatka	Blastx
SRR22534740	NODE_4308_length_803_cov_28.203896	40.9	803	182	0.631868	1.64e-16	acc|REFSEQ|YP_009163818.1|REFSEQ|NC_027778|ORF_057R [Scale drop disease virus]	Scale drop disease virus	Blastx
SRR22534740	NODE_30628_length_368_cov_5.725373	44.3	368	578	0.183391	1.68e-16	acc|GENBANK|ARF09587.1|GENBANK|KY684085|DNA topoisomerase IB [Indivirus ILV1]	Indivirus ILV1	Blastx
SRR22534740	NODE_458_length_1429_cov_6.051576	23.4	1429	575	0.766957	1.72e-16	acc|GENBANK|CAE02704.1|GENBANK|AJ575660|putative sugar transporter [Yarrowia lipolytica]	Yarrowia lipolytica	Blastx
SRR22534740	NODE_22427_length_225_cov_2.036458	64.4	225	480	0.122917	1.73e-16	acc|GENBANK|ASU92288.1|GENBANK|KX759199|kindr F6 [Zea mays]	Zea mays	Blastx
SRR22534740	NODE_41828_length_549_cov_28.846899	62.0	549	508	0.139764	1.75e-16	acc|GENBANK|AWA44804.1|GENBANK|MH182523|hypothetical protein [Saccharum officinarum]	Saccharum officinarum	Blastx
SRR22534740	NODE_39765_length_417_cov_7.843750	44.9	417	447	0.219239	1.87e-16	acc|REFSEQ|NP_077596.1|REFSEQ|NC_002687|serine-threonine kinase [Ectocarpus siliculosus virus 1]	Ectocarpus siliculosus virus 1	Blastx
SRR22534740	NODE_44051_length_1881_cov_7.919913	24.5	1881	536	0.625000	1.92e-16	acc|GENBANK|QDY51930.1|GENBANK|MK250086|pyridoxal-dependent decarboxylase conserved [Mimiviridae sp. ChoanoV1]	Mimiviridae sp. ChoanoV1	Blastx
SRR22534740	NODE_13875_length_208_cov_1.268571	66.7	208	619	0.111470	1.95e-16	acc|GENBANK|ABG37653.1|GENBANK|DQ536160|integrase [Populus trichocarpa]	Populus trichocarpa	Blastx
SRR22534740	NODE_47220_length_232_cov_2.115578	67.3	232	912	0.057018	2.01e-16	acc|GENBANK|ACX48824.1|GENBANK|GQ923937|chromomethylase [Zea mays]	Zea mays	Blastx
SRR22534740	NODE_40569_length_523_cov_3.357143	33.6	523	278	0.503597	2.03e-16	acc|GENBANK|QBK91651.1|GENBANK|MK500560|putative serine/threonine protein kinase [Pithovirus LCPAC302]	Pithovirus LCPAC302	Blastx
SRR22534740	NODE_40854_length_541_cov_3.480315	41.7	541	193	0.746114	2.06e-16	acc|GENBANK|AYV76227.1|GENBANK|MK071983|putative NADPH:quinone oxidoreductase-like [Terrestrivirus sp.]	Terrestrivirus sp.	Blastx
SRR22534740	NODE_38190_length_573_cov_20.070370	61.5	573	232	0.336207	2.17e-16	acc|GENBANK|QBK91702.1|GENBANK|MK500565|histone 2A-domain-containing protein [Pithovirus LCPAC304]	Pithovirus LCPAC304	Blastx
SRR22534740	NODE_37599_length_564_cov_17.258004	39.3	564	625	0.179200	2.23e-16	acc|GENBANK|QCQ67784.1|GENBANK|MK637631|macro domain-containing protein [European chub iridovirus]	European chub iridovirus	Blastx
SRR22534740	NODE_36399_length_856_cov_9.812880	34.9	856	288	0.656250	2.27e-16	acc|GENBANK|QMP82376.1|GENBANK|MT153362|hypothetical protein [red goblin roach virus 1]	red goblin roach virus 1	Blastx
SRR22534740	NODE_45552_length_571_cov_9.180297	33.1	571	422	0.329384	2.29e-16	acc|GENBANK|UFX99841.1|GENBANK|MH046811|zinc-type alcohol dehydrogenase-like protein [Megavirus baoshan]	Megavirus baoshan	Blastx
SRR22534740	NODE_23336_length_733_cov_4.591429	30.9	733	870	0.189655	2.32e-16	acc|GENBANK|AGE58933.1|GENBANK|JX997183|calcium-transporting ATPase, plasma [Paramecium bursaria Chlorella virus NYs1]	Paramecium bursaria Chlorella virus NYs1	Blastx
SRR22534740	NODE_13375_length_640_cov_3.481054	30.7	640	575	0.346087	2.33e-16	acc|GENBANK|CAE02704.1|GENBANK|AJ575660|putative sugar transporter [Yarrowia lipolytica]	Yarrowia lipolytica	Blastx
SRR22534740	NODE_21249_length_201_cov_0.982143	54.5	201	2037	0.032401	2.50e-16	acc|GENBANK|ABG37663.1|GENBANK|DQ536170|CCHC-type integrase [Populus trichocarpa]	Populus trichocarpa	Blastx
SRR22534740	NODE_15561_length_283_cov_3.796000	67.3	283	295	0.186441	2.53e-16	acc|REFSEQ|NP_077428.1|REFSEQ|NC_002686|thymidylate synthase [Cercopithecine alphaherpesvirus 9]	Cercopithecine alphaherpesvirus 9	Blastx
SRR22534740	NODE_36792_length_422_cov_4.984576	39.8	422	370	0.291892	2.55e-16	acc|GENBANK|QBK91269.1|GENBANK|MK500519|putative serine/threonine protein kinase [Pithovirus LCPAC202]	Pithovirus LCPAC202	Blastx
SRR22534740	NODE_10601_length_250_cov_4.599078	47.4	250	727	0.107290	2.55e-16	acc|GENBANK|ADB85269.1|GENBANK|GQ252805|putative lectin-like protein kinase [Phyllostachys edulis]	Phyllostachys edulis	Blastx
SRR22534740	NODE_41859_length_1227_cov_5.388610	42.1	1227	686	0.193878	2.58e-16	acc|GENBANK|WNO13952.1|GENBANK|OQ968299|coat protein [Guapo partitivirus]	Guapo partitivirus	Blastx
SRR22534740	NODE_304_length_521_cov_26.276639	62.5	521	214	0.299065	2.59e-16	acc|GENBANK|UZE89726.1|GENBANK|ON704650|hypothetical protein [Parapoynx stagnalis nucleopolyhedrovirus]	Parapoynx stagnalis nucleopolyhedrovirus	Blastx
SRR22534740	NODE_16026_length_1046_cov_3.240869	28.6	1046	426	0.647887	2.70e-16	acc|GENBANK|QBK87330.1|GENBANK|MK500349|calcineurin-like phosphoesterase [Marseillevirus LCMAC201]	Marseillevirus LCMAC201	Blastx
SRR22534740	NODE_31897_length_599_cov_7.323322	29.7	599	182	0.868132	2.70e-16	acc|REFSEQ|YP_009163818.1|REFSEQ|NC_027778|ORF_057R [Scale drop disease virus]	Scale drop disease virus	Blastx
SRR22534740	NODE_14950_length_277_cov_2.877049	53.1	277	925	0.087568	2.70e-16	acc|GENBANK|ABY48139.1|GENBANK|EU306659|NORK [Medicago truncatula]	Medicago truncatula	Blastx
SRR22534740	NODE_36492_length_1020_cov_14.584600	28.5	1020	333	0.789790	2.74e-16	acc|GENBANK|QDY52116.1|GENBANK|MK250087|D-isomer specific 2-hydroxyacid dehydrogenase, [Mimiviridae sp. ChoanoV1]	Mimiviridae sp. ChoanoV1	Blastx
SRR22534740	NODE_17988_length_259_cov_1.442478	49.2	259	116	0.508621	2.74e-16	acc|GENBANK|AYV81207.1|GENBANK|MK072263|putative zinc finger A20 and AN1 [Harvfovirus sp.]	Harvfovirus sp.	Blastx
SRR22534740	NODE_24407_length_355_cov_2.105590	43.6	355	678	0.172566	2.78e-16	acc|GENBANK|CCQ71325.1|GENBANK|HF586476|hypothetical kinesin-like protein KIF3 [Cotesia congregata]	Cotesia congregata	Blastx
SRR22534740	NODE_16192_length_581_cov_3.793796	41.2	581	925	0.110270	2.79e-16	acc|GENBANK|ABY48139.1|GENBANK|EU306659|NORK [Medicago truncatula]	Medicago truncatula	Blastx
SRR22534740	NODE_1699_length_1352_cov_23.833965	25.3	1352	4062	0.077794	2.81e-16	acc|GENBANK|QOR60750.1|GENBANK|MK522039|hypothetical protein [Bathycoccus sp. RCC716 virus 3]	Bathycoccus sp. RCC716 virus 3	Blastx
SRR22534740	NODE_20299_length_392_cov_4.208914	39.4	392	485	0.292784	2.82e-16	acc|GENBANK|UMZ07892.1|GENBANK|OL770070|AAA family ATPase [Acanthamoeba polyphaga mimivirus]	Acanthamoeba polyphaga mimivirus	Blastx
SRR22534740	NODE_1466_length_1491_cov_15.929355	32.9	1491	507	0.341223	2.88e-16	acc|GENBANK|QHN71152.1|GENBANK|MN812837|cytochrome P450 domain protein [Mollivirus kamchatka]	Mollivirus kamchatka	Blastx
SRR22534740	NODE_38416_length_627_cov_19.434343	35.8	627	175	0.702857	2.97e-16	acc|GENBANK|QDY52121.1|GENBANK|MK250088|ubiquitin fusion degradation protein UFD1 [Mimiviridae sp. ChoanoV1]	Mimiviridae sp. ChoanoV1	Blastx
SRR22534740	NODE_28120_length_239_cov_2.101942	50.6	239	1101	0.069936	3.00e-16	acc|GENBANK|ARF09969.1|GENBANK|KY684090|deoxycytidylate deaminase [Indivirus ILV1]	Indivirus ILV1	Blastx
SRR22534740	NODE_10858_length_314_cov_1.238434	42.9	314	394	0.230964	3.03e-16	acc|GENBANK|QKF93683.1|GENBANK|MT418680|ATP-dependent RNA helicase DEAD-box [Fadolivirus FV1/VV64]	Fadolivirus FV1/VV64	Blastx
SRR22534740	NODE_26850_length_668_cov_7.266142	30.8	668	265	0.501887	3.04e-16	acc|GENBANK|AYV85024.1|GENBANK|MK072438|hydrolase family protein [Satyrvirus sp.]	Satyrvirus sp.	Blastx
SRR22534740	NODE_34285_length_580_cov_7.769653	44.9	580	85	0.917647	3.13e-16	acc|GENBANK|AYV75195.1|GENBANK|MK071979|putative cytochrome b5 [Terrestrivirus sp.]	Terrestrivirus sp.	Blastx
SRR22534740	NODE_36801_length_563_cov_11.273585	40.6	563	120	0.800000	3.42e-16	acc|GENBANK|QBZ81758.1|GENBANK|MK174290|Protein kinase catalytic incomplete domain [Pandoravirus celtis]	Pandoravirus celtis	Blastx
SRR22534740	NODE_3977_length_379_cov_2.430636	47.5	379	623	0.128411	3.65e-16	acc|GENBANK|BAL14837.1|GENBANK|AB682995|endo-1,4-b-D-glucanase [Oryza sativa Japonica Group]	Oryza sativa Japonica Group	Blastx
SRR22534740	NODE_27684_length_952_cov_8.529924	26.1	952	627	0.433812	3.79e-16	acc|GENBANK|ARF09181.1|GENBANK|KY684084|AMP-binding enzyme [Catovirus CTV1]	Catovirus CTV1	Blastx
SRR22534740	NODE_33014_length_580_cov_7.848263	33.9	580	925	0.201081	3.79e-16	acc|GENBANK|ABY48139.1|GENBANK|EU306659|NORK [Medicago truncatula]	Medicago truncatula	Blastx
SRR22534740	NODE_4167_length_766_cov_13.424284	33.1	766	326	0.555215	3.89e-16	acc|GENBANK|BCU03398.1|GENBANK|LC625835|haloacid dehydrogenase [Pandoravirus japonicus]	Pandoravirus japonicus	Blastx
SRR22534740	NODE_6710_length_683_cov_8.207692	30.6	683	488	0.375000	4.00e-16	acc|GENBANK|QBK85428.1|GENBANK|MK500327|polyADP-ribose polymerase [Marseillevirus LCMAC101]	Marseillevirus LCMAC101	Blastx
SRR22534740	NODE_333_length_835_cov_56.032419	30.6	835	383	0.477807	4.04e-16	acc|GENBANK|AJA91762.1|GENBANK|KM434202|dihydroflavonol 4-reductase [Allium cepa]	Allium cepa	Blastx
SRR22534740	NODE_1638_length_1270_cov_43.987065	25.4	1270	539	0.679035	4.21e-16	acc|GENBANK|QDY52400.1|GENBANK|MK250091|aldehyde dehydrogenase family protein [Mimiviridae sp. ChoanoV1]	Mimiviridae sp. ChoanoV1	Blastx
SRR22534740	NODE_24121_length_507_cov_3.649789	31.3	507	248	0.657258	4.21e-16	acc|GENBANK|XDO02353.1|GENBANK|PP542043|Sdr Family Oxidoreductase [Florenciella sp. virus SA2]	Florenciella sp. virus SA2	Blastx
SRR22534740	NODE_33779_length_519_cov_3.390947	40.3	519	174	0.856322	4.37e-16	acc|GENBANK|AWA44800.1|GENBANK|MH182523|hypothetical protein [Saccharum officinarum]	Saccharum officinarum	Blastx
SRR22534740	NODE_32092_length_800_cov_3.671447	28.5	800	318	0.849057	4.44e-16	acc|REFSEQ|YP_009174434.1|REFSEQ|NC_028108|putative heat shock protein 40 [Yellowstone lake phycodnavirus 3]	Yellowstone lake phycodnavirus 3	Blastx
SRR22534740	NODE_44633_length_749_cov_12.696927	34.9	749	467	0.226981	4.64e-16	acc|GENBANK|API81738.1|NEIGHBOR|KU052222|hypothetical protein [Cafeteriavirus-dependent mavirus]	Cafeteriavirus-dependent mavirus	Blastx
SRR22534740	NODE_27823_length_376_cov_3.836735	40.3	376	678	0.175516	4.86e-16	acc|GENBANK|CCQ71325.1|GENBANK|HF586476|hypothetical kinesin-like protein KIF3 [Cotesia congregata]	Cotesia congregata	Blastx
SRR22534740	NODE_36123_length_1072_cov_8.410010	34.8	1072	582	0.266323	5.02e-16	acc|GENBANK|AYV82730.1|GENBANK|MK072384|tryptophan--tRNA cytoplasmic [Hyperionvirus sp.]	Hyperionvirus sp.	Blastx
SRR22534740	NODE_34063_length_471_cov_11.116438	45.0	471	489	0.204499	5.02e-16	acc|GENBANK|QFG74185.1|GENBANK|MN448282|hypothetical protein [Megaviridae environmental sample]	Megaviridae environmental sample	Blastx
SRR22534740	NODE_47255_length_233_cov_1.170000	50.6	233	644	0.122671	5.07e-16	acc|GENBANK|AGE59884.1|GENBANK|JX997186|potassium transporter [Acanthocystis turfacea Chlorella virus TN603.4.2]	Acanthocystis turfacea Chlorella virus TN603.4.2	Blastx
SRR22534740	NODE_23099_length_693_cov_6.887879	32.7	693	225	0.666667	5.10e-16	acc|GENBANK|ARF08669.1|GENBANK|KY684083|2OG-FeII oxygenase superfamily protein [Catovirus CTV1]	Catovirus CTV1	Blastx
SRR22534740	NODE_2627_length_1405_cov_26.222303	26.8	1405	335	0.734328	5.17e-16	acc|GENBANK|AYV75284.1|GENBANK|MK071979|class I SAM-dependent methyltransferase [Terrestrivirus sp.]	Terrestrivirus sp.	Blastx
SRR22534740	NODE_28502_length_380_cov_2.533141	35.7	380	925	0.124324	5.19e-16	acc|GENBANK|ABY48139.1|GENBANK|EU306659|NORK [Medicago truncatula]	Medicago truncatula	Blastx
SRR22534740	NODE_19176_length_241_cov_4.846154	46.8	241	471	0.163482	5.36e-16	acc|GENBANK|AFV13457.1|GENBANK|JQ314445|UDPG-flavonoid 3-O-glucosyl transferase [Tripsacum dactyloides]	Tripsacum dactyloides	Blastx
SRR22534740	NODE_31774_length_500_cov_7.970021	43.0	500	691	0.154848	5.51e-16	acc|GENBANK|UPW42252.1|GENBANK|ON001649|putative RNA dependent RNA polymerase [Xisha Islands farmland mitovirus 5]	Xisha Islands farmland mitovirus 5	Blastx
SRR22534740	NODE_6812_length_677_cov_6.782609	33.6	677	279	0.469534	5.58e-16	acc|GENBANK|QBK87117.1|GENBANK|MK500344|putative serine/threonine protein kinase [Marseillevirus LCMAC201]	Marseillevirus LCMAC201	Blastx
SRR22534740	NODE_28795_length_217_cov_1.081522	51.4	217	644	0.111801	5.64e-16	acc|GENBANK|AGE49283.1|GENBANK|JX997155|potassium transporter [Acanthocystis turfacea Chlorella virus Br0604L]	Acanthocystis turfacea Chlorella virus Br0604L	Blastx
SRR22534740	NODE_48330_length_269_cov_0.991525	44.7	269	503	0.168986	5.76e-16	acc|GENBANK|ARF11365.1|GENBANK|KY684108|choline dehydrogenase / GMC-type oxidoreductase [Klosneuvirus KNV1]	Klosneuvirus KNV1	Blastx
SRR22534740	NODE_11586_length_403_cov_3.297297	41.3	403	337	0.359050	5.92e-16	acc|GENBANK|ABH08433.1|GENBANK|DQ851167|putative heat shock factor [Beta vulgaris]	Beta vulgaris	Blastx
SRR22534740	NODE_5362_length_1195_cov_13.461274	44.8	1195	238	0.487395	6.04e-16	acc|GENBANK|AYV77971.1|GENBANK|MK072068|hypothetical protein [Edafosvirus sp.]	Edafosvirus sp.	Blastx
SRR22534740	NODE_37743_length_1044_cov_21.030663	44.3	1044	482	0.238589	6.37e-16	acc|REFSEQ|YP_010780157.1|REFSEQ|NC_075038|cytidyltransferaserelated domain containing [Tupanvirus deep ocean]	Tupanvirus deep ocean	Blastx
SRR22534740	NODE_37140_length_1182_cov_11.496954	30.0	1182	624	0.352564	6.44e-16	acc|GENBANK|BBI30505.1|GENBANK|AP018495|replication factor C large subunit [Acanthamoeba castellanii medusavirus J1]	Acanthamoeba castellanii medusavirus J1	Blastx
SRR22534740	NODE_33359_length_580_cov_5.073126	55.7	580	183	0.382514	6.52e-16	acc|REFSEQ|YP_009465880.1|REFSEQ|NC_037057|hypothetical protein [Dishui lake phycodnavirus 1]	Dishui lake phycodnavirus 1	Blastx
SRR22534740	NODE_2339_length_429_cov_6.356061	58.9	429	288	0.253472	6.57e-16	acc|GENBANK|QBK86945.1|GENBANK|MK500338|tetrahydrofolate dehydrogenase/cyclohydrolase [Marseillevirus LCMAC103]	Marseillevirus LCMAC103	Blastx
SRR22534740	NODE_21384_length_434_cov_3.436409	42.5	434	403	0.263027	6.64e-16	acc|GENBANK|CCQ71329.1|GENBANK|HF586477|hypothetical dolichyl pyrophosphate Man9GlcNAc2 [Cotesia congregata]	Cotesia congregata	Blastx
SRR22534740	NODE_37859_length_256_cov_17.986547	72.7	256	112	0.392857	6.76e-16	acc|GENBANK|QDH87640.1|GENBANK|MN033519|hypothetical protein [Mitovirus sp.]	Mitovirus sp.	Blastx
SRR22534740	NODE_48083_length_262_cov_1.021834	45.1	262	458	0.179039	6.92e-16	acc|REFSEQ|YP_009448811.1|REFSEQ|NC_036594|Serine-tRNA synthetase, type1 [Orpheovirus IHUMI-LCC2]	Orpheovirus IHUMI-LCC2	Blastx
SRR22534740	NODE_23405_length_820_cov_2.939009	29.2	820	575	0.380870	7.00e-16	acc|GENBANK|CAE02704.1|GENBANK|AJ575660|putative sugar transporter [Yarrowia lipolytica]	Yarrowia lipolytica	Blastx
SRR22534740	NODE_38784_length_1613_cov_6.773418	28.2	1613	532	0.466165	7.07e-16	acc|GENBANK|AGE49416.1|GENBANK|JX997156|cellulose synthase catalytic subunit [Acanthocystis turfacea Chlorella virus Can0610SP]	Acanthocystis turfacea Chlorella virus Can0610SP	Blastx
SRR22534740	NODE_41202_length_1179_cov_3.814136	25.6	1179	402	0.863184	7.28e-16	acc|GENBANK|QYA18859.1|GENBANK|MZ420154|phospholipase [Clandestinovirus]	Clandestinovirus	Blastx
SRR22534740	NODE_7058_length_889_cov_36.139019	47.5	889	183	0.551913	7.46e-16	acc|REFSEQ|YP_009465880.1|REFSEQ|NC_037057|hypothetical protein [Dishui lake phycodnavirus 1]	Dishui lake phycodnavirus 1	Blastx
SRR22534740	NODE_7036_length_1035_cov_10.945110	34.8	1035	202	0.554455	8.38e-16	acc|GENBANK|QBK85899.1|GENBANK|MK500328|exonuclease [Marseillevirus LCMAC101]	Marseillevirus LCMAC101	Blastx
SRR22534740	NODE_3121_length_4666_cov_19.496439	28.4	4666	345	0.950725	8.53e-16	acc|REFSEQ|YP_008052569.1|REFSEQ|NC_021312|ubiquitin specific peptidase C19 [Phaeocystis globosa virus]	Phaeocystis globosa virus	Blastx
SRR22534740	NODE_25443_length_367_cov_5.128743	33.1	367	1739	0.071305	8.66e-16	acc|REFSEQ|YP_008437740.2|REFSEQ|NC_022098|serine-threonine kinase [Pandoravirus salinus]	Pandoravirus salinus	Blastx
SRR22534740	NODE_984_length_586_cov_113.356239	32.9	586	327	0.474006	9.04e-16	acc|GENBANK|QKF94686.1|GENBANK|MT418680|NADP-dependent oxidoreductase [Fadolivirus FV1/VV64]	Fadolivirus FV1/VV64	Blastx
SRR22534740	NODE_1584_length_872_cov_23.953516	62.5	872	214	0.299065	9.37e-16	acc|GENBANK|UZE89726.1|GENBANK|ON704650|hypothetical protein [Parapoynx stagnalis nucleopolyhedrovirus]	Parapoynx stagnalis nucleopolyhedrovirus	Blastx
SRR22534740	NODE_2212_length_262_cov_7.506550	43.5	262	321	0.264798	9.44e-16	acc|GENBANK|AYV84610.1|GENBANK|MK072412|serine/threonine protein kinase [Hyperionvirus sp.]	Hyperionvirus sp.	Blastx
SRR22534740	NODE_43909_length_1202_cov_25.248931	30.1	1202	498	0.453815	9.49e-16	acc|GENBANK|XHA59766.1|GENBANK|OR863077|thermosome [Poseidoniales virus]	Poseidoniales virus	Blastx
SRR22534740	NODE_16932_length_283_cov_2.712000	38.0	283	497	0.185111	9.51e-16	acc|GENBANK|CCQ71326.1|GENBANK|HF586476|hypothetical Pro-X carboxypeptidase-like protein [Cotesia congregata]	Cotesia congregata	Blastx
SRR22534740	NODE_2564_length_478_cov_28.786517	31.4	478	383	0.415144	9.58e-16	acc|GENBANK|AJA91762.1|GENBANK|KM434202|dihydroflavonol 4-reductase [Allium cepa]	Allium cepa	Blastx
SRR22534740	NODE_44198_length_535_cov_15.061753	69.5	535	242	0.243802	9.60e-16	acc|GENBANK|AGU70135.1|GENBANK|KF270089|integrase-type DNA-binding superfamily protein [Tarenaya hassleriana]	Tarenaya hassleriana	Blastx
SRR22534740	NODE_39955_length_655_cov_11.630225	31.1	655	737	0.183175	9.77e-16	acc|GENBANK|CCQ71381.1|GENBANK|HF586479|hypothetical cystein protease Calpain-B [Cotesia congregata]	Cotesia congregata	Blastx
SRR22534740	NODE_14843_length_658_cov_3.460800	36.4	658	678	0.206490	9.81e-16	acc|GENBANK|CCQ71325.1|GENBANK|HF586476|hypothetical kinesin-like protein KIF3 [Cotesia congregata]	Cotesia congregata	Blastx
SRR22534740	NODE_43573_length_1213_cov_6.689831	41.4	1213	328	0.301829	9.93e-16	acc|GENBANK|QFG74386.1|GENBANK|MN448287|XPG I-region protein [Megaviridae environmental sample]	Megaviridae environmental sample	Blastx
SRR22534740	NODE_7470_length_550_cov_2.328820	31.4	550	1158	0.145941	9.95e-16	acc|GENBANK|ADK47522.1|GENBANK|HM124452|NBS2-RDG2A [Hordeum vulgare subsp. vulgare]	Hordeum vulgare subsp. vulgare	Blastx
SRR22534740	NODE_39535_length_1045_cov_3.711462	37.9	1045	154	0.753247	1.05e-15	acc|GENBANK|QFG74412.1|GENBANK|MN448287|hypothetical protein [Megaviridae environmental sample]	Megaviridae environmental sample	Blastx
SRR22534740	NODE_43347_length_872_cov_4.065554	26.2	872	3055	0.098527	1.06e-15	acc|GENBANK|ACN78965.1|GENBANK|FJ225394|Rpp4 candidate 1 [Glycine max]	Glycine max	Blastx
SRR22534740	NODE_26591_length_354_cov_3.124611	46.2	354	357	0.296919	1.06e-15	acc|GENBANK|ABB29305.1|GENBANK|DQ219419|NADPH-dependent reductase [Zea mays]	Zea mays	Blastx
SRR22534740	NODE_5410_length_577_cov_6.569853	35.4	577	510	0.288235	1.07e-15	acc|REFSEQ|YP_009165152.1|REFSEQ|NC_027867|Cytochrome P450 [Mollivirus sibericum]	Mollivirus sibericum	Blastx
SRR22534740	NODE_34662_length_1188_cov_6.846753	34.0	1188	567	0.264550	1.08e-15	acc|GENBANK|QYA18790.1|GENBANK|MZ420154|RuvB-like chromatin remodeling ATPase [Clandestinovirus]	Clandestinovirus	Blastx
SRR22534740	NODE_18752_length_276_cov_1.172840	51.3	276	363	0.214876	1.13e-15	acc|GENBANK|AGU70139.1|GENBANK|KF270090|protein kinase superfamily protein [Tarenaya hassleriana]	Tarenaya hassleriana	Blastx
SRR22534740	NODE_15343_length_450_cov_3.721823	35.8	450	678	0.218289	1.14e-15	acc|GENBANK|CCQ71325.1|GENBANK|HF586476|hypothetical kinesin-like protein KIF3 [Cotesia congregata]	Cotesia congregata	Blastx
SRR22534740	NODE_11773_length_205_cov_1.063953	46.4	205	178	0.387640	1.14e-15	acc|REFSEQ|YP_010782506.1|REFSEQ|NC_075039|hypothetical protein [Tupanvirus soda lake]	Tupanvirus soda lake	Blastx
SRR22534740	NODE_25448_length_507_cov_6.888186	43.3	507	886	0.117381	1.16e-15	acc|GENBANK|ARF08925.1|GENBANK|KY684083|DNA topoisomerase IA [Catovirus CTV1]	Catovirus CTV1	Blastx
SRR22534740	NODE_40483_length_1277_cov_15.483119	41.8	1277	109	0.899083	1.17e-15	acc|GENBANK|QDY51808.1|GENBANK|MK250085|thioredoxin [Mimiviridae sp. ChoanoV1]	Mimiviridae sp. ChoanoV1	Blastx
SRR22534740	NODE_39155_length_412_cov_5.401055	46.5	412	271	0.261993	1.17e-15	acc|GENBANK|AUF82230.1|GENBANK|KY322437|E3 ubiquitin--protein ligase MIEL1-like protein [Tetraselmis virus 1]	Tetraselmis virus 1	Blastx
SRR22534740	NODE_32499_length_585_cov_5.454710	59.4	585	531	0.129944	1.19e-15	acc|GENBANK|QBK88836.1|GENBANK|MK500400|CTP synthetase [Mimivirus LCMiAC01]	Mimivirus LCMiAC01	Blastx
SRR22534740	NODE_37099_length_870_cov_14.056153	57.1	870	424	0.165094	1.21e-15	acc|GENBANK|ARF09212.1|GENBANK|KY684084|DnaJ domain protein [Catovirus CTV1]	Catovirus CTV1	Blastx
SRR22534740	NODE_18352_length_254_cov_1.778281	48.2	254	520	0.159615	1.22e-15	acc|GENBANK|APO14197.1|GENBANK|KX098475|truncated DELLA protein [Setaria italica]	Setaria italica	Blastx
SRR22534740	NODE_33883_length_225_cov_17.109375	61.8	225	267	0.254682	1.23e-15	acc|REFSEQ|YP_009238942.1|REFSEQ|NC_029692|histone H2B/H2A fusion protein [Brazilian marseillevirus]	Brazilian marseillevirus	Blastx
SRR22534740	NODE_43142_length_455_cov_5.945498	44.3	455	131	0.534351	1.29e-15	acc|GENBANK|AYV76012.1|GENBANK|MK071982|zinc finger A20 and AN1 domain-containing [Terrestrivirus sp.]	Terrestrivirus sp.	Blastx
SRR22534740	NODE_21724_length_385_cov_2.855114	56.1	385	388	0.146907	1.30e-15	acc|GENBANK|CCQ71327.1|GENBANK|HF586476|hypothetical protein kinase Pka-C1 [Cotesia congregata]	Cotesia congregata	Blastx
SRR22534740	NODE_4400_length_280_cov_88.076923	42.2	280	383	0.216710	1.30e-15	acc|GENBANK|AJA91762.1|GENBANK|KM434202|dihydroflavonol 4-reductase [Allium cepa]	Allium cepa	Blastx
SRR22534740	NODE_39959_length_256_cov_4.618834	58.1	256	926	0.066955	1.32e-15	acc|GENBANK|AYV78243.1|GENBANK|MK072072|Zn-dependent peptidase [Edafosvirus sp.]	Edafosvirus sp.	Blastx
SRR22534740	NODE_46649_length_211_cov_1.657303	72.4	211	219	0.264840	1.35e-15	acc|GENBANK|ACB45087.1|GENBANK|EU365381|CRT binding factor 1 [Solanum habrochaites]	Solanum habrochaites	Blastx
SRR22534740	NODE_27643_length_473_cov_1.859091	37.2	473	571	0.253940	1.37e-15	acc|GENBANK|AYV78594.1|GENBANK|MK072084|hypothetical protein [Edafosvirus sp.]	Edafosvirus sp.	Blastx
SRR22534740	NODE_40329_length_808_cov_6.814194	41.1	808	925	0.121081	1.40e-15	acc|GENBANK|ABY48139.1|GENBANK|EU306659|NORK [Medicago truncatula]	Medicago truncatula	Blastx
SRR22534740	NODE_9904_length_503_cov_3.389362	42.6	503	291	0.347079	1.42e-15	acc|REFSEQ|YP_009177067.1|REFSEQ|NC_028238|hypothetical protein [Turkeypox virus]	Turkeypox virus	Blastx
SRR22534740	NODE_19731_length_563_cov_4.430189	35.0	563	182	0.752747	1.50e-15	acc|REFSEQ|YP_009163818.1|REFSEQ|NC_027778|ORF_057R [Scale drop disease virus]	Scale drop disease virus	Blastx
SRR22534740	NODE_30537_length_272_cov_1.832636	55.8	272	503	0.153082	1.53e-15	acc|REFSEQ|YP_004061633.1|REFSEQ|NC_014765|hypothetical protein [Bathycoccus sp. RCC1105 virus BpV1]	Bathycoccus sp. RCC1105 virus BpV1	Blastx
SRR22534740	NODE_1238_length_1658_cov_10.211077	38.7	1658	299	0.458194	1.54e-15	acc|GENBANK|QRE02559.1|GENBANK|MN545489|hypothetical protein [Otarine gammaherpesvirus 4]	Otarine gammaherpesvirus 4	Blastx
SRR22534740	NODE_25870_length_432_cov_2.774436	40.3	432	478	0.248954	1.55e-15	acc|GENBANK|AAK84479.1|GENBANK|AF275345|putative auxin growth promotor protein [Solanum lycopersicum]	Solanum lycopersicum	Blastx
SRR22534740	NODE_44396_length_381_cov_242.255747	45.0	381	87	0.919540	1.55e-15	acc|GENBANK|QJX70809.1|GENBANK|MN534311|hypothetical protein [Faustovirus]	Faustovirus	Blastx
SRR22534740	NODE_43653_length_1527_cov_11.098394	25.8	1527	735	0.421769	1.57e-15	acc|REFSEQ|YP_010782486.1|REFSEQ|NC_075039|1-deoxy-D-xylulose-5-phosphate synthase [Tupanvirus soda lake]	Tupanvirus soda lake	Blastx
SRR22534740	NODE_9601_length_487_cov_2.317181	39.2	487	544	0.220588	1.58e-15	acc|REFSEQ|YP_009119837.1|REFSEQ|NC_026440|beta glucosidase [Pandoravirus inopinatum]	Pandoravirus inopinatum	Blastx
SRR22534740	NODE_25005_length_288_cov_3.780392	43.5	288	403	0.228288	1.59e-15	acc|GENBANK|CCQ71329.1|GENBANK|HF586477|hypothetical dolichyl pyrophosphate Man9GlcNAc2 [Cotesia congregata]	Cotesia congregata	Blastx
SRR22534740	NODE_33428_length_456_cov_11.489362	38.4	456	576	0.239583	1.60e-15	acc|GENBANK|QBK87887.1|GENBANK|MK500371|XRN 5'-3' exonuclease [Marseillevirus LCMAC202]	Marseillevirus LCMAC202	Blastx
SRR22534740	NODE_44194_length_353_cov_2.318750	36.8	353	493	0.231237	1.62e-15	acc|REFSEQ|YP_009172548.1|REFSEQ|NC_028091|hypothetical protein [Ostreococcus lucimarinus virus 2]	Ostreococcus lucimarinus virus 2	Blastx
SRR22534740	NODE_39403_length_343_cov_2.251613	44.8	343	1778	0.048931	1.64e-15	acc|REFSEQ|YP_009482546.1|REFSEQ|NC_037666|serine-threonine kinase [Pandoravirus neocaledonia]	Pandoravirus neocaledonia	Blastx
SRR22534740	NODE_31980_length_284_cov_1.920319	40.2	284	363	0.253444	1.68e-15	acc|GENBANK|AGU70139.1|GENBANK|KF270090|protein kinase superfamily protein [Tarenaya hassleriana]	Tarenaya hassleriana	Blastx
SRR22534740	NODE_35604_length_778_cov_7.484564	27.8	778	309	0.582524	1.72e-15	acc|GENBANK|AYV80835.1|GENBANK|MK072249|SDR family NAD(P)-dependent oxidoreductase [Harvfovirus sp.]	Harvfovirus sp.	Blastx
SRR22534740	NODE_15616_length_350_cov_4.059937	44.7	350	197	0.385787	1.82e-15	acc|REFSEQ|YP_009408356.1|REFSEQ|NC_035468|guanylate kinase [Murmansk poxvirus]	Murmansk poxvirus	Blastx
SRR22534740	NODE_8401_length_1000_cov_9.706308	31.6	1000	387	0.483204	1.93e-15	acc|GENBANK|AYV84290.1|GENBANK|MK072403|hypothetical protein [Hyperionvirus sp.]	Hyperionvirus sp.	Blastx
SRR22534740	NODE_43139_length_635_cov_4.591362	45.7	635	630	0.146032	1.95e-15	acc|REFSEQ|YP_004061438.1|REFSEQ|NC_014765|hypothetical protein [Bathycoccus sp. RCC1105 virus BpV1]	Bathycoccus sp. RCC1105 virus BpV1	Blastx
SRR22534740	NODE_16356_length_271_cov_7.899160	41.8	271	443	0.221219	1.95e-15	acc|REFSEQ|YP_010782291.1|REFSEQ|NC_075039|alcohol dehydrogenase [Tupanvirus soda lake]	Tupanvirus soda lake	Blastx
SRR22534740	NODE_38685_length_549_cov_68.655039	46.8	549	87	0.885057	2.00e-15	acc|GENBANK|QKE50167.1|GENBANK|MN956669|YqaJ viral recombinase [Faustovirus]	Faustovirus	Blastx
SRR22534740	NODE_4923_length_1439_cov_13.179232	32.3	1439	3648	0.043311	2.04e-15	acc|GENBANK|BFJ38647.1|GENBANK|LC810159|polyprotein [Togaviridae sp. PSNE-Toga]	Togaviridae sp. PSNE-Toga	Blastx
SRR22534740	NODE_5187_length_784_cov_3.039947	39.6	784	471	0.214437	2.07e-15	acc|GENBANK|AFV13457.1|GENBANK|JQ314445|UDPG-flavonoid 3-O-glucosyl transferase [Tripsacum dactyloides]	Tripsacum dactyloides	Blastx
SRR22534740	NODE_22731_length_336_cov_2.211221	43.9	336	408	0.240196	2.12e-15	acc|REFSEQ|YP_010781447.1|REFSEQ|NC_075039|Zn-dependent alcohol dehydrogenase [Tupanvirus soda lake]	Tupanvirus soda lake	Blastx
SRR22534740	NODE_22062_length_374_cov_2.533724	38.8	374	1232	0.094156	2.33e-15	acc|GENBANK|ADK47521.1|GENBANK|HM124452|RDG2A [Hordeum vulgare subsp. vulgare]	Hordeum vulgare subsp. vulgare	Blastx
SRR22534740	NODE_38979_length_1131_cov_3.002732	23.2	1131	500	0.768000	2.39e-15	acc|REFSEQ|YP_009448979.1|REFSEQ|NC_036594|Cytochrome P450-like protein E-class [Orpheovirus IHUMI-LCC2]	Orpheovirus IHUMI-LCC2	Blastx
SRR22534740	NODE_19494_length_300_cov_2.513109	50.6	300	953	0.082896	2.39e-15	acc|GENBANK|ACB28472.1|GENBANK|EU522675|polyprotein [Ananas comosus]	Ananas comosus	Blastx
SRR22534740	NODE_29675_length_458_cov_6.922353	46.1	458	87	0.873563	2.39e-15	acc|GENBANK|QJX70809.1|GENBANK|MN534311|hypothetical protein [Faustovirus]	Faustovirus	Blastx
SRR22534740	NODE_48856_length_457_cov_1.655660	37.5	457	171	0.748538	2.41e-15	acc|REFSEQ|YP_009481436.1|REFSEQ|NC_037665|S-phase kinase-associated protein 1 [Pandoravirus macleodensis]	Pandoravirus macleodensis	Blastx
SRR22534740	NODE_41004_length_1830_cov_16.948247	27.7	1830	345	0.950725	2.52e-15	acc|REFSEQ|YP_008052569.1|REFSEQ|NC_021312|ubiquitin specific peptidase C19 [Phaeocystis globosa virus]	Phaeocystis globosa virus	Blastx
SRR22534740	NODE_13105_length_543_cov_3.096078	40.2	543	471	0.248408	2.53e-15	acc|GENBANK|AFV13457.1|GENBANK|JQ314445|UDPG-flavonoid 3-O-glucosyl transferase [Tripsacum dactyloides]	Tripsacum dactyloides	Blastx
SRR22534740	NODE_33028_length_414_cov_3.212598	41.0	414	643	0.189736	2.61e-15	acc|GENBANK|WZO87694.1|GENBANK|PP681895|ATPase [Chlorovirus sp.]	Chlorovirus sp.	Blastx
SRR22534740	NODE_19606_length_468_cov_3.227586	33.3	468	832	0.187500	2.63e-15	acc|GENBANK|BAD00047.1|GENBANK|AB119282|Fusion protein, Feo [Hepacivirus hominis]	Hepacivirus hominis	Blastx
SRR22534740	NODE_48106_length_262_cov_1.021834	53.9	262	1281	0.059329	2.70e-15	acc|GENBANK|AAA67727.1|GENBANK|U15647|reverse transcriptase [Mus musculus domesticus]	Mus musculus domesticus	Blastx
SRR22534740	NODE_27703_length_519_cov_1.641975	38.5	519	277	0.375451	2.73e-15	acc|GENBANK|CAC44110.1|GENBANK|AJ411813|gag polyprotein [Cicer arietinum]	Cicer arietinum	Blastx
SRR22534740	NODE_3792_length_665_cov_37.039557	33.9	665	870	0.220690	2.74e-15	acc|GENBANK|WZO87275.1|GENBANK|PP681894|ATPase [Chlorovirus sp.]	Chlorovirus sp.	Blastx
SRR22534740	NODE_10918_length_695_cov_3.711480	32.5	695	228	0.688596	2.81e-15	acc|GENBANK|AYV76988.1|GENBANK|MK072003|nicotinamide/nicotinic acid mononucleotide [Barrevirus sp.]	Barrevirus sp.	Blastx
SRR22534740	NODE_36408_length_1187_cov_11.038995	31.4	1187	243	0.695473	3.09e-15	acc|GENBANK|QPB44322.1|GENBANK|MW018138|BTB/POZ domain-containing protein [Medusavirus stheno T3]	Medusavirus stheno T3	Blastx
SRR22534740	NODE_40478_length_261_cov_7.324561	47.1	261	421	0.201900	3.10e-15	acc|GENBANK|AGP03657.1|GENBANK|KF220834|integrase-type DNA-binding superfamily protein [Glycine max]	Glycine max	Blastx
SRR22534740	NODE_39133_length_231_cov_9.808081	50.7	231	316	0.237342	3.15e-15	acc|GENBANK|QDY51833.1|GENBANK|MK250085|hypothetical protein [Mimiviridae sp. ChoanoV1]	Mimiviridae sp. ChoanoV1	Blastx
SRR22534740	NODE_6082_length_664_cov_14.521395	36.4	664	178	0.724719	3.16e-15	acc|GENBANK|AYV76411.1|GENBANK|MK071984|putative vesicle transport protein SFT2B isoform [Terrestrivirus sp.]	Terrestrivirus sp.	Blastx
SRR22534740	NODE_34961_length_551_cov_7.442085	41.5	551	808	0.116337	3.24e-15	acc|GENBANK|QYA18543.1|GENBANK|MZ420154|dynamin 1-like protein [Clandestinovirus]	Clandestinovirus	Blastx
SRR22534740	NODE_3040_length_468_cov_3.878161	42.2	468	549	0.163934	3.33e-15	acc|GENBANK|WGU26815.1|GENBANK|OQ503488|pentatricopeptide repeat-containing protein [Triticum monococcum]	Triticum monococcum	Blastx
SRR22534740	NODE_29867_length_567_cov_6.003745	33.8	567	357	0.414566	3.62e-15	acc|GENBANK|ABB29305.1|GENBANK|DQ219419|NADPH-dependent reductase [Zea mays]	Zea mays	Blastx
SRR22534740	NODE_7870_length_863_cov_2.126506	59.4	863	203	0.339901	3.66e-15	acc|GENBANK|ACB45086.1|GENBANK|EU365381|CRT binding factor 3 [Solanum habrochaites]	Solanum habrochaites	Blastx
SRR22534740	NODE_16267_length_656_cov_3.492777	33.3	656	497	0.295775	3.82e-15	acc|REFSEQ|YP_009118582.1|REFSEQ|NC_026430|global transactivator-like protein [Condylorrhiza vestigialis mutiple nucleopolyhedrovirus]	Condylorrhiza vestigialis mutiple nucleopolyhedrovirus	Blastx
SRR22534740	NODE_37844_length_504_cov_22.641189	33.5	504	925	0.193514	3.89e-15	acc|GENBANK|ABY48139.1|GENBANK|EU306659|NORK [Medicago truncatula]	Medicago truncatula	Blastx
SRR22534740	NODE_3310_length_808_cov_9.521290	55.7	808	604	0.130795	4.04e-15	acc|GENBANK|ABH08432.1|GENBANK|DQ851167|putative non-inducible immunity 1 [Beta vulgaris]	Beta vulgaris	Blastx
SRR22534740	NODE_7725_length_1293_cov_4.203175	29.9	1293	357	0.739496	4.22e-15	acc|GENBANK|ABB29305.1|GENBANK|DQ219419|NADPH-dependent reductase [Zea mays]	Zea mays	Blastx
SRR22534740	NODE_39697_length_601_cov_3.035211	35.2	601	471	0.301486	4.26e-15	acc|GENBANK|AFV13457.1|GENBANK|JQ314445|UDPG-flavonoid 3-O-glucosyl transferase [Tripsacum dactyloides]	Tripsacum dactyloides	Blastx
SRR22534740	NODE_1448_length_877_cov_5.355450	32.4	877	285	0.487719	4.38e-15	acc|REFSEQ|NP_073398.1|REFSEQ|NC_002642|esterase/lipase [Yaba-like disease virus]	Yaba-like disease virus	Blastx
SRR22534740	NODE_29975_length_245_cov_10.391509	75.9	245	203	0.266010	4.38e-15	acc|GENBANK|ACB45086.1|GENBANK|EU365381|CRT binding factor 3 [Solanum habrochaites]	Solanum habrochaites	Blastx
SRR22534740	NODE_7917_length_527_cov_17.137652	34.8	527	590	0.238983	4.44e-15	acc|GENBANK|AYV86827.1|GENBANK|MK072516|CMGC/MAPK protein kinase [Sylvanvirus sp.]	Sylvanvirus sp.	Blastx
SRR22534740	NODE_33743_length_968_cov_8.008556	26.7	968	467	0.633833	4.54e-15	acc|GENBANK|API81738.1|NEIGHBOR|KU052222|hypothetical protein [Cafeteriavirus-dependent mavirus]	Cafeteriavirus-dependent mavirus	Blastx
SRR22534740	NODE_5519_length_1068_cov_6.324638	28.2	1068	233	0.866953	4.56e-15	acc|GENBANK|QBK85221.1|GENBANK|MK500309|2OG-Fe(II) oxygenase superfamily protein [Iridovirus LCIVAC01]	Iridovirus LCIVAC01	Blastx
SRR22534740	NODE_4323_length_461_cov_3.037383	74.5	461	242	0.227273	4.81e-15	acc|GENBANK|AGU70135.1|GENBANK|KF270089|integrase-type DNA-binding superfamily protein [Tarenaya hassleriana]	Tarenaya hassleriana	Blastx
SRR22534740	NODE_36715_length_731_cov_13.355301	40.0	731	353	0.311615	4.98e-15	acc|GENBANK|AYV77002.1|GENBANK|MK072004|metallopeptidase family M24 [Barrevirus sp.]	Barrevirus sp.	Blastx
SRR22534740	NODE_16030_length_441_cov_2.477941	40.9	441	925	0.118919	5.03e-15	acc|GENBANK|ABY48139.1|GENBANK|EU306659|NORK [Medicago truncatula]	Medicago truncatula	Blastx
SRR22534740	NODE_38294_length_216_cov_38.459016	58.8	216	819	0.083028	5.04e-15	acc|GENBANK|QKF94107.1|GENBANK|MT418680|eukaryotic translation elongation factor 2 [Fadolivirus FV1/VV64]	Fadolivirus FV1/VV64	Blastx
SRR22534740	NODE_28526_length_382_cov_2.134670	54.5	382	183	0.360656	5.54e-15	acc|REFSEQ|YP_009465880.1|REFSEQ|NC_037057|hypothetical protein [Dishui lake phycodnavirus 1]	Dishui lake phycodnavirus 1	Blastx
SRR22534740	NODE_5764_length_284_cov_441.788845	72.7	284	143	0.307692	5.75e-15	acc|GENBANK|UOG94409.1|NEIGHBOR|OM876856|eukaryotic translation initiation factor [Aureococcus anophagefferens virus]	Aureococcus anophagefferens virus	Blastx
SRR22534740	NODE_31267_length_477_cov_7.592342	37.4	477	291	0.422680	5.80e-15	acc|GENBANK|QDY52327.1|GENBANK|MK250090|hypothetical protein [Mimiviridae sp. ChoanoV1]	Mimiviridae sp. ChoanoV1	Blastx
SRR22534740	NODE_5229_length_321_cov_8.819444	38.8	321	1460	0.070548	5.92e-15	acc|REFSEQ|YP_009254903.1|REFSEQ|NC_030230|serine-threonine kinase [Tokyovirus A1]	Tokyovirus A1	Blastx
SRR22534740	NODE_10084_length_785_cov_2.453457	43.8	785	1793	0.053542	5.95e-15	acc|GENBANK|CCQ71366.1|GENBANK|HF586479|hypothetical serine/threonine protein kinase [Cotesia congregata]	Cotesia congregata	Blastx
SRR22534740	NODE_20230_length_223_cov_1.042105	53.0	223	389	0.169666	6.00e-15	acc|GENBANK|BAD99221.1|GENBANK|AB196430|polypepetide with reverse transcriptase and [Petunia x hybrida]	Petunia x hybrida	Blastx
SRR22534740	NODE_12538_length_277_cov_1.889344	49.3	277	1263	0.056215	6.15e-15	acc|GENBANK|ABG37655.1|GENBANK|DQ536162|integrase [Populus trichocarpa]	Populus trichocarpa	Blastx
SRR22534740	NODE_44155_length_387_cov_7.138418	34.5	387	480	0.247917	6.16e-15	acc|GENBANK|WZO87318.1|GENBANK|PP681894|NADH dehydrogenase [Chlorovirus sp.]	Chlorovirus sp.	Blastx
SRR22534740	NODE_40998_length_887_cov_3.735363	69.4	887	242	0.256198	6.22e-15	acc|GENBANK|AGU70135.1|GENBANK|KF270089|integrase-type DNA-binding superfamily protein [Tarenaya hassleriana]	Tarenaya hassleriana	Blastx
SRR22534740	NODE_36447_length_211_cov_22.910112	42.9	211	209	0.334928	6.25e-15	acc|GENBANK|CAK7596599.1|GENBANK|OZ003748|Small GTPase [Catovirus sp. 'naegleriensis']	Catovirus sp. 'naegleriensis'	Blastx
SRR22534740	NODE_846_length_498_cov_5.273118	32.0	498	281	0.601423	6.31e-15	acc|GENBANK|AAV50967.1|NEIGHBOR|AY653733|P13-like protein [Acanthamoeba polyphaga mimivirus]	Acanthamoeba polyphaga mimivirus	Blastx
SRR22534740	NODE_35288_length_720_cov_6.321689	37.3	720	148	0.797297	6.49e-15	acc|GENBANK|AEQ61124.1|GENBANK|JF801956|Alkylated DNA repair protein [Acanthamoeba castellanii mamavirus]	Acanthamoeba castellanii mamavirus	Blastx
SRR22534740	NODE_44671_length_566_cov_5.446529	70.7	566	242	0.239669	6.64e-15	acc|GENBANK|AGU70135.1|GENBANK|KF270089|integrase-type DNA-binding superfamily protein [Tarenaya hassleriana]	Tarenaya hassleriana	Blastx
SRR22534740	NODE_14488_length_340_cov_2.732899	45.3	340	150	0.500000	6.67e-15	acc|REFSEQ|YP_003969734.1|REFSEQ|NC_014637|putative ubiquitin-conjugating enzyme E2 [Cafeteria roenbergensis virus BV-PW1]	Cafeteria roenbergensis virus BV-PW1	Blastx
SRR22534740	NODE_39035_length_729_cov_4.863506	25.3	729	484	0.497934	6.71e-15	acc|GENBANK|AYV77733.1|GENBANK|MK072066|CYP86A7 [Edafosvirus sp.]	Edafosvirus sp.	Blastx
SRR22534740	NODE_6185_length_646_cov_3.634584	37.8	646	537	0.206704	6.90e-15	acc|REFSEQ|YP_010781718.1|REFSEQ|NC_075039|ATP binding cassette sub family F [Tupanvirus soda lake]	Tupanvirus soda lake	Blastx
SRR22534740	NODE_41681_length_896_cov_7.943221	45.3	896	1512	0.077381	6.92e-15	acc|REFSEQ|YP_008052581.1|REFSEQ|NC_021312|DNA-directed RNA polymerase II subunit RPB1 [Phaeocystis globosa virus]	Phaeocystis globosa virus	Blastx
SRR22534740	NODE_4021_length_290_cov_50.284047	51.5	290	198	0.343434	7.04e-15	acc|REFSEQ|NP_955110.1|REFSEQ|NC_005309|CNPV087 putative glutathione peroxidase [Canarypox virus]	Canarypox virus	Blastx
SRR22534740	NODE_27230_length_501_cov_2.754274	50.0	501	1125	0.067556	7.15e-15	acc|GENBANK|AYV86640.1|GENBANK|MK072511|sensory box sensor histidine kinase/response [Sylvanvirus sp.]	Sylvanvirus sp.	Blastx
SRR22534740	NODE_43741_length_1412_cov_12.533720	37.6	1412	230	0.613043	7.26e-15	acc|GENBANK|ADB85286.1|GENBANK|GQ252816|putative RNA-binding-like protein [Phyllostachys edulis]	Phyllostachys edulis	Blastx
SRR22534740	NODE_6311_length_1385_cov_16.231509	26.8	1385	269	0.873606	7.48e-15	acc|REFSEQ|YP_003970108.1|REFSEQ|NC_014637|putative family 2C serine/threonine phosphatase [Cafeteria roenbergensis virus BV-PW1]	Cafeteria roenbergensis virus BV-PW1	Blastx
SRR22534740	NODE_4969_length_1016_cov_5.730417	33.8	1016	326	0.472393	7.57e-15	acc|GENBANK|BCU03398.1|GENBANK|LC625835|haloacid dehydrogenase [Pandoravirus japonicus]	Pandoravirus japonicus	Blastx
SRR22534740	NODE_13882_length_270_cov_2.388186	42.7	270	727	0.122421	7.59e-15	acc|GENBANK|ADB85269.1|GENBANK|GQ252805|putative lectin-like protein kinase [Phyllostachys edulis]	Phyllostachys edulis	Blastx
SRR22534740	NODE_26341_length_510_cov_4.867925	40.2	510	2037	0.047619	8.22e-15	acc|GENBANK|ABG37663.1|GENBANK|DQ536170|CCHC-type integrase [Populus trichocarpa]	Populus trichocarpa	Blastx
SRR22534740	NODE_4307_length_352_cov_5.297806	39.2	352	721	0.166436	8.22e-15	acc|GENBANK|AYV87083.1|GENBANK|MK072529|putative RNA helicase SDE3 [Sylvanvirus sp.]	Sylvanvirus sp.	Blastx
SRR22534740	NODE_47183_length_230_cov_1.187817	55.2	230	232	0.288793	8.24e-15	acc|GENBANK|QBK91702.1|GENBANK|MK500565|histone 2A-domain-containing protein [Pithovirus LCPAC304]	Pithovirus LCPAC304	Blastx
SRR22534740	NODE_23005_length_299_cov_4.221805	61.5	299	299	0.173913	8.65e-15	acc|GENBANK|UOG94093.1|NEIGHBOR|OM876856|serine threonine-protein phosphatase [Aureococcus anophagefferens virus]	Aureococcus anophagefferens virus	Blastx
SRR22534740	NODE_44374_length_680_cov_13.432767	49.5	680	518	0.187259	8.84e-15	acc|GENBANK|QPI16131.1|GENBANK|MW030532|hypothetical protein [Virus NIOZ-UU157]	Virus NIOZ-UU157	Blastx
SRR22534740	NODE_44035_length_303_cov_4.159259	44.6	303	2037	0.040746	8.86e-15	acc|GENBANK|ABG37663.1|GENBANK|DQ536170|CCHC-type integrase [Populus trichocarpa]	Populus trichocarpa	Blastx
SRR22534740	NODE_9748_length_633_cov_2.080000	43.3	633	727	0.133425	9.34e-15	acc|GENBANK|ADB85269.1|GENBANK|GQ252805|putative lectin-like protein kinase [Phyllostachys edulis]	Phyllostachys edulis	Blastx
SRR22534740	NODE_18491_length_218_cov_1.340541	70.5	218	776	0.056701	9.39e-15	acc|GENBANK|ABY48135.1|GENBANK|EU306659|beta-D-xylosidase [Medicago truncatula]	Medicago truncatula	Blastx
SRR22534740	NODE_7409_length_335_cov_2.682119	41.5	335	2037	0.052037	9.50e-15	acc|GENBANK|ABG37663.1|GENBANK|DQ536170|CCHC-type integrase [Populus trichocarpa]	Populus trichocarpa	Blastx
SRR22534740	NODE_38506_length_714_cov_24.091043	36.4	714	112	0.955357	9.67e-15	acc|REFSEQ|YP_009173244.1|REFSEQ|NC_028093|hypothetical protein [Ostreococcus lucimarinus virus 7]	Ostreococcus lucimarinus virus 7	Blastx
SRR22534740	NODE_40609_length_1173_cov_8.705263	46.9	1173	391	0.245524	9.82e-15	acc|GENBANK|ARF09921.1|GENBANK|KY684089|DnaJ domain protein [Indivirus ILV1]	Indivirus ILV1	Blastx
SRR22534740	NODE_14994_length_597_cov_8.187943	31.7	597	300	0.610000	1.01e-14	acc|GENBANK|QKF94209.1|GENBANK|MT418680|exonuclease RNAse T/DNA polymerase III [Fadolivirus FV1/VV64]	Fadolivirus FV1/VV64	Blastx
SRR22534740	NODE_1152_length_906_cov_20.056128	36.4	906	447	0.270694	1.03e-14	acc|REFSEQ|NP_077596.1|REFSEQ|NC_002687|serine-threonine kinase [Ectocarpus siliculosus virus 1]	Ectocarpus siliculosus virus 1	Blastx
SRR22534740	NODE_40691_length_849_cov_2.775735	34.4	849	720	0.173611	1.05e-14	acc|GENBANK|ARF11650.1|GENBANK|KY684109|HrpA-like RNA helicase [Klosneuvirus KNV1]	Klosneuvirus KNV1	Blastx
SRR22534740	NODE_43723_length_616_cov_3.861063	34.4	616	693	0.222222	1.07e-14	acc|GENBANK|ARF10293.1|GENBANK|KY684103|methionyl-tRNA synthetase [Hokovirus HKV1]	Hokovirus HKV1	Blastx
SRR22534740	NODE_35308_length_945_cov_7.733553	32.8	945	793	0.219420	1.08e-14	acc|GENBANK|BDT63291.1|GENBANK|LC738883|guanylate kinase-like protein [Armadillidium vulgare clopovirus]	Armadillidium vulgare clopovirus	Blastx
SRR22534740	NODE_11379_length_252_cov_2.652968	42.3	252	506	0.140316	1.08e-14	acc|GENBANK|QBK92268.1|GENBANK|MK500571|putative serine/threonine protein kinase [Pithovirus LCPAC304]	Pithovirus LCPAC304	Blastx
SRR22534740	NODE_46448_length_204_cov_1.362573	51.5	204	613	0.107667	1.08e-14	acc|GENBANK|ADB85401.1|GENBANK|GQ252886|putative pollen-specific kinase [Phyllostachys edulis]	Phyllostachys edulis	Blastx
SRR22534740	NODE_26061_length_406_cov_2.750670	31.2	406	752	0.166223	1.13e-14	acc|GENBANK|AYV76414.1|GENBANK|MK071984|HrpA-like RNA helicase [Terrestrivirus sp.]	Terrestrivirus sp.	Blastx
SRR22534740	NODE_20247_length_631_cov_1.408027	34.0	631	411	0.464720	1.16e-14	acc|GENBANK|WZO84620.1|GENBANK|PP681887|NADH dehydrogenase [Chlorovirus sp.]	Chlorovirus sp.	Blastx
SRR22534740	NODE_40485_length_593_cov_5.196429	31.5	593	686	0.217201	1.17e-14	acc|GENBANK|WNO13952.1|GENBANK|OQ968299|coat protein [Guapo partitivirus]	Guapo partitivirus	Blastx
SRR22534740	NODE_9283_length_232_cov_1.678392	50.7	232	1710	0.043860	1.17e-14	acc|GENBANK|BBI30403.1|GENBANK|AP018495|Ser/Thr protein kinase [Acanthamoeba castellanii medusavirus J1]	Acanthamoeba castellanii medusavirus J1	Blastx
SRR22534740	NODE_2793_length_302_cov_27.966543	58.0	302	93	0.537634	1.17e-14	acc|GENBANK|QBK88300.1|GENBANK|MK500384|prolyl-tRNA synthetase, N-fragment [Marseillevirus LCMAC202]	Marseillevirus LCMAC202	Blastx
SRR22534740	NODE_44700_length_303_cov_9.003704	51.9	303	1033	0.074540	1.18e-14	acc|REFSEQ|YP_010782239.1|REFSEQ|NC_075039|putative ATP-citrate synthase [Tupanvirus soda lake]	Tupanvirus soda lake	Blastx
SRR22534740	NODE_48758_length_325_cov_1.599315	39.3	325	204	0.436275	1.21e-14	acc|GENBANK|ARF08647.1|GENBANK|KY684083|phosphoribulokinase / Uridine kinase family [Catovirus CTV1]	Catovirus CTV1	Blastx
SRR22534740	NODE_7926_length_1073_cov_8.326923	30.2	1073	254	0.795276	1.25e-14	acc|REFSEQ|YP_009001499.1|REFSEQ|NC_023426|phosphatidic acid phosphatase type 2 [Alphaentomopoxvirus acuprea]	Alphaentomopoxvirus acuprea	Blastx
SRR22534740	NODE_6645_length_957_cov_3.919913	26.3	957	543	0.412523	1.26e-14	acc|GENBANK|ARF10296.1|GENBANK|KY684103|cytochrome P450 family protein [Hokovirus HKV1]	Hokovirus HKV1	Blastx
SRR22534740	NODE_14588_length_335_cov_2.897351	35.8	335	1102	0.108893	1.27e-14	acc|GENBANK|AYV84919.1|GENBANK|MK072437|copper oxidase [Satyrvirus sp.]	Satyrvirus sp.	Blastx
SRR22534740	NODE_34337_length_440_cov_7.778870	39.0	440	356	0.216292	1.33e-14	acc|GENBANK|AUF82658.1|GENBANK|KY322437|histidine decarboxylase [Tetraselmis virus 1]	Tetraselmis virus 1	Blastx
SRR22534740	NODE_38583_length_292_cov_40.752896	100	292	145	0.220690	1.34e-14	acc|GENBANK|AIC33043.1|GENBANK|KF699327|DNA-directed RNA polymerase IIa [Panax ginseng]	Panax ginseng	Blastx
SRR22534740	NODE_42136_length_799_cov_11.193211	37.9	799	450	0.293333	1.35e-14	acc|GENBANK|QIZ31109.1|GENBANK|MN688676|hypothetical protein [Ostreococcus mediterraneus virus 2]	Ostreococcus mediterraneus virus 2	Blastx
SRR22534740	NODE_17921_length_251_cov_3.077982	43.4	251	353	0.235127	1.38e-14	acc|GENBANK|AYV84281.1|GENBANK|MK072403|hypothetical protein [Hyperionvirus sp.]	Hyperionvirus sp.	Blastx
SRR22534740	NODE_9827_length_485_cov_1.484513	40.8	485	105	0.723810	1.40e-14	acc|GENBANK|QPI16506.1|GENBANK|MW030569|thioredoxin domain-containing protein [Virus NIOZ-UU157]	Virus NIOZ-UU157	Blastx
SRR22534740	NODE_44268_length_1072_cov_6.942252	40.0	1072	367	0.313351	1.41e-14	acc|GENBANK|AYV76323.1|GENBANK|MK071983|STE/STE20/FRAY protein kinase [Terrestrivirus sp.]	Terrestrivirus sp.	Blastx
SRR22534740	NODE_14465_length_525_cov_3.544715	34.6	525	396	0.320707	1.51e-14	acc|GENBANK|QBK92180.1|GENBANK|MK500568|DEAD/DEAH box helicase [Pithovirus LCPAC304]	Pithovirus LCPAC304	Blastx
SRR22534740	NODE_1120_length_712_cov_28.525773	30.1	712	189	0.878307	1.53e-14	acc|REFSEQ|YP_009483770.1|REFSEQ|NC_037667|Cupin [Pandoravirus quercus]	Pandoravirus quercus	Blastx
SRR22534740	NODE_39943_length_458_cov_6.054118	36.0	458	1359	0.110375	1.55e-14	acc|GENBANK|ABD78322.1|GENBANK|DQ381432|polyprotein [Primula vulgaris]	Primula vulgaris	Blastx
SRR22534740	NODE_5144_length_559_cov_184.186312	90.7	559	258	0.166667	1.55e-14	acc|GENBANK|WMV02893.1|GENBANK|OP630990|alpha-tubulin [Diderma spumarioides]	Diderma spumarioides	Blastx
SRR22534740	NODE_34589_length_385_cov_5.534091	34.4	385	510	0.188235	1.56e-14	acc|GENBANK|AHA54129.1|GENBANK|KF481685|putative serine palmitoyltransferase [Emiliania huxleyi virus 18]	Emiliania huxleyi virus 18	Blastx
SRR22534740	NODE_8267_length_1334_cov_21.514988	38.5	1334	264	0.560606	1.57e-14	acc|GENBANK|BBI30279.1|GENBANK|AP018495|BTB/POZ domain-containing protein [Acanthamoeba castellanii medusavirus J1]	Acanthamoeba castellanii medusavirus J1	Blastx
SRR22534740	NODE_12183_length_232_cov_1.145729	47.5	232	759	0.080369	1.57e-14	acc|GENBANK|ACN78962.1|GENBANK|FJ225394|methyltransferase [Glycine max]	Glycine max	Blastx
SRR22534740	NODE_33326_length_629_cov_7.493289	40.5	629	158	0.531646	1.61e-14	acc|GENBANK|AYV75779.1|GENBANK|MK071981|putative thioredoxin domain-containing protein [Terrestrivirus sp.]	Terrestrivirus sp.	Blastx
SRR22534740	NODE_48051_length_260_cov_1.546256	45.9	260	727	0.116919	1.65e-14	acc|GENBANK|ABY48138.1|GENBANK|EU306659|ABC transporter [Medicago truncatula]	Medicago truncatula	Blastx
SRR22534740	NODE_41628_length_462_cov_4.256410	43.4	462	1619	0.046943	1.67e-14	acc|GENBANK|BCS82572.1|GENBANK|AP024483|putative serine/threonine-protein kinase [Cotonvirus japonicus]	Cotonvirus japonicus	Blastx
SRR22534740	NODE_2650_length_1954_cov_11.930245	33.3	1954	162	0.907407	1.68e-14	acc|GENBANK|AXN91156.1|GENBANK|MG745875|putative BTB domain containing protein [Namao virus]	Namao virus	Blastx
SRR22534740	NODE_13933_length_238_cov_0.995122	60.0	238	631	0.110935	1.69e-14	acc|GENBANK|AWA44806.1|GENBANK|MH182523|hypothetical protein [Saccharum officinarum]	Saccharum officinarum	Blastx
SRR22534740	NODE_32297_length_263_cov_3.286957	48.6	263	620	0.112903	1.70e-14	acc|GENBANK|USH99765.1|GENBANK|ON752135|putative retrotransposon protein, Ty3-gypsy [Oryza sativa Japonica Group]	Oryza sativa Japonica Group	Blastx
SRR22534740	NODE_33945_length_834_cov_11.000000	30.1	834	462	0.352814	1.76e-14	acc|GENBANK|QDY51942.1|GENBANK|MK250086|hypothetical protein [Mimiviridae sp. ChoanoV1]	Mimiviridae sp. ChoanoV1	Blastx
SRR22534740	NODE_1103_length_457_cov_14.297170	54.3	457	203	0.344828	1.79e-14	acc|GENBANK|ARF10721.1|GENBANK|KY684104|Ras family GTPase [Hokovirus HKV1]	Hokovirus HKV1	Blastx
SRR22534740	NODE_46988_length_223_cov_1.231579	43.4	223	463	0.164147	1.81e-14	acc|REFSEQ|YP_010781133.1|REFSEQ|NC_075038|cysteine desulfurase sufS family [Tupanvirus deep ocean]	Tupanvirus deep ocean	Blastx
SRR22534740	NODE_22657_length_291_cov_1.248062	46.3	291	693	0.115440	1.85e-14	acc|GENBANK|ARF10293.1|GENBANK|KY684103|methionyl-tRNA synthetase [Hokovirus HKV1]	Hokovirus HKV1	Blastx
SRR22534740	NODE_19287_length_1298_cov_4.464032	27.0	1298	680	0.533824	1.86e-14	acc|GENBANK|QFG73938.1|GENBANK|MN448274|AAA domain protein [Megaviridae environmental sample]	Megaviridae environmental sample	Blastx
SRR22534740	NODE_6532_length_1004_cov_9.064882	30.4	1004	329	0.620061	1.88e-14	acc|REFSEQ|YP_009163849.1|REFSEQ|NC_027778|ORF_088L [Scale drop disease virus]	Scale drop disease virus	Blastx
SRR22534740	NODE_13686_length_234_cov_2.835821	42.9	234	199	0.386935	2.00e-14	acc|GENBANK|AAB48347.1|GENBANK|L47187|reverse transcriptase [Arabidopsis thaliana]	Arabidopsis thaliana	Blastx
SRR22534740	NODE_32874_length_410_cov_1.870027	48.6	410	327	0.220183	2.07e-14	acc|GENBANK|QFG73901.1|GENBANK|MN448274|papain family cysteine protease [Megaviridae environmental sample]	Megaviridae environmental sample	Blastx
SRR22534740	NODE_19285_length_1031_cov_2.762525	39.4	1031	691	0.143271	2.12e-14	acc|GENBANK|UPW42252.1|GENBANK|ON001649|putative RNA dependent RNA polymerase [Xisha Islands farmland mitovirus 5]	Xisha Islands farmland mitovirus 5	Blastx
SRR22534740	NODE_6383_length_510_cov_2.433962	71.4	510	242	0.231405	2.14e-14	acc|GENBANK|AGU70135.1|GENBANK|KF270089|integrase-type DNA-binding superfamily protein [Tarenaya hassleriana]	Tarenaya hassleriana	Blastx
SRR22534740	NODE_21113_length_333_cov_2.060000	43.0	333	478	0.194561	2.14e-14	acc|GENBANK|QBK86272.1|GENBANK|MK500334|cyclin-dependent protein kinase [Marseillevirus LCMAC102]	Marseillevirus LCMAC102	Blastx
SRR22534740	NODE_14938_length_1087_cov_2.954459	49.3	1087	167	0.449102	2.17e-14	acc|GENBANK|AHU86166.1|GENBANK|KF142645|truncated DEF1 [Elaeis guineensis]	Elaeis guineensis	Blastx
SRR22534740	NODE_26443_length_251_cov_1.605505	54.0	251	327	0.192661	2.23e-14	acc|GENBANK|QFG73901.1|GENBANK|MN448274|papain family cysteine protease [Megaviridae environmental sample]	Megaviridae environmental sample	Blastx
SRR22534740	NODE_41914_length_1065_cov_6.633721	34.2	1065	353	0.339943	2.24e-14	acc|GENBANK|WGU26821.1|GENBANK|OQ503488|S-acyltransferase 11-like protein [Triticum monococcum]	Triticum monococcum	Blastx
SRR22534740	NODE_14552_length_371_cov_4.807692	49.3	371	312	0.214744	2.28e-14	acc|GENBANK|ARF10298.1|GENBANK|KY684103|DnaJ domain protein [Hokovirus HKV1]	Hokovirus HKV1	Blastx
SRR22534740	NODE_8573_length_244_cov_3.360190	49.3	244	439	0.161731	2.32e-14	acc|GENBANK|ADX06267.1|GENBANK|HQ704803|putative deoxyribodipyrimidine photo-lyase [Organic Lake phycodnavirus 2]	Organic Lake phycodnavirus 2	Blastx
SRR22534740	NODE_28525_length_224_cov_1.214660	42.0	224	436	0.158257	2.40e-14	acc|GENBANK|CAA79734.1|GENBANK|Z21608|glycoprotein [Brassica napus]	Brassica napus	Blastx
SRR22534740	NODE_38199_length_786_cov_17.917663	53.7	786	312	0.214744	2.42e-14	acc|GENBANK|ARF10298.1|GENBANK|KY684103|DnaJ domain protein [Hokovirus HKV1]	Hokovirus HKV1	Blastx
SRR22534740	NODE_4569_length_421_cov_21.012887	36.5	421	614	0.205212	2.43e-14	acc|REFSEQ|YP_010780357.1|REFSEQ|NC_075038|putative serine threonine-protein kinase [Tupanvirus deep ocean]	Tupanvirus deep ocean	Blastx
SRR22534740	NODE_44242_length_1118_cov_13.491244	35.2	1118	142	0.859155	2.46e-14	acc|GENBANK|QKF93479.1|GENBANK|MT418680|ASCh domain-containing protein [Fadolivirus FV1/VV64]	Fadolivirus FV1/VV64	Blastx
SRR22534740	NODE_48786_length_341_cov_1.519481	64.6	341	953	0.050367	2.52e-14	acc|GENBANK|ACB28472.1|GENBANK|EU522675|polyprotein [Ananas comosus]	Ananas comosus	Blastx
SRR22534740	NODE_6405_length_2105_cov_5.656371	30.8	2105	1083	0.170822	2.55e-14	acc|GENBANK|AAB62532.1|GENBANK|AF001075|gag-v-phosphoinositide 3-kinase catalytic [Avian sarcoma virus 16]	Avian sarcoma virus 16	Blastx
SRR22534740	NODE_11685_length_268_cov_1.012766	46.9	268	1718	0.047148	2.61e-14	acc|REFSEQ|YP_009483283.1|REFSEQ|NC_037667|serine-threonine kinase [Pandoravirus quercus]	Pandoravirus quercus	Blastx
SRR22534740	NODE_36918_length_314_cov_36.946619	39.4	314	296	0.351351	2.70e-14	acc|GENBANK|QBK89863.1|GENBANK|MK500444|HNH endonuclease [Pithovirus LCPAC101]	Pithovirus LCPAC101	Blastx
SRR22534740	NODE_11941_length_329_cov_1.608108	48.7	329	365	0.208219	2.80e-14	acc|GENBANK|BDT62135.1|GENBANK|LC738872|heat shock protein 40-like protein [Litopenaeus vannamei majanivirus Nimav-1_LVa]	Litopenaeus vannamei majanivirus Nimav-1_LVa	Blastx
SRR22534740	NODE_39707_length_1083_cov_5.191429	39.7	1083	506	0.229249	2.85e-14	acc|GENBANK|QBK92268.1|GENBANK|MK500571|putative serine/threonine protein kinase [Pithovirus LCPAC304]	Pithovirus LCPAC304	Blastx
SRR22534740	NODE_8220_length_1044_cov_55.962413	27.7	1044	399	0.588972	2.90e-14	acc|GENBANK|QYA18662.1|GENBANK|MZ420154|cystahionine gamma-synthase [Clandestinovirus]	Clandestinovirus	Blastx
SRR22534740	NODE_37656_length_1110_cov_16.285980	30.6	1110	304	0.644737	2.91e-14	acc|GENBANK|BFT93184.1|GENBANK|LC847964|nudix hydrolase [Medusavirus sp. 'euryale']	Medusavirus sp. 'euryale'	Blastx
SRR22534740	NODE_33469_length_380_cov_5.403458	39.8	380	860	0.108140	2.92e-14	acc|REFSEQ|YP_010780115.1|REFSEQ|NC_075038|valine tRNA-ligase [Tupanvirus deep ocean]	Tupanvirus deep ocean	Blastx
SRR22534740	NODE_36581_length_736_cov_14.368421	36.2	736	375	0.338667	2.93e-14	acc|GENBANK|QFG74672.1|GENBANK|MN448289|helicase [Megaviridae environmental sample]	Megaviridae environmental sample	Blastx
SRR22534740	NODE_30181_length_435_cov_4.716418	37.6	435	925	0.126486	3.01e-14	acc|GENBANK|ABY48139.1|GENBANK|EU306659|NORK [Medicago truncatula]	Medicago truncatula	Blastx
SRR22534740	NODE_28844_length_439_cov_2.039409	34.2	439	793	0.203026	3.06e-14	acc|GENBANK|AYV86642.1|GENBANK|MK072511|putative two-component hybrid sensor and [Sylvanvirus sp.]	Sylvanvirus sp.	Blastx
SRR22534740	NODE_2930_length_551_cov_6.305019	40.9	551	459	0.239651	3.13e-14	acc|GENBANK|BBI30359.1|GENBANK|AP018495|beta-galactosidase [Acanthamoeba castellanii medusavirus J1]	Acanthamoeba castellanii medusavirus J1	Blastx
SRR22534740	NODE_32741_length_386_cov_2.926346	41.1	386	401	0.279302	3.31e-14	acc|REFSEQ|YP_004063600.1|REFSEQ|NC_014789|dehydrogenase [Ostreococcus tauri virus 2]	Ostreococcus tauri virus 2	Blastx
SRR22534740	NODE_41620_length_1229_cov_3.855351	40.0	1229	85	0.941176	3.46e-14	acc|GENBANK|AYV75195.1|GENBANK|MK071979|putative cytochrome b5 [Terrestrivirus sp.]	Terrestrivirus sp.	Blastx
SRR22534740	NODE_21045_length_261_cov_1.096491	51.4	261	326	0.214724	3.57e-14	acc|GENBANK|AAO26690.1|GENBANK|AF478377|gag-pol polyprotein [Vitis vinifera]	Vitis vinifera	Blastx
SRR22534740	NODE_1987_length_1712_cov_22.045861	23.7	1712	4806	0.077403	3.62e-14	acc|GENBANK|UTQ50501.1|GENBANK|OL472077|polyprotein (domains: methyltransferase - [Plant associated alphaendornavirus 1]	Plant associated alphaendornavirus 1	Blastx
SRR22534740	NODE_6715_length_1687_cov_7.256953	48.2	1687	759	0.109354	3.64e-14	acc|GENBANK|ACN78962.1|GENBANK|FJ225394|methyltransferase [Glycine max]	Glycine max	Blastx
SRR22534740	NODE_926_length_1483_cov_11.597241	27.7	1483	305	0.698361	3.66e-14	acc|REFSEQ|YP_002154766.1|REFSEQ|NC_011183|putative ubiquitin-like putative cysteine [Feldmannia species virus]	Feldmannia species virus	Blastx
SRR22534740	NODE_30_length_652_cov_10.106624	47.5	652	63	0.968254	3.66e-14	acc|REFSEQ|YP_009173682.1|REFSEQ|NC_028094|AN1-like Zinc finger containing protein [Chrysochromulina ericina virus]	Chrysochromulina ericina virus	Blastx
SRR22534740	NODE_36374_length_929_cov_18.248884	27.1	929	261	1.003831	3.73e-14	acc|GENBANK|AYV79236.1|GENBANK|MK072137|serine/threonine protein phosphatase [Faunusvirus sp.]	Faunusvirus sp.	Blastx
SRR22534740	NODE_18390_length_579_cov_8.697802	30.7	579	364	0.420330	3.91e-14	acc|GENBANK|BDT62993.1|GENBANK|LC738880|UPF0415 protein [Trachysalambria curvirostris nimavirus]	Trachysalambria curvirostris nimavirus	Blastx
SRR22534740	NODE_19110_length_585_cov_3.092391	35.8	585	317	0.334385	3.94e-14	acc|GENBANK|ACN78961.1|GENBANK|FJ225394|calcineurin-like phosphoesterase [Glycine max]	Glycine max	Blastx
SRR22534740	NODE_39629_length_341_cov_6.847403	42.7	341	186	0.440860	4.01e-14	acc|GENBANK|QBK86547.1|GENBANK|MK500334|dual specificity phosphatase [Marseillevirus LCMAC102]	Marseillevirus LCMAC102	Blastx
SRR22534740	NODE_42946_length_573_cov_4.337037	49.2	573	116	0.508621	4.07e-14	acc|GENBANK|AYV81207.1|GENBANK|MK072263|putative zinc finger A20 and AN1 [Harvfovirus sp.]	Harvfovirus sp.	Blastx
SRR22534740	NODE_3251_length_411_cov_5.158730	51.6	411	642	0.099688	4.11e-14	acc|GENBANK|AYV85593.1|GENBANK|MK072460|hypothetical protein [Satyrvirus sp.]	Satyrvirus sp.	Blastx
SRR22534740	NODE_15415_length_244_cov_4.407583	48.5	244	237	0.278481	4.15e-14	acc|GENBANK|ADB85285.1|GENBANK|GQ252816|hypothetical protein [Phyllostachys edulis]	Phyllostachys edulis	Blastx
SRR22534740	NODE_14899_length_423_cov_4.987179	45.5	423	459	0.167756	4.24e-14	acc|GENBANK|AGE53154.1|GENBANK|JX997167|ATP-dependent helicase [Paramecium bursaria Chlorella virus Fr5L]	Paramecium bursaria Chlorella virus Fr5L	Blastx
SRR22534740	NODE_12885_length_266_cov_0.969957	60.3	266	475	0.122105	4.34e-14	acc|GENBANK|ARF12356.1|GENBANK|KY684112|fructose-1,6-bisphosphatase [Klosneuvirus KNV1]	Klosneuvirus KNV1	Blastx
SRR22534740	NODE_14425_length_310_cov_2.490975	80.4	310	371	0.123989	4.40e-14	acc|GENBANK|AIG55114.1|GENBANK|KJ629227|replication-associated protein [Dioscorea transversa]	Dioscorea transversa	Blastx
SRR22534740	NODE_38823_length_3209_cov_14.690491	55.6	3209	398	0.180905	4.41e-14	acc|GENBANK|AAV50532.1|NEIGHBOR|AY653733|Dnaj-like protein [Acanthamoeba polyphaga mimivirus]	Acanthamoeba polyphaga mimivirus	Blastx
SRR22534740	NODE_7715_length_410_cov_4.737401	52.9	410	410	0.170732	4.44e-14	acc|GENBANK|AAN32881.1|GENBANK|AF468454|polyprotein [Rubus yellow net virus]	Rubus yellow net virus	Blastx
SRR22534740	NODE_5599_length_529_cov_10.252016	40.0	529	356	0.210674	4.45e-14	acc|GENBANK|AUF82658.1|GENBANK|KY322437|histidine decarboxylase [Tetraselmis virus 1]	Tetraselmis virus 1	Blastx
SRR22534740	NODE_2980_length_539_cov_2.494071	40.0	539	727	0.158184	4.50e-14	acc|GENBANK|ABY48138.1|GENBANK|EU306659|ABC transporter [Medicago truncatula]	Medicago truncatula	Blastx
SRR22534740	NODE_30387_length_348_cov_1.685714	36.1	348	467	0.207709	4.72e-14	acc|GENBANK|API81738.1|NEIGHBOR|KU052222|hypothetical protein [Cafeteriavirus-dependent mavirus]	Cafeteriavirus-dependent mavirus	Blastx
SRR22534740	NODE_8599_length_899_cov_2.016166	32.1	899	268	0.582090	4.92e-14	acc|GENBANK|QBK91399.1|GENBANK|MK500535|mitochondrial carrier-like protein [Pithovirus LCPAC302]	Pithovirus LCPAC302	Blastx
SRR22534740	NODE_12312_length_247_cov_1.598131	54.9	247	308	0.165584	4.93e-14	acc|GENBANK|AFV13468.1|GENBANK|JQ314449|ring-H2 zinc finger protein [Coix lacryma-jobi]	Coix lacryma-jobi	Blastx
SRR22534740	NODE_39442_length_931_cov_4.054566	25.5	931	575	0.511304	5.04e-14	acc|GENBANK|CAE02704.1|GENBANK|AJ575660|putative sugar transporter [Yarrowia lipolytica]	Yarrowia lipolytica	Blastx
SRR22534740	NODE_12817_length_578_cov_2.467890	34.0	578	152	0.657895	5.07e-14	acc|GENBANK|AYV87044.1|GENBANK|MK072526|putative nnucleoredoxin [Sylvanvirus sp.]	Sylvanvirus sp.	Blastx
SRR22534740	NODE_28592_length_300_cov_4.318352	45.9	300	522	0.162835	5.13e-14	acc|GENBANK|QPI16279.1|GENBANK|MW030549|hypothetical protein [Virus NIOZ-UU157]	Virus NIOZ-UU157	Blastx
SRR22534740	NODE_36122_length_307_cov_9.817518	46.6	307	443	0.164786	5.19e-14	acc|REFSEQ|YP_010782291.1|REFSEQ|NC_075039|alcohol dehydrogenase [Tupanvirus soda lake]	Tupanvirus soda lake	Blastx
SRR22534740	NODE_5751_length_375_cov_5.064327	40.2	375	845	0.132544	5.23e-14	acc|GENBANK|AYV77843.1|GENBANK|MK072067|mimivirus elongation factor aef-2 [Edafosvirus sp.]	Edafosvirus sp.	Blastx
SRR22534740	NODE_33154_length_353_cov_3.571875	50.0	353	116	0.500000	5.37e-14	acc|GENBANK|AYV81207.1|GENBANK|MK072263|putative zinc finger A20 and AN1 [Harvfovirus sp.]	Harvfovirus sp.	Blastx
SRR22534740	NODE_26766_length_511_cov_1.313808	31.3	511	289	0.574394	5.55e-14	acc|GENBANK|QBK88329.1|GENBANK|MK500386|ABC transporter [Marseillevirus LCMAC202]	Marseillevirus LCMAC202	Blastx
SRR22534740	NODE_12040_length_709_cov_3.519231	40.0	709	359	0.320334	5.57e-14	acc|GENBANK|UOG94301.1|NEIGHBOR|OM876856|pectate lyase [Aureococcus anophagefferens virus]	Aureococcus anophagefferens virus	Blastx
SRR22534740	NODE_39904_length_551_cov_5.687259	57.1	551	183	0.344262	5.64e-14	acc|REFSEQ|YP_009465880.1|REFSEQ|NC_037057|hypothetical protein [Dishui lake phycodnavirus 1]	Dishui lake phycodnavirus 1	Blastx
SRR22534740	NODE_19871_length_210_cov_1.282486	48.5	210	925	0.071351	5.64e-14	acc|GENBANK|ABY48139.1|GENBANK|EU306659|NORK [Medicago truncatula]	Medicago truncatula	Blastx
SRR22534740	NODE_28987_length_263_cov_12.330435	49.3	263	475	0.153684	5.71e-14	acc|GENBANK|ARF12356.1|GENBANK|KY684112|fructose-1,6-bisphosphatase [Klosneuvirus KNV1]	Klosneuvirus KNV1	Blastx
SRR22534740	NODE_9587_length_730_cov_2.467719	43.4	730	489	0.169734	5.73e-14	acc|GENBANK|AAK84471.1|GENBANK|AF275345|putative permease [Solanum lycopersicum]	Solanum lycopersicum	Blastx
SRR22534740	NODE_30151_length_468_cov_2.048276	47.6	468	1263	0.064925	6.03e-14	acc|GENBANK|ABG37655.1|GENBANK|DQ536162|integrase [Populus trichocarpa]	Populus trichocarpa	Blastx
SRR22534740	NODE_209_length_1543_cov_21.168874	33.3	1543	139	0.971223	6.12e-14	acc|GENBANK|QFG74212.1|GENBANK|MN448284|cytidylyltransferase-like protein [Megaviridae environmental sample]	Megaviridae environmental sample	Blastx
SRR22534740	NODE_26594_length_500_cov_5.190578	30.6	500	254	0.732283	6.18e-14	acc|REFSEQ|YP_009001499.1|REFSEQ|NC_023426|phosphatidic acid phosphatase type 2 [Alphaentomopoxvirus acuprea]	Alphaentomopoxvirus acuprea	Blastx
SRR22534740	NODE_18220_length_223_cov_2.821053	54.7	223	678	0.110619	6.60e-14	acc|GENBANK|CCQ71325.1|GENBANK|HF586476|hypothetical kinesin-like protein KIF3 [Cotesia congregata]	Cotesia congregata	Blastx
SRR22534740	NODE_32834_length_740_cov_1.463932	41.7	740	263	0.410646	6.62e-14	acc|GENBANK|AYV76306.1|GENBANK|MK071983|hypothetical protein [Terrestrivirus sp.]	Terrestrivirus sp.	Blastx
SRR22534740	NODE_234_length_426_cov_10.740458	60.6	426	653	0.108729	6.62e-14	acc|GENBANK|BDT61907.1|GENBANK|LC738870|MjHSP70-2-like protein [Penaeus monodon majanivirus A]	Penaeus monodon majanivirus A	Blastx
SRR22534740	NODE_44713_length_1762_cov_5.928282	30.4	1762	724	0.372928	6.86e-14	acc|GENBANK|ADK47523.1|GENBANK|HM124452|NBS3-RDG2A [Hordeum vulgare subsp. vulgare]	Hordeum vulgare subsp. vulgare	Blastx
SRR22534740	NODE_5541_length_1157_cov_21.067616	25.1	1157	379	0.986807	6.92e-14	acc|GENBANK|ADB85364.1|GENBANK|GQ252868|putative alcohol dehydrogenase 2 [Phyllostachys edulis]	Phyllostachys edulis	Blastx
SRR22534740	NODE_37837_length_1289_cov_16.540605	27.7	1289	627	0.432217	7.15e-14	acc|GENBANK|ARF09181.1|GENBANK|KY684084|AMP-binding enzyme [Catovirus CTV1]	Catovirus CTV1	Blastx
SRR22534740	NODE_1938_length_449_cov_1.704327	40.2	449	446	0.183857	7.30e-14	acc|GENBANK|CAA79735.1|GENBANK|Z21609|glycoprotein [Brassica napus]	Brassica napus	Blastx
SRR22534740	NODE_2962_length_534_cov_24.584830	39.4	534	267	0.475655	7.36e-14	acc|GENBANK|WGU26820.1|GENBANK|OQ503488|cytosolic iron-sulfur (Fe-S) protein [Triticum monococcum]	Triticum monococcum	Blastx
SRR22534740	NODE_4030_length_305_cov_1.599265	48.2	305	678	0.125369	7.46e-14	acc|GENBANK|CCQ71325.1|GENBANK|HF586476|hypothetical kinesin-like protein KIF3 [Cotesia congregata]	Cotesia congregata	Blastx
SRR22534740	NODE_18421_length_824_cov_4.527181	34.2	824	471	0.248408	7.59e-14	acc|REFSEQ|YP_009174785.1|REFSEQ|NC_028112|hypothetical protein [Yellowstone lake phycodnavirus 1]	Yellowstone lake phycodnavirus 1	Blastx
SRR22534740	NODE_33780_length_631_cov_4.468227	31.5	631	686	0.217201	7.60e-14	acc|GENBANK|WNO13952.1|GENBANK|OQ968299|coat protein [Guapo partitivirus]	Guapo partitivirus	Blastx
SRR22534740	NODE_35804_length_976_cov_7.168611	29.1	976	274	0.967153	7.65e-14	acc|GENBANK|ARF10338.1|GENBANK|KY684103|mitochondrial carrier protein [Hokovirus HKV1]	Hokovirus HKV1	Blastx
SRR22534740	NODE_16800_length_258_cov_1.991111	61.4	258	308	0.142857	7.97e-14	acc|GENBANK|AFV13468.1|GENBANK|JQ314449|ring-H2 zinc finger protein [Coix lacryma-jobi]	Coix lacryma-jobi	Blastx
SRR22534740	NODE_38129_length_275_cov_18.590909	85.0	275	212	0.188679	8.09e-14	acc|GENBANK|AYV82031.1|GENBANK|MK072334|Ras-like protein Rab-11A [Homavirus sp.]	Homavirus sp.	Blastx
SRR22534740	NODE_4196_length_312_cov_31.584229	45.2	312	576	0.161458	8.23e-14	acc|GENBANK|QBK87887.1|GENBANK|MK500371|XRN 5'-3' exonuclease [Marseillevirus LCMAC202]	Marseillevirus LCMAC202	Blastx
SRR22534740	NODE_12874_length_680_cov_3.255023	27.2	680	357	0.484594	8.28e-14	acc|GENBANK|ABB29305.1|GENBANK|DQ219419|NADPH-dependent reductase [Zea mays]	Zea mays	Blastx
SRR22534740	NODE_25417_length_488_cov_5.283516	39.4	488	478	0.265690	8.33e-14	acc|GENBANK|AAK84479.1|GENBANK|AF275345|putative auxin growth promotor protein [Solanum lycopersicum]	Solanum lycopersicum	Blastx
SRR22534740	NODE_33688_length_469_cov_4.236239	38.7	469	1618	0.068603	8.36e-14	acc|GENBANK|QGR54286.1|GENBANK|MK978772|serine/threonine protein kinase [Moumouvirus maliensis]	Moumouvirus maliensis	Blastx
SRR22534740	NODE_42005_length_219_cov_11.951613	56.7	219	578	0.115917	8.60e-14	acc|GENBANK|ARF09587.1|GENBANK|KY684085|DNA topoisomerase IB [Indivirus ILV1]	Indivirus ILV1	Blastx
SRR22534740	NODE_40202_length_448_cov_10.563855	35.7	448	925	0.124324	8.68e-14	acc|GENBANK|ABY48139.1|GENBANK|EU306659|NORK [Medicago truncatula]	Medicago truncatula	Blastx
SRR22534740	NODE_39748_length_585_cov_3.813406	32.5	585	524	0.311069	8.72e-14	acc|GENBANK|ADJ57459.1|GENBANK|HM214799|CYP6G1 [Drosophila melanogaster]	Drosophila melanogaster	Blastx
SRR22534740	NODE_26811_length_1072_cov_5.969201	26.8	1072	306	0.830065	8.93e-14	acc|GENBANK|BFG87846.1|GENBANK|LC801470|putative dual-specificity RNA methyltransferase [Nucleocytoviricota sp. D1]	Nucleocytoviricota sp. D1	Blastx
SRR22534740	NODE_40878_length_988_cov_3.848168	40.5	988	121	1.082645	9.22e-14	acc|GENBANK|AGE56038.1|GENBANK|JX997175|multiprotein-bridging factor [Acanthocystis turfacea Chlorella virus MO0605SPH]	Acanthocystis turfacea Chlorella virus MO0605SPH	Blastx
SRR22534740	NODE_181_length_469_cov_3.197248	34.4	469	467	0.274090	9.36e-14	acc|GENBANK|API81738.1|NEIGHBOR|KU052222|hypothetical protein [Cafeteriavirus-dependent mavirus]	Cafeteriavirus-dependent mavirus	Blastx
SRR22534740	NODE_16196_length_382_cov_2.495702	42.9	382	356	0.216292	9.40e-14	acc|GENBANK|AUF82658.1|GENBANK|KY322437|histidine decarboxylase [Tetraselmis virus 1]	Tetraselmis virus 1	Blastx
SRR22534740	NODE_12970_length_1022_cov_6.864510	31.5	1022	330	0.500000	9.54e-14	acc|REFSEQ|YP_010781579.1|REFSEQ|NC_075039|hypothetical protein [Tupanvirus soda lake]	Tupanvirus soda lake	Blastx
SRR22534740	NODE_40210_length_702_cov_2.402093	36.8	702	261	0.436782	9.65e-14	acc|GENBANK|QBK85254.1|GENBANK|MK500311|Erv1/Alr family disulfide (thiol) [Iridovirus LCIVAC01]	Iridovirus LCIVAC01	Blastx
SRR22534740	NODE_22946_length_332_cov_3.608696	34.0	332	467	0.226981	9.76e-14	acc|GENBANK|API81738.1|NEIGHBOR|KU052222|hypothetical protein [Cafeteriavirus-dependent mavirus]	Cafeteriavirus-dependent mavirus	Blastx
SRR22534740	NODE_908_length_1077_cov_8.280651	30.8	1077	139	1.028777	1.01e-13	acc|GENBANK|ULY68591.1|GENBANK|OL828820|hypothetical protein [Chlorella virus XW01]	Chlorella virus XW01	Blastx
SRR22534740	NODE_40104_length_1127_cov_8.485375	31.1	1127	1490	0.122819	1.03e-13	acc|GENBANK|ADH59425.1|GENBANK|GU259618|Tsn1 [Triticum turgidum subsp. durum]	Triticum turgidum subsp. durum	Blastx
SRR22534740	NODE_3344_length_1366_cov_15.911478	46.5	1366	402	0.246269	1.03e-13	acc|REFSEQ|YP_003969759.1|REFSEQ|NC_014637|putative DnaJ/Hsp40 [Cafeteria roenbergensis virus BV-PW1]	Cafeteria roenbergensis virus BV-PW1	Blastx
SRR22534740	NODE_14449_length_415_cov_2.947644	34.1	415	678	0.199115	1.08e-13	acc|GENBANK|CCQ71325.1|GENBANK|HF586476|hypothetical kinesin-like protein KIF3 [Cotesia congregata]	Cotesia congregata	Blastx
SRR22534740	NODE_6601_length_1170_cov_7.985048	27.4	1170	995	0.260302	1.11e-13	acc|GENBANK|ADX06021.1|GENBANK|HQ704802|putative DNA-directed RNA polymerase II [Organic Lake phycodnavirus 1]	Organic Lake phycodnavirus 1	Blastx
SRR22534740	NODE_32539_length_876_cov_6.747331	28.4	876	1008	0.209325	1.12e-13	acc|GENBANK|QBZ81682.1|GENBANK|MK174290|Peptidase domain containing protein [Pandoravirus celtis]	Pandoravirus celtis	Blastx
SRR22534740	NODE_9735_length_489_cov_2.844298	38.3	489	450	0.255556	1.12e-13	acc|GENBANK|QBK87874.1|GENBANK|MK500370|phosphoribosyl transferase [Marseillevirus LCMAC202]	Marseillevirus LCMAC202	Blastx
SRR22534740	NODE_48244_length_266_cov_1.004292	51.2	266	219	0.383562	1.14e-13	acc|GENBANK|XHA87591.1|GENBANK|PQ054798|hypothetical protein [Qianjiang picobirna-like virus 2]	Qianjiang picobirna-like virus 2	Blastx
SRR22534740	NODE_5183_length_329_cov_213.652027	47.9	329	402	0.233831	1.15e-13	acc|GENBANK|WBR14830.1|GENBANK|ON887157|adenosylhomocysteinase [Pandoravirus kuranda]	Pandoravirus kuranda	Blastx
SRR22534740	NODE_14213_length_265_cov_1.456897	62.5	265	1472	0.038043	1.19e-13	acc|GENBANK|AAL68641.1|GENBANK|AF458765|polyprotein [Oryza sativa Japonica Group]	Oryza sativa Japonica Group	Blastx
SRR22534740	NODE_1807_length_892_cov_31.606519	28.9	892	408	0.713235	1.24e-13	acc|GENBANK|AGE53021.1|GENBANK|JX997166|fumarate reductase [Paramecium bursaria Chlorella virus CZ-2]	Paramecium bursaria Chlorella virus CZ-2	Blastx
SRR22534740	NODE_41946_length_609_cov_133.227431	52.5	609	136	0.588235	1.25e-13	acc|GENBANK|QBK88197.1|GENBANK|MK500378|RNA polymerases N/ 8 kDa subunit [Marseillevirus LCMAC202]	Marseillevirus LCMAC202	Blastx
SRR22534740	NODE_13204_length_435_cov_3.194030	32.8	435	478	0.280335	1.26e-13	acc|GENBANK|AAK84479.1|GENBANK|AF275345|putative auxin growth promotor protein [Solanum lycopersicum]	Solanum lycopersicum	Blastx
SRR22534740	NODE_44183_length_1014_cov_8.138634	28.1	1014	368	0.782609	1.28e-13	acc|GENBANK|AYV86301.1|GENBANK|MK072500|hypothetical protein [Solumvirus sp.]	Solumvirus sp.	Blastx
SRR22534740	NODE_27147_length_409_cov_6.875000	35.2	409	480	0.260417	1.29e-13	acc|GENBANK|QPI16798.1|GENBANK|MW030606|BT1 family protein [Virus NIOZ-UU159]	Virus NIOZ-UU159	Blastx
SRR22534740	NODE_7880_length_1207_cov_9.793015	26.4	1207	335	0.701493	1.36e-13	acc|GENBANK|AYV75284.1|GENBANK|MK071979|class I SAM-dependent methyltransferase [Terrestrivirus sp.]	Terrestrivirus sp.	Blastx
SRR22534740	NODE_3397_length_842_cov_4.600742	48.1	842	631	0.122029	1.39e-13	acc|REFSEQ|YP_010781061.1|REFSEQ|NC_075038|putative acyl-CoA oxidase [Tupanvirus deep ocean]	Tupanvirus deep ocean	Blastx
SRR22534740	NODE_42393_length_1411_cov_16.235849	22.0	1411	440	0.845455	1.40e-13	acc|GENBANK|QTF49138.1|GENBANK|MW004169|putative Zn-dependent peptidase [Mimivirus reunion]	Mimivirus reunion	Blastx
SRR22534740	NODE_4060_length_604_cov_2.028021	33.6	604	558	0.229391	1.42e-13	acc|GENBANK|QDY52220.1|GENBANK|MK250089|ABC transporter [Mimiviridae sp. ChoanoV1]	Mimiviridae sp. ChoanoV1	Blastx
SRR22534740	NODE_32158_length_750_cov_3.384937	28.3	750	268	0.697761	1.46e-13	acc|GENBANK|QBK91399.1|GENBANK|MK500535|mitochondrial carrier-like protein [Pithovirus LCPAC302]	Pithovirus LCPAC302	Blastx
SRR22534740	NODE_26260_length_486_cov_2.379691	31.7	486	279	0.598566	1.46e-13	acc|GENBANK|QBK88421.1|GENBANK|MK500389|aldo/keto reductase family protein [Mimivirus LCMiAC01]	Mimivirus LCMiAC01	Blastx
SRR22534740	NODE_42154_length_738_cov_17.835461	35.1	738	303	0.432343	1.49e-13	acc|GENBANK|QRI42800.1|GENBANK|MT799800|putative RNA phosphatase [Cheloniid poxvirus 1]	Cheloniid poxvirus 1	Blastx
SRR22534740	NODE_25560_length_240_cov_12.270531	40.0	240	459	0.185185	1.50e-13	acc|GENBANK|BBI30359.1|GENBANK|AP018495|beta-galactosidase [Acanthamoeba castellanii medusavirus J1]	Acanthamoeba castellanii medusavirus J1	Blastx
SRR22534740	NODE_34493_length_1232_cov_4.499583	29.3	1232	268	0.776119	1.57e-13	acc|GENBANK|QBK91399.1|GENBANK|MK500535|mitochondrial carrier-like protein [Pithovirus LCPAC302]	Pithovirus LCPAC302	Blastx
SRR22534740	NODE_40102_length_681_cov_3.975309	39.5	681	418	0.272727	1.57e-13	acc|GENBANK|WRJ69577.1|GENBANK|OR001839|putative ubiquinone biosynthesis protein UbiB [Oceanusvirus sp.]	Oceanusvirus sp.	Blastx
SRR22534740	NODE_42070_length_486_cov_4.046358	70.6	486	489	0.104294	1.57e-13	acc|GENBANK|AAK84471.1|GENBANK|AF275345|putative permease [Solanum lycopersicum]	Solanum lycopersicum	Blastx
SRR22534740	NODE_27699_length_671_cov_20.884013	34.4	671	245	0.510204	1.61e-13	acc|GENBANK|ARF02681.1|GENBANK|KX857216|SWPV1-074 [Shearwaterpox virus]	Shearwaterpox virus	Blastx
SRR22534740	NODE_13723_length_202_cov_3.035503	50.0	202	484	0.132231	1.69e-13	acc|GENBANK|ARF11426.1|GENBANK|KY684108|glutamyl-tRNA synthetase [Klosneuvirus KNV1]	Klosneuvirus KNV1	Blastx
SRR22534740	NODE_25653_length_294_cov_3.053640	47.7	294	727	0.118294	1.70e-13	acc|GENBANK|ABY48138.1|GENBANK|EU306659|ABC transporter [Medicago truncatula]	Medicago truncatula	Blastx
SRR22534740	NODE_32943_length_460_cov_1.768150	39.8	460	925	0.116757	1.83e-13	acc|GENBANK|ABY48139.1|GENBANK|EU306659|NORK [Medicago truncatula]	Medicago truncatula	Blastx
SRR22534740	NODE_43026_length_672_cov_18.247261	31.5	672	575	0.286957	1.87e-13	acc|GENBANK|CAE02704.1|GENBANK|AJ575660|putative sugar transporter [Yarrowia lipolytica]	Yarrowia lipolytica	Blastx
SRR22534740	NODE_15317_length_659_cov_3.349840	43.0	659	925	0.100541	1.87e-13	acc|GENBANK|ABY48139.1|GENBANK|EU306659|NORK [Medicago truncatula]	Medicago truncatula	Blastx
SRR22534740	NODE_992_length_1692_cov_12.877637	25.0	1692	470	0.740426	1.88e-13	acc|REFSEQ|YP_009448636.1|REFSEQ|NC_036594|Cytochrome P450-like protein E-class [Orpheovirus IHUMI-LCC2]	Orpheovirus IHUMI-LCC2	Blastx
SRR22534740	NODE_29650_length_668_cov_9.033071	35.2	668	216	0.578704	1.89e-13	acc|GENBANK|AYV79764.1|GENBANK|MK072178|hypothetical protein [Faunusvirus sp.]	Faunusvirus sp.	Blastx
SRR22534740	NODE_13414_length_523_cov_2.753061	53.6	523	172	0.401163	1.92e-13	acc|REFSEQ|YP_008319792.1|REFSEQ|NC_021858|S-phase kinase-associated protein 1 [Pandoravirus dulcis]	Pandoravirus dulcis	Blastx
SRR22534740	NODE_48829_length_385_cov_2.991477	34.3	385	1471	0.091094	2.09e-13	acc|GENBANK|AGW47867.1|GENBANK|KF303287|polyprotein [Phaseolus vulgaris]	Phaseolus vulgaris	Blastx
SRR22534740	NODE_42196_length_613_cov_3.510345	30.3	613	599	0.292154	2.13e-13	acc|GENBANK|AYV76337.1|GENBANK|MK071983|pyruvate oxidase [Terrestrivirus sp.]	Terrestrivirus sp.	Blastx
SRR22534740	NODE_14461_length_453_cov_5.292857	40.0	453	549	0.191257	2.16e-13	acc|GENBANK|WGU26819.1|GENBANK|OQ503488|BTB/POZ domain-containing protein [Triticum monococcum]	Triticum monococcum	Blastx
SRR22534740	NODE_8743_length_391_cov_2.173184	33.3	391	925	0.129730	2.17e-13	acc|GENBANK|ABY48139.1|GENBANK|EU306659|NORK [Medicago truncatula]	Medicago truncatula	Blastx
SRR22534740	NODE_33053_length_584_cov_4.484574	53.1	584	391	0.163683	2.23e-13	acc|GENBANK|ARF09921.1|GENBANK|KY684089|DnaJ domain protein [Indivirus ILV1]	Indivirus ILV1	Blastx
SRR22534740	NODE_739_length_1353_cov_14.915909	28.5	1353	276	0.750000	2.24e-13	acc|GENBANK|QBK90289.1|GENBANK|MK500473|RPB3 subunit of eukaryotic RNA polymerase II [Pithovirus LCPAC102]	Pithovirus LCPAC102	Blastx
SRR22534740	NODE_25146_length_409_cov_4.930851	51.4	409	223	0.313901	2.29e-13	acc|GENBANK|QBK90732.1|GENBANK|MK500498|GIY-YIG catalytic domain protein [Pithovirus LCPAC201]	Pithovirus LCPAC201	Blastx
SRR22534740	NODE_8614_length_318_cov_6.263158	57.1	318	183	0.344262	2.30e-13	acc|REFSEQ|YP_009465880.1|REFSEQ|NC_037057|hypothetical protein [Dishui lake phycodnavirus 1]	Dishui lake phycodnavirus 1	Blastx
SRR22534740	NODE_48867_length_1899_cov_14.905145	28.3	1899	261	0.908046	2.33e-13	acc|GENBANK|WIF19382.1|NEIGHBOR|OP831191|mRNA decapping protein 2-like protein [Oryctes rhinoceros nudivirus]	Oryctes rhinoceros nudivirus	Blastx
SRR22534740	NODE_33501_length_863_cov_5.756627	50.0	863	63	0.984127	2.34e-13	acc|REFSEQ|YP_009173682.1|REFSEQ|NC_028094|AN1-like Zinc finger containing protein [Chrysochromulina ericina virus]	Chrysochromulina ericina virus	Blastx
SRR22534740	NODE_40051_length_842_cov_5.669963	32.8	842	557	0.344704	2.38e-13	acc|GENBANK|WGU26825.1|GENBANK|OQ503488|putative acyl-activating enzyme 5 [Triticum monococcum]	Triticum monococcum	Blastx
SRR22534740	NODE_1726_length_877_cov_10.908768	38.9	877	4062	0.026588	2.42e-13	acc|GENBANK|QOR60750.1|GENBANK|MK522039|hypothetical protein [Bathycoccus sp. RCC716 virus 3]	Bathycoccus sp. RCC716 virus 3	Blastx
SRR22534740	NODE_25042_length_488_cov_3.378022	35.0	488	337	0.483680	2.47e-13	acc|GENBANK|ABH08433.1|GENBANK|DQ851167|putative heat shock factor [Beta vulgaris]	Beta vulgaris	Blastx
SRR22534740	NODE_1848_length_1193_cov_81.513793	27.2	1193	515	0.493204	2.49e-13	acc|REFSEQ|YP_010087470.1|REFSEQ|NC_055555|ectonucleoside triphosphate diphosphohydrolase [Phascolarctid gammaherpesvirus 1]	Phascolarctid gammaherpesvirus 1	Blastx
SRR22534740	NODE_7381_length_208_cov_5.251429	50.7	208	588	0.117347	2.54e-13	acc|GENBANK|QOI90522.1|GENBANK|MT663539|hypothetical protein [Pyramimonas orientalis virus]	Pyramimonas orientalis virus	Blastx
SRR22534740	NODE_34669_length_337_cov_22.901316	35.7	337	440	0.254545	2.60e-13	acc|GENBANK|QGR53641.1|GENBANK|MK978772|phospholipid methyltransferase [Moumouvirus maliensis]	Moumouvirus maliensis	Blastx
SRR22534740	NODE_30768_length_402_cov_1.452575	32.8	402	2037	0.061365	2.61e-13	acc|GENBANK|ABG37663.1|GENBANK|DQ536170|CCHC-type integrase [Populus trichocarpa]	Populus trichocarpa	Blastx
SRR22534740	NODE_39576_length_510_cov_44.320755	34.5	510	283	0.409894	2.65e-13	acc|GENBANK|QKF94519.1|GENBANK|MT418680|zinc finger RING-type protein [Fadolivirus FV1/VV64]	Fadolivirus FV1/VV64	Blastx
SRR22534740	NODE_40019_length_675_cov_22.624611	29.0	675	406	0.492611	2.66e-13	acc|GENBANK|QBK87310.1|GENBANK|MK500348|chaperone protein [Marseillevirus LCMAC201]	Marseillevirus LCMAC201	Blastx
SRR22534740	NODE_4726_length_228_cov_356.841026	50.8	228	144	0.409722	2.68e-13	acc|GENBANK|ULY68577.1|GENBANK|OL828820|ubiquitin-conjugating enzyme E2 2-like isoform [Chlorella virus XW01]	Chlorella virus XW01	Blastx
SRR22534740	NODE_36452_length_1228_cov_7.219247	32.4	1228	289	0.598616	2.83e-13	acc|GENBANK|AYV78214.1|GENBANK|MK072072|eukaryotic translation initiation factor 4G [Edafosvirus sp.]	Edafosvirus sp.	Blastx
SRR22534740	NODE_39713_length_436_cov_8.920596	37.4	436	459	0.215686	3.12e-13	acc|GENBANK|BBI30359.1|GENBANK|AP018495|beta-galactosidase [Acanthamoeba castellanii medusavirus J1]	Acanthamoeba castellanii medusavirus J1	Blastx
SRR22534740	NODE_23511_length_578_cov_3.431193	39.6	578	1078	0.089054	3.21e-13	acc|GENBANK|QYA18716.1|GENBANK|MZ420154|DNA-directed RNA polymerase II subunit 1 [Clandestinovirus]	Clandestinovirus	Blastx
SRR22534740	NODE_33983_length_494_cov_9.416486	38.7	494	549	0.193078	3.21e-13	acc|GENBANK|WGU26819.1|GENBANK|OQ503488|BTB/POZ domain-containing protein [Triticum monococcum]	Triticum monococcum	Blastx
SRR22534740	NODE_21856_length_298_cov_1.724528	50.0	298	678	0.103245	3.28e-13	acc|GENBANK|CCQ71325.1|GENBANK|HF586476|hypothetical kinesin-like protein KIF3 [Cotesia congregata]	Cotesia congregata	Blastx
SRR22534740	NODE_21134_length_226_cov_0.943005	50.0	226	732	0.098361	3.28e-13	acc|GENBANK|AGJ83729.1|GENBANK|KC256972|gag-pol polyprotein [Caragana korshinskii]	Caragana korshinskii	Blastx
SRR22534740	NODE_47532_length_244_cov_1.109005	66.7	244	197	0.228426	3.30e-13	acc|REFSEQ|YP_009449015.1|REFSEQ|NC_036594|GTP ras-related protein Rac1 [Orpheovirus IHUMI-LCC2]	Orpheovirus IHUMI-LCC2	Blastx
SRR22534740	NODE_24547_length_273_cov_5.604167	46.3	273	925	0.086486	3.36e-13	acc|GENBANK|ABY48139.1|GENBANK|EU306659|NORK [Medicago truncatula]	Medicago truncatula	Blastx
SRR22534740	NODE_16447_length_232_cov_1.085427	76.9	232	478	0.081590	3.45e-13	acc|GENBANK|AAK84479.1|GENBANK|AF275345|putative auxin growth promotor protein [Solanum lycopersicum]	Solanum lycopersicum	Blastx
SRR22534740	NODE_44495_length_408_cov_6.450667	48.6	408	623	0.112360	3.46e-13	acc|GENBANK|BAL14837.1|GENBANK|AB682995|endo-1,4-b-D-glucanase [Oryza sativa Japonica Group]	Oryza sativa Japonica Group	Blastx
SRR22534740	NODE_582_length_786_cov_60.600266	57.1	786	327	0.171254	3.49e-13	acc|GENBANK|QFG73901.1|GENBANK|MN448274|papain family cysteine protease [Megaviridae environmental sample]	Megaviridae environmental sample	Blastx
SRR22534740	NODE_22205_length_317_cov_1.514085	44.1	317	327	0.284404	3.54e-13	acc|GENBANK|QFG73901.1|GENBANK|MN448274|papain family cysteine protease [Megaviridae environmental sample]	Megaviridae environmental sample	Blastx
SRR22534740	NODE_15332_length_239_cov_3.859223	50.6	239	285	0.270175	3.57e-13	acc|GENBANK|AYV80545.1|GENBANK|MK072244|hypothetical protein [Harvfovirus sp.]	Harvfovirus sp.	Blastx
SRR22534740	NODE_28866_length_211_cov_1.353933	73.8	211	335	0.125373	3.59e-13	acc|GENBANK|ABY48132.1|GENBANK|EU306659|GH1 protein [Medicago truncatula]	Medicago truncatula	Blastx
SRR22534740	NODE_20461_length_281_cov_1.149194	40.4	281	808	0.122525	3.60e-13	acc|GENBANK|QYA18543.1|GENBANK|MZ420154|dynamin 1-like protein [Clandestinovirus]	Clandestinovirus	Blastx
SRR22534740	NODE_7017_length_794_cov_11.683311	50.7	794	746	0.097855	3.61e-13	acc|GENBANK|UMO80028.1|GENBANK|MZ420563|Serine/threonine protein kinase [Pandoravirus aubagnensis]	Pandoravirus aubagnensis	Blastx
SRR22534740	NODE_32025_length_210_cov_12.146893	47.8	210	1019	0.067713	3.67e-13	acc|GENBANK|ABZ80022.1|NEIGHBOR|EU410304|beta-D-galactosidase [synthetic Vaccinia virus]	synthetic Vaccinia virus	Blastx
SRR22534740	NODE_48793_length_346_cov_2.242812	32.1	346	293	0.382253	3.84e-13	acc|GENBANK|QFG75012.1|GENBANK|MN448296|protein kinase domain protein [Megaviridae environmental sample]	Megaviridae environmental sample	Blastx
SRR22534740	NODE_1182_length_1409_cov_12.656250	32.6	1409	479	0.390397	3.88e-13	acc|GENBANK|QBK91516.1|GENBANK|MK500542|putative serine/threonine protein kinase [Pithovirus LCPAC302]	Pithovirus LCPAC302	Blastx
SRR22534740	NODE_40066_length_506_cov_39.638478	29.8	506	974	0.155031	3.99e-13	acc|GENBANK|AYV86980.1|GENBANK|MK072522|hypothetical protein [Sylvanvirus sp.]	Sylvanvirus sp.	Blastx
SRR22534740	NODE_38608_length_360_cov_13.868502	34.5	360	1656	0.071860	4.01e-13	acc|GENBANK|BCS82726.1|GENBANK|AP024483|putative serine/threonine-protein kinase [Cotonvirus japonicus]	Cotonvirus japonicus	Blastx
SRR22534740	NODE_133_length_814_cov_3.541613	59.3	814	741	0.079622	4.14e-13	acc|GENBANK|WOA03171.1|GENBANK|OR637870|truncated WD40 protein PH13-H3 [Glycine max]	Glycine max	Blastx
SRR22534740	NODE_1931_length_1361_cov_4.338102	43.0	1361	1946	0.054985	4.34e-13	acc|GENBANK|ADB85424.1|GENBANK|GQ252887|putative retrotransposon protein [Phyllostachys edulis]	Phyllostachys edulis	Blastx
SRR22534740	NODE_37634_length_628_cov_9.149580	36.5	628	589	0.195246	4.43e-13	acc|GENBANK|SOB73998.1|GENBANK|LT907979|ABC2 type transporter superfamily protein [Cedratvirus lausannensis]	Cedratvirus lausannensis	Blastx
SRR22534740	NODE_47611_length_246_cov_1.098592	45.7	246	1281	0.063232	4.43e-13	acc|GENBANK|AAA67727.1|GENBANK|U15647|reverse transcriptase [Mus musculus domesticus]	Mus musculus domesticus	Blastx
SRR22534740	NODE_33218_length_607_cov_6.752613	31.3	607	1793	0.074735	4.44e-13	acc|GENBANK|CCQ71366.1|GENBANK|HF586479|hypothetical serine/threonine protein kinase [Cotesia congregata]	Cotesia congregata	Blastx
SRR22534740	NODE_1621_length_323_cov_4.037931	41.4	323	357	0.277311	4.48e-13	acc|GENBANK|ABB29305.1|GENBANK|DQ219419|NADPH-dependent reductase [Zea mays]	Zea mays	Blastx
SRR22534740	NODE_35380_length_250_cov_8.557604	50.7	250	617	0.118314	4.49e-13	acc|GENBANK|ADX06244.1|GENBANK|HQ704803|putative heat shock protein 70 [Organic Lake phycodnavirus 2]	Organic Lake phycodnavirus 2	Blastx
SRR22534740	NODE_32512_length_247_cov_2.401869	55.6	247	308	0.146104	4.85e-13	acc|GENBANK|AFV13468.1|GENBANK|JQ314449|ring-H2 zinc finger protein [Coix lacryma-jobi]	Coix lacryma-jobi	Blastx
SRR22534740	NODE_3132_length_832_cov_16.754693	33.8	832	149	1.013423	4.86e-13	acc|GENBANK|SME65001.1|GENBANK|LT839607|Ribosomal-protein-alanine acetyltransferase [Faustovirus ST1]	Faustovirus ST1	Blastx
SRR22534740	NODE_47859_length_254_cov_1.058824	44.0	254	2466	0.030414	4.86e-13	acc|GENBANK|AOZ57106.1|GENBANK|KX608896|Serine threonine-protein kinase TOR [Saccharum hybrid cultivar R570]	Saccharum hybrid cultivar R570	Blastx
SRR22534740	NODE_24909_length_361_cov_1.219512	48.8	361	219	0.374429	4.93e-13	acc|GENBANK|ACB45087.1|GENBANK|EU365381|CRT binding factor 1 [Solanum habrochaites]	Solanum habrochaites	Blastx
SRR22534740	NODE_6250_length_2151_cov_16.751180	25.3	2151	904	0.441372	5.00e-13	acc|GENBANK|AYV86658.1|GENBANK|MK072511|hypothetical protein [Sylvanvirus sp.]	Sylvanvirus sp.	Blastx
SRR22534740	NODE_46507_length_206_cov_1.352601	59.6	206	82	0.573171	5.01e-13	acc|GENBANK|AAM47483.1|GENBANK|AY099465|RNAse H-like protein [Quercus suber]	Quercus suber	Blastx
SRR22534740	NODE_36189_length_654_cov_7.536232	27.3	654	374	0.459893	5.02e-13	acc|GENBANK|ABB29304.1|GENBANK|DQ219417|YZ1 [Zea mays]	Zea mays	Blastx
SRR22534740	NODE_35760_length_1232_cov_7.574646	30.3	1232	288	0.607639	5.17e-13	acc|GENBANK|CAZ69354.1|GENBANK|FN429076|Longevity-assurance (LAG1) family protein [Emiliania huxleyi virus 99B1]	Emiliania huxleyi virus 99B1	Blastx
SRR22534740	NODE_26025_length_487_cov_3.033040	30.1	487	309	0.440129	5.23e-13	acc|GENBANK|ADX06043.1|GENBANK|HQ704802|putative ubiquitin specific peptidase C19 [Organic Lake phycodnavirus 1]	Organic Lake phycodnavirus 1	Blastx
SRR22534740	NODE_10491_length_739_cov_4.233711	31.6	739	540	0.216667	5.43e-13	acc|REFSEQ|YP_009666618.1|REFSEQ|NC_043529|gta [Oxyplax ochracea nucleopolyhedrovirus]	Oxyplax ochracea nucleopolyhedrovirus	Blastx
SRR22534740	NODE_12137_length_203_cov_2.682353	52.4	203	400	0.157500	5.47e-13	acc|GENBANK|QKF94347.1|GENBANK|MT418680|threonyl-tRNA synthetase [Fadolivirus FV1/VV64]	Fadolivirus FV1/VV64	Blastx
SRR22534740	NODE_36356_length_236_cov_13.719212	55.6	236	142	0.443662	5.52e-13	acc|GENBANK|QEA08225.1|GENBANK|MN081869|dual specific protein [Iridovirus Liz-CrIV]	Iridovirus Liz-CrIV	Blastx
SRR22534740	NODE_48219_length_266_cov_1.004292	43.0	266	1442	0.064494	5.65e-13	acc|GENBANK|BDL37348.1|GENBANK|LC713258|integrase [Arabidopsis lyrata subsp. lyrata]	Arabidopsis lyrata subsp. lyrata	Blastx
SRR22534740	NODE_6136_length_1079_cov_14.426386	51.4	1079	559	0.128801	5.76e-13	acc|GENBANK|AYV76247.1|GENBANK|MK071983|xaa-Pro dipeptidase-like protein [Terrestrivirus sp.]	Terrestrivirus sp.	Blastx
SRR22534740	NODE_9348_length_350_cov_5.861199	38.3	350	480	0.239583	5.80e-13	acc|GENBANK|QPI16798.1|GENBANK|MW030606|BT1 family protein [Virus NIOZ-UU159]	Virus NIOZ-UU159	Blastx
SRR22534740	NODE_25699_length_506_cov_1.849894	36.4	506	2466	0.043390	5.82e-13	acc|GENBANK|AOZ57106.1|GENBANK|KX608896|Serine threonine-protein kinase TOR [Saccharum hybrid cultivar R570]	Saccharum hybrid cultivar R570	Blastx
SRR22534740	NODE_26615_length_487_cov_3.678414	45.0	487	678	0.147493	5.85e-13	acc|GENBANK|CCQ71325.1|GENBANK|HF586476|hypothetical kinesin-like protein KIF3 [Cotesia congregata]	Cotesia congregata	Blastx
SRR22534740	NODE_23482_length_606_cov_4.551483	36.7	606	283	0.385159	6.02e-13	acc|GENBANK|QKF94519.1|GENBANK|MT418680|zinc finger RING-type protein [Fadolivirus FV1/VV64]	Fadolivirus FV1/VV64	Blastx
SRR22534740	NODE_5546_length_3139_cov_19.274630	43.6	3139	727	0.138927	6.08e-13	acc|GENBANK|ADB85269.1|GENBANK|GQ252805|putative lectin-like protein kinase [Phyllostachys edulis]	Phyllostachys edulis	Blastx
SRR22534740	NODE_37019_length_405_cov_9.814516	53.8	405	310	0.167742	6.19e-13	acc|GENBANK|QBK88363.1|GENBANK|MK500388|NAD dependent epimerase/dehydratase [Mimivirus LCMiAC01]	Mimivirus LCMiAC01	Blastx
SRR22534740	NODE_14582_length_274_cov_3.373444	44.6	274	876	0.094749	6.25e-13	acc|GENBANK|AYV76365.1|GENBANK|MK071983|DEXDc helicase [Terrestrivirus sp.]	Terrestrivirus sp.	Blastx
SRR22534740	NODE_18065_length_271_cov_1.609244	39.6	271	378	0.240741	6.78e-13	acc|REFSEQ|YP_010781965.1|REFSEQ|NC_075039|cyclopropane-fatty-acyl-phospholipid synthase [Tupanvirus soda lake]	Tupanvirus soda lake	Blastx
SRR22534740	NODE_47648_length_248_cov_1.088372	41.5	248	379	0.216359	6.88e-13	acc|GENBANK|AAT99858.1|GENBANK|AY598438|unknown [Diachasmimorpha longicaudata entomopoxvirus]	Diachasmimorpha longicaudata entomopoxvirus	Blastx
SRR22534740	NODE_350_length_312_cov_31.354839	37.8	312	526	0.171103	7.19e-13	acc|GENBANK|QKF94253.1|GENBANK|MT418680|ABC transporter [Fadolivirus FV1/VV64]	Fadolivirus FV1/VV64	Blastx
SRR22534740	NODE_41006_length_690_cov_6.263318	50.0	690	342	0.204678	7.36e-13	acc|GENBANK|AYV76290.1|GENBANK|MK071983|hypothetical protein [Terrestrivirus sp.]	Terrestrivirus sp.	Blastx
SRR22534740	NODE_40680_length_1226_cov_7.386421	22.2	1226	578	0.553633	7.38e-13	acc|GENBANK|QBK84917.1|GENBANK|MK500300|HECT-domain ubiquitin-transferase [Pithovirus LCDPAC02]	Pithovirus LCDPAC02	Blastx
SRR22534740	NODE_20580_length_1112_cov_3.848007	38.4	1112	691	0.143271	7.55e-13	acc|GENBANK|UPW42252.1|GENBANK|ON001649|putative RNA dependent RNA polymerase [Xisha Islands farmland mitovirus 5]	Xisha Islands farmland mitovirus 5	Blastx
SRR22534740	NODE_16902_length_265_cov_1.853448	58.9	265	776	0.072165	7.55e-13	acc|GENBANK|ABY48135.1|GENBANK|EU306659|beta-D-xylosidase [Medicago truncatula]	Medicago truncatula	Blastx
SRR22534740	NODE_6756_length_1128_cov_9.152511	27.1	1128	268	0.839552	7.69e-13	acc|GENBANK|QBK91399.1|GENBANK|MK500535|mitochondrial carrier-like protein [Pithovirus LCPAC302]	Pithovirus LCPAC302	Blastx
SRR22534740	NODE_25038_length_330_cov_1.370370	48.5	330	206	0.320388	7.84e-13	acc|GENBANK|QOI90514.1|GENBANK|MT663538|hypothetical protein [Pyramimonas orientalis virus]	Pyramimonas orientalis virus	Blastx
SRR22534740	NODE_16795_length_322_cov_2.702422	36.9	322	476	0.216387	7.85e-13	acc|REFSEQ|YP_010781598.1|REFSEQ|NC_075039|cytochrome P450 [Tupanvirus soda lake]	Tupanvirus soda lake	Blastx
SRR22534740	NODE_42793_length_343_cov_2.448387	44.8	343	791	0.109987	7.87e-13	acc|GENBANK|UGN61890.1|GENBANK|OK330388|retrotransposon protein [Cucumis melo subsp. melo]	Cucumis melo subsp. melo	Blastx
SRR22534740	NODE_26849_length_564_cov_7.572505	27.3	564	466	0.345494	7.97e-13	acc|GENBANK|ACD54811.1|GENBANK|EU643495|endo-xylogalacturonan hydrolase-like protein [Adineta vaga]	Adineta vaga	Blastx
SRR22534740	NODE_6783_length_396_cov_9.030303	56.1	396	1516	0.043536	8.30e-13	acc|GENBANK|USH99796.1|GENBANK|ON752166|putative Ty3-gypsy subclass retrotransposon [Oryza sativa Japonica Group]	Oryza sativa Japonica Group	Blastx
SRR22534740	NODE_19721_length_505_cov_7.500000	31.1	505	277	0.476534	8.66e-13	acc|GENBANK|QED21181.1|GENBANK|MN240300|monoglyceride lipase [Borealpox virus]	Borealpox virus	Blastx
SRR22534740	NODE_42144_length_2173_cov_13.242991	29.4	2173	343	0.516035	8.67e-13	acc|GENBANK|AYV82043.1|GENBANK|MK072335|lysophospholipid acyltransferase [Homavirus sp.]	Homavirus sp.	Blastx
SRR22534740	NODE_13308_length_789_cov_3.382275	44.8	789	365	0.238356	8.72e-13	acc|GENBANK|QBK92234.1|GENBANK|MK500569|chaperone protein [Pithovirus LCPAC304]	Pithovirus LCPAC304	Blastx
SRR22534740	NODE_6184_length_924_cov_37.552189	72.7	924	143	0.307692	8.81e-13	acc|GENBANK|UOG94409.1|NEIGHBOR|OM876856|eukaryotic translation initiation factor [Aureococcus anophagefferens virus]	Aureococcus anophagefferens virus	Blastx
SRR22534740	NODE_3807_length_355_cov_2.434783	53.2	355	653	0.094946	8.91e-13	acc|GENBANK|QBK88577.1|GENBANK|MK500392|threonyl-tRNA synthetase [Mimivirus LCMiAC01]	Mimivirus LCMiAC01	Blastx
SRR22534740	NODE_16813_length_252_cov_1.511416	46.8	252	2037	0.037801	9.04e-13	acc|GENBANK|ABG37663.1|GENBANK|DQ536170|CCHC-type integrase [Populus trichocarpa]	Populus trichocarpa	Blastx
SRR22534740	NODE_47794_length_252_cov_1.068493	42.2	252	2037	0.040746	9.04e-13	acc|GENBANK|ABG37663.1|GENBANK|DQ536170|CCHC-type integrase [Populus trichocarpa]	Populus trichocarpa	Blastx
SRR22534740	NODE_35289_length_640_cov_12.912685	30.4	640	643	0.281493	9.23e-13	acc|GENBANK|WZO87694.1|GENBANK|PP681895|ATPase [Chlorovirus sp.]	Chlorovirus sp.	Blastx
SRR22534740	NODE_11532_length_233_cov_1.625000	43.8	233	2037	0.035837	9.28e-13	acc|GENBANK|ABG37663.1|GENBANK|DQ536170|CCHC-type integrase [Populus trichocarpa]	Populus trichocarpa	Blastx
SRR22534740	NODE_32046_length_673_cov_6.860938	28.8	673	285	0.645614	1.01e-12	acc|GENBANK|ABQ43485.1|NEIGHBOR|EF420156|monoglyceride lipase [Tanapox virus]	Tanapox virus	Blastx
SRR22534740	NODE_37512_length_2566_cov_9.217134	27.3	2566	575	0.490435	1.02e-12	acc|GENBANK|CAE02704.1|GENBANK|AJ575660|putative sugar transporter [Yarrowia lipolytica]	Yarrowia lipolytica	Blastx
SRR22534740	NODE_2323_length_1068_cov_7.865700	27.4	1068	575	0.373913	1.02e-12	acc|GENBANK|CAE02704.1|GENBANK|AJ575660|putative sugar transporter [Yarrowia lipolytica]	Yarrowia lipolytica	Blastx
SRR22534740	NODE_455_length_991_cov_17.552192	33.3	991	182	0.791209	1.02e-12	acc|GENBANK|BDT62002.1|GENBANK|LC738871|hypothetical protein [Penaeus monodon majanivirus B]	Penaeus monodon majanivirus B	Blastx
SRR22534740	NODE_32704_length_262_cov_7.698690	42.5	262	354	0.225989	1.05e-12	acc|REFSEQ|YP_010781838.1|REFSEQ|NC_075039|acetoin utilization deacetylase [Tupanvirus soda lake]	Tupanvirus soda lake	Blastx
SRR22534740	NODE_13030_length_253_cov_2.568182	59.3	253	388	0.139175	1.05e-12	acc|GENBANK|CCQ71327.1|GENBANK|HF586476|hypothetical protein kinase Pka-C1 [Cotesia congregata]	Cotesia congregata	Blastx
SRR22534740	NODE_16927_length_371_cov_4.636095	34.5	371	925	0.125405	1.10e-12	acc|GENBANK|ABY48139.1|GENBANK|EU306659|NORK [Medicago truncatula]	Medicago truncatula	Blastx
SRR22534740	NODE_41613_length_2735_cov_14.348631	27.0	2735	489	0.484663	1.11e-12	acc|GENBANK|AAK84471.1|GENBANK|AF275345|putative permease [Solanum lycopersicum]	Solanum lycopersicum	Blastx
SRR22534740	NODE_1247_length_965_cov_42.070815	29.0	965	360	0.680556	1.11e-12	acc|GENBANK|UMO80371.1|GENBANK|MZ420563|Isopenicillin N synthase domain containing [Pandoravirus aubagnensis]	Pandoravirus aubagnensis	Blastx
SRR22534740	NODE_2858_length_247_cov_4.724299	56.1	247	931	0.061224	1.12e-12	acc|GENBANK|AYV82129.1|GENBANK|MK072340|Zn-dependent peptidase [Homavirus sp.]	Homavirus sp.	Blastx
SRR22534740	NODE_27605_length_683_cov_1.755385	50.7	683	220	0.304545	1.16e-12	acc|GENBANK|UOG94371.1|NEIGHBOR|OM876856|peptidyl-prolyl cis-trans isomerase [Aureococcus anophagefferens virus]	Aureococcus anophagefferens virus	Blastx
SRR22534740	NODE_39087_length_227_cov_10.000000	53.8	227	1624	0.040025	1.16e-12	acc|GENBANK|WBF70410.1|GENBANK|OP925046|endo-type 6-aminohexanoate oligomer hydrolase [Megavirus caiporensis]	Megavirus caiporensis	Blastx
SRR22534740	NODE_22590_length_249_cov_1.037037	44.7	249	2037	0.037310	1.19e-12	acc|GENBANK|ABG37663.1|GENBANK|DQ536170|CCHC-type integrase [Populus trichocarpa]	Populus trichocarpa	Blastx
SRR22534740	NODE_7961_length_589_cov_17.983813	28.4	589	349	0.444126	1.25e-12	acc|GENBANK|QBK88611.1|GENBANK|MK500393|DNA polymerase family X [Mimivirus LCMiAC01]	Mimivirus LCMiAC01	Blastx
SRR22534740	NODE_36166_length_337_cov_12.973684	34.8	337	447	0.257271	1.25e-12	acc|GENBANK|AAV51067.1|NEIGHBOR|AY653733|7-dehydrocholesterol reductase [Acanthamoeba polyphaga mimivirus]	Acanthamoeba polyphaga mimivirus	Blastx
SRR22534740	NODE_31958_length_305_cov_1.639706	39.4	305	1158	0.085492	1.27e-12	acc|GENBANK|ADK47522.1|GENBANK|HM124452|NBS2-RDG2A [Hordeum vulgare subsp. vulgare]	Hordeum vulgare subsp. vulgare	Blastx
SRR22534740	NODE_31425_length_281_cov_3.112903	40.0	281	1675	0.050746	1.29e-12	acc|GENBANK|BFT93583.1|GENBANK|LC847964|Ser/Thr protein kinase [Medusavirus sp. 'euryale']	Medusavirus sp. 'euryale'	Blastx
SRR22534740	NODE_30124_length_200_cov_1.143713	68.2	200	125	0.352000	1.33e-12	acc|GENBANK|XBU76860.1|GENBANK|PP874930|zinc finger BED domain-containing protein [Caulimovirus sp.]	Caulimovirus sp.	Blastx
SRR22534740	NODE_42973_length_862_cov_3.167672	42.5	862	724	0.165746	1.35e-12	acc|GENBANK|ADK47523.1|GENBANK|HM124452|NBS3-RDG2A [Hordeum vulgare subsp. vulgare]	Hordeum vulgare subsp. vulgare	Blastx
SRR22534740	NODE_39967_length_1693_cov_5.188554	38.3	1693	411	0.311436	1.36e-12	acc|GENBANK|QDY51732.1|GENBANK|MK250085|dnaJ C terminal domain protein [Mimiviridae sp. ChoanoV1]	Mimiviridae sp. ChoanoV1	Blastx
SRR22534740	NODE_32101_length_483_cov_3.677778	28.9	483	524	0.330153	1.36e-12	acc|GENBANK|ADJ57459.1|GENBANK|HM214799|CYP6G1 [Drosophila melanogaster]	Drosophila melanogaster	Blastx
SRR22534740	NODE_41813_length_343_cov_34.854839	40.9	343	459	0.202614	1.36e-12	acc|GENBANK|BBI30359.1|GENBANK|AP018495|beta-galactosidase [Acanthamoeba castellanii medusavirus J1]	Acanthamoeba castellanii medusavirus J1	Blastx
SRR22534740	NODE_20668_length_325_cov_1.773973	48.8	325	322	0.254658	1.39e-12	acc|GENBANK|AYV84288.1|GENBANK|MK072403|hypothetical protein [Hyperionvirus sp.]	Hyperionvirus sp.	Blastx
SRR22534740	NODE_25064_length_254_cov_10.796380	69.2	254	242	0.214876	1.42e-12	acc|GENBANK|AGU70135.1|GENBANK|KF270089|integrase-type DNA-binding superfamily protein [Tarenaya hassleriana]	Tarenaya hassleriana	Blastx
SRR22534740	NODE_17218_length_418_cov_1.701299	33.1	418	1633	0.085119	1.44e-12	acc|GENBANK|AMK62058.1|NEIGHBOR|KF959826|serine threonine-protein kinase receptor [Samba virus]	Samba virus	Blastx
SRR22534740	NODE_550_length_1424_cov_9.920201	30.4	1424	794	0.198992	1.55e-12	acc|GENBANK|AYV76328.1|GENBANK|MK071983|putative exonuclease [Terrestrivirus sp.]	Terrestrivirus sp.	Blastx
SRR22534740	NODE_1261_length_554_cov_88.973129	40.9	554	394	0.223350	1.55e-12	acc|GENBANK|QBK89990.1|GENBANK|MK500451|phosphoribosyl transferase domain protein [Pithovirus LCPAC101]	Pithovirus LCPAC101	Blastx
SRR22534740	NODE_2509_length_1299_cov_9.037125	28.0	1299	832	0.317308	1.56e-12	acc|GENBANK|BAD00047.1|GENBANK|AB119282|Fusion protein, Feo [Hepacivirus hominis]	Hepacivirus hominis	Blastx
SRR22534740	NODE_7817_length_496_cov_6.948164	32.2	496	587	0.243612	1.57e-12	acc|GENBANK|QBK90101.1|GENBANK|MK500465|F-box and regulator of chromosome condensation [Pithovirus LCPAC102]	Pithovirus LCPAC102	Blastx
SRR22534740	NODE_15453_length_464_cov_2.983759	38.7	464	686	0.154519	1.58e-12	acc|GENBANK|ADQ91181.1|GENBANK|HM004430|hypothetical protein [Bathycoccus sp. RCC1105 virus BpV2]	Bathycoccus sp. RCC1105 virus BpV2	Blastx
SRR22534740	NODE_8218_length_532_cov_44.226453	70.2	532	382	0.123037	1.69e-12	acc|GENBANK|QFG73707.1|GENBANK|MN448269|DnaJ C terminal domain protein [Megaviridae environmental sample]	Megaviridae environmental sample	Blastx
SRR22534740	NODE_5014_length_880_cov_5.592680	34.5	880	513	0.288499	1.70e-12	acc|GENBANK|QBC76084.1|GENBANK|MK293724|global transactivator [Neophasia sp. alphabaculovirus]	Neophasia sp. alphabaculovirus	Blastx
SRR22534740	NODE_40383_length_846_cov_4.697417	28.9	846	377	0.541114	1.75e-12	acc|GENBANK|AYV84291.1|GENBANK|MK072403|putative galacturonosyltransferase 6-like [Hyperionvirus sp.]	Hyperionvirus sp.	Blastx
SRR22534740	NODE_34287_length_210_cov_13.412429	46.4	210	1019	0.067713	1.75e-12	acc|GENBANK|ABZ80022.1|NEIGHBOR|EU410304|beta-D-galactosidase [synthetic Vaccinia virus]	synthetic Vaccinia virus	Blastx
SRR22534740	NODE_48830_length_385_cov_1.994318	34.0	385	870	0.165517	1.77e-12	acc|GENBANK|AGE48886.1|GENBANK|JX997154|calcium-transporting ATPase, plasma [Paramecium bursaria Chlorella virus AP110A]	Paramecium bursaria Chlorella virus AP110A	Blastx
SRR22534740	NODE_40188_length_603_cov_8.043860	35.4	603	919	0.141458	1.84e-12	acc|GENBANK|AYV75146.1|GENBANK|MK071979|plasma membrane ATPase [Terrestrivirus sp.]	Terrestrivirus sp.	Blastx
SRR22534740	NODE_44115_length_943_cov_8.068132	27.8	943	571	0.327496	1.88e-12	acc|GENBANK|QPI16192.1|GENBANK|MW030542|DNA primase/helicase [Virus NIOZ-UU157]	Virus NIOZ-UU157	Blastx
SRR22534740	NODE_46970_length_222_cov_1.238095	74.5	222	402	0.116915	1.88e-12	acc|GENBANK|AAL89278.1|GENBANK|AF440570|WSSV410 [Shrimp white spot syndrome virus]	Shrimp white spot syndrome virus	Blastx
SRR22534740	NODE_12973_length_240_cov_1.560386	47.4	240	630	0.120635	1.90e-12	acc|GENBANK|WIL05472.1|GENBANK|OQ413582|ABC2 type transporter superfamily protein [Pithovirus mammoth]	Pithovirus mammoth	Blastx
SRR22534740	NODE_474_length_1491_cov_14.478738	45.3	1491	925	0.102703	1.94e-12	acc|GENBANK|ABY48139.1|GENBANK|EU306659|NORK [Medicago truncatula]	Medicago truncatula	Blastx
SRR22534740	NODE_14873_length_290_cov_5.369650	38.9	290	1263	0.075218	1.96e-12	acc|GENBANK|ABG37655.1|GENBANK|DQ536162|integrase [Populus trichocarpa]	Populus trichocarpa	Blastx
SRR22534740	NODE_1912_length_628_cov_49.363025	29.2	628	544	0.389706	1.98e-12	acc|REFSEQ|YP_009119837.1|REFSEQ|NC_026440|beta glucosidase [Pandoravirus inopinatum]	Pandoravirus inopinatum	Blastx
SRR22534740	NODE_23484_length_500_cov_6.569593	31.3	500	348	0.459770	2.01e-12	acc|GENBANK|QKF93652.1|GENBANK|MT418680|methionine aminopeptidase [Fadolivirus FV1/VV64]	Fadolivirus FV1/VV64	Blastx
SRR22534740	NODE_28075_length_428_cov_8.556962	35.1	428	364	0.313187	2.02e-12	acc|GENBANK|ADB85405.1|GENBANK|GQ252886|putative protein kinase [Phyllostachys edulis]	Phyllostachys edulis	Blastx
SRR22534740	NODE_18606_length_200_cov_1.898204	54.7	200	1042	0.061420	2.02e-12	acc|GENBANK|ACN78973.1|GENBANK|FJ225394|copia-type polyprotein [Glycine max]	Glycine max	Blastx
SRR22534740	NODE_37401_length_783_cov_13.378667	26.7	783	435	0.448276	2.07e-12	acc|GENBANK|AYV82548.1|GENBANK|MK072383|chromosome condensation regulator [Hyperionvirus sp.]	Hyperionvirus sp.	Blastx
SRR22534740	NODE_4530_length_235_cov_5.559406	44.9	235	237	0.291139	2.07e-12	acc|GENBANK|ADB85285.1|GENBANK|GQ252816|hypothetical protein [Phyllostachys edulis]	Phyllostachys edulis	Blastx
SRR22534740	NODE_6968_length_899_cov_17.311778	23.9	899	324	0.839506	2.13e-12	acc|REFSEQ|YP_010780174.1|REFSEQ|NC_075038|NAD-dependent dehydratase [Tupanvirus deep ocean]	Tupanvirus deep ocean	Blastx
SRR22534740	NODE_21715_length_210_cov_1.033898	72.9	210	392	0.122449	2.15e-12	acc|GENBANK|ABV72583.1|GENBANK|EU155081|unknown [Oryza sativa Japonica Group]	Oryza sativa Japonica Group	Blastx
SRR22534740	NODE_20519_length_227_cov_1.000000	55.9	227	1438	0.047288	2.17e-12	acc|GENBANK|QEL51197.1|GENBANK|MN340250|polyprotein [Glycine max]	Glycine max	Blastx
SRR22534740	NODE_5234_length_1327_cov_6.884080	27.3	1327	390	0.412821	2.20e-12	acc|GENBANK|AYV77962.1|GENBANK|MK072068|FAD-binding protein [Edafosvirus sp.]	Edafosvirus sp.	Blastx
SRR22534740	NODE_19571_length_310_cov_1.155235	39.0	310	442	0.226244	2.31e-12	acc|GENBANK|QBK90954.1|GENBANK|MK500504|putative serine/threonine protein kinase [Pithovirus LCPAC201]	Pithovirus LCPAC201	Blastx
SRR22534740	NODE_10763_length_306_cov_1.417582	38.5	306	567	0.169312	2.34e-12	acc|GENBANK|QYA18790.1|GENBANK|MZ420154|RuvB-like chromatin remodeling ATPase [Clandestinovirus]	Clandestinovirus	Blastx
SRR22534740	NODE_29051_length_449_cov_2.286058	38.2	449	552	0.161232	2.41e-12	acc|GENBANK|AYV75783.1|GENBANK|MK071981|ATP binding cassette sub family F [Terrestrivirus sp.]	Terrestrivirus sp.	Blastx
SRR22534740	NODE_16163_length_599_cov_2.083039	34.9	599	202	0.524752	2.42e-12	acc|GENBANK|CCQ71376.1|GENBANK|HF586479|hypothetical peptidase PPPDE-like [Cotesia congregata]	Cotesia congregata	Blastx
SRR22534740	NODE_18663_length_263_cov_1.643478	43.7	263	471	0.184713	2.43e-12	acc|GENBANK|AFV13457.1|GENBANK|JQ314445|UDPG-flavonoid 3-O-glucosyl transferase [Tripsacum dactyloides]	Tripsacum dactyloides	Blastx
SRR22534740	NODE_15568_length_683_cov_3.261538	29.9	683	725	0.332414	2.44e-12	acc|GENBANK|AGE54534.1|GENBANK|JX997171|helicase [Paramecium bursaria Chlorella virus KS1B]	Paramecium bursaria Chlorella virus KS1B	Blastx
SRR22534740	NODE_38571_length_425_cov_41.479592	45.3	425	478	0.156904	2.47e-12	acc|GENBANK|AAK84479.1|GENBANK|AF275345|putative auxin growth promotor protein [Solanum lycopersicum]	Solanum lycopersicum	Blastx
SRR22534740	NODE_5268_length_565_cov_21.817669	38.2	565	299	0.341137	2.52e-12	acc|GENBANK|UOG94093.1|NEIGHBOR|OM876856|serine threonine-protein phosphatase [Aureococcus anophagefferens virus]	Aureococcus anophagefferens virus	Blastx
SRR22534740	NODE_40900_length_1549_cov_24.658971	39.5	1549	139	0.618705	2.55e-12	acc|GENBANK|QFG75158.1|GENBANK|MN448299|thioredoxin [Megaviridae environmental sample]	Megaviridae environmental sample	Blastx
SRR22534740	NODE_40313_length_519_cov_4.127572	54.0	519	96	0.656250	2.62e-12	acc|GENBANK|BDT62136.1|GENBANK|LC738872|heat shock protein 40-like protein [Litopenaeus vannamei majanivirus Nimav-1_LVa]	Litopenaeus vannamei majanivirus Nimav-1_LVa	Blastx
SRR22534740	NODE_27380_length_1297_cov_5.594146	38.9	1297	1946	0.055498	2.64e-12	acc|GENBANK|ADB85424.1|GENBANK|GQ252887|putative retrotransposon protein [Phyllostachys edulis]	Phyllostachys edulis	Blastx
SRR22534740	NODE_18782_length_372_cov_1.227139	32.5	372	484	0.241736	2.65e-12	acc|GENBANK|AYV77733.1|GENBANK|MK072066|CYP86A7 [Edafosvirus sp.]	Edafosvirus sp.	Blastx
SRR22534740	NODE_24649_length_266_cov_4.532189	60.0	266	337	0.163205	2.65e-12	acc|GENBANK|ABH08433.1|GENBANK|DQ851167|putative heat shock factor [Beta vulgaris]	Beta vulgaris	Blastx
SRR22534740	NODE_26765_length_240_cov_1.516908	42.9	240	1384	0.045520	2.66e-12	acc|GENBANK|ADB85299.1|GENBANK|GQ252825|putative retrotransposon protein [Phyllostachys edulis]	Phyllostachys edulis	Blastx
SRR22534740	NODE_5499_length_1117_cov_5.819188	26.1	1117	549	0.320583	2.82e-12	acc|GENBANK|WGU26815.1|GENBANK|OQ503488|pentatricopeptide repeat-containing protein [Triticum monococcum]	Triticum monococcum	Blastx
SRR22534740	NODE_16276_length_721_cov_3.200581	40.0	721	183	0.519126	2.83e-12	acc|REFSEQ|YP_009465880.1|REFSEQ|NC_037057|hypothetical protein [Dishui lake phycodnavirus 1]	Dishui lake phycodnavirus 1	Blastx
SRR22534740	NODE_3671_length_1637_cov_30.564214	35.0	1637	243	0.576132	2.85e-12	acc|GENBANK|QPB44322.1|GENBANK|MW018138|BTB/POZ domain-containing protein [Medusavirus stheno T3]	Medusavirus stheno T3	Blastx
SRR22534740	NODE_24573_length_383_cov_2.808571	40.2	383	447	0.194631	2.85e-12	acc|REFSEQ|NP_077596.1|REFSEQ|NC_002687|serine-threonine kinase [Ectocarpus siliculosus virus 1]	Ectocarpus siliculosus virus 1	Blastx
SRR22534740	NODE_23395_length_524_cov_9.443992	29.5	524	378	0.457672	2.87e-12	acc|GENBANK|ACN72775.1|GENBANK|FJ791046|delta-12 oleate desaturase [Helianthus annuus]	Helianthus annuus	Blastx
SRR22534740	NODE_43692_length_450_cov_4.726619	36.1	450	403	0.330025	2.93e-12	acc|REFSEQ|YP_009448705.1|REFSEQ|NC_036594|Phenylalanyl-tRNA synthetase [Orpheovirus IHUMI-LCC2]	Orpheovirus IHUMI-LCC2	Blastx
SRR22534740	NODE_36950_length_632_cov_10.385643	33.6	632	677	0.206795	2.94e-12	acc|REFSEQ|YP_010780306.1|REFSEQ|NC_075038|putative ATP-dependent RNA helicase [Tupanvirus deep ocean]	Tupanvirus deep ocean	Blastx
SRR22534740	NODE_35684_length_989_cov_6.480126	27.8	989	288	0.750000	2.95e-12	acc|GENBANK|CAZ69354.1|GENBANK|FN429076|Longevity-assurance (LAG1) family protein [Emiliania huxleyi virus 99B1]	Emiliania huxleyi virus 99B1	Blastx
SRR22534740	NODE_36997_length_858_cov_9.396364	35.7	858	124	0.927419	2.99e-12	acc|GENBANK|QRM13562.1|NEIGHBOR|MW142017|hypothetical protein [Fowlpox virus]	Fowlpox virus	Blastx
SRR22534740	NODE_48771_length_333_cov_1.170000	41.3	333	424	0.216981	3.01e-12	acc|GENBANK|ARF09212.1|GENBANK|KY684084|DnaJ domain protein [Catovirus CTV1]	Catovirus CTV1	Blastx
SRR22534740	NODE_29563_length_262_cov_1.563319	39.1	262	388	0.224227	3.03e-12	acc|GENBANK|CCQ71327.1|GENBANK|HF586476|hypothetical protein kinase Pka-C1 [Cotesia congregata]	Cotesia congregata	Blastx
SRR22534740	NODE_43905_length_640_cov_2.172982	35.0	640	591	0.174281	3.04e-12	acc|GENBANK|QBK87243.1|GENBANK|MK500346|uncharacterized protein [Marseillevirus LCMAC201]	Marseillevirus LCMAC201	Blastx
SRR22534740	NODE_35146_length_281_cov_6.056452	39.6	281	328	0.292683	3.05e-12	acc|GENBANK|AYV82419.1|GENBANK|MK072382|elongation factor 1-alpha-like protein [Homavirus sp.]	Homavirus sp.	Blastx
SRR22534740	NODE_19362_length_402_cov_5.181572	31.1	402	248	0.415323	3.16e-12	acc|GENBANK|XDO02353.1|GENBANK|PP542043|Sdr Family Oxidoreductase [Florenciella sp. virus SA2]	Florenciella sp. virus SA2	Blastx
SRR22534740	NODE_21006_length_666_cov_1.767773	29.6	666	252	0.710317	3.24e-12	acc|GENBANK|BCU03334.1|GENBANK|LC625835|DNA-3-methyladenine glycosylase [Pandoravirus japonicus]	Pandoravirus japonicus	Blastx
SRR22534740	NODE_32505_length_412_cov_2.620053	43.7	412	815	0.106748	3.24e-12	acc|REFSEQ|YP_010782648.1|REFSEQ|NC_075039|elongation factor 2 [Tupanvirus soda lake]	Tupanvirus soda lake	Blastx
SRR22534740	NODE_33065_length_330_cov_3.717172	29.6	330	1044	0.103448	3.28e-12	acc|GENBANK|BAC54898.1|GENBANK|AB083008|supressor of Ty element 16 [Drosophila melanogaster]	Drosophila melanogaster	Blastx
SRR22534740	NODE_6493_length_613_cov_43.436207	47.9	613	631	0.115689	3.38e-12	acc|REFSEQ|YP_010781061.1|REFSEQ|NC_075038|putative acyl-CoA oxidase [Tupanvirus deep ocean]	Tupanvirus deep ocean	Blastx
SRR22534740	NODE_44181_length_1272_cov_5.527038	30.9	1272	442	0.490950	3.39e-12	acc|GENBANK|QBK90954.1|GENBANK|MK500504|putative serine/threonine protein kinase [Pithovirus LCPAC201]	Pithovirus LCPAC201	Blastx
SRR22534740	NODE_26981_length_346_cov_1.424920	52.6	346	105	0.542857	3.45e-12	acc|GENBANK|QPI16506.1|GENBANK|MW030569|thioredoxin domain-containing protein [Virus NIOZ-UU157]	Virus NIOZ-UU157	Blastx
SRR22534740	NODE_28260_length_409_cov_12.696809	45.5	409	321	0.239875	3.48e-12	acc|GENBANK|AYV78934.1|GENBANK|MK072118|putative DnaJ-like protein subfamily B member 1 [Edafosvirus sp.]	Edafosvirus sp.	Blastx
SRR22534740	NODE_43816_length_1535_cov_9.635819	39.8	1535	1946	0.055498	3.50e-12	acc|GENBANK|ADB85424.1|GENBANK|GQ252887|putative retrotransposon protein [Phyllostachys edulis]	Phyllostachys edulis	Blastx
SRR22534740	NODE_22109_length_217_cov_1.206522	48.5	217	642	0.105919	3.51e-12	acc|GENBANK|QDY52194.1|GENBANK|MK250088|acyl-CoA dehydrogenase [Mimiviridae sp. ChoanoV1]	Mimiviridae sp. ChoanoV1	Blastx
SRR22534740	NODE_42493_length_431_cov_24.276382	46.4	431	99	0.565657	3.53e-12	acc|GENBANK|BBI30533.1|GENBANK|AP018495|initiation factor eIF1/SUI [Acanthamoeba castellanii medusavirus J1]	Acanthamoeba castellanii medusavirus J1	Blastx
SRR22534740	NODE_43775_length_2225_cov_14.104015	34.0	2225	311	0.643087	3.61e-12	acc|GENBANK|AYV82542.1|GENBANK|MK072383|SDR family NAD(P)-dependent oxidoreductase [Hyperionvirus sp.]	Hyperionvirus sp.	Blastx
SRR22534740	NODE_24395_length_599_cov_3.575972	48.5	599	85	0.800000	3.62e-12	acc|GENBANK|AYV75195.1|GENBANK|MK071979|putative cytochrome b5 [Terrestrivirus sp.]	Terrestrivirus sp.	Blastx
SRR22534740	NODE_6304_length_475_cov_4.083710	37.5	475	1715	0.097959	3.63e-12	acc|GENBANK|WDS48439.1|GENBANK|ON798805|essential for potexvirus accumulation 1 [Solanum tuberosum]	Solanum tuberosum	Blastx
SRR22534740	NODE_45501_length_315_cov_9.074468	38.5	315	833	0.124850	3.68e-12	acc|GENBANK|CCQ71385.1|GENBANK|HF586480|hypothetical Homeodomain-interacting protein [Cotesia congregata]	Cotesia congregata	Blastx
SRR22534740	NODE_36191_length_386_cov_10.393768	53.1	386	249	0.257028	3.69e-12	acc|GENBANK|QBK85671.1|GENBANK|MK500327|histone 2A-domain-containing protein [Marseillevirus LCMAC101]	Marseillevirus LCMAC101	Blastx
SRR22534740	NODE_43_length_932_cov_31.567297	46.1	932	845	0.105325	3.80e-12	acc|GENBANK|AYV77843.1|GENBANK|MK072067|mimivirus elongation factor aef-2 [Edafosvirus sp.]	Edafosvirus sp.	Blastx
SRR22534740	NODE_9170_length_223_cov_1.836842	49.4	223	925	0.083243	3.85e-12	acc|GENBANK|ABY48139.1|GENBANK|EU306659|NORK [Medicago truncatula]	Medicago truncatula	Blastx
SRR22534740	NODE_24543_length_1068_cov_5.631884	29.1	1068	288	0.607639	3.88e-12	acc|GENBANK|AHA54089.1|GENBANK|KF481685|Longevity-assurance (LAG1) family protein [Emiliania huxleyi virus 18]	Emiliania huxleyi virus 18	Blastx
SRR22534740	NODE_31563_length_273_cov_2.112500	53.2	273	678	0.091445	4.00e-12	acc|GENBANK|CCQ71325.1|GENBANK|HF586476|hypothetical kinesin-like protein KIF3 [Cotesia congregata]	Cotesia congregata	Blastx
SRR22534740	NODE_2489_length_544_cov_25.240705	40.3	544	308	0.250000	4.33e-12	acc|GENBANK|AFV13468.1|GENBANK|JQ314449|ring-H2 zinc finger protein [Coix lacryma-jobi]	Coix lacryma-jobi	Blastx
SRR22534740	NODE_30352_length_698_cov_11.714286	35.3	698	2037	0.065292	4.35e-12	acc|GENBANK|ABG37663.1|GENBANK|DQ536170|CCHC-type integrase [Populus trichocarpa]	Populus trichocarpa	Blastx
SRR22534740	NODE_20878_length_383_cov_2.465714	41.5	383	925	0.114595	4.35e-12	acc|GENBANK|ABY48139.1|GENBANK|EU306659|NORK [Medicago truncatula]	Medicago truncatula	Blastx
SRR22534740	NODE_9925_length_410_cov_2.429708	44.9	410	1136	0.068662	4.39e-12	acc|GENBANK|ABG37654.1|GENBANK|DQ536161|integrase [Populus trichocarpa]	Populus trichocarpa	Blastx
SRR22534740	NODE_9984_length_821_cov_3.233503	40.9	821	109	0.853211	4.62e-12	acc|GENBANK|QBK85947.1|GENBANK|MK500328|thioredoxin [Marseillevirus LCMAC101]	Marseillevirus LCMAC101	Blastx
SRR22534740	NODE_48708_length_295_cov_1.858779	37.8	295	313	0.287540	4.62e-12	acc|GENBANK|AYV85455.1|GENBANK|MK072453|protein phosphatase 2C domain containing [Satyrvirus sp.]	Satyrvirus sp.	Blastx
SRR22534740	NODE_2668_length_716_cov_24.707174	35.3	716	455	0.224176	4.65e-12	acc|GENBANK|QFG73745.1|GENBANK|MN448270|elongation factor Tu GTP binding domain protein [Megaviridae environmental sample]	Megaviridae environmental sample	Blastx
SRR22534740	NODE_15093_length_570_cov_4.489758	62.5	570	177	0.316384	4.66e-12	acc|GENBANK|ABK32208.1|GENBANK|DQ890165|VRN3 [Triticum aestivum]	Triticum aestivum	Blastx
SRR22534740	NODE_29705_length_364_cov_3.670695	44.0	364	706	0.106232	4.71e-12	acc|GENBANK|QBK88798.1|GENBANK|MK500399|HrpA-like RNA helicase [Mimivirus LCMiAC01]	Mimivirus LCMiAC01	Blastx
SRR22534740	NODE_18622_length_252_cov_4.278539	56.1	252	299	0.220736	4.79e-12	acc|GENBANK|QBK91775.1|GENBANK|MK500565|mitochondrial carrier-like protein [Pithovirus LCPAC304]	Pithovirus LCPAC304	Blastx
SRR22534740	NODE_34658_length_1753_cov_8.241279	36.2	1753	1618	0.080346	4.80e-12	acc|GENBANK|QGR54286.1|GENBANK|MK978772|serine/threonine protein kinase [Moumouvirus maliensis]	Moumouvirus maliensis	Blastx
SRR22534740	NODE_20227_length_298_cov_2.203774	42.7	298	395	0.225316	4.80e-12	acc|GENBANK|AYV79137.1|GENBANK|MK072134|serine/threonine protein kinase [Faunusvirus sp.]	Faunusvirus sp.	Blastx
SRR22534740	NODE_375_length_918_cov_22.783051	26.3	918	211	0.971564	4.87e-12	acc|REFSEQ|YP_009448950.1|REFSEQ|NC_036594|Synaptobrevin/VAMP-like protein [Orpheovirus IHUMI-LCC2]	Orpheovirus IHUMI-LCC2	Blastx
SRR22534740	NODE_26746_length_682_cov_5.640986	29.3	682	1384	0.165462	5.03e-12	acc|GENBANK|ADB85299.1|GENBANK|GQ252825|putative retrotransposon protein [Phyllostachys edulis]	Phyllostachys edulis	Blastx
SRR22534740	NODE_13427_length_220_cov_1.823529	45.1	220	1710	0.041520	5.10e-12	acc|GENBANK|BBI30403.1|GENBANK|AP018495|Ser/Thr protein kinase [Acanthamoeba castellanii medusavirus J1]	Acanthamoeba castellanii medusavirus J1	Blastx
SRR22534740	NODE_27208_length_228_cov_1.461538	77.3	228	242	0.181818	5.55e-12	acc|GENBANK|AGU70135.1|GENBANK|KF270089|integrase-type DNA-binding superfamily protein [Tarenaya hassleriana]	Tarenaya hassleriana	Blastx
SRR22534740	NODE_10643_length_232_cov_1.743719	44.8	232	276	0.242754	5.87e-12	acc|GENBANK|ABV29330.1|GENBANK|EU126948|truncated bromodomain-containing protein 2b [Danio rerio]	Danio rerio	Blastx
SRR22534740	NODE_40881_length_598_cov_26.752212	49.4	598	421	0.187648	6.18e-12	acc|GENBANK|AGP03657.1|GENBANK|KF220834|integrase-type DNA-binding superfamily protein [Glycine max]	Glycine max	Blastx
SRR22534740	NODE_28619_length_382_cov_2.128940	41.1	382	309	0.307443	6.34e-12	acc|REFSEQ|NP_938400.1|REFSEQ|NC_005179|149R [Yaba monkey tumor virus]	Yaba monkey tumor virus	Blastx
SRR22534740	NODE_28205_length_238_cov_2.224390	48.1	238	706	0.114731	6.38e-12	acc|GENBANK|WGU26822.1|GENBANK|OQ503488|OPT oligopeptide transporter protein [Triticum monococcum]	Triticum monococcum	Blastx
SRR22534740	NODE_46833_length_218_cov_1.264865	52.4	218	630	0.100000	6.54e-12	acc|GENBANK|WIL05472.1|GENBANK|OQ413582|ABC2 type transporter superfamily protein [Pithovirus mammoth]	Pithovirus mammoth	Blastx
SRR22534740	NODE_22297_length_346_cov_1.201278	38.0	346	466	0.197425	6.71e-12	acc|GENBANK|ARJ31392.1|GENBANK|KY906028|putative ERV-F (C)1 provirus ancestral Env [Arabidopsis thaliana]	Arabidopsis thaliana	Blastx
SRR22534740	NODE_25496_length_345_cov_1.945513	32.4	345	485	0.210309	6.78e-12	acc|GENBANK|XAO13532.1|GENBANK|PP130629|hypothetical protein [Mantoniella tinhauana virus 1]	Mantoniella tinhauana virus 1	Blastx
SRR22534740	NODE_23488_length_1047_cov_6.541420	27.2	1047	269	0.888476	7.24e-12	acc|REFSEQ|YP_003970108.1|REFSEQ|NC_014637|putative family 2C serine/threonine phosphatase [Cafeteria roenbergensis virus BV-PW1]	Cafeteria roenbergensis virus BV-PW1	Blastx
SRR22534740	NODE_27078_length_324_cov_2.618557	40.0	324	589	0.161290	7.44e-12	acc|GENBANK|QKF93534.1|GENBANK|MT418680|peroxisomal acyl-CoA oxidase [Fadolivirus FV1/VV64]	Fadolivirus FV1/VV64	Blastx
SRR22534740	NODE_41057_length_2912_cov_11.158041	23.0	2912	927	0.548004	7.63e-12	acc|GENBANK|QKF94201.1|GENBANK|MT418680|P-type ATPase subfamily IV [Fadolivirus FV1/VV64]	Fadolivirus FV1/VV64	Blastx
SRR22534740	NODE_33375_length_823_cov_9.269620	50.0	823	405	0.182716	7.95e-12	acc|REFSEQ|YP_007354262.1|REFSEQ|NC_020104|DnaJ-like protein [Acanthamoeba polyphaga moumouvirus]	Acanthamoeba polyphaga moumouvirus	Blastx
SRR22534740	NODE_32491_length_409_cov_12.553191	37.4	409	870	0.150575	7.98e-12	acc|GENBANK|AGE48886.1|GENBANK|JX997154|calcium-transporting ATPase, plasma [Paramecium bursaria Chlorella virus AP110A]	Paramecium bursaria Chlorella virus AP110A	Blastx
SRR22534740	NODE_26484_length_923_cov_4.506742	37.6	923	680	0.172059	8.09e-12	acc|GENBANK|QFG73938.1|GENBANK|MN448274|AAA domain protein [Megaviridae environmental sample]	Megaviridae environmental sample	Blastx
SRR22534740	NODE_708_length_1154_cov_17.512935	33.1	1154	600	0.201667	8.14e-12	acc|REFSEQ|YP_010781150.1|REFSEQ|NC_075038|hypothetical protein [Tupanvirus deep ocean]	Tupanvirus deep ocean	Blastx
SRR22534740	NODE_42434_length_1326_cov_5.501933	31.1	1326	332	0.686747	8.24e-12	acc|GENBANK|QBK87894.1|GENBANK|MK500371|polyprenyl synthetase [Marseillevirus LCMAC202]	Marseillevirus LCMAC202	Blastx
SRR22534740	NODE_3366_length_608_cov_16.269565	38.0	608	291	0.415808	8.56e-12	acc|GENBANK|QDY52327.1|GENBANK|MK250090|hypothetical protein [Mimiviridae sp. ChoanoV1]	Mimiviridae sp. ChoanoV1	Blastx
SRR22534740	NODE_6537_length_714_cov_9.230543	28.8	714	361	0.326870	8.61e-12	acc|REFSEQ|YP_010780296.1|REFSEQ|NC_075038|histone deacetylase [Tupanvirus deep ocean]	Tupanvirus deep ocean	Blastx
SRR22534740	NODE_39180_length_1445_cov_3.202550	59.1	1445	2037	0.032401	8.98e-12	acc|GENBANK|ABG37663.1|GENBANK|DQ536170|CCHC-type integrase [Populus trichocarpa]	Populus trichocarpa	Blastx
SRR22534740	NODE_37704_length_621_cov_21.566327	26.6	621	192	0.822917	9.08e-12	acc|GENBANK|ATZ80580.1|GENBANK|MF782455|dual specificity protein phosphatase [Bodo saltans virus]	Bodo saltans virus	Blastx
SRR22534740	NODE_48215_length_265_cov_1.008621	72.3	265	732	0.064208	9.11e-12	acc|GENBANK|AGJ83729.1|GENBANK|KC256972|gag-pol polyprotein [Caragana korshinskii]	Caragana korshinskii	Blastx
SRR22534740	NODE_37525_length_372_cov_10.660767	30.0	372	467	0.256959	9.12e-12	acc|GENBANK|API81738.1|NEIGHBOR|KU052222|hypothetical protein [Cafeteriavirus-dependent mavirus]	Cafeteriavirus-dependent mavirus	Blastx
SRR22534740	NODE_46915_length_221_cov_1.244681	52.5	221	314	0.187898	9.12e-12	acc|GENBANK|CAK7596793.1|GENBANK|OZ003748|NAD(P)-binding homologous superfamily [Catovirus sp. 'naegleriensis']	Catovirus sp. 'naegleriensis'	Blastx
SRR22534740	NODE_3987_length_259_cov_1.101770	71.8	259	352	0.110795	9.39e-12	acc|GENBANK|WGU26813.1|GENBANK|OQ503488|hypothetical protein [Triticum monococcum]	Triticum monococcum	Blastx
SRR22534740	NODE_2228_length_254_cov_4.859729	73.8	254	379	0.110818	9.39e-12	acc|GENBANK|ADB85364.1|GENBANK|GQ252868|putative alcohol dehydrogenase 2 [Phyllostachys edulis]	Phyllostachys edulis	Blastx
SRR22534740	NODE_48388_length_271_cov_0.983193	61.2	271	660	0.074242	9.79e-12	acc|REFSEQ|YP_001425742.1|REFSEQ|NC_008603|hypothetical protein [Paramecium bursaria Chlorella virus FR483]	Paramecium bursaria Chlorella virus FR483	Blastx
SRR22534740	NODE_44084_length_964_cov_16.310419	34.3	964	467	0.306210	1.04e-11	acc|GENBANK|API81738.1|NEIGHBOR|KU052222|hypothetical protein [Cafeteriavirus-dependent mavirus]	Cafeteriavirus-dependent mavirus	Blastx
SRR22534740	NODE_16344_length_323_cov_2.372414	57.3	323	1472	0.050951	1.04e-11	acc|GENBANK|AAL68641.1|GENBANK|AF458765|polyprotein [Oryza sativa Japonica Group]	Oryza sativa Japonica Group	Blastx
SRR22534740	NODE_26854_length_1292_cov_6.393169	37.8	1292	1946	0.065262	1.07e-11	acc|GENBANK|ADB85424.1|GENBANK|GQ252887|putative retrotransposon protein [Phyllostachys edulis]	Phyllostachys edulis	Blastx
SRR22534740	NODE_16903_length_444_cov_5.182482	45.1	444	588	0.139456	1.11e-11	acc|GENBANK|QOI90522.1|GENBANK|MT663539|hypothetical protein [Pyramimonas orientalis virus]	Pyramimonas orientalis virus	Blastx
SRR22534740	NODE_1371_length_416_cov_5.180157	34.0	416	925	0.152432	1.17e-11	acc|GENBANK|ABY48139.1|GENBANK|EU306659|NORK [Medicago truncatula]	Medicago truncatula	Blastx
SRR22534740	NODE_40831_length_226_cov_20.269430	50.8	226	361	0.163435	1.19e-11	acc|GENBANK|AGE55821.1|GENBANK|JX997174|agmatine deiminase [Acanthocystis turfacea Chlorella virus MN0810.1]	Acanthocystis turfacea Chlorella virus MN0810.1	Blastx
SRR22534740	NODE_29518_length_587_cov_2.333935	32.7	587	608	0.266447	1.23e-11	acc|GENBANK|AYV87106.1|GENBANK|MK072531|phospholipase [Sylvanvirus sp.]	Sylvanvirus sp.	Blastx
SRR22534740	NODE_36368_length_897_cov_6.358796	27.1	897	627	0.341308	1.24e-11	acc|GENBANK|ARF09181.1|GENBANK|KY684084|AMP-binding enzyme [Catovirus CTV1]	Catovirus CTV1	Blastx
SRR22534740	NODE_31253_length_338_cov_1.790164	38.6	338	1471	0.059823	1.24e-11	acc|GENBANK|AGW47867.1|GENBANK|KF303287|polyprotein [Phaseolus vulgaris]	Phaseolus vulgaris	Blastx
SRR22534740	NODE_24634_length_678_cov_3.868217	27.8	678	484	0.409091	1.27e-11	acc|GENBANK|AYV77733.1|GENBANK|MK072066|CYP86A7 [Edafosvirus sp.]	Edafosvirus sp.	Blastx
SRR22534740	NODE_32693_length_295_cov_1.797710	44.7	295	604	0.155629	1.32e-11	acc|GENBANK|ABH08432.1|GENBANK|DQ851167|putative non-inducible immunity 1 [Beta vulgaris]	Beta vulgaris	Blastx
SRR22534740	NODE_35775_length_733_cov_8.462857	35.5	733	255	0.552941	1.35e-11	acc|GENBANK|AXH78870.1|GENBANK|MH617966|MurG [Circular genetic element sp.]	Circular genetic element sp.	Blastx
SRR22534740	NODE_37419_length_1398_cov_17.148718	29.9	1398	264	0.734848	1.38e-11	acc|GENBANK|AYV84451.1|GENBANK|MK072408|CS-domain-containing protein [Hyperionvirus sp.]	Hyperionvirus sp.	Blastx
SRR22534740	NODE_8418_length_901_cov_3.966590	27.1	901	472	0.421610	1.42e-11	acc|GENBANK|QDY52114.1|GENBANK|MK250087|hypothetical protein [Mimiviridae sp. ChoanoV1]	Mimiviridae sp. ChoanoV1	Blastx
SRR22534740	NODE_42149_length_210_cov_38.271186	49.3	210	385	0.179221	1.42e-11	acc|GENBANK|UUT40455.1|GENBANK|ON887238|hypothetical protein [carnivorous sponge associated iridovirus]	carnivorous sponge associated iridovirus	Blastx
SRR22534740	NODE_35260_length_1240_cov_6.880696	29.1	1240	625	0.280000	1.45e-11	acc|GENBANK|QBK87867.1|GENBANK|MK500370|formyl transferase [Marseillevirus LCMAC202]	Marseillevirus LCMAC202	Blastx
SRR22534740	NODE_47215_length_232_cov_1.170854	44.8	232	447	0.149888	1.45e-11	acc|REFSEQ|NP_077596.1|REFSEQ|NC_002687|serine-threonine kinase [Ectocarpus siliculosus virus 1]	Ectocarpus siliculosus virus 1	Blastx
SRR22534740	NODE_8182_length_1335_cov_12.338710	39.2	1335	299	0.341137	1.46e-11	acc|GENBANK|UOG94093.1|NEIGHBOR|OM876856|serine threonine-protein phosphatase [Aureococcus anophagefferens virus]	Aureococcus anophagefferens virus	Blastx
SRR22534740	NODE_9966_length_739_cov_2.518414	40.4	739	2037	0.051055	1.47e-11	acc|GENBANK|ABG37663.1|GENBANK|DQ536170|CCHC-type integrase [Populus trichocarpa]	Populus trichocarpa	Blastx
SRR22534740	NODE_47400_length_239_cov_1.135922	42.4	239	166	0.397590	1.48e-11	acc|GENBANK|AOZ57159.1|GENBANK|KX147316|integrase [Coccinia grandis]	Coccinia grandis	Blastx
SRR22534740	NODE_29804_length_283_cov_1.856000	35.6	283	471	0.191083	1.51e-11	acc|GENBANK|AFV13457.1|GENBANK|JQ314445|UDPG-flavonoid 3-O-glucosyl transferase [Tripsacum dactyloides]	Tripsacum dactyloides	Blastx
SRR22534740	NODE_9345_length_393_cov_3.463889	55.8	393	103	0.417476	1.53e-11	acc|GENBANK|AYV75812.1|GENBANK|MK071981|putative AN1-type zinc finger protein 2A-like [Terrestrivirus sp.]	Terrestrivirus sp.	Blastx
SRR22534740	NODE_4797_length_325_cov_1.232877	71.4	325	134	0.313433	1.53e-11	acc|REFSEQ|YP_002268196.1|REFSEQ|NC_011346|AC3 protein [Clerodendrum golden mosaic China virus]	Clerodendrum golden mosaic China virus	Blastx
SRR22534740	NODE_29777_length_442_cov_5.828851	38.3	442	239	0.338912	1.56e-11	acc|GENBANK|AYV83988.1|GENBANK|MK072397|RING/U-box superfamily protein [Hyperionvirus sp.]	Hyperionvirus sp.	Blastx
SRR22534740	NODE_14738_length_334_cov_2.132890	42.9	334	682	0.153959	1.56e-11	acc|GENBANK|QBK90575.1|GENBANK|MK500494|ATP-dependent helicase [Pithovirus LCPAC104]	Pithovirus LCPAC104	Blastx
SRR22534740	NODE_6726_length_1060_cov_9.540409	27.4	1060	483	0.467909	1.57e-11	acc|GENBANK|AYV80388.1|GENBANK|MK072243|cytochrome P450 704B1 [Harvfovirus sp.]	Harvfovirus sp.	Blastx
SRR22534740	NODE_42642_length_629_cov_13.447987	31.0	629	274	0.682482	1.60e-11	acc|GENBANK|AJP07215.1|GENBANK|KJ701029|putative methyl transferase [Helicoverpa armigera nucleopolyhedrovirus]	Helicoverpa armigera nucleopolyhedrovirus	Blastx
SRR22534740	NODE_2885_length_758_cov_24.862069	32.6	758	502	0.268924	1.63e-11	acc|GENBANK|ARF08211.1|GENBANK|KY684083|aromatic amino acid lyase [Catovirus CTV1]	Catovirus CTV1	Blastx
SRR22534740	NODE_35225_length_953_cov_8.525000	34.3	953	261	0.536398	1.63e-11	acc|GENBANK|AYV86979.1|GENBANK|MK072522|hypothetical protein [Sylvanvirus sp.]	Sylvanvirus sp.	Blastx
SRR22534740	NODE_18179_length_386_cov_1.631728	42.7	386	2037	0.047128	1.63e-11	acc|GENBANK|ABG37663.1|GENBANK|DQ536170|CCHC-type integrase [Populus trichocarpa]	Populus trichocarpa	Blastx
SRR22534740	NODE_37107_length_1313_cov_9.564063	28.6	1313	4062	0.079271	1.64e-11	acc|GENBANK|QOR60750.1|GENBANK|MK522039|hypothetical protein [Bathycoccus sp. RCC716 virus 3]	Bathycoccus sp. RCC716 virus 3	Blastx
SRR22534740	NODE_41037_length_639_cov_2.744224	46.1	639	1384	0.064306	1.64e-11	acc|GENBANK|ADB85299.1|GENBANK|GQ252825|putative retrotransposon protein [Phyllostachys edulis]	Phyllostachys edulis	Blastx
SRR22534740	NODE_27511_length_725_cov_8.093931	33.1	725	450	0.315556	1.65e-11	acc|GENBANK|AAA42549.1|GENBANK|M62407|Rmil [Rous-associated virus type 1]	Rous-associated virus type 1	Blastx
SRR22534740	NODE_29816_length_241_cov_2.504808	41.2	241	1793	0.047407	1.74e-11	acc|GENBANK|CCQ71366.1|GENBANK|HF586479|hypothetical serine/threonine protein kinase [Cotesia congregata]	Cotesia congregata	Blastx
SRR22534740	NODE_11757_length_244_cov_2.184834	43.6	244	925	0.084324	1.78e-11	acc|GENBANK|ABY48139.1|GENBANK|EU306659|NORK [Medicago truncatula]	Medicago truncatula	Blastx
SRR22534740	NODE_10685_length_602_cov_1.534271	29.1	602	525	0.333333	1.80e-11	acc|GENBANK|BDV49870.1|GENBANK|AP027153|RCBTB1-like protein [Metapenaeopsis lamellata majanivirus]	Metapenaeopsis lamellata majanivirus	Blastx
SRR22534740	NODE_12845_length_753_cov_2.915278	28.9	753	411	0.479319	1.82e-11	acc|GENBANK|WZO84620.1|GENBANK|PP681887|NADH dehydrogenase [Chlorovirus sp.]	Chlorovirus sp.	Blastx
SRR22534740	NODE_47071_length_226_cov_1.305699	54.5	226	103	0.427184	1.82e-11	acc|GENBANK|AYV75812.1|GENBANK|MK071981|putative AN1-type zinc finger protein 2A-like [Terrestrivirus sp.]	Terrestrivirus sp.	Blastx
SRR22534740	NODE_27539_length_824_cov_6.051833	32.8	824	557	0.312388	1.90e-11	acc|GENBANK|WGU26825.1|GENBANK|OQ503488|putative acyl-activating enzyme 5 [Triticum monococcum]	Triticum monococcum	Blastx
SRR22534740	NODE_34302_length_577_cov_7.683824	33.9	577	462	0.235931	1.90e-11	acc|GENBANK|QDY51942.1|GENBANK|MK250086|hypothetical protein [Mimiviridae sp. ChoanoV1]	Mimiviridae sp. ChoanoV1	Blastx
SRR22534740	NODE_42919_length_439_cov_15.051724	45.7	439	677	0.119645	1.98e-11	acc|REFSEQ|YP_010781593.1|REFSEQ|NC_075039|HrpA-like helicase [Tupanvirus soda lake]	Tupanvirus soda lake	Blastx
SRR22534740	NODE_3736_length_458_cov_1.654118	36.4	458	279	0.315412	2.02e-11	acc|GENBANK|QBK88421.1|GENBANK|MK500389|aldo/keto reductase family protein [Mimivirus LCMiAC01]	Mimivirus LCMiAC01	Blastx
SRR22534740	NODE_35897_length_1022_cov_9.720930	26.4	1022	420	0.576190	2.06e-11	acc|GENBANK|WAK75645.1|NEIGHBOR|ON812163|hypothetical protein [Kaisodi virus]	Kaisodi virus	Blastx
SRR22534740	NODE_38254_length_908_cov_27.428571	40.5	908	143	0.552448	2.09e-11	acc|GENBANK|QIG60178.1|GENBANK|MN940580|putative protein disulfide-isomerase A4 [Dishui Lake large algae virus 1]	Dishui Lake large algae virus 1	Blastx
SRR22534740	NODE_24778_length_460_cov_1.925059	34.8	460	418	0.220096	2.14e-11	acc|GENBANK|AAC33140.1|GENBANK|AF031820|serine/threonine protein kinase [Feldmannia species virus]	Feldmannia species virus	Blastx
SRR22534740	NODE_8028_length_1056_cov_13.779081	60.0	1056	819	0.067155	2.16e-11	acc|GENBANK|QKF94107.1|GENBANK|MT418680|eukaryotic translation elongation factor 2 [Fadolivirus FV1/VV64]	Fadolivirus FV1/VV64	Blastx
SRR22534740	NODE_35340_length_287_cov_18.145669	41.8	287	518	0.175676	2.17e-11	acc|GENBANK|QPI16131.1|GENBANK|MW030532|hypothetical protein [Virus NIOZ-UU157]	Virus NIOZ-UU157	Blastx
SRR22534740	NODE_4942_length_392_cov_271.866295	40.2	392	91	0.901099	2.20e-11	acc|GENBANK|AYV76651.1|GENBANK|MK071988|putative acyl-CoA-binding protein [Terrestrivirus sp.]	Terrestrivirus sp.	Blastx
SRR22534740	NODE_41655_length_349_cov_43.009494	39.7	349	109	0.715596	2.22e-11	acc|GENBANK|QDY51808.1|GENBANK|MK250085|thioredoxin [Mimiviridae sp. ChoanoV1]	Mimiviridae sp. ChoanoV1	Blastx
SRR22534740	NODE_41101_length_434_cov_4.852868	36.4	434	431	0.331787	2.28e-11	acc|GENBANK|AYV76863.1|GENBANK|MK071999|ubiquitin carboxyl-terminal hydrolase [Barrevirus sp.]	Barrevirus sp.	Blastx
SRR22534740	NODE_27123_length_801_cov_9.013021	32.0	801	124	0.983871	2.30e-11	acc|GENBANK|QRM13562.1|NEIGHBOR|MW142017|hypothetical protein [Fowlpox virus]	Fowlpox virus	Blastx
SRR22534740	NODE_20251_length_226_cov_1.025907	41.6	226	388	0.198454	2.38e-11	acc|GENBANK|CCQ71327.1|GENBANK|HF586476|hypothetical protein kinase Pka-C1 [Cotesia congregata]	Cotesia congregata	Blastx
SRR22534740	NODE_39092_length_1238_cov_11.083817	27.8	1238	279	0.734767	2.39e-11	acc|REFSEQ|YP_010086806.1|REFSEQ|NC_055482|putative protein P31 [Pistachio ampelovirus A]	Pistachio ampelovirus A	Blastx
SRR22534740	NODE_47118_length_228_cov_1.200000	39.4	228	258	0.275194	2.48e-11	acc|GENBANK|WMV02893.1|GENBANK|OP630990|alpha-tubulin [Diderma spumarioides]	Diderma spumarioides	Blastx
SRR22534740	NODE_31898_length_274_cov_6.302905	44.9	274	447	0.154362	2.49e-11	acc|REFSEQ|NP_077596.1|REFSEQ|NC_002687|serine-threonine kinase [Ectocarpus siliculosus virus 1]	Ectocarpus siliculosus virus 1	Blastx
SRR22534740	NODE_32801_length_497_cov_1.183190	29.9	497	585	0.268376	2.50e-11	acc|GENBANK|SPN79811.1|GENBANK|LT994651|ABC2 type transporter superfamily protein [Brazilian cedratvirus IHUMI]	Brazilian cedratvirus IHUMI	Blastx
SRR22534740	NODE_46509_length_206_cov_1.352601	51.6	206	925	0.069189	2.67e-11	acc|GENBANK|ABY48139.1|GENBANK|EU306659|NORK [Medicago truncatula]	Medicago truncatula	Blastx
SRR22534740	NODE_16753_length_460_cov_1.463700	42.4	460	219	0.420091	2.73e-11	acc|REFSEQ|YP_010780066.1|REFSEQ|NC_075038|tyrosine-protein phosphatase [Tupanvirus deep ocean]	Tupanvirus deep ocean	Blastx
SRR22534740	NODE_29286_length_509_cov_2.846639	52.0	509	678	0.110619	2.89e-11	acc|GENBANK|CCQ71325.1|GENBANK|HF586476|hypothetical kinesin-like protein KIF3 [Cotesia congregata]	Cotesia congregata	Blastx
SRR22534740	NODE_3933_length_205_cov_45.296512	48.5	205	276	0.246377	2.95e-11	acc|GENBANK|ACG38448.1|GENBANK|EU966330|retrotransposon protein Ty1-copia subclass [Zea mays]	Zea mays	Blastx
SRR22534740	NODE_40496_length_688_cov_2.961832	29.7	688	410	0.353659	2.96e-11	acc|GENBANK|QFG74328.1|GENBANK|MN448286|pyridoxal-phosphate dependent enzyme [Megaviridae environmental sample]	Megaviridae environmental sample	Blastx
SRR22534740	NODE_35162_length_964_cov_11.529538	28.6	964	182	0.884615	3.09e-11	acc|REFSEQ|YP_009163818.1|REFSEQ|NC_027778|ORF_057R [Scale drop disease virus]	Scale drop disease virus	Blastx
SRR22534740	NODE_12623_length_237_cov_3.441176	42.3	237	1435	0.054355	3.10e-11	acc|GENBANK|BCS83322.1|GENBANK|AP024483|ubiquitin-conjugating enzyme E2 [Cotonvirus japonicus]	Cotonvirus japonicus	Blastx
SRR22534740	NODE_43191_length_304_cov_253.324723	33.3	304	182	0.510989	3.12e-11	acc|REFSEQ|YP_009163818.1|REFSEQ|NC_027778|ORF_057R [Scale drop disease virus]	Scale drop disease virus	Blastx
SRR22534740	NODE_31969_length_288_cov_2.078431	48.2	288	1196	0.069398	3.23e-11	acc|GENBANK|QBK88182.1|GENBANK|MK500377|CobB/CobQ-like glutamine amidotransferase domain [Marseillevirus LCMAC202]	Marseillevirus LCMAC202	Blastx
SRR22534740	NODE_33538_length_1147_cov_5.698384	30.1	1147	569	0.304042	3.25e-11	acc|GENBANK|ATZ80436.1|GENBANK|MF782455|multidrug export ATPase/permease [Bodo saltans virus]	Bodo saltans virus	Blastx
SRR22534740	NODE_17255_length_376_cov_3.524781	37.5	376	478	0.217573	3.29e-11	acc|GENBANK|AAK84479.1|GENBANK|AF275345|putative auxin growth promotor protein [Solanum lycopersicum]	Solanum lycopersicum	Blastx
SRR22534740	NODE_42270_length_224_cov_39.277487	60.0	224	760	0.065789	3.40e-11	acc|GENBANK|QFG74349.1|GENBANK|MN448286|Hsp90 protein [Megaviridae environmental sample]	Megaviridae environmental sample	Blastx
SRR22534740	NODE_16635_length_226_cov_2.305699	48.5	226	587	0.112436	3.51e-11	acc|GENBANK|WIL03492.1|GENBANK|OQ413576|ABC2 type transporter [Cedratvirus plubellavi]	Cedratvirus plubellavi	Blastx
SRR22534740	NODE_41208_length_551_cov_9.119691	33.3	551	411	0.401460	3.52e-11	acc|GENBANK|WZO84620.1|GENBANK|PP681887|NADH dehydrogenase [Chlorovirus sp.]	Chlorovirus sp.	Blastx
SRR22534740	NODE_35467_length_785_cov_6.836436	25.3	785	234	0.927350	3.53e-11	acc|GENBANK|CAK7596610.1|GENBANK|OZ003748|SGNH hydrolase homologous superfamily [Catovirus sp. 'naegleriensis']	Catovirus sp. 'naegleriensis'	Blastx
SRR22534740	NODE_29516_length_268_cov_2.523404	48.1	268	337	0.228487	3.57e-11	acc|GENBANK|ABH08433.1|GENBANK|DQ851167|putative heat shock factor [Beta vulgaris]	Beta vulgaris	Blastx
SRR22534740	NODE_21121_length_204_cov_1.748538	54.1	204	643	0.094868	3.61e-11	acc|GENBANK|WZO87694.1|GENBANK|PP681895|ATPase [Chlorovirus sp.]	Chlorovirus sp.	Blastx
SRR22534740	NODE_46452_length_204_cov_2.625731	59.1	204	647	0.068006	3.62e-11	acc|GENBANK|AYV86775.1|GENBANK|MK072515|CMGC/MAPK protein kinase, variant 1 [Sylvanvirus sp.]	Sylvanvirus sp.	Blastx
SRR22534740	NODE_18852_length_752_cov_3.079277	31.9	752	471	0.286624	3.71e-11	acc|GENBANK|AFV13457.1|GENBANK|JQ314445|UDPG-flavonoid 3-O-glucosyl transferase [Tripsacum dactyloides]	Tripsacum dactyloides	Blastx
SRR22534740	NODE_24916_length_208_cov_2.897143	45.9	208	471	0.129512	3.71e-11	acc|GENBANK|AFV13457.1|GENBANK|JQ314445|UDPG-flavonoid 3-O-glucosyl transferase [Tripsacum dactyloides]	Tripsacum dactyloides	Blastx
SRR22534740	NODE_39578_length_781_cov_5.312834	29.9	781	4062	0.032989	3.75e-11	acc|GENBANK|QOR60750.1|GENBANK|MK522039|hypothetical protein [Bathycoccus sp. RCC716 virus 3]	Bathycoccus sp. RCC716 virus 3	Blastx
SRR22534740	NODE_36928_length_972_cov_8.596379	30.0	972	273	0.622711	3.78e-11	acc|GENBANK|AAR26956.1|GENBANK|AY225138|FirrV-1-F2 precursor [Feldmannia irregularis virus a]	Feldmannia irregularis virus a	Blastx
SRR22534740	NODE_4617_length_305_cov_2.371324	39.6	305	727	0.138927	3.80e-11	acc|GENBANK|ADB85269.1|GENBANK|GQ252805|putative lectin-like protein kinase [Phyllostachys edulis]	Phyllostachys edulis	Blastx
SRR22534740	NODE_11400_length_304_cov_0.937269	59.6	304	783	0.060026	3.82e-11	acc|GENBANK|QFG73724.1|GENBANK|MN448270|Hsp90 protein [Megaviridae environmental sample]	Megaviridae environmental sample	Blastx
SRR22534740	NODE_32540_length_668_cov_3.581102	28.5	668	353	0.407932	3.84e-11	acc|GENBANK|AYV84281.1|GENBANK|MK072403|hypothetical protein [Hyperionvirus sp.]	Hyperionvirus sp.	Blastx
SRR22534740	NODE_34723_length_483_cov_8.308889	31.5	483	467	0.306210	3.89e-11	acc|GENBANK|API81738.1|NEIGHBOR|KU052222|hypothetical protein [Cafeteriavirus-dependent mavirus]	Cafeteriavirus-dependent mavirus	Blastx
SRR22534740	NODE_6512_length_1834_cov_16.570794	30.6	1834	608	0.300987	3.90e-11	acc|GENBANK|AYV87106.1|GENBANK|MK072531|phospholipase [Sylvanvirus sp.]	Sylvanvirus sp.	Blastx
SRR22534740	NODE_35133_length_571_cov_5.598513	34.2	571	832	0.242788	3.91e-11	acc|GENBANK|BAD00047.1|GENBANK|AB119282|Fusion protein, Feo [Hepacivirus hominis]	Hepacivirus hominis	Blastx
SRR22534740	NODE_1303_length_1059_cov_14.699805	32.3	1059	502	0.314741	3.92e-11	acc|GENBANK|ARF08211.1|GENBANK|KY684083|aromatic amino acid lyase [Catovirus CTV1]	Catovirus CTV1	Blastx
SRR22534740	NODE_5355_length_1144_cov_12.883888	34.1	1144	411	0.413625	3.97e-11	acc|GENBANK|WZO84620.1|GENBANK|PP681887|NADH dehydrogenase [Chlorovirus sp.]	Chlorovirus sp.	Blastx
SRR22534740	NODE_12620_length_301_cov_1.675373	38.6	301	179	0.463687	4.02e-11	acc|GENBANK|AYV77848.1|GENBANK|MK072067|peptide-methionine (S)-S-oxide reductase [Edafosvirus sp.]	Edafosvirus sp.	Blastx
SRR22534740	NODE_33810_length_770_cov_6.423338	32.5	770	1011	0.194857	4.04e-11	acc|GENBANK|BCU03410.1|GENBANK|LC625835|threonylcarbamoyl AMP synthase [Pandoravirus japonicus]	Pandoravirus japonicus	Blastx
SRR22534740	NODE_25975_length_241_cov_1.951923	52.4	241	491	0.128310	4.23e-11	acc|GENBANK|QKF93814.1|GENBANK|MT418680|AAA family ATPase [Fadolivirus FV1/VV64]	Fadolivirus FV1/VV64	Blastx
SRR22534740	NODE_34674_length_1034_cov_12.103896	30.7	1034	144	0.881944	4.33e-11	acc|GENBANK|AUF82519.1|GENBANK|KY322437|putative Mpv17/PMP22 family protein [Tetraselmis virus 1]	Tetraselmis virus 1	Blastx
SRR22534740	NODE_32184_length_607_cov_5.925087	44.6	607	439	0.255125	4.34e-11	acc|GENBANK|AAK92822.1|GENBANK|AY050885|putative replicase [Arabidopsis thaliana]	Arabidopsis thaliana	Blastx
SRR22534740	NODE_35300_length_661_cov_10.488854	30.6	661	288	0.645833	4.40e-11	acc|GENBANK|QYB17403.1|GENBANK|MZ440852|oligoribonuclease NrnB [Pacmanvirus S19]	Pacmanvirus S19	Blastx
SRR22534740	NODE_30841_length_613_cov_3.884483	36.6	613	335	0.423881	4.42e-11	acc|GENBANK|ABY48132.1|GENBANK|EU306659|GH1 protein [Medicago truncatula]	Medicago truncatula	Blastx
SRR22534740	NODE_6697_length_773_cov_57.693243	36.5	773	518	0.243243	4.47e-11	acc|GENBANK|QPI16131.1|GENBANK|MW030532|hypothetical protein [Virus NIOZ-UU157]	Virus NIOZ-UU157	Blastx
SRR22534740	NODE_47515_length_243_cov_1.114286	44.3	243	644	0.122671	4.47e-11	acc|GENBANK|AGE55774.1|GENBANK|JX997174|potassium transporter [Acanthocystis turfacea Chlorella virus MN0810.1]	Acanthocystis turfacea Chlorella virus MN0810.1	Blastx
SRR22534740	NODE_15807_length_315_cov_1.978723	34.3	315	1232	0.085227	4.53e-11	acc|GENBANK|ADK47521.1|GENBANK|HM124452|RDG2A [Hordeum vulgare subsp. vulgare]	Hordeum vulgare subsp. vulgare	Blastx
SRR22534740	NODE_10552_length_539_cov_2.549407	29.4	539	487	0.279261	4.76e-11	acc|GENBANK|QOI90141.1|GENBANK|MT663534|hypothetical protein [Pyramimonas orientalis virus 01B]	Pyramimonas orientalis virus 01B	Blastx
SRR22534740	NODE_30232_length_274_cov_1.676349	41.7	274	269	0.267658	4.83e-11	acc|REFSEQ|YP_003970108.1|REFSEQ|NC_014637|putative family 2C serine/threonine phosphatase [Cafeteria roenbergensis virus BV-PW1]	Cafeteria roenbergensis virus BV-PW1	Blastx
SRR22534740	NODE_26669_length_425_cov_8.676020	50.0	425	214	0.308411	4.88e-11	acc|GENBANK|QBK89352.1|GENBANK|MK500417|histidine phosphatase superfamily protein [Mimivirus LCMiAC02]	Mimivirus LCMiAC02	Blastx
SRR22534740	NODE_33058_length_747_cov_6.812325	30.0	747	466	0.321888	4.89e-11	acc|GENBANK|ACD54811.1|GENBANK|EU643495|endo-xylogalacturonan hydrolase-like protein [Adineta vaga]	Adineta vaga	Blastx
SRR22534740	NODE_6688_length_2853_cov_13.480496	48.4	2853	63	0.984127	5.01e-11	acc|REFSEQ|YP_009173682.1|REFSEQ|NC_028094|AN1-like Zinc finger containing protein [Chrysochromulina ericina virus]	Chrysochromulina ericina virus	Blastx
SRR22534740	NODE_340_length_301_cov_73.238806	70.5	301	242	0.181818	5.09e-11	acc|GENBANK|AGU70135.1|GENBANK|KF270089|integrase-type DNA-binding superfamily protein [Tarenaya hassleriana]	Tarenaya hassleriana	Blastx
SRR22534740	NODE_13507_length_261_cov_2.355263	36.0	261	388	0.221649	5.19e-11	acc|GENBANK|CCQ71327.1|GENBANK|HF586476|hypothetical protein kinase Pka-C1 [Cotesia congregata]	Cotesia congregata	Blastx
SRR22534740	NODE_12156_length_316_cov_1.219081	42.3	316	299	0.237458	5.21e-11	acc|GENBANK|XKM50828.1|GENBANK|PQ442278|hypothetical protein [Ostreococcus tauri virus 19-T2]	Ostreococcus tauri virus 19-T2	Blastx
SRR22534740	NODE_44740_length_1325_cov_18.016254	24.6	1325	575	0.693913	5.23e-11	acc|GENBANK|CAE02704.1|GENBANK|AJ575660|putative sugar transporter [Yarrowia lipolytica]	Yarrowia lipolytica	Blastx
SRR22534740	NODE_25543_length_782_cov_4.822430	57.6	782	405	0.145679	5.23e-11	acc|GENBANK|AVL94682.1|GENBANK|MG807320|DnaJ-like protein [Moumouvirus australiensis]	Moumouvirus australiensis	Blastx
SRR22534740	NODE_25559_length_664_cov_6.670365	35.6	664	166	0.608434	5.32e-11	acc|GENBANK|QPI16596.1|GENBANK|MW030586|tRNA-specific adenosine deaminase [Virus NIOZ-UU159]	Virus NIOZ-UU159	Blastx
SRR22534740	NODE_11877_length_304_cov_1.708487	36.6	304	1261	0.065028	5.34e-11	acc|GENBANK|ACN78974.1|GENBANK|FJ225394|retrotransposon protein [Glycine max]	Glycine max	Blastx
SRR22534740	NODE_14300_length_210_cov_1.016949	54.5	210	613	0.107667	5.36e-11	acc|GENBANK|ADB85401.1|GENBANK|GQ252886|putative pollen-specific kinase [Phyllostachys edulis]	Phyllostachys edulis	Blastx
SRR22534740	NODE_13237_length_289_cov_2.492188	64.8	289	401	0.134663	5.38e-11	acc|GENBANK|ACG36640.1|GENBANK|EU964522|retrotransposon protein [Zea mays]	Zea mays	Blastx
SRR22534740	NODE_15941_length_311_cov_4.482014	45.5	311	678	0.113569	5.55e-11	acc|GENBANK|CCQ71325.1|GENBANK|HF586476|hypothetical kinesin-like protein KIF3 [Cotesia congregata]	Cotesia congregata	Blastx
SRR22534740	NODE_1110_length_325_cov_226.945205	63.0	325	131	0.412214	5.66e-11	acc|GENBANK|ULK74027.1|GENBANK|OL469143|polyprotein [Paslahepevirus balayani]	Paslahepevirus balayani	Blastx
SRR22534740	NODE_4815_length_605_cov_2.101399	36.7	605	447	0.219239	5.82e-11	acc|GENBANK|AAD27549.1|GENBANK|AF111709|unknown [Oryza sativa Indica Group]	Oryza sativa Indica Group	Blastx
SRR22534740	NODE_41630_length_934_cov_5.870144	27.6	934	299	0.836120	5.86e-11	acc|GENBANK|QBK91775.1|GENBANK|MK500565|mitochondrial carrier-like protein [Pithovirus LCPAC304]	Pithovirus LCPAC304	Blastx
SRR22534740	NODE_40385_length_949_cov_18.529476	30.8	949	202	0.707921	5.86e-11	acc|GENBANK|CCQ71376.1|GENBANK|HF586479|hypothetical peptidase PPPDE-like [Cotesia congregata]	Cotesia congregata	Blastx
SRR22534740	NODE_40568_length_1288_cov_16.843028	47.2	1288	89	0.808989	5.88e-11	acc|GENBANK|AAL07267.1|GENBANK|AY048769|ubiquitin-like protein [Choristoneura fumiferana granulovirus]	Choristoneura fumiferana granulovirus	Blastx
SRR22534740	NODE_19022_length_314_cov_1.693950	37.0	314	1158	0.079447	5.94e-11	acc|GENBANK|ADK47522.1|GENBANK|HM124452|NBS2-RDG2A [Hordeum vulgare subsp. vulgare]	Hordeum vulgare subsp. vulgare	Blastx
SRR22534740	NODE_31664_length_495_cov_1.848485	34.3	495	478	0.286611	5.98e-11	acc|GENBANK|AAK84479.1|GENBANK|AF275345|putative auxin growth promotor protein [Solanum lycopersicum]	Solanum lycopersicum	Blastx
SRR22534740	NODE_30941_length_291_cov_1.953488	59.6	291	912	0.051535	6.18e-11	acc|GENBANK|ACX48824.1|GENBANK|GQ923937|chromomethylase [Zea mays]	Zea mays	Blastx
SRR22534740	NODE_43379_length_1230_cov_4.341688	30.3	1230	348	0.672414	6.19e-11	acc|GENBANK|QLI60785.1|NEIGHBOR|MN562489|3 beta-hydroxysteroid dehydrogenase [Scale drop disease virus]	Scale drop disease virus	Blastx
SRR22534740	NODE_2304_length_233_cov_10.400000	61.4	233	219	0.200913	6.28e-11	acc|GENBANK|AYV75604.1|GENBANK|MK071980|ras-related protein Rab-2-A [Terrestrivirus sp.]	Terrestrivirus sp.	Blastx
SRR22534740	NODE_36358_length_1081_cov_6.959924	33.6	1081	186	0.817204	6.31e-11	acc|GENBANK|QYA18555.1|GENBANK|MZ420154|3'-5' exoribonuclease [Clandestinovirus]	Clandestinovirus	Blastx
SRR22534740	NODE_27402_length_589_cov_8.001799	38.7	589	325	0.366154	6.51e-11	acc|GENBANK|QDH91349.1|GENBANK|MN036178|hypothetical protein [Partitiviridae sp.]	Partitiviridae sp.	Blastx
SRR22534740	NODE_15236_length_479_cov_4.719731	32.4	479	426	0.347418	6.54e-11	acc|GENBANK|QBK87330.1|GENBANK|MK500349|calcineurin-like phosphoesterase [Marseillevirus LCMAC201]	Marseillevirus LCMAC201	Blastx
SRR22534740	NODE_47861_length_254_cov_1.058824	36.0	254	544	0.163603	6.81e-11	acc|REFSEQ|YP_009119837.1|REFSEQ|NC_026440|beta glucosidase [Pandoravirus inopinatum]	Pandoravirus inopinatum	Blastx
SRR22534740	NODE_13_length_1267_cov_16.904376	30.9	1267	189	0.941799	6.87e-11	acc|REFSEQ|YP_009174709.1|REFSEQ|NC_028112|hypothetical protein [Yellowstone lake phycodnavirus 1]	Yellowstone lake phycodnavirus 1	Blastx
SRR22534740	NODE_31552_length_676_cov_8.402799	27.3	676	922	0.210412	6.88e-11	acc|GENBANK|ARF11485.1|GENBANK|KY684108|magnesium-transporting ATPase [Klosneuvirus KNV1]	Klosneuvirus KNV1	Blastx
SRR22534740	NODE_18777_length_331_cov_2.030201	57.1	331	93	0.602151	6.98e-11	acc|GENBANK|AYV80661.1|GENBANK|MK072246|putative Cytochrome b5 [Harvfovirus sp.]	Harvfovirus sp.	Blastx
SRR22534740	NODE_41077_length_668_cov_3.518110	25.3	668	467	0.498929	7.06e-11	acc|GENBANK|API81738.1|NEIGHBOR|KU052222|hypothetical protein [Cafeteriavirus-dependent mavirus]	Cafeteriavirus-dependent mavirus	Blastx
SRR22534740	NODE_43624_length_639_cov_9.787129	48.1	639	1033	0.074540	7.20e-11	acc|REFSEQ|YP_010782239.1|REFSEQ|NC_075039|putative ATP-citrate synthase [Tupanvirus soda lake]	Tupanvirus soda lake	Blastx
SRR22534740	NODE_19371_length_452_cov_2.190931	31.0	452	489	0.231084	7.24e-11	acc|GENBANK|QFG74185.1|GENBANK|MN448282|hypothetical protein [Megaviridae environmental sample]	Megaviridae environmental sample	Blastx
SRR22534740	NODE_19256_length_308_cov_1.763636	42.9	308	630	0.122222	7.26e-11	acc|REFSEQ|YP_009001225.1|REFSEQ|NC_023423|ABC transporter [Pithovirus sibericum]	Pithovirus sibericum	Blastx
SRR22534740	NODE_19436_length_232_cov_1.271357	39.7	232	1232	0.055195	7.27e-11	acc|GENBANK|ADK47521.1|GENBANK|HM124452|RDG2A [Hordeum vulgare subsp. vulgare]	Hordeum vulgare subsp. vulgare	Blastx
SRR22534740	NODE_14814_length_440_cov_5.759214	29.1	440	363	0.415978	7.32e-11	acc|GENBANK|AGU70139.1|GENBANK|KF270090|protein kinase superfamily protein [Tarenaya hassleriana]	Tarenaya hassleriana	Blastx
SRR22534740	NODE_47202_length_231_cov_1.181818	46.6	231	316	0.231013	7.45e-11	acc|REFSEQ|YP_009449055.1|REFSEQ|NC_036594|ribonucleotide reductase large subunit [Orpheovirus IHUMI-LCC2]	Orpheovirus IHUMI-LCC2	Blastx
SRR22534740	NODE_13178_length_458_cov_3.501176	43.5	458	458	0.185590	7.53e-11	acc|REFSEQ|YP_009448811.1|REFSEQ|NC_036594|Serine-tRNA synthetase, type1 [Orpheovirus IHUMI-LCC2]	Orpheovirus IHUMI-LCC2	Blastx
SRR22534740	NODE_23404_length_308_cov_3.530909	66.0	308	328	0.143293	7.57e-11	acc|GENBANK|ARF10725.1|GENBANK|KY684104|glutamine synthetase [Hokovirus HKV1]	Hokovirus HKV1	Blastx
SRR22534740	NODE_11102_length_265_cov_2.504310	34.7	265	308	0.243506	7.87e-11	acc|GENBANK|AFV13468.1|GENBANK|JQ314449|ring-H2 zinc finger protein [Coix lacryma-jobi]	Coix lacryma-jobi	Blastx
SRR22534740	NODE_30832_length_270_cov_9.869198	39.5	270	395	0.217722	8.03e-11	acc|GENBANK|QDY52265.1|GENBANK|MK250089|hypothetical protein [Mimiviridae sp. ChoanoV1]	Mimiviridae sp. ChoanoV1	Blastx
SRR22534740	NODE_83_length_561_cov_6.179924	37.1	561	506	0.175889	8.06e-11	acc|GENBANK|QBK89302.1|GENBANK|MK500413|ankyrin repeat protein [Mimivirus LCMiAC02]	Mimivirus LCMiAC02	Blastx
SRR22534740	NODE_33916_length_904_cov_4.807118	32.2	904	767	0.198175	8.21e-11	acc|REFSEQ|NP_077550.1|REFSEQ|NC_002687|EsV-1-65 [Ectocarpus siliculosus virus 1]	Ectocarpus siliculosus virus 1	Blastx
SRR22534740	NODE_34770_length_1430_cov_8.274875	29.1	1430	205	0.687805	8.34e-11	acc|GENBANK|ARF09964.1|GENBANK|KY684090|Ras family GTPase [Indivirus ILV1]	Indivirus ILV1	Blastx
SRR22534740	NODE_11833_length_268_cov_1.970213	35.7	268	786	0.106870	8.44e-11	acc|REFSEQ|YP_009177033.1|REFSEQ|NC_028238|alkaline phosphodiesterase [Turkeypox virus]	Turkeypox virus	Blastx
SRR22534740	NODE_1703_length_796_cov_54.530799	36.4	796	139	0.633094	8.48e-11	acc|GENBANK|QFG75158.1|GENBANK|MN448299|thioredoxin [Megaviridae environmental sample]	Megaviridae environmental sample	Blastx
SRR22534740	NODE_38678_length_410_cov_55.822281	52.4	410	159	0.396226	8.79e-11	acc|REFSEQ|YP_010086369.1|REFSEQ|NC_055453|sod [Hyposidra talaca nucleopolyhedrovirus]	Hyposidra talaca nucleopolyhedrovirus	Blastx
SRR22534740	NODE_27881_length_456_cov_4.174941	33.1	456	2037	0.065292	9.03e-11	acc|GENBANK|ABG37663.1|GENBANK|DQ536170|CCHC-type integrase [Populus trichocarpa]	Populus trichocarpa	Blastx
SRR22534740	NODE_902_length_919_cov_4.054176	30.3	919	470	0.308511	9.11e-11	acc|REFSEQ|YP_009448636.1|REFSEQ|NC_036594|Cytochrome P450-like protein E-class [Orpheovirus IHUMI-LCC2]	Orpheovirus IHUMI-LCC2	Blastx
SRR22534740	NODE_31765_length_397_cov_3.148352	34.7	397	299	0.327759	9.13e-11	acc|GENBANK|XKM50828.1|GENBANK|PQ442278|hypothetical protein [Ostreococcus tauri virus 19-T2]	Ostreococcus tauri virus 19-T2	Blastx
SRR22534740	NODE_16120_length_297_cov_4.060606	42.3	297	1384	0.070087	9.26e-11	acc|GENBANK|ADB85299.1|GENBANK|GQ252825|putative retrotransposon protein [Phyllostachys edulis]	Phyllostachys edulis	Blastx
SRR22534740	NODE_11021_length_996_cov_2.816199	34.3	996	464	0.219828	9.28e-11	acc|GENBANK|ARF10763.1|GENBANK|KY684105|elongation Factor 1-alpha EF1-alpha [Hokovirus HKV1]	Hokovirus HKV1	Blastx
SRR22534740	NODE_40099_length_231_cov_26.555556	55.6	231	477	0.094340	9.57e-11	acc|GENBANK|AYV78014.1|GENBANK|MK072068|elongation factor 1 alpha long form [Edafosvirus sp.]	Edafosvirus sp.	Blastx
SRR22534740	NODE_44702_length_1340_cov_12.149962	23.0	1340	453	1.017660	9.66e-11	acc|REFSEQ|YP_010780516.1|REFSEQ|NC_075038|hypothetical protein [Tupanvirus deep ocean]	Tupanvirus deep ocean	Blastx
SRR22534740	NODE_18666_length_947_cov_6.765864	32.4	947	121	0.842975	9.75e-11	acc|GENBANK|QKF93713.1|GENBANK|MT418680|thioredoxin [Fadolivirus FV1/VV64]	Fadolivirus FV1/VV64	Blastx
SRR22534740	NODE_20322_length_306_cov_1.509158	42.7	306	585	0.164103	9.85e-11	acc|GENBANK|SPN79811.1|GENBANK|LT994651|ABC2 type transporter superfamily protein [Brazilian cedratvirus IHUMI]	Brazilian cedratvirus IHUMI	Blastx
SRR22534740	NODE_16031_length_1267_cov_1.837115	26.9	1267	4062	0.054899	1.05e-10	acc|GENBANK|QOR60750.1|GENBANK|MK522039|hypothetical protein [Bathycoccus sp. RCC716 virus 3]	Bathycoccus sp. RCC716 virus 3	Blastx
SRR22534740	NODE_11456_length_208_cov_1.382857	60.8	208	326	0.156442	1.08e-10	acc|GENBANK|AAO26683.1|GENBANK|AF478369|gag-pol polyprotein [Vitis vinifera]	Vitis vinifera	Blastx
SRR22534740	NODE_44583_length_939_cov_7.347682	35.2	939	222	0.549550	1.09e-10	acc|GENBANK|AYV75457.1|GENBANK|MK071979|transmembrane protein [Terrestrivirus sp.]	Terrestrivirus sp.	Blastx
SRR22534740	NODE_29941_length_495_cov_2.229437	45.6	495	458	0.172489	1.09e-10	acc|GENBANK|AGE58873.1|GENBANK|JX997183|ATP-dependent helicase [Paramecium bursaria Chlorella virus NYs1]	Paramecium bursaria Chlorella virus NYs1	Blastx
SRR22534740	NODE_4536_length_919_cov_25.978555	26.9	919	191	0.916230	1.12e-10	acc|GENBANK|QPI16766.1|GENBANK|MW030601|ATP-dependent Clp protease proteolytic subunit [Virus NIOZ-UU159]	Virus NIOZ-UU159	Blastx
SRR22534740	NODE_17151_length_387_cov_3.968927	38.6	387	260	0.338462	1.15e-10	acc|GENBANK|AYV84126.1|GENBANK|MK072400|hypothetical protein [Hyperionvirus sp.]	Hyperionvirus sp.	Blastx
SRR22534740	NODE_6754_length_2116_cov_25.182909	32.1	2116	498	0.281124	1.21e-10	acc|GENBANK|XHA59766.1|GENBANK|OR863077|thermosome [Poseidoniales virus]	Poseidoniales virus	Blastx
SRR22534740	NODE_10865_length_607_cov_2.712544	28.0	607	239	0.686192	1.21e-10	acc|GENBANK|AYV83988.1|GENBANK|MK072397|RING/U-box superfamily protein [Hyperionvirus sp.]	Hyperionvirus sp.	Blastx
SRR22534740	NODE_37763_length_796_cov_19.019659	39.0	796	230	0.334783	1.27e-10	acc|GENBANK|ARF08295.1|GENBANK|KY684083|RING finger domain protein [Catovirus CTV1]	Catovirus CTV1	Blastx
SRR22534740	NODE_43099_length_253_cov_42.954545	36.6	253	544	0.150735	1.27e-10	acc|REFSEQ|YP_009119837.1|REFSEQ|NC_026440|beta glucosidase [Pandoravirus inopinatum]	Pandoravirus inopinatum	Blastx
SRR22534740	NODE_42308_length_1175_cov_9.828371	38.3	1175	310	0.303226	1.31e-10	acc|GENBANK|QFG73687.1|GENBANK|MN448266|Clp protease [Megaviridae environmental sample]	Megaviridae environmental sample	Blastx
SRR22534740	NODE_8198_length_360_cov_81.305810	51.4	360	171	0.409357	1.33e-10	acc|REFSEQ|YP_009481436.1|REFSEQ|NC_037665|S-phase kinase-associated protein 1 [Pandoravirus macleodensis]	Pandoravirus macleodensis	Blastx
SRR22534740	NODE_46703_length_212_cov_1.307263	55.9	212	870	0.067816	1.38e-10	acc|REFSEQ|YP_009325865.1|REFSEQ|NC_032001|ATPase [Only Syngen Nebraska virus 5]	Only Syngen Nebraska virus 5	Blastx
SRR22534740	NODE_46716_length_213_cov_1.300000	43.5	213	651	0.105991	1.43e-10	acc|GENBANK|ARF11508.1|GENBANK|KY684108|dynamin family protein [Klosneuvirus KNV1]	Klosneuvirus KNV1	Blastx
SRR22534740	NODE_4906_length_1027_cov_3.969819	32.8	1027	388	0.298969	1.47e-10	acc|GENBANK|CCQ71327.1|GENBANK|HF586476|hypothetical protein kinase Pka-C1 [Cotesia congregata]	Cotesia congregata	Blastx
SRR22534740	NODE_6339_length_1399_cov_19.617130	28.7	1399	985	0.169543	1.48e-10	acc|GENBANK|AYV75657.1|GENBANK|MK071980|ubiquitin-activating enzyme E1 [Terrestrivirus sp.]	Terrestrivirus sp.	Blastx
SRR22534740	NODE_48137_length_263_cov_1.017391	48.5	263	1161	0.058570	1.48e-10	acc|GENBANK|AAP06788.1|GENBANK|AY234827|phytochrome B1 apoprotein [Zea mays]	Zea mays	Blastx
SRR22534740	NODE_27857_length_766_cov_5.006821	31.3	766	254	0.566929	1.49e-10	acc|GENBANK|XDO02333.1|GENBANK|PP542043|putative Lipase [Florenciella sp. virus SA2]	Florenciella sp. virus SA2	Blastx
SRR22534740	NODE_42926_length_639_cov_6.207921	28.8	639	265	0.811321	1.49e-10	acc|GENBANK|ARF12619.1|GENBANK|KY684116|serine/threonine protein phosphatase [Klosneuvirus KNV1]	Klosneuvirus KNV1	Blastx
SRR22534740	NODE_36769_length_659_cov_9.193291	38.3	659	972	0.123457	1.50e-10	acc|GENBANK|BCU03487.1|GENBANK|LC625835|SNF2 family DNA dependent ATPase [Pandoravirus japonicus]	Pandoravirus japonicus	Blastx
SRR22534740	NODE_29739_length_243_cov_1.290476	46.3	243	437	0.183066	1.51e-10	acc|REFSEQ|YP_010780137.1|REFSEQ|NC_075038|hypothetical protein [Tupanvirus deep ocean]	Tupanvirus deep ocean	Blastx
SRR22534740	NODE_17140_length_221_cov_1.292553	58.7	221	727	0.063274	1.55e-10	acc|GENBANK|ADB85269.1|GENBANK|GQ252805|putative lectin-like protein kinase [Phyllostachys edulis]	Phyllostachys edulis	Blastx
SRR22534740	NODE_18001_length_220_cov_2.235294	44.1	220	673	0.101040	1.55e-10	acc|GENBANK|AYV81698.1|GENBANK|MK072295|putative AAA+ family ATPase [Harvfovirus sp.]	Harvfovirus sp.	Blastx
SRR22534740	NODE_35924_length_636_cov_12.154229	38.5	636	647	0.168470	1.59e-10	acc|GENBANK|AYV86775.1|GENBANK|MK072515|CMGC/MAPK protein kinase, variant 1 [Sylvanvirus sp.]	Sylvanvirus sp.	Blastx
SRR22534740	NODE_36148_length_521_cov_7.698770	28.0	521	377	0.464191	1.61e-10	acc|GENBANK|AYV84291.1|GENBANK|MK072403|putative galacturonosyltransferase 6-like [Hyperionvirus sp.]	Hyperionvirus sp.	Blastx
SRR22534740	NODE_6766_length_1466_cov_8.663643	29.8	1466	925	0.235676	1.64e-10	acc|GENBANK|ABY48139.1|GENBANK|EU306659|NORK [Medicago truncatula]	Medicago truncatula	Blastx
SRR22534740	NODE_1105_length_720_cov_61.439592	28.3	720	289	0.647059	1.67e-10	acc|GENBANK|AYV78214.1|GENBANK|MK072072|eukaryotic translation initiation factor 4G [Edafosvirus sp.]	Edafosvirus sp.	Blastx
SRR22534740	NODE_5798_length_261_cov_216.969298	78.4	261	242	0.152893	1.67e-10	acc|GENBANK|AGU70135.1|GENBANK|KF270089|integrase-type DNA-binding superfamily protein [Tarenaya hassleriana]	Tarenaya hassleriana	Blastx
SRR22534740	NODE_17676_length_209_cov_1.323864	65.9	209	374	0.117647	1.67e-10	acc|GENBANK|ABB29304.1|GENBANK|DQ219417|YZ1 [Zea mays]	Zea mays	Blastx
SRR22534740	NODE_20582_length_225_cov_1.302083	51.5	225	925	0.071351	1.70e-10	acc|GENBANK|ABY48139.1|GENBANK|EU306659|NORK [Medicago truncatula]	Medicago truncatula	Blastx
SRR22534740	NODE_11830_length_409_cov_17.968085	36.8	409	142	0.535211	1.72e-10	acc|GENBANK|ADX06678.1|GENBANK|HQ704808|putative disulphide isomerase [Organic Lake phycodnavirus]	Organic Lake phycodnavirus	Blastx
SRR22534740	NODE_47715_length_250_cov_1.078341	38.1	250	1287	0.065268	1.73e-10	acc|GENBANK|WLY67778.1|GENBANK|OR078387|TYG71p [Saccharomyces cerevisiae]	Saccharomyces cerevisiae	Blastx
SRR22534740	NODE_1165_length_1051_cov_7.930255	25.1	1051	311	0.755627	1.77e-10	acc|GENBANK|AYV80108.1|GENBANK|MK072208|serine/threonine protein phosphatase [Gaeavirus sp.]	Gaeavirus sp.	Blastx
SRR22534740	NODE_19445_length_390_cov_2.280112	38.5	390	236	0.330508	1.77e-10	acc|GENBANK|UKS51800.1|GENBANK|OK336705|laccase [Allium cepa]	Allium cepa	Blastx
SRR22534740	NODE_43742_length_1203_cov_13.508547	28.7	1203	391	0.534527	1.81e-10	acc|GENBANK|AYF58507.1|GENBANK|MH287527|alpha-(1,3)fucosyltransferase [Elephant endotheliotropic herpesvirus 1A]	Elephant endotheliotropic herpesvirus 1A	Blastx
SRR22534740	NODE_16787_length_789_cov_3.619048	25.3	789	261	0.923372	1.83e-10	acc|GENBANK|AYV79236.1|GENBANK|MK072137|serine/threonine protein phosphatase [Faunusvirus sp.]	Faunusvirus sp.	Blastx
SRR22534740	NODE_12031_length_286_cov_6.193676	51.6	286	438	0.146119	1.87e-10	acc|REFSEQ|YP_010780437.1|REFSEQ|NC_075038|Serine tRNA-synthetase [Tupanvirus deep ocean]	Tupanvirus deep ocean	Blastx
SRR22534740	NODE_43214_length_292_cov_20.698842	35.9	292	292	0.352740	1.90e-10	acc|GENBANK|CAK7597229.1|GENBANK|OZ003748|Protein kinase-like homologous superfamily [Catovirus sp. 'naegleriensis']	Catovirus sp. 'naegleriensis'	Blastx
SRR22534740	NODE_2837_length_516_cov_20.716356	32.0	516	584	0.208904	1.92e-10	acc|GENBANK|QKF93676.1|GENBANK|MT418680|arginyl-tRNA synthetase [Fadolivirus FV1/VV64]	Fadolivirus FV1/VV64	Blastx
SRR22534740	NODE_1515_length_1173_cov_42.679825	25.4	1173	362	0.773481	1.94e-10	acc|GENBANK|WBR14999.1|GENBANK|ON887157|2og-fe(ii) oxygenase [Pandoravirus kuranda]	Pandoravirus kuranda	Blastx
SRR22534740	NODE_15710_length_898_cov_3.816185	28.3	898	803	0.295143	1.96e-10	acc|GENBANK|QBK89173.1|GENBANK|MK500408|DNA topoisomerase I [Mimivirus LCMiAC02]	Mimivirus LCMiAC02	Blastx
SRR22534740	NODE_9876_length_517_cov_2.072314	28.9	517	727	0.204952	2.01e-10	acc|GENBANK|ADB85269.1|GENBANK|GQ252805|putative lectin-like protein kinase [Phyllostachys edulis]	Phyllostachys edulis	Blastx
SRR22534740	NODE_27718_length_291_cov_6.856589	38.5	291	439	0.207289	2.02e-10	acc|GENBANK|AYV76294.1|GENBANK|MK071983|hypothetical protein [Terrestrivirus sp.]	Terrestrivirus sp.	Blastx
SRR22534740	NODE_452_length_213_cov_46.022222	39.7	213	258	0.263566	2.05e-10	acc|GENBANK|WMV02893.1|GENBANK|OP630990|alpha-tubulin [Diderma spumarioides]	Diderma spumarioides	Blastx
SRR22534740	NODE_3559_length_226_cov_27.979275	52.9	226	361	0.141274	2.07e-10	acc|GENBANK|AGE55821.1|GENBANK|JX997174|agmatine deiminase [Acanthocystis turfacea Chlorella virus MN0810.1]	Acanthocystis turfacea Chlorella virus MN0810.1	Blastx
SRR22534740	NODE_30024_length_735_cov_3.867521	31.2	735	308	0.448052	2.13e-10	acc|GENBANK|AFV13468.1|GENBANK|JQ314449|ring-H2 zinc finger protein [Coix lacryma-jobi]	Coix lacryma-jobi	Blastx
SRR22534740	NODE_34136_length_728_cov_3.720863	32.4	728	316	0.556962	2.14e-10	acc|GENBANK|QBK89199.1|GENBANK|MK500409|endonuclease/exonuclease/phosphatase family [Mimivirus LCMiAC02]	Mimivirus LCMiAC02	Blastx
SRR22534740	NODE_280_length_244_cov_44.905213	47.5	244	697	0.087518	2.14e-10	acc|REFSEQ|YP_010781946.1|REFSEQ|NC_075039|catalase [Tupanvirus soda lake]	Tupanvirus soda lake	Blastx
SRR22534740	NODE_7712_length_915_cov_9.783447	38.1	915	283	0.371025	2.17e-10	acc|GENBANK|QKF94519.1|GENBANK|MT418680|zinc finger RING-type protein [Fadolivirus FV1/VV64]	Fadolivirus FV1/VV64	Blastx
SRR22534740	NODE_36261_length_317_cov_10.580986	53.4	317	340	0.170588	2.29e-10	acc|GENBANK|AAU93531.1|GENBANK|AY691949|cyclin H-1 [Zea mays]	Zea mays	Blastx
SRR22534740	NODE_14699_length_204_cov_1.280702	43.1	204	497	0.130785	2.33e-10	acc|GENBANK|AYV83822.1|GENBANK|MK072394|cytochrome P450 704B1 [Hyperionvirus sp.]	Hyperionvirus sp.	Blastx
SRR22534740	NODE_41853_length_956_cov_14.912243	31.6	956	439	0.359909	2.41e-10	acc|GENBANK|AYV76294.1|GENBANK|MK071983|hypothetical protein [Terrestrivirus sp.]	Terrestrivirus sp.	Blastx
SRR22534740	NODE_10051_length_508_cov_3.254737	34.5	508	165	0.684848	2.41e-10	acc|GENBANK|XKM46924.1|GENBANK|PQ442262|hypothetical protein [Ostreococcus tauri virus 06-1]	Ostreococcus tauri virus 06-1	Blastx
SRR22534740	NODE_33422_length_1152_cov_5.795353	25.3	1152	439	0.728929	2.57e-10	acc|GENBANK|QKF93850.1|GENBANK|MT418680|Hsp70 protein [Fadolivirus FV1/VV64]	Fadolivirus FV1/VV64	Blastx
SRR22534740	NODE_31893_length_844_cov_3.626387	33.0	844	426	0.455399	2.58e-10	acc|GENBANK|QBK87330.1|GENBANK|MK500349|calcineurin-like phosphoesterase [Marseillevirus LCMAC201]	Marseillevirus LCMAC201	Blastx
SRR22534740	NODE_14571_length_262_cov_1.410480	41.4	262	478	0.182008	2.63e-10	acc|GENBANK|AAK84479.1|GENBANK|AF275345|putative auxin growth promotor protein [Solanum lycopersicum]	Solanum lycopersicum	Blastx
SRR22534740	NODE_32325_length_258_cov_3.688889	43.8	258	1369	0.046749	2.67e-10	acc|GENBANK|AIC77183.1|GENBANK|KF740825|polyprotein [Gossypium barbadense]	Gossypium barbadense	Blastx
SRR22534740	NODE_46836_length_218_cov_1.664865	46.8	218	776	0.079897	2.79e-10	acc|GENBANK|ABY48135.1|GENBANK|EU306659|beta-D-xylosidase [Medicago truncatula]	Medicago truncatula	Blastx
SRR22534740	NODE_1117_length_338_cov_42.265574	45.9	338	77	0.961039	2.84e-10	acc|REFSEQ|YP_003422389.1|REFSEQ|NC_013772|ubiquitin [Pseudalatia unipuncta granulovirus]	Pseudalatia unipuncta granulovirus	Blastx
SRR22534740	NODE_18734_length_281_cov_1.233871	67.5	281	134	0.298507	2.85e-10	acc|GENBANK|AIG55158.1|GENBANK|KJ629276|replication enhancer [Dioscorea alata]	Dioscorea alata	Blastx
SRR22534740	NODE_43119_length_426_cov_26.638677	32.7	426	1000	0.113000	2.95e-10	acc|GENBANK|CAK7596888.1|GENBANK|OZ003748|Ubiquitin-activating enzyme E1 [Catovirus sp. 'naegleriensis']	Catovirus sp. 'naegleriensis'	Blastx
SRR22534740	NODE_4904_length_231_cov_17.919192	67.4	231	57	0.754386	2.98e-10	acc|GENBANK|AGU70134.1|GENBANK|KF270089|PMSR [Tarenaya hassleriana]	Tarenaya hassleriana	Blastx
SRR22534740	NODE_25065_length_297_cov_3.310606	53.4	297	459	0.126362	2.99e-10	acc|GENBANK|BBI30359.1|GENBANK|AP018495|beta-galactosidase [Acanthamoeba castellanii medusavirus J1]	Acanthamoeba castellanii medusavirus J1	Blastx
SRR22534740	NODE_28825_length_350_cov_8.397476	44.2	350	590	0.130508	3.01e-10	acc|GENBANK|AYV86827.1|GENBANK|MK072516|CMGC/MAPK protein kinase [Sylvanvirus sp.]	Sylvanvirus sp.	Blastx
SRR22534740	NODE_28757_length_324_cov_1.542955	79.5	324	728	0.060440	3.17e-10	acc|GENBANK|QFR35755.1|GENBANK|MK737813|phytochrome B [Chandrasekharania keralensis]	Chandrasekharania keralensis	Blastx
SRR22534740	NODE_47847_length_254_cov_1.058824	47.1	254	476	0.147059	3.21e-10	acc|GENBANK|QPI16652.1|GENBANK|MW030591|serine endoprotease [Virus NIOZ-UU159]	Virus NIOZ-UU159	Blastx
SRR22534740	NODE_28132_length_840_cov_14.131351	26.9	840	627	0.355662	3.22e-10	acc|REFSEQ|YP_009021104.1|REFSEQ|NC_023848|DNA-directed RNA polymerase subunit B'' [Chloriridovirus anopheles1]	Chloriridovirus anopheles1	Blastx
SRR22534740	NODE_31191_length_695_cov_7.525680	36.3	695	384	0.294271	3.29e-10	acc|REFSEQ|YP_003970003.1|REFSEQ|NC_014637|putative superfamily II helicase/eIF-4AIII [Cafeteria roenbergensis virus BV-PW1]	Cafeteria roenbergensis virus BV-PW1	Blastx
SRR22534740	NODE_38387_length_229_cov_49.938776	51.5	229	974	0.069815	3.31e-10	acc|GENBANK|AYV86980.1|GENBANK|MK072522|hypothetical protein [Sylvanvirus sp.]	Sylvanvirus sp.	Blastx
SRR22534740	NODE_8159_length_282_cov_338.967871	50.9	282	222	0.256757	3.33e-10	acc|GENBANK|QBK88168.1|GENBANK|MK500377|RNA recognition motif protein [Marseillevirus LCMAC202]	Marseillevirus LCMAC202	Blastx
SRR22534740	NODE_38292_length_678_cov_17.578295	43.0	678	439	0.195900	3.36e-10	acc|GENBANK|AYV76294.1|GENBANK|MK071983|hypothetical protein [Terrestrivirus sp.]	Terrestrivirus sp.	Blastx
SRR22534740	NODE_44191_length_1136_cov_5.695376	22.3	1136	1384	0.298410	3.37e-10	acc|GENBANK|ADB85299.1|GENBANK|GQ252825|putative retrotransposon protein [Phyllostachys edulis]	Phyllostachys edulis	Blastx
SRR22534740	NODE_32621_length_484_cov_2.452328	31.0	484	510	0.284314	3.46e-10	acc|REFSEQ|YP_009165152.1|REFSEQ|NC_027867|Cytochrome P450 [Mollivirus sibericum]	Mollivirus sibericum	Blastx
SRR22534740	NODE_14868_length_256_cov_2.744395	45.9	256	925	0.080000	3.46e-10	acc|GENBANK|ABY48139.1|GENBANK|EU306659|NORK [Medicago truncatula]	Medicago truncatula	Blastx
SRR22534740	NODE_35547_length_1512_cov_12.970250	81.1	1512	139	0.266187	3.51e-10	acc|GENBANK|BAV21765.1|GENBANK|LC167300|2b protein [Cucumber mosaic virus]	Cucumber mosaic virus	Blastx
SRR22534740	NODE_46442_length_203_cov_1.376471	50.8	203	321	0.190031	3.51e-10	acc|GENBANK|QFG74498.1|GENBANK|MN448289|papain family cysteine protease [Megaviridae environmental sample]	Megaviridae environmental sample	Blastx
SRR22534740	NODE_39883_length_786_cov_2.650730	41.1	786	925	0.097297	3.60e-10	acc|GENBANK|ABY48139.1|GENBANK|EU306659|NORK [Medicago truncatula]	Medicago truncatula	Blastx
SRR22534740	NODE_35081_length_1145_cov_8.982014	36.3	1145	678	0.231563	3.61e-10	acc|GENBANK|CCQ71325.1|GENBANK|HF586476|hypothetical kinesin-like protein KIF3 [Cotesia congregata]	Cotesia congregata	Blastx
SRR22534740	NODE_3301_length_346_cov_21.686901	54.5	346	160	0.343750	3.61e-10	acc|GENBANK|ULY68493.1|GENBANK|OL828820|ubiquitin-conjugating enzyme E2 7 [Chlorella virus XW01]	Chlorella virus XW01	Blastx
SRR22534740	NODE_34076_length_640_cov_5.899506	54.5	640	478	0.115063	3.63e-10	acc|GENBANK|AAK84479.1|GENBANK|AF275345|putative auxin growth promotor protein [Solanum lycopersicum]	Solanum lycopersicum	Blastx
SRR22534740	NODE_28228_length_526_cov_1.576065	40.2	526	478	0.213389	3.65e-10	acc|GENBANK|AAK84479.1|GENBANK|AF275345|putative auxin growth promotor protein [Solanum lycopersicum]	Solanum lycopersicum	Blastx
SRR22534740	NODE_750_length_2971_cov_26.545269	27.8	2971	436	0.470183	3.66e-10	acc|GENBANK|XCW87950.1|GENBANK|PQ010613|zinc protease [Mimivirus sp.]	Mimivirus sp.	Blastx
SRR22534740	NODE_14791_length_318_cov_2.698246	33.0	318	223	0.488789	3.67e-10	acc|GENBANK|QBK91488.1|GENBANK|MK500540|2OG-Fe(II) oxygenase superfamily protein [Pithovirus LCPAC302]	Pithovirus LCPAC302	Blastx
SRR22534740	NODE_17297_length_332_cov_1.698997	34.0	332	136	0.735294	3.76e-10	acc|GENBANK|AYV80956.1|GENBANK|MK072253|dual specificity protein phosphatase 1B [Harvfovirus sp.]	Harvfovirus sp.	Blastx
SRR22534740	NODE_35333_length_784_cov_5.524634	32.0	784	361	0.537396	3.78e-10	acc|GENBANK|QBK86970.1|GENBANK|MK500339|glycosyl transferase [Marseillevirus LCMAC103]	Marseillevirus LCMAC103	Blastx
SRR22534740	NODE_3049_length_772_cov_32.852503	29.6	772	283	0.406360	3.93e-10	acc|GENBANK|QKF94519.1|GENBANK|MT418680|zinc finger RING-type protein [Fadolivirus FV1/VV64]	Fadolivirus FV1/VV64	Blastx
SRR22534740	NODE_24717_length_268_cov_2.136170	40.8	268	549	0.138434	3.93e-10	acc|GENBANK|WGU26815.1|GENBANK|OQ503488|pentatricopeptide repeat-containing protein [Triticum monococcum]	Triticum monococcum	Blastx
SRR22534740	NODE_7925_length_1223_cov_16.121008	33.5	1223	562	0.291815	3.95e-10	acc|GENBANK|QBK87088.1|GENBANK|MK500343|ABC transporter [Marseillevirus LCMAC103]	Marseillevirus LCMAC103	Blastx
SRR22534740	NODE_781_length_1268_cov_9.815385	34.2	1268	1946	0.057040	3.98e-10	acc|GENBANK|ADB85424.1|GENBANK|GQ252887|putative retrotransposon protein [Phyllostachys edulis]	Phyllostachys edulis	Blastx
SRR22534740	NODE_36972_length_1129_cov_11.486314	28.0	1129	982	0.309572	4.02e-10	acc|GENBANK|APU88859.1|GENBANK|KX853510|DNA polymerase I-like protein [Virus Rctr197k]	Virus Rctr197k	Blastx
SRR22534740	NODE_46866_length_219_cov_1.258065	48.5	219	1471	0.044867	4.03e-10	acc|GENBANK|AGW47867.1|GENBANK|KF303287|polyprotein [Phaseolus vulgaris]	Phaseolus vulgaris	Blastx
SRR22534740	NODE_28138_length_633_cov_3.833333	37.2	633	833	0.112845	4.08e-10	acc|GENBANK|AAL14454.1|GENBANK|AF397035|DNA mismatch repair protein Msh5 [Mus musculus]	Mus musculus	Blastx
SRR22534740	NODE_33710_length_528_cov_11.779798	49.2	528	293	0.221843	4.10e-10	acc|GENBANK|QFG74152.1|GENBANK|MN448281|dihydrodipicolinate synthetase family protein [Megaviridae environmental sample]	Megaviridae environmental sample	Blastx
SRR22534740	NODE_48362_length_270_cov_1.126582	53.8	270	683	0.076135	4.14e-10	acc|GENBANK|AAM14062.1|GENBANK|AY091112|putative copia-like retroelement pol [Arabidopsis thaliana]	Arabidopsis thaliana	Blastx
SRR22534740	NODE_3186_length_1409_cov_20.575581	32.3	1409	151	0.635762	4.25e-10	acc|GENBANK|QBK87257.1|GENBANK|MK500346|thioredoxin [Marseillevirus LCMAC201]	Marseillevirus LCMAC201	Blastx
SRR22534740	NODE_40312_length_637_cov_2.430464	34.8	637	925	0.099459	4.26e-10	acc|GENBANK|ABY48139.1|GENBANK|EU306659|NORK [Medicago truncatula]	Medicago truncatula	Blastx
SRR22534740	NODE_42400_length_202_cov_2.568047	61.7	202	1263	0.037213	4.28e-10	acc|GENBANK|ABG37655.1|GENBANK|DQ536162|integrase [Populus trichocarpa]	Populus trichocarpa	Blastx
SRR22534740	NODE_4314_length_1142_cov_23.269612	48.7	1142	365	0.213699	4.41e-10	acc|GENBANK|BDT62135.1|GENBANK|LC738872|heat shock protein 40-like protein [Litopenaeus vannamei majanivirus Nimav-1_LVa]	Litopenaeus vannamei majanivirus Nimav-1_LVa	Blastx
SRR22534740	NODE_4180_length_325_cov_27.109589	53.0	325	267	0.247191	4.43e-10	acc|REFSEQ|YP_009238942.1|REFSEQ|NC_029692|histone H2B/H2A fusion protein [Brazilian marseillevirus]	Brazilian marseillevirus	Blastx
SRR22534740	NODE_6878_length_3287_cov_25.936079	30.2	3287	258	0.538760	4.44e-10	acc|GENBANK|AYV85051.1|GENBANK|MK072438|hypothetical protein [Satyrvirus sp.]	Satyrvirus sp.	Blastx
SRR22534740	NODE_3914_length_1154_cov_12.669938	25.5	1154	575	0.579130	4.45e-10	acc|GENBANK|CAE02704.1|GENBANK|AJ575660|putative sugar transporter [Yarrowia lipolytica]	Yarrowia lipolytica	Blastx
SRR22534740	NODE_38724_length_265_cov_95.857759	61.1	265	131	0.412214	4.46e-10	acc|GENBANK|ULK74027.1|GENBANK|OL469143|polyprotein [Paslahepevirus balayani]	Paslahepevirus balayani	Blastx
SRR22534740	NODE_48513_length_275_cov_0.966942	40.0	275	2037	0.041728	4.47e-10	acc|GENBANK|ABG37663.1|GENBANK|DQ536170|CCHC-type integrase [Populus trichocarpa]	Populus trichocarpa	Blastx
SRR22534740	NODE_24735_length_212_cov_4.675978	47.1	212	212	0.320755	4.57e-10	acc|REFSEQ|YP_008319179.1|REFSEQ|NC_021858|Dihydrofolate reductase [Pandoravirus dulcis]	Pandoravirus dulcis	Blastx
SRR22534740	NODE_27811_length_412_cov_2.116095	71.4	412	94	0.521277	4.59e-10	acc|GENBANK|ACG45665.1|GENBANK|EU973547|retrotransposon protein [Zea mays]	Zea mays	Blastx
SRR22534740	NODE_15508_length_446_cov_5.929782	53.2	446	711	0.066104	4.66e-10	acc|GENBANK|AYV77325.1|GENBANK|MK072032|phosphoinositide 3-kinase [Barrevirus sp.]	Barrevirus sp.	Blastx
SRR22534740	NODE_21369_length_511_cov_1.008368	32.8	511	724	0.185083	4.77e-10	acc|GENBANK|ADK47523.1|GENBANK|HM124452|NBS3-RDG2A [Hordeum vulgare subsp. vulgare]	Hordeum vulgare subsp. vulgare	Blastx
SRR22534740	NODE_25682_length_239_cov_1.679612	48.0	239	558	0.134409	4.99e-10	acc|GENBANK|UOQ18844.1|GENBANK|MZ766431|chitinase [Olene mendosa nucleopolyhedrovirus]	Olene mendosa nucleopolyhedrovirus	Blastx
SRR22534740	NODE_41132_length_545_cov_1.800781	31.8	545	1232	0.089286	5.08e-10	acc|GENBANK|ADK47521.1|GENBANK|HM124452|RDG2A [Hordeum vulgare subsp. vulgare]	Hordeum vulgare subsp. vulgare	Blastx
SRR22534740	NODE_42489_length_426_cov_6.928753	34.2	426	325	0.350769	5.12e-10	acc|GENBANK|ARF09069.1|GENBANK|KY684084|diacylglycerol kinase catalytic domain protein [Catovirus CTV1]	Catovirus CTV1	Blastx
SRR22534740	NODE_16377_length_291_cov_1.290698	41.4	291	467	0.186296	5.20e-10	acc|GENBANK|API81738.1|NEIGHBOR|KU052222|hypothetical protein [Cafeteriavirus-dependent mavirus]	Cafeteriavirus-dependent mavirus	Blastx
SRR22534740	NODE_34079_length_1013_cov_4.118367	27.4	1013	278	0.589928	5.25e-10	acc|GENBANK|AYV86480.1|GENBANK|MK072507|YchF/TatD family DNA exonuclease [Sylvanvirus sp.]	Sylvanvirus sp.	Blastx
SRR22534740	NODE_23563_length_324_cov_3.171821	38.0	324	379	0.187335	5.25e-10	acc|GENBANK|AAT99858.1|GENBANK|AY598438|unknown [Diachasmimorpha longicaudata entomopoxvirus]	Diachasmimorpha longicaudata entomopoxvirus	Blastx
SRR22534740	NODE_47046_length_225_cov_1.218750	44.0	225	275	0.272727	5.26e-10	acc|GENBANK|ABY48145.1|GENBANK|EU306659|lectin [Medicago truncatula]	Medicago truncatula	Blastx
SRR22534740	NODE_35740_length_834_cov_6.930087	26.1	834	549	0.517304	5.32e-10	acc|GENBANK|WGU26819.1|GENBANK|OQ503488|BTB/POZ domain-containing protein [Triticum monococcum]	Triticum monococcum	Blastx
SRR22534740	NODE_21731_length_433_cov_1.497500	36.7	433	191	0.413613	5.39e-10	acc|GENBANK|AAK16153.1|GENBANK|AF326577|anthocyanin regulatory B protein [Zea mays]	Zea mays	Blastx
SRR22534740	NODE_1239_length_416_cov_25.044386	29.9	416	383	0.357702	5.43e-10	acc|GENBANK|AJA91762.1|GENBANK|KM434202|dihydroflavonol 4-reductase [Allium cepa]	Allium cepa	Blastx
SRR22534740	NODE_41665_length_434_cov_2.718204	29.2	434	327	0.366972	5.48e-10	acc|GENBANK|QKF94686.1|GENBANK|MT418680|NADP-dependent oxidoreductase [Fadolivirus FV1/VV64]	Fadolivirus FV1/VV64	Blastx
SRR22534740	NODE_9555_length_457_cov_1.634434	63.3	457	352	0.139205	5.53e-10	acc|GENBANK|WGU26813.1|GENBANK|OQ503488|hypothetical protein [Triticum monococcum]	Triticum monococcum	Blastx
SRR22534740	NODE_40889_length_508_cov_15.696842	38.3	508	449	0.209354	5.62e-10	acc|GENBANK|AGE57571.1|GENBANK|JX997180|hypothetical protein [Acanthocystis turfacea Chlorella virus NTS-1]	Acanthocystis turfacea Chlorella virus NTS-1	Blastx
SRR22534740	NODE_22344_length_456_cov_1.794326	45.6	456	1472	0.046196	5.64e-10	acc|GENBANK|AAL68641.1|GENBANK|AF458765|polyprotein [Oryza sativa Japonica Group]	Oryza sativa Japonica Group	Blastx
SRR22534740	NODE_17569_length_225_cov_1.250000	55.1	225	1263	0.038797	5.97e-10	acc|GENBANK|ABG37655.1|GENBANK|DQ536162|integrase [Populus trichocarpa]	Populus trichocarpa	Blastx
SRR22534740	NODE_43993_length_3749_cov_13.286598	24.5	3749	800	0.398750	5.98e-10	acc|GENBANK|ARF10190.1|GENBANK|KY684103|ubiquitin-transferase [Hokovirus HKV1]	Hokovirus HKV1	Blastx
SRR22534740	NODE_41223_length_982_cov_7.866175	28.7	982	585	0.369231	6.01e-10	acc|GENBANK|SPN79811.1|GENBANK|LT994651|ABC2 type transporter superfamily protein [Brazilian cedratvirus IHUMI]	Brazilian cedratvirus IHUMI	Blastx
SRR22534740	NODE_21783_length_204_cov_2.812865	54.0	204	732	0.068306	6.04e-10	acc|GENBANK|AGJ83729.1|GENBANK|KC256972|gag-pol polyprotein [Caragana korshinskii]	Caragana korshinskii	Blastx
SRR22534740	NODE_25045_length_274_cov_3.597510	54.0	274	1715	0.036735	6.08e-10	acc|GENBANK|WDS48439.1|GENBANK|ON798805|essential for potexvirus accumulation 1 [Solanum tuberosum]	Solanum tuberosum	Blastx
SRR22534740	NODE_48724_length_303_cov_1.733333	41.5	303	569	0.165202	6.14e-10	acc|GENBANK|ATZ80436.1|GENBANK|MF782455|multidrug export ATPase/permease [Bodo saltans virus]	Bodo saltans virus	Blastx
SRR22534740	NODE_1375_length_1488_cov_9.980756	27.3	1488	272	0.768382	6.19e-10	acc|GENBANK|QBK92713.1|GENBANK|MK500580|fermentation-respiration switch protein [Pithovirus LCPAC401]	Pithovirus LCPAC401	Blastx
SRR22534740	NODE_3873_length_499_cov_107.916309	34.6	499	299	0.434783	6.27e-10	acc|GENBANK|QBK91775.1|GENBANK|MK500565|mitochondrial carrier-like protein [Pithovirus LCPAC304]	Pithovirus LCPAC304	Blastx
SRR22534740	NODE_37683_length_303_cov_8.800000	51.7	303	142	0.408451	6.27e-10	acc|GENBANK|QEA08225.1|GENBANK|MN081869|dual specific protein [Iridovirus Liz-CrIV]	Iridovirus Liz-CrIV	Blastx
SRR22534740	NODE_41330_length_502_cov_15.029851	42.5	502	264	0.276515	6.72e-10	acc|REFSEQ|NP_064803.1|REFSEQ|NC_002520|inhibitor of apoptosis protein [Betaentomopoxvirus amoorei]	Betaentomopoxvirus amoorei	Blastx
SRR22534740	NODE_39751_length_379_cov_11.583815	50.0	379	221	0.244344	6.81e-10	acc|GENBANK|WWU03978.1|GENBANK|OR798672|polyprotein [Flaviviridae sp.]	Flaviviridae sp.	Blastx
SRR22534740	NODE_9262_length_321_cov_3.298611	36.2	321	288	0.326389	6.90e-10	acc|GENBANK|QBK86945.1|GENBANK|MK500338|tetrahydrofolate dehydrogenase/cyclohydrolase [Marseillevirus LCMAC103]	Marseillevirus LCMAC103	Blastx
SRR22534740	NODE_29784_length_240_cov_1.149758	39.2	240	466	0.169528	7.00e-10	acc|GENBANK|ARJ31392.1|GENBANK|KY906028|putative ERV-F (C)1 provirus ancestral Env [Arabidopsis thaliana]	Arabidopsis thaliana	Blastx
SRR22534740	NODE_2755_length_668_cov_82.579528	30.2	668	131	0.732824	7.02e-10	acc|GENBANK|UOG94122.1|NEIGHBOR|OM876856|hypothetical protein [Aureococcus anophagefferens virus]	Aureococcus anophagefferens virus	Blastx
SRR22534740	NODE_1708_length_213_cov_336.994444	41.4	213	119	0.588235	7.28e-10	acc|GENBANK|ARF11652.1|GENBANK|KY684109|thioredoxin [Klosneuvirus KNV1]	Klosneuvirus KNV1	Blastx
SRR22534740	NODE_9061_length_502_cov_3.533049	36.2	502	457	0.205689	7.30e-10	acc|REFSEQ|YP_009481855.1|REFSEQ|NC_037666|Ring finger protein [Pandoravirus neocaledonia]	Pandoravirus neocaledonia	Blastx
SRR22534740	NODE_39265_length_1005_cov_5.139918	34.0	1005	283	0.353357	7.36e-10	acc|GENBANK|QKF94519.1|GENBANK|MT418680|zinc finger RING-type protein [Fadolivirus FV1/VV64]	Fadolivirus FV1/VV64	Blastx
SRR22534740	NODE_3626_length_348_cov_2.825397	40.8	348	480	0.158333	7.44e-10	acc|GENBANK|QPI16798.1|GENBANK|MW030606|BT1 family protein [Virus NIOZ-UU159]	Virus NIOZ-UU159	Blastx
SRR22534740	NODE_28882_length_469_cov_2.048165	29.1	469	528	0.299242	7.62e-10	acc|GENBANK|CAZ69506.1|GENBANK|FN429076|Major Facilitator Superfamily protein [Emiliania huxleyi virus 99B1]	Emiliania huxleyi virus 99B1	Blastx
SRR22534740	NODE_43492_length_755_cov_5.148199	57.7	755	478	0.108787	7.70e-10	acc|GENBANK|AAK84479.1|GENBANK|AF275345|putative auxin growth promotor protein [Solanum lycopersicum]	Solanum lycopersicum	Blastx
SRR22534740	NODE_18446_length_239_cov_1.563107	42.5	239	327	0.244648	7.90e-10	acc|GENBANK|QFG73901.1|GENBANK|MN448274|papain family cysteine protease [Megaviridae environmental sample]	Megaviridae environmental sample	Blastx
SRR22534740	NODE_24873_length_710_cov_1.872969	35.9	710	299	0.307692	8.08e-10	acc|GENBANK|UOG94093.1|NEIGHBOR|OM876856|serine threonine-protein phosphatase [Aureococcus anophagefferens virus]	Aureococcus anophagefferens virus	Blastx
SRR22534740	NODE_6098_length_276_cov_1.720165	67.3	276	219	0.223744	8.13e-10	acc|GENBANK|XHA87591.1|GENBANK|PQ054798|hypothetical protein [Qianjiang picobirna-like virus 2]	Qianjiang picobirna-like virus 2	Blastx
SRR22534740	NODE_4126_length_494_cov_2.603037	34.8	494	299	0.307692	8.18e-10	acc|GENBANK|UOG94093.1|NEIGHBOR|OM876856|serine threonine-protein phosphatase [Aureococcus anophagefferens virus]	Aureococcus anophagefferens virus	Blastx
SRR22534740	NODE_21909_length_228_cov_9.984615	36.0	228	833	0.090036	8.41e-10	acc|GENBANK|CCQ71385.1|GENBANK|HF586480|hypothetical Homeodomain-interacting protein [Cotesia congregata]	Cotesia congregata	Blastx
SRR22534740	NODE_18105_length_327_cov_2.030612	46.1	327	1715	0.044315	8.74e-10	acc|GENBANK|WDS48439.1|GENBANK|ON798805|essential for potexvirus accumulation 1 [Solanum tuberosum]	Solanum tuberosum	Blastx
SRR22534740	NODE_10613_length_383_cov_3.108571	41.4	383	1715	0.057726	8.80e-10	acc|GENBANK|WDS48439.1|GENBANK|ON798805|essential for potexvirus accumulation 1 [Solanum tuberosum]	Solanum tuberosum	Blastx
SRR22534740	NODE_28188_length_339_cov_2.725490	36.8	339	253	0.418972	8.89e-10	acc|GENBANK|QFG74715.1|GENBANK|MN448290|triosephosphate isomerase [Megaviridae environmental sample]	Megaviridae environmental sample	Blastx
SRR22534740	NODE_1369_length_801_cov_9.582031	46.3	801	334	0.245509	9.05e-10	acc|GENBANK|QBK91883.1|GENBANK|MK500566|GDP-mannose 4,6 dehydratase [Pithovirus LCPAC304]	Pithovirus LCPAC304	Blastx
SRR22534740	NODE_2451_length_991_cov_11.970772	26.9	991	278	0.708633	9.06e-10	acc|GENBANK|AYV76390.1|GENBANK|MK071984|mitochondrial carrier [Terrestrivirus sp.]	Terrestrivirus sp.	Blastx
SRR22534740	NODE_7106_length_432_cov_24.448622	52.3	432	116	0.379310	9.40e-10	acc|GENBANK|AYV81207.1|GENBANK|MK072263|putative zinc finger A20 and AN1 [Harvfovirus sp.]	Harvfovirus sp.	Blastx
SRR22534740	NODE_4548_length_1179_cov_47.746073	50.0	1179	268	0.208955	9.41e-10	acc|REFSEQ|YP_010781747.1|REFSEQ|NC_075039|RING finger domain protein [Tupanvirus soda lake]	Tupanvirus soda lake	Blastx
SRR22534740	NODE_18793_length_373_cov_6.082353	35.5	373	308	0.246753	9.77e-10	acc|GENBANK|AFV13468.1|GENBANK|JQ314449|ring-H2 zinc finger protein [Coix lacryma-jobi]	Coix lacryma-jobi	Blastx
SRR22534740	NODE_1846_length_650_cov_30.285251	27.1	650	495	0.402020	9.78e-10	acc|GENBANK|AKS26328.1|GENBANK|KR095315|putative gamma-glutamyl transpeptidase [Diachasmimorpha longicaudata entomopoxvirus]	Diachasmimorpha longicaudata entomopoxvirus	Blastx
SRR22534740	NODE_39242_length_548_cov_4.000000	36.7	548	307	0.319218	9.81e-10	acc|GENBANK|ATZ81088.1|GENBANK|MF782455|protein phosphatase [Bodo saltans virus]	Bodo saltans virus	Blastx
SRR22534740	NODE_38022_length_650_cov_18.841167	24.6	650	188	1.037234	1.01e-09	acc|GENBANK|QBK88294.1|GENBANK|MK500384|pyridoxamine 5'-phosphate oxidase [Marseillevirus LCMAC202]	Marseillevirus LCMAC202	Blastx
SRR22534740	NODE_10925_length_377_cov_3.232558	38.8	377	313	0.271565	1.03e-09	acc|GENBANK|AYV85455.1|GENBANK|MK072453|protein phosphatase 2C domain containing [Satyrvirus sp.]	Satyrvirus sp.	Blastx
SRR22534740	NODE_1130_length_202_cov_46.136095	42.3	202	385	0.202597	1.03e-09	acc|GENBANK|UUT40455.1|GENBANK|ON887238|hypothetical protein [carnivorous sponge associated iridovirus]	carnivorous sponge associated iridovirus	Blastx
SRR22534740	NODE_46965_length_222_cov_1.238095	49.2	222	116	0.525862	1.08e-09	acc|GENBANK|QBK87039.1|GENBANK|MK500340|class-I glutamine amidotransferase [Marseillevirus LCMAC103]	Marseillevirus LCMAC103	Blastx
SRR22534740	NODE_42169_length_1382_cov_17.505560	26.0	1382	346	0.554913	1.10e-09	acc|GENBANK|QKF94584.1|GENBANK|MT418680|villin/gelsolin repeat protein [Fadolivirus FV1/VV64]	Fadolivirus FV1/VV64	Blastx
SRR22534740	NODE_14960_length_497_cov_3.737069	26.3	497	361	0.484765	1.11e-09	acc|REFSEQ|YP_010781583.1|REFSEQ|NC_075039|histone deacetylase [Tupanvirus soda lake]	Tupanvirus soda lake	Blastx
SRR22534740	NODE_14424_length_441_cov_2.566176	34.9	441	588	0.248299	1.11e-09	acc|GENBANK|QOI90522.1|GENBANK|MT663539|hypothetical protein [Pyramimonas orientalis virus]	Pyramimonas orientalis virus	Blastx
SRR22534740	NODE_168_length_1008_cov_3.184615	27.0	1008	167	0.952096	1.15e-09	acc|GENBANK|ATZ80657.1|GENBANK|MF782455|hypothetical protein [Bodo saltans virus]	Bodo saltans virus	Blastx
SRR22534740	NODE_42846_length_970_cov_3.765208	50.0	970	457	0.131291	1.16e-09	acc|REFSEQ|YP_009481855.1|REFSEQ|NC_037666|Ring finger protein [Pandoravirus neocaledonia]	Pandoravirus neocaledonia	Blastx
SRR22534740	NODE_6880_length_1614_cov_9.889943	34.1	1614	147	0.857143	1.16e-09	acc|GENBANK|ARF09946.1|GENBANK|KY684090|acetyltransferase GNAT family protein [Indivirus ILV1]	Indivirus ILV1	Blastx
SRR22534740	NODE_9616_length_261_cov_1.850877	35.4	261	278	0.294964	1.17e-09	acc|GENBANK|QBK91651.1|GENBANK|MK500560|putative serine/threonine protein kinase [Pithovirus LCPAC302]	Pithovirus LCPAC302	Blastx
SRR22534740	NODE_6887_length_1276_cov_38.979887	46.8	1276	471	0.163482	1.18e-09	acc|GENBANK|AFV13457.1|GENBANK|JQ314445|UDPG-flavonoid 3-O-glucosyl transferase [Tripsacum dactyloides]	Tripsacum dactyloides	Blastx
SRR22534740	NODE_1853_length_1141_cov_27.730144	33.3	1141	483	0.291925	1.18e-09	acc|GENBANK|AYV80388.1|GENBANK|MK072243|cytochrome P450 704B1 [Harvfovirus sp.]	Harvfovirus sp.	Blastx
SRR22534740	NODE_1878_length_1148_cov_7.219731	34.1	1148	222	0.554054	1.18e-09	acc|GENBANK|AYV75457.1|GENBANK|MK071979|transmembrane protein [Terrestrivirus sp.]	Terrestrivirus sp.	Blastx
SRR22534740	NODE_2713_length_1169_cov_3.181338	42.5	1169	680	0.155882	1.22e-09	acc|GENBANK|QFG73938.1|GENBANK|MN448274|AAA domain protein [Megaviridae environmental sample]	Megaviridae environmental sample	Blastx
SRR22534740	NODE_28084_length_314_cov_2.007117	53.8	314	421	0.154394	1.22e-09	acc|GENBANK|AGP03657.1|GENBANK|KF220834|integrase-type DNA-binding superfamily protein [Glycine max]	Glycine max	Blastx
SRR22534740	NODE_4692_length_310_cov_7.393502	61.1	310	759	0.071146	1.26e-09	acc|GENBANK|ACN78962.1|GENBANK|FJ225394|methyltransferase [Glycine max]	Glycine max	Blastx
SRR22534740	NODE_17520_length_213_cov_1.177778	50.0	213	630	0.098413	1.27e-09	acc|GENBANK|WIL05472.1|GENBANK|OQ413582|ABC2 type transporter superfamily protein [Pithovirus mammoth]	Pithovirus mammoth	Blastx
SRR22534740	NODE_40679_length_370_cov_29.643917	35.2	370	498	0.244980	1.29e-09	acc|GENBANK|XHA59766.1|GENBANK|OR863077|thermosome [Poseidoniales virus]	Poseidoniales virus	Blastx
SRR22534740	NODE_11451_length_989_cov_8.155858	25.4	989	922	0.260304	1.33e-09	acc|GENBANK|ARF11485.1|GENBANK|KY684108|magnesium-transporting ATPase [Klosneuvirus KNV1]	Klosneuvirus KNV1	Blastx
SRR22534740	NODE_35669_length_619_cov_7.723549	41.9	619	276	0.268116	1.33e-09	acc|GENBANK|ABV29330.1|GENBANK|EU126948|truncated bromodomain-containing protein 2b [Danio rerio]	Danio rerio	Blastx
SRR22534740	NODE_44799_length_374_cov_2.193548	42.5	374	620	0.117742	1.37e-09	acc|GENBANK|QIG60126.1|GENBANK|MN940580|RNA polymerase II largest subunit [Dishui Lake large algae virus 1]	Dishui Lake large algae virus 1	Blastx
SRR22534740	NODE_35336_length_547_cov_9.289883	30.5	547	268	0.526119	1.39e-09	acc|GENBANK|QBK91399.1|GENBANK|MK500535|mitochondrial carrier-like protein [Pithovirus LCPAC302]	Pithovirus LCPAC302	Blastx
SRR22534740	NODE_40550_length_1430_cov_9.854689	28.3	1430	373	0.672922	1.40e-09	acc|GENBANK|AYV86662.1|GENBANK|MK072512|phosphatase 2C [Sylvanvirus sp.]	Sylvanvirus sp.	Blastx
SRR22534740	NODE_599_length_799_cov_16.932115	32.0	799	518	0.235521	1.40e-09	acc|GENBANK|AYV85292.1|GENBANK|MK072445|mimivirus translation initiation factor 4a [Satyrvirus sp.]	Satyrvirus sp.	Blastx
SRR22534740	NODE_31033_length_444_cov_3.588808	54.7	444	478	0.110879	1.49e-09	acc|GENBANK|AAK84479.1|GENBANK|AF275345|putative auxin growth promotor protein [Solanum lycopersicum]	Solanum lycopersicum	Blastx
SRR22534740	NODE_33489_length_1184_cov_4.921807	28.0	1184	579	0.302245	1.53e-09	acc|REFSEQ|YP_009429985.1|REFSEQ|NC_022098|Methyltransferase [Pandoravirus salinus]	Pandoravirus salinus	Blastx
SRR22534740	NODE_33675_length_1350_cov_7.834472	33.0	1350	142	0.767606	1.54e-09	acc|GENBANK|ADX06678.1|GENBANK|HQ704808|putative disulphide isomerase [Organic Lake phycodnavirus]	Organic Lake phycodnavirus	Blastx
SRR22534740	NODE_7028_length_1360_cov_63.615674	41.7	1360	143	0.503497	1.59e-09	acc|GENBANK|UOG94409.1|NEIGHBOR|OM876856|eukaryotic translation initiation factor [Aureococcus anophagefferens virus]	Aureococcus anophagefferens virus	Blastx
SRR22534740	NODE_14794_length_385_cov_3.730114	33.9	385	1048	0.104008	1.65e-09	acc|REFSEQ|YP_009448922.1|REFSEQ|NC_036594|DNA mismatch repair ATPase MutS [Orpheovirus IHUMI-LCC2]	Orpheovirus IHUMI-LCC2	Blastx
SRR22534740	NODE_26725_length_448_cov_2.081928	33.6	448	333	0.339339	1.67e-09	acc|GENBANK|QDY52116.1|GENBANK|MK250087|D-isomer specific 2-hydroxyacid dehydrogenase, [Mimiviridae sp. ChoanoV1]	Mimiviridae sp. ChoanoV1	Blastx
SRR22534740	NODE_24398_length_260_cov_2.524229	52.0	260	549	0.091075	1.67e-09	acc|GENBANK|WGU26819.1|GENBANK|OQ503488|BTB/POZ domain-containing protein [Triticum monococcum]	Triticum monococcum	Blastx
SRR22534740	NODE_40245_length_269_cov_97.533898	33.7	269	182	0.456044	1.67e-09	acc|REFSEQ|YP_009163818.1|REFSEQ|NC_027778|ORF_057R [Scale drop disease virus]	Scale drop disease virus	Blastx
SRR22534740	NODE_7065_length_216_cov_185.256831	62.0	216	411	0.121655	1.76e-09	acc|GENBANK|QDY51732.1|GENBANK|MK250085|dnaJ C terminal domain protein [Mimiviridae sp. ChoanoV1]	Mimiviridae sp. ChoanoV1	Blastx
SRR22534740	NODE_34699_length_1140_cov_9.348690	36.0	1140	230	0.326087	1.79e-09	acc|GENBANK|ARF08295.1|GENBANK|KY684083|RING finger domain protein [Catovirus CTV1]	Catovirus CTV1	Blastx
SRR22534740	NODE_21740_length_289_cov_1.132812	43.2	289	861	0.102207	1.83e-09	acc|GENBANK|ADB85253.1|GENBANK|GQ252796|putative retrotransposon protein [Phyllostachys edulis]	Phyllostachys edulis	Blastx
SRR22534740	NODE_5715_length_964_cov_103.567132	31.1	964	341	0.472141	1.84e-09	acc|GENBANK|QHN71161.1|GENBANK|MN812837|Peptidase domain protein [Mollivirus kamchatka]	Mollivirus kamchatka	Blastx
SRR22534740	NODE_37953_length_1283_cov_18.481600	36.4	1283	925	0.127568	1.87e-09	acc|GENBANK|ABY48139.1|GENBANK|EU306659|NORK [Medicago truncatula]	Medicago truncatula	Blastx
SRR22534740	NODE_43618_length_823_cov_6.226582	29.3	823	234	0.700855	1.90e-09	acc|REFSEQ|YP_294107.1|REFSEQ|NC_007346|putative protease [Emiliania huxleyi virus 86]	Emiliania huxleyi virus 86	Blastx
SRR22534740	NODE_16449_length_506_cov_5.082452	56.5	506	480	0.095833	1.92e-09	acc|GENBANK|QPI16798.1|GENBANK|MW030606|BT1 family protein [Virus NIOZ-UU159]	Virus NIOZ-UU159	Blastx
SRR22534740	NODE_22764_length_244_cov_1.663507	53.6	244	849	0.065960	1.92e-09	acc|GENBANK|AGE56458.1|GENBANK|JX997176|calcium-transporting ATPase, plasma [Paramecium bursaria Chlorella virus NE-JV-1]	Paramecium bursaria Chlorella virus NE-JV-1	Blastx
SRR22534740	NODE_7991_length_472_cov_20.605923	37.8	472	268	0.444030	1.95e-09	acc|GENBANK|AYV77759.1|GENBANK|MK072066|hypothetical protein [Edafosvirus sp.]	Edafosvirus sp.	Blastx
SRR22534740	NODE_38629_length_442_cov_28.383863	44.4	442	183	0.295082	1.96e-09	acc|REFSEQ|YP_010087445.1|REFSEQ|NC_055554|E3-MARCH3-like protein [Vombatid gammaherpesvirus 1]	Vombatid gammaherpesvirus 1	Blastx
SRR22534740	NODE_47837_length_254_cov_1.058824	37.3	254	379	0.218997	1.99e-09	acc|GENBANK|AAT99858.1|GENBANK|AY598438|unknown [Diachasmimorpha longicaudata entomopoxvirus]	Diachasmimorpha longicaudata entomopoxvirus	Blastx
SRR22534740	NODE_47731_length_251_cov_1.073394	69.8	251	520	0.082692	2.02e-09	acc|GENBANK|APO14197.1|GENBANK|KX098475|truncated DELLA protein [Setaria italica]	Setaria italica	Blastx
SRR22534740	NODE_44245_length_526_cov_89.653144	64.8	526	131	0.412214	2.03e-09	acc|GENBANK|ULK74027.1|GENBANK|OL469143|polyprotein [Paslahepevirus balayani]	Paslahepevirus balayani	Blastx
SRR22534740	NODE_2504_length_227_cov_22.881443	43.1	227	653	0.099541	2.04e-09	acc|GENBANK|AYV76715.1|GENBANK|MK071990|zincin [Terrestrivirus sp.]	Terrestrivirus sp.	Blastx
SRR22534740	NODE_13023_length_272_cov_1.916318	35.4	272	310	0.309677	2.12e-09	acc|GENBANK|AYV86922.1|GENBANK|MK072520|hypothetical protein [Sylvanvirus sp.]	Sylvanvirus sp.	Blastx
SRR22534740	NODE_44274_length_698_cov_3.721805	43.8	698	793	0.100883	2.14e-09	acc|GENBANK|AYV86642.1|GENBANK|MK072511|putative two-component hybrid sensor and [Sylvanvirus sp.]	Sylvanvirus sp.	Blastx
SRR22534740	NODE_39570_length_440_cov_6.705160	36.6	440	1080	0.086111	2.15e-09	acc|GENBANK|AAP74647.1|GENBANK|AH012974|Lr21 [Aegilops tauschii]	Aegilops tauschii	Blastx
SRR22534740	NODE_40173_length_1031_cov_2.811623	43.7	1031	165	0.430303	2.17e-09	acc|GENBANK|XDO02321.1|GENBANK|PP542043|hypothetical protein [Florenciella sp. virus SA2]	Florenciella sp. virus SA2	Blastx
SRR22534740	NODE_44832_length_1101_cov_2.630150	33.3	1101	191	0.816754	2.21e-09	acc|GENBANK|AAK16153.1|GENBANK|AF326577|anthocyanin regulatory B protein [Zea mays]	Zea mays	Blastx
SRR22534740	NODE_32944_length_856_cov_4.368165	29.9	856	772	0.277202	2.22e-09	acc|REFSEQ|YP_009120507.1|REFSEQ|NC_026440|Rad5-like protein [Pandoravirus inopinatum]	Pandoravirus inopinatum	Blastx
SRR22534740	NODE_5249_length_798_cov_14.159477	29.8	798	171	0.725146	2.24e-09	acc|REFSEQ|YP_001498055.1|REFSEQ|NC_009898|hypothetical protein [Paramecium bursaria Chlorella virus NY2A]	Paramecium bursaria Chlorella virus NY2A	Blastx
SRR22534740	NODE_14579_length_284_cov_4.011952	38.6	284	727	0.114168	2.30e-09	acc|GENBANK|ADB85269.1|GENBANK|GQ252805|putative lectin-like protein kinase [Phyllostachys edulis]	Phyllostachys edulis	Blastx
SRR22534740	NODE_1073_length_714_cov_13.070485	42.7	714	705	0.116312	2.34e-09	acc|GENBANK|AGE56163.1|GENBANK|JX997176|helicase [Paramecium bursaria Chlorella virus NE-JV-1]	Paramecium bursaria Chlorella virus NE-JV-1	Blastx
SRR22534740	NODE_40374_length_1534_cov_9.915390	45.3	1534	168	0.315476	2.36e-09	acc|GENBANK|AYV79707.1|GENBANK|MK072171|RING finger domain protein [Faunusvirus sp.]	Faunusvirus sp.	Blastx
SRR22534740	NODE_6468_length_1054_cov_13.443683	40.3	1054	543	0.246777	2.38e-09	acc|GENBANK|ADB85407.1|GENBANK|GQ252886|putative protein kinase [Phyllostachys edulis]	Phyllostachys edulis	Blastx
SRR22534740	NODE_18665_length_400_cov_11.100817	37.2	400	480	0.268750	2.40e-09	acc|GENBANK|ASU92288.1|GENBANK|KX759199|kindr F6 [Zea mays]	Zea mays	Blastx
SRR22534740	NODE_43560_length_370_cov_31.961424	36.1	370	498	0.244980	2.40e-09	acc|GENBANK|XHA59766.1|GENBANK|OR863077|thermosome [Poseidoniales virus]	Poseidoniales virus	Blastx
SRR22534740	NODE_30067_length_255_cov_1.905405	45.5	255	220	0.300000	2.42e-09	acc|GENBANK|UOG94371.1|NEIGHBOR|OM876856|peptidyl-prolyl cis-trans isomerase [Aureococcus anophagefferens virus]	Aureococcus anophagefferens virus	Blastx
SRR22534740	NODE_19389_length_1644_cov_4.257604	25.8	1644	785	0.588535	2.44e-09	acc|GENBANK|AYV77025.1|GENBANK|MK072005|phosphoenolpyruvate synthase [Barrevirus sp.]	Barrevirus sp.	Blastx
SRR22534740	NODE_9250_length_395_cov_1.770718	39.4	395	233	0.403433	2.46e-09	acc|GENBANK|QBK85221.1|GENBANK|MK500309|2OG-Fe(II) oxygenase superfamily protein [Iridovirus LCIVAC01]	Iridovirus LCIVAC01	Blastx
SRR22534740	NODE_1791_length_1504_cov_20.953773	71.4	1504	82	0.426829	2.49e-09	acc|GENBANK|AAC00047.1|GENBANK|S75223|Int-6/LTR fusion protein [Mouse mammary tumor virus]	Mouse mammary tumor virus	Blastx
SRR22534740	NODE_43598_length_888_cov_15.516959	31.8	888	131	0.648855	2.57e-09	acc|GENBANK|UOG94122.1|NEIGHBOR|OM876856|hypothetical protein [Aureococcus anophagefferens virus]	Aureococcus anophagefferens virus	Blastx
SRR22534740	NODE_38837_length_444_cov_5.690998	30.4	444	402	0.368159	2.60e-09	acc|GENBANK|QBK88751.1|GENBANK|MK500397|DEAD/SNF2-like helicase [Mimivirus LCMiAC01]	Mimivirus LCMiAC01	Blastx
SRR22534740	NODE_30839_length_290_cov_1.723735	41.2	290	4062	0.020926	2.60e-09	acc|GENBANK|QOR60750.1|GENBANK|MK522039|hypothetical protein [Bathycoccus sp. RCC716 virus 3]	Bathycoccus sp. RCC716 virus 3	Blastx
SRR22534740	NODE_1620_length_2570_cov_7.133228	29.0	2570	4238	0.043889	2.67e-09	acc|GENBANK|QOR60370.1|GENBANK|MK522038|hypothetical protein [Bathycoccus sp. RCC716 virus 2]	Bathycoccus sp. RCC716 virus 2	Blastx
SRR22534740	NODE_26347_length_200_cov_3.323353	41.5	200	2037	0.031910	2.69e-09	acc|GENBANK|ABG37663.1|GENBANK|DQ536170|CCHC-type integrase [Populus trichocarpa]	Populus trichocarpa	Blastx
SRR22534740	NODE_29868_length_322_cov_2.560554	38.4	322	727	0.136176	2.70e-09	acc|GENBANK|ABY48138.1|GENBANK|EU306659|ABC transporter [Medicago truncatula]	Medicago truncatula	Blastx
SRR22534740	NODE_6456_length_542_cov_5.597250	45.6	542	139	0.410072	2.70e-09	acc|GENBANK|QFG74212.1|GENBANK|MN448284|cytidylyltransferase-like protein [Megaviridae environmental sample]	Megaviridae environmental sample	Blastx
SRR22534740	NODE_31629_length_529_cov_2.439516	37.8	529	974	0.130390	2.71e-09	acc|GENBANK|AYV86980.1|GENBANK|MK072522|hypothetical protein [Sylvanvirus sp.]	Sylvanvirus sp.	Blastx
SRR22534740	NODE_16465_length_227_cov_1.546392	42.5	227	478	0.152720	2.75e-09	acc|GENBANK|AAK84479.1|GENBANK|AF275345|putative auxin growth promotor protein [Solanum lycopersicum]	Solanum lycopersicum	Blastx
SRR22534740	NODE_26326_length_203_cov_3.535294	48.5	203	598	0.110368	2.75e-09	acc|GENBANK|ARF11188.1|GENBANK|KY684108|prolyl oligopeptidase PreP [Klosneuvirus KNV1]	Klosneuvirus KNV1	Blastx
SRR22534740	NODE_42451_length_1469_cov_4.951950	34.2	1469	195	0.779487	2.80e-09	acc|REFSEQ|YP_010782540.1|REFSEQ|NC_075039|HD superfamily phosphohydrolase [Tupanvirus soda lake]	Tupanvirus soda lake	Blastx
SRR22534740	NODE_41651_length_283_cov_24.188000	33.7	283	182	0.456044	2.80e-09	acc|REFSEQ|YP_009163818.1|REFSEQ|NC_027778|ORF_057R [Scale drop disease virus]	Scale drop disease virus	Blastx
SRR22534740	NODE_666_length_1321_cov_8.504658	25.6	1321	244	0.930328	2.86e-09	acc|GENBANK|AYV80590.1|GENBANK|MK072245|hypothetical protein [Harvfovirus sp.]	Harvfovirus sp.	Blastx
SRR22534740	NODE_44867_length_826_cov_59.482976	25.7	826	219	0.780822	2.94e-09	acc|GENBANK|AYV81269.1|GENBANK|MK072266|RNA recognition motif protein [Harvfovirus sp.]	Harvfovirus sp.	Blastx
SRR22534740	NODE_15689_length_343_cov_1.716129	62.8	343	352	0.122159	2.94e-09	acc|GENBANK|WGU26813.1|GENBANK|OQ503488|hypothetical protein [Triticum monococcum]	Triticum monococcum	Blastx
SRR22534740	NODE_25799_length_233_cov_1.470000	39.0	233	557	0.138241	3.00e-09	acc|GENBANK|AYV85088.1|GENBANK|MK072439|putative ATP-dependent RNA helicase [Satyrvirus sp.]	Satyrvirus sp.	Blastx
SRR22534740	NODE_15407_length_524_cov_4.690428	34.8	524	461	0.242950	3.01e-09	acc|GENBANK|XDO02361.1|GENBANK|PP542043|Long-Chain Fatty Acid--Coa Ligase [Florenciella sp. virus SA2]	Florenciella sp. virus SA2	Blastx
SRR22534740	NODE_28017_length_851_cov_7.750611	28.3	851	239	0.799163	3.09e-09	acc|GENBANK|AYV83988.1|GENBANK|MK072397|RING/U-box superfamily protein [Hyperionvirus sp.]	Hyperionvirus sp.	Blastx
SRR22534740	NODE_48015_length_260_cov_1.546256	42.9	260	562	0.124555	3.12e-09	acc|GENBANK|QBK87088.1|GENBANK|MK500343|ABC transporter [Marseillevirus LCMAC103]	Marseillevirus LCMAC103	Blastx
SRR22534740	NODE_44246_length_1218_cov_18.831224	38.3	1218	263	0.437262	3.15e-09	acc|GENBANK|AYV76306.1|GENBANK|MK071983|hypothetical protein [Terrestrivirus sp.]	Terrestrivirus sp.	Blastx
SRR22534740	NODE_43676_length_837_cov_4.955224	26.8	837	539	0.408163	3.17e-09	acc|GENBANK|QDY52400.1|GENBANK|MK250091|aldehyde dehydrogenase family protein [Mimiviridae sp. ChoanoV1]	Mimiviridae sp. ChoanoV1	Blastx
SRR22534740	NODE_10524_length_364_cov_2.015106	57.4	364	1040	0.051923	3.30e-09	acc|REFSEQ|YP_010780932.1|REFSEQ|NC_075038|putative ATP-citrate synthase isoform X3 [Tupanvirus deep ocean]	Tupanvirus deep ocean	Blastx
SRR22534740	NODE_35368_length_809_cov_5.875000	49.1	809	173	0.329480	3.33e-09	acc|GENBANK|AYV84055.1|GENBANK|MK072398|hypothetical protein [Hyperionvirus sp.]	Hyperionvirus sp.	Blastx
SRR22534740	NODE_868_length_243_cov_148.242857	52.9	243	276	0.253623	3.37e-09	acc|GENBANK|ACG38448.1|GENBANK|EU966330|retrotransposon protein Ty1-copia subclass [Zea mays]	Zea mays	Blastx
SRR22534740	NODE_27846_length_212_cov_2.564246	45.7	212	186	0.376344	3.38e-09	acc|REFSEQ|YP_009120778.1|REFSEQ|NC_026440|GTP cyclohydrolase [Pandoravirus inopinatum]	Pandoravirus inopinatum	Blastx
SRR22534740	NODE_30991_length_525_cov_1.930894	34.2	525	341	0.428152	3.41e-09	acc|GENBANK|QHN71161.1|GENBANK|MN812837|Peptidase domain protein [Mollivirus kamchatka]	Mollivirus kamchatka	Blastx
SRR22534740	NODE_37614_length_1402_cov_17.056976	26.1	1402	343	0.548105	3.55e-09	acc|GENBANK|AYV82043.1|GENBANK|MK072335|lysophospholipid acyltransferase [Homavirus sp.]	Homavirus sp.	Blastx
SRR22534740	NODE_34307_length_401_cov_7.815217	31.8	401	925	0.142703	3.56e-09	acc|GENBANK|ABY48139.1|GENBANK|EU306659|NORK [Medicago truncatula]	Medicago truncatula	Blastx
SRR22534740	NODE_5096_length_220_cov_252.176471	36.2	220	182	0.379121	3.58e-09	acc|REFSEQ|YP_009163818.1|REFSEQ|NC_027778|ORF_057R [Scale drop disease virus]	Scale drop disease virus	Blastx
SRR22534740	NODE_48356_length_270_cov_0.987342	40.3	270	510	0.131373	3.60e-09	acc|GENBANK|ARF08384.1|GENBANK|KY684083|choline dehydrogenase / GMC-type oxidoreductase [Catovirus CTV1]	Catovirus CTV1	Blastx
SRR22534740	NODE_5845_length_353_cov_47.812500	34.4	353	455	0.197802	3.61e-09	acc|GENBANK|QFG73745.1|GENBANK|MN448270|elongation factor Tu GTP binding domain protein [Megaviridae environmental sample]	Megaviridae environmental sample	Blastx
SRR22534740	NODE_38368_length_472_cov_11.346241	36.2	472	526	0.178707	3.65e-09	acc|GENBANK|ARF12259.1|GENBANK|KY684111|ABC transporter [Klosneuvirus KNV1]	Klosneuvirus KNV1	Blastx
SRR22534740	NODE_36455_length_771_cov_10.489160	28.6	771	261	0.816092	3.85e-09	acc|GENBANK|AYV79236.1|GENBANK|MK072137|serine/threonine protein phosphatase [Faunusvirus sp.]	Faunusvirus sp.	Blastx
SRR22534740	NODE_15502_length_251_cov_4.376147	46.7	251	786	0.076336	3.86e-09	acc|REFSEQ|YP_009177033.1|REFSEQ|NC_028238|alkaline phosphodiesterase [Turkeypox virus]	Turkeypox virus	Blastx
SRR22534740	NODE_5655_length_389_cov_7.890449	43.8	389	459	0.159041	3.90e-09	acc|GENBANK|BBI30359.1|GENBANK|AP018495|beta-galactosidase [Acanthamoeba castellanii medusavirus J1]	Acanthamoeba castellanii medusavirus J1	Blastx
SRR22534740	NODE_1468_length_532_cov_6.108216	43.4	532	85	0.623529	3.91e-09	acc|GENBANK|QDY52253.1|GENBANK|MK250089|AN1-like Zinc finger [Mimiviridae sp. ChoanoV1]	Mimiviridae sp. ChoanoV1	Blastx
SRR22534740	NODE_16220_length_836_cov_3.236613	29.6	836	482	0.315353	3.94e-09	acc|GENBANK|QIN54613.1|GENBANK|MN873693|serine/Threonine protein kinase [Cedratvirus kamchatka]	Cedratvirus kamchatka	Blastx
SRR22534740	NODE_40672_length_514_cov_6.428274	58.3	514	189	0.253968	3.97e-09	acc|GENBANK|QIG60093.1|GENBANK|MN940580|hypothetical protein [Dishui Lake large algae virus 1]	Dishui Lake large algae virus 1	Blastx
SRR22534740	NODE_6556_length_1001_cov_6.005165	33.9	1001	354	0.341808	4.01e-09	acc|GENBANK|WZO88956.1|GENBANK|PP681897|D-lactate dehydrogenase [Chlorovirus sp.]	Chlorovirus sp.	Blastx
SRR22534740	NODE_6822_length_1109_cov_18.731413	30.3	1109	116	1.051724	4.02e-09	acc|GENBANK|ARF08829.1|GENBANK|KY684083|ubiquitin-conjugating enzyme E2 [Catovirus CTV1]	Catovirus CTV1	Blastx
SRR22534740	NODE_41961_length_512_cov_10.148225	36.3	512	678	0.150442	4.04e-09	acc|GENBANK|CCQ71325.1|GENBANK|HF586476|hypothetical kinesin-like protein KIF3 [Cotesia congregata]	Cotesia congregata	Blastx
SRR22534740	NODE_18981_length_208_cov_1.508571	50.0	208	471	0.127389	4.04e-09	acc|GENBANK|AFV13457.1|GENBANK|JQ314445|UDPG-flavonoid 3-O-glucosyl transferase [Tripsacum dactyloides]	Tripsacum dactyloides	Blastx
SRR22534740	NODE_19660_length_211_cov_2.151685	43.1	211	727	0.079780	4.28e-09	acc|GENBANK|ABY48138.1|GENBANK|EU306659|ABC transporter [Medicago truncatula]	Medicago truncatula	Blastx
SRR22534740	NODE_3_length_723_cov_11.901449	49.0	723	268	0.182836	4.41e-09	acc|REFSEQ|YP_010781747.1|REFSEQ|NC_075039|RING finger domain protein [Tupanvirus soda lake]	Tupanvirus soda lake	Blastx
SRR22534740	NODE_9931_length_365_cov_3.180723	40.0	365	810	0.117284	4.42e-09	acc|GENBANK|QBK86799.1|GENBANK|MK500336|uncharacterized protein [Marseillevirus LCMAC103]	Marseillevirus LCMAC103	Blastx
SRR22534740	NODE_15424_length_346_cov_2.562300	30.2	346	494	0.234818	4.67e-09	acc|REFSEQ|YP_003212883.1|REFSEQ|NC_013288|hypothetical protein [Ostreococcus tauri virus 1]	Ostreococcus tauri virus 1	Blastx
SRR22534740	NODE_31171_length_876_cov_3.758007	44.6	876	178	0.365169	4.71e-09	acc|GENBANK|AYV76411.1|GENBANK|MK071984|putative vesicle transport protein SFT2B isoform [Terrestrivirus sp.]	Terrestrivirus sp.	Blastx
SRR22534740	NODE_33562_length_486_cov_9.507726	40.3	486	353	0.203966	4.75e-09	acc|GENBANK|WGU26821.1|GENBANK|OQ503488|S-acyltransferase 11-like protein [Triticum monococcum]	Triticum monococcum	Blastx
SRR22534740	NODE_3488_length_346_cov_95.210863	36.1	346	299	0.324415	4.77e-09	acc|GENBANK|QIG59714.1|GENBANK|MN940578|putative spermidine [Dishui Lake phycodnavirus 3]	Dishui Lake phycodnavirus 3	Blastx
SRR22534740	NODE_2835_length_345_cov_94.400641	43.2	345	299	0.270903	4.77e-09	acc|GENBANK|QIG59714.1|GENBANK|MN940578|putative spermidine [Dishui Lake phycodnavirus 3]	Dishui Lake phycodnavirus 3	Blastx
SRR22534740	NODE_2095_length_509_cov_4.976891	38.8	509	488	0.174180	4.97e-09	acc|GENBANK|QBK85428.1|GENBANK|MK500327|polyADP-ribose polymerase [Marseillevirus LCMAC101]	Marseillevirus LCMAC101	Blastx
SRR22534740	NODE_13000_length_890_cov_2.228705	57.8	890	308	0.146104	5.12e-09	acc|GENBANK|AFV13468.1|GENBANK|JQ314449|ring-H2 zinc finger protein [Coix lacryma-jobi]	Coix lacryma-jobi	Blastx
SRR22534740	NODE_31622_length_350_cov_2.990536	56.3	350	256	0.187500	5.14e-09	acc|GENBANK|AAB67721.1|GENBANK|AF015269|PL transcription factor [Zea mays]	Zea mays	Blastx
SRR22534740	NODE_14443_length_931_cov_2.747216	25.8	931	336	0.589286	5.27e-09	acc|GENBANK|WBR61423.1|GENBANK|ON052824|BTB POZ roadkill-like [Drosophila suzukii associated hytrosavirus 1]	Drosophila suzukii associated hytrosavirus 1	Blastx
SRR22534740	NODE_32624_length_299_cov_2.672932	33.3	299	1146	0.073298	5.28e-09	acc|GENBANK|CAB3264541.1|GENBANK|LR788679|pol-like protein [Phallusia mammillata]	Phallusia mammillata	Blastx
SRR22534740	NODE_17123_length_267_cov_1.649573	32.2	267	309	0.291262	5.32e-09	acc|REFSEQ|YP_009507462.1|REFSEQ|NC_038553|putative spermidine synthase [Heterosigma akashiwo virus 01]	Heterosigma akashiwo virus 01	Blastx
SRR22534740	NODE_28798_length_302_cov_2.936803	40.8	302	695	0.141007	5.33e-09	acc|GENBANK|XDO02062.1|GENBANK|PP542043|Type I Glyceraldehyde-3-Phosphate Dehydrogenase [Florenciella sp. virus SA2]	Florenciella sp. virus SA2	Blastx
SRR22534740	NODE_9599_length_481_cov_2.984375	38.5	481	500	0.192000	5.34e-09	acc|REFSEQ|YP_009448979.1|REFSEQ|NC_036594|Cytochrome P450-like protein E-class [Orpheovirus IHUMI-LCC2]	Orpheovirus IHUMI-LCC2	Blastx
SRR22534740	NODE_14789_length_484_cov_3.638581	35.9	484	473	0.217759	5.40e-09	acc|GENBANK|ARF11468.1|GENBANK|KY684108|deoxyribodipyrimidine photolyase [Klosneuvirus KNV1]	Klosneuvirus KNV1	Blastx
SRR22534740	NODE_36384_length_1445_cov_7.254249	28.0	1445	284	0.841549	5.41e-09	acc|GENBANK|AYV83828.1|GENBANK|MK072394|putative ubiquitin carboxyl-terminal hydrolase 2 [Hyperionvirus sp.]	Hyperionvirus sp.	Blastx
SRR22534740	NODE_28001_length_415_cov_1.238220	31.7	415	674	0.206231	5.49e-09	acc|GENBANK|QFG74959.1|GENBANK|MN448295|Hsp70 protein [Megaviridae environmental sample]	Megaviridae environmental sample	Blastx
SRR22534740	NODE_46616_length_209_cov_1.323864	58.1	209	520	0.082692	5.55e-09	acc|GENBANK|APO14197.1|GENBANK|KX098475|truncated DELLA protein [Setaria italica]	Setaria italica	Blastx
SRR22534740	NODE_2635_length_275_cov_37.942149	36.5	275	253	0.335968	5.74e-09	acc|GENBANK|QBK86148.1|GENBANK|MK500331|ABC transporter [Marseillevirus LCMAC101]	Marseillevirus LCMAC101	Blastx
SRR22534740	NODE_1134_length_1452_cov_20.320648	47.5	1452	819	0.097680	5.76e-09	acc|GENBANK|QKF94107.1|GENBANK|MT418680|eukaryotic translation elongation factor 2 [Fadolivirus FV1/VV64]	Fadolivirus FV1/VV64	Blastx
SRR22534740	NODE_40631_length_643_cov_12.572131	40.5	643	87	0.850575	5.96e-09	acc|GENBANK|QKE50167.1|GENBANK|MN956669|YqaJ viral recombinase [Faustovirus]	Faustovirus	Blastx
SRR22534740	NODE_41947_length_746_cov_25.861150	42.9	746	168	0.375000	6.04e-09	acc|GENBANK|AYV79707.1|GENBANK|MK072171|RING finger domain protein [Faunusvirus sp.]	Faunusvirus sp.	Blastx
SRR22534740	NODE_385_length_1441_cov_7.475852	25.3	1441	268	0.914179	6.05e-09	acc|GENBANK|QBK91399.1|GENBANK|MK500535|mitochondrial carrier-like protein [Pithovirus LCPAC302]	Pithovirus LCPAC302	Blastx
SRR22534740	NODE_30373_length_259_cov_4.513274	49.2	259	2037	0.030928	6.10e-09	acc|GENBANK|ABG37663.1|GENBANK|DQ536170|CCHC-type integrase [Populus trichocarpa]	Populus trichocarpa	Blastx
SRR22534740	NODE_29345_length_455_cov_7.123223	37.8	455	953	0.102833	6.22e-09	acc|GENBANK|ACB28472.1|GENBANK|EU522675|polyprotein [Ananas comosus]	Ananas comosus	Blastx
SRR22534740	NODE_17007_length_620_cov_4.071550	51.4	620	213	0.328638	6.23e-09	acc|GENBANK|ACI00359.1|GENBANK|FJ173823|ZCCT2-B2a [Triticum turgidum]	Triticum turgidum	Blastx
SRR22534740	NODE_44281_length_926_cov_8.389698	23.7	926	379	0.812665	6.24e-09	acc|GENBANK|AAT99858.1|GENBANK|AY598438|unknown [Diachasmimorpha longicaudata entomopoxvirus]	Diachasmimorpha longicaudata entomopoxvirus	Blastx
SRR22534740	NODE_1458_length_929_cov_10.204241	32.4	929	250	0.420000	6.34e-09	acc|GENBANK|AAG13370.1|GENBANK|AF268177|polyprotein [Bovine viral diarrhea virus 2]	Bovine viral diarrhea virus 2	Blastx
SRR22534740	NODE_27248_length_351_cov_3.232704	48.3	351	383	0.156658	6.38e-09	acc|GENBANK|ABM05483.1|GENBANK|EF174402|LTR retrotransposon-like protein [Rhodiola fastigiata]	Rhodiola fastigiata	Blastx
SRR22534740	NODE_44136_length_1416_cov_23.796819	66.0	1416	392	0.119898	6.39e-09	acc|GENBANK|QBK87012.1|GENBANK|MK500340|peptide chain release factor 1 [Marseillevirus LCMAC103]	Marseillevirus LCMAC103	Blastx
SRR22534740	NODE_32384_length_1346_cov_4.466108	58.6	1346	421	0.137767	6.43e-09	acc|GENBANK|AGP03657.1|GENBANK|KF220834|integrase-type DNA-binding superfamily protein [Glycine max]	Glycine max	Blastx
SRR22534740	NODE_380_length_1065_cov_22.964147	32.2	1065	246	0.617886	6.43e-09	acc|GENBANK|AYV75709.1|GENBANK|MK071980|glutamine amidotransferase [Terrestrivirus sp.]	Terrestrivirus sp.	Blastx
SRR22534740	NODE_4755_length_690_cov_14.065449	33.6	690	261	0.478927	6.45e-09	acc|GENBANK|AYV79236.1|GENBANK|MK072137|serine/threonine protein phosphatase [Faunusvirus sp.]	Faunusvirus sp.	Blastx
SRR22534740	NODE_696_length_537_cov_16.626984	27.7	537	236	0.750000	6.47e-09	acc|GENBANK|CAE02698.1|GENBANK|AJ575660|putative isoamyl acetate hydrolytic enzyme [Yarrowia lipolytica]	Yarrowia lipolytica	Blastx
SRR22534740	NODE_939_length_1202_cov_24.772455	34.0	1202	191	0.539267	6.54e-09	acc|GENBANK|AAK16153.1|GENBANK|AF326577|anthocyanin regulatory B protein [Zea mays]	Zea mays	Blastx
SRR22534740	NODE_43042_length_472_cov_4.154897	32.1	472	476	0.327731	6.60e-09	acc|GENBANK|QPI16652.1|GENBANK|MW030591|serine endoprotease [Virus NIOZ-UU159]	Virus NIOZ-UU159	Blastx
SRR22534740	NODE_28407_length_305_cov_2.319853	45.8	305	274	0.215328	6.83e-09	acc|GENBANK|QYA18589.1|GENBANK|MZ420154|putative RING-H2 finger protein [Clandestinovirus]	Clandestinovirus	Blastx
SRR22534740	NODE_46429_length_203_cov_1.376471	42.2	203	548	0.116788	7.00e-09	acc|REFSEQ|YP_010780370.1|REFSEQ|NC_075038|hypothetical protein [Tupanvirus deep ocean]	Tupanvirus deep ocean	Blastx
SRR22534740	NODE_3673_length_448_cov_6.130120	40.5	448	198	0.398990	7.05e-09	acc|REFSEQ|NP_955110.1|REFSEQ|NC_005309|CNPV087 putative glutathione peroxidase [Canarypox virus]	Canarypox virus	Blastx
SRR22534740	NODE_46432_length_203_cov_1.394118	60.4	203	764	0.062827	7.07e-09	acc|GENBANK|UZH25335.1|GENBANK|OL695857|ORF2 [Mamastrovirus 3]	Mamastrovirus 3	Blastx
SRR22534740	NODE_36541_length_714_cov_7.054332	34.5	714	294	0.404762	7.09e-09	acc|GENBANK|XCJ76969.1|GENBANK|PP728250|mRNA capping enzyme [Micromonas polaris virus]	Micromonas polaris virus	Blastx
SRR22534740	NODE_47054_length_226_cov_1.212435	36.5	226	925	0.068108	7.22e-09	acc|GENBANK|ABY48139.1|GENBANK|EU306659|NORK [Medicago truncatula]	Medicago truncatula	Blastx
SRR22534740	NODE_35936_length_427_cov_13.753807	43.1	427	134	0.537313	7.25e-09	acc|GENBANK|WIK87399.1|GENBANK|OQ547902|phospholipid hydroperoxide glutathione [Oriental turtle dovepox virus]	Oriental turtle dovepox virus	Blastx
SRR22534740	NODE_38917_length_335_cov_29.268212	33.0	335	397	0.251889	7.26e-09	acc|REFSEQ|YP_009173589.1|REFSEQ|NC_028094|Helicase 45 [Chrysochromulina ericina virus]	Chrysochromulina ericina virus	Blastx
SRR22534740	NODE_24593_length_373_cov_3.988235	37.4	373	111	0.819820	7.37e-09	acc|REFSEQ|YP_009448553.1|REFSEQ|NC_036594|Thioredoxin [Orpheovirus IHUMI-LCC2]	Orpheovirus IHUMI-LCC2	Blastx
SRR22534740	NODE_31676_length_471_cov_7.821918	37.3	471	1057	0.070956	7.49e-09	acc|GENBANK|ATZ80407.1|GENBANK|MF782455|putative Lon protease [Bodo saltans virus]	Bodo saltans virus	Blastx
SRR22534740	NODE_34255_length_1305_cov_6.352201	25.3	1305	776	0.550258	7.51e-09	acc|GENBANK|ABY48135.1|GENBANK|EU306659|beta-D-xylosidase [Medicago truncatula]	Medicago truncatula	Blastx
SRR22534740	NODE_5564_length_1074_cov_7.635927	38.1	1074	925	0.113514	7.77e-09	acc|GENBANK|ABY48139.1|GENBANK|EU306659|NORK [Medicago truncatula]	Medicago truncatula	Blastx
SRR22534740	NODE_24553_length_224_cov_2.052356	41.9	224	128	0.578125	7.87e-09	acc|GENBANK|QBK92138.1|GENBANK|MK500568|phosphoribosyl transferase domain protein [Pithovirus LCPAC304]	Pithovirus LCPAC304	Blastx
SRR22534740	NODE_30686_length_499_cov_2.980687	36.0	499	299	0.334448	7.92e-09	acc|GENBANK|UOG94093.1|NEIGHBOR|OM876856|serine threonine-protein phosphatase [Aureococcus anophagefferens virus]	Aureococcus anophagefferens virus	Blastx
SRR22534740	NODE_67_length_1217_cov_68.341216	72.2	1217	36	1.000000	7.95e-09	acc|GENBANK|AUN43545.1|GENBANK|MG645696|RPSA [Myzomela eques]	Myzomela eques	Blastx
SRR22534740	NODE_22284_length_363_cov_2.193939	41.3	363	919	0.118607	8.30e-09	acc|GENBANK|AYV75146.1|GENBANK|MK071979|plasma membrane ATPase [Terrestrivirus sp.]	Terrestrivirus sp.	Blastx
SRR22534740	NODE_35490_length_447_cov_8.644928	88.6	447	1769	0.019785	8.35e-09	acc|GENBANK|QHI01830.1|GENBANK|MN646693|ORF1 protein [Hepatitis E virus]	Hepatitis E virus	Blastx
SRR22534740	NODE_26622_length_506_cov_3.050740	32.9	506	416	0.358173	8.45e-09	acc|GENBANK|ALX35652.1|GENBANK|KU147235|UDP-GlcNAcbeta GAL beta1,3 N-acetyl glucosaminyl [Elephant endotheliotropic herpesvirus 4A]	Elephant endotheliotropic herpesvirus 4A	Blastx
SRR22534740	NODE_445_length_1420_cov_14.158616	26.9	1420	249	1.016064	8.47e-09	acc|GENBANK|ACD54816.1|GENBANK|EU643495|carbonyl reductase-like protein [Adineta vaga]	Adineta vaga	Blastx
SRR22534740	NODE_6195_length_926_cov_6.683091	34.3	926	382	0.259162	8.47e-09	acc|GENBANK|AAB31930.2|GENBANK|S74099|v-myb product [Avian myeloblastosis virus]	Avian myeloblastosis virus	Blastx
SRR22534740	NODE_44419_length_725_cov_5.023121	28.5	725	401	0.411471	8.54e-09	acc|REFSEQ|YP_009172680.1|REFSEQ|NC_028091|dehydrogenase [Ostreococcus lucimarinus virus 2]	Ostreococcus lucimarinus virus 2	Blastx
SRR22534740	NODE_7556_length_315_cov_2.641844	40.4	315	628	0.157643	8.63e-09	acc|GENBANK|QFG73644.1|GENBANK|MN448266|core-2/I-branching enzyme [Megaviridae environmental sample]	Megaviridae environmental sample	Blastx
SRR22534740	NODE_43185_length_220_cov_22.219251	50.9	220	383	0.138381	8.63e-09	acc|GENBANK|AJA91762.1|GENBANK|KM434202|dihydroflavonol 4-reductase [Allium cepa]	Allium cepa	Blastx
SRR22534740	NODE_423_length_986_cov_21.393494	40.7	986	344	0.250000	8.84e-09	acc|GENBANK|QFG74169.1|GENBANK|MN448282|aspartyl protease [Megaviridae environmental sample]	Megaviridae environmental sample	Blastx
SRR22534740	NODE_40729_length_543_cov_16.607843	30.2	543	446	0.215247	8.87e-09	acc|GENBANK|ATZ80917.1|GENBANK|MF782455|major facilitator superfamily-like protein [Bodo saltans virus]	Bodo saltans virus	Blastx
SRR22534740	NODE_15088_length_488_cov_3.751648	39.7	488	77	0.883117	8.93e-09	acc|GENBANK|UZE89784.1|GENBANK|ON704650|V-UBI [Parapoynx stagnalis nucleopolyhedrovirus]	Parapoynx stagnalis nucleopolyhedrovirus	Blastx
SRR22534740	NODE_19243_length_403_cov_3.381081	36.4	403	638	0.103448	8.94e-09	acc|GENBANK|QBK87811.1|GENBANK|MK500370|Hsp70 protein [Marseillevirus LCMAC202]	Marseillevirus LCMAC202	Blastx
SRR22534740	NODE_1652_length_1555_cov_12.124836	25.3	1555	293	1.051195	8.98e-09	acc|GENBANK|QBK92190.1|GENBANK|MK500568|dihydroorotate dehydrogenase [Pithovirus LCPAC304]	Pithovirus LCPAC304	Blastx
SRR22534740	NODE_4643_length_486_cov_2.726269	50.0	486	2466	0.022709	9.14e-09	acc|GENBANK|AOZ57106.1|GENBANK|KX608896|Serine threonine-protein kinase TOR [Saccharum hybrid cultivar R570]	Saccharum hybrid cultivar R570	Blastx
SRR22534740	NODE_31038_length_437_cov_3.264851	36.4	437	261	0.379310	9.18e-09	acc|GENBANK|AYV79236.1|GENBANK|MK072137|serine/threonine protein phosphatase [Faunusvirus sp.]	Faunusvirus sp.	Blastx
SRR22534740	NODE_14101_length_356_cov_3.938080	38.8	356	459	0.185185	9.48e-09	acc|GENBANK|BBI30359.1|GENBANK|AP018495|beta-galactosidase [Acanthamoeba castellanii medusavirus J1]	Acanthamoeba castellanii medusavirus J1	Blastx
SRR22534740	NODE_8422_length_821_cov_52.388325	37.5	821	143	0.503497	9.55e-09	acc|GENBANK|UOG94409.1|NEIGHBOR|OM876856|eukaryotic translation initiation factor [Aureococcus anophagefferens virus]	Aureococcus anophagefferens virus	Blastx
SRR22534740	NODE_33800_length_592_cov_9.212880	51.1	592	239	0.196653	9.88e-09	acc|GENBANK|AYV83988.1|GENBANK|MK072397|RING/U-box superfamily protein [Hyperionvirus sp.]	Hyperionvirus sp.	Blastx
SRR22534740	NODE_18747_length_273_cov_1.254167	42.9	273	1110	0.056757	9.95e-09	acc|GENBANK|UMO78573.1|GENBANK|MZ420562|ser/thr kinase [Pandoravirus belohorizontensis]	Pandoravirus belohorizontensis	Blastx
SRR22534740	NODE_5386_length_1368_cov_3.274906	21.6	1368	652	0.625767	1.02e-08	acc|GENBANK|XDO02362.1|GENBANK|PP542043|hypothetical protein [Florenciella sp. virus SA2]	Florenciella sp. virus SA2	Blastx
SRR22534740	NODE_32274_length_389_cov_8.539326	50.8	389	301	0.209302	1.03e-08	acc|REFSEQ|YP_009408343.1|REFSEQ|NC_035468|hypothetical protein [Murmansk poxvirus]	Murmansk poxvirus	Blastx
SRR22534740	NODE_1669_length_1738_cov_38.265103	45.5	1738	418	0.184211	1.04e-08	acc|GENBANK|CAK7597149.1|GENBANK|OZ003748|Chaperone DnaJ [Catovirus sp. 'naegleriensis']	Catovirus sp. 'naegleriensis'	Blastx
SRR22534740	NODE_22047_length_379_cov_2.713873	61.0	379	335	0.122388	1.06e-08	acc|GENBANK|ADV36573.1|GENBANK|HM454271|Myb-like transcription factor [Zea mays]	Zea mays	Blastx
SRR22534740	NODE_48046_length_260_cov_1.030837	39.8	260	431	0.192575	1.06e-08	acc|GENBANK|QBK87793.1|GENBANK|MK500369|pyridoxal-dependent decarboxylase domain [Marseillevirus LCMAC202]	Marseillevirus LCMAC202	Blastx
SRR22534740	NODE_19990_length_304_cov_1.129151	34.7	304	1369	0.052593	1.07e-08	acc|GENBANK|BAG72152.1|GENBANK|AB430326|hypothetical protein [Lotus japonicus]	Lotus japonicus	Blastx
SRR22534740	NODE_8796_length_555_cov_2.187739	33.9	555	666	0.181682	1.09e-08	acc|GENBANK|XDG19112.1|GENBANK|PQ069217|EO3 [Sand tiger adomavirus 1]	Sand tiger adomavirus 1	Blastx
SRR22534740	NODE_31136_length_1375_cov_7.029061	28.3	1375	509	0.471513	1.13e-08	acc|GENBANK|UZE89778.1|GENBANK|ON704650|GTA [Parapoynx stagnalis nucleopolyhedrovirus]	Parapoynx stagnalis nucleopolyhedrovirus	Blastx
SRR22534740	NODE_48239_length_266_cov_1.004292	38.2	266	499	0.152305	1.16e-08	acc|GENBANK|XCA47433.1|GENBANK|PP911589|hypothetical protein [Micromonas commoda virus]	Micromonas commoda virus	Blastx
SRR22534740	NODE_13449_length_678_cov_2.094574	29.6	678	309	0.634304	1.18e-08	acc|GENBANK|AYV80835.1|GENBANK|MK072249|SDR family NAD(P)-dependent oxidoreductase [Harvfovirus sp.]	Harvfovirus sp.	Blastx
SRR22534740	NODE_39195_length_484_cov_20.971175	38.8	484	214	0.542056	1.19e-08	acc|GENBANK|QBK89352.1|GENBANK|MK500417|histidine phosphatase superfamily protein [Mimivirus LCMiAC02]	Mimivirus LCMiAC02	Blastx
SRR22534740	NODE_30391_length_399_cov_1.234973	36.6	399	727	0.127923	1.20e-08	acc|GENBANK|ABY48138.1|GENBANK|EU306659|ABC transporter [Medicago truncatula]	Medicago truncatula	Blastx
SRR22534740	NODE_37903_length_489_cov_19.776316	36.6	489	279	0.440860	1.22e-08	acc|GENBANK|QBK87125.1|GENBANK|MK500344|NADP oxidoreductase coenzyme F420-dependent [Marseillevirus LCMAC201]	Marseillevirus LCMAC201	Blastx
SRR22534740	NODE_30876_length_320_cov_1.310105	39.0	320	833	0.098439	1.25e-08	acc|GENBANK|AAL14454.1|GENBANK|AF397035|DNA mismatch repair protein Msh5 [Mus musculus]	Mus musculus	Blastx
SRR22534740	NODE_39937_length_226_cov_24.357513	41.7	226	384	0.156250	1.28e-08	acc|REFSEQ|YP_003970003.1|REFSEQ|NC_014637|putative superfamily II helicase/eIF-4AIII [Cafeteria roenbergensis virus BV-PW1]	Cafeteria roenbergensis virus BV-PW1	Blastx
SRR22534740	NODE_19290_length_223_cov_2.515789	49.1	223	832	0.066106	1.29e-08	acc|GENBANK|BAD00047.1|GENBANK|AB119282|Fusion protein, Feo [Hepacivirus hominis]	Hepacivirus hominis	Blastx
SRR22534740	NODE_46983_length_223_cov_1.231579	70.0	223	764	0.052356	1.29e-08	acc|GENBANK|UZH25335.1|GENBANK|OL695857|ORF2 [Mamastrovirus 3]	Mamastrovirus 3	Blastx
SRR22534740	NODE_40035_length_618_cov_14.244444	30.9	618	158	0.512658	1.30e-08	acc|GENBANK|AYV75779.1|GENBANK|MK071981|putative thioredoxin domain-containing protein [Terrestrivirus sp.]	Terrestrivirus sp.	Blastx
SRR22534740	NODE_43745_length_2310_cov_11.478261	18.9	2310	539	1.194805	1.34e-08	acc|GENBANK|AYV75872.1|GENBANK|MK071981|hypothetical protein [Terrestrivirus sp.]	Terrestrivirus sp.	Blastx
SRR22534740	NODE_43103_length_1522_cov_59.582270	30.1	1522	691	0.250362	1.35e-08	acc|GENBANK|QPB44212.1|GENBANK|MW018138|DEDDy 3'-5' exonuclease [Medusavirus stheno T3]	Medusavirus stheno T3	Blastx
SRR22534740	NODE_24885_length_275_cov_1.483471	63.4	275	288	0.142361	1.37e-08	acc|REFSEQ|YP_009448911.1|REFSEQ|NC_036594|Negative regulator of the PHO system [Orpheovirus IHUMI-LCC2]	Orpheovirus IHUMI-LCC2	Blastx
SRR22534740	NODE_35298_length_498_cov_15.492473	29.2	498	383	0.375979	1.42e-08	acc|GENBANK|AJA91762.1|GENBANK|KM434202|dihydroflavonol 4-reductase [Allium cepa]	Allium cepa	Blastx
SRR22534740	NODE_6380_length_366_cov_3.918919	34.9	366	406	0.204433	1.43e-08	acc|GENBANK|QBK87310.1|GENBANK|MK500348|chaperone protein [Marseillevirus LCMAC201]	Marseillevirus LCMAC201	Blastx
SRR22534740	NODE_24774_length_414_cov_4.887139	34.3	414	261	0.379310	1.44e-08	acc|GENBANK|AYV79236.1|GENBANK|MK072137|serine/threonine protein phosphatase [Faunusvirus sp.]	Faunusvirus sp.	Blastx
SRR22534740	NODE_6934_length_1420_cov_19.570296	48.3	1420	384	0.156250	1.46e-08	acc|REFSEQ|YP_003970003.1|REFSEQ|NC_014637|putative superfamily II helicase/eIF-4AIII [Cafeteria roenbergensis virus BV-PW1]	Cafeteria roenbergensis virus BV-PW1	Blastx
SRR22534740	NODE_44398_length_1283_cov_7.240000	26.4	1283	258	0.705426	1.46e-08	acc|GENBANK|AYV85051.1|GENBANK|MK072438|hypothetical protein [Satyrvirus sp.]	Satyrvirus sp.	Blastx
SRR22534740	NODE_40960_length_795_cov_12.986877	34.1	795	208	0.437500	1.47e-08	acc|GENBANK|WZO76023.1|GENBANK|PP681864|magnesium-protoporphyrin IX monomethyl ester [Chlorovirus sp.]	Chlorovirus sp.	Blastx
SRR22534740	NODE_15506_length_287_cov_1.173228	47.2	287	727	0.099037	1.55e-08	acc|GENBANK|ADB85269.1|GENBANK|GQ252805|putative lectin-like protein kinase [Phyllostachys edulis]	Phyllostachys edulis	Blastx
SRR22534740	NODE_17944_length_238_cov_1.019512	43.2	238	630	0.117460	1.56e-08	acc|REFSEQ|YP_009001225.1|REFSEQ|NC_023423|ABC transporter [Pithovirus sibericum]	Pithovirus sibericum	Blastx
SRR22534740	NODE_29768_length_621_cov_5.581633	29.5	621	466	0.276824	1.63e-08	acc|GENBANK|ARF10066.1|GENBANK|KY684095|hypothetical protein [Indivirus ILV1]	Indivirus ILV1	Blastx
SRR22534740	NODE_35338_length_475_cov_7.153846	37.8	475	250	0.328000	1.63e-08	acc|GENBANK|QKF94408.1|GENBANK|MT418680|3-deoxy-D-manno-octulosonate [Fadolivirus FV1/VV64]	Fadolivirus FV1/VV64	Blastx
SRR22534740	NODE_29674_length_296_cov_1.650190	44.3	296	494	0.178138	1.67e-08	acc|GENBANK|CAA72988.1|GENBANK|Y12321|SLG-Sc [Brassica oleracea var. viridis]	Brassica oleracea var. viridis	Blastx
SRR22534740	NODE_16560_length_358_cov_1.713846	54.1	358	357	0.170868	1.68e-08	acc|GENBANK|ABB29305.1|GENBANK|DQ219419|NADPH-dependent reductase [Zea mays]	Zea mays	Blastx
SRR22534740	NODE_39000_length_1079_cov_9.604207	29.4	1079	249	0.875502	1.70e-08	acc|GENBANK|ACD54816.1|GENBANK|EU643495|carbonyl reductase-like protein [Adineta vaga]	Adineta vaga	Blastx
SRR22534740	NODE_11900_length_411_cov_4.232804	30.6	411	466	0.287554	1.73e-08	acc|GENBANK|ACD54811.1|GENBANK|EU643495|endo-xylogalacturonan hydrolase-like protein [Adineta vaga]	Adineta vaga	Blastx
SRR22534740	NODE_37356_length_1343_cov_16.483206	54.0	1343	689	0.072569	1.76e-08	acc|GENBANK|QGR54165.1|GENBANK|MK978772|phosphatidylinositol kinase [Moumouvirus maliensis]	Moumouvirus maliensis	Blastx
SRR22534740	NODE_42330_length_1080_cov_5.177650	43.5	1080	373	0.227882	1.77e-08	acc|GENBANK|AYV77068.1|GENBANK|MK072007|DnaJ domain protein [Barrevirus sp.]	Barrevirus sp.	Blastx
SRR22534740	NODE_39115_length_715_cov_3.406158	47.3	715	571	0.129597	1.78e-08	acc|GENBANK|AYV78594.1|GENBANK|MK072084|hypothetical protein [Edafosvirus sp.]	Edafosvirus sp.	Blastx
SRR22534740	NODE_6437_length_1534_cov_4.206529	45.3	1534	1384	0.062139	1.79e-08	acc|GENBANK|ADB85299.1|GENBANK|GQ252825|putative retrotransposon protein [Phyllostachys edulis]	Phyllostachys edulis	Blastx
SRR22534740	NODE_46727_length_213_cov_1.300000	48.8	213	308	0.139610	1.82e-08	acc|GENBANK|AFV13468.1|GENBANK|JQ314449|ring-H2 zinc finger protein [Coix lacryma-jobi]	Coix lacryma-jobi	Blastx
SRR22534740	NODE_7131_length_308_cov_37.705455	62.8	308	378	0.113757	1.83e-08	acc|GENBANK|ACN72775.1|GENBANK|FJ791046|delta-12 oleate desaturase [Helianthus annuus]	Helianthus annuus	Blastx
SRR22534740	NODE_48858_length_460_cov_1.096019	56.4	460	213	0.258216	1.85e-08	acc|GENBANK|ACI00359.1|GENBANK|FJ173823|ZCCT2-B2a [Triticum turgidum]	Triticum turgidum	Blastx
SRR22534740	NODE_2540_length_849_cov_8.881127	34.5	849	190	0.578947	1.87e-08	acc|REFSEQ|YP_008438647.1|REFSEQ|NC_022098|Nucleoside deaminase [Pandoravirus salinus]	Pandoravirus salinus	Blastx
SRR22534740	NODE_44831_length_872_cov_5.110846	34.4	872	291	0.329897	1.93e-08	acc|GENBANK|QYA18574.1|GENBANK|MZ420154|ribonuclease Z [Clandestinovirus]	Clandestinovirus	Blastx
SRR22534740	NODE_47946_length_257_cov_1.044643	38.4	257	561	0.153298	1.95e-08	acc|REFSEQ|YP_010781964.1|REFSEQ|NC_075039|hypothetical protein [Tupanvirus soda lake]	Tupanvirus soda lake	Blastx
SRR22534740	NODE_6002_length_1526_cov_59.263898	45.9	1526	77	0.961039	1.97e-08	acc|GENBANK|CAK7597097.1|GENBANK|OZ003748|Ubiquitin-like superfamily domain-containing [Catovirus sp. 'naegleriensis']	Catovirus sp. 'naegleriensis'	Blastx
SRR22534740	NODE_1472_length_736_cov_10.411095	50.8	736	77	0.792208	1.97e-08	acc|GENBANK|WRJ69532.1|GENBANK|OR001839|SANT superfamily protein [Oceanusvirus sp.]	Oceanusvirus sp.	Blastx
SRR22534740	NODE_47924_length_256_cov_1.049327	37.1	256	1080	0.064815	2.01e-08	acc|GENBANK|AAP74647.1|GENBANK|AH012974|Lr21 [Aegilops tauschii]	Aegilops tauschii	Blastx
SRR22534740	NODE_40700_length_745_cov_4.029494	39.8	745	147	0.564626	2.02e-08	acc|REFSEQ|YP_009120101.1|REFSEQ|NC_026440|cytochrome P450 [Pandoravirus inopinatum]	Pandoravirus inopinatum	Blastx
SRR22534740	NODE_32045_length_407_cov_3.657754	40.5	407	276	0.268116	2.02e-08	acc|GENBANK|ABV29330.1|GENBANK|EU126948|truncated bromodomain-containing protein 2b [Danio rerio]	Danio rerio	Blastx
SRR22534740	NODE_44452_length_593_cov_2.064286	43.5	593	174	0.488506	2.03e-08	acc|GENBANK|AWA44800.1|GENBANK|MH182523|hypothetical protein [Saccharum officinarum]	Saccharum officinarum	Blastx
SRR22534740	NODE_43399_length_258_cov_11.097778	35.2	258	547	0.160878	2.03e-08	acc|GENBANK|AYV86548.1|GENBANK|MK072509|hypothetical protein [Sylvanvirus sp.]	Sylvanvirus sp.	Blastx
SRR22534740	NODE_788_length_954_cov_11.156352	31.0	954	473	0.355180	2.09e-08	acc|GENBANK|QKF94185.1|GENBANK|MT418680|deoxyribodipyrimidine photolyase [Fadolivirus FV1/VV64]	Fadolivirus FV1/VV64	Blastx
SRR22534740	NODE_39476_length_689_cov_11.477134	30.6	689	182	0.989011	2.12e-08	acc|REFSEQ|YP_010782638.1|REFSEQ|NC_075039|nicotinamidase [Tupanvirus soda lake]	Tupanvirus soda lake	Blastx
SRR22534740	NODE_34734_length_990_cov_12.054336	47.7	990	77	0.844156	2.13e-08	acc|GENBANK|WRJ69532.1|GENBANK|OR001839|SANT superfamily protein [Oceanusvirus sp.]	Oceanusvirus sp.	Blastx
SRR22534740	NODE_41903_length_618_cov_3.266667	35.4	618	3648	0.026316	2.14e-08	acc|GENBANK|BFJ38647.1|GENBANK|LC810159|polyprotein [Togaviridae sp. PSNE-Toga]	Togaviridae sp. PSNE-Toga	Blastx
SRR22534740	NODE_10005_length_373_cov_4.291176	50.9	373	604	0.091060	2.23e-08	acc|GENBANK|QDY51998.1|GENBANK|MK250086|hypothetical protein [Mimiviridae sp. ChoanoV1]	Mimiviridae sp. ChoanoV1	Blastx
SRR22534740	NODE_10396_length_296_cov_2.653992	42.1	296	439	0.173121	2.26e-08	acc|GENBANK|AYV76294.1|GENBANK|MK071983|hypothetical protein [Terrestrivirus sp.]	Terrestrivirus sp.	Blastx
SRR22534740	NODE_26195_length_318_cov_2.600000	33.3	318	624	0.168269	2.27e-08	acc|GENBANK|BBI30505.1|GENBANK|AP018495|replication factor C large subunit [Acanthamoeba castellanii medusavirus J1]	Acanthamoeba castellanii medusavirus J1	Blastx
SRR22534740	NODE_30425_length_220_cov_2.475936	50.9	220	598	0.095318	2.29e-08	acc|GENBANK|ARF11188.1|GENBANK|KY684108|prolyl oligopeptidase PreP [Klosneuvirus KNV1]	Klosneuvirus KNV1	Blastx
SRR22534740	NODE_29507_length_760_cov_4.889959	61.7	760	564	0.083333	2.30e-08	acc|GENBANK|AWA44801.1|GENBANK|MH182523|ATP-dependent 6-phosphofructokinase [Saccharum officinarum]	Saccharum officinarum	Blastx
SRR22534740	NODE_39510_length_506_cov_2.843552	30.3	506	544	0.266544	2.30e-08	acc|REFSEQ|YP_009483380.1|REFSEQ|NC_037667|Glycosyl hydrolase family 1 protein [Pandoravirus quercus]	Pandoravirus quercus	Blastx
SRR22534740	NODE_48489_length_274_cov_1.456432	58.7	274	366	0.125683	2.30e-08	acc|GENBANK|AAL66761.1|GENBANK|AF464738|teosinte branched1 protein [Zea mays]	Zea mays	Blastx
SRR22534740	NODE_16265_length_687_cov_3.399083	44.3	687	310	0.225806	2.32e-08	acc|GENBANK|AYV86922.1|GENBANK|MK072520|hypothetical protein [Sylvanvirus sp.]	Sylvanvirus sp.	Blastx
SRR22534740	NODE_12793_length_900_cov_3.749712	50.0	900	214	0.233645	2.34e-08	acc|GENBANK|QBK88040.1|GENBANK|MK500373|resolvase [Marseillevirus LCMAC202]	Marseillevirus LCMAC202	Blastx
SRR22534740	NODE_2133_length_523_cov_6.677551	34.9	523	107	0.803738	2.40e-08	acc|GENBANK|ARF08309.1|GENBANK|KY684083|acyl-CoA binding protein [Catovirus CTV1]	Catovirus CTV1	Blastx
SRR22534740	NODE_34690_length_645_cov_8.052288	29.3	645	234	0.700855	2.50e-08	acc|REFSEQ|YP_294107.1|REFSEQ|NC_007346|putative protease [Emiliania huxleyi virus 86]	Emiliania huxleyi virus 86	Blastx
SRR22534740	NODE_44266_length_809_cov_7.224227	35.9	809	424	0.242925	2.52e-08	acc|GENBANK|ULY68560.1|GENBANK|OL828820|tRNA guanosine(34) transglycosylase Tgt [Chlorella virus XW01]	Chlorella virus XW01	Blastx
SRR22534740	NODE_9801_length_325_cov_4.462329	36.2	325	1384	0.049855	2.56e-08	acc|GENBANK|ADB85299.1|GENBANK|GQ252825|putative retrotransposon protein [Phyllostachys edulis]	Phyllostachys edulis	Blastx
SRR22534740	NODE_39480_length_418_cov_11.296104	27.8	418	661	0.201210	2.65e-08	acc|GENBANK|AYV77099.1|GENBANK|MK072009|hypothetical protein [Barrevirus sp.]	Barrevirus sp.	Blastx
SRR22534740	NODE_14518_length_562_cov_3.421550	26.1	562	497	0.277666	2.66e-08	acc|REFSEQ|YP_009465744.1|REFSEQ|NC_037057|hypothetical protein [Dishui lake phycodnavirus 1]	Dishui lake phycodnavirus 1	Blastx
SRR22534740	NODE_44170_length_408_cov_2.426667	28.1	408	4062	0.031512	2.68e-08	acc|GENBANK|QOR60750.1|GENBANK|MK522039|hypothetical protein [Bathycoccus sp. RCC716 virus 3]	Bathycoccus sp. RCC716 virus 3	Blastx
SRR22534740	NODE_39884_length_1065_cov_4.502907	38.6	1065	239	0.347280	2.69e-08	acc|GENBANK|AYV83988.1|GENBANK|MK072397|RING/U-box superfamily protein [Hyperionvirus sp.]	Hyperionvirus sp.	Blastx
SRR22534740	NODE_34866_length_1497_cov_10.040301	47.2	1497	78	0.923077	2.71e-08	acc|GENBANK|BDT62876.1|GENBANK|LC738879|ubiquitin [Trachysalambria curvirostris majanivirus]	Trachysalambria curvirostris majanivirus	Blastx
SRR22534740	NODE_20233_length_212_cov_5.089385	43.5	212	422	0.163507	2.73e-08	acc|GENBANK|AFX92421.1|GENBANK|JX975216|putative zinc-type alcohol dehydrogenase-like [Megavirus courdo11]	Megavirus courdo11	Blastx
SRR22534740	NODE_37078_length_255_cov_19.626126	40.7	255	1033	0.078412	2.75e-08	acc|REFSEQ|YP_010782239.1|REFSEQ|NC_075039|putative ATP-citrate synthase [Tupanvirus soda lake]	Tupanvirus soda lake	Blastx
SRR22534740	NODE_6081_length_2279_cov_9.785396	33.3	2279	109	0.935780	2.76e-08	acc|GENBANK|AVL94974.1|GENBANK|MG807320|thioredoxin [Moumouvirus australiensis]	Moumouvirus australiensis	Blastx
SRR22534740	NODE_47973_length_258_cov_1.040000	39.7	258	588	0.107143	2.78e-08	acc|GENBANK|QOI90522.1|GENBANK|MT663539|hypothetical protein [Pyramimonas orientalis virus]	Pyramimonas orientalis virus	Blastx
SRR22534740	NODE_8535_length_215_cov_2.395604	46.7	215	388	0.115979	2.80e-08	acc|GENBANK|CCQ71327.1|GENBANK|HF586476|hypothetical protein kinase Pka-C1 [Cotesia congregata]	Cotesia congregata	Blastx
SRR22534740	NODE_16598_length_262_cov_1.480349	41.0	262	201	0.388060	2.99e-08	acc|GENBANK|ABA08420.1|GENBANK|DQ186881|reverse transcriptase [Zea mays]	Zea mays	Blastx
SRR22534740	NODE_136_length_672_cov_2.251956	36.4	672	1506	0.058433	3.00e-08	acc|REFSEQ|YP_009001498.1|REFSEQ|NC_023426|ABC transporter [Alphaentomopoxvirus acuprea]	Alphaentomopoxvirus acuprea	Blastx
SRR22534740	NODE_16763_length_333_cov_4.060000	32.0	333	254	0.492126	3.03e-08	acc|REFSEQ|YP_009001499.1|REFSEQ|NC_023426|phosphatidic acid phosphatase type 2 [Alphaentomopoxvirus acuprea]	Alphaentomopoxvirus acuprea	Blastx
SRR22534740	NODE_7937_length_482_cov_14.467706	27.4	482	245	0.477551	3.12e-08	acc|GENBANK|UNJ46593.1|GENBANK|OM135585|CG1662 [Drosophila melanogaster]	Drosophila melanogaster	Blastx
SRR22534740	NODE_41926_length_977_cov_5.934322	40.0	977	149	0.671141	3.20e-08	acc|GENBANK|ARF10611.1|GENBANK|KY684104|ubiquitin family protein [Hokovirus HKV1]	Hokovirus HKV1	Blastx
SRR22534740	NODE_43486_length_531_cov_2.329317	63.8	531	242	0.194215	3.29e-08	acc|GENBANK|AGU70135.1|GENBANK|KF270089|integrase-type DNA-binding superfamily protein [Tarenaya hassleriana]	Tarenaya hassleriana	Blastx
SRR22534740	NODE_9038_length_360_cov_2.425076	31.5	360	375	0.288000	3.32e-08	acc|GENBANK|QBK87879.1|GENBANK|MK500370|aminotransferase class-V [Marseillevirus LCMAC202]	Marseillevirus LCMAC202	Blastx
SRR22534740	NODE_33631_length_732_cov_8.354793	33.0	732	479	0.221294	3.34e-08	acc|GENBANK|CCQ71313.1|GENBANK|HF586476|hypothetical methyltransferase MTase [Cotesia congregata]	Cotesia congregata	Blastx
SRR22534740	NODE_28870_length_275_cov_2.148760	32.2	275	630	0.142857	3.37e-08	acc|GENBANK|WIL05472.1|GENBANK|OQ413582|ABC2 type transporter superfamily protein [Pithovirus mammoth]	Pithovirus mammoth	Blastx
SRR22534740	NODE_36029_length_461_cov_12.014019	29.2	461	383	0.375979	3.48e-08	acc|GENBANK|AJA91762.1|GENBANK|KM434202|dihydroflavonol 4-reductase [Allium cepa]	Allium cepa	Blastx
SRR22534740	NODE_8891_length_479_cov_3.085202	39.1	479	318	0.289308	3.49e-08	acc|GENBANK|SPN78792.1|GENBANK|LT994652|D-3-phosphoglycerate dehydrogenase type 2 [Cedratvirus Zaza IHUMI]	Cedratvirus Zaza IHUMI	Blastx
SRR22534740	NODE_8417_length_1437_cov_9.083333	22.0	1437	473	0.672304	3.57e-08	acc|GENBANK|ARF11468.1|GENBANK|KY684108|deoxyribodipyrimidine photolyase [Klosneuvirus KNV1]	Klosneuvirus KNV1	Blastx
SRR22534740	NODE_16922_length_358_cov_3.227692	37.5	358	727	0.132050	3.59e-08	acc|GENBANK|ADB85269.1|GENBANK|GQ252805|putative lectin-like protein kinase [Phyllostachys edulis]	Phyllostachys edulis	Blastx
SRR22534740	NODE_34921_length_417_cov_8.395833	40.7	417	151	0.357616	3.61e-08	acc|GENBANK|QBK85057.1|GENBANK|MK500302|ubiquitin-protein ligase [Pithovirus LCDPAC02]	Pithovirus LCDPAC02	Blastx
SRR22534740	NODE_6533_length_629_cov_12.112416	48.2	629	364	0.153846	3.63e-08	acc|REFSEQ|YP_002268053.1|REFSEQ|NC_011345|agip23 [Agrotis ipsilon multiple nucleopolyhedrovirus]	Agrotis ipsilon multiple nucleopolyhedrovirus	Blastx
SRR22534740	NODE_25445_length_462_cov_1.797203	28.3	462	287	0.529617	3.64e-08	acc|GENBANK|AGE49584.1|GENBANK|JX997156|serine/threonine-protein kinase [Acanthocystis turfacea Chlorella virus Can0610SP]	Acanthocystis turfacea Chlorella virus Can0610SP	Blastx
SRR22534740	NODE_48663_length_279_cov_0.951220	37.6	279	669	0.139013	3.65e-08	acc|GENBANK|QFG74036.1|GENBANK|MN448276|D12 class N6 adenine-specific DNA [Megaviridae environmental sample]	Megaviridae environmental sample	Blastx
SRR22534740	NODE_10237_length_599_cov_4.123675	31.4	599	346	0.303468	3.83e-08	acc|GENBANK|AGE49131.1|GENBANK|JX997155|D-lactate dehydrogenase [Acanthocystis turfacea Chlorella virus Br0604L]	Acanthocystis turfacea Chlorella virus Br0604L	Blastx
SRR22534740	NODE_4306_length_423_cov_1.510256	56.0	423	925	0.054054	3.98e-08	acc|GENBANK|ABY48139.1|GENBANK|EU306659|NORK [Medicago truncatula]	Medicago truncatula	Blastx
SRR22534740	NODE_20448_length_302_cov_1.144981	50.0	302	97	0.556701	3.99e-08	acc|GENBANK|AUF82187.1|GENBANK|KY322437|SANT superfamily protein [Tetraselmis virus 1]	Tetraselmis virus 1	Blastx
SRR22534740	NODE_6032_length_1460_cov_29.604765	40.6	1460	276	0.365942	4.00e-08	acc|GENBANK|ABV29330.1|GENBANK|EU126948|truncated bromodomain-containing protein 2b [Danio rerio]	Danio rerio	Blastx
SRR22534740	NODE_10431_length_265_cov_2.176724	60.0	265	471	0.095541	4.03e-08	acc|GENBANK|AFV13457.1|GENBANK|JQ314445|UDPG-flavonoid 3-O-glucosyl transferase [Tripsacum dactyloides]	Tripsacum dactyloides	Blastx
SRR22534740	NODE_28400_length_497_cov_1.928879	42.0	497	680	0.147059	4.11e-08	acc|GENBANK|QFG73938.1|GENBANK|MN448274|AAA domain protein [Megaviridae environmental sample]	Megaviridae environmental sample	Blastx
SRR22534740	NODE_12385_length_240_cov_1.661836	43.2	240	621	0.119163	4.14e-08	acc|GENBANK|BBP47129.1|GENBANK|LC511041|putative gag-pol polyprotein [Torenia fournieri]	Torenia fournieri	Blastx
SRR22534740	NODE_2147_length_271_cov_5.478992	40.6	271	384	0.166667	4.21e-08	acc|REFSEQ|YP_003970003.1|REFSEQ|NC_014637|putative superfamily II helicase/eIF-4AIII [Cafeteria roenbergensis virus BV-PW1]	Cafeteria roenbergensis virus BV-PW1	Blastx
SRR22534740	NODE_35795_length_706_cov_6.157504	41.8	706	364	0.184066	4.31e-08	acc|GENBANK|ADB85405.1|GENBANK|GQ252886|putative protein kinase [Phyllostachys edulis]	Phyllostachys edulis	Blastx
SRR22534740	NODE_30201_length_1214_cov_7.714649	25.5	1214	484	0.568182	4.36e-08	acc|GENBANK|AYV77733.1|GENBANK|MK072066|CYP86A7 [Edafosvirus sp.]	Edafosvirus sp.	Blastx
SRR22534740	NODE_47127_length_229_cov_1.489796	52.7	229	331	0.166163	4.41e-08	acc|GENBANK|AYV78159.1|GENBANK|MK072071|UDP-glucose 4-epimerase GalE [Edafosvirus sp.]	Edafosvirus sp.	Blastx
SRR22534740	NODE_44277_length_1064_cov_83.038797	76.5	1064	36	0.944444	4.44e-08	acc|GENBANK|AUN43545.1|GENBANK|MG645696|RPSA [Myzomela eques]	Myzomela eques	Blastx
SRR22534740	NODE_7615_length_251_cov_4.155963	67.6	251	97	0.350515	4.46e-08	acc|GENBANK|XKB86257.1|NEIGHBOR|PQ472735|Ribonucleoside-diphosphate reductase small [Lumpy skin disease virus]	Lumpy skin disease virus	Blastx
SRR22534740	NODE_32947_length_646_cov_2.946166	55.8	646	308	0.139610	4.50e-08	acc|GENBANK|AFV13468.1|GENBANK|JQ314449|ring-H2 zinc finger protein [Coix lacryma-jobi]	Coix lacryma-jobi	Blastx
SRR22534740	NODE_39585_length_920_cov_5.414882	31.7	920	532	0.343985	4.73e-08	acc|REFSEQ|YP_001426659.1|REFSEQ|NC_008724|hypothetical protein [Acanthocystis turfacea chlorella virus 1]	Acanthocystis turfacea chlorella virus 1	Blastx
SRR22534740	NODE_26497_length_712_cov_5.394698	48.4	712	308	0.207792	4.83e-08	acc|GENBANK|AFV13468.1|GENBANK|JQ314449|ring-H2 zinc finger protein [Coix lacryma-jobi]	Coix lacryma-jobi	Blastx
SRR22534740	NODE_19413_length_412_cov_1.984169	46.0	412	1042	0.083493	4.85e-08	acc|GENBANK|QKF93779.1|GENBANK|MT418680|DNA mismatch repair protein mutS/MSH [Fadolivirus FV1/VV64]	Fadolivirus FV1/VV64	Blastx
SRR22534740	NODE_29314_length_571_cov_2.414498	29.1	571	3125	0.060480	4.88e-08	acc|GENBANK|ADQ91338.1|GENBANK|HM004430|hypothetical protein [Bathycoccus sp. RCC1105 virus BpV2]	Bathycoccus sp. RCC1105 virus BpV2	Blastx
SRR22534740	NODE_14530_length_1056_cov_3.402737	38.6	1056	691	0.164978	4.90e-08	acc|GENBANK|UPW42252.1|GENBANK|ON001649|putative RNA dependent RNA polymerase [Xisha Islands farmland mitovirus 5]	Xisha Islands farmland mitovirus 5	Blastx
SRR22534740	NODE_5232_length_1045_cov_4.977273	36.7	1045	120	0.500000	4.93e-08	acc|GENBANK|QBK86025.1|GENBANK|MK500328|ring finger domain protein [Marseillevirus LCMAC101]	Marseillevirus LCMAC101	Blastx
SRR22534740	NODE_43163_length_702_cov_14.194320	33.8	702	322	0.422360	4.94e-08	acc|GENBANK|QFG74515.1|GENBANK|MN448289|signal peptide peptidase [Megaviridae environmental sample]	Megaviridae environmental sample	Blastx
SRR22534740	NODE_26264_length_281_cov_2.568548	43.0	281	727	0.118294	5.01e-08	acc|GENBANK|ABY48138.1|GENBANK|EU306659|ABC transporter [Medicago truncatula]	Medicago truncatula	Blastx
SRR22534740	NODE_38435_length_280_cov_48.773279	53.1	280	135	0.362963	5.03e-08	acc|GENBANK|AYV86947.1|GENBANK|MK072521|e3 ubiquitin-protein ligase rbx1 [Sylvanvirus sp.]	Sylvanvirus sp.	Blastx
SRR22534740	NODE_21179_length_330_cov_1.794613	50.9	330	1101	0.049955	5.07e-08	acc|GENBANK|ARF09969.1|GENBANK|KY684090|deoxycytidylate deaminase [Indivirus ILV1]	Indivirus ILV1	Blastx
SRR22534740	NODE_41079_length_567_cov_4.526217	32.0	567	489	0.204499	5.09e-08	acc|GENBANK|AAK84471.1|GENBANK|AF275345|putative permease [Solanum lycopersicum]	Solanum lycopersicum	Blastx
SRR22534740	NODE_31114_length_338_cov_1.777049	41.8	338	538	0.146840	5.13e-08	acc|GENBANK|ARF11085.1|GENBANK|KY684106|serine/threonine protein kinase [Hokovirus HKV1]	Hokovirus HKV1	Blastx
SRR22534740	NODE_3729_length_279_cov_1.105691	72.2	279	1239	0.029056	5.13e-08	acc|GENBANK|ABH07409.1|GENBANK|DQ482460|putative pol polyprotein [Brassica oleracea var. botrytis]	Brassica oleracea var. botrytis	Blastx
SRR22534740	NODE_35689_length_429_cov_11.964646	38.7	429	479	0.156576	5.24e-08	acc|GENBANK|QIG59696.1|GENBANK|MN940578|helicase [Dishui Lake phycodnavirus 3]	Dishui Lake phycodnavirus 3	Blastx
SRR22534740	NODE_19707_length_1515_cov_4.946694	23.0	1515	387	0.708010	5.27e-08	acc|GENBANK|AYV84290.1|GENBANK|MK072403|hypothetical protein [Hyperionvirus sp.]	Hyperionvirus sp.	Blastx
SRR22534740	NODE_13365_length_767_cov_2.546322	29.9	767	336	0.458333	5.36e-08	acc|GENBANK|ACG25132.1|GENBANK|EU953014|retrotransposon protein [Zea mays]	Zea mays	Blastx
SRR22534740	NODE_39622_length_466_cov_6.069284	40.5	466	501	0.167665	5.45e-08	acc|REFSEQ|NP_203208.1|REFSEQ|NC_003083|GTA [Epiphyas postvittana nucleopolyhedrovirus]	Epiphyas postvittana nucleopolyhedrovirus	Blastx
SRR22534740	NODE_29171_length_419_cov_1.870466	27.8	419	333	0.474474	5.45e-08	acc|GENBANK|QDY52116.1|GENBANK|MK250087|D-isomer specific 2-hydroxyacid dehydrogenase, [Mimiviridae sp. ChoanoV1]	Mimiviridae sp. ChoanoV1	Blastx
SRR22534740	NODE_32247_length_263_cov_4.265217	41.0	263	727	0.107290	5.46e-08	acc|GENBANK|ADB85269.1|GENBANK|GQ252805|putative lectin-like protein kinase [Phyllostachys edulis]	Phyllostachys edulis	Blastx
SRR22534740	NODE_28984_length_299_cov_2.244361	66.7	299	256	0.152344	5.47e-08	acc|GENBANK|AAB67721.1|GENBANK|AF015269|PL transcription factor [Zea mays]	Zea mays	Blastx
SRR22534740	NODE_28787_length_239_cov_1.378641	46.2	239	759	0.068511	5.49e-08	acc|GENBANK|ACN78962.1|GENBANK|FJ225394|methyltransferase [Glycine max]	Glycine max	Blastx
SRR22534740	NODE_42394_length_243_cov_1.566667	41.8	243	465	0.144086	5.77e-08	acc|REFSEQ|YP_004894700.1|REFSEQ|NC_016072|cytochrome 450-like protein [Megavirus chiliensis]	Megavirus chiliensis	Blastx
SRR22534740	NODE_47434_length_240_cov_1.130435	53.7	240	1348	0.040059	5.81e-08	acc|GENBANK|ADB85398.1|GENBANK|GQ252884|putative retrotransposon protein [Phyllostachys edulis]	Phyllostachys edulis	Blastx
SRR22534740	NODE_43156_length_542_cov_37.481336	30.0	542	111	0.990991	5.85e-08	acc|REFSEQ|YP_009448553.1|REFSEQ|NC_036594|Thioredoxin [Orpheovirus IHUMI-LCC2]	Orpheovirus IHUMI-LCC2	Blastx
SRR22534740	NODE_1195_length_1845_cov_47.103753	27.3	1845	279	0.774194	5.86e-08	acc|REFSEQ|YP_010086806.1|REFSEQ|NC_055482|putative protein P31 [Pistachio ampelovirus A]	Pistachio ampelovirus A	Blastx
SRR22534740	NODE_9723_length_318_cov_1.638596	33.9	318	724	0.150552	5.86e-08	acc|GENBANK|ADK47523.1|GENBANK|HM124452|NBS3-RDG2A [Hordeum vulgare subsp. vulgare]	Hordeum vulgare subsp. vulgare	Blastx
SRR22534740	NODE_3842_length_272_cov_8.209205	41.8	272	585	0.114530	6.03e-08	acc|GENBANK|SPN79811.1|GENBANK|LT994651|ABC2 type transporter superfamily protein [Brazilian cedratvirus IHUMI]	Brazilian cedratvirus IHUMI	Blastx
SRR22534740	NODE_14967_length_585_cov_2.527174	39.5	585	566	0.143110	6.09e-08	acc|GENBANK|QBK89567.1|GENBANK|MK500428|phosphatidylinositol-specific phospholipase C [Pithovirus LCPAC001]	Pithovirus LCPAC001	Blastx
SRR22534740	NODE_11756_length_257_cov_2.066964	40.0	257	327	0.275229	6.13e-08	acc|GENBANK|QFG73901.1|GENBANK|MN448274|papain family cysteine protease [Megaviridae environmental sample]	Megaviridae environmental sample	Blastx
SRR22534740	NODE_32766_length_255_cov_3.157658	49.1	255	337	0.157270	6.24e-08	acc|GENBANK|ABH08433.1|GENBANK|DQ851167|putative heat shock factor [Beta vulgaris]	Beta vulgaris	Blastx
SRR22534740	NODE_37619_length_1093_cov_14.639623	42.5	1093	230	0.317391	6.26e-08	acc|GENBANK|ARF08295.1|GENBANK|KY684083|RING finger domain protein [Catovirus CTV1]	Catovirus CTV1	Blastx
SRR22534740	NODE_6284_length_570_cov_4.422719	50.0	570	1471	0.061183	6.32e-08	acc|GENBANK|AGW47867.1|GENBANK|KF303287|polyprotein [Phaseolus vulgaris]	Phaseolus vulgaris	Blastx
SRR22534740	NODE_5958_length_1142_cov_15.034265	27.9	1142	249	0.863454	6.37e-08	acc|GENBANK|ACD54816.1|GENBANK|EU643495|carbonyl reductase-like protein [Adineta vaga]	Adineta vaga	Blastx
SRR22534740	NODE_42419_length_1111_cov_8.272727	35.4	1111	230	0.356522	6.47e-08	acc|GENBANK|ARF08295.1|GENBANK|KY684083|RING finger domain protein [Catovirus CTV1]	Catovirus CTV1	Blastx
SRR22534740	NODE_1180_length_997_cov_29.559129	27.1	997	398	0.675879	6.58e-08	acc|REFSEQ|YP_007354282.1|REFSEQ|NC_020104|zinc containing alcohol dehydrogenase [Acanthamoeba polyphaga moumouvirus]	Acanthamoeba polyphaga moumouvirus	Blastx
SRR22534740	NODE_37175_length_776_cov_15.021534	27.4	776	234	0.700855	6.62e-08	acc|REFSEQ|YP_294107.1|REFSEQ|NC_007346|putative protease [Emiliania huxleyi virus 86]	Emiliania huxleyi virus 86	Blastx
SRR22534740	NODE_9362_length_288_cov_1.411765	52.0	288	326	0.153374	6.62e-08	acc|GENBANK|AAO26690.1|GENBANK|AF478377|gag-pol polyprotein [Vitis vinifera]	Vitis vinifera	Blastx
SRR22534740	NODE_19534_length_230_cov_1.030457	42.0	230	2037	0.033873	6.81e-08	acc|GENBANK|ABG37663.1|GENBANK|DQ536170|CCHC-type integrase [Populus trichocarpa]	Populus trichocarpa	Blastx
SRR22534740	NODE_909_length_708_cov_35.125926	37.4	708	478	0.207113	7.13e-08	acc|GENBANK|QBK86272.1|GENBANK|MK500334|cyclin-dependent protein kinase [Marseillevirus LCMAC102]	Marseillevirus LCMAC102	Blastx
SRR22534740	NODE_33835_length_993_cov_6.537500	29.7	993	234	0.705128	7.26e-08	acc|GENBANK|CAZ69677.1|GENBANK|FN429076|putative protease [Emiliania huxleyi virus 99B1]	Emiliania huxleyi virus 99B1	Blastx
SRR22534740	NODE_2672_length_275_cov_127.735537	38.6	275	91	0.769231	7.28e-08	acc|GENBANK|AYV76651.1|GENBANK|MK071988|putative acyl-CoA-binding protein [Terrestrivirus sp.]	Terrestrivirus sp.	Blastx
SRR22534740	NODE_22866_length_796_cov_5.013106	37.5	796	210	0.457143	7.30e-08	acc|GENBANK|QBK85405.1|GENBANK|MK500325|SWIB/MDM2 domain protein [Iridovirus LCIVAC01]	Iridovirus LCIVAC01	Blastx
SRR22534740	NODE_12593_length_234_cov_1.706468	46.6	234	1516	0.038259	7.35e-08	acc|GENBANK|USH99796.1|GENBANK|ON752166|putative Ty3-gypsy subclass retrotransposon [Oryza sativa Japonica Group]	Oryza sativa Japonica Group	Blastx
SRR22534740	NODE_46642_length_210_cov_1.322034	43.9	210	220	0.186364	7.35e-08	acc|GENBANK|ACN78960.1|GENBANK|FJ225394|zinc finger protein [Glycine max]	Glycine max	Blastx
SRR22534740	NODE_6972_length_1084_cov_8.349191	38.5	1084	182	0.500000	7.40e-08	acc|GENBANK|XDG19105.1|GENBANK|PQ069217|SET [Sand tiger adomavirus 1]	Sand tiger adomavirus 1	Blastx
SRR22534740	NODE_13320_length_371_cov_2.970414	50.0	371	694	0.080692	7.59e-08	acc|GENBANK|ABG37656.1|GENBANK|DQ536163|integrase [Populus trichocarpa]	Populus trichocarpa	Blastx
SRR22534740	NODE_44585_length_1277_cov_6.044212	23.9	1277	587	0.499148	7.65e-08	acc|GENBANK|WIL03492.1|GENBANK|OQ413576|ABC2 type transporter [Cedratvirus plubellavi]	Cedratvirus plubellavi	Blastx
SRR22534740	NODE_19156_length_261_cov_1.407895	46.4	261	1583	0.053064	7.67e-08	acc|GENBANK|WBF70271.1|GENBANK|OP925046|putative serine/threonine protein kinase [Megavirus caiporensis]	Megavirus caiporensis	Blastx
SRR22534740	NODE_27096_length_290_cov_1.961089	36.0	290	925	0.081081	7.74e-08	acc|GENBANK|ABY48139.1|GENBANK|EU306659|NORK [Medicago truncatula]	Medicago truncatula	Blastx
SRR22534740	NODE_26848_length_662_cov_3.497615	27.0	662	284	0.690141	7.95e-08	acc|GENBANK|AYV83828.1|GENBANK|MK072394|putative ubiquitin carboxyl-terminal hydrolase 2 [Hyperionvirus sp.]	Hyperionvirus sp.	Blastx
SRR22534740	NODE_25645_length_290_cov_2.509728	55.1	290	2037	0.024055	7.95e-08	acc|GENBANK|ABG37663.1|GENBANK|DQ536170|CCHC-type integrase [Populus trichocarpa]	Populus trichocarpa	Blastx
SRR22534740	NODE_12061_length_849_cov_3.232843	24.0	849	291	0.529210	8.10e-08	acc|GENBANK|ARF10918.1|GENBANK|KY684105|inositol 1, 3, 4-trisphosphate 5/6-kinase [Hokovirus HKV1]	Hokovirus HKV1	Blastx
SRR22534740	NODE_47632_length_247_cov_1.093458	37.1	247	480	0.145833	8.22e-08	acc|GENBANK|QPI16798.1|GENBANK|MW030606|BT1 family protein [Virus NIOZ-UU159]	Virus NIOZ-UU159	Blastx
SRR22534740	NODE_28042_length_326_cov_1.860068	39.1	326	135	0.474074	8.24e-08	acc|GENBANK|AYV86947.1|GENBANK|MK072521|e3 ubiquitin-protein ligase rbx1 [Sylvanvirus sp.]	Sylvanvirus sp.	Blastx
SRR22534740	NODE_33742_length_563_cov_11.283019	33.9	563	299	0.404682	8.50e-08	acc|GENBANK|AGE58604.1|GENBANK|JX997183|N-carbamoylputrescine amidase [Paramecium bursaria Chlorella virus NYs1]	Paramecium bursaria Chlorella virus NYs1	Blastx
SRR22534740	NODE_8829_length_247_cov_2.677570	44.7	247	274	0.171533	8.75e-08	acc|GENBANK|QYA18589.1|GENBANK|MZ420154|putative RING-H2 finger protein [Clandestinovirus]	Clandestinovirus	Blastx
SRR22534740	NODE_37597_length_474_cov_9.594104	31.6	474	850	0.178824	8.80e-08	acc|GENBANK|WZO85486.1|GENBANK|PP681889|calcium-transporting ATPase, plasma [Chlorovirus sp.]	Chlorovirus sp.	Blastx
SRR22534740	NODE_37862_length_616_cov_13.727273	44.1	616	393	0.173028	8.85e-08	acc|GENBANK|CAA60725.1|GENBANK|X87297|J1585 [Saccharomyces cerevisiae]	Saccharomyces cerevisiae	Blastx
SRR22534740	NODE_41016_length_604_cov_2.140105	45.2	604	318	0.194969	9.09e-08	acc|REFSEQ|YP_009482975.1|REFSEQ|NC_037667|Ring finger protein [Pandoravirus quercus]	Pandoravirus quercus	Blastx
SRR22534740	NODE_11946_length_1161_cov_2.785461	27.7	1161	251	0.920319	9.12e-08	acc|GENBANK|QFG73809.1|GENBANK|MN448271|protein phosphatase 2C [Megaviridae environmental sample]	Megaviridae environmental sample	Blastx
SRR22534740	NODE_43511_length_418_cov_6.490909	40.5	418	301	0.279070	9.20e-08	acc|GENBANK|ARF12194.1|GENBANK|KY684111|aldo/keto reductase family protein [Klosneuvirus KNV1]	Klosneuvirus KNV1	Blastx
SRR22534740	NODE_24060_length_232_cov_1.668342	69.4	232	533	0.067542	9.32e-08	acc|GENBANK|WAX26015.1|GENBANK|OP721220|putative major capsid protein L1 [Human papillomavirus]	Human papillomavirus	Blastx
SRR22534740	NODE_5210_length_838_cov_6.038509	31.2	838	243	0.646091	9.37e-08	acc|GENBANK|QSE37552.1|GENBANK|MW365400|putative 27-kD protein [Citrus associated ampelovirus 1]	Citrus associated ampelovirus 1	Blastx
SRR22534740	NODE_9685_length_362_cov_5.328267	54.5	362	701	0.062767	9.39e-08	acc|REFSEQ|YP_010781363.1|REFSEQ|NC_075039|phosphoinositide 3-kinase [Tupanvirus soda lake]	Tupanvirus soda lake	Blastx
SRR22534740	NODE_15835_length_341_cov_1.175325	50.0	341	269	0.200743	9.40e-08	acc|GENBANK|QBK88045.1|GENBANK|MK500373|glycosyltransferase family 17 [Marseillevirus LCMAC202]	Marseillevirus LCMAC202	Blastx
SRR22534740	NODE_38000_length_786_cov_15.073041	31.4	786	310	0.338710	9.55e-08	acc|GENBANK|QFG73687.1|GENBANK|MN448266|Clp protease [Megaviridae environmental sample]	Megaviridae environmental sample	Blastx
SRR22534740	NODE_39782_length_622_cov_1.775891	33.1	622	309	0.459547	9.82e-08	acc|GENBANK|AYV80835.1|GENBANK|MK072249|SDR family NAD(P)-dependent oxidoreductase [Harvfovirus sp.]	Harvfovirus sp.	Blastx
SRR22534740	NODE_12827_length_247_cov_2.873832	58.3	247	310	0.154839	9.96e-08	acc|GENBANK|QBK88363.1|GENBANK|MK500388|NAD dependent epimerase/dehydratase [Mimivirus LCMiAC01]	Mimivirus LCMiAC01	Blastx
SRR22534740	NODE_16640_length_862_cov_3.774427	27.2	862	274	0.496350	1.01e-07	acc|GENBANK|QPI16261.1|GENBANK|MW030547|hypothetical protein [Virus NIOZ-UU157]	Virus NIOZ-UU157	Blastx
SRR22534740	NODE_41742_length_494_cov_10.082430	33.8	494	261	0.295019	1.03e-07	acc|REFSEQ|YP_009448556.1|REFSEQ|NC_036594|G protein alpha subunit [Orpheovirus IHUMI-LCC2]	Orpheovirus IHUMI-LCC2	Blastx
SRR22534740	NODE_27986_length_255_cov_1.774775	56.8	255	286	0.153846	1.03e-07	acc|GENBANK|ARF09529.1|GENBANK|KY684085|cyclophilin type peptidyl-prolyl cis-trans [Indivirus ILV1]	Indivirus ILV1	Blastx
SRR22534740	NODE_2760_length_854_cov_9.617540	42.9	854	335	0.229851	1.05e-07	acc|GENBANK|ABY48132.1|GENBANK|EU306659|GH1 protein [Medicago truncatula]	Medicago truncatula	Blastx
SRR22534740	NODE_44394_length_1354_cov_25.579107	25.7	1354	851	0.365452	1.07e-07	acc|GENBANK|AGE49443.1|GENBANK|JX997156|calcium-transporting ATPase, plasma [Acanthocystis turfacea Chlorella virus Can0610SP]	Acanthocystis turfacea Chlorella virus Can0610SP	Blastx
SRR22534740	NODE_26945_length_950_cov_6.713195	24.9	950	422	0.618483	1.07e-07	acc|GENBANK|UFX99841.1|GENBANK|MH046811|zinc-type alcohol dehydrogenase-like protein [Megavirus baoshan]	Megavirus baoshan	Blastx
SRR22534740	NODE_18158_length_297_cov_1.435606	36.3	297	364	0.219780	1.07e-07	acc|GENBANK|ADB85405.1|GENBANK|GQ252886|putative protein kinase [Phyllostachys edulis]	Phyllostachys edulis	Blastx
SRR22534740	NODE_1543_length_993_cov_30.148958	28.7	993	1060	0.157547	1.08e-07	acc|GENBANK|QKF94645.1|GENBANK|MT418680|FAD/FMN-containing dehydrogenase with [Fadolivirus FV1/VV64]	Fadolivirus FV1/VV64	Blastx
SRR22534740	NODE_8236_length_364_cov_2.036254	44.4	364	97	0.556701	1.08e-07	acc|GENBANK|AUF82187.1|GENBANK|KY322437|SANT superfamily protein [Tetraselmis virus 1]	Tetraselmis virus 1	Blastx
SRR22534740	NODE_40771_length_1456_cov_4.288826	47.5	1456	1516	0.038918	1.13e-07	acc|GENBANK|USH99796.1|GENBANK|ON752166|putative Ty3-gypsy subclass retrotransposon [Oryza sativa Japonica Group]	Oryza sativa Japonica Group	Blastx
SRR22534740	NODE_8382_length_1192_cov_7.522002	26.0	1192	301	0.857143	1.14e-07	acc|GENBANK|WBR14809.1|GENBANK|ON887157|Methyltransferase type 11 [Pandoravirus kuranda]	Pandoravirus kuranda	Blastx
SRR22534740	NODE_13907_length_408_cov_1.544000	50.0	408	694	0.095101	1.14e-07	acc|GENBANK|ABG37656.1|GENBANK|DQ536163|integrase [Populus trichocarpa]	Populus trichocarpa	Blastx
SRR22534740	NODE_34613_length_385_cov_10.355114	38.8	385	278	0.305755	1.14e-07	acc|GENBANK|AYV76390.1|GENBANK|MK071984|mitochondrial carrier [Terrestrivirus sp.]	Terrestrivirus sp.	Blastx
SRR22534740	NODE_23507_length_309_cov_4.742754	34.4	309	322	0.288820	1.14e-07	acc|GENBANK|AYV84288.1|GENBANK|MK072403|hypothetical protein [Hyperionvirus sp.]	Hyperionvirus sp.	Blastx
SRR22534740	NODE_16933_length_693_cov_3.663636	25.2	693	459	0.259259	1.17e-07	acc|GENBANK|AGE53154.1|GENBANK|JX997167|ATP-dependent helicase [Paramecium bursaria Chlorella virus Fr5L]	Paramecium bursaria Chlorella virus Fr5L	Blastx
SRR22534740	NODE_15074_length_458_cov_4.924706	27.9	458	279	0.551971	1.17e-07	acc|REFSEQ|YP_009408416.1|REFSEQ|NC_035469|esterase/lipase [NY_014 poxvirus]	NY_014 poxvirus	Blastx
SRR22534740	NODE_39489_length_517_cov_2.989669	30.5	517	308	0.415584	1.18e-07	acc|REFSEQ|YP_010782092.1|REFSEQ|NC_075039|uridine kinase [Tupanvirus soda lake]	Tupanvirus soda lake	Blastx
SRR22534740	NODE_35216_length_1413_cov_10.515942	26.6	1413	919	0.237214	1.22e-07	acc|GENBANK|AYV75146.1|GENBANK|MK071979|plasma membrane ATPase [Terrestrivirus sp.]	Terrestrivirus sp.	Blastx
SRR22534740	NODE_22537_length_204_cov_1.736842	48.3	204	811	0.071517	1.23e-07	acc|GENBANK|WBR14353.1|GENBANK|ON887157|ATP-dependent helicase rhp16 [Pandoravirus kuranda]	Pandoravirus kuranda	Blastx
SRR22534740	NODE_43788_length_845_cov_7.761084	35.3	845	125	0.680000	1.25e-07	acc|GENBANK|AYV76397.1|GENBANK|MK071984|vesicle-associated membrane protein 4 [Terrestrivirus sp.]	Terrestrivirus sp.	Blastx
SRR22534740	NODE_40955_length_1047_cov_5.722880	39.8	1047	956	0.086820	1.26e-07	acc|GENBANK|AYV83619.1|GENBANK|MK072391|ubiquitin-like modifier-activating enzyme 1 [Hyperionvirus sp.]	Hyperionvirus sp.	Blastx
SRR22534740	NODE_26365_length_492_cov_5.342048	31.7	492	483	0.248447	1.27e-07	acc|GENBANK|AYV80388.1|GENBANK|MK072243|cytochrome P450 704B1 [Harvfovirus sp.]	Harvfovirus sp.	Blastx
SRR22534740	NODE_16513_length_334_cov_1.451827	45.5	334	660	0.116667	1.29e-07	acc|REFSEQ|YP_001425742.1|REFSEQ|NC_008603|hypothetical protein [Paramecium bursaria Chlorella virus FR483]	Paramecium bursaria Chlorella virus FR483	Blastx
SRR22534740	NODE_39266_length_1220_cov_14.392586	27.9	1220	702	0.245014	1.33e-07	acc|GENBANK|ARF12034.1|GENBANK|KY684110|copper amine oxidase [Klosneuvirus KNV1]	Klosneuvirus KNV1	Blastx
SRR22534740	NODE_2439_length_1384_cov_8.128053	33.6	1384	287	0.435540	1.33e-07	acc|GENBANK|AYV80395.1|GENBANK|MK072243|putative ubiquitin carboxyl-terminal hydrolase [Harvfovirus sp.]	Harvfovirus sp.	Blastx
SRR22534740	NODE_36677_length_1045_cov_12.051383	24.5	1045	283	0.763251	1.35e-07	acc|GENBANK|QKF93593.1|GENBANK|MT418680|euykaryotic ethanolamine kinase [Fadolivirus FV1/VV64]	Fadolivirus FV1/VV64	Blastx
SRR22534740	NODE_42488_length_1603_cov_9.240127	54.9	1603	77	0.662338	1.35e-07	acc|GENBANK|WRJ69532.1|GENBANK|OR001839|SANT superfamily protein [Oceanusvirus sp.]	Oceanusvirus sp.	Blastx
SRR22534740	NODE_39743_length_352_cov_1.319749	44.1	352	334	0.203593	1.35e-07	acc|GENBANK|QHB21722.1|GENBANK|MN233792|cathepsin [Artaxa digramma nucleopolyhedrovirus]	Artaxa digramma nucleopolyhedrovirus	Blastx
SRR22534740	NODE_29875_length_626_cov_7.040472	25.1	626	443	0.404063	1.36e-07	acc|GENBANK|UVZ35188.1|NEIGHBOR|OL982749|1,3 galactose glycoprotein beta1,6N-acetyl [Elephant endotheliotropic herpesvirus 5B]	Elephant endotheliotropic herpesvirus 5B	Blastx
SRR22534740	NODE_32416_length_313_cov_2.182143	43.1	313	228	0.285088	1.38e-07	acc|REFSEQ|YP_009173451.1|REFSEQ|NC_028094|Ubox/RING superfamily domain containing protein [Chrysochromulina ericina virus]	Chrysochromulina ericina virus	Blastx
SRR22534740	NODE_29637_length_347_cov_2.105096	29.4	347	196	0.607143	1.39e-07	acc|GENBANK|AYV85801.1|GENBANK|MK072479|putative guanosine-3',5'-bis(diphosphate) [Satyrvirus sp.]	Satyrvirus sp.	Blastx
SRR22534740	NODE_43015_length_1217_cov_15.585304	29.1	1217	805	0.204969	1.40e-07	acc|GENBANK|ATZ80854.1|GENBANK|MF782455|DEXDc helicase [Bodo saltans virus]	Bodo saltans virus	Blastx
SRR22534740	NODE_33580_length_271_cov_6.260504	37.0	271	384	0.190104	1.47e-07	acc|REFSEQ|YP_003970003.1|REFSEQ|NC_014637|putative superfamily II helicase/eIF-4AIII [Cafeteria roenbergensis virus BV-PW1]	Cafeteria roenbergensis virus BV-PW1	Blastx
SRR22534740	NODE_24156_length_291_cov_1.434109	40.3	291	946	0.081395	1.50e-07	acc|GENBANK|CCQ71304.1|GENBANK|HF586475|hypothetical protein CcPL4.002 [Cotesia congregata]	Cotesia congregata	Blastx
SRR22534740	NODE_48819_length_368_cov_1.047761	30.5	368	145	0.655172	1.52e-07	acc|GENBANK|QKF94254.1|GENBANK|MT418680|molecular chaperone IbpA HSP20 family [Fadolivirus FV1/VV64]	Fadolivirus FV1/VV64	Blastx
SRR22534740	NODE_1170_length_410_cov_18.604775	47.3	410	707	0.077793	1.56e-07	acc|GENBANK|AGE57061.1|GENBANK|JX997178|helicase [Acanthocystis turfacea Chlorella virus NE-JV-3]	Acanthocystis turfacea Chlorella virus NE-JV-3	Blastx
SRR22534740	NODE_44538_length_1134_cov_24.994550	26.4	1134	186	1.037634	1.59e-07	acc|GENBANK|ARF12024.1|GENBANK|KY684110|adenylate kinase [Klosneuvirus KNV1]	Klosneuvirus KNV1	Blastx
SRR22534740	NODE_22741_length_274_cov_1.165975	35.7	274	547	0.153565	1.59e-07	acc|GENBANK|ARF09888.1|GENBANK|KY684089|ABC transporter [Indivirus ILV1]	Indivirus ILV1	Blastx
SRR22534740	NODE_9344_length_436_cov_1.709677	31.8	436	2037	0.054001	1.63e-07	acc|GENBANK|ABG37663.1|GENBANK|DQ536170|CCHC-type integrase [Populus trichocarpa]	Populus trichocarpa	Blastx
SRR22534740	NODE_5236_length_1065_cov_7.064922	27.1	1065	466	0.412017	1.66e-07	acc|GENBANK|ACD54811.1|GENBANK|EU643495|endo-xylogalacturonan hydrolase-like protein [Adineta vaga]	Adineta vaga	Blastx
SRR22534740	NODE_43512_length_1176_cov_7.335083	25.5	1176	278	0.690647	1.66e-07	acc|GENBANK|AYV76390.1|GENBANK|MK071984|mitochondrial carrier [Terrestrivirus sp.]	Terrestrivirus sp.	Blastx
SRR22534740	NODE_3178_length_851_cov_15.190709	50.8	851	309	0.197411	1.66e-07	acc|GENBANK|QKF93832.1|GENBANK|MT418680|serine/threonine-protein kinase [Fadolivirus FV1/VV64]	Fadolivirus FV1/VV64	Blastx
SRR22534740	NODE_39726_length_942_cov_10.639164	25.2	942	1384	0.229769	1.68e-07	acc|GENBANK|ADB85299.1|GENBANK|GQ252825|putative retrotransposon protein [Phyllostachys edulis]	Phyllostachys edulis	Blastx
SRR22534740	NODE_10477_length_249_cov_2.694444	40.9	249	4062	0.021664	1.70e-07	acc|GENBANK|QOR60750.1|GENBANK|MK522039|hypothetical protein [Bathycoccus sp. RCC716 virus 3]	Bathycoccus sp. RCC716 virus 3	Blastx
SRR22534740	NODE_26885_length_513_cov_7.347917	49.1	513	334	0.164671	1.72e-07	acc|GENBANK|QBK91883.1|GENBANK|MK500566|GDP-mannose 4,6 dehydratase [Pithovirus LCPAC304]	Pithovirus LCPAC304	Blastx
SRR22534740	NODE_450_length_1476_cov_15.304227	26.5	1476	547	0.586837	1.77e-07	acc|GENBANK|AYV86548.1|GENBANK|MK072509|hypothetical protein [Sylvanvirus sp.]	Sylvanvirus sp.	Blastx
SRR22534740	NODE_34052_length_1328_cov_4.672587	38.2	1328	514	0.214008	1.77e-07	acc|GENBANK|BCS83379.1|GENBANK|AP024483|AAA family ATPase [Cotonvirus japonicus]	Cotonvirus japonicus	Blastx
SRR22534740	NODE_32203_length_308_cov_2.760000	30.2	308	760	0.113158	1.77e-07	acc|GENBANK|BDT62307.1|GENBANK|LC738873|baculoviral IAP repeat-containing protein [Penaeus semisulcatus majanivirus]	Penaeus semisulcatus majanivirus	Blastx
SRR22534740	NODE_12196_length_282_cov_1.855422	60.5	282	623	0.060995	1.79e-07	acc|GENBANK|BAL14837.1|GENBANK|AB682995|endo-1,4-b-D-glucanase [Oryza sativa Japonica Group]	Oryza sativa Japonica Group	Blastx
SRR22534740	NODE_359_length_368_cov_21.767164	29.8	368	558	0.204301	1.82e-07	acc|GENBANK|QDY52220.1|GENBANK|MK250089|ABC transporter [Mimiviridae sp. ChoanoV1]	Mimiviridae sp. ChoanoV1	Blastx
SRR22534740	NODE_36186_length_258_cov_17.053333	43.9	258	222	0.256757	1.89e-07	acc|GENBANK|QBK88168.1|GENBANK|MK500377|RNA recognition motif protein [Marseillevirus LCMAC202]	Marseillevirus LCMAC202	Blastx
SRR22534740	NODE_35273_length_1290_cov_13.136038	28.2	1290	278	0.751799	1.96e-07	acc|GENBANK|QKF93541.1|GENBANK|MT418680|ureohydrolase [Fadolivirus FV1/VV64]	Fadolivirus FV1/VV64	Blastx
SRR22534740	NODE_35589_length_949_cov_10.974891	30.8	949	286	0.465035	1.97e-07	acc|GENBANK|ARF09529.1|GENBANK|KY684085|cyclophilin type peptidyl-prolyl cis-trans [Indivirus ILV1]	Indivirus ILV1	Blastx
SRR22534740	NODE_41679_length_464_cov_28.647332	36.1	464	313	0.230032	1.97e-07	acc|GENBANK|AYV84158.1|GENBANK|MK072400|peptide-methionine (R)-S-oxide reductase [Hyperionvirus sp.]	Hyperionvirus sp.	Blastx
SRR22534740	NODE_42991_length_1107_cov_11.992551	35.7	1107	318	0.176101	1.98e-07	acc|REFSEQ|YP_009482975.1|REFSEQ|NC_037667|Ring finger protein [Pandoravirus quercus]	Pandoravirus quercus	Blastx
SRR22534740	NODE_5394_length_1020_cov_12.524823	26.2	1020	876	0.218037	2.00e-07	acc|GENBANK|AYV76365.1|GENBANK|MK071983|DEXDc helicase [Terrestrivirus sp.]	Terrestrivirus sp.	Blastx
SRR22534740	NODE_15785_length_269_cov_2.033898	41.3	269	80	0.575000	2.11e-07	acc|GENBANK|QIH04879.1|GENBANK|MK867691|RING-finger-containing E3 ubiquitin ligase [Dasineura jujubifolia toursvirus 2a]	Dasineura jujubifolia toursvirus 2a	Blastx
SRR22534740	NODE_5274_length_845_cov_20.857143	24.4	845	186	1.145161	2.13e-07	acc|GENBANK|ARF12024.1|GENBANK|KY684110|adenylate kinase [Klosneuvirus KNV1]	Klosneuvirus KNV1	Blastx
SRR22534740	NODE_42410_length_1875_cov_4.015744	25.1	1875	575	0.582609	2.16e-07	acc|GENBANK|CAE02704.1|GENBANK|AJ575660|putative sugar transporter [Yarrowia lipolytica]	Yarrowia lipolytica	Blastx
SRR22534740	NODE_10676_length_539_cov_4.567194	34.9	539	354	0.307910	2.17e-07	acc|REFSEQ|YP_007354386.1|REFSEQ|NC_020104|DNA methyltransferase [Acanthamoeba polyphaga moumouvirus]	Acanthamoeba polyphaga moumouvirus	Blastx
SRR22534740	NODE_47078_length_226_cov_1.212435	37.5	226	435	0.165517	2.18e-07	acc|REFSEQ|YP_010780965.1|REFSEQ|NC_075038|EstA family serine hydrolase [Tupanvirus deep ocean]	Tupanvirus deep ocean	Blastx
SRR22534740	NODE_34721_length_250_cov_16.447005	41.3	250	498	0.126506	2.19e-07	acc|GENBANK|XCO51801.1|NEIGHBOR|OR514564|ubiquitin E3 ligase ICP0 [Felid alphaherpesvirus 1]	Felid alphaherpesvirus 1	Blastx
SRR22534740	NODE_13987_length_227_cov_2.345361	45.3	227	623	0.120385	2.22e-07	acc|GENBANK|BAL14837.1|GENBANK|AB682995|endo-1,4-b-D-glucanase [Oryza sativa Japonica Group]	Oryza sativa Japonica Group	Blastx
SRR22534740	NODE_36851_length_552_cov_16.633911	27.1	552	640	0.282813	2.23e-07	acc|GENBANK|QBK88455.1|GENBANK|MK500389|AMP-binding enzyme [Mimivirus LCMiAC01]	Mimivirus LCMiAC01	Blastx
SRR22534740	NODE_21789_length_231_cov_1.464646	73.3	231	340	0.088235	2.25e-07	acc|GENBANK|AAU93531.1|GENBANK|AY691949|cyclin H-1 [Zea mays]	Zea mays	Blastx
SRR22534740	NODE_16182_length_249_cov_3.125000	40.5	249	1158	0.063903	2.27e-07	acc|GENBANK|ADK47522.1|GENBANK|HM124452|NBS2-RDG2A [Hordeum vulgare subsp. vulgare]	Hordeum vulgare subsp. vulgare	Blastx
SRR22534740	NODE_2103_length_2937_cov_27.399793	25.7	2937	433	0.466513	2.30e-07	acc|GENBANK|AYV75222.1|GENBANK|MK071979|alpha-amylase [Terrestrivirus sp.]	Terrestrivirus sp.	Blastx
SRR22534740	NODE_44871_length_1308_cov_13.790588	25.2	1308	525	0.422857	2.32e-07	acc|GENBANK|AYV82480.1|GENBANK|MK072383|hypothetical protein [Hyperionvirus sp.]	Hyperionvirus sp.	Blastx
SRR22534740	NODE_42325_length_1896_cov_14.279120	24.8	1896	469	1.055437	2.38e-07	acc|REFSEQ|YP_010780288.1|REFSEQ|NC_075038|hypothetical protein [Tupanvirus deep ocean]	Tupanvirus deep ocean	Blastx
SRR22534740	NODE_28005_length_479_cov_2.775785	32.0	479	90	0.833333	2.43e-07	acc|GENBANK|AAD46177.1|GENBANK|AF153912|ORFL1R [Tanapox virus]	Tanapox virus	Blastx
SRR22534740	NODE_37801_length_542_cov_24.056974	34.1	542	422	0.291469	2.44e-07	acc|GENBANK|QDY52462.1|GENBANK|MK250094|aminotransferase class-III protein [Mimiviridae sp. ChoanoV1]	Mimiviridae sp. ChoanoV1	Blastx
SRR22534740	NODE_32303_length_612_cov_2.483592	24.1	612	575	0.346087	2.50e-07	acc|GENBANK|CAE02704.1|GENBANK|AJ575660|putative sugar transporter [Yarrowia lipolytica]	Yarrowia lipolytica	Blastx
SRR22534740	NODE_18361_length_493_cov_3.521739	40.4	493	219	0.260274	2.54e-07	acc|GENBANK|AYV77619.1|GENBANK|MK072054|hypothetical protein [Dasosvirus sp.]	Dasosvirus sp.	Blastx
SRR22534740	NODE_27219_length_325_cov_1.866438	46.0	325	322	0.155280	2.54e-07	acc|GENBANK|QBK87453.1|GENBANK|MK500352|resolvase [Marseillevirus LCMAC201]	Marseillevirus LCMAC201	Blastx
SRR22534740	NODE_6967_length_959_cov_10.699784	27.4	959	407	0.592138	2.57e-07	acc|REFSEQ|YP_010780148.1|REFSEQ|NC_075038|hypothetical protein [Tupanvirus deep ocean]	Tupanvirus deep ocean	Blastx
SRR22534740	NODE_43227_length_1001_cov_13.710744	49.0	1001	268	0.182836	2.61e-07	acc|REFSEQ|YP_010781747.1|REFSEQ|NC_075039|RING finger domain protein [Tupanvirus soda lake]	Tupanvirus soda lake	Blastx
SRR22534740	NODE_20910_length_217_cov_2.201087	50.0	217	403	0.114144	2.63e-07	acc|GENBANK|CCQ71329.1|GENBANK|HF586477|hypothetical dolichyl pyrophosphate Man9GlcNAc2 [Cotesia congregata]	Cotesia congregata	Blastx
SRR22534740	NODE_36609_length_1822_cov_11.180548	44.6	1822	284	0.197183	2.64e-07	acc|GENBANK|WKR38478.1|GENBANK|OQ658191|IAP-2 [Platynota idaeusalis nucleopolyhedrovirus]	Platynota idaeusalis nucleopolyhedrovirus	Blastx
SRR22534740	NODE_26126_length_292_cov_2.586873	37.7	292	727	0.105915	2.76e-07	acc|GENBANK|ABY48138.1|GENBANK|EU306659|ABC transporter [Medicago truncatula]	Medicago truncatula	Blastx
SRR22534740	NODE_22661_length_264_cov_1.242424	49.3	264	1384	0.052746	2.77e-07	acc|GENBANK|ADB85299.1|GENBANK|GQ252825|putative retrotransposon protein [Phyllostachys edulis]	Phyllostachys edulis	Blastx
SRR22534740	NODE_35452_length_336_cov_9.838284	50.0	336	77	0.519481	2.90e-07	acc|GENBANK|WKT15139.1|GENBANK|OR120049|zinc/RING finger containing protein [Platygaster orseoliae filamentous virus]	Platygaster orseoliae filamentous virus	Blastx
SRR22534740	NODE_43311_length_1189_cov_29.737889	25.3	1189	461	0.403471	2.92e-07	acc|GENBANK|XDO02361.1|GENBANK|PP542043|Long-Chain Fatty Acid--Coa Ligase [Florenciella sp. virus SA2]	Florenciella sp. virus SA2	Blastx
SRR22534740	NODE_26647_length_684_cov_3.027650	29.5	684	549	0.377049	2.92e-07	acc|GENBANK|WGU26819.1|GENBANK|OQ503488|BTB/POZ domain-containing protein [Triticum monococcum]	Triticum monococcum	Blastx
SRR22534740	NODE_48486_length_274_cov_0.970954	52.3	274	486	0.090535	2.94e-07	acc|GENBANK|ADB85341.1|GENBANK|GQ252857|putative retrotransposon protein [Phyllostachys edulis]	Phyllostachys edulis	Blastx
SRR22534740	NODE_7405_length_274_cov_2.360996	37.1	274	524	0.169847	2.96e-07	acc|GENBANK|ADJ57459.1|GENBANK|HM214799|CYP6G1 [Drosophila melanogaster]	Drosophila melanogaster	Blastx
SRR22534740	NODE_29443_length_202_cov_2.366864	45.5	202	569	0.115993	2.99e-07	acc|GENBANK|ATZ80436.1|GENBANK|MF782455|multidrug export ATPase/permease [Bodo saltans virus]	Bodo saltans virus	Blastx
SRR22534740	NODE_3677_length_274_cov_13.995851	42.7	274	125	0.600000	3.02e-07	acc|GENBANK|QDY51830.1|GENBANK|MK250085|cold-shock DNA-binding domain protein [Mimiviridae sp. ChoanoV1]	Mimiviridae sp. ChoanoV1	Blastx
SRR22534740	NODE_14322_length_514_cov_1.858628	59.6	514	706	0.066572	3.04e-07	acc|GENBANK|WGU26822.1|GENBANK|OQ503488|OPT oligopeptide transporter protein [Triticum monococcum]	Triticum monococcum	Blastx
SRR22534740	NODE_23163_length_359_cov_3.303681	29.3	359	543	0.213628	3.06e-07	acc|GENBANK|QBK87111.1|GENBANK|MK500344|ATP-sulfurylase [Marseillevirus LCMAC201]	Marseillevirus LCMAC201	Blastx
SRR22534740	NODE_39548_length_328_cov_1.850847	38.8	328	683	0.124451	3.07e-07	acc|GENBANK|AAM14062.1|GENBANK|AY091112|putative copia-like retroelement pol [Arabidopsis thaliana]	Arabidopsis thaliana	Blastx
SRR22534740	NODE_37518_length_922_cov_18.943757	24.4	922	246	0.500000	3.16e-07	acc|GENBANK|QBK89254.1|GENBANK|MK500410|synaptobrevin [Mimivirus LCMiAC02]	Mimivirus LCMiAC02	Blastx
SRR22534740	NODE_19438_length_302_cov_1.553903	43.3	302	1369	0.043828	3.17e-07	acc|GENBANK|AIC77183.1|GENBANK|KF740825|polyprotein [Gossypium barbadense]	Gossypium barbadense	Blastx
SRR22534740	NODE_13345_length_380_cov_2.501441	31.5	380	247	0.437247	3.18e-07	acc|REFSEQ|YP_009482768.1|REFSEQ|NC_037667|Haloacid dehydrogenase [Pandoravirus quercus]	Pandoravirus quercus	Blastx
SRR22534740	NODE_12982_length_310_cov_2.353791	39.2	310	410	0.192683	3.22e-07	acc|GENBANK|QBK88952.1|GENBANK|MK500406|aminotransferase class-V [Mimivirus LCMiAC02]	Mimivirus LCMiAC02	Blastx
SRR22534740	NODE_13119_length_216_cov_3.677596	44.2	216	195	0.266667	3.22e-07	acc|REFSEQ|YP_009552471.1|REFSEQ|NC_040615|Ring finger and U-box domain [Eptesicus fuscus gammaherpesvirus]	Eptesicus fuscus gammaherpesvirus	Blastx
SRR22534740	NODE_34231_length_665_cov_7.221519	30.6	665	484	0.297521	3.30e-07	acc|GENBANK|AYV77733.1|GENBANK|MK072066|CYP86A7 [Edafosvirus sp.]	Edafosvirus sp.	Blastx
SRR22534740	NODE_40607_length_1026_cov_5.037261	35.0	1026	353	0.226629	3.53e-07	acc|GENBANK|WGU26821.1|GENBANK|OQ503488|S-acyltransferase 11-like protein [Triticum monococcum]	Triticum monococcum	Blastx
SRR22534740	NODE_32097_length_602_cov_1.873462	39.1	602	1196	0.076923	3.56e-07	acc|GENBANK|QBK88182.1|GENBANK|MK500377|CobB/CobQ-like glutamine amidotransferase domain [Marseillevirus LCMAC202]	Marseillevirus LCMAC202	Blastx
SRR22534740	NODE_33853_length_774_cov_3.959514	39.7	774	353	0.164306	3.60e-07	acc|GENBANK|WGU26821.1|GENBANK|OQ503488|S-acyltransferase 11-like protein [Triticum monococcum]	Triticum monococcum	Blastx
SRR22534740	NODE_24903_length_301_cov_1.619403	35.8	301	316	0.256329	3.60e-07	acc|REFSEQ|YP_009046738.1|REFSEQ|NC_024451|Ser/Thr-like protein kinase lyk4 [Armadillidium vulgare iridescent virus]	Armadillidium vulgare iridescent virus	Blastx
SRR22534740	NODE_6776_length_1075_cov_13.238004	88.6	1075	1769	0.019785	3.65e-07	acc|GENBANK|QHI01830.1|GENBANK|MN646693|ORF1 protein [Hepatitis E virus]	Hepatitis E virus	Blastx
SRR22534740	NODE_41251_length_2749_cov_5.653166	46.5	2749	93	0.763441	3.65e-07	acc|REFSEQ|YP_006908560.1|REFSEQ|NC_018875|Viral Ubiquitin [Epinotia aporema granulovirus]	Epinotia aporema granulovirus	Blastx
SRR22534740	NODE_36538_length_303_cov_20.988889	42.3	303	118	0.601695	3.66e-07	acc|GENBANK|AUF82471.1|GENBANK|KY322437|cold-shock protein [Tetraselmis virus 1]	Tetraselmis virus 1	Blastx
SRR22534740	NODE_6127_length_1269_cov_6.559871	22.1	1269	836	0.291866	3.70e-07	acc|GENBANK|AYV84014.1|GENBANK|MK072397|aminopeptidase 1 [Hyperionvirus sp.]	Hyperionvirus sp.	Blastx
SRR22534740	NODE_15060_length_292_cov_1.583012	45.5	292	678	0.097345	3.75e-07	acc|GENBANK|CCQ71325.1|GENBANK|HF586476|hypothetical kinesin-like protein KIF3 [Cotesia congregata]	Cotesia congregata	Blastx
SRR22534740	NODE_7246_length_365_cov_82.918675	54.2	365	160	0.300000	3.76e-07	acc|GENBANK|ULY68493.1|GENBANK|OL828820|ubiquitin-conjugating enzyme E2 7 [Chlorella virus XW01]	Chlorella virus XW01	Blastx
SRR22534740	NODE_8328_length_264_cov_1.909091	45.6	264	1232	0.046266	3.77e-07	acc|GENBANK|ADK47521.1|GENBANK|HM124452|RDG2A [Hordeum vulgare subsp. vulgare]	Hordeum vulgare subsp. vulgare	Blastx
SRR22534740	NODE_6925_length_810_cov_45.249678	45.9	810	451	0.135255	3.83e-07	acc|GENBANK|SPN79568.1|GENBANK|LT994651|Adenylosuccinate synthetase [Brazilian cedratvirus IHUMI]	Brazilian cedratvirus IHUMI	Blastx
SRR22534740	NODE_5349_length_834_cov_3.088639	32.6	834	679	0.266568	3.84e-07	acc|GENBANK|QIG60138.1|GENBANK|MN940580|ATP-dependent zinc metalloprotease [Dishui Lake large algae virus 1]	Dishui Lake large algae virus 1	Blastx
SRR22534740	NODE_11151_length_270_cov_1.902954	39.0	270	467	0.175589	3.86e-07	acc|GENBANK|API81738.1|NEIGHBOR|KU052222|hypothetical protein [Cafeteriavirus-dependent mavirus]	Cafeteriavirus-dependent mavirus	Blastx
SRR22534740	NODE_17274_length_226_cov_3.502591	44.4	226	356	0.202247	3.96e-07	acc|GENBANK|AUF82658.1|GENBANK|KY322437|histidine decarboxylase [Tetraselmis virus 1]	Tetraselmis virus 1	Blastx
SRR22534740	NODE_6363_length_846_cov_4.892989	25.9	846	387	0.529716	3.98e-07	acc|GENBANK|AYV84290.1|GENBANK|MK072403|hypothetical protein [Hyperionvirus sp.]	Hyperionvirus sp.	Blastx
SRR22534740	NODE_13274_length_353_cov_11.987500	33.7	353	640	0.139063	3.98e-07	acc|GENBANK|QBK88455.1|GENBANK|MK500389|AMP-binding enzyme [Mimivirus LCMiAC01]	Mimivirus LCMiAC01	Blastx
SRR22534740	NODE_25634_length_246_cov_2.037559	35.4	246	630	0.130159	3.99e-07	acc|GENBANK|WIL05472.1|GENBANK|OQ413582|ABC2 type transporter superfamily protein [Pithovirus mammoth]	Pithovirus mammoth	Blastx
SRR22534740	NODE_26853_length_200_cov_1.874251	36.7	200	2037	0.029455	4.02e-07	acc|GENBANK|ABG37663.1|GENBANK|DQ536170|CCHC-type integrase [Populus trichocarpa]	Populus trichocarpa	Blastx
SRR22534740	NODE_7935_length_1064_cov_6.714840	35.3	1064	239	0.355649	4.05e-07	acc|GENBANK|AYV83988.1|GENBANK|MK072397|RING/U-box superfamily protein [Hyperionvirus sp.]	Hyperionvirus sp.	Blastx
SRR22534740	NODE_11138_length_300_cov_1.303371	34.7	300	571	0.171629	4.12e-07	acc|GENBANK|QDY51783.1|GENBANK|MK250085|hypothetical protein [Mimiviridae sp. ChoanoV1]	Mimiviridae sp. ChoanoV1	Blastx
SRR22534740	NODE_38758_length_513_cov_7.404167	30.4	513	222	0.563063	4.25e-07	acc|GENBANK|QFU19900.1|NEIGHBOR|MN160329|pV1 [European wheat striate mosaic virus]	European wheat striate mosaic virus	Blastx
SRR22534740	NODE_27445_length_487_cov_9.784141	42.9	487	299	0.187291	4.28e-07	acc|GENBANK|UOG94093.1|NEIGHBOR|OM876856|serine threonine-protein phosphatase [Aureococcus anophagefferens virus]	Aureococcus anophagefferens virus	Blastx
SRR22534740	NODE_6506_length_551_cov_1.138996	33.3	551	1080	0.086111	4.34e-07	acc|GENBANK|AAP74647.1|GENBANK|AH012974|Lr21 [Aegilops tauschii]	Aegilops tauschii	Blastx
SRR22534740	NODE_48641_length_279_cov_1.426829	34.1	279	569	0.144112	4.37e-07	acc|GENBANK|ATZ80436.1|GENBANK|MF782455|multidrug export ATPase/permease [Bodo saltans virus]	Bodo saltans virus	Blastx
SRR22534740	NODE_36707_length_1148_cov_8.157848	37.1	1148	1633	0.042866	4.39e-07	acc|GENBANK|AMK62058.1|NEIGHBOR|KF959826|serine threonine-protein kinase receptor [Samba virus]	Samba virus	Blastx
SRR22534740	NODE_2077_length_810_cov_13.285714	28.2	810	369	0.422764	4.41e-07	acc|GENBANK|QKF94202.1|GENBANK|MT418680|polyA polymerase head RNA and srmB- binding [Fadolivirus FV1/VV64]	Fadolivirus FV1/VV64	Blastx
SRR22534740	NODE_14536_length_383_cov_1.297143	33.1	383	3693	0.034389	4.42e-07	acc|GENBANK|ACN78983.1|GENBANK|FJ225395|Rpp4 candidate 3 [Glycine max]	Glycine max	Blastx
SRR22534740	NODE_30103_length_459_cov_2.969484	25.5	459	499	0.306613	4.44e-07	acc|GENBANK|XCA47433.1|GENBANK|PP911589|hypothetical protein [Micromonas commoda virus]	Micromonas commoda virus	Blastx
SRR22534740	NODE_16064_length_387_cov_2.282486	27.0	387	178	0.646067	4.45e-07	acc|GENBANK|ARF12037.1|GENBANK|KY684110|synaptobrevin [Klosneuvirus KNV1]	Klosneuvirus KNV1	Blastx
SRR22534740	NODE_33923_length_666_cov_44.851501	30.4	666	261	0.743295	4.49e-07	acc|GENBANK|AYV79236.1|GENBANK|MK072137|serine/threonine protein phosphatase [Faunusvirus sp.]	Faunusvirus sp.	Blastx
SRR22534740	NODE_33400_length_725_cov_4.287572	34.4	725	447	0.214765	4.50e-07	acc|REFSEQ|NP_077596.1|REFSEQ|NC_002687|serine-threonine kinase [Ectocarpus siliculosus virus 1]	Ectocarpus siliculosus virus 1	Blastx
SRR22534740	NODE_25822_length_440_cov_4.550369	29.4	440	362	0.450276	4.53e-07	acc|REFSEQ|YP_009482544.1|REFSEQ|NC_037666|Isopenicillin N synthase domain containing [Pandoravirus neocaledonia]	Pandoravirus neocaledonia	Blastx
SRR22534740	NODE_4119_length_516_cov_27.751553	37.3	516	353	0.235127	4.64e-07	acc|GENBANK|QBK89257.1|GENBANK|MK500410|protein phosphatase 2C [Mimivirus LCMiAC02]	Mimivirus LCMiAC02	Blastx
SRR22534740	NODE_30903_length_640_cov_2.703460	26.7	640	390	0.412821	4.68e-07	acc|REFSEQ|YP_009361392.1|REFSEQ|NC_034383|serine-threonine kinase [Pacmanvirus A23]	Pacmanvirus A23	Blastx
SRR22534740	NODE_4834_length_823_cov_1.651899	25.7	823	229	0.917031	4.84e-07	acc|GENBANK|UOG94129.1|NEIGHBOR|OM876856|hypothetical protein [Aureococcus anophagefferens virus]	Aureococcus anophagefferens virus	Blastx
SRR22534740	NODE_9307_length_544_cov_4.939335	35.1	544	496	0.195565	4.86e-07	acc|GENBANK|USC25894.1|GENBANK|OL685370|gta [Palpita vitrealis nucleopolyhedrovirus]	Palpita vitrealis nucleopolyhedrovirus	Blastx
SRR22534740	NODE_3509_length_369_cov_26.574405	33.0	369	678	0.151917	4.87e-07	acc|GENBANK|CCQ71325.1|GENBANK|HF586476|hypothetical kinesin-like protein KIF3 [Cotesia congregata]	Cotesia congregata	Blastx
SRR22534740	NODE_17846_length_239_cov_2.509709	42.9	239	727	0.096286	4.88e-07	acc|GENBANK|ADB85269.1|GENBANK|GQ252805|putative lectin-like protein kinase [Phyllostachys edulis]	Phyllostachys edulis	Blastx
SRR22534740	NODE_7280_length_568_cov_2.115888	58.5	568	925	0.057297	4.91e-07	acc|GENBANK|ABY48139.1|GENBANK|EU306659|NORK [Medicago truncatula]	Medicago truncatula	Blastx
SRR22534740	NODE_4249_length_290_cov_6.369650	41.0	290	723	0.114799	4.96e-07	acc|GENBANK|CAD61259.1|GENBANK|AL772193|pyruvate carboxylase [Danio rerio]	Danio rerio	Blastx
SRR22534740	NODE_35685_length_774_cov_8.137652	34.6	774	618	0.210356	5.02e-07	acc|GENBANK|QKF93461.1|GENBANK|MT418680|GMP synthetase glutamine amidotransferase and [Fadolivirus FV1/VV64]	Fadolivirus FV1/VV64	Blastx
SRR22534740	NODE_29611_length_571_cov_2.161710	30.5	571	925	0.127568	5.02e-07	acc|GENBANK|ABY48139.1|GENBANK|EU306659|NORK [Medicago truncatula]	Medicago truncatula	Blastx
SRR22534740	NODE_4148_length_564_cov_27.286252	30.5	564	279	0.469534	5.08e-07	acc|GENBANK|QBK87125.1|GENBANK|MK500344|NADP oxidoreductase coenzyme F420-dependent [Marseillevirus LCMAC201]	Marseillevirus LCMAC201	Blastx
SRR22534740	NODE_39152_length_1019_cov_9.243408	28.7	1019	313	0.667732	5.10e-07	acc|GENBANK|AYV85455.1|GENBANK|MK072453|protein phosphatase 2C domain containing [Satyrvirus sp.]	Satyrvirus sp.	Blastx
SRR22534740	NODE_10360_length_423_cov_1.494872	75.9	423	335	0.086567	5.15e-07	acc|GENBANK|ADV36573.1|GENBANK|HM454271|Myb-like transcription factor [Zea mays]	Zea mays	Blastx
SRR22534740	NODE_25_length_1066_cov_13.147144	39.7	1066	353	0.164306	5.18e-07	acc|GENBANK|WGU26821.1|GENBANK|OQ503488|S-acyltransferase 11-like protein [Triticum monococcum]	Triticum monococcum	Blastx
SRR22534740	NODE_6737_length_524_cov_10.908350	41.3	524	160	0.500000	5.20e-07	acc|GENBANK|QKF94153.1|GENBANK|MT418680|cyclophilin-type peptidyl-prolyl cis-trans [Fadolivirus FV1/VV64]	Fadolivirus FV1/VV64	Blastx
SRR22534740	NODE_32641_length_424_cov_2.849105	25.6	424	258	0.515504	5.22e-07	acc|GENBANK|AYV85051.1|GENBANK|MK072438|hypothetical protein [Satyrvirus sp.]	Satyrvirus sp.	Blastx
SRR22534740	NODE_29859_length_322_cov_2.294118	45.9	322	678	0.089971	5.33e-07	acc|GENBANK|CCQ71325.1|GENBANK|HF586476|hypothetical kinesin-like protein KIF3 [Cotesia congregata]	Cotesia congregata	Blastx
SRR22534740	NODE_19038_length_1501_cov_3.138965	32.5	1501	4505	0.017758	5.41e-07	acc|GENBANK|BBZ90073.1|GENBANK|LC521321|polyprotein [Brown algae endornavirus 1]	Brown algae endornavirus 1	Blastx
SRR22534740	NODE_21374_length_268_cov_1.102128	49.2	268	2037	0.029946	5.42e-07	acc|GENBANK|ABG37663.1|GENBANK|DQ536170|CCHC-type integrase [Populus trichocarpa]	Populus trichocarpa	Blastx
SRR22534740	NODE_27397_length_452_cov_2.601432	41.1	452	476	0.189076	5.51e-07	acc|GENBANK|QBP06638.1|NEIGHBOR|MK514405|hypothetical protein [Ostreococcus lucimarinus virus 1]	Ostreococcus lucimarinus virus 1	Blastx
SRR22534740	NODE_33578_length_247_cov_8.257009	38.9	247	832	0.086538	5.52e-07	acc|GENBANK|BAD00047.1|GENBANK|AB119282|Fusion protein, Feo [Hepacivirus hominis]	Hepacivirus hominis	Blastx
SRR22534740	NODE_14601_length_401_cov_4.673913	43.4	401	164	0.323171	5.62e-07	acc|REFSEQ|YP_002154623.1|REFSEQ|NC_011183|putative ubiquitin ligase [Feldmannia species virus]	Feldmannia species virus	Blastx
SRR22534740	NODE_36921_length_900_cov_6.320646	39.1	900	285	0.242105	5.63e-07	acc|REFSEQ|YP_008378255.1|REFSEQ|NC_021923|iap-3 [Hemileuca sp. nucleopolyhedrovirus]	Hemileuca sp. nucleopolyhedrovirus	Blastx
SRR22534740	NODE_4327_length_324_cov_2.865979	41.7	324	908	0.066079	5.64e-07	acc|GENBANK|AYV81977.1|GENBANK|MK072332|leucyl-tRNA synthetase [Homavirus sp.]	Homavirus sp.	Blastx
SRR22534740	NODE_43496_length_453_cov_6.938095	29.4	453	540	0.220370	5.82e-07	acc|REFSEQ|YP_009483172.1|REFSEQ|NC_037667|Cytochrome P450 [Pandoravirus quercus]	Pandoravirus quercus	Blastx
SRR22534740	NODE_18223_length_206_cov_1.329480	48.9	206	1186	0.037943	5.94e-07	acc|GENBANK|ARF10911.1|GENBANK|KY684105|putative sensor histidine kinase [Hokovirus HKV1]	Hokovirus HKV1	Blastx
SRR22534740	NODE_9485_length_672_cov_5.162754	52.7	672	1384	0.039740	5.96e-07	acc|GENBANK|ADB85299.1|GENBANK|GQ252825|putative retrotransposon protein [Phyllostachys edulis]	Phyllostachys edulis	Blastx
SRR22534740	NODE_24829_length_609_cov_6.111111	54.2	609	548	0.107664	5.98e-07	acc|GENBANK|ARF08785.1|GENBANK|KY684083|glycyl-tRNA synthetase [Catovirus CTV1]	Catovirus CTV1	Blastx
SRR22534740	NODE_12076_length_765_cov_2.166667	36.6	765	347	0.268012	6.17e-07	acc|GENBANK|WIL03118.1|GENBANK|OQ413575|WD repeat domain protein [Cedratvirus borely]	Cedratvirus borely	Blastx
SRR22534740	NODE_41257_length_2304_cov_6.365037	32.0	2304	1946	0.065776	6.19e-07	acc|GENBANK|ADB85424.1|GENBANK|GQ252887|putative retrotransposon protein [Phyllostachys edulis]	Phyllostachys edulis	Blastx
SRR22534740	NODE_42834_length_1030_cov_8.344032	30.2	1030	450	0.448889	6.19e-07	acc|GENBANK|AGE59680.1|GENBANK|JX997186|hypothetical protein [Acanthocystis turfacea Chlorella virus TN603.4.2]	Acanthocystis turfacea Chlorella virus TN603.4.2	Blastx
SRR22534740	NODE_29874_length_939_cov_4.746137	26.1	939	448	0.564732	6.29e-07	acc|GENBANK|UOG94283.1|NEIGHBOR|OM876856|pheophorbide a oxygenase [Aureococcus anophagefferens virus]	Aureococcus anophagefferens virus	Blastx
SRR22534740	NODE_43473_length_1787_cov_21.259977	27.5	1787	322	0.565217	6.32e-07	acc|GENBANK|QFG74515.1|GENBANK|MN448289|signal peptide peptidase [Megaviridae environmental sample]	Megaviridae environmental sample	Blastx
SRR22534740	NODE_14913_length_367_cov_2.958084	48.9	367	114	0.394737	6.35e-07	acc|REFSEQ|YP_009165290.1|REFSEQ|NC_027867|programmed cell death protein 2-like protein [Mollivirus sibericum]	Mollivirus sibericum	Blastx
SRR22534740	NODE_33714_length_1030_cov_6.651956	39.7	1030	353	0.164306	6.37e-07	acc|GENBANK|WGU26821.1|GENBANK|OQ503488|S-acyltransferase 11-like protein [Triticum monococcum]	Triticum monococcum	Blastx
SRR22534740	NODE_41769_length_698_cov_5.087218	40.6	698	292	0.236301	6.44e-07	acc|GENBANK|ARR74995.1|GENBANK|KY565523|hypothetical protein [Mimivirus AB-566-O17]	Mimivirus AB-566-O17	Blastx
SRR22534740	NODE_36966_length_1087_cov_10.981025	31.3	1087	225	0.595556	6.53e-07	acc|GENBANK|QFU19918.1|NEIGHBOR|MN160338|pV1 [European wheat striate mosaic virus]	European wheat striate mosaic virus	Blastx
SRR22534740	NODE_34784_length_468_cov_4.903448	41.1	468	290	0.251724	6.65e-07	acc|GENBANK|QDP38604.1|NEIGHBOR|MK340973|m138 [Myxoma virus]	Myxoma virus	Blastx
SRR22534740	NODE_43274_length_730_cov_8.043042	49.1	730	236	0.233051	6.71e-07	acc|GENBANK|QDY51857.1|GENBANK|MK250085|ubiquitin-conjugating enzyme [Mimiviridae sp. ChoanoV1]	Mimiviridae sp. ChoanoV1	Blastx
SRR22534740	NODE_28886_length_285_cov_2.091270	41.3	285	2037	0.039273	6.80e-07	acc|GENBANK|ABG37663.1|GENBANK|DQ536170|CCHC-type integrase [Populus trichocarpa]	Populus trichocarpa	Blastx
SRR22534740	NODE_1581_length_2500_cov_8.676530	46.3	2500	97	0.556701	6.86e-07	acc|GENBANK|AUF82187.1|GENBANK|KY322437|SANT superfamily protein [Tetraselmis virus 1]	Tetraselmis virus 1	Blastx
SRR22534740	NODE_40070_length_342_cov_3.132686	33.8	342	899	0.088988	6.91e-07	acc|REFSEQ|YP_003517841.1|REFSEQ|NC_013953|VP80 [Lymantria xylina nucleopolyhedrovirus]	Lymantria xylina nucleopolyhedrovirus	Blastx
SRR22534740	NODE_15511_length_484_cov_2.851441	32.7	484	403	0.379653	7.02e-07	acc|GENBANK|AGE60174.1|GENBANK|JX997187|UDP-N-acetyl-D-mannosamine dehydrogenase / [Acanthocystis turfacea Chlorella virus WI0606]	Acanthocystis turfacea Chlorella virus WI0606	Blastx
SRR22534740	NODE_34799_length_984_cov_7.829653	25.2	984	336	0.672619	7.08e-07	acc|GENBANK|ACG25132.1|GENBANK|EU953014|retrotransposon protein [Zea mays]	Zea mays	Blastx
SRR22534740	NODE_31480_length_219_cov_1.973118	53.5	219	585	0.073504	7.14e-07	acc|GENBANK|SPN79811.1|GENBANK|LT994651|ABC2 type transporter superfamily protein [Brazilian cedratvirus IHUMI]	Brazilian cedratvirus IHUMI	Blastx
SRR22534740	NODE_26183_length_504_cov_2.683652	36.6	504	805	0.115528	7.18e-07	acc|GENBANK|ATZ80854.1|GENBANK|MF782455|DEXDc helicase [Bodo saltans virus]	Bodo saltans virus	Blastx
SRR22534740	NODE_5725_length_213_cov_1.683333	47.3	213	263	0.209125	7.22e-07	acc|GENBANK|AUF82462.1|GENBANK|KY322437|putative glycosyltransferase [Tetraselmis virus 1]	Tetraselmis virus 1	Blastx
SRR22534740	NODE_42864_length_556_cov_2.502868	34.0	556	249	0.413655	7.31e-07	acc|GENBANK|ACD54816.1|GENBANK|EU643495|carbonyl reductase-like protein [Adineta vaga]	Adineta vaga	Blastx
SRR22534740	NODE_25551_length_1383_cov_5.945926	34.0	1383	126	0.746032	7.32e-07	acc|GENBANK|AYV75144.1|GENBANK|MK071979|5'-AMP-activated protein kinase subunit [Terrestrivirus sp.]	Terrestrivirus sp.	Blastx
SRR22534740	NODE_42510_length_518_cov_4.989691	31.3	518	298	0.429530	7.36e-07	acc|GENBANK|UOG94399.1|NEIGHBOR|OM876856|hypothetical protein [Aureococcus anophagefferens virus]	Aureococcus anophagefferens virus	Blastx
SRR22534740	NODE_36694_length_539_cov_16.124506	40.3	539	91	0.681319	7.41e-07	acc|GENBANK|AYV76651.1|GENBANK|MK071988|putative acyl-CoA-binding protein [Terrestrivirus sp.]	Terrestrivirus sp.	Blastx
SRR22534740	NODE_10105_length_597_cov_4.260638	40.2	597	549	0.149362	7.45e-07	acc|GENBANK|WGU26819.1|GENBANK|OQ503488|BTB/POZ domain-containing protein [Triticum monococcum]	Triticum monococcum	Blastx
SRR22534740	NODE_30415_length_222_cov_1.825397	43.1	222	644	0.111801	7.46e-07	acc|GENBANK|AGE55774.1|GENBANK|JX997174|potassium transporter [Acanthocystis turfacea Chlorella virus MN0810.1]	Acanthocystis turfacea Chlorella virus MN0810.1	Blastx
SRR22534740	NODE_4802_length_450_cov_1.187050	36.8	450	484	0.196281	7.53e-07	acc|GENBANK|AYV77733.1|GENBANK|MK072066|CYP86A7 [Edafosvirus sp.]	Edafosvirus sp.	Blastx
SRR22534740	NODE_5136_length_407_cov_3.136364	36.1	407	122	0.590164	7.61e-07	acc|GENBANK|ARF10915.1|GENBANK|KY684105|putative sensor histidine kinase [Hokovirus HKV1]	Hokovirus HKV1	Blastx
SRR22534740	NODE_39564_length_503_cov_3.676596	27.5	503	353	0.390935	7.63e-07	acc|GENBANK|AYV84281.1|GENBANK|MK072403|hypothetical protein [Hyperionvirus sp.]	Hyperionvirus sp.	Blastx
SRR22534740	NODE_8792_length_682_cov_3.830508	37.9	682	727	0.119670	7.64e-07	acc|GENBANK|ABY48138.1|GENBANK|EU306659|ABC transporter [Medicago truncatula]	Medicago truncatula	Blastx
SRR22534740	NODE_44624_length_203_cov_3.729412	47.8	203	1643	0.040779	7.83e-07	acc|REFSEQ|YP_009000988.1|REFSEQ|NC_023423|serine-threonine kinase [Pithovirus sibericum]	Pithovirus sibericum	Blastx
SRR22534740	NODE_1785_length_301_cov_13.526119	60.9	301	219	0.210046	7.97e-07	acc|GENBANK|XHA87591.1|GENBANK|PQ054798|hypothetical protein [Qianjiang picobirna-like virus 2]	Qianjiang picobirna-like virus 2	Blastx
SRR22534740	NODE_33970_length_555_cov_6.155172	34.1	555	331	0.256798	8.02e-07	acc|GENBANK|ATZ80893.1|GENBANK|MF782455|serine/threonine-protein kinase [Bodo saltans virus]	Bodo saltans virus	Blastx
SRR22534740	NODE_31933_length_482_cov_3.273942	35.6	482	318	0.415094	8.11e-07	acc|GENBANK|QBZ80763.1|GENBANK|MK174290|Esterase FrsA incomplete domain containing [Pandoravirus celtis]	Pandoravirus celtis	Blastx
SRR22534740	NODE_506_length_635_cov_133.480066	28.1	635	212	0.905660	8.24e-07	acc|GENBANK|AYV79923.1|GENBANK|MK072200|superoxide dismutase [Gaeavirus sp.]	Gaeavirus sp.	Blastx
SRR22534740	NODE_27342_length_520_cov_2.297741	30.3	520	1008	0.118056	8.39e-07	acc|REFSEQ|YP_009430141.1|REFSEQ|NC_022098|Threonylcarbamoyl AMP synthase [Pandoravirus salinus]	Pandoravirus salinus	Blastx
SRR22534740	NODE_3968_length_663_cov_2.014286	46.8	663	141	0.333333	8.39e-07	acc|GENBANK|ARF12621.1|GENBANK|KY684116|RING finger domain protein [Klosneuvirus KNV1]	Klosneuvirus KNV1	Blastx
SRR22534740	NODE_607_length_1074_cov_13.980788	28.3	1074	249	0.851406	8.42e-07	acc|GENBANK|ACD54816.1|GENBANK|EU643495|carbonyl reductase-like protein [Adineta vaga]	Adineta vaga	Blastx
SRR22534740	NODE_11495_length_212_cov_1.284916	44.4	212	1675	0.032239	8.87e-07	acc|GENBANK|BFT93583.1|GENBANK|LC847964|Ser/Thr protein kinase [Medusavirus sp. 'euryale']	Medusavirus sp. 'euryale'	Blastx
SRR22534740	NODE_10803_length_430_cov_2.375315	36.5	430	727	0.143054	9.01e-07	acc|GENBANK|ADB85269.1|GENBANK|GQ252805|putative lectin-like protein kinase [Phyllostachys edulis]	Phyllostachys edulis	Blastx
SRR22534740	NODE_21472_length_311_cov_1.327338	53.4	311	1475	0.039322	9.02e-07	acc|GENBANK|WQM87025.1|GENBANK|OR991738|serine/threonine protein kinase [Marseillevirus cajuinensis]	Marseillevirus cajuinensis	Blastx
SRR22534740	NODE_32811_length_811_cov_6.388175	24.7	811	437	0.407323	9.11e-07	acc|GENBANK|XBU05407.1|NEIGHBOR|PP906086|beta-1,3-galactosyl-O-glycosyl-glycoprotein [Elephant endotheliotropic herpesvirus 5]	Elephant endotheliotropic herpesvirus 5	Blastx
SRR22534740	NODE_28243_length_1030_cov_4.173521	38.9	1030	173	0.416185	9.22e-07	acc|GENBANK|AYV84055.1|GENBANK|MK072398|hypothetical protein [Hyperionvirus sp.]	Hyperionvirus sp.	Blastx
SRR22534740	NODE_37832_length_371_cov_21.221893	37.1	371	197	0.451777	9.31e-07	acc|REFSEQ|YP_009449015.1|REFSEQ|NC_036594|GTP ras-related protein Rac1 [Orpheovirus IHUMI-LCC2]	Orpheovirus IHUMI-LCC2	Blastx
SRR22534740	NODE_31764_length_266_cov_6.510730	47.9	266	604	0.117550	9.32e-07	acc|GENBANK|ABH08432.1|GENBANK|DQ851167|putative non-inducible immunity 1 [Beta vulgaris]	Beta vulgaris	Blastx
SRR22534740	NODE_31820_length_672_cov_1.751174	44.6	672	341	0.190616	9.35e-07	acc|GENBANK|AYV82946.1|GENBANK|MK072385|hypothetical protein [Hyperionvirus sp.]	Hyperionvirus sp.	Blastx
SRR22534740	NODE_36783_length_903_cov_21.208046	29.8	903	326	0.380368	9.64e-07	acc|GENBANK|CAK7597195.1|GENBANK|OZ003748|Zinc finger, RING/FYVE/PHD-type homologous [Catovirus sp. 'naegleriensis']	Catovirus sp. 'naegleriensis'	Blastx
SRR22534740	NODE_32553_length_677_cov_2.948758	29.1	677	351	0.509972	9.77e-07	acc|REFSEQ|YP_008003920.1|REFSEQ|NC_021247|protein phosphatase 1B [Adoxophyes honmai entomopoxvirus 'L']	Adoxophyes honmai entomopoxvirus 'L'	Blastx
SRR22534740	NODE_34782_length_938_cov_12.362431	35.7	938	122	0.573770	9.85e-07	acc|GENBANK|AYV80588.1|GENBANK|MK072245|hypothetical protein [Harvfovirus sp.]	Harvfovirus sp.	Blastx
SRR22534740	NODE_5501_length_329_cov_9.104730	35.0	329	378	0.211640	9.85e-07	acc|GENBANK|ACN72775.1|GENBANK|FJ791046|delta-12 oleate desaturase [Helianthus annuus]	Helianthus annuus	Blastx
SRR22534740	NODE_35674_length_629_cov_6.328859	40.0	629	353	0.169972	1.00e-06	acc|GENBANK|WGU26821.1|GENBANK|OQ503488|S-acyltransferase 11-like protein [Triticum monococcum]	Triticum monococcum	Blastx
SRR22534740	NODE_30368_length_824_cov_4.343869	30.9	824	483	0.308489	1.02e-06	acc|GENBANK|AYV80388.1|GENBANK|MK072243|cytochrome P450 704B1 [Harvfovirus sp.]	Harvfovirus sp.	Blastx
SRR22534740	NODE_39912_length_613_cov_35.746552	31.6	613	245	0.400000	1.02e-06	acc|GENBANK|UNJ46593.1|GENBANK|OM135585|CG1662 [Drosophila melanogaster]	Drosophila melanogaster	Blastx
SRR22534740	NODE_6021_length_438_cov_14.427160	33.0	438	1125	0.091556	1.03e-06	acc|GENBANK|AYV86640.1|GENBANK|MK072511|sensory box sensor histidine kinase/response [Sylvanvirus sp.]	Sylvanvirus sp.	Blastx
SRR22534740	NODE_25283_length_202_cov_2.532544	37.5	202	412	0.135922	1.03e-06	acc|GENBANK|AAR26919.1|GENBANK|AY225134|FirrV-1-B44 [Feldmannia irregularis virus a]	Feldmannia irregularis virus a	Blastx
SRR22534740	NODE_18646_length_546_cov_3.762183	42.2	546	925	0.069189	1.04e-06	acc|GENBANK|ABY48139.1|GENBANK|EU306659|NORK [Medicago truncatula]	Medicago truncatula	Blastx
SRR22534740	NODE_2327_length_1930_cov_26.055351	38.2	1930	77	0.883117	1.07e-06	acc|GENBANK|UZE89784.1|GENBANK|ON704650|V-UBI [Parapoynx stagnalis nucleopolyhedrovirus]	Parapoynx stagnalis nucleopolyhedrovirus	Blastx
SRR22534740	NODE_15461_length_533_cov_5.670000	27.6	533	454	0.374449	1.08e-06	acc|REFSEQ|YP_010781807.1|REFSEQ|NC_075039|hypothetical protein [Tupanvirus soda lake]	Tupanvirus soda lake	Blastx
SRR22534740	NODE_48808_length_357_cov_2.759259	39.2	357	628	0.162420	1.08e-06	acc|GENBANK|QFG73644.1|GENBANK|MN448266|core-2/I-branching enzyme [Megaviridae environmental sample]	Megaviridae environmental sample	Blastx
SRR22534740	NODE_20059_length_318_cov_1.007018	42.3	318	97	0.536082	1.08e-06	acc|GENBANK|AUF82187.1|GENBANK|KY322437|SANT superfamily protein [Tetraselmis virus 1]	Tetraselmis virus 1	Blastx
SRR22534740	NODE_23323_length_477_cov_9.934685	30.4	477	145	0.634483	1.09e-06	acc|GENBANK|QKF94254.1|GENBANK|MT418680|molecular chaperone IbpA HSP20 family [Fadolivirus FV1/VV64]	Fadolivirus FV1/VV64	Blastx
SRR22534740	NODE_9885_length_455_cov_2.417062	34.0	455	686	0.141399	1.12e-06	acc|GENBANK|ADQ91181.1|GENBANK|HM004430|hypothetical protein [Bathycoccus sp. RCC1105 virus BpV2]	Bathycoccus sp. RCC1105 virus BpV2	Blastx
SRR22534740	NODE_32219_length_228_cov_2.471795	41.7	228	990	0.060606	1.12e-06	acc|GENBANK|WBF70891.1|GENBANK|OP925046|DNA-directed RNA polymerase subunit 1 [Megavirus caiporensis]	Megavirus caiporensis	Blastx
SRR22534740	NODE_25331_length_733_cov_2.357143	25.3	733	1186	0.203204	1.13e-06	acc|GENBANK|ARF10911.1|GENBANK|KY684105|putative sensor histidine kinase [Hokovirus HKV1]	Hokovirus HKV1	Blastx
SRR22534740	NODE_43284_length_369_cov_18.113095	48.2	369	424	0.132075	1.15e-06	acc|GENBANK|ARF09212.1|GENBANK|KY684084|DnaJ domain protein [Catovirus CTV1]	Catovirus CTV1	Blastx
SRR22534740	NODE_34280_length_1001_cov_4.534091	30.9	1001	111	0.990991	1.17e-06	acc|REFSEQ|YP_009448553.1|REFSEQ|NC_036594|Thioredoxin [Orpheovirus IHUMI-LCC2]	Orpheovirus IHUMI-LCC2	Blastx
SRR22534740	NODE_5190_length_388_cov_1.735211	47.7	388	299	0.217391	1.17e-06	acc|GENBANK|QBK91775.1|GENBANK|MK500565|mitochondrial carrier-like protein [Pithovirus LCPAC304]	Pithovirus LCPAC304	Blastx
SRR22534740	NODE_25374_length_380_cov_5.132565	34.4	380	335	0.286567	1.17e-06	acc|GENBANK|ARF09021.1|GENBANK|KY684083|subtilase family protein [Catovirus CTV1]	Catovirus CTV1	Blastx
SRR22534740	NODE_19865_length_258_cov_1.728889	41.7	258	496	0.145161	1.17e-06	acc|GENBANK|XIF71149.1|GENBANK|PQ381123|protein kinase ubiB [Micromonas commoda virus]	Micromonas commoda virus	Blastx
SRR22534740	NODE_32706_length_659_cov_11.862620	29.0	659	274	0.616788	1.19e-06	acc|GENBANK|QBK85530.1|GENBANK|MK500327|formamidopyrimidine-DNA glycosylase [Marseillevirus LCMAC101]	Marseillevirus LCMAC101	Blastx
SRR22534740	NODE_3905_length_1111_cov_8.064935	31.3	1111	328	0.399390	1.22e-06	acc|GENBANK|UOG94377.1|NEIGHBOR|OM876856|serine-type endopeptidase [Aureococcus anophagefferens virus]	Aureococcus anophagefferens virus	Blastx
SRR22534740	NODE_1771_length_395_cov_9.508287	35.1	395	1297	0.074788	1.23e-06	acc|GENBANK|AAV51055.1|NEIGHBOR|AY653733|unknown [Acanthamoeba polyphaga mimivirus]	Acanthamoeba polyphaga mimivirus	Blastx
SRR22534740	NODE_35743_length_1022_cov_14.572295	46.3	1022	173	0.312139	1.24e-06	acc|GENBANK|AYV84055.1|GENBANK|MK072398|hypothetical protein [Hyperionvirus sp.]	Hyperionvirus sp.	Blastx
SRR22534740	NODE_27102_length_550_cov_4.297872	37.7	550	473	0.162791	1.25e-06	acc|GENBANK|QKF94185.1|GENBANK|MT418680|deoxyribodipyrimidine photolyase [Fadolivirus FV1/VV64]	Fadolivirus FV1/VV64	Blastx
SRR22534740	NODE_2259_length_1294_cov_23.641554	25.3	1294	332	0.762048	1.26e-06	acc|REFSEQ|YP_010776497.1|REFSEQ|NC_075034|putative alpha/beta hydrolase [Powai lake megavirus]	Powai lake megavirus	Blastx
SRR22534740	NODE_42613_length_750_cov_41.443515	36.9	750	228	0.368421	1.26e-06	acc|GENBANK|CAK7597209.1|GENBANK|OZ003748|RNA-binding/Nucleotide-binding alpha-beta plait [Catovirus sp. 'naegleriensis']	Catovirus sp. 'naegleriensis'	Blastx
SRR22534740	NODE_10966_length_285_cov_2.039683	36.5	285	160	0.600000	1.26e-06	acc|GENBANK|QDY51616.1|GENBANK|MK250085|phosphoribosyl transferase domain protein [Mimiviridae sp. ChoanoV1]	Mimiviridae sp. ChoanoV1	Blastx
SRR22534740	NODE_18859_length_407_cov_1.740642	38.6	407	583	0.120069	1.28e-06	acc|GENBANK|QFG74102.1|GENBANK|MN448279|ABC transporter [Megaviridae environmental sample]	Megaviridae environmental sample	Blastx
SRR22534740	NODE_11155_length_268_cov_1.480851	30.4	268	400	0.230000	1.28e-06	acc|GENBANK|AYV81460.1|GENBANK|MK072277|chromosome condensation regulator [Harvfovirus sp.]	Harvfovirus sp.	Blastx
SRR22534740	NODE_5401_length_1571_cov_6.557867	24.7	1571	234	0.970085	1.30e-06	acc|GENBANK|UOG94168.1|NEIGHBOR|OM876856|Tritrans [Aureococcus anophagefferens virus]	Aureococcus anophagefferens virus	Blastx
SRR22534740	NODE_36496_length_517_cov_17.305785	36.9	517	456	0.184211	1.30e-06	acc|GENBANK|AYV83564.1|GENBANK|MK072390|aspartate--tRNA ligase, cytoplasmic [Hyperionvirus sp.]	Hyperionvirus sp.	Blastx
SRR22534740	NODE_48269_length_267_cov_1.000000	30.7	267	569	0.154657	1.32e-06	acc|GENBANK|ATZ80436.1|GENBANK|MF782455|multidrug export ATPase/permease [Bodo saltans virus]	Bodo saltans virus	Blastx
SRR22534740	NODE_40808_length_983_cov_3.747368	33.6	983	476	0.250000	1.34e-06	acc|GENBANK|QBP06747.1|NEIGHBOR|MK514406|hypothetical protein [Ostreococcus lucimarinus virus 7]	Ostreococcus lucimarinus virus 7	Blastx
SRR22534740	NODE_34793_length_1088_cov_10.447393	33.1	1088	191	0.649215	1.36e-06	acc|REFSEQ|YP_010782501.1|REFSEQ|NC_075039|phosphatidate cytidylyltransferase [Tupanvirus soda lake]	Tupanvirus soda lake	Blastx
SRR22534740	NODE_10025_length_205_cov_10.872093	44.3	205	299	0.234114	1.36e-06	acc|GENBANK|ARF09764.1|GENBANK|KY684087|serine/threonine protein kinase [Indivirus ILV1]	Indivirus ILV1	Blastx
SRR22534740	NODE_48879_length_571_cov_14.275093	38.7	571	399	0.155388	1.37e-06	acc|GENBANK|QBK89073.1|GENBANK|MK500407|ring finger protein [Mimivirus LCMiAC02]	Mimivirus LCMiAC02	Blastx
SRR22534740	NODE_37304_length_528_cov_11.943434	44.3	528	402	0.151741	1.37e-06	acc|REFSEQ|YP_003969759.1|REFSEQ|NC_014637|putative DnaJ/Hsp40 [Cafeteria roenbergensis virus BV-PW1]	Cafeteria roenbergensis virus BV-PW1	Blastx
SRR22534740	NODE_13302_length_388_cov_5.377465	31.3	388	424	0.264151	1.38e-06	acc|GENBANK|AYV75470.1|GENBANK|MK071979|putative cytochrome P450 4C1-like isoform X2 [Terrestrivirus sp.]	Terrestrivirus sp.	Blastx
SRR22534740	NODE_35790_length_594_cov_7.778966	37.3	594	89	0.573034	1.38e-06	acc|GENBANK|AYV84005.1|GENBANK|MK072397|hypothetical protein [Hyperionvirus sp.]	Hyperionvirus sp.	Blastx
SRR22534740	NODE_2530_length_994_cov_11.844953	45.6	994	258	0.220930	1.42e-06	acc|GENBANK|WMV02893.1|GENBANK|OP630990|alpha-tubulin [Diderma spumarioides]	Diderma spumarioides	Blastx
SRR22534740	NODE_3321_length_1343_cov_27.481679	41.6	1343	159	0.484277	1.42e-06	acc|GENBANK|AYV84693.1|GENBANK|MK072416|putative 26S proteasome non-ATPase regulatory [Hyperionvirus sp.]	Hyperionvirus sp.	Blastx
SRR22534740	NODE_2414_length_385_cov_15.571023	38.4	385	590	0.123729	1.42e-06	acc|GENBANK|AYV86827.1|GENBANK|MK072516|CMGC/MAPK protein kinase [Sylvanvirus sp.]	Sylvanvirus sp.	Blastx
SRR22534740	NODE_42913_length_314_cov_34.185053	29.2	314	171	0.421053	1.42e-06	acc|REFSEQ|YP_009001589.1|REFSEQ|NC_023426|translation initiation factor elF-4e [Alphaentomopoxvirus acuprea]	Alphaentomopoxvirus acuprea	Blastx
SRR22534740	NODE_18015_length_232_cov_1.577889	51.0	232	308	0.165584	1.42e-06	acc|GENBANK|AFV13468.1|GENBANK|JQ314449|ring-H2 zinc finger protein [Coix lacryma-jobi]	Coix lacryma-jobi	Blastx
SRR22534740	NODE_20529_length_453_cov_1.161905	37.1	453	478	0.146444	1.43e-06	acc|GENBANK|ADQ91298.1|GENBANK|HM004430|hypothetical protein [Bathycoccus sp. RCC1105 virus BpV2]	Bathycoccus sp. RCC1105 virus BpV2	Blastx
SRR22534740	NODE_13467_length_227_cov_1.711340	35.1	227	468	0.158120	1.43e-06	acc|GENBANK|AYV85441.1|GENBANK|MK072453|cytochrome 450-like protein [Satyrvirus sp.]	Satyrvirus sp.	Blastx
SRR22534740	NODE_48455_length_273_cov_0.991667	37.3	273	925	0.081081	1.46e-06	acc|GENBANK|ABY48139.1|GENBANK|EU306659|NORK [Medicago truncatula]	Medicago truncatula	Blastx
SRR22534740	NODE_36136_length_380_cov_13.559078	36.3	380	299	0.267559	1.47e-06	acc|GENBANK|QBK91775.1|GENBANK|MK500565|mitochondrial carrier-like protein [Pithovirus LCPAC304]	Pithovirus LCPAC304	Blastx
SRR22534740	NODE_48774_length_335_cov_1.162252	28.8	335	484	0.229339	1.50e-06	acc|GENBANK|AYV77733.1|GENBANK|MK072066|CYP86A7 [Edafosvirus sp.]	Edafosvirus sp.	Blastx
SRR22534740	NODE_19682_length_279_cov_1.235772	31.9	279	487	0.193018	1.50e-06	acc|GENBANK|QDY52148.1|GENBANK|MK250088|hypothetical protein [Mimiviridae sp. ChoanoV1]	Mimiviridae sp. ChoanoV1	Blastx
SRR22534740	NODE_18870_length_721_cov_4.729651	26.2	721	488	0.352459	1.52e-06	acc|GENBANK|AFQ62789.1|GENBANK|JX305313|APN2 [Hymenoscyphus albidus]	Hymenoscyphus albidus	Blastx
SRR22534740	NODE_12485_length_414_cov_1.454068	41.2	414	2037	0.041728	1.55e-06	acc|GENBANK|ABG37663.1|GENBANK|DQ536170|CCHC-type integrase [Populus trichocarpa]	Populus trichocarpa	Blastx
SRR22534740	NODE_9330_length_364_cov_3.332326	51.0	364	589	0.086587	1.55e-06	acc|GENBANK|XKM50678.1|GENBANK|PQ442278|hypothetical protein [Ostreococcus tauri virus 19-T2]	Ostreococcus tauri virus 19-T2	Blastx
SRR22534740	NODE_10393_length_312_cov_4.172043	37.2	312	369	0.211382	1.55e-06	acc|REFSEQ|YP_009361581.1|REFSEQ|NC_034383|Bifunctional polynucleotide phosphatase/kinase [Pacmanvirus A23]	Pacmanvirus A23	Blastx
SRR22534740	NODE_29949_length_875_cov_3.350356	50.0	875	325	0.196923	1.57e-06	acc|GENBANK|ABY48134.1|GENBANK|EU306659|bHLH transcription factor [Medicago truncatula]	Medicago truncatula	Blastx
SRR22534740	NODE_24783_length_604_cov_2.136602	32.6	604	1044	0.129310	1.62e-06	acc|GENBANK|BAC54898.1|GENBANK|AB083008|supressor of Ty element 16 [Drosophila melanogaster]	Drosophila melanogaster	Blastx
SRR22534740	NODE_27956_length_748_cov_5.511888	27.1	748	309	0.466019	1.64e-06	acc|GENBANK|AAB19180.1|GENBANK|U43603|nonstructural protein NS2-3 [Border disease virus]	Border disease virus	Blastx
SRR22534740	NODE_48138_length_263_cov_1.017391	41.5	263	476	0.136555	1.65e-06	acc|GENBANK|QPI16652.1|GENBANK|MW030591|serine endoprotease [Virus NIOZ-UU159]	Virus NIOZ-UU159	Blastx
SRR22534740	NODE_3149_length_539_cov_3.758893	35.9	539	631	0.123613	1.66e-06	acc|GENBANK|AYV76068.1|GENBANK|MK071982|hypothetical protein [Terrestrivirus sp.]	Terrestrivirus sp.	Blastx
SRR22534740	NODE_1879_length_483_cov_31.037778	37.6	483	221	0.420814	1.68e-06	acc|GENBANK|QKF94498.1|GENBANK|MT418680|RNA 2'-phosphotransferase kptA [Fadolivirus FV1/VV64]	Fadolivirus FV1/VV64	Blastx
SRR22534740	NODE_22821_length_439_cov_5.366995	29.5	439	484	0.301653	1.70e-06	acc|GENBANK|AYV77733.1|GENBANK|MK072066|CYP86A7 [Edafosvirus sp.]	Edafosvirus sp.	Blastx
SRR22534740	NODE_5430_length_1309_cov_9.064263	49.2	1309	62	0.983871	1.70e-06	acc|GENBANK|AYV82647.1|GENBANK|MK072384|hypothetical protein [Hyperionvirus sp.]	Hyperionvirus sp.	Blastx
SRR22534740	NODE_42951_length_417_cov_15.838542	34.1	417	212	0.429245	1.70e-06	acc|GENBANK|AYV79923.1|GENBANK|MK072200|superoxide dismutase [Gaeavirus sp.]	Gaeavirus sp.	Blastx
SRR22534740	NODE_39850_length_889_cov_16.945093	29.8	889	1006	0.113320	1.73e-06	acc|GENBANK|QBK88800.1|GENBANK|MK500399|ubiquitin-activating enzyme E1 [Mimivirus LCMiAC01]	Mimivirus LCMiAC01	Blastx
SRR22534740	NODE_42580_length_1356_cov_7.850340	39.3	1356	205	0.409756	1.74e-06	acc|GENBANK|QBK87090.1|GENBANK|MK500343|ribose/galactose isomerase [Marseillevirus LCMAC103]	Marseillevirus LCMAC103	Blastx
SRR22534740	NODE_36294_length_292_cov_11.393822	35.1	292	552	0.170290	1.75e-06	acc|GENBANK|QBK86872.1|GENBANK|MK500337|uncharacterized protein [Marseillevirus LCMAC103]	Marseillevirus LCMAC103	Blastx
SRR22534740	NODE_1478_length_690_cov_10.990868	32.8	690	322	0.416149	1.78e-06	acc|GENBANK|QFG74515.1|GENBANK|MN448289|signal peptide peptidase [Megaviridae environmental sample]	Megaviridae environmental sample	Blastx
SRR22534740	NODE_1613_length_1914_cov_8.132376	26.2	1914	490	0.475510	1.79e-06	acc|GENBANK|QBK92743.1|GENBANK|MK500581|uncharacterized protein [Pithovirus LCPAC401]	Pithovirus LCPAC401	Blastx
SRR22534740	NODE_47667_length_249_cov_1.083333	55.3	249	325	0.144615	1.83e-06	acc|GENBANK|QBK87870.1|GENBANK|MK500370|uncharacterized protein [Marseillevirus LCMAC202]	Marseillevirus LCMAC202	Blastx
SRR22534740	NODE_37290_length_304_cov_4.099631	35.1	304	239	0.322176	1.84e-06	acc|GENBANK|AYV83988.1|GENBANK|MK072397|RING/U-box superfamily protein [Hyperionvirus sp.]	Hyperionvirus sp.	Blastx
SRR22534740	NODE_13534_length_269_cov_1.843220	34.2	269	925	0.082162	1.85e-06	acc|GENBANK|ABY48139.1|GENBANK|EU306659|NORK [Medicago truncatula]	Medicago truncatula	Blastx
SRR22534740	NODE_30845_length_411_cov_2.288360	32.0	411	705	0.137589	1.90e-06	acc|GENBANK|AGE56163.1|GENBANK|JX997176|helicase [Paramecium bursaria Chlorella virus NE-JV-1]	Paramecium bursaria Chlorella virus NE-JV-1	Blastx
SRR22534740	NODE_19505_length_386_cov_2.082153	67.5	386	533	0.075047	1.90e-06	acc|GENBANK|WAX26015.1|GENBANK|OP721220|putative major capsid protein L1 [Human papillomavirus]	Human papillomavirus	Blastx
SRR22534740	NODE_2642_length_800_cov_3.662321	34.5	800	125	0.672000	1.94e-06	acc|GENBANK|AYV76397.1|GENBANK|MK071984|vesicle-associated membrane protein 4 [Terrestrivirus sp.]	Terrestrivirus sp.	Blastx
SRR22534740	NODE_18346_length_203_cov_2.000000	41.9	203	451	0.137472	1.94e-06	acc|GENBANK|SPN79568.1|GENBANK|LT994651|Adenylosuccinate synthetase [Brazilian cedratvirus IHUMI]	Brazilian cedratvirus IHUMI	Blastx
SRR22534740	NODE_38562_length_202_cov_46.147929	38.8	202	557	0.120287	1.96e-06	acc|GENBANK|WGU26825.1|GENBANK|OQ503488|putative acyl-activating enzyme 5 [Triticum monococcum]	Triticum monococcum	Blastx
SRR22534740	NODE_47664_length_248_cov_1.088372	67.7	248	115	0.269565	2.01e-06	acc|GENBANK|AAX62221.1|GENBANK|AY959225|reverse transcriptase [Cycas revoluta]	Cycas revoluta	Blastx
SRR22534740	NODE_917_length_2621_cov_20.483771	24.1	2621	651	0.554531	2.05e-06	acc|GENBANK|ARF11508.1|GENBANK|KY684108|dynamin family protein [Klosneuvirus KNV1]	Klosneuvirus KNV1	Blastx
SRR22534740	NODE_35923_length_2386_cov_10.844879	22.0	2386	850	0.603529	2.06e-06	acc|GENBANK|AGE55605.1|GENBANK|JX997174|calcium-transporting ATPase, plasma [Acanthocystis turfacea Chlorella virus MN0810.1]	Acanthocystis turfacea Chlorella virus MN0810.1	Blastx
SRR22534740	NODE_21020_length_369_cov_1.595238	53.1	369	158	0.310127	2.07e-06	acc|GENBANK|UOG94965.1|GENBANK|OM885364|transcription factor MybA3 [Vitis vinifera]	Vitis vinifera	Blastx
SRR22534740	NODE_43546_length_361_cov_91.753049	52.6	361	144	0.395833	2.11e-06	acc|GENBANK|WZH61589.1|GENBANK|PP173858|putative capsid protein [Sonafor virus]	Sonafor virus	Blastx
SRR22534740	NODE_27951_length_1187_cov_3.649047	26.3	1187	357	0.915966	2.13e-06	acc|GENBANK|AYV78413.1|GENBANK|MK072077|monooxygenase, FAD-binding domain-containing [Edafosvirus sp.]	Edafosvirus sp.	Blastx
SRR22534740	NODE_714_length_1891_cov_10.979010	27.1	1891	230	0.673913	2.13e-06	acc|GENBANK|ADB85286.1|GENBANK|GQ252816|putative RNA-binding-like protein [Phyllostachys edulis]	Phyllostachys edulis	Blastx
SRR22534740	NODE_24953_length_408_cov_4.474667	38.6	408	338	0.207101	2.14e-06	acc|REFSEQ|YP_009173263.1|REFSEQ|NC_028094|Ubox domain containing protein [Chrysochromulina ericina virus]	Chrysochromulina ericina virus	Blastx
SRR22534740	NODE_23025_length_410_cov_5.570292	57.1	410	250	0.196000	2.14e-06	acc|GENBANK|QKF94408.1|GENBANK|MT418680|3-deoxy-D-manno-octulosonate [Fadolivirus FV1/VV64]	Fadolivirus FV1/VV64	Blastx
SRR22534740	NODE_47897_length_256_cov_1.049327	45.1	256	1261	0.040444	2.19e-06	acc|GENBANK|ACN78974.1|GENBANK|FJ225394|retrotransposon protein [Glycine max]	Glycine max	Blastx
SRR22534740	NODE_5493_length_1019_cov_10.310345	33.9	1019	268	0.440299	2.20e-06	acc|GENBANK|AYV77759.1|GENBANK|MK072066|hypothetical protein [Edafosvirus sp.]	Edafosvirus sp.	Blastx
SRR22534740	NODE_9438_length_411_cov_2.751323	43.4	411	122	0.434426	2.21e-06	acc|GENBANK|AYV80588.1|GENBANK|MK072245|hypothetical protein [Harvfovirus sp.]	Harvfovirus sp.	Blastx
SRR22534740	NODE_33466_length_812_cov_6.874198	33.1	812	444	0.279279	2.23e-06	acc|GENBANK|AYV82401.1|GENBANK|MK072377|cell division protein FtsH [Homavirus sp.]	Homavirus sp.	Blastx
SRR22534740	NODE_17560_length_210_cov_1.197740	42.6	210	925	0.065946	2.25e-06	acc|GENBANK|ABY48139.1|GENBANK|EU306659|NORK [Medicago truncatula]	Medicago truncatula	Blastx
SRR22534740	NODE_35819_length_768_cov_6.451701	40.3	768	391	0.171355	2.29e-06	acc|GENBANK|AYV76056.1|GENBANK|MK071982|DnaJ domain protein [Terrestrivirus sp.]	Terrestrivirus sp.	Blastx
SRR22534740	NODE_1060_length_453_cov_21.230952	31.6	453	327	0.299694	2.29e-06	acc|GENBANK|QKF94686.1|GENBANK|MT418680|NADP-dependent oxidoreductase [Fadolivirus FV1/VV64]	Fadolivirus FV1/VV64	Blastx
SRR22534740	NODE_25914_length_378_cov_3.142029	33.3	378	212	0.410377	2.29e-06	acc|GENBANK|AYV82031.1|GENBANK|MK072334|Ras-like protein Rab-11A [Homavirus sp.]	Homavirus sp.	Blastx
SRR22534740	NODE_780_length_1141_cov_22.271661	30.8	1141	328	0.435976	2.30e-06	acc|GENBANK|QFG74295.1|GENBANK|MN448285|acyltransferase [Megaviridae environmental sample]	Megaviridae environmental sample	Blastx
SRR22534740	NODE_8376_length_1112_cov_6.502317	25.4	1112	344	0.825581	2.34e-06	acc|GENBANK|QDY51896.1|GENBANK|MK250085|hypothetical protein [Mimiviridae sp. ChoanoV1]	Mimiviridae sp. ChoanoV1	Blastx
SRR22534740	NODE_17871_length_271_cov_1.327731	39.1	271	346	0.184971	2.40e-06	acc|GENBANK|AQN68204.1|GENBANK|KY110734|putative replication factor c small subunit [Saudi moumouvirus]	Saudi moumouvirus	Blastx
SRR22534740	NODE_8489_length_557_cov_2.772901	35.2	557	495	0.177778	2.43e-06	acc|GENBANK|XKM46480.1|GENBANK|PQ442261|hypothetical protein [Micromonas commoda virus 20T]	Micromonas commoda virus 20T	Blastx
SRR22534740	NODE_8171_length_1100_cov_18.346767	42.1	1100	97	0.587629	2.46e-06	acc|GENBANK|AUF82187.1|GENBANK|KY322437|SANT superfamily protein [Tetraselmis virus 1]	Tetraselmis virus 1	Blastx
SRR22534740	NODE_43538_length_387_cov_10.505650	36.2	387	373	0.310992	2.49e-06	acc|GENBANK|AYV86662.1|GENBANK|MK072512|phosphatase 2C [Sylvanvirus sp.]	Sylvanvirus sp.	Blastx
SRR22534740	NODE_31880_length_517_cov_1.270661	37.4	517	549	0.180328	2.51e-06	acc|GENBANK|WGU26815.1|GENBANK|OQ503488|pentatricopeptide repeat-containing protein [Triticum monococcum]	Triticum monococcum	Blastx
SRR22534740	NODE_48261_length_267_cov_1.000000	60.5	267	1281	0.029664	2.56e-06	acc|GENBANK|AAL17972.1|GENBANK|AY053456|pORF2 [Mus musculus domesticus]	Mus musculus domesticus	Blastx
SRR22534740	NODE_6939_length_866_cov_38.024010	28.0	866	229	0.545852	2.57e-06	acc|GENBANK|QDY51704.1|GENBANK|MK250085|CS domain protein [Mimiviridae sp. ChoanoV1]	Mimiviridae sp. ChoanoV1	Blastx
SRR22534740	NODE_35041_length_1049_cov_8.505906	23.3	1049	336	0.562500	2.65e-06	acc|GENBANK|WBR61423.1|GENBANK|ON052824|BTB POZ roadkill-like [Drosophila suzukii associated hytrosavirus 1]	Drosophila suzukii associated hytrosavirus 1	Blastx
SRR22534740	NODE_44693_length_1060_cov_9.181110	46.9	1060	424	0.150943	2.68e-06	acc|GENBANK|ARF09212.1|GENBANK|KY684084|DnaJ domain protein [Catovirus CTV1]	Catovirus CTV1	Blastx
SRR22534740	NODE_12979_length_461_cov_5.521028	50.0	461	114	0.350877	2.76e-06	acc|REFSEQ|YP_009165290.1|REFSEQ|NC_027867|programmed cell death protein 2-like protein [Mollivirus sibericum]	Mollivirus sibericum	Blastx
SRR22534740	NODE_4624_length_387_cov_1.550847	68.6	387	169	0.207101	2.88e-06	acc|REFSEQ|YP_010780860.1|REFSEQ|NC_075038|hypothetical protein [Tupanvirus deep ocean]	Tupanvirus deep ocean	Blastx
SRR22534740	NODE_581_length_585_cov_21.826087	27.5	585	182	0.818681	2.91e-06	acc|GENBANK|BDT62002.1|GENBANK|LC738871|hypothetical protein [Penaeus monodon majanivirus B]	Penaeus monodon majanivirus B	Blastx
SRR22534740	NODE_30281_length_200_cov_1.646707	49.1	200	177	0.299435	3.01e-06	acc|GENBANK|ABK32208.1|GENBANK|DQ890165|VRN3 [Triticum aestivum]	Triticum aestivum	Blastx
SRR22534740	NODE_38132_length_295_cov_35.019084	31.4	295	126	0.555556	3.03e-06	acc|GENBANK|AYV75144.1|GENBANK|MK071979|5'-AMP-activated protein kinase subunit [Terrestrivirus sp.]	Terrestrivirus sp.	Blastx
SRR22534740	NODE_19047_length_633_cov_5.955000	33.0	633	306	0.326797	3.05e-06	acc|GENBANK|ADX06521.1|GENBANK|HQ704804|putative ABC transporter related protein [Organic Lake phycodnavirus]	Organic Lake phycodnavirus	Blastx
SRR22534740	NODE_41717_length_1308_cov_11.845490	25.5	1308	1164	0.189003	3.10e-06	acc|GENBANK|ADX05878.1|GENBANK|HQ704802|putative DNA-directed RNA polymerase [Organic Lake phycodnavirus 1]	Organic Lake phycodnavirus 1	Blastx
SRR22534740	NODE_39672_length_1014_cov_12.323140	29.3	1014	193	0.689119	3.11e-06	acc|REFSEQ|YP_009174583.1|REFSEQ|NC_028110|head maturation protease [Yellowstone lake phycodnavirus 2]	Yellowstone lake phycodnavirus 2	Blastx
SRR22534740	NODE_1451_length_635_cov_3.790698	25.0	635	524	0.206107	3.12e-06	acc|GENBANK|ADJ57459.1|GENBANK|HM214799|CYP6G1 [Drosophila melanogaster]	Drosophila melanogaster	Blastx
SRR22534740	NODE_1673_length_373_cov_7.538235	57.1	373	651	0.075269	3.21e-06	acc|GENBANK|QBK86751.1|GENBANK|MK500335|uncharacterized protein [Marseillevirus LCMAC103]	Marseillevirus LCMAC103	Blastx
SRR22534740	NODE_25686_length_264_cov_3.532468	30.1	264	591	0.123519	3.25e-06	acc|GENBANK|QBK87243.1|GENBANK|MK500346|uncharacterized protein [Marseillevirus LCMAC201]	Marseillevirus LCMAC201	Blastx
SRR22534740	NODE_42374_length_1368_cov_22.232959	38.6	1368	228	0.364035	3.27e-06	acc|GENBANK|CAK7597209.1|GENBANK|OZ003748|RNA-binding/Nucleotide-binding alpha-beta plait [Catovirus sp. 'naegleriensis']	Catovirus sp. 'naegleriensis'	Blastx
SRR22534740	NODE_28289_length_347_cov_2.449045	50.0	347	678	0.073746	3.30e-06	acc|GENBANK|CCQ71325.1|GENBANK|HF586476|hypothetical kinesin-like protein KIF3 [Cotesia congregata]	Cotesia congregata	Blastx
SRR22534740	NODE_29229_length_813_cov_6.985897	30.9	813	549	0.247723	3.37e-06	acc|GENBANK|WGU26819.1|GENBANK|OQ503488|BTB/POZ domain-containing protein [Triticum monococcum]	Triticum monococcum	Blastx
SRR22534740	NODE_35907_length_511_cov_7.650628	29.6	511	306	0.352941	3.42e-06	acc|GENBANK|ADX06521.1|GENBANK|HQ704804|putative ABC transporter related protein [Organic Lake phycodnavirus]	Organic Lake phycodnavirus	Blastx
SRR22534740	NODE_39141_length_244_cov_3.701422	46.3	244	832	0.064904	3.47e-06	acc|GENBANK|BAD00047.1|GENBANK|AB119282|Fusion protein, Feo [Hepacivirus hominis]	Hepacivirus hominis	Blastx
SRR22534740	NODE_40953_length_605_cov_4.701049	32.1	605	166	0.656627	3.51e-06	acc|GENBANK|AHA54219.1|GENBANK|KF481685|hypothetical protein [Emiliania huxleyi virus 18]	Emiliania huxleyi virus 18	Blastx
SRR22534740	NODE_43361_length_805_cov_5.212435	30.5	805	222	0.531532	3.64e-06	acc|REFSEQ|YP_010781087.1|REFSEQ|NC_075038|hypothetical protein [Tupanvirus deep ocean]	Tupanvirus deep ocean	Blastx
SRR22534740	NODE_41109_length_1345_cov_6.602134	46.0	1345	721	0.069348	3.73e-06	acc|GENBANK|ATZ80225.1|GENBANK|MF782455|putative nuclear export mediator factor [Bodo saltans virus]	Bodo saltans virus	Blastx
SRR22534740	NODE_13451_length_746_cov_3.019635	42.0	746	77	0.896104	3.74e-06	acc|GENBANK|WRJ69532.1|GENBANK|OR001839|SANT superfamily protein [Oceanusvirus sp.]	Oceanusvirus sp.	Blastx
SRR22534740	NODE_22075_length_301_cov_2.055970	47.6	301	925	0.068108	3.77e-06	acc|GENBANK|ABY48139.1|GENBANK|EU306659|NORK [Medicago truncatula]	Medicago truncatula	Blastx
SRR22534740	NODE_8050_length_958_cov_37.856216	46.3	958	97	0.556701	3.80e-06	acc|GENBANK|AUF82187.1|GENBANK|KY322437|SANT superfamily protein [Tetraselmis virus 1]	Tetraselmis virus 1	Blastx
SRR22534740	NODE_37168_length_1382_cov_13.601186	33.9	1382	117	0.982906	3.81e-06	acc|GENBANK|QDH76138.1|GENBANK|MK948413|putative gag protein [Porcine endogenous retrovirus]	Porcine endogenous retrovirus	Blastx
SRR22534740	NODE_34515_length_224_cov_11.848168	34.6	224	250	0.312000	3.82e-06	acc|GENBANK|QKF94408.1|GENBANK|MT418680|3-deoxy-D-manno-octulosonate [Fadolivirus FV1/VV64]	Fadolivirus FV1/VV64	Blastx
SRR22534740	NODE_8576_length_389_cov_4.300562	31.5	389	925	0.137297	3.88e-06	acc|GENBANK|ABY48139.1|GENBANK|EU306659|NORK [Medicago truncatula]	Medicago truncatula	Blastx
SRR22534740	NODE_21419_length_312_cov_1.032258	50.0	312	371	0.140162	3.95e-06	acc|GENBANK|WNO13897.1|GENBANK|OQ968270|capsid protein [Berere partitivirus]	Berere partitivirus	Blastx
SRR22534740	NODE_38410_length_1203_cov_14.698291	36.8	1203	239	0.317992	4.12e-06	acc|GENBANK|AYV83988.1|GENBANK|MK072397|RING/U-box superfamily protein [Hyperionvirus sp.]	Hyperionvirus sp.	Blastx
SRR22534740	NODE_45441_length_772_cov_17.671177	39.7	772	152	0.513158	4.16e-06	acc|REFSEQ|YP_008003543.1|REFSEQ|NC_021246|superoxide dismutase precursor [Mythimna separata entomopoxvirus 'L']	Mythimna separata entomopoxvirus 'L'	Blastx
SRR22534740	NODE_33043_length_249_cov_3.717593	57.1	249	213	0.262911	4.20e-06	acc|GENBANK|ACI00359.1|GENBANK|FJ173823|ZCCT2-B2a [Triticum turgidum]	Triticum turgidum	Blastx
SRR22534740	NODE_13146_length_213_cov_1.355556	31.3	213	411	0.163017	4.24e-06	acc|GENBANK|QDY51866.1|GENBANK|MK250085|hypothetical protein [Mimiviridae sp. ChoanoV1]	Mimiviridae sp. ChoanoV1	Blastx
SRR22534740	NODE_38636_length_729_cov_64.043103	28.9	729	182	0.835165	4.25e-06	acc|GENBANK|BDT62002.1|GENBANK|LC738871|hypothetical protein [Penaeus monodon majanivirus B]	Penaeus monodon majanivirus B	Blastx
SRR22534740	NODE_660_length_522_cov_37.329243	35.4	522	222	0.369369	4.27e-06	acc|GENBANK|QBK88168.1|GENBANK|MK500377|RNA recognition motif protein [Marseillevirus LCMAC202]	Marseillevirus LCMAC202	Blastx
SRR22534740	NODE_9952_length_476_cov_2.580135	48.1	476	488	0.110656	4.32e-06	acc|GENBANK|AFQ62789.1|GENBANK|JX305313|APN2 [Hymenoscyphus albidus]	Hymenoscyphus albidus	Blastx
SRR22534740	NODE_9672_length_359_cov_2.257669	44.4	359	97	0.556701	4.43e-06	acc|GENBANK|AUF82187.1|GENBANK|KY322437|SANT superfamily protein [Tetraselmis virus 1]	Tetraselmis virus 1	Blastx
SRR22534740	NODE_46847_length_218_cov_1.897297	33.9	218	547	0.113346	4.47e-06	acc|GENBANK|ARF11720.1|GENBANK|KY684109|ABC transporter [Klosneuvirus KNV1]	Klosneuvirus KNV1	Blastx
SRR22534740	NODE_12832_length_437_cov_2.646040	31.6	437	871	0.152698	4.54e-06	acc|GENBANK|AGE50969.1|GENBANK|JX997160|calcium-transporting ATPase, plasma [Paramecium bursaria Chlorella virus CVB-1]	Paramecium bursaria Chlorella virus CVB-1	Blastx
SRR22534740	NODE_33785_length_1772_cov_8.005750	36.6	1772	318	0.317610	4.59e-06	acc|REFSEQ|YP_009174434.1|REFSEQ|NC_028108|putative heat shock protein 40 [Yellowstone lake phycodnavirus 3]	Yellowstone lake phycodnavirus 3	Blastx
SRR22534740	NODE_199_length_481_cov_1.459821	27.3	481	544	0.283088	4.66e-06	acc|GENBANK|AHA54275.1|GENBANK|KF481685|Major Facilitator Superfamily protein [Emiliania huxleyi virus 18]	Emiliania huxleyi virus 18	Blastx
SRR22534740	NODE_2157_length_1638_cov_6.563240	26.2	1638	1019	0.273798	4.71e-06	acc|GENBANK|ABZ80022.1|NEIGHBOR|EU410304|beta-D-galactosidase [synthetic Vaccinia virus]	synthetic Vaccinia virus	Blastx
SRR22534740	NODE_490_length_577_cov_9.590074	32.8	577	420	0.304762	4.90e-06	acc|GENBANK|WAK75645.1|NEIGHBOR|ON812163|hypothetical protein [Kaisodi virus]	Kaisodi virus	Blastx
SRR22534740	NODE_29792_length_223_cov_1.652632	40.3	223	936	0.076923	4.94e-06	acc|GENBANK|QFG74471.1|GENBANK|MN448288|glycine cleavage system P-protein [Megaviridae environmental sample]	Megaviridae environmental sample	Blastx
SRR22534740	NODE_42891_length_524_cov_3.107943	43.4	524	122	0.434426	5.05e-06	acc|GENBANK|AYV80588.1|GENBANK|MK072245|hypothetical protein [Harvfovirus sp.]	Harvfovirus sp.	Blastx
SRR22534740	NODE_22098_length_372_cov_5.516224	44.4	372	97	0.556701	5.09e-06	acc|GENBANK|AUF82187.1|GENBANK|KY322437|SANT superfamily protein [Tetraselmis virus 1]	Tetraselmis virus 1	Blastx
SRR22534740	NODE_12207_length_205_cov_2.674419	35.9	205	371	0.172507	5.10e-06	acc|GENBANK|WNO13897.1|GENBANK|OQ968270|capsid protein [Berere partitivirus]	Berere partitivirus	Blastx
SRR22534740	NODE_35882_length_1604_cov_6.210694	50.0	1604	97	0.556701	5.16e-06	acc|GENBANK|AUF82187.1|GENBANK|KY322437|SANT superfamily protein [Tetraselmis virus 1]	Tetraselmis virus 1	Blastx
SRR22534740	NODE_41424_length_415_cov_11.832461	33.7	415	293	0.324232	5.19e-06	acc|GENBANK|QFG74071.1|GENBANK|MN448277|zinc carboxypeptidase [Megaviridae environmental sample]	Megaviridae environmental sample	Blastx
SRR22534740	NODE_38152_length_646_cov_38.743883	28.6	646	925	0.166486	5.20e-06	acc|GENBANK|ABY48139.1|GENBANK|EU306659|NORK [Medicago truncatula]	Medicago truncatula	Blastx
SRR22534740	NODE_4065_length_1579_cov_16.252911	22.3	1579	325	1.006154	5.37e-06	acc|GENBANK|ARF09069.1|GENBANK|KY684084|diacylglycerol kinase catalytic domain protein [Catovirus CTV1]	Catovirus CTV1	Blastx
SRR22534740	NODE_39427_length_1521_cov_3.430780	31.3	1521	549	0.204007	5.39e-06	acc|GENBANK|WGU26819.1|GENBANK|OQ503488|BTB/POZ domain-containing protein [Triticum monococcum]	Triticum monococcum	Blastx
SRR22534740	NODE_40925_length_621_cov_7.032313	31.5	621	577	0.225303	5.43e-06	acc|GENBANK|WHV01452.1|GENBANK|OQ865377|ankyrin repeat containing protein [Apapanepox virus]	Apapanepox virus	Blastx
SRR22534740	NODE_10023_length_603_cov_3.314035	28.8	603	383	0.362924	5.61e-06	acc|GENBANK|QBK86763.1|GENBANK|MK500336|chaperone protein [Marseillevirus LCMAC103]	Marseillevirus LCMAC103	Blastx
SRR22534740	NODE_37682_length_905_cov_13.246560	44.2	905	167	0.311377	5.66e-06	acc|GENBANK|AYV82866.1|GENBANK|MK072385|homeobox protein 4 [Hyperionvirus sp.]	Hyperionvirus sp.	Blastx
SRR22534740	NODE_39282_length_1619_cov_4.201135	26.4	1619	288	0.486111	5.75e-06	acc|GENBANK|AGE60187.1|GENBANK|JX997187|serine/threonine-protein kinase [Acanthocystis turfacea Chlorella virus WI0606]	Acanthocystis turfacea Chlorella virus WI0606	Blastx
SRR22534740	NODE_26300_length_237_cov_3.098039	43.5	237	404	0.170792	5.76e-06	acc|GENBANK|AGE56650.1|GENBANK|JX997177|hypothetical protein [Acanthocystis turfacea Chlorella virus NE-JV-2]	Acanthocystis turfacea Chlorella virus NE-JV-2	Blastx
SRR22534740	NODE_23264_length_498_cov_3.378495	48.8	498	781	0.055058	5.77e-06	acc|REFSEQ|YP_009120605.1|REFSEQ|NC_026440|F-box domain protein [Pandoravirus inopinatum]	Pandoravirus inopinatum	Blastx
SRR22534740	NODE_33999_length_602_cov_8.142355	23.4	602	206	0.538835	5.91e-06	acc|GENBANK|AYV87120.1|GENBANK|MK072532|hypothetical protein [Sylvanvirus sp.]	Sylvanvirus sp.	Blastx
SRR22534740	NODE_40350_length_1073_cov_7.819231	22.9	1073	564	0.503546	5.97e-06	acc|GENBANK|AWA44801.1|GENBANK|MH182523|ATP-dependent 6-phosphofructokinase [Saccharum officinarum]	Saccharum officinarum	Blastx
SRR22534740	NODE_4651_length_494_cov_2.175705	39.7	494	255	0.266667	6.07e-06	acc|GENBANK|BAM28751.1|GENBANK|AB623061|reverse transcriptase-like protein [Camellia sinensis var. sinensis]	Camellia sinensis var. sinensis	Blastx
SRR22534740	NODE_13291_length_216_cov_1.218579	44.6	216	552	0.101449	6.12e-06	acc|GENBANK|AYV75783.1|GENBANK|MK071981|ATP binding cassette sub family F [Terrestrivirus sp.]	Terrestrivirus sp.	Blastx
SRR22534740	NODE_8252_length_406_cov_14.504021	30.5	406	674	0.121662	6.13e-06	acc|GENBANK|UZT28900.1|GENBANK|OP765507|ATP-dependent zinc metalloprotease [Nucleocytoviricota sp.]	Nucleocytoviricota sp.	Blastx
SRR22534740	NODE_22429_length_375_cov_1.891813	61.4	375	678	0.064897	6.18e-06	acc|GENBANK|CCQ71325.1|GENBANK|HF586476|hypothetical kinesin-like protein KIF3 [Cotesia congregata]	Cotesia congregata	Blastx
SRR22534740	NODE_16_length_679_cov_3.012384	27.5	679	925	0.216216	6.37e-06	acc|GENBANK|ABY48139.1|GENBANK|EU306659|NORK [Medicago truncatula]	Medicago truncatula	Blastx
SRR22534740	NODE_34046_length_838_cov_9.700621	31.8	838	185	0.459459	6.37e-06	acc|GENBANK|AAV38329.1|GENBANK|BT019522|dual specificity phosphatase 3 (vaccinia virus [Homo sapiens]	Homo sapiens	Blastx
SRR22534740	NODE_29436_length_637_cov_2.168874	35.8	637	759	0.106719	6.39e-06	acc|GENBANK|ACN78962.1|GENBANK|FJ225394|methyltransferase [Glycine max]	Glycine max	Blastx
SRR22534740	NODE_48379_length_271_cov_0.983193	33.8	271	465	0.152688	6.40e-06	acc|REFSEQ|YP_010776501.1|REFSEQ|NC_075034|hypothetical protein [Powai lake megavirus]	Powai lake megavirus	Blastx
SRR22534740	NODE_1656_length_1076_cov_30.083413	40.2	1076	99	0.828283	6.41e-06	acc|REFSEQ|YP_010780200.1|REFSEQ|NC_075038|hypothetical protein [Tupanvirus deep ocean]	Tupanvirus deep ocean	Blastx
SRR22534740	NODE_6599_length_1184_cov_6.462207	35.2	1184	353	0.201133	6.60e-06	acc|GENBANK|WGU26821.1|GENBANK|OQ503488|S-acyltransferase 11-like protein [Triticum monococcum]	Triticum monococcum	Blastx
SRR22534740	NODE_2931_length_2103_cov_20.052657	36.3	2103	239	0.334728	6.70e-06	acc|GENBANK|AYV83988.1|GENBANK|MK072397|RING/U-box superfamily protein [Hyperionvirus sp.]	Hyperionvirus sp.	Blastx
SRR22534740	NODE_33957_length_844_cov_8.046856	34.9	844	528	0.200758	6.73e-06	acc|GENBANK|USI00830.1|GENBANK|ON753199|retrotransposon protein, putative Ty1-copia [Oryza sativa Japonica Group]	Oryza sativa Japonica Group	Blastx
SRR22534740	NODE_25984_length_270_cov_1.725738	36.4	270	1101	0.069936	6.74e-06	acc|GENBANK|ARF09969.1|GENBANK|KY684090|deoxycytidylate deaminase [Indivirus ILV1]	Indivirus ILV1	Blastx
SRR22534740	NODE_19977_length_276_cov_1.674897	32.9	276	394	0.177665	6.76e-06	acc|GENBANK|ARF11626.1|GENBANK|KY684109|translation initiation factor 4A-III [Klosneuvirus KNV1]	Klosneuvirus KNV1	Blastx
SRR22534740	NODE_27113_length_454_cov_5.593824	37.8	454	278	0.323741	6.87e-06	acc|GENBANK|AYV76281.1|GENBANK|MK071983|E3 ubiquitin-protein ligase Siah2 [Terrestrivirus sp.]	Terrestrivirus sp.	Blastx
SRR22534740	NODE_36486_length_662_cov_11.569157	43.5	662	327	0.189602	6.98e-06	acc|GENBANK|QFG73901.1|GENBANK|MN448274|papain family cysteine protease [Megaviridae environmental sample]	Megaviridae environmental sample	Blastx
SRR22534740	NODE_23611_length_398_cov_6.676712	26.8	398	398	0.356784	6.99e-06	acc|GENBANK|QBK89058.1|GENBANK|MK500407|protein phosphatase 2C [Mimivirus LCMiAC02]	Mimivirus LCMiAC02	Blastx
SRR22534740	NODE_1864_length_2246_cov_9.601898	22.9	2246	767	0.365059	7.07e-06	acc|GENBANK|QBK88429.1|GENBANK|MK500389|S9 family peptidase [Mimivirus LCMiAC01]	Mimivirus LCMiAC01	Blastx
SRR22534740	NODE_22375_length_226_cov_3.487047	37.0	226	1158	0.063040	7.07e-06	acc|GENBANK|ADK47522.1|GENBANK|HM124452|NBS2-RDG2A [Hordeum vulgare subsp. vulgare]	Hordeum vulgare subsp. vulgare	Blastx
SRR22534740	NODE_22959_length_466_cov_5.852194	52.2	466	126	0.365079	7.19e-06	acc|GENBANK|WGU26823.1|GENBANK|OQ503488|hypothetical protein [Triticum monococcum]	Triticum monococcum	Blastx
SRR22534740	NODE_11178_length_253_cov_2.081818	47.7	253	706	0.062323	7.21e-06	acc|GENBANK|WGU26822.1|GENBANK|OQ503488|OPT oligopeptide transporter protein [Triticum monococcum]	Triticum monococcum	Blastx
SRR22534740	NODE_7565_length_449_cov_2.242788	26.6	449	1744	0.081995	7.28e-06	acc|GENBANK|ARF09455.1|GENBANK|KY684085|DNA-directed RNA polymerase subunit alpha [Indivirus ILV1]	Indivirus ILV1	Blastx
SRR22534740	NODE_39078_length_587_cov_4.620939	41.5	587	122	0.434426	7.33e-06	acc|GENBANK|AYV80588.1|GENBANK|MK072245|hypothetical protein [Harvfovirus sp.]	Harvfovirus sp.	Blastx
SRR22534740	NODE_18559_length_295_cov_4.603053	48.8	295	219	0.187215	7.35e-06	acc|GENBANK|AYV77619.1|GENBANK|MK072054|hypothetical protein [Dasosvirus sp.]	Dasosvirus sp.	Blastx
SRR22534740	NODE_32133_length_283_cov_1.608000	37.1	283	496	0.141129	7.43e-06	acc|GENBANK|ACN78958.1|GENBANK|FJ225394|dehydration responsive protein [Glycine max]	Glycine max	Blastx
SRR22534740	NODE_39826_length_568_cov_2.867290	44.2	568	97	0.536082	7.52e-06	acc|GENBANK|AUF82187.1|GENBANK|KY322437|SANT superfamily protein [Tetraselmis virus 1]	Tetraselmis virus 1	Blastx
SRR22534740	NODE_28812_length_283_cov_2.168000	48.0	283	678	0.073746	7.62e-06	acc|GENBANK|CCQ71325.1|GENBANK|HF586476|hypothetical kinesin-like protein KIF3 [Cotesia congregata]	Cotesia congregata	Blastx
SRR22534740	NODE_36669_length_667_cov_7.324921	42.9	667	122	0.401639	7.81e-06	acc|GENBANK|AYV80588.1|GENBANK|MK072245|hypothetical protein [Harvfovirus sp.]	Harvfovirus sp.	Blastx
SRR22534740	NODE_39107_length_976_cov_12.435843	29.7	976	199	0.864322	7.87e-06	acc|GENBANK|QYA18718.1|GENBANK|MZ420154|(p)ppGpp synthetase/hydrolase [Clandestinovirus]	Clandestinovirus	Blastx
SRR22534740	NODE_10089_length_401_cov_2.654891	45.3	401	678	0.094395	7.87e-06	acc|GENBANK|CCQ71325.1|GENBANK|HF586476|hypothetical kinesin-like protein KIF3 [Cotesia congregata]	Cotesia congregata	Blastx
SRR22534740	NODE_11034_length_407_cov_2.663102	26.2	407	483	0.269151	7.93e-06	acc|GENBANK|AYV80388.1|GENBANK|MK072243|cytochrome P450 704B1 [Harvfovirus sp.]	Harvfovirus sp.	Blastx
SRR22534740	NODE_48710_length_296_cov_2.669202	64.5	296	59	0.525424	7.96e-06	acc|GENBANK|WZO75472.1|GENBANK|PP681863|zinc finger domain-containing stress-associated [Chlorovirus sp.]	Chlorovirus sp.	Blastx
SRR22534740	NODE_1392_length_752_cov_15.036161	37.1	752	158	0.392405	8.11e-06	acc|GENBANK|AYV80594.1|GENBANK|MK072245|hypothetical protein [Harvfovirus sp.]	Harvfovirus sp.	Blastx
SRR22534740	NODE_33429_length_694_cov_5.385779	34.7	694	324	0.293210	8.20e-06	acc|GENBANK|QBK87711.1|GENBANK|MK500369|dihydroorotate dehydrogenase [Marseillevirus LCMAC202]	Marseillevirus LCMAC202	Blastx
SRR22534740	NODE_28741_length_444_cov_1.450122	33.8	444	483	0.312629	8.35e-06	acc|GENBANK|AYV80388.1|GENBANK|MK072243|cytochrome P450 704B1 [Harvfovirus sp.]	Harvfovirus sp.	Blastx
SRR22534740	NODE_10002_length_581_cov_5.374088	33.3	581	1460	0.065753	8.63e-06	acc|REFSEQ|YP_003406869.1|REFSEQ|NC_013756|serine-threonine kinase [Marseillevirus marseillevirus]	Marseillevirus marseillevirus	Blastx
SRR22534740	NODE_15376_length_293_cov_3.280769	39.1	293	925	0.074595	8.64e-06	acc|GENBANK|ABY48139.1|GENBANK|EU306659|NORK [Medicago truncatula]	Medicago truncatula	Blastx
SRR22534740	NODE_13548_length_220_cov_1.197861	47.5	220	466	0.085837	8.64e-06	acc|GENBANK|ARJ31392.1|GENBANK|KY906028|putative ERV-F (C)1 provirus ancestral Env [Arabidopsis thaliana]	Arabidopsis thaliana	Blastx
SRR22534740	NODE_3071_length_1034_cov_16.107892	39.3	1034	353	0.158640	8.76e-06	acc|GENBANK|WGU26821.1|GENBANK|OQ503488|S-acyltransferase 11-like protein [Triticum monococcum]	Triticum monococcum	Blastx
SRR22534740	NODE_4239_length_459_cov_1.291080	28.8	459	387	0.403101	8.98e-06	acc|GENBANK|AYV84290.1|GENBANK|MK072403|hypothetical protein [Hyperionvirus sp.]	Hyperionvirus sp.	Blastx
SRR22534740	NODE_42294_length_352_cov_5.633229	34.1	352	746	0.109920	9.01e-06	acc|GENBANK|UMO80028.1|GENBANK|MZ420563|Serine/threonine protein kinase [Pandoravirus aubagnensis]	Pandoravirus aubagnensis	Blastx
SRR22534740	NODE_7569_length_350_cov_1.507886	43.0	350	1475	0.058305	9.10e-06	acc|GENBANK|BAM42646.1|GENBANK|AB701743|polyprotein [Arabidopsis thaliana]	Arabidopsis thaliana	Blastx
SRR22534740	NODE_39714_length_943_cov_4.463736	25.3	943	507	0.451677	9.32e-06	acc|GENBANK|ARF09167.1|GENBANK|KY684084|translation initiation factor 4A-III [Catovirus CTV1]	Catovirus CTV1	Blastx
SRR22534740	NODE_33852_length_713_cov_6.280882	31.8	713	269	0.550186	9.44e-06	acc|REFSEQ|YP_003970108.1|REFSEQ|NC_014637|putative family 2C serine/threonine phosphatase [Cafeteria roenbergensis virus BV-PW1]	Cafeteria roenbergensis virus BV-PW1	Blastx
SRR22534740	NODE_36927_length_561_cov_31.683712	40.0	561	322	0.217391	9.48e-06	acc|GENBANK|QFG74515.1|GENBANK|MN448289|signal peptide peptidase [Megaviridae environmental sample]	Megaviridae environmental sample	Blastx
SRR22534740	NODE_43964_length_1358_cov_14.689811	27.5	1358	890	0.244944	9.49e-06	acc|GENBANK|QGR53796.1|GENBANK|MK978772|glycosyltransferase [Moumouvirus maliensis]	Moumouvirus maliensis	Blastx
SRR22534740	NODE_42649_length_1018_cov_13.792893	33.7	1018	208	0.456731	9.59e-06	acc|GENBANK|AYV78627.1|GENBANK|MK072086|hypothetical protein [Edafosvirus sp.]	Edafosvirus sp.	Blastx
SRR22534740	NODE_48845_length_416_cov_1.527415	38.7	416	1261	0.059477	9.65e-06	acc|GENBANK|ACN78974.1|GENBANK|FJ225394|retrotransposon protein [Glycine max]	Glycine max	Blastx
SRR22534740	NODE_31981_length_380_cov_3.365994	42.1	380	167	0.341317	9.74e-06	acc|GENBANK|AYV82866.1|GENBANK|MK072385|homeobox protein 4 [Hyperionvirus sp.]	Hyperionvirus sp.	Blastx
SRR22534740	NODE_41102_length_2176_cov_6.753616	36.0	2176	421	0.237530	9.83e-06	acc|GENBANK|AGP03657.1|GENBANK|KF220834|integrase-type DNA-binding superfamily protein [Glycine max]	Glycine max	Blastx
SRR22534740	NODE_40175_length_989_cov_10.817992	32.2	989	336	0.267857	9.90e-06	acc|GENBANK|BCU03591.1|GENBANK|LC625835|ring finger protein [Pandoravirus japonicus]	Pandoravirus japonicus	Blastx
SRR22534740	NODE_31012_length_671_cov_4.481191	31.1	671	327	0.314985	9.90e-06	acc|GENBANK|QKF94686.1|GENBANK|MT418680|NADP-dependent oxidoreductase [Fadolivirus FV1/VV64]	Fadolivirus FV1/VV64	Blastx
SRR22534740	NODE_32253_length_891_cov_5.207459	23.9	891	1066	0.199812	1.01e-05	acc|GENBANK|UMO79277.1|GENBANK|MZ420563|Para-aminobenzoate synthetase [Pandoravirus aubagnensis]	Pandoravirus aubagnensis	Blastx
