Sample	Contig	Percent_identity	Contig_length	Reference_length	RefCoverage	E-value	Reference_name	Species	blastType
SRR31829833	NODE_2566_length_6752_cov_59087.654859	82.1	6752	2628	0.843988	0.00e+00	acc|GENBANK|WZW82046.1|NEIGHBOR|PP701468|polyprotein [Yam chlorotic necrosis virus]	Yam chlorotic necrosis virus	Blastx
SRR31829833	NODE_2593_length_6749_cov_10321.720816	81.9	6749	2627	0.841264	0.00e+00	acc|REFSEQ|YP_010086840.1|REFSEQ|NC_055491|polyprotein [Yam chlorotic necrosis virus]	Yam chlorotic necrosis virus	Blastx
SRR31829833	NODE_5652_length_2407_cov_22.838669	86.3	2407	2466	0.300892	0.00e+00	acc|GENBANK|AOZ57106.1|GENBANK|KX608896|Serine threonine-protein kinase TOR [Saccharum hybrid cultivar R570]	Saccharum hybrid cultivar R570	Blastx
SRR31829833	NODE_606_length_1785_cov_17.392123	86.2	1785	518	0.996139	0.00e+00	acc|GENBANK|ABY48142.1|GENBANK|EU306659|serine-hydroxymethyltransferase [Medicago truncatula]	Medicago truncatula	Blastx
SRR31829833	NODE_1928_length_1486_cov_200.355816	86.2	1486	405	1.000000	3.34e-251	acc|GENBANK|WGU26824.1|GENBANK|OQ503488|eukaryotic initiation factor 4A-III B-like [Triticum monococcum]	Triticum monococcum	Blastx
SRR31829833	NODE_719_length_1541_cov_6.966180	71.7	1541	557	0.836625	7.56e-250	acc|GENBANK|WGU26825.1|GENBANK|OQ503488|putative acyl-activating enzyme 5 [Triticum monococcum]	Triticum monococcum	Blastx
SRR31829833	NODE_2830_length_1494_cov_33322.697467	84.0	1494	2627	0.164065	1.91e-245	acc|REFSEQ|YP_010086840.1|REFSEQ|NC_055491|polyprotein [Yam chlorotic necrosis virus]	Yam chlorotic necrosis virus	Blastx
SRR31829833	NODE_2470_length_1470_cov_5714.387613	82.4	1470	2627	0.164065	1.98e-243	acc|REFSEQ|YP_010086840.1|REFSEQ|NC_055491|polyprotein [Yam chlorotic necrosis virus]	Yam chlorotic necrosis virus	Blastx
SRR31829833	NODE_1379_length_2275_cov_44.796164	49.6	2275	673	1.001486	1.13e-235	acc|REFSEQ|YP_010782552.1|REFSEQ|NC_075039|threonyl-tRNA synthetase [Tupanvirus soda lake]	Tupanvirus soda lake	Blastx
SRR31829833	NODE_3584_length_2348_cov_19.375378	52.2	2348	819	0.842491	5.07e-233	acc|GENBANK|QKF94107.1|GENBANK|MT418680|eukaryotic translation elongation factor 2 [Fadolivirus FV1/VV64]	Fadolivirus FV1/VV64	Blastx
SRR31829833	NODE_23573_length_1100_cov_9.029991	83.7	1100	2466	0.148824	1.53e-197	acc|GENBANK|AOZ57106.1|GENBANK|KX608896|Serine threonine-protein kinase TOR [Saccharum hybrid cultivar R570]	Saccharum hybrid cultivar R570	Blastx
SRR31829833	NODE_3596_length_1682_cov_55.950879	68.2	1682	405	0.930864	9.66e-179	acc|GENBANK|WGU26824.1|GENBANK|OQ503488|eukaryotic initiation factor 4A-III B-like [Triticum monococcum]	Triticum monococcum	Blastx
SRR31829833	NODE_19595_length_958_cov_1.881081	82.1	958	601	0.529118	5.18e-177	acc|GENBANK|AAB62581.1|GENBANK|U68072|3-hydroxy-3-methylglutaryl CoA reductase 2 [Solanum lycopersicum]	Solanum lycopersicum	Blastx
SRR31829833	NODE_2296_length_1275_cov_327.663446	67.5	1275	405	0.911111	4.13e-175	acc|GENBANK|WGU26824.1|GENBANK|OQ503488|eukaryotic initiation factor 4A-III B-like [Triticum monococcum]	Triticum monococcum	Blastx
SRR31829833	NODE_2994_length_2582_cov_16.799529	44.5	2582	753	0.934927	1.31e-169	acc|GENBANK|QDY51907.1|GENBANK|MK250085|Hsp90 protein [Mimiviridae sp. ChoanoV1]	Mimiviridae sp. ChoanoV1	Blastx
SRR31829833	NODE_8955_length_1853_cov_64.708791	61.0	1853	558	0.775986	4.53e-166	acc|GENBANK|QOR60244.1|GENBANK|MK522034|hypothetical protein [Bathycoccus sp. RCC716 virus 1]	Bathycoccus sp. RCC716 virus 1	Blastx
SRR31829833	NODE_591_length_782_cov_8185.644860	97.6	782	246	1.000000	3.51e-163	acc|GENBANK|AJD23385.1|GENBANK|KJ789133|coat protein [Yam virus X]	Yam virus X	Blastx
SRR31829833	NODE_25390_length_1346_cov_30.582635	55.0	1346	706	0.635977	1.08e-162	acc|GENBANK|WGU26822.1|GENBANK|OQ503488|OPT oligopeptide transporter protein [Triticum monococcum]	Triticum monococcum	Blastx
SRR31829833	NODE_12936_length_1309_cov_37.414577	66.6	1309	753	0.564409	4.03e-162	acc|GENBANK|QDY51907.1|GENBANK|MK250085|Hsp90 protein [Mimiviridae sp. ChoanoV1]	Mimiviridae sp. ChoanoV1	Blastx
SRR31829833	NODE_957_length_1312_cov_66.394840	58.8	1312	388	0.994845	5.71e-162	acc|GENBANK|AAU93529.1|GENBANK|AY691949|alcohol dehydrogenase 1 [Zea mays]	Zea mays	Blastx
SRR31829833	NODE_8861_length_1512_cov_15.470588	49.3	1512	1097	0.462170	6.48e-161	acc|GENBANK|QBK88446.1|GENBANK|MK500389|isoleucyl-tRNA synthetase [Mimivirus LCMiAC01]	Mimivirus LCMiAC01	Blastx
SRR31829833	NODE_3585_length_2095_cov_14.325897	47.7	2095	563	0.998224	6.46e-158	acc|REFSEQ|YP_010780657.1|REFSEQ|NC_075038|dna topoisomerase 1b [Tupanvirus deep ocean]	Tupanvirus deep ocean	Blastx
SRR31829833	NODE_19779_length_839_cov_6.406948	84.5	839	602	0.461794	1.01e-155	acc|GENBANK|QIG59839.1|GENBANK|MN940578|heat shock protein 70 [Dishui Lake phycodnavirus 3]	Dishui Lake phycodnavirus 3	Blastx
SRR31829833	NODE_8428_length_2159_cov_21.109125	45.3	2159	550	0.974545	3.32e-151	acc|GENBANK|ARF12130.1|GENBANK|KY684110|glutaminyl-tRNA synthetase [Klosneuvirus KNV1]	Klosneuvirus KNV1	Blastx
SRR31829833	NODE_5502_length_813_cov_107.135897	88.3	813	388	0.618557	9.03e-149	acc|GENBANK|AAU93529.1|GENBANK|AY691949|alcohol dehydrogenase 1 [Zea mays]	Zea mays	Blastx
SRR31829833	NODE_2526_length_670_cov_2926.103611	98.2	670	1335	0.167041	1.00e-145	acc|GENBANK|AJD23416.1|GENBANK|KM009120|putative RNA-dependent RNA polymerase [Yam virus X]	Yam virus X	Blastx
SRR31829833	NODE_7779_length_2057_cov_12.371542	47.3	2057	1263	0.429929	6.89e-145	acc|GENBANK|AAL14452.1|GENBANK|AF397035|valyl-tRNA-synthetase G7a/Bat6 [Mus musculus]	Mus musculus	Blastx
SRR31829833	NODE_589_length_647_cov_4167.785016	98.1	647	246	0.873984	2.06e-141	acc|GENBANK|AJD23385.1|GENBANK|KJ789133|coat protein [Yam virus X]	Yam virus X	Blastx
SRR31829833	NODE_17991_length_1517_cov_10.455526	58.0	1517	875	0.413714	1.52e-140	acc|GENBANK|BDT62894.1|GENBANK|LC738879|DNA ligase 1-like protein [Trachysalambria curvirostris majanivirus]	Trachysalambria curvirostris majanivirus	Blastx
SRR31829833	NODE_936_length_1718_cov_27.564985	53.7	1718	458	0.943231	2.29e-139	acc|REFSEQ|YP_009448811.1|REFSEQ|NC_036594|Serine-tRNA synthetase, type1 [Orpheovirus IHUMI-LCC2]	Orpheovirus IHUMI-LCC2	Blastx
SRR31829833	NODE_2959_length_1254_cov_54.352989	81.0	1254	564	0.466312	7.76e-139	acc|GENBANK|AWA44801.1|GENBANK|MH182523|ATP-dependent 6-phosphofructokinase [Saccharum officinarum]	Saccharum officinarum	Blastx
SRR31829833	NODE_2380_length_1088_cov_29.990521	73.0	1088	325	0.864615	1.25e-138	acc|GENBANK|QDH91349.1|GENBANK|MN036178|hypothetical protein [Partitiviridae sp.]	Partitiviridae sp.	Blastx
SRR31829833	NODE_7912_length_1345_cov_16.328506	50.2	1345	531	0.775895	2.28e-138	acc|GENBANK|QBK88836.1|GENBANK|MK500400|CTP synthetase [Mimivirus LCMiAC01]	Mimivirus LCMiAC01	Blastx
SRR31829833	NODE_5695_length_1666_cov_23.237600	44.8	1666	489	1.077710	2.11e-135	acc|GENBANK|QBK85775.1|GENBANK|MK500327|aspartyl/asparaginyl-tRNA synthetase [Marseillevirus LCMAC101]	Marseillevirus LCMAC101	Blastx
SRR31829833	NODE_2388_length_1514_cov_13.835922	54.1	1514	1201	0.308077	5.37e-134	acc|GENBANK|QDY52415.1|GENBANK|MK250092|RNA polymerase Rpb2, domain 6 [Mimiviridae sp. ChoanoV1]	Mimiviridae sp. ChoanoV1	Blastx
SRR31829833	NODE_1745_length_1492_cov_114.742975	52.1	1492	423	1.002364	3.72e-131	acc|GENBANK|CAA38181.1|GENBANK|X54284|phosphoglycerate kinase [Trichoderma viride]	Trichoderma viride	Blastx
SRR31829833	NODE_2025_length_788_cov_13.936424	74.4	788	700	0.374286	4.61e-131	acc|GENBANK|ABY48141.1|GENBANK|EU306659|oligopeptidase A [Medicago truncatula]	Medicago truncatula	Blastx
SRR31829833	NODE_1620_length_1333_cov_71.646923	51.5	1333	423	1.004728	1.94e-130	acc|GENBANK|CAA38181.1|GENBANK|X54284|phosphoglycerate kinase [Trichoderma viride]	Trichoderma viride	Blastx
SRR31829833	NODE_8584_length_1713_cov_45.233929	48.3	1713	428	0.985981	3.24e-128	acc|REFSEQ|YP_010781331.1|REFSEQ|NC_075039|translation initiation factor 2 gamma subunit [Tupanvirus soda lake]	Tupanvirus soda lake	Blastx
SRR31829833	NODE_8511_length_2560_cov_13.246537	34.5	2560	836	0.943780	4.68e-128	acc|GENBANK|AYV84014.1|GENBANK|MK072397|aminopeptidase 1 [Hyperionvirus sp.]	Hyperionvirus sp.	Blastx
SRR31829833	NODE_18526_length_893_cov_8.146512	60.1	893	759	0.392622	1.57e-127	acc|GENBANK|ACN78962.1|GENBANK|FJ225394|methyltransferase [Glycine max]	Glycine max	Blastx
SRR31829833	NODE_5020_length_1417_cov_29.802023	56.2	1417	376	0.970745	1.58e-127	acc|GENBANK|WBR14998.1|GENBANK|ON887157|Chorismate synthase [Pandoravirus kuranda]	Pandoravirus kuranda	Blastx
SRR31829833	NODE_8491_length_2222_cov_61.714025	44.6	2222	497	0.937626	6.21e-126	acc|REFSEQ|YP_010780494.1|REFSEQ|NC_075038|aspartyl-tRNA synthetase [Tupanvirus deep ocean]	Tupanvirus deep ocean	Blastx
SRR31829833	NODE_8211_length_1216_cov_20.441251	49.4	1216	489	0.856851	1.41e-125	acc|GENBANK|QBK85775.1|GENBANK|MK500327|aspartyl/asparaginyl-tRNA synthetase [Marseillevirus LCMAC101]	Marseillevirus LCMAC101	Blastx
SRR31829833	NODE_8482_length_1358_cov_10.919245	64.0	1358	1042	0.277351	1.55e-123	acc|GENBANK|ACN78973.1|GENBANK|FJ225394|copia-type polyprotein [Glycine max]	Glycine max	Blastx
SRR31829833	NODE_8259_length_836_cov_9.458281	63.5	836	737	0.375848	2.89e-119	acc|GENBANK|CAK7597324.1|GENBANK|OZ003748|Vesicle-fusing ATPase [Catovirus sp. 'naegleriensis']	Catovirus sp. 'naegleriensis'	Blastx
SRR31829833	NODE_535_length_2216_cov_20.983509	42.9	2216	584	0.809932	3.86e-119	acc|GENBANK|QKF93676.1|GENBANK|MT418680|arginyl-tRNA synthetase [Fadolivirus FV1/VV64]	Fadolivirus FV1/VV64	Blastx
SRR31829833	NODE_153_length_1201_cov_9.464897	57.7	1201	404	0.789604	1.55e-118	acc|REFSEQ|YP_009483679.1|REFSEQ|NC_037667|clamp loader of DNA polymerase [Pandoravirus quercus]	Pandoravirus quercus	Blastx
SRR31829833	NODE_24038_length_645_cov_8.933007	74.3	645	383	0.558747	3.75e-117	acc|GENBANK|AJA91762.1|GENBANK|KM434202|dihydroflavonol 4-reductase [Allium cepa]	Allium cepa	Blastx
SRR31829833	NODE_25293_length_882_cov_14.030624	64.0	882	524	0.471374	1.28e-116	acc|REFSEQ|YP_010781689.1|REFSEQ|NC_075039|prolyl-tRNA synthetase [Tupanvirus soda lake]	Tupanvirus soda lake	Blastx
SRR31829833	NODE_3492_length_3894_cov_18.134162	36.9	3894	1359	0.501104	1.70e-116	acc|GENBANK|ABD78322.1|GENBANK|DQ381432|polyprotein [Primula vulgaris]	Primula vulgaris	Blastx
SRR31829833	NODE_17877_length_733_cov_11.892857	64.1	733	759	0.322793	2.05e-115	acc|GENBANK|ACN78962.1|GENBANK|FJ225394|methyltransferase [Glycine max]	Glycine max	Blastx
SRR31829833	NODE_4968_length_1196_cov_4.869304	47.7	1196	1508	0.263926	1.70e-114	acc|GENBANK|CAJ00278.1|GENBANK|AJ966990|hypothetical protein [Lotus japonicus]	Lotus japonicus	Blastx
SRR31829833	NODE_1418_length_1066_cov_95.874153	89.0	1066	258	0.705426	6.89e-113	acc|GENBANK|WMV02893.1|GENBANK|OP630990|alpha-tubulin [Diderma spumarioides]	Diderma spumarioides	Blastx
SRR31829833	NODE_22260_length_1357_cov_8.987915	77.6	1357	421	0.529691	2.18e-112	acc|GENBANK|AGP03657.1|GENBANK|KF220834|integrase-type DNA-binding superfamily protein [Glycine max]	Glycine max	Blastx
SRR31829833	NODE_33712_length_1092_cov_14.421152	53.3	1092	363	0.831956	1.17e-111	acc|GENBANK|AYV86762.1|GENBANK|MK072514|GDP-D-mannose-3',5'-epimerase [Sylvanvirus sp.]	Sylvanvirus sp.	Blastx
SRR31829833	NODE_2835_length_1206_cov_24.722080	55.2	1206	316	0.968354	5.27e-111	acc|GENBANK|QDY51833.1|GENBANK|MK250085|hypothetical protein [Mimiviridae sp. ChoanoV1]	Mimiviridae sp. ChoanoV1	Blastx
SRR31829833	NODE_3964_length_647_cov_7.190554	84.7	647	237	0.742616	1.24e-110	acc|GENBANK|UZT29049.1|GENBANK|OP765507|photosystem D1 protein [Nucleocytoviricota sp.]	Nucleocytoviricota sp.	Blastx
SRR31829833	NODE_18660_length_456_cov_1.579196	100	456	219	0.684932	2.48e-110	acc|GENBANK|AUI39623.1|NEIGHBOR|MF468140|chloramphenicol acetyltransferase [macacine betaherpesvirus 3]	macacine betaherpesvirus 3	Blastx
SRR31829833	NODE_2515_length_514_cov_2694.975052	97.1	514	246	0.695122	9.69e-110	acc|GENBANK|AJD23420.1|GENBANK|KM009120|coat protein [Yam virus X]	Yam virus X	Blastx
SRR31829833	NODE_6567_length_1171_cov_5.550967	50.3	1171	385	0.929870	9.70e-110	acc|GENBANK|UUT40455.1|GENBANK|ON887238|hypothetical protein [carnivorous sponge associated iridovirus]	carnivorous sponge associated iridovirus	Blastx
SRR31829833	NODE_6869_length_1055_cov_18.071429	61.3	1055	897	0.299889	6.95e-109	acc|GENBANK|ABY48136.1|GENBANK|EU306659|glycine-rich protein [Medicago truncatula]	Medicago truncatula	Blastx
SRR31829833	NODE_2589_length_514_cov_3886.898129	96.5	514	246	0.695122	1.13e-108	acc|GENBANK|AJD23420.1|GENBANK|KM009120|coat protein [Yam virus X]	Yam virus X	Blastx
SRR31829833	NODE_24415_length_1186_cov_6.671292	49.5	1186	334	0.985030	2.82e-108	acc|REFSEQ|YP_010782262.1|REFSEQ|NC_075039|UDP-glucose 4-epimerase [Tupanvirus soda lake]	Tupanvirus soda lake	Blastx
SRR31829833	NODE_31443_length_640_cov_28.319605	73.2	640	478	0.445607	5.17e-108	acc|GENBANK|AAK84479.1|GENBANK|AF275345|putative auxin growth promotor protein [Solanum lycopersicum]	Solanum lycopersicum	Blastx
SRR31829833	NODE_6600_length_1161_cov_21.912234	58.3	1161	515	0.539806	2.77e-107	acc|REFSEQ|YP_010781615.1|REFSEQ|NC_075039|lysine-tRNA synthetase [Tupanvirus soda lake]	Tupanvirus soda lake	Blastx
SRR31829833	NODE_2372_length_735_cov_6.531339	74.2	735	2466	0.098946	1.54e-106	acc|GENBANK|AOZ57106.1|GENBANK|KX608896|Serine threonine-protein kinase TOR [Saccharum hybrid cultivar R570]	Saccharum hybrid cultivar R570	Blastx
SRR31829833	NODE_7833_length_2024_cov_29.527875	41.0	2024	518	1.021236	2.36e-106	acc|GENBANK|QPI16131.1|GENBANK|MW030532|hypothetical protein [Virus NIOZ-UU157]	Virus NIOZ-UU157	Blastx
SRR31829833	NODE_27005_length_557_cov_33.814885	82.7	557	700	0.264286	7.27e-106	acc|GENBANK|ABY48141.1|GENBANK|EU306659|oligopeptidase A [Medicago truncatula]	Medicago truncatula	Blastx
SRR31829833	NODE_2729_length_860_cov_33.056832	68.6	860	239	0.933054	9.10e-106	acc|GENBANK|AFV13460.1|GENBANK|JQ314447|ubiquitin conjugating enzyme 2 [Tripsacum dactyloides]	Tripsacum dactyloides	Blastx
SRR31829833	NODE_20860_length_571_cov_5.076208	91.1	571	2466	0.077048	1.78e-105	acc|GENBANK|AOZ57106.1|GENBANK|KX608896|Serine threonine-protein kinase TOR [Saccharum hybrid cultivar R570]	Saccharum hybrid cultivar R570	Blastx
SRR31829833	NODE_3578_length_2574_cov_43.109799	36.0	2574	583	0.981132	5.29e-105	acc|GENBANK|QKF94238.1|GENBANK|MT418680|class II glycyl-tRNA synthetase [Fadolivirus FV1/VV64]	Fadolivirus FV1/VV64	Blastx
SRR31829833	NODE_3494_length_1349_cov_64.173252	42.9	1349	411	0.997567	9.67e-105	acc|GENBANK|ULY68482.1|GENBANK|OL828820|tyrosyl-tRNA synthetase [Chlorella virus XW01]	Chlorella virus XW01	Blastx
SRR31829833	NODE_1760_length_2040_cov_58.537120	39.1	2040	870	0.660920	5.42e-104	acc|GENBANK|WZO87717.1|GENBANK|PP681895|ATPase [Chlorovirus sp.]	Chlorovirus sp.	Blastx
SRR31829833	NODE_1454_length_1183_cov_40.025217	55.8	1183	759	0.342556	8.81e-104	acc|GENBANK|ACN78962.1|GENBANK|FJ225394|methyltransferase [Glycine max]	Glycine max	Blastx
SRR31829833	NODE_2969_length_542_cov_2.469548	85.0	542	365	0.493151	9.43e-104	acc|GENBANK|AAL10011.1|GENBANK|AF380292|MHC class I antigen [Pan troglodytes]	Pan troglodytes	Blastx
SRR31829833	NODE_2956_length_1134_cov_6.081744	59.8	1134	353	0.747875	5.69e-103	acc|GENBANK|WGU26821.1|GENBANK|OQ503488|S-acyltransferase 11-like protein [Triticum monococcum]	Triticum monococcum	Blastx
SRR31829833	NODE_3253_length_487_cov_4136.900881	98.8	487	1335	0.121348	1.37e-102	acc|GENBANK|AJD23371.1|GENBANK|KJ789131|putative RNA-dependent RNA polymerase [Yam virus X]	Yam virus X	Blastx
SRR31829833	NODE_11847_length_1382_cov_22.530022	43.0	1382	619	0.683360	1.49e-102	acc|GENBANK|AYV80670.1|GENBANK|MK072246|puromycin sensitive aminopeptidase [Harvfovirus sp.]	Harvfovirus sp.	Blastx
SRR31829833	NODE_19420_length_1572_cov_11.353476	42.5	1572	411	0.939173	1.67e-102	acc|GENBANK|QBK89188.1|GENBANK|MK500409|uncharacterized protein [Mimivirus LCMiAC02]	Mimivirus LCMiAC02	Blastx
SRR31829833	NODE_1287_length_1663_cov_22.927607	37.0	1663	978	0.524540	1.34e-101	acc|GENBANK|AYV78571.1|GENBANK|MK072083|ubiquitin-activating enzyme E1 [Edafosvirus sp.]	Edafosvirus sp.	Blastx
SRR31829833	NODE_2262_length_807_cov_8.294574	83.5	807	601	0.322795	2.40e-101	acc|GENBANK|AAB62581.1|GENBANK|U68072|3-hydroxy-3-methylglutaryl CoA reductase 2 [Solanum lycopersicum]	Solanum lycopersicum	Blastx
SRR31829833	NODE_11794_length_749_cov_27.766760	67.6	749	224	0.937500	2.81e-101	acc|GENBANK|QDH89109.1|GENBANK|MN034603|hypothetical protein [Picornavirales sp.]	Picornavirales sp.	Blastx
SRR31829833	NODE_2465_length_478_cov_1703.784270	99.4	478	1335	0.119101	5.97e-101	acc|GENBANK|AJD23416.1|GENBANK|KM009120|putative RNA-dependent RNA polymerase [Yam virus X]	Yam virus X	Blastx
SRR31829833	NODE_23019_length_1100_cov_5.080600	53.8	1100	645	0.533333	8.29e-101	acc|GENBANK|AAK84474.1|GENBANK|AF275345|suppressor-like protein [Solanum lycopersicum]	Solanum lycopersicum	Blastx
SRR31829833	NODE_11673_length_1280_cov_8.351243	47.6	1280	373	0.930295	8.88e-101	acc|GENBANK|WQF02802.1|GENBANK|OR553294|putative endonuclease [Apis mellifra filamentous-like virus]	Apis mellifra filamentous-like virus	Blastx
SRR31829833	NODE_21785_length_421_cov_3.451031	100	421	371	0.377358	9.74e-101	acc|GENBANK|AIG55114.1|GENBANK|KJ629227|replication-associated protein [Dioscorea transversa]	Dioscorea transversa	Blastx
SRR31829833	NODE_2576_length_481_cov_2592.707589	98.8	481	1335	0.119850	3.15e-100	acc|GENBANK|AJD23416.1|GENBANK|KM009120|putative RNA-dependent RNA polymerase [Yam virus X]	Yam virus X	Blastx
SRR31829833	NODE_25466_length_1226_cov_13.331936	57.7	1226	1263	0.224861	5.30e-100	acc|GENBANK|AAD26531.1|GENBANK|AF087141|valyl-tRNA synthetase [Mus musculus]	Mus musculus	Blastx
SRR31829833	NODE_18441_length_1121_cov_11.063419	42.8	1121	480	0.783333	1.26e-98	acc|GENBANK|QPI16798.1|GENBANK|MW030606|BT1 family protein [Virus NIOZ-UU159]	Virus NIOZ-UU159	Blastx
SRR31829833	NODE_7251_length_2021_cov_37.829980	44.2	2021	810	0.528395	6.07e-98	acc|GENBANK|QBK86799.1|GENBANK|MK500336|uncharacterized protein [Marseillevirus LCMAC103]	Marseillevirus LCMAC103	Blastx
SRR31829833	NODE_82_length_757_cov_2.987569	58.9	757	623	0.394864	9.71e-97	acc|GENBANK|BAL14837.1|GENBANK|AB682995|endo-1,4-b-D-glucanase [Oryza sativa Japonica Group]	Oryza sativa Japonica Group	Blastx
SRR31829833	NODE_15082_length_846_cov_2.222632	54.8	846	953	0.296957	1.26e-96	acc|GENBANK|ACB28472.1|GENBANK|EU522675|polyprotein [Ananas comosus]	Ananas comosus	Blastx
SRR31829833	NODE_25162_length_1147_cov_27.290844	52.7	1147	299	0.876254	1.40e-96	acc|GENBANK|UOG94093.1|NEIGHBOR|OM876856|serine threonine-protein phosphatase [Aureococcus anophagefferens virus]	Aureococcus anophagefferens virus	Blastx
SRR31829833	NODE_23545_length_471_cov_7.696347	93.6	471	246	0.638211	7.88e-96	acc|GENBANK|ARF10610.1|GENBANK|KY684104|ubiquitin family protein [Hokovirus HKV1]	Hokovirus HKV1	Blastx
SRR31829833	NODE_11410_length_852_cov_11.341880	54.6	852	518	0.540541	8.82e-96	acc|GENBANK|ABY48142.1|GENBANK|EU306659|serine-hydroxymethyltransferase [Medicago truncatula]	Medicago truncatula	Blastx
SRR31829833	NODE_2410_length_1762_cov_14.289184	35.8	1762	536	0.901119	7.25e-95	acc|GENBANK|QDY51930.1|GENBANK|MK250086|pyridoxal-dependent decarboxylase conserved [Mimiviridae sp. ChoanoV1]	Mimiviridae sp. ChoanoV1	Blastx
SRR31829833	NODE_8669_length_1803_cov_13.227119	39.0	1803	522	0.954023	2.84e-94	acc|GENBANK|QPI16279.1|GENBANK|MW030549|hypothetical protein [Virus NIOZ-UU157]	Virus NIOZ-UU157	Blastx
SRR31829833	NODE_15640_length_463_cov_1.720930	88.9	463	258	0.593023	3.47e-94	acc|GENBANK|WMV02893.1|GENBANK|OP630990|alpha-tubulin [Diderma spumarioides]	Diderma spumarioides	Blastx
SRR31829833	NODE_600_length_449_cov_9651.694712	97.3	449	1335	0.111610	1.08e-93	acc|GENBANK|AJD23416.1|GENBANK|KM009120|putative RNA-dependent RNA polymerase [Yam virus X]	Yam virus X	Blastx
SRR31829833	NODE_14196_length_634_cov_8.016639	64.9	634	449	0.469933	7.18e-93	acc|GENBANK|ARF12105.1|GENBANK|KY684110|alanyl-tRNA synthetase [Klosneuvirus KNV1]	Klosneuvirus KNV1	Blastx
SRR31829833	NODE_11519_length_965_cov_7.856223	46.5	965	699	0.449213	1.43e-91	acc|GENBANK|AYV78182.1|GENBANK|MK072071|valyl-tRNA synthetase [Edafosvirus sp.]	Edafosvirus sp.	Blastx
SRR31829833	NODE_11970_length_702_cov_11.252616	58.4	702	316	0.731013	1.55e-91	acc|GENBANK|QDY51833.1|GENBANK|MK250085|hypothetical protein [Mimiviridae sp. ChoanoV1]	Mimiviridae sp. ChoanoV1	Blastx
SRR31829833	NODE_19615_length_602_cov_8.641476	68.8	602	292	0.636986	1.56e-91	acc|GENBANK|QKE44490.1|GENBANK|MT364305|putative thymidylate synthase [Yalta virus]	Yalta virus	Blastx
SRR31829833	NODE_8656_length_954_cov_29.889251	62.5	954	244	1.036885	2.22e-91	acc|GENBANK|AAW73221.1|GENBANK|AY747600|VRN-A1 [Triticum aestivum]	Triticum aestivum	Blastx
SRR31829833	NODE_2001_length_1408_cov_20.376727	38.0	1408	514	0.840467	4.16e-90	acc|GENBANK|AYV78233.1|GENBANK|MK072072|L-threonine dehydratase biosynthetic IlvA [Edafosvirus sp.]	Edafosvirus sp.	Blastx
SRR31829833	NODE_23467_length_1130_cov_9.556062	45.6	1130	402	0.741294	6.38e-89	acc|REFSEQ|YP_008438242.1|REFSEQ|NC_022098|Tyrosine-tRNA ligase [Pandoravirus salinus]	Pandoravirus salinus	Blastx
SRR31829833	NODE_25719_length_483_cov_4.288889	85.1	483	925	0.174054	7.92e-89	acc|GENBANK|ABY48139.1|GENBANK|EU306659|NORK [Medicago truncatula]	Medicago truncatula	Blastx
SRR31829833	NODE_17919_length_818_cov_3.533758	59.0	818	631	0.405705	3.97e-88	acc|GENBANK|AWA44806.1|GENBANK|MH182523|hypothetical protein [Saccharum officinarum]	Saccharum officinarum	Blastx
SRR31829833	NODE_1087_length_1927_cov_57.922386	44.4	1927	337	1.014837	4.65e-88	acc|GENBANK|QDY52204.1|GENBANK|MK250089|acetohydroxy acid isomeroreductase [Mimiviridae sp. ChoanoV1]	Mimiviridae sp. ChoanoV1	Blastx
SRR31829833	NODE_8252_length_1954_cov_52.619469	39.5	1954	419	1.038186	4.83e-88	acc|GENBANK|WNL49938.1|GENBANK|OR343188|translation elongation factor 1alpha [Marseillevirus sp.]	Marseillevirus sp.	Blastx
SRR31829833	NODE_3113_length_1183_cov_330.161739	45.2	1183	360	0.927778	7.22e-88	acc|GENBANK|QKF94354.1|GENBANK|MT418680|UTP--glucose-1-phosphate uridylyltransferase [Fadolivirus FV1/VV64]	Fadolivirus FV1/VV64	Blastx
SRR31829833	NODE_3525_length_758_cov_47.411034	52.9	758	361	0.675900	2.69e-87	acc|GENBANK|AGE50332.1|GENBANK|JX997158|agmatine deiminase [Acanthocystis turfacea Chlorella virus Canal-1]	Acanthocystis turfacea Chlorella virus Canal-1	Blastx
SRR31829833	NODE_26859_length_1503_cov_23.565306	38.9	1503	1171	0.381725	1.06e-86	acc|GENBANK|QBK90672.1|GENBANK|MK500495|DNA-directed RNA polymerase subunit beta [Pithovirus LCPAC104]	Pithovirus LCPAC104	Blastx
SRR31829833	NODE_250_length_1644_cov_15.373681	42.5	1644	531	0.700565	1.15e-86	acc|GENBANK|QBK88836.1|GENBANK|MK500400|CTP synthetase [Mimivirus LCMiAC01]	Mimivirus LCMiAC01	Blastx
SRR31829833	NODE_6281_length_1360_cov_127.595328	46.6	1360	327	0.957187	1.32e-86	acc|GENBANK|QFG73901.1|GENBANK|MN448274|papain family cysteine protease [Megaviridae environmental sample]	Megaviridae environmental sample	Blastx
SRR31829833	NODE_669_length_1666_cov_25.202082	39.8	1666	447	1.011186	5.73e-86	acc|GENBANK|QKF93746.1|GENBANK|MT418680|histidyl-tRNA synthetase [Fadolivirus FV1/VV64]	Fadolivirus FV1/VV64	Blastx
SRR31829833	NODE_1870_length_1211_cov_34.206282	43.7	1211	897	0.451505	9.61e-86	acc|GENBANK|ABY48136.1|GENBANK|EU306659|glycine-rich protein [Medicago truncatula]	Medicago truncatula	Blastx
SRR31829833	NODE_8692_length_961_cov_14.042026	43.0	961	477	0.731656	1.17e-85	acc|GENBANK|AYV78014.1|GENBANK|MK072068|elongation factor 1 alpha long form [Edafosvirus sp.]	Edafosvirus sp.	Blastx
SRR31829833	NODE_25489_length_1020_cov_17.621074	46.4	1020	310	0.951613	5.76e-85	acc|GENBANK|AYV86922.1|GENBANK|MK072520|hypothetical protein [Sylvanvirus sp.]	Sylvanvirus sp.	Blastx
SRR31829833	NODE_12725_length_485_cov_7.880531	88.0	485	201	0.706468	7.52e-85	acc|GENBANK|ACG39664.1|GENBANK|EU967546|retrotransposon protein [Zea mays]	Zea mays	Blastx
SRR31829833	NODE_9135_length_861_cov_8.074879	75.5	861	335	0.486567	1.13e-84	acc|GENBANK|ABY48132.1|GENBANK|EU306659|GH1 protein [Medicago truncatula]	Medicago truncatula	Blastx
SRR31829833	NODE_15148_length_744_cov_3.644163	83.6	744	621	0.256039	1.33e-84	acc|GENBANK|AAK84478.1|GENBANK|AF275345|unknown [Solanum lycopersicum]	Solanum lycopersicum	Blastx
SRR31829833	NODE_8044_length_911_cov_9.989749	49.8	911	336	0.842262	2.06e-84	acc|GENBANK|QFG74155.1|GENBANK|MN448281|semialdehyde dehydrogenase, dimerization domain [Megaviridae environmental sample]	Megaviridae environmental sample	Blastx
SRR31829833	NODE_922_length_982_cov_22.783983	49.7	982	288	0.993056	2.94e-84	acc|GENBANK|QBK86945.1|GENBANK|MK500338|tetrahydrofolate dehydrogenase/cyclohydrolase [Marseillevirus LCMAC103]	Marseillevirus LCMAC103	Blastx
SRR31829833	NODE_6511_length_1996_cov_13.717779	36.8	1996	522	1.000000	4.08e-84	acc|GENBANK|QPI16279.1|GENBANK|MW030549|hypothetical protein [Virus NIOZ-UU157]	Virus NIOZ-UU157	Blastx
SRR31829833	NODE_27038_length_1041_cov_12.096230	50.9	1041	925	0.316757	6.46e-84	acc|GENBANK|ABY48139.1|GENBANK|EU306659|NORK [Medicago truncatula]	Medicago truncatula	Blastx
SRR31829833	NODE_172_length_629_cov_4.171141	68.3	629	329	0.556231	1.93e-83	acc|GENBANK|AFV13459.1|GENBANK|JQ314447|Tac7077 [Tripsacum dactyloides]	Tripsacum dactyloides	Blastx
SRR31829833	NODE_7597_length_698_cov_4.646617	65.8	698	549	0.420765	4.40e-83	acc|GENBANK|WGU26819.1|GENBANK|OQ503488|BTB/POZ domain-containing protein [Triticum monococcum]	Triticum monococcum	Blastx
SRR31829833	NODE_22615_length_1175_cov_6.929072	50.2	1175	439	0.676538	1.54e-82	acc|GENBANK|AAK92822.1|GENBANK|AY050885|putative replicase [Arabidopsis thaliana]	Arabidopsis thaliana	Blastx
SRR31829833	NODE_2898_length_442_cov_4.772616	95.5	442	318	0.418239	3.16e-82	acc|GENBANK|AAD44037.1|GENBANK|AF104020|polyprotein [Bovine viral diarrhea virus 2]	Bovine viral diarrhea virus 2	Blastx
SRR31829833	NODE_3510_length_394_cov_4875.889197	96.2	394	1335	0.098127	7.92e-82	acc|GENBANK|AJD23416.1|GENBANK|KM009120|putative RNA-dependent RNA polymerase [Yam virus X]	Yam virus X	Blastx
SRR31829833	NODE_11802_length_914_cov_10.037457	60.8	914	328	0.591463	8.66e-82	acc|GENBANK|ARF10725.1|GENBANK|KY684104|glutamine synthetase [Hokovirus HKV1]	Hokovirus HKV1	Blastx
SRR31829833	NODE_14201_length_857_cov_3.692961	46.8	857	333	0.840841	1.47e-81	acc|REFSEQ|YP_010780954.1|REFSEQ|NC_075038|UDP-glucose 4-epimerase GalE [Tupanvirus deep ocean]	Tupanvirus deep ocean	Blastx
SRR31829833	NODE_11633_length_1249_cov_15.156250	51.3	1249	503	0.546720	3.94e-81	acc|GENBANK|AYV82303.1|GENBANK|MK072358|hypothetical protein [Homavirus sp.]	Homavirus sp.	Blastx
SRR31829833	NODE_26793_length_887_cov_5.592506	61.8	887	759	0.272727	4.04e-81	acc|GENBANK|ACN78962.1|GENBANK|FJ225394|methyltransferase [Glycine max]	Glycine max	Blastx
SRR31829833	NODE_23633_length_526_cov_19.622718	78.2	526	700	0.248571	4.43e-81	acc|GENBANK|ABY48141.1|GENBANK|EU306659|oligopeptidase A [Medicago truncatula]	Medicago truncatula	Blastx
SRR31829833	NODE_3242_length_388_cov_3497.180282	100	388	1335	0.096629	4.86e-81	acc|GENBANK|AJD23371.1|GENBANK|KJ789131|putative RNA-dependent RNA polymerase [Yam virus X]	Yam virus X	Blastx
SRR31829833	NODE_18361_length_1049_cov_7.244094	41.4	1049	759	0.487484	4.90e-81	acc|GENBANK|ACN78962.1|GENBANK|FJ225394|methyltransferase [Glycine max]	Glycine max	Blastx
SRR31829833	NODE_248_length_1034_cov_20.653347	70.0	1034	182	0.879121	7.59e-81	acc|GENBANK|BDT62002.1|GENBANK|LC738871|hypothetical protein [Penaeus monodon majanivirus B]	Penaeus monodon majanivirus B	Blastx
SRR31829833	NODE_19611_length_793_cov_3.967105	73.0	793	335	0.486567	8.36e-81	acc|GENBANK|ABY48132.1|GENBANK|EU306659|GH1 protein [Medicago truncatula]	Medicago truncatula	Blastx
SRR31829833	NODE_168_length_2341_cov_5.542028	39.7	2341	398	0.979899	2.62e-80	acc|GENBANK|AYV82736.1|GENBANK|MK072384|glutamate-5-semialdehyde dehydrogenase [Hyperionvirus sp.]	Hyperionvirus sp.	Blastx
SRR31829833	NODE_432_length_994_cov_11.169615	53.2	994	783	0.340996	3.10e-80	acc|GENBANK|QFG73724.1|GENBANK|MN448270|Hsp90 protein [Megaviridae environmental sample]	Megaviridae environmental sample	Blastx
SRR31829833	NODE_6222_length_420_cov_7.005168	90.7	420	439	0.318907	3.33e-80	acc|GENBANK|AAK92822.1|GENBANK|AY050885|putative replicase [Arabidopsis thaliana]	Arabidopsis thaliana	Blastx
SRR31829833	NODE_14791_length_496_cov_4.989201	87.9	496	388	0.340206	4.32e-80	acc|GENBANK|AAU93529.1|GENBANK|AY691949|alcohol dehydrogenase 1 [Zea mays]	Zea mays	Blastx
SRR31829833	NODE_18044_length_996_cov_5.072690	44.5	996	679	0.499264	8.88e-80	acc|GENBANK|QIG60138.1|GENBANK|MN940580|ATP-dependent zinc metalloprotease [Dishui Lake large algae virus 1]	Dishui Lake large algae virus 1	Blastx
SRR31829833	NODE_581_length_963_cov_27.740860	45.3	963	559	0.536673	1.22e-79	acc|GENBANK|AYV76247.1|GENBANK|MK071983|xaa-Pro dipeptidase-like protein [Terrestrivirus sp.]	Terrestrivirus sp.	Blastx
SRR31829833	NODE_7859_length_1744_cov_11.684395	36.4	1744	495	0.816162	1.29e-79	acc|GENBANK|XKM46480.1|GENBANK|PQ442261|hypothetical protein [Micromonas commoda virus 20T]	Micromonas commoda virus 20T	Blastx
SRR31829833	NODE_2878_length_694_cov_5.202723	59.4	694	212	1.000000	1.46e-79	acc|GENBANK|AYV82031.1|GENBANK|MK072334|Ras-like protein Rab-11A [Homavirus sp.]	Homavirus sp.	Blastx
SRR31829833	NODE_1910_length_1655_cov_129.865598	44.4	1655	327	0.935780	2.07e-79	acc|GENBANK|QFG73901.1|GENBANK|MN448274|papain family cysteine protease [Megaviridae environmental sample]	Megaviridae environmental sample	Blastx
SRR31829833	NODE_22666_length_1877_cov_18.814534	41.5	1877	543	0.657459	2.54e-79	acc|GENBANK|QBK87586.1|GENBANK|MK500360|methionyl-tRNA synthetase [Marseillevirus LCMAC201]	Marseillevirus LCMAC201	Blastx
SRR31829833	NODE_2365_length_1311_cov_11.536776	37.2	1311	478	0.820084	9.26e-79	acc|GENBANK|AAK84479.1|GENBANK|AF275345|putative auxin growth promotor protein [Solanum lycopersicum]	Solanum lycopersicum	Blastx
SRR31829833	NODE_26887_length_1657_cov_29.886084	44.5	1657	365	0.868493	1.35e-78	acc|GENBANK|CAK7596944.1|GENBANK|OZ003748|Peptidase M24A, methionine aminopeptidase, [Catovirus sp. 'naegleriensis']	Catovirus sp. 'naegleriensis'	Blastx
SRR31829833	NODE_3537_length_373_cov_3891.497059	100	373	1335	0.092884	1.58e-78	acc|GENBANK|AJD23371.1|GENBANK|KJ789131|putative RNA-dependent RNA polymerase [Yam virus X]	Yam virus X	Blastx
SRR31829833	NODE_3048_length_757_cov_16.970994	70.1	757	212	0.787736	3.65e-78	acc|GENBANK|AYV82031.1|GENBANK|MK072334|Ras-like protein Rab-11A [Homavirus sp.]	Homavirus sp.	Blastx
SRR31829833	NODE_26556_length_1424_cov_6.390367	35.9	1424	570	0.785965	3.78e-78	acc|GENBANK|QPI16633.1|GENBANK|MW030590|coproporphyrinogen III oxidase [Virus NIOZ-UU159]	Virus NIOZ-UU159	Blastx
SRR31829833	NODE_25369_length_860_cov_14.505441	51.0	860	405	0.644444	4.70e-78	acc|GENBANK|QIZ31067.1|GENBANK|MN688676|ATPase family protein [Ostreococcus mediterraneus virus 2]	Ostreococcus mediterraneus virus 2	Blastx
SRR31829833	NODE_24394_length_818_cov_4.391083	66.2	818	340	0.573529	6.76e-78	acc|GENBANK|AAU93531.1|GENBANK|AY691949|cyclin H-1 [Zea mays]	Zea mays	Blastx
SRR31829833	NODE_2852_length_2154_cov_62.453088	40.8	2154	395	0.949367	1.11e-77	acc|GENBANK|QDY52265.1|GENBANK|MK250089|hypothetical protein [Mimiviridae sp. ChoanoV1]	Mimiviridae sp. ChoanoV1	Blastx
SRR31829833	NODE_592_length_507_cov_14823.924051	100	507	109	1.000000	2.30e-77	acc|GENBANK|AJD23418.1|GENBANK|KM009120|triple gene block protein 2 [Yam virus X]	Yam virus X	Blastx
SRR31829833	NODE_8677_length_941_cov_7.122247	51.5	941	371	0.628032	2.54e-77	acc|GENBANK|WNO13897.1|GENBANK|OQ968270|capsid protein [Berere partitivirus]	Berere partitivirus	Blastx
SRR31829833	NODE_4760_length_731_cov_5.551576	51.4	731	1164	0.208763	4.47e-77	acc|GENBANK|ADX05878.1|GENBANK|HQ704802|putative DNA-directed RNA polymerase [Organic Lake phycodnavirus 1]	Organic Lake phycodnavirus 1	Blastx
SRR31829833	NODE_9004_length_939_cov_9.088300	46.7	939	922	0.315618	5.69e-77	acc|GENBANK|QBK88440.1|GENBANK|MK500389|insulinase [Mimivirus LCMiAC01]	Mimivirus LCMiAC01	Blastx
SRR31829833	NODE_8741_length_881_cov_3.758255	46.2	881	557	0.500898	5.78e-77	acc|GENBANK|WGU26825.1|GENBANK|OQ503488|putative acyl-activating enzyme 5 [Triticum monococcum]	Triticum monococcum	Blastx
SRR31829833	NODE_4285_length_533_cov_9.098000	69.9	533	531	0.306968	7.08e-77	acc|GENBANK|QBK88836.1|GENBANK|MK500400|CTP synthetase [Mimivirus LCMiAC01]	Mimivirus LCMiAC01	Blastx
SRR31829833	NODE_25267_length_884_cov_22.041128	53.7	884	574	0.398955	8.94e-77	acc|GENBANK|QBK92332.1|GENBANK|MK500574|translation initiation factor [Pithovirus LCPAC304]	Pithovirus LCPAC304	Blastx
SRR31829833	NODE_24919_length_1473_cov_17.372917	42.0	1473	686	0.462099	1.15e-76	acc|GENBANK|WNO13952.1|GENBANK|OQ968299|coat protein [Guapo partitivirus]	Guapo partitivirus	Blastx
SRR31829833	NODE_1264_length_815_cov_17.575448	45.0	815	477	0.628931	8.76e-76	acc|GENBANK|AYV78014.1|GENBANK|MK072068|elongation factor 1 alpha long form [Edafosvirus sp.]	Edafosvirus sp.	Blastx
SRR31829833	NODE_2992_length_682_cov_8.548536	64.0	682	316	0.553797	9.36e-76	acc|GENBANK|QDY51833.1|GENBANK|MK250085|hypothetical protein [Mimiviridae sp. ChoanoV1]	Mimiviridae sp. ChoanoV1	Blastx
SRR31829833	NODE_132_length_1482_cov_8.418219	40.2	1482	419	0.866348	3.52e-75	acc|GENBANK|WNL49938.1|GENBANK|OR343188|translation elongation factor 1alpha [Marseillevirus sp.]	Marseillevirus sp.	Blastx
SRR31829833	NODE_25853_length_823_cov_4.692405	53.1	823	574	0.419861	7.39e-75	acc|GENBANK|XAO13562.1|GENBANK|PP130629|hypothetical protein [Mantoniella tinhauana virus 1]	Mantoniella tinhauana virus 1	Blastx
SRR31829833	NODE_1215_length_1182_cov_24.325500	53.7	1182	324	0.793210	1.56e-74	acc|GENBANK|QIG60113.1|GENBANK|MN940580|hypothetical protein [Dishui Lake large algae virus 1]	Dishui Lake large algae virus 1	Blastx
SRR31829833	NODE_3258_length_357_cov_4095.256173	100	357	1335	0.089139	2.16e-74	acc|GENBANK|AJD23371.1|GENBANK|KJ789131|putative RNA-dependent RNA polymerase [Yam virus X]	Yam virus X	Blastx
SRR31829833	NODE_18379_length_1031_cov_5.277555	77.7	1031	601	0.261231	2.65e-74	acc|GENBANK|AAB62581.1|GENBANK|U68072|3-hydroxy-3-methylglutaryl CoA reductase 2 [Solanum lycopersicum]	Solanum lycopersicum	Blastx
SRR31829833	NODE_8209_length_653_cov_16.627419	93.2	653	117	1.000000	3.60e-74	acc|GENBANK|QDH76138.1|GENBANK|MK948413|putative gag protein [Porcine endogenous retrovirus]	Porcine endogenous retrovirus	Blastx
SRR31829833	NODE_8673_length_768_cov_11.299320	57.0	768	324	0.682099	3.93e-74	acc|GENBANK|QIG60113.1|GENBANK|MN940580|hypothetical protein [Dishui Lake large algae virus 1]	Dishui Lake large algae virus 1	Blastx
SRR31829833	NODE_2827_length_578_cov_18.732110	84.3	578	318	0.440252	9.86e-74	acc|GENBANK|AAD44037.1|GENBANK|AF104020|polyprotein [Bovine viral diarrhea virus 2]	Bovine viral diarrhea virus 2	Blastx
SRR31829833	NODE_3256_length_348_cov_9206.326984	98.3	348	232	0.500000	1.23e-73	acc|GENBANK|AJD23417.1|GENBANK|KM009120|triple gene block protein 1 [Yam virus X]	Yam virus X	Blastx
SRR31829833	NODE_25360_length_564_cov_32.173258	62.6	564	355	0.526761	1.26e-73	acc|GENBANK|QBK91660.1|GENBANK|MK500561|translation initiation factor [Pithovirus LCPAC302]	Pithovirus LCPAC302	Blastx
SRR31829833	NODE_1766_length_1763_cov_52.675145	39.9	1763	547	0.915905	2.11e-73	acc|GENBANK|AYV86548.1|GENBANK|MK072509|hypothetical protein [Sylvanvirus sp.]	Sylvanvirus sp.	Blastx
SRR31829833	NODE_6631_length_481_cov_7.377232	75.9	481	759	0.191041	2.15e-73	acc|GENBANK|ACN78962.1|GENBANK|FJ225394|methyltransferase [Glycine max]	Glycine max	Blastx
SRR31829833	NODE_159_length_638_cov_4.107438	74.8	638	159	0.974843	2.42e-73	acc|GENBANK|AYV78925.1|GENBANK|MK072116|polyubiquitin [Edafosvirus sp.]	Edafosvirus sp.	Blastx
SRR31829833	NODE_10801_length_1090_cov_77.178808	39.7	1090	588	0.600340	2.94e-73	acc|GENBANK|QOI90522.1|GENBANK|MT663539|hypothetical protein [Pyramimonas orientalis virus]	Pyramimonas orientalis virus	Blastx
SRR31829833	NODE_38_length_1071_cov_35.078035	52.9	1071	558	0.467742	3.39e-73	acc|GENBANK|QOR60244.1|GENBANK|MK522034|hypothetical protein [Bathycoccus sp. RCC716 virus 1]	Bathycoccus sp. RCC716 virus 1	Blastx
SRR31829833	NODE_2471_length_348_cov_5896.961905	96.6	348	232	0.500000	3.51e-73	acc|GENBANK|AJD23417.1|GENBANK|KM009120|triple gene block protein 1 [Yam virus X]	Yam virus X	Blastx
SRR31829833	NODE_8657_length_547_cov_18.986381	63.2	547	221	0.773756	4.21e-73	acc|GENBANK|AYV75487.1|GENBANK|MK071979|GTP-binding protein YPTC1 [Terrestrivirus sp.]	Terrestrivirus sp.	Blastx
SRR31829833	NODE_3421_length_1397_cov_21.570381	48.2	1397	284	0.992958	5.78e-73	acc|GENBANK|QBK87322.1|GENBANK|MK500348|tetrahydrofolate dehydrogenase/cyclohydrolase [Marseillevirus LCMAC201]	Marseillevirus LCMAC201	Blastx
SRR31829833	NODE_8179_length_1090_cov_31.458846	38.8	1090	588	0.600340	8.13e-73	acc|GENBANK|QOI90522.1|GENBANK|MT663539|hypothetical protein [Pyramimonas orientalis virus]	Pyramimonas orientalis virus	Blastx
SRR31829833	NODE_25605_length_1004_cov_14.195675	41.5	1004	686	0.446064	8.60e-73	acc|GENBANK|WNO13952.1|GENBANK|OQ968299|coat protein [Guapo partitivirus]	Guapo partitivirus	Blastx
SRR31829833	NODE_5262_length_734_cov_25.811698	78.5	734	564	0.264184	1.31e-72	acc|GENBANK|AWA44801.1|GENBANK|MH182523|ATP-dependent 6-phosphofructokinase [Saccharum officinarum]	Saccharum officinarum	Blastx
SRR31829833	NODE_7096_length_1198_cov_8.624034	38.5	1198	686	0.556851	1.82e-72	acc|GENBANK|WNO13952.1|GENBANK|OQ968299|coat protein [Guapo partitivirus]	Guapo partitivirus	Blastx
SRR31829833	NODE_764_length_692_cov_17.308042	84.4	692	189	0.746032	2.56e-72	acc|REFSEQ|YP_009465730.1|REFSEQ|NC_037057|hypothetical protein [Dishui lake phycodnavirus 1]	Dishui lake phycodnavirus 1	Blastx
SRR31829833	NODE_461_length_1126_cov_359.645014	42.9	1126	321	0.937695	2.79e-72	acc|GENBANK|QFG74498.1|GENBANK|MN448289|papain family cysteine protease [Megaviridae environmental sample]	Megaviridae environmental sample	Blastx
SRR31829833	NODE_21012_length_556_cov_3.539197	62.1	556	212	0.820755	8.22e-72	acc|GENBANK|AYV82031.1|GENBANK|MK072334|Ras-like protein Rab-11A [Homavirus sp.]	Homavirus sp.	Blastx
SRR31829833	NODE_16081_length_1213_cov_5.888136	43.3	1213	476	0.684874	1.20e-71	acc|GENBANK|QPI16652.1|GENBANK|MW030591|serine endoprotease [Virus NIOZ-UU159]	Virus NIOZ-UU159	Blastx
SRR31829833	NODE_8743_length_1143_cov_13.317117	40.0	1143	572	0.673077	4.21e-71	acc|REFSEQ|YP_009448872.1|REFSEQ|NC_036594|Bi-functional 3,4-dihydroxy-2-butanone [Orpheovirus IHUMI-LCC2]	Orpheovirus IHUMI-LCC2	Blastx
SRR31829833	NODE_21762_length_581_cov_12.760949	86.8	581	189	0.719577	4.29e-71	acc|REFSEQ|YP_009465730.1|REFSEQ|NC_037057|hypothetical protein [Dishui lake phycodnavirus 1]	Dishui lake phycodnavirus 1	Blastx
SRR31829833	NODE_19926_length_628_cov_4.739496	73.1	628	244	0.639344	8.12e-71	acc|GENBANK|AAW73220.1|GENBANK|AY747599|VRN-A1 [Triticum aestivum]	Triticum aestivum	Blastx
SRR31829833	NODE_97_length_978_cov_6.364021	41.1	978	348	0.902299	1.15e-70	acc|GENBANK|AYV86709.1|GENBANK|MK072513|hypothetical protein [Sylvanvirus sp.]	Sylvanvirus sp.	Blastx
SRR31829833	NODE_11076_length_1883_cov_19.634054	44.2	1883	320	0.862500	3.95e-70	acc|GENBANK|ARF09286.1|GENBANK|KY684084|serine/threonine protein kinase [Catovirus CTV1]	Catovirus CTV1	Blastx
SRR31829833	NODE_20078_length_502_cov_4.918977	67.3	502	759	0.205534	6.29e-70	acc|GENBANK|ACN78962.1|GENBANK|FJ225394|methyltransferase [Glycine max]	Glycine max	Blastx
SRR31829833	NODE_2126_length_333_cov_1761.783333	100	333	1335	0.083146	6.37e-70	acc|GENBANK|AJD23371.1|GENBANK|KJ789131|putative RNA-dependent RNA polymerase [Yam virus X]	Yam virus X	Blastx
SRR31829833	NODE_959_length_1721_cov_23.281398	41.8	1721	919	0.398259	6.41e-70	acc|GENBANK|AYV75146.1|GENBANK|MK071979|plasma membrane ATPase [Terrestrivirus sp.]	Terrestrivirus sp.	Blastx
SRR31829833	NODE_23355_length_630_cov_40.313233	51.6	630	694	0.306916	1.60e-69	acc|REFSEQ|YP_010780645.1|REFSEQ|NC_075038|catalase HPII [Tupanvirus deep ocean]	Tupanvirus deep ocean	Blastx
SRR31829833	NODE_2135_length_336_cov_2483.735974	99.1	336	1335	0.083895	1.69e-69	acc|GENBANK|AJD23371.1|GENBANK|KJ789131|putative RNA-dependent RNA polymerase [Yam virus X]	Yam virus X	Blastx
SRR31829833	NODE_2368_length_1260_cov_13.740831	45.5	1260	925	0.315676	1.80e-69	acc|GENBANK|ABY48139.1|GENBANK|EU306659|NORK [Medicago truncatula]	Medicago truncatula	Blastx
SRR31829833	NODE_17493_length_582_cov_8.601093	62.0	582	504	0.365079	4.10e-69	acc|GENBANK|QKF94406.1|GENBANK|MT418680|3-deoxy-8-phosphooctulonate synthase [Fadolivirus FV1/VV64]	Fadolivirus FV1/VV64	Blastx
SRR31829833	NODE_1583_length_616_cov_92.353345	81.0	616	145	1.013793	4.27e-69	acc|GENBANK|AIC33043.1|GENBANK|KF699327|DNA-directed RNA polymerase IIa [Panax ginseng]	Panax ginseng	Blastx
SRR31829833	NODE_21794_length_1013_cov_17.427551	68.3	1013	196	0.821429	5.89e-69	acc|GENBANK|AWA44808.1|GENBANK|MH182523|hypothetical protein [Saccharum officinarum]	Saccharum officinarum	Blastx
SRR31829833	NODE_53_length_532_cov_185.591182	66.0	532	148	0.993243	6.62e-69	acc|GENBANK|QBK87822.1|GENBANK|MK500370|ubiquitin-conjugating enzyme E2 [Marseillevirus LCMAC202]	Marseillevirus LCMAC202	Blastx
SRR31829833	NODE_465_length_890_cov_574.840140	48.8	890	406	0.635468	2.70e-68	acc|GENBANK|QBK87310.1|GENBANK|MK500348|chaperone protein [Marseillevirus LCMAC201]	Marseillevirus LCMAC201	Blastx
SRR31829833	NODE_6013_length_600_cov_5.730159	53.8	600	1263	0.167854	7.16e-68	acc|GENBANK|AAD26531.1|GENBANK|AF087141|valyl-tRNA synthetase [Mus musculus]	Mus musculus	Blastx
SRR31829833	NODE_9202_length_1472_cov_8.672689	40.3	1472	497	0.603622	7.67e-68	acc|GENBANK|CCQ71326.1|GENBANK|HF586476|hypothetical Pro-X carboxypeptidase-like protein [Cotesia congregata]	Cotesia congregata	Blastx
SRR31829833	NODE_11579_length_817_cov_13.687500	46.2	817	299	0.839465	9.93e-68	acc|GENBANK|ARF09764.1|GENBANK|KY684087|serine/threonine protein kinase [Indivirus ILV1]	Indivirus ILV1	Blastx
SRR31829833	NODE_24946_length_937_cov_10.164823	41.3	937	726	0.410468	1.45e-67	acc|GENBANK|UMO78572.1|GENBANK|MZ420562|Serine/threonine protein kinase [Pandoravirus belohorizontensis]	Pandoravirus belohorizontensis	Blastx
SRR31829833	NODE_1405_length_850_cov_18.938800	46.8	850	300	0.826667	1.49e-67	acc|GENBANK|ARF11854.1|GENBANK|KY684109|serine/threonine protein kinase [Klosneuvirus KNV1]	Klosneuvirus KNV1	Blastx
SRR31829833	NODE_5651_length_1140_cov_8.030714	34.6	1140	463	0.848812	1.63e-67	acc|REFSEQ|YP_010781133.1|REFSEQ|NC_075038|cysteine desulfurase sufS family [Tupanvirus deep ocean]	Tupanvirus deep ocean	Blastx
SRR31829833	NODE_1505_length_854_cov_114.590743	43.2	854	657	0.412481	1.77e-67	acc|GENBANK|CAK7596747.1|GENBANK|OZ003748|Heat shock protein Hsp90 family [Catovirus sp. 'naegleriensis']	Catovirus sp. 'naegleriensis'	Blastx
SRR31829833	NODE_22287_length_954_cov_11.076004	45.9	954	588	0.500000	2.03e-67	acc|GENBANK|QOI90522.1|GENBANK|MT663539|hypothetical protein [Pyramimonas orientalis virus]	Pyramimonas orientalis virus	Blastx
SRR31829833	NODE_3760_length_641_cov_30.419408	59.8	641	564	0.326241	3.53e-67	acc|GENBANK|AWA44801.1|GENBANK|MH182523|ATP-dependent 6-phosphofructokinase [Saccharum officinarum]	Saccharum officinarum	Blastx
SRR31829833	NODE_5003_length_664_cov_7.662441	50.2	664	477	0.463312	3.64e-67	acc|GENBANK|AYV78014.1|GENBANK|MK072068|elongation factor 1 alpha long form [Edafosvirus sp.]	Edafosvirus sp.	Blastx
SRR31829833	NODE_23592_length_482_cov_15.795100	72.7	482	212	0.655660	4.56e-67	acc|GENBANK|AYV82031.1|GENBANK|MK072334|Ras-like protein Rab-11A [Homavirus sp.]	Homavirus sp.	Blastx
SRR31829833	NODE_17019_length_415_cov_6.965969	77.5	415	212	0.608491	5.45e-67	acc|GENBANK|AYV82031.1|GENBANK|MK072334|Ras-like protein Rab-11A [Homavirus sp.]	Homavirus sp.	Blastx
SRR31829833	NODE_3511_length_335_cov_8060.261589	100	335	1335	0.083146	8.23e-67	acc|GENBANK|AJD23416.1|GENBANK|KM009120|putative RNA-dependent RNA polymerase [Yam virus X]	Yam virus X	Blastx
SRR31829833	NODE_22718_length_438_cov_16.713580	68.8	438	491	0.293279	8.86e-67	acc|GENBANK|QBK88163.1|GENBANK|MK500377|phosphoenolpyruvate carboxykinase [Marseillevirus LCMAC202]	Marseillevirus LCMAC202	Blastx
SRR31829833	NODE_567_length_993_cov_24.094792	50.0	993	325	0.732308	1.09e-66	acc|GENBANK|QDH91349.1|GENBANK|MN036178|hypothetical protein [Partitiviridae sp.]	Partitiviridae sp.	Blastx
SRR31829833	NODE_25341_length_1215_cov_18.175973	42.9	1215	925	0.337297	1.43e-66	acc|GENBANK|ABY48139.1|GENBANK|EU306659|NORK [Medicago truncatula]	Medicago truncatula	Blastx
SRR31829833	NODE_25217_length_656_cov_22.544141	62.7	656	564	0.299645	1.66e-66	acc|GENBANK|AWA44801.1|GENBANK|MH182523|ATP-dependent 6-phosphofructokinase [Saccharum officinarum]	Saccharum officinarum	Blastx
SRR31829833	NODE_21728_length_1150_cov_5.038496	36.7	1150	620	0.606452	2.21e-66	acc|GENBANK|QIG60126.1|GENBANK|MN940580|RNA polymerase II largest subunit [Dishui Lake large algae virus 1]	Dishui Lake large algae virus 1	Blastx
SRR31829833	NODE_18776_length_476_cov_15.092551	72.1	476	212	0.641509	3.44e-66	acc|GENBANK|AYV82031.1|GENBANK|MK072334|Ras-like protein Rab-11A [Homavirus sp.]	Homavirus sp.	Blastx
SRR31829833	NODE_24759_length_1684_cov_16.087220	45.7	1684	761	0.362681	4.64e-66	acc|GENBANK|QBK87503.1|GENBANK|MK500354|glutamyl-tRNA synthetase [Marseillevirus LCMAC201]	Marseillevirus LCMAC201	Blastx
SRR31829833	NODE_57_length_848_cov_20.471166	88.1	848	258	0.457364	5.14e-66	acc|GENBANK|WMV02893.1|GENBANK|OP630990|alpha-tubulin [Diderma spumarioides]	Diderma spumarioides	Blastx
SRR31829833	NODE_24785_length_783_cov_15.181333	65.0	783	212	0.740566	6.66e-66	acc|GENBANK|AYV82031.1|GENBANK|MK072334|Ras-like protein Rab-11A [Homavirus sp.]	Homavirus sp.	Blastx
SRR31829833	NODE_23614_length_605_cov_12.795455	50.0	605	262	0.740458	7.44e-66	acc|GENBANK|QFG74502.1|GENBANK|MN448289|endonuclease/exonuclease/phosphatase family [Megaviridae environmental sample]	Megaviridae environmental sample	Blastx
SRR31829833	NODE_12027_length_646_cov_8.008157	54.0	646	363	0.515152	7.50e-66	acc|GENBANK|AYV86762.1|GENBANK|MK072514|GDP-D-mannose-3',5'-epimerase [Sylvanvirus sp.]	Sylvanvirus sp.	Blastx
SRR31829833	NODE_1105_length_1117_cov_145.975092	38.1	1117	337	0.988131	1.12e-65	acc|REFSEQ|YP_002300567.1|REFSEQ|NC_011423|cathepsin [Adoxophyes orana nucleopolyhedrovirus]	Adoxophyes orana nucleopolyhedrovirus	Blastx
SRR31829833	NODE_33745_length_1238_cov_15.206639	43.6	1238	325	0.840000	1.82e-65	acc|GENBANK|QDH91349.1|GENBANK|MN036178|hypothetical protein [Partitiviridae sp.]	Partitiviridae sp.	Blastx
SRR31829833	NODE_21180_length_516_cov_31.300207	58.3	516	623	0.269663	1.97e-65	acc|GENBANK|BAL14837.1|GENBANK|AB682995|endo-1,4-b-D-glucanase [Oryza sativa Japonica Group]	Oryza sativa Japonica Group	Blastx
SRR31829833	NODE_17858_length_1155_cov_15.461676	35.8	1155	644	0.602484	1.99e-65	acc|GENBANK|AGE55774.1|GENBANK|JX997174|potassium transporter [Acanthocystis turfacea Chlorella virus MN0810.1]	Acanthocystis turfacea Chlorella virus MN0810.1	Blastx
SRR31829833	NODE_8350_length_525_cov_238.668699	63.0	525	148	0.986486	2.75e-65	acc|GENBANK|QBK87822.1|GENBANK|MK500370|ubiquitin-conjugating enzyme E2 [Marseillevirus LCMAC202]	Marseillevirus LCMAC202	Blastx
SRR31829833	NODE_20321_length_1111_cov_5.280148	36.8	1111	447	0.718121	3.73e-65	acc|REFSEQ|NP_077596.1|REFSEQ|NC_002687|serine-threonine kinase [Ectocarpus siliculosus virus 1]	Ectocarpus siliculosus virus 1	Blastx
SRR31829833	NODE_15782_length_732_cov_4.701001	45.0	732	310	0.767742	5.33e-65	acc|GENBANK|AYV86922.1|GENBANK|MK072520|hypothetical protein [Sylvanvirus sp.]	Sylvanvirus sp.	Blastx
SRR31829833	NODE_18243_length_853_cov_9.015854	42.6	853	371	0.727763	5.39e-65	acc|GENBANK|WNO13897.1|GENBANK|OQ968270|capsid protein [Berere partitivirus]	Berere partitivirus	Blastx
SRR31829833	NODE_21491_length_504_cov_6.076433	71.9	504	2466	0.067721	5.69e-65	acc|GENBANK|AOZ57106.1|GENBANK|KX608896|Serine threonine-protein kinase TOR [Saccharum hybrid cultivar R570]	Saccharum hybrid cultivar R570	Blastx
SRR31829833	NODE_149_length_933_cov_20.105556	69.1	933	196	0.760204	6.05e-65	acc|GENBANK|AWA44808.1|GENBANK|MH182523|hypothetical protein [Saccharum officinarum]	Saccharum officinarum	Blastx
SRR31829833	NODE_12250_length_1168_cov_32.135683	41.4	1168	331	0.803625	8.72e-65	acc|GENBANK|QDY52085.1|GENBANK|MK250087|hypothetical protein [Mimiviridae sp. ChoanoV1]	Mimiviridae sp. ChoanoV1	Blastx
SRR31829833	NODE_6804_length_1475_cov_10.415395	35.9	1475	600	0.678333	1.22e-64	acc|GENBANK|QDY52168.1|GENBANK|MK250088|thiamine pyrophosphate enzyme, N-terminal TPP [Mimiviridae sp. ChoanoV1]	Mimiviridae sp. ChoanoV1	Blastx
SRR31829833	NODE_11741_length_1189_cov_10.878893	37.8	1189	405	0.725926	1.51e-64	acc|GENBANK|WGU26824.1|GENBANK|OQ503488|eukaryotic initiation factor 4A-III B-like [Triticum monococcum]	Triticum monococcum	Blastx
SRR31829833	NODE_500_length_726_cov_272.893218	64.7	726	148	0.939189	1.60e-64	acc|GENBANK|QBK87822.1|GENBANK|MK500370|ubiquitin-conjugating enzyme E2 [Marseillevirus LCMAC202]	Marseillevirus LCMAC202	Blastx
SRR31829833	NODE_25561_length_919_cov_20.369074	57.1	919	206	0.927184	2.02e-64	acc|GENBANK|AYV76278.1|GENBANK|MK071983|hypothetical protein [Terrestrivirus sp.]	Terrestrivirus sp.	Blastx
SRR31829833	NODE_11751_length_770_cov_16.675712	57.6	770	286	0.643357	2.26e-64	acc|GENBANK|BFT93432.1|GENBANK|LC847964|Uracil-DNA glycosylase [Medusavirus sp. 'euryale']	Medusavirus sp. 'euryale'	Blastx
SRR31829833	NODE_25213_length_616_cov_18.303602	58.3	616	226	0.796460	3.70e-64	acc|GENBANK|ACS71539.1|GENBANK|GQ169759|Ham1-like protein [Cassava brown streak virus]	Cassava brown streak virus	Blastx
SRR31829833	NODE_3775_length_747_cov_4.693277	46.7	747	371	0.652291	5.06e-64	acc|GENBANK|WNO13897.1|GENBANK|OQ968270|capsid protein [Berere partitivirus]	Berere partitivirus	Blastx
SRR31829833	NODE_10090_length_672_cov_31.585290	62.6	672	148	0.993243	6.88e-64	acc|GENBANK|QBK87822.1|GENBANK|MK500370|ubiquitin-conjugating enzyme E2 [Marseillevirus LCMAC202]	Marseillevirus LCMAC202	Blastx
SRR31829833	NODE_11756_length_1735_cov_9.009401	35.0	1735	478	0.849372	6.90e-64	acc|GENBANK|AAK84479.1|GENBANK|AF275345|putative auxin growth promotor protein [Solanum lycopersicum]	Solanum lycopersicum	Blastx
SRR31829833	NODE_8503_length_424_cov_162.795396	64.0	424	148	0.939189	6.97e-64	acc|GENBANK|QBK87822.1|GENBANK|MK500370|ubiquitin-conjugating enzyme E2 [Marseillevirus LCMAC202]	Marseillevirus LCMAC202	Blastx
SRR31829833	NODE_3546_length_1557_cov_15.119423	50.9	1557	232	0.913793	7.70e-64	acc|REFSEQ|YP_007003686.1|REFSEQ|NC_019491|thymidylate kinase [Cyprinid herpesvirus 1]	Cyprinid herpesvirus 1	Blastx
SRR31829833	NODE_348_length_778_cov_212.794631	40.1	778	477	0.601677	9.60e-64	acc|GENBANK|AYV78014.1|GENBANK|MK072068|elongation factor 1 alpha long form [Edafosvirus sp.]	Edafosvirus sp.	Blastx
SRR31829833	NODE_11943_length_900_cov_10.465975	40.8	900	571	0.497373	1.02e-63	acc|GENBANK|QDY51783.1|GENBANK|MK250085|hypothetical protein [Mimiviridae sp. ChoanoV1]	Mimiviridae sp. ChoanoV1	Blastx
SRR31829833	NODE_23239_length_703_cov_10.271642	56.0	703	206	0.927184	1.13e-63	acc|GENBANK|AYV76278.1|GENBANK|MK071983|hypothetical protein [Terrestrivirus sp.]	Terrestrivirus sp.	Blastx
SRR31829833	NODE_17347_length_887_cov_12.891101	39.2	887	759	0.413702	1.48e-63	acc|GENBANK|ACN78962.1|GENBANK|FJ225394|methyltransferase [Glycine max]	Glycine max	Blastx
SRR31829833	NODE_929_length_681_cov_33.699074	53.9	681	182	1.049451	1.64e-63	acc|REFSEQ|YP_009163818.1|REFSEQ|NC_027778|ORF_057R [Scale drop disease virus]	Scale drop disease virus	Blastx
SRR31829833	NODE_8561_length_1146_cov_21.000898	33.1	1146	590	0.737288	1.92e-63	acc|GENBANK|AYV86827.1|GENBANK|MK072516|CMGC/MAPK protein kinase [Sylvanvirus sp.]	Sylvanvirus sp.	Blastx
SRR31829833	NODE_2511_length_312_cov_4558.261649	100	312	1335	0.077903	1.99e-63	acc|GENBANK|AJD23416.1|GENBANK|KM009120|putative RNA-dependent RNA polymerase [Yam virus X]	Yam virus X	Blastx
SRR31829833	NODE_1890_length_462_cov_4.023310	66.9	462	282	0.535461	2.41e-63	acc|GENBANK|AAL14448.1|GENBANK|AF397035|heat shock protein Hsc70t [Mus musculus]	Mus musculus	Blastx
SRR31829833	NODE_15429_length_853_cov_3.714634	43.9	853	925	0.290811	6.26e-63	acc|GENBANK|ABY48139.1|GENBANK|EU306659|NORK [Medicago truncatula]	Medicago truncatula	Blastx
SRR31829833	NODE_13375_length_648_cov_6.549593	47.8	648	471	0.520170	1.09e-62	acc|REFSEQ|YP_009553220.1|REFSEQ|NC_040712|ORF4 [Dioscorea nummularia-associated virus]	Dioscorea nummularia-associated virus	Blastx
SRR31829833	NODE_2238_length_1007_cov_50.873717	42.9	1007	753	0.371846	1.37e-62	acc|GENBANK|QDY51907.1|GENBANK|MK250085|Hsp90 protein [Mimiviridae sp. ChoanoV1]	Mimiviridae sp. ChoanoV1	Blastx
SRR31829833	NODE_917_length_752_cov_15.463143	53.4	752	182	1.049451	1.49e-62	acc|REFSEQ|YP_009163818.1|REFSEQ|NC_027778|ORF_057R [Scale drop disease virus]	Scale drop disease virus	Blastx
SRR31829833	NODE_18144_length_1124_cov_12.986251	41.5	1124	1378	0.187228	1.63e-62	acc|GENBANK|URM61947.1|GENBANK|MT663335|cyclin dependent serinethreonine kinase [Mimivirus sp.]	Mimivirus sp.	Blastx
SRR31829833	NODE_8195_length_1091_cov_3.575614	41.0	1091	925	0.318919	1.66e-62	acc|GENBANK|ABY48139.1|GENBANK|EU306659|NORK [Medicago truncatula]	Medicago truncatula	Blastx
SRR31829833	NODE_17763_length_673_cov_6.057812	65.4	673	237	0.658228	1.70e-62	acc|GENBANK|ADB85285.1|GENBANK|GQ252816|hypothetical protein [Phyllostachys edulis]	Phyllostachys edulis	Blastx
SRR31829833	NODE_7550_length_470_cov_8.338673	83.1	470	621	0.199678	1.72e-62	acc|GENBANK|XCA47333.1|GENBANK|PP911589|movement protein hsp70h [Micromonas commoda virus]	Micromonas commoda virus	Blastx
SRR31829833	NODE_3678_length_584_cov_5.905626	57.0	584	321	0.535826	1.73e-62	acc|GENBANK|AYV82329.1|GENBANK|MK072362|fructose-1,6-bisphosphatase, cytosolic-like [Homavirus sp.]	Homavirus sp.	Blastx
SRR31829833	NODE_3988_length_582_cov_14.049180	52.6	582	302	0.635762	2.01e-62	acc|GENBANK|QBK92300.1|GENBANK|MK500573|NAD dependent epimerase/dehydratase [Pithovirus LCPAC304]	Pithovirus LCPAC304	Blastx
SRR31829833	NODE_5135_length_1668_cov_22.053823	36.2	1668	394	1.010152	2.03e-62	acc|GENBANK|ARF11626.1|GENBANK|KY684109|translation initiation factor 4A-III [Klosneuvirus KNV1]	Klosneuvirus KNV1	Blastx
SRR31829833	NODE_11765_length_1226_cov_5.525566	39.2	1226	324	1.061728	2.12e-62	acc|REFSEQ|NP_077672.1|REFSEQ|NC_002687|EsV-1-187 [Ectocarpus siliculosus virus 1]	Ectocarpus siliculosus virus 1	Blastx
SRR31829833	NODE_1541_length_1334_cov_24.035357	37.4	1334	355	0.940845	2.51e-62	acc|GENBANK|WRJ69891.1|GENBANK|OR001839|alpha-galactosidase [Oceanusvirus sp.]	Oceanusvirus sp.	Blastx
SRR31829833	NODE_711_length_1342_cov_11.093965	43.7	1342	726	0.362259	2.60e-62	acc|GENBANK|UMO78572.1|GENBANK|MZ420562|Serine/threonine protein kinase [Pandoravirus belohorizontensis]	Pandoravirus belohorizontensis	Blastx
SRR31829833	NODE_33657_length_485_cov_2.588496	56.4	485	353	0.461756	4.81e-62	acc|GENBANK|WGU26821.1|GENBANK|OQ503488|S-acyltransferase 11-like protein [Triticum monococcum]	Triticum monococcum	Blastx
SRR31829833	NODE_586_length_1606_cov_42.171647	38.0	1606	258	1.000000	7.64e-62	acc|GENBANK|WMV02893.1|GENBANK|OP630990|alpha-tubulin [Diderma spumarioides]	Diderma spumarioides	Blastx
SRR31829833	NODE_504_length_3406_cov_35.433739	43.0	3406	925	0.316757	1.08e-61	acc|GENBANK|ABY48139.1|GENBANK|EU306659|NORK [Medicago truncatula]	Medicago truncatula	Blastx
SRR31829833	NODE_3503_length_1124_cov_96.518790	46.6	1124	371	0.636119	1.16e-61	acc|GENBANK|WNO13897.1|GENBANK|OQ968270|capsid protein [Berere partitivirus]	Berere partitivirus	Blastx
SRR31829833	NODE_87_length_939_cov_12.003311	35.9	939	447	0.704698	1.24e-61	acc|REFSEQ|NP_077596.1|REFSEQ|NC_002687|serine-threonine kinase [Ectocarpus siliculosus virus 1]	Ectocarpus siliculosus virus 1	Blastx
SRR31829833	NODE_6209_length_333_cov_118.360000	76.6	333	214	0.518692	1.65e-61	acc|GENBANK|UZE89726.1|GENBANK|ON704650|hypothetical protein [Parapoynx stagnalis nucleopolyhedrovirus]	Parapoynx stagnalis nucleopolyhedrovirus	Blastx
SRR31829833	NODE_25409_length_873_cov_15.325000	43.6	873	271	0.974170	1.71e-61	acc|GENBANK|AUF82230.1|GENBANK|KY322437|E3 ubiquitin--protein ligase MIEL1-like protein [Tetraselmis virus 1]	Tetraselmis virus 1	Blastx
SRR31829833	NODE_1224_length_868_cov_23.214371	37.2	868	497	0.567404	1.81e-61	acc|GENBANK|CCQ71326.1|GENBANK|HF586476|hypothetical Pro-X carboxypeptidase-like protein [Cotesia congregata]	Cotesia congregata	Blastx
SRR31829833	NODE_3080_length_593_cov_44.223214	88.5	593	213	0.572770	1.96e-61	acc|GENBANK|AAK76585.1|GENBANK|AY045911|putative copia retroelement pol polyprotein [Arabidopsis thaliana]	Arabidopsis thaliana	Blastx
SRR31829833	NODE_1151_length_989_cov_36.014644	43.2	989	363	0.746556	3.67e-61	acc|GENBANK|QDY52262.1|GENBANK|MK250089|HD domain protein [Mimiviridae sp. ChoanoV1]	Mimiviridae sp. ChoanoV1	Blastx
SRR31829833	NODE_19406_length_606_cov_14.342059	59.0	606	620	0.251613	3.78e-61	acc|GENBANK|USH99765.1|GENBANK|ON752135|putative retrotransposon protein, Ty3-gypsy [Oryza sativa Japonica Group]	Oryza sativa Japonica Group	Blastx
SRR31829833	NODE_11770_length_1096_cov_44.064911	40.7	1096	291	0.945017	4.00e-61	acc|REFSEQ|YP_009177067.1|REFSEQ|NC_028238|hypothetical protein [Turkeypox virus]	Turkeypox virus	Blastx
SRR31829833	NODE_22135_length_665_cov_6.795886	62.6	665	422	0.367299	6.91e-61	acc|GENBANK|ABY48137.1|GENBANK|EU306659|putative protein [Medicago truncatula]	Medicago truncatula	Blastx
SRR31829833	NODE_21413_length_392_cov_9.041783	80.7	392	2466	0.054745	8.61e-61	acc|GENBANK|AOZ57106.1|GENBANK|KX608896|Serine threonine-protein kinase TOR [Saccharum hybrid cultivar R570]	Saccharum hybrid cultivar R570	Blastx
SRR31829833	NODE_17757_length_959_cov_8.288337	45.6	959	925	0.282162	9.62e-61	acc|GENBANK|ABY48139.1|GENBANK|EU306659|NORK [Medicago truncatula]	Medicago truncatula	Blastx
SRR31829833	NODE_21247_length_437_cov_6.735149	61.3	437	623	0.227929	1.81e-60	acc|GENBANK|BAL14837.1|GENBANK|AB682995|endo-1,4-b-D-glucanase [Oryza sativa Japonica Group]	Oryza sativa Japonica Group	Blastx
SRR31829833	NODE_17333_length_1534_cov_12.422385	37.9	1534	1793	0.197434	2.19e-60	acc|GENBANK|CCQ71366.1|GENBANK|HF586479|hypothetical serine/threonine protein kinase [Cotesia congregata]	Cotesia congregata	Blastx
SRR31829833	NODE_25176_length_343_cov_13.719355	77.5	343	112	0.991071	3.89e-60	acc|GENBANK|QDH87640.1|GENBANK|MN033519|hypothetical protein [Mitovirus sp.]	Mitovirus sp.	Blastx
SRR31829833	NODE_9156_length_799_cov_28.190601	42.1	799	511	0.469667	4.77e-60	acc|GENBANK|ARF11617.1|GENBANK|KY684109|lysyl-tRNA synthetase [Klosneuvirus KNV1]	Klosneuvirus KNV1	Blastx
SRR31829833	NODE_178_length_1999_cov_16.733978	29.9	1999	498	1.028112	5.11e-60	acc|GENBANK|XHA59766.1|GENBANK|OR863077|thermosome [Poseidoniales virus]	Poseidoniales virus	Blastx
SRR31829833	NODE_11738_length_433_cov_7.720000	60.6	433	177	0.802260	6.34e-60	acc|GENBANK|ABK32208.1|GENBANK|DQ890165|VRN3 [Triticum aestivum]	Triticum aestivum	Blastx
SRR31829833	NODE_7684_length_361_cov_2.091463	72.9	361	759	0.155468	8.82e-60	acc|GENBANK|ACN78962.1|GENBANK|FJ225394|methyltransferase [Glycine max]	Glycine max	Blastx
SRR31829833	NODE_25460_length_1738_cov_14.717302	33.8	1738	405	0.950617	9.70e-60	acc|GENBANK|WGU26824.1|GENBANK|OQ503488|eukaryotic initiation factor 4A-III B-like [Triticum monococcum]	Triticum monococcum	Blastx
SRR31829833	NODE_23351_length_604_cov_16.784588	55.0	604	638	0.316614	1.02e-59	acc|REFSEQ|YP_004894551.1|REFSEQ|NC_016072|heat shock 70 kDa protein-like protein [Megavirus chiliensis]	Megavirus chiliensis	Blastx
SRR31829833	NODE_8243_length_498_cov_10.920430	61.9	498	407	0.380835	1.07e-59	acc|GENBANK|ARF08154.1|GENBANK|KY684083|acetamidase/formamidase family protein [Catovirus CTV1]	Catovirus CTV1	Blastx
SRR31829833	NODE_23508_length_932_cov_15.113459	50.0	932	197	0.984772	1.15e-59	acc|REFSEQ|YP_009449015.1|REFSEQ|NC_036594|GTP ras-related protein Rac1 [Orpheovirus IHUMI-LCC2]	Orpheovirus IHUMI-LCC2	Blastx
SRR31829833	NODE_24546_length_757_cov_6.657459	44.1	757	588	0.404762	1.37e-59	acc|GENBANK|QOI90522.1|GENBANK|MT663539|hypothetical protein [Pyramimonas orientalis virus]	Pyramimonas orientalis virus	Blastx
SRR31829833	NODE_3438_length_605_cov_37.933566	55.4	605	638	0.316614	1.42e-59	acc|REFSEQ|YP_004894551.1|REFSEQ|NC_016072|heat shock 70 kDa protein-like protein [Megavirus chiliensis]	Megavirus chiliensis	Blastx
SRR31829833	NODE_2866_length_1551_cov_7.467721	30.8	1551	499	0.857715	1.70e-59	acc|GENBANK|CCQ71356.1|GENBANK|HF586477|hypothetical E3 ubiquitin-protein ligase ARI [Cotesia congregata]	Cotesia congregata	Blastx
SRR31829833	NODE_390_length_769_cov_74.885870	37.2	769	651	0.586790	1.70e-59	acc|GENBANK|QBK86751.1|GENBANK|MK500335|uncharacterized protein [Marseillevirus LCMAC103]	Marseillevirus LCMAC103	Blastx
SRR31829833	NODE_2854_length_1312_cov_30.423769	40.5	1312	925	0.320000	1.78e-59	acc|GENBANK|ABY48139.1|GENBANK|EU306659|NORK [Medicago truncatula]	Medicago truncatula	Blastx
SRR31829833	NODE_17988_length_600_cov_4.181658	48.9	600	496	0.383065	1.96e-59	acc|GENBANK|ACN78958.1|GENBANK|FJ225394|dehydration responsive protein [Glycine max]	Glycine max	Blastx
SRR31829833	NODE_18290_length_1571_cov_7.453836	45.7	1571	299	0.812709	2.32e-59	acc|GENBANK|ARF09764.1|GENBANK|KY684087|serine/threonine protein kinase [Indivirus ILV1]	Indivirus ILV1	Blastx
SRR31829833	NODE_753_length_769_cov_50.118207	50.5	769	562	0.380783	2.64e-59	acc|GENBANK|QDY52375.1|GENBANK|MK250091|asparagine synthase [Mimiviridae sp. ChoanoV1]	Mimiviridae sp. ChoanoV1	Blastx
SRR31829833	NODE_24031_length_686_cov_4.453292	55.0	686	336	0.595238	4.65e-59	acc|GENBANK|ACG35788.1|GENBANK|EU963670|retrotransposon protein Ty3-gypsy subclass [Zea mays]	Zea mays	Blastx
SRR31829833	NODE_3507_length_1010_cov_413.888434	46.2	1010	276	0.847826	5.27e-59	acc|GENBANK|ACG38448.1|GENBANK|EU966330|retrotransposon protein Ty1-copia subclass [Zea mays]	Zea mays	Blastx
SRR31829833	NODE_23343_length_612_cov_19.183074	46.7	612	285	0.736842	1.05e-58	acc|GENBANK|QKF94680.1|GENBANK|MT418680|phytanoyl-CoA dioxygenase [Fadolivirus FV1/VV64]	Fadolivirus FV1/VV64	Blastx
SRR31829833	NODE_19158_length_1382_cov_8.174944	46.7	1382	925	0.261622	2.23e-58	acc|GENBANK|ABY48139.1|GENBANK|EU306659|NORK [Medicago truncatula]	Medicago truncatula	Blastx
SRR31829833	NODE_3565_length_300_cov_4010.441948	94.0	300	1335	0.074906	2.24e-58	acc|GENBANK|AJD23381.1|GENBANK|KJ789133|putative RNA-dependent RNA polymerase [Yam virus X]	Yam virus X	Blastx
SRR31829833	NODE_27196_length_937_cov_22.775442	39.2	937	299	0.879599	2.75e-58	acc|GENBANK|UOG94093.1|NEIGHBOR|OM876856|serine threonine-protein phosphatase [Aureococcus anophagefferens virus]	Aureococcus anophagefferens virus	Blastx
SRR31829833	NODE_17609_length_457_cov_15.433962	64.5	457	518	0.293436	2.98e-58	acc|GENBANK|ABY48142.1|GENBANK|EU306659|serine-hydroxymethyltransferase [Medicago truncatula]	Medicago truncatula	Blastx
SRR31829833	NODE_7537_length_1102_cov_20.652011	35.2	1102	447	0.704698	3.04e-58	acc|REFSEQ|NP_077596.1|REFSEQ|NC_002687|serine-threonine kinase [Ectocarpus siliculosus virus 1]	Ectocarpus siliculosus virus 1	Blastx
SRR31829833	NODE_9_length_772_cov_167.212449	59.2	772	150	0.980000	3.31e-58	acc|GENBANK|AYV82350.1|GENBANK|MK072366|hypothetical protein [Homavirus sp.]	Homavirus sp.	Blastx
SRR31829833	NODE_8918_length_1263_cov_11.472358	40.4	1263	925	0.326486	3.76e-58	acc|GENBANK|ABY48139.1|GENBANK|EU306659|NORK [Medicago truncatula]	Medicago truncatula	Blastx
SRR31829833	NODE_5980_length_1140_cov_49.099368	39.2	1140	299	0.879599	3.81e-58	acc|GENBANK|UOG94093.1|NEIGHBOR|OM876856|serine threonine-protein phosphatase [Aureococcus anophagefferens virus]	Aureococcus anophagefferens virus	Blastx
SRR31829833	NODE_25499_length_1242_cov_15.235732	34.4	1242	441	0.757370	5.11e-58	acc|GENBANK|QKF94717.1|GENBANK|MT418680|ergosterol biosynthesis ERG4/ERG24 [Fadolivirus FV1/VV64]	Fadolivirus FV1/VV64	Blastx
SRR31829833	NODE_24945_length_668_cov_19.965354	50.5	668	197	0.964467	6.31e-58	acc|REFSEQ|YP_009449015.1|REFSEQ|NC_036594|GTP ras-related protein Rac1 [Orpheovirus IHUMI-LCC2]	Orpheovirus IHUMI-LCC2	Blastx
SRR31829833	NODE_1610_length_822_cov_65.447402	59.2	822	150	0.980000	8.28e-58	acc|GENBANK|AYV82350.1|GENBANK|MK072366|hypothetical protein [Homavirus sp.]	Homavirus sp.	Blastx
SRR31829833	NODE_22068_length_369_cov_3.032738	80.3	369	925	0.131892	1.02e-57	acc|GENBANK|ABY48139.1|GENBANK|EU306659|NORK [Medicago truncatula]	Medicago truncatula	Blastx
SRR31829833	NODE_10889_length_1637_cov_15.425187	38.5	1637	482	0.647303	2.33e-57	acc|GENBANK|BBA54297.1|GENBANK|AB898755|gag : akt fusion protein [Feline leukemia virus]	Feline leukemia virus	Blastx
SRR31829833	NODE_2934_length_1225_cov_5.134228	41.2	1225	726	0.360882	3.14e-57	acc|GENBANK|UMO78572.1|GENBANK|MZ420562|Serine/threonine protein kinase [Pandoravirus belohorizontensis]	Pandoravirus belohorizontensis	Blastx
SRR31829833	NODE_25915_length_683_cov_3.906154	46.6	683	331	0.628399	3.50e-57	acc|GENBANK|QBK88606.1|GENBANK|MK500393|serine/threonine protein kinase [Mimivirus LCMiAC01]	Mimivirus LCMiAC01	Blastx
SRR31829833	NODE_22856_length_339_cov_4.235294	75.0	339	369	0.303523	3.97e-57	acc|GENBANK|AFV13469.1|GENBANK|JQ314449|Tac7077 [Coix lacryma-jobi]	Coix lacryma-jobi	Blastx
SRR31829833	NODE_11790_length_783_cov_5.700000	48.8	783	276	0.728261	4.76e-57	acc|GENBANK|ACG38448.1|GENBANK|EU966330|retrotransposon protein Ty1-copia subclass [Zea mays]	Zea mays	Blastx
SRR31829833	NODE_17627_length_892_cov_6.381839	39.1	892	411	0.666667	6.76e-57	acc|GENBANK|QDY51866.1|GENBANK|MK250085|hypothetical protein [Mimiviridae sp. ChoanoV1]	Mimiviridae sp. ChoanoV1	Blastx
SRR31829833	NODE_3252_length_286_cov_4299.162055	100	286	1335	0.071161	7.51e-57	acc|GENBANK|AJD23416.1|GENBANK|KM009120|putative RNA-dependent RNA polymerase [Yam virus X]	Yam virus X	Blastx
SRR31829833	NODE_3534_length_286_cov_6292.869565	100	286	1335	0.071161	7.51e-57	acc|GENBANK|AJD23416.1|GENBANK|KM009120|putative RNA-dependent RNA polymerase [Yam virus X]	Yam virus X	Blastx
SRR31829833	NODE_4611_length_1153_cov_11.783036	42.1	1153	925	0.300541	8.08e-57	acc|GENBANK|ABY48139.1|GENBANK|EU306659|NORK [Medicago truncatula]	Medicago truncatula	Blastx
SRR31829833	NODE_3605_length_1416_cov_12.369487	32.2	1416	499	0.765531	8.82e-57	acc|GENBANK|CCQ71356.1|GENBANK|HF586477|hypothetical E3 ubiquitin-protein ligase ARI [Cotesia congregata]	Cotesia congregata	Blastx
SRR31829833	NODE_20139_length_680_cov_1.499227	47.5	680	358	0.558659	9.84e-57	acc|REFSEQ|YP_010780072.1|REFSEQ|NC_075038|hypothetical protein [Tupanvirus deep ocean]	Tupanvirus deep ocean	Blastx
SRR31829833	NODE_2721_length_443_cov_9.070732	74.8	443	122	0.975410	1.56e-56	acc|GENBANK|AAL66932.1|GENBANK|AY072517|copia-like retroelement pol polyprotein [Arabidopsis thaliana]	Arabidopsis thaliana	Blastx
SRR31829833	NODE_26184_length_1099_cov_4.532833	48.7	1099	925	0.248649	1.69e-56	acc|GENBANK|ABY48139.1|GENBANK|EU306659|NORK [Medicago truncatula]	Medicago truncatula	Blastx
SRR31829833	NODE_8803_length_1040_cov_16.335650	41.7	1040	371	0.614555	2.23e-56	acc|GENBANK|WNO13897.1|GENBANK|OQ968270|capsid protein [Berere partitivirus]	Berere partitivirus	Blastx
SRR31829833	NODE_19312_length_767_cov_3.170300	46.2	767	925	0.267027	5.58e-56	acc|GENBANK|ABY48139.1|GENBANK|EU306659|NORK [Medicago truncatula]	Medicago truncatula	Blastx
SRR31829833	NODE_8694_length_1235_cov_40.133111	35.0	1235	537	0.627561	5.73e-56	acc|REFSEQ|YP_010781718.1|REFSEQ|NC_075039|ATP binding cassette sub family F [Tupanvirus soda lake]	Tupanvirus soda lake	Blastx
SRR31829833	NODE_14622_length_480_cov_7.203579	58.4	480	216	0.689815	6.21e-56	acc|GENBANK|AYV78922.1|GENBANK|MK072116|methionyl-tRNA synthetase [Edafosvirus sp.]	Edafosvirus sp.	Blastx
SRR31829833	NODE_2781_length_770_cov_21.499322	43.7	770	406	0.546798	6.64e-56	acc|GENBANK|QBK87310.1|GENBANK|MK500348|chaperone protein [Marseillevirus LCMAC201]	Marseillevirus LCMAC201	Blastx
SRR31829833	NODE_3071_length_1173_cov_16.124561	65.5	1173	282	0.524823	7.63e-56	acc|GENBANK|AAL14448.1|GENBANK|AF397035|heat shock protein Hsc70t [Mus musculus]	Mus musculus	Blastx
SRR31829833	NODE_11990_length_688_cov_8.920611	43.6	688	1201	0.196503	8.29e-56	acc|GENBANK|QDY52415.1|GENBANK|MK250092|RNA polymerase Rpb2, domain 6 [Mimiviridae sp. ChoanoV1]	Mimiviridae sp. ChoanoV1	Blastx
SRR31829833	NODE_6365_length_319_cov_9.975524	79.6	319	112	0.919643	1.05e-55	acc|GENBANK|QDH87640.1|GENBANK|MN033519|hypothetical protein [Mitovirus sp.]	Mitovirus sp.	Blastx
SRR31829833	NODE_26972_length_262_cov_27.930131	94.3	262	113	0.769912	1.42e-55	acc|GENBANK|QDH76139.1|GENBANK|MK948414|putative gag protein [Porcine endogenous retrovirus]	Porcine endogenous retrovirus	Blastx
SRR31829833	NODE_3086_length_625_cov_32.479730	63.8	625	269	0.483271	1.58e-55	acc|GENBANK|ACG35536.1|GENBANK|EU963418|retrotransposon protein [Zea mays]	Zea mays	Blastx
SRR31829833	NODE_1776_length_265_cov_1749.577586	100	265	1335	0.065918	1.70e-55	acc|GENBANK|AJD23371.1|GENBANK|KJ789131|putative RNA-dependent RNA polymerase [Yam virus X]	Yam virus X	Blastx
SRR31829833	NODE_8681_length_710_cov_69.097489	68.8	710	214	0.584112	2.29e-55	acc|GENBANK|UZE89726.1|GENBANK|ON704650|hypothetical protein [Parapoynx stagnalis nucleopolyhedrovirus]	Parapoynx stagnalis nucleopolyhedrovirus	Blastx
SRR31829833	NODE_8433_length_1751_cov_20.720605	42.5	1751	1573	0.164654	3.31e-55	acc|REFSEQ|YP_007354741.1|REFSEQ|NC_020104|serine-threonine kinase [Acanthamoeba polyphaga moumouvirus]	Acanthamoeba polyphaga moumouvirus	Blastx
SRR31829833	NODE_2517_length_598_cov_203.196460	62.9	598	286	0.583916	3.72e-55	acc|GENBANK|AAU93534.1|GENBANK|AY691949|unknown protein [Zea mays]	Zea mays	Blastx
SRR31829833	NODE_1578_length_1172_cov_59.656716	45.1	1172	686	0.345481	3.97e-55	acc|GENBANK|WNO13952.1|GENBANK|OQ968299|coat protein [Guapo partitivirus]	Guapo partitivirus	Blastx
SRR31829833	NODE_26922_length_1013_cov_19.848980	42.4	1013	417	0.599520	4.17e-55	acc|GENBANK|QBK89261.1|GENBANK|MK500411|DEAD/SNF2-like helicase [Mimivirus LCMiAC02]	Mimivirus LCMiAC02	Blastx
SRR31829833	NODE_2684_length_1625_cov_26.304648	46.3	1625	686	0.330904	4.95e-55	acc|GENBANK|WNO13952.1|GENBANK|OQ968299|coat protein [Guapo partitivirus]	Guapo partitivirus	Blastx
SRR31829833	NODE_2427_length_1245_cov_11.231023	75.6	1245	129	0.953488	5.93e-55	acc|GENBANK|AKE34115.1|GENBANK|KR068481|alpha karyopherin [Okra enation leaf curl virus]	Okra enation leaf curl virus	Blastx
SRR31829833	NODE_9890_length_790_cov_6.101717	41.0	790	447	0.545861	6.13e-55	acc|GENBANK|QDY52122.1|GENBANK|MK250088|lyase [Mimiviridae sp. ChoanoV1]	Mimiviridae sp. ChoanoV1	Blastx
SRR31829833	NODE_17818_length_479_cov_5.448430	68.1	479	465	0.243011	6.53e-55	acc|GENBANK|AGL44352.1|GENBANK|JX392394|reverse transcriptase-like domain-containing RBR [Glycine max]	Glycine max	Blastx
SRR31829833	NODE_1072_length_757_cov_49.766575	61.2	757	221	0.665158	6.94e-55	acc|GENBANK|AYV75487.1|GENBANK|MK071979|GTP-binding protein YPTC1 [Terrestrivirus sp.]	Terrestrivirus sp.	Blastx
SRR31829833	NODE_3328_length_984_cov_10.662461	37.6	984	441	0.596372	7.84e-55	acc|GENBANK|QKF94717.1|GENBANK|MT418680|ergosterol biosynthesis ERG4/ERG24 [Fadolivirus FV1/VV64]	Fadolivirus FV1/VV64	Blastx
SRR31829833	NODE_579_length_529_cov_110.879032	65.6	529	819	0.184371	9.74e-55	acc|GENBANK|QKF94107.1|GENBANK|MT418680|eukaryotic translation elongation factor 2 [Fadolivirus FV1/VV64]	Fadolivirus FV1/VV64	Blastx
SRR31829833	NODE_33944_length_290_cov_1.821012	95.8	290	683	0.140556	1.02e-54	acc|GENBANK|BAA20089.1|GENBANK|D55717|RGD-containing collagen associated protein [Porcine rotavirus]	Porcine rotavirus	Blastx
SRR31829833	NODE_22271_length_582_cov_2.336976	52.8	582	235	0.757447	1.12e-54	acc|GENBANK|BFT93230.1|GENBANK|LC847964|Endonuclease V [Medusavirus sp. 'euryale']	Medusavirus sp. 'euryale'	Blastx
SRR31829833	NODE_21_length_1065_cov_29.864341	53.6	1065	212	0.792453	1.15e-54	acc|GENBANK|AYV82031.1|GENBANK|MK072334|Ras-like protein Rab-11A [Homavirus sp.]	Homavirus sp.	Blastx
SRR31829833	NODE_14732_length_357_cov_4.441358	80.5	357	2466	0.047851	1.17e-54	acc|GENBANK|AOZ57106.1|GENBANK|KX608896|Serine threonine-protein kinase TOR [Saccharum hybrid cultivar R570]	Saccharum hybrid cultivar R570	Blastx
SRR31829833	NODE_34065_length_283_cov_1.872000	95.7	283	518	0.179537	2.12e-54	acc|GENBANK|ABY48142.1|GENBANK|EU306659|serine-hydroxymethyltransferase [Medicago truncatula]	Medicago truncatula	Blastx
SRR31829833	NODE_410_length_684_cov_28.897081	67.6	684	144	1.006944	2.50e-54	acc|GENBANK|AAH74588.1|GENBANK|BC074588|intracisternal A particle-promoted polypeptide [Xenopus tropicalis]	Xenopus tropicalis	Blastx
SRR31829833	NODE_1292_length_1828_cov_26.287465	32.8	1828	853	0.528722	2.89e-54	acc|GENBANK|AYV80038.1|GENBANK|MK072204|AAA family ATPase [Gaeavirus sp.]	Gaeavirus sp.	Blastx
SRR31829833	NODE_6814_length_1345_cov_57.719512	32.6	1345	396	0.974747	3.80e-54	acc|GENBANK|QBK92180.1|GENBANK|MK500568|DEAD/DEAH box helicase [Pithovirus LCPAC304]	Pithovirus LCPAC304	Blastx
SRR31829833	NODE_10529_length_1015_cov_4.088595	52.2	1015	741	0.242915	6.27e-54	acc|GENBANK|WOA03171.1|GENBANK|OR637870|truncated WD40 protein PH13-H3 [Glycine max]	Glycine max	Blastx
SRR31829833	NODE_21429_length_793_cov_4.069737	51.3	793	316	0.598101	8.21e-54	acc|REFSEQ|YP_009449055.1|REFSEQ|NC_036594|ribonucleotide reductase large subunit [Orpheovirus IHUMI-LCC2]	Orpheovirus IHUMI-LCC2	Blastx
SRR31829833	NODE_5268_length_1601_cov_17.926658	35.3	1601	974	0.401437	8.51e-54	acc|GENBANK|AYV86980.1|GENBANK|MK072522|hypothetical protein [Sylvanvirus sp.]	Sylvanvirus sp.	Blastx
SRR31829833	NODE_17645_length_428_cov_22.506329	66.4	428	759	0.176548	1.49e-53	acc|GENBANK|ACN78962.1|GENBANK|FJ225394|methyltransferase [Glycine max]	Glycine max	Blastx
SRR31829833	NODE_8696_length_1383_cov_54.174074	38.1	1383	299	0.842809	1.62e-53	acc|GENBANK|UOG94093.1|NEIGHBOR|OM876856|serine threonine-protein phosphatase [Aureococcus anophagefferens virus]	Aureococcus anophagefferens virus	Blastx
SRR31829833	NODE_2272_length_718_cov_5.036496	46.8	718	686	0.314869	1.77e-53	acc|GENBANK|WNO13952.1|GENBANK|OQ968299|coat protein [Guapo partitivirus]	Guapo partitivirus	Blastx
SRR31829833	NODE_2414_length_1045_cov_18.258893	49.8	1045	783	0.284802	1.82e-53	acc|GENBANK|QFG73724.1|GENBANK|MN448270|Hsp90 protein [Megaviridae environmental sample]	Megaviridae environmental sample	Blastx
SRR31829833	NODE_3531_length_385_cov_3.178977	76.9	385	478	0.244770	2.14e-53	acc|GENBANK|AAK84479.1|GENBANK|AF275345|putative auxin growth promotor protein [Solanum lycopersicum]	Solanum lycopersicum	Blastx
SRR31829833	NODE_5212_length_918_cov_3.783051	41.5	918	331	0.712991	3.35e-53	acc|GENBANK|QBK89984.1|GENBANK|MK500451|phosphoribosyl transferase domain protein [Pithovirus LCPAC101]	Pithovirus LCPAC101	Blastx
SRR31829833	NODE_7492_length_935_cov_10.913525	51.2	935	197	0.873096	4.95e-53	acc|REFSEQ|YP_009449015.1|REFSEQ|NC_036594|GTP ras-related protein Rac1 [Orpheovirus IHUMI-LCC2]	Orpheovirus IHUMI-LCC2	Blastx
SRR31829833	NODE_11127_length_1313_cov_6.830469	39.2	1313	925	0.314595	4.99e-53	acc|GENBANK|ABY48139.1|GENBANK|EU306659|NORK [Medicago truncatula]	Medicago truncatula	Blastx
SRR31829833	NODE_2565_length_701_cov_184.832335	56.8	701	160	1.012500	5.69e-53	acc|GENBANK|QKF94153.1|GENBANK|MT418680|cyclophilin-type peptidyl-prolyl cis-trans [Fadolivirus FV1/VV64]	Fadolivirus FV1/VV64	Blastx
SRR31829833	NODE_14136_length_428_cov_3.055696	72.1	428	604	0.231788	6.28e-53	acc|GENBANK|ABH08432.1|GENBANK|DQ851167|putative non-inducible immunity 1 [Beta vulgaris]	Beta vulgaris	Blastx
SRR31829833	NODE_22996_length_806_cov_10.494179	38.3	806	1033	0.255566	7.08e-53	acc|REFSEQ|YP_010782239.1|REFSEQ|NC_075039|putative ATP-citrate synthase [Tupanvirus soda lake]	Tupanvirus soda lake	Blastx
SRR31829833	NODE_7338_length_1032_cov_3.807808	44.3	1032	925	0.273514	8.44e-53	acc|GENBANK|ABY48139.1|GENBANK|EU306659|NORK [Medicago truncatula]	Medicago truncatula	Blastx
SRR31829833	NODE_9261_length_673_cov_11.753125	42.4	673	257	0.844358	1.01e-52	acc|REFSEQ|YP_007250456.1|REFSEQ|NC_019945|pcna protein [Thysanoplusia orichalcea nucleopolyhedrovirus]	Thysanoplusia orichalcea nucleopolyhedrovirus	Blastx
SRR31829833	NODE_3552_length_1031_cov_25.534068	55.2	1031	228	0.714912	1.18e-52	acc|GENBANK|ATZ80220.1|GENBANK|MF782455|cyclophilin ABH-like protein [Bodo saltans virus]	Bodo saltans virus	Blastx
SRR31829833	NODE_8625_length_969_cov_161.196581	60.6	969	229	0.698690	1.34e-52	acc|REFSEQ|YP_009482443.1|REFSEQ|NC_037666|S-phase kinase-associated protein 1 [Pandoravirus neocaledonia]	Pandoravirus neocaledonia	Blastx
SRR31829833	NODE_1764_length_1165_cov_169.234099	39.8	1165	542	0.477860	1.41e-52	acc|REFSEQ|YP_010780426.1|REFSEQ|NC_075038|ATP binding cassette sub family F [Tupanvirus deep ocean]	Tupanvirus deep ocean	Blastx
SRR31829833	NODE_18494_length_1167_cov_9.084656	57.5	1167	237	0.616034	1.41e-52	acc|GENBANK|ADB85285.1|GENBANK|GQ252816|hypothetical protein [Phyllostachys edulis]	Phyllostachys edulis	Blastx
SRR31829833	NODE_358_length_1137_cov_60.049819	35.6	1137	459	0.690632	1.53e-52	acc|GENBANK|BBI30359.1|GENBANK|AP018495|beta-galactosidase [Acanthamoeba castellanii medusavirus J1]	Acanthamoeba castellanii medusavirus J1	Blastx
SRR31829833	NODE_8857_length_432_cov_10.095238	64.6	432	637	0.226060	2.11e-52	acc|GENBANK|QBK87831.1|GENBANK|MK500370|Hsp70 protein [Marseillevirus LCMAC202]	Marseillevirus LCMAC202	Blastx
SRR31829833	NODE_22144_length_1022_cov_15.062690	36.2	1022	405	0.812346	2.19e-52	acc|GENBANK|WGU26824.1|GENBANK|OQ503488|eukaryotic initiation factor 4A-III B-like [Triticum monococcum]	Triticum monococcum	Blastx
SRR31829833	NODE_14890_length_663_cov_3.447619	48.6	663	925	0.235676	2.33e-52	acc|GENBANK|ABY48139.1|GENBANK|EU306659|NORK [Medicago truncatula]	Medicago truncatula	Blastx
SRR31829833	NODE_11890_length_244_cov_7.369668	95.0	244	113	0.707965	2.51e-52	acc|GENBANK|QDH76139.1|GENBANK|MK948414|putative gag protein [Porcine endogenous retrovirus]	Porcine endogenous retrovirus	Blastx
SRR31829833	NODE_21727_length_1215_cov_6.430626	37.1	1215	478	0.744770	3.34e-52	acc|GENBANK|AAK84479.1|GENBANK|AF275345|putative auxin growth promotor protein [Solanum lycopersicum]	Solanum lycopersicum	Blastx
SRR31829833	NODE_1202_length_850_cov_55.865361	43.6	850	299	0.759197	4.22e-52	acc|GENBANK|QRE02559.1|GENBANK|MN545489|hypothetical protein [Otarine gammaherpesvirus 4]	Otarine gammaherpesvirus 4	Blastx
SRR31829833	NODE_200_length_515_cov_19.877593	71.2	515	124	0.951613	5.32e-52	acc|GENBANK|QBK88266.1|GENBANK|MK500382|NifU-like protein [Marseillevirus LCMAC202]	Marseillevirus LCMAC202	Blastx
SRR31829833	NODE_11676_length_335_cov_7.304636	73.9	335	364	0.304945	5.73e-52	acc|GENBANK|ADB85405.1|GENBANK|GQ252886|putative protein kinase [Phyllostachys edulis]	Phyllostachys edulis	Blastx
SRR31829833	NODE_1489_length_2649_cov_94.202982	58.8	2649	154	0.993506	6.17e-52	acc|GENBANK|AGQ04568.1|GENBANK|KC611147|rice yellow mottle virus 1-like protein [Oryza longistaminata]	Oryza longistaminata	Blastx
SRR31829833	NODE_11715_length_599_cov_7.238516	47.9	599	423	0.498818	7.65e-52	acc|GENBANK|CAA38181.1|GENBANK|X54284|phosphoglycerate kinase [Trichoderma viride]	Trichoderma viride	Blastx
SRR31829833	NODE_2530_length_405_cov_17.368280	63.8	405	370	0.343243	8.68e-52	acc|GENBANK|AYV78232.1|GENBANK|MK072072|replication factor C small subunit [Edafosvirus sp.]	Edafosvirus sp.	Blastx
SRR31829833	NODE_5119_length_358_cov_16.861538	68.9	358	212	0.561321	1.12e-51	acc|GENBANK|AYV82031.1|GENBANK|MK072334|Ras-like protein Rab-11A [Homavirus sp.]	Homavirus sp.	Blastx
SRR31829833	NODE_23806_length_1206_cov_14.150043	34.7	1206	403	0.828784	1.65e-51	acc|GENBANK|AYV82314.1|GENBANK|MK072360|translation initiation factor 4A-III [Homavirus sp.]	Homavirus sp.	Blastx
SRR31829833	NODE_10610_length_592_cov_11.389982	73.6	592	642	0.200935	3.25e-51	acc|GENBANK|AYV79242.1|GENBANK|MK072137|heat shock protein [Faunusvirus sp.]	Faunusvirus sp.	Blastx
SRR31829833	NODE_61_length_1733_cov_63.779412	45.0	1733	604	0.379139	3.47e-51	acc|REFSEQ|YP_008052571.1|REFSEQ|NC_021312|ATP-dependent zinc metalloprotease [Phaeocystis globosa virus]	Phaeocystis globosa virus	Blastx
SRR31829833	NODE_2514_length_272_cov_5615.468619	92.2	272	232	0.387931	3.56e-51	acc|GENBANK|AJD23417.1|GENBANK|KM009120|triple gene block protein 1 [Yam virus X]	Yam virus X	Blastx
SRR31829833	NODE_31432_length_251_cov_1.073394	100	251	128	0.648438	3.59e-51	acc|GENBANK|CAA42007.1|GENBANK|X59357|Epstein-Barr virus small RNA associated protein [Homo sapiens]	Homo sapiens	Blastx
SRR31829833	NODE_31904_length_259_cov_2.070796	87.2	259	388	0.221649	4.03e-51	acc|GENBANK|AAU93529.1|GENBANK|AY691949|alcohol dehydrogenase 1 [Zea mays]	Zea mays	Blastx
SRR31829833	NODE_25226_length_1526_cov_12.320161	40.4	1526	299	1.076923	7.41e-51	acc|GENBANK|QRE02559.1|GENBANK|MN545489|hypothetical protein [Otarine gammaherpesvirus 4]	Otarine gammaherpesvirus 4	Blastx
SRR31829833	NODE_4718_length_364_cov_23.271903	69.4	364	543	0.222836	8.58e-51	acc|GENBANK|QFG74725.1|GENBANK|MN448290|phosphoenolpyruvate carboxykinase [Megaviridae environmental sample]	Megaviridae environmental sample	Blastx
SRR31829833	NODE_22414_length_654_cov_5.602254	67.6	654	382	0.290576	9.02e-51	acc|GENBANK|AAB31930.2|GENBANK|S74099|v-myb product [Avian myeloblastosis virus]	Avian myeloblastosis virus	Blastx
SRR31829833	NODE_2537_length_256_cov_2736.004484	100	256	1335	0.063670	1.06e-50	acc|GENBANK|AJD23371.1|GENBANK|KJ789131|putative RNA-dependent RNA polymerase [Yam virus X]	Yam virus X	Blastx
SRR31829833	NODE_19141_length_984_cov_3.072555	37.4	984	478	0.615063	1.15e-50	acc|GENBANK|AAK84479.1|GENBANK|AF275345|putative auxin growth promotor protein [Solanum lycopersicum]	Solanum lycopersicum	Blastx
SRR31829833	NODE_6411_length_936_cov_9.745293	37.8	936	458	0.589520	1.29e-50	acc|REFSEQ|YP_009448811.1|REFSEQ|NC_036594|Serine-tRNA synthetase, type1 [Orpheovirus IHUMI-LCC2]	Orpheovirus IHUMI-LCC2	Blastx
SRR31829833	NODE_2458_length_958_cov_12.361081	60.3	958	451	0.312639	1.37e-50	acc|GENBANK|ATZ80629.1|GENBANK|MF782455|adenylosuccinate lyase [Bodo saltans virus]	Bodo saltans virus	Blastx
SRR31829833	NODE_11395_length_1055_cov_14.559687	41.9	1055	204	0.995098	1.75e-50	acc|GENBANK|ARF08647.1|GENBANK|KY684083|phosphoribulokinase / Uridine kinase family [Catovirus CTV1]	Catovirus CTV1	Blastx
SRR31829833	NODE_11081_length_915_cov_5.800454	44.6	915	925	0.242162	2.59e-50	acc|GENBANK|ABY48139.1|GENBANK|EU306659|NORK [Medicago truncatula]	Medicago truncatula	Blastx
SRR31829833	NODE_26344_length_569_cov_10.033582	48.8	569	206	0.796117	2.69e-50	acc|GENBANK|AYV78414.1|GENBANK|MK072077|putative ras-related protein Rab-10-like [Edafosvirus sp.]	Edafosvirus sp.	Blastx
SRR31829833	NODE_626_length_515_cov_57.282158	57.2	515	182	0.835165	2.69e-50	acc|REFSEQ|YP_009163818.1|REFSEQ|NC_027778|ORF_057R [Scale drop disease virus]	Scale drop disease virus	Blastx
SRR31829833	NODE_2528_length_876_cov_23.994069	47.2	876	832	0.257212	2.77e-50	acc|GENBANK|BAD00047.1|GENBANK|AB119282|Fusion protein, Feo [Hepacivirus hominis]	Hepacivirus hominis	Blastx
SRR31829833	NODE_11479_length_1078_cov_6.074641	36.6	1078	403	0.853598	2.96e-50	acc|GENBANK|AYV82314.1|GENBANK|MK072360|translation initiation factor 4A-III [Homavirus sp.]	Homavirus sp.	Blastx
SRR31829833	NODE_23654_length_1333_cov_14.758462	37.4	1333	447	0.586130	3.58e-50	acc|REFSEQ|NP_077596.1|REFSEQ|NC_002687|serine-threonine kinase [Ectocarpus siliculosus virus 1]	Ectocarpus siliculosus virus 1	Blastx
SRR31829833	NODE_409_length_1011_cov_21.883436	35.6	1011	493	0.563895	3.96e-50	acc|GENBANK|QFG73603.1|GENBANK|MN448266|peptidase family M41 [Megaviridae environmental sample]	Megaviridae environmental sample	Blastx
SRR31829833	NODE_11426_length_1118_cov_5.621198	33.0	1118	567	0.726631	3.98e-50	acc|GENBANK|QYA18790.1|GENBANK|MZ420154|RuvB-like chromatin remodeling ATPase [Clandestinovirus]	Clandestinovirus	Blastx
SRR31829833	NODE_32267_length_265_cov_1.008621	97.7	265	402	0.216418	4.72e-50	acc|GENBANK|AAL89278.1|GENBANK|AF440570|WSSV410 [Shrimp white spot syndrome virus]	Shrimp white spot syndrome virus	Blastx
SRR31829833	NODE_27643_length_1335_cov_15.436252	36.1	1335	406	0.879310	5.52e-50	acc|GENBANK|QBK87310.1|GENBANK|MK500348|chaperone protein [Marseillevirus LCMAC201]	Marseillevirus LCMAC201	Blastx
SRR31829833	NODE_18964_length_353_cov_3.940625	75.0	353	666	0.168168	5.55e-50	acc|GENBANK|XDO02262.1|GENBANK|PP542043|Atp-Dependent Zinc Metalloprotease [Florenciella sp. virus SA2]	Florenciella sp. virus SA2	Blastx
SRR31829833	NODE_8215_length_2182_cov_48.681247	32.6	2182	395	0.931646	6.38e-50	acc|GENBANK|QDY52265.1|GENBANK|MK250089|hypothetical protein [Mimiviridae sp. ChoanoV1]	Mimiviridae sp. ChoanoV1	Blastx
SRR31829833	NODE_4238_length_670_cov_9.028257	46.7	670	379	0.474934	7.81e-50	acc|GENBANK|AAU93530.1|GENBANK|AY691949|unknown protein [Zea mays]	Zea mays	Blastx
SRR31829833	NODE_7007_length_1325_cov_43.438080	31.8	1325	442	0.889140	8.13e-50	acc|GENBANK|CAA43286.1|GENBANK|X60951|pol associated gene 1 [Trypanosoma brucei]	Trypanosoma brucei	Blastx
SRR31829833	NODE_17688_length_434_cov_11.760599	55.5	434	496	0.294355	9.97e-50	acc|GENBANK|ACN78958.1|GENBANK|FJ225394|dehydration responsive protein [Glycine max]	Glycine max	Blastx
SRR31829833	NODE_5163_length_1507_cov_35.181818	35.7	1507	683	0.505124	1.10e-49	acc|GENBANK|QGR54099.1|GENBANK|MK978772|hrpa-like helicase [Moumouvirus maliensis]	Moumouvirus maliensis	Blastx
SRR31829833	NODE_9058_length_1295_cov_19.823296	37.8	1295	447	0.568233	1.38e-49	acc|REFSEQ|NP_077596.1|REFSEQ|NC_002687|serine-threonine kinase [Ectocarpus siliculosus virus 1]	Ectocarpus siliculosus virus 1	Blastx
SRR31829833	NODE_15023_length_326_cov_3.378840	72.9	326	315	0.339683	1.48e-49	acc|GENBANK|AFK88541.1|GENBANK|JX035967|reverse transcriptase [Arabidopsis halleri subsp. gemmifera]	Arabidopsis halleri subsp. gemmifera	Blastx
SRR31829833	NODE_1149_length_1521_cov_15.932124	39.8	1521	299	0.849498	1.49e-49	acc|GENBANK|UOG94093.1|NEIGHBOR|OM876856|serine threonine-protein phosphatase [Aureococcus anophagefferens virus]	Aureococcus anophagefferens virus	Blastx
SRR31829833	NODE_24888_length_856_cov_11.565006	51.7	856	364	0.557692	1.51e-49	acc|GENBANK|ADB85405.1|GENBANK|GQ252886|putative protein kinase [Phyllostachys edulis]	Phyllostachys edulis	Blastx
SRR31829833	NODE_3592_length_2056_cov_13.130005	27.1	2056	672	0.994048	1.54e-49	acc|GENBANK|AYV82044.1|GENBANK|MK072335|AMP-binding enzyme [Homavirus sp.]	Homavirus sp.	Blastx
SRR31829833	NODE_1827_length_445_cov_124.031553	72.6	445	116	0.913793	1.92e-49	acc|GENBANK|QOI90342.1|GENBANK|MT663535|hypothetical protein [Pyramimonas orientalis virus]	Pyramimonas orientalis virus	Blastx
SRR31829833	NODE_13892_length_699_cov_5.357357	43.5	699	644	0.335404	2.33e-49	acc|GENBANK|AGE55774.1|GENBANK|JX997174|potassium transporter [Acanthocystis turfacea Chlorella virus MN0810.1]	Acanthocystis turfacea Chlorella virus MN0810.1	Blastx
SRR31829833	NODE_2573_length_1383_cov_613.068889	32.5	1383	695	0.486331	3.41e-49	acc|GENBANK|XDO02062.1|GENBANK|PP542043|Type I Glyceraldehyde-3-Phosphate Dehydrogenase [Florenciella sp. virus SA2]	Florenciella sp. virus SA2	Blastx
SRR31829833	NODE_8196_length_569_cov_15.828358	51.4	569	272	0.650735	3.68e-49	acc|GENBANK|AYV78356.1|GENBANK|MK072075|E3 ubiquitin-protein ligase RGLG1 [Edafosvirus sp.]	Edafosvirus sp.	Blastx
SRR31829833	NODE_5778_length_962_cov_5.330463	47.2	962	925	0.231351	9.46e-49	acc|GENBANK|ABY48139.1|GENBANK|EU306659|NORK [Medicago truncatula]	Medicago truncatula	Blastx
SRR31829833	NODE_8578_length_593_cov_4.000000	51.5	593	310	0.551613	9.71e-49	acc|GENBANK|AYV86922.1|GENBANK|MK072520|hypothetical protein [Sylvanvirus sp.]	Sylvanvirus sp.	Blastx
SRR31829833	NODE_8716_length_748_cov_4.327273	39.7	748	589	0.427844	9.94e-49	acc|GENBANK|XKM50678.1|GENBANK|PQ442278|hypothetical protein [Ostreococcus tauri virus 19-T2]	Ostreococcus tauri virus 19-T2	Blastx
SRR31829833	NODE_7515_length_522_cov_6.644172	52.2	522	182	0.884615	1.40e-48	acc|REFSEQ|YP_009163818.1|REFSEQ|NC_027778|ORF_057R [Scale drop disease virus]	Scale drop disease virus	Blastx
SRR31829833	NODE_23871_length_576_cov_6.430939	49.0	576	925	0.207568	1.45e-48	acc|GENBANK|ABY48139.1|GENBANK|EU306659|NORK [Medicago truncatula]	Medicago truncatula	Blastx
SRR31829833	NODE_18216_length_372_cov_15.126844	82.1	372	212	0.448113	1.47e-48	acc|GENBANK|AYV82031.1|GENBANK|MK072334|Ras-like protein Rab-11A [Homavirus sp.]	Homavirus sp.	Blastx
SRR31829833	NODE_22365_length_493_cov_11.713043	54.3	493	1263	0.129850	1.65e-48	acc|GENBANK|AAD26531.1|GENBANK|AF087141|valyl-tRNA synthetase [Mus musculus]	Mus musculus	Blastx
SRR31829833	NODE_19369_length_446_cov_5.506053	56.2	446	604	0.241722	1.74e-48	acc|GENBANK|ABH08432.1|GENBANK|DQ851167|putative non-inducible immunity 1 [Beta vulgaris]	Beta vulgaris	Blastx
SRR31829833	NODE_296_length_261_cov_44.201754	88.4	261	388	0.221649	2.04e-48	acc|GENBANK|AAU93529.1|GENBANK|AY691949|alcohol dehydrogenase 1 [Zea mays]	Zea mays	Blastx
SRR31829833	NODE_8338_length_895_cov_23.415313	37.5	895	405	0.698765	2.31e-48	acc|GENBANK|WGU26824.1|GENBANK|OQ503488|eukaryotic initiation factor 4A-III B-like [Triticum monococcum]	Triticum monococcum	Blastx
SRR31829833	NODE_15607_length_519_cov_12.421811	50.9	519	212	0.778302	2.36e-48	acc|GENBANK|AYV82031.1|GENBANK|MK072334|Ras-like protein Rab-11A [Homavirus sp.]	Homavirus sp.	Blastx
SRR31829833	NODE_6449_length_1564_cov_28.190725	32.6	1564	355	1.053521	2.38e-48	acc|GENBANK|WRJ69891.1|GENBANK|OR001839|alpha-galactosidase [Oceanusvirus sp.]	Oceanusvirus sp.	Blastx
SRR31829833	NODE_23517_length_727_cov_11.884726	41.5	727	925	0.242162	2.41e-48	acc|GENBANK|ABY48139.1|GENBANK|EU306659|NORK [Medicago truncatula]	Medicago truncatula	Blastx
SRR31829833	NODE_319_length_1436_cov_14.153956	50.9	1436	228	0.741228	3.21e-48	acc|GENBANK|ATZ80220.1|GENBANK|MF782455|cyclophilin ABH-like protein [Bodo saltans virus]	Bodo saltans virus	Blastx
SRR31829833	NODE_2386_length_443_cov_4.665854	64.0	443	461	0.295011	3.39e-48	acc|GENBANK|AAL14456.1|GENBANK|AF397036|heat shock protein Hsc70t [Mus musculus]	Mus musculus	Blastx
SRR31829833	NODE_17990_length_557_cov_3.299618	52.7	557	403	0.414392	4.23e-48	acc|REFSEQ|YP_009448705.1|REFSEQ|NC_036594|Phenylalanyl-tRNA synthetase [Orpheovirus IHUMI-LCC2]	Orpheovirus IHUMI-LCC2	Blastx
SRR31829833	NODE_9071_length_888_cov_14.700585	39.5	888	357	0.801120	5.42e-48	acc|GENBANK|ABB29305.1|GENBANK|DQ219419|NADPH-dependent reductase [Zea mays]	Zea mays	Blastx
SRR31829833	NODE_7197_length_1169_cov_19.463028	66.4	1169	129	0.968992	6.21e-48	acc|GENBANK|AKE34115.1|GENBANK|KR068481|alpha karyopherin [Okra enation leaf curl virus]	Okra enation leaf curl virus	Blastx
SRR31829833	NODE_18491_length_721_cov_22.037791	49.1	721	226	0.738938	6.51e-48	acc|GENBANK|ARF08362.1|GENBANK|KY684083|cyclophilin type peptidyl-prolyl cis-trans [Catovirus CTV1]	Catovirus CTV1	Blastx
SRR31829833	NODE_4030_length_789_cov_6.887566	49.7	789	288	0.552083	7.10e-48	acc|GENBANK|QMP82376.1|GENBANK|MT153362|hypothetical protein [red goblin roach virus 1]	red goblin roach virus 1	Blastx
SRR31829833	NODE_124_length_584_cov_4.392015	48.6	584	832	0.222356	7.39e-48	acc|GENBANK|BAD00047.1|GENBANK|AB119282|Fusion protein, Feo [Hepacivirus hominis]	Hepacivirus hominis	Blastx
SRR31829833	NODE_16354_length_364_cov_3.622356	73.5	364	170	0.600000	8.49e-48	acc|GENBANK|ACP44142.1|GENBANK|FJ267517|DNA polymerase [Bathycoccus virus BpV161]	Bathycoccus virus BpV161	Blastx
SRR31829833	NODE_22368_length_545_cov_3.886719	53.7	545	175	0.765714	1.18e-47	acc|GENBANK|ARF09402.1|GENBANK|KY684085|ubiquitin-conjugating enzyme E2 [Indivirus ILV1]	Indivirus ILV1	Blastx
SRR31829833	NODE_26050_length_1247_cov_6.294069	41.8	1247	1618	0.135970	1.21e-47	acc|GENBANK|QGR54286.1|GENBANK|MK978772|serine/threonine protein kinase [Moumouvirus maliensis]	Moumouvirus maliensis	Blastx
SRR31829833	NODE_24802_length_1207_cov_8.974446	35.2	1207	592	0.623311	1.33e-47	acc|GENBANK|AYV82302.1|GENBANK|MK072358|uncharacterized protein [Homavirus sp.]	Homavirus sp.	Blastx
SRR31829833	NODE_3509_length_237_cov_3187.656863	100	237	1335	0.059176	1.42e-47	acc|GENBANK|AJD23371.1|GENBANK|KJ789131|putative RNA-dependent RNA polymerase [Yam virus X]	Yam virus X	Blastx
SRR31829833	NODE_15149_length_463_cov_4.672093	59.1	463	282	0.528369	1.70e-47	acc|GENBANK|AAL14448.1|GENBANK|AF397035|heat shock protein Hsc70t [Mus musculus]	Mus musculus	Blastx
SRR31829833	NODE_22152_length_1240_cov_16.523612	42.2	1240	202	0.950495	1.98e-47	acc|GENBANK|QBK85899.1|GENBANK|MK500328|exonuclease [Marseillevirus LCMAC101]	Marseillevirus LCMAC101	Blastx
SRR31829833	NODE_17639_length_262_cov_18.301310	79.1	262	214	0.401869	2.29e-47	acc|GENBANK|UZE89726.1|GENBANK|ON704650|hypothetical protein [Parapoynx stagnalis nucleopolyhedrovirus]	Parapoynx stagnalis nucleopolyhedrovirus	Blastx
SRR31829833	NODE_3322_length_3532_cov_14.694198	28.7	3532	718	0.839833	2.37e-47	acc|GENBANK|AYV77173.1|GENBANK|MK072013|HrpA-like RNA helicase [Barrevirus sp.]	Barrevirus sp.	Blastx
SRR31829833	NODE_8539_length_556_cov_117.753346	56.3	556	152	0.934211	2.69e-47	acc|REFSEQ|YP_008004661.1|REFSEQ|NC_021249|Cu/Zn superoxide dismutase [Choristoneura rosaceana entomopoxvirus 'L']	Choristoneura rosaceana entomopoxvirus 'L'	Blastx
SRR31829833	NODE_7226_length_1351_cov_6.194234	37.6	1351	1009	0.350842	2.99e-47	acc|REFSEQ|YP_008318818.1|REFSEQ|NC_021858|Threonylcarbamoyl AMP synthase [Pandoravirus dulcis]	Pandoravirus dulcis	Blastx
SRR31829833	NODE_25047_length_579_cov_17.228938	43.4	579	299	0.655518	3.97e-47	acc|GENBANK|UOG94093.1|NEIGHBOR|OM876856|serine threonine-protein phosphatase [Aureococcus anophagefferens virus]	Aureococcus anophagefferens virus	Blastx
SRR31829833	NODE_19248_length_565_cov_6.334586	48.6	565	1040	0.175962	4.60e-47	acc|REFSEQ|YP_010780932.1|REFSEQ|NC_075038|putative ATP-citrate synthase isoform X3 [Tupanvirus deep ocean]	Tupanvirus deep ocean	Blastx
SRR31829833	NODE_7986_length_1128_cov_4.864840	36.7	1128	299	0.983278	4.60e-47	acc|GENBANK|QRE02559.1|GENBANK|MN545489|hypothetical protein [Otarine gammaherpesvirus 4]	Otarine gammaherpesvirus 4	Blastx
SRR31829833	NODE_2421_length_1741_cov_25.002342	26.9	1741	498	1.038153	4.62e-47	acc|GENBANK|XHA59766.1|GENBANK|OR863077|thermosome [Poseidoniales virus]	Poseidoniales virus	Blastx
SRR31829833	NODE_732_length_424_cov_7.685422	59.6	424	385	0.366234	4.67e-47	acc|GENBANK|UUT40455.1|GENBANK|ON887238|hypothetical protein [carnivorous sponge associated iridovirus]	carnivorous sponge associated iridovirus	Blastx
SRR31829833	NODE_21532_length_451_cov_8.251196	57.6	451	471	0.295117	4.93e-47	acc|GENBANK|AFV13457.1|GENBANK|JQ314445|UDPG-flavonoid 3-O-glucosyl transferase [Tripsacum dactyloides]	Tripsacum dactyloides	Blastx
SRR31829833	NODE_5710_length_543_cov_6.305882	49.7	543	382	0.468586	4.97e-47	acc|GENBANK|QBK87279.1|GENBANK|MK500347|putative serine/threonine protein kinase [Marseillevirus LCMAC201]	Marseillevirus LCMAC201	Blastx
SRR31829833	NODE_9266_length_296_cov_1.794677	79.6	296	621	0.157810	8.17e-47	acc|GENBANK|XCA47333.1|GENBANK|PP911589|movement protein hsp70h [Micromonas commoda virus]	Micromonas commoda virus	Blastx
SRR31829833	NODE_20022_length_402_cov_5.720867	58.1	402	497	0.273642	8.29e-47	acc|GENBANK|CCQ71326.1|GENBANK|HF586476|hypothetical Pro-X carboxypeptidase-like protein [Cotesia congregata]	Cotesia congregata	Blastx
SRR31829833	NODE_26901_length_393_cov_9.516667	55.1	393	476	0.285714	1.00e-46	acc|GENBANK|AGL44354.1|GENBANK|JX392396|reverse transcriptase-like domain-containing RBR [Glycine max]	Glycine max	Blastx
SRR31829833	NODE_10224_length_575_cov_10.715867	42.3	575	299	0.655518	1.04e-46	acc|GENBANK|UOG94093.1|NEIGHBOR|OM876856|serine threonine-protein phosphatase [Aureococcus anophagefferens virus]	Aureococcus anophagefferens virus	Blastx
SRR31829833	NODE_3069_length_1399_cov_29.683016	35.5	1399	253	0.913043	1.08e-46	acc|GENBANK|QBK86148.1|GENBANK|MK500331|ABC transporter [Marseillevirus LCMAC101]	Marseillevirus LCMAC101	Blastx
SRR31829833	NODE_7935_length_576_cov_13.871087	47.0	576	936	0.211538	1.20e-46	acc|GENBANK|QFG74471.1|GENBANK|MN448288|glycine cleavage system P-protein [Megaviridae environmental sample]	Megaviridae environmental sample	Blastx
SRR31829833	NODE_1556_length_673_cov_13.720313	42.9	673	1161	0.192937	1.28e-46	acc|GENBANK|AAP06788.1|GENBANK|AY234827|phytochrome B1 apoprotein [Zea mays]	Zea mays	Blastx
SRR31829833	NODE_29803_length_226_cov_1.212435	100	226	550	0.134545	1.29e-46	acc|GENBANK|ABS12071.1|NEIGHBOR|EF472246|Gag polyprotein [RD114 retrovirus]	RD114 retrovirus	Blastx
SRR31829833	NODE_13830_length_383_cov_6.751429	61.4	383	623	0.203852	1.39e-46	acc|GENBANK|BAL14837.1|GENBANK|AB682995|endo-1,4-b-D-glucanase [Oryza sativa Japonica Group]	Oryza sativa Japonica Group	Blastx
SRR31829833	NODE_31705_length_255_cov_1.054054	92.9	255	518	0.162162	1.70e-46	acc|GENBANK|ABY48142.1|GENBANK|EU306659|serine-hydroxymethyltransferase [Medicago truncatula]	Medicago truncatula	Blastx
SRR31829833	NODE_3046_length_927_cov_28.425056	41.5	927	925	0.252973	1.87e-46	acc|GENBANK|ABY48139.1|GENBANK|EU306659|NORK [Medicago truncatula]	Medicago truncatula	Blastx
SRR31829833	NODE_20322_length_333_cov_2.676667	74.3	333	686	0.158892	1.92e-46	acc|GENBANK|WNO13952.1|GENBANK|OQ968299|coat protein [Guapo partitivirus]	Guapo partitivirus	Blastx
SRR31829833	NODE_638_length_1137_cov_5.827899	38.8	1137	353	0.685552	1.99e-46	acc|GENBANK|AYV84281.1|GENBANK|MK072403|hypothetical protein [Hyperionvirus sp.]	Hyperionvirus sp.	Blastx
SRR31829833	NODE_25529_length_1392_cov_30.585725	34.0	1392	447	0.711409	2.32e-46	acc|REFSEQ|NP_077596.1|REFSEQ|NC_002687|serine-threonine kinase [Ectocarpus siliculosus virus 1]	Ectocarpus siliculosus virus 1	Blastx
SRR31829833	NODE_498_length_238_cov_4297.160976	100	238	1335	0.059176	2.32e-46	acc|GENBANK|AJD23371.1|GENBANK|KJ789131|putative RNA-dependent RNA polymerase [Yam virus X]	Yam virus X	Blastx
SRR31829833	NODE_7078_length_1028_cov_34.356784	46.8	1028	610	0.308197	2.38e-46	acc|GENBANK|QOR60687.1|GENBANK|MK522039|hypothetical protein [Bathycoccus sp. RCC716 virus 3]	Bathycoccus sp. RCC716 virus 3	Blastx
SRR31829833	NODE_3102_length_695_cov_137.330816	51.9	695	160	0.975000	2.39e-46	acc|GENBANK|ULY68493.1|GENBANK|OL828820|ubiquitin-conjugating enzyme E2 7 [Chlorella virus XW01]	Chlorella virus XW01	Blastx
SRR31829833	NODE_1522_length_547_cov_40.418288	71.6	547	228	0.478070	2.40e-46	acc|GENBANK|AAD44039.1|GENBANK|AF104022|polyprotein [Bovine viral diarrhea virus 2]	Bovine viral diarrhea virus 2	Blastx
SRR31829833	NODE_29133_length_1112_cov_21.170528	33.0	1112	447	0.711409	2.41e-46	acc|REFSEQ|NP_077596.1|REFSEQ|NC_002687|serine-threonine kinase [Ectocarpus siliculosus virus 1]	Ectocarpus siliculosus virus 1	Blastx
SRR31829833	NODE_11695_length_887_cov_12.659251	43.8	887	203	1.000000	2.94e-46	acc|GENBANK|AYV75892.1|GENBANK|MK071981|putative Ras-related protein Rab7 [Terrestrivirus sp.]	Terrestrivirus sp.	Blastx
SRR31829833	NODE_5029_length_353_cov_6.150000	72.2	353	325	0.353846	3.90e-46	acc|GENBANK|ABY48134.1|GENBANK|EU306659|bHLH transcription factor [Medicago truncatula]	Medicago truncatula	Blastx
SRR31829833	NODE_499_length_762_cov_17.718793	38.3	762	331	0.670695	5.06e-46	acc|GENBANK|QBK89984.1|GENBANK|MK500451|phosphoribosyl transferase domain protein [Pithovirus LCPAC101]	Pithovirus LCPAC101	Blastx
SRR31829833	NODE_20010_length_461_cov_4.172897	71.9	461	489	0.196319	5.78e-46	acc|GENBANK|AAK84471.1|GENBANK|AF275345|putative permease [Solanum lycopersicum]	Solanum lycopersicum	Blastx
SRR31829833	NODE_27640_length_962_cov_22.433800	32.9	962	523	0.615679	9.29e-46	acc|GENBANK|AYV78352.1|GENBANK|MK072075|uncharacterized protein [Edafosvirus sp.]	Edafosvirus sp.	Blastx
SRR31829833	NODE_1829_length_1353_cov_50.281061	38.7	1353	1602	0.179151	1.14e-45	acc|GENBANK|BFL60982.1|GENBANK|LC813553|tyrosine kinase family protein [Moumouvirus lavasanguinem]	Moumouvirus lavasanguinem	Blastx
SRR31829833	NODE_8575_length_999_cov_7.097308	41.6	999	602	0.355482	1.18e-45	acc|GENBANK|QIG59839.1|GENBANK|MN940578|heat shock protein 70 [Dishui Lake phycodnavirus 3]	Dishui Lake phycodnavirus 3	Blastx
SRR31829833	NODE_21907_length_697_cov_11.039157	49.4	697	759	0.234519	1.18e-45	acc|GENBANK|ACN78962.1|GENBANK|FJ225394|methyltransferase [Glycine max]	Glycine max	Blastx
SRR31829833	NODE_29213_length_217_cov_2.695652	95.8	217	113	0.637168	1.25e-45	acc|GENBANK|QDH76139.1|GENBANK|MK948414|putative gag protein [Porcine endogenous retrovirus]	Porcine endogenous retrovirus	Blastx
SRR31829833	NODE_8671_length_1038_cov_28.680597	48.4	1038	604	0.304636	1.26e-45	acc|REFSEQ|YP_008052571.1|REFSEQ|NC_021312|ATP-dependent zinc metalloprotease [Phaeocystis globosa virus]	Phaeocystis globosa virus	Blastx
SRR31829833	NODE_11299_length_312_cov_2.587814	69.6	312	315	0.323810	1.44e-45	acc|GENBANK|AGH20679.1|GENBANK|JX975169|reverse transcriptase [Raphanus sativus]	Raphanus sativus	Blastx
SRR31829833	NODE_8651_length_1585_cov_18.078608	39.0	1585	925	0.304865	2.11e-45	acc|GENBANK|ABY48139.1|GENBANK|EU306659|NORK [Medicago truncatula]	Medicago truncatula	Blastx
SRR31829833	NODE_12101_length_569_cov_9.102612	52.5	569	133	1.060150	2.28e-45	acc|GENBANK|CAC43855.1|GENBANK|AJ409162|urease [Solanum ochranthum]	Solanum ochranthum	Blastx
SRR31829833	NODE_8644_length_690_cov_5.158295	59.7	690	213	0.652582	2.31e-45	acc|GENBANK|AAK76585.1|GENBANK|AY045911|putative copia retroelement pol polyprotein [Arabidopsis thaliana]	Arabidopsis thaliana	Blastx
SRR31829833	NODE_16386_length_307_cov_2.259124	78.4	307	534	0.181648	2.34e-45	acc|GENBANK|QBK91823.1|GENBANK|MK500565|uncharacterized protein [Pithovirus LCPAC304]	Pithovirus LCPAC304	Blastx
SRR31829833	NODE_1004_length_1382_cov_77.647887	49.1	1382	212	0.759434	3.22e-45	acc|GENBANK|AYV84543.1|GENBANK|MK072410|hypothetical protein [Hyperionvirus sp.]	Hyperionvirus sp.	Blastx
SRR31829833	NODE_6940_length_625_cov_39.655405	61.5	625	224	0.544643	4.28e-45	acc|GENBANK|QDH89109.1|GENBANK|MN034603|hypothetical protein [Picornavirales sp.]	Picornavirales sp.	Blastx
SRR31829833	NODE_9211_length_1278_cov_21.556627	58.2	1278	194	0.726804	6.82e-45	acc|GENBANK|AYV76261.1|GENBANK|MK071983|CuZnSOD [Terrestrivirus sp.]	Terrestrivirus sp.	Blastx
SRR31829833	NODE_17167_length_547_cov_14.949416	59.8	547	221	0.574661	8.96e-45	acc|GENBANK|AYV75487.1|GENBANK|MK071979|GTP-binding protein YPTC1 [Terrestrivirus sp.]	Terrestrivirus sp.	Blastx
SRR31829833	NODE_22055_length_1982_cov_11.363776	35.5	1982	2466	0.117599	1.04e-44	acc|GENBANK|AOZ57106.1|GENBANK|KX608896|Serine threonine-protein kinase TOR [Saccharum hybrid cultivar R570]	Saccharum hybrid cultivar R570	Blastx
SRR31829833	NODE_14005_length_843_cov_6.033333	36.3	843	660	0.409091	1.28e-44	acc|GENBANK|AGE57896.1|GENBANK|JX997181|potassium transporter [Paramecium bursaria Chlorella virus NW665.2]	Paramecium bursaria Chlorella virus NW665.2	Blastx
SRR31829833	NODE_8562_length_1263_cov_9.252033	28.7	1263	710	0.574648	1.52e-44	acc|GENBANK|AYV78481.1|GENBANK|MK072080|phosphoinositide 3-kinase [Edafosvirus sp.]	Edafosvirus sp.	Blastx
SRR31829833	NODE_4564_length_687_cov_2.214067	39.6	687	727	0.312242	1.54e-44	acc|GENBANK|ADB85269.1|GENBANK|GQ252805|putative lectin-like protein kinase [Phyllostachys edulis]	Phyllostachys edulis	Blastx
SRR31829833	NODE_7215_length_875_cov_48.017815	51.3	875	160	0.975000	1.76e-44	acc|GENBANK|ULY68493.1|GENBANK|OL828820|ubiquitin-conjugating enzyme E2 7 [Chlorella virus XW01]	Chlorella virus XW01	Blastx
SRR31829833	NODE_16084_length_609_cov_6.744792	43.5	609	679	0.273932	2.98e-44	acc|GENBANK|AYV78344.1|GENBANK|MK072075|S9 family peptidase [Edafosvirus sp.]	Edafosvirus sp.	Blastx
SRR31829833	NODE_34055_length_292_cov_3.223938	72.9	292	759	0.126482	3.11e-44	acc|GENBANK|ACN78962.1|GENBANK|FJ225394|methyltransferase [Glycine max]	Glycine max	Blastx
SRR31829833	NODE_1493_length_801_cov_30.888021	50.6	801	335	0.471642	3.63e-44	acc|GENBANK|ABY48132.1|GENBANK|EU306659|GH1 protein [Medicago truncatula]	Medicago truncatula	Blastx
SRR31829833	NODE_22504_length_690_cov_8.098935	56.9	690	674	0.227003	3.78e-44	acc|GENBANK|UZT28900.1|GENBANK|OP765507|ATP-dependent zinc metalloprotease [Nucleocytoviricota sp.]	Nucleocytoviricota sp.	Blastx
SRR31829833	NODE_14820_length_694_cov_8.075643	45.6	694	244	0.836066	4.63e-44	acc|GENBANK|AFA53114.1|GENBANK|JN817430|VRN-B1 [Triticum carthlicum]	Triticum carthlicum	Blastx
SRR31829833	NODE_18832_length_227_cov_1.329897	86.7	227	496	0.151210	4.70e-44	acc|GENBANK|ACN78958.1|GENBANK|FJ225394|dehydration responsive protein [Glycine max]	Glycine max	Blastx
SRR31829833	NODE_8546_length_1304_cov_9.076318	37.0	1304	285	1.070175	5.66e-44	acc|GENBANK|UZT29310.1|GENBANK|OP765584|hypothetical protein [Nucleocytoviricota sp.]	Nucleocytoviricota sp.	Blastx
SRR31829833	NODE_5147_length_532_cov_37.515030	58.3	532	221	0.574661	6.02e-44	acc|GENBANK|AYV75487.1|GENBANK|MK071979|GTP-binding protein YPTC1 [Terrestrivirus sp.]	Terrestrivirus sp.	Blastx
SRR31829833	NODE_25053_length_1428_cov_22.501075	32.9	1428	379	0.978892	7.14e-44	acc|GENBANK|ADB85364.1|GENBANK|GQ252868|putative alcohol dehydrogenase 2 [Phyllostachys edulis]	Phyllostachys edulis	Blastx
SRR31829833	NODE_3073_length_2189_cov_39.006030	34.8	2189	299	0.943144	7.22e-44	acc|GENBANK|ARF09764.1|GENBANK|KY684087|serine/threonine protein kinase [Indivirus ILV1]	Indivirus ILV1	Blastx
SRR31829833	NODE_16044_length_489_cov_2.010965	50.0	489	197	0.751269	7.23e-44	acc|REFSEQ|YP_009449015.1|REFSEQ|NC_036594|GTP ras-related protein Rac1 [Orpheovirus IHUMI-LCC2]	Orpheovirus IHUMI-LCC2	Blastx
SRR31829833	NODE_4918_length_998_cov_21.617617	47.1	998	192	0.906250	7.48e-44	acc|GENBANK|AYV78944.1|GENBANK|MK072120|Ras-related protein Rab-1A [Edafosvirus sp.]	Edafosvirus sp.	Blastx
SRR31829833	NODE_6683_length_577_cov_6.343750	40.7	577	438	0.442922	7.74e-44	acc|GENBANK|QBK88723.1|GENBANK|MK500396|histidyl-tRNA synthetase [Mimivirus LCMiAC01]	Mimivirus LCMiAC01	Blastx
SRR31829833	NODE_12255_length_276_cov_2.934156	77.2	276	267	0.344569	9.25e-44	acc|GENBANK|WGU26820.1|GENBANK|OQ503488|cytosolic iron-sulfur (Fe-S) protein [Triticum monococcum]	Triticum monococcum	Blastx
SRR31829833	NODE_25271_length_950_cov_17.022901	54.9	950	226	0.637168	9.31e-44	acc|GENBANK|ARF08362.1|GENBANK|KY684083|cyclophilin type peptidyl-prolyl cis-trans [Catovirus CTV1]	Catovirus CTV1	Blastx
SRR31829833	NODE_15053_length_503_cov_20.448936	50.9	503	576	0.289931	1.01e-43	acc|GENBANK|QIG59631.1|GENBANK|MN940577|hypothetical protein [Dishui Lake phycodnavirus 2]	Dishui Lake phycodnavirus 2	Blastx
SRR31829833	NODE_1185_length_811_cov_7.661954	36.8	811	499	0.523046	1.07e-43	acc|GENBANK|CCQ71356.1|GENBANK|HF586477|hypothetical E3 ubiquitin-protein ligase ARI [Cotesia congregata]	Cotesia congregata	Blastx
SRR31829833	NODE_31935_length_259_cov_1.035398	84.9	259	189	0.455026	1.32e-43	acc|REFSEQ|YP_009465730.1|REFSEQ|NC_037057|hypothetical protein [Dishui lake phycodnavirus 1]	Dishui lake phycodnavirus 1	Blastx
SRR31829833	NODE_519_length_953_cov_35.939130	36.6	953	279	0.910394	1.50e-43	acc|GENBANK|ARF12509.1|GENBANK|KY684113|stomatin family protein [Klosneuvirus KNV1]	Klosneuvirus KNV1	Blastx
SRR31829833	NODE_17308_length_611_cov_12.782007	74.2	611	686	0.141399	1.60e-43	acc|GENBANK|WNO13952.1|GENBANK|OQ968299|coat protein [Guapo partitivirus]	Guapo partitivirus	Blastx
SRR31829833	NODE_23673_length_927_cov_12.797539	38.6	927	253	0.984190	1.64e-43	acc|GENBANK|QFG74715.1|GENBANK|MN448290|triosephosphate isomerase [Megaviridae environmental sample]	Megaviridae environmental sample	Blastx
SRR31829833	NODE_14249_length_675_cov_18.817757	45.3	675	925	0.205405	1.94e-43	acc|GENBANK|ABY48139.1|GENBANK|EU306659|NORK [Medicago truncatula]	Medicago truncatula	Blastx
SRR31829833	NODE_9085_length_1465_cov_7.868017	35.6	1465	781	0.399488	2.21e-43	acc|GENBANK|AYV84599.1|GENBANK|MK072412|DEXDc helicase [Hyperionvirus sp.]	Hyperionvirus sp.	Blastx
SRR31829833	NODE_9958_length_647_cov_7.260586	47.4	647	679	0.316642	2.29e-43	acc|GENBANK|QIG60138.1|GENBANK|MN940580|ATP-dependent zinc metalloprotease [Dishui Lake large algae virus 1]	Dishui Lake large algae virus 1	Blastx
SRR31829833	NODE_1482_length_720_cov_150.189229	87.8	720	137	0.656934	2.32e-43	acc|GENBANK|XKM46647.1|GENBANK|PQ442261|hypothetical protein [Micromonas commoda virus 20T]	Micromonas commoda virus 20T	Blastx
SRR31829833	NODE_26574_length_798_cov_8.949020	37.2	798	1468	0.175749	2.61e-43	acc|GENBANK|QDY51984.1|GENBANK|MK250086|RNA polymerase Rpb1, domain 5 [Mimiviridae sp. ChoanoV1]	Mimiviridae sp. ChoanoV1	Blastx
SRR31829833	NODE_24542_length_827_cov_19.278338	42.8	827	213	1.009390	3.04e-43	acc|GENBANK|QBK87565.1|GENBANK|MK500358|ribulose-phosphate 3 epimerase family protein [Marseillevirus LCMAC201]	Marseillevirus LCMAC201	Blastx
SRR31829833	NODE_9023_length_316_cov_67.183746	71.3	316	116	0.810345	3.60e-43	acc|GENBANK|QOI90342.1|GENBANK|MT663535|hypothetical protein [Pyramimonas orientalis virus]	Pyramimonas orientalis virus	Blastx
SRR31829833	NODE_8911_length_1275_cov_65.018519	39.7	1275	253	0.936759	4.01e-43	acc|GENBANK|QFG74715.1|GENBANK|MN448290|triosephosphate isomerase [Megaviridae environmental sample]	Megaviridae environmental sample	Blastx
SRR31829833	NODE_7361_length_1283_cov_5.957600	44.0	1283	876	0.228311	4.15e-43	acc|GENBANK|AYV76365.1|GENBANK|MK071983|DEXDc helicase [Terrestrivirus sp.]	Terrestrivirus sp.	Blastx
SRR31829833	NODE_23979_length_321_cov_4.451389	67.6	321	212	0.481132	4.26e-43	acc|GENBANK|AYV82031.1|GENBANK|MK072334|Ras-like protein Rab-11A [Homavirus sp.]	Homavirus sp.	Blastx
SRR31829833	NODE_6081_length_633_cov_5.030000	50.0	633	348	0.454023	4.80e-43	acc|GENBANK|AYV86709.1|GENBANK|MK072513|hypothetical protein [Sylvanvirus sp.]	Sylvanvirus sp.	Blastx
SRR31829833	NODE_33670_length_559_cov_3.484791	48.9	559	2037	0.090329	5.04e-43	acc|GENBANK|ABG37663.1|GENBANK|DQ536170|CCHC-type integrase [Populus trichocarpa]	Populus trichocarpa	Blastx
SRR31829833	NODE_26544_length_705_cov_9.366071	47.5	705	925	0.193514	5.06e-43	acc|GENBANK|ABY48139.1|GENBANK|EU306659|NORK [Medicago truncatula]	Medicago truncatula	Blastx
SRR31829833	NODE_2196_length_598_cov_7.295575	45.3	598	925	0.217297	5.08e-43	acc|GENBANK|ABY48139.1|GENBANK|EU306659|NORK [Medicago truncatula]	Medicago truncatula	Blastx
SRR31829833	NODE_11645_length_1357_cov_25.061178	30.4	1357	344	1.252907	5.28e-43	acc|GENBANK|QFG74169.1|GENBANK|MN448282|aspartyl protease [Megaviridae environmental sample]	Megaviridae environmental sample	Blastx
SRR31829833	NODE_19797_length_468_cov_4.866667	51.5	468	1468	0.111035	5.52e-43	acc|GENBANK|QDY51984.1|GENBANK|MK250086|RNA polymerase Rpb1, domain 5 [Mimiviridae sp. ChoanoV1]	Mimiviridae sp. ChoanoV1	Blastx
SRR31829833	NODE_10995_length_1118_cov_10.708756	31.2	1118	403	0.739454	6.11e-43	acc|GENBANK|AYV82314.1|GENBANK|MK072360|translation initiation factor 4A-III [Homavirus sp.]	Homavirus sp.	Blastx
SRR31829833	NODE_9255_length_1309_cov_15.013323	37.7	1309	1793	0.152259	6.31e-43	acc|GENBANK|CCQ71366.1|GENBANK|HF586479|hypothetical serine/threonine protein kinase [Cotesia congregata]	Cotesia congregata	Blastx
SRR31829833	NODE_9919_length_483_cov_2.586667	50.6	483	870	0.183908	7.60e-43	acc|GENBANK|AGE58933.1|GENBANK|JX997183|calcium-transporting ATPase, plasma [Paramecium bursaria Chlorella virus NYs1]	Paramecium bursaria Chlorella virus NYs1	Blastx
SRR31829833	NODE_31760_length_257_cov_1.566964	89.4	257	602	0.141196	7.61e-43	acc|GENBANK|QIG59839.1|GENBANK|MN940578|heat shock protein 70 [Dishui Lake phycodnavirus 3]	Dishui Lake phycodnavirus 3	Blastx
SRR31829833	NODE_6809_length_1164_cov_15.624226	43.6	1164	213	0.990610	8.18e-43	acc|GENBANK|QBK87565.1|GENBANK|MK500358|ribulose-phosphate 3 epimerase family protein [Marseillevirus LCMAC201]	Marseillevirus LCMAC201	Blastx
SRR31829833	NODE_21939_length_695_cov_8.799094	51.2	695	421	0.403800	8.19e-43	acc|GENBANK|AGP03657.1|GENBANK|KF220834|integrase-type DNA-binding superfamily protein [Glycine max]	Glycine max	Blastx
SRR31829833	NODE_4071_length_636_cov_15.935323	42.6	636	192	0.880208	9.91e-43	acc|GENBANK|AYV78944.1|GENBANK|MK072120|Ras-related protein Rab-1A [Edafosvirus sp.]	Edafosvirus sp.	Blastx
SRR31829833	NODE_23419_length_828_cov_37.573585	42.1	828	206	0.922330	1.01e-42	acc|GENBANK|AYV78414.1|GENBANK|MK072077|putative ras-related protein Rab-10-like [Edafosvirus sp.]	Edafosvirus sp.	Blastx
SRR31829833	NODE_30165_length_232_cov_3.266332	94.8	232	177	0.435028	1.04e-42	acc|GENBANK|AAD44038.1|GENBANK|AF104021|polyprotein [Bovine viral diarrhea virus 2]	Bovine viral diarrhea virus 2	Blastx
SRR31829833	NODE_7847_length_1472_cov_8.720639	49.1	1472	371	0.444744	1.11e-42	acc|GENBANK|WNO13897.1|GENBANK|OQ968270|capsid protein [Berere partitivirus]	Berere partitivirus	Blastx
SRR31829833	NODE_6183_length_679_cov_6.272446	40.9	679	1050	0.219048	1.41e-42	acc|GENBANK|QBK85357.1|GENBANK|MK500320|DNA-directed RNA polymerase subunit beta, [Iridovirus LCIVAC01]	Iridovirus LCIVAC01	Blastx
SRR31829833	NODE_18679_length_284_cov_1.824701	79.8	284	2466	0.038118	1.42e-42	acc|GENBANK|AOZ57106.1|GENBANK|KX608896|Serine threonine-protein kinase TOR [Saccharum hybrid cultivar R570]	Saccharum hybrid cultivar R570	Blastx
SRR31829833	NODE_2840_length_1697_cov_69.168269	42.2	1697	244	0.913934	1.52e-42	acc|GENBANK|CAA60719.1|GENBANK|X87297|J1545 [Saccharomyces cerevisiae]	Saccharomyces cerevisiae	Blastx
SRR31829833	NODE_24823_length_872_cov_9.562574	50.3	872	1019	0.161923	1.74e-42	acc|GENBANK|ABZ80022.1|NEIGHBOR|EU410304|beta-D-galactosidase [synthetic Vaccinia virus]	synthetic Vaccinia virus	Blastx
SRR31829833	NODE_1380_length_616_cov_283.855918	53.8	616	143	0.909091	2.87e-42	acc|GENBANK|UOG94409.1|NEIGHBOR|OM876856|eukaryotic translation initiation factor [Aureococcus anophagefferens virus]	Aureococcus anophagefferens virus	Blastx
SRR31829833	NODE_33854_length_352_cov_2.934169	68.6	352	759	0.138340	3.22e-42	acc|GENBANK|ACN78962.1|GENBANK|FJ225394|methyltransferase [Glycine max]	Glycine max	Blastx
SRR31829833	NODE_21829_length_860_cov_3.796856	40.3	860	204	0.911765	3.61e-42	acc|GENBANK|ARF08647.1|GENBANK|KY684083|phosphoribulokinase / Uridine kinase family [Catovirus CTV1]	Catovirus CTV1	Blastx
SRR31829833	NODE_18419_length_810_cov_14.060489	48.4	810	925	0.203243	4.01e-42	acc|GENBANK|ABY48139.1|GENBANK|EU306659|NORK [Medicago truncatula]	Medicago truncatula	Blastx
SRR31829833	NODE_31163_length_247_cov_2.186916	95.1	247	601	0.134775	4.77e-42	acc|GENBANK|AAB62581.1|GENBANK|U68072|3-hydroxy-3-methylglutaryl CoA reductase 2 [Solanum lycopersicum]	Solanum lycopersicum	Blastx
SRR31829833	NODE_6676_length_1670_cov_7.640806	36.8	1670	925	0.328649	9.18e-42	acc|GENBANK|ABY48139.1|GENBANK|EU306659|NORK [Medicago truncatula]	Medicago truncatula	Blastx
SRR31829833	NODE_18047_length_884_cov_4.565217	38.8	884	1632	0.147059	1.02e-41	acc|GENBANK|QVY47413.1|NEIGHBOR|MW080813|p194 [Agapanthus tungrovirus]	Agapanthus tungrovirus	Blastx
SRR31829833	NODE_7632_length_281_cov_15.596774	71.7	281	562	0.163701	1.33e-41	acc|GENBANK|QDY52375.1|GENBANK|MK250091|asparagine synthase [Mimiviridae sp. ChoanoV1]	Mimiviridae sp. ChoanoV1	Blastx
SRR31829833	NODE_7205_length_244_cov_8.218009	90.0	244	421	0.190024	1.46e-41	acc|GENBANK|AGP03657.1|GENBANK|KF220834|integrase-type DNA-binding superfamily protein [Glycine max]	Glycine max	Blastx
SRR31829833	NODE_7152_length_809_cov_44.076031	46.4	809	144	0.972222	1.60e-41	acc|GENBANK|ULY68577.1|GENBANK|OL828820|ubiquitin-conjugating enzyme E2 2-like isoform [Chlorella virus XW01]	Chlorella virus XW01	Blastx
SRR31829833	NODE_14961_length_808_cov_4.096774	39.5	808	392	0.561224	1.62e-41	acc|GENBANK|AYV77947.1|GENBANK|MK072068|autophagy-related protein 18a-like [Edafosvirus sp.]	Edafosvirus sp.	Blastx
SRR31829833	NODE_6127_length_666_cov_8.379147	37.6	666	556	0.487410	2.06e-41	acc|REFSEQ|YP_009119049.1|REFSEQ|NC_026440|2-aminooxy adenylosuccinate synthetase [Pandoravirus inopinatum]	Pandoravirus inopinatum	Blastx
SRR31829833	NODE_9031_length_1143_cov_9.238739	31.3	1143	491	0.643585	2.97e-41	acc|GENBANK|QIG59637.1|GENBANK|MN940577|hypothetical protein [Dishui Lake phycodnavirus 2]	Dishui Lake phycodnavirus 2	Blastx
SRR31829833	NODE_29720_length_225_cov_2.437500	100	225	250	0.296000	3.02e-41	acc|GENBANK|WEG77612.1|NEIGHBOR|OQ518261|capsid protein precursor pVI [Human adenovirus 2]	Human adenovirus 2	Blastx
SRR31829833	NODE_26920_length_1389_cov_30.685841	27.5	1389	463	0.967603	3.11e-41	acc|GENBANK|CAE02707.1|GENBANK|AJ575660|hypothetical protein [Yarrowia lipolytica]	Yarrowia lipolytica	Blastx
SRR31829833	NODE_8934_length_227_cov_10.943299	96.0	227	177	0.423729	3.15e-41	acc|GENBANK|AAD44038.1|GENBANK|AF104021|polyprotein [Bovine viral diarrhea virus 2]	Bovine viral diarrhea virus 2	Blastx
SRR31829833	NODE_15887_length_955_cov_14.587852	100	955	105	0.657143	3.83e-41	acc|GENBANK|CAO82946.1|GENBANK|AM778053|putative pre-mRNA-splicing factor cwc-22 [Oryza sativa Japonica Group]	Oryza sativa Japonica Group	Blastx
SRR31829833	NODE_25066_length_966_cov_13.852090	39.1	966	515	0.446602	4.79e-41	acc|REFSEQ|YP_010780329.1|REFSEQ|NC_075038|lysine-tRNA synthetase [Tupanvirus deep ocean]	Tupanvirus deep ocean	Blastx
SRR31829833	NODE_24027_length_433_cov_67.370000	72.6	433	124	0.766129	4.88e-41	acc|GENBANK|QBK88266.1|GENBANK|MK500382|NifU-like protein [Marseillevirus LCMAC202]	Marseillevirus LCMAC202	Blastx
SRR31829833	NODE_1378_length_1656_cov_44.182378	29.2	1656	854	0.620609	5.70e-41	acc|GENBANK|UMZ08269.1|GENBANK|OL770070|Topoisomerase I [Acanthamoeba polyphaga mimivirus]	Acanthamoeba polyphaga mimivirus	Blastx
SRR31829833	NODE_33315_length_314_cov_3.323843	62.5	314	134	0.776119	5.73e-41	acc|GENBANK|CAJ65869.1|GENBANK|AM182875|putative integrase [Cucumis melo]	Cucumis melo	Blastx
SRR31829833	NODE_22735_length_543_cov_2.656863	42.3	543	457	0.413567	6.27e-41	acc|GENBANK|UOG94416.1|NEIGHBOR|OM876856|Elongation factor Tu GTP binding domain [Aureococcus anophagefferens virus]	Aureococcus anophagefferens virus	Blastx
SRR31829833	NODE_14272_length_264_cov_2.415584	76.1	264	224	0.392857	7.28e-41	acc|GENBANK|QDH89109.1|GENBANK|MN034603|hypothetical protein [Picornavirales sp.]	Picornavirales sp.	Blastx
SRR31829833	NODE_3529_length_1688_cov_298.059819	77.0	1688	102	0.852941	1.06e-40	acc|GENBANK|CAD45443.1|GENBANK|AJ507397|coat protein [Iris mild mosaic virus]	Iris mild mosaic virus	Blastx
SRR31829833	NODE_25776_length_540_cov_5.471400	47.5	540	832	0.212740	1.14e-40	acc|GENBANK|BAD00047.1|GENBANK|AB119282|Fusion protein, Feo [Hepacivirus hominis]	Hepacivirus hominis	Blastx
SRR31829833	NODE_2311_length_205_cov_1326.250000	100	205	1335	0.050936	1.70e-40	acc|GENBANK|AJD23371.1|GENBANK|KJ789131|putative RNA-dependent RNA polymerase [Yam virus X]	Yam virus X	Blastx
SRR31829833	NODE_8015_length_1185_cov_36.531250	34.8	1185	523	0.627151	1.84e-40	acc|GENBANK|QDY51705.1|GENBANK|MK250085|cytosol aminopeptidase family, catalytic domain [Mimiviridae sp. ChoanoV1]	Mimiviridae sp. ChoanoV1	Blastx
SRR31829833	NODE_2657_length_590_cov_91.624776	50.8	590	143	0.909091	1.96e-40	acc|GENBANK|UOG94409.1|NEIGHBOR|OM876856|eukaryotic translation initiation factor [Aureococcus anophagefferens virus]	Aureococcus anophagefferens virus	Blastx
SRR31829833	NODE_8100_length_599_cov_40.185512	50.4	599	335	0.420896	2.21e-40	acc|GENBANK|ABY48132.1|GENBANK|EU306659|GH1 protein [Medicago truncatula]	Medicago truncatula	Blastx
SRR31829833	NODE_11920_length_1249_cov_7.621711	31.9	1249	925	0.322162	2.22e-40	acc|GENBANK|ABY48139.1|GENBANK|EU306659|NORK [Medicago truncatula]	Medicago truncatula	Blastx
SRR31829833	NODE_26091_length_687_cov_2.434251	38.6	687	727	0.320495	2.26e-40	acc|GENBANK|ADB85269.1|GENBANK|GQ252805|putative lectin-like protein kinase [Phyllostachys edulis]	Phyllostachys edulis	Blastx
SRR31829833	NODE_19976_length_629_cov_6.172819	40.2	629	1369	0.149014	2.90e-40	acc|GENBANK|BAG72152.1|GENBANK|AB430326|hypothetical protein [Lotus japonicus]	Lotus japonicus	Blastx
SRR31829833	NODE_2485_length_880_cov_1023.191263	45.8	880	144	0.986111	3.59e-40	acc|GENBANK|ULY68577.1|GENBANK|OL828820|ubiquitin-conjugating enzyme E2 2-like isoform [Chlorella virus XW01]	Chlorella virus XW01	Blastx
SRR31829833	NODE_369_length_829_cov_157.834171	53.1	829	143	0.909091	4.28e-40	acc|GENBANK|UOG94409.1|NEIGHBOR|OM876856|eukaryotic translation initiation factor [Aureococcus anophagefferens virus]	Aureococcus anophagefferens virus	Blastx
SRR31829833	NODE_2273_length_923_cov_518.600000	53.1	923	143	0.909091	5.13e-40	acc|GENBANK|UOG94409.1|NEIGHBOR|OM876856|eukaryotic translation initiation factor [Aureococcus anophagefferens virus]	Aureococcus anophagefferens virus	Blastx
SRR31829833	NODE_6108_length_408_cov_16.269333	59.0	408	634	0.211356	5.49e-40	acc|GENBANK|QOI90398.1|GENBANK|MT663536|movement protein Hsp70h [Pyramimonas orientalis virus]	Pyramimonas orientalis virus	Blastx
SRR31829833	NODE_21651_length_819_cov_25.254453	48.8	819	759	0.213439	5.69e-40	acc|GENBANK|ACN78962.1|GENBANK|FJ225394|methyltransferase [Glycine max]	Glycine max	Blastx
SRR31829833	NODE_20042_length_302_cov_2.237918	69.0	302	146	0.684932	5.74e-40	acc|GENBANK|WKT15178.1|GENBANK|OR120051|Deoxyuridine 5'-triphosphate nucleotidohydrolase [Platygaster orseoliae filamentous virus]	Platygaster orseoliae filamentous virus	Blastx
SRR31829833	NODE_22157_length_1053_cov_12.277451	36.2	1053	279	0.910394	6.61e-40	acc|GENBANK|ARF12509.1|GENBANK|KY684113|stomatin family protein [Klosneuvirus KNV1]	Klosneuvirus KNV1	Blastx
SRR31829833	NODE_2359_length_2011_cov_31.501011	37.1	2011	405	0.604938	8.04e-40	acc|GENBANK|WGU26824.1|GENBANK|OQ503488|eukaryotic initiation factor 4A-III B-like [Triticum monococcum]	Triticum monococcum	Blastx
SRR31829833	NODE_2169_length_521_cov_10.108607	41.7	521	411	0.496350	8.49e-40	acc|GENBANK|ACN78984.1|GENBANK|FJ225395|cyclin-like F-box [Glycine max]	Glycine max	Blastx
SRR31829833	NODE_14579_length_340_cov_3.387622	68.4	340	604	0.188742	8.83e-40	acc|GENBANK|AAK84484.1|GENBANK|AF275345|TH65-like protein [Solanum lycopersicum]	Solanum lycopersicum	Blastx
SRR31829833	NODE_11988_length_779_cov_6.422252	35.6	779	447	0.590604	9.86e-40	acc|REFSEQ|NP_077596.1|REFSEQ|NC_002687|serine-threonine kinase [Ectocarpus siliculosus virus 1]	Ectocarpus siliculosus virus 1	Blastx
SRR31829833	NODE_18222_length_635_cov_9.470100	44.3	635	356	0.514045	1.05e-39	acc|REFSEQ|YP_010781468.1|REFSEQ|NC_075039|phenylalanyl-tRNA synthetase [Tupanvirus soda lake]	Tupanvirus soda lake	Blastx
SRR31829833	NODE_25377_length_770_cov_11.408412	42.4	770	737	0.278155	1.07e-39	acc|GENBANK|CAK7597324.1|GENBANK|OZ003748|Vesicle-fusing ATPase [Catovirus sp. 'naegleriensis']	Catovirus sp. 'naegleriensis'	Blastx
SRR31829833	NODE_1567_length_1432_cov_100.992137	30.0	1432	344	1.238372	1.28e-39	acc|GENBANK|QFG74169.1|GENBANK|MN448282|aspartyl protease [Megaviridae environmental sample]	Megaviridae environmental sample	Blastx
SRR31829833	NODE_18305_length_637_cov_29.036424	71.9	637	134	0.664179	1.45e-39	acc|GENBANK|AIG55158.1|GENBANK|KJ629276|replication enhancer [Dioscorea alata]	Dioscorea alata	Blastx
SRR31829833	NODE_21194_length_536_cov_16.023857	53.4	536	1829	0.079825	1.59e-39	acc|REFSEQ|YP_009482569.1|REFSEQ|NC_037666|serine-threonine kinase [Pandoravirus neocaledonia]	Pandoravirus neocaledonia	Blastx
SRR31829833	NODE_5954_length_443_cov_3.548780	47.6	443	203	0.724138	1.63e-39	acc|GENBANK|XIF71306.1|GENBANK|PQ381123|hypothetical protein [Micromonas commoda virus]	Micromonas commoda virus	Blastx
SRR31829833	NODE_1509_length_704_cov_233.062593	51.5	704	138	0.971014	1.65e-39	acc|GENBANK|BCT22789.1|GENBANK|LC613089|nucleoside diphosphate kinase [Carp edema virus]	Carp edema virus	Blastx
SRR31829833	NODE_3439_length_1165_cov_24.709364	28.9	1165	702	0.478632	2.00e-39	acc|GENBANK|ARF12034.1|GENBANK|KY684110|copper amine oxidase [Klosneuvirus KNV1]	Klosneuvirus KNV1	Blastx
SRR31829833	NODE_3015_length_363_cov_11.148485	58.3	363	679	0.176730	2.09e-39	acc|GENBANK|QIG60138.1|GENBANK|MN940580|ATP-dependent zinc metalloprotease [Dishui Lake large algae virus 1]	Dishui Lake large algae virus 1	Blastx
SRR31829833	NODE_17976_length_728_cov_6.866187	37.6	728	522	0.463602	2.57e-39	acc|GENBANK|QPI16279.1|GENBANK|MW030549|hypothetical protein [Virus NIOZ-UU157]	Virus NIOZ-UU157	Blastx
SRR31829833	NODE_2124_length_211_cov_2606.797753	100	211	1335	0.052434	3.03e-39	acc|GENBANK|AJD23371.1|GENBANK|KJ789131|putative RNA-dependent RNA polymerase [Yam virus X]	Yam virus X	Blastx
SRR31829833	NODE_2328_length_211_cov_1996.691011	100	211	1335	0.052434	3.03e-39	acc|GENBANK|AJD23371.1|GENBANK|KJ789131|putative RNA-dependent RNA polymerase [Yam virus X]	Yam virus X	Blastx
SRR31829833	NODE_8003_length_931_cov_8.285078	40.4	931	331	0.567976	3.13e-39	acc|GENBANK|QDY52085.1|GENBANK|MK250087|hypothetical protein [Mimiviridae sp. ChoanoV1]	Mimiviridae sp. ChoanoV1	Blastx
SRR31829833	NODE_31917_length_259_cov_2.070796	76.5	259	1328	0.064006	3.21e-39	acc|GENBANK|AAK29467.1|GENBANK|AF279585|polyprotein-like [Solanum chilense]	Solanum chilense	Blastx
SRR31829833	NODE_10460_length_1119_cov_6.046961	31.3	1119	424	0.716981	3.94e-39	acc|GENBANK|ULY68560.1|GENBANK|OL828820|tRNA guanosine(34) transglycosylase Tgt [Chlorella virus XW01]	Chlorella virus XW01	Blastx
SRR31829833	NODE_6943_length_666_cov_9.995261	45.9	666	590	0.269492	4.16e-39	acc|GENBANK|AYV86827.1|GENBANK|MK072516|CMGC/MAPK protein kinase [Sylvanvirus sp.]	Sylvanvirus sp.	Blastx
SRR31829833	NODE_22061_length_408_cov_6.776000	56.1	408	300	0.380000	4.85e-39	acc|GENBANK|ARF11854.1|GENBANK|KY684109|serine/threonine protein kinase [Klosneuvirus KNV1]	Klosneuvirus KNV1	Blastx
SRR31829833	NODE_4147_length_963_cov_38.867742	37.0	963	498	0.510040	5.04e-39	acc|GENBANK|XHA59766.1|GENBANK|OR863077|thermosome [Poseidoniales virus]	Poseidoniales virus	Blastx
SRR31829833	NODE_1298_length_1560_cov_19.330059	27.4	1560	395	0.934177	6.01e-39	acc|GENBANK|QDY52265.1|GENBANK|MK250089|hypothetical protein [Mimiviridae sp. ChoanoV1]	Mimiviridae sp. ChoanoV1	Blastx
SRR31829833	NODE_2149_length_208_cov_4516.474286	98.6	208	1335	0.051685	7.37e-39	acc|GENBANK|AJD23371.1|GENBANK|KJ789131|putative RNA-dependent RNA polymerase [Yam virus X]	Yam virus X	Blastx
SRR31829833	NODE_6583_length_1030_cov_27.502508	34.9	1030	447	0.525727	7.63e-39	acc|REFSEQ|NP_077596.1|REFSEQ|NC_002687|serine-threonine kinase [Ectocarpus siliculosus virus 1]	Ectocarpus siliculosus virus 1	Blastx
SRR31829833	NODE_15447_length_799_cov_1.831593	38.8	799	478	0.543933	7.72e-39	acc|GENBANK|AAK84479.1|GENBANK|AF275345|putative auxin growth promotor protein [Solanum lycopersicum]	Solanum lycopersicum	Blastx
SRR31829833	NODE_27020_length_455_cov_100.713270	61.0	455	128	0.921875	9.55e-39	acc|GENBANK|CAA42007.1|GENBANK|X59357|Epstein-Barr virus small RNA associated protein [Homo sapiens]	Homo sapiens	Blastx
SRR31829833	NODE_2596_length_703_cov_271.192537	49.7	703	334	0.440120	1.05e-38	acc|GENBANK|AYV82358.1|GENBANK|MK072367|zinc-finger and zinc-ribbon domain protein [Homavirus sp.]	Homavirus sp.	Blastx
SRR31829833	NODE_3245_length_215_cov_4478.901099	98.6	215	1335	0.053184	1.10e-38	acc|GENBANK|AJD23371.1|GENBANK|KJ789131|putative RNA-dependent RNA polymerase [Yam virus X]	Yam virus X	Blastx
SRR31829833	NODE_2667_length_402_cov_97.311653	55.5	402	268	0.444030	1.15e-38	acc|REFSEQ|YP_010780800.1|REFSEQ|NC_075038|hypothetical protein [Tupanvirus deep ocean]	Tupanvirus deep ocean	Blastx
SRR31829833	NODE_30809_length_242_cov_2.239234	90.0	242	461	0.173536	1.18e-38	acc|GENBANK|AAL14456.1|GENBANK|AF397036|heat shock protein Hsc70t [Mus musculus]	Mus musculus	Blastx
SRR31829833	NODE_21102_length_498_cov_4.266667	62.6	498	203	0.527094	1.31e-38	acc|GENBANK|AYV75892.1|GENBANK|MK071981|putative Ras-related protein Rab7 [Terrestrivirus sp.]	Terrestrivirus sp.	Blastx
SRR31829833	NODE_9101_length_433_cov_5.992500	48.5	433	200	0.670000	1.53e-38	acc|GENBANK|AFX92774.1|GENBANK|JX975216|putative glutamine synthetase [Megavirus courdo11]	Megavirus courdo11	Blastx
SRR31829833	NODE_2623_length_1746_cov_33.562172	46.0	1746	288	0.565972	1.64e-38	acc|GENBANK|QMP82376.1|GENBANK|MT153362|hypothetical protein [red goblin roach virus 1]	red goblin roach virus 1	Blastx
SRR31829833	NODE_11280_length_488_cov_14.997802	48.1	488	1201	0.155704	1.88e-38	acc|GENBANK|QDY52415.1|GENBANK|MK250092|RNA polymerase Rpb2, domain 6 [Mimiviridae sp. ChoanoV1]	Mimiviridae sp. ChoanoV1	Blastx
SRR31829833	NODE_12094_length_1418_cov_10.729964	43.1	1418	367	0.550409	1.97e-38	acc|GENBANK|AYV76323.1|GENBANK|MK071983|STE/STE20/FRAY protein kinase [Terrestrivirus sp.]	Terrestrivirus sp.	Blastx
SRR31829833	NODE_17782_length_438_cov_4.651852	46.5	438	682	0.208211	2.01e-38	acc|GENBANK|QOI90314.1|GENBANK|MT663535|hypothetical protein [Pyramimonas orientalis virus]	Pyramimonas orientalis virus	Blastx
SRR31829833	NODE_1257_length_345_cov_6.532051	62.4	345	430	0.234884	2.13e-38	acc|REFSEQ|YP_654431.1|REFSEQ|NC_008168|hypothetical protein [Choristoneura fumiferana granulovirus]	Choristoneura fumiferana granulovirus	Blastx
SRR31829833	NODE_18181_length_469_cov_10.041284	42.2	469	258	0.569767	2.86e-38	acc|GENBANK|WMV02893.1|GENBANK|OP630990|alpha-tubulin [Diderma spumarioides]	Diderma spumarioides	Blastx
SRR31829833	NODE_1839_length_1674_cov_81.699573	27.4	1674	498	0.943775	3.71e-38	acc|GENBANK|XHA59766.1|GENBANK|OR863077|thermosome [Poseidoniales virus]	Poseidoniales virus	Blastx
SRR31829833	NODE_12975_length_209_cov_1.386364	95.7	209	77	0.896104	4.56e-38	acc|GENBANK|AUF82381.1|GENBANK|KY322437|ubiquitin family protein [Tetraselmis virus 1]	Tetraselmis virus 1	Blastx
SRR31829833	NODE_18981_length_947_cov_4.746171	34.1	947	657	0.464231	4.77e-38	acc|GENBANK|QPB44529.1|GENBANK|MW018138|replication factor C large subunit [Medusavirus stheno T3]	Medusavirus stheno T3	Blastx
SRR31829833	NODE_25856_length_589_cov_6.185252	43.4	589	1643	0.120511	4.87e-38	acc|GENBANK|AHA46230.1|GENBANK|KF527888|serine/threonine protein kinase [Insectomime virus]	Insectomime virus	Blastx
SRR31829833	NODE_3971_length_1196_cov_6.819433	32.0	1196	405	0.849383	6.89e-38	acc|GENBANK|WGU26824.1|GENBANK|OQ503488|eukaryotic initiation factor 4A-III B-like [Triticum monococcum]	Triticum monococcum	Blastx
SRR31829833	NODE_394_length_2283_cov_52.636889	32.1	2283	379	0.878628	7.43e-38	acc|GENBANK|AAT99858.1|GENBANK|AY598438|unknown [Diachasmimorpha longicaudata entomopoxvirus]	Diachasmimorpha longicaudata entomopoxvirus	Blastx
SRR31829833	NODE_1041_length_510_cov_16.362683	50.3	510	604	0.283113	7.48e-38	acc|GENBANK|ABH08432.1|GENBANK|DQ851167|putative non-inducible immunity 1 [Beta vulgaris]	Beta vulgaris	Blastx
SRR31829833	NODE_4859_length_483_cov_3.648889	46.5	483	925	0.169730	8.19e-38	acc|GENBANK|ABY48139.1|GENBANK|EU306659|NORK [Medicago truncatula]	Medicago truncatula	Blastx
SRR31829833	NODE_4382_length_509_cov_6.464286	50.9	509	1042	0.162188	8.27e-38	acc|GENBANK|ACN78973.1|GENBANK|FJ225394|copia-type polyprotein [Glycine max]	Glycine max	Blastx
SRR31829833	NODE_18317_length_582_cov_14.897996	42.2	582	759	0.237154	8.31e-38	acc|GENBANK|ACN78962.1|GENBANK|FJ225394|methyltransferase [Glycine max]	Glycine max	Blastx
SRR31829833	NODE_7493_length_883_cov_22.280000	46.6	883	325	0.495385	1.01e-37	acc|GENBANK|QDH91349.1|GENBANK|MN036178|hypothetical protein [Partitiviridae sp.]	Partitiviridae sp.	Blastx
SRR31829833	NODE_6547_length_593_cov_14.150000	48.7	593	541	0.292052	1.03e-37	acc|REFSEQ|YP_009481536.1|REFSEQ|NC_037665|2-aminooxy adenylosuccinate synthetase [Pandoravirus macleodensis]	Pandoravirus macleodensis	Blastx
SRR31829833	NODE_23427_length_1537_cov_21.039894	30.2	1537	609	0.679803	1.43e-37	acc|GENBANK|AYV82371.1|GENBANK|MK072369|exosome complex exonuclease RRP44-like [Homavirus sp.]	Homavirus sp.	Blastx
SRR31829833	NODE_32157_length_263_cov_2.030435	100	263	175	0.348571	1.52e-37	acc|GENBANK|AWA45034.1|GENBANK|MH182560|ZCN26 [Saccharum spontaneum]	Saccharum spontaneum	Blastx
SRR31829833	NODE_31989_length_260_cov_1.030837	73.5	260	439	0.189066	1.59e-37	acc|GENBANK|AAK92822.1|GENBANK|AY050885|putative replicase [Arabidopsis thaliana]	Arabidopsis thaliana	Blastx
SRR31829833	NODE_946_length_688_cov_33.172519	43.3	688	288	0.520833	1.84e-37	acc|GENBANK|QDY51617.1|GENBANK|MK250085|peptide methionine sulfoxide reductase [Mimiviridae sp. ChoanoV1]	Mimiviridae sp. ChoanoV1	Blastx
SRR31829833	NODE_23052_length_500_cov_5.869379	45.5	500	379	0.406332	2.24e-37	acc|GENBANK|ADB85364.1|GENBANK|GQ252868|putative alcohol dehydrogenase 2 [Phyllostachys edulis]	Phyllostachys edulis	Blastx
SRR31829833	NODE_32321_length_265_cov_1.008621	81.6	265	280	0.310714	2.25e-37	acc|GENBANK|AAW63045.1|GENBANK|AY878356|reverse transcriptase-like protein [Homo sapiens]	Homo sapiens	Blastx
SRR31829833	NODE_33640_length_459_cov_3.793427	48.6	459	759	0.189723	2.36e-37	acc|GENBANK|ACN78962.1|GENBANK|FJ225394|methyltransferase [Glycine max]	Glycine max	Blastx
SRR31829833	NODE_5164_length_1030_cov_41.982949	41.5	1030	371	0.525606	2.63e-37	acc|GENBANK|WNO13897.1|GENBANK|OQ968270|capsid protein [Berere partitivirus]	Berere partitivirus	Blastx
SRR31829833	NODE_2190_length_205_cov_2999.819767	98.5	205	1335	0.050936	2.94e-37	acc|GENBANK|AJD23416.1|GENBANK|KM009120|putative RNA-dependent RNA polymerase [Yam virus X]	Yam virus X	Blastx
SRR31829833	NODE_19056_length_1145_cov_8.615108	35.8	1145	876	0.293379	3.34e-37	acc|GENBANK|AYV76365.1|GENBANK|MK071983|DEXDc helicase [Terrestrivirus sp.]	Terrestrivirus sp.	Blastx
SRR31829833	NODE_18318_length_696_cov_9.993967	49.3	696	155	0.890323	4.70e-37	acc|GENBANK|AYV75765.1|GENBANK|MK071981|ubiquitin-conjugating enzyme E2-17 kDa 3 [Terrestrivirus sp.]	Terrestrivirus sp.	Blastx
SRR31829833	NODE_1588_length_247_cov_293.355140	72.0	247	175	0.468571	4.99e-37	acc|GENBANK|ARF09402.1|GENBANK|KY684085|ubiquitin-conjugating enzyme E2 [Indivirus ILV1]	Indivirus ILV1	Blastx
SRR31829833	NODE_6136_length_247_cov_227.864486	72.0	247	175	0.468571	4.99e-37	acc|GENBANK|ARF09402.1|GENBANK|KY684085|ubiquitin-conjugating enzyme E2 [Indivirus ILV1]	Indivirus ILV1	Blastx
SRR31829833	NODE_9139_length_270_cov_15.894515	96.7	270	117	0.521368	5.05e-37	acc|GENBANK|QDH76138.1|GENBANK|MK948413|putative gag protein [Porcine endogenous retrovirus]	Porcine endogenous retrovirus	Blastx
SRR31829833	NODE_6268_length_1422_cov_6.591073	31.9	1422	1618	0.186032	5.87e-37	acc|GENBANK|AVL95162.1|GENBANK|MG807320|putative serine/threonine protein kinase [Moumouvirus australiensis]	Moumouvirus australiensis	Blastx
SRR31829833	NODE_1429_length_374_cov_6.137830	56.7	374	557	0.215440	6.08e-37	acc|GENBANK|WGU26825.1|GENBANK|OQ503488|putative acyl-activating enzyme 5 [Triticum monococcum]	Triticum monococcum	Blastx
SRR31829833	NODE_427_length_381_cov_87.603448	49.2	381	697	0.186514	6.60e-37	acc|REFSEQ|YP_010781946.1|REFSEQ|NC_075039|catalase [Tupanvirus soda lake]	Tupanvirus soda lake	Blastx
SRR31829833	NODE_11394_length_1321_cov_6.074534	34.0	1321	506	0.569170	6.62e-37	acc|GENBANK|QBK92268.1|GENBANK|MK500571|putative serine/threonine protein kinase [Pithovirus LCPAC304]	Pithovirus LCPAC304	Blastx
SRR31829833	NODE_32051_length_261_cov_1.026316	81.6	261	2636	0.033005	6.65e-37	acc|GENBANK|UZA97544.1|GENBANK|OK636212|RNA-dependent RNA polymerase [Lentinula eaodes hypovirus 2]	Lentinula eaodes hypovirus 2	Blastx
SRR31829833	NODE_12251_length_217_cov_147.847826	80.6	217	214	0.336449	6.90e-37	acc|GENBANK|UZE89726.1|GENBANK|ON704650|hypothetical protein [Parapoynx stagnalis nucleopolyhedrovirus]	Parapoynx stagnalis nucleopolyhedrovirus	Blastx
SRR31829833	NODE_15796_length_1398_cov_16.936996	34.2	1398	871	0.326062	8.56e-37	acc|GENBANK|AGE50969.1|GENBANK|JX997160|calcium-transporting ATPase, plasma [Paramecium bursaria Chlorella virus CVB-1]	Paramecium bursaria Chlorella virus CVB-1	Blastx
SRR31829833	NODE_2821_length_1084_cov_13.137964	81.0	1084	213	0.492958	9.51e-37	acc|GENBANK|AAK76585.1|GENBANK|AY045911|putative copia retroelement pol polyprotein [Arabidopsis thaliana]	Arabidopsis thaliana	Blastx
SRR31829833	NODE_7268_length_387_cov_4.692090	56.6	387	706	0.160057	1.01e-36	acc|GENBANK|WGU26822.1|GENBANK|OQ503488|OPT oligopeptide transporter protein [Triticum monococcum]	Triticum monococcum	Blastx
SRR31829833	NODE_21546_length_1417_cov_17.734827	30.6	1417	406	0.862069	1.15e-36	acc|GENBANK|QBK87310.1|GENBANK|MK500348|chaperone protein [Marseillevirus LCMAC201]	Marseillevirus LCMAC201	Blastx
SRR31829833	NODE_7524_length_1084_cov_5.843007	36.9	1084	870	0.324138	1.26e-36	acc|GENBANK|WZO77437.1|GENBANK|PP681867|ATPase [Chlorovirus sp.]	Chlorovirus sp.	Blastx
SRR31829833	NODE_23341_length_653_cov_22.024194	39.9	653	209	0.755981	1.39e-36	acc|GENBANK|CAK7596599.1|GENBANK|OZ003748|Small GTPase [Catovirus sp. 'naegleriensis']	Catovirus sp. 'naegleriensis'	Blastx
SRR31829833	NODE_24500_length_666_cov_6.582938	38.6	666	358	0.491620	1.95e-36	acc|GENBANK|ARF09647.1|GENBANK|KY684086|replication factor C small subunit [Indivirus ILV1]	Indivirus ILV1	Blastx
SRR31829833	NODE_11877_length_1255_cov_6.812602	48.4	1255	371	0.423181	2.02e-36	acc|GENBANK|WNO13897.1|GENBANK|OQ968270|capsid protein [Berere partitivirus]	Berere partitivirus	Blastx
SRR31829833	NODE_20195_length_527_cov_3.475709	49.4	527	476	0.344538	2.15e-36	acc|GENBANK|QPI16652.1|GENBANK|MW030591|serine endoprotease [Virus NIOZ-UU159]	Virus NIOZ-UU159	Blastx
SRR31829833	NODE_25701_length_301_cov_13.649254	63.6	301	203	0.487685	2.28e-36	acc|GENBANK|AYV75892.1|GENBANK|MK071981|putative Ras-related protein Rab7 [Terrestrivirus sp.]	Terrestrivirus sp.	Blastx
SRR31829833	NODE_2853_length_1789_cov_57.252847	27.1	1789	642	0.872274	2.30e-36	acc|GENBANK|ARF10282.1|GENBANK|KY684103|dynamin family protein [Hokovirus HKV1]	Hokovirus HKV1	Blastx
SRR31829833	NODE_24947_length_823_cov_27.824051	44.9	823	729	0.213992	2.52e-36	acc|REFSEQ|YP_003969830.1|REFSEQ|NC_014637|putative ubiquitin-conjugating enzyme E2 [Cafeteria roenbergensis virus BV-PW1]	Cafeteria roenbergensis virus BV-PW1	Blastx
SRR31829833	NODE_12044_length_1303_cov_8.425984	32.4	1303	402	0.845771	2.67e-36	acc|GENBANK|WBR14830.1|GENBANK|ON887157|adenosylhomocysteinase [Pandoravirus kuranda]	Pandoravirus kuranda	Blastx
SRR31829833	NODE_7372_length_742_cov_5.152327	35.9	742	310	0.890323	2.97e-36	acc|GENBANK|AYV80377.1|GENBANK|MK072243|tRNaseZ [Harvfovirus sp.]	Harvfovirus sp.	Blastx
SRR31829833	NODE_9611_length_861_cov_6.727053	44.4	861	334	0.532934	2.99e-36	acc|GENBANK|QBK91883.1|GENBANK|MK500566|GDP-mannose 4,6 dehydratase [Pithovirus LCPAC304]	Pithovirus LCPAC304	Blastx
SRR31829833	NODE_20931_length_586_cov_3.589512	36.7	586	324	0.604938	3.01e-36	acc|GENBANK|AAD31760.1|GENBANK|AF120926|cysteine proteinase [Hyphantria cunea nucleopolyhedrovirus]	Hyphantria cunea nucleopolyhedrovirus	Blastx
SRR31829833	NODE_20682_length_1886_cov_6.415542	26.3	1886	850	0.702353	3.10e-36	acc|GENBANK|WZO85486.1|GENBANK|PP681889|calcium-transporting ATPase, plasma [Chlorovirus sp.]	Chlorovirus sp.	Blastx
SRR31829833	NODE_18447_length_697_cov_23.576807	39.9	697	209	0.755981	3.15e-36	acc|GENBANK|CAK7596599.1|GENBANK|OZ003748|Small GTPase [Catovirus sp. 'naegleriensis']	Catovirus sp. 'naegleriensis'	Blastx
SRR31829833	NODE_23345_length_395_cov_9.154696	48.1	395	358	0.371508	3.39e-36	acc|REFSEQ|YP_010780072.1|REFSEQ|NC_075038|hypothetical protein [Tupanvirus deep ocean]	Tupanvirus deep ocean	Blastx
SRR31829833	NODE_6435_length_900_cov_16.904268	36.8	900	518	0.498069	3.63e-36	acc|GENBANK|QPI16131.1|GENBANK|MW030532|hypothetical protein [Virus NIOZ-UU157]	Virus NIOZ-UU157	Blastx
SRR31829833	NODE_8227_length_1288_cov_13.063745	34.1	1288	833	0.316927	4.20e-36	acc|GENBANK|CCQ71385.1|GENBANK|HF586480|hypothetical Homeodomain-interacting protein [Cotesia congregata]	Cotesia congregata	Blastx
SRR31829833	NODE_5495_length_360_cov_4.544343	53.0	360	309	0.372168	4.41e-36	acc|GENBANK|QKF93832.1|GENBANK|MT418680|serine/threonine-protein kinase [Fadolivirus FV1/VV64]	Fadolivirus FV1/VV64	Blastx
SRR31829833	NODE_24953_length_1076_cov_9.248322	27.6	1076	585	0.606838	4.98e-36	acc|GENBANK|SPN79811.1|GENBANK|LT994651|ABC2 type transporter superfamily protein [Brazilian cedratvirus IHUMI]	Brazilian cedratvirus IHUMI	Blastx
SRR31829833	NODE_26994_length_506_cov_29.054968	50.0	506	133	0.842105	5.43e-36	acc|GENBANK|AYV76296.1|GENBANK|MK071983|putative autophagy-related protein 8a isoform [Terrestrivirus sp.]	Terrestrivirus sp.	Blastx
SRR31829833	NODE_552_length_874_cov_49.378121	37.7	874	171	0.947368	5.87e-36	acc|REFSEQ|YP_009001589.1|REFSEQ|NC_023426|translation initiation factor elF-4e [Alphaentomopoxvirus acuprea]	Alphaentomopoxvirus acuprea	Blastx
SRR31829833	NODE_21999_length_442_cov_3.977995	49.0	442	1213	0.121187	7.17e-36	acc|GENBANK|WRJ69868.1|GENBANK|OR001839|DNA-directed RNA polymerase II subunit Rpb2 [Oceanusvirus sp.]	Oceanusvirus sp.	Blastx
SRR31829833	NODE_6850_length_1461_cov_4.905462	33.1	1461	644	0.496894	7.29e-36	acc|GENBANK|AGE59884.1|GENBANK|JX997186|potassium transporter [Acanthocystis turfacea Chlorella virus TN603.4.2]	Acanthocystis turfacea Chlorella virus TN603.4.2	Blastx
SRR31829833	NODE_3023_length_1907_cov_27.887407	27.8	1907	500	0.978000	7.89e-36	acc|GENBANK|QLI60762.1|NEIGHBOR|MN562489|mRNA-capping enzyme [Scale drop disease virus]	Scale drop disease virus	Blastx
SRR31829833	NODE_16493_length_378_cov_2.600000	50.4	378	179	0.709497	9.10e-36	acc|GENBANK|AYV77848.1|GENBANK|MK072067|peptide-methionine (S)-S-oxide reductase [Edafosvirus sp.]	Edafosvirus sp.	Blastx
SRR31829833	NODE_2383_length_1423_cov_25.580576	28.5	1423	467	0.916488	9.12e-36	acc|GENBANK|API81738.1|NEIGHBOR|KU052222|hypothetical protein [Cafeteriavirus-dependent mavirus]	Cafeteriavirus-dependent mavirus	Blastx
SRR31829833	NODE_7319_length_607_cov_4.482578	38.3	607	384	0.523438	9.13e-36	acc|GENBANK|XCW87055.1|GENBANK|PQ010612|eukaryotic peptide chain release factor subunit [Marseillevirus sp. 'xiwanvirus']	Marseillevirus sp. 'xiwanvirus'	Blastx
SRR31829833	NODE_1498_length_756_cov_162.762102	38.7	756	253	0.857708	9.42e-36	acc|GENBANK|QFG74715.1|GENBANK|MN448290|triosephosphate isomerase [Megaviridae environmental sample]	Megaviridae environmental sample	Blastx
SRR31829833	NODE_11475_length_600_cov_7.171076	34.3	600	510	0.400000	1.10e-35	acc|REFSEQ|YP_009448801.1|REFSEQ|NC_036594|serine-threonine kinase [Orpheovirus IHUMI-LCC2]	Orpheovirus IHUMI-LCC2	Blastx
SRR31829833	NODE_19303_length_817_cov_4.547194	34.7	817	321	0.763240	1.12e-35	acc|GENBANK|WIL04514.1|GENBANK|OQ413581|3-phosphoglycerate dehydrogenase [Cedratvirus duvanny]	Cedratvirus duvanny	Blastx
SRR31829833	NODE_23061_length_412_cov_5.717678	44.5	412	202	0.678218	1.31e-35	acc|GENBANK|QBK85899.1|GENBANK|MK500328|exonuclease [Marseillevirus LCMAC101]	Marseillevirus LCMAC101	Blastx
SRR31829833	NODE_29794_length_226_cov_2.424870	76.0	226	388	0.193299	1.35e-35	acc|GENBANK|AAU93529.1|GENBANK|AY691949|alcohol dehydrogenase 1 [Zea mays]	Zea mays	Blastx
SRR31829833	NODE_210_length_3744_cov_24.755591	42.1	3744	242	1.041322	1.36e-35	acc|GENBANK|AGU70135.1|GENBANK|KF270089|integrase-type DNA-binding superfamily protein [Tarenaya hassleriana]	Tarenaya hassleriana	Blastx
SRR31829833	NODE_14397_length_794_cov_6.575558	39.3	794	261	0.701149	1.64e-35	acc|GENBANK|AYV76899.1|GENBANK|MK072000|zinc-finger and zinc-ribbon domain protein [Barrevirus sp.]	Barrevirus sp.	Blastx
SRR31829833	NODE_33395_length_568_cov_20.914019	44.5	568	524	0.347328	1.72e-35	acc|REFSEQ|YP_010781689.1|REFSEQ|NC_075039|prolyl-tRNA synthetase [Tupanvirus soda lake]	Tupanvirus soda lake	Blastx
SRR31829833	NODE_18197_length_581_cov_2.355839	48.6	581	439	0.318907	1.72e-35	acc|GENBANK|AAK92822.1|GENBANK|AY050885|putative replicase [Arabidopsis thaliana]	Arabidopsis thaliana	Blastx
SRR31829833	NODE_15647_length_555_cov_4.695402	50.0	555	759	0.166008	1.73e-35	acc|GENBANK|ACN78962.1|GENBANK|FJ225394|methyltransferase [Glycine max]	Glycine max	Blastx
SRR31829833	NODE_14156_length_466_cov_5.538106	48.7	466	181	0.850829	1.98e-35	acc|GENBANK|CAK7596853.1|GENBANK|OZ003748|Thymidine kinase [Catovirus sp. 'naegleriensis']	Catovirus sp. 'naegleriensis'	Blastx
SRR31829833	NODE_25001_length_1065_cov_13.826550	35.1	1065	321	0.825545	2.51e-35	acc|GENBANK|WIL03931.1|GENBANK|OQ413577|2-hydroxyacid dehydrogenase [Cedratvirus lena]	Cedratvirus lena	Blastx
SRR31829833	NODE_25554_length_714_cov_17.970631	51.2	714	144	0.881944	2.59e-35	acc|GENBANK|QBK85618.1|GENBANK|MK500327|nucleoside diphosphate kinase [Marseillevirus LCMAC101]	Marseillevirus LCMAC101	Blastx
SRR31829833	NODE_2837_length_1255_cov_8.148118	45.5	1255	588	0.280612	2.73e-35	acc|GENBANK|QOI90522.1|GENBANK|MT663539|hypothetical protein [Pyramimonas orientalis virus]	Pyramimonas orientalis virus	Blastx
SRR31829833	NODE_22280_length_715_cov_3.422287	27.5	715	590	0.616949	3.18e-35	acc|GENBANK|AYV86827.1|GENBANK|MK072516|CMGC/MAPK protein kinase [Sylvanvirus sp.]	Sylvanvirus sp.	Blastx
SRR31829833	NODE_31868_length_258_cov_1.040000	70.6	258	759	0.111989	3.23e-35	acc|GENBANK|ACN78962.1|GENBANK|FJ225394|methyltransferase [Glycine max]	Glycine max	Blastx
SRR31829833	NODE_25990_length_454_cov_4.921615	42.8	454	448	0.370536	3.33e-35	acc|REFSEQ|YP_009449000.1|REFSEQ|NC_036594|Histidine-tRNA synthetase [Orpheovirus IHUMI-LCC2]	Orpheovirus IHUMI-LCC2	Blastx
SRR31829833	NODE_3822_length_326_cov_5.235495	66.3	326	631	0.160063	3.82e-35	acc|GENBANK|AWA44806.1|GENBANK|MH182523|hypothetical protein [Saccharum officinarum]	Saccharum officinarum	Blastx
SRR31829833	NODE_25067_length_685_cov_14.958589	40.1	685	2559	0.075029	3.91e-35	acc|GENBANK|XII42335.1|GENBANK|PQ161467|RNA 2'-phosphotransferase [clirnapec virus 107]	clirnapec virus 107	Blastx
SRR31829833	NODE_7996_length_904_cov_20.553387	30.5	904	310	0.900000	5.35e-35	acc|GENBANK|AYV86922.1|GENBANK|MK072520|hypothetical protein [Sylvanvirus sp.]	Sylvanvirus sp.	Blastx
SRR31829833	NODE_23089_length_353_cov_3.515625	57.3	353	265	0.441509	6.25e-35	acc|GENBANK|AAG09811.1|GENBANK|AF275345|MADS-box transcription factor JOINTLESS [Solanum lycopersicum]	Solanum lycopersicum	Blastx
SRR31829833	NODE_19496_length_447_cov_1.683575	48.3	447	480	0.306250	6.66e-35	acc|GENBANK|ASU92288.1|GENBANK|KX759199|kindr F6 [Zea mays]	Zea mays	Blastx
SRR31829833	NODE_22164_length_731_cov_6.111748	49.3	731	226	0.628319	7.77e-35	acc|GENBANK|ARF08362.1|GENBANK|KY684083|cyclophilin type peptidyl-prolyl cis-trans [Catovirus CTV1]	Catovirus CTV1	Blastx
SRR31829833	NODE_1813_length_1008_cov_107.497436	43.7	1008	198	0.797980	7.91e-35	acc|REFSEQ|NP_955110.1|REFSEQ|NC_005309|CNPV087 putative glutathione peroxidase [Canarypox virus]	Canarypox virus	Blastx
SRR31829833	NODE_6212_length_361_cov_2.134146	61.0	361	382	0.261780	1.04e-34	acc|GENBANK|AAB31930.2|GENBANK|S74099|v-myb product [Avian myeloblastosis virus]	Avian myeloblastosis virus	Blastx
SRR31829833	NODE_17119_length_1656_cov_8.064695	27.6	1656	808	0.569307	1.15e-34	acc|GENBANK|QYA18543.1|GENBANK|MZ420154|dynamin 1-like protein [Clandestinovirus]	Clandestinovirus	Blastx
SRR31829833	NODE_6530_length_545_cov_4.093750	47.4	545	1006	0.151093	1.15e-34	acc|GENBANK|QBK88800.1|GENBANK|MK500399|ubiquitin-activating enzyme E1 [Mimivirus LCMiAC01]	Mimivirus LCMiAC01	Blastx
SRR31829833	NODE_10450_length_445_cov_6.553398	45.9	445	166	0.891566	1.15e-34	acc|REFSEQ|YP_009119934.1|REFSEQ|NC_026440|serine-threonine kinase [Pandoravirus inopinatum]	Pandoravirus inopinatum	Blastx
SRR31829833	NODE_23289_length_918_cov_21.150282	42.5	918	198	0.808081	2.07e-34	acc|REFSEQ|NP_955110.1|REFSEQ|NC_005309|CNPV087 putative glutathione peroxidase [Canarypox virus]	Canarypox virus	Blastx
SRR31829833	NODE_17616_length_598_cov_11.936283	58.7	598	226	0.482301	2.18e-34	acc|GENBANK|ARF08362.1|GENBANK|KY684083|cyclophilin type peptidyl-prolyl cis-trans [Catovirus CTV1]	Catovirus CTV1	Blastx
SRR31829833	NODE_15967_length_989_cov_6.135983	38.7	989	1040	0.233654	2.74e-34	acc|REFSEQ|YP_010780932.1|REFSEQ|NC_075038|putative ATP-citrate synthase isoform X3 [Tupanvirus deep ocean]	Tupanvirus deep ocean	Blastx
SRR31829833	NODE_34102_length_330_cov_2.363636	57.9	330	388	0.275773	3.01e-34	acc|GENBANK|AAU93529.1|GENBANK|AY691949|alcohol dehydrogenase 1 [Zea mays]	Zea mays	Blastx
SRR31829833	NODE_33968_length_283_cov_1.872000	63.8	283	674	0.139466	3.35e-34	acc|GENBANK|UZT28900.1|GENBANK|OP765507|ATP-dependent zinc metalloprotease [Nucleocytoviricota sp.]	Nucleocytoviricota sp.	Blastx
SRR31829833	NODE_1104_length_1528_cov_42.891639	31.8	1528	3125	0.107840	3.73e-34	acc|GENBANK|ADQ91338.1|GENBANK|HM004430|hypothetical protein [Bathycoccus sp. RCC1105 virus BpV2]	Bathycoccus sp. RCC1105 virus BpV2	Blastx
SRR31829833	NODE_6248_length_722_cov_12.258345	34.7	722	279	0.774194	3.81e-34	acc|GENBANK|ARF12509.1|GENBANK|KY684113|stomatin family protein [Klosneuvirus KNV1]	Klosneuvirus KNV1	Blastx
SRR31829833	NODE_25850_length_226_cov_8.989637	80.0	226	212	0.353774	3.88e-34	acc|GENBANK|AYV82031.1|GENBANK|MK072334|Ras-like protein Rab-11A [Homavirus sp.]	Homavirus sp.	Blastx
SRR31829833	NODE_15952_length_665_cov_5.653481	40.6	665	198	0.808081	4.11e-34	acc|REFSEQ|NP_955110.1|REFSEQ|NC_005309|CNPV087 putative glutathione peroxidase [Canarypox virus]	Canarypox virus	Blastx
SRR31829833	NODE_32262_length_265_cov_1.008621	75.0	265	631	0.139461	4.19e-34	acc|GENBANK|AWA44806.1|GENBANK|MH182523|hypothetical protein [Saccharum officinarum]	Saccharum officinarum	Blastx
SRR31829833	NODE_25196_length_777_cov_28.725806	36.5	777	171	0.912281	4.20e-34	acc|REFSEQ|YP_009001589.1|REFSEQ|NC_023426|translation initiation factor elF-4e [Alphaentomopoxvirus acuprea]	Alphaentomopoxvirus acuprea	Blastx
SRR31829833	NODE_21170_length_548_cov_5.728155	33.2	548	1384	0.158960	4.25e-34	acc|GENBANK|ADB85299.1|GENBANK|GQ252825|putative retrotransposon protein [Phyllostachys edulis]	Phyllostachys edulis	Blastx
SRR31829833	NODE_2043_length_413_cov_330.913158	58.0	413	154	0.649351	4.38e-34	acc|REFSEQ|NP_047782.1|REFSEQ|NC_001973|superoxide dismutase [Lymantria dispar multiple nucleopolyhedrovirus]	Lymantria dispar multiple nucleopolyhedrovirus	Blastx
SRR31829833	NODE_13931_length_860_cov_6.677146	44.6	860	366	0.428962	4.44e-34	acc|GENBANK|ARF12215.1|GENBANK|KY684111|phosphoribosyl transferase [Klosneuvirus KNV1]	Klosneuvirus KNV1	Blastx
SRR31829833	NODE_25206_length_762_cov_15.367627	38.4	762	1033	0.216844	5.07e-34	acc|REFSEQ|YP_010782239.1|REFSEQ|NC_075039|putative ATP-citrate synthase [Tupanvirus soda lake]	Tupanvirus soda lake	Blastx
SRR31829833	NODE_5042_length_607_cov_6.672474	43.6	607	589	0.303905	6.51e-34	acc|GENBANK|XKM50678.1|GENBANK|PQ442278|hypothetical protein [Ostreococcus tauri virus 19-T2]	Ostreococcus tauri virus 19-T2	Blastx
SRR31829833	NODE_2907_length_808_cov_6.932903	65.1	808	543	0.200737	6.96e-34	acc|GENBANK|ADB85407.1|GENBANK|GQ252886|putative protein kinase [Phyllostachys edulis]	Phyllostachys edulis	Blastx
SRR31829833	NODE_510_length_459_cov_41.187793	47.8	459	383	0.355091	7.12e-34	acc|GENBANK|AJA91762.1|GENBANK|KM434202|dihydroflavonol 4-reductase [Allium cepa]	Allium cepa	Blastx
SRR31829833	NODE_7376_length_2375_cov_7.160120	24.2	2375	927	0.873786	8.21e-34	acc|GENBANK|QKF94201.1|GENBANK|MT418680|P-type ATPase subfamily IV [Fadolivirus FV1/VV64]	Fadolivirus FV1/VV64	Blastx
SRR31829833	NODE_19643_length_241_cov_5.432692	76.3	241	422	0.189573	8.27e-34	acc|GENBANK|ABY48137.1|GENBANK|EU306659|putative protein [Medicago truncatula]	Medicago truncatula	Blastx
SRR31829833	NODE_33255_length_622_cov_24.743633	44.6	622	299	0.561873	8.46e-34	acc|GENBANK|QRE02559.1|GENBANK|MN545489|hypothetical protein [Otarine gammaherpesvirus 4]	Otarine gammaherpesvirus 4	Blastx
SRR31829833	NODE_25388_length_902_cov_21.975834	34.4	902	383	0.644909	8.92e-34	acc|GENBANK|AJA91762.1|GENBANK|KM434202|dihydroflavonol 4-reductase [Allium cepa]	Allium cepa	Blastx
SRR31829833	NODE_27067_length_645_cov_30.743464	41.6	645	198	0.813131	9.59e-34	acc|REFSEQ|NP_955110.1|REFSEQ|NC_005309|CNPV087 putative glutathione peroxidase [Canarypox virus]	Canarypox virus	Blastx
SRR31829833	NODE_3013_length_1325_cov_28.966718	33.6	1325	477	0.643606	9.88e-34	acc|GENBANK|AYV78014.1|GENBANK|MK072068|elongation factor 1 alpha long form [Edafosvirus sp.]	Edafosvirus sp.	Blastx
SRR31829833	NODE_21481_length_351_cov_5.264151	53.8	351	297	0.350168	1.03e-33	acc|GENBANK|AAU93532.1|GENBANK|AY691949|unknown protein [Zea mays]	Zea mays	Blastx
SRR31829833	NODE_5086_length_891_cov_41.791375	43.3	891	543	0.327808	1.10e-33	acc|GENBANK|QFG74725.1|GENBANK|MN448290|phosphoenolpyruvate carboxykinase [Megaviridae environmental sample]	Megaviridae environmental sample	Blastx
SRR31829833	NODE_19139_length_950_cov_4.907306	32.8	950	365	0.786301	1.34e-33	acc|GENBANK|QBK92234.1|GENBANK|MK500569|chaperone protein [Pithovirus LCPAC304]	Pithovirus LCPAC304	Blastx
SRR31829833	NODE_20845_length_421_cov_6.809278	41.2	421	411	0.442822	1.38e-33	acc|GENBANK|ACN78984.1|GENBANK|FJ225395|cyclin-like F-box [Glycine max]	Glycine max	Blastx
SRR31829833	NODE_17516_length_298_cov_3.305660	58.8	298	546	0.177656	1.39e-33	acc|GENBANK|ACB28471.1|GENBANK|EU522674|polyprotein [Ananas comosus]	Ananas comosus	Blastx
SRR31829833	NODE_32679_length_271_cov_0.983193	69.8	271	518	0.166023	1.45e-33	acc|GENBANK|ABY48142.1|GENBANK|EU306659|serine-hydroxymethyltransferase [Medicago truncatula]	Medicago truncatula	Blastx
SRR31829833	NODE_20811_length_643_cov_2.698361	34.4	643	302	0.721854	1.59e-33	acc|GENBANK|QKF93533.1|GENBANK|MT418680|pyruvate carboxyltransferase [Fadolivirus FV1/VV64]	Fadolivirus FV1/VV64	Blastx
SRR31829833	NODE_2153_length_689_cov_10.739329	37.6	689	571	0.316988	1.87e-33	acc|REFSEQ|YP_009465729.1|REFSEQ|NC_037057|hypothetical protein [Dishui lake phycodnavirus 1]	Dishui lake phycodnavirus 1	Blastx
SRR31829833	NODE_7874_length_358_cov_4.243077	61.1	358	282	0.382979	2.23e-33	acc|GENBANK|AAL14448.1|GENBANK|AF397035|heat shock protein Hsc70t [Mus musculus]	Mus musculus	Blastx
SRR31829833	NODE_22194_length_560_cov_6.438330	47.0	560	226	0.592920	2.24e-33	acc|GENBANK|ARF08362.1|GENBANK|KY684083|cyclophilin type peptidyl-prolyl cis-trans [Catovirus CTV1]	Catovirus CTV1	Blastx
SRR31829833	NODE_166_length_1638_cov_8.185047	27.6	1638	725	0.554483	2.84e-33	acc|GENBANK|QBK89021.1|GENBANK|MK500407|DEAD/DEAH box helicase [Mimivirus LCMiAC02]	Mimivirus LCMiAC02	Blastx
SRR31829833	NODE_1530_length_1298_cov_190.584980	31.7	1298	478	0.612971	3.05e-33	acc|GENBANK|QBK86272.1|GENBANK|MK500334|cyclin-dependent protein kinase [Marseillevirus LCMAC102]	Marseillevirus LCMAC102	Blastx
SRR31829833	NODE_981_length_704_cov_16.214605	46.1	704	925	0.178378	3.10e-33	acc|GENBANK|ABY48139.1|GENBANK|EU306659|NORK [Medicago truncatula]	Medicago truncatula	Blastx
SRR31829833	NODE_21801_length_1287_cov_9.393939	32.3	1287	314	0.926752	3.84e-33	acc|GENBANK|AAR29979.1|GENBANK|AY466396|protein tyrosine phosphatase [Bracoviriform glomeratae]	Bracoviriform glomeratae	Blastx
SRR31829833	NODE_14948_length_328_cov_2.176271	57.9	328	2037	0.052528	3.88e-33	acc|GENBANK|ABG37663.1|GENBANK|DQ536170|CCHC-type integrase [Populus trichocarpa]	Populus trichocarpa	Blastx
SRR31829833	NODE_20107_length_516_cov_8.039337	42.7	516	299	0.548495	4.03e-33	acc|GENBANK|UOG94093.1|NEIGHBOR|OM876856|serine threonine-protein phosphatase [Aureococcus anophagefferens virus]	Aureococcus anophagefferens virus	Blastx
SRR31829833	NODE_19670_length_441_cov_7.237745	42.9	441	475	0.280000	4.30e-33	acc|GENBANK|ARF12356.1|GENBANK|KY684112|fructose-1,6-bisphosphatase [Klosneuvirus KNV1]	Klosneuvirus KNV1	Blastx
SRR31829833	NODE_33673_length_569_cov_4.365672	40.0	569	953	0.199370	4.51e-33	acc|GENBANK|ACB28472.1|GENBANK|EU522675|polyprotein [Ananas comosus]	Ananas comosus	Blastx
SRR31829833	NODE_1653_length_810_cov_54.454311	38.3	810	238	0.899160	5.02e-33	acc|GENBANK|QBK90962.1|GENBANK|MK500504|metal dependent phosphohydrolase [Pithovirus LCPAC201]	Pithovirus LCPAC201	Blastx
SRR31829833	NODE_7588_length_686_cov_10.359877	38.7	686	274	0.810219	5.06e-33	acc|GENBANK|AYV76207.1|GENBANK|MK071983|hypothetical protein [Terrestrivirus sp.]	Terrestrivirus sp.	Blastx
SRR31829833	NODE_18025_length_1073_cov_4.792308	29.2	1073	706	0.548159	5.71e-33	acc|GENBANK|QBK88798.1|GENBANK|MK500399|HrpA-like RNA helicase [Mimivirus LCMiAC01]	Mimivirus LCMiAC01	Blastx
SRR31829833	NODE_2738_length_589_cov_18.012590	54.0	589	299	0.334448	6.43e-33	acc|GENBANK|UOG94093.1|NEIGHBOR|OM876856|serine threonine-protein phosphatase [Aureococcus anophagefferens virus]	Aureococcus anophagefferens virus	Blastx
SRR31829833	NODE_21849_length_580_cov_11.433272	42.1	580	925	0.192432	7.01e-33	acc|GENBANK|ABY48139.1|GENBANK|EU306659|NORK [Medicago truncatula]	Medicago truncatula	Blastx
SRR31829833	NODE_16185_length_301_cov_1.802239	59.4	301	588	0.171769	7.08e-33	acc|GENBANK|QOI90522.1|GENBANK|MT663539|hypothetical protein [Pyramimonas orientalis virus]	Pyramimonas orientalis virus	Blastx
SRR31829833	NODE_23513_length_1054_cov_30.602351	41.4	1054	456	0.396930	7.49e-33	acc|GENBANK|QKF94222.1|GENBANK|MT418680|alanyl-tRNA synthetase [Fadolivirus FV1/VV64]	Fadolivirus FV1/VV64	Blastx
SRR31829833	NODE_6876_length_611_cov_6.768166	36.5	611	1580	0.119620	7.75e-33	acc|GENBANK|WIL03466.1|GENBANK|OQ413576|serine/threonine kinase [Cedratvirus plubellavi]	Cedratvirus plubellavi	Blastx
SRR31829833	NODE_33757_length_1773_cov_14.437356	29.2	1773	422	0.867299	8.90e-33	acc|GENBANK|QDY52462.1|GENBANK|MK250094|aminotransferase class-III protein [Mimiviridae sp. ChoanoV1]	Mimiviridae sp. ChoanoV1	Blastx
SRR31829833	NODE_8876_length_825_cov_126.568182	46.2	825	366	0.390710	9.30e-33	acc|GENBANK|ARF12215.1|GENBANK|KY684111|phosphoribosyl transferase [Klosneuvirus KNV1]	Klosneuvirus KNV1	Blastx
SRR31829833	NODE_20554_length_653_cov_7.614516	45.5	653	543	0.263352	9.66e-33	acc|GENBANK|QFG74725.1|GENBANK|MN448290|phosphoenolpyruvate carboxykinase [Megaviridae environmental sample]	Megaviridae environmental sample	Blastx
SRR31829833	NODE_15391_length_453_cov_2.252381	49.5	453	1281	0.078845	1.04e-32	acc|GENBANK|AAA67727.1|GENBANK|U15647|reverse transcriptase [Mus musculus domesticus]	Mus musculus domesticus	Blastx
SRR31829833	NODE_8053_length_923_cov_6.030337	59.8	923	193	0.554404	1.10e-32	acc|REFSEQ|YP_009481299.1|REFSEQ|NC_037665|Histone H2B domain containing protein [Pandoravirus macleodensis]	Pandoravirus macleodensis	Blastx
SRR31829833	NODE_8502_length_1171_cov_12.521090	34.6	1171	388	0.551546	1.12e-32	acc|GENBANK|CCQ71327.1|GENBANK|HF586476|hypothetical protein kinase Pka-C1 [Cotesia congregata]	Cotesia congregata	Blastx
SRR31829833	NODE_21916_length_414_cov_6.506562	51.8	414	850	0.161176	1.14e-32	acc|GENBANK|WZO85486.1|GENBANK|PP681889|calcium-transporting ATPase, plasma [Chlorovirus sp.]	Chlorovirus sp.	Blastx
SRR31829833	NODE_26498_length_587_cov_9.593863	46.5	587	299	0.518395	1.23e-32	acc|GENBANK|UOG94093.1|NEIGHBOR|OM876856|serine threonine-protein phosphatase [Aureococcus anophagefferens virus]	Aureococcus anophagefferens virus	Blastx
SRR31829833	NODE_9125_length_1388_cov_25.594834	30.7	1388	498	0.726908	1.28e-32	acc|GENBANK|XHA59766.1|GENBANK|OR863077|thermosome [Poseidoniales virus]	Poseidoniales virus	Blastx
SRR31829833	NODE_15124_length_444_cov_3.216545	48.6	444	2037	0.069710	1.31e-32	acc|GENBANK|ABG37663.1|GENBANK|DQ536170|CCHC-type integrase [Populus trichocarpa]	Populus trichocarpa	Blastx
SRR31829833	NODE_6131_length_442_cov_2.117359	73.6	442	518	0.167954	1.31e-32	acc|GENBANK|ABY48142.1|GENBANK|EU306659|serine-hydroxymethyltransferase [Medicago truncatula]	Medicago truncatula	Blastx
SRR31829833	NODE_19866_length_242_cov_2.076555	100	242	429	0.146853	1.33e-32	acc|GENBANK|XBH46133.1|GENBANK|PP766450|polyprotein [Eidolon dupreanum kobuvirus 2]	Eidolon dupreanum kobuvirus 2	Blastx
SRR31829833	NODE_7184_length_246_cov_12.286385	98.1	246	117	0.461538	1.35e-32	acc|GENBANK|QDH76138.1|GENBANK|MK948413|putative gag protein [Porcine endogenous retrovirus]	Porcine endogenous retrovirus	Blastx
SRR31829833	NODE_22034_length_765_cov_6.352459	34.5	765	406	0.684729	1.48e-32	acc|GENBANK|QBK87310.1|GENBANK|MK500348|chaperone protein [Marseillevirus LCMAC201]	Marseillevirus LCMAC201	Blastx
SRR31829833	NODE_20528_length_608_cov_3.533913	74.7	608	1946	0.040596	1.92e-32	acc|GENBANK|ADB85424.1|GENBANK|GQ252887|putative retrotransposon protein [Phyllostachys edulis]	Phyllostachys edulis	Blastx
SRR31829833	NODE_1336_length_1481_cov_20.350138	34.1	1481	1506	0.169323	2.00e-32	acc|REFSEQ|YP_009001498.1|REFSEQ|NC_023426|ABC transporter [Alphaentomopoxvirus acuprea]	Alphaentomopoxvirus acuprea	Blastx
SRR31829833	NODE_8868_length_943_cov_13.273626	32.5	943	482	0.549793	2.20e-32	acc|GENBANK|BBA54297.1|GENBANK|AB898755|gag : akt fusion protein [Feline leukemia virus]	Feline leukemia virus	Blastx
SRR31829833	NODE_15653_length_438_cov_3.377778	57.7	438	299	0.347826	2.48e-32	acc|GENBANK|UOG94093.1|NEIGHBOR|OM876856|serine threonine-protein phosphatase [Aureococcus anophagefferens virus]	Aureococcus anophagefferens virus	Blastx
SRR31829833	NODE_24840_length_928_cov_16.317318	30.9	928	263	0.897338	2.60e-32	acc|GENBANK|BCS83155.1|GENBANK|AP024483|alpha/beta hydrolase [Cotonvirus japonicus]	Cotonvirus japonicus	Blastx
SRR31829833	NODE_8747_length_384_cov_87.783476	48.7	384	271	0.424354	2.70e-32	acc|GENBANK|AUF82230.1|GENBANK|KY322437|E3 ubiquitin--protein ligase MIEL1-like protein [Tetraselmis virus 1]	Tetraselmis virus 1	Blastx
SRR31829833	NODE_13726_length_384_cov_1.524217	54.1	384	1369	0.079620	2.81e-32	acc|GENBANK|AIC77183.1|GENBANK|KF740825|polyprotein [Gossypium barbadense]	Gossypium barbadense	Blastx
SRR31829833	NODE_24910_length_1182_cov_12.536118	27.7	1182	400	0.940000	2.89e-32	acc|GENBANK|WBR61431.1|GENBANK|ON052824|M20 AcylaseI like [Drosophila suzukii associated hytrosavirus 1]	Drosophila suzukii associated hytrosavirus 1	Blastx
SRR31829833	NODE_584_length_2054_cov_55.520534	37.9	2054	186	1.048387	2.89e-32	acc|GENBANK|WIF15735.1|GENBANK|OQ540738|citrate synthase [Candidatus Rickettsia tarasevichiae]	Candidatus Rickettsia tarasevichiae	Blastx
SRR31829833	NODE_11894_length_654_cov_12.655395	66.1	654	605	0.272727	3.00e-32	acc|GENBANK|AEV22380.1|GENBANK|JN969602|unknown [Lolium perenne]	Lolium perenne	Blastx
SRR31829833	NODE_3726_length_721_cov_5.752907	33.6	721	497	0.472837	3.29e-32	acc|GENBANK|UIX56233.1|GENBANK|OL686893|Global transactivator [Hyphantria cunea nucleopolyhedrovirus]	Hyphantria cunea nucleopolyhedrovirus	Blastx
SRR31829833	NODE_1916_length_1237_cov_18.772425	29.7	1237	337	1.068249	3.31e-32	acc|GENBANK|QBK87928.1|GENBANK|MK500371|beta-propeller fold protein [Marseillevirus LCMAC202]	Marseillevirus LCMAC202	Blastx
SRR31829833	NODE_25650_length_627_cov_30.575758	53.1	627	135	0.711111	3.32e-32	acc|GENBANK|AYV86947.1|GENBANK|MK072521|e3 ubiquitin-protein ligase rbx1 [Sylvanvirus sp.]	Sylvanvirus sp.	Blastx
SRR31829833	NODE_25143_length_1029_cov_12.451807	35.9	1029	1056	0.271780	3.76e-32	acc|GENBANK|WBR14220.1|GENBANK|ON887157|P-aminobenzoic acid synthase [Pandoravirus kuranda]	Pandoravirus kuranda	Blastx
SRR31829833	NODE_4020_length_564_cov_2.007533	43.9	564	388	0.381443	3.85e-32	acc|GENBANK|CCQ71327.1|GENBANK|HF586476|hypothetical protein kinase Pka-C1 [Cotesia congregata]	Cotesia congregata	Blastx
SRR31829833	NODE_29829_length_227_cov_4.824742	71.6	227	179	0.413408	4.20e-32	acc|GENBANK|ARF11237.1|GENBANK|KY684108|ubiquitin-conjugating enzyme E2 [Klosneuvirus KNV1]	Klosneuvirus KNV1	Blastx
SRR31829833	NODE_7125_length_433_cov_95.362500	59.0	433	135	0.614815	4.29e-32	acc|GENBANK|AYV86947.1|GENBANK|MK072521|e3 ubiquitin-protein ligase rbx1 [Sylvanvirus sp.]	Sylvanvirus sp.	Blastx
SRR31829833	NODE_34091_length_470_cov_1.606407	47.0	470	925	0.161081	5.73e-32	acc|GENBANK|ABY48139.1|GENBANK|EU306659|NORK [Medicago truncatula]	Medicago truncatula	Blastx
SRR31829833	NODE_26213_length_526_cov_7.054767	40.2	526	925	0.188108	6.08e-32	acc|GENBANK|ABY48139.1|GENBANK|EU306659|NORK [Medicago truncatula]	Medicago truncatula	Blastx
SRR31829833	NODE_18069_length_1119_cov_5.663904	53.6	1119	679	0.184094	6.43e-32	acc|GENBANK|QIG60138.1|GENBANK|MN940580|ATP-dependent zinc metalloprotease [Dishui Lake large algae virus 1]	Dishui Lake large algae virus 1	Blastx
SRR31829833	NODE_6856_length_963_cov_61.494624	35.7	963	236	0.902542	6.86e-32	acc|REFSEQ|YP_009163856.1|REFSEQ|NC_027778|ORF_095L [Scale drop disease virus]	Scale drop disease virus	Blastx
SRR31829833	NODE_20113_length_245_cov_1.419811	70.0	245	623	0.128411	6.89e-32	acc|GENBANK|BAL14837.1|GENBANK|AB682995|endo-1,4-b-D-glucanase [Oryza sativa Japonica Group]	Oryza sativa Japonica Group	Blastx
SRR31829833	NODE_31217_length_248_cov_4.353488	71.1	248	557	0.136445	7.07e-32	acc|GENBANK|WGU26825.1|GENBANK|OQ503488|putative acyl-activating enzyme 5 [Triticum monococcum]	Triticum monococcum	Blastx
SRR31829833	NODE_22357_length_424_cov_8.503836	46.0	424	925	0.150270	8.34e-32	acc|GENBANK|ABY48139.1|GENBANK|EU306659|NORK [Medicago truncatula]	Medicago truncatula	Blastx
SRR31829833	NODE_137_length_917_cov_9.478507	30.4	917	703	0.443812	8.65e-32	acc|GENBANK|ARF09664.1|GENBANK|KY684086|HrpA-like RNA helicase [Indivirus ILV1]	Indivirus ILV1	Blastx
SRR31829833	NODE_3284_length_499_cov_4.751073	50.4	499	133	0.984962	8.75e-32	acc|GENBANK|WPR16275.1|GENBANK|OR832949|nucleic acid binding protein [Garlic common latent virus]	Garlic common latent virus	Blastx
SRR31829833	NODE_30830_length_242_cov_1.119617	69.6	242	379	0.208443	9.29e-32	acc|GENBANK|AAT99858.1|GENBANK|AY598438|unknown [Diachasmimorpha longicaudata entomopoxvirus]	Diachasmimorpha longicaudata entomopoxvirus	Blastx
SRR31829833	NODE_18294_length_498_cov_19.959140	54.4	498	753	0.151394	1.03e-31	acc|GENBANK|QDY51907.1|GENBANK|MK250085|Hsp90 protein [Mimiviridae sp. ChoanoV1]	Mimiviridae sp. ChoanoV1	Blastx
SRR31829833	NODE_27197_length_376_cov_8.218659	59.1	376	741	0.125506	1.07e-31	acc|GENBANK|WOA03171.1|GENBANK|OR637870|truncated WD40 protein PH13-H3 [Glycine max]	Glycine max	Blastx
SRR31829833	NODE_2107_length_222_cov_2925.687831	95.1	222	232	0.262931	1.13e-31	acc|GENBANK|AJD23417.1|GENBANK|KM009120|triple gene block protein 1 [Yam virus X]	Yam virus X	Blastx
SRR31829833	NODE_26829_length_841_cov_11.236386	41.1	841	478	0.397490	1.15e-31	acc|GENBANK|AAK84479.1|GENBANK|AF275345|putative auxin growth promotor protein [Solanum lycopersicum]	Solanum lycopersicum	Blastx
SRR31829833	NODE_22648_length_612_cov_5.385147	34.7	612	403	0.535980	1.16e-31	acc|GENBANK|CCQ71329.1|GENBANK|HF586477|hypothetical dolichyl pyrophosphate Man9GlcNAc2 [Cotesia congregata]	Cotesia congregata	Blastx
SRR31829833	NODE_17299_length_419_cov_21.632124	76.4	419	208	0.346154	1.37e-31	acc|GENBANK|QKF93852.1|GENBANK|MT418680|Hsp70 protein [Fadolivirus FV1/VV64]	Fadolivirus FV1/VV64	Blastx
SRR31829833	NODE_23485_length_1039_cov_27.012922	39.9	1039	180	0.961111	1.45e-31	acc|GENBANK|AKS26367.1|GENBANK|KR095315|putative oligoribonuclease [Diachasmimorpha longicaudata entomopoxvirus]	Diachasmimorpha longicaudata entomopoxvirus	Blastx
SRR31829833	NODE_33627_length_446_cov_2.743341	47.3	446	863	0.171495	1.46e-31	acc|REFSEQ|YP_009174732.1|REFSEQ|NC_028112|putative DNA polymerase [Yellowstone lake phycodnavirus 1]	Yellowstone lake phycodnavirus 1	Blastx
SRR31829833	NODE_34029_length_285_cov_1.857143	58.0	285	135	0.600000	1.56e-31	acc|GENBANK|AYV86947.1|GENBANK|MK072521|e3 ubiquitin-protein ligase rbx1 [Sylvanvirus sp.]	Sylvanvirus sp.	Blastx
SRR31829833	NODE_5752_length_819_cov_28.774809	40.0	819	325	0.569231	1.57e-31	acc|GENBANK|QBK87870.1|GENBANK|MK500370|uncharacterized protein [Marseillevirus LCMAC202]	Marseillevirus LCMAC202	Blastx
SRR31829833	NODE_24842_length_1522_cov_9.011417	41.9	1522	358	0.432961	1.65e-31	acc|REFSEQ|YP_010780072.1|REFSEQ|NC_075038|hypothetical protein [Tupanvirus deep ocean]	Tupanvirus deep ocean	Blastx
SRR31829833	NODE_20925_length_576_cov_6.694291	39.5	576	726	0.223140	1.79e-31	acc|GENBANK|QFG73913.1|GENBANK|MN448274|Hsp70 protein [Megaviridae environmental sample]	Megaviridae environmental sample	Blastx
SRR31829833	NODE_6690_length_781_cov_17.255348	35.6	781	301	0.737542	2.55e-31	acc|GENBANK|ARF12194.1|GENBANK|KY684111|aldo/keto reductase family protein [Klosneuvirus KNV1]	Klosneuvirus KNV1	Blastx
SRR31829833	NODE_36_length_1643_cov_29.496894	27.5	1643	491	0.727088	2.56e-31	acc|GENBANK|QIG59637.1|GENBANK|MN940577|hypothetical protein [Dishui Lake phycodnavirus 2]	Dishui Lake phycodnavirus 2	Blastx
SRR31829833	NODE_1073_length_503_cov_16.648936	43.9	503	518	0.299228	2.63e-31	acc|GENBANK|ABY48142.1|GENBANK|EU306659|serine-hydroxymethyltransferase [Medicago truncatula]	Medicago truncatula	Blastx
SRR31829833	NODE_14626_length_464_cov_7.700696	48.1	464	1715	0.090962	2.63e-31	acc|GENBANK|WDS48439.1|GENBANK|ON798805|essential for potexvirus accumulation 1 [Solanum tuberosum]	Solanum tuberosum	Blastx
SRR31829833	NODE_25906_length_562_cov_8.665406	40.6	562	198	0.782828	2.75e-31	acc|REFSEQ|NP_955110.1|REFSEQ|NC_005309|CNPV087 putative glutathione peroxidase [Canarypox virus]	Canarypox virus	Blastx
SRR31829833	NODE_23461_length_1682_cov_19.257732	27.9	1682	422	0.966825	2.76e-31	acc|GENBANK|QDY52462.1|GENBANK|MK250094|aminotransferase class-III protein [Mimiviridae sp. ChoanoV1]	Mimiviridae sp. ChoanoV1	Blastx
SRR31829833	NODE_21589_length_317_cov_5.926056	51.4	317	330	0.318182	2.99e-31	acc|GENBANK|WRJ69478.1|GENBANK|OR001839|putative arabinose-5-phosphate isomerase [Oceanusvirus sp.]	Oceanusvirus sp.	Blastx
SRR31829833	NODE_19853_length_389_cov_2.764045	56.0	389	337	0.323442	3.08e-31	acc|GENBANK|ABH08433.1|GENBANK|DQ851167|putative heat shock factor [Beta vulgaris]	Beta vulgaris	Blastx
SRR31829833	NODE_9711_length_485_cov_3.285398	42.2	485	925	0.174054	3.23e-31	acc|GENBANK|ABY48139.1|GENBANK|EU306659|NORK [Medicago truncatula]	Medicago truncatula	Blastx
SRR31829833	NODE_25375_length_873_cov_10.779762	36.5	873	196	0.964286	3.40e-31	acc|GENBANK|QKF93917.1|GENBANK|MT418680|adenylate kinase/UMP-CMP kinase [Fadolivirus FV1/VV64]	Fadolivirus FV1/VV64	Blastx
SRR31829833	NODE_33679_length_626_cov_1.973019	35.0	626	588	0.363946	3.47e-31	acc|GENBANK|UYE93847.1|GENBANK|ON860479|RNA-dependent RNA polymerase [Kvarnon virus]	Kvarnon virus	Blastx
SRR31829833	NODE_31615_length_254_cov_1.058824	65.9	254	299	0.284281	3.87e-31	acc|GENBANK|UOG94093.1|NEIGHBOR|OM876856|serine threonine-protein phosphatase [Aureococcus anophagefferens virus]	Aureococcus anophagefferens virus	Blastx
SRR31829833	NODE_2113_length_222_cov_2291.275132	96.7	222	232	0.262931	4.51e-31	acc|GENBANK|AJD23417.1|GENBANK|KM009120|triple gene block protein 1 [Yam virus X]	Yam virus X	Blastx
SRR31829833	NODE_8994_length_909_cov_21.412100	29.6	909	1077	0.285051	5.18e-31	acc|GENBANK|CAK7597134.1|GENBANK|OZ003748|Isoleucine-tRNA ligase [Catovirus sp. 'naegleriensis']	Catovirus sp. 'naegleriensis'	Blastx
SRR31829833	NODE_33583_length_396_cov_1.933884	47.7	396	388	0.340206	5.87e-31	acc|GENBANK|AAU93529.1|GENBANK|AY691949|alcohol dehydrogenase 1 [Zea mays]	Zea mays	Blastx
SRR31829833	NODE_4154_length_586_cov_3.209765	51.6	586	925	0.138378	7.72e-31	acc|GENBANK|ABY48139.1|GENBANK|EU306659|NORK [Medicago truncatula]	Medicago truncatula	Blastx
SRR31829833	NODE_6242_length_760_cov_7.368638	37.8	760	1793	0.103179	8.52e-31	acc|GENBANK|CCQ71366.1|GENBANK|HF586479|hypothetical serine/threonine protein kinase [Cotesia congregata]	Cotesia congregata	Blastx
SRR31829833	NODE_22519_length_390_cov_4.624650	49.6	390	249	0.518072	1.08e-30	acc|GENBANK|QKY77335.1|GENBANK|MT637187|MADS-box transcription factor SHP1.A9 [Brassica napus]	Brassica napus	Blastx
SRR31829833	NODE_4814_length_326_cov_3.877133	57.4	326	382	0.282723	1.15e-30	acc|GENBANK|QBK87279.1|GENBANK|MK500347|putative serine/threonine protein kinase [Marseillevirus LCMAC201]	Marseillevirus LCMAC201	Blastx
SRR31829833	NODE_26070_length_431_cov_10.685930	49.2	431	686	0.180758	1.27e-30	acc|GENBANK|WNO13952.1|GENBANK|OQ968299|coat protein [Guapo partitivirus]	Guapo partitivirus	Blastx
SRR31829833	NODE_5746_length_1400_cov_26.739576	33.0	1400	299	0.973244	1.30e-30	acc|GENBANK|QBK91775.1|GENBANK|MK500565|mitochondrial carrier-like protein [Pithovirus LCPAC304]	Pithovirus LCPAC304	Blastx
SRR31829833	NODE_25064_length_267_cov_18.837607	62.7	267	489	0.169734	1.44e-30	acc|GENBANK|QBK85775.1|GENBANK|MK500327|aspartyl/asparaginyl-tRNA synthetase [Marseillevirus LCMAC101]	Marseillevirus LCMAC101	Blastx
SRR31829833	NODE_23836_length_467_cov_3.905530	54.0	467	549	0.225865	1.53e-30	acc|GENBANK|WGU26815.1|GENBANK|OQ503488|pentatricopeptide repeat-containing protein [Triticum monococcum]	Triticum monococcum	Blastx
SRR31829833	NODE_19162_length_1204_cov_4.841161	25.1	1204	559	0.821109	1.69e-30	acc|GENBANK|AYV76247.1|GENBANK|MK071983|xaa-Pro dipeptidase-like protein [Terrestrivirus sp.]	Terrestrivirus sp.	Blastx
SRR31829833	NODE_16080_length_254_cov_2.162896	70.7	254	604	0.135762	1.75e-30	acc|GENBANK|ABH08432.1|GENBANK|DQ851167|putative non-inducible immunity 1 [Beta vulgaris]	Beta vulgaris	Blastx
SRR31829833	NODE_17569_length_743_cov_32.233803	42.2	743	485	0.317526	1.77e-30	acc|GENBANK|AYV84586.1|GENBANK|MK072412|lysyl-tRNA synthetase [Hyperionvirus sp.]	Hyperionvirus sp.	Blastx
SRR31829833	NODE_15848_length_534_cov_5.722555	39.7	534	759	0.249012	1.91e-30	acc|GENBANK|ACN78962.1|GENBANK|FJ225394|methyltransferase [Glycine max]	Glycine max	Blastx
SRR31829833	NODE_31450_length_252_cov_1.063927	64.6	252	193	0.424870	2.03e-30	acc|REFSEQ|YP_009481299.1|REFSEQ|NC_037665|Histone H2B domain containing protein [Pandoravirus macleodensis]	Pandoravirus macleodensis	Blastx
SRR31829833	NODE_6785_length_1037_cov_25.455179	35.6	1037	405	0.513580	2.05e-30	acc|GENBANK|WGU26824.1|GENBANK|OQ503488|eukaryotic initiation factor 4A-III B-like [Triticum monococcum]	Triticum monococcum	Blastx
SRR31829833	NODE_18969_length_376_cov_4.586006	60.9	376	424	0.259434	2.05e-30	acc|GENBANK|BAA24885.1|GENBANK|AB003364|phytochrome [Adiantum capillus-veneris]	Adiantum capillus-veneris	Blastx
SRR31829833	NODE_32364_length_266_cov_2.008584	62.9	266	229	0.423581	2.10e-30	acc|REFSEQ|YP_009482443.1|REFSEQ|NC_037666|S-phase kinase-associated protein 1 [Pandoravirus neocaledonia]	Pandoravirus neocaledonia	Blastx
SRR31829833	NODE_19589_length_211_cov_3.696629	77.1	211	392	0.178571	2.15e-30	acc|GENBANK|QBK87012.1|GENBANK|MK500340|peptide chain release factor 1 [Marseillevirus LCMAC103]	Marseillevirus LCMAC103	Blastx
SRR31829833	NODE_7180_length_1456_cov_5.515109	31.1	1456	365	0.802740	2.50e-30	acc|GENBANK|QBK92234.1|GENBANK|MK500569|chaperone protein [Pithovirus LCPAC304]	Pithovirus LCPAC304	Blastx
SRR31829833	NODE_8924_length_424_cov_6.268542	47.8	424	271	0.416974	2.68e-30	acc|GENBANK|AUF82230.1|GENBANK|KY322437|E3 ubiquitin--protein ligase MIEL1-like protein [Tetraselmis virus 1]	Tetraselmis virus 1	Blastx
SRR31829833	NODE_22049_length_509_cov_11.571429	39.3	509	925	0.181622	2.75e-30	acc|GENBANK|ABY48139.1|GENBANK|EU306659|NORK [Medicago truncatula]	Medicago truncatula	Blastx
SRR31829833	NODE_26949_length_1481_cov_18.851519	27.8	1481	590	0.622034	2.94e-30	acc|GENBANK|AYV86827.1|GENBANK|MK072516|CMGC/MAPK protein kinase [Sylvanvirus sp.]	Sylvanvirus sp.	Blastx
SRR31829833	NODE_2404_length_987_cov_22.576520	34.4	987	291	0.859107	3.23e-30	acc|GENBANK|QDY52327.1|GENBANK|MK250090|hypothetical protein [Mimiviridae sp. ChoanoV1]	Mimiviridae sp. ChoanoV1	Blastx
SRR31829833	NODE_25722_length_820_cov_8.041931	40.0	820	478	0.387029	4.70e-30	acc|GENBANK|QBK86272.1|GENBANK|MK500334|cyclin-dependent protein kinase [Marseillevirus LCMAC102]	Marseillevirus LCMAC102	Blastx
SRR31829833	NODE_8947_length_750_cov_16.104603	38.2	750	150	0.960000	5.38e-30	acc|GENBANK|QFG74572.1|GENBANK|MN448289|dual specificity phosphatase, catalytic domain [Megaviridae environmental sample]	Megaviridae environmental sample	Blastx
SRR31829833	NODE_5791_length_554_cov_6.834933	38.3	554	2037	0.094747	6.82e-30	acc|GENBANK|ABG37663.1|GENBANK|DQ536170|CCHC-type integrase [Populus trichocarpa]	Populus trichocarpa	Blastx
SRR31829833	NODE_6949_length_621_cov_10.357143	35.3	621	925	0.220541	7.31e-30	acc|GENBANK|ABY48139.1|GENBANK|EU306659|NORK [Medicago truncatula]	Medicago truncatula	Blastx
SRR31829833	NODE_22733_length_290_cov_1.124514	69.4	290	212	0.339623	7.57e-30	acc|GENBANK|AYV82031.1|GENBANK|MK072334|Ras-like protein Rab-11A [Homavirus sp.]	Homavirus sp.	Blastx
SRR31829833	NODE_18894_length_676_cov_3.077760	40.0	676	342	0.482456	8.54e-30	acc|GENBANK|AYV78971.1|GENBANK|MK072128|transmembrane protein 184C-like protein [Edafosvirus sp.]	Edafosvirus sp.	Blastx
SRR31829833	NODE_2480_length_512_cov_5.100209	43.4	512	819	0.185592	9.60e-30	acc|GENBANK|QKF94107.1|GENBANK|MT418680|eukaryotic translation elongation factor 2 [Fadolivirus FV1/VV64]	Fadolivirus FV1/VV64	Blastx
SRR31829833	NODE_8891_length_387_cov_102.494350	62.6	387	128	0.710938	1.08e-29	acc|GENBANK|CAA42007.1|GENBANK|X59357|Epstein-Barr virus small RNA associated protein [Homo sapiens]	Homo sapiens	Blastx
SRR31829833	NODE_21687_length_417_cov_3.286458	46.7	417	2037	0.066274	1.16e-29	acc|GENBANK|ABG37663.1|GENBANK|DQ536170|CCHC-type integrase [Populus trichocarpa]	Populus trichocarpa	Blastx
SRR31829833	NODE_9851_length_1005_cov_10.181070	39.8	1005	299	0.571906	1.19e-29	acc|GENBANK|QRE02559.1|GENBANK|MN545489|hypothetical protein [Otarine gammaherpesvirus 4]	Otarine gammaherpesvirus 4	Blastx
SRR31829833	NODE_4876_length_866_cov_2.344538	32.2	866	261	0.904215	1.25e-29	acc|GENBANK|AYV79236.1|GENBANK|MK072137|serine/threonine protein phosphatase [Faunusvirus sp.]	Faunusvirus sp.	Blastx
SRR31829833	NODE_150_length_1109_cov_15.993494	39.9	1109	299	0.595318	1.26e-29	acc|GENBANK|QRE02559.1|GENBANK|MN545489|hypothetical protein [Otarine gammaherpesvirus 4]	Otarine gammaherpesvirus 4	Blastx
SRR31829833	NODE_1426_length_457_cov_4.490566	43.0	457	549	0.275046	1.31e-29	acc|GENBANK|WGU26815.1|GENBANK|OQ503488|pentatricopeptide repeat-containing protein [Triticum monococcum]	Triticum monococcum	Blastx
SRR31829833	NODE_20017_length_403_cov_4.127027	57.3	403	476	0.216387	1.40e-29	acc|GENBANK|QPI16652.1|GENBANK|MW030591|serine endoprotease [Virus NIOZ-UU159]	Virus NIOZ-UU159	Blastx
SRR31829833	NODE_14054_length_220_cov_3.411765	68.1	220	353	0.203966	1.42e-29	acc|GENBANK|WGU26821.1|GENBANK|OQ503488|S-acyltransferase 11-like protein [Triticum monococcum]	Triticum monococcum	Blastx
SRR31829833	NODE_21630_length_565_cov_1.819549	41.4	565	411	0.340633	1.58e-29	acc|GENBANK|QDY51866.1|GENBANK|MK250085|hypothetical protein [Mimiviridae sp. ChoanoV1]	Mimiviridae sp. ChoanoV1	Blastx
SRR31829833	NODE_20005_length_355_cov_2.245342	63.9	355	399	0.208020	1.62e-29	acc|GENBANK|AYV76711.1|GENBANK|MK071990|hypothetical protein [Terrestrivirus sp.]	Terrestrivirus sp.	Blastx
SRR31829833	NODE_25276_length_1002_cov_23.762642	27.4	1002	463	0.678186	1.81e-29	acc|GENBANK|CAE02707.1|GENBANK|AJ575660|hypothetical protein [Yarrowia lipolytica]	Yarrowia lipolytica	Blastx
SRR31829833	NODE_7392_length_668_cov_6.138583	44.2	668	543	0.283610	1.86e-29	acc|GENBANK|QBK87111.1|GENBANK|MK500344|ATP-sulfurylase [Marseillevirus LCMAC201]	Marseillevirus LCMAC201	Blastx
SRR31829833	NODE_14894_length_403_cov_4.289189	62.8	403	337	0.278932	2.16e-29	acc|GENBANK|ABH08433.1|GENBANK|DQ851167|putative heat shock factor [Beta vulgaris]	Beta vulgaris	Blastx
SRR31829833	NODE_23699_length_478_cov_20.712360	41.5	478	392	0.405612	2.39e-29	acc|GENBANK|AYV77947.1|GENBANK|MK072068|autophagy-related protein 18a-like [Edafosvirus sp.]	Edafosvirus sp.	Blastx
SRR31829833	NODE_10038_length_1370_cov_6.003740	31.3	1370	325	0.981538	2.62e-29	acc|GENBANK|AYV75307.1|GENBANK|MK071979|hypothetical protein [Terrestrivirus sp.]	Terrestrivirus sp.	Blastx
SRR31829833	NODE_9087_length_251_cov_18.935780	82.3	251	242	0.256198	2.62e-29	acc|GENBANK|AGU70135.1|GENBANK|KF270089|integrase-type DNA-binding superfamily protein [Tarenaya hassleriana]	Tarenaya hassleriana	Blastx
SRR31829833	NODE_9043_length_1576_cov_12.254051	25.1	1576	1333	0.322581	2.72e-29	acc|GENBANK|AAA75254.1|GENBANK|L47193|reverse transcriptase [Arabidopsis thaliana]	Arabidopsis thaliana	Blastx
SRR31829833	NODE_1953_length_219_cov_32.720430	81.9	219	219	0.328767	2.84e-29	acc|GENBANK|XHA87591.1|GENBANK|PQ054798|hypothetical protein [Qianjiang picobirna-like virus 2]	Qianjiang picobirna-like virus 2	Blastx
SRR31829833	NODE_372_length_563_cov_91.490566	36.5	563	499	0.340681	2.99e-29	acc|GENBANK|CCQ71356.1|GENBANK|HF586477|hypothetical E3 ubiquitin-protein ligase ARI [Cotesia congregata]	Cotesia congregata	Blastx
SRR31829833	NODE_16634_length_921_cov_8.761261	49.6	921	153	0.816993	3.48e-29	acc|GENBANK|QBK85952.1|GENBANK|MK500328|ubiquitin-conjugating enzyme E2 [Marseillevirus LCMAC101]	Marseillevirus LCMAC101	Blastx
SRR31829833	NODE_8344_length_1695_cov_12.945247	28.9	1695	310	0.893548	3.52e-29	acc|GENBANK|AYV86922.1|GENBANK|MK072520|hypothetical protein [Sylvanvirus sp.]	Sylvanvirus sp.	Blastx
SRR31829833	NODE_24943_length_772_cov_13.680650	45.4	772	558	0.272401	4.19e-29	acc|GENBANK|QOR60244.1|GENBANK|MK522034|hypothetical protein [Bathycoccus sp. RCC716 virus 1]	Bathycoccus sp. RCC716 virus 1	Blastx
SRR31829833	NODE_11205_length_231_cov_1.131313	75.6	231	293	0.266212	4.34e-29	acc|GENBANK|ABE02630.1|GENBANK|DQ445236|CBF3 [Hordeum vulgare subsp. vulgare]	Hordeum vulgare subsp. vulgare	Blastx
SRR31829833	NODE_1039_length_861_cov_31.147343	44.8	861	192	0.651042	4.54e-29	acc|GENBANK|AYV78944.1|GENBANK|MK072120|Ras-related protein Rab-1A [Edafosvirus sp.]	Edafosvirus sp.	Blastx
SRR31829833	NODE_33874_length_397_cov_1.909341	51.0	397	447	0.228188	4.96e-29	acc|REFSEQ|NP_077596.1|REFSEQ|NC_002687|serine-threonine kinase [Ectocarpus siliculosus virus 1]	Ectocarpus siliculosus virus 1	Blastx
SRR31829833	NODE_13660_length_1056_cov_11.922776	41.8	1056	1473	0.144603	5.40e-29	acc|REFSEQ|YP_009345532.1|REFSEQ|NC_033775|serine-threonine kinase [Noumeavirus]	Noumeavirus	Blastx
SRR31829833	NODE_31980_length_260_cov_1.030837	60.0	260	345	0.246377	5.83e-29	acc|GENBANK|AYV77790.1|GENBANK|MK072066|GMP reductase [Edafosvirus sp.]	Edafosvirus sp.	Blastx
SRR31829833	NODE_3115_length_504_cov_15.777070	54.6	504	291	0.333333	5.84e-29	acc|GENBANK|QBK87818.1|GENBANK|MK500370|copine [Marseillevirus LCMAC202]	Marseillevirus LCMAC202	Blastx
SRR31829833	NODE_25977_length_279_cov_12.020325	67.8	279	557	0.156194	6.90e-29	acc|GENBANK|WGU26825.1|GENBANK|OQ503488|putative acyl-activating enzyme 5 [Triticum monococcum]	Triticum monococcum	Blastx
SRR31829833	NODE_13867_length_786_cov_2.853918	38.3	786	293	0.552901	6.99e-29	acc|GENBANK|QFG75012.1|GENBANK|MN448296|protein kinase domain protein [Megaviridae environmental sample]	Megaviridae environmental sample	Blastx
SRR31829833	NODE_23107_length_535_cov_1.699203	63.0	535	336	0.273810	7.03e-29	acc|GENBANK|ACG35788.1|GENBANK|EU963670|retrotransposon protein Ty3-gypsy subclass [Zea mays]	Zea mays	Blastx
SRR31829833	NODE_10827_length_370_cov_9.436202	48.0	370	422	0.291469	7.16e-29	acc|GENBANK|ABY48137.1|GENBANK|EU306659|putative protein [Medicago truncatula]	Medicago truncatula	Blastx
SRR31829833	NODE_10477_length_618_cov_7.646154	50.0	618	552	0.224638	8.20e-29	acc|GENBANK|QBK89372.1|GENBANK|MK500418|CTP synthetase [Mimivirus LCMiAC02]	Mimivirus LCMiAC02	Blastx
SRR31829833	NODE_9163_length_508_cov_42.821053	47.0	508	156	0.750000	9.74e-29	acc|GENBANK|ARF09360.1|GENBANK|KY684084|ubiquitin-conjugating enzyme E2 [Catovirus CTV1]	Catovirus CTV1	Blastx
SRR31829833	NODE_2914_length_421_cov_2.809278	59.8	421	1281	0.071819	1.03e-28	acc|GENBANK|AAA67727.1|GENBANK|U15647|reverse transcriptase [Mus musculus domesticus]	Mus musculus domesticus	Blastx
SRR31829833	NODE_23577_length_1429_cov_19.068052	27.4	1429	926	0.449244	1.13e-28	acc|GENBANK|AYV78243.1|GENBANK|MK072072|Zn-dependent peptidase [Edafosvirus sp.]	Edafosvirus sp.	Blastx
SRR31829833	NODE_15441_length_356_cov_3.089783	52.3	356	203	0.546798	1.13e-28	acc|GENBANK|ARF10721.1|GENBANK|KY684104|Ras family GTPase [Hokovirus HKV1]	Hokovirus HKV1	Blastx
SRR31829833	NODE_23421_length_860_cov_13.019347	34.2	860	202	1.000000	1.14e-28	acc|GENBANK|ULY68574.1|GENBANK|OL828820|putative ubiquitin thioesterase OTU1-like [Chlorella virus XW01]	Chlorella virus XW01	Blastx
SRR31829833	NODE_19714_length_498_cov_2.546237	36.3	498	278	0.564748	1.15e-28	acc|GENBANK|QBK91651.1|GENBANK|MK500560|putative serine/threonine protein kinase [Pithovirus LCPAC302]	Pithovirus LCPAC302	Blastx
SRR31829833	NODE_7850_length_445_cov_102.713592	61.5	445	128	0.710938	1.22e-28	acc|GENBANK|CAA42007.1|GENBANK|X59357|Epstein-Barr virus small RNA associated protein [Homo sapiens]	Homo sapiens	Blastx
SRR31829833	NODE_35_length_1231_cov_12.248748	31.5	1231	422	0.691943	1.27e-28	acc|GENBANK|QDY52462.1|GENBANK|MK250094|aminotransferase class-III protein [Mimiviridae sp. ChoanoV1]	Mimiviridae sp. ChoanoV1	Blastx
SRR31829833	NODE_6853_length_422_cov_5.439589	46.1	422	925	0.152432	1.37e-28	acc|GENBANK|ABY48139.1|GENBANK|EU306659|NORK [Medicago truncatula]	Medicago truncatula	Blastx
SRR31829833	NODE_21807_length_794_cov_11.392904	39.3	794	179	0.837989	1.38e-28	acc|GENBANK|AYV77848.1|GENBANK|MK072067|peptide-methionine (S)-S-oxide reductase [Edafosvirus sp.]	Edafosvirus sp.	Blastx
SRR31829833	NODE_1451_length_382_cov_3.501433	74.2	382	177	0.372881	1.60e-28	acc|GENBANK|ABK32208.1|GENBANK|DQ890165|VRN3 [Triticum aestivum]	Triticum aestivum	Blastx
SRR31829833	NODE_1552_length_491_cov_50.526201	61.6	491	286	0.300699	1.73e-28	acc|GENBANK|AAU93534.1|GENBANK|AY691949|unknown protein [Zea mays]	Zea mays	Blastx
SRR31829833	NODE_8680_length_893_cov_11.270930	30.5	893	1083	0.257618	1.96e-28	acc|GENBANK|AAB62532.1|GENBANK|AF001075|gag-v-phosphoinositide 3-kinase catalytic [Avian sarcoma virus 16]	Avian sarcoma virus 16	Blastx
SRR31829833	NODE_11115_length_615_cov_5.360825	54.6	615	1105	0.097738	2.09e-28	acc|GENBANK|AAK84476.1|GENBANK|AF275345|unknown [Solanum lycopersicum]	Solanum lycopersicum	Blastx
SRR31829833	NODE_33210_length_288_cov_3.211765	54.6	288	832	0.116587	2.18e-28	acc|GENBANK|BAD00047.1|GENBANK|AB119282|Fusion protein, Feo [Hepacivirus hominis]	Hepacivirus hominis	Blastx
SRR31829833	NODE_2991_length_787_cov_12.824934	41.4	787	239	0.556485	2.20e-28	acc|GENBANK|AFV13460.1|GENBANK|JQ314447|ubiquitin conjugating enzyme 2 [Tripsacum dactyloides]	Tripsacum dactyloides	Blastx
SRR31829833	NODE_18059_length_661_cov_10.668790	42.1	661	261	0.655172	2.23e-28	acc|GENBANK|AYV79236.1|GENBANK|MK072137|serine/threonine protein phosphatase [Faunusvirus sp.]	Faunusvirus sp.	Blastx
SRR31829833	NODE_4518_length_289_cov_1.292969	75.0	289	75	0.960000	2.60e-28	acc|GENBANK|ABM68560.1|GENBANK|EF026027|retrotransposon protein [Lilium longiflorum]	Lilium longiflorum	Blastx
SRR31829833	NODE_10781_length_302_cov_4.189591	59.0	302	286	0.349650	2.65e-28	acc|GENBANK|QKF94218.1|GENBANK|MT418680|copine protein Ca(2+)-dependent [Fadolivirus FV1/VV64]	Fadolivirus FV1/VV64	Blastx
SRR31829833	NODE_2970_length_1282_cov_5.318655	29.3	1282	340	0.832353	2.99e-28	acc|GENBANK|QBK88296.1|GENBANK|MK500384|DNA polymerase family X [Marseillevirus LCMAC202]	Marseillevirus LCMAC202	Blastx
SRR31829833	NODE_18395_length_1439_cov_5.373400	42.9	1439	2466	0.059611	3.01e-28	acc|GENBANK|AOZ57106.1|GENBANK|KX608896|Serine threonine-protein kinase TOR [Saccharum hybrid cultivar R570]	Saccharum hybrid cultivar R570	Blastx
SRR31829833	NODE_4938_length_203_cov_13.705882	93.0	203	134	0.425373	3.05e-28	acc|GENBANK|XDR79848.1|GENBANK|PQ109088|hypothetical protein [Micromonas commoda virus]	Micromonas commoda virus	Blastx
SRR31829833	NODE_18377_length_1022_cov_31.335693	36.0	1022	1059	0.225685	3.09e-28	acc|REFSEQ|YP_009120775.1|REFSEQ|NC_026440|glutamine amidotransferase [Pandoravirus inopinatum]	Pandoravirus inopinatum	Blastx
SRR31829833	NODE_2803_length_440_cov_1.503686	73.0	440	1595	0.046395	3.31e-28	acc|REFSEQ|YP_009553219.1|REFSEQ|NC_040712|ORF3 [Dioscorea nummularia-associated virus]	Dioscorea nummularia-associated virus	Blastx
SRR31829833	NODE_10566_length_1009_cov_6.274590	37.7	1009	497	0.352113	3.53e-28	acc|GENBANK|AYV83822.1|GENBANK|MK072394|cytochrome P450 704B1 [Hyperionvirus sp.]	Hyperionvirus sp.	Blastx
SRR31829833	NODE_7261_length_866_cov_5.424970	39.0	866	833	0.184874	3.56e-28	acc|GENBANK|CCQ71385.1|GENBANK|HF586480|hypothetical Homeodomain-interacting protein [Cotesia congregata]	Cotesia congregata	Blastx
SRR31829833	NODE_6327_length_772_cov_10.654939	35.2	772	392	0.507653	3.59e-28	acc|GENBANK|AYV77947.1|GENBANK|MK072068|autophagy-related protein 18a-like [Edafosvirus sp.]	Edafosvirus sp.	Blastx
SRR31829833	NODE_18429_length_694_cov_4.570348	34.1	694	520	0.423077	3.68e-28	acc|GENBANK|APO14197.1|GENBANK|KX098475|truncated DELLA protein [Setaria italica]	Setaria italica	Blastx
SRR31829833	NODE_13255_length_501_cov_6.205128	40.8	501	467	0.304069	4.07e-28	acc|GENBANK|API81738.1|NEIGHBOR|KU052222|hypothetical protein [Cafeteriavirus-dependent mavirus]	Cafeteriavirus-dependent mavirus	Blastx
SRR31829833	NODE_2430_length_3079_cov_23.091596	30.3	3079	966	0.372671	4.21e-28	acc|GENBANK|AYV87100.1|GENBANK|MK072531|putative puromycin-sensitive aminopeptidase [Sylvanvirus sp.]	Sylvanvirus sp.	Blastx
SRR31829833	NODE_3403_length_1822_cov_12.870878	33.6	1822	478	0.529289	4.33e-28	acc|GENBANK|QBK86272.1|GENBANK|MK500334|cyclin-dependent protein kinase [Marseillevirus LCMAC102]	Marseillevirus LCMAC102	Blastx
SRR31829833	NODE_24054_length_426_cov_3.559796	47.9	426	381	0.312336	4.40e-28	acc|GENBANK|QYA18481.1|GENBANK|MZ420154|replicative polymerase delta family B [Clandestinovirus]	Clandestinovirus	Blastx
SRR31829833	NODE_129_length_637_cov_3.531457	45.9	637	925	0.145946	4.71e-28	acc|GENBANK|ABY48139.1|GENBANK|EU306659|NORK [Medicago truncatula]	Medicago truncatula	Blastx
SRR31829833	NODE_17463_length_495_cov_8.316017	43.9	495	299	0.411371	4.76e-28	acc|GENBANK|UOG94093.1|NEIGHBOR|OM876856|serine threonine-protein phosphatase [Aureococcus anophagefferens virus]	Aureococcus anophagefferens virus	Blastx
SRR31829833	NODE_22382_length_513_cov_11.833333	38.9	513	443	0.376975	5.05e-28	acc|REFSEQ|YP_010782291.1|REFSEQ|NC_075039|alcohol dehydrogenase [Tupanvirus soda lake]	Tupanvirus soda lake	Blastx
SRR31829833	NODE_4669_length_379_cov_2.413295	45.6	379	759	0.164690	5.08e-28	acc|GENBANK|ACN78962.1|GENBANK|FJ225394|methyltransferase [Glycine max]	Glycine max	Blastx
SRR31829833	NODE_11100_length_834_cov_22.903870	29.4	834	640	0.446875	5.24e-28	acc|GENBANK|QBK88455.1|GENBANK|MK500389|AMP-binding enzyme [Mimivirus LCMiAC01]	Mimivirus LCMiAC01	Blastx
SRR31829833	NODE_20952_length_491_cov_4.281659	41.4	491	202	0.574257	5.45e-28	acc|GENBANK|CCQ71376.1|GENBANK|HF586479|hypothetical peptidase PPPDE-like [Cotesia congregata]	Cotesia congregata	Blastx
SRR31829833	NODE_7299_length_468_cov_9.241379	46.1	468	411	0.311436	5.56e-28	acc|GENBANK|ACN78984.1|GENBANK|FJ225395|cyclin-like F-box [Glycine max]	Glycine max	Blastx
SRR31829833	NODE_17062_length_542_cov_7.897839	45.8	542	240	0.645833	6.12e-28	acc|GENBANK|AUF82577.1|GENBANK|KY322437|5-(carboxyamino)imidazole ribonucleotide mutase [Tetraselmis virus 1]	Tetraselmis virus 1	Blastx
SRR31829833	NODE_6304_length_729_cov_5.685345	35.3	729	544	0.406250	6.17e-28	acc|REFSEQ|YP_009483380.1|REFSEQ|NC_037667|Glycosyl hydrolase family 1 protein [Pandoravirus quercus]	Pandoravirus quercus	Blastx
SRR31829833	NODE_19488_length_389_cov_9.407303	48.3	389	604	0.198675	6.31e-28	acc|GENBANK|ABH08432.1|GENBANK|DQ851167|putative non-inducible immunity 1 [Beta vulgaris]	Beta vulgaris	Blastx
SRR31829833	NODE_16140_length_203_cov_8.623529	98.1	203	88	0.602273	6.72e-28	acc|GENBANK|XAO13519.1|GENBANK|PP130629|hypothetical protein [Mantoniella tinhauana virus 1]	Mantoniella tinhauana virus 1	Blastx
SRR31829833	NODE_1225_length_999_cov_24.777433	37.8	999	506	0.381423	6.77e-28	acc|GENBANK|QBK91537.1|GENBANK|MK500544|cyclin-dependent protein kinase [Pithovirus LCPAC302]	Pithovirus LCPAC302	Blastx
SRR31829833	NODE_10647_length_271_cov_3.907563	64.5	271	630	0.147619	7.18e-28	acc|GENBANK|QOR60303.1|GENBANK|MK522035|hypothetical protein [Bathycoccus sp. RCC716 virus 1]	Bathycoccus sp. RCC716 virus 1	Blastx
SRR31829833	NODE_2369_length_312_cov_19.035842	96.2	312	113	0.469027	7.39e-28	acc|GENBANK|QDH76139.1|GENBANK|MK948414|putative gag protein [Porcine endogenous retrovirus]	Porcine endogenous retrovirus	Blastx
SRR31829833	NODE_24857_length_1007_cov_12.043121	33.5	1007	403	0.473945	7.71e-28	acc|GENBANK|AYV82314.1|GENBANK|MK072360|translation initiation factor 4A-III [Homavirus sp.]	Homavirus sp.	Blastx
SRR31829833	NODE_30372_length_235_cov_3.475248	58.4	235	480	0.160417	8.06e-28	acc|GENBANK|QPI16798.1|GENBANK|MW030606|BT1 family protein [Virus NIOZ-UU159]	Virus NIOZ-UU159	Blastx
SRR31829833	NODE_3061_length_784_cov_13.400799	38.8	784	478	0.382845	8.26e-28	acc|GENBANK|QBK86272.1|GENBANK|MK500334|cyclin-dependent protein kinase [Marseillevirus LCMAC102]	Marseillevirus LCMAC102	Blastx
SRR31829833	NODE_18173_length_767_cov_8.337875	33.5	767	767	0.311604	8.71e-28	acc|GENBANK|QBK88429.1|GENBANK|MK500389|S9 family peptidase [Mimivirus LCMiAC01]	Mimivirus LCMiAC01	Blastx
SRR31829833	NODE_1408_length_1382_cov_105.800593	28.5	1382	439	0.640091	9.14e-28	acc|REFSEQ|YP_009310310.1|REFSEQ|NC_031465|papain-like cysteine peptidase [Golden Marseillevirus]	Golden Marseillevirus	Blastx
SRR31829833	NODE_8530_length_906_cov_5.029782	34.7	906	453	0.520971	9.52e-28	acc|GENBANK|AMK61950.1|NEIGHBOR|KF959826|AAA family ATPase [Samba virus]	Samba virus	Blastx
SRR31829833	NODE_12966_length_218_cov_4.945946	72.2	218	775	0.092903	9.73e-28	acc|GENBANK|AAL68643.1|GENBANK|AF458767|polyprotein [Oryza sativa Japonica Group]	Oryza sativa Japonica Group	Blastx
SRR31829833	NODE_5261_length_1120_cov_42.638454	29.2	1120	300	0.843333	1.00e-27	acc|REFSEQ|NP_955048.1|REFSEQ|NC_005309|CNPV025 alpha-SNAP-like protein [Canarypox virus]	Canarypox virus	Blastx
SRR31829833	NODE_3344_length_3234_cov_68.732896	30.4	3234	287	1.055749	1.04e-27	acc|GENBANK|AYV80395.1|GENBANK|MK072243|putative ubiquitin carboxyl-terminal hydrolase [Harvfovirus sp.]	Harvfovirus sp.	Blastx
SRR31829833	NODE_19171_length_561_cov_2.026515	40.6	561	341	0.469208	1.08e-27	acc|GENBANK|ARF12218.1|GENBANK|KY684111|gelsolin repeat protein [Klosneuvirus KNV1]	Klosneuvirus KNV1	Blastx
SRR31829833	NODE_32939_length_275_cov_1.929752	100	275	339	0.159292	1.35e-27	acc|GENBANK|AAM77034.1|GENBANK|AY117145|polyprotein [Bovine viral diarrhea virus 1]	Bovine viral diarrhea virus 1	Blastx
SRR31829833	NODE_19939_length_428_cov_1.754430	43.3	428	647	0.185471	1.54e-27	acc|GENBANK|AYV86775.1|GENBANK|MK072515|CMGC/MAPK protein kinase, variant 1 [Sylvanvirus sp.]	Sylvanvirus sp.	Blastx
SRR31829833	NODE_15713_length_441_cov_8.323529	44.5	441	327	0.446483	1.67e-27	acc|GENBANK|QFG73901.1|GENBANK|MN448274|papain family cysteine protease [Megaviridae environmental sample]	Megaviridae environmental sample	Blastx
SRR31829833	NODE_25501_length_1324_cov_16.713400	26.7	1324	702	0.532764	1.70e-27	acc|GENBANK|ARF12034.1|GENBANK|KY684110|copper amine oxidase [Klosneuvirus KNV1]	Klosneuvirus KNV1	Blastx
SRR31829833	NODE_19157_length_723_cov_7.089855	39.0	723	686	0.265306	1.83e-27	acc|GENBANK|WNO13952.1|GENBANK|OQ968299|coat protein [Guapo partitivirus]	Guapo partitivirus	Blastx
SRR31829833	NODE_32545_length_269_cov_0.991525	69.2	269	237	0.329114	1.86e-27	acc|GENBANK|ADB85285.1|GENBANK|GQ252816|hypothetical protein [Phyllostachys edulis]	Phyllostachys edulis	Blastx
SRR31829833	NODE_1432_length_226_cov_1272.124352	62.0	226	150	0.473333	1.89e-27	acc|REFSEQ|YP_009173309.1|REFSEQ|NC_028094|ubiquitin conjugating enzyme E2 [Chrysochromulina ericina virus]	Chrysochromulina ericina virus	Blastx
SRR31829833	NODE_11880_length_462_cov_5.655012	47.4	462	741	0.184885	1.92e-27	acc|GENBANK|WOA03171.1|GENBANK|OR637870|truncated WD40 protein PH13-H3 [Glycine max]	Glycine max	Blastx
SRR31829833	NODE_5203_length_582_cov_41.610200	66.0	582	213	0.497653	1.96e-27	acc|GENBANK|AAK76585.1|GENBANK|AY045911|putative copia retroelement pol polyprotein [Arabidopsis thaliana]	Arabidopsis thaliana	Blastx
SRR31829833	NODE_7193_length_896_cov_38.764774	34.5	896	211	0.976303	2.05e-27	acc|GENBANK|QBK86456.1|GENBANK|MK500334|DNA-directed RNA polymerase subunit 5 [Marseillevirus LCMAC102]	Marseillevirus LCMAC102	Blastx
SRR31829833	NODE_26012_length_521_cov_5.469262	38.0	521	875	0.210286	2.08e-27	acc|GENBANK|BDT62894.1|GENBANK|LC738879|DNA ligase 1-like protein [Trachysalambria curvirostris majanivirus]	Trachysalambria curvirostris majanivirus	Blastx
SRR31829833	NODE_5951_length_1016_cov_4.100712	32.6	1016	379	0.744063	2.10e-27	acc|GENBANK|AFX92543.1|GENBANK|JX975216|putative RNA methyltransferase [Megavirus courdo11]	Megavirus courdo11	Blastx
SRR31829833	NODE_19681_length_516_cov_3.871636	43.3	516	604	0.233444	2.12e-27	acc|GENBANK|ABH08432.1|GENBANK|DQ851167|putative non-inducible immunity 1 [Beta vulgaris]	Beta vulgaris	Blastx
SRR31829833	NODE_1696_length_573_cov_36.577778	47.7	573	642	0.202492	2.35e-27	acc|GENBANK|ARF10282.1|GENBANK|KY684103|dynamin family protein [Hokovirus HKV1]	Hokovirus HKV1	Blastx
SRR31829833	NODE_12570_length_288_cov_3.396078	64.8	288	256	0.277344	2.65e-27	acc|GENBANK|AAB67721.1|GENBANK|AF015269|PL transcription factor [Zea mays]	Zea mays	Blastx
SRR31829833	NODE_13181_length_338_cov_10.573770	50.0	338	277	0.361011	2.73e-27	acc|GENBANK|AYV83451.1|GENBANK|MK072389|hypothetical protein [Hyperionvirus sp.]	Hyperionvirus sp.	Blastx
SRR31829833	NODE_12098_length_555_cov_9.475096	49.6	555	341	0.360704	2.78e-27	acc|GENBANK|ARF12218.1|GENBANK|KY684111|gelsolin repeat protein [Klosneuvirus KNV1]	Klosneuvirus KNV1	Blastx
SRR31829833	NODE_20298_length_368_cov_4.659701	49.5	368	759	0.140975	2.82e-27	acc|GENBANK|ACN78962.1|GENBANK|FJ225394|methyltransferase [Glycine max]	Glycine max	Blastx
SRR31829833	NODE_948_length_2186_cov_30.329772	27.4	2186	440	0.895455	2.92e-27	acc|GENBANK|WBF70849.1|GENBANK|OP925046|hypothetical protein [Megavirus caiporensis]	Megavirus caiporensis	Blastx
SRR31829833	NODE_6434_length_404_cov_25.919137	77.4	404	214	0.289720	2.99e-27	acc|GENBANK|UZE89726.1|GENBANK|ON704650|hypothetical protein [Parapoynx stagnalis nucleopolyhedrovirus]	Parapoynx stagnalis nucleopolyhedrovirus	Blastx
SRR31829833	NODE_20008_length_290_cov_2.513619	54.7	290	700	0.135714	3.47e-27	acc|GENBANK|ABY48141.1|GENBANK|EU306659|oligopeptidase A [Medicago truncatula]	Medicago truncatula	Blastx
SRR31829833	NODE_15767_length_673_cov_9.625000	33.8	673	291	0.721649	3.63e-27	acc|GENBANK|WYL19060.1|GENBANK|OQ791187|Ser/thr-like protein protein kinase lyk4 [Pentanymphon antarcticum iridovirus]	Pentanymphon antarcticum iridovirus	Blastx
SRR31829833	NODE_5582_length_340_cov_3.436482	48.1	340	330	0.315152	3.83e-27	acc|GENBANK|QBK87492.1|GENBANK|MK500354|beta-propeller fold protein [Marseillevirus LCMAC201]	Marseillevirus LCMAC201	Blastx
SRR31829833	NODE_11325_length_574_cov_9.443623	38.7	574	925	0.176216	3.84e-27	acc|GENBANK|ABY48139.1|GENBANK|EU306659|NORK [Medicago truncatula]	Medicago truncatula	Blastx
SRR31829833	NODE_12716_length_487_cov_1.797357	39.9	487	455	0.347253	4.16e-27	acc|GENBANK|QFG73745.1|GENBANK|MN448270|elongation factor Tu GTP binding domain protein [Megaviridae environmental sample]	Megaviridae environmental sample	Blastx
SRR31829833	NODE_12289_length_349_cov_3.670886	75.6	349	889	0.087739	5.80e-27	acc|GENBANK|QCC26834.1|GENBANK|MK532516|Bs2 gagpol polyprotein [Zea mays]	Zea mays	Blastx
SRR31829833	NODE_22269_length_304_cov_3.763838	66.7	304	345	0.226087	6.04e-27	acc|GENBANK|AYV79352.1|GENBANK|MK072141|hypothetical protein [Faunusvirus sp.]	Faunusvirus sp.	Blastx
SRR31829833	NODE_5753_length_684_cov_32.694316	37.7	684	294	0.595238	6.06e-27	acc|GENBANK|BDT62159.1|GENBANK|LC738872|bax inhibitor 1-like protein [Litopenaeus vannamei majanivirus Nimav-1_LVa]	Litopenaeus vannamei majanivirus Nimav-1_LVa	Blastx
SRR31829833	NODE_18871_length_231_cov_2.924242	90.4	231	64	0.812500	6.12e-27	acc|GENBANK|AAK62473.1|GENBANK|AY032741|heat shock protein Hsp70Ab [Drosophila melanogaster]	Drosophila melanogaster	Blastx
SRR31829833	NODE_33079_length_278_cov_2.865306	58.0	278	697	0.126255	7.53e-27	acc|REFSEQ|YP_010781946.1|REFSEQ|NC_075039|catalase [Tupanvirus soda lake]	Tupanvirus soda lake	Blastx
SRR31829833	NODE_24944_length_882_cov_16.096584	27.1	882	405	0.701235	7.97e-27	acc|GENBANK|QKF93968.1|GENBANK|MT418680|orotidine 5'-phosphate decarboxylase [Fadolivirus FV1/VV64]	Fadolivirus FV1/VV64	Blastx
SRR31829833	NODE_29234_length_217_cov_1.271739	73.6	217	1328	0.054217	8.69e-27	acc|GENBANK|AAK29467.1|GENBANK|AF279585|polyprotein-like [Solanum chilense]	Solanum chilense	Blastx
SRR31829833	NODE_26602_length_744_cov_4.763713	37.6	744	478	0.389121	1.05e-26	acc|GENBANK|QBK86272.1|GENBANK|MK500334|cyclin-dependent protein kinase [Marseillevirus LCMAC102]	Marseillevirus LCMAC102	Blastx
SRR31829833	NODE_16194_length_407_cov_1.903743	39.0	407	269	0.609665	1.07e-26	acc|GENBANK|ACG35536.1|GENBANK|EU963418|retrotransposon protein [Zea mays]	Zea mays	Blastx
SRR31829833	NODE_16284_length_535_cov_3.862550	46.6	535	166	0.698795	1.09e-26	acc|GENBANK|QPI16596.1|GENBANK|MW030586|tRNA-specific adenosine deaminase [Virus NIOZ-UU159]	Virus NIOZ-UU159	Blastx
SRR31829833	NODE_4066_length_365_cov_7.295181	64.7	365	336	0.252976	1.12e-26	acc|GENBANK|ACG35788.1|GENBANK|EU963670|retrotransposon protein Ty3-gypsy subclass [Zea mays]	Zea mays	Blastx
SRR31829833	NODE_15497_length_643_cov_3.957377	35.4	643	634	0.307571	1.21e-26	acc|REFSEQ|YP_010782446.1|REFSEQ|NC_075039|putative acyl-CoA oxidase [Tupanvirus soda lake]	Tupanvirus soda lake	Blastx
SRR31829833	NODE_23626_length_775_cov_10.927224	41.0	775	625	0.284800	1.22e-26	acc|GENBANK|QCQ67784.1|GENBANK|MK637631|macro domain-containing protein [European chub iridovirus]	European chub iridovirus	Blastx
SRR31829833	NODE_12376_length_430_cov_2.440806	51.4	430	276	0.387681	1.64e-26	acc|GENBANK|ARF11656.1|GENBANK|KY684109|copine [Klosneuvirus KNV1]	Klosneuvirus KNV1	Blastx
SRR31829833	NODE_11571_length_960_cov_8.703344	34.1	960	238	0.949580	1.77e-26	acc|GENBANK|QDY51734.1|GENBANK|MK250085|hypothetical protein [Mimiviridae sp. ChoanoV1]	Mimiviridae sp. ChoanoV1	Blastx
SRR31829833	NODE_9731_length_272_cov_3.451883	58.8	272	382	0.209424	1.81e-26	acc|GENBANK|AAB31930.2|GENBANK|S74099|v-myb product [Avian myeloblastosis virus]	Avian myeloblastosis virus	Blastx
SRR31829833	NODE_5642_length_520_cov_7.028747	37.0	520	408	0.404412	1.87e-26	acc|REFSEQ|YP_010781447.1|REFSEQ|NC_075039|Zn-dependent alcohol dehydrogenase [Tupanvirus soda lake]	Tupanvirus soda lake	Blastx
SRR31829833	NODE_7930_length_912_cov_17.499431	49.2	912	344	0.383721	2.04e-26	acc|GENBANK|QFG74169.1|GENBANK|MN448282|aspartyl protease [Megaviridae environmental sample]	Megaviridae environmental sample	Blastx
SRR31829833	NODE_11155_length_234_cov_4.537313	71.6	234	369	0.181572	2.55e-26	acc|GENBANK|AFV13469.1|GENBANK|JQ314449|Tac7077 [Coix lacryma-jobi]	Coix lacryma-jobi	Blastx
SRR31829833	NODE_33227_length_292_cov_1.806950	54.2	292	212	0.452830	3.18e-26	acc|GENBANK|AYV82031.1|GENBANK|MK072334|Ras-like protein Rab-11A [Homavirus sp.]	Homavirus sp.	Blastx
SRR31829833	NODE_8256_length_721_cov_9.325581	47.0	721	421	0.313539	3.25e-26	acc|GENBANK|AGP03657.1|GENBANK|KF220834|integrase-type DNA-binding superfamily protein [Glycine max]	Glycine max	Blastx
SRR31829833	NODE_8340_length_762_cov_9.393690	34.9	762	833	0.261705	3.46e-26	acc|GENBANK|AAL14454.1|GENBANK|AF397035|DNA mismatch repair protein Msh5 [Mus musculus]	Mus musculus	Blastx
SRR31829833	NODE_11102_length_529_cov_11.887097	50.9	529	276	0.413043	3.57e-26	acc|REFSEQ|YP_010781341.1|REFSEQ|NC_075039|copine [Tupanvirus soda lake]	Tupanvirus soda lake	Blastx
SRR31829833	NODE_26048_length_390_cov_5.089636	71.1	390	325	0.233846	3.58e-26	acc|GENBANK|ABY48134.1|GENBANK|EU306659|bHLH transcription factor [Medicago truncatula]	Medicago truncatula	Blastx
SRR31829833	NODE_20605_length_472_cov_5.421412	58.9	472	299	0.301003	4.17e-26	acc|GENBANK|UOG94093.1|NEIGHBOR|OM876856|serine threonine-protein phosphatase [Aureococcus anophagefferens virus]	Aureococcus anophagefferens virus	Blastx
SRR31829833	NODE_25382_length_1191_cov_18.772021	25.3	1191	448	0.810268	4.29e-26	acc|GENBANK|QQV29731.1|GENBANK|MT334784|hypothetical protein [Kaumoebavirus]	Kaumoebavirus	Blastx
SRR31829833	NODE_3383_length_700_cov_20.305847	44.1	700	518	0.310811	4.63e-26	acc|GENBANK|QPI16131.1|GENBANK|MW030532|hypothetical protein [Virus NIOZ-UU157]	Virus NIOZ-UU157	Blastx
SRR31829833	NODE_25146_length_859_cov_12.888620	37.9	859	303	0.584158	4.63e-26	acc|GENBANK|QRI42800.1|GENBANK|MT799800|putative RNA phosphatase [Cheloniid poxvirus 1]	Cheloniid poxvirus 1	Blastx
SRR31829833	NODE_7244_length_1075_cov_5.794626	34.5	1075	388	0.523196	4.80e-26	acc|GENBANK|CCQ71327.1|GENBANK|HF586476|hypothetical protein kinase Pka-C1 [Cotesia congregata]	Cotesia congregata	Blastx
SRR31829833	NODE_33450_length_348_cov_1.485714	46.2	348	912	0.128289	5.11e-26	acc|GENBANK|ACX48824.1|GENBANK|GQ923937|chromomethylase [Zea mays]	Zea mays	Blastx
SRR31829833	NODE_2811_length_200_cov_4.676647	94.5	200	228	0.241228	5.25e-26	acc|GENBANK|AAD44039.1|GENBANK|AF104022|polyprotein [Bovine viral diarrhea virus 2]	Bovine viral diarrhea virus 2	Blastx
SRR31829833	NODE_1619_length_1124_cov_239.153987	52.0	1124	153	0.640523	5.61e-26	acc|GENBANK|QFG73633.1|GENBANK|MN448266|thioredoxin-like protein [Megaviridae environmental sample]	Megaviridae environmental sample	Blastx
SRR31829833	NODE_25475_length_543_cov_22.731373	40.9	543	498	0.265060	5.64e-26	acc|GENBANK|XHA59766.1|GENBANK|OR863077|thermosome [Poseidoniales virus]	Poseidoniales virus	Blastx
SRR31829833	NODE_3802_length_646_cov_51.954323	42.5	646	557	0.262118	6.36e-26	acc|GENBANK|WGU26825.1|GENBANK|OQ503488|putative acyl-activating enzyme 5 [Triticum monococcum]	Triticum monococcum	Blastx
SRR31829833	NODE_2923_length_677_cov_12.698758	61.1	677	563	0.159858	6.41e-26	acc|REFSEQ|YP_010780657.1|REFSEQ|NC_075038|dna topoisomerase 1b [Tupanvirus deep ocean]	Tupanvirus deep ocean	Blastx
SRR31829833	NODE_21192_length_522_cov_3.400818	37.2	522	1303	0.132003	6.76e-26	acc|GENBANK|BDT61654.1|GENBANK|LC738868|DNA ligase 1-like protein [Marsupenaeus japonicus endogenous nimavirus]	Marsupenaeus japonicus endogenous nimavirus	Blastx
SRR31829833	NODE_14809_length_294_cov_3.467433	55.3	294	489	0.192229	6.80e-26	acc|GENBANK|QFG74185.1|GENBANK|MN448282|hypothetical protein [Megaviridae environmental sample]	Megaviridae environmental sample	Blastx
SRR31829833	NODE_6377_length_700_cov_26.088456	39.4	700	647	0.247295	7.60e-26	acc|GENBANK|AYV86775.1|GENBANK|MK072515|CMGC/MAPK protein kinase, variant 1 [Sylvanvirus sp.]	Sylvanvirus sp.	Blastx
SRR31829833	NODE_13023_length_290_cov_4.482490	55.3	290	1721	0.054619	8.23e-26	acc|REFSEQ|YP_008319603.1|REFSEQ|NC_021858|serine-threonine kinase [Pandoravirus dulcis]	Pandoravirus dulcis	Blastx
SRR31829833	NODE_25165_length_727_cov_15.989914	31.5	727	228	0.960526	8.75e-26	acc|GENBANK|AYV76988.1|GENBANK|MK072003|nicotinamide/nicotinic acid mononucleotide [Barrevirus sp.]	Barrevirus sp.	Blastx
SRR31829833	NODE_2927_length_1229_cov_8.576087	46.2	1229	127	0.937008	8.84e-26	acc|REFSEQ|YP_009553218.1|REFSEQ|NC_040712|ORF2 [Dioscorea nummularia-associated virus]	Dioscorea nummularia-associated virus	Blastx
SRR31829833	NODE_22766_length_747_cov_13.471989	43.8	747	121	1.000000	9.52e-26	acc|GENBANK|UNJ46594.1|GENBANK|OM135585|yippee [Drosophila melanogaster]	Drosophila melanogaster	Blastx
SRR31829833	NODE_19070_length_505_cov_3.103814	54.8	505	182	0.510989	9.60e-26	acc|GENBANK|AYP74189.1|GENBANK|MG702259|HAL3-like domain protein [Fowlpox virus]	Fowlpox virus	Blastx
SRR31829833	NODE_29374_length_219_cov_2.516129	62.8	219	360	0.216667	9.79e-26	acc|GENBANK|QBK88998.1|GENBANK|MK500406|GDP-mannose 4,6 dehydratase [Mimivirus LCMiAC02]	Mimivirus LCMiAC02	Blastx
SRR31829833	NODE_1414_length_827_cov_15.350126	47.5	827	105	0.942857	1.14e-25	acc|GENBANK|QPI16506.1|GENBANK|MW030569|thioredoxin domain-containing protein [Virus NIOZ-UU157]	Virus NIOZ-UU157	Blastx
SRR31829833	NODE_11026_length_250_cov_2.009217	67.9	250	282	0.287234	1.15e-25	acc|GENBANK|AAL14448.1|GENBANK|AF397035|heat shock protein Hsc70t [Mus musculus]	Mus musculus	Blastx
SRR31829833	NODE_16981_length_441_cov_2.580882	75.4	441	489	0.141104	1.16e-25	acc|GENBANK|AAK84471.1|GENBANK|AF275345|putative permease [Solanum lycopersicum]	Solanum lycopersicum	Blastx
SRR31829833	NODE_17814_length_524_cov_9.242363	37.5	524	782	0.204604	1.17e-25	acc|GENBANK|WKA13618.1|GENBANK|OR120048|calpain-like protein [Cotesia congregata filamentous virus 2]	Cotesia congregata filamentous virus 2	Blastx
SRR31829833	NODE_10171_length_290_cov_3.019455	56.5	290	276	0.333333	1.22e-25	acc|GENBANK|ACG38448.1|GENBANK|EU966330|retrotransposon protein Ty1-copia subclass [Zea mays]	Zea mays	Blastx
SRR31829833	NODE_15795_length_742_cov_2.792666	37.2	742	571	0.334501	1.24e-25	acc|GENBANK|QPI16192.1|GENBANK|MW030542|DNA primase/helicase [Virus NIOZ-UU157]	Virus NIOZ-UU157	Blastx
SRR31829833	NODE_967_length_788_cov_20.260927	39.4	788	162	0.876543	1.49e-25	acc|GENBANK|QBK84530.1|GENBANK|MK500278|6,7-dimethyl-8-ribityllumazine synthase [Pithovirus LCDPAC01]	Pithovirus LCDPAC01	Blastx
SRR31829833	NODE_14680_length_581_cov_3.547445	35.9	581	422	0.402844	1.55e-25	acc|GENBANK|UFX99841.1|GENBANK|MH046811|zinc-type alcohol dehydrogenase-like protein [Megavirus baoshan]	Megavirus baoshan	Blastx
SRR31829833	NODE_19197_length_684_cov_3.709677	35.2	684	631	0.288431	1.62e-25	acc|GENBANK|AYV76068.1|GENBANK|MK071982|hypothetical protein [Terrestrivirus sp.]	Terrestrivirus sp.	Blastx
SRR31829833	NODE_2096_length_489_cov_3.287281	40.4	489	576	0.279514	1.62e-25	acc|GENBANK|QIG59631.1|GENBANK|MN940577|hypothetical protein [Dishui Lake phycodnavirus 2]	Dishui Lake phycodnavirus 2	Blastx
SRR31829833	NODE_3145_length_1870_cov_65.811105	51.7	1870	102	0.852941	1.62e-25	acc|GENBANK|CAD45443.1|GENBANK|AJ507397|coat protein [Iris mild mosaic virus]	Iris mild mosaic virus	Blastx
SRR31829833	NODE_31991_length_260_cov_3.092511	60.0	260	604	0.140728	1.68e-25	acc|REFSEQ|YP_008052571.1|REFSEQ|NC_021312|ATP-dependent zinc metalloprotease [Phaeocystis globosa virus]	Phaeocystis globosa virus	Blastx
SRR31829833	NODE_20917_length_507_cov_2.913502	39.1	507	676	0.238166	1.75e-25	acc|GENBANK|AGE53660.1|GENBANK|JX997168|potassium transporter [Acanthocystis turfacea Chlorella virus GM0701.1]	Acanthocystis turfacea Chlorella virus GM0701.1	Blastx
SRR31829833	NODE_19691_length_401_cov_3.831522	42.5	401	1686	0.071174	1.88e-25	acc|GENBANK|QBZ81757.1|GENBANK|MK174290|Serine/threonine protein kinase, catalytic [Pandoravirus celtis]	Pandoravirus celtis	Blastx
SRR31829833	NODE_26121_length_430_cov_2.969773	42.1	430	394	0.337563	2.14e-25	acc|REFSEQ|YP_009640107.1|REFSEQ|NC_011335|hypothetical protein [Diadromus pulchellus ascovirus 4a]	Diadromus pulchellus ascovirus 4a	Blastx
SRR31829833	NODE_14858_length_267_cov_3.790598	83.9	267	113	0.548673	2.24e-25	acc|GENBANK|AGM61329.1|GENBANK|KC170726|histone H4 like-protein [Cotesia sesamiae bracovirus]	Cotesia sesamiae bracovirus	Blastx
SRR31829833	NODE_4326_length_1380_cov_28.642910	28.6	1380	402	0.922886	2.91e-25	acc|GENBANK|QYA18859.1|GENBANK|MZ420154|phospholipase [Clandestinovirus]	Clandestinovirus	Blastx
SRR31829833	NODE_18582_length_394_cov_5.803324	46.7	394	443	0.237020	3.20e-25	acc|REFSEQ|YP_010782291.1|REFSEQ|NC_075039|alcohol dehydrogenase [Tupanvirus soda lake]	Tupanvirus soda lake	Blastx
SRR31829833	NODE_5563_length_601_cov_4.276408	44.1	601	421	0.339667	3.65e-25	acc|GENBANK|AGP03657.1|GENBANK|KF220834|integrase-type DNA-binding superfamily protein [Glycine max]	Glycine max	Blastx
SRR31829833	NODE_17064_length_1683_cov_9.188485	31.4	1683	355	0.853521	3.70e-25	acc|GENBANK|AJR29197.1|GENBANK|KP266742|putative 3-beta hydroxysteroid dehydrogenase [German gecko ranavirus]	German gecko ranavirus	Blastx
SRR31829833	NODE_25671_length_329_cov_17.645270	53.2	329	265	0.411321	4.52e-25	acc|GENBANK|AAG09811.1|GENBANK|AF275345|MADS-box transcription factor JOINTLESS [Solanum lycopersicum]	Solanum lycopersicum	Blastx
SRR31829833	NODE_27055_length_692_cov_38.198786	34.5	692	702	0.252137	4.77e-25	acc|GENBANK|ARF12034.1|GENBANK|KY684110|copper amine oxidase [Klosneuvirus KNV1]	Klosneuvirus KNV1	Blastx
SRR31829833	NODE_12986_length_380_cov_1.965418	51.1	380	861	0.104530	4.79e-25	acc|REFSEQ|YP_656628.1|REFSEQ|NC_008210|ORF120 [Ranid herpesvirus 2]	Ranid herpesvirus 2	Blastx
SRR31829833	NODE_13343_length_377_cov_3.970930	42.1	377	1705	0.073900	4.81e-25	acc|REFSEQ|YP_009165166.1|REFSEQ|NC_027867|serine-threonine kinase [Mollivirus sibericum]	Mollivirus sibericum	Blastx
SRR31829833	NODE_5183_length_591_cov_22.401434	45.4	591	121	0.892562	5.03e-25	acc|GENBANK|UNJ46594.1|GENBANK|OM135585|yippee [Drosophila melanogaster]	Drosophila melanogaster	Blastx
SRR31829833	NODE_30222_length_233_cov_1.170000	89.1	233	189	0.291005	5.24e-25	acc|REFSEQ|YP_009465730.1|REFSEQ|NC_037057|hypothetical protein [Dishui lake phycodnavirus 1]	Dishui lake phycodnavirus 1	Blastx
SRR31829833	NODE_22597_length_927_cov_15.573826	35.0	927	473	0.374207	5.93e-25	acc|REFSEQ|YP_010781727.1|REFSEQ|NC_075039|putative ubiquitin-specific protease [Tupanvirus soda lake]	Tupanvirus soda lake	Blastx
SRR31829833	NODE_6976_length_382_cov_10.315186	61.1	382	201	0.472637	5.98e-25	acc|GENBANK|WGU26826.1|GENBANK|OQ503488|casparian strip membrane protein [Triticum monococcum]	Triticum monococcum	Blastx
SRR31829833	NODE_103_length_1389_cov_20.943215	32.0	1389	492	0.526423	6.08e-25	acc|GENBANK|QBK88108.1|GENBANK|MK500375|cyclin-dependent protein kinase [Marseillevirus LCMAC202]	Marseillevirus LCMAC202	Blastx
SRR31829833	NODE_29616_length_223_cov_1.231579	65.3	223	234	0.307692	6.58e-25	acc|REFSEQ|YP_001430022.1|REFSEQ|NC_009764|TGB-1 [Coleus vein necrosis virus]	Coleus vein necrosis virus	Blastx
SRR31829833	NODE_29495_length_221_cov_1.244681	67.1	221	1281	0.056987	7.07e-25	acc|GENBANK|AAA67727.1|GENBANK|U15647|reverse transcriptase [Mus musculus domesticus]	Mus musculus domesticus	Blastx
SRR31829833	NODE_659_length_1053_cov_12.768627	30.7	1053	342	0.742690	7.18e-25	acc|GENBANK|AYV78971.1|GENBANK|MK072128|transmembrane protein 184C-like protein [Edafosvirus sp.]	Edafosvirus sp.	Blastx
SRR31829833	NODE_20621_length_334_cov_6.641196	46.4	334	482	0.228216	7.45e-25	acc|GENBANK|AYV78072.1|GENBANK|MK072069|prolyl-tRNA synthetase [Edafosvirus sp.]	Edafosvirus sp.	Blastx
SRR31829833	NODE_2922_length_207_cov_10.597701	72.1	207	203	0.334975	7.48e-25	acc|GENBANK|AYV75892.1|GENBANK|MK071981|putative Ras-related protein Rab7 [Terrestrivirus sp.]	Terrestrivirus sp.	Blastx
SRR31829833	NODE_20373_length_432_cov_2.330827	37.8	432	498	0.287149	7.58e-25	acc|GENBANK|QBK88840.1|GENBANK|MK500400|serine/threonine protein kinase [Mimivirus LCMiAC01]	Mimivirus LCMiAC01	Blastx
SRR31829833	NODE_523_length_1107_cov_15.625698	36.3	1107	279	0.641577	8.17e-25	acc|GENBANK|QBK87117.1|GENBANK|MK500344|putative serine/threonine protein kinase [Marseillevirus LCMAC201]	Marseillevirus LCMAC201	Blastx
SRR31829833	NODE_9243_length_782_cov_24.161549	34.8	782	248	0.717742	8.49e-25	acc|GENBANK|XDO02353.1|GENBANK|PP542043|Sdr Family Oxidoreductase [Florenciella sp. virus SA2]	Florenciella sp. virus SA2	Blastx
SRR31829833	NODE_24562_length_626_cov_5.704890	34.8	626	267	0.700375	8.52e-25	acc|GENBANK|AYV83005.1|GENBANK|MK072385|YchF/TatD family DNA exonuclease [Hyperionvirus sp.]	Hyperionvirus sp.	Blastx
SRR31829833	NODE_6213_length_1091_cov_66.830813	32.5	1091	215	0.888372	9.01e-25	acc|GENBANK|ARF09950.1|GENBANK|KY684090|T2 family ribonuclease [Indivirus ILV1]	Indivirus ILV1	Blastx
SRR31829833	NODE_1924_length_320_cov_4.675958	50.0	320	447	0.228188	9.20e-25	acc|REFSEQ|NP_077596.1|REFSEQ|NC_002687|serine-threonine kinase [Ectocarpus siliculosus virus 1]	Ectocarpus siliculosus virus 1	Blastx
SRR31829833	NODE_1094_length_406_cov_9.260054	44.2	406	1790	0.072067	9.58e-25	acc|REFSEQ|YP_009481560.1|REFSEQ|NC_037665|serine-threonine kinase [Pandoravirus macleodensis]	Pandoravirus macleodensis	Blastx
SRR31829833	NODE_11864_length_805_cov_5.538860	30.6	805	352	0.761364	9.79e-25	acc|REFSEQ|YP_009173464.1|REFSEQ|NC_028094|transcription initiation factor TFIIIB [Chrysochromulina ericina virus]	Chrysochromulina ericina virus	Blastx
SRR31829833	NODE_7005_length_791_cov_37.255937	34.1	791	363	0.564738	1.02e-24	acc|GENBANK|WBR14213.1|GENBANK|ON887157|Bifunctional purine biosynthesis protein [Pandoravirus kuranda]	Pandoravirus kuranda	Blastx
SRR31829833	NODE_779_length_947_cov_34.243982	39.6	947	164	0.847561	1.02e-24	acc|GENBANK|QFG73678.1|GENBANK|MN448266|inorganic pyrophosphatase [Megaviridae environmental sample]	Megaviridae environmental sample	Blastx
SRR31829833	NODE_4341_length_1194_cov_9.365202	29.6	1194	702	0.404558	1.07e-24	acc|GENBANK|ARF12034.1|GENBANK|KY684110|copper amine oxidase [Klosneuvirus KNV1]	Klosneuvirus KNV1	Blastx
SRR31829833	NODE_12081_length_621_cov_25.969388	61.0	621	93	0.827957	1.21e-24	acc|GENBANK|AYV80661.1|GENBANK|MK072246|putative Cytochrome b5 [Harvfovirus sp.]	Harvfovirus sp.	Blastx
SRR31829833	NODE_8441_length_953_cov_12.925000	37.7	953	467	0.312634	1.26e-24	acc|GENBANK|API81738.1|NEIGHBOR|KU052222|hypothetical protein [Cafeteriavirus-dependent mavirus]	Cafeteriavirus-dependent mavirus	Blastx
SRR31829833	NODE_1095_length_334_cov_9.584718	48.9	334	120	0.783333	1.27e-24	acc|GENBANK|QBZ81758.1|GENBANK|MK174290|Protein kinase catalytic incomplete domain [Pandoravirus celtis]	Pandoravirus celtis	Blastx
SRR31829833	NODE_11754_length_606_cov_16.760908	45.5	606	189	0.534392	1.30e-24	acc|REFSEQ|YP_009448796.1|REFSEQ|NC_036594|Fatty acid hydroxylase (C-4 methyl sterol [Orpheovirus IHUMI-LCC2]	Orpheovirus IHUMI-LCC2	Blastx
SRR31829833	NODE_4172_length_841_cov_8.290842	36.7	841	791	0.213654	1.44e-24	acc|GENBANK|UGN61890.1|GENBANK|OK330388|retrotransposon protein [Cucumis melo subsp. melo]	Cucumis melo subsp. melo	Blastx
SRR31829833	NODE_8427_length_543_cov_7.943137	37.3	543	423	0.354610	1.46e-24	acc|GENBANK|AYV79645.1|GENBANK|MK072163|serine/threonine protein kinase [Faunusvirus sp.]	Faunusvirus sp.	Blastx
SRR31829833	NODE_21539_length_967_cov_5.662741	29.7	967	595	0.526050	1.59e-24	acc|GENBANK|WZO88934.1|GENBANK|PP681897|glucosamine--fructose-6-phosphate [Chlorovirus sp.]	Chlorovirus sp.	Blastx
SRR31829833	NODE_2161_length_1081_cov_56.512405	38.5	1081	142	1.007042	1.77e-24	acc|GENBANK|AYV77645.1|GENBANK|MK072058|acetylornithine deacetylase [Dasosvirus sp.]	Dasosvirus sp.	Blastx
SRR31829833	NODE_1601_length_601_cov_2.482394	36.0	601	925	0.204324	1.80e-24	acc|GENBANK|ABY48139.1|GENBANK|EU306659|NORK [Medicago truncatula]	Medicago truncatula	Blastx
SRR31829833	NODE_32490_length_268_cov_0.995745	56.8	268	1281	0.068696	1.88e-24	acc|GENBANK|AAL17970.1|GENBANK|AY053455|pORF2 [Mus musculus domesticus]	Mus musculus domesticus	Blastx
SRR31829833	NODE_7481_length_392_cov_11.520891	62.2	392	201	0.447761	1.88e-24	acc|GENBANK|WGU26826.1|GENBANK|OQ503488|casparian strip membrane protein [Triticum monococcum]	Triticum monococcum	Blastx
SRR31829833	NODE_25531_length_442_cov_19.711491	43.4	442	474	0.301688	1.90e-24	acc|GENBANK|WIL04195.1|GENBANK|OQ413577|adenylosuccinate synthetase [Cedratvirus lena]	Cedratvirus lena	Blastx
SRR31829833	NODE_24893_length_1047_cov_19.685404	33.8	1047	233	0.901288	2.09e-24	acc|GENBANK|QBK85221.1|GENBANK|MK500309|2OG-Fe(II) oxygenase superfamily protein [Iridovirus LCIVAC01]	Iridovirus LCIVAC01	Blastx
SRR31829833	NODE_11220_length_389_cov_2.401685	43.1	389	334	0.368263	2.25e-24	acc|REFSEQ|YP_010782262.1|REFSEQ|NC_075039|UDP-glucose 4-epimerase [Tupanvirus soda lake]	Tupanvirus soda lake	Blastx
SRR31829833	NODE_17602_length_654_cov_10.787440	36.0	654	310	0.609677	2.57e-24	acc|GENBANK|AYV86922.1|GENBANK|MK072520|hypothetical protein [Sylvanvirus sp.]	Sylvanvirus sp.	Blastx
SRR31829833	NODE_21858_length_316_cov_4.901060	51.5	316	925	0.109189	2.58e-24	acc|GENBANK|ABY48139.1|GENBANK|EU306659|NORK [Medicago truncatula]	Medicago truncatula	Blastx
SRR31829833	NODE_19708_length_473_cov_6.702273	38.7	473	759	0.214756	2.68e-24	acc|GENBANK|ACN78962.1|GENBANK|FJ225394|methyltransferase [Glycine max]	Glycine max	Blastx
SRR31829833	NODE_8602_length_1283_cov_16.844800	32.6	1283	279	0.670251	2.71e-24	acc|GENBANK|QBK87117.1|GENBANK|MK500344|putative serine/threonine protein kinase [Marseillevirus LCMAC201]	Marseillevirus LCMAC201	Blastx
SRR31829833	NODE_15406_length_582_cov_18.748634	40.5	582	571	0.259194	2.88e-24	acc|GENBANK|QBK86402.1|GENBANK|MK500334|ATPase family protein [Marseillevirus LCMAC102]	Marseillevirus LCMAC102	Blastx
SRR31829833	NODE_25568_length_481_cov_26.154018	62.3	481	286	0.269231	2.94e-24	acc|GENBANK|ARF09529.1|GENBANK|KY684085|cyclophilin type peptidyl-prolyl cis-trans [Indivirus ILV1]	Indivirus ILV1	Blastx
SRR31829833	NODE_228_length_818_cov_17.858599	31.7	818	279	0.949821	3.04e-24	acc|GENBANK|QBK87125.1|GENBANK|MK500344|NADP oxidoreductase coenzyme F420-dependent [Marseillevirus LCMAC201]	Marseillevirus LCMAC201	Blastx
SRR31829833	NODE_7936_length_1093_cov_9.956604	41.4	1093	226	0.672566	3.21e-24	acc|GENBANK|ARF08362.1|GENBANK|KY684083|cyclophilin type peptidyl-prolyl cis-trans [Catovirus CTV1]	Catovirus CTV1	Blastx
SRR31829833	NODE_4352_length_472_cov_2.890661	62.0	472	418	0.169856	3.23e-24	acc|GENBANK|CAK7597149.1|GENBANK|OZ003748|Chaperone DnaJ [Catovirus sp. 'naegleriensis']	Catovirus sp. 'naegleriensis'	Blastx
SRR31829833	NODE_7285_length_509_cov_3.806723	42.1	509	1789	0.070430	3.24e-24	acc|GENBANK|UMO80375.1|GENBANK|MZ420563|Serine/threonine protein kinase [Pandoravirus aubagnensis]	Pandoravirus aubagnensis	Blastx
SRR31829833	NODE_1029_length_551_cov_170.391892	34.1	551	373	0.471850	3.26e-24	acc|GENBANK|AYV86662.1|GENBANK|MK072512|phosphatase 2C [Sylvanvirus sp.]	Sylvanvirus sp.	Blastx
SRR31829833	NODE_6569_length_1529_cov_6.888369	27.9	1529	429	0.659674	3.28e-24	acc|GENBANK|AYV85229.1|GENBANK|MK072443|putative protein unc-93-like protein [Satyrvirus sp.]	Satyrvirus sp.	Blastx
SRR31829833	NODE_18306_length_379_cov_10.193642	75.4	379	372	0.153226	3.39e-24	acc|GENBANK|AIG55096.1|GENBANK|KJ629184|replication-associated protein [Dioscorea alata]	Dioscorea alata	Blastx
SRR31829833	NODE_954_length_388_cov_143.952113	41.7	388	1686	0.071174	3.60e-24	acc|GENBANK|QBZ81757.1|GENBANK|MK174290|Serine/threonine protein kinase, catalytic [Pandoravirus celtis]	Pandoravirus celtis	Blastx
SRR31829833	NODE_3543_length_427_cov_19.654822	39.5	427	242	0.533058	3.64e-24	acc|GENBANK|ARF09567.1|GENBANK|KY684085|zinc-finger and zinc-ribbon domain protein [Indivirus ILV1]	Indivirus ILV1	Blastx
SRR31829833	NODE_14418_length_299_cov_1.962406	56.0	299	877	0.114025	3.78e-24	acc|GENBANK|AYV82301.1|GENBANK|MK072358|putative phosphoribosylformylglycinamidine [Homavirus sp.]	Homavirus sp.	Blastx
SRR31829833	NODE_10790_length_260_cov_0.995595	59.8	260	1042	0.078695	4.20e-24	acc|GENBANK|ACN78973.1|GENBANK|FJ225394|copia-type polyprotein [Glycine max]	Glycine max	Blastx
SRR31829833	NODE_19102_length_365_cov_3.918675	54.3	365	337	0.272997	4.80e-24	acc|GENBANK|ABH08433.1|GENBANK|DQ851167|putative heat shock factor [Beta vulgaris]	Beta vulgaris	Blastx
SRR31829833	NODE_14665_length_642_cov_4.940887	45.5	642	793	0.168979	4.96e-24	acc|GENBANK|BDT63291.1|GENBANK|LC738883|guanylate kinase-like protein [Armadillidium vulgare clopovirus]	Armadillidium vulgare clopovirus	Blastx
SRR31829833	NODE_7049_length_524_cov_7.663951	53.8	524	1105	0.084163	5.03e-24	acc|GENBANK|AAK84476.1|GENBANK|AF275345|unknown [Solanum lycopersicum]	Solanum lycopersicum	Blastx
SRR31829833	NODE_20274_length_412_cov_2.379947	37.0	412	275	0.490909	5.94e-24	acc|GENBANK|CAD21956.1|NEIGHBOR|AJ428955|neomycin phosphotransferase [GB virus-B]	GB virus-B	Blastx
SRR31829833	NODE_8412_length_570_cov_20.670391	35.7	570	225	0.746667	6.01e-24	acc|GENBANK|AYV75266.1|GENBANK|MK071979|putative elongation factor 1-gamma-A-like [Terrestrivirus sp.]	Terrestrivirus sp.	Blastx
SRR31829833	NODE_7055_length_416_cov_9.490862	60.0	416	337	0.252226	6.32e-24	acc|GENBANK|ABH08433.1|GENBANK|DQ851167|putative heat shock factor [Beta vulgaris]	Beta vulgaris	Blastx
SRR31829833	NODE_13094_length_274_cov_3.800830	53.6	274	373	0.225201	6.66e-24	acc|GENBANK|AYV76239.1|GENBANK|MK071983|hypothetical protein [Terrestrivirus sp.]	Terrestrivirus sp.	Blastx
SRR31829833	NODE_280_length_588_cov_16.657658	32.5	588	348	0.583333	6.69e-24	acc|GENBANK|QKF93652.1|GENBANK|MT418680|methionine aminopeptidase [Fadolivirus FV1/VV64]	Fadolivirus FV1/VV64	Blastx
SRR31829833	NODE_9111_length_338_cov_21.170492	53.7	338	241	0.394191	6.72e-24	acc|GENBANK|AYV79183.1|GENBANK|MK072135|hypothetical protein [Faunusvirus sp.]	Faunusvirus sp.	Blastx
SRR31829833	NODE_11863_length_507_cov_9.251055	35.5	507	459	0.337691	6.85e-24	acc|GENBANK|BBI30359.1|GENBANK|AP018495|beta-galactosidase [Acanthamoeba castellanii medusavirus J1]	Acanthamoeba castellanii medusavirus J1	Blastx
SRR31829833	NODE_14255_length_604_cov_6.788091	38.5	604	139	0.971223	7.41e-24	acc|GENBANK|QFG74212.1|GENBANK|MN448284|cytidylyltransferase-like protein [Megaviridae environmental sample]	Megaviridae environmental sample	Blastx
SRR31829833	NODE_31882_length_258_cov_1.040000	54.7	258	249	0.345382	8.13e-24	acc|GENBANK|QKY77335.1|GENBANK|MT637187|MADS-box transcription factor SHP1.A9 [Brassica napus]	Brassica napus	Blastx
SRR31829833	NODE_4953_length_720_cov_11.643377	35.2	720	182	0.890110	8.64e-24	acc|REFSEQ|YP_009163818.1|REFSEQ|NC_027778|ORF_057R [Scale drop disease virus]	Scale drop disease virus	Blastx
SRR31829833	NODE_9379_length_520_cov_20.000000	37.5	520	1573	0.101716	9.32e-24	acc|REFSEQ|YP_007354741.1|REFSEQ|NC_020104|serine-threonine kinase [Acanthamoeba polyphaga moumouvirus]	Acanthamoeba polyphaga moumouvirus	Blastx
SRR31829833	NODE_6298_length_1228_cov_8.234310	27.3	1228	468	0.829060	9.34e-24	acc|GENBANK|ARF10845.1|GENBANK|KY684105|ubiquitin carboxyl-terminal hydrolase [Hokovirus HKV1]	Hokovirus HKV1	Blastx
SRR31829833	NODE_31092_length_246_cov_1.098592	52.5	246	120	0.666667	9.68e-24	acc|GENBANK|QBZ81758.1|GENBANK|MK174290|Protein kinase catalytic incomplete domain [Pandoravirus celtis]	Pandoravirus celtis	Blastx
SRR31829833	NODE_17375_length_365_cov_4.180723	54.2	365	365	0.263014	9.77e-24	acc|GENBANK|BDT62135.1|GENBANK|LC738872|heat shock protein 40-like protein [Litopenaeus vannamei majanivirus Nimav-1_LVa]	Litopenaeus vannamei majanivirus Nimav-1_LVa	Blastx
SRR31829833	NODE_26675_length_584_cov_7.139746	38.9	584	504	0.331349	1.06e-23	acc|REFSEQ|YP_010781201.1|REFSEQ|NC_075038|cysteinyl-tRNA synthetase [Tupanvirus deep ocean]	Tupanvirus deep ocean	Blastx
SRR31829833	NODE_21610_length_437_cov_3.621287	57.7	437	336	0.232143	1.11e-23	acc|GENBANK|ACG35788.1|GENBANK|EU963670|retrotransposon protein Ty3-gypsy subclass [Zea mays]	Zea mays	Blastx
SRR31829833	NODE_14185_length_421_cov_6.904639	37.7	421	493	0.263692	1.14e-23	acc|GENBANK|QFG73603.1|GENBANK|MN448266|peptidase family M41 [Megaviridae environmental sample]	Megaviridae environmental sample	Blastx
SRR31829833	NODE_3755_length_217_cov_3.923913	66.7	217	212	0.325472	1.17e-23	acc|GENBANK|AYV82031.1|GENBANK|MK072334|Ras-like protein Rab-11A [Homavirus sp.]	Homavirus sp.	Blastx
SRR31829833	NODE_6772_length_899_cov_4.339492	32.6	899	1158	0.206390	1.18e-23	acc|GENBANK|ADK47522.1|GENBANK|HM124452|NBS2-RDG2A [Hordeum vulgare subsp. vulgare]	Hordeum vulgare subsp. vulgare	Blastx
SRR31829833	NODE_11510_length_210_cov_3.858757	82.8	210	540	0.107407	1.19e-23	acc|REFSEQ|YP_009325851.1|REFSEQ|NC_032001|CTP synthetase [Only Syngen Nebraska virus 5]	Only Syngen Nebraska virus 5	Blastx
SRR31829833	NODE_20911_length_625_cov_5.143581	34.7	625	367	0.550409	1.24e-23	acc|GENBANK|AYV76323.1|GENBANK|MK071983|STE/STE20/FRAY protein kinase [Terrestrivirus sp.]	Terrestrivirus sp.	Blastx
SRR31829833	NODE_19352_length_507_cov_3.217300	34.4	507	620	0.243548	1.28e-23	acc|GENBANK|USH99765.1|GENBANK|ON752135|putative retrotransposon protein, Ty3-gypsy [Oryza sativa Japonica Group]	Oryza sativa Japonica Group	Blastx
SRR31829833	NODE_6528_length_591_cov_3.580645	37.1	591	925	0.163243	1.41e-23	acc|GENBANK|ABY48139.1|GENBANK|EU306659|NORK [Medicago truncatula]	Medicago truncatula	Blastx
SRR31829833	NODE_21685_length_485_cov_20.473451	37.5	485	279	0.573477	1.45e-23	acc|GENBANK|QBK87117.1|GENBANK|MK500344|putative serine/threonine protein kinase [Marseillevirus LCMAC201]	Marseillevirus LCMAC201	Blastx
SRR31829833	NODE_6516_length_727_cov_5.301153	63.5	727	337	0.219585	1.50e-23	acc|GENBANK|ABH08433.1|GENBANK|DQ851167|putative heat shock factor [Beta vulgaris]	Beta vulgaris	Blastx
SRR31829833	NODE_5418_length_999_cov_40.607660	38.8	999	299	0.551839	1.65e-23	acc|GENBANK|QIG59714.1|GENBANK|MN940578|putative spermidine [Dishui Lake phycodnavirus 3]	Dishui Lake phycodnavirus 3	Blastx
SRR31829833	NODE_7217_length_497_cov_6.859914	49.1	497	801	0.134831	1.67e-23	acc|GENBANK|ARF09703.1|GENBANK|KY684086|ubiquitin-conjugating enzyme E2 [Indivirus ILV1]	Indivirus ILV1	Blastx
SRR31829833	NODE_6211_length_669_cov_5.316038	33.3	669	279	0.634409	1.74e-23	acc|GENBANK|QBK87117.1|GENBANK|MK500344|putative serine/threonine protein kinase [Marseillevirus LCMAC201]	Marseillevirus LCMAC201	Blastx
SRR31829833	NODE_4707_length_323_cov_8.982759	50.5	323	925	0.115676	1.80e-23	acc|GENBANK|ABY48139.1|GENBANK|EU306659|NORK [Medicago truncatula]	Medicago truncatula	Blastx
SRR31829833	NODE_13993_length_663_cov_7.098413	33.5	663	368	0.584239	1.83e-23	acc|GENBANK|QFG73671.1|GENBANK|MN448266|peptidase family M20/M25/M40 [Megaviridae environmental sample]	Megaviridae environmental sample	Blastx
SRR31829833	NODE_1071_length_508_cov_35.989474	55.9	508	753	0.123506	1.89e-23	acc|GENBANK|QDY51907.1|GENBANK|MK250085|Hsp90 protein [Mimiviridae sp. ChoanoV1]	Mimiviridae sp. ChoanoV1	Blastx
SRR31829833	NODE_7668_length_348_cov_1.882540	47.5	348	2037	0.059892	1.94e-23	acc|GENBANK|ABG37663.1|GENBANK|DQ536170|CCHC-type integrase [Populus trichocarpa]	Populus trichocarpa	Blastx
SRR31829833	NODE_24930_length_801_cov_13.580729	38.7	801	266	0.631579	2.14e-23	acc|GENBANK|QBK88934.1|GENBANK|MK500406|protein phosphatase 2C [Mimivirus LCMiAC02]	Mimivirus LCMiAC02	Blastx
SRR31829833	NODE_21894_length_281_cov_2.092742	88.7	281	189	0.280423	2.24e-23	acc|REFSEQ|YP_009465730.1|REFSEQ|NC_037057|hypothetical protein [Dishui lake phycodnavirus 1]	Dishui lake phycodnavirus 1	Blastx
SRR31829833	NODE_30566_length_238_cov_1.141463	100	238	117	0.376068	2.26e-23	acc|GENBANK|QDH76138.1|GENBANK|MK948413|putative gag protein [Porcine endogenous retrovirus]	Porcine endogenous retrovirus	Blastx
SRR31829833	NODE_18388_length_842_cov_18.425216	32.0	842	476	0.512605	2.61e-23	acc|GENBANK|QPI16652.1|GENBANK|MW030591|serine endoprotease [Virus NIOZ-UU159]	Virus NIOZ-UU159	Blastx
SRR31829833	NODE_451_length_568_cov_5.510280	38.8	568	471	0.322718	2.68e-23	acc|GENBANK|AFV13457.1|GENBANK|JQ314445|UDPG-flavonoid 3-O-glucosyl transferase [Tripsacum dactyloides]	Tripsacum dactyloides	Blastx
SRR31829833	NODE_14945_length_537_cov_16.859127	50.0	537	322	0.298137	2.75e-23	acc|GENBANK|QBK92099.1|GENBANK|MK500567|pyridine nucleotide-disulfide oxidoreductase [Pithovirus LCPAC304]	Pithovirus LCPAC304	Blastx
SRR31829833	NODE_9659_length_361_cov_1.917683	48.3	361	322	0.372671	2.77e-23	acc|GENBANK|AYV84288.1|GENBANK|MK072403|hypothetical protein [Hyperionvirus sp.]	Hyperionvirus sp.	Blastx
SRR31829833	NODE_31948_length_259_cov_1.035398	59.2	259	449	0.169265	2.90e-23	acc|GENBANK|ARF12105.1|GENBANK|KY684110|alanyl-tRNA synthetase [Klosneuvirus KNV1]	Klosneuvirus KNV1	Blastx
SRR31829833	NODE_32678_length_271_cov_3.932773	96.2	271	221	0.235294	2.94e-23	acc|GENBANK|WWU03978.1|GENBANK|OR798672|polyprotein [Flaviviridae sp.]	Flaviviridae sp.	Blastx
SRR31829833	NODE_13314_length_310_cov_2.382671	52.7	310	2037	0.044674	2.95e-23	acc|GENBANK|ABG37663.1|GENBANK|DQ536170|CCHC-type integrase [Populus trichocarpa]	Populus trichocarpa	Blastx
SRR31829833	NODE_8155_length_512_cov_3.797495	34.0	512	436	0.344037	2.97e-23	acc|GENBANK|QJX71132.1|GENBANK|MN534311|hypothetical protein [Faustovirus]	Faustovirus	Blastx
SRR31829833	NODE_6244_length_2661_cov_4.706240	21.4	2661	927	0.928803	3.08e-23	acc|GENBANK|QKF94201.1|GENBANK|MT418680|P-type ATPase subfamily IV [Fadolivirus FV1/VV64]	Fadolivirus FV1/VV64	Blastx
SRR31829833	NODE_6384_length_1171_cov_5.847100	28.6	1171	431	0.552204	3.15e-23	acc|GENBANK|QBK87793.1|GENBANK|MK500369|pyridoxal-dependent decarboxylase domain [Marseillevirus LCMAC202]	Marseillevirus LCMAC202	Blastx
SRR31829833	NODE_28757_length_210_cov_2.338983	71.0	210	787	0.078780	3.53e-23	acc|GENBANK|ADB85413.1|GENBANK|GQ252886|putative endonuclease [Phyllostachys edulis]	Phyllostachys edulis	Blastx
SRR31829833	NODE_14657_length_428_cov_3.559494	68.0	428	290	0.258621	3.59e-23	acc|GENBANK|QMS43709.1|GENBANK|MT590730|tymovirus-like 45/70Kd protein [Betula platyphylla]	Betula platyphylla	Blastx
SRR31829833	NODE_25962_length_575_cov_4.269373	41.0	575	660	0.236364	3.68e-23	acc|REFSEQ|YP_001425742.1|REFSEQ|NC_008603|hypothetical protein [Paramecium bursaria Chlorella virus FR483]	Paramecium bursaria Chlorella virus FR483	Blastx
SRR31829833	NODE_34087_length_401_cov_1.586957	68.8	401	206	0.310680	3.69e-23	acc|GENBANK|AYV76278.1|GENBANK|MK071983|hypothetical protein [Terrestrivirus sp.]	Terrestrivirus sp.	Blastx
SRR31829833	NODE_9918_length_225_cov_1.234375	62.1	225	352	0.187500	3.88e-23	acc|GENBANK|WGU26813.1|GENBANK|OQ503488|hypothetical protein [Triticum monococcum]	Triticum monococcum	Blastx
SRR31829833	NODE_28872_length_212_cov_1.307263	77.6	212	242	0.239669	4.06e-23	acc|GENBANK|AGU70135.1|GENBANK|KF270089|integrase-type DNA-binding superfamily protein [Tarenaya hassleriana]	Tarenaya hassleriana	Blastx
SRR31829833	NODE_16724_length_260_cov_1.030837	100	260	80	0.537500	4.33e-23	acc|GENBANK|AYV75877.1|GENBANK|MK071981|polyubiquitin [Terrestrivirus sp.]	Terrestrivirus sp.	Blastx
SRR31829833	NODE_4359_length_272_cov_5.288703	52.2	272	1019	0.088322	4.36e-23	acc|GENBANK|ABZ80022.1|NEIGHBOR|EU410304|beta-D-galactosidase [synthetic Vaccinia virus]	synthetic Vaccinia virus	Blastx
SRR31829833	NODE_735_length_1001_cov_8.084711	29.1	1001	267	1.067416	4.57e-23	acc|GENBANK|WRJ69708.1|GENBANK|OR001839|mitochondrial substrate carrier family protein [Oceanusvirus sp.]	Oceanusvirus sp.	Blastx
SRR31829833	NODE_33322_length_315_cov_1.659574	45.6	315	419	0.245823	4.87e-23	acc|GENBANK|BCS83035.1|GENBANK|AP024483|putative zinc-type alcohol dehydrogenase-like [Cotonvirus japonicus]	Cotonvirus japonicus	Blastx
SRR31829833	NODE_23615_length_612_cov_11.459413	37.7	612	498	0.325301	4.96e-23	acc|GENBANK|CAK7596442.1|GENBANK|OZ003748|Mitochondrial chaperone BCS1 [Catovirus sp. 'naegleriensis']	Catovirus sp. 'naegleriensis'	Blastx
SRR31829833	NODE_19128_length_405_cov_3.516129	59.6	405	721	0.130374	5.04e-23	acc|GENBANK|WZO76108.1|GENBANK|PP681864|helicase protein [Chlorovirus sp.]	Chlorovirus sp.	Blastx
SRR31829833	NODE_1447_length_360_cov_39.311927	49.0	360	697	0.143472	5.37e-23	acc|REFSEQ|YP_010781946.1|REFSEQ|NC_075039|catalase [Tupanvirus soda lake]	Tupanvirus soda lake	Blastx
SRR31829833	NODE_14827_length_346_cov_5.482428	42.6	346	482	0.238589	5.65e-23	acc|GENBANK|AYV78072.1|GENBANK|MK072069|prolyl-tRNA synthetase [Edafosvirus sp.]	Edafosvirus sp.	Blastx
SRR31829833	NODE_19276_length_457_cov_4.360849	39.7	457	488	0.299180	6.07e-23	acc|GENBANK|QBK85428.1|GENBANK|MK500327|polyADP-ribose polymerase [Marseillevirus LCMAC101]	Marseillevirus LCMAC101	Blastx
SRR31829833	NODE_22709_length_562_cov_10.115312	41.2	562	201	0.651741	6.79e-23	acc|GENBANK|WGU26826.1|GENBANK|OQ503488|casparian strip membrane protein [Triticum monococcum]	Triticum monococcum	Blastx
SRR31829833	NODE_22391_length_342_cov_6.576052	61.6	342	419	0.205251	6.84e-23	acc|REFSEQ|YP_010780872.1|REFSEQ|NC_075038|DnaJ-like protein [Tupanvirus deep ocean]	Tupanvirus deep ocean	Blastx
SRR31829833	NODE_20352_length_356_cov_4.448916	47.9	356	925	0.128649	6.99e-23	acc|GENBANK|ABY48139.1|GENBANK|EU306659|NORK [Medicago truncatula]	Medicago truncatula	Blastx
SRR31829833	NODE_8199_length_1472_cov_23.976372	25.5	1472	589	0.719864	7.39e-23	acc|GENBANK|QKF93534.1|GENBANK|MT418680|peroxisomal acyl-CoA oxidase [Fadolivirus FV1/VV64]	Fadolivirus FV1/VV64	Blastx
SRR31829833	NODE_18338_length_696_cov_12.764706	36.8	696	566	0.273852	7.72e-23	acc|GENBANK|QBK89567.1|GENBANK|MK500428|phosphatidylinositol-specific phospholipase C [Pithovirus LCPAC001]	Pithovirus LCPAC001	Blastx
SRR31829833	NODE_7562_length_1373_cov_9.526866	42.9	1373	1643	0.068168	7.83e-23	acc|REFSEQ|YP_009000988.1|REFSEQ|NC_023423|serine-threonine kinase [Pithovirus sibericum]	Pithovirus sibericum	Blastx
SRR31829833	NODE_23035_length_581_cov_5.505474	45.8	581	1793	0.065811	8.52e-23	acc|GENBANK|CCQ71366.1|GENBANK|HF586479|hypothetical serine/threonine protein kinase [Cotesia congregata]	Cotesia congregata	Blastx
SRR31829833	NODE_13681_length_277_cov_2.782787	55.7	277	867	0.101499	8.75e-23	acc|GENBANK|AHA55176.1|GENBANK|KF481687|putative serine palmitoyltransferase [Emiliania huxleyi virus 156]	Emiliania huxleyi virus 156	Blastx
SRR31829833	NODE_60_length_985_cov_8.089286	36.8	985	347	0.438040	8.86e-23	acc|GENBANK|QKF94589.1|GENBANK|MT418680|caspase-like protein [Fadolivirus FV1/VV64]	Fadolivirus FV1/VV64	Blastx
SRR31829833	NODE_12053_length_446_cov_49.566586	45.6	446	139	0.647482	9.05e-23	acc|GENBANK|QFG74212.1|GENBANK|MN448284|cytidylyltransferase-like protein [Megaviridae environmental sample]	Megaviridae environmental sample	Blastx
SRR31829833	NODE_7560_length_813_cov_6.078205	32.1	813	628	0.382166	9.68e-23	acc|GENBANK|QBK87572.1|GENBANK|MK500359|XRN 5'-3' exonuclease [Marseillevirus LCMAC201]	Marseillevirus LCMAC201	Blastx
SRR31829833	NODE_7825_length_982_cov_10.013699	30.7	982	314	0.808917	9.82e-23	acc|GENBANK|AYV87179.1|GENBANK|MK072538|hypothetical protein [Sylvanvirus sp.]	Sylvanvirus sp.	Blastx
SRR31829833	NODE_4331_length_704_cov_2.721311	78.8	704	764	0.086387	1.02e-22	acc|GENBANK|UZH25335.1|GENBANK|OL695857|ORF2 [Mamastrovirus 3]	Mamastrovirus 3	Blastx
SRR31829833	NODE_23125_length_375_cov_9.271930	43.4	375	113	0.876106	1.15e-22	acc|GENBANK|QDH76139.1|GENBANK|MK948414|putative gag protein [Porcine endogenous retrovirus]	Porcine endogenous retrovirus	Blastx
SRR31829833	NODE_401_length_1707_cov_44.813620	25.8	1707	268	1.111940	1.23e-22	acc|GENBANK|QBK91399.1|GENBANK|MK500535|mitochondrial carrier-like protein [Pithovirus LCPAC302]	Pithovirus LCPAC302	Blastx
SRR31829833	NODE_1733_length_760_cov_109.218707	41.3	760	405	0.311111	1.27e-22	acc|GENBANK|WGU26824.1|GENBANK|OQ503488|eukaryotic initiation factor 4A-III B-like [Triticum monococcum]	Triticum monococcum	Blastx
SRR31829833	NODE_5878_length_435_cov_5.972637	69.9	435	325	0.224615	1.37e-22	acc|GENBANK|ABY48134.1|GENBANK|EU306659|bHLH transcription factor [Medicago truncatula]	Medicago truncatula	Blastx
SRR31829833	NODE_19062_length_752_cov_4.883171	42.8	752	2037	0.074620	1.39e-22	acc|GENBANK|ABG37663.1|GENBANK|DQ536170|CCHC-type integrase [Populus trichocarpa]	Populus trichocarpa	Blastx
SRR31829833	NODE_12110_length_1007_cov_14.668378	28.0	1007	311	0.803859	1.50e-22	acc|GENBANK|AYV82542.1|GENBANK|MK072383|SDR family NAD(P)-dependent oxidoreductase [Hyperionvirus sp.]	Hyperionvirus sp.	Blastx
SRR31829833	NODE_23463_length_996_cov_6.741433	28.2	996	249	1.040161	1.60e-22	acc|GENBANK|ACD54816.1|GENBANK|EU643495|carbonyl reductase-like protein [Adineta vaga]	Adineta vaga	Blastx
SRR31829833	NODE_28177_length_200_cov_4.203593	62.1	200	135	0.488889	1.76e-22	acc|GENBANK|AAY87199.1|GENBANK|DQ054416|reverse transcriptase [Ephedra distachya]	Ephedra distachya	Blastx
SRR31829833	NODE_21152_length_680_cov_5.389490	47.1	680	105	0.971429	1.77e-22	acc|GENBANK|QPI16506.1|GENBANK|MW030569|thioredoxin domain-containing protein [Virus NIOZ-UU157]	Virus NIOZ-UU157	Blastx
SRR31829833	NODE_26746_length_921_cov_6.597973	43.5	921	388	0.319588	1.91e-22	acc|GENBANK|CCQ71327.1|GENBANK|HF586476|hypothetical protein kinase Pka-C1 [Cotesia congregata]	Cotesia congregata	Blastx
SRR31829833	NODE_23510_length_359_cov_17.570552	56.5	359	299	0.284281	1.96e-22	acc|GENBANK|UOG94093.1|NEIGHBOR|OM876856|serine threonine-protein phosphatase [Aureococcus anophagefferens virus]	Aureococcus anophagefferens virus	Blastx
SRR31829833	NODE_6818_length_417_cov_5.625000	46.7	417	261	0.459770	2.04e-22	acc|GENBANK|AYV79236.1|GENBANK|MK072137|serine/threonine protein phosphatase [Faunusvirus sp.]	Faunusvirus sp.	Blastx
SRR31829833	NODE_7962_length_570_cov_24.039106	42.5	570	121	0.876033	2.05e-22	acc|GENBANK|UNJ46594.1|GENBANK|OM135585|yippee [Drosophila melanogaster]	Drosophila melanogaster	Blastx
SRR31829833	NODE_2516_length_668_cov_110.269291	38.2	668	182	0.862637	2.28e-22	acc|REFSEQ|YP_009163818.1|REFSEQ|NC_027778|ORF_057R [Scale drop disease virus]	Scale drop disease virus	Blastx
SRR31829833	NODE_29351_length_219_cov_1.258065	69.4	219	149	0.416107	2.40e-22	acc|GENBANK|CAC83692.1|GENBANK|AJ292228|RNA-dependent RNA-polymerase [Garlic latent virus]	Garlic latent virus	Blastx
SRR31829833	NODE_22819_length_498_cov_2.294624	47.2	498	249	0.493976	2.82e-22	acc|GENBANK|QBK85671.1|GENBANK|MK500327|histone 2A-domain-containing protein [Marseillevirus LCMAC101]	Marseillevirus LCMAC101	Blastx
SRR31829833	NODE_4805_length_369_cov_2.452381	41.8	369	678	0.179941	2.83e-22	acc|GENBANK|CAK7597281.1|GENBANK|OZ003748|DNA helicase, ATP-dependent, RecQ type [Catovirus sp. 'naegleriensis']	Catovirus sp. 'naegleriensis'	Blastx
SRR31829833	NODE_20721_length_368_cov_3.626866	40.5	368	405	0.274074	3.00e-22	acc|GENBANK|WGU26824.1|GENBANK|OQ503488|eukaryotic initiation factor 4A-III B-like [Triticum monococcum]	Triticum monococcum	Blastx
SRR31829833	NODE_2605_length_375_cov_14.248538	50.6	375	86	0.988372	3.09e-22	acc|GENBANK|QBK88314.1|GENBANK|MK500385|iron-sulfur cluster biosynthesis protein [Marseillevirus LCMAC202]	Marseillevirus LCMAC202	Blastx
SRR31829833	NODE_22312_length_280_cov_18.368421	53.9	280	925	0.096216	3.17e-22	acc|GENBANK|ABY48139.1|GENBANK|EU306659|NORK [Medicago truncatula]	Medicago truncatula	Blastx
SRR31829833	NODE_25144_length_390_cov_43.420168	47.5	390	85	0.941176	3.58e-22	acc|GENBANK|AYV75195.1|GENBANK|MK071979|putative cytochrome b5 [Terrestrivirus sp.]	Terrestrivirus sp.	Blastx
SRR31829833	NODE_10395_length_702_cov_3.124066	34.0	702	598	0.349498	4.13e-22	acc|GENBANK|ARF11188.1|GENBANK|KY684108|prolyl oligopeptidase PreP [Klosneuvirus KNV1]	Klosneuvirus KNV1	Blastx
SRR31829833	NODE_13156_length_268_cov_16.412766	50.0	268	120	0.700000	4.20e-22	acc|GENBANK|QBZ81758.1|GENBANK|MK174290|Protein kinase catalytic incomplete domain [Pandoravirus celtis]	Pandoravirus celtis	Blastx
SRR31829833	NODE_5222_length_1447_cov_9.413013	27.7	1447	426	0.967136	4.37e-22	acc|GENBANK|QBK87330.1|GENBANK|MK500349|calcineurin-like phosphoesterase [Marseillevirus LCMAC201]	Marseillevirus LCMAC201	Blastx
SRR31829833	NODE_32191_length_263_cov_1.017391	52.3	263	352	0.250000	4.62e-22	acc|REFSEQ|YP_008357315.1|REFSEQ|NC_021901|matrix metalloproteinase-17-like [Invertebrate iridescent virus 22]	Invertebrate iridescent virus 22	Blastx
SRR31829833	NODE_4936_length_346_cov_6.335463	70.8	346	242	0.268595	4.64e-22	acc|GENBANK|AGU70135.1|GENBANK|KF270089|integrase-type DNA-binding superfamily protein [Tarenaya hassleriana]	Tarenaya hassleriana	Blastx
SRR31829833	NODE_21695_length_357_cov_3.317901	45.0	357	1059	0.113314	4.72e-22	acc|REFSEQ|YP_009120775.1|REFSEQ|NC_026440|glutamine amidotransferase [Pandoravirus inopinatum]	Pandoravirus inopinatum	Blastx
SRR31829833	NODE_8789_length_306_cov_2.128205	53.5	306	334	0.257485	4.74e-22	acc|GENBANK|QBK91883.1|GENBANK|MK500566|GDP-mannose 4,6 dehydratase [Pithovirus LCPAC304]	Pithovirus LCPAC304	Blastx
SRR31829833	NODE_31831_length_258_cov_3.120000	75.4	258	363	0.168044	5.03e-22	acc|GENBANK|AAF74213.1|GENBANK|AF156961|gag [Homo sapiens]	Homo sapiens	Blastx
SRR31829833	NODE_5855_length_764_cov_7.161423	37.7	764	417	0.381295	5.31e-22	acc|GENBANK|QBK89261.1|GENBANK|MK500411|DEAD/SNF2-like helicase [Mimivirus LCMiAC02]	Mimivirus LCMiAC02	Blastx
SRR31829833	NODE_24491_length_725_cov_10.799133	36.6	725	119	0.941176	5.38e-22	acc|GENBANK|QBK85983.1|GENBANK|MK500328|glycine cleavage H-protein [Marseillevirus LCMAC101]	Marseillevirus LCMAC101	Blastx
SRR31829833	NODE_25894_length_422_cov_6.915167	41.2	422	925	0.147027	5.44e-22	acc|GENBANK|ABY48139.1|GENBANK|EU306659|NORK [Medicago truncatula]	Medicago truncatula	Blastx
SRR31829833	NODE_194_length_697_cov_4.493976	37.6	697	384	0.408854	5.65e-22	acc|REFSEQ|YP_009120552.1|REFSEQ|NC_026440|Rad5-like protein [Pandoravirus inopinatum]	Pandoravirus inopinatum	Blastx
SRR31829833	NODE_28718_length_209_cov_2.659091	97.7	209	87	0.494253	6.23e-22	acc|GENBANK|QZW25250.1|GENBANK|MZ962674|coat protein [Sweet potato virus 2]	Sweet potato virus 2	Blastx
SRR31829833	NODE_32131_length_262_cov_2.039301	51.1	262	197	0.446701	6.77e-22	acc|REFSEQ|YP_009449015.1|REFSEQ|NC_036594|GTP ras-related protein Rac1 [Orpheovirus IHUMI-LCC2]	Orpheovirus IHUMI-LCC2	Blastx
SRR31829833	NODE_20880_length_686_cov_4.254211	30.6	686	727	0.341128	7.26e-22	acc|GENBANK|ADB85269.1|GENBANK|GQ252805|putative lectin-like protein kinase [Phyllostachys edulis]	Phyllostachys edulis	Blastx
SRR31829833	NODE_7314_length_670_cov_6.970173	53.9	670	694	0.146974	8.44e-22	acc|GENBANK|ABG37656.1|GENBANK|DQ536163|integrase [Populus trichocarpa]	Populus trichocarpa	Blastx
SRR31829833	NODE_21712_length_221_cov_27.606383	54.8	221	647	0.112828	8.89e-22	acc|GENBANK|AYV86775.1|GENBANK|MK072515|CMGC/MAPK protein kinase, variant 1 [Sylvanvirus sp.]	Sylvanvirus sp.	Blastx
SRR31829833	NODE_4375_length_409_cov_3.667553	71.9	409	340	0.167647	9.10e-22	acc|GENBANK|AAK84481.1|GENBANK|AF275345|unknown [Solanum lycopersicum]	Solanum lycopersicum	Blastx
SRR31829833	NODE_4135_length_316_cov_1.901060	47.6	316	925	0.111351	9.49e-22	acc|GENBANK|ABY48139.1|GENBANK|EU306659|NORK [Medicago truncatula]	Medicago truncatula	Blastx
SRR31829833	NODE_4578_length_524_cov_3.625255	37.0	524	1127	0.122449	9.62e-22	acc|GENBANK|WRJ69763.1|GENBANK|OR001839|DNA-directed RNA polymerase II subunit Rpb2 [Oceanusvirus sp.]	Oceanusvirus sp.	Blastx
SRR31829833	NODE_8775_length_820_cov_35.273189	47.2	820	588	0.183673	1.10e-21	acc|GENBANK|QOI90522.1|GENBANK|MT663539|hypothetical protein [Pyramimonas orientalis virus]	Pyramimonas orientalis virus	Blastx
SRR31829833	NODE_33941_length_288_cov_1.835294	54.7	288	925	0.102703	1.24e-21	acc|GENBANK|ABY48139.1|GENBANK|EU306659|NORK [Medicago truncatula]	Medicago truncatula	Blastx
SRR31829833	NODE_19082_length_363_cov_2.872727	44.1	363	727	0.152682	1.25e-21	acc|GENBANK|ADB85269.1|GENBANK|GQ252805|putative lectin-like protein kinase [Phyllostachys edulis]	Phyllostachys edulis	Blastx
SRR31829833	NODE_32831_length_273_cov_0.975000	56.6	273	604	0.137417	1.33e-21	acc|REFSEQ|YP_008052571.1|REFSEQ|NC_021312|ATP-dependent zinc metalloprotease [Phaeocystis globosa virus]	Phaeocystis globosa virus	Blastx
SRR31829833	NODE_5781_length_1117_cov_38.974170	27.5	1117	399	0.756892	1.34e-21	acc|GENBANK|ARF09189.1|GENBANK|KY684084|phosphoglycerate dehydrogenase [Catovirus CTV1]	Catovirus CTV1	Blastx
SRR31829833	NODE_20861_length_417_cov_8.541667	52.7	417	365	0.254795	1.36e-21	acc|GENBANK|BDT62135.1|GENBANK|LC738872|heat shock protein 40-like protein [Litopenaeus vannamei majanivirus Nimav-1_LVa]	Litopenaeus vannamei majanivirus Nimav-1_LVa	Blastx
SRR31829833	NODE_26133_length_872_cov_6.904648	40.2	872	322	0.378882	1.37e-21	acc|GENBANK|QBK92099.1|GENBANK|MK500567|pyridine nucleotide-disulfide oxidoreductase [Pithovirus LCPAC304]	Pithovirus LCPAC304	Blastx
SRR31829833	NODE_13877_length_694_cov_19.806354	30.0	694	464	0.489224	1.51e-21	acc|GENBANK|QFG73838.1|GENBANK|MN448271|oxidoreductase molybdopterin binding domain [Megaviridae environmental sample]	Megaviridae environmental sample	Blastx
SRR31829833	NODE_15591_length_400_cov_13.103542	39.5	400	1516	0.075198	1.51e-21	acc|GENBANK|USH99796.1|GENBANK|ON752166|putative Ty3-gypsy subclass retrotransposon [Oryza sativa Japonica Group]	Oryza sativa Japonica Group	Blastx
SRR31829833	NODE_6513_length_1404_cov_10.471189	34.1	1404	288	0.621528	1.54e-21	acc|GENBANK|QMP82376.1|GENBANK|MT153362|hypothetical protein [red goblin roach virus 1]	red goblin roach virus 1	Blastx
SRR31829833	NODE_8297_length_810_cov_40.229086	54.3	810	686	0.118076	1.57e-21	acc|GENBANK|WNO13952.1|GENBANK|OQ968299|coat protein [Guapo partitivirus]	Guapo partitivirus	Blastx
SRR31829833	NODE_19_length_1166_cov_10.810238	36.5	1166	395	0.422785	1.63e-21	acc|GENBANK|AYV79137.1|GENBANK|MK072134|serine/threonine protein kinase [Faunusvirus sp.]	Faunusvirus sp.	Blastx
SRR31829833	NODE_22162_length_897_cov_4.415509	28.6	897	284	0.788732	1.68e-21	acc|GENBANK|AYV83828.1|GENBANK|MK072394|putative ubiquitin carboxyl-terminal hydrolase 2 [Hyperionvirus sp.]	Hyperionvirus sp.	Blastx
SRR31829833	NODE_24766_length_610_cov_14.856153	52.2	610	305	0.295082	1.68e-21	acc|GENBANK|UZT29311.1|GENBANK|OP765584|iron-sulfur clusters transporter [Nucleocytoviricota sp.]	Nucleocytoviricota sp.	Blastx
SRR31829833	NODE_4825_length_676_cov_3.287714	61.1	676	256	0.281250	1.80e-21	acc|GENBANK|AAB67721.1|GENBANK|AF015269|PL transcription factor [Zea mays]	Zea mays	Blastx
SRR31829833	NODE_20196_length_420_cov_10.162791	37.4	420	833	0.166867	1.86e-21	acc|GENBANK|CCQ71385.1|GENBANK|HF586480|hypothetical Homeodomain-interacting protein [Cotesia congregata]	Cotesia congregata	Blastx
SRR31829833	NODE_19845_length_401_cov_7.546196	41.9	401	364	0.354396	2.12e-21	acc|GENBANK|ADB85405.1|GENBANK|GQ252886|putative protein kinase [Phyllostachys edulis]	Phyllostachys edulis	Blastx
SRR31829833	NODE_14017_length_860_cov_7.702539	32.4	860	395	0.468354	2.35e-21	acc|GENBANK|AYV79137.1|GENBANK|MK072134|serine/threonine protein kinase [Faunusvirus sp.]	Faunusvirus sp.	Blastx
SRR31829833	NODE_22462_length_571_cov_13.652416	49.5	571	220	0.450000	2.45e-21	acc|GENBANK|UOG94371.1|NEIGHBOR|OM876856|peptidyl-prolyl cis-trans isomerase [Aureococcus anophagefferens virus]	Aureococcus anophagefferens virus	Blastx
SRR31829833	NODE_8855_length_947_cov_36.019694	31.4	947	182	0.873626	2.56e-21	acc|REFSEQ|YP_009163818.1|REFSEQ|NC_027778|ORF_057R [Scale drop disease virus]	Scale drop disease virus	Blastx
SRR31829833	NODE_12068_length_1176_cov_8.256343	46.0	1176	225	0.502222	3.25e-21	acc|GENBANK|QBK90211.1|GENBANK|MK500469|phosphoadenosine phosphosulfate reductase [Pithovirus LCPAC102]	Pithovirus LCPAC102	Blastx
SRR31829833	NODE_16157_length_538_cov_3.322772	63.4	538	308	0.230519	3.29e-21	acc|GENBANK|AFV13468.1|GENBANK|JQ314449|ring-H2 zinc finger protein [Coix lacryma-jobi]	Coix lacryma-jobi	Blastx
SRR31829833	NODE_8848_length_1404_cov_20.309993	27.0	1404	376	0.976064	3.33e-21	acc|REFSEQ|YP_009174582.1|REFSEQ|NC_028110|putative ornithine decarboxylase 1 [Yellowstone lake phycodnavirus 2]	Yellowstone lake phycodnavirus 2	Blastx
SRR31829833	NODE_8146_length_728_cov_16.710791	52.7	728	406	0.229064	3.34e-21	acc|GENBANK|AYV85760.1|GENBANK|MK072473|hypothetical protein [Satyrvirus sp.]	Satyrvirus sp.	Blastx
SRR31829833	NODE_13917_length_366_cov_13.012012	56.6	366	922	0.090022	3.37e-21	acc|GENBANK|QBK88440.1|GENBANK|MK500389|insulinase [Mimivirus LCMiAC01]	Mimivirus LCMiAC01	Blastx
SRR31829833	NODE_1057_length_1723_cov_36.585799	64.9	1723	896	0.082589	3.58e-21	acc|GENBANK|QCC26837.1|GENBANK|MK532524|RLX_Jeli-encoded protein [Zea mays]	Zea mays	Blastx
SRR31829833	NODE_8931_length_764_cov_52.210670	31.9	764	182	0.895604	3.87e-21	acc|REFSEQ|YP_009163818.1|REFSEQ|NC_027778|ORF_057R [Scale drop disease virus]	Scale drop disease virus	Blastx
SRR31829833	NODE_12822_length_381_cov_1.968391	41.3	381	279	0.451613	3.90e-21	acc|GENBANK|ARF12509.1|GENBANK|KY684113|stomatin family protein [Klosneuvirus KNV1]	Klosneuvirus KNV1	Blastx
SRR31829833	NODE_2061_length_1313_cov_31.360937	27.1	1313	4062	0.083456	4.02e-21	acc|GENBANK|QOR60750.1|GENBANK|MK522039|hypothetical protein [Bathycoccus sp. RCC716 virus 3]	Bathycoccus sp. RCC716 virus 3	Blastx
SRR31829833	NODE_3276_length_765_cov_11.072404	33.2	765	261	0.727969	4.20e-21	acc|GENBANK|AYV79236.1|GENBANK|MK072137|serine/threonine protein phosphatase [Faunusvirus sp.]	Faunusvirus sp.	Blastx
SRR31829833	NODE_8096_length_743_cov_15.840845	35.1	743	864	0.221065	4.34e-21	acc|GENBANK|BBI30515.1|GENBANK|AP018495|DNA helicase [Acanthamoeba castellanii medusavirus J1]	Acanthamoeba castellanii medusavirus J1	Blastx
SRR31829833	NODE_19695_length_449_cov_2.406250	47.0	449	471	0.248408	4.37e-21	acc|GENBANK|AFV13457.1|GENBANK|JQ314445|UDPG-flavonoid 3-O-glucosyl transferase [Tripsacum dactyloides]	Tripsacum dactyloides	Blastx
SRR31829833	NODE_17160_length_581_cov_10.731752	40.9	581	997	0.132397	4.39e-21	acc|GENBANK|UMO79441.1|GENBANK|MZ420563|SNF2 family DNA dependent ATPase [Pandoravirus aubagnensis]	Pandoravirus aubagnensis	Blastx
SRR31829833	NODE_14040_length_761_cov_25.826923	33.7	761	660	0.274242	4.62e-21	acc|GENBANK|AGE57896.1|GENBANK|JX997181|potassium transporter [Paramecium bursaria Chlorella virus NW665.2]	Paramecium bursaria Chlorella virus NW665.2	Blastx
SRR31829833	NODE_1103_length_817_cov_147.673469	34.7	817	492	0.398374	4.93e-21	acc|GENBANK|QBK88108.1|GENBANK|MK500375|cyclin-dependent protein kinase [Marseillevirus LCMAC202]	Marseillevirus LCMAC202	Blastx
SRR31829833	NODE_25346_length_1246_cov_16.992580	29.3	1246	624	0.448718	4.98e-21	acc|GENBANK|BBI30505.1|GENBANK|AP018495|replication factor C large subunit [Acanthamoeba castellanii medusavirus J1]	Acanthamoeba castellanii medusavirus J1	Blastx
SRR31829833	NODE_25046_length_694_cov_14.137670	29.8	694	417	0.594724	5.27e-21	acc|GENBANK|QBK89261.1|GENBANK|MK500411|DEAD/SNF2-like helicase [Mimivirus LCMiAC02]	Mimivirus LCMiAC02	Blastx
SRR31829833	NODE_29417_length_220_cov_1.251337	63.0	220	439	0.166287	5.38e-21	acc|GENBANK|AAK92822.1|GENBANK|AY050885|putative replicase [Arabidopsis thaliana]	Arabidopsis thaliana	Blastx
SRR31829833	NODE_738_length_730_cov_19.789096	33.0	730	395	0.521519	5.86e-21	acc|GENBANK|AYV79137.1|GENBANK|MK072134|serine/threonine protein kinase [Faunusvirus sp.]	Faunusvirus sp.	Blastx
SRR31829833	NODE_31153_length_247_cov_3.280374	55.6	247	1281	0.063232	6.28e-21	acc|GENBANK|AAA67727.1|GENBANK|U15647|reverse transcriptase [Mus musculus domesticus]	Mus musculus domesticus	Blastx
SRR31829833	NODE_5560_length_684_cov_6.540707	49.5	684	249	0.437751	6.48e-21	acc|GENBANK|QBK85671.1|GENBANK|MK500327|histone 2A-domain-containing protein [Marseillevirus LCMAC101]	Marseillevirus LCMAC101	Blastx
SRR31829833	NODE_24197_length_298_cov_7.445283	52.0	298	689	0.145138	6.49e-21	acc|GENBANK|ARF10988.1|GENBANK|KY684105|Hsp70 protein [Hokovirus HKV1]	Hokovirus HKV1	Blastx
SRR31829833	NODE_11505_length_731_cov_12.918338	53.0	731	666	0.150150	6.61e-21	acc|GENBANK|XDO02262.1|GENBANK|PP542043|Atp-Dependent Zinc Metalloprotease [Florenciella sp. virus SA2]	Florenciella sp. virus SA2	Blastx
SRR31829833	NODE_16604_length_344_cov_3.051447	37.2	344	388	0.291237	7.00e-21	acc|GENBANK|CCQ71327.1|GENBANK|HF586476|hypothetical protein kinase Pka-C1 [Cotesia congregata]	Cotesia congregata	Blastx
SRR31829833	NODE_5825_length_2136_cov_33.591060	48.1	2136	855	0.150877	7.20e-21	acc|GENBANK|AYV84625.1|GENBANK|MK072413|mimivirus elongation factor aef-2 [Hyperionvirus sp.]	Hyperionvirus sp.	Blastx
SRR31829833	NODE_21439_length_458_cov_8.155294	47.0	458	267	0.494382	7.42e-21	acc|REFSEQ|YP_009238942.1|REFSEQ|NC_029692|histone H2B/H2A fusion protein [Brazilian marseillevirus]	Brazilian marseillevirus	Blastx
SRR31829833	NODE_14912_length_332_cov_3.013378	51.1	332	220	0.418182	7.53e-21	acc|GENBANK|UOG94371.1|NEIGHBOR|OM876856|peptidyl-prolyl cis-trans isomerase [Aureococcus anophagefferens virus]	Aureococcus anophagefferens virus	Blastx
SRR31829833	NODE_19298_length_221_cov_3.601064	74.5	221	242	0.210744	7.76e-21	acc|GENBANK|AGU70135.1|GENBANK|KF270089|integrase-type DNA-binding superfamily protein [Tarenaya hassleriana]	Tarenaya hassleriana	Blastx
SRR31829833	NODE_7388_length_626_cov_8.662732	43.7	626	178	0.668539	8.45e-21	acc|GENBANK|AYV76411.1|GENBANK|MK071984|putative vesicle transport protein SFT2B isoform [Terrestrivirus sp.]	Terrestrivirus sp.	Blastx
SRR31829833	NODE_25653_length_718_cov_9.059854	29.6	718	879	0.265074	8.80e-21	acc|GENBANK|AYV77120.1|GENBANK|MK072010|valine--tRNA ligase [Barrevirus sp.]	Barrevirus sp.	Blastx
SRR31829833	NODE_33272_length_303_cov_0.933333	63.5	303	627	0.100478	9.44e-21	acc|GENBANK|QBK86789.1|GENBANK|MK500336|NAD dependent epimerase/dehydratase [Marseillevirus LCMAC103]	Marseillevirus LCMAC103	Blastx
SRR31829833	NODE_4583_length_316_cov_5.883392	41.6	316	302	0.374172	9.66e-21	acc|GENBANK|QKF93533.1|GENBANK|MT418680|pyruvate carboxyltransferase [Fadolivirus FV1/VV64]	Fadolivirus FV1/VV64	Blastx
SRR31829833	NODE_8384_length_599_cov_17.325088	46.1	599	121	0.842975	1.17e-20	acc|GENBANK|UNJ46594.1|GENBANK|OM135585|yippee [Drosophila melanogaster]	Drosophila melanogaster	Blastx
SRR31829833	NODE_5658_length_422_cov_3.884319	75.8	422	325	0.190769	1.22e-20	acc|GENBANK|ABY48134.1|GENBANK|EU306659|bHLH transcription factor [Medicago truncatula]	Medicago truncatula	Blastx
SRR31829833	NODE_32860_length_274_cov_0.970954	68.4	274	850	0.067059	1.22e-20	acc|GENBANK|QDY52333.1|GENBANK|MK250090|ribonucleotide reductase, barrel domain protein [Mimiviridae sp. ChoanoV1]	Mimiviridae sp. ChoanoV1	Blastx
SRR31829833	NODE_2073_length_925_cov_3.677130	33.5	925	276	0.844203	1.24e-20	acc|GENBANK|ARF11656.1|GENBANK|KY684109|copine [Klosneuvirus KNV1]	Klosneuvirus KNV1	Blastx
SRR31829833	NODE_7433_length_504_cov_5.142251	49.3	504	310	0.241935	1.27e-20	acc|GENBANK|QBK88363.1|GENBANK|MK500388|NAD dependent epimerase/dehydratase [Mimivirus LCMiAC01]	Mimivirus LCMiAC01	Blastx
SRR31829833	NODE_18862_length_383_cov_3.891429	36.2	383	653	0.194487	1.35e-20	acc|GENBANK|AYV76715.1|GENBANK|MK071990|zincin [Terrestrivirus sp.]	Terrestrivirus sp.	Blastx
SRR31829833	NODE_1814_length_1103_cov_39.276636	38.7	1103	299	0.501672	1.37e-20	acc|GENBANK|QRE02559.1|GENBANK|MN545489|hypothetical protein [Otarine gammaherpesvirus 4]	Otarine gammaherpesvirus 4	Blastx
SRR31829833	NODE_5759_length_408_cov_35.082667	97.8	408	85	0.529412	1.44e-20	acc|GENBANK|ABY48140.1|GENBANK|EU306659|BRICK1 [Medicago truncatula]	Medicago truncatula	Blastx
SRR31829833	NODE_22007_length_344_cov_2.353698	47.7	344	549	0.194900	1.45e-20	acc|GENBANK|WGU26819.1|GENBANK|OQ503488|BTB/POZ domain-containing protein [Triticum monococcum]	Triticum monococcum	Blastx
SRR31829833	NODE_24402_length_506_cov_5.532770	39.5	506	478	0.307531	1.59e-20	acc|GENBANK|AAK84479.1|GENBANK|AF275345|putative auxin growth promotor protein [Solanum lycopersicum]	Solanum lycopersicum	Blastx
SRR31829833	NODE_32610_length_270_cov_2.962025	49.4	270	1328	0.064006	1.62e-20	acc|GENBANK|AAK29467.1|GENBANK|AF279585|polyprotein-like [Solanum chilense]	Solanum chilense	Blastx
SRR31829833	NODE_2538_length_1457_cov_39.244382	26.9	1457	498	0.702811	1.64e-20	acc|GENBANK|XHA59766.1|GENBANK|OR863077|thermosome [Poseidoniales virus]	Poseidoniales virus	Blastx
SRR31829833	NODE_14299_length_378_cov_2.921739	49.3	378	93	0.784946	1.81e-20	acc|GENBANK|AYV80661.1|GENBANK|MK072246|putative Cytochrome b5 [Harvfovirus sp.]	Harvfovirus sp.	Blastx
SRR31829833	NODE_8045_length_907_cov_95.096110	31.9	907	182	0.895604	2.06e-20	acc|REFSEQ|YP_009163818.1|REFSEQ|NC_027778|ORF_057R [Scale drop disease virus]	Scale drop disease virus	Blastx
SRR31829833	NODE_32487_length_268_cov_0.995745	57.0	268	365	0.235616	2.17e-20	acc|GENBANK|BDT62135.1|GENBANK|LC738872|heat shock protein 40-like protein [Litopenaeus vannamei majanivirus Nimav-1_LVa]	Litopenaeus vannamei majanivirus Nimav-1_LVa	Blastx
SRR31829833	NODE_15715_length_274_cov_1.319502	49.4	274	588	0.151361	2.18e-20	acc|GENBANK|QOI90522.1|GENBANK|MT663539|hypothetical protein [Pyramimonas orientalis virus]	Pyramimonas orientalis virus	Blastx
SRR31829833	NODE_7196_length_294_cov_6.061303	52.2	294	365	0.252055	2.22e-20	acc|GENBANK|BDT62135.1|GENBANK|LC738872|heat shock protein 40-like protein [Litopenaeus vannamei majanivirus Nimav-1_LVa]	Litopenaeus vannamei majanivirus Nimav-1_LVa	Blastx
SRR31829833	NODE_26274_length_534_cov_7.383234	29.8	534	759	0.234519	2.27e-20	acc|GENBANK|ACN78962.1|GENBANK|FJ225394|methyltransferase [Glycine max]	Glycine max	Blastx
SRR31829833	NODE_388_length_745_cov_20.987360	29.5	745	238	0.882353	2.32e-20	acc|GENBANK|AYV77971.1|GENBANK|MK072068|hypothetical protein [Edafosvirus sp.]	Edafosvirus sp.	Blastx
SRR31829833	NODE_21901_length_351_cov_2.018868	45.5	351	678	0.162242	2.40e-20	acc|GENBANK|CCQ71325.1|GENBANK|HF586476|hypothetical kinesin-like protein KIF3 [Cotesia congregata]	Cotesia congregata	Blastx
SRR31829833	NODE_6956_length_803_cov_18.190909	40.7	803	845	0.159763	2.43e-20	acc|GENBANK|AYV77843.1|GENBANK|MK072067|mimivirus elongation factor aef-2 [Edafosvirus sp.]	Edafosvirus sp.	Blastx
SRR31829833	NODE_30737_length_241_cov_1.125000	52.6	241	388	0.201031	2.58e-20	acc|GENBANK|AAU93529.1|GENBANK|AY691949|alcohol dehydrogenase 1 [Zea mays]	Zea mays	Blastx
SRR31829833	NODE_501_length_1653_cov_19.159877	31.0	1653	558	0.353047	2.74e-20	acc|GENBANK|QDY52220.1|GENBANK|MK250089|ABC transporter [Mimiviridae sp. ChoanoV1]	Mimiviridae sp. ChoanoV1	Blastx
SRR31829833	NODE_2402_length_2474_cov_19.470709	35.4	2474	1733	0.120600	2.83e-20	acc|GENBANK|QBZ81599.1|GENBANK|MK174290|Serine/threonine protein kinase, catalytic [Pandoravirus celtis]	Pandoravirus celtis	Blastx
SRR31829833	NODE_23236_length_208_cov_2.342857	87.2	208	520	0.090385	2.92e-20	acc|GENBANK|APO14197.1|GENBANK|KX098475|truncated DELLA protein [Setaria italica]	Setaria italica	Blastx
SRR31829833	NODE_17367_length_764_cov_7.876881	29.7	764	211	0.990521	2.93e-20	acc|GENBANK|QBK86456.1|GENBANK|MK500334|DNA-directed RNA polymerase subunit 5 [Marseillevirus LCMAC102]	Marseillevirus LCMAC102	Blastx
SRR31829833	NODE_22523_length_1362_cov_15.235515	28.1	1362	497	0.839034	2.94e-20	acc|GENBANK|CCQ71326.1|GENBANK|HF586476|hypothetical Pro-X carboxypeptidase-like protein [Cotesia congregata]	Cotesia congregata	Blastx
SRR31829833	NODE_33535_length_374_cov_4.797654	52.4	374	127	0.661417	3.00e-20	acc|REFSEQ|YP_009553218.1|REFSEQ|NC_040712|ORF2 [Dioscorea nummularia-associated virus]	Dioscorea nummularia-associated virus	Blastx
SRR31829833	NODE_21455_length_249_cov_3.347222	65.1	249	193	0.326425	3.32e-20	acc|REFSEQ|YP_009481299.1|REFSEQ|NC_037665|Histone H2B domain containing protein [Pandoravirus macleodensis]	Pandoravirus macleodensis	Blastx
SRR31829833	NODE_29492_length_221_cov_1.244681	52.8	221	197	0.365482	3.43e-20	acc|REFSEQ|YP_009449015.1|REFSEQ|NC_036594|GTP ras-related protein Rac1 [Orpheovirus IHUMI-LCC2]	Orpheovirus IHUMI-LCC2	Blastx
SRR31829833	NODE_9020_length_558_cov_4.561905	59.7	558	214	0.359813	4.07e-20	acc|GENBANK|UZE89726.1|GENBANK|ON704650|hypothetical protein [Parapoynx stagnalis nucleopolyhedrovirus]	Parapoynx stagnalis nucleopolyhedrovirus	Blastx
SRR31829833	NODE_1038_length_630_cov_64.659966	36.2	630	171	0.678363	4.12e-20	acc|REFSEQ|YP_009001589.1|REFSEQ|NC_023426|translation initiation factor elF-4e [Alphaentomopoxvirus acuprea]	Alphaentomopoxvirus acuprea	Blastx
SRR31829833	NODE_5496_length_721_cov_34.379360	30.1	721	182	0.895604	4.14e-20	acc|REFSEQ|YP_009163818.1|REFSEQ|NC_027778|ORF_057R [Scale drop disease virus]	Scale drop disease virus	Blastx
SRR31829833	NODE_8191_length_1445_cov_44.611190	32.0	1445	430	0.451163	4.18e-20	acc|REFSEQ|YP_010782230.1|REFSEQ|NC_075039|Zn-dependent peptidase [Tupanvirus soda lake]	Tupanvirus soda lake	Blastx
SRR31829833	NODE_21132_length_445_cov_3.519417	75.0	445	2466	0.027575	4.31e-20	acc|GENBANK|AOZ57106.1|GENBANK|KX608896|Serine threonine-protein kinase TOR [Saccharum hybrid cultivar R570]	Saccharum hybrid cultivar R570	Blastx
SRR31829833	NODE_25837_length_887_cov_9.142857	37.2	887	382	0.316754	4.37e-20	acc|GENBANK|AAB31930.2|GENBANK|S74099|v-myb product [Avian myeloblastosis virus]	Avian myeloblastosis virus	Blastx
SRR31829833	NODE_20731_length_270_cov_5.143460	54.3	270	407	0.171990	4.41e-20	acc|GENBANK|ARF08154.1|GENBANK|KY684083|acetamidase/formamidase family protein [Catovirus CTV1]	Catovirus CTV1	Blastx
SRR31829833	NODE_21131_length_390_cov_2.277311	40.6	390	299	0.428094	4.45e-20	acc|GENBANK|QRE02559.1|GENBANK|MN545489|hypothetical protein [Otarine gammaherpesvirus 4]	Otarine gammaherpesvirus 4	Blastx
SRR31829833	NODE_19497_length_379_cov_2.161850	48.5	379	465	0.217204	4.63e-20	acc|GENBANK|AGL44352.1|GENBANK|JX392394|reverse transcriptase-like domain-containing RBR [Glycine max]	Glycine max	Blastx
SRR31829833	NODE_33125_length_279_cov_0.951220	51.1	279	2037	0.046146	4.71e-20	acc|GENBANK|ABG37663.1|GENBANK|DQ536170|CCHC-type integrase [Populus trichocarpa]	Populus trichocarpa	Blastx
SRR31829833	NODE_24180_length_586_cov_6.278481	33.2	586	301	0.681063	4.86e-20	acc|GENBANK|ARF12194.1|GENBANK|KY684111|aldo/keto reductase family protein [Klosneuvirus KNV1]	Klosneuvirus KNV1	Blastx
SRR31829833	NODE_477_length_1049_cov_44.481299	36.5	1049	147	0.931973	4.94e-20	acc|GENBANK|QBK88372.1|GENBANK|MK500388|ubiquitin-conjugating enzyme E2 [Mimivirus LCMiAC01]	Mimivirus LCMiAC01	Blastx
SRR31829833	NODE_2962_length_564_cov_3.242938	42.5	564	459	0.261438	5.07e-20	acc|GENBANK|BBI30359.1|GENBANK|AP018495|beta-galactosidase [Acanthamoeba castellanii medusavirus J1]	Acanthamoeba castellanii medusavirus J1	Blastx
SRR31829833	NODE_10257_length_396_cov_3.223140	48.0	396	261	0.390805	5.08e-20	acc|GENBANK|ARF08832.1|GENBANK|KY684083|caspase domain protein [Catovirus CTV1]	Catovirus CTV1	Blastx
SRR31829833	NODE_4905_length_705_cov_7.572917	33.5	705	456	0.339912	5.18e-20	acc|GENBANK|AGE53721.1|GENBANK|JX997168|ATP-dependent helicase [Acanthocystis turfacea Chlorella virus GM0701.1]	Acanthocystis turfacea Chlorella virus GM0701.1	Blastx
SRR31829833	NODE_23237_length_315_cov_2.404255	77.0	315	242	0.252066	5.33e-20	acc|GENBANK|AGU70135.1|GENBANK|KF270089|integrase-type DNA-binding superfamily protein [Tarenaya hassleriana]	Tarenaya hassleriana	Blastx
SRR31829833	NODE_2595_length_1087_cov_33.546490	46.3	1087	588	0.183673	5.46e-20	acc|GENBANK|QOI90522.1|GENBANK|MT663539|hypothetical protein [Pyramimonas orientalis virus]	Pyramimonas orientalis virus	Blastx
SRR31829833	NODE_22576_length_480_cov_5.894855	39.6	480	408	0.365196	5.57e-20	acc|REFSEQ|YP_010781447.1|REFSEQ|NC_075039|Zn-dependent alcohol dehydrogenase [Tupanvirus soda lake]	Tupanvirus soda lake	Blastx
SRR31829833	NODE_577_length_562_cov_33.487713	33.5	562	492	0.382114	5.68e-20	acc|GENBANK|QBK88108.1|GENBANK|MK500375|cyclin-dependent protein kinase [Marseillevirus LCMAC202]	Marseillevirus LCMAC202	Blastx
SRR31829833	NODE_26099_length_601_cov_12.860915	36.9	601	117	1.205128	6.00e-20	acc|GENBANK|QDH76138.1|GENBANK|MK948413|putative gag protein [Porcine endogenous retrovirus]	Porcine endogenous retrovirus	Blastx
SRR31829833	NODE_23338_length_1164_cov_13.084881	44.8	1164	870	0.154023	6.11e-20	acc|GENBANK|WZO87275.1|GENBANK|PP681894|ATPase [Chlorovirus sp.]	Chlorovirus sp.	Blastx
SRR31829833	NODE_26930_length_402_cov_17.821138	38.5	402	292	0.462329	6.44e-20	acc|GENBANK|CAK7597229.1|GENBANK|OZ003748|Protein kinase-like homologous superfamily [Catovirus sp. 'naegleriensis']	Catovirus sp. 'naegleriensis'	Blastx
SRR31829833	NODE_24101_length_581_cov_3.189781	40.1	581	724	0.189227	6.62e-20	acc|GENBANK|QBK86717.1|GENBANK|MK500335|translation initiation factor 2 [Marseillevirus LCMAC103]	Marseillevirus LCMAC103	Blastx
SRR31829833	NODE_17272_length_892_cov_3.301513	38.0	892	238	0.718487	6.62e-20	acc|GENBANK|AYV77971.1|GENBANK|MK072068|hypothetical protein [Edafosvirus sp.]	Edafosvirus sp.	Blastx
SRR31829833	NODE_20197_length_372_cov_2.445428	40.5	372	521	0.241843	6.99e-20	acc|GENBANK|QGR53776.1|GENBANK|MK978772|protein kinase [Moumouvirus maliensis]	Moumouvirus maliensis	Blastx
SRR31829833	NODE_7353_length_365_cov_16.373494	46.4	365	268	0.313433	7.66e-20	acc|REFSEQ|YP_010780800.1|REFSEQ|NC_075038|hypothetical protein [Tupanvirus deep ocean]	Tupanvirus deep ocean	Blastx
SRR31829833	NODE_4021_length_583_cov_2.643636	65.1	583	337	0.186944	7.75e-20	acc|GENBANK|ABH08433.1|GENBANK|DQ851167|putative heat shock factor [Beta vulgaris]	Beta vulgaris	Blastx
SRR31829833	NODE_7527_length_968_cov_7.980749	32.3	968	293	0.559727	7.87e-20	acc|GENBANK|QFG75012.1|GENBANK|MN448296|protein kinase domain protein [Megaviridae environmental sample]	Megaviridae environmental sample	Blastx
SRR31829833	NODE_25571_length_508_cov_15.717895	38.1	508	720	0.186111	7.89e-20	acc|GENBANK|ARF11650.1|GENBANK|KY684109|HrpA-like RNA helicase [Klosneuvirus KNV1]	Klosneuvirus KNV1	Blastx
SRR31829833	NODE_4511_length_298_cov_1.996226	54.4	298	772	0.102332	7.89e-20	acc|REFSEQ|YP_003970015.1|REFSEQ|NC_014637|Holliday junction branch migration helicase [Cafeteria roenbergensis virus BV-PW1]	Cafeteria roenbergensis virus BV-PW1	Blastx
SRR31829833	NODE_18029_length_438_cov_9.022222	40.4	438	302	0.450331	8.01e-20	acc|GENBANK|QKF93533.1|GENBANK|MT418680|pyruvate carboxyltransferase [Fadolivirus FV1/VV64]	Fadolivirus FV1/VV64	Blastx
SRR31829833	NODE_9179_length_412_cov_4.274406	41.6	412	526	0.260456	8.16e-20	acc|GENBANK|QKF94253.1|GENBANK|MT418680|ABC transporter [Fadolivirus FV1/VV64]	Fadolivirus FV1/VV64	Blastx
SRR31829833	NODE_126_length_430_cov_3.080605	40.9	430	925	0.148108	8.62e-20	acc|GENBANK|ABY48139.1|GENBANK|EU306659|NORK [Medicago truncatula]	Medicago truncatula	Blastx
SRR31829833	NODE_2433_length_753_cov_11.465278	34.7	753	289	0.678201	8.86e-20	acc|GENBANK|QBK88329.1|GENBANK|MK500386|ABC transporter [Marseillevirus LCMAC202]	Marseillevirus LCMAC202	Blastx
SRR31829833	NODE_8572_length_1069_cov_23.532819	30.4	1069	207	1.033816	9.05e-20	acc|GENBANK|WZO80473.1|GENBANK|PP681875|protein Thf1 [Chlorovirus sp.]	Chlorovirus sp.	Blastx
SRR31829833	NODE_15609_length_429_cov_6.520202	34.4	429	496	0.258065	9.33e-20	acc|GENBANK|ACN78958.1|GENBANK|FJ225394|dehydration responsive protein [Glycine max]	Glycine max	Blastx
SRR31829833	NODE_18231_length_481_cov_14.743304	45.6	481	139	0.647482	9.52e-20	acc|GENBANK|QBK84613.1|GENBANK|MK500281|riboflavin kinase [Pithovirus LCDPAC01]	Pithovirus LCDPAC01	Blastx
SRR31829833	NODE_5454_length_459_cov_2.140845	42.9	459	497	0.239437	9.55e-20	acc|GENBANK|AYV83822.1|GENBANK|MK072394|cytochrome P450 704B1 [Hyperionvirus sp.]	Hyperionvirus sp.	Blastx
SRR31829833	NODE_25546_length_577_cov_32.523897	47.5	577	267	0.456929	9.70e-20	acc|REFSEQ|YP_009238942.1|REFSEQ|NC_029692|histone H2B/H2A fusion protein [Brazilian marseillevirus]	Brazilian marseillevirus	Blastx
SRR31829833	NODE_25284_length_1686_cov_17.240169	24.7	1686	470	0.825532	1.00e-19	acc|REFSEQ|YP_009448636.1|REFSEQ|NC_036594|Cytochrome P450-like protein E-class [Orpheovirus IHUMI-LCC2]	Orpheovirus IHUMI-LCC2	Blastx
SRR31829833	NODE_14238_length_482_cov_6.391982	35.9	482	405	0.288889	1.04e-19	acc|GENBANK|WGU26824.1|GENBANK|OQ503488|eukaryotic initiation factor 4A-III B-like [Triticum monococcum]	Triticum monococcum	Blastx
SRR31829833	NODE_8639_length_431_cov_185.821608	45.1	431	111	0.738739	1.05e-19	acc|GENBANK|QBK92165.1|GENBANK|MK500568|thioredoxin [Pithovirus LCPAC304]	Pithovirus LCPAC304	Blastx
SRR31829833	NODE_23404_length_569_cov_13.602612	55.3	569	299	0.254181	1.07e-19	acc|GENBANK|UOG94093.1|NEIGHBOR|OM876856|serine threonine-protein phosphatase [Aureococcus anophagefferens virus]	Aureococcus anophagefferens virus	Blastx
SRR31829833	NODE_11445_length_297_cov_4.337121	49.4	297	299	0.290970	1.08e-19	acc|GENBANK|UOG94093.1|NEIGHBOR|OM876856|serine threonine-protein phosphatase [Aureococcus anophagefferens virus]	Aureococcus anophagefferens virus	Blastx
SRR31829833	NODE_16473_length_227_cov_6.876289	54.9	227	154	0.461039	1.09e-19	acc|GENBANK|AGQ04567.1|GENBANK|KC611146|rice yellow mottle virus 1-like protein [Oryza glumipatula]	Oryza glumipatula	Blastx
SRR31829833	NODE_8984_length_519_cov_18.135802	30.8	519	558	0.284946	1.11e-19	acc|GENBANK|QDY52220.1|GENBANK|MK250089|ABC transporter [Mimiviridae sp. ChoanoV1]	Mimiviridae sp. ChoanoV1	Blastx
SRR31829833	NODE_22179_length_316_cov_2.356890	48.5	316	378	0.272487	1.20e-19	acc|GENBANK|ACN72775.1|GENBANK|FJ791046|delta-12 oleate desaturase [Helianthus annuus]	Helianthus annuus	Blastx
SRR31829833	NODE_3480_length_836_cov_64.915318	35.3	836	498	0.369478	1.29e-19	acc|GENBANK|XHA59766.1|GENBANK|OR863077|thermosome [Poseidoniales virus]	Poseidoniales virus	Blastx
SRR31829833	NODE_12524_length_422_cov_1.125964	66.1	422	97	0.608247	1.30e-19	acc|GENBANK|BAD43167.1|GENBANK|AK175404|copia-type reverse transcriptase-like protein [Arabidopsis thaliana]	Arabidopsis thaliana	Blastx
SRR31829833	NODE_16131_length_285_cov_7.992063	93.0	285	117	0.367521	1.30e-19	acc|GENBANK|QDH76138.1|GENBANK|MK948413|putative gag protein [Porcine endogenous retrovirus]	Porcine endogenous retrovirus	Blastx
SRR31829833	NODE_11953_length_584_cov_9.949183	39.3	584	262	0.572519	1.31e-19	acc|GENBANK|ARF10214.1|GENBANK|KY684103|serine/threonine protein phosphatase [Hokovirus HKV1]	Hokovirus HKV1	Blastx
SRR31829833	NODE_2622_length_286_cov_32.300395	60.3	286	357	0.218487	1.31e-19	acc|GENBANK|ABB29305.1|GENBANK|DQ219419|NADPH-dependent reductase [Zea mays]	Zea mays	Blastx
SRR31829833	NODE_25787_length_631_cov_17.966555	38.2	631	150	0.873333	1.34e-19	acc|REFSEQ|YP_009173309.1|REFSEQ|NC_028094|ubiquitin conjugating enzyme E2 [Chrysochromulina ericina virus]	Chrysochromulina ericina virus	Blastx
SRR31829833	NODE_32421_length_267_cov_1.000000	46.5	267	833	0.103241	1.36e-19	acc|GENBANK|AAL14454.1|GENBANK|AF397035|DNA mismatch repair protein Msh5 [Mus musculus]	Mus musculus	Blastx
SRR31829833	NODE_8949_length_1305_cov_17.601415	25.4	1305	314	0.977707	1.41e-19	acc|REFSEQ|YP_009702092.1|REFSEQ|NC_044939|hypothetical protein [Heliothis virescens ascovirus 3g]	Heliothis virescens ascovirus 3g	Blastx
SRR31829833	NODE_7580_length_689_cov_11.009146	37.7	689	509	0.255403	1.43e-19	acc|GENBANK|AHA54613.1|GENBANK|KF481686|putative serine palmitoyltransferase [Emiliania huxleyi virus 145]	Emiliania huxleyi virus 145	Blastx
SRR31829833	NODE_26208_length_1101_cov_4.346442	39.2	1101	972	0.170782	1.48e-19	acc|GENBANK|UOG94373.1|NEIGHBOR|OM876856|Helicase-like protein [Aureococcus anophagefferens virus]	Aureococcus anophagefferens virus	Blastx
SRR31829833	NODE_9104_length_736_cov_10.533428	40.0	736	149	1.006711	1.55e-19	acc|GENBANK|AIB52031.1|GENBANK|KJ614390|ribosomal-protein-alanine acetyltransferase [Faustovirus]	Faustovirus	Blastx
SRR31829833	NODE_26598_length_511_cov_36.186192	44.1	511	109	0.853211	1.63e-19	acc|GENBANK|QBK85947.1|GENBANK|MK500328|thioredoxin [Marseillevirus LCMAC101]	Marseillevirus LCMAC101	Blastx
SRR31829833	NODE_16948_length_250_cov_1.820276	62.5	250	489	0.147239	1.72e-19	acc|GENBANK|QBK85775.1|GENBANK|MK500327|aspartyl/asparaginyl-tRNA synthetase [Marseillevirus LCMAC101]	Marseillevirus LCMAC101	Blastx
SRR31829833	NODE_13781_length_527_cov_4.925101	35.3	527	467	0.291221	1.73e-19	acc|GENBANK|API81738.1|NEIGHBOR|KU052222|hypothetical protein [Cafeteriavirus-dependent mavirus]	Cafeteriavirus-dependent mavirus	Blastx
SRR31829833	NODE_1576_length_478_cov_81.422472	81.5	478	137	0.394161	1.75e-19	acc|GENBANK|XKM46647.1|GENBANK|PQ442261|hypothetical protein [Micromonas commoda virus 20T]	Micromonas commoda virus 20T	Blastx
SRR31829833	NODE_5131_length_721_cov_20.825581	32.4	721	737	0.234735	1.83e-19	acc|GENBANK|CCQ71381.1|GENBANK|HF586479|hypothetical cystein protease Calpain-B [Cotesia congregata]	Cotesia congregata	Blastx
SRR31829833	NODE_7465_length_563_cov_6.705660	30.9	563	727	0.284732	1.89e-19	acc|GENBANK|ADB85269.1|GENBANK|GQ252805|putative lectin-like protein kinase [Phyllostachys edulis]	Phyllostachys edulis	Blastx
SRR31829833	NODE_7601_length_419_cov_10.367876	51.9	419	291	0.264605	2.05e-19	acc|GENBANK|QBK87818.1|GENBANK|MK500370|copine [Marseillevirus LCMAC202]	Marseillevirus LCMAC202	Blastx
SRR31829833	NODE_19495_length_327_cov_4.513605	60.0	327	302	0.215232	2.28e-19	acc|GENBANK|QBK92300.1|GENBANK|MK500573|NAD dependent epimerase/dehydratase [Pithovirus LCPAC304]	Pithovirus LCPAC304	Blastx
SRR31829833	NODE_32538_length_269_cov_0.991525	53.9	269	337	0.225519	2.28e-19	acc|GENBANK|ABH08433.1|GENBANK|DQ851167|putative heat shock factor [Beta vulgaris]	Beta vulgaris	Blastx
SRR31829833	NODE_19058_length_296_cov_2.536122	53.9	296	443	0.171558	2.65e-19	acc|REFSEQ|YP_010782291.1|REFSEQ|NC_075039|alcohol dehydrogenase [Tupanvirus soda lake]	Tupanvirus soda lake	Blastx
SRR31829833	NODE_20725_length_393_cov_4.066667	40.8	393	1618	0.080346	2.75e-19	acc|GENBANK|QGR54286.1|GENBANK|MK978772|serine/threonine protein kinase [Moumouvirus maliensis]	Moumouvirus maliensis	Blastx
SRR31829833	NODE_33483_length_357_cov_2.166667	46.9	357	250	0.392000	2.84e-19	acc|GENBANK|QKF94408.1|GENBANK|MT418680|3-deoxy-D-manno-octulosonate [Fadolivirus FV1/VV64]	Fadolivirus FV1/VV64	Blastx
SRR31829833	NODE_4912_length_339_cov_4.986928	41.9	339	642	0.200935	3.36e-19	acc|GENBANK|ARF10282.1|GENBANK|KY684103|dynamin family protein [Hokovirus HKV1]	Hokovirus HKV1	Blastx
SRR31829833	NODE_8035_length_793_cov_10.265789	46.9	793	860	0.111628	3.48e-19	acc|GENBANK|UKZ11061.1|GENBANK|OM339720|hypothetical protein [Emiliania huxleyi virus M1]	Emiliania huxleyi virus M1	Blastx
SRR31829833	NODE_30478_length_237_cov_2.294118	55.8	237	182	0.423077	3.50e-19	acc|REFSEQ|YP_009163818.1|REFSEQ|NC_027778|ORF_057R [Scale drop disease virus]	Scale drop disease virus	Blastx
SRR31829833	NODE_5181_length_423_cov_5.882051	41.7	423	403	0.297767	3.79e-19	acc|GENBANK|AYV82314.1|GENBANK|MK072360|translation initiation factor 4A-III [Homavirus sp.]	Homavirus sp.	Blastx
SRR31829833	NODE_29917_length_228_cov_1.800000	82.4	228	889	0.057368	3.80e-19	acc|GENBANK|QCC26834.1|GENBANK|MK532516|Bs2 gagpol polyprotein [Zea mays]	Zea mays	Blastx
SRR31829833	NODE_3614_length_336_cov_4.039604	41.7	336	109	0.944954	3.93e-19	acc|GENBANK|QBK85947.1|GENBANK|MK500328|thioredoxin [Marseillevirus LCMAC101]	Marseillevirus LCMAC101	Blastx
SRR31829833	NODE_18798_length_328_cov_2.708475	54.6	328	1715	0.062974	4.18e-19	acc|GENBANK|WDS48439.1|GENBANK|ON798805|essential for potexvirus accumulation 1 [Solanum tuberosum]	Solanum tuberosum	Blastx
SRR31829833	NODE_30978_length_245_cov_2.207547	51.8	245	304	0.279605	4.26e-19	acc|GENBANK|QPI16210.1|GENBANK|MW030544|thymidylate synthase [Virus NIOZ-UU157]	Virus NIOZ-UU157	Blastx
SRR31829833	NODE_5018_length_366_cov_5.420420	48.8	366	520	0.165385	4.27e-19	acc|GENBANK|APO14197.1|GENBANK|KX098475|truncated DELLA protein [Setaria italica]	Setaria italica	Blastx
SRR31829833	NODE_1882_length_1351_cov_87.468134	28.9	1351	322	0.913043	4.64e-19	acc|GENBANK|QFG74515.1|GENBANK|MN448289|signal peptide peptidase [Megaviridae environmental sample]	Megaviridae environmental sample	Blastx
SRR31829833	NODE_22392_length_265_cov_1.711207	50.6	265	249	0.357430	4.80e-19	acc|GENBANK|QKY77335.1|GENBANK|MT637187|MADS-box transcription factor SHP1.A9 [Brassica napus]	Brassica napus	Blastx
SRR31829833	NODE_33477_length_356_cov_2.529412	61.3	356	504	0.148810	4.92e-19	acc|GENBANK|QKF94406.1|GENBANK|MT418680|3-deoxy-8-phosphooctulonate synthase [Fadolivirus FV1/VV64]	Fadolivirus FV1/VV64	Blastx
SRR31829833	NODE_3348_length_1608_cov_6.787302	37.8	1608	310	0.503226	4.94e-19	acc|GENBANK|AYV80377.1|GENBANK|MK072243|tRNaseZ [Harvfovirus sp.]	Harvfovirus sp.	Blastx
SRR31829833	NODE_34084_length_452_cov_2.854415	38.3	452	345	0.333333	5.89e-19	acc|REFSEQ|YP_008052569.1|REFSEQ|NC_021312|ubiquitin specific peptidase C19 [Phaeocystis globosa virus]	Phaeocystis globosa virus	Blastx
SRR31829833	NODE_27978_length_1111_cov_26.740260	32.9	1111	279	0.598566	6.44e-19	acc|GENBANK|QBK87117.1|GENBANK|MK500344|putative serine/threonine protein kinase [Marseillevirus LCMAC201]	Marseillevirus LCMAC201	Blastx
SRR31829833	NODE_6560_length_337_cov_32.398026	69.6	337	204	0.274510	7.01e-19	acc|GENBANK|AYV75810.1|GENBANK|MK071981|GTP-binding protein ypt1 [Terrestrivirus sp.]	Terrestrivirus sp.	Blastx
SRR31829833	NODE_9432_length_238_cov_1.121951	51.3	238	302	0.251656	7.48e-19	acc|GENBANK|QBK92300.1|GENBANK|MK500573|NAD dependent epimerase/dehydratase [Pithovirus LCPAC304]	Pithovirus LCPAC304	Blastx
SRR31829833	NODE_5984_length_1075_cov_39.980806	31.7	1075	1040	0.212500	7.71e-19	acc|REFSEQ|YP_010780932.1|REFSEQ|NC_075038|putative ATP-citrate synthase isoform X3 [Tupanvirus deep ocean]	Tupanvirus deep ocean	Blastx
SRR31829833	NODE_4798_length_435_cov_1.803483	40.7	435	724	0.200276	7.85e-19	acc|GENBANK|ADK47523.1|GENBANK|HM124452|NBS3-RDG2A [Hordeum vulgare subsp. vulgare]	Hordeum vulgare subsp. vulgare	Blastx
SRR31829833	NODE_33308_length_311_cov_2.312950	37.6	311	194	0.520619	8.11e-19	acc|GENBANK|CAA12932.1|GENBANK|AJ228333|reverse transcriptase [Pinus elliottii]	Pinus elliottii	Blastx
SRR31829833	NODE_33647_length_472_cov_5.330296	39.4	472	613	0.277325	8.32e-19	acc|GENBANK|ADB85401.1|GENBANK|GQ252886|putative pollen-specific kinase [Phyllostachys edulis]	Phyllostachys edulis	Blastx
SRR31829833	NODE_15654_length_583_cov_4.369091	48.6	583	203	0.517241	8.50e-19	acc|GENBANK|ACB45086.1|GENBANK|EU365381|CRT binding factor 3 [Solanum habrochaites]	Solanum habrochaites	Blastx
SRR31829833	NODE_22104_length_410_cov_9.334218	41.2	410	120	0.850000	8.51e-19	acc|GENBANK|QBZ81758.1|GENBANK|MK174290|Protein kinase catalytic incomplete domain [Pandoravirus celtis]	Pandoravirus celtis	Blastx
SRR31829833	NODE_566_length_821_cov_113.868020	66.1	821	230	0.269565	9.50e-19	acc|GENBANK|ADB85286.1|GENBANK|GQ252816|putative RNA-binding-like protein [Phyllostachys edulis]	Phyllostachys edulis	Blastx
SRR31829833	NODE_3_length_486_cov_13.401766	57.9	486	221	0.343891	9.59e-19	acc|GENBANK|WWU03978.1|GENBANK|OR798672|polyprotein [Flaviviridae sp.]	Flaviviridae sp.	Blastx
SRR31829833	NODE_17684_length_1089_cov_15.658144	31.9	1089	727	0.310867	9.63e-19	acc|GENBANK|ADB85269.1|GENBANK|GQ252805|putative lectin-like protein kinase [Phyllostachys edulis]	Phyllostachys edulis	Blastx
SRR31829833	NODE_2236_length_528_cov_3.145455	28.9	528	320	0.518750	9.90e-19	acc|GENBANK|ARF09286.1|GENBANK|KY684084|serine/threonine protein kinase [Catovirus CTV1]	Catovirus CTV1	Blastx
SRR31829833	NODE_14581_length_465_cov_6.328704	43.6	465	552	0.182971	1.01e-18	acc|GENBANK|AYV75783.1|GENBANK|MK071981|ATP binding cassette sub family F [Terrestrivirus sp.]	Terrestrivirus sp.	Blastx
SRR31829833	NODE_67_length_641_cov_14.521382	31.4	641	254	0.866142	1.01e-18	acc|REFSEQ|YP_009001499.1|REFSEQ|NC_023426|phosphatidic acid phosphatase type 2 [Alphaentomopoxvirus acuprea]	Alphaentomopoxvirus acuprea	Blastx
SRR31829833	NODE_21595_length_258_cov_1.928889	60.3	258	160	0.425000	1.10e-18	acc|GENBANK|QKF94153.1|GENBANK|MT418680|cyclophilin-type peptidyl-prolyl cis-trans [Fadolivirus FV1/VV64]	Fadolivirus FV1/VV64	Blastx
SRR31829833	NODE_8842_length_529_cov_10.475806	68.8	529	242	0.264463	1.12e-18	acc|GENBANK|AGU70135.1|GENBANK|KF270089|integrase-type DNA-binding superfamily protein [Tarenaya hassleriana]	Tarenaya hassleriana	Blastx
SRR31829833	NODE_30249_length_233_cov_1.170000	44.2	233	147	0.523810	1.13e-18	acc|GENBANK|QBK88372.1|GENBANK|MK500388|ubiquitin-conjugating enzyme E2 [Mimivirus LCMiAC01]	Mimivirus LCMiAC01	Blastx
SRR31829833	NODE_201_length_581_cov_39.498175	44.2	581	148	0.641892	1.24e-18	acc|GENBANK|AYV85459.1|GENBANK|MK072453|thioredoxin-like protein [Satyrvirus sp.]	Satyrvirus sp.	Blastx
SRR31829833	NODE_29711_length_225_cov_2.437500	62.7	225	1040	0.064423	1.27e-18	acc|REFSEQ|YP_010780932.1|REFSEQ|NC_075038|putative ATP-citrate synthase isoform X3 [Tupanvirus deep ocean]	Tupanvirus deep ocean	Blastx
SRR31829833	NODE_14937_length_651_cov_5.548544	44.2	651	2037	0.055474	1.32e-18	acc|GENBANK|ABG37663.1|GENBANK|DQ536170|CCHC-type integrase [Populus trichocarpa]	Populus trichocarpa	Blastx
SRR31829833	NODE_12991_length_455_cov_2.651659	37.1	455	422	0.331754	1.56e-18	acc|GENBANK|AVL93710.1|GENBANK|MG807319|putative zinc-type alcohol dehydrogenase-like [Megavirus vitis]	Megavirus vitis	Blastx
SRR31829833	NODE_33375_length_327_cov_1.989796	42.4	327	356	0.278090	1.58e-18	acc|GENBANK|AUF82658.1|GENBANK|KY322437|histidine decarboxylase [Tetraselmis virus 1]	Tetraselmis virus 1	Blastx
SRR31829833	NODE_22776_length_263_cov_2.765217	55.9	263	93	0.731183	1.66e-18	acc|GENBANK|AYV80661.1|GENBANK|MK072246|putative Cytochrome b5 [Harvfovirus sp.]	Harvfovirus sp.	Blastx
SRR31829833	NODE_19074_length_274_cov_2.896266	48.9	274	588	0.153061	1.73e-18	acc|GENBANK|QOI90522.1|GENBANK|MT663539|hypothetical protein [Pyramimonas orientalis virus]	Pyramimonas orientalis virus	Blastx
SRR31829833	NODE_8888_length_336_cov_183.617162	44.3	336	153	0.516340	1.74e-18	acc|GENBANK|QFG73633.1|GENBANK|MN448266|thioredoxin-like protein [Megaviridae environmental sample]	Megaviridae environmental sample	Blastx
SRR31829833	NODE_13579_length_387_cov_2.579096	34.6	387	279	0.455197	1.78e-18	acc|GENBANK|QBK87117.1|GENBANK|MK500344|putative serine/threonine protein kinase [Marseillevirus LCMAC201]	Marseillevirus LCMAC201	Blastx
SRR31829833	NODE_3645_length_288_cov_4.549020	45.5	288	405	0.217284	1.92e-18	acc|GENBANK|WGU26824.1|GENBANK|OQ503488|eukaryotic initiation factor 4A-III B-like [Triticum monococcum]	Triticum monococcum	Blastx
SRR31829833	NODE_4083_length_460_cov_2.290398	35.5	460	478	0.317992	2.10e-18	acc|GENBANK|QBK86272.1|GENBANK|MK500334|cyclin-dependent protein kinase [Marseillevirus LCMAC102]	Marseillevirus LCMAC102	Blastx
SRR31829833	NODE_7346_length_602_cov_8.362039	30.4	602	301	0.720930	2.12e-18	acc|GENBANK|ARF12194.1|GENBANK|KY684111|aldo/keto reductase family protein [Klosneuvirus KNV1]	Klosneuvirus KNV1	Blastx
SRR31829833	NODE_8426_length_822_cov_12.550063	29.1	822	566	0.406360	2.23e-18	acc|GENBANK|QBK89567.1|GENBANK|MK500428|phosphatidylinositol-specific phospholipase C [Pithovirus LCPAC001]	Pithovirus LCPAC001	Blastx
SRR31829833	NODE_21320_length_545_cov_3.113281	31.9	545	255	0.627451	2.28e-18	acc|GENBANK|QGR53945.1|GENBANK|MK978772|hydrolase [Moumouvirus maliensis]	Moumouvirus maliensis	Blastx
SRR31829833	NODE_17662_length_1340_cov_31.964040	32.3	1340	289	0.653979	2.32e-18	acc|GENBANK|QBK88329.1|GENBANK|MK500386|ABC transporter [Marseillevirus LCMAC202]	Marseillevirus LCMAC202	Blastx
SRR31829833	NODE_24306_length_1024_cov_4.537841	36.0	1024	558	0.268817	2.39e-18	acc|GENBANK|QDY52220.1|GENBANK|MK250089|ABC transporter [Mimiviridae sp. ChoanoV1]	Mimiviridae sp. ChoanoV1	Blastx
SRR31829833	NODE_828_length_578_cov_9.401835	35.8	578	261	0.662835	2.47e-18	acc|GENBANK|AYV79236.1|GENBANK|MK072137|serine/threonine protein phosphatase [Faunusvirus sp.]	Faunusvirus sp.	Blastx
SRR31829833	NODE_15452_length_707_cov_1.553412	29.3	707	500	0.464000	2.64e-18	acc|GENBANK|AYV86945.1|GENBANK|MK072521|ubiquitin protein ligase E3 component n-recognin [Sylvanvirus sp.]	Sylvanvirus sp.	Blastx
SRR31829833	NODE_18691_length_482_cov_4.287305	47.4	482	411	0.277372	2.69e-18	acc|GENBANK|ACN78984.1|GENBANK|FJ225395|cyclin-like F-box [Glycine max]	Glycine max	Blastx
SRR31829833	NODE_4296_length_359_cov_5.411043	51.4	359	706	0.104816	2.74e-18	acc|GENBANK|WGU26822.1|GENBANK|OQ503488|OPT oligopeptide transporter protein [Triticum monococcum]	Triticum monococcum	Blastx
SRR31829833	NODE_11663_length_237_cov_3.352941	57.4	237	782	0.078005	2.77e-18	acc|GENBANK|QBK87559.1|GENBANK|MK500358|CobB/CobQ-like glutamine amidotransferase domain [Marseillevirus LCMAC201]	Marseillevirus LCMAC201	Blastx
SRR31829833	NODE_24780_length_998_cov_21.115026	33.6	998	220	0.650000	3.04e-18	acc|GENBANK|UOG94371.1|NEIGHBOR|OM876856|peptidyl-prolyl cis-trans isomerase [Aureococcus anophagefferens virus]	Aureococcus anophagefferens virus	Blastx
SRR31829833	NODE_31969_length_260_cov_1.030837	48.8	260	228	0.359649	3.31e-18	acc|GENBANK|ATZ80220.1|GENBANK|MF782455|cyclophilin ABH-like protein [Bodo saltans virus]	Bodo saltans virus	Blastx
SRR31829833	NODE_12_length_1500_cov_16.573960	24.2	1500	407	0.965602	3.43e-18	acc|GENBANK|AAM22634.1|GENBANK|AF434192|YZ1 [Zea mays]	Zea mays	Blastx
SRR31829833	NODE_22756_length_203_cov_6.458824	67.3	203	256	0.214844	3.51e-18	acc|GENBANK|AAB67721.1|GENBANK|AF015269|PL transcription factor [Zea mays]	Zea mays	Blastx
SRR31829833	NODE_455_length_531_cov_10.670683	36.0	531	342	0.406433	3.52e-18	acc|GENBANK|AYV78971.1|GENBANK|MK072128|transmembrane protein 184C-like protein [Edafosvirus sp.]	Edafosvirus sp.	Blastx
SRR31829833	NODE_80_length_1601_cov_18.431760	27.0	1601	422	0.815166	3.54e-18	acc|GENBANK|QDY52462.1|GENBANK|MK250094|aminotransferase class-III protein [Mimiviridae sp. ChoanoV1]	Mimiviridae sp. ChoanoV1	Blastx
SRR31829833	NODE_20214_length_515_cov_3.078838	31.8	515	925	0.160000	3.55e-18	acc|GENBANK|ABY48139.1|GENBANK|EU306659|NORK [Medicago truncatula]	Medicago truncatula	Blastx
SRR31829833	NODE_63_length_754_cov_24.368932	37.2	754	299	0.548495	3.79e-18	acc|GENBANK|QRE02559.1|GENBANK|MN545489|hypothetical protein [Otarine gammaherpesvirus 4]	Otarine gammaherpesvirus 4	Blastx
SRR31829833	NODE_25987_length_652_cov_3.741519	40.4	652	721	0.137309	3.85e-18	acc|GENBANK|ATZ80225.1|GENBANK|MF782455|putative nuclear export mediator factor [Bodo saltans virus]	Bodo saltans virus	Blastx
SRR31829833	NODE_4015_length_629_cov_13.525168	38.5	629	595	0.240336	3.94e-18	acc|GENBANK|AYV79223.1|GENBANK|MK072137|putative 5'-3' exonuclease [Faunusvirus sp.]	Faunusvirus sp.	Blastx
SRR31829833	NODE_12413_length_361_cov_1.384146	36.8	361	348	0.336207	4.19e-18	acc|GENBANK|AYV86709.1|GENBANK|MK072513|hypothetical protein [Sylvanvirus sp.]	Sylvanvirus sp.	Blastx
SRR31829833	NODE_14704_length_825_cov_4.911616	28.2	825	468	0.658120	4.34e-18	acc|GENBANK|ARF10845.1|GENBANK|KY684105|ubiquitin carboxyl-terminal hydrolase [Hokovirus HKV1]	Hokovirus HKV1	Blastx
SRR31829833	NODE_5281_length_260_cov_2.052863	73.2	260	317	0.176656	4.46e-18	acc|GENBANK|AFD33690.1|GENBANK|JQ679016|polyprotein [Hepatitis E virus]	Hepatitis E virus	Blastx
SRR31829833	NODE_7233_length_301_cov_72.294776	55.6	301	183	0.393443	4.49e-18	acc|REFSEQ|YP_009465880.1|REFSEQ|NC_037057|hypothetical protein [Dishui lake phycodnavirus 1]	Dishui lake phycodnavirus 1	Blastx
SRR31829833	NODE_7587_length_437_cov_8.972772	45.6	437	120	0.750000	4.56e-18	acc|GENBANK|QBZ81758.1|GENBANK|MK174290|Protein kinase catalytic incomplete domain [Pandoravirus celtis]	Pandoravirus celtis	Blastx
SRR31829833	NODE_33912_length_277_cov_2.877049	50.6	277	925	0.087568	4.71e-18	acc|GENBANK|ABY48139.1|GENBANK|EU306659|NORK [Medicago truncatula]	Medicago truncatula	Blastx
SRR31829833	NODE_16732_length_234_cov_4.452736	66.2	234	1281	0.053084	5.03e-18	acc|GENBANK|AAA67727.1|GENBANK|U15647|reverse transcriptase [Mus musculus domesticus]	Mus musculus domesticus	Blastx
SRR31829833	NODE_26547_length_789_cov_17.214286	34.3	789	327	0.516820	5.21e-18	acc|GENBANK|QKF94686.1|GENBANK|MT418680|NADP-dependent oxidoreductase [Fadolivirus FV1/VV64]	Fadolivirus FV1/VV64	Blastx
SRR31829833	NODE_6113_length_521_cov_4.672131	28.8	521	1158	0.152850	5.29e-18	acc|GENBANK|ADK47522.1|GENBANK|HM124452|NBS2-RDG2A [Hordeum vulgare subsp. vulgare]	Hordeum vulgare subsp. vulgare	Blastx
SRR31829833	NODE_19899_length_317_cov_3.154930	55.6	317	299	0.240803	5.30e-18	acc|GENBANK|UOG94093.1|NEIGHBOR|OM876856|serine threonine-protein phosphatase [Aureococcus anophagefferens virus]	Aureococcus anophagefferens virus	Blastx
SRR31829833	NODE_23607_length_914_cov_22.418842	31.0	914	275	0.610909	5.44e-18	acc|GENBANK|QBK86962.1|GENBANK|MK500339|translation initiation factor 2, alpha subunit [Marseillevirus LCMAC103]	Marseillevirus LCMAC103	Blastx
SRR31829833	NODE_6475_length_791_cov_3.683377	41.4	791	447	0.221477	5.64e-18	acc|REFSEQ|NP_077596.1|REFSEQ|NC_002687|serine-threonine kinase [Ectocarpus siliculosus virus 1]	Ectocarpus siliculosus virus 1	Blastx
SRR31829833	NODE_1713_length_497_cov_5.150862	50.0	497	221	0.389140	5.71e-18	acc|GENBANK|WWU03978.1|GENBANK|OR798672|polyprotein [Flaviviridae sp.]	Flaviviridae sp.	Blastx
SRR31829833	NODE_11013_length_702_cov_13.180867	32.8	702	311	0.578778	5.80e-18	acc|GENBANK|AYV80108.1|GENBANK|MK072208|serine/threonine protein phosphatase [Gaeavirus sp.]	Gaeavirus sp.	Blastx
SRR31829833	NODE_11462_length_243_cov_3.971429	57.1	243	423	0.198582	5.82e-18	acc|GENBANK|CAA38181.1|GENBANK|X54284|phosphoglycerate kinase [Trichoderma viride]	Trichoderma viride	Blastx
SRR31829833	NODE_119_length_458_cov_5.287059	53.2	458	559	0.137746	5.98e-18	acc|GENBANK|AYV76247.1|GENBANK|MK071983|xaa-Pro dipeptidase-like protein [Terrestrivirus sp.]	Terrestrivirus sp.	Blastx
SRR31829833	NODE_12403_length_277_cov_1.213115	44.0	277	179	0.469274	6.07e-18	acc|GENBANK|ARF11237.1|GENBANK|KY684108|ubiquitin-conjugating enzyme E2 [Klosneuvirus KNV1]	Klosneuvirus KNV1	Blastx
SRR31829833	NODE_9108_length_664_cov_6.407290	34.1	664	925	0.231351	6.17e-18	acc|GENBANK|ABY48139.1|GENBANK|EU306659|NORK [Medicago truncatula]	Medicago truncatula	Blastx
SRR31829833	NODE_10456_length_274_cov_2.502075	59.7	274	1263	0.049089	6.25e-18	acc|GENBANK|ABG37655.1|GENBANK|DQ536162|integrase [Populus trichocarpa]	Populus trichocarpa	Blastx
SRR31829833	NODE_1061_length_237_cov_24.867647	59.7	237	896	0.074777	7.09e-18	acc|GENBANK|QCC26837.1|GENBANK|MK532524|RLX_Jeli-encoded protein [Zea mays]	Zea mays	Blastx
SRR31829833	NODE_9943_length_248_cov_1.060465	84.3	248	189	0.269841	7.24e-18	acc|REFSEQ|YP_009465730.1|REFSEQ|NC_037057|hypothetical protein [Dishui lake phycodnavirus 1]	Dishui lake phycodnavirus 1	Blastx
SRR31829833	NODE_15870_length_429_cov_2.608586	38.1	429	478	0.290795	7.30e-18	acc|GENBANK|QBK86272.1|GENBANK|MK500334|cyclin-dependent protein kinase [Marseillevirus LCMAC102]	Marseillevirus LCMAC102	Blastx
SRR31829833	NODE_5434_length_1213_cov_29.939831	29.1	1213	420	0.671429	7.53e-18	acc|GENBANK|WAK75645.1|NEIGHBOR|ON812163|hypothetical protein [Kaisodi virus]	Kaisodi virus	Blastx
SRR31829833	NODE_28146_length_200_cov_2.796407	82.4	200	1281	0.039813	7.72e-18	acc|GENBANK|AAA67727.1|GENBANK|U15647|reverse transcriptase [Mus musculus domesticus]	Mus musculus domesticus	Blastx
SRR31829833	NODE_952_length_454_cov_11.152019	34.3	454	925	0.144865	8.65e-18	acc|GENBANK|ABY48139.1|GENBANK|EU306659|NORK [Medicago truncatula]	Medicago truncatula	Blastx
SRR31829833	NODE_14633_length_212_cov_1.145251	67.1	212	520	0.134615	8.70e-18	acc|GENBANK|APO14197.1|GENBANK|KX098475|truncated DELLA protein [Setaria italica]	Setaria italica	Blastx
SRR31829833	NODE_2144_length_210_cov_5291.192090	100	210	1335	0.029963	9.16e-18	acc|GENBANK|AJD23416.1|GENBANK|KM009120|putative RNA-dependent RNA polymerase [Yam virus X]	Yam virus X	Blastx
SRR31829833	NODE_16024_length_266_cov_3.047210	56.3	266	492	0.144309	9.27e-18	acc|GENBANK|QBK88108.1|GENBANK|MK500375|cyclin-dependent protein kinase [Marseillevirus LCMAC202]	Marseillevirus LCMAC202	Blastx
SRR31829833	NODE_5198_length_596_cov_7.960924	34.7	596	233	0.618026	9.38e-18	acc|GENBANK|QBK85221.1|GENBANK|MK500309|2OG-Fe(II) oxygenase superfamily protein [Iridovirus LCIVAC01]	Iridovirus LCIVAC01	Blastx
SRR31829833	NODE_1205_length_914_cov_32.807037	36.8	914	174	0.764368	9.57e-18	acc|GENBANK|AYV78867.1|GENBANK|MK072106|hypothetical protein [Edafosvirus sp.]	Edafosvirus sp.	Blastx
SRR31829833	NODE_26693_length_640_cov_5.286656	43.4	640	2037	0.052037	1.01e-17	acc|GENBANK|ABG37663.1|GENBANK|DQ536170|CCHC-type integrase [Populus trichocarpa]	Populus trichocarpa	Blastx
SRR31829833	NODE_235_length_1168_cov_17.716300	26.0	1168	1162	0.308090	1.03e-17	acc|GENBANK|BCS83173.1|GENBANK|AP024483|putative mRNA-capping enzyme [Cotonvirus japonicus]	Cotonvirus japonicus	Blastx
SRR31829833	NODE_17290_length_312_cov_4.896057	52.1	312	1484	0.049191	1.05e-17	acc|GENBANK|AUF82600.1|GENBANK|KY322437|DNA-directed RNA polymerase II subunit Rpb1 [Tetraselmis virus 1]	Tetraselmis virus 1	Blastx
SRR31829833	NODE_18178_length_389_cov_2.179775	56.8	389	2037	0.036328	1.07e-17	acc|GENBANK|ABG37663.1|GENBANK|DQ536170|CCHC-type integrase [Populus trichocarpa]	Populus trichocarpa	Blastx
SRR31829833	NODE_30951_length_244_cov_1.109005	51.9	244	326	0.248466	1.09e-17	acc|GENBANK|CAP69653.1|GENBANK|AM932520|silcatein [Lubomirskia baikalensis]	Lubomirskia baikalensis	Blastx
SRR31829833	NODE_748_length_560_cov_15.074004	31.5	560	309	0.543689	1.15e-17	acc|GENBANK|AYV80835.1|GENBANK|MK072249|SDR family NAD(P)-dependent oxidoreductase [Harvfovirus sp.]	Harvfovirus sp.	Blastx
SRR31829833	NODE_12224_length_592_cov_5.949911	29.8	592	505	0.332673	1.17e-17	acc|REFSEQ|YP_004061477.1|REFSEQ|NC_014765|hypothetical protein [Bathycoccus sp. RCC1105 virus BpV1]	Bathycoccus sp. RCC1105 virus BpV1	Blastx
SRR31829833	NODE_3923_length_349_cov_4.579114	63.1	349	776	0.083763	1.17e-17	acc|GENBANK|ABY48135.1|GENBANK|EU306659|beta-D-xylosidase [Medicago truncatula]	Medicago truncatula	Blastx
SRR31829833	NODE_8202_length_410_cov_15.716180	42.5	410	342	0.330409	1.32e-17	acc|GENBANK|AYV78971.1|GENBANK|MK072128|transmembrane protein 184C-like protein [Edafosvirus sp.]	Edafosvirus sp.	Blastx
SRR31829833	NODE_15428_length_244_cov_2.018957	55.1	244	527	0.148008	1.37e-17	acc|GENBANK|QFG74393.1|GENBANK|MN448287|ABC transporter [Megaviridae environmental sample]	Megaviridae environmental sample	Blastx
SRR31829833	NODE_873_length_318_cov_3.140351	41.8	318	299	0.327759	1.49e-17	acc|GENBANK|QIG59714.1|GENBANK|MN940578|putative spermidine [Dishui Lake phycodnavirus 3]	Dishui Lake phycodnavirus 3	Blastx
SRR31829833	NODE_16964_length_324_cov_1.350515	45.5	324	833	0.105642	1.62e-17	acc|GENBANK|AAL14454.1|GENBANK|AF397035|DNA mismatch repair protein Msh5 [Mus musculus]	Mus musculus	Blastx
SRR31829833	NODE_16679_length_381_cov_7.040230	34.7	381	299	0.414716	1.62e-17	acc|GENBANK|UOG94093.1|NEIGHBOR|OM876856|serine threonine-protein phosphatase [Aureococcus anophagefferens virus]	Aureococcus anophagefferens virus	Blastx
SRR31829833	NODE_17913_length_385_cov_11.269886	41.4	385	423	0.234043	1.76e-17	acc|GENBANK|AYV79645.1|GENBANK|MK072163|serine/threonine protein kinase [Faunusvirus sp.]	Faunusvirus sp.	Blastx
SRR31829833	NODE_12302_length_340_cov_1.482085	69.2	340	53	0.981132	1.76e-17	acc|GENBANK|XDO01897.1|GENBANK|PP542043|Ubiquitin-60S Ribosomal Protein L40 [Florenciella sp. virus SA2]	Florenciella sp. virus SA2	Blastx
SRR31829833	NODE_3310_length_603_cov_9.189474	43.7	603	1946	0.052929	1.78e-17	acc|GENBANK|ADB85424.1|GENBANK|GQ252887|putative retrotransposon protein [Phyllostachys edulis]	Phyllostachys edulis	Blastx
SRR31829833	NODE_30955_length_244_cov_1.109005	53.4	244	344	0.212209	1.79e-17	acc|GENBANK|QBK88093.1|GENBANK|MK500375|zinc finger protein [Marseillevirus LCMAC202]	Marseillevirus LCMAC202	Blastx
SRR31829833	NODE_26874_length_202_cov_28.633136	72.5	202	95	0.536842	1.85e-17	acc|GENBANK|AAL14450.1|GENBANK|AF397035|small ribonuclear protein G7b [Mus musculus]	Mus musculus	Blastx
SRR31829833	NODE_3326_length_593_cov_6.666071	37.8	593	933	0.118971	1.98e-17	acc|GENBANK|CAK7596965.1|GENBANK|OZ003748|DNA topoisomerase, type IA [Catovirus sp. 'naegleriensis']	Catovirus sp. 'naegleriensis'	Blastx
SRR31829833	NODE_30757_length_241_cov_2.250000	62.5	241	423	0.170213	2.01e-17	acc|GENBANK|CAA38181.1|GENBANK|X54284|phosphoglycerate kinase [Trichoderma viride]	Trichoderma viride	Blastx
SRR31829833	NODE_33241_length_477_cov_23.806306	35.8	477	383	0.357702	2.05e-17	acc|GENBANK|AJA91762.1|GENBANK|KM434202|dihydroflavonol 4-reductase [Allium cepa]	Allium cepa	Blastx
SRR31829833	NODE_28683_length_209_cov_1.329545	59.4	209	397	0.173804	2.18e-17	acc|REFSEQ|YP_009481510.1|REFSEQ|NC_037665|phospho-2-dehydro-3-deoxyheptonate aldolase [Pandoravirus macleodensis]	Pandoravirus macleodensis	Blastx
SRR31829833	NODE_13138_length_220_cov_2.401070	51.4	220	299	0.240803	2.22e-17	acc|GENBANK|UOG94093.1|NEIGHBOR|OM876856|serine threonine-protein phosphatase [Aureococcus anophagefferens virus]	Aureococcus anophagefferens virus	Blastx
SRR31829833	NODE_1338_length_732_cov_24.194564	32.9	732	327	0.510703	2.37e-17	acc|GENBANK|QKF94686.1|GENBANK|MT418680|NADP-dependent oxidoreductase [Fadolivirus FV1/VV64]	Fadolivirus FV1/VV64	Blastx
SRR31829833	NODE_5071_length_287_cov_2.688976	44.2	287	1506	0.063081	2.56e-17	acc|REFSEQ|YP_009001498.1|REFSEQ|NC_023426|ABC transporter [Alphaentomopoxvirus acuprea]	Alphaentomopoxvirus acuprea	Blastx
SRR31829833	NODE_20338_length_595_cov_1.548043	36.0	595	276	0.492754	2.72e-17	acc|GENBANK|ULY68573.1|GENBANK|OL828820|putative apurinic-apyrimidinic endonuclease 1 [Chlorella virus XW01]	Chlorella virus XW01	Blastx
SRR31829833	NODE_6815_length_796_cov_4.418087	25.5	796	1384	0.169798	2.74e-17	acc|GENBANK|ADB85299.1|GENBANK|GQ252825|putative retrotransposon protein [Phyllostachys edulis]	Phyllostachys edulis	Blastx
SRR31829833	NODE_15362_length_571_cov_8.648699	55.6	571	183	0.393443	2.86e-17	acc|REFSEQ|YP_009465880.1|REFSEQ|NC_037057|hypothetical protein [Dishui lake phycodnavirus 1]	Dishui lake phycodnavirus 1	Blastx
SRR31829833	NODE_12593_length_409_cov_3.976064	37.6	409	618	0.189320	3.16e-17	acc|GENBANK|QKF93461.1|GENBANK|MT418680|GMP synthetase glutamine amidotransferase and [Fadolivirus FV1/VV64]	Fadolivirus FV1/VV64	Blastx
SRR31829833	NODE_13858_length_410_cov_7.724138	76.4	410	666	0.082583	3.20e-17	acc|GENBANK|XDO02262.1|GENBANK|PP542043|Atp-Dependent Zinc Metalloprotease [Florenciella sp. virus SA2]	Florenciella sp. virus SA2	Blastx
SRR31829833	NODE_25482_length_383_cov_15.485714	42.9	383	332	0.316265	3.27e-17	acc|GENBANK|AYV77577.1|GENBANK|MK072050|hypothetical protein [Dasosvirus sp.]	Dasosvirus sp.	Blastx
SRR31829833	NODE_7523_length_646_cov_10.587276	31.5	646	1083	0.149584	3.37e-17	acc|GENBANK|AAB62532.1|GENBANK|AF001075|gag-v-phosphoinositide 3-kinase catalytic [Avian sarcoma virus 16]	Avian sarcoma virus 16	Blastx
SRR31829833	NODE_5957_length_484_cov_28.880266	42.0	484	482	0.232365	3.38e-17	acc|REFSEQ|YP_010781435.1|REFSEQ|NC_075039|cytidylyltransferase [Tupanvirus soda lake]	Tupanvirus soda lake	Blastx
SRR31829833	NODE_10822_length_329_cov_2.344595	39.4	329	245	0.404082	4.08e-17	acc|REFSEQ|YP_009120494.1|REFSEQ|NC_026440|DNA-directed RNA polymerase II subunit RPB1 [Pandoravirus inopinatum]	Pandoravirus inopinatum	Blastx
SRR31829833	NODE_5973_length_890_cov_5.521587	36.4	890	1506	0.102258	4.10e-17	acc|REFSEQ|YP_009001498.1|REFSEQ|NC_023426|ABC transporter [Alphaentomopoxvirus acuprea]	Alphaentomopoxvirus acuprea	Blastx
SRR31829833	NODE_33540_length_376_cov_1.364431	42.5	376	1619	0.074120	4.32e-17	acc|GENBANK|BCS82572.1|GENBANK|AP024483|putative serine/threonine-protein kinase [Cotonvirus japonicus]	Cotonvirus japonicus	Blastx
SRR31829833	NODE_5624_length_843_cov_2.795062	29.0	843	375	0.560000	4.47e-17	acc|GENBANK|QFG74672.1|GENBANK|MN448289|helicase [Megaviridae environmental sample]	Megaviridae environmental sample	Blastx
SRR31829833	NODE_6627_length_688_cov_31.393893	42.1	688	109	0.871560	4.64e-17	acc|GENBANK|QDY51808.1|GENBANK|MK250085|thioredoxin [Mimiviridae sp. ChoanoV1]	Mimiviridae sp. ChoanoV1	Blastx
SRR31829833	NODE_22640_length_1249_cov_6.878289	31.8	1249	705	0.392908	4.98e-17	acc|GENBANK|AGE56163.1|GENBANK|JX997176|helicase [Paramecium bursaria Chlorella virus NE-JV-1]	Paramecium bursaria Chlorella virus NE-JV-1	Blastx
SRR31829833	NODE_19321_length_356_cov_3.839009	43.5	356	388	0.219072	5.14e-17	acc|GENBANK|AAU93529.1|GENBANK|AY691949|alcohol dehydrogenase 1 [Zea mays]	Zea mays	Blastx
SRR31829833	NODE_19458_length_222_cov_1.058201	45.7	222	111	0.630631	5.29e-17	acc|GENBANK|QBK92165.1|GENBANK|MK500568|thioredoxin [Pithovirus LCPAC304]	Pithovirus LCPAC304	Blastx
SRR31829833	NODE_20957_length_413_cov_2.121053	40.0	413	288	0.416667	5.32e-17	acc|GENBANK|QMP82376.1|GENBANK|MT153362|hypothetical protein [red goblin roach virus 1]	red goblin roach virus 1	Blastx
SRR31829833	NODE_15000_length_916_cov_4.391846	26.7	916	258	0.755814	5.51e-17	acc|GENBANK|WMV02893.1|GENBANK|OP630990|alpha-tubulin [Diderma spumarioides]	Diderma spumarioides	Blastx
SRR31829833	NODE_4721_length_406_cov_7.273458	38.2	406	604	0.251656	5.66e-17	acc|GENBANK|ABH08432.1|GENBANK|DQ851167|putative non-inducible immunity 1 [Beta vulgaris]	Beta vulgaris	Blastx
SRR31829833	NODE_12205_length_257_cov_1.058036	53.6	257	728	0.115385	5.82e-17	acc|GENBANK|QFR35755.1|GENBANK|MK737813|phytochrome B [Chandrasekharania keralensis]	Chandrasekharania keralensis	Blastx
SRR31829833	NODE_3312_length_329_cov_24.777027	63.2	329	269	0.211896	5.91e-17	acc|GENBANK|ACG35536.1|GENBANK|EU963418|retrotransposon protein [Zea mays]	Zea mays	Blastx
SRR31829833	NODE_26716_length_468_cov_23.335632	33.1	468	142	0.915493	6.32e-17	acc|GENBANK|QMS79608.1|GENBANK|MN019923|hypothetical protein [Invertebrate iridescent virus 6]	Invertebrate iridescent virus 6	Blastx
SRR31829833	NODE_33664_length_521_cov_2.877049	41.0	521	1508	0.092175	6.39e-17	acc|GENBANK|CAJ00274.1|GENBANK|AJ966991|hypothetical protein [Lotus japonicus]	Lotus japonicus	Blastx
SRR31829833	NODE_33996_length_287_cov_2.763780	42.9	287	1281	0.071038	6.48e-17	acc|GENBANK|AAA67727.1|GENBANK|U15647|reverse transcriptase [Mus musculus domesticus]	Mus musculus domesticus	Blastx
SRR31829833	NODE_14225_length_270_cov_1.852321	41.9	270	199	0.432161	6.74e-17	acc|GENBANK|AAB48347.1|GENBANK|L47187|reverse transcriptase [Arabidopsis thaliana]	Arabidopsis thaliana	Blastx
SRR31829833	NODE_2360_length_486_cov_26.494481	62.5	486	214	0.299065	6.81e-17	acc|GENBANK|UZE89726.1|GENBANK|ON704650|hypothetical protein [Parapoynx stagnalis nucleopolyhedrovirus]	Parapoynx stagnalis nucleopolyhedrovirus	Blastx
SRR31829833	NODE_6179_length_555_cov_95.446360	48.5	555	183	0.540984	6.91e-17	acc|REFSEQ|YP_009465880.1|REFSEQ|NC_037057|hypothetical protein [Dishui lake phycodnavirus 1]	Dishui lake phycodnavirus 1	Blastx
SRR31829833	NODE_3293_length_426_cov_4.600509	38.1	426	576	0.241319	7.09e-17	acc|GENBANK|QBK87887.1|GENBANK|MK500371|XRN 5'-3' exonuclease [Marseillevirus LCMAC202]	Marseillevirus LCMAC202	Blastx
SRR31829833	NODE_27094_length_256_cov_3.668161	46.8	256	179	0.430168	7.31e-17	acc|GENBANK|WZO76087.1|GENBANK|PP681864|aspartate transcarbamylase [Chlorovirus sp.]	Chlorovirus sp.	Blastx
SRR31829833	NODE_32918_length_275_cov_0.966942	50.8	275	113	0.575221	7.59e-17	acc|GENBANK|QDH76139.1|GENBANK|MK948414|putative gag protein [Porcine endogenous retrovirus]	Porcine endogenous retrovirus	Blastx
SRR31829833	NODE_31763_length_257_cov_1.044643	51.2	257	595	0.141176	7.85e-17	acc|GENBANK|AGE58614.1|GENBANK|JX997183|glucosamine--fructose-6-phosphate [Paramecium bursaria Chlorella virus NYs1]	Paramecium bursaria Chlorella virus NYs1	Blastx
SRR31829833	NODE_550_length_212_cov_22.837989	61.4	212	397	0.176322	8.21e-17	acc|REFSEQ|YP_009173589.1|REFSEQ|NC_028094|Helicase 45 [Chrysochromulina ericina virus]	Chrysochromulina ericina virus	Blastx
SRR31829833	NODE_3820_length_549_cov_3.275194	53.6	549	399	0.172932	8.83e-17	acc|GENBANK|AYV76711.1|GENBANK|MK071990|hypothetical protein [Terrestrivirus sp.]	Terrestrivirus sp.	Blastx
SRR31829833	NODE_5104_length_288_cov_2.866667	43.6	288	833	0.112845	9.04e-17	acc|GENBANK|CCQ71385.1|GENBANK|HF586480|hypothetical Homeodomain-interacting protein [Cotesia congregata]	Cotesia congregata	Blastx
SRR31829833	NODE_5916_length_728_cov_5.053237	34.5	728	288	0.673611	9.53e-17	acc|GENBANK|QMP82376.1|GENBANK|MT153362|hypothetical protein [red goblin roach virus 1]	red goblin roach virus 1	Blastx
SRR31829833	NODE_19576_length_466_cov_3.337182	38.7	466	478	0.232218	9.70e-17	acc|GENBANK|AAK84479.1|GENBANK|AF275345|putative auxin growth promotor protein [Solanum lycopersicum]	Solanum lycopersicum	Blastx
SRR31829833	NODE_13307_length_268_cov_1.863830	60.3	268	242	0.260331	1.00e-16	acc|GENBANK|AGU70135.1|GENBANK|KF270089|integrase-type DNA-binding superfamily protein [Tarenaya hassleriana]	Tarenaya hassleriana	Blastx
SRR31829833	NODE_7990_length_1320_cov_64.069153	75.9	1320	242	0.239669	1.01e-16	acc|GENBANK|AGU70135.1|GENBANK|KF270089|integrase-type DNA-binding superfamily protein [Tarenaya hassleriana]	Tarenaya hassleriana	Blastx
SRR31829833	NODE_10892_length_433_cov_7.765000	44.6	433	549	0.204007	1.02e-16	acc|GENBANK|WGU26815.1|GENBANK|OQ503488|pentatricopeptide repeat-containing protein [Triticum monococcum]	Triticum monococcum	Blastx
SRR31829833	NODE_3205_length_438_cov_184.740741	37.0	438	406	0.266010	1.06e-16	acc|GENBANK|QBK87310.1|GENBANK|MK500348|chaperone protein [Marseillevirus LCMAC201]	Marseillevirus LCMAC201	Blastx
SRR31829833	NODE_19994_length_407_cov_3.518717	36.4	407	815	0.171779	1.09e-16	acc|REFSEQ|YP_010782648.1|REFSEQ|NC_075039|elongation factor 2 [Tupanvirus soda lake]	Tupanvirus soda lake	Blastx
SRR31829833	NODE_17192_length_850_cov_11.257038	34.9	850	465	0.400000	1.10e-16	acc|GENBANK|QFG74149.1|GENBANK|MN448280|trypsin-like peptidase domain protein [Megaviridae environmental sample]	Megaviridae environmental sample	Blastx
SRR31829833	NODE_21322_length_282_cov_1.738956	50.0	282	729	0.126200	1.13e-16	acc|REFSEQ|YP_003969830.1|REFSEQ|NC_014637|putative ubiquitin-conjugating enzyme E2 [Cafeteria roenbergensis virus BV-PW1]	Cafeteria roenbergensis virus BV-PW1	Blastx
SRR31829833	NODE_26821_length_1358_cov_50.014340	31.3	1358	403	0.657568	1.14e-16	acc|REFSEQ|YP_009448705.1|REFSEQ|NC_036594|Phenylalanyl-tRNA synthetase [Orpheovirus IHUMI-LCC2]	Orpheovirus IHUMI-LCC2	Blastx
SRR31829833	NODE_30320_length_234_cov_1.164179	60.3	234	197	0.294416	1.14e-16	acc|REFSEQ|YP_009449015.1|REFSEQ|NC_036594|GTP ras-related protein Rac1 [Orpheovirus IHUMI-LCC2]	Orpheovirus IHUMI-LCC2	Blastx
SRR31829833	NODE_33651_length_479_cov_4.721973	60.0	479	508	0.137795	1.16e-16	acc|GENBANK|AWA44804.1|GENBANK|MH182523|hypothetical protein [Saccharum officinarum]	Saccharum officinarum	Blastx
SRR31829833	NODE_5943_length_561_cov_5.062500	42.3	561	261	0.398467	1.17e-16	acc|GENBANK|ARF08832.1|GENBANK|KY684083|caspase domain protein [Catovirus CTV1]	Catovirus CTV1	Blastx
SRR31829833	NODE_23881_length_423_cov_5.120513	36.9	423	395	0.356962	1.17e-16	acc|GENBANK|AYV79137.1|GENBANK|MK072134|serine/threonine protein kinase [Faunusvirus sp.]	Faunusvirus sp.	Blastx
SRR31829833	NODE_7349_length_643_cov_6.454098	27.8	643	414	0.521739	1.18e-16	acc|REFSEQ|YP_009238667.1|REFSEQ|NC_029692|translation elongation factor [Brazilian marseillevirus]	Brazilian marseillevirus	Blastx
SRR31829833	NODE_14530_length_506_cov_2.040169	53.2	506	366	0.215847	1.19e-16	acc|GENBANK|WRJ69895.1|GENBANK|OR001839|phosphoserine aminotransferase [Oceanusvirus sp.]	Oceanusvirus sp.	Blastx
SRR31829833	NODE_12192_length_452_cov_3.871122	33.1	452	506	0.268775	1.19e-16	acc|GENBANK|QOR60263.1|GENBANK|MK522035|hypothetical protein [Bathycoccus sp. RCC716 virus 1]	Bathycoccus sp. RCC716 virus 1	Blastx
SRR31829833	NODE_6924_length_386_cov_8.674221	40.2	386	299	0.391304	1.22e-16	acc|GENBANK|QRE02559.1|GENBANK|MN545489|hypothetical protein [Otarine gammaherpesvirus 4]	Otarine gammaherpesvirus 4	Blastx
SRR31829833	NODE_16252_length_515_cov_4.634855	35.3	515	521	0.332054	1.25e-16	acc|GENBANK|QGR53776.1|GENBANK|MK978772|protein kinase [Moumouvirus maliensis]	Moumouvirus maliensis	Blastx
SRR31829833	NODE_21300_length_419_cov_13.038860	33.6	419	925	0.138378	1.27e-16	acc|GENBANK|QKF93736.1|GENBANK|MT418680|peptidase M16 [Fadolivirus FV1/VV64]	Fadolivirus FV1/VV64	Blastx
SRR31829833	NODE_26068_length_738_cov_7.760284	32.8	738	471	0.382166	1.28e-16	acc|GENBANK|XCJ76782.1|GENBANK|PP728250|helicase superfamily 1/2 protein [Micromonas polaris virus]	Micromonas polaris virus	Blastx
SRR31829833	NODE_10332_length_251_cov_2.711009	51.9	251	925	0.083243	1.38e-16	acc|GENBANK|ABY48139.1|GENBANK|EU306659|NORK [Medicago truncatula]	Medicago truncatula	Blastx
SRR31829833	NODE_8144_length_1850_cov_12.477711	27.2	1850	333	0.915916	1.52e-16	acc|GENBANK|QDY52116.1|GENBANK|MK250087|D-isomer specific 2-hydroxyacid dehydrogenase, [Mimiviridae sp. ChoanoV1]	Mimiviridae sp. ChoanoV1	Blastx
SRR31829833	NODE_13711_length_233_cov_2.220000	76.7	233	182	0.236264	1.60e-16	acc|GENBANK|BDT62002.1|GENBANK|LC738871|hypothetical protein [Penaeus monodon majanivirus B]	Penaeus monodon majanivirus B	Blastx
SRR31829833	NODE_17707_length_806_cov_9.019405	26.2	806	417	0.640288	1.63e-16	acc|GENBANK|QBK89261.1|GENBANK|MK500411|DEAD/SNF2-like helicase [Mimivirus LCMiAC02]	Mimivirus LCMiAC02	Blastx
SRR31829833	NODE_12365_length_388_cov_2.312676	36.1	388	727	0.148556	1.63e-16	acc|GENBANK|ADB85269.1|GENBANK|GQ252805|putative lectin-like protein kinase [Phyllostachys edulis]	Phyllostachys edulis	Blastx
SRR31829833	NODE_34086_length_315_cov_1.836879	41.5	315	310	0.303226	1.66e-16	acc|GENBANK|AYV86922.1|GENBANK|MK072520|hypothetical protein [Sylvanvirus sp.]	Sylvanvirus sp.	Blastx
SRR31829833	NODE_2459_length_352_cov_5.573668	41.8	352	378	0.259259	1.69e-16	acc|GENBANK|QGR53944.1|GENBANK|MK978772|RNA methyltransferase [Moumouvirus maliensis]	Moumouvirus maliensis	Blastx
SRR31829833	NODE_23374_length_783_cov_17.729333	31.9	783	646	0.315789	1.71e-16	acc|GENBANK|QKF94735.1|GENBANK|MT418680|long-chain fatty acid CoA synthetase [Fadolivirus FV1/VV64]	Fadolivirus FV1/VV64	Blastx
SRR31829833	NODE_21201_length_449_cov_7.040865	43.0	449	691	0.154848	1.72e-16	acc|GENBANK|UPW42252.1|GENBANK|ON001649|putative RNA dependent RNA polymerase [Xisha Islands farmland mitovirus 5]	Xisha Islands farmland mitovirus 5	Blastx
SRR31829833	NODE_29573_length_222_cov_2.470899	84.6	222	727	0.071527	1.77e-16	acc|GENBANK|ADB85323.1|GENBANK|GQ252840|putative retrotransposon protein [Phyllostachys edulis]	Phyllostachys edulis	Blastx
SRR31829833	NODE_24190_length_315_cov_5.343972	48.4	315	2037	0.045655	1.81e-16	acc|GENBANK|ABG37663.1|GENBANK|DQ536170|CCHC-type integrase [Populus trichocarpa]	Populus trichocarpa	Blastx
SRR31829833	NODE_7565_length_456_cov_11.151300	37.5	456	164	0.487805	1.88e-16	acc|GENBANK|QFG73678.1|GENBANK|MN448266|inorganic pyrophosphatase [Megaviridae environmental sample]	Megaviridae environmental sample	Blastx
SRR31829833	NODE_6088_length_727_cov_91.185879	31.1	727	383	0.477807	1.90e-16	acc|GENBANK|AJA91762.1|GENBANK|KM434202|dihydroflavonol 4-reductase [Allium cepa]	Allium cepa	Blastx
SRR31829833	NODE_1306_length_296_cov_4.730038	45.8	296	356	0.269663	1.93e-16	acc|GENBANK|AUF82658.1|GENBANK|KY322437|histidine decarboxylase [Tetraselmis virus 1]	Tetraselmis virus 1	Blastx
SRR31829833	NODE_20500_length_511_cov_3.389121	36.9	511	354	0.344633	2.18e-16	acc|REFSEQ|YP_010781838.1|REFSEQ|NC_075039|acetoin utilization deacetylase [Tupanvirus soda lake]	Tupanvirus soda lake	Blastx
SRR31829833	NODE_3008_length_677_cov_33.527950	34.7	677	261	0.662835	2.21e-16	acc|GENBANK|AYV79236.1|GENBANK|MK072137|serine/threonine protein phosphatase [Faunusvirus sp.]	Faunusvirus sp.	Blastx
SRR31829833	NODE_14139_length_885_cov_6.080986	34.0	885	567	0.264550	2.37e-16	acc|GENBANK|QYA18790.1|GENBANK|MZ420154|RuvB-like chromatin remodeling ATPase [Clandestinovirus]	Clandestinovirus	Blastx
SRR31829833	NODE_30474_length_237_cov_1.147059	70.0	237	53	0.943396	2.37e-16	acc|GENBANK|XDO01897.1|GENBANK|PP542043|Ubiquitin-60S Ribosomal Protein L40 [Florenciella sp. virus SA2]	Florenciella sp. virus SA2	Blastx
SRR31829833	NODE_17486_length_508_cov_7.077895	37.4	508	727	0.224209	2.42e-16	acc|GENBANK|ADB85269.1|GENBANK|GQ252805|putative lectin-like protein kinase [Phyllostachys edulis]	Phyllostachys edulis	Blastx
SRR31829833	NODE_19239_length_252_cov_5.356164	53.7	252	191	0.350785	2.53e-16	acc|GENBANK|AAK16153.1|GENBANK|AF326577|anthocyanin regulatory B protein [Zea mays]	Zea mays	Blastx
SRR31829833	NODE_28965_length_213_cov_1.300000	54.3	213	371	0.188679	2.71e-16	acc|GENBANK|AYV75213.1|GENBANK|MK071979|alpha/beta hydrolase [Terrestrivirus sp.]	Terrestrivirus sp.	Blastx
SRR31829833	NODE_19941_length_408_cov_4.872000	37.1	408	572	0.244755	2.73e-16	acc|REFSEQ|YP_009448872.1|REFSEQ|NC_036594|Bi-functional 3,4-dihydroxy-2-butanone [Orpheovirus IHUMI-LCC2]	Orpheovirus IHUMI-LCC2	Blastx
SRR31829833	NODE_21485_length_314_cov_4.875445	38.9	314	388	0.244845	2.94e-16	acc|GENBANK|CCQ71327.1|GENBANK|HF586476|hypothetical protein kinase Pka-C1 [Cotesia congregata]	Cotesia congregata	Blastx
SRR31829833	NODE_4627_length_216_cov_2.508197	59.0	216	337	0.181009	3.11e-16	acc|GENBANK|ABH08433.1|GENBANK|DQ851167|putative heat shock factor [Beta vulgaris]	Beta vulgaris	Blastx
SRR31829833	NODE_6486_length_1303_cov_5.733071	26.4	1303	506	0.501976	3.16e-16	acc|REFSEQ|NP_054071.1|REFSEQ|NC_001623|global transactivator-like protein [Autographa californica nucleopolyhedrovirus]	Autographa californica nucleopolyhedrovirus	Blastx
SRR31829833	NODE_19190_length_317_cov_7.890845	44.2	317	691	0.124457	3.21e-16	acc|GENBANK|UPW42252.1|GENBANK|ON001649|putative RNA dependent RNA polymerase [Xisha Islands farmland mitovirus 5]	Xisha Islands farmland mitovirus 5	Blastx
SRR31829833	NODE_8018_length_587_cov_16.099278	37.4	587	112	0.955357	3.41e-16	acc|REFSEQ|YP_009173244.1|REFSEQ|NC_028093|hypothetical protein [Ostreococcus lucimarinus virus 7]	Ostreococcus lucimarinus virus 7	Blastx
SRR31829833	NODE_19245_length_248_cov_3.106977	54.5	248	1992	0.033133	3.43e-16	acc|REFSEQ|NP_958171.1|REFSEQ|NC_005343|replicase [Poplar mosaic virus]	Poplar mosaic virus	Blastx
SRR31829833	NODE_33963_length_282_cov_1.879518	46.2	282	455	0.228571	3.50e-16	acc|REFSEQ|YP_010781535.1|REFSEQ|NC_075039|alanyl-tRNA synthetase [Tupanvirus soda lake]	Tupanvirus soda lake	Blastx
SRR31829833	NODE_15582_length_442_cov_3.210269	38.3	442	312	0.493590	3.68e-16	acc|GENBANK|QRM13579.1|NEIGHBOR|MW142017|hydroxysteroid dehydrogenase [Fowlpox virus]	Fowlpox virus	Blastx
SRR31829833	NODE_21330_length_565_cov_5.415414	40.2	565	511	0.228963	3.78e-16	acc|GENBANK|WEP24560.1|NEIGHBOR|OP009387|macro domain-containing protein [Largemouth bass ulcerative syndrome virus]	Largemouth bass ulcerative syndrome virus	Blastx
SRR31829833	NODE_1308_length_211_cov_7.820225	52.9	211	697	0.097561	3.81e-16	acc|REFSEQ|YP_010781946.1|REFSEQ|NC_075039|catalase [Tupanvirus soda lake]	Tupanvirus soda lake	Blastx
SRR31829833	NODE_12050_length_704_cov_5.836066	37.7	704	247	0.526316	4.17e-16	acc|REFSEQ|YP_009449316.1|REFSEQ|NC_036594|Fatty acid hydroxylase (C-5 sterol desaturase [Orpheovirus IHUMI-LCC2]	Orpheovirus IHUMI-LCC2	Blastx
SRR31829833	NODE_32702_length_271_cov_0.983193	43.3	271	557	0.161580	4.50e-16	acc|GENBANK|WGU26825.1|GENBANK|OQ503488|putative acyl-activating enzyme 5 [Triticum monococcum]	Triticum monococcum	Blastx
SRR31829833	NODE_6651_length_588_cov_84.706306	47.5	588	87	0.919540	5.02e-16	acc|GENBANK|QJX70809.1|GENBANK|MN534311|hypothetical protein [Faustovirus]	Faustovirus	Blastx
SRR31829833	NODE_23630_length_478_cov_18.620225	31.4	478	383	0.415144	5.05e-16	acc|GENBANK|AJA91762.1|GENBANK|KM434202|dihydroflavonol 4-reductase [Allium cepa]	Allium cepa	Blastx
SRR31829833	NODE_5293_length_259_cov_2.053097	46.4	259	205	0.409756	5.06e-16	acc|REFSEQ|YP_010781892.1|REFSEQ|NC_075039|putative heat shock 70 kDa protein [Tupanvirus soda lake]	Tupanvirus soda lake	Blastx
SRR31829833	NODE_2384_length_1542_cov_11.903910	21.4	1542	1140	0.410526	5.12e-16	acc|GENBANK|AUF82288.1|GENBANK|KY322437|DNA-directed RNA polymerase II subunit Rpb2 [Tetraselmis virus 1]	Tetraselmis virus 1	Blastx
SRR31829833	NODE_26652_length_476_cov_18.760722	46.9	476	489	0.165644	5.18e-16	acc|GENBANK|AAK84471.1|GENBANK|AF275345|putative permease [Solanum lycopersicum]	Solanum lycopersicum	Blastx
SRR31829833	NODE_6757_length_545_cov_3.070312	40.8	545	313	0.313099	5.33e-16	acc|GENBANK|AYV84158.1|GENBANK|MK072400|peptide-methionine (R)-S-oxide reductase [Hyperionvirus sp.]	Hyperionvirus sp.	Blastx
SRR31829833	NODE_21510_length_808_cov_6.170323	33.6	808	474	0.276371	5.35e-16	acc|REFSEQ|YP_009448713.1|REFSEQ|NC_036594|serine-threonine kinase [Orpheovirus IHUMI-LCC2]	Orpheovirus IHUMI-LCC2	Blastx
SRR31829833	NODE_20747_length_200_cov_1.868263	61.7	200	322	0.186335	5.74e-16	acc|GENBANK|QBK92099.1|GENBANK|MK500567|pyridine nucleotide-disulfide oxidoreductase [Pithovirus LCPAC304]	Pithovirus LCPAC304	Blastx
SRR31829833	NODE_18201_length_702_cov_12.681614	32.3	702	788	0.236041	5.97e-16	acc|GENBANK|BFG87753.1|GENBANK|LC801470|ATP-dependent RNA helicase [Nucleocytoviricota sp. D1]	Nucleocytoviricota sp. D1	Blastx
SRR31829833	NODE_29597_length_223_cov_1.847368	61.6	223	561	0.130125	6.07e-16	acc|GENBANK|ARF08721.1|GENBANK|KY684083|DNA topoisomerase IB [Catovirus CTV1]	Catovirus CTV1	Blastx
SRR31829833	NODE_19370_length_506_cov_5.019027	33.8	506	277	0.523466	6.30e-16	acc|GENBANK|ARF09735.1|GENBANK|KY684086|aldo/keto reductase family protein [Indivirus ILV1]	Indivirus ILV1	Blastx
SRR31829833	NODE_20633_length_694_cov_5.180030	66.7	694	1946	0.027749	6.37e-16	acc|GENBANK|ADB85424.1|GENBANK|GQ252887|putative retrotransposon protein [Phyllostachys edulis]	Phyllostachys edulis	Blastx
SRR31829833	NODE_2363_length_1012_cov_8.941777	21.8	1012	558	0.575269	6.50e-16	acc|GENBANK|QDY52220.1|GENBANK|MK250089|ABC transporter [Mimiviridae sp. ChoanoV1]	Mimiviridae sp. ChoanoV1	Blastx
SRR31829833	NODE_13920_length_495_cov_4.227273	44.2	495	242	0.355372	6.62e-16	acc|GENBANK|ARF09567.1|GENBANK|KY684085|zinc-finger and zinc-ribbon domain protein [Indivirus ILV1]	Indivirus ILV1	Blastx
SRR31829833	NODE_31583_length_254_cov_2.117647	63.8	254	604	0.114238	6.69e-16	acc|GENBANK|AAK84484.1|GENBANK|AF275345|TH65-like protein [Solanum lycopersicum]	Solanum lycopersicum	Blastx
SRR31829833	NODE_8087_length_209_cov_2.664773	52.2	209	1281	0.053864	6.90e-16	acc|GENBANK|AAA67727.1|GENBANK|U15647|reverse transcriptase [Mus musculus domesticus]	Mus musculus domesticus	Blastx
SRR31829833	NODE_10276_length_417_cov_4.953125	42.7	417	467	0.220557	6.91e-16	acc|GENBANK|API81738.1|NEIGHBOR|KU052222|hypothetical protein [Cafeteriavirus-dependent mavirus]	Cafeteriavirus-dependent mavirus	Blastx
SRR31829833	NODE_25829_length_543_cov_7.337255	44.4	543	1512	0.077381	7.07e-16	acc|REFSEQ|YP_008052581.1|REFSEQ|NC_021312|DNA-directed RNA polymerase II subunit RPB1 [Phaeocystis globosa virus]	Phaeocystis globosa virus	Blastx
SRR31829833	NODE_21486_length_406_cov_3.281501	35.3	406	925	0.150270	7.12e-16	acc|GENBANK|ABY48139.1|GENBANK|EU306659|NORK [Medicago truncatula]	Medicago truncatula	Blastx
SRR31829833	NODE_5671_length_331_cov_4.812081	61.0	331	691	0.085384	7.20e-16	acc|GENBANK|ABY48131.1|GENBANK|EU306659|zinc finger protein [Medicago truncatula]	Medicago truncatula	Blastx
SRR31829833	NODE_32176_length_263_cov_1.017391	56.9	263	601	0.119800	7.53e-16	acc|GENBANK|AYV75170.1|GENBANK|MK071979|hypothetical protein [Terrestrivirus sp.]	Terrestrivirus sp.	Blastx
SRR31829833	NODE_11141_length_241_cov_2.384615	48.1	241	1474	0.053596	8.01e-16	acc|REFSEQ|YP_004347043.1|REFSEQ|NC_015326|serine-threonine kinase [Lausannevirus]	Lausannevirus	Blastx
SRR31829833	NODE_17153_length_589_cov_15.908273	60.6	589	508	0.139764	8.71e-16	acc|GENBANK|AWA44804.1|GENBANK|MH182523|hypothetical protein [Saccharum officinarum]	Saccharum officinarum	Blastx
SRR31829833	NODE_20048_length_252_cov_3.374429	46.3	252	491	0.162933	8.78e-16	acc|GENBANK|QIG59637.1|GENBANK|MN940577|hypothetical protein [Dishui Lake phycodnavirus 2]	Dishui Lake phycodnavirus 2	Blastx
SRR31829833	NODE_31316_length_250_cov_1.078341	59.7	250	335	0.185075	9.10e-16	acc|GENBANK|ABY48132.1|GENBANK|EU306659|GH1 protein [Medicago truncatula]	Medicago truncatula	Blastx
SRR31829833	NODE_23472_length_289_cov_21.300781	73.9	289	95	0.484211	9.30e-16	acc|GENBANK|AAL14450.1|GENBANK|AF397035|small ribonuclear protein G7b [Mus musculus]	Mus musculus	Blastx
SRR31829833	NODE_24936_length_472_cov_19.248292	41.0	472	498	0.200803	9.49e-16	acc|GENBANK|XHA59766.1|GENBANK|OR863077|thermosome [Poseidoniales virus]	Poseidoniales virus	Blastx
SRR31829833	NODE_21086_length_836_cov_6.285181	32.4	836	285	0.487719	9.55e-16	acc|REFSEQ|NP_073398.1|REFSEQ|NC_002642|esterase/lipase [Yaba-like disease virus]	Yaba-like disease virus	Blastx
SRR31829833	NODE_17185_length_1071_cov_8.531792	44.3	1071	482	0.238589	9.71e-16	acc|REFSEQ|YP_010780157.1|REFSEQ|NC_075038|cytidyltransferaserelated domain containing [Tupanvirus deep ocean]	Tupanvirus deep ocean	Blastx
SRR31829833	NODE_8709_length_935_cov_4.513304	28.6	935	353	0.495751	1.04e-15	acc|GENBANK|AYV84281.1|GENBANK|MK072403|hypothetical protein [Hyperionvirus sp.]	Hyperionvirus sp.	Blastx
SRR31829833	NODE_11308_length_846_cov_7.146371	57.1	846	424	0.165094	1.05e-15	acc|GENBANK|ARF09212.1|GENBANK|KY684084|DnaJ domain protein [Catovirus CTV1]	Catovirus CTV1	Blastx
SRR31829833	NODE_8319_length_1285_cov_50.942492	25.1	1285	539	0.732839	1.06e-15	acc|GENBANK|QDY52400.1|GENBANK|MK250091|aldehyde dehydrogenase family protein [Mimiviridae sp. ChoanoV1]	Mimiviridae sp. ChoanoV1	Blastx
SRR31829833	NODE_19409_length_391_cov_1.608939	49.4	391	700	0.115714	1.08e-15	acc|GENBANK|AAA33448.1|GENBANK|M94481|reverse transcriptase [Zea mays]	Zea mays	Blastx
SRR31829833	NODE_30283_length_234_cov_2.328358	53.2	234	312	0.246795	1.18e-15	acc|GENBANK|WZO79484.1|GENBANK|PP681873|nucleotide-sugar epimerase [Chlorovirus sp.]	Chlorovirus sp.	Blastx
SRR31829833	NODE_16970_length_612_cov_3.618307	41.6	612	254	0.492126	1.19e-15	acc|GENBANK|AYV78429.1|GENBANK|MK072077|endonuclease/exonuclease/phosphatase family [Edafosvirus sp.]	Edafosvirus sp.	Blastx
SRR31829833	NODE_29745_length_225_cov_1.218750	44.8	225	139	0.482014	1.27e-15	acc|GENBANK|CAD22561.1|GENBANK|AJ417799|reverse transcriptase [Brassica rapa subsp. rapa]	Brassica rapa subsp. rapa	Blastx
SRR31829833	NODE_17727_length_643_cov_7.240984	49.4	643	146	0.609589	1.28e-15	acc|GENBANK|QDH87377.1|GENBANK|MN033327|hypothetical protein [Picornavirales sp.]	Picornavirales sp.	Blastx
SRR31829833	NODE_22436_length_766_cov_32.630286	30.9	766	752	0.236702	1.31e-15	acc|GENBANK|AYV76414.1|GENBANK|MK071984|HrpA-like RNA helicase [Terrestrivirus sp.]	Terrestrivirus sp.	Blastx
SRR31829833	NODE_15165_length_717_cov_6.333333	32.5	717	1019	0.154073	1.31e-15	acc|GENBANK|ABZ80022.1|NEIGHBOR|EU410304|beta-D-galactosidase [synthetic Vaccinia virus]	synthetic Vaccinia virus	Blastx
SRR31829833	NODE_33265_length_301_cov_2.179104	90.7	301	145	0.296552	1.33e-15	acc|GENBANK|AEW87516.1|GENBANK|JQ036304|non-structural protein [Hepatitis E virus]	Hepatitis E virus	Blastx
SRR31829833	NODE_650_length_711_cov_14.464602	40.0	711	367	0.313351	1.38e-15	acc|GENBANK|AYV76323.1|GENBANK|MK071983|STE/STE20/FRAY protein kinase [Terrestrivirus sp.]	Terrestrivirus sp.	Blastx
SRR31829833	NODE_18055_length_820_cov_6.066074	32.7	820	462	0.318182	1.40e-15	acc|GENBANK|QDY51942.1|GENBANK|MK250086|hypothetical protein [Mimiviridae sp. ChoanoV1]	Mimiviridae sp. ChoanoV1	Blastx
SRR31829833	NODE_18016_length_240_cov_13.946860	53.9	240	562	0.135231	1.44e-15	acc|GENBANK|QDY52375.1|GENBANK|MK250091|asparagine synthase [Mimiviridae sp. ChoanoV1]	Mimiviridae sp. ChoanoV1	Blastx
SRR31829833	NODE_12648_length_366_cov_2.060060	48.9	366	388	0.226804	1.46e-15	acc|GENBANK|CCQ71327.1|GENBANK|HF586476|hypothetical protein kinase Pka-C1 [Cotesia congregata]	Cotesia congregata	Blastx
SRR31829833	NODE_11752_length_633_cov_8.253333	35.2	633	693	0.238095	1.47e-15	acc|GENBANK|ARF10293.1|GENBANK|KY684103|methionyl-tRNA synthetase [Hokovirus HKV1]	Hokovirus HKV1	Blastx
SRR31829833	NODE_28465_length_205_cov_9.523256	71.4	205	101	0.485149	1.50e-15	acc|GENBANK|ARF11440.1|GENBANK|KY684108|cyclophilin type peptidyl-prolyl cis-trans [Klosneuvirus KNV1]	Klosneuvirus KNV1	Blastx
SRR31829833	NODE_26066_length_325_cov_8.671233	45.0	325	265	0.411321	1.53e-15	acc|GENBANK|AAG09811.1|GENBANK|AF275345|MADS-box transcription factor JOINTLESS [Solanum lycopersicum]	Solanum lycopersicum	Blastx
SRR31829833	NODE_13062_length_1430_cov_49.365784	33.5	1430	693	0.227994	1.56e-15	acc|GENBANK|ARF10293.1|GENBANK|KY684103|methionyl-tRNA synthetase [Hokovirus HKV1]	Hokovirus HKV1	Blastx
SRR31829833	NODE_10088_length_859_cov_4.119855	28.1	859	1232	0.164773	1.59e-15	acc|GENBANK|ADK47521.1|GENBANK|HM124452|RDG2A [Hordeum vulgare subsp. vulgare]	Hordeum vulgare subsp. vulgare	Blastx
SRR31829833	NODE_2940_length_580_cov_21.208410	36.2	580	719	0.176634	1.68e-15	acc|GENBANK|ATZ80239.1|GENBANK|MF782455|translation initiation factor IF-2 [Bodo saltans virus]	Bodo saltans virus	Blastx
SRR31829833	NODE_24783_length_508_cov_14.410526	33.8	508	447	0.310962	1.69e-15	acc|REFSEQ|NP_077596.1|REFSEQ|NC_002687|serine-threonine kinase [Ectocarpus siliculosus virus 1]	Ectocarpus siliculosus virus 1	Blastx
SRR31829833	NODE_21517_length_345_cov_5.278846	40.6	345	1535	0.062541	1.69e-15	acc|GENBANK|XDO02170.1|GENBANK|PP542043|DNA-Directed RNA polymerase II Subunit Rpb1 [Florenciella sp. virus SA2]	Florenciella sp. virus SA2	Blastx
SRR31829833	NODE_19942_length_353_cov_4.984375	38.9	353	631	0.179081	1.71e-15	acc|REFSEQ|YP_010781061.1|REFSEQ|NC_075038|putative acyl-CoA oxidase [Tupanvirus deep ocean]	Tupanvirus deep ocean	Blastx
SRR31829833	NODE_3017_length_903_cov_8.993103	55.6	903	398	0.180905	1.72e-15	acc|GENBANK|AAV50532.1|NEIGHBOR|AY653733|Dnaj-like protein [Acanthamoeba polyphaga mimivirus]	Acanthamoeba polyphaga mimivirus	Blastx
SRR31829833	NODE_30676_length_240_cov_2.260870	67.9	240	144	0.368056	1.74e-15	acc|GENBANK|WZH61589.1|GENBANK|PP173858|putative capsid protein [Sonafor virus]	Sonafor virus	Blastx
SRR31829833	NODE_32519_length_268_cov_0.995745	90.7	268	258	0.166667	1.89e-15	acc|GENBANK|WMV02893.1|GENBANK|OP630990|alpha-tubulin [Diderma spumarioides]	Diderma spumarioides	Blastx
SRR31829833	NODE_8049_length_1001_cov_4.664256	52.9	1001	925	0.094054	1.94e-15	acc|GENBANK|ABY48139.1|GENBANK|EU306659|NORK [Medicago truncatula]	Medicago truncatula	Blastx
SRR31829833	NODE_14101_length_335_cov_5.238411	40.0	335	925	0.118919	1.94e-15	acc|GENBANK|ABY48139.1|GENBANK|EU306659|NORK [Medicago truncatula]	Medicago truncatula	Blastx
SRR31829833	NODE_10876_length_603_cov_11.008772	37.2	603	178	0.724719	1.97e-15	acc|GENBANK|AYV76411.1|GENBANK|MK071984|putative vesicle transport protein SFT2B isoform [Terrestrivirus sp.]	Terrestrivirus sp.	Blastx
SRR31829833	NODE_8898_length_540_cov_14.033531	48.5	540	116	0.568966	2.00e-15	acc|GENBANK|AYV81207.1|GENBANK|MK072263|putative zinc finger A20 and AN1 [Harvfovirus sp.]	Harvfovirus sp.	Blastx
SRR31829833	NODE_14000_length_343_cov_27.835484	42.0	343	383	0.261097	2.04e-15	acc|GENBANK|AJA91762.1|GENBANK|KM434202|dihydroflavonol 4-reductase [Allium cepa]	Allium cepa	Blastx
SRR31829833	NODE_33417_length_337_cov_2.694079	41.7	337	403	0.255583	2.08e-15	acc|GENBANK|AYV82314.1|GENBANK|MK072360|translation initiation factor 4A-III [Homavirus sp.]	Homavirus sp.	Blastx
SRR31829833	NODE_24508_length_341_cov_5.032468	94.6	341	117	0.316239	2.12e-15	acc|GENBANK|QDH76138.1|GENBANK|MK948413|putative gag protein [Porcine endogenous retrovirus]	Porcine endogenous retrovirus	Blastx
SRR31829833	NODE_20574_length_364_cov_3.773414	37.8	364	135	0.725926	2.18e-15	acc|GENBANK|AYV86947.1|GENBANK|MK072521|e3 ubiquitin-protein ligase rbx1 [Sylvanvirus sp.]	Sylvanvirus sp.	Blastx
SRR31829833	NODE_33527_length_370_cov_3.495549	35.2	370	1050	0.116190	2.22e-15	acc|GENBANK|QBK85357.1|GENBANK|MK500320|DNA-directed RNA polymerase subunit beta, [Iridovirus LCIVAC01]	Iridovirus LCIVAC01	Blastx
SRR31829833	NODE_16635_length_438_cov_3.686420	34.4	438	250	0.512000	2.25e-15	acc|GENBANK|QKF94408.1|GENBANK|MT418680|3-deoxy-D-manno-octulosonate [Fadolivirus FV1/VV64]	Fadolivirus FV1/VV64	Blastx
SRR31829833	NODE_17125_length_354_cov_13.345794	38.1	354	496	0.227823	2.29e-15	acc|GENBANK|ACN78958.1|GENBANK|FJ225394|dehydration responsive protein [Glycine max]	Glycine max	Blastx
SRR31829833	NODE_18048_length_387_cov_3.392655	82.9	387	267	0.153558	2.32e-15	acc|GENBANK|WGU26820.1|GENBANK|OQ503488|cytosolic iron-sulfur (Fe-S) protein [Triticum monococcum]	Triticum monococcum	Blastx
SRR31829833	NODE_21810_length_464_cov_1.809745	32.3	464	679	0.228277	2.40e-15	acc|GENBANK|AYV78344.1|GENBANK|MK072075|S9 family peptidase [Edafosvirus sp.]	Edafosvirus sp.	Blastx
SRR31829833	NODE_7963_length_1255_cov_11.249591	24.9	1255	342	0.961988	2.41e-15	acc|REFSEQ|YP_009449160.1|REFSEQ|NC_036594|Guanine nucleotide-binding protein alpha [Orpheovirus IHUMI-LCC2]	Orpheovirus IHUMI-LCC2	Blastx
SRR31829833	NODE_8963_length_1113_cov_15.356481	31.4	1113	243	0.695473	2.47e-15	acc|GENBANK|QPB44322.1|GENBANK|MW018138|BTB/POZ domain-containing protein [Medusavirus stheno T3]	Medusavirus stheno T3	Blastx
SRR31829833	NODE_30653_length_239_cov_1.135922	50.6	239	471	0.167728	2.48e-15	acc|REFSEQ|YP_009553220.1|REFSEQ|NC_040712|ORF4 [Dioscorea nummularia-associated virus]	Dioscorea nummularia-associated virus	Blastx
SRR31829833	NODE_5229_length_334_cov_6.787375	36.8	334	759	0.125165	2.61e-15	acc|GENBANK|ACN78962.1|GENBANK|FJ225394|methyltransferase [Glycine max]	Glycine max	Blastx
SRR31829833	NODE_6620_length_781_cov_12.433155	28.0	781	467	0.511777	2.73e-15	acc|GENBANK|API81738.1|NEIGHBOR|KU052222|hypothetical protein [Cafeteriavirus-dependent mavirus]	Cafeteriavirus-dependent mavirus	Blastx
SRR31829833	NODE_4816_length_202_cov_9.343195	55.2	202	358	0.187151	2.84e-15	acc|REFSEQ|YP_010780072.1|REFSEQ|NC_075038|hypothetical protein [Tupanvirus deep ocean]	Tupanvirus deep ocean	Blastx
SRR31829833	NODE_19389_length_202_cov_9.035503	55.2	202	358	0.187151	2.84e-15	acc|REFSEQ|YP_010780072.1|REFSEQ|NC_075038|hypothetical protein [Tupanvirus deep ocean]	Tupanvirus deep ocean	Blastx
SRR31829833	NODE_12875_length_398_cov_3.764384	42.2	398	624	0.174679	2.90e-15	acc|GENBANK|QBK91646.1|GENBANK|MK500559|DNA-directed RNA polymerase subunit beta [Pithovirus LCPAC302]	Pithovirus LCPAC302	Blastx
SRR31829833	NODE_2820_length_905_cov_10.652523	33.6	905	582	0.261168	2.98e-15	acc|GENBANK|AYV82730.1|GENBANK|MK072384|tryptophan--tRNA cytoplasmic [Hyperionvirus sp.]	Hyperionvirus sp.	Blastx
SRR31829833	NODE_29783_length_226_cov_1.212435	46.3	226	789	0.101394	3.05e-15	acc|GENBANK|QDY52166.1|GENBANK|MK250088|DNA topoisomerase [Mimiviridae sp. ChoanoV1]	Mimiviridae sp. ChoanoV1	Blastx
SRR31829833	NODE_33286_length_307_cov_1.708029	35.8	307	258	0.410853	3.06e-15	acc|GENBANK|WMV02893.1|GENBANK|OP630990|alpha-tubulin [Diderma spumarioides]	Diderma spumarioides	Blastx
SRR31829833	NODE_33688_length_576_cov_23.484346	45.2	576	108	0.777778	3.12e-15	acc|GENBANK|XCW87605.1|GENBANK|PQ010613|thioredoxin-like protein [Mimivirus sp.]	Mimivirus sp.	Blastx
SRR31829833	NODE_7918_length_1448_cov_14.019788	33.1	1448	479	0.352818	3.13e-15	acc|GENBANK|QIG59696.1|GENBANK|MN940578|helicase [Dishui Lake phycodnavirus 3]	Dishui Lake phycodnavirus 3	Blastx
SRR31829833	NODE_25017_length_741_cov_17.062147	55.7	741	183	0.382514	3.14e-15	acc|REFSEQ|YP_009465880.1|REFSEQ|NC_037057|hypothetical protein [Dishui lake phycodnavirus 1]	Dishui lake phycodnavirus 1	Blastx
SRR31829833	NODE_11976_length_1001_cov_14.813017	54.5	1001	230	0.286957	3.29e-15	acc|GENBANK|ADB85286.1|GENBANK|GQ252816|putative RNA-binding-like protein [Phyllostachys edulis]	Phyllostachys edulis	Blastx
SRR31829833	NODE_11157_length_1092_cov_6.638338	25.3	1092	627	0.510367	3.43e-15	acc|GENBANK|ARF09181.1|GENBANK|KY684084|AMP-binding enzyme [Catovirus CTV1]	Catovirus CTV1	Blastx
SRR31829833	NODE_26694_length_964_cov_8.657358	27.4	964	305	0.586885	3.44e-15	acc|GENBANK|UZT29311.1|GENBANK|OP765584|iron-sulfur clusters transporter [Nucleocytoviricota sp.]	Nucleocytoviricota sp.	Blastx
SRR31829833	NODE_21678_length_429_cov_3.709596	34.7	429	139	0.705036	3.45e-15	acc|GENBANK|ULY68591.1|GENBANK|OL828820|hypothetical protein [Chlorella virus XW01]	Chlorella virus XW01	Blastx
SRR31829833	NODE_32173_length_263_cov_1.017391	42.4	263	328	0.259146	3.71e-15	acc|GENBANK|QFG74386.1|GENBANK|MN448287|XPG I-region protein [Megaviridae environmental sample]	Megaviridae environmental sample	Blastx
SRR31829833	NODE_21344_length_350_cov_1.763407	38.0	350	447	0.241611	3.73e-15	acc|REFSEQ|NP_077596.1|REFSEQ|NC_002687|serine-threonine kinase [Ectocarpus siliculosus virus 1]	Ectocarpus siliculosus virus 1	Blastx
SRR31829833	NODE_8145_length_1141_cov_24.179603	27.7	1141	399	0.769424	3.77e-15	acc|GENBANK|QYA18662.1|GENBANK|MZ420154|cystahionine gamma-synthase [Clandestinovirus]	Clandestinovirus	Blastx
SRR31829833	NODE_30694_length_240_cov_1.130435	65.6	240	933	0.068596	3.77e-15	acc|GENBANK|CAK7596965.1|GENBANK|OZ003748|DNA topoisomerase, type IA [Catovirus sp. 'naegleriensis']	Catovirus sp. 'naegleriensis'	Blastx
SRR31829833	NODE_20236_length_437_cov_1.641089	34.0	437	447	0.315436	3.86e-15	acc|REFSEQ|NP_077596.1|REFSEQ|NC_002687|serine-threonine kinase [Ectocarpus siliculosus virus 1]	Ectocarpus siliculosus virus 1	Blastx
SRR31829833	NODE_18963_length_851_cov_3.371638	32.6	851	585	0.324786	3.89e-15	acc|GENBANK|SPN79811.1|GENBANK|LT994651|ABC2 type transporter superfamily protein [Brazilian cedratvirus IHUMI]	Brazilian cedratvirus IHUMI	Blastx
SRR31829833	NODE_9053_length_527_cov_33.184211	40.5	527	121	1.082645	3.95e-15	acc|GENBANK|AGE56038.1|GENBANK|JX997175|multiprotein-bridging factor [Acanthocystis turfacea Chlorella virus MO0605SPH]	Acanthocystis turfacea Chlorella virus MO0605SPH	Blastx
SRR31829833	NODE_29106_length_215_cov_2.571429	58.2	215	403	0.166253	4.05e-15	acc|GENBANK|AGE49571.1|GENBANK|JX997156|UDP-N-acetyl-D-mannosamine dehydrogenase / [Acanthocystis turfacea Chlorella virus Can0610SP]	Acanthocystis turfacea Chlorella virus Can0610SP	Blastx
SRR31829833	NODE_1005_length_670_cov_19.450549	34.2	670	104	1.125000	4.11e-15	acc|GENBANK|QCQ67781.1|GENBANK|MK637631|RING E3 ubiquitin ligase [European chub iridovirus]	European chub iridovirus	Blastx
SRR31829833	NODE_7156_length_498_cov_11.423656	90.2	498	258	0.158915	4.62e-15	acc|GENBANK|WMV02893.1|GENBANK|OP630990|alpha-tubulin [Diderma spumarioides]	Diderma spumarioides	Blastx
SRR31829833	NODE_32248_length_264_cov_1.012987	58.9	264	101	0.554455	4.63e-15	acc|GENBANK|ARF11440.1|GENBANK|KY684108|cyclophilin type peptidyl-prolyl cis-trans [Klosneuvirus KNV1]	Klosneuvirus KNV1	Blastx
SRR31829833	NODE_6489_length_1060_cov_10.761441	35.8	1060	175	0.702857	4.80e-15	acc|GENBANK|QDY52121.1|GENBANK|MK250088|ubiquitin fusion degradation protein UFD1 [Mimiviridae sp. ChoanoV1]	Mimiviridae sp. ChoanoV1	Blastx
SRR31829833	NODE_8233_length_2279_cov_28.681211	22.9	2279	346	0.959538	4.83e-15	acc|GENBANK|QKF94584.1|GENBANK|MT418680|villin/gelsolin repeat protein [Fadolivirus FV1/VV64]	Fadolivirus FV1/VV64	Blastx
SRR31829833	NODE_217_length_428_cov_11.065823	46.7	428	498	0.180723	5.19e-15	acc|GENBANK|XHA59766.1|GENBANK|OR863077|thermosome [Poseidoniales virus]	Poseidoniales virus	Blastx
SRR31829833	NODE_351_length_924_cov_19.737374	29.9	924	303	0.739274	5.20e-15	acc|GENBANK|BBI30570.1|GENBANK|AP018495|nudix hydrolase [Acanthamoeba castellanii medusavirus J1]	Acanthamoeba castellanii medusavirus J1	Blastx
SRR31829833	NODE_5886_length_422_cov_8.596401	43.4	422	312	0.266026	5.60e-15	acc|GENBANK|ARF10298.1|GENBANK|KY684103|DnaJ domain protein [Hokovirus HKV1]	Hokovirus HKV1	Blastx
SRR31829833	NODE_26865_length_618_cov_7.793162	27.5	618	419	0.494033	5.82e-15	acc|GENBANK|BDV50099.1|GENBANK|AP027154|hypothetical protein [Porcellio scaber clopovirus]	Porcellio scaber clopovirus	Blastx
SRR31829833	NODE_5756_length_562_cov_63.374291	45.5	562	87	0.885057	6.21e-15	acc|GENBANK|QKE50167.1|GENBANK|MN956669|YqaJ viral recombinase [Faustovirus]	Faustovirus	Blastx
SRR31829833	NODE_23378_length_707_cov_11.335312	35.3	707	214	0.780374	6.39e-15	acc|GENBANK|QBK89352.1|GENBANK|MK500417|histidine phosphatase superfamily protein [Mimivirus LCMiAC02]	Mimivirus LCMiAC02	Blastx
SRR31829833	NODE_5275_length_763_cov_43.336986	30.0	763	407	0.417690	6.53e-15	acc|GENBANK|QBK87745.1|GENBANK|MK500369|D-isomer specific 2-hydroxyacid dehydrogenase, [Marseillevirus LCMAC202]	Marseillevirus LCMAC202	Blastx
SRR31829833	NODE_22619_length_2107_cov_10.810993	32.3	2107	3648	0.043311	6.68e-15	acc|GENBANK|BFJ38647.1|GENBANK|LC810159|polyprotein [Togaviridae sp. PSNE-Toga]	Togaviridae sp. PSNE-Toga	Blastx
SRR31829833	NODE_25121_length_887_cov_23.550351	25.6	887	268	0.847015	6.83e-15	acc|GENBANK|QBK91399.1|GENBANK|MK500535|mitochondrial carrier-like protein [Pithovirus LCPAC302]	Pithovirus LCPAC302	Blastx
SRR31829833	NODE_19114_length_731_cov_4.395415	35.8	731	353	0.379603	6.83e-15	acc|GENBANK|AYV77002.1|GENBANK|MK072004|metallopeptidase family M24 [Barrevirus sp.]	Barrevirus sp.	Blastx
SRR31829833	NODE_273_length_821_cov_17.492386	36.2	821	296	0.429054	6.89e-15	acc|GENBANK|QBK89863.1|GENBANK|MK500444|HNH endonuclease [Pithovirus LCPAC101]	Pithovirus LCPAC101	Blastx
SRR31829833	NODE_7359_length_460_cov_6.477752	39.2	460	331	0.362538	7.22e-15	acc|GENBANK|QDY52085.1|GENBANK|MK250087|hypothetical protein [Mimiviridae sp. ChoanoV1]	Mimiviridae sp. ChoanoV1	Blastx
SRR31829833	NODE_1952_length_764_cov_30.303694	35.0	764	600	0.266667	7.26e-15	acc|GENBANK|QDY52168.1|GENBANK|MK250088|thiamine pyrophosphate enzyme, N-terminal TPP [Mimiviridae sp. ChoanoV1]	Mimiviridae sp. ChoanoV1	Blastx
SRR31829833	NODE_21891_length_512_cov_6.275574	37.4	512	727	0.180193	7.40e-15	acc|GENBANK|ADB85269.1|GENBANK|GQ252805|putative lectin-like protein kinase [Phyllostachys edulis]	Phyllostachys edulis	Blastx
SRR31829833	NODE_1945_length_247_cov_206.228972	46.8	247	697	0.113343	7.53e-15	acc|REFSEQ|YP_010781946.1|REFSEQ|NC_075039|catalase [Tupanvirus soda lake]	Tupanvirus soda lake	Blastx
SRR31829833	NODE_6980_length_2487_cov_40.597800	35.3	2487	182	0.730769	7.78e-15	acc|REFSEQ|YP_009163818.1|REFSEQ|NC_027778|ORF_057R [Scale drop disease virus]	Scale drop disease virus	Blastx
SRR31829833	NODE_28500_length_206_cov_2.705202	48.4	206	111	0.558559	7.83e-15	acc|GENBANK|QBK92165.1|GENBANK|MK500568|thioredoxin [Pithovirus LCPAC304]	Pithovirus LCPAC304	Blastx
SRR31829833	NODE_17356_length_520_cov_8.295688	56.9	520	183	0.355191	8.00e-15	acc|REFSEQ|YP_009465880.1|REFSEQ|NC_037057|hypothetical protein [Dishui lake phycodnavirus 1]	Dishui lake phycodnavirus 1	Blastx
SRR31829833	NODE_25100_length_1246_cov_17.943941	22.8	1246	1000	0.390000	8.16e-15	acc|GENBANK|CAK7596888.1|GENBANK|OZ003748|Ubiquitin-activating enzyme E1 [Catovirus sp. 'naegleriensis']	Catovirus sp. 'naegleriensis'	Blastx
SRR31829833	NODE_17967_length_702_cov_6.701046	32.6	702	570	0.328070	8.29e-15	acc|GENBANK|AYV82503.1|GENBANK|MK072383|putative vacuolar protein sortingassociated [Hyperionvirus sp.]	Hyperionvirus sp.	Blastx
SRR31829833	NODE_15101_length_326_cov_2.136519	51.2	326	2037	0.042219	8.48e-15	acc|GENBANK|ABG37663.1|GENBANK|DQ536170|CCHC-type integrase [Populus trichocarpa]	Populus trichocarpa	Blastx
SRR31829833	NODE_25050_length_1035_cov_18.429142	27.7	1035	305	0.698361	8.83e-15	acc|REFSEQ|YP_002154766.1|REFSEQ|NC_011183|putative ubiquitin-like putative cysteine [Feldmannia species virus]	Feldmannia species virus	Blastx
SRR31829833	NODE_33216_length_290_cov_1.482490	46.4	290	478	0.202929	9.02e-15	acc|GENBANK|AAK84479.1|GENBANK|AF275345|putative auxin growth promotor protein [Solanum lycopersicum]	Solanum lycopersicum	Blastx
SRR31829833	NODE_21426_length_346_cov_5.386581	50.0	346	63	0.984127	9.11e-15	acc|REFSEQ|YP_009173682.1|REFSEQ|NC_028094|AN1-like Zinc finger containing protein [Chrysochromulina ericina virus]	Chrysochromulina ericina virus	Blastx
SRR31829833	NODE_18838_length_359_cov_2.800613	38.7	359	247	0.481781	9.29e-15	acc|GENBANK|QSE37565.1|GENBANK|MW365401|27-kD protein [Citrus associated ampelovirus 1]	Citrus associated ampelovirus 1	Blastx
SRR31829833	NODE_4995_length_308_cov_3.334545	39.3	308	270	0.311111	9.73e-15	acc|GENBANK|QKF94550.1|GENBANK|MT418680|alpha/beta hydrolase family protein [Fadolivirus FV1/VV64]	Fadolivirus FV1/VV64	Blastx
SRR31829833	NODE_31207_length_248_cov_2.037209	40.2	248	482	0.170124	9.87e-15	acc|GENBANK|BBA54297.1|GENBANK|AB898755|gag : akt fusion protein [Feline leukemia virus]	Feline leukemia virus	Blastx
SRR31829833	NODE_25764_length_359_cov_6.978528	46.5	359	421	0.204276	1.00e-14	acc|GENBANK|AGP03657.1|GENBANK|KF220834|integrase-type DNA-binding superfamily protein [Glycine max]	Glycine max	Blastx
SRR31829833	NODE_15924_length_274_cov_1.854772	48.1	274	727	0.111417	1.08e-14	acc|GENBANK|ADB85269.1|GENBANK|GQ252805|putative lectin-like protein kinase [Phyllostachys edulis]	Phyllostachys edulis	Blastx
SRR31829833	NODE_34078_length_299_cov_2.639098	56.9	299	1006	0.071571	1.09e-14	acc|GENBANK|QBK88800.1|GENBANK|MK500399|ubiquitin-activating enzyme E1 [Mimivirus LCMiAC01]	Mimivirus LCMiAC01	Blastx
SRR31829833	NODE_14569_length_351_cov_6.317610	57.1	351	183	0.344262	1.11e-14	acc|REFSEQ|YP_009465880.1|REFSEQ|NC_037057|hypothetical protein [Dishui lake phycodnavirus 1]	Dishui lake phycodnavirus 1	Blastx
SRR31829833	NODE_27088_length_369_cov_5.520833	36.6	369	277	0.404332	1.14e-14	acc|GENBANK|QBK88832.1|GENBANK|MK500400|alpha/beta hydrolase family protein [Mimivirus LCMiAC01]	Mimivirus LCMiAC01	Blastx
SRR31829833	NODE_34021_length_283_cov_1.872000	42.7	283	363	0.245179	1.16e-14	acc|GENBANK|AGU70139.1|GENBANK|KF270090|protein kinase superfamily protein [Tarenaya hassleriana]	Tarenaya hassleriana	Blastx
SRR31829833	NODE_3399_length_905_cov_29.142202	23.6	905	920	0.331522	1.19e-14	acc|GENBANK|ARF11070.1|GENBANK|KY684106|Zn-dependent peptidase [Hokovirus HKV1]	Hokovirus HKV1	Blastx
SRR31829833	NODE_25709_length_722_cov_3.886792	31.6	722	502	0.346614	1.19e-14	acc|GENBANK|QIG60155.1|GENBANK|MN940580|2-polyprenylphenol 6-hydroxylase [Dishui Lake large algae virus 1]	Dishui Lake large algae virus 1	Blastx
SRR31829833	NODE_12445_length_264_cov_1.034632	43.0	264	447	0.192394	1.20e-14	acc|REFSEQ|NP_077596.1|REFSEQ|NC_002687|serine-threonine kinase [Ectocarpus siliculosus virus 1]	Ectocarpus siliculosus virus 1	Blastx
SRR31829833	NODE_21499_length_851_cov_10.672372	27.5	851	426	0.640845	1.25e-14	acc|GENBANK|QBK87330.1|GENBANK|MK500349|calcineurin-like phosphoesterase [Marseillevirus LCMAC201]	Marseillevirus LCMAC201	Blastx
SRR31829833	NODE_22884_length_1008_cov_4.717949	25.7	1008	234	1.081197	1.31e-14	acc|GENBANK|UOG94168.1|NEIGHBOR|OM876856|Tritrans [Aureococcus anophagefferens virus]	Aureococcus anophagefferens virus	Blastx
SRR31829833	NODE_4889_length_904_cov_19.375431	24.0	904	646	0.476780	1.40e-14	acc|GENBANK|QKF94735.1|GENBANK|MT418680|long-chain fatty acid CoA synthetase [Fadolivirus FV1/VV64]	Fadolivirus FV1/VV64	Blastx
SRR31829833	NODE_26648_length_712_cov_25.871870	35.8	712	319	0.376176	1.57e-14	acc|GENBANK|XKM46455.1|GENBANK|PQ442261|hypothetical protein [Micromonas commoda virus 20T]	Micromonas commoda virus 20T	Blastx
SRR31829833	NODE_3749_length_951_cov_28.847495	29.3	951	335	0.570149	1.58e-14	acc|GENBANK|AYV75284.1|GENBANK|MK071979|class I SAM-dependent methyltransferase [Terrestrivirus sp.]	Terrestrivirus sp.	Blastx
SRR31829833	NODE_20532_length_527_cov_13.896761	33.3	527	216	0.694444	1.60e-14	acc|GENBANK|QKF94710.1|GENBANK|MT418680|ATPase V1 complex subunit D [Fadolivirus FV1/VV64]	Fadolivirus FV1/VV64	Blastx
SRR31829833	NODE_24442_length_387_cov_4.344633	37.0	387	166	0.765060	1.62e-14	acc|GENBANK|QJX74051.1|GENBANK|MT335755|hypothetical protein [Faustovirus]	Faustovirus	Blastx
SRR31829833	NODE_8727_length_632_cov_13.762938	47.8	632	422	0.158768	1.66e-14	acc|GENBANK|ARF10514.1|GENBANK|KY684104|threonyl-tRNA synthetase [Hokovirus HKV1]	Hokovirus HKV1	Blastx
SRR31829833	NODE_17934_length_552_cov_2.599229	31.4	552	480	0.318750	1.80e-14	acc|GENBANK|WZO87318.1|GENBANK|PP681894|NADH dehydrogenase [Chlorovirus sp.]	Chlorovirus sp.	Blastx
SRR31829833	NODE_30888_length_243_cov_1.114286	43.6	243	586	0.133106	1.83e-14	acc|GENBANK|ARF10786.1|GENBANK|KY684105|metallo-beta-lactamase superfamily protein [Hokovirus HKV1]	Hokovirus HKV1	Blastx
SRR31829833	NODE_963_length_220_cov_13.855615	58.3	220	359	0.167131	1.83e-14	acc|GENBANK|WZO81958.1|GENBANK|PP681879|agmatine deiminase [Chlorovirus sp.]	Chlorovirus sp.	Blastx
SRR31829833	NODE_10243_length_349_cov_3.294304	37.9	349	176	0.659091	1.84e-14	acc|GENBANK|QBP06930.1|NEIGHBOR|MK514406|hypothetical protein [Ostreococcus lucimarinus virus 7]	Ostreococcus lucimarinus virus 7	Blastx
SRR31829833	NODE_15886_length_454_cov_3.078385	41.3	454	590	0.184746	1.85e-14	acc|GENBANK|AYV86827.1|GENBANK|MK072516|CMGC/MAPK protein kinase [Sylvanvirus sp.]	Sylvanvirus sp.	Blastx
SRR31829833	NODE_1396_length_833_cov_30.623750	30.4	833	356	0.508427	1.86e-14	acc|GENBANK|QFG74765.1|GENBANK|MN448290|ubiquitin carboxyl-terminal hydrolase [Megaviridae environmental sample]	Megaviridae environmental sample	Blastx
SRR31829833	NODE_6526_length_816_cov_6.886335	32.6	816	426	0.424883	1.88e-14	acc|GENBANK|QBK87330.1|GENBANK|MK500349|calcineurin-like phosphoesterase [Marseillevirus LCMAC201]	Marseillevirus LCMAC201	Blastx
SRR31829833	NODE_12283_length_270_cov_3.894515	43.5	270	695	0.122302	1.93e-14	acc|GENBANK|XDO02062.1|GENBANK|PP542043|Type I Glyceraldehyde-3-Phosphate Dehydrogenase [Florenciella sp. virus SA2]	Florenciella sp. virus SA2	Blastx
SRR31829833	NODE_12772_length_276_cov_1.374486	40.0	276	459	0.196078	1.95e-14	acc|GENBANK|BBI30359.1|GENBANK|AP018495|beta-galactosidase [Acanthamoeba castellanii medusavirus J1]	Acanthamoeba castellanii medusavirus J1	Blastx
SRR31829833	NODE_3621_length_749_cov_4.441341	38.6	749	506	0.225296	1.98e-14	acc|GENBANK|QBK92268.1|GENBANK|MK500571|putative serine/threonine protein kinase [Pithovirus LCPAC304]	Pithovirus LCPAC304	Blastx
SRR31829833	NODE_8941_length_326_cov_33.696246	37.8	326	677	0.163959	2.04e-14	acc|REFSEQ|YP_010781593.1|REFSEQ|NC_075039|HrpA-like helicase [Tupanvirus soda lake]	Tupanvirus soda lake	Blastx
SRR31829833	NODE_6955_length_1069_cov_14.735521	27.0	1069	536	0.414179	2.12e-14	acc|GENBANK|QDY51930.1|GENBANK|MK250086|pyridoxal-dependent decarboxylase conserved [Mimiviridae sp. ChoanoV1]	Mimiviridae sp. ChoanoV1	Blastx
SRR31829833	NODE_20597_length_417_cov_2.083333	45.5	417	456	0.192982	2.12e-14	acc|GENBANK|QYB17664.1|GENBANK|MZ440852|poly(ADP-ribose) glycohydrolase [Pacmanvirus S19]	Pacmanvirus S19	Blastx
SRR31829833	NODE_30196_length_232_cov_1.175879	43.6	232	572	0.136364	2.12e-14	acc|REFSEQ|YP_009448872.1|REFSEQ|NC_036594|Bi-functional 3,4-dihydroxy-2-butanone [Orpheovirus IHUMI-LCC2]	Orpheovirus IHUMI-LCC2	Blastx
SRR31829833	NODE_17772_length_797_cov_4.965969	25.8	797	362	0.662983	2.14e-14	acc|REFSEQ|YP_009482544.1|REFSEQ|NC_037666|Isopenicillin N synthase domain containing [Pandoravirus neocaledonia]	Pandoravirus neocaledonia	Blastx
SRR31829833	NODE_8446_length_601_cov_4.871479	32.1	601	575	0.286957	2.23e-14	acc|GENBANK|CAE02704.1|GENBANK|AJ575660|putative sugar transporter [Yarrowia lipolytica]	Yarrowia lipolytica	Blastx
SRR31829833	NODE_19398_length_675_cov_8.520249	35.6	675	575	0.234783	2.27e-14	acc|GENBANK|QFG73968.1|GENBANK|MN448274|XRN 5'-3' exonuclease-like protein [Megaviridae environmental sample]	Megaviridae environmental sample	Blastx
SRR31829833	NODE_15938_length_667_cov_5.440063	33.3	667	793	0.196721	2.32e-14	acc|GENBANK|BDT63291.1|GENBANK|LC738883|guanylate kinase-like protein [Armadillidium vulgare clopovirus]	Armadillidium vulgare clopovirus	Blastx
SRR31829833	NODE_31694_length_255_cov_2.108108	41.7	255	388	0.216495	2.40e-14	acc|GENBANK|CCQ71327.1|GENBANK|HF586476|hypothetical protein kinase Pka-C1 [Cotesia congregata]	Cotesia congregata	Blastx
SRR31829833	NODE_1596_length_245_cov_6.905660	47.3	245	471	0.157113	2.41e-14	acc|GENBANK|AFV13457.1|GENBANK|JQ314445|UDPG-flavonoid 3-O-glucosyl transferase [Tripsacum dactyloides]	Tripsacum dactyloides	Blastx
SRR31829833	NODE_5144_length_238_cov_51.360976	80.5	238	229	0.179039	2.44e-14	acc|REFSEQ|YP_009482443.1|REFSEQ|NC_037666|S-phase kinase-associated protein 1 [Pandoravirus neocaledonia]	Pandoravirus neocaledonia	Blastx
SRR31829833	NODE_22791_length_260_cov_4.488987	41.3	260	385	0.270130	2.47e-14	acc|GENBANK|UUT40455.1|GENBANK|ON887238|hypothetical protein [carnivorous sponge associated iridovirus]	carnivorous sponge associated iridovirus	Blastx
SRR31829833	NODE_2924_length_1054_cov_14.013712	35.2	1054	142	0.859155	2.81e-14	acc|GENBANK|QKF93479.1|GENBANK|MT418680|ASCh domain-containing protein [Fadolivirus FV1/VV64]	Fadolivirus FV1/VV64	Blastx
SRR31829833	NODE_32256_length_264_cov_2.025974	40.0	264	335	0.253731	2.85e-14	acc|GENBANK|ADB85304.1|GENBANK|GQ252826|putative retrotransposon protein [Phyllostachys edulis]	Phyllostachys edulis	Blastx
SRR31829833	NODE_16043_length_615_cov_3.788660	37.3	615	1069	0.117867	2.91e-14	acc|GENBANK|ARF09196.1|GENBANK|KY684084|isoleucyl-tRNA synthetase [Catovirus CTV1]	Catovirus CTV1	Blastx
SRR31829833	NODE_1356_length_210_cov_18.367232	54.4	210	477	0.142558	2.91e-14	acc|GENBANK|AYV78014.1|GENBANK|MK072068|elongation factor 1 alpha long form [Edafosvirus sp.]	Edafosvirus sp.	Blastx
SRR31829833	NODE_767_length_533_cov_124.430000	31.1	533	557	0.265709	2.94e-14	acc|GENBANK|WGU26825.1|GENBANK|OQ503488|putative acyl-activating enzyme 5 [Triticum monococcum]	Triticum monococcum	Blastx
SRR31829833	NODE_18478_length_904_cov_12.200918	27.2	904	536	0.384328	3.07e-14	acc|GENBANK|QDY51930.1|GENBANK|MK250086|pyridoxal-dependent decarboxylase conserved [Mimiviridae sp. ChoanoV1]	Mimiviridae sp. ChoanoV1	Blastx
SRR31829833	NODE_17671_length_555_cov_7.978927	26.9	555	361	0.504155	3.11e-14	acc|REFSEQ|YP_010781583.1|REFSEQ|NC_075039|histone deacetylase [Tupanvirus soda lake]	Tupanvirus soda lake	Blastx
SRR31829833	NODE_681_length_1440_cov_9.724236	31.1	1440	384	0.419271	3.21e-14	acc|REFSEQ|YP_003970003.1|REFSEQ|NC_014637|putative superfamily II helicase/eIF-4AIII [Cafeteria roenbergensis virus BV-PW1]	Cafeteria roenbergensis virus BV-PW1	Blastx
SRR31829833	NODE_5731_length_431_cov_51.248744	37.9	431	109	0.944954	3.64e-14	acc|GENBANK|QDY51808.1|GENBANK|MK250085|thioredoxin [Mimiviridae sp. ChoanoV1]	Mimiviridae sp. ChoanoV1	Blastx
SRR31829833	NODE_12774_length_736_cov_70.502134	42.1	736	121	1.099174	3.82e-14	acc|GENBANK|AGE50235.1|GENBANK|JX997158|multiprotein-bridging factor [Acanthocystis turfacea Chlorella virus Canal-1]	Acanthocystis turfacea Chlorella virus Canal-1	Blastx
SRR31829833	NODE_14364_length_346_cov_5.204473	35.6	346	121	0.743802	4.02e-14	acc|GENBANK|UNJ46594.1|GENBANK|OM135585|yippee [Drosophila melanogaster]	Drosophila melanogaster	Blastx
SRR31829833	NODE_32403_length_266_cov_1.004292	97.3	266	218	0.169725	4.05e-14	acc|GENBANK|AAF73908.1|GENBANK|AF227253|polyprotein [Bovine viral diarrhea virus-1 strain CP821]	Bovine viral diarrhea virus-1 strain CP821	Blastx
SRR31829833	NODE_14279_length_432_cov_3.300752	36.2	432	2037	0.062347	4.19e-14	acc|GENBANK|ABG37663.1|GENBANK|DQ536170|CCHC-type integrase [Populus trichocarpa]	Populus trichocarpa	Blastx
SRR31829833	NODE_5806_length_519_cov_10.993827	28.8	519	288	0.541667	4.30e-14	acc|GENBANK|QFG74684.1|GENBANK|MN448289|serine aminopeptidase S33 [Megaviridae environmental sample]	Megaviridae environmental sample	Blastx
SRR31829833	NODE_7204_length_243_cov_10.942857	94.3	243	117	0.299145	4.30e-14	acc|GENBANK|QDH76138.1|GENBANK|MK948413|putative gag protein [Porcine endogenous retrovirus]	Porcine endogenous retrovirus	Blastx
SRR31829833	NODE_19131_length_590_cov_4.064632	34.0	590	223	0.632287	4.35e-14	acc|GENBANK|AYV76607.1|GENBANK|MK071987|tRNA pseudouridine synthase B [Terrestrivirus sp.]	Terrestrivirus sp.	Blastx
SRR31829833	NODE_27025_length_1852_cov_12.491479	23.9	1852	4806	0.077403	4.51e-14	acc|GENBANK|UTQ50501.1|GENBANK|OL472077|polyprotein (domains: methyltransferase - [Plant associated alphaendornavirus 1]	Plant associated alphaendornavirus 1	Blastx
SRR31829833	NODE_23204_length_326_cov_6.546075	44.3	326	421	0.187648	4.52e-14	acc|GENBANK|AYV81272.1|GENBANK|MK072266|translation initiation factor 4A-III [Harvfovirus sp.]	Harvfovirus sp.	Blastx
SRR31829833	NODE_16394_length_600_cov_2.001764	31.1	600	268	0.600746	4.91e-14	acc|GENBANK|QBK91399.1|GENBANK|MK500535|mitochondrial carrier-like protein [Pithovirus LCPAC302]	Pithovirus LCPAC302	Blastx
SRR31829833	NODE_6347_length_1001_cov_8.183884	28.3	1001	261	0.908046	5.11e-14	acc|GENBANK|WIF19382.1|NEIGHBOR|OP831191|mRNA decapping protein 2-like protein [Oryctes rhinoceros nudivirus]	Oryctes rhinoceros nudivirus	Blastx
SRR31829833	NODE_30073_length_231_cov_3.545455	51.8	231	476	0.174370	5.28e-14	acc|GENBANK|QPI16652.1|GENBANK|MW030591|serine endoprotease [Virus NIOZ-UU159]	Virus NIOZ-UU159	Blastx
SRR31829833	NODE_25759_length_803_cov_5.845455	44.8	803	107	0.626168	5.44e-14	acc|GENBANK|ARF08309.1|GENBANK|KY684083|acyl-CoA binding protein [Catovirus CTV1]	Catovirus CTV1	Blastx
SRR31829833	NODE_1917_length_582_cov_4.941712	29.7	582	139	1.043165	5.50e-14	acc|GENBANK|ULY68591.1|GENBANK|OL828820|hypothetical protein [Chlorella virus XW01]	Chlorella virus XW01	Blastx
SRR31829833	NODE_18118_length_795_cov_19.384514	29.8	795	137	1.226277	5.80e-14	acc|GENBANK|AYV80970.1|GENBANK|MK072254|glyoxal reductase [Harvfovirus sp.]	Harvfovirus sp.	Blastx
SRR31829833	NODE_5543_length_393_cov_4.816667	36.2	393	254	0.370079	5.80e-14	acc|GENBANK|XDO02333.1|GENBANK|PP542043|putative Lipase [Florenciella sp. virus SA2]	Florenciella sp. virus SA2	Blastx
SRR31829833	NODE_23876_length_659_cov_5.971246	31.3	659	334	0.497006	5.95e-14	acc|REFSEQ|NP_073534.1|REFSEQ|NC_002642|149R protein [Yaba-like disease virus]	Yaba-like disease virus	Blastx
SRR31829833	NODE_8489_length_323_cov_158.424138	35.2	323	182	0.576923	5.96e-14	acc|REFSEQ|YP_009163818.1|REFSEQ|NC_027778|ORF_057R [Scale drop disease virus]	Scale drop disease virus	Blastx
SRR31829833	NODE_6341_length_498_cov_6.064516	29.4	498	1793	0.079755	6.23e-14	acc|GENBANK|CCQ71366.1|GENBANK|HF586479|hypothetical serine/threonine protein kinase [Cotesia congregata]	Cotesia congregata	Blastx
SRR31829833	NODE_4117_length_629_cov_3.253356	47.5	629	1946	0.041110	6.36e-14	acc|GENBANK|ADB85424.1|GENBANK|GQ252887|putative retrotransposon protein [Phyllostachys edulis]	Phyllostachys edulis	Blastx
SRR31829833	NODE_11932_length_1008_cov_11.585641	31.7	1008	417	0.522782	6.77e-14	acc|GENBANK|QBK89261.1|GENBANK|MK500411|DEAD/SNF2-like helicase [Mimivirus LCMiAC02]	Mimivirus LCMiAC02	Blastx
SRR31829833	NODE_22304_length_1485_cov_3.946281	23.0	1485	4491	0.095079	6.95e-14	acc|GENBANK|UYL94274.1|GENBANK|ON955055|putative polyprotein [Hallsjon virus]	Hallsjon virus	Blastx
SRR31829833	NODE_9842_length_278_cov_1.889796	41.6	278	583	0.152659	7.16e-14	acc|GENBANK|QKF94238.1|GENBANK|MT418680|class II glycyl-tRNA synthetase [Fadolivirus FV1/VV64]	Fadolivirus FV1/VV64	Blastx
SRR31829833	NODE_16106_length_382_cov_2.567335	37.2	382	589	0.191851	7.35e-14	acc|GENBANK|QKF93534.1|GENBANK|MT418680|peroxisomal acyl-CoA oxidase [Fadolivirus FV1/VV64]	Fadolivirus FV1/VV64	Blastx
SRR31829833	NODE_2901_length_1177_cov_17.013112	62.9	1177	290	0.213793	7.45e-14	acc|GENBANK|QMS43709.1|GENBANK|MT590730|tymovirus-like 45/70Kd protein [Betula platyphylla]	Betula platyphylla	Blastx
SRR31829833	NODE_21238_length_650_cov_1.938412	38.9	650	1946	0.055498	7.64e-14	acc|GENBANK|ADB85424.1|GENBANK|GQ252887|putative retrotransposon protein [Phyllostachys edulis]	Phyllostachys edulis	Blastx
SRR31829833	NODE_33939_length_280_cov_1.894737	37.4	280	1076	0.084572	7.69e-14	acc|GENBANK|AYV79493.1|GENBANK|MK072148|isoleucine--tRNA ligase, cytoplasmic [Faunusvirus sp.]	Faunusvirus sp.	Blastx
SRR31829833	NODE_1897_length_556_cov_11.340344	35.8	556	283	0.385159	7.78e-14	acc|GENBANK|QKF94519.1|GENBANK|MT418680|zinc finger RING-type protein [Fadolivirus FV1/VV64]	Fadolivirus FV1/VV64	Blastx
SRR31829833	NODE_33273_length_303_cov_2.166667	41.6	303	383	0.263708	8.13e-14	acc|GENBANK|AJA91762.1|GENBANK|KM434202|dihydroflavonol 4-reductase [Allium cepa]	Allium cepa	Blastx
SRR31829833	NODE_12532_length_249_cov_1.138889	55.0	249	398	0.150754	8.17e-14	acc|GENBANK|AAV50532.1|NEIGHBOR|AY653733|Dnaj-like protein [Acanthamoeba polyphaga mimivirus]	Acanthamoeba polyphaga mimivirus	Blastx
SRR31829833	NODE_24731_length_510_cov_20.211740	41.0	510	549	0.191257	8.19e-14	acc|GENBANK|WGU26819.1|GENBANK|OQ503488|BTB/POZ domain-containing protein [Triticum monococcum]	Triticum monococcum	Blastx
SRR31829833	NODE_18875_length_501_cov_4.260684	39.6	501	988	0.102227	8.30e-14	acc|GENBANK|ARF11555.1|GENBANK|KY684108|ubiquitin-activating enzyme E1 [Klosneuvirus KNV1]	Klosneuvirus KNV1	Blastx
SRR31829833	NODE_15408_length_370_cov_2.439169	39.2	370	588	0.173469	8.73e-14	acc|GENBANK|QOI90522.1|GENBANK|MT663539|hypothetical protein [Pyramimonas orientalis virus]	Pyramimonas orientalis virus	Blastx
SRR31829833	NODE_19851_length_246_cov_1.460094	49.3	246	520	0.144231	8.95e-14	acc|GENBANK|APO14197.1|GENBANK|KX098475|truncated DELLA protein [Setaria italica]	Setaria italica	Blastx
SRR31829833	NODE_7384_length_615_cov_5.302405	40.9	615	693	0.126984	9.09e-14	acc|GENBANK|ARF10293.1|GENBANK|KY684103|methionyl-tRNA synthetase [Hokovirus HKV1]	Hokovirus HKV1	Blastx
SRR31829833	NODE_16422_length_522_cov_1.836401	35.2	522	576	0.251736	9.32e-14	acc|REFSEQ|YP_009448802.1|REFSEQ|NC_036594|Tri-functionnal domain DHFR/deoxycytidylate [Orpheovirus IHUMI-LCC2]	Orpheovirus IHUMI-LCC2	Blastx
SRR31829833	NODE_9343_length_205_cov_1.337209	66.7	205	342	0.149123	9.45e-14	acc|GENBANK|AYV76290.1|GENBANK|MK071983|hypothetical protein [Terrestrivirus sp.]	Terrestrivirus sp.	Blastx
SRR31829833	NODE_24753_length_1327_cov_15.783617	46.5	1327	402	0.246269	9.46e-14	acc|REFSEQ|YP_003969759.1|REFSEQ|NC_014637|putative DnaJ/Hsp40 [Cafeteria roenbergensis virus BV-PW1]	Cafeteria roenbergensis virus BV-PW1	Blastx
SRR31829833	NODE_20011_length_387_cov_6.669492	49.3	387	224	0.316964	9.53e-14	acc|GENBANK|QDH89109.1|GENBANK|MN034603|hypothetical protein [Picornavirales sp.]	Picornavirales sp.	Blastx
SRR31829833	NODE_15236_length_348_cov_3.526984	38.3	348	974	0.118070	9.74e-14	acc|GENBANK|AYV86980.1|GENBANK|MK072522|hypothetical protein [Sylvanvirus sp.]	Sylvanvirus sp.	Blastx
SRR31829833	NODE_17588_length_380_cov_3.371758	33.9	380	668	0.176647	9.84e-14	acc|GENBANK|QKF94196.1|GENBANK|MT418680|peptidase M3A/M3B [Fadolivirus FV1/VV64]	Fadolivirus FV1/VV64	Blastx
SRR31829833	NODE_8071_length_1627_cov_6.250941	30.0	1627	420	0.650000	9.87e-14	acc|GENBANK|WAK75645.1|NEIGHBOR|ON812163|hypothetical protein [Kaisodi virus]	Kaisodi virus	Blastx
SRR31829833	NODE_30126_length_231_cov_1.181818	38.8	231	540	0.124074	1.01e-13	acc|REFSEQ|YP_009666618.1|REFSEQ|NC_043529|gta [Oxyplax ochracea nucleopolyhedrovirus]	Oxyplax ochracea nucleopolyhedrovirus	Blastx
SRR31829833	NODE_2374_length_786_cov_7.422311	32.9	786	439	0.346241	1.02e-13	acc|GENBANK|AYV76294.1|GENBANK|MK071983|hypothetical protein [Terrestrivirus sp.]	Terrestrivirus sp.	Blastx
SRR31829833	NODE_15741_length_425_cov_6.334184	48.6	425	436	0.169725	1.04e-13	acc|GENBANK|CAA79734.1|GENBANK|Z21608|glycoprotein [Brassica napus]	Brassica napus	Blastx
SRR31829833	NODE_6601_length_204_cov_6.210526	60.7	204	364	0.153846	1.05e-13	acc|GENBANK|ADB85405.1|GENBANK|GQ252886|putative protein kinase [Phyllostachys edulis]	Phyllostachys edulis	Blastx
SRR31829833	NODE_1321_length_237_cov_113.078431	41.0	237	694	0.112392	1.10e-13	acc|REFSEQ|YP_010780645.1|REFSEQ|NC_075038|catalase HPII [Tupanvirus deep ocean]	Tupanvirus deep ocean	Blastx
SRR31829833	NODE_25490_length_1257_cov_17.404412	37.8	1257	264	0.560606	1.15e-13	acc|GENBANK|BBI30279.1|GENBANK|AP018495|BTB/POZ domain-containing protein [Acanthamoeba castellanii medusavirus J1]	Acanthamoeba castellanii medusavirus J1	Blastx
SRR31829833	NODE_21248_length_389_cov_2.825843	35.7	389	416	0.302885	1.26e-13	acc|GENBANK|ADX06271.1|GENBANK|HQ704803|ABC transporter related protein [Organic Lake phycodnavirus 2]	Organic Lake phycodnavirus 2	Blastx
SRR31829833	NODE_1459_length_1268_cov_24.670445	25.9	1268	703	0.445235	1.30e-13	acc|GENBANK|ARF09664.1|GENBANK|KY684086|HrpA-like RNA helicase [Indivirus ILV1]	Indivirus ILV1	Blastx
SRR31829833	NODE_32891_length_274_cov_0.970954	47.2	274	391	0.227621	1.49e-13	acc|GENBANK|AUI39626.1|NEIGHBOR|MF468140|plasmid partition protein A [macacine betaherpesvirus 3]	macacine betaherpesvirus 3	Blastx
SRR31829833	NODE_26203_length_956_cov_10.471289	30.1	956	462	0.352814	1.53e-13	acc|GENBANK|QDY51942.1|GENBANK|MK250086|hypothetical protein [Mimiviridae sp. ChoanoV1]	Mimiviridae sp. ChoanoV1	Blastx
SRR31829833	NODE_29183_length_216_cov_2.557377	50.0	216	1589	0.041536	1.58e-13	acc|REFSEQ|YP_010780309.1|REFSEQ|NC_075038|NcpA [Tupanvirus deep ocean]	Tupanvirus deep ocean	Blastx
SRR31829833	NODE_32363_length_266_cov_1.506438	47.4	266	2037	0.038292	1.63e-13	acc|GENBANK|ABG37663.1|GENBANK|DQ536170|CCHC-type integrase [Populus trichocarpa]	Populus trichocarpa	Blastx
SRR31829833	NODE_1281_length_656_cov_46.500803	33.8	656	149	1.013423	1.68e-13	acc|GENBANK|SME65001.1|GENBANK|LT839607|Ribosomal-protein-alanine acetyltransferase [Faustovirus ST1]	Faustovirus ST1	Blastx
SRR31829833	NODE_22117_length_508_cov_2.800000	36.4	508	250	0.484000	1.71e-13	acc|GENBANK|QKF94408.1|GENBANK|MT418680|3-deoxy-D-manno-octulosonate [Fadolivirus FV1/VV64]	Fadolivirus FV1/VV64	Blastx
SRR31829833	NODE_2777_length_380_cov_4.167147	55.7	380	362	0.168508	1.78e-13	acc|REFSEQ|YP_001427287.1|REFSEQ|NC_008724|hypothetical protein [Acanthocystis turfacea chlorella virus 1]	Acanthocystis turfacea chlorella virus 1	Blastx
SRR31829833	NODE_5747_length_456_cov_4.836879	32.0	456	399	0.375940	1.82e-13	acc|GENBANK|ARF09189.1|GENBANK|KY684084|phosphoglycerate dehydrogenase [Catovirus CTV1]	Catovirus CTV1	Blastx
SRR31829833	NODE_23542_length_358_cov_15.006154	38.7	358	279	0.397849	1.98e-13	acc|GENBANK|QBK87117.1|GENBANK|MK500344|putative serine/threonine protein kinase [Marseillevirus LCMAC201]	Marseillevirus LCMAC201	Blastx
SRR31829833	NODE_11327_length_510_cov_7.779874	37.9	510	505	0.229703	2.01e-13	acc|GENBANK|AYV85077.1|GENBANK|MK072439|poly(ADP-ribose) polymerase [Satyrvirus sp.]	Satyrvirus sp.	Blastx
SRR31829833	NODE_6048_length_266_cov_16.201717	67.3	266	340	0.161765	2.05e-13	acc|GENBANK|AAU93531.1|GENBANK|AY691949|cyclin H-1 [Zea mays]	Zea mays	Blastx
SRR31829833	NODE_28992_length_214_cov_1.292818	56.1	214	2037	0.027982	2.07e-13	acc|GENBANK|ABG37663.1|GENBANK|DQ536170|CCHC-type integrase [Populus trichocarpa]	Populus trichocarpa	Blastx
SRR31829833	NODE_25417_length_580_cov_16.610603	32.6	580	203	0.694581	2.09e-13	acc|GENBANK|ARF10721.1|GENBANK|KY684104|Ras family GTPase [Hokovirus HKV1]	Hokovirus HKV1	Blastx
SRR31829833	NODE_7869_length_510_cov_5.920335	33.8	510	590	0.235593	2.10e-13	acc|GENBANK|AYV86827.1|GENBANK|MK072516|CMGC/MAPK protein kinase [Sylvanvirus sp.]	Sylvanvirus sp.	Blastx
SRR31829833	NODE_6848_length_1390_cov_28.776713	29.4	1390	343	0.516035	2.17e-13	acc|GENBANK|AYV82043.1|GENBANK|MK072335|lysophospholipid acyltransferase [Homavirus sp.]	Homavirus sp.	Blastx
SRR31829833	NODE_8896_length_574_cov_4.853974	31.9	574	274	0.503650	2.17e-13	acc|GENBANK|QPI16261.1|GENBANK|MW030547|hypothetical protein [Virus NIOZ-UU157]	Virus NIOZ-UU157	Blastx
SRR31829833	NODE_13403_length_200_cov_6.119760	50.0	200	95	0.694737	2.25e-13	acc|GENBANK|WZO87693.1|GENBANK|PP681895|ATPase [Chlorovirus sp.]	Chlorovirus sp.	Blastx
SRR31829833	NODE_6728_length_438_cov_12.446914	45.7	438	96	0.729167	2.26e-13	acc|GENBANK|QBK88267.1|GENBANK|MK500382|RNA polymerase Rpb3/Rpb11 dimerization domain [Marseillevirus LCMAC202]	Marseillevirus LCMAC202	Blastx
SRR31829833	NODE_20575_length_349_cov_3.474684	42.4	349	354	0.259887	2.31e-13	acc|REFSEQ|YP_010781838.1|REFSEQ|NC_075039|acetoin utilization deacetylase [Tupanvirus soda lake]	Tupanvirus soda lake	Blastx
SRR31829833	NODE_2429_length_564_cov_4.706215	30.8	564	472	0.364407	2.34e-13	acc|GENBANK|QDY52114.1|GENBANK|MK250087|hypothetical protein [Mimiviridae sp. ChoanoV1]	Mimiviridae sp. ChoanoV1	Blastx
SRR31829833	NODE_25947_length_1203_cov_11.246154	32.6	1203	479	0.396660	2.35e-13	acc|GENBANK|QBK91516.1|GENBANK|MK500542|putative serine/threonine protein kinase [Pithovirus LCPAC302]	Pithovirus LCPAC302	Blastx
SRR31829833	NODE_26160_length_648_cov_7.788618	30.7	648	364	0.420330	2.43e-13	acc|GENBANK|BDT62993.1|GENBANK|LC738880|UPF0415 protein [Trachysalambria curvirostris nimavirus]	Trachysalambria curvirostris nimavirus	Blastx
SRR31829833	NODE_10078_length_570_cov_2.027933	26.9	570	467	0.453961	2.45e-13	acc|GENBANK|API81738.1|NEIGHBOR|KU052222|hypothetical protein [Cafeteriavirus-dependent mavirus]	Cafeteriavirus-dependent mavirus	Blastx
SRR31829833	NODE_24567_length_349_cov_5.996835	35.6	349	109	0.798165	2.46e-13	acc|GENBANK|BFL61557.1|GENBANK|LC813553|thioredoxin [Moumouvirus lavasanguinem]	Moumouvirus lavasanguinem	Blastx
SRR31829833	NODE_24850_length_340_cov_16.954397	44.2	340	193	0.492228	2.51e-13	acc|GENBANK|AYV76227.1|GENBANK|MK071983|putative NADPH:quinone oxidoreductase-like [Terrestrivirus sp.]	Terrestrivirus sp.	Blastx
SRR31829833	NODE_30324_length_234_cov_1.746269	44.8	234	495	0.135354	2.65e-13	acc|GENBANK|AFY62906.1|GENBANK|JX404026|global transactivator-like protein [Philosamia cynthia ricini nucleopolyhedrovirus virus]	Philosamia cynthia ricini nucleopolyhedrovirus virus	Blastx
SRR31829833	NODE_12090_length_985_cov_23.572479	27.4	985	272	1.047794	2.71e-13	acc|GENBANK|AYV84908.1|GENBANK|MK072435|serine/threonine protein phosphatase [Hyperionvirus sp.]	Hyperionvirus sp.	Blastx
SRR31829833	NODE_7237_length_473_cov_6.581818	36.5	473	676	0.202663	2.71e-13	acc|REFSEQ|YP_009173627.1|REFSEQ|NC_028094|Hsp70 protein [Chrysochromulina ericina virus]	Chrysochromulina ericina virus	Blastx
SRR31829833	NODE_25383_length_764_cov_23.588235	27.1	764	356	0.539326	2.75e-13	acc|GENBANK|QFG74765.1|GENBANK|MN448290|ubiquitin carboxyl-terminal hydrolase [Megaviridae environmental sample]	Megaviridae environmental sample	Blastx
SRR31829833	NODE_33180_length_283_cov_1.844000	45.1	283	936	0.097222	2.76e-13	acc|GENBANK|QFG74471.1|GENBANK|MN448288|glycine cleavage system P-protein [Megaviridae environmental sample]	Megaviridae environmental sample	Blastx
SRR31829833	NODE_19343_length_633_cov_4.321667	31.5	633	354	0.403955	2.78e-13	acc|REFSEQ|YP_010780544.1|REFSEQ|NC_075038|acetylpolyamine aminohydrolase [Tupanvirus deep ocean]	Tupanvirus deep ocean	Blastx
SRR31829833	NODE_20839_length_485_cov_2.017699	31.9	485	488	0.327869	2.82e-13	acc|GENBANK|QBK85428.1|GENBANK|MK500327|polyADP-ribose polymerase [Marseillevirus LCMAC101]	Marseillevirus LCMAC101	Blastx
SRR31829833	NODE_24633_length_592_cov_5.697674	34.0	592	2037	0.076583	2.88e-13	acc|GENBANK|ABG37663.1|GENBANK|DQ536170|CCHC-type integrase [Populus trichocarpa]	Populus trichocarpa	Blastx
SRR31829833	NODE_19508_length_508_cov_3.368421	40.0	508	183	0.519126	2.94e-13	acc|REFSEQ|YP_009465880.1|REFSEQ|NC_037057|hypothetical protein [Dishui lake phycodnavirus 1]	Dishui lake phycodnavirus 1	Blastx
SRR31829833	NODE_14358_length_272_cov_1.845188	61.3	272	335	0.185075	2.96e-13	acc|GENBANK|ABY48132.1|GENBANK|EU306659|GH1 protein [Medicago truncatula]	Medicago truncatula	Blastx
SRR31829833	NODE_15830_length_1057_cov_3.732422	29.9	1057	439	0.328018	2.99e-13	acc|GENBANK|AYV76294.1|GENBANK|MK071983|hypothetical protein [Terrestrivirus sp.]	Terrestrivirus sp.	Blastx
SRR31829833	NODE_23544_length_774_cov_12.487179	27.8	774	288	0.736111	3.00e-13	acc|GENBANK|CAZ69354.1|GENBANK|FN429076|Longevity-assurance (LAG1) family protein [Emiliania huxleyi virus 99B1]	Emiliania huxleyi virus 99B1	Blastx
SRR31829833	NODE_1313_length_850_cov_53.558140	38.3	850	974	0.136550	3.10e-13	acc|GENBANK|AYV86980.1|GENBANK|MK072522|hypothetical protein [Sylvanvirus sp.]	Sylvanvirus sp.	Blastx
SRR31829833	NODE_2093_length_202_cov_3.384615	62.3	202	1384	0.038295	3.25e-13	acc|GENBANK|ADB85299.1|GENBANK|GQ252825|putative retrotransposon protein [Phyllostachys edulis]	Phyllostachys edulis	Blastx
SRR31829833	NODE_2881_length_352_cov_4.504702	56.3	352	531	0.120527	3.30e-13	acc|GENBANK|QBK88836.1|GENBANK|MK500400|CTP synthetase [Mimivirus LCMiAC01]	Mimivirus LCMiAC01	Blastx
SRR31829833	NODE_9047_length_386_cov_4.218130	35.1	386	353	0.322946	3.44e-13	acc|GENBANK|WGU26821.1|GENBANK|OQ503488|S-acyltransferase 11-like protein [Triticum monococcum]	Triticum monococcum	Blastx
SRR31829833	NODE_19145_length_254_cov_1.723982	48.7	254	925	0.082162	3.48e-13	acc|GENBANK|ABY48139.1|GENBANK|EU306659|NORK [Medicago truncatula]	Medicago truncatula	Blastx
SRR31829833	NODE_6388_length_583_cov_5.843636	32.1	583	1384	0.151012	3.49e-13	acc|GENBANK|ADB85299.1|GENBANK|GQ252825|putative retrotransposon protein [Phyllostachys edulis]	Phyllostachys edulis	Blastx
SRR31829833	NODE_9722_length_556_cov_3.902486	48.2	556	925	0.089730	3.51e-13	acc|GENBANK|ABY48139.1|GENBANK|EU306659|NORK [Medicago truncatula]	Medicago truncatula	Blastx
SRR31829833	NODE_34100_length_349_cov_2.962025	37.8	349	379	0.292876	3.54e-13	acc|GENBANK|ADB85364.1|GENBANK|GQ252868|putative alcohol dehydrogenase 2 [Phyllostachys edulis]	Phyllostachys edulis	Blastx
SRR31829833	NODE_15511_length_567_cov_1.960674	39.2	567	266	0.383459	3.58e-13	acc|GENBANK|AYV79797.1|GENBANK|MK072185|hypothetical protein [Faunusvirus sp.]	Faunusvirus sp.	Blastx
SRR31829833	NODE_22644_length_653_cov_3.129032	27.3	653	374	0.459893	3.59e-13	acc|GENBANK|ABB29304.1|GENBANK|DQ219417|YZ1 [Zea mays]	Zea mays	Blastx
SRR31829833	NODE_23058_length_233_cov_3.160000	45.9	233	1329	0.055681	3.61e-13	acc|GENBANK|ARF10147.1|GENBANK|KY684103|ubiquitin-conjugating enzyme E2 [Hokovirus HKV1]	Hokovirus HKV1	Blastx
SRR31829833	NODE_20309_length_245_cov_8.297170	57.4	245	183	0.333333	3.61e-13	acc|REFSEQ|YP_009465880.1|REFSEQ|NC_037057|hypothetical protein [Dishui lake phycodnavirus 1]	Dishui lake phycodnavirus 1	Blastx
SRR31829833	NODE_33521_length_369_cov_2.089286	66.7	369	335	0.125373	3.63e-13	acc|GENBANK|ABY48132.1|GENBANK|EU306659|GH1 protein [Medicago truncatula]	Medicago truncatula	Blastx
SRR31829833	NODE_14907_length_345_cov_1.673077	39.8	345	398	0.283920	3.63e-13	acc|GENBANK|AYV82736.1|GENBANK|MK072384|glutamate-5-semialdehyde dehydrogenase [Hyperionvirus sp.]	Hyperionvirus sp.	Blastx
SRR31829833	NODE_23685_length_450_cov_30.031175	46.2	450	478	0.163180	3.73e-13	acc|GENBANK|AAK84479.1|GENBANK|AF275345|putative auxin growth promotor protein [Solanum lycopersicum]	Solanum lycopersicum	Blastx
SRR31829833	NODE_16612_length_341_cov_2.500000	40.0	341	482	0.186722	3.83e-13	acc|GENBANK|ATZ80535.1|GENBANK|MF782455|ATP-dependent Lon protease [Bodo saltans virus]	Bodo saltans virus	Blastx
SRR31829833	NODE_6223_length_259_cov_6.606195	46.4	259	1789	0.046954	3.84e-13	acc|GENBANK|UMO80375.1|GENBANK|MZ420563|Serine/threonine protein kinase [Pandoravirus aubagnensis]	Pandoravirus aubagnensis	Blastx
SRR31829833	NODE_19373_length_455_cov_3.265403	49.4	455	488	0.174180	3.88e-13	acc|GENBANK|QBK85428.1|GENBANK|MK500327|polyADP-ribose polymerase [Marseillevirus LCMAC101]	Marseillevirus LCMAC101	Blastx
SRR31829833	NODE_24588_length_656_cov_3.942215	34.4	656	544	0.224265	3.95e-13	acc|REFSEQ|YP_009483380.1|REFSEQ|NC_037667|Glycosyl hydrolase family 1 protein [Pandoravirus quercus]	Pandoravirus quercus	Blastx
SRR31829833	NODE_22259_length_200_cov_1.820359	58.5	200	422	0.154028	3.96e-13	acc|GENBANK|ABY48137.1|GENBANK|EU306659|putative protein [Medicago truncatula]	Medicago truncatula	Blastx
SRR31829833	NODE_26908_length_538_cov_8.433663	39.4	538	1078	0.091837	4.10e-13	acc|GENBANK|QYA18716.1|GENBANK|MZ420154|DNA-directed RNA polymerase II subunit 1 [Clandestinovirus]	Clandestinovirus	Blastx
SRR31829833	NODE_10816_length_1150_cov_7.303491	30.7	1150	439	0.371298	4.15e-13	acc|GENBANK|AYV76294.1|GENBANK|MK071983|hypothetical protein [Terrestrivirus sp.]	Terrestrivirus sp.	Blastx
SRR31829833	NODE_22328_length_728_cov_11.128058	31.9	728	321	0.498442	4.25e-13	acc|GENBANK|WZO80455.1|GENBANK|PP681875|aspartate carbamoyltransferase [Chlorovirus sp.]	Chlorovirus sp.	Blastx
SRR31829833	NODE_1582_length_1504_cov_17.338545	30.4	1504	794	0.198992	4.49e-13	acc|GENBANK|AYV76328.1|GENBANK|MK071983|putative exonuclease [Terrestrivirus sp.]	Terrestrivirus sp.	Blastx
SRR31829833	NODE_13529_length_437_cov_2.504950	33.8	437	537	0.270019	4.51e-13	acc|GENBANK|XCJ76823.1|GENBANK|PP728250|hypothetical protein [Micromonas polaris virus]	Micromonas polaris virus	Blastx
SRR31829833	NODE_62_length_2290_cov_42.755428	40.7	2290	139	0.618705	4.58e-13	acc|GENBANK|QFG75158.1|GENBANK|MN448299|thioredoxin [Megaviridae environmental sample]	Megaviridae environmental sample	Blastx
SRR31829833	NODE_1976_length_875_cov_4.030879	24.6	875	258	0.961240	4.81e-13	acc|GENBANK|AYV85051.1|GENBANK|MK072438|hypothetical protein [Satyrvirus sp.]	Satyrvirus sp.	Blastx
SRR31829833	NODE_5046_length_253_cov_19.736364	50.0	253	265	0.316981	4.92e-13	acc|GENBANK|AAG09811.1|GENBANK|AF275345|MADS-box transcription factor JOINTLESS [Solanum lycopersicum]	Solanum lycopersicum	Blastx
SRR31829833	NODE_740_length_535_cov_81.223108	29.6	535	182	0.631868	5.12e-13	acc|REFSEQ|YP_009163818.1|REFSEQ|NC_027778|ORF_057R [Scale drop disease virus]	Scale drop disease virus	Blastx
SRR31829833	NODE_13113_length_216_cov_2.666667	64.2	216	471	0.112527	5.26e-13	acc|GENBANK|AFV13457.1|GENBANK|JQ314445|UDPG-flavonoid 3-O-glucosyl transferase [Tripsacum dactyloides]	Tripsacum dactyloides	Blastx
SRR31829833	NODE_8986_length_266_cov_8.965665	51.5	266	340	0.200000	5.38e-13	acc|GENBANK|AAU93531.1|GENBANK|AY691949|cyclin H-1 [Zea mays]	Zea mays	Blastx
SRR31829833	NODE_2943_length_370_cov_14.620178	54.5	370	476	0.138655	5.39e-13	acc|GENBANK|AGL44354.1|GENBANK|JX392396|reverse transcriptase-like domain-containing RBR [Glycine max]	Glycine max	Blastx
SRR31829833	NODE_24559_length_609_cov_9.536458	36.7	609	727	0.191197	5.46e-13	acc|GENBANK|ADB85269.1|GENBANK|GQ252805|putative lectin-like protein kinase [Phyllostachys edulis]	Phyllostachys edulis	Blastx
SRR31829833	NODE_20102_length_571_cov_5.986989	36.0	571	272	0.459559	5.48e-13	acc|REFSEQ|YP_009177065.1|REFSEQ|NC_028238|T10-like protein [Turkeypox virus]	Turkeypox virus	Blastx
SRR31829833	NODE_7295_length_439_cov_6.724138	42.2	439	447	0.185682	5.91e-13	acc|REFSEQ|NP_077596.1|REFSEQ|NC_002687|serine-threonine kinase [Ectocarpus siliculosus virus 1]	Ectocarpus siliculosus virus 1	Blastx
SRR31829833	NODE_11737_length_614_cov_12.373494	32.9	614	254	0.586614	6.11e-13	acc|REFSEQ|YP_009001499.1|REFSEQ|NC_023426|phosphatidic acid phosphatase type 2 [Alphaentomopoxvirus acuprea]	Alphaentomopoxvirus acuprea	Blastx
SRR31829833	NODE_29831_length_227_cov_1.206186	72.1	227	1183	0.036348	6.20e-13	acc|GENBANK|AAP29639.1|GENBANK|AF499232|pol protein [Homo sapiens]	Homo sapiens	Blastx
SRR31829833	NODE_33607_length_410_cov_1.241379	31.9	410	1196	0.112876	6.87e-13	acc|GENBANK|USI00836.1|GENBANK|ON753205|retrotransposon protein [Oryza sativa Japonica Group]	Oryza sativa Japonica Group	Blastx
SRR31829833	NODE_9978_length_713_cov_4.995588	27.8	713	435	0.413793	7.00e-13	acc|GENBANK|AYV82548.1|GENBANK|MK072383|chromosome condensation regulator [Hyperionvirus sp.]	Hyperionvirus sp.	Blastx
SRR31829833	NODE_5321_length_215_cov_6.417582	37.0	215	917	0.079607	7.14e-13	acc|REFSEQ|YP_010780928.1|REFSEQ|NC_075038|putative procollagen-lysine [Tupanvirus deep ocean]	Tupanvirus deep ocean	Blastx
SRR31829833	NODE_1162_length_602_cov_35.219684	44.0	602	418	0.217703	7.22e-13	acc|GENBANK|CAK7597149.1|GENBANK|OZ003748|Chaperone DnaJ [Catovirus sp. 'naegleriensis']	Catovirus sp. 'naegleriensis'	Blastx
SRR31829833	NODE_2364_length_437_cov_35.430693	42.9	437	299	0.280936	7.69e-13	acc|GENBANK|QRE02559.1|GENBANK|MN545489|hypothetical protein [Otarine gammaherpesvirus 4]	Otarine gammaherpesvirus 4	Blastx
SRR31829833	NODE_8029_length_685_cov_8.446319	36.9	685	358	0.363128	7.82e-13	acc|REFSEQ|YP_010780072.1|REFSEQ|NC_075038|hypothetical protein [Tupanvirus deep ocean]	Tupanvirus deep ocean	Blastx
SRR31829833	NODE_25262_length_1648_cov_22.018576	28.0	1648	276	0.750000	7.96e-13	acc|GENBANK|QBK90289.1|GENBANK|MK500473|RPB3 subunit of eukaryotic RNA polymerase II [Pithovirus LCPAC102]	Pithovirus LCPAC102	Blastx
SRR31829833	NODE_835_length_227_cov_10.804124	51.4	227	522	0.137931	8.23e-13	acc|GENBANK|AYV76690.1|GENBANK|MK071989|prolyl-tRNA synthetase [Terrestrivirus sp.]	Terrestrivirus sp.	Blastx
SRR31829833	NODE_8023_length_1030_cov_21.368104	34.5	1030	552	0.298913	8.41e-13	acc|GENBANK|QBK86013.1|GENBANK|MK500328|uncharacterized protein [Marseillevirus LCMAC101]	Marseillevirus LCMAC101	Blastx
SRR31829833	NODE_14986_length_304_cov_4.110701	45.8	304	489	0.147239	8.69e-13	acc|GENBANK|AAK84471.1|GENBANK|AF275345|putative permease [Solanum lycopersicum]	Solanum lycopersicum	Blastx
SRR31829833	NODE_15566_length_518_cov_2.354639	33.3	518	299	0.471572	8.73e-13	acc|GENBANK|QRE02559.1|GENBANK|MN545489|hypothetical protein [Otarine gammaherpesvirus 4]	Otarine gammaherpesvirus 4	Blastx
SRR31829833	NODE_26756_length_441_cov_5.088235	45.4	441	523	0.206501	8.87e-13	acc|GENBANK|UUU46892.1|GENBANK|ON740976|putative phosphatase [Red seabream iridovirus]	Red seabream iridovirus	Blastx
SRR31829833	NODE_30759_length_241_cov_1.125000	51.3	241	219	0.347032	8.91e-13	acc|GENBANK|QBK90511.1|GENBANK|MK500494|deoxynucleoside kinase [Pithovirus LCPAC104]	Pithovirus LCPAC104	Blastx
SRR31829833	NODE_537_length_511_cov_76.094142	36.0	511	455	0.219780	8.92e-13	acc|GENBANK|QFG73745.1|GENBANK|MN448270|elongation factor Tu GTP binding domain protein [Megaviridae environmental sample]	Megaviridae environmental sample	Blastx
SRR31829833	NODE_18422_length_1296_cov_17.733175	23.9	1296	575	0.699130	8.98e-13	acc|GENBANK|CAE02704.1|GENBANK|AJ575660|putative sugar transporter [Yarrowia lipolytica]	Yarrowia lipolytica	Blastx
SRR31829833	NODE_24580_length_589_cov_8.062950	31.0	589	274	0.682482	9.00e-13	acc|GENBANK|AJP07215.1|GENBANK|KJ701029|putative methyl transferase [Helicoverpa armigera nucleopolyhedrovirus]	Helicoverpa armigera nucleopolyhedrovirus	Blastx
SRR31829833	NODE_33662_length_509_cov_2.457983	32.9	509	502	0.284861	9.10e-13	acc|GENBANK|ARF08211.1|GENBANK|KY684083|aromatic amino acid lyase [Catovirus CTV1]	Catovirus CTV1	Blastx
SRR31829833	NODE_28820_length_211_cov_1.314607	52.2	211	925	0.072432	9.35e-13	acc|GENBANK|ABY48139.1|GENBANK|EU306659|NORK [Medicago truncatula]	Medicago truncatula	Blastx
SRR31829833	NODE_2408_length_820_cov_12.890724	22.9	820	575	0.532174	9.53e-13	acc|GENBANK|CAE02704.1|GENBANK|AJ575660|putative sugar transporter [Yarrowia lipolytica]	Yarrowia lipolytica	Blastx
SRR31829833	NODE_11678_length_1351_cov_5.091047	27.3	1351	557	0.669659	9.94e-13	acc|GENBANK|WGU26825.1|GENBANK|OQ503488|putative acyl-activating enzyme 5 [Triticum monococcum]	Triticum monococcum	Blastx
SRR31829833	NODE_32274_length_265_cov_1.008621	46.7	265	672	0.111607	1.02e-12	acc|GENBANK|BCS83340.1|GENBANK|AP024483|putative ATP-dependent RNA helicase [Cotonvirus japonicus]	Cotonvirus japonicus	Blastx
SRR31829833	NODE_7842_length_391_cov_25.519553	51.7	391	312	0.192308	1.03e-12	acc|GENBANK|ARF10298.1|GENBANK|KY684103|DnaJ domain protein [Hokovirus HKV1]	Hokovirus HKV1	Blastx
SRR31829833	NODE_33220_length_291_cov_1.813953	64.5	291	498	0.124498	1.03e-12	acc|REFSEQ|YP_010781610.1|REFSEQ|NC_075039|hypothetical protein [Tupanvirus soda lake]	Tupanvirus soda lake	Blastx
SRR31829833	NODE_32165_length_263_cov_1.017391	86.7	263	54	0.555556	1.04e-12	acc|GENBANK|UYE99088.1|GENBANK|OP589943|hypothetical protein [Betabaculovirus sp.]	Betabaculovirus sp.	Blastx
SRR31829833	NODE_11312_length_483_cov_6.682222	40.3	483	800	0.148750	1.08e-12	acc|REFSEQ|YP_010781513.1|REFSEQ|NC_075039|putative ATP-dependent helicase [Tupanvirus soda lake]	Tupanvirus soda lake	Blastx
SRR31829833	NODE_14788_length_540_cov_4.362919	28.7	540	299	0.595318	1.08e-12	acc|GENBANK|QBK91775.1|GENBANK|MK500565|mitochondrial carrier-like protein [Pithovirus LCPAC304]	Pithovirus LCPAC304	Blastx
SRR31829833	NODE_17581_length_347_cov_3.646497	58.9	347	623	0.089888	1.09e-12	acc|GENBANK|BAL14837.1|GENBANK|AB682995|endo-1,4-b-D-glucanase [Oryza sativa Japonica Group]	Oryza sativa Japonica Group	Blastx
SRR31829833	NODE_7809_length_535_cov_19.615538	38.6	535	139	0.633094	1.10e-12	acc|GENBANK|QFG75158.1|GENBANK|MN448299|thioredoxin [Megaviridae environmental sample]	Megaviridae environmental sample	Blastx
SRR31829833	NODE_18639_length_227_cov_5.139175	48.7	227	518	0.146718	1.12e-12	acc|GENBANK|QPI16131.1|GENBANK|MW030532|hypothetical protein [Virus NIOZ-UU157]	Virus NIOZ-UU157	Blastx
SRR31829833	NODE_15312_length_1168_cov_11.130396	39.0	1168	151	0.695364	1.13e-12	acc|GENBANK|WZO91451.1|GENBANK|PP681904|SKP1-like protein [Chlorovirus sp.]	Chlorovirus sp.	Blastx
SRR31829833	NODE_1984_length_350_cov_3.940063	43.1	350	782	0.130435	1.15e-12	acc|GENBANK|QBK87559.1|GENBANK|MK500358|CobB/CobQ-like glutamine amidotransferase domain [Marseillevirus LCMAC201]	Marseillevirus LCMAC201	Blastx
SRR31829833	NODE_5070_length_295_cov_3.221374	39.4	295	354	0.279661	1.15e-12	acc|REFSEQ|YP_010781838.1|REFSEQ|NC_075039|acetoin utilization deacetylase [Tupanvirus soda lake]	Tupanvirus soda lake	Blastx
SRR31829833	NODE_21222_length_323_cov_3.627586	37.5	323	176	0.590909	1.15e-12	acc|GENBANK|QBP06930.1|NEIGHBOR|MK514406|hypothetical protein [Ostreococcus lucimarinus virus 7]	Ostreococcus lucimarinus virus 7	Blastx
SRR31829833	NODE_22291_length_606_cov_5.417103	32.7	606	325	0.507692	1.23e-12	acc|GENBANK|AYV75307.1|GENBANK|MK071979|hypothetical protein [Terrestrivirus sp.]	Terrestrivirus sp.	Blastx
SRR31829833	NODE_21903_length_355_cov_6.822981	36.3	355	1214	0.093081	1.27e-12	acc|GENBANK|AAM82604.1|GENBANK|AF525305|putative AP endonuclease/reverse transcriptase [Brassica napus]	Brassica napus	Blastx
SRR31829833	NODE_7954_length_368_cov_35.385075	36.4	368	455	0.217582	1.30e-12	acc|GENBANK|QFG73745.1|GENBANK|MN448270|elongation factor Tu GTP binding domain protein [Megaviridae environmental sample]	Megaviridae environmental sample	Blastx
SRR31829833	NODE_23548_length_538_cov_32.988119	34.3	538	261	0.536398	1.34e-12	acc|GENBANK|AYV86979.1|GENBANK|MK072522|hypothetical protein [Sylvanvirus sp.]	Sylvanvirus sp.	Blastx
SRR31829833	NODE_21704_length_615_cov_10.687285	28.6	615	625	0.280000	1.38e-12	acc|GENBANK|QBK87867.1|GENBANK|MK500370|formyl transferase [Marseillevirus LCMAC202]	Marseillevirus LCMAC202	Blastx
SRR31829833	NODE_33545_length_377_cov_1.700581	30.8	377	212	0.429245	1.42e-12	acc|GENBANK|AYV79923.1|GENBANK|MK072200|superoxide dismutase [Gaeavirus sp.]	Gaeavirus sp.	Blastx
SRR31829833	NODE_29534_length_222_cov_1.238095	46.6	222	436	0.167431	1.43e-12	acc|GENBANK|CAA79734.1|GENBANK|Z21608|glycoprotein [Brassica napus]	Brassica napus	Blastx
SRR31829833	NODE_9290_length_200_cov_2.077844	51.5	200	1475	0.044746	1.49e-12	acc|GENBANK|WNL49984.1|GENBANK|OR343188|serine threonine protein kinase [Marseillevirus sp.]	Marseillevirus sp.	Blastx
SRR31829833	NODE_20904_length_374_cov_6.387097	34.3	374	674	0.146884	1.50e-12	acc|GENBANK|AYV80143.1|GENBANK|MK072210|HrpA-like RNA helicase [Gaeavirus sp.]	Gaeavirus sp.	Blastx
SRR31829833	NODE_14292_length_203_cov_3.970588	64.4	203	819	0.054945	1.54e-12	acc|GENBANK|QKF94107.1|GENBANK|MT418680|eukaryotic translation elongation factor 2 [Fadolivirus FV1/VV64]	Fadolivirus FV1/VV64	Blastx
SRR31829833	NODE_3014_length_1174_cov_22.765118	39.5	1174	139	0.618705	1.61e-12	acc|GENBANK|QFG75158.1|GENBANK|MN448299|thioredoxin [Megaviridae environmental sample]	Megaviridae environmental sample	Blastx
SRR31829833	NODE_27049_length_702_cov_38.382661	47.4	702	178	0.426966	1.65e-12	acc|GENBANK|ARF12037.1|GENBANK|KY684110|synaptobrevin [Klosneuvirus KNV1]	Klosneuvirus KNV1	Blastx
SRR31829833	NODE_8730_length_764_cov_11.050616	27.9	764	308	0.558442	1.67e-12	acc|REFSEQ|YP_010782092.1|REFSEQ|NC_075039|uridine kinase [Tupanvirus soda lake]	Tupanvirus soda lake	Blastx
SRR31829833	NODE_66_length_410_cov_1.957560	29.5	410	309	0.427184	1.68e-12	acc|GENBANK|ADX06043.1|GENBANK|HQ704802|putative ubiquitin specific peptidase C19 [Organic Lake phycodnavirus 1]	Organic Lake phycodnavirus 1	Blastx
SRR31829833	NODE_10734_length_335_cov_1.192053	32.7	335	471	0.214437	1.68e-12	acc|REFSEQ|YP_009174785.1|REFSEQ|NC_028112|hypothetical protein [Yellowstone lake phycodnavirus 1]	Yellowstone lake phycodnavirus 1	Blastx
SRR31829833	NODE_11763_length_757_cov_9.182320	27.3	757	356	0.514045	1.71e-12	acc|GENBANK|QFG74765.1|GENBANK|MN448290|ubiquitin carboxyl-terminal hydrolase [Megaviridae environmental sample]	Megaviridae environmental sample	Blastx
SRR31829833	NODE_4777_length_751_cov_3.615599	37.1	751	364	0.340659	1.72e-12	acc|GENBANK|ADB85405.1|GENBANK|GQ252886|putative protein kinase [Phyllostachys edulis]	Phyllostachys edulis	Blastx
SRR31829833	NODE_8462_length_615_cov_38.104811	43.3	615	261	0.371648	1.82e-12	acc|GENBANK|AYV79236.1|GENBANK|MK072137|serine/threonine protein phosphatase [Faunusvirus sp.]	Faunusvirus sp.	Blastx
SRR31829833	NODE_5945_length_956_cov_57.705309	35.2	956	261	0.555556	1.85e-12	acc|GENBANK|AYV86979.1|GENBANK|MK072522|hypothetical protein [Sylvanvirus sp.]	Sylvanvirus sp.	Blastx
SRR31829833	NODE_20009_length_391_cov_2.952514	45.8	391	89	0.808989	1.86e-12	acc|GENBANK|AAL07267.1|GENBANK|AY048769|ubiquitin-like protein [Choristoneura fumiferana granulovirus]	Choristoneura fumiferana granulovirus	Blastx
SRR31829833	NODE_32235_length_264_cov_3.038961	60.3	264	518	0.111969	1.87e-12	acc|GENBANK|QPI16131.1|GENBANK|MW030532|hypothetical protein [Virus NIOZ-UU157]	Virus NIOZ-UU157	Blastx
SRR31829833	NODE_22700_length_1118_cov_12.226728	47.7	1118	293	0.293515	1.89e-12	acc|GENBANK|QFG74152.1|GENBANK|MN448281|dihydrodipicolinate synthetase family protein [Megaviridae environmental sample]	Megaviridae environmental sample	Blastx
SRR31829833	NODE_25903_length_265_cov_4.241379	56.7	265	1102	0.054446	1.95e-12	acc|GENBANK|AYV84919.1|GENBANK|MK072437|copper oxidase [Satyrvirus sp.]	Satyrvirus sp.	Blastx
SRR31829833	NODE_18967_length_807_cov_7.763566	30.8	807	383	0.543081	1.97e-12	acc|GENBANK|AJA91762.1|GENBANK|KM434202|dihydroflavonol 4-reductase [Allium cepa]	Allium cepa	Blastx
SRR31829833	NODE_10672_length_365_cov_3.340361	36.2	365	200	0.525000	2.01e-12	acc|GENBANK|CCQ71290.1|GENBANK|HF586473|hypothetical protein CcPL2.180 [Cotesia congregata]	Cotesia congregata	Blastx
SRR31829833	NODE_18718_length_511_cov_4.144351	35.0	511	1618	0.074166	2.07e-12	acc|GENBANK|QGR54286.1|GENBANK|MK978772|serine/threonine protein kinase [Moumouvirus maliensis]	Moumouvirus maliensis	Blastx
SRR31829833	NODE_1986_length_487_cov_3.449339	41.3	487	855	0.121637	2.08e-12	acc|GENBANK|AYV84625.1|GENBANK|MK072413|mimivirus elongation factor aef-2 [Hyperionvirus sp.]	Hyperionvirus sp.	Blastx
SRR31829833	NODE_8447_length_1283_cov_11.507200	34.6	1283	216	0.615741	2.14e-12	acc|GENBANK|AYV79764.1|GENBANK|MK072178|hypothetical protein [Faunusvirus sp.]	Faunusvirus sp.	Blastx
SRR31829833	NODE_8720_length_687_cov_5.336391	29.5	687	1605	0.086604	2.16e-12	acc|GENBANK|AEX62073.1|GENBANK|JN885992|putative serine_threonine protein kinase [Megavirus courdo7]	Megavirus courdo7	Blastx
SRR31829833	NODE_4328_length_1147_cov_19.551167	33.3	1147	182	0.791209	2.16e-12	acc|GENBANK|BDT62002.1|GENBANK|LC738871|hypothetical protein [Penaeus monodon majanivirus B]	Penaeus monodon majanivirus B	Blastx
SRR31829833	NODE_21738_length_367_cov_3.245509	31.1	367	248	0.415323	2.16e-12	acc|GENBANK|XDO02353.1|GENBANK|PP542043|Sdr Family Oxidoreductase [Florenciella sp. virus SA2]	Florenciella sp. virus SA2	Blastx
SRR31829833	NODE_4206_length_615_cov_6.402062	58.8	615	308	0.165584	2.17e-12	acc|GENBANK|AFV13468.1|GENBANK|JQ314449|ring-H2 zinc finger protein [Coix lacryma-jobi]	Coix lacryma-jobi	Blastx
SRR31829833	NODE_20375_length_675_cov_3.250779	28.3	675	299	0.638796	2.25e-12	acc|GENBANK|QBK91775.1|GENBANK|MK500565|mitochondrial carrier-like protein [Pithovirus LCPAC304]	Pithovirus LCPAC304	Blastx
SRR31829833	NODE_9665_length_297_cov_3.469697	46.3	297	353	0.189802	2.25e-12	acc|REFSEQ|YP_010781533.1|REFSEQ|NC_075039|synthetase [Tupanvirus soda lake]	Tupanvirus soda lake	Blastx
SRR31829833	NODE_21311_length_256_cov_11.573991	48.6	256	482	0.153527	2.26e-12	acc|GENBANK|BBA54297.1|GENBANK|AB898755|gag : akt fusion protein [Feline leukemia virus]	Feline leukemia virus	Blastx
SRR31829833	NODE_943_length_637_cov_32.513245	41.1	637	243	0.440329	2.32e-12	acc|GENBANK|QPB44322.1|GENBANK|MW018138|BTB/POZ domain-containing protein [Medusavirus stheno T3]	Medusavirus stheno T3	Blastx
SRR31829833	NODE_18614_length_256_cov_5.434978	42.0	256	761	0.106439	2.33e-12	acc|GENBANK|QBK87503.1|GENBANK|MK500354|glutamyl-tRNA synthetase [Marseillevirus LCMAC201]	Marseillevirus LCMAC201	Blastx
SRR31829833	NODE_596_length_399_cov_5.590164	41.4	399	403	0.173697	2.36e-12	acc|GENBANK|AYV82314.1|GENBANK|MK072360|translation initiation factor 4A-III [Homavirus sp.]	Homavirus sp.	Blastx
SRR31829833	NODE_6170_length_654_cov_9.315620	31.5	654	524	0.309160	2.42e-12	acc|GENBANK|ADJ57459.1|GENBANK|HM214799|CYP6G1 [Drosophila melanogaster]	Drosophila melanogaster	Blastx
SRR31829833	NODE_13983_length_1392_cov_9.031641	39.8	1392	1946	0.055498	2.58e-12	acc|GENBANK|ADB85424.1|GENBANK|GQ252887|putative retrotransposon protein [Phyllostachys edulis]	Phyllostachys edulis	Blastx
SRR31829833	NODE_18515_length_343_cov_11.980645	34.3	343	925	0.116757	2.76e-12	acc|GENBANK|ABY48139.1|GENBANK|EU306659|NORK [Medicago truncatula]	Medicago truncatula	Blastx
SRR31829833	NODE_26727_length_209_cov_6.573864	79.5	209	385	0.101299	2.80e-12	acc|GENBANK|UUT40455.1|GENBANK|ON887238|hypothetical protein [carnivorous sponge associated iridovirus]	carnivorous sponge associated iridovirus	Blastx
SRR31829833	NODE_32664_length_271_cov_0.983193	38.6	271	925	0.095135	2.86e-12	acc|GENBANK|ABY48139.1|GENBANK|EU306659|NORK [Medicago truncatula]	Medicago truncatula	Blastx
SRR31829833	NODE_502_length_646_cov_593.876020	47.1	646	116	0.439655	2.88e-12	acc|GENBANK|AYV81207.1|GENBANK|MK072263|putative zinc finger A20 and AN1 [Harvfovirus sp.]	Harvfovirus sp.	Blastx
SRR31829833	NODE_2222_length_911_cov_22.222096	28.6	911	360	0.680556	2.95e-12	acc|GENBANK|UMO80371.1|GENBANK|MZ420563|Isopenicillin N synthase domain containing [Pandoravirus aubagnensis]	Pandoravirus aubagnensis	Blastx
SRR31829833	NODE_23780_length_1086_cov_15.056030	32.1	1086	264	0.708333	3.02e-12	acc|GENBANK|AYV84451.1|GENBANK|MK072408|CS-domain-containing protein [Hyperionvirus sp.]	Hyperionvirus sp.	Blastx
SRR31829833	NODE_5901_length_679_cov_4.142415	27.5	679	627	0.330144	3.10e-12	acc|GENBANK|ARF09181.1|GENBANK|KY684084|AMP-binding enzyme [Catovirus CTV1]	Catovirus CTV1	Blastx
SRR31829833	NODE_16377_length_476_cov_3.239278	44.4	476	353	0.229462	3.10e-12	acc|GENBANK|WGU26821.1|GENBANK|OQ503488|S-acyltransferase 11-like protein [Triticum monococcum]	Triticum monococcum	Blastx
SRR31829833	NODE_21448_length_383_cov_15.020000	40.2	383	679	0.135493	3.10e-12	acc|GENBANK|QIG60138.1|GENBANK|MN940580|ATP-dependent zinc metalloprotease [Dishui Lake large algae virus 1]	Dishui Lake large algae virus 1	Blastx
SRR31829833	NODE_25724_length_717_cov_4.533626	30.9	717	439	0.309795	3.39e-12	acc|GENBANK|AYV76294.1|GENBANK|MK071983|hypothetical protein [Terrestrivirus sp.]	Terrestrivirus sp.	Blastx
SRR31829833	NODE_2780_length_739_cov_8.827195	27.0	739	569	0.370826	3.40e-12	acc|GENBANK|ATZ80436.1|GENBANK|MF782455|multidrug export ATPase/permease [Bodo saltans virus]	Bodo saltans virus	Blastx
SRR31829833	NODE_5998_length_215_cov_1.373626	53.0	215	925	0.071351	3.40e-12	acc|GENBANK|ABY48139.1|GENBANK|EU306659|NORK [Medicago truncatula]	Medicago truncatula	Blastx
SRR31829833	NODE_19935_length_1135_cov_6.349365	32.2	1135	680	0.260294	3.49e-12	acc|GENBANK|QFG73938.1|GENBANK|MN448274|AAA domain protein [Megaviridae environmental sample]	Megaviridae environmental sample	Blastx
SRR31829833	NODE_24906_length_464_cov_15.055684	39.5	464	143	0.566434	3.50e-12	acc|GENBANK|QIG60178.1|GENBANK|MN940580|putative protein disulfide-isomerase A4 [Dishui Lake large algae virus 1]	Dishui Lake large algae virus 1	Blastx
SRR31829833	NODE_13491_length_265_cov_2.581897	36.4	265	683	0.128843	3.56e-12	acc|GENBANK|BAA20089.1|GENBANK|D55717|RGD-containing collagen associated protein [Porcine rotavirus]	Porcine rotavirus	Blastx
SRR31829833	NODE_18150_length_1286_cov_10.157223	30.8	1286	182	0.802198	3.79e-12	acc|GENBANK|BDT62002.1|GENBANK|LC738871|hypothetical protein [Penaeus monodon majanivirus B]	Penaeus monodon majanivirus B	Blastx
SRR31829833	NODE_26822_length_602_cov_13.193322	30.2	602	368	0.513587	3.90e-12	acc|GENBANK|QFG73671.1|GENBANK|MN448266|peptidase family M20/M25/M40 [Megaviridae environmental sample]	Megaviridae environmental sample	Blastx
SRR31829833	NODE_926_length_284_cov_22.661355	46.8	284	271	0.228782	3.96e-12	acc|GENBANK|AUF82230.1|GENBANK|KY322437|E3 ubiquitin--protein ligase MIEL1-like protein [Tetraselmis virus 1]	Tetraselmis virus 1	Blastx
SRR31829833	NODE_24618_length_367_cov_5.799401	39.8	367	220	0.400000	4.00e-12	acc|GENBANK|AYV75166.1|GENBANK|MK071979|hypoxanthine-guanine phosphoribosyltransferase [Terrestrivirus sp.]	Terrestrivirus sp.	Blastx
SRR31829833	NODE_26673_length_868_cov_4.366467	49.3	868	308	0.217532	4.05e-12	acc|GENBANK|AFV13468.1|GENBANK|JQ314449|ring-H2 zinc finger protein [Coix lacryma-jobi]	Coix lacryma-jobi	Blastx
SRR31829833	NODE_33108_length_278_cov_0.955102	40.2	278	549	0.167577	4.09e-12	acc|GENBANK|WGU26819.1|GENBANK|OQ503488|BTB/POZ domain-containing protein [Triticum monococcum]	Triticum monococcum	Blastx
SRR31829833	NODE_20224_length_436_cov_16.771712	29.1	436	361	0.324100	4.12e-12	acc|REFSEQ|YP_010780296.1|REFSEQ|NC_075038|histone deacetylase [Tupanvirus deep ocean]	Tupanvirus deep ocean	Blastx
SRR31829833	NODE_31113_length_247_cov_2.116822	47.9	247	357	0.198880	4.34e-12	acc|GENBANK|AAA67726.1|GENBANK|U15647|ORF 1 [Mus musculus domesticus]	Mus musculus domesticus	Blastx
SRR31829833	NODE_7267_length_786_cov_3.163347	28.3	786	1384	0.163295	4.38e-12	acc|GENBANK|ADB85299.1|GENBANK|GQ252825|putative retrotransposon protein [Phyllostachys edulis]	Phyllostachys edulis	Blastx
SRR31829833	NODE_32104_length_262_cov_1.021834	41.9	262	422	0.203791	4.38e-12	acc|GENBANK|AVL93710.1|GENBANK|MG807319|putative zinc-type alcohol dehydrogenase-like [Megavirus vitis]	Megavirus vitis	Blastx
SRR31829833	NODE_34015_length_287_cov_1.842520	56.1	287	149	0.382550	4.80e-12	acc|GENBANK|WBF71015.1|GENBANK|OP925046|putative methylated-DNA-protein-cysteine [Megavirus caiporensis]	Megavirus caiporensis	Blastx
SRR31829833	NODE_4222_length_457_cov_8.731132	50.0	457	131	0.412214	4.98e-12	acc|GENBANK|AYV76012.1|GENBANK|MK071982|zinc finger A20 and AN1 domain-containing [Terrestrivirus sp.]	Terrestrivirus sp.	Blastx
SRR31829833	NODE_25439_length_335_cov_6.754967	41.1	335	239	0.376569	5.04e-12	acc|GENBANK|QGR54144.1|GENBANK|MK978772|prolyl 4-hydroxylase [Moumouvirus maliensis]	Moumouvirus maliensis	Blastx
SRR31829833	NODE_28137_length_200_cov_2.802395	50.8	200	925	0.065946	5.15e-12	acc|GENBANK|ABY48139.1|GENBANK|EU306659|NORK [Medicago truncatula]	Medicago truncatula	Blastx
SRR31829833	NODE_1873_length_837_cov_11.492537	28.2	837	361	0.717452	5.19e-12	acc|GENBANK|QBK86970.1|GENBANK|MK500339|glycosyl transferase [Marseillevirus LCMAC103]	Marseillevirus LCMAC103	Blastx
SRR31829833	NODE_22485_length_668_cov_12.806299	32.9	668	393	0.432570	5.22e-12	acc|GENBANK|WNL50110.1|GENBANK|OR343189|phosphohydrolase [Marseillevirus sp.]	Marseillevirus sp.	Blastx
SRR31829833	NODE_32794_length_273_cov_0.975000	39.0	273	463	0.177106	5.26e-12	acc|REFSEQ|YP_010781133.1|REFSEQ|NC_075038|cysteine desulfurase sufS family [Tupanvirus deep ocean]	Tupanvirus deep ocean	Blastx
SRR31829833	NODE_23512_length_427_cov_11.482234	31.1	427	1308	0.100917	5.41e-12	acc|GENBANK|QBK87548.1|GENBANK|MK500357|DNA-directed RNA polymerase subunit beta [Marseillevirus LCMAC201]	Marseillevirus LCMAC201	Blastx
SRR31829833	NODE_32763_length_272_cov_0.979079	55.7	272	148	0.412162	5.53e-12	acc|GENBANK|AYV84119.1|GENBANK|MK072399|NADAR family protein [Hyperionvirus sp.]	Hyperionvirus sp.	Blastx
SRR31829833	NODE_9589_length_278_cov_2.363265	56.2	278	518	0.140927	5.56e-12	acc|GENBANK|QPI16131.1|GENBANK|MW030532|hypothetical protein [Virus NIOZ-UU157]	Virus NIOZ-UU157	Blastx
SRR31829833	NODE_7981_length_583_cov_19.980000	33.6	583	242	0.504132	5.59e-12	acc|GENBANK|QBK87294.1|GENBANK|MK500347|uncharacterized protein [Marseillevirus LCMAC201]	Marseillevirus LCMAC201	Blastx
SRR31829833	NODE_22348_length_601_cov_2.075704	35.9	601	144	0.888889	5.71e-12	acc|GENBANK|QBK85618.1|GENBANK|MK500327|nucleoside diphosphate kinase [Marseillevirus LCMAC101]	Marseillevirus LCMAC101	Blastx
SRR31829833	NODE_20790_length_444_cov_3.345499	36.9	444	498	0.222892	5.78e-12	acc|GENBANK|AXE72292.1|NEIGHBOR|MG746626|global transactivator-like protein [Anticarsia gemmatalis multiple nucleopolyhedrovirus]	Anticarsia gemmatalis multiple nucleopolyhedrovirus	Blastx
SRR31829833	NODE_5629_length_325_cov_3.154110	39.4	325	1624	0.060961	5.79e-12	acc|GENBANK|WBF70410.1|GENBANK|OP925046|endo-type 6-aminohexanoate oligomer hydrolase [Megavirus caiporensis]	Megavirus caiporensis	Blastx
SRR31829833	NODE_33484_length_357_cov_5.777778	33.0	357	695	0.165468	5.99e-12	acc|GENBANK|XDO02062.1|GENBANK|PP542043|Type I Glyceraldehyde-3-Phosphate Dehydrogenase [Florenciella sp. virus SA2]	Florenciella sp. virus SA2	Blastx
SRR31829833	NODE_5431_length_769_cov_47.350543	33.6	769	283	0.409894	6.52e-12	acc|GENBANK|QKF94519.1|GENBANK|MT418680|zinc finger RING-type protein [Fadolivirus FV1/VV64]	Fadolivirus FV1/VV64	Blastx
SRR31829833	NODE_2377_length_552_cov_21.537572	43.8	552	588	0.178571	6.71e-12	acc|GENBANK|QOI90522.1|GENBANK|MT663539|hypothetical protein [Pyramimonas orientalis virus]	Pyramimonas orientalis virus	Blastx
SRR31829833	NODE_23468_length_1019_cov_7.319473	35.7	1019	124	0.927419	7.20e-12	acc|GENBANK|QRM13562.1|NEIGHBOR|MW142017|hypothetical protein [Fowlpox virus]	Fowlpox virus	Blastx
SRR31829833	NODE_23360_length_662_cov_14.052464	29.1	662	268	0.731343	7.23e-12	acc|GENBANK|QBK91399.1|GENBANK|MK500535|mitochondrial carrier-like protein [Pithovirus LCPAC302]	Pithovirus LCPAC302	Blastx
SRR31829833	NODE_13736_length_471_cov_8.461187	33.6	471	261	0.559387	7.29e-12	acc|GENBANK|AYV79236.1|GENBANK|MK072137|serine/threonine protein phosphatase [Faunusvirus sp.]	Faunusvirus sp.	Blastx
SRR31829833	NODE_893_length_1050_cov_27.425762	32.4	1050	600	0.241667	7.54e-12	acc|REFSEQ|YP_010781150.1|REFSEQ|NC_075038|hypothetical protein [Tupanvirus deep ocean]	Tupanvirus deep ocean	Blastx
SRR31829833	NODE_20450_length_301_cov_1.328358	40.5	301	549	0.134791	7.54e-12	acc|GENBANK|WGU26819.1|GENBANK|OQ503488|BTB/POZ domain-containing protein [Triticum monococcum]	Triticum monococcum	Blastx
SRR31829833	NODE_22048_length_286_cov_3.956522	66.7	286	382	0.117801	7.58e-12	acc|GENBANK|QFG73707.1|GENBANK|MN448269|DnaJ C terminal domain protein [Megaviridae environmental sample]	Megaviridae environmental sample	Blastx
SRR31829833	NODE_10048_length_458_cov_2.378824	50.0	458	2037	0.034364	7.65e-12	acc|GENBANK|ABG37663.1|GENBANK|DQ536170|CCHC-type integrase [Populus trichocarpa]	Populus trichocarpa	Blastx
SRR31829833	NODE_11591_length_733_cov_8.481429	33.3	733	121	0.842975	7.77e-12	acc|GENBANK|QKF93713.1|GENBANK|MT418680|thioredoxin [Fadolivirus FV1/VV64]	Fadolivirus FV1/VV64	Blastx
SRR31829833	NODE_26403_length_280_cov_9.178138	46.7	280	283	0.212014	8.21e-12	acc|GENBANK|QKF94519.1|GENBANK|MT418680|zinc finger RING-type protein [Fadolivirus FV1/VV64]	Fadolivirus FV1/VV64	Blastx
SRR31829833	NODE_7504_length_851_cov_7.639364	26.9	851	482	0.609959	8.24e-12	acc|GENBANK|XIF71198.1|GENBANK|PQ381123|RNA polymerase-associated protein rapA [Micromonas commoda virus]	Micromonas commoda virus	Blastx
SRR31829833	NODE_30281_length_234_cov_1.164179	55.2	234	583	0.099485	8.30e-12	acc|GENBANK|QKF94238.1|GENBANK|MT418680|class II glycyl-tRNA synthetase [Fadolivirus FV1/VV64]	Fadolivirus FV1/VV64	Blastx
SRR31829833	NODE_916_length_1303_cov_20.464567	23.2	1303	539	0.662338	8.45e-12	acc|GENBANK|QDY52400.1|GENBANK|MK250091|aldehyde dehydrogenase family protein [Mimiviridae sp. ChoanoV1]	Mimiviridae sp. ChoanoV1	Blastx
SRR31829833	NODE_2063_length_958_cov_7.678919	25.8	958	1086	0.214549	8.45e-12	acc|REFSEQ|YP_009507473.1|REFSEQ|NC_038553|DNA topoisomerase II large subunit [Heterosigma akashiwo virus 01]	Heterosigma akashiwo virus 01	Blastx
SRR31829833	NODE_28414_length_204_cov_1.368421	49.2	204	285	0.228070	8.54e-12	acc|GENBANK|AYV80545.1|GENBANK|MK072244|hypothetical protein [Harvfovirus sp.]	Harvfovirus sp.	Blastx
SRR31829833	NODE_19278_length_323_cov_1.900000	39.3	323	384	0.218750	8.55e-12	acc|REFSEQ|YP_003970003.1|REFSEQ|NC_014637|putative superfamily II helicase/eIF-4AIII [Cafeteria roenbergensis virus BV-PW1]	Cafeteria roenbergensis virus BV-PW1	Blastx
SRR31829833	NODE_15720_length_265_cov_5.969828	57.4	265	1334	0.040480	9.32e-12	acc|GENBANK|CAC37622.1|GENBANK|AJ292423|polyprotein [Arabidopsis thaliana]	Arabidopsis thaliana	Blastx
SRR31829833	NODE_11662_length_828_cov_9.164780	28.8	828	182	0.895604	9.54e-12	acc|REFSEQ|YP_009163818.1|REFSEQ|NC_027778|ORF_057R [Scale drop disease virus]	Scale drop disease virus	Blastx
SRR31829833	NODE_13845_length_562_cov_3.232514	38.0	562	570	0.226316	9.80e-12	acc|GENBANK|AYV82503.1|GENBANK|MK072383|putative vacuolar protein sortingassociated [Hyperionvirus sp.]	Hyperionvirus sp.	Blastx
SRR31829833	NODE_8809_length_653_cov_14.214516	32.0	653	124	0.983871	9.98e-12	acc|GENBANK|QRM13562.1|NEIGHBOR|MW142017|hypothetical protein [Fowlpox virus]	Fowlpox virus	Blastx
SRR31829833	NODE_14583_length_289_cov_1.988281	59.5	289	93	0.451613	1.08e-11	acc|GENBANK|AYV80661.1|GENBANK|MK072246|putative Cytochrome b5 [Harvfovirus sp.]	Harvfovirus sp.	Blastx
SRR31829833	NODE_1027_length_1624_cov_81.343809	24.4	1624	695	0.376978	1.10e-11	acc|GENBANK|AYV76491.1|GENBANK|MK071985|AMP-binding enzyme [Terrestrivirus sp.]	Terrestrivirus sp.	Blastx
SRR31829833	NODE_731_length_719_cov_17.564140	30.0	719	273	0.622711	1.11e-11	acc|GENBANK|AAR26956.1|GENBANK|AY225138|FirrV-1-F2 precursor [Feldmannia irregularis virus a]	Feldmannia irregularis virus a	Blastx
SRR31829833	NODE_14726_length_232_cov_2.432161	49.3	232	1056	0.063447	1.11e-11	acc|GENBANK|WBR14220.1|GENBANK|ON887157|P-aminobenzoic acid synthase [Pandoravirus kuranda]	Pandoravirus kuranda	Blastx
SRR31829833	NODE_5480_length_308_cov_2.629091	47.3	308	819	0.067155	1.14e-11	acc|GENBANK|QKF94107.1|GENBANK|MT418680|eukaryotic translation elongation factor 2 [Fadolivirus FV1/VV64]	Fadolivirus FV1/VV64	Blastx
SRR31829833	NODE_29504_length_221_cov_1.787234	42.5	221	382	0.191099	1.16e-11	acc|GENBANK|AAB31930.2|GENBANK|S74099|v-myb product [Avian myeloblastosis virus]	Avian myeloblastosis virus	Blastx
SRR31829833	NODE_25989_length_1064_cov_12.576140	25.9	1064	261	1.019157	1.26e-11	acc|GENBANK|AYV79236.1|GENBANK|MK072137|serine/threonine protein phosphatase [Faunusvirus sp.]	Faunusvirus sp.	Blastx
SRR31829833	NODE_5706_length_511_cov_3.694561	36.1	511	1066	0.124765	1.26e-11	acc|REFSEQ|YP_008436808.1|REFSEQ|NC_022098|SNF2 family DNA dependent ATPase [Pandoravirus salinus]	Pandoravirus salinus	Blastx
SRR31829833	NODE_22201_length_862_cov_3.747889	25.2	862	575	0.530435	1.32e-11	acc|GENBANK|CAE02704.1|GENBANK|AJ575660|putative sugar transporter [Yarrowia lipolytica]	Yarrowia lipolytica	Blastx
SRR31829833	NODE_8558_length_337_cov_4.240132	32.7	337	191	0.560209	1.37e-11	acc|GENBANK|AAK16153.1|GENBANK|AF326577|anthocyanin regulatory B protein [Zea mays]	Zea mays	Blastx
SRR31829833	NODE_3683_length_201_cov_6.857143	46.7	201	925	0.064865	1.37e-11	acc|GENBANK|ABY48139.1|GENBANK|EU306659|NORK [Medicago truncatula]	Medicago truncatula	Blastx
SRR31829833	NODE_31029_length_246_cov_1.098592	50.8	246	1793	0.032906	1.38e-11	acc|GENBANK|CCQ71366.1|GENBANK|HF586479|hypothetical serine/threonine protein kinase [Cotesia congregata]	Cotesia congregata	Blastx
SRR31829833	NODE_16729_length_790_cov_10.116248	27.7	790	985	0.175635	1.39e-11	acc|GENBANK|AYV75657.1|GENBANK|MK071980|ubiquitin-activating enzyme E1 [Terrestrivirus sp.]	Terrestrivirus sp.	Blastx
SRR31829833	NODE_26998_length_616_cov_15.806175	35.8	616	507	0.187377	1.48e-11	acc|GENBANK|QHN71152.1|GENBANK|MN812837|cytochrome P450 domain protein [Mollivirus kamchatka]	Mollivirus kamchatka	Blastx
SRR31829833	NODE_286_length_387_cov_322.398305	39.8	387	91	0.912088	1.51e-11	acc|GENBANK|AYV76651.1|GENBANK|MK071988|putative acyl-CoA-binding protein [Terrestrivirus sp.]	Terrestrivirus sp.	Blastx
SRR31829833	NODE_32510_length_268_cov_0.995745	52.9	268	368	0.184783	1.52e-11	acc|GENBANK|QFG73671.1|GENBANK|MN448266|peptidase family M20/M25/M40 [Megaviridae environmental sample]	Megaviridae environmental sample	Blastx
SRR31829833	NODE_10983_length_234_cov_1.701493	50.8	234	120	0.491667	1.52e-11	acc|GENBANK|QBZ81758.1|GENBANK|MK174290|Protein kinase catalytic incomplete domain [Pandoravirus celtis]	Pandoravirus celtis	Blastx
SRR31829833	NODE_19468_length_356_cov_5.024768	32.2	356	299	0.301003	1.60e-11	acc|GENBANK|UOG94093.1|NEIGHBOR|OM876856|serine threonine-protein phosphatase [Aureococcus anophagefferens virus]	Aureococcus anophagefferens virus	Blastx
SRR31829833	NODE_21512_length_213_cov_3.183333	46.2	213	925	0.070270	1.62e-11	acc|GENBANK|ABY48139.1|GENBANK|EU306659|NORK [Medicago truncatula]	Medicago truncatula	Blastx
SRR31829833	NODE_349_length_471_cov_47.892694	35.2	471	182	0.593407	1.66e-11	acc|REFSEQ|YP_009163818.1|REFSEQ|NC_027778|ORF_057R [Scale drop disease virus]	Scale drop disease virus	Blastx
SRR31829833	NODE_29779_length_226_cov_1.212435	38.2	226	202	0.376238	1.67e-11	acc|GENBANK|QBK85419.1|GENBANK|MK500327|fatty acid desaturase [Marseillevirus LCMAC101]	Marseillevirus LCMAC101	Blastx
SRR31829833	NODE_5620_length_575_cov_2.972325	43.6	575	1261	0.080095	1.70e-11	acc|GENBANK|ACN78974.1|GENBANK|FJ225394|retrotransposon protein [Glycine max]	Glycine max	Blastx
SRR31829833	NODE_8014_length_432_cov_27.932331	32.5	432	498	0.228916	1.76e-11	acc|GENBANK|XHA59766.1|GENBANK|OR863077|thermosome [Poseidoniales virus]	Poseidoniales virus	Blastx
SRR31829833	NODE_16256_length_518_cov_2.905155	34.6	518	277	0.375451	1.79e-11	acc|GENBANK|QED21181.1|GENBANK|MN240300|monoglyceride lipase [Borealpox virus]	Borealpox virus	Blastx
SRR31829833	NODE_31219_length_248_cov_1.088372	41.6	248	194	0.396907	1.92e-11	acc|GENBANK|CAA12932.1|GENBANK|AJ228333|reverse transcriptase [Pinus elliottii]	Pinus elliottii	Blastx
SRR31829833	NODE_5690_length_633_cov_63.038333	45.2	633	175	0.417143	1.93e-11	acc|GENBANK|QFG74928.1|GENBANK|MN448295|DnaJ domain protein [Megaviridae environmental sample]	Megaviridae environmental sample	Blastx
SRR31829833	NODE_23092_length_250_cov_2.299539	45.3	250	1586	0.047289	1.96e-11	acc|REFSEQ|YP_009329205.1|REFSEQ|NC_032108|serine-threonine kinase [Cedratvirus A11]	Cedratvirus A11	Blastx
SRR31829833	NODE_3551_length_893_cov_98.212791	55.1	893	144	0.479167	2.02e-11	acc|GENBANK|WZH61589.1|GENBANK|PP173858|putative capsid protein [Sonafor virus]	Sonafor virus	Blastx
SRR31829833	NODE_16885_length_379_cov_1.014451	49.3	379	1408	0.047585	2.04e-11	acc|GENBANK|CAA60724.1|GENBANK|X87297|J1580 [Saccharomyces cerevisiae]	Saccharomyces cerevisiae	Blastx
SRR31829833	NODE_20023_length_289_cov_1.519531	88.1	289	189	0.222222	2.10e-11	acc|REFSEQ|YP_009465730.1|REFSEQ|NC_037057|hypothetical protein [Dishui lake phycodnavirus 1]	Dishui lake phycodnavirus 1	Blastx
SRR31829833	NODE_23946_length_465_cov_4.942130	33.6	465	2037	0.070201	2.12e-11	acc|GENBANK|ABG37663.1|GENBANK|DQ536170|CCHC-type integrase [Populus trichocarpa]	Populus trichocarpa	Blastx
SRR31829833	NODE_20672_length_249_cov_3.092593	53.4	249	224	0.258929	2.20e-11	acc|GENBANK|QDH89109.1|GENBANK|MN034603|hypothetical protein [Picornavirales sp.]	Picornavirales sp.	Blastx
SRR31829833	NODE_7099_length_271_cov_3.911765	69.8	271	388	0.110825	2.25e-11	acc|GENBANK|CCQ71327.1|GENBANK|HF586476|hypothetical protein kinase Pka-C1 [Cotesia congregata]	Cotesia congregata	Blastx
SRR31829833	NODE_30782_length_242_cov_0.947368	51.3	242	518	0.146718	2.28e-11	acc|GENBANK|QPI16131.1|GENBANK|MW030532|hypothetical protein [Virus NIOZ-UU157]	Virus NIOZ-UU157	Blastx
SRR31829833	NODE_14464_length_362_cov_1.337386	34.2	362	4062	0.029542	2.33e-11	acc|GENBANK|QOR60750.1|GENBANK|MK522039|hypothetical protein [Bathycoccus sp. RCC716 virus 3]	Bathycoccus sp. RCC716 virus 3	Blastx
SRR31829833	NODE_32622_length_270_cov_0.987342	45.3	270	269	0.278810	2.42e-11	acc|GENBANK|ARF08245.1|GENBANK|KY684083|alpha/beta hydrolase family protein [Catovirus CTV1]	Catovirus CTV1	Blastx
SRR31829833	NODE_32161_length_263_cov_1.017391	47.6	263	249	0.253012	2.47e-11	acc|REFSEQ|YP_009337442.1|REFSEQ|NC_033174|hypothetical protein [Hubei virga-like virus 23]	Hubei virga-like virus 23	Blastx
SRR31829833	NODE_1409_length_935_cov_54.454545	28.6	935	408	0.522059	2.53e-11	acc|REFSEQ|YP_010781447.1|REFSEQ|NC_075039|Zn-dependent alcohol dehydrogenase [Tupanvirus soda lake]	Tupanvirus soda lake	Blastx
SRR31829833	NODE_23062_length_399_cov_3.521858	35.5	399	353	0.342776	2.53e-11	acc|GENBANK|AYV84281.1|GENBANK|MK072403|hypothetical protein [Hyperionvirus sp.]	Hyperionvirus sp.	Blastx
SRR31829833	NODE_19294_length_372_cov_6.053097	36.0	372	230	0.326087	2.60e-11	acc|GENBANK|ARF08295.1|GENBANK|KY684083|RING finger domain protein [Catovirus CTV1]	Catovirus CTV1	Blastx
SRR31829833	NODE_13523_length_330_cov_1.454545	41.3	330	498	0.184739	2.71e-11	acc|REFSEQ|YP_010781610.1|REFSEQ|NC_075039|hypothetical protein [Tupanvirus soda lake]	Tupanvirus soda lake	Blastx
SRR31829833	NODE_31862_length_258_cov_1.040000	38.4	258	405	0.212346	2.72e-11	acc|GENBANK|XCW87638.1|GENBANK|PQ010613|serine/threonine-protein kinase [Mimivirus sp.]	Mimivirus sp.	Blastx
SRR31829833	NODE_4520_length_697_cov_4.528614	28.0	697	524	0.320611	2.75e-11	acc|GENBANK|BCS83081.1|GENBANK|AP024483|putative translation initiation factor [Cotonvirus japonicus]	Cotonvirus japonicus	Blastx
SRR31829833	NODE_7382_length_368_cov_5.423881	35.4	368	312	0.317308	2.76e-11	acc|REFSEQ|YP_009176949.1|REFSEQ|NC_027916|serine/threonine protein kinase US3B [Testudinid alphaherpesvirus 3]	Testudinid alphaherpesvirus 3	Blastx
SRR31829833	NODE_8621_length_655_cov_25.001608	41.9	655	588	0.178571	2.86e-11	acc|GENBANK|QOI90522.1|GENBANK|MT663539|hypothetical protein [Pyramimonas orientalis virus]	Pyramimonas orientalis virus	Blastx
SRR31829833	NODE_15633_length_394_cov_10.603878	47.1	394	464	0.150862	2.91e-11	acc|GENBANK|ARF12058.1|GENBANK|KY684110|aminotransferase class-III [Klosneuvirus KNV1]	Klosneuvirus KNV1	Blastx
SRR31829833	NODE_12801_length_238_cov_1.058537	35.4	238	455	0.173626	2.95e-11	acc|GENBANK|QFG73745.1|GENBANK|MN448270|elongation factor Tu GTP binding domain protein [Megaviridae environmental sample]	Megaviridae environmental sample	Blastx
SRR31829833	NODE_8691_length_893_cov_82.432558	28.4	893	212	1.028302	2.99e-11	acc|GENBANK|AYV79923.1|GENBANK|MK072200|superoxide dismutase [Gaeavirus sp.]	Gaeavirus sp.	Blastx
SRR31829833	NODE_22198_length_507_cov_15.493671	31.9	507	529	0.255198	3.72e-11	acc|REFSEQ|YP_010781283.1|REFSEQ|NC_075038|hypothetical protein [Tupanvirus deep ocean]	Tupanvirus deep ocean	Blastx
SRR31829833	NODE_5820_length_1566_cov_33.256360	28.7	1566	189	1.031746	3.77e-11	acc|REFSEQ|YP_009174709.1|REFSEQ|NC_028112|hypothetical protein [Yellowstone lake phycodnavirus 1]	Yellowstone lake phycodnavirus 1	Blastx
SRR31829833	NODE_9613_length_263_cov_1.504348	48.5	263	309	0.220065	4.00e-11	acc|REFSEQ|NP_938400.1|REFSEQ|NC_005179|149R [Yaba monkey tumor virus]	Yaba monkey tumor virus	Blastx
SRR31829833	NODE_25167_length_611_cov_33.531142	37.0	611	283	0.353357	4.02e-11	acc|GENBANK|QKF94519.1|GENBANK|MT418680|zinc finger RING-type protein [Fadolivirus FV1/VV64]	Fadolivirus FV1/VV64	Blastx
SRR31829833	NODE_24874_length_235_cov_24.534653	42.3	235	1573	0.049587	4.08e-11	acc|REFSEQ|YP_007354741.1|REFSEQ|NC_020104|serine-threonine kinase [Acanthamoeba polyphaga moumouvirus]	Acanthamoeba polyphaga moumouvirus	Blastx
SRR31829833	NODE_17050_length_367_cov_7.290419	34.4	367	535	0.239252	4.14e-11	acc|REFSEQ|YP_008319316.1|REFSEQ|NC_021858|Cytochrome P450 [Pandoravirus dulcis]	Pandoravirus dulcis	Blastx
SRR31829833	NODE_15974_length_384_cov_10.415954	40.0	384	373	0.201072	4.33e-11	acc|GENBANK|AYV76239.1|GENBANK|MK071983|hypothetical protein [Terrestrivirus sp.]	Terrestrivirus sp.	Blastx
SRR31829833	NODE_21815_length_486_cov_12.225166	26.8	486	299	0.525084	4.37e-11	acc|GENBANK|AGE57581.1|GENBANK|JX997180|N-carbamoylputrescine amidase [Acanthocystis turfacea Chlorella virus NTS-1]	Acanthocystis turfacea Chlorella virus NTS-1	Blastx
SRR31829833	NODE_2164_length_986_cov_6.066107	38.4	986	442	0.253394	4.67e-11	acc|GENBANK|QBK90954.1|GENBANK|MK500504|putative serine/threonine protein kinase [Pithovirus LCPAC201]	Pithovirus LCPAC201	Blastx
SRR31829833	NODE_5848_length_793_cov_5.652632	37.5	793	522	0.199234	5.09e-11	acc|GENBANK|QPI16279.1|GENBANK|MW030549|hypothetical protein [Virus NIOZ-UU157]	Virus NIOZ-UU157	Blastx
SRR31829833	NODE_31745_length_256_cov_2.098655	44.7	256	660	0.115152	5.24e-11	acc|GENBANK|AGE57896.1|GENBANK|JX997181|potassium transporter [Paramecium bursaria Chlorella virus NW665.2]	Paramecium bursaria Chlorella virus NW665.2	Blastx
SRR31829833	NODE_1528_length_845_cov_19.044335	30.7	845	202	0.693069	5.36e-11	acc|GENBANK|CCQ71376.1|GENBANK|HF586479|hypothetical peptidase PPPDE-like [Cotesia congregata]	Cotesia congregata	Blastx
SRR31829833	NODE_19299_length_548_cov_3.433010	32.3	548	557	0.283662	5.36e-11	acc|GENBANK|WGU26825.1|GENBANK|OQ503488|putative acyl-activating enzyme 5 [Triticum monococcum]	Triticum monococcum	Blastx
SRR31829833	NODE_7009_length_1003_cov_13.975258	30.7	1003	144	0.881944	5.50e-11	acc|GENBANK|AUF82519.1|GENBANK|KY322437|putative Mpv17/PMP22 family protein [Tetraselmis virus 1]	Tetraselmis virus 1	Blastx
SRR31829833	NODE_18428_length_452_cov_9.472554	33.6	452	205	0.609756	5.51e-11	acc|REFSEQ|YP_010781131.1|REFSEQ|NC_075038|putative lipocalin [Tupanvirus deep ocean]	Tupanvirus deep ocean	Blastx
SRR31829833	NODE_12791_length_260_cov_2.466960	40.5	260	925	0.085405	5.53e-11	acc|GENBANK|ABY48139.1|GENBANK|EU306659|NORK [Medicago truncatula]	Medicago truncatula	Blastx
SRR31829833	NODE_3701_length_857_cov_13.462379	41.3	857	85	0.741176	5.54e-11	acc|GENBANK|QDY52253.1|GENBANK|MK250089|AN1-like Zinc finger [Mimiviridae sp. ChoanoV1]	Mimiviridae sp. ChoanoV1	Blastx
SRR31829833	NODE_26965_length_1596_cov_28.150992	29.9	1596	264	0.734848	5.70e-11	acc|GENBANK|AYV84451.1|GENBANK|MK072408|CS-domain-containing protein [Hyperionvirus sp.]	Hyperionvirus sp.	Blastx
SRR31829833	NODE_29202_length_217_cov_2.288043	41.2	217	1558	0.043646	5.94e-11	acc|GENBANK|BAG72148.1|GENBANK|AB430321|hypothetical protein [Lotus japonicus]	Lotus japonicus	Blastx
SRR31829833	NODE_21797_length_495_cov_6.071429	39.6	495	489	0.186094	6.02e-11	acc|GENBANK|AAK84471.1|GENBANK|AF275345|putative permease [Solanum lycopersicum]	Solanum lycopersicum	Blastx
SRR31829833	NODE_11355_length_249_cov_12.277778	39.0	249	442	0.185520	6.40e-11	acc|GENBANK|QBK90954.1|GENBANK|MK500504|putative serine/threonine protein kinase [Pithovirus LCPAC201]	Pithovirus LCPAC201	Blastx
SRR31829833	NODE_18728_length_631_cov_4.735786	51.8	631	394	0.142132	6.44e-11	acc|REFSEQ|YP_009506832.1|REFSEQ|NC_038511|eukaryotic peptide chain release factor [Tunisvirus fontaine2]	Tunisvirus fontaine2	Blastx
SRR31829833	NODE_17488_length_203_cov_9.411765	77.8	203	700	0.051429	6.49e-11	acc|GENBANK|ABY48141.1|GENBANK|EU306659|oligopeptidase A [Medicago truncatula]	Medicago truncatula	Blastx
SRR31829833	NODE_18648_length_203_cov_5.382353	77.8	203	700	0.051429	6.49e-11	acc|GENBANK|ABY48141.1|GENBANK|EU306659|oligopeptidase A [Medicago truncatula]	Medicago truncatula	Blastx
SRR31829833	NODE_11240_length_1222_cov_12.833474	26.2	1222	539	0.615955	6.84e-11	acc|GENBANK|QDY52400.1|GENBANK|MK250091|aldehyde dehydrogenase family protein [Mimiviridae sp. ChoanoV1]	Mimiviridae sp. ChoanoV1	Blastx
SRR31829833	NODE_1481_length_278_cov_94.755102	49.0	278	268	0.182836	6.90e-11	acc|REFSEQ|YP_010781747.1|REFSEQ|NC_075039|RING finger domain protein [Tupanvirus soda lake]	Tupanvirus soda lake	Blastx
SRR31829833	NODE_23366_length_736_cov_17.426743	26.6	736	192	0.822917	6.94e-11	acc|GENBANK|ATZ80580.1|GENBANK|MF782455|dual specificity protein phosphatase [Bodo saltans virus]	Bodo saltans virus	Blastx
SRR31829833	NODE_22673_length_261_cov_2.302632	47.5	261	201	0.398010	7.11e-11	acc|GENBANK|WGU26826.1|GENBANK|OQ503488|casparian strip membrane protein [Triticum monococcum]	Triticum monococcum	Blastx
SRR31829833	NODE_154_length_375_cov_4.596491	35.9	375	363	0.283747	7.19e-11	acc|GENBANK|AGU70139.1|GENBANK|KF270090|protein kinase superfamily protein [Tarenaya hassleriana]	Tarenaya hassleriana	Blastx
SRR31829833	NODE_23944_length_281_cov_15.782258	46.8	281	151	0.410596	7.27e-11	acc|REFSEQ|YP_008004053.1|REFSEQ|NC_021247|superoxide dismutase precursor [Adoxophyes honmai entomopoxvirus 'L']	Adoxophyes honmai entomopoxvirus 'L'	Blastx
SRR31829833	NODE_30698_length_240_cov_2.260870	41.0	240	379	0.205805	7.35e-11	acc|GENBANK|ADB85364.1|GENBANK|GQ252868|putative alcohol dehydrogenase 2 [Phyllostachys edulis]	Phyllostachys edulis	Blastx
SRR31829833	NODE_16807_length_283_cov_1.248000	75.8	283	1281	0.025761	7.64e-11	acc|GENBANK|AAA67727.1|GENBANK|U15647|reverse transcriptase [Mus musculus domesticus]	Mus musculus domesticus	Blastx
SRR31829833	NODE_4201_length_567_cov_4.110487	24.1	567	499	0.374749	8.43e-11	acc|GENBANK|CCQ71356.1|GENBANK|HF586477|hypothetical E3 ubiquitin-protein ligase ARI [Cotesia congregata]	Cotesia congregata	Blastx
SRR31829833	NODE_21666_length_461_cov_5.750000	35.8	461	727	0.149931	8.53e-11	acc|GENBANK|ADB85269.1|GENBANK|GQ252805|putative lectin-like protein kinase [Phyllostachys edulis]	Phyllostachys edulis	Blastx
SRR31829833	NODE_28487_length_206_cov_1.352601	47.9	206	412	0.177184	8.91e-11	acc|REFSEQ|YP_009430166.1|REFSEQ|NC_021858|Chorismate synthase [Pandoravirus dulcis]	Pandoravirus dulcis	Blastx
SRR31829833	NODE_11996_length_551_cov_11.972973	41.5	551	2224	0.047662	8.95e-11	acc|GENBANK|AYV81995.1|GENBANK|MK072332|putative CAD protein isoform X1 [Homavirus sp.]	Homavirus sp.	Blastx
SRR31829833	NODE_1734_length_879_cov_3.617021	29.3	879	206	0.810680	9.18e-11	acc|GENBANK|AYV87120.1|GENBANK|MK072532|hypothetical protein [Sylvanvirus sp.]	Sylvanvirus sp.	Blastx
SRR31829833	NODE_3536_length_359_cov_8.150307	43.8	359	107	0.682243	9.26e-11	acc|GENBANK|ARF08309.1|GENBANK|KY684083|acyl-CoA binding protein [Catovirus CTV1]	Catovirus CTV1	Blastx
SRR31829833	NODE_24925_length_257_cov_30.928571	55.6	257	477	0.094340	9.56e-11	acc|GENBANK|AYV78014.1|GENBANK|MK072068|elongation factor 1 alpha long form [Edafosvirus sp.]	Edafosvirus sp.	Blastx
SRR31829833	NODE_8554_length_642_cov_49.847291	29.6	642	283	0.406360	9.62e-11	acc|GENBANK|QKF94519.1|GENBANK|MT418680|zinc finger RING-type protein [Fadolivirus FV1/VV64]	Fadolivirus FV1/VV64	Blastx
SRR31829833	NODE_16771_length_263_cov_4.069565	52.5	263	143	0.426573	9.89e-11	acc|GENBANK|ADF46068.1|GENBANK|GU976905|reverse transcriptase [Eleocharis palustris]	Eleocharis palustris	Blastx
SRR31829833	NODE_30280_length_234_cov_1.164179	50.0	234	186	0.397849	1.11e-10	acc|REFSEQ|YP_009120778.1|REFSEQ|NC_026440|GTP cyclohydrolase [Pandoravirus inopinatum]	Pandoravirus inopinatum	Blastx
SRR31829833	NODE_33665_length_523_cov_3.581633	28.7	523	631	0.270998	1.12e-10	acc|REFSEQ|YP_010781061.1|REFSEQ|NC_075038|putative acyl-CoA oxidase [Tupanvirus deep ocean]	Tupanvirus deep ocean	Blastx
SRR31829833	NODE_12033_length_664_cov_14.340729	27.9	664	403	0.471464	1.13e-10	acc|GENBANK|AYV82314.1|GENBANK|MK072360|translation initiation factor 4A-III [Homavirus sp.]	Homavirus sp.	Blastx
SRR31829833	NODE_22695_length_674_cov_12.430577	24.4	674	654	0.337920	1.14e-10	acc|GENBANK|ATZ81043.1|GENBANK|MF782455|dynamin-like protein [Bodo saltans virus]	Bodo saltans virus	Blastx
SRR31829833	NODE_11423_length_247_cov_2.135514	41.3	247	791	0.101138	1.20e-10	acc|GENBANK|UGN61890.1|GENBANK|OK330388|retrotransposon protein [Cucumis melo subsp. melo]	Cucumis melo subsp. melo	Blastx
SRR31829833	NODE_507_length_788_cov_23.108609	39.0	788	230	0.334783	1.21e-10	acc|GENBANK|ARF08295.1|GENBANK|KY684083|RING finger domain protein [Catovirus CTV1]	Catovirus CTV1	Blastx
SRR31829833	NODE_10758_length_379_cov_5.395954	37.8	379	593	0.165261	1.22e-10	acc|GENBANK|AGE56176.1|GENBANK|JX997176|glucosamine--fructose-6-phosphate [Paramecium bursaria Chlorella virus NE-JV-1]	Paramecium bursaria Chlorella virus NE-JV-1	Blastx
SRR31829833	NODE_34043_length_358_cov_1.196923	37.7	358	268	0.425373	1.26e-10	acc|GENBANK|QBK91399.1|GENBANK|MK500535|mitochondrial carrier-like protein [Pithovirus LCPAC302]	Pithovirus LCPAC302	Blastx
SRR31829833	NODE_8805_length_958_cov_39.567568	40.3	958	308	0.250000	1.28e-10	acc|GENBANK|AFV13468.1|GENBANK|JQ314449|ring-H2 zinc finger protein [Coix lacryma-jobi]	Coix lacryma-jobi	Blastx
SRR31829833	NODE_20765_length_396_cov_4.418733	32.6	396	406	0.325123	1.34e-10	acc|GENBANK|AGE55670.1|GENBANK|JX997174|hypothetical protein [Acanthocystis turfacea Chlorella virus MN0810.1]	Acanthocystis turfacea Chlorella virus MN0810.1	Blastx
SRR31829833	NODE_31653_length_255_cov_1.054054	35.2	255	205	0.429268	1.37e-10	acc|GENBANK|AHJ40405.2|NEIGHBOR|KF959826|5'-(3)-deoxyribonucleotidase [Samba virus]	Samba virus	Blastx
SRR31829833	NODE_16591_length_255_cov_2.031532	59.2	255	164	0.298780	1.39e-10	acc|GENBANK|ABI99127.1|NEIGHBOR|AY689437|superoxide dismutase-like protein [Deerpox virus W-1170-84]	Deerpox virus W-1170-84	Blastx
SRR31829833	NODE_6765_length_1174_cov_10.053462	46.8	1174	321	0.239875	1.45e-10	acc|GENBANK|AYV78934.1|GENBANK|MK072118|putative DnaJ-like protein subfamily B member 1 [Edafosvirus sp.]	Edafosvirus sp.	Blastx
SRR31829833	NODE_14131_length_694_cov_7.780635	31.5	694	1011	0.194857	1.46e-10	acc|GENBANK|BCU03410.1|GENBANK|LC625835|threonylcarbamoyl AMP synthase [Pandoravirus japonicus]	Pandoravirus japonicus	Blastx
SRR31829833	NODE_25235_length_756_cov_9.152144	37.1	756	174	0.712644	1.47e-10	acc|GENBANK|AWA44800.1|GENBANK|MH182523|hypothetical protein [Saccharum officinarum]	Saccharum officinarum	Blastx
SRR31829833	NODE_629_length_1216_cov_76.961961	68.0	1216	760	0.065789	1.50e-10	acc|GENBANK|QFG74349.1|GENBANK|MN448286|Hsp90 protein [Megaviridae environmental sample]	Megaviridae environmental sample	Blastx
SRR31829833	NODE_15968_length_464_cov_1.475638	43.8	464	495	0.161616	1.52e-10	acc|GENBANK|AUR45128.1|GENBANK|KY550224|global transactivator protein [Spilosoma obliqua nucleopolyhedrosis virus]	Spilosoma obliqua nucleopolyhedrosis virus	Blastx
SRR31829833	NODE_13257_length_479_cov_2.934978	40.3	479	308	0.233766	1.54e-10	acc|GENBANK|AFV13468.1|GENBANK|JQ314449|ring-H2 zinc finger protein [Coix lacryma-jobi]	Coix lacryma-jobi	Blastx
SRR31829833	NODE_28215_length_201_cov_1.392857	49.2	201	385	0.153247	1.56e-10	acc|GENBANK|UUT40455.1|GENBANK|ON887238|hypothetical protein [carnivorous sponge associated iridovirus]	carnivorous sponge associated iridovirus	Blastx
SRR31829833	NODE_22170_length_348_cov_1.638095	32.2	348	498	0.230924	1.58e-10	acc|GENBANK|QBK88017.1|GENBANK|MK500373|D-arabinono-1,4-lactone oxidase [Marseillevirus LCMAC202]	Marseillevirus LCMAC202	Blastx
SRR31829833	NODE_21496_length_592_cov_2.080501	49.3	592	855	0.080702	1.59e-10	acc|GENBANK|AYV84625.1|GENBANK|MK072413|mimivirus elongation factor aef-2 [Hyperionvirus sp.]	Hyperionvirus sp.	Blastx
SRR31829833	NODE_6540_length_1457_cov_27.775281	23.9	1457	393	1.010178	1.61e-10	acc|GENBANK|WZO85283.1|GENBANK|PP681888|fumarate reductase [Chlorovirus sp.]	Chlorovirus sp.	Blastx
SRR31829833	NODE_31928_length_259_cov_2.070796	42.4	259	381	0.154856	1.74e-10	acc|GENBANK|QDY51637.1|GENBANK|MK250085|hypothetical protein [Mimiviridae sp. ChoanoV1]	Mimiviridae sp. ChoanoV1	Blastx
SRR31829833	NODE_3329_length_370_cov_12.881306	37.5	370	87	0.919540	1.81e-10	acc|GENBANK|QKE50167.1|GENBANK|MN956669|YqaJ viral recombinase [Faustovirus]	Faustovirus	Blastx
SRR31829833	NODE_3057_length_1893_cov_24.697312	26.7	1893	676	0.298817	1.84e-10	acc|REFSEQ|YP_009173627.1|REFSEQ|NC_028094|Hsp70 protein [Chrysochromulina ericina virus]	Chrysochromulina ericina virus	Blastx
SRR31829833	NODE_8788_length_1126_cov_3.492223	24.8	1126	667	0.350825	1.90e-10	acc|GENBANK|ARF11480.1|GENBANK|KY684108|peptidase [Klosneuvirus KNV1]	Klosneuvirus KNV1	Blastx
SRR31829833	NODE_17787_length_510_cov_12.335430	31.9	510	261	0.551724	1.93e-10	acc|GENBANK|AYV79236.1|GENBANK|MK072137|serine/threonine protein phosphatase [Faunusvirus sp.]	Faunusvirus sp.	Blastx
SRR31829833	NODE_25210_length_549_cov_26.635659	49.2	549	361	0.174515	1.98e-10	acc|GENBANK|AGE55821.1|GENBANK|JX997174|agmatine deiminase [Acanthocystis turfacea Chlorella virus MN0810.1]	Acanthocystis turfacea Chlorella virus MN0810.1	Blastx
SRR31829833	NODE_19364_length_351_cov_6.852201	51.7	351	391	0.153453	2.07e-10	acc|GENBANK|ARF09921.1|GENBANK|KY684089|DnaJ domain protein [Indivirus ILV1]	Indivirus ILV1	Blastx
SRR31829833	NODE_11796_length_434_cov_7.842893	31.8	434	494	0.216599	2.09e-10	acc|GENBANK|CAA72988.1|GENBANK|Y12321|SLG-Sc [Brassica oleracea var. viridis]	Brassica oleracea var. viridis	Blastx
SRR31829833	NODE_15616_length_572_cov_7.875696	32.3	572	288	0.430556	2.12e-10	acc|GENBANK|CAZ69354.1|GENBANK|FN429076|Longevity-assurance (LAG1) family protein [Emiliania huxleyi virus 99B1]	Emiliania huxleyi virus 99B1	Blastx
SRR31829833	NODE_8903_length_403_cov_7.518919	41.9	403	276	0.268116	2.15e-10	acc|GENBANK|ABV29330.1|GENBANK|EU126948|truncated bromodomain-containing protein 2b [Danio rerio]	Danio rerio	Blastx
SRR31829833	NODE_21177_length_375_cov_11.511696	32.0	375	549	0.176685	2.17e-10	acc|GENBANK|WGU26815.1|GENBANK|OQ503488|pentatricopeptide repeat-containing protein [Triticum monococcum]	Triticum monococcum	Blastx
SRR31829833	NODE_6903_length_275_cov_11.975207	39.2	275	559	0.141324	2.27e-10	acc|GENBANK|AYV76247.1|GENBANK|MK071983|xaa-Pro dipeptidase-like protein [Terrestrivirus sp.]	Terrestrivirus sp.	Blastx
SRR31829833	NODE_6582_length_324_cov_12.591065	44.2	324	590	0.130508	2.28e-10	acc|GENBANK|AYV86827.1|GENBANK|MK072516|CMGC/MAPK protein kinase [Sylvanvirus sp.]	Sylvanvirus sp.	Blastx
SRR31829833	NODE_14790_length_385_cov_6.559659	34.8	385	443	0.259594	2.29e-10	acc|GENBANK|BFL61480.1|GENBANK|LC813553|putative ubiquitin carboxyl-terminal hydrolase [Moumouvirus lavasanguinem]	Moumouvirus lavasanguinem	Blastx
SRR31829833	NODE_30498_length_237_cov_1.147059	44.2	237	276	0.278986	2.32e-10	acc|GENBANK|ACG38448.1|GENBANK|EU966330|retrotransposon protein Ty1-copia subclass [Zea mays]	Zea mays	Blastx
SRR31829833	NODE_21473_length_317_cov_5.573944	54.9	317	222	0.229730	2.51e-10	acc|GENBANK|AYV75457.1|GENBANK|MK071979|transmembrane protein [Terrestrivirus sp.]	Terrestrivirus sp.	Blastx
SRR31829833	NODE_3035_length_418_cov_8.880519	37.1	418	333	0.291291	2.58e-10	acc|GENBANK|QDY52116.1|GENBANK|MK250087|D-isomer specific 2-hydroxyacid dehydrogenase, [Mimiviridae sp. ChoanoV1]	Mimiviridae sp. ChoanoV1	Blastx
SRR31829833	NODE_14154_length_289_cov_3.097656	34.8	289	524	0.169847	2.72e-10	acc|GENBANK|ADJ57459.1|GENBANK|HM214799|CYP6G1 [Drosophila melanogaster]	Drosophila melanogaster	Blastx
SRR31829833	NODE_20560_length_268_cov_1.846809	35.6	268	429	0.202797	2.79e-10	acc|GENBANK|AYV81929.1|GENBANK|MK072322|hypothetical protein [Harvfovirus sp.]	Harvfovirus sp.	Blastx
SRR31829833	NODE_11147_length_467_cov_5.297235	33.3	467	320	0.384375	2.80e-10	acc|GENBANK|CAZ69397.1|GENBANK|FN429076|putative fatty acid desaturase [Emiliania huxleyi virus 99B1]	Emiliania huxleyi virus 99B1	Blastx
SRR31829833	NODE_8551_length_1047_cov_12.091716	34.6	1047	333	0.321321	2.82e-10	acc|GENBANK|AUF82474.1|GENBANK|KY322437|serine/threonine-protein kinase [Tetraselmis virus 1]	Tetraselmis virus 1	Blastx
SRR31829833	NODE_4715_length_267_cov_1.653846	42.9	267	1464	0.062158	3.00e-10	acc|GENBANK|ADX06029.1|GENBANK|HQ704802|putative DNA-directed RNA polymerase II [Organic Lake phycodnavirus 1]	Organic Lake phycodnavirus 1	Blastx
SRR31829833	NODE_7332_length_937_cov_5.547566	26.3	937	278	0.712230	3.03e-10	acc|GENBANK|AYV76390.1|GENBANK|MK071984|mitochondrial carrier [Terrestrivirus sp.]	Terrestrivirus sp.	Blastx
SRR31829833	NODE_6709_length_784_cov_9.378162	52.8	784	113	0.469027	3.10e-10	acc|GENBANK|QDH76139.1|GENBANK|MK948414|putative gag protein [Porcine endogenous retrovirus]	Porcine endogenous retrovirus	Blastx
SRR31829833	NODE_18551_length_297_cov_1.643939	40.2	297	647	0.134467	3.10e-10	acc|GENBANK|AYV86775.1|GENBANK|MK072515|CMGC/MAPK protein kinase, variant 1 [Sylvanvirus sp.]	Sylvanvirus sp.	Blastx
SRR31829833	NODE_9776_length_226_cov_1.792746	49.3	226	925	0.076757	3.17e-10	acc|GENBANK|ABY48139.1|GENBANK|EU306659|NORK [Medicago truncatula]	Medicago truncatula	Blastx
SRR31829833	NODE_8927_length_1267_cov_19.427877	27.2	1267	537	0.472998	3.18e-10	acc|REFSEQ|YP_009448289.1|REFSEQ|NC_036594|serine-threonine kinase [Orpheovirus IHUMI-LCC2]	Orpheovirus IHUMI-LCC2	Blastx
SRR31829833	NODE_5939_length_469_cov_4.967890	35.7	469	130	0.646154	3.23e-10	acc|GENBANK|QBK87730.1|GENBANK|MK500369|cytidylyltransferase-like protein [Marseillevirus LCMAC202]	Marseillevirus LCMAC202	Blastx
SRR31829833	NODE_29670_length_224_cov_1.225131	48.4	224	313	0.198083	3.26e-10	acc|GENBANK|AYV84158.1|GENBANK|MK072400|peptide-methionine (R)-S-oxide reductase [Hyperionvirus sp.]	Hyperionvirus sp.	Blastx
SRR31829833	NODE_19645_length_365_cov_10.909639	34.4	365	182	0.494505	3.29e-10	acc|REFSEQ|YP_009163818.1|REFSEQ|NC_027778|ORF_057R [Scale drop disease virus]	Scale drop disease virus	Blastx
SRR31829833	NODE_3553_length_1550_cov_33.758075	45.6	1550	99	0.575758	3.33e-10	acc|GENBANK|BBI30533.1|GENBANK|AP018495|initiation factor eIF1/SUI [Acanthamoeba castellanii medusavirus J1]	Acanthamoeba castellanii medusavirus J1	Blastx
SRR31829833	NODE_24383_length_447_cov_5.272947	55.8	447	219	0.351598	3.46e-10	acc|GENBANK|XHA87591.1|GENBANK|PQ054798|hypothetical protein [Qianjiang picobirna-like virus 2]	Qianjiang picobirna-like virus 2	Blastx
SRR31829833	NODE_49_length_1194_cov_18.609819	47.2	1194	168	0.315476	3.52e-10	acc|GENBANK|AYV79707.1|GENBANK|MK072171|RING finger domain protein [Faunusvirus sp.]	Faunusvirus sp.	Blastx
SRR31829833	NODE_28783_length_210_cov_2.644068	52.4	210	870	0.072414	3.53e-10	acc|GENBANK|WZO87275.1|GENBANK|PP681894|ATPase [Chlorovirus sp.]	Chlorovirus sp.	Blastx
SRR31829833	NODE_28640_length_208_cov_8.022857	43.7	208	303	0.234323	3.53e-10	acc|GENBANK|ARF10217.1|GENBANK|KY684103|serine/threonine protein kinase [Hokovirus HKV1]	Hokovirus HKV1	Blastx
SRR31829833	NODE_22380_length_447_cov_3.630435	53.7	447	896	0.074777	3.63e-10	acc|GENBANK|QCC26837.1|GENBANK|MK532524|RLX_Jeli-encoded protein [Zea mays]	Zea mays	Blastx
SRR31829833	NODE_33301_length_310_cov_2.530686	44.8	310	791	0.084703	3.63e-10	acc|GENBANK|UGN61890.1|GENBANK|OK330388|retrotransposon protein [Cucumis melo subsp. melo]	Cucumis melo subsp. melo	Blastx
SRR31829833	NODE_373_length_922_cov_7.550056	38.9	922	310	0.290323	3.85e-10	acc|GENBANK|QFG73687.1|GENBANK|MN448266|Clp protease [Megaviridae environmental sample]	Megaviridae environmental sample	Blastx
SRR31829833	NODE_16072_length_241_cov_1.774038	48.0	241	299	0.167224	3.85e-10	acc|REFSEQ|YP_009448822.1|REFSEQ|NC_036594|Protein kinase [Orpheovirus IHUMI-LCC2]	Orpheovirus IHUMI-LCC2	Blastx
SRR31829833	NODE_32287_length_265_cov_1.008621	50.9	265	159	0.333333	3.93e-10	acc|GENBANK|APU89170.1|GENBANK|KX853512|ribonuclease H-like protein [Virus Rctr71]	Virus Rctr71	Blastx
SRR31829833	NODE_5013_length_622_cov_9.769100	33.6	622	282	0.400709	4.03e-10	acc|GENBANK|QBP06726.1|NEIGHBOR|MK514406|hypothetical protein [Ostreococcus lucimarinus virus 7]	Ostreococcus lucimarinus virus 7	Blastx
SRR31829833	NODE_31714_length_256_cov_5.668161	66.7	256	352	0.110795	4.09e-10	acc|GENBANK|WGU26813.1|GENBANK|OQ503488|hypothetical protein [Triticum monococcum]	Triticum monococcum	Blastx
SRR31829833	NODE_30488_length_237_cov_3.441176	49.0	237	230	0.213043	4.11e-10	acc|GENBANK|ARF08295.1|GENBANK|KY684083|RING finger domain protein [Catovirus CTV1]	Catovirus CTV1	Blastx
SRR31829833	NODE_19801_length_362_cov_3.240122	31.8	362	393	0.272265	4.28e-10	acc|GENBANK|AXN91107.1|GENBANK|MG745875|putative superfamily II DEAD-like ATP-dependent [Namao virus]	Namao virus	Blastx
SRR31829833	NODE_3423_length_906_cov_23.909507	50.0	906	268	0.208955	4.52e-10	acc|REFSEQ|YP_010781747.1|REFSEQ|NC_075039|RING finger domain protein [Tupanvirus soda lake]	Tupanvirus soda lake	Blastx
SRR31829833	NODE_4766_length_424_cov_3.445013	36.5	424	414	0.231884	4.56e-10	acc|GENBANK|QKF94081.1|GENBANK|MT418680|serine/threonine-protein kinase [Fadolivirus FV1/VV64]	Fadolivirus FV1/VV64	Blastx
SRR31829833	NODE_16217_length_418_cov_13.909091	49.3	418	566	0.121908	4.65e-10	acc|GENBANK|QBK89567.1|GENBANK|MK500428|phosphatidylinositol-specific phospholipase C [Pithovirus LCPAC001]	Pithovirus LCPAC001	Blastx
SRR31829833	NODE_21406_length_299_cov_2.383459	49.3	299	338	0.210059	4.78e-10	acc|REFSEQ|YP_009173263.1|REFSEQ|NC_028094|Ubox domain containing protein [Chrysochromulina ericina virus]	Chrysochromulina ericina virus	Blastx
SRR31829833	NODE_750_length_245_cov_17.613208	93.3	245	212	0.141509	4.98e-10	acc|GENBANK|AYV82031.1|GENBANK|MK072334|Ras-like protein Rab-11A [Homavirus sp.]	Homavirus sp.	Blastx
SRR31829833	NODE_5863_length_432_cov_4.716792	30.6	432	459	0.263617	5.18e-10	acc|GENBANK|BBI30359.1|GENBANK|AP018495|beta-galactosidase [Acanthamoeba castellanii medusavirus J1]	Acanthamoeba castellanii medusavirus J1	Blastx
SRR31829833	NODE_1838_length_1234_cov_5.788510	24.6	1234	850	0.530588	5.19e-10	acc|GENBANK|AGE55605.1|GENBANK|JX997174|calcium-transporting ATPase, plasma [Acanthocystis turfacea Chlorella virus MN0810.1]	Acanthocystis turfacea Chlorella virus MN0810.1	Blastx
SRR31829833	NODE_2955_length_1660_cov_14.022741	32.3	1660	151	0.635762	5.21e-10	acc|GENBANK|QBK87257.1|GENBANK|MK500346|thioredoxin [Marseillevirus LCMAC201]	Marseillevirus LCMAC201	Blastx
SRR31829833	NODE_12462_length_200_cov_2.401198	52.5	200	186	0.317204	5.32e-10	acc|REFSEQ|YP_009120778.1|REFSEQ|NC_026440|GTP cyclohydrolase [Pandoravirus inopinatum]	Pandoravirus inopinatum	Blastx
SRR31829833	NODE_3846_length_272_cov_4.560669	100	272	77	0.402597	5.46e-10	acc|GENBANK|WZO77402.1|GENBANK|PP681867|ubiquitin domain-containing protein [Chlorovirus sp.]	Chlorovirus sp.	Blastx
SRR31829833	NODE_18139_length_972_cov_10.464324	25.9	972	537	0.474860	5.50e-10	acc|REFSEQ|YP_009448289.1|REFSEQ|NC_036594|serine-threonine kinase [Orpheovirus IHUMI-LCC2]	Orpheovirus IHUMI-LCC2	Blastx
SRR31829833	NODE_16334_length_488_cov_2.841758	28.4	488	300	0.540000	5.68e-10	acc|GENBANK|XDO02345.1|GENBANK|PP542043|Acid Phosphatase 5A [Florenciella sp. virus SA2]	Florenciella sp. virus SA2	Blastx
SRR31829833	NODE_16632_length_274_cov_1.024896	46.5	274	458	0.155022	5.68e-10	acc|GENBANK|AGE58873.1|GENBANK|JX997183|ATP-dependent helicase [Paramecium bursaria Chlorella virus NYs1]	Paramecium bursaria Chlorella virus NYs1	Blastx
SRR31829833	NODE_9171_length_994_cov_8.988554	44.6	994	293	0.221843	5.77e-10	acc|GENBANK|QFG75012.1|GENBANK|MN448296|protein kinase domain protein [Megaviridae environmental sample]	Megaviridae environmental sample	Blastx
SRR31829833	NODE_21303_length_633_cov_3.028333	33.3	633	321	0.495327	5.79e-10	acc|GENBANK|CAA28801.1|GENBANK|X05155|TCR beta (VDJC) [Feline leukemia virus]	Feline leukemia virus	Blastx
SRR31829833	NODE_32835_length_274_cov_1.941909	46.5	274	1040	0.068269	5.99e-10	acc|REFSEQ|YP_010780932.1|REFSEQ|NC_075038|putative ATP-citrate synthase isoform X3 [Tupanvirus deep ocean]	Tupanvirus deep ocean	Blastx
SRR31829833	NODE_8506_length_966_cov_9.255091	38.4	966	89	0.820225	6.01e-10	acc|GENBANK|AYV84005.1|GENBANK|MK072397|hypothetical protein [Hyperionvirus sp.]	Hyperionvirus sp.	Blastx
SRR31829833	NODE_22033_length_381_cov_34.014368	57.1	381	189	0.296296	6.21e-10	acc|GENBANK|QKF93961.1|GENBANK|MT418680|ubiquitin-conjugating enzyme E2 [Fadolivirus FV1/VV64]	Fadolivirus FV1/VV64	Blastx
SRR31829833	NODE_16772_length_260_cov_4.026432	54.3	260	394	0.116751	6.22e-10	acc|GENBANK|BDT63360.1|GENBANK|LC738883|heat shock protein 40-like protein [Armadillidium vulgare clopovirus]	Armadillidium vulgare clopovirus	Blastx
SRR31829833	NODE_5621_length_239_cov_2.262136	40.3	239	727	0.105915	6.90e-10	acc|GENBANK|ADB85269.1|GENBANK|GQ252805|putative lectin-like protein kinase [Phyllostachys edulis]	Phyllostachys edulis	Blastx
SRR31829833	NODE_32518_length_268_cov_0.995745	49.0	268	216	0.236111	7.03e-10	acc|GENBANK|ULY68507.1|GENBANK|OL828820|RING finger domain protein [Chlorella virus XW01]	Chlorella virus XW01	Blastx
SRR31829833	NODE_99_length_755_cov_11.599723	26.9	755	258	0.705426	7.11e-10	acc|GENBANK|AYV85051.1|GENBANK|MK072438|hypothetical protein [Satyrvirus sp.]	Satyrvirus sp.	Blastx
SRR31829833	NODE_14404_length_427_cov_3.177665	36.1	427	727	0.167813	7.21e-10	acc|GENBANK|ADB85269.1|GENBANK|GQ252805|putative lectin-like protein kinase [Phyllostachys edulis]	Phyllostachys edulis	Blastx
SRR31829833	NODE_260_length_219_cov_39.069892	75.0	219	533	0.067542	7.32e-10	acc|GENBANK|WAX26015.1|GENBANK|OP721220|putative major capsid protein L1 [Human papillomavirus]	Human papillomavirus	Blastx
SRR31829833	NODE_613_length_385_cov_56.809659	41.0	385	141	0.432624	7.32e-10	acc|GENBANK|AIB52170.1|GENBANK|KJ614390|translation initiation factor SUI1 [Faustovirus]	Faustovirus	Blastx
SRR31829833	NODE_10642_length_412_cov_9.749340	40.0	412	397	0.226700	7.36e-10	acc|REFSEQ|YP_009173589.1|REFSEQ|NC_028094|Helicase 45 [Chrysochromulina ericina virus]	Chrysochromulina ericina virus	Blastx
SRR31829833	NODE_14959_length_552_cov_5.886320	34.0	552	1178	0.129881	7.44e-10	acc|GENBANK|ULY68543.1|GENBANK|OL828820|putative DNA topoisomerase IIA [Chlorella virus XW01]	Chlorella virus XW01	Blastx
SRR31829833	NODE_22232_length_997_cov_8.853734	26.3	997	261	0.946360	7.66e-10	acc|GENBANK|AYV79236.1|GENBANK|MK072137|serine/threonine protein phosphatase [Faunusvirus sp.]	Faunusvirus sp.	Blastx
SRR31829833	NODE_2081_length_827_cov_178.104534	63.0	827	131	0.412214	7.83e-10	acc|GENBANK|ULK74027.1|GENBANK|OL469143|polyprotein [Paslahepevirus balayani]	Paslahepevirus balayani	Blastx
SRR31829833	NODE_6367_length_643_cov_6.745902	47.3	643	128	0.429688	7.93e-10	acc|GENBANK|QKF94074.1|GENBANK|MT418680|AN1-like zinc finger protein [Fadolivirus FV1/VV64]	Fadolivirus FV1/VV64	Blastx
SRR31829833	NODE_21591_length_710_cov_3.324963	35.1	710	496	0.223790	8.03e-10	acc|GENBANK|XIF71149.1|GENBANK|PQ381123|protein kinase ubiB [Micromonas commoda virus]	Micromonas commoda virus	Blastx
SRR31829833	NODE_998_length_772_cov_178.289581	31.1	772	341	0.472141	8.06e-10	acc|GENBANK|QHN71161.1|GENBANK|MN812837|Peptidase domain protein [Mollivirus kamchatka]	Mollivirus kamchatka	Blastx
SRR31829833	NODE_14903_length_228_cov_2.071795	53.4	228	562	0.103203	8.28e-10	acc|GENBANK|QDY52375.1|GENBANK|MK250091|asparagine synthase [Mimiviridae sp. ChoanoV1]	Mimiviridae sp. ChoanoV1	Blastx
SRR31829833	NODE_18886_length_284_cov_2.657371	63.6	284	134	0.328358	8.30e-10	acc|GENBANK|AIG55156.1|GENBANK|KJ629275|replication enhancer [Dioscorea alata]	Dioscorea alata	Blastx
SRR31829833	NODE_15237_length_389_cov_5.693820	34.1	389	478	0.269874	8.34e-10	acc|GENBANK|AAK84479.1|GENBANK|AF275345|putative auxin growth promotor protein [Solanum lycopersicum]	Solanum lycopersicum	Blastx
SRR31829833	NODE_19055_length_368_cov_10.188060	34.0	368	177	0.581921	8.57e-10	acc|REFSEQ|YP_009430184.1|REFSEQ|NC_021858|Cupin [Pandoravirus dulcis]	Pandoravirus dulcis	Blastx
SRR31829833	NODE_5085_length_422_cov_3.365039	44.7	422	478	0.158996	8.62e-10	acc|GENBANK|AAK84479.1|GENBANK|AF275345|putative auxin growth promotor protein [Solanum lycopersicum]	Solanum lycopersicum	Blastx
SRR31829833	NODE_2185_length_727_cov_6.528818	30.7	727	234	0.641026	8.70e-10	acc|GENBANK|CAZ69677.1|GENBANK|FN429076|putative protease [Emiliania huxleyi virus 99B1]	Emiliania huxleyi virus 99B1	Blastx
SRR31829833	NODE_12882_length_479_cov_3.150224	37.3	479	347	0.317003	9.02e-10	acc|GENBANK|QKF94589.1|GENBANK|MT418680|caspase-like protein [Fadolivirus FV1/VV64]	Fadolivirus FV1/VV64	Blastx
SRR31829833	NODE_26958_length_633_cov_21.836667	26.3	633	188	0.888298	9.19e-10	acc|GENBANK|QBK88294.1|GENBANK|MK500384|pyridoxamine 5'-phosphate oxidase [Marseillevirus LCMAC202]	Marseillevirus LCMAC202	Blastx
SRR31829833	NODE_9143_length_387_cov_2.601695	30.4	387	1333	0.093773	9.29e-10	acc|GENBANK|AAA75254.1|GENBANK|L47193|reverse transcriptase [Arabidopsis thaliana]	Arabidopsis thaliana	Blastx
SRR31829833	NODE_31929_length_259_cov_1.035398	40.3	259	1461	0.049281	9.31e-10	acc|GENBANK|BCU02706.1|GENBANK|LC625835|5' nucleotidase [Pandoravirus japonicus]	Pandoravirus japonicus	Blastx
SRR31829833	NODE_28673_length_208_cov_5.348571	51.0	208	193	0.264249	9.32e-10	acc|GENBANK|UUT40483.1|GENBANK|ON887238|hypothetical protein [carnivorous sponge associated iridovirus]	carnivorous sponge associated iridovirus	Blastx
SRR31829833	NODE_21146_length_887_cov_5.713115	30.5	887	391	0.452685	9.35e-10	acc|GENBANK|AYF58507.1|GENBANK|MH287527|alpha-(1,3)fucosyltransferase [Elephant endotheliotropic herpesvirus 1A]	Elephant endotheliotropic herpesvirus 1A	Blastx
SRR31829833	NODE_368_length_661_cov_20.730892	33.3	661	147	0.857143	9.60e-10	acc|GENBANK|ARF09946.1|GENBANK|KY684090|acetyltransferase GNAT family protein [Indivirus ILV1]	Indivirus ILV1	Blastx
SRR31829833	NODE_3470_length_321_cov_44.635417	64.9	321	219	0.260274	9.78e-10	acc|GENBANK|XHA87591.1|GENBANK|PQ054798|hypothetical protein [Qianjiang picobirna-like virus 2]	Qianjiang picobirna-like virus 2	Blastx
SRR31829833	NODE_18697_length_576_cov_2.480663	39.0	576	439	0.227790	9.92e-10	acc|GENBANK|AYV76294.1|GENBANK|MK071983|hypothetical protein [Terrestrivirus sp.]	Terrestrivirus sp.	Blastx
SRR31829833	NODE_11905_length_753_cov_14.229167	29.3	753	234	0.700855	1.00e-09	acc|REFSEQ|YP_294107.1|REFSEQ|NC_007346|putative protease [Emiliania huxleyi virus 86]	Emiliania huxleyi virus 86	Blastx
SRR31829833	NODE_9389_length_250_cov_2.138249	44.3	250	383	0.206266	1.03e-09	acc|GENBANK|AJA91762.1|GENBANK|KM434202|dihydroflavonol 4-reductase [Allium cepa]	Allium cepa	Blastx
SRR31829833	NODE_23291_length_971_cov_13.395522	26.2	971	429	0.470862	1.09e-09	acc|GENBANK|AYV85229.1|GENBANK|MK072443|putative protein unc-93-like protein [Satyrvirus sp.]	Satyrvirus sp.	Blastx
SRR31829833	NODE_16362_length_202_cov_1.674556	50.9	202	1158	0.047496	1.09e-09	acc|GENBANK|ADK47522.1|GENBANK|HM124452|NBS2-RDG2A [Hordeum vulgare subsp. vulgare]	Hordeum vulgare subsp. vulgare	Blastx
SRR31829833	NODE_8860_length_1757_cov_13.948956	30.9	1757	1384	0.138006	1.15e-09	acc|GENBANK|ADB85299.1|GENBANK|GQ252825|putative retrotransposon protein [Phyllostachys edulis]	Phyllostachys edulis	Blastx
SRR31829833	NODE_29185_length_216_cov_1.278689	52.5	216	347	0.170029	1.20e-09	acc|GENBANK|AGE53603.1|GENBANK|JX997168|GDP-L-fucose synthase 2 [Acanthocystis turfacea Chlorella virus GM0701.1]	Acanthocystis turfacea Chlorella virus GM0701.1	Blastx
SRR31829833	NODE_14757_length_578_cov_6.755963	37.8	578	1125	0.087111	1.23e-09	acc|GENBANK|AYV86640.1|GENBANK|MK072511|sensory box sensor histidine kinase/response [Sylvanvirus sp.]	Sylvanvirus sp.	Blastx
SRR31829833	NODE_33290_length_307_cov_1.894161	52.2	307	308	0.149351	1.23e-09	acc|GENBANK|AFV13468.1|GENBANK|JQ314449|ring-H2 zinc finger protein [Coix lacryma-jobi]	Coix lacryma-jobi	Blastx
SRR31829833	NODE_11288_length_794_cov_39.183968	31.1	794	116	1.051724	1.28e-09	acc|GENBANK|ARF08829.1|GENBANK|KY684083|ubiquitin-conjugating enzyme E2 [Catovirus CTV1]	Catovirus CTV1	Blastx
SRR31829833	NODE_12349_length_405_cov_1.569892	50.0	405	297	0.242424	1.29e-09	acc|GENBANK|AAU93532.1|GENBANK|AY691949|unknown protein [Zea mays]	Zea mays	Blastx
SRR31829833	NODE_29144_length_216_cov_3.049180	49.0	216	239	0.213389	1.30e-09	acc|GENBANK|AYV83988.1|GENBANK|MK072397|RING/U-box superfamily protein [Hyperionvirus sp.]	Hyperionvirus sp.	Blastx
SRR31829833	NODE_20836_length_262_cov_1.419214	41.4	262	1281	0.067916	1.32e-09	acc|GENBANK|AAL17970.1|GENBANK|AY053455|pORF2 [Mus musculus domesticus]	Mus musculus domesticus	Blastx
SRR31829833	NODE_13687_length_315_cov_1.858156	49.2	315	222	0.283784	1.32e-09	acc|GENBANK|QBK92312.1|GENBANK|MK500573|2OG-Fe(II) oxygenase superfamily protein [Pithovirus LCPAC304]	Pithovirus LCPAC304	Blastx
SRR31829833	NODE_5645_length_550_cov_3.508704	38.8	550	382	0.222513	1.35e-09	acc|GENBANK|AAB31930.2|GENBANK|S74099|v-myb product [Avian myeloblastosis virus]	Avian myeloblastosis virus	Blastx
SRR31829833	NODE_8147_length_1258_cov_17.391020	27.6	1258	982	0.309572	1.36e-09	acc|GENBANK|APU88859.1|GENBANK|KX853510|DNA polymerase I-like protein [Virus Rctr197k]	Virus Rctr197k	Blastx
SRR31829833	NODE_3446_length_586_cov_10.207957	27.7	586	239	0.799163	1.38e-09	acc|GENBANK|AYV83988.1|GENBANK|MK072397|RING/U-box superfamily protein [Hyperionvirus sp.]	Hyperionvirus sp.	Blastx
SRR31829833	NODE_28272_length_202_cov_2.769231	40.9	202	447	0.147651	1.45e-09	acc|GENBANK|QDY52122.1|GENBANK|MK250088|lyase [Mimiviridae sp. ChoanoV1]	Mimiviridae sp. ChoanoV1	Blastx
SRR31829833	NODE_3869_length_928_cov_19.369832	33.2	928	543	0.349908	1.48e-09	acc|GENBANK|ADB85407.1|GENBANK|GQ252886|putative protein kinase [Phyllostachys edulis]	Phyllostachys edulis	Blastx
SRR31829833	NODE_16526_length_520_cov_5.000000	30.5	520	268	0.526119	1.54e-09	acc|GENBANK|QBK91399.1|GENBANK|MK500535|mitochondrial carrier-like protein [Pithovirus LCPAC302]	Pithovirus LCPAC302	Blastx
SRR31829833	NODE_2003_length_1151_cov_81.247764	43.2	1151	264	0.280303	1.55e-09	acc|REFSEQ|NP_064803.1|REFSEQ|NC_002520|inhibitor of apoptosis protein [Betaentomopoxvirus amoorei]	Betaentomopoxvirus amoorei	Blastx
SRR31829833	NODE_8140_length_1660_cov_21.054702	48.7	1660	365	0.213699	1.75e-09	acc|GENBANK|BDT62135.1|GENBANK|LC738872|heat shock protein 40-like protein [Litopenaeus vannamei majanivirus Nimav-1_LVa]	Litopenaeus vannamei majanivirus Nimav-1_LVa	Blastx
SRR31829833	NODE_23380_length_1038_cov_15.872637	25.7	1038	575	0.412174	1.76e-09	acc|GENBANK|CAE02704.1|GENBANK|AJ575660|putative sugar transporter [Yarrowia lipolytica]	Yarrowia lipolytica	Blastx
SRR31829833	NODE_20534_length_213_cov_6.855556	47.0	213	993	0.066465	1.76e-09	acc|GENBANK|AYV78735.1|GENBANK|MK072093|ATP-dependent Lon protease [Edafosvirus sp.]	Edafosvirus sp.	Blastx
SRR31829833	NODE_24159_length_1086_cov_6.939221	38.3	1086	263	0.437262	1.82e-09	acc|GENBANK|AYV76306.1|GENBANK|MK071983|hypothetical protein [Terrestrivirus sp.]	Terrestrivirus sp.	Blastx
SRR31829833	NODE_21978_length_796_cov_11.382700	28.4	796	268	0.656716	1.82e-09	acc|GENBANK|QPB44448.1|GENBANK|MW018138|class 3 lipase [Medusavirus stheno T3]	Medusavirus stheno T3	Blastx
SRR31829833	NODE_9764_length_513_cov_3.395833	29.5	513	300	0.486667	1.86e-09	acc|GENBANK|XDO02345.1|GENBANK|PP542043|Acid Phosphatase 5A [Florenciella sp. virus SA2]	Florenciella sp. virus SA2	Blastx
SRR31829833	NODE_25068_length_464_cov_14.078886	29.8	464	330	0.457576	1.90e-09	acc|REFSEQ|YP_010781579.1|REFSEQ|NC_075039|hypothetical protein [Tupanvirus soda lake]	Tupanvirus soda lake	Blastx
SRR31829833	NODE_8267_length_329_cov_35.682432	43.2	329	88	0.840909	1.91e-09	acc|REFSEQ|YP_009186717.1|REFSEQ|NC_028636|ubiquitin [Sucra jujuba nucleopolyhedrovirus]	Sucra jujuba nucleopolyhedrovirus	Blastx
SRR31829833	NODE_1030_length_1229_cov_50.912207	32.9	1229	131	0.648855	1.94e-09	acc|GENBANK|UOG94122.1|NEIGHBOR|OM876856|hypothetical protein [Aureococcus anophagefferens virus]	Aureococcus anophagefferens virus	Blastx
SRR31829833	NODE_25088_length_607_cov_17.529617	38.5	607	925	0.103784	2.08e-09	acc|GENBANK|ABY48139.1|GENBANK|EU306659|NORK [Medicago truncatula]	Medicago truncatula	Blastx
SRR31829833	NODE_12502_length_257_cov_0.973214	49.1	257	394	0.144670	2.10e-09	acc|GENBANK|QKF93683.1|GENBANK|MT418680|ATP-dependent RNA helicase DEAD-box [Fadolivirus FV1/VV64]	Fadolivirus FV1/VV64	Blastx
SRR31829833	NODE_12099_length_392_cov_15.186630	34.4	392	426	0.293427	2.12e-09	acc|GENBANK|QBK87330.1|GENBANK|MK500349|calcineurin-like phosphoesterase [Marseillevirus LCMAC201]	Marseillevirus LCMAC201	Blastx
SRR31829833	NODE_33089_length_278_cov_0.955102	40.2	278	676	0.121302	2.12e-09	acc|GENBANK|AGE53660.1|GENBANK|JX997168|potassium transporter [Acanthocystis turfacea Chlorella virus GM0701.1]	Acanthocystis turfacea Chlorella virus GM0701.1	Blastx
SRR31829833	NODE_18366_length_540_cov_15.339250	66.7	540	355	0.118310	2.17e-09	acc|GENBANK|QBK91660.1|GENBANK|MK500561|translation initiation factor [Pithovirus LCPAC302]	Pithovirus LCPAC302	Blastx
SRR31829833	NODE_1209_length_1344_cov_44.474447	71.4	1344	82	0.426829	2.20e-09	acc|GENBANK|AAC00047.1|GENBANK|S75223|Int-6/LTR fusion protein [Mouse mammary tumor virus]	Mouse mammary tumor virus	Blastx
SRR31829833	NODE_9957_length_361_cov_3.356707	33.0	361	549	0.193078	2.20e-09	acc|GENBANK|WGU26815.1|GENBANK|OQ503488|pentatricopeptide repeat-containing protein [Triticum monococcum]	Triticum monococcum	Blastx
SRR31829833	NODE_26397_length_989_cov_5.010460	31.2	989	278	0.611511	2.23e-09	acc|GENBANK|AYV76390.1|GENBANK|MK071984|mitochondrial carrier [Terrestrivirus sp.]	Terrestrivirus sp.	Blastx
SRR31829833	NODE_32288_length_265_cov_1.952586	35.4	265	356	0.182584	2.24e-09	acc|GENBANK|AUF82658.1|GENBANK|KY322437|histidine decarboxylase [Tetraselmis virus 1]	Tetraselmis virus 1	Blastx
SRR31829833	NODE_20157_length_555_cov_3.473180	42.2	555	218	0.380734	2.25e-09	acc|REFSEQ|YP_009482503.1|REFSEQ|NC_037666|Nucleoside deaminase [Pandoravirus neocaledonia]	Pandoravirus neocaledonia	Blastx
SRR31829833	NODE_8764_length_210_cov_12.525424	57.5	210	477	0.083857	2.25e-09	acc|GENBANK|AYV78014.1|GENBANK|MK072068|elongation factor 1 alpha long form [Edafosvirus sp.]	Edafosvirus sp.	Blastx
SRR31829833	NODE_11626_length_400_cov_8.032698	33.0	400	423	0.229314	2.32e-09	acc|GENBANK|AYV79645.1|GENBANK|MK072163|serine/threonine protein kinase [Faunusvirus sp.]	Faunusvirus sp.	Blastx
SRR31829833	NODE_33514_length_366_cov_2.108108	31.4	366	502	0.241036	2.32e-09	acc|GENBANK|ARF08211.1|GENBANK|KY684083|aromatic amino acid lyase [Catovirus CTV1]	Catovirus CTV1	Blastx
SRR31829833	NODE_32204_length_263_cov_1.017391	36.3	263	549	0.145719	2.37e-09	acc|GENBANK|WGU26815.1|GENBANK|OQ503488|pentatricopeptide repeat-containing protein [Triticum monococcum]	Triticum monococcum	Blastx
SRR31829833	NODE_31608_length_254_cov_2.117647	65.9	254	174	0.235632	2.42e-09	acc|GENBANK|AIL82376.1|GENBANK|KJ854417|polyprotein [Dioscorea bacilliform virus]	Dioscorea bacilliform virus	Blastx
SRR31829833	NODE_3958_length_549_cov_3.941860	49.2	549	1261	0.046788	2.48e-09	acc|GENBANK|ACN78974.1|GENBANK|FJ225394|retrotransposon protein [Glycine max]	Glycine max	Blastx
SRR31829833	NODE_226_length_566_cov_16.570356	75.7	566	604	0.061258	2.50e-09	acc|GENBANK|AAK84484.1|GENBANK|AF275345|TH65-like protein [Solanum lycopersicum]	Solanum lycopersicum	Blastx
SRR31829833	NODE_22739_length_516_cov_3.472050	40.0	516	202	0.371287	2.56e-09	acc|GENBANK|CCQ71376.1|GENBANK|HF586479|hypothetical peptidase PPPDE-like [Cotesia congregata]	Cotesia congregata	Blastx
SRR31829833	NODE_14734_length_298_cov_6.750943	35.2	298	412	0.220874	2.60e-09	acc|GENBANK|AAR26919.1|GENBANK|AY225134|FirrV-1-B44 [Feldmannia irregularis virus a]	Feldmannia irregularis virus a	Blastx
SRR31829833	NODE_20066_length_326_cov_2.296928	36.2	326	289	0.325260	2.61e-09	acc|GENBANK|QBK88329.1|GENBANK|MK500386|ABC transporter [Marseillevirus LCMAC202]	Marseillevirus LCMAC202	Blastx
SRR31829833	NODE_11384_length_375_cov_11.921053	48.4	375	588	0.108844	2.62e-09	acc|GENBANK|QOI90522.1|GENBANK|MT663539|hypothetical protein [Pyramimonas orientalis virus]	Pyramimonas orientalis virus	Blastx
SRR31829833	NODE_25379_length_991_cov_18.448852	26.2	991	343	0.556851	2.73e-09	acc|GENBANK|AYV82043.1|GENBANK|MK072335|lysophospholipid acyltransferase [Homavirus sp.]	Homavirus sp.	Blastx
SRR31829833	NODE_33680_length_631_cov_2.551839	36.5	631	455	0.186813	2.79e-09	acc|GENBANK|QFG73745.1|GENBANK|MN448270|elongation factor Tu GTP binding domain protein [Megaviridae environmental sample]	Megaviridae environmental sample	Blastx
SRR31829833	NODE_4582_length_278_cov_3.081633	59.1	278	286	0.153846	2.80e-09	acc|GENBANK|ARF09529.1|GENBANK|KY684085|cyclophilin type peptidyl-prolyl cis-trans [Indivirus ILV1]	Indivirus ILV1	Blastx
SRR31829833	NODE_15933_length_354_cov_3.588785	46.3	354	592	0.113176	2.84e-09	acc|REFSEQ|YP_002154763.1|REFSEQ|NC_011183|putative hybrid sensor histdine kinase [Feldmannia species virus]	Feldmannia species virus	Blastx
SRR31829833	NODE_1258_length_828_cov_18.216352	30.0	828	268	0.671642	2.88e-09	acc|GENBANK|QBK91399.1|GENBANK|MK500535|mitochondrial carrier-like protein [Pithovirus LCPAC302]	Pithovirus LCPAC302	Blastx
SRR31829833	NODE_2892_length_535_cov_1.848606	47.4	535	114	0.500000	2.91e-09	acc|GENBANK|ABD97561.1|NEIGHBOR|DQ437593|NMDA receptor-like protein [Cowpox virus]	Cowpox virus	Blastx
SRR31829833	NODE_2586_length_277_cov_3.790984	48.4	277	1359	0.047093	2.99e-09	acc|GENBANK|ABD78322.1|GENBANK|DQ381432|polyprotein [Primula vulgaris]	Primula vulgaris	Blastx
SRR31829833	NODE_16558_length_221_cov_1.202128	37.9	221	258	0.255814	3.05e-09	acc|GENBANK|WMV02893.1|GENBANK|OP630990|alpha-tubulin [Diderma spumarioides]	Diderma spumarioides	Blastx
SRR31829833	NODE_26030_length_491_cov_4.818777	41.9	491	117	0.632479	3.09e-09	acc|GENBANK|ARF09663.1|GENBANK|KY684086|thioredoxin [Indivirus ILV1]	Indivirus ILV1	Blastx
SRR31829833	NODE_33697_length_783_cov_24.581333	37.3	783	2224	0.053058	3.22e-09	acc|GENBANK|AYV81995.1|GENBANK|MK072332|putative CAD protein isoform X1 [Homavirus sp.]	Homavirus sp.	Blastx
SRR31829833	NODE_17657_length_1199_cov_7.671527	25.9	1199	299	0.852843	3.28e-09	acc|REFSEQ|YP_009448822.1|REFSEQ|NC_036594|Protein kinase [Orpheovirus IHUMI-LCC2]	Orpheovirus IHUMI-LCC2	Blastx
SRR31829833	NODE_2218_length_792_cov_7.704875	43.2	792	238	0.399160	3.28e-09	acc|GENBANK|AYV77971.1|GENBANK|MK072068|hypothetical protein [Edafosvirus sp.]	Edafosvirus sp.	Blastx
SRR31829833	NODE_33426_length_340_cov_1.143322	35.0	340	925	0.111351	3.39e-09	acc|GENBANK|ABY48139.1|GENBANK|EU306659|NORK [Medicago truncatula]	Medicago truncatula	Blastx
SRR31829833	NODE_24743_length_924_cov_13.735129	27.6	924	1125	0.170667	3.42e-09	acc|GENBANK|AYV86640.1|GENBANK|MK072511|sensory box sensor histidine kinase/response [Sylvanvirus sp.]	Sylvanvirus sp.	Blastx
SRR31829833	NODE_15826_length_395_cov_2.444751	54.9	395	1378	0.037010	3.43e-09	acc|GENBANK|URM61947.1|GENBANK|MT663335|cyclin dependent serinethreonine kinase [Mimivirus sp.]	Mimivirus sp.	Blastx
SRR31829833	NODE_9088_length_953_cov_210.502174	50.8	953	222	0.265766	3.49e-09	acc|GENBANK|QBK88168.1|GENBANK|MK500377|RNA recognition motif protein [Marseillevirus LCMAC202]	Marseillevirus LCMAC202	Blastx
SRR31829833	NODE_28148_length_200_cov_1.401198	64.3	200	392	0.107143	3.50e-09	acc|GENBANK|QBK87012.1|GENBANK|MK500340|peptide chain release factor 1 [Marseillevirus LCMAC103]	Marseillevirus LCMAC103	Blastx
SRR31829833	NODE_32508_length_268_cov_0.995745	34.8	268	767	0.116037	3.56e-09	acc|REFSEQ|NP_077550.1|REFSEQ|NC_002687|EsV-1-65 [Ectocarpus siliculosus virus 1]	Ectocarpus siliculosus virus 1	Blastx
SRR31829833	NODE_21349_length_489_cov_5.311404	29.9	489	4238	0.034686	3.81e-09	acc|GENBANK|QOR60370.1|GENBANK|MK522038|hypothetical protein [Bathycoccus sp. RCC716 virus 2]	Bathycoccus sp. RCC716 virus 2	Blastx
SRR31829833	NODE_17038_length_205_cov_1.156977	49.2	205	411	0.143552	3.83e-09	acc|GENBANK|QFG74726.1|GENBANK|MN448290|glutamate/leucine/phenylalanine/valine [Megaviridae environmental sample]	Megaviridae environmental sample	Blastx
SRR31829833	NODE_12646_length_368_cov_1.958209	47.3	368	361	0.204986	3.88e-09	acc|GENBANK|QBK86970.1|GENBANK|MK500339|glycosyl transferase [Marseillevirus LCMAC103]	Marseillevirus LCMAC103	Blastx
SRR31829833	NODE_17523_length_438_cov_6.355556	32.5	438	925	0.123243	3.92e-09	acc|GENBANK|ABY48139.1|GENBANK|EU306659|NORK [Medicago truncatula]	Medicago truncatula	Blastx
SRR31829833	NODE_21984_length_860_cov_10.379686	31.7	860	289	0.359862	3.94e-09	acc|GENBANK|WRJ69970.1|GENBANK|OR001839|serine/threonine-protein kinase [Oceanusvirus sp.]	Oceanusvirus sp.	Blastx
SRR31829833	NODE_9624_length_358_cov_3.040000	34.5	358	299	0.290970	3.94e-09	acc|GENBANK|UOG94093.1|NEIGHBOR|OM876856|serine threonine-protein phosphatase [Aureococcus anophagefferens virus]	Aureococcus anophagefferens virus	Blastx
SRR31829833	NODE_1210_length_1773_cov_15.693678	31.0	1773	309	0.637540	3.98e-09	acc|GENBANK|AYV80835.1|GENBANK|MK072249|SDR family NAD(P)-dependent oxidoreductase [Harvfovirus sp.]	Harvfovirus sp.	Blastx
SRR31829833	NODE_8300_length_916_cov_6.498301	34.1	916	278	0.453237	4.42e-09	acc|GENBANK|AYV76281.1|GENBANK|MK071983|E3 ubiquitin-protein ligase Siah2 [Terrestrivirus sp.]	Terrestrivirus sp.	Blastx
SRR31829833	NODE_636_length_319_cov_11.283217	79.4	319	242	0.140496	4.55e-09	acc|GENBANK|AGU70135.1|GENBANK|KF270089|integrase-type DNA-binding superfamily protein [Tarenaya hassleriana]	Tarenaya hassleriana	Blastx
SRR31829833	NODE_29529_length_426_cov_22.862595	42.6	426	267	0.352060	4.65e-09	acc|GENBANK|WGU26820.1|GENBANK|OQ503488|cytosolic iron-sulfur (Fe-S) protein [Triticum monococcum]	Triticum monococcum	Blastx
SRR31829833	NODE_5646_length_752_cov_2.681502	35.8	752	1946	0.061665	4.70e-09	acc|GENBANK|ADB85424.1|GENBANK|GQ252887|putative retrotransposon protein [Phyllostachys edulis]	Phyllostachys edulis	Blastx
SRR31829833	NODE_6018_length_905_cov_60.785550	54.0	905	689	0.072569	4.84e-09	acc|GENBANK|QGR54165.1|GENBANK|MK978772|phosphatidylinositol kinase [Moumouvirus maliensis]	Moumouvirus maliensis	Blastx
SRR31829833	NODE_22273_length_499_cov_4.592275	51.1	499	239	0.196653	4.90e-09	acc|GENBANK|AYV83988.1|GENBANK|MK072397|RING/U-box superfamily protein [Hyperionvirus sp.]	Hyperionvirus sp.	Blastx
SRR31829833	NODE_12253_length_270_cov_1.388186	51.1	270	239	0.188285	4.91e-09	acc|GENBANK|AYV83988.1|GENBANK|MK072397|RING/U-box superfamily protein [Hyperionvirus sp.]	Hyperionvirus sp.	Blastx
SRR31829833	NODE_15832_length_222_cov_3.328042	56.3	222	276	0.231884	4.94e-09	acc|GENBANK|WRK65422.1|GENBANK|OR157982|histone H2B-H2A fusion protein [Marseillevirus futianmevirus]	Marseillevirus futianmevirus	Blastx
SRR31829833	NODE_6103_length_475_cov_5.067873	55.6	475	480	0.093750	5.00e-09	acc|GENBANK|QPI16798.1|GENBANK|MW030606|BT1 family protein [Virus NIOZ-UU159]	Virus NIOZ-UU159	Blastx
SRR31829833	NODE_15508_length_730_cov_3.371593	30.5	730	200	0.705000	5.10e-09	acc|GENBANK|AYV78027.1|GENBANK|MK072069|dolichyldiphosphatase [Edafosvirus sp.]	Edafosvirus sp.	Blastx
SRR31829833	NODE_16794_length_292_cov_2.382239	55.2	292	219	0.305936	5.11e-09	acc|GENBANK|XHA87591.1|GENBANK|PQ054798|hypothetical protein [Qianjiang picobirna-like virus 2]	Qianjiang picobirna-like virus 2	Blastx
SRR31829833	NODE_438_length_1113_cov_107.806481	75.0	1113	36	1.000000	5.21e-09	acc|GENBANK|AUN43545.1|GENBANK|MG645696|RPSA [Myzomela eques]	Myzomela eques	Blastx
SRR31829833	NODE_7409_length_677_cov_5.431677	52.9	677	222	0.229730	5.23e-09	acc|GENBANK|AYV75457.1|GENBANK|MK071979|transmembrane protein [Terrestrivirus sp.]	Terrestrivirus sp.	Blastx
SRR31829833	NODE_4171_length_256_cov_7.089686	38.2	256	397	0.171285	5.39e-09	acc|REFSEQ|YP_009173589.1|REFSEQ|NC_028094|Helicase 45 [Chrysochromulina ericina virus]	Chrysochromulina ericina virus	Blastx
SRR31829833	NODE_19539_length_423_cov_1.282051	52.4	423	647	0.097372	5.99e-09	acc|GENBANK|AYV86775.1|GENBANK|MK072515|CMGC/MAPK protein kinase, variant 1 [Sylvanvirus sp.]	Sylvanvirus sp.	Blastx
SRR31829833	NODE_32152_length_263_cov_1.017391	36.1	263	522	0.159004	6.01e-09	acc|GENBANK|QPI16279.1|GENBANK|MW030549|hypothetical protein [Virus NIOZ-UU157]	Virus NIOZ-UU157	Blastx
SRR31829833	NODE_6632_length_749_cov_16.540503	42.9	749	168	0.375000	6.13e-09	acc|GENBANK|AYV79707.1|GENBANK|MK072171|RING finger domain protein [Faunusvirus sp.]	Faunusvirus sp.	Blastx
SRR31829833	NODE_30470_length_237_cov_1.147059	37.7	237	910	0.075824	6.20e-09	acc|GENBANK|BAF00918.1|GENBANK|AK229033|putative reverse transcriptase [Arabidopsis thaliana]	Arabidopsis thaliana	Blastx
SRR31829833	NODE_5472_length_321_cov_2.645833	41.2	321	395	0.245570	6.33e-09	acc|GENBANK|AYV79137.1|GENBANK|MK072134|serine/threonine protein kinase [Faunusvirus sp.]	Faunusvirus sp.	Blastx
SRR31829833	NODE_25921_length_425_cov_7.969388	41.7	425	335	0.286567	6.46e-09	acc|GENBANK|ABY48132.1|GENBANK|EU306659|GH1 protein [Medicago truncatula]	Medicago truncatula	Blastx
SRR31829833	NODE_5255_length_704_cov_32.385991	47.2	704	78	0.923077	6.49e-09	acc|GENBANK|BDT62876.1|GENBANK|LC738879|ubiquitin [Trachysalambria curvirostris majanivirus]	Trachysalambria curvirostris majanivirus	Blastx
SRR31829833	NODE_10114_length_330_cov_3.198653	48.3	330	360	0.161111	6.71e-09	acc|GENBANK|QPI16529.1|GENBANK|MW030574|chaperone protein [Virus NIOZ-UU159]	Virus NIOZ-UU159	Blastx
SRR31829833	NODE_7494_length_798_cov_5.151634	30.9	798	636	0.259434	6.76e-09	acc|GENBANK|QDY52052.1|GENBANK|MK250087|SAICAR synthetase [Mimiviridae sp. ChoanoV1]	Mimiviridae sp. ChoanoV1	Blastx
SRR31829833	NODE_13418_length_271_cov_4.336134	41.8	271	695	0.130935	6.86e-09	acc|GENBANK|XDO02062.1|GENBANK|PP542043|Type I Glyceraldehyde-3-Phosphate Dehydrogenase [Florenciella sp. virus SA2]	Florenciella sp. virus SA2	Blastx
SRR31829833	NODE_29538_length_222_cov_1.238095	42.3	222	676	0.105030	6.86e-09	acc|GENBANK|AGE53660.1|GENBANK|JX997168|potassium transporter [Acanthocystis turfacea Chlorella virus GM0701.1]	Acanthocystis turfacea Chlorella virus GM0701.1	Blastx
SRR31829833	NODE_6007_length_607_cov_69.843206	61.1	607	131	0.412214	6.95e-09	acc|GENBANK|ULK74027.1|GENBANK|OL469143|polyprotein [Paslahepevirus balayani]	Paslahepevirus balayani	Blastx
SRR31829833	NODE_10479_length_204_cov_3.192982	48.4	204	644	0.099379	7.33e-09	acc|GENBANK|AGE59884.1|GENBANK|JX997186|potassium transporter [Acanthocystis turfacea Chlorella virus TN603.4.2]	Acanthocystis turfacea Chlorella virus TN603.4.2	Blastx
SRR31829833	NODE_1967_length_561_cov_1.740530	35.5	561	4062	0.026342	7.34e-09	acc|GENBANK|QOR60750.1|GENBANK|MK522039|hypothetical protein [Bathycoccus sp. RCC716 virus 3]	Bathycoccus sp. RCC716 virus 3	Blastx
SRR31829833	NODE_22428_length_685_cov_3.898773	25.6	685	459	0.263617	7.37e-09	acc|GENBANK|AGE53154.1|GENBANK|JX997167|ATP-dependent helicase [Paramecium bursaria Chlorella virus Fr5L]	Paramecium bursaria Chlorella virus Fr5L	Blastx
SRR31829833	NODE_7198_length_586_cov_39.620253	44.6	586	631	0.103011	7.47e-09	acc|REFSEQ|YP_010781061.1|REFSEQ|NC_075038|putative acyl-CoA oxidase [Tupanvirus deep ocean]	Tupanvirus deep ocean	Blastx
SRR31829833	NODE_17170_length_1620_cov_13.103970	32.4	1620	250	0.420000	7.75e-09	acc|GENBANK|AAG13370.1|GENBANK|AF268177|polyprotein [Bovine viral diarrhea virus 2]	Bovine viral diarrhea virus 2	Blastx
SRR31829833	NODE_17003_length_553_cov_3.321154	37.7	553	691	0.164978	7.91e-09	acc|GENBANK|UPW42252.1|GENBANK|ON001649|putative RNA dependent RNA polymerase [Xisha Islands farmland mitovirus 5]	Xisha Islands farmland mitovirus 5	Blastx
SRR31829833	NODE_643_length_337_cov_36.088816	39.5	337	249	0.325301	8.19e-09	acc|GENBANK|ACD54816.1|GENBANK|EU643495|carbonyl reductase-like protein [Adineta vaga]	Adineta vaga	Blastx
SRR31829833	NODE_17809_length_346_cov_2.504792	38.5	346	388	0.201031	8.22e-09	acc|GENBANK|CCQ71327.1|GENBANK|HF586476|hypothetical protein kinase Pka-C1 [Cotesia congregata]	Cotesia congregata	Blastx
SRR31829833	NODE_22199_length_479_cov_11.672646	34.9	479	107	0.803738	8.67e-09	acc|GENBANK|ARF08309.1|GENBANK|KY684083|acyl-CoA binding protein [Catovirus CTV1]	Catovirus CTV1	Blastx
SRR31829833	NODE_4969_length_274_cov_13.049793	49.1	274	138	0.398551	8.97e-09	acc|GENBANK|AMP43978.1|GENBANK|KU556803|hypothetical protein [Faustovirus]	Faustovirus	Blastx
SRR31829833	NODE_1944_length_524_cov_32.670061	47.6	524	219	0.374429	9.03e-09	acc|GENBANK|ACB45087.1|GENBANK|EU365381|CRT binding factor 1 [Solanum habrochaites]	Solanum habrochaites	Blastx
SRR31829833	NODE_5800_length_360_cov_3.379205	39.7	360	353	0.164306	9.17e-09	acc|GENBANK|WGU26821.1|GENBANK|OQ503488|S-acyltransferase 11-like protein [Triticum monococcum]	Triticum monococcum	Blastx
SRR31829833	NODE_382_length_640_cov_77.935750	32.8	640	120	1.066667	9.25e-09	acc|GENBANK|WZO77242.1|GENBANK|PP681867|fibernectin-binding protein [Chlorovirus sp.]	Chlorovirus sp.	Blastx
SRR31829833	NODE_25684_length_309_cov_11.413043	38.0	309	261	0.352490	9.26e-09	acc|GENBANK|AYV79236.1|GENBANK|MK072137|serine/threonine protein phosphatase [Faunusvirus sp.]	Faunusvirus sp.	Blastx
SRR31829833	NODE_10809_length_322_cov_1.034602	38.9	322	167	0.538922	9.40e-09	acc|GENBANK|XCJ77239.1|GENBANK|PP728251|SNF2-like domain protein [Micromonas polaris virus]	Micromonas polaris virus	Blastx
SRR31829833	NODE_6471_length_1841_cov_8.840155	39.3	1841	815	0.109202	9.41e-09	acc|REFSEQ|YP_010781262.1|REFSEQ|NC_075038|mimivirus elongation factor aef-2 [Tupanvirus deep ocean]	Tupanvirus deep ocean	Blastx
SRR31829833	NODE_28413_length_204_cov_1.368421	44.1	204	227	0.259912	9.99e-09	acc|GENBANK|ABC50100.1|GENBANK|DQ316316|gag-pol polyprotein [Bambusa multiplex]	Bambusa multiplex	Blastx
SRR31829833	NODE_3590_length_208_cov_2.102857	48.5	208	559	0.118068	1.04e-08	acc|GENBANK|QBK91750.1|GENBANK|MK500565|putative serine/threonine protein kinase [Pithovirus LCPAC304]	Pithovirus LCPAC304	Blastx
SRR31829833	NODE_18349_length_1253_cov_12.154098	24.5	1253	287	1.094077	1.05e-08	acc|GENBANK|AYV80395.1|GENBANK|MK072243|putative ubiquitin carboxyl-terminal hydrolase [Harvfovirus sp.]	Harvfovirus sp.	Blastx
SRR31829833	NODE_31844_length_258_cov_4.160000	62.5	258	471	0.084926	1.07e-08	acc|REFSEQ|YP_009553220.1|REFSEQ|NC_040712|ORF4 [Dioscorea nummularia-associated virus]	Dioscorea nummularia-associated virus	Blastx
SRR31829833	NODE_19667_length_389_cov_7.117978	40.9	389	77	0.857143	1.07e-08	acc|GENBANK|UZE89784.1|GENBANK|ON704650|V-UBI [Parapoynx stagnalis nucleopolyhedrovirus]	Parapoynx stagnalis nucleopolyhedrovirus	Blastx
SRR31829833	NODE_6703_length_914_cov_13.712826	36.9	914	543	0.399632	1.08e-08	acc|GENBANK|ADB85407.1|GENBANK|GQ252886|putative protein kinase [Phyllostachys edulis]	Phyllostachys edulis	Blastx
SRR31829833	NODE_29102_length_215_cov_1.928571	44.4	215	373	0.168901	1.08e-08	acc|GENBANK|AYV86662.1|GENBANK|MK072512|phosphatase 2C [Sylvanvirus sp.]	Sylvanvirus sp.	Blastx
SRR31829833	NODE_11631_length_476_cov_12.683973	88.6	476	1769	0.019785	1.09e-08	acc|GENBANK|QHI01830.1|GENBANK|MN646693|ORF1 protein [Hepatitis E virus]	Hepatitis E virus	Blastx
SRR31829833	NODE_19706_length_340_cov_2.576547	39.3	340	449	0.187082	1.09e-08	acc|GENBANK|AGE57571.1|GENBANK|JX997180|hypothetical protein [Acanthocystis turfacea Chlorella virus NTS-1]	Acanthocystis turfacea Chlorella virus NTS-1	Blastx
SRR31829833	NODE_33296_length_308_cov_3.403636	39.8	308	953	0.108080	1.09e-08	acc|GENBANK|ACB28472.1|GENBANK|EU522675|polyprotein [Ananas comosus]	Ananas comosus	Blastx
SRR31829833	NODE_28741_length_210_cov_1.322034	40.3	210	682	0.098240	1.09e-08	acc|GENBANK|QOI90314.1|GENBANK|MT663535|hypothetical protein [Pyramimonas orientalis virus]	Pyramimonas orientalis virus	Blastx
SRR31829833	NODE_7025_length_654_cov_32.943639	29.5	654	278	0.438849	1.13e-08	acc|GENBANK|AYV76390.1|GENBANK|MK071984|mitochondrial carrier [Terrestrivirus sp.]	Terrestrivirus sp.	Blastx
SRR31829833	NODE_3417_length_654_cov_4.776167	29.0	654	4491	0.029169	1.14e-08	acc|GENBANK|UYL94274.1|GENBANK|ON955055|putative polyprotein [Hallsjon virus]	Hallsjon virus	Blastx
SRR31829833	NODE_32111_length_262_cov_1.021834	40.5	262	644	0.130435	1.14e-08	acc|GENBANK|AGE55774.1|GENBANK|JX997174|potassium transporter [Acanthocystis turfacea Chlorella virus MN0810.1]	Acanthocystis turfacea Chlorella virus MN0810.1	Blastx
SRR31829833	NODE_25613_length_724_cov_25.454414	33.0	724	111	0.927928	1.15e-08	acc|REFSEQ|YP_009448553.1|REFSEQ|NC_036594|Thioredoxin [Orpheovirus IHUMI-LCC2]	Orpheovirus IHUMI-LCC2	Blastx
SRR31829833	NODE_16222_length_214_cov_1.618785	44.1	214	1472	0.040082	1.16e-08	acc|GENBANK|AAL68641.1|GENBANK|AF458765|polyprotein [Oryza sativa Japonica Group]	Oryza sativa Japonica Group	Blastx
SRR31829833	NODE_1634_length_673_cov_3.557812	29.1	673	1080	0.152778	1.17e-08	acc|GENBANK|AAP74647.1|GENBANK|AH012974|Lr21 [Aegilops tauschii]	Aegilops tauschii	Blastx
SRR31829833	NODE_955_length_1435_cov_90.342368	30.6	1435	691	0.250362	1.18e-08	acc|GENBANK|QPB44212.1|GENBANK|MW018138|DEDDy 3'-5' exonuclease [Medusavirus stheno T3]	Medusavirus stheno T3	Blastx
SRR31829833	NODE_25768_length_510_cov_19.291405	37.1	510	397	0.244332	1.18e-08	acc|REFSEQ|YP_009173589.1|REFSEQ|NC_028094|Helicase 45 [Chrysochromulina ericina virus]	Chrysochromulina ericina virus	Blastx
SRR31829833	NODE_22634_length_607_cov_16.439024	30.9	607	158	0.512658	1.20e-08	acc|GENBANK|AYV75779.1|GENBANK|MK071981|putative thioredoxin domain-containing protein [Terrestrivirus sp.]	Terrestrivirus sp.	Blastx
SRR31829833	NODE_16826_length_342_cov_2.407767	33.9	342	908	0.129956	1.22e-08	acc|GENBANK|AYV81977.1|GENBANK|MK072332|leucyl-tRNA synthetase [Homavirus sp.]	Homavirus sp.	Blastx
SRR31829833	NODE_32385_length_266_cov_1.004292	39.5	266	1186	0.072513	1.22e-08	acc|GENBANK|ARF10911.1|GENBANK|KY684105|putative sensor histidine kinase [Hokovirus HKV1]	Hokovirus HKV1	Blastx
SRR31829833	NODE_6202_length_210_cov_61.898305	35.8	210	182	0.368132	1.23e-08	acc|REFSEQ|YP_009163818.1|REFSEQ|NC_027778|ORF_057R [Scale drop disease virus]	Scale drop disease virus	Blastx
SRR31829833	NODE_2303_length_489_cov_11.855263	88.6	489	1769	0.019785	1.26e-08	acc|GENBANK|QHI01830.1|GENBANK|MN646693|ORF1 protein [Hepatitis E virus]	Hepatitis E virus	Blastx
SRR31829833	NODE_15299_length_593_cov_5.907143	29.5	593	466	0.276824	1.31e-08	acc|GENBANK|ARF10066.1|GENBANK|KY684095|hypothetical protein [Indivirus ILV1]	Indivirus ILV1	Blastx
SRR31829833	NODE_10393_length_272_cov_1.711297	37.7	272	289	0.266436	1.32e-08	acc|GENBANK|QBK88329.1|GENBANK|MK500386|ABC transporter [Marseillevirus LCMAC202]	Marseillevirus LCMAC202	Blastx
SRR31829833	NODE_29809_length_226_cov_1.170984	60.7	226	543	0.103131	1.32e-08	acc|GENBANK|ADB85407.1|GENBANK|GQ252886|putative protein kinase [Phyllostachys edulis]	Phyllostachys edulis	Blastx
SRR31829833	NODE_19831_length_249_cov_3.050926	37.3	249	700	0.095714	1.34e-08	acc|GENBANK|ABY48141.1|GENBANK|EU306659|oligopeptidase A [Medicago truncatula]	Medicago truncatula	Blastx
SRR31829833	NODE_26921_length_555_cov_18.950192	39.2	555	87	0.850575	1.34e-08	acc|GENBANK|QJX70809.1|GENBANK|MN534311|hypothetical protein [Faustovirus]	Faustovirus	Blastx
SRR31829833	NODE_2378_length_802_cov_7.176853	26.9	802	249	1.000000	1.35e-08	acc|GENBANK|ACD54816.1|GENBANK|EU643495|carbonyl reductase-like protein [Adineta vaga]	Adineta vaga	Blastx
SRR31829833	NODE_10976_length_1038_cov_7.884577	21.7	1038	598	0.546823	1.36e-08	acc|GENBANK|ARF11188.1|GENBANK|KY684108|prolyl oligopeptidase PreP [Klosneuvirus KNV1]	Klosneuvirus KNV1	Blastx
SRR31829833	NODE_17939_length_582_cov_4.213115	28.4	582	767	0.151239	1.40e-08	acc|GENBANK|QBK88429.1|GENBANK|MK500389|S9 family peptidase [Mimivirus LCMiAC01]	Mimivirus LCMiAC01	Blastx
SRR31829833	NODE_15574_length_290_cov_4.638132	46.2	290	346	0.150289	1.42e-08	acc|GENBANK|QKF94584.1|GENBANK|MT418680|villin/gelsolin repeat protein [Fadolivirus FV1/VV64]	Fadolivirus FV1/VV64	Blastx
SRR31829833	NODE_2885_length_510_cov_3.507338	34.8	510	925	0.096216	1.44e-08	acc|GENBANK|ABY48139.1|GENBANK|EU306659|NORK [Medicago truncatula]	Medicago truncatula	Blastx
SRR31829833	NODE_10745_length_362_cov_1.571429	50.0	362	678	0.073746	1.45e-08	acc|GENBANK|CCQ71325.1|GENBANK|HF586476|hypothetical kinesin-like protein KIF3 [Cotesia congregata]	Cotesia congregata	Blastx
SRR31829833	NODE_24510_length_421_cov_4.664948	40.0	421	196	0.382653	1.45e-08	acc|GENBANK|QKF93917.1|GENBANK|MT418680|adenylate kinase/UMP-CMP kinase [Fadolivirus FV1/VV64]	Fadolivirus FV1/VV64	Blastx
SRR31829833	NODE_6825_length_377_cov_6.723837	40.5	377	276	0.268116	1.50e-08	acc|GENBANK|ABV29330.1|GENBANK|EU126948|truncated bromodomain-containing protein 2b [Danio rerio]	Danio rerio	Blastx
SRR31829833	NODE_12539_length_295_cov_2.175573	59.6	295	337	0.139466	1.50e-08	acc|GENBANK|ABH08433.1|GENBANK|DQ851167|putative heat shock factor [Beta vulgaris]	Beta vulgaris	Blastx
SRR31829833	NODE_30348_length_235_cov_1.158416	39.2	235	1593	0.046453	1.54e-08	acc|REFSEQ|YP_010781597.1|REFSEQ|NC_075039|non-ribosomal peptide synthetase [Tupanvirus soda lake]	Tupanvirus soda lake	Blastx
SRR31829833	NODE_11242_length_403_cov_2.532432	30.7	403	467	0.271949	1.58e-08	acc|GENBANK|API81738.1|NEIGHBOR|KU052222|hypothetical protein [Cafeteriavirus-dependent mavirus]	Cafeteriavirus-dependent mavirus	Blastx
SRR31829833	NODE_22714_length_626_cov_10.841484	49.2	626	77	0.792208	1.60e-08	acc|GENBANK|WRJ69532.1|GENBANK|OR001839|SANT superfamily protein [Oceanusvirus sp.]	Oceanusvirus sp.	Blastx
SRR31829833	NODE_18251_length_489_cov_8.550439	28.0	489	278	0.474820	1.67e-08	acc|GENBANK|AYV86480.1|GENBANK|MK072507|YchF/TatD family DNA exonuclease [Sylvanvirus sp.]	Sylvanvirus sp.	Blastx
SRR31829833	NODE_83_length_556_cov_3.437859	26.3	556	393	0.396947	1.69e-08	acc|GENBANK|CAA60725.1|GENBANK|X87297|J1585 [Saccharomyces cerevisiae]	Saccharomyces cerevisiae	Blastx
SRR31829833	NODE_12065_length_543_cov_9.149020	36.1	543	183	0.726776	1.69e-08	acc|REFSEQ|YP_009174441.1|REFSEQ|NC_028108|hypothetical protein [Yellowstone lake phycodnavirus 3]	Yellowstone lake phycodnavirus 3	Blastx
SRR31829833	NODE_20229_length_272_cov_3.276151	41.4	272	450	0.155556	1.69e-08	acc|GENBANK|QBK87874.1|GENBANK|MK500370|phosphoribosyl transferase [Marseillevirus LCMAC202]	Marseillevirus LCMAC202	Blastx
SRR31829833	NODE_28223_length_201_cov_1.392857	48.1	201	258	0.201550	1.71e-08	acc|GENBANK|WMV02893.1|GENBANK|OP630990|alpha-tubulin [Diderma spumarioides]	Diderma spumarioides	Blastx
SRR31829833	NODE_24880_length_687_cov_16.139144	25.6	687	420	0.530952	1.76e-08	acc|GENBANK|WAK75645.1|NEIGHBOR|ON812163|hypothetical protein [Kaisodi virus]	Kaisodi virus	Blastx
SRR31829833	NODE_18364_length_1066_cov_12.651500	47.7	1066	77	0.844156	1.76e-08	acc|GENBANK|WRJ69532.1|GENBANK|OR001839|SANT superfamily protein [Oceanusvirus sp.]	Oceanusvirus sp.	Blastx
SRR31829833	NODE_8935_length_632_cov_4.342237	89.3	632	139	0.201439	1.85e-08	acc|GENBANK|BAV21765.1|GENBANK|LC167300|2b protein [Cucumber mosaic virus]	Cucumber mosaic virus	Blastx
SRR31829833	NODE_12627_length_352_cov_1.115987	42.9	352	250	0.280000	1.86e-08	acc|GENBANK|QKF94408.1|GENBANK|MT418680|3-deoxy-D-manno-octulosonate [Fadolivirus FV1/VV64]	Fadolivirus FV1/VV64	Blastx
SRR31829833	NODE_25547_length_286_cov_42.660079	41.3	286	261	0.287356	1.86e-08	acc|GENBANK|AYV79236.1|GENBANK|MK072137|serine/threonine protein phosphatase [Faunusvirus sp.]	Faunusvirus sp.	Blastx
SRR31829833	NODE_15207_length_226_cov_1.642487	44.6	226	1895	0.029551	1.87e-08	acc|GENBANK|QBK86424.1|GENBANK|MK500334|DNA-directed RNA polymerase subunit alpha [Marseillevirus LCMAC102]	Marseillevirus LCMAC102	Blastx
SRR31829833	NODE_1593_length_1467_cov_69.239191	45.9	1467	77	0.961039	1.89e-08	acc|GENBANK|CAK7597097.1|GENBANK|OZ003748|Ubiquitin-like superfamily domain-containing [Catovirus sp. 'naegleriensis']	Catovirus sp. 'naegleriensis'	Blastx
SRR31829833	NODE_710_length_439_cov_16.699507	42.6	439	183	0.295082	1.96e-08	acc|REFSEQ|YP_010087445.1|REFSEQ|NC_055554|E3-MARCH3-like protein [Vombatid gammaherpesvirus 1]	Vombatid gammaherpesvirus 1	Blastx
SRR31829833	NODE_3821_length_311_cov_8.557554	43.6	311	447	0.174497	1.97e-08	acc|REFSEQ|NP_077596.1|REFSEQ|NC_002687|serine-threonine kinase [Ectocarpus siliculosus virus 1]	Ectocarpus siliculosus virus 1	Blastx
SRR31829833	NODE_5151_length_262_cov_1.524017	36.7	262	383	0.234987	2.01e-08	acc|GENBANK|AJA91762.1|GENBANK|KM434202|dihydroflavonol 4-reductase [Allium cepa]	Allium cepa	Blastx
SRR31829833	NODE_3454_length_1452_cov_16.274137	26.8	1452	299	0.735786	2.06e-08	acc|GENBANK|QBK91775.1|GENBANK|MK500565|mitochondrial carrier-like protein [Pithovirus LCPAC304]	Pithovirus LCPAC304	Blastx
SRR31829833	NODE_713_length_463_cov_9.218605	51.6	463	222	0.288288	2.11e-08	acc|GENBANK|QBK88168.1|GENBANK|MK500377|RNA recognition motif protein [Marseillevirus LCMAC202]	Marseillevirus LCMAC202	Blastx
SRR31829833	NODE_21076_length_329_cov_3.003378	58.5	329	335	0.158209	2.17e-08	acc|GENBANK|ABY48132.1|GENBANK|EU306659|GH1 protein [Medicago truncatula]	Medicago truncatula	Blastx
SRR31829833	NODE_29082_length_215_cov_1.285714	40.0	215	152	0.394737	2.20e-08	acc|GENBANK|WZH59499.1|GENBANK|PP172662|hypothetical protein [Ripabrut virus]	Ripabrut virus	Blastx
SRR31829833	NODE_33625_length_445_cov_2.694175	35.1	445	87	0.850575	2.26e-08	acc|GENBANK|QJX70809.1|GENBANK|MN534311|hypothetical protein [Faustovirus]	Faustovirus	Blastx
SRR31829833	NODE_31480_length_252_cov_1.063927	71.4	252	128	0.328125	2.27e-08	acc|GENBANK|ADB85275.1|GENBANK|GQ252810|putative retrotransposon protein [Phyllostachys edulis]	Phyllostachys edulis	Blastx
SRR31829833	NODE_1693_length_344_cov_5.295820	30.9	344	1071	0.102708	2.29e-08	acc|GENBANK|QBK90064.1|GENBANK|MK500460|glycosyl hydrolase family 81 [Pithovirus LCPAC101]	Pithovirus LCPAC101	Blastx
SRR31829833	NODE_21639_length_441_cov_5.443627	32.5	441	484	0.254132	2.34e-08	acc|GENBANK|AYV77733.1|GENBANK|MK072066|CYP86A7 [Edafosvirus sp.]	Edafosvirus sp.	Blastx
SRR31829833	NODE_25991_length_616_cov_5.361921	32.4	616	348	0.399425	2.36e-08	acc|REFSEQ|YP_009163874.1|REFSEQ|NC_027778|nucleotide-sugar epimerase [Scale drop disease virus]	Scale drop disease virus	Blastx
SRR31829833	NODE_24505_length_227_cov_3.345361	35.7	227	221	0.316742	2.39e-08	acc|GENBANK|AYV86745.1|GENBANK|MK072514|hypothetical protein [Sylvanvirus sp.]	Sylvanvirus sp.	Blastx
SRR31829833	NODE_32516_length_268_cov_2.489362	49.2	268	239	0.255230	2.45e-08	acc|GENBANK|CAK7596667.1|GENBANK|OZ003748|Cyclophilin-like homologous superfamily [Catovirus sp. 'naegleriensis']	Catovirus sp. 'naegleriensis'	Blastx
SRR31829833	NODE_32789_length_273_cov_0.975000	38.2	273	600	0.148333	2.46e-08	acc|GENBANK|QDY52168.1|GENBANK|MK250088|thiamine pyrophosphate enzyme, N-terminal TPP [Mimiviridae sp. ChoanoV1]	Mimiviridae sp. ChoanoV1	Blastx
SRR31829833	NODE_29871_length_227_cov_1.206186	47.8	227	644	0.104037	2.49e-08	acc|GENBANK|AGE49283.1|GENBANK|JX997155|potassium transporter [Acanthocystis turfacea Chlorella virus Br0604L]	Acanthocystis turfacea Chlorella virus Br0604L	Blastx
SRR31829833	NODE_25349_length_438_cov_15.402469	33.7	438	125	0.736000	2.59e-08	acc|GENBANK|AYV76397.1|GENBANK|MK071984|vesicle-associated membrane protein 4 [Terrestrivirus sp.]	Terrestrivirus sp.	Blastx
SRR31829833	NODE_30535_length_238_cov_1.648780	45.8	238	478	0.123431	2.87e-08	acc|GENBANK|QBK86272.1|GENBANK|MK500334|cyclin-dependent protein kinase [Marseillevirus LCMAC102]	Marseillevirus LCMAC102	Blastx
SRR31829833	NODE_4383_length_455_cov_3.386256	31.3	455	870	0.150575	2.88e-08	acc|GENBANK|AGE58933.1|GENBANK|JX997183|calcium-transporting ATPase, plasma [Paramecium bursaria Chlorella virus NYs1]	Paramecium bursaria Chlorella virus NYs1	Blastx
SRR31829833	NODE_19532_length_341_cov_3.818182	68.6	341	623	0.056180	2.89e-08	acc|GENBANK|BAL14837.1|GENBANK|AB682995|endo-1,4-b-D-glucanase [Oryza sativa Japonica Group]	Oryza sativa Japonica Group	Blastx
SRR31829833	NODE_13560_length_213_cov_3.622222	37.1	213	733	0.095498	2.91e-08	acc|GENBANK|URM62330.1|GENBANK|MT663335|isoleucyl tRNA synthetase [Mimivirus sp.]	Mimivirus sp.	Blastx
SRR31829833	NODE_6057_length_271_cov_101.512605	83.3	271	221	0.135747	2.98e-08	acc|GENBANK|AYV75487.1|GENBANK|MK071979|GTP-binding protein YPTC1 [Terrestrivirus sp.]	Terrestrivirus sp.	Blastx
SRR31829833	NODE_11265_length_289_cov_1.625000	43.9	289	876	0.065068	3.03e-08	acc|GENBANK|AYV76365.1|GENBANK|MK071983|DEXDc helicase [Terrestrivirus sp.]	Terrestrivirus sp.	Blastx
SRR31829833	NODE_25020_length_391_cov_22.991620	36.8	391	77	0.883117	3.09e-08	acc|GENBANK|UZE89784.1|GENBANK|ON704650|V-UBI [Parapoynx stagnalis nucleopolyhedrovirus]	Parapoynx stagnalis nucleopolyhedrovirus	Blastx
SRR31829833	NODE_6588_length_590_cov_24.445242	31.4	590	310	0.338710	3.13e-08	acc|GENBANK|QFG73687.1|GENBANK|MN448266|Clp protease [Megaviridae environmental sample]	Megaviridae environmental sample	Blastx
SRR31829833	NODE_21345_length_375_cov_4.318713	39.8	375	718	0.122563	3.20e-08	acc|GENBANK|AYV77173.1|GENBANK|MK072013|HrpA-like RNA helicase [Barrevirus sp.]	Barrevirus sp.	Blastx
SRR31829833	NODE_33582_length_395_cov_3.908840	26.1	395	354	0.389831	3.30e-08	acc|REFSEQ|YP_008003646.1|REFSEQ|NC_021246|protein phosphatase 1B [Mythimna separata entomopoxvirus 'L']	Mythimna separata entomopoxvirus 'L'	Blastx
SRR31829833	NODE_22652_length_302_cov_3.163569	34.4	302	522	0.172414	3.37e-08	acc|GENBANK|QPI16279.1|GENBANK|MW030549|hypothetical protein [Virus NIOZ-UU157]	Virus NIOZ-UU157	Blastx
SRR31829833	NODE_21769_length_438_cov_6.479012	29.4	438	919	0.129489	3.40e-08	acc|GENBANK|AYV75146.1|GENBANK|MK071979|plasma membrane ATPase [Terrestrivirus sp.]	Terrestrivirus sp.	Blastx
SRR31829833	NODE_10536_length_411_cov_4.761905	35.4	411	4238	0.022652	3.77e-08	acc|GENBANK|QOR60370.1|GENBANK|MK522038|hypothetical protein [Bathycoccus sp. RCC716 virus 2]	Bathycoccus sp. RCC716 virus 2	Blastx
SRR31829833	NODE_14770_length_255_cov_4.409910	42.1	255	1158	0.049223	3.77e-08	acc|GENBANK|ADK47522.1|GENBANK|HM124452|NBS2-RDG2A [Hordeum vulgare subsp. vulgare]	Hordeum vulgare subsp. vulgare	Blastx
SRR31829833	NODE_31986_length_260_cov_3.740088	41.8	260	572	0.138112	3.79e-08	acc|REFSEQ|YP_009448872.1|REFSEQ|NC_036594|Bi-functional 3,4-dihydroxy-2-butanone [Orpheovirus IHUMI-LCC2]	Orpheovirus IHUMI-LCC2	Blastx
SRR31829833	NODE_22757_length_655_cov_2.355305	27.2	655	274	0.496350	3.84e-08	acc|GENBANK|QPI16261.1|GENBANK|MW030547|hypothetical protein [Virus NIOZ-UU157]	Virus NIOZ-UU157	Blastx
SRR31829833	NODE_32060_length_261_cov_2.052632	37.2	261	268	0.320896	3.87e-08	acc|GENBANK|QFG74698.1|GENBANK|MN448290|protein phosphatase 2C [Megaviridae environmental sample]	Megaviridae environmental sample	Blastx
SRR31829833	NODE_11387_length_235_cov_1.960396	48.6	235	1102	0.063521	3.90e-08	acc|GENBANK|AYV84919.1|GENBANK|MK072437|copper oxidase [Satyrvirus sp.]	Satyrvirus sp.	Blastx
SRR31829833	NODE_30340_length_235_cov_1.158416	50.0	235	1101	0.050863	3.90e-08	acc|GENBANK|ARF09969.1|GENBANK|KY684090|deoxycytidylate deaminase [Indivirus ILV1]	Indivirus ILV1	Blastx
SRR31829833	NODE_32171_length_263_cov_1.017391	40.3	263	507	0.132150	3.91e-08	acc|GENBANK|AYV76216.1|GENBANK|MK071983|dehydrogenase [Terrestrivirus sp.]	Terrestrivirus sp.	Blastx
SRR31829833	NODE_28140_length_200_cov_2.802395	70.7	200	242	0.169421	3.91e-08	acc|GENBANK|AGU70135.1|GENBANK|KF270089|integrase-type DNA-binding superfamily protein [Tarenaya hassleriana]	Tarenaya hassleriana	Blastx
SRR31829833	NODE_31998_length_260_cov_1.030837	39.4	260	1281	0.055425	3.93e-08	acc|GENBANK|AAL17972.1|GENBANK|AY053456|pORF2 [Mus musculus domesticus]	Mus musculus domesticus	Blastx
SRR31829833	NODE_24092_length_382_cov_7.180516	40.2	382	267	0.363296	3.95e-08	acc|GENBANK|WGU26820.1|GENBANK|OQ503488|cytosolic iron-sulfur (Fe-S) protein [Triticum monococcum]	Triticum monococcum	Blastx
SRR31829833	NODE_26199_length_399_cov_5.912568	29.8	399	524	0.230916	3.96e-08	acc|GENBANK|ADJ57459.1|GENBANK|HM214799|CYP6G1 [Drosophila melanogaster]	Drosophila melanogaster	Blastx
SRR31829833	NODE_24760_length_548_cov_14.081553	41.4	548	425	0.164706	4.11e-08	acc|GENBANK|QBZ81271.1|GENBANK|MK174290|Cystathionine beta-lyase/cystathionine [Pandoravirus celtis]	Pandoravirus celtis	Blastx
SRR31829833	NODE_23506_length_738_cov_12.665248	63.6	738	188	0.234043	4.14e-08	acc|GENBANK|WIE95307.1|GENBANK|OQ439926|hypothetical protein [Microctonus hyperodae filamentous virus]	Microctonus hyperodae filamentous virus	Blastx
SRR31829833	NODE_13698_length_324_cov_1.529210	45.8	324	383	0.154047	4.22e-08	acc|GENBANK|AJA91762.1|GENBANK|KM434202|dihydroflavonol 4-reductase [Allium cepa]	Allium cepa	Blastx
SRR31829833	NODE_20258_length_427_cov_5.791878	36.8	427	225	0.520000	4.23e-08	acc|GENBANK|QBK86710.1|GENBANK|MK500335|cytidylyltransferase family protein [Marseillevirus LCMAC103]	Marseillevirus LCMAC103	Blastx
SRR31829833	NODE_5819_length_341_cov_2.733766	44.4	341	97	0.556701	4.27e-08	acc|GENBANK|AUF82187.1|GENBANK|KY322437|SANT superfamily protein [Tetraselmis virus 1]	Tetraselmis virus 1	Blastx
SRR31829833	NODE_10601_length_245_cov_1.622642	54.0	245	1263	0.039588	4.41e-08	acc|GENBANK|ABG37655.1|GENBANK|DQ536162|integrase [Populus trichocarpa]	Populus trichocarpa	Blastx
SRR31829833	NODE_33048_length_277_cov_0.959016	29.6	277	534	0.183521	4.72e-08	acc|REFSEQ|YP_293871.1|REFSEQ|NC_007346|putative phosphate permease [Emiliania huxleyi virus 86]	Emiliania huxleyi virus 86	Blastx
SRR31829833	NODE_8499_length_1107_cov_10.340782	35.4	1107	230	0.356522	4.75e-08	acc|GENBANK|ARF08295.1|GENBANK|KY684083|RING finger domain protein [Catovirus CTV1]	Catovirus CTV1	Blastx
SRR31829833	NODE_4974_length_602_cov_45.202109	49.0	602	268	0.182836	4.89e-08	acc|REFSEQ|YP_010781747.1|REFSEQ|NC_075039|RING finger domain protein [Tupanvirus soda lake]	Tupanvirus soda lake	Blastx
SRR31829833	NODE_21133_length_737_cov_9.119318	40.3	737	353	0.203966	4.91e-08	acc|GENBANK|WGU26821.1|GENBANK|OQ503488|S-acyltransferase 11-like protein [Triticum monococcum]	Triticum monococcum	Blastx
SRR31829833	NODE_405_length_1178_cov_48.107424	28.5	1178	278	0.794964	5.06e-08	acc|GENBANK|QGR54164.1|GENBANK|MK978772|spfh domain-containing protein [Moumouvirus maliensis]	Moumouvirus maliensis	Blastx
SRR31829833	NODE_29240_length_217_cov_4.445652	47.3	217	339	0.218289	5.24e-08	acc|GENBANK|QDY51638.1|GENBANK|MK250085|ubiquitin carboxyl-terminal hydrolase [Mimiviridae sp. ChoanoV1]	Mimiviridae sp. ChoanoV1	Blastx
SRR31829833	NODE_26402_length_967_cov_6.412206	38.6	967	239	0.347280	5.32e-08	acc|GENBANK|AYV83988.1|GENBANK|MK072397|RING/U-box superfamily protein [Hyperionvirus sp.]	Hyperionvirus sp.	Blastx
SRR31829833	NODE_25675_length_213_cov_15.144444	46.8	213	262	0.236641	5.42e-08	acc|GENBANK|ARF10214.1|GENBANK|KY684103|serine/threonine protein phosphatase [Hokovirus HKV1]	Hokovirus HKV1	Blastx
SRR31829833	NODE_19518_length_1096_cov_8.464722	29.4	1096	679	0.260677	5.45e-08	acc|GENBANK|QIG60138.1|GENBANK|MN940580|ATP-dependent zinc metalloprotease [Dishui Lake large algae virus 1]	Dishui Lake large algae virus 1	Blastx
SRR31829833	NODE_23593_length_1239_cov_14.791045	28.7	1239	278	0.751799	5.59e-08	acc|GENBANK|QKF93541.1|GENBANK|MT418680|ureohydrolase [Fadolivirus FV1/VV64]	Fadolivirus FV1/VV64	Blastx
SRR31829833	NODE_20580_length_540_cov_8.246548	38.2	540	310	0.329032	5.62e-08	acc|GENBANK|ARF08936.1|GENBANK|KY684083|stomatin family protein [Catovirus CTV1]	Catovirus CTV1	Blastx
SRR31829833	NODE_958_length_782_cov_58.618158	26.7	782	219	0.853881	5.66e-08	acc|GENBANK|AYV81269.1|GENBANK|MK072266|RNA recognition motif protein [Harvfovirus sp.]	Harvfovirus sp.	Blastx
SRR31829833	NODE_22704_length_380_cov_11.288184	46.9	380	424	0.150943	5.69e-08	acc|GENBANK|ARF09212.1|GENBANK|KY684084|DnaJ domain protein [Catovirus CTV1]	Catovirus CTV1	Blastx
SRR31829833	NODE_5623_length_474_cov_1.927438	35.4	474	483	0.233954	5.86e-08	acc|GENBANK|AYV80388.1|GENBANK|MK072243|cytochrome P450 704B1 [Harvfovirus sp.]	Harvfovirus sp.	Blastx
SRR31829833	NODE_531_length_954_cov_15.343105	42.4	954	658	0.129179	6.04e-08	acc|GENBANK|BAJ61051.1|GENBANK|AB572585|DNA polymerase [Chlorella virus BW1]	Chlorella virus BW1	Blastx
SRR31829833	NODE_32849_length_274_cov_1.941909	37.7	274	442	0.174208	6.11e-08	acc|GENBANK|QBK90954.1|GENBANK|MK500504|putative serine/threonine protein kinase [Pithovirus LCPAC201]	Pithovirus LCPAC201	Blastx
SRR31829833	NODE_31537_length_253_cov_2.127273	54.7	253	349	0.151862	6.12e-08	acc|GENBANK|AYV84155.1|GENBANK|MK072400|hypothetical protein [Hyperionvirus sp.]	Hyperionvirus sp.	Blastx
SRR31829833	NODE_8784_length_778_cov_22.774497	54.9	778	77	0.662338	6.15e-08	acc|GENBANK|WRJ69532.1|GENBANK|OR001839|SANT superfamily protein [Oceanusvirus sp.]	Oceanusvirus sp.	Blastx
SRR31829833	NODE_28227_length_201_cov_1.392857	37.9	201	498	0.132530	6.23e-08	acc|GENBANK|XHA59766.1|GENBANK|OR863077|thermosome [Poseidoniales virus]	Poseidoniales virus	Blastx
SRR31829833	NODE_28314_length_203_cov_1.370588	41.2	203	1281	0.039813	6.38e-08	acc|GENBANK|AAA67727.1|GENBANK|U15647|reverse transcriptase [Mus musculus domesticus]	Mus musculus domesticus	Blastx
SRR31829833	NODE_7207_length_448_cov_7.219277	49.2	448	169	0.349112	6.44e-08	acc|REFSEQ|YP_010780860.1|REFSEQ|NC_075038|hypothetical protein [Tupanvirus deep ocean]	Tupanvirus deep ocean	Blastx
SRR31829833	NODE_33765_length_727_cov_24.619597	42.6	727	364	0.186813	6.54e-08	acc|REFSEQ|YP_002268053.1|REFSEQ|NC_011345|agip23 [Agrotis ipsilon multiple nucleopolyhedrovirus]	Agrotis ipsilon multiple nucleopolyhedrovirus	Blastx
SRR31829833	NODE_113_length_579_cov_2.520147	29.9	579	373	0.420912	6.64e-08	acc|GENBANK|AYV86662.1|GENBANK|MK072512|phosphatase 2C [Sylvanvirus sp.]	Sylvanvirus sp.	Blastx
SRR31829833	NODE_33904_length_280_cov_3.789474	34.6	280	1125	0.072000	6.98e-08	acc|GENBANK|AYV86640.1|GENBANK|MK072511|sensory box sensor histidine kinase/response [Sylvanvirus sp.]	Sylvanvirus sp.	Blastx
SRR31829833	NODE_20170_length_495_cov_3.082251	33.3	495	487	0.227926	7.07e-08	acc|GENBANK|QOI90141.1|GENBANK|MT663534|hypothetical protein [Pyramimonas orientalis virus 01B]	Pyramimonas orientalis virus 01B	Blastx
SRR31829833	NODE_837_length_828_cov_9.495597	25.4	828	484	0.487603	7.38e-08	acc|GENBANK|AYV77733.1|GENBANK|MK072066|CYP86A7 [Edafosvirus sp.]	Edafosvirus sp.	Blastx
SRR31829833	NODE_28486_length_206_cov_1.352601	46.2	206	115	0.452174	7.59e-08	acc|GENBANK|AUI39624.1|NEIGHBOR|MF468140|ResD [macacine betaherpesvirus 3]	macacine betaherpesvirus 3	Blastx
SRR31829833	NODE_25115_length_634_cov_16.069884	42.9	634	1633	0.042866	7.64e-08	acc|GENBANK|AMK62058.1|NEIGHBOR|KF959826|serine threonine-protein kinase receptor [Samba virus]	Samba virus	Blastx
SRR31829833	NODE_24555_length_1312_cov_9.551994	26.6	1312	919	0.237214	7.71e-08	acc|GENBANK|AYV75146.1|GENBANK|MK071979|plasma membrane ATPase [Terrestrivirus sp.]	Terrestrivirus sp.	Blastx
SRR31829833	NODE_32996_length_276_cov_0.962963	44.2	276	322	0.161491	7.82e-08	acc|GENBANK|QBK87453.1|GENBANK|MK500352|resolvase [Marseillevirus LCMAC201]	Marseillevirus LCMAC201	Blastx
SRR31829833	NODE_22642_length_223_cov_17.852632	49.1	223	383	0.138381	8.06e-08	acc|GENBANK|AJA91762.1|GENBANK|KM434202|dihydroflavonol 4-reductase [Allium cepa]	Allium cepa	Blastx
SRR31829833	NODE_29562_length_222_cov_2.476190	39.2	222	388	0.190722	8.08e-08	acc|GENBANK|CCQ71327.1|GENBANK|HF586476|hypothetical protein kinase Pka-C1 [Cotesia congregata]	Cotesia congregata	Blastx
SRR31829833	NODE_14198_length_271_cov_2.752101	40.8	271	510	0.149020	8.16e-08	acc|REFSEQ|YP_009165152.1|REFSEQ|NC_027867|Cytochrome P450 [Mollivirus sibericum]	Mollivirus sibericum	Blastx
SRR31829833	NODE_4065_length_870_cov_22.350060	26.2	870	876	0.218037	8.42e-08	acc|GENBANK|AYV76365.1|GENBANK|MK071983|DEXDc helicase [Terrestrivirus sp.]	Terrestrivirus sp.	Blastx
SRR31829833	NODE_1086_length_999_cov_22.103520	24.2	999	246	0.670732	8.48e-08	acc|GENBANK|QBK89254.1|GENBANK|MK500410|synaptobrevin [Mimivirus LCMiAC02]	Mimivirus LCMiAC02	Blastx
SRR31829833	NODE_29572_length_222_cov_1.238095	89.3	222	1182	0.023689	8.50e-08	acc|GENBANK|CAA73251.1|GENBANK|Y12713|Pro-Pol-dUTPase polyprotein [Mus musculus]	Mus musculus	Blastx
SRR31829833	NODE_30499_length_237_cov_1.147059	38.5	237	176	0.369318	8.59e-08	acc|GENBANK|ARF11081.1|GENBANK|KY684106|Ham1 family inosine/xanthosine triphosphate [Hokovirus HKV1]	Hokovirus HKV1	Blastx
SRR31829833	NODE_20150_length_662_cov_2.413355	34.3	662	396	0.265152	8.78e-08	acc|GENBANK|QBK92180.1|GENBANK|MK500568|DEAD/DEAH box helicase [Pithovirus LCPAC304]	Pithovirus LCPAC304	Blastx
SRR31829833	NODE_30132_length_231_cov_1.181818	44.1	231	396	0.171717	9.10e-08	acc|GENBANK|QBK92180.1|GENBANK|MK500568|DEAD/DEAH box helicase [Pithovirus LCPAC304]	Pithovirus LCPAC304	Blastx
SRR31829833	NODE_23113_length_229_cov_7.454082	49.2	229	886	0.068849	9.15e-08	acc|GENBANK|ARF08925.1|GENBANK|KY684083|DNA topoisomerase IA [Catovirus CTV1]	Catovirus CTV1	Blastx
SRR31829833	NODE_19579_length_249_cov_2.393519	36.7	249	237	0.333333	9.97e-08	acc|GENBANK|ADB85285.1|GENBANK|GQ252816|hypothetical protein [Phyllostachys edulis]	Phyllostachys edulis	Blastx
SRR31829833	NODE_22120_length_215_cov_2.675824	55.6	215	471	0.095541	9.99e-08	acc|GENBANK|AFV13457.1|GENBANK|JQ314445|UDPG-flavonoid 3-O-glucosyl transferase [Tripsacum dactyloides]	Tripsacum dactyloides	Blastx
SRR31829833	NODE_30781_length_242_cov_4.478469	33.3	242	366	0.213115	1.00e-07	acc|REFSEQ|YP_008052737.1|REFSEQ|NC_021312|tRNA-Ile-lysidine synthetase [Phaeocystis globosa virus]	Phaeocystis globosa virus	Blastx
SRR31829833	NODE_182_length_1052_cov_21.487733	26.4	1052	186	1.037634	1.02e-07	acc|GENBANK|ARF12024.1|GENBANK|KY684110|adenylate kinase [Klosneuvirus KNV1]	Klosneuvirus KNV1	Blastx
SRR31829833	NODE_17500_length_313_cov_2.978571	31.4	313	703	0.145092	1.02e-07	acc|GENBANK|ARF09664.1|GENBANK|KY684086|HrpA-like RNA helicase [Indivirus ILV1]	Indivirus ILV1	Blastx
SRR31829833	NODE_25481_length_2034_cov_12.756122	26.2	2034	547	0.579525	1.03e-07	acc|GENBANK|AYV86548.1|GENBANK|MK072509|hypothetical protein [Sylvanvirus sp.]	Sylvanvirus sp.	Blastx
SRR31829833	NODE_1533_length_1536_cov_29.572189	24.8	1536	806	0.385856	1.05e-07	acc|GENBANK|QKF93464.1|GENBANK|MT418680|inter-alpha-trypsin inhibitor family protein [Fadolivirus FV1/VV64]	Fadolivirus FV1/VV64	Blastx
SRR31829833	NODE_31424_length_251_cov_1.073394	63.2	251	320	0.118750	1.06e-07	acc|GENBANK|CAZ69397.1|GENBANK|FN429076|putative fatty acid desaturase [Emiliania huxleyi virus 99B1]	Emiliania huxleyi virus 99B1	Blastx
SRR31829833	NODE_29287_length_218_cov_5.059459	42.5	218	1228	0.059446	1.07e-07	acc|GENBANK|AYV77015.1|GENBANK|MK072005|flagellar basal-body rod protein FlgG [Barrevirus sp.]	Barrevirus sp.	Blastx
SRR31829833	NODE_6375_length_734_cov_7.168331	25.5	734	278	0.690647	1.12e-07	acc|GENBANK|AYV76390.1|GENBANK|MK071984|mitochondrial carrier [Terrestrivirus sp.]	Terrestrivirus sp.	Blastx
SRR31829833	NODE_6764_length_713_cov_30.932353	30.1	713	819	0.166056	1.17e-07	acc|GENBANK|QKF94107.1|GENBANK|MT418680|eukaryotic translation elongation factor 2 [Fadolivirus FV1/VV64]	Fadolivirus FV1/VV64	Blastx
SRR31829833	NODE_212_length_1190_cov_24.542783	46.3	1190	97	0.556701	1.19e-07	acc|GENBANK|AUF82187.1|GENBANK|KY322437|SANT superfamily protein [Tetraselmis virus 1]	Tetraselmis virus 1	Blastx
SRR31829833	NODE_9206_length_406_cov_8.900804	33.6	406	319	0.354232	1.20e-07	acc|GENBANK|AYV83965.1|GENBANK|MK072397|L-galactose dehydrogenase [Hyperionvirus sp.]	Hyperionvirus sp.	Blastx
SRR31829833	NODE_24346_length_668_cov_6.755906	31.4	668	925	0.148108	1.21e-07	acc|GENBANK|ABY48139.1|GENBANK|EU306659|NORK [Medicago truncatula]	Medicago truncatula	Blastx
SRR31829833	NODE_4772_length_284_cov_1.422311	38.5	284	369	0.211382	1.23e-07	acc|REFSEQ|YP_009361581.1|REFSEQ|NC_034383|Bifunctional polynucleotide phosphatase/kinase [Pacmanvirus A23]	Pacmanvirus A23	Blastx
SRR31829833	NODE_229_length_311_cov_9.068345	32.4	311	222	0.459459	1.26e-07	acc|GENBANK|QBK92312.1|GENBANK|MK500573|2OG-Fe(II) oxygenase superfamily protein [Pithovirus LCPAC304]	Pithovirus LCPAC304	Blastx
SRR31829833	NODE_21542_length_495_cov_12.337662	33.1	495	483	0.262940	1.30e-07	acc|GENBANK|AYV80388.1|GENBANK|MK072243|cytochrome P450 704B1 [Harvfovirus sp.]	Harvfovirus sp.	Blastx
SRR31829833	NODE_15261_length_281_cov_2.221774	38.7	281	196	0.382653	1.32e-07	acc|GENBANK|QKF93917.1|GENBANK|MT418680|adenylate kinase/UMP-CMP kinase [Fadolivirus FV1/VV64]	Fadolivirus FV1/VV64	Blastx
SRR31829833	NODE_14668_length_200_cov_3.017964	59.5	200	316	0.132911	1.41e-07	acc|GENBANK|QDY51833.1|GENBANK|MK250085|hypothetical protein [Mimiviridae sp. ChoanoV1]	Mimiviridae sp. ChoanoV1	Blastx
SRR31829833	NODE_29230_length_217_cov_1.271739	41.9	217	544	0.136029	1.43e-07	acc|REFSEQ|YP_009119837.1|REFSEQ|NC_026440|beta glucosidase [Pandoravirus inopinatum]	Pandoravirus inopinatum	Blastx
SRR31829833	NODE_17465_length_350_cov_5.287066	34.9	350	271	0.402214	1.44e-07	acc|GENBANK|AGE53017.1|GENBANK|JX997166|serine/threonine-protein kinase [Paramecium bursaria Chlorella virus CZ-2]	Paramecium bursaria Chlorella virus CZ-2	Blastx
SRR31829833	NODE_18094_length_292_cov_3.382239	29.7	292	716	0.127095	1.48e-07	acc|GENBANK|ARF09685.1|GENBANK|KY684086|peptidase [Indivirus ILV1]	Indivirus ILV1	Blastx
SRR31829833	NODE_18212_length_639_cov_7.963696	36.6	639	201	0.407960	1.50e-07	acc|GENBANK|AKS26469.1|GENBANK|KR095315|putative deoxynucleoside kinase [Diachasmimorpha longicaudata entomopoxvirus]	Diachasmimorpha longicaudata entomopoxvirus	Blastx
SRR31829833	NODE_33722_length_701_cov_36.754491	30.7	701	182	0.983516	1.55e-07	acc|REFSEQ|YP_010782638.1|REFSEQ|NC_075039|nicotinamidase [Tupanvirus soda lake]	Tupanvirus soda lake	Blastx
SRR31829833	NODE_6784_length_772_cov_3.169147	36.4	772	301	0.392027	1.56e-07	acc|GENBANK|WBR14809.1|GENBANK|ON887157|Methyltransferase type 11 [Pandoravirus kuranda]	Pandoravirus kuranda	Blastx
SRR31829833	NODE_22592_length_428_cov_2.617722	30.8	428	225	0.577778	1.56e-07	acc|GENBANK|CAK7597220.1|GENBANK|OZ003748|Alpha/Beta hydrolase fold homologous [Catovirus sp. 'naegleriensis']	Catovirus sp. 'naegleriensis'	Blastx
SRR31829833	NODE_20456_length_422_cov_11.323907	54.2	422	391	0.122762	1.57e-07	acc|GENBANK|ARF09921.1|GENBANK|KY684089|DnaJ domain protein [Indivirus ILV1]	Indivirus ILV1	Blastx
SRR31829833	NODE_31131_length_247_cov_1.032710	42.3	247	793	0.089533	1.58e-07	acc|GENBANK|AYV86642.1|GENBANK|MK072511|putative two-component hybrid sensor and [Sylvanvirus sp.]	Sylvanvirus sp.	Blastx
SRR31829833	NODE_1251_length_1354_cov_20.080999	26.9	1354	279	0.774194	1.60e-07	acc|REFSEQ|YP_010086806.1|REFSEQ|NC_055482|putative protein P31 [Pistachio ampelovirus A]	Pistachio ampelovirus A	Blastx
SRR31829833	NODE_4724_length_566_cov_2.529081	43.9	566	173	0.329480	1.66e-07	acc|GENBANK|AYV84055.1|GENBANK|MK072398|hypothetical protein [Hyperionvirus sp.]	Hyperionvirus sp.	Blastx
SRR31829833	NODE_26567_length_817_cov_17.103316	34.8	817	159	0.867925	1.68e-07	acc|GENBANK|WZO81373.1|GENBANK|PP681878|superoxide dismutase precursor [Chlorovirus sp.]	Chlorovirus sp.	Blastx
SRR31829833	NODE_14616_length_358_cov_16.532308	62.2	358	644	0.069876	1.68e-07	acc|GENBANK|ARF09562.1|GENBANK|KY684085|dynamin family protein [Indivirus ILV1]	Indivirus ILV1	Blastx
SRR31829833	NODE_15809_length_315_cov_2.269504	40.8	315	325	0.218462	1.69e-07	acc|GENBANK|ARF09069.1|GENBANK|KY684084|diacylglycerol kinase catalytic domain protein [Catovirus CTV1]	Catovirus CTV1	Blastx
SRR31829833	NODE_20530_length_206_cov_19.416185	33.8	206	833	0.081633	1.69e-07	acc|GENBANK|CCQ71385.1|GENBANK|HF586480|hypothetical Homeodomain-interacting protein [Cotesia congregata]	Cotesia congregata	Blastx
SRR31829833	NODE_22429_length_653_cov_28.814516	31.1	653	506	0.260870	1.71e-07	acc|REFSEQ|YP_010780537.1|REFSEQ|NC_075038|bifunctional glutamate/proline tRNA-synthetase [Tupanvirus deep ocean]	Tupanvirus deep ocean	Blastx
SRR31829833	NODE_11092_length_276_cov_1.909465	42.0	276	1384	0.058526	1.73e-07	acc|GENBANK|ADB85299.1|GENBANK|GQ252825|putative retrotransposon protein [Phyllostachys edulis]	Phyllostachys edulis	Blastx
SRR31829833	NODE_33307_length_311_cov_1.010791	28.5	311	506	0.256917	1.77e-07	acc|GENBANK|AYV78441.1|GENBANK|MK072078|ubiquitin carboxyl-terminal hydrolase [Edafosvirus sp.]	Edafosvirus sp.	Blastx
SRR31829833	NODE_7288_length_1212_cov_14.945717	42.4	1212	373	0.227882	1.78e-07	acc|GENBANK|AYV77068.1|GENBANK|MK072007|DnaJ domain protein [Barrevirus sp.]	Barrevirus sp.	Blastx
SRR31829833	NODE_26162_length_1131_cov_20.407104	25.8	1131	446	0.417040	1.88e-07	acc|GENBANK|ATZ80917.1|GENBANK|MF782455|major facilitator superfamily-like protein [Bodo saltans virus]	Bodo saltans virus	Blastx
SRR31829833	NODE_7367_length_416_cov_6.104439	44.8	416	222	0.261261	1.88e-07	acc|GENBANK|QBK88168.1|GENBANK|MK500377|RNA recognition motif protein [Marseillevirus LCMAC202]	Marseillevirus LCMAC202	Blastx
SRR31829833	NODE_14621_length_229_cov_18.056122	38.5	229	148	0.439189	1.92e-07	acc|GENBANK|QBK87822.1|GENBANK|MK500370|ubiquitin-conjugating enzyme E2 [Marseillevirus LCMAC202]	Marseillevirus LCMAC202	Blastx
SRR31829833	NODE_12692_length_240_cov_0.980676	41.7	240	471	0.152866	1.94e-07	acc|GENBANK|AFV13457.1|GENBANK|JQ314445|UDPG-flavonoid 3-O-glucosyl transferase [Tripsacum dactyloides]	Tripsacum dactyloides	Blastx
SRR31829833	NODE_1594_length_707_cov_5.283383	42.0	707	680	0.147059	1.95e-07	acc|GENBANK|QFG73938.1|GENBANK|MN448274|AAA domain protein [Megaviridae environmental sample]	Megaviridae environmental sample	Blastx
SRR31829833	NODE_13959_length_808_cov_4.981935	37.5	808	210	0.457143	1.95e-07	acc|GENBANK|QBK85405.1|GENBANK|MK500325|SWIB/MDM2 domain protein [Iridovirus LCIVAC01]	Iridovirus LCIVAC01	Blastx
SRR31829833	NODE_26185_length_434_cov_5.471322	33.0	434	673	0.148588	1.96e-07	acc|GENBANK|QPI16366.1|GENBANK|MW030559|RNA polymerase [Virus NIOZ-UU157]	Virus NIOZ-UU157	Blastx
SRR31829833	NODE_17132_length_739_cov_11.444759	43.4	739	439	0.173121	1.97e-07	acc|GENBANK|AYV76294.1|GENBANK|MK071983|hypothetical protein [Terrestrivirus sp.]	Terrestrivirus sp.	Blastx
SRR31829833	NODE_31234_length_248_cov_1.088372	33.8	248	336	0.229167	1.97e-07	acc|GENBANK|URH25003.1|NEIGHBOR|MW558066|G protein-coupled receptor gene family protein [Fowlpox virus]	Fowlpox virus	Blastx
SRR31829833	NODE_1613_length_942_cov_23.629263	28.0	942	167	0.940120	2.02e-07	acc|GENBANK|ATZ80657.1|GENBANK|MF782455|hypothetical protein [Bodo saltans virus]	Bodo saltans virus	Blastx
SRR31829833	NODE_15134_length_220_cov_3.005348	54.8	220	508	0.082677	2.03e-07	acc|GENBANK|AWA44804.1|GENBANK|MH182523|hypothetical protein [Saccharum officinarum]	Saccharum officinarum	Blastx
SRR31829833	NODE_15071_length_530_cov_6.142857	29.1	530	369	0.401084	2.08e-07	acc|GENBANK|QKF94202.1|GENBANK|MT418680|polyA polymerase head RNA and srmB- binding [Fadolivirus FV1/VV64]	Fadolivirus FV1/VV64	Blastx
SRR31829833	NODE_24878_length_500_cov_12.269807	33.6	500	268	0.432836	2.13e-07	acc|GENBANK|QBK91399.1|GENBANK|MK500535|mitochondrial carrier-like protein [Pithovirus LCPAC302]	Pithovirus LCPAC302	Blastx
SRR31829833	NODE_16460_length_252_cov_8.817352	57.1	252	340	0.123529	2.13e-07	acc|GENBANK|AAU93531.1|GENBANK|AY691949|cyclin H-1 [Zea mays]	Zea mays	Blastx
SRR31829833	NODE_15991_length_433_cov_1.890000	45.9	433	192	0.317708	2.15e-07	acc|GENBANK|AYV78944.1|GENBANK|MK072120|Ras-related protein Rab-1A [Edafosvirus sp.]	Edafosvirus sp.	Blastx
SRR31829833	NODE_22493_length_674_cov_9.971919	39.1	674	285	0.242105	2.17e-07	acc|REFSEQ|YP_008378255.1|REFSEQ|NC_021923|iap-3 [Hemileuca sp. nucleopolyhedrovirus]	Hemileuca sp. nucleopolyhedrovirus	Blastx
SRR31829833	NODE_33183_length_284_cov_1.864542	47.6	284	245	0.257143	2.17e-07	acc|GENBANK|AEV22379.1|GENBANK|JN969602|VRN1 [Lolium perenne]	Lolium perenne	Blastx
SRR31829833	NODE_1974_length_463_cov_5.095349	49.1	463	199	0.286432	2.19e-07	acc|GENBANK|AGU70137.1|GENBANK|KF270090|integrase-type DNA-binding superfamily protein [Tarenaya hassleriana]	Tarenaya hassleriana	Blastx
SRR31829833	NODE_29801_length_226_cov_1.212435	34.6	226	727	0.107290	2.23e-07	acc|GENBANK|ABY48138.1|GENBANK|EU306659|ABC transporter [Medicago truncatula]	Medicago truncatula	Blastx
SRR31829833	NODE_7039_length_1041_cov_7.001984	62.8	1041	1196	0.035953	2.32e-07	acc|GENBANK|QBK88182.1|GENBANK|MK500377|CobB/CobQ-like glutamine amidotransferase domain [Marseillevirus LCMAC202]	Marseillevirus LCMAC202	Blastx
SRR31829833	NODE_19377_length_361_cov_4.838415	27.9	361	547	0.235832	2.32e-07	acc|GENBANK|ARF09888.1|GENBANK|KY684089|ABC transporter [Indivirus ILV1]	Indivirus ILV1	Blastx
SRR31829833	NODE_9321_length_256_cov_1.026906	57.1	256	533	0.105066	2.37e-07	acc|GENBANK|WAX26015.1|GENBANK|OP721220|putative major capsid protein L1 [Human papillomavirus]	Human papillomavirus	Blastx
SRR31829833	NODE_28479_length_206_cov_1.352601	54.5	206	160	0.275000	2.43e-07	acc|GENBANK|QKF94153.1|GENBANK|MT418680|cyclophilin-type peptidyl-prolyl cis-trans [Fadolivirus FV1/VV64]	Fadolivirus FV1/VV64	Blastx
SRR31829833	NODE_13068_length_263_cov_1.730435	36.0	263	484	0.177686	2.53e-07	acc|GENBANK|AYV77733.1|GENBANK|MK072066|CYP86A7 [Edafosvirus sp.]	Edafosvirus sp.	Blastx
SRR31829833	NODE_28964_length_213_cov_2.277778	42.2	213	447	0.143177	2.55e-07	acc|REFSEQ|NP_077596.1|REFSEQ|NC_002687|serine-threonine kinase [Ectocarpus siliculosus virus 1]	Ectocarpus siliculosus virus 1	Blastx
SRR31829833	NODE_32143_length_262_cov_2.043668	43.3	262	142	0.471831	2.58e-07	acc|REFSEQ|YP_004347305.1|REFSEQ|NC_015326|thioredoxin [Lausannevirus]	Lausannevirus	Blastx
SRR31829833	NODE_7746_length_504_cov_33.859873	31.8	504	512	0.208984	2.63e-07	acc|GENBANK|ARF11736.1|GENBANK|KY684109|prolyl-tRNA synthetase [Klosneuvirus KNV1]	Klosneuvirus KNV1	Blastx
SRR31829833	NODE_3052_length_1181_cov_28.853659	24.8	1181	298	0.731544	2.64e-07	acc|GENBANK|WZO87643.1|GENBANK|PP681894|N-carbamoylputrescine amidase [Chlorovirus sp.]	Chlorovirus sp.	Blastx
SRR31829833	NODE_8532_length_1351_cov_53.422610	28.7	1351	1060	0.157547	2.65e-07	acc|GENBANK|QKF94645.1|GENBANK|MT418680|FAD/FMN-containing dehydrogenase with [Fadolivirus FV1/VV64]	Fadolivirus FV1/VV64	Blastx
SRR31829833	NODE_20981_length_410_cov_4.567639	27.8	410	231	0.389610	2.68e-07	acc|GENBANK|AYV76399.1|GENBANK|MK071984|Rab GTPase [Terrestrivirus sp.]	Terrestrivirus sp.	Blastx
SRR31829833	NODE_1751_length_1877_cov_20.679501	44.6	1877	284	0.197183	2.75e-07	acc|GENBANK|WKR38478.1|GENBANK|OQ658191|IAP-2 [Platynota idaeusalis nucleopolyhedrovirus]	Platynota idaeusalis nucleopolyhedrovirus	Blastx
SRR31829833	NODE_22559_length_335_cov_5.208609	34.8	335	245	0.375510	2.75e-07	acc|REFSEQ|YP_008720039.1|REFSEQ|NC_022646|hypothetical protein [Clostera anastomosis granulovirus Henan]	Clostera anastomosis granulovirus Henan	Blastx
SRR31829833	NODE_1135_length_395_cov_6.566298	66.7	395	146	0.267123	2.81e-07	acc|GENBANK|QDH87377.1|GENBANK|MN033327|hypothetical protein [Picornavirales sp.]	Picornavirales sp.	Blastx
SRR31829833	NODE_8839_length_353_cov_3.671875	35.7	353	482	0.174274	2.82e-07	acc|GENBANK|BBA54297.1|GENBANK|AB898755|gag : akt fusion protein [Feline leukemia virus]	Feline leukemia virus	Blastx
SRR31829833	NODE_1084_length_302_cov_6.784387	50.0	302	77	0.519481	2.83e-07	acc|GENBANK|WKT15139.1|GENBANK|OR120049|zinc/RING finger containing protein [Platygaster orseoliae filamentous virus]	Platygaster orseoliae filamentous virus	Blastx
SRR31829833	NODE_14561_length_247_cov_1.495327	86.2	247	212	0.136792	2.88e-07	acc|GENBANK|AYV82031.1|GENBANK|MK072334|Ras-like protein Rab-11A [Homavirus sp.]	Homavirus sp.	Blastx
SRR31829833	NODE_21983_length_620_cov_15.640545	33.3	620	1618	0.057478	3.09e-07	acc|GENBANK|QGR54286.1|GENBANK|MK978772|serine/threonine protein kinase [Moumouvirus maliensis]	Moumouvirus maliensis	Blastx
SRR31829833	NODE_29956_length_229_cov_1.193878	42.9	229	557	0.125673	3.14e-07	acc|GENBANK|WGU26825.1|GENBANK|OQ503488|putative acyl-activating enzyme 5 [Triticum monococcum]	Triticum monococcum	Blastx
SRR31829833	NODE_11144_length_906_cov_6.910653	39.7	906	353	0.164306	3.33e-07	acc|GENBANK|WGU26821.1|GENBANK|OQ503488|S-acyltransferase 11-like protein [Triticum monococcum]	Triticum monococcum	Blastx
SRR31829833	NODE_28590_length_207_cov_2.689655	46.8	207	136	0.455882	3.34e-07	acc|GENBANK|QBK88197.1|GENBANK|MK500378|RNA polymerases N/ 8 kDa subunit [Marseillevirus LCMAC202]	Marseillevirus LCMAC202	Blastx
SRR31829833	NODE_10703_length_210_cov_1.875706	45.8	210	540	0.109259	3.37e-07	acc|REFSEQ|YP_009666618.1|REFSEQ|NC_043529|gta [Oxyplax ochracea nucleopolyhedrovirus]	Oxyplax ochracea nucleopolyhedrovirus	Blastx
SRR31829833	NODE_21974_length_390_cov_5.887955	35.2	390	299	0.294314	3.42e-07	acc|GENBANK|QBK91775.1|GENBANK|MK500565|mitochondrial carrier-like protein [Pithovirus LCPAC304]	Pithovirus LCPAC304	Blastx
SRR31829833	NODE_28973_length_213_cov_1.300000	40.4	213	408	0.127451	3.46e-07	acc|REFSEQ|YP_010781447.1|REFSEQ|NC_075039|Zn-dependent alcohol dehydrogenase [Tupanvirus soda lake]	Tupanvirus soda lake	Blastx
SRR31829833	NODE_30622_length_239_cov_1.810680	42.5	239	480	0.166667	3.50e-07	acc|GENBANK|ASU92288.1|GENBANK|KX759199|kindr F6 [Zea mays]	Zea mays	Blastx
SRR31829833	NODE_1300_length_1596_cov_5.213052	25.8	1596	227	1.039648	3.65e-07	acc|GENBANK|QFG73691.1|GENBANK|MN448267|amino acid kinase family protein [Megaviridae environmental sample]	Megaviridae environmental sample	Blastx
SRR31829833	NODE_7944_length_813_cov_19.574359	40.7	813	151	0.357616	3.70e-07	acc|GENBANK|QBK85057.1|GENBANK|MK500302|ubiquitin-protein ligase [Pithovirus LCDPAC02]	Pithovirus LCDPAC02	Blastx
SRR31829833	NODE_13107_length_503_cov_3.589362	54.5	503	701	0.062767	3.72e-07	acc|REFSEQ|YP_010781363.1|REFSEQ|NC_075039|phosphoinositide 3-kinase [Tupanvirus soda lake]	Tupanvirus soda lake	Blastx
SRR31829833	NODE_29077_length_215_cov_3.857143	64.4	215	219	0.205479	3.94e-07	acc|GENBANK|XHA87591.1|GENBANK|PQ054798|hypothetical protein [Qianjiang picobirna-like virus 2]	Qianjiang picobirna-like virus 2	Blastx
SRR31829833	NODE_7858_length_420_cov_4.180879	29.6	420	269	0.565056	3.95e-07	acc|GENBANK|ACG35536.1|GENBANK|EU963418|retrotransposon protein [Zea mays]	Zea mays	Blastx
SRR31829833	NODE_6428_length_534_cov_37.047904	32.3	534	182	0.527473	4.15e-07	acc|REFSEQ|YP_009163818.1|REFSEQ|NC_027778|ORF_057R [Scale drop disease virus]	Scale drop disease virus	Blastx
SRR31829833	NODE_11073_length_1069_cov_8.386100	28.4	1069	272	0.672794	4.24e-07	acc|GENBANK|QBK92713.1|GENBANK|MK500580|fermentation-respiration switch protein [Pithovirus LCPAC401]	Pithovirus LCPAC401	Blastx
SRR31829833	NODE_27013_length_1189_cov_18.512111	36.2	1189	922	0.140998	4.27e-07	acc|GENBANK|QBK88440.1|GENBANK|MK500389|insulinase [Mimivirus LCMiAC01]	Mimivirus LCMiAC01	Blastx
SRR31829833	NODE_4804_length_268_cov_2.046809	33.0	268	288	0.305556	4.30e-07	acc|GENBANK|CAZ69354.1|GENBANK|FN429076|Longevity-assurance (LAG1) family protein [Emiliania huxleyi virus 99B1]	Emiliania huxleyi virus 99B1	Blastx
SRR31829833	NODE_9725_length_249_cov_1.060185	33.3	249	2037	0.041237	4.30e-07	acc|GENBANK|ABG37663.1|GENBANK|DQ536170|CCHC-type integrase [Populus trichocarpa]	Populus trichocarpa	Blastx
SRR31829833	NODE_19337_length_440_cov_7.199017	31.1	440	336	0.267857	4.33e-07	acc|GENBANK|WBR61423.1|GENBANK|ON052824|BTB POZ roadkill-like [Drosophila suzukii associated hytrosavirus 1]	Drosophila suzukii associated hytrosavirus 1	Blastx
SRR31829833	NODE_380_length_449_cov_19.661058	32.2	449	145	0.620690	4.40e-07	acc|GENBANK|QKF94254.1|GENBANK|MT418680|molecular chaperone IbpA HSP20 family [Fadolivirus FV1/VV64]	Fadolivirus FV1/VV64	Blastx
SRR31829833	NODE_231_length_803_cov_49.816883	27.8	803	229	0.550218	4.49e-07	acc|GENBANK|QDY51704.1|GENBANK|MK250085|CS domain protein [Mimiviridae sp. ChoanoV1]	Mimiviridae sp. ChoanoV1	Blastx
SRR31829833	NODE_21397_length_375_cov_21.280702	43.4	375	164	0.323171	4.50e-07	acc|REFSEQ|YP_002154623.1|REFSEQ|NC_011183|putative ubiquitin ligase [Feldmannia species virus]	Feldmannia species virus	Blastx
SRR31829833	NODE_14203_length_375_cov_3.421053	33.0	375	367	0.272480	4.64e-07	acc|GENBANK|AYV76323.1|GENBANK|MK071983|STE/STE20/FRAY protein kinase [Terrestrivirus sp.]	Terrestrivirus sp.	Blastx
SRR31829833	NODE_24574_length_351_cov_4.761006	32.9	351	331	0.211480	4.72e-07	acc|GENBANK|ATZ80893.1|GENBANK|MF782455|serine/threonine-protein kinase [Bodo saltans virus]	Bodo saltans virus	Blastx
SRR31829833	NODE_29115_length_215_cov_1.285714	53.1	215	507	0.096647	4.79e-07	acc|GENBANK|AYV76216.1|GENBANK|MK071983|dehydrogenase [Terrestrivirus sp.]	Terrestrivirus sp.	Blastx
SRR31829833	NODE_3025_length_1109_cov_15.986059	41.1	1109	388	0.188144	4.84e-07	acc|GENBANK|CCQ71327.1|GENBANK|HF586476|hypothetical protein kinase Pka-C1 [Cotesia congregata]	Cotesia congregata	Blastx
SRR31829833	NODE_9994_length_264_cov_3.467532	38.3	264	482	0.168050	4.91e-07	acc|GENBANK|BBA54297.1|GENBANK|AB898755|gag : akt fusion protein [Feline leukemia virus]	Feline leukemia virus	Blastx
SRR31829833	NODE_20303_length_292_cov_2.077220	31.0	292	122	0.713115	4.91e-07	acc|GENBANK|ARF10915.1|GENBANK|KY684105|putative sensor histidine kinase [Hokovirus HKV1]	Hokovirus HKV1	Blastx
SRR31829833	NODE_33821_length_291_cov_1.662791	36.8	291	122	0.557377	4.91e-07	acc|GENBANK|ARF10915.1|GENBANK|KY684105|putative sensor histidine kinase [Hokovirus HKV1]	Hokovirus HKV1	Blastx
SRR31829833	NODE_22108_length_317_cov_3.570423	45.9	317	599	0.101836	4.92e-07	acc|GENBANK|AYV76337.1|GENBANK|MK071983|pyruvate oxidase [Terrestrivirus sp.]	Terrestrivirus sp.	Blastx
SRR31829833	NODE_13396_length_316_cov_2.908127	50.9	316	615	0.092683	4.93e-07	acc|GENBANK|QKF94158.1|GENBANK|MT418680|translation initiation factor aIF- 2 [Fadolivirus FV1/VV64]	Fadolivirus FV1/VV64	Blastx
SRR31829833	NODE_30866_length_243_cov_2.785714	30.4	243	388	0.203608	5.06e-07	acc|GENBANK|CCQ71327.1|GENBANK|HF586476|hypothetical protein kinase Pka-C1 [Cotesia congregata]	Cotesia congregata	Blastx
SRR31829833	NODE_19933_length_544_cov_4.884540	33.9	544	117	0.982906	5.07e-07	acc|GENBANK|QDH76138.1|GENBANK|MK948413|putative gag protein [Porcine endogenous retrovirus]	Porcine endogenous retrovirus	Blastx
SRR31829833	NODE_32925_length_275_cov_1.933884	32.2	275	333	0.270270	5.10e-07	acc|GENBANK|QDY52116.1|GENBANK|MK250087|D-isomer specific 2-hydroxyacid dehydrogenase, [Mimiviridae sp. ChoanoV1]	Mimiviridae sp. ChoanoV1	Blastx
SRR31829833	NODE_32888_length_274_cov_0.970954	43.6	274	206	0.378641	5.19e-07	acc|REFSEQ|YP_009174445.1|REFSEQ|NC_028108|PhoH-like phosphate starvation-inducible [Yellowstone lake phycodnavirus 3]	Yellowstone lake phycodnavirus 3	Blastx
SRR31829833	NODE_21047_length_353_cov_5.553125	33.3	353	495	0.212121	5.27e-07	acc|GENBANK|AKS26328.1|GENBANK|KR095315|putative gamma-glutamyl transpeptidase [Diachasmimorpha longicaudata entomopoxvirus]	Diachasmimorpha longicaudata entomopoxvirus	Blastx
SRR31829833	NODE_21064_length_262_cov_1.777293	51.1	262	277	0.169675	5.29e-07	acc|GENBANK|ARF09735.1|GENBANK|KY684086|aldo/keto reductase family protein [Indivirus ILV1]	Indivirus ILV1	Blastx
SRR31829833	NODE_7886_length_222_cov_15.396825	32.9	222	455	0.160440	5.36e-07	acc|GENBANK|QFG73745.1|GENBANK|MN448270|elongation factor Tu GTP binding domain protein [Megaviridae environmental sample]	Megaviridae environmental sample	Blastx
SRR31829833	NODE_9736_length_221_cov_6.164894	45.6	221	2037	0.033382	5.38e-07	acc|GENBANK|ABG37663.1|GENBANK|DQ536170|CCHC-type integrase [Populus trichocarpa]	Populus trichocarpa	Blastx
SRR31829833	NODE_7721_length_239_cov_1.723301	39.1	239	277	0.166065	5.44e-07	acc|GENBANK|UOX38984.1|GENBANK|OM869482|KilA N domain protein [Finch poxvirus]	Finch poxvirus	Blastx
SRR31829833	NODE_31241_length_249_cov_1.083333	39.7	249	397	0.183879	5.47e-07	acc|GENBANK|ATZ80885.1|GENBANK|MF782455|exodeoxyribonuclease VII large subunit [Bodo saltans virus]	Bodo saltans virus	Blastx
SRR31829833	NODE_11710_length_808_cov_9.552258	25.6	808	218	0.715596	5.51e-07	acc|GENBANK|ARF09164.1|GENBANK|KY684084|RNA recognition motif [Catovirus CTV1]	Catovirus CTV1	Blastx
SRR31829833	NODE_25723_length_452_cov_6.673031	32.2	452	285	0.501754	5.59e-07	acc|GENBANK|UZT29310.1|GENBANK|OP765584|hypothetical protein [Nucleocytoviricota sp.]	Nucleocytoviricota sp.	Blastx
SRR31829833	NODE_2691_length_958_cov_22.947027	28.0	958	234	0.700855	5.60e-07	acc|REFSEQ|YP_294107.1|REFSEQ|NC_007346|putative protease [Emiliania huxleyi virus 86]	Emiliania huxleyi virus 86	Blastx
SRR31829833	NODE_25483_length_1653_cov_25.569753	27.5	1653	322	0.565217	5.63e-07	acc|GENBANK|QFG74515.1|GENBANK|MN448289|signal peptide peptidase [Megaviridae environmental sample]	Megaviridae environmental sample	Blastx
SRR31829833	NODE_185_length_1121_cov_5.701287	39.2	1121	234	0.337607	5.70e-07	acc|GENBANK|QKF93531.1|GENBANK|MT418680|SET domain-containing protein [Fadolivirus FV1/VV64]	Fadolivirus FV1/VV64	Blastx
SRR31829833	NODE_14237_length_225_cov_2.296875	34.8	225	715	0.092308	5.70e-07	acc|GENBANK|CAK7597329.1|GENBANK|OZ003748|Valine-tRNA ligase [Catovirus sp. 'naegleriensis']	Catovirus sp. 'naegleriensis'	Blastx
SRR31829833	NODE_3185_length_356_cov_71.495356	56.3	356	764	0.062827	5.71e-07	acc|GENBANK|UZH25335.1|GENBANK|OL695857|ORF2 [Mamastrovirus 3]	Mamastrovirus 3	Blastx
SRR31829833	NODE_28304_length_202_cov_1.384615	48.6	202	1281	0.028884	5.71e-07	acc|GENBANK|AAA67727.1|GENBANK|U15647|reverse transcriptase [Mus musculus domesticus]	Mus musculus domesticus	Blastx
SRR31829833	NODE_29895_length_228_cov_3.600000	34.6	228	405	0.192593	5.75e-07	acc|GENBANK|WGU26824.1|GENBANK|OQ503488|eukaryotic initiation factor 4A-III B-like [Triticum monococcum]	Triticum monococcum	Blastx
SRR31829833	NODE_33498_length_361_cov_3.923780	40.2	361	476	0.172269	5.76e-07	acc|GENBANK|QBP06638.1|NEIGHBOR|MK514405|hypothetical protein [Ostreococcus lucimarinus virus 1]	Ostreococcus lucimarinus virus 1	Blastx
SRR31829833	NODE_3448_length_1029_cov_39.390562	25.3	1029	332	0.762048	5.80e-07	acc|REFSEQ|YP_010776497.1|REFSEQ|NC_075034|putative alpha/beta hydrolase [Powai lake megavirus]	Powai lake megavirus	Blastx
SRR31829833	NODE_33000_length_276_cov_0.962963	57.7	276	764	0.068063	5.87e-07	acc|GENBANK|UZH25335.1|GENBANK|OL695857|ORF2 [Mamastrovirus 3]	Mamastrovirus 3	Blastx
SRR31829833	NODE_33480_length_357_cov_2.888889	41.2	357	196	0.346939	5.89e-07	acc|GENBANK|QKF93917.1|GENBANK|MT418680|adenylate kinase/UMP-CMP kinase [Fadolivirus FV1/VV64]	Fadolivirus FV1/VV64	Blastx
SRR31829833	NODE_32123_length_262_cov_1.021834	38.6	262	201	0.348259	5.96e-07	acc|GENBANK|AUI39789.1|NEIGHBOR|MF468141|IS150 transposase B [macacine betaherpesvirus 3]	macacine betaherpesvirus 3	Blastx
SRR31829833	NODE_7107_length_418_cov_6.415584	50.0	418	77	0.519481	6.10e-07	acc|GENBANK|WKT15139.1|GENBANK|OR120049|zinc/RING finger containing protein [Platygaster orseoliae filamentous virus]	Platygaster orseoliae filamentous virus	Blastx
SRR31829833	NODE_19289_length_1032_cov_5.128128	50.0	1032	342	0.245614	6.12e-07	acc|GENBANK|AYV76290.1|GENBANK|MK071983|hypothetical protein [Terrestrivirus sp.]	Terrestrivirus sp.	Blastx
SRR31829833	NODE_20884_length_465_cov_3.719907	40.7	465	91	0.648352	6.29e-07	acc|GENBANK|AYV76651.1|GENBANK|MK071988|putative acyl-CoA-binding protein [Terrestrivirus sp.]	Terrestrivirus sp.	Blastx
SRR31829833	NODE_11773_length_831_cov_17.003759	31.3	831	225	0.595556	6.50e-07	acc|GENBANK|QFU19918.1|NEIGHBOR|MN160338|pV1 [European wheat striate mosaic virus]	European wheat striate mosaic virus	Blastx
SRR31829833	NODE_1375_length_677_cov_40.374224	38.6	677	228	0.364035	6.53e-07	acc|GENBANK|CAK7597209.1|GENBANK|OZ003748|RNA-binding/Nucleotide-binding alpha-beta plait [Catovirus sp. 'naegleriensis']	Catovirus sp. 'naegleriensis'	Blastx
SRR31829833	NODE_8655_length_213_cov_10.933333	33.9	213	152	0.407895	6.66e-07	acc|GENBANK|AYV87044.1|GENBANK|MK072526|putative nnucleoredoxin [Sylvanvirus sp.]	Sylvanvirus sp.	Blastx
SRR31829833	NODE_269_length_1155_cov_13.453654	25.8	1155	490	0.475510	6.75e-07	acc|GENBANK|QBK92743.1|GENBANK|MK500581|uncharacterized protein [Pithovirus LCPAC401]	Pithovirus LCPAC401	Blastx
SRR31829833	NODE_34031_length_289_cov_1.828125	57.8	289	701	0.064194	6.76e-07	acc|GENBANK|AAK70407.1|GENBANK|AF369930|pol polyprotein [Citrus x paradisi]	Citrus x paradisi	Blastx
SRR31829833	NODE_112_length_867_cov_8.544365	31.2	867	479	0.260960	6.78e-07	acc|GENBANK|QIG59696.1|GENBANK|MN940578|helicase [Dishui Lake phycodnavirus 3]	Dishui Lake phycodnavirus 3	Blastx
SRR31829833	NODE_5587_length_460_cov_2.765808	34.0	460	326	0.325153	6.95e-07	acc|GENBANK|QDY52441.1|GENBANK|MK250092|hypothetical protein [Mimiviridae sp. ChoanoV1]	Mimiviridae sp. ChoanoV1	Blastx
SRR31829833	NODE_19044_length_659_cov_6.412141	34.0	659	133	0.796992	6.96e-07	acc|GENBANK|XCJ76779.1|GENBANK|PP728250|SWIB/MDM2 domain protein [Micromonas polaris virus]	Micromonas polaris virus	Blastx
SRR31829833	NODE_18384_length_778_cov_18.140940	42.1	778	97	0.587629	7.01e-07	acc|GENBANK|AUF82187.1|GENBANK|KY322437|SANT superfamily protein [Tetraselmis virus 1]	Tetraselmis virus 1	Blastx
SRR31829833	NODE_31740_length_256_cov_1.049327	44.0	256	147	0.340136	7.28e-07	acc|GENBANK|AQY16815.1|NEIGHBOR|KY040275|MC066 [Molluscum contagiosum virus subtype 1]	Molluscum contagiosum virus subtype 1	Blastx
SRR31829833	NODE_302_length_400_cov_6.362398	50.0	400	62	0.967742	7.29e-07	acc|GENBANK|AYV82647.1|GENBANK|MK072384|hypothetical protein [Hyperionvirus sp.]	Hyperionvirus sp.	Blastx
SRR31829833	NODE_31206_length_248_cov_1.088372	42.6	248	600	0.101667	7.43e-07	acc|GENBANK|QDY52168.1|GENBANK|MK250088|thiamine pyrophosphate enzyme, N-terminal TPP [Mimiviridae sp. ChoanoV1]	Mimiviridae sp. ChoanoV1	Blastx
SRR31829833	NODE_10921_length_446_cov_1.677966	29.6	446	298	0.476510	7.66e-07	acc|GENBANK|AEX62297.1|GENBANK|JN885995|putative BTB_POZ domain and WD-repeat protein [Moumouvirus Monve]	Moumouvirus Monve	Blastx
SRR31829833	NODE_14384_length_324_cov_1.426117	43.1	324	274	0.211679	7.74e-07	acc|REFSEQ|YP_009329787.1|REFSEQ|NC_032111|phospholipase-D-like protein K4 [BeAn 58058 virus]	BeAn 58058 virus	Blastx
SRR31829833	NODE_13372_length_258_cov_1.946667	61.4	258	325	0.135385	7.92e-07	acc|GENBANK|CAZ69365.1|GENBANK|FN429076|ribonucleoside-diphosphate reductase small [Emiliania huxleyi virus 99B1]	Emiliania huxleyi virus 99B1	Blastx
SRR31829833	NODE_11217_length_457_cov_31.021226	36.9	457	120	0.700000	7.95e-07	acc|GENBANK|CAK7596881.1|GENBANK|OZ003748|Ubiquitin-conjugating enzyme/RWD-like [Catovirus sp. 'naegleriensis']	Catovirus sp. 'naegleriensis'	Blastx
SRR31829833	NODE_10064_length_395_cov_2.767956	40.8	395	463	0.153348	8.04e-07	acc|GENBANK|CAE02707.1|GENBANK|AJ575660|hypothetical protein [Yarrowia lipolytica]	Yarrowia lipolytica	Blastx
SRR31829833	NODE_30154_length_232_cov_1.175879	37.7	232	489	0.141104	8.28e-07	acc|GENBANK|QFG74185.1|GENBANK|MN448282|hypothetical protein [Megaviridae environmental sample]	Megaviridae environmental sample	Blastx
SRR31829833	NODE_14246_length_311_cov_6.737410	39.2	311	467	0.218415	8.34e-07	acc|GENBANK|QDY52146.1|GENBANK|MK250088|caspase domain protein [Mimiviridae sp. ChoanoV1]	Mimiviridae sp. ChoanoV1	Blastx
SRR31829833	NODE_33865_length_281_cov_2.830645	48.3	281	819	0.073260	8.36e-07	acc|GENBANK|QKF94107.1|GENBANK|MT418680|eukaryotic translation elongation factor 2 [Fadolivirus FV1/VV64]	Fadolivirus FV1/VV64	Blastx
SRR31829833	NODE_8208_length_816_cov_26.513410	28.0	816	299	0.622074	8.40e-07	acc|GENBANK|AGE49085.1|GENBANK|JX997155|N-carbamoylputrescine amidase [Acanthocystis turfacea Chlorella virus Br0604L]	Acanthocystis turfacea Chlorella virus Br0604L	Blastx
SRR31829833	NODE_689_length_412_cov_10.129288	35.2	412	212	0.429245	8.43e-07	acc|GENBANK|AYV79923.1|GENBANK|MK072200|superoxide dismutase [Gaeavirus sp.]	Gaeavirus sp.	Blastx
SRR31829833	NODE_2182_length_284_cov_4.848606	44.9	284	594	0.116162	8.49e-07	acc|GENBANK|AGE55786.1|GENBANK|JX997174|glucosamine--fructose-6-phosphate [Acanthocystis turfacea Chlorella virus MN0810.1]	Acanthocystis turfacea Chlorella virus MN0810.1	Blastx
SRR31829833	NODE_15515_length_558_cov_6.527619	38.3	558	268	0.302239	8.53e-07	acc|GENBANK|QBK91399.1|GENBANK|MK500535|mitochondrial carrier-like protein [Pithovirus LCPAC302]	Pithovirus LCPAC302	Blastx
SRR31829833	NODE_6120_length_368_cov_6.814925	47.6	368	147	0.285714	8.54e-07	acc|GENBANK|BCS83270.1|GENBANK|AP024483|putative glucosamine 6-phosphate [Cotonvirus japonicus]	Cotonvirus japonicus	Blastx
SRR31829833	NODE_30636_length_239_cov_4.543689	42.9	239	385	0.109091	8.76e-07	acc|GENBANK|UUT40455.1|GENBANK|ON887238|hypothetical protein [carnivorous sponge associated iridovirus]	carnivorous sponge associated iridovirus	Blastx
SRR31829833	NODE_1438_length_976_cov_25.156946	41.6	976	159	0.484277	8.85e-07	acc|GENBANK|AYV84693.1|GENBANK|MK072416|putative 26S proteasome non-ATPase regulatory [Hyperionvirus sp.]	Hyperionvirus sp.	Blastx
SRR31829833	NODE_21906_length_435_cov_5.733831	35.6	435	474	0.183544	8.89e-07	acc|REFSEQ|YP_009448713.1|REFSEQ|NC_036594|serine-threonine kinase [Orpheovirus IHUMI-LCC2]	Orpheovirus IHUMI-LCC2	Blastx
SRR31829833	NODE_26436_length_432_cov_7.378446	43.4	432	154	0.493506	8.89e-07	acc|GENBANK|AYV75407.1|GENBANK|MK071979|peptide-methionine (R)-S-oxide reductase [Terrestrivirus sp.]	Terrestrivirus sp.	Blastx
SRR31829833	NODE_5889_length_259_cov_3.376106	59.1	259	1261	0.034893	8.93e-07	acc|GENBANK|ACN78974.1|GENBANK|FJ225394|retrotransposon protein [Glycine max]	Glycine max	Blastx
SRR31829833	NODE_34014_length_286_cov_1.849802	33.0	286	262	0.347328	9.03e-07	acc|GENBANK|QFG74502.1|GENBANK|MN448289|endonuclease/exonuclease/phosphatase family [Megaviridae environmental sample]	Megaviridae environmental sample	Blastx
SRR31829833	NODE_15342_length_213_cov_1.594444	42.1	213	724	0.078729	9.08e-07	acc|GENBANK|ADK47523.1|GENBANK|HM124452|NBS3-RDG2A [Hordeum vulgare subsp. vulgare]	Hordeum vulgare subsp. vulgare	Blastx
SRR31829833	NODE_32195_length_263_cov_1.017391	32.9	263	845	0.097041	9.14e-07	acc|GENBANK|AYV77843.1|GENBANK|MK072067|mimivirus elongation factor aef-2 [Edafosvirus sp.]	Edafosvirus sp.	Blastx
SRR31829833	NODE_1700_length_614_cov_83.187608	30.1	614	111	0.837838	9.29e-07	acc|REFSEQ|YP_009448553.1|REFSEQ|NC_036594|Thioredoxin [Orpheovirus IHUMI-LCC2]	Orpheovirus IHUMI-LCC2	Blastx
SRR31829833	NODE_5924_length_746_cov_6.127630	25.9	746	268	0.820896	9.43e-07	acc|GENBANK|QFG74698.1|GENBANK|MN448290|protein phosphatase 2C [Megaviridae environmental sample]	Megaviridae environmental sample	Blastx
SRR31829833	NODE_8509_length_1176_cov_19.287839	26.5	1176	851	0.337250	9.44e-07	acc|GENBANK|AGE49443.1|GENBANK|JX997156|calcium-transporting ATPase, plasma [Acanthocystis turfacea Chlorella virus Can0610SP]	Acanthocystis turfacea Chlorella virus Can0610SP	Blastx
SRR31829833	NODE_20661_length_459_cov_5.330986	42.4	459	1946	0.030319	9.54e-07	acc|GENBANK|ADB85424.1|GENBANK|GQ252887|putative retrotransposon protein [Phyllostachys edulis]	Phyllostachys edulis	Blastx
SRR31829833	NODE_487_length_515_cov_6.543568	33.3	515	125	0.672000	9.57e-07	acc|GENBANK|AYV76397.1|GENBANK|MK071984|vesicle-associated membrane protein 4 [Terrestrivirus sp.]	Terrestrivirus sp.	Blastx
SRR31829833	NODE_21137_length_401_cov_1.165761	25.9	401	299	0.451505	9.59e-07	acc|GENBANK|QIG59714.1|GENBANK|MN940578|putative spermidine [Dishui Lake phycodnavirus 3]	Dishui Lake phycodnavirus 3	Blastx
SRR31829833	NODE_9222_length_656_cov_10.144462	49.2	656	62	0.983871	9.66e-07	acc|GENBANK|AYV82647.1|GENBANK|MK072384|hypothetical protein [Hyperionvirus sp.]	Hyperionvirus sp.	Blastx
SRR31829833	NODE_26529_length_295_cov_4.637405	37.0	295	544	0.148897	9.73e-07	acc|REFSEQ|YP_009119837.1|REFSEQ|NC_026440|beta glucosidase [Pandoravirus inopinatum]	Pandoravirus inopinatum	Blastx
SRR31829833	NODE_12844_length_280_cov_2.704453	44.6	280	238	0.273109	1.01e-06	acc|GENBANK|QDY51734.1|GENBANK|MK250085|hypothetical protein [Mimiviridae sp. ChoanoV1]	Mimiviridae sp. ChoanoV1	Blastx
SRR31829833	NODE_26616_length_693_cov_12.575758	35.9	693	544	0.189338	1.02e-06	acc|REFSEQ|YP_009483380.1|REFSEQ|NC_037667|Glycosyl hydrolase family 1 protein [Pandoravirus quercus]	Pandoravirus quercus	Blastx
SRR31829833	NODE_9818_length_644_cov_8.720131	35.1	644	618	0.211974	1.04e-06	acc|GENBANK|QKF93461.1|GENBANK|MT418680|GMP synthetase glutamine amidotransferase and [Fadolivirus FV1/VV64]	Fadolivirus FV1/VV64	Blastx
SRR31829833	NODE_3501_length_1175_cov_251.213660	30.3	1175	228	0.723684	1.05e-06	acc|GENBANK|CAK7597209.1|GENBANK|OZ003748|RNA-binding/Nucleotide-binding alpha-beta plait [Catovirus sp. 'naegleriensis']	Catovirus sp. 'naegleriensis'	Blastx
SRR31829833	NODE_19599_length_225_cov_2.260417	39.7	225	477	0.153040	1.05e-06	acc|GENBANK|QKF93918.1|GENBANK|MT418680|inosine-5'-monophosphate dehydrogenase [Fadolivirus FV1/VV64]	Fadolivirus FV1/VV64	Blastx
SRR31829833	NODE_33058_length_277_cov_0.959016	53.7	277	461	0.088937	1.06e-06	acc|GENBANK|QBK85293.1|GENBANK|MK500313|papain family cysteine protease [Iridovirus LCIVAC01]	Iridovirus LCIVAC01	Blastx
SRR31829833	NODE_9829_length_302_cov_2.583643	36.2	302	122	0.565574	1.07e-06	acc|GENBANK|ARF10915.1|GENBANK|KY684105|putative sensor histidine kinase [Hokovirus HKV1]	Hokovirus HKV1	Blastx
SRR31829833	NODE_4361_length_306_cov_4.051282	50.0	306	400	0.135000	1.08e-06	acc|GENBANK|QKF94347.1|GENBANK|MT418680|threonyl-tRNA synthetase [Fadolivirus FV1/VV64]	Fadolivirus FV1/VV64	Blastx
SRR31829833	NODE_33430_length_342_cov_1.983819	33.3	342	328	0.310976	1.09e-06	acc|GENBANK|UOG94377.1|NEIGHBOR|OM876856|serine-type endopeptidase [Aureococcus anophagefferens virus]	Aureococcus anophagefferens virus	Blastx
SRR31829833	NODE_19944_length_253_cov_4.522727	64.9	253	691	0.053546	1.10e-06	acc|GENBANK|ATZ80349.1|GENBANK|MF782455|putative ATP-dependent RNA helicase [Bodo saltans virus]	Bodo saltans virus	Blastx
SRR31829833	NODE_18896_length_235_cov_1.346535	41.4	235	331	0.175227	1.11e-06	acc|GENBANK|QBK89984.1|GENBANK|MK500451|phosphoribosyl transferase domain protein [Pithovirus LCPAC101]	Pithovirus LCPAC101	Blastx
SRR31829833	NODE_3075_length_1074_cov_8.584054	30.6	1074	326	0.380368	1.12e-06	acc|GENBANK|CAK7597195.1|GENBANK|OZ003748|Zinc finger, RING/FYVE/PHD-type homologous [Catovirus sp. 'naegleriensis']	Catovirus sp. 'naegleriensis'	Blastx
SRR31829833	NODE_21655_length_230_cov_1.395939	46.5	230	1026	0.069201	1.12e-06	acc|GENBANK|ATZ80413.1|GENBANK|MF782455|DEXDc helicase [Bodo saltans virus]	Bodo saltans virus	Blastx
SRR31829833	NODE_14510_length_209_cov_3.295455	72.4	209	447	0.064877	1.12e-06	acc|GENBANK|AAV51067.1|NEIGHBOR|AY653733|7-dehydrocholesterol reductase [Acanthamoeba polyphaga mimivirus]	Acanthamoeba polyphaga mimivirus	Blastx
SRR31829833	NODE_7060_length_501_cov_9.553419	42.6	501	471	0.144374	1.16e-06	acc|GENBANK|AFV13457.1|GENBANK|JQ314445|UDPG-flavonoid 3-O-glucosyl transferase [Tripsacum dactyloides]	Tripsacum dactyloides	Blastx
SRR31829833	NODE_22184_length_321_cov_8.055556	38.7	321	99	0.757576	1.16e-06	acc|REFSEQ|YP_010780200.1|REFSEQ|NC_075038|hypothetical protein [Tupanvirus deep ocean]	Tupanvirus deep ocean	Blastx
SRR31829833	NODE_26174_length_920_cov_4.604284	30.6	920	1715	0.072303	1.19e-06	acc|GENBANK|WDS48439.1|GENBANK|ON798805|essential for potexvirus accumulation 1 [Solanum tuberosum]	Solanum tuberosum	Blastx
SRR31829833	NODE_12288_length_264_cov_0.956710	32.9	264	363	0.209366	1.21e-06	acc|REFSEQ|YP_008436525.1|REFSEQ|NC_022098|AICARFT IMPCHas domain [Pandoravirus salinus]	Pandoravirus salinus	Blastx
SRR31829833	NODE_13541_length_242_cov_3.253589	38.5	242	340	0.191176	1.21e-06	acc|GENBANK|ARF12388.1|GENBANK|KY684112|ornithine cyclodeaminase [Klosneuvirus KNV1]	Klosneuvirus KNV1	Blastx
SRR31829833	NODE_20829_length_438_cov_6.012346	45.8	438	195	0.246154	1.22e-06	acc|REFSEQ|YP_009552471.1|REFSEQ|NC_040615|Ring finger and U-box domain [Eptesicus fuscus gammaherpesvirus]	Eptesicus fuscus gammaherpesvirus	Blastx
SRR31829833	NODE_11959_length_647_cov_9.548860	29.7	647	417	0.218225	1.24e-06	acc|GENBANK|AAG13371.1|GENBANK|AF268178|polyprotein [Bovine viral diarrhea virus 2]	Bovine viral diarrhea virus 2	Blastx
SRR31829833	NODE_7635_length_545_cov_3.171875	31.5	545	538	0.230483	1.24e-06	acc|GENBANK|ARF09641.1|GENBANK|KY684086|ABC transporter [Indivirus ILV1]	Indivirus ILV1	Blastx
SRR31829833	NODE_8714_length_2038_cov_16.190025	30.7	2038	311	0.607717	1.26e-06	acc|GENBANK|AYV82542.1|GENBANK|MK072383|SDR family NAD(P)-dependent oxidoreductase [Hyperionvirus sp.]	Hyperionvirus sp.	Blastx
SRR31829833	NODE_32593_length_269_cov_1.411017	40.0	269	383	0.221932	1.27e-06	acc|GENBANK|AJA91762.1|GENBANK|KM434202|dihydroflavonol 4-reductase [Allium cepa]	Allium cepa	Blastx
SRR31829833	NODE_29164_length_216_cov_3.836066	42.6	216	1281	0.053084	1.31e-06	acc|GENBANK|AAA67727.1|GENBANK|U15647|reverse transcriptase [Mus musculus domesticus]	Mus musculus domesticus	Blastx
SRR31829833	NODE_22646_length_325_cov_11.479452	65.8	325	407	0.093366	1.32e-06	acc|GENBANK|ARF08154.1|GENBANK|KY684083|acetamidase/formamidase family protein [Catovirus CTV1]	Catovirus CTV1	Blastx
SRR31829833	NODE_20803_length_239_cov_1.315534	36.8	239	262	0.290076	1.34e-06	acc|REFSEQ|YP_009352579.1|REFSEQ|NC_034249|Sterol desaturase [Kaumoebavirus]	Kaumoebavirus	Blastx
SRR31829833	NODE_22600_length_389_cov_2.393258	77.8	389	382	0.070681	1.35e-06	acc|GENBANK|AAB31930.2|GENBANK|S74099|v-myb product [Avian myeloblastosis virus]	Avian myeloblastosis virus	Blastx
SRR31829833	NODE_494_length_723_cov_14.647826	30.7	723	249	0.602410	1.37e-06	acc|GENBANK|ACD54816.1|GENBANK|EU643495|carbonyl reductase-like protein [Adineta vaga]	Adineta vaga	Blastx
SRR31829833	NODE_2163_length_895_cov_100.504640	36.7	895	355	0.307042	1.41e-06	acc|GENBANK|QBK88616.1|GENBANK|MK500393|protein phosphatase 2C [Mimivirus LCMiAC01]	Mimivirus LCMiAC01	Blastx
SRR31829833	NODE_17513_length_560_cov_18.379507	42.1	560	115	0.495652	1.45e-06	acc|GENBANK|QBK87194.1|GENBANK|MK500345|putative RING finger E3 ubiquitin ligase [Marseillevirus LCMAC201]	Marseillevirus LCMAC201	Blastx
SRR31829833	NODE_33096_length_278_cov_0.955102	31.8	278	575	0.114783	1.47e-06	acc|GENBANK|AAY78807.1|GENBANK|DQ056660|putative reverse transcriptase/RNA-dependent DNA [Arabidopsis thaliana]	Arabidopsis thaliana	Blastx
SRR31829833	NODE_22743_length_671_cov_15.976489	36.9	671	456	0.184211	1.50e-06	acc|GENBANK|AYV83564.1|GENBANK|MK072390|aspartate--tRNA ligase, cytoplasmic [Hyperionvirus sp.]	Hyperionvirus sp.	Blastx
SRR31829833	NODE_10487_length_253_cov_3.131818	40.0	253	727	0.103164	1.51e-06	acc|GENBANK|ADB85269.1|GENBANK|GQ252805|putative lectin-like protein kinase [Phyllostachys edulis]	Phyllostachys edulis	Blastx
SRR31829833	NODE_19109_length_215_cov_4.956044	39.4	215	304	0.233553	1.54e-06	acc|GENBANK|QPI16210.1|GENBANK|MW030544|thymidylate synthase [Virus NIOZ-UU157]	Virus NIOZ-UU157	Blastx
SRR31829833	NODE_28774_length_210_cov_1.322034	48.8	210	637	0.067504	1.62e-06	acc|GENBANK|QBK87831.1|GENBANK|MK500370|Hsp70 protein [Marseillevirus LCMAC202]	Marseillevirus LCMAC202	Blastx
SRR31829833	NODE_29487_length_221_cov_1.244681	61.4	221	187	0.235294	1.62e-06	acc|REFSEQ|YP_009448213.1|REFSEQ|NC_036594|metal-dependent phosphohydrolase [Orpheovirus IHUMI-LCC2]	Orpheovirus IHUMI-LCC2	Blastx
SRR31829833	NODE_3425_length_1011_cov_16.173824	46.3	1011	173	0.312139	1.66e-06	acc|GENBANK|AYV84055.1|GENBANK|MK072398|hypothetical protein [Hyperionvirus sp.]	Hyperionvirus sp.	Blastx
SRR31829833	NODE_17562_length_830_cov_24.505646	36.9	830	228	0.368421	1.67e-06	acc|GENBANK|CAK7597209.1|GENBANK|OZ003748|RNA-binding/Nucleotide-binding alpha-beta plait [Catovirus sp. 'naegleriensis']	Catovirus sp. 'naegleriensis'	Blastx
SRR31829833	NODE_12719_length_314_cov_6.163701	32.7	314	1303	0.086723	1.73e-06	acc|GENBANK|BDT61654.1|GENBANK|LC738868|DNA ligase 1-like protein [Marsupenaeus japonicus endogenous nimavirus]	Marsupenaeus japonicus endogenous nimavirus	Blastx
SRR31829833	NODE_17018_length_217_cov_1.103261	50.0	217	732	0.076503	1.77e-06	acc|GENBANK|AGJ83729.1|GENBANK|KC256972|gag-pol polyprotein [Caragana korshinskii]	Caragana korshinskii	Blastx
SRR31829833	NODE_22892_length_448_cov_6.872289	29.4	448	450	0.264444	1.81e-06	acc|GENBANK|AGE53448.1|GENBANK|JX997168|hypothetical protein [Acanthocystis turfacea Chlorella virus GM0701.1]	Acanthocystis turfacea Chlorella virus GM0701.1	Blastx
SRR31829833	NODE_32783_length_273_cov_1.950000	35.6	273	244	0.368852	1.88e-06	acc|GENBANK|AAW73220.1|GENBANK|AY747599|VRN-A1 [Triticum aestivum]	Triticum aestivum	Blastx
SRR31829833	NODE_25048_length_534_cov_21.333333	31.0	534	230	0.686957	1.92e-06	acc|GENBANK|BFT93519.1|GENBANK|LC847964|DNA methyltransferase [Medusavirus sp. 'euryale']	Medusavirus sp. 'euryale'	Blastx
SRR31829833	NODE_33571_length_387_cov_3.966102	33.6	387	506	0.223320	1.95e-06	acc|GENBANK|QCF61052.1|GENBANK|MH077961|gta [Troides aeacus nucleopolyhedrovirus]	Troides aeacus nucleopolyhedrovirus	Blastx
SRR31829833	NODE_17007_length_257_cov_1.857143	42.4	257	377	0.156499	2.04e-06	acc|GENBANK|ABB00038.1|GENBANK|DQ070849|reverse transcriptase family member [Glycine max]	Glycine max	Blastx
SRR31829833	NODE_11443_length_1107_cov_13.486034	29.2	1107	394	0.365482	2.08e-06	acc|GENBANK|QKF93683.1|GENBANK|MT418680|ATP-dependent RNA helicase DEAD-box [Fadolivirus FV1/VV64]	Fadolivirus FV1/VV64	Blastx
SRR31829833	NODE_1156_length_821_cov_15.677665	30.0	821	111	0.990991	2.08e-06	acc|REFSEQ|YP_009448553.1|REFSEQ|NC_036594|Thioredoxin [Orpheovirus IHUMI-LCC2]	Orpheovirus IHUMI-LCC2	Blastx
SRR31829833	NODE_21187_length_479_cov_2.921525	40.0	479	127	0.629921	2.10e-06	acc|REFSEQ|YP_009173521.1|REFSEQ|NC_028094|DNA-directed RNA polymerase, subunit [Chrysochromulina ericina virus]	Chrysochromulina ericina virus	Blastx
SRR31829833	NODE_31522_length_253_cov_2.127273	35.7	253	1042	0.080614	2.10e-06	acc|GENBANK|ACN78973.1|GENBANK|FJ225394|copia-type polyprotein [Glycine max]	Glycine max	Blastx
SRR31829833	NODE_15325_length_229_cov_2.219388	46.9	229	203	0.241379	2.14e-06	acc|GENBANK|ACB45086.1|GENBANK|EU365381|CRT binding factor 3 [Solanum habrochaites]	Solanum habrochaites	Blastx
SRR31829833	NODE_1773_length_734_cov_33.539230	46.3	734	97	0.556701	2.20e-06	acc|GENBANK|AUF82187.1|GENBANK|KY322437|SANT superfamily protein [Tetraselmis virus 1]	Tetraselmis virus 1	Blastx
SRR31829833	NODE_16042_length_398_cov_3.578082	42.5	398	680	0.107353	2.22e-06	acc|GENBANK|QFG73938.1|GENBANK|MN448274|AAA domain protein [Megaviridae environmental sample]	Megaviridae environmental sample	Blastx
SRR31829833	NODE_24049_length_481_cov_5.642857	38.7	481	375	0.248000	2.27e-06	acc|GENBANK|QFG74672.1|GENBANK|MN448289|helicase [Megaviridae environmental sample]	Megaviridae environmental sample	Blastx
SRR31829833	NODE_3607_length_433_cov_6.137500	36.5	433	589	0.144312	2.27e-06	acc|GENBANK|SOB73998.1|GENBANK|LT907979|ABC2 type transporter superfamily protein [Cedratvirus lausannensis]	Cedratvirus lausannensis	Blastx
SRR31829833	NODE_5788_length_322_cov_113.913495	31.8	322	357	0.308123	2.31e-06	acc|GENBANK|ABB29305.1|GENBANK|DQ219419|NADPH-dependent reductase [Zea mays]	Zea mays	Blastx
SRR31829833	NODE_14934_length_523_cov_6.453061	29.3	523	269	0.583643	2.33e-06	acc|REFSEQ|YP_003970108.1|REFSEQ|NC_014637|putative family 2C serine/threonine phosphatase [Cafeteria roenbergensis virus BV-PW1]	Cafeteria roenbergensis virus BV-PW1	Blastx
SRR31829833	NODE_4051_length_453_cov_2.316667	25.8	453	344	0.348837	2.36e-06	acc|REFSEQ|YP_004940190.1|REFSEQ|NC_016448|membrane protein S11 [Saimiriine betaherpesvirus 4]	Saimiriine betaherpesvirus 4	Blastx
SRR31829833	NODE_12963_length_279_cov_1.813008	50.0	279	282	0.205674	2.38e-06	acc|GENBANK|AAL14448.1|GENBANK|AF397035|heat shock protein Hsc70t [Mus musculus]	Mus musculus	Blastx
SRR31829833	NODE_3266_length_218_cov_4.037838	63.2	218	764	0.049738	2.42e-06	acc|GENBANK|UZH25335.1|GENBANK|OL695857|ORF2 [Mamastrovirus 3]	Mamastrovirus 3	Blastx
SRR31829833	NODE_33455_length_349_cov_4.177215	28.7	349	531	0.216573	2.43e-06	acc|GENBANK|QBK88836.1|GENBANK|MK500400|CTP synthetase [Mimivirus LCMiAC01]	Mimivirus LCMiAC01	Blastx
SRR31829833	NODE_21812_length_600_cov_9.342152	30.8	600	246	0.581301	2.44e-06	acc|GENBANK|AYV75709.1|GENBANK|MK071980|glutamine amidotransferase [Terrestrivirus sp.]	Terrestrivirus sp.	Blastx
SRR31829833	NODE_30854_length_243_cov_1.114286	40.8	243	423	0.179669	2.44e-06	acc|GENBANK|CAA38181.1|GENBANK|X54284|phosphoglycerate kinase [Trichoderma viride]	Trichoderma viride	Blastx
SRR31829833	NODE_31043_length_246_cov_1.098592	41.1	246	397	0.183879	2.52e-06	acc|GENBANK|QGR53845.1|GENBANK|MK978772|Zn-dependent alcohol dehydrogenase [Moumouvirus maliensis]	Moumouvirus maliensis	Blastx
SRR31829833	NODE_6786_length_663_cov_3.614286	72.7	663	423	0.078014	2.54e-06	acc|GENBANK|AYV79645.1|GENBANK|MK072163|serine/threonine protein kinase [Faunusvirus sp.]	Faunusvirus sp.	Blastx
SRR31829833	NODE_21683_length_1204_cov_11.280956	30.8	1204	328	0.435976	2.56e-06	acc|GENBANK|QFG74295.1|GENBANK|MN448285|acyltransferase [Megaviridae environmental sample]	Megaviridae environmental sample	Blastx
SRR31829833	NODE_14386_length_341_cov_1.568182	33.3	341	299	0.301003	2.56e-06	acc|GENBANK|QRE02559.1|GENBANK|MN545489|hypothetical protein [Otarine gammaherpesvirus 4]	Otarine gammaherpesvirus 4	Blastx
SRR31829833	NODE_15043_length_300_cov_2.947566	32.6	300	395	0.217722	2.56e-06	acc|GENBANK|AYV79137.1|GENBANK|MK072134|serine/threonine protein kinase [Faunusvirus sp.]	Faunusvirus sp.	Blastx
SRR31829833	NODE_17759_length_449_cov_11.584135	30.4	449	547	0.210238	2.57e-06	acc|GENBANK|AYV86548.1|GENBANK|MK072509|hypothetical protein [Sylvanvirus sp.]	Sylvanvirus sp.	Blastx
SRR31829833	NODE_17844_length_566_cov_2.724203	34.9	566	294	0.282313	2.58e-06	acc|GENBANK|QFG73640.1|GENBANK|MN448266|hypothetical protein [Megaviridae environmental sample]	Megaviridae environmental sample	Blastx
SRR31829833	NODE_25500_length_277_cov_8.922131	34.6	277	727	0.111417	2.79e-06	acc|GENBANK|ABY48138.1|GENBANK|EU306659|ABC transporter [Medicago truncatula]	Medicago truncatula	Blastx
SRR31829833	NODE_26491_length_319_cov_8.972028	64.9	319	299	0.123746	2.81e-06	acc|GENBANK|QBK91775.1|GENBANK|MK500565|mitochondrial carrier-like protein [Pithovirus LCPAC304]	Pithovirus LCPAC304	Blastx
SRR31829833	NODE_7801_length_464_cov_2.238979	29.3	464	149	0.939597	2.82e-06	acc|GENBANK|AIB52031.1|GENBANK|KJ614390|ribosomal-protein-alanine acetyltransferase [Faustovirus]	Faustovirus	Blastx
SRR31829833	NODE_11717_length_849_cov_6.192402	43.4	849	122	0.434426	2.87e-06	acc|GENBANK|AYV80588.1|GENBANK|MK072245|hypothetical protein [Harvfovirus sp.]	Harvfovirus sp.	Blastx
SRR31829833	NODE_15173_length_465_cov_2.627315	34.1	465	446	0.183857	2.88e-06	acc|GENBANK|ATZ80917.1|GENBANK|MF782455|major facilitator superfamily-like protein [Bodo saltans virus]	Bodo saltans virus	Blastx
SRR31829833	NODE_4507_length_261_cov_2.557018	48.8	261	144	0.284722	2.89e-06	acc|GENBANK|ACA04860.1|GENBANK|EU332958|putative gag-pol polyprotein [Picea abies]	Picea abies	Blastx
SRR31829833	NODE_33889_length_285_cov_1.857143	28.7	285	473	0.198732	3.01e-06	acc|GENBANK|ARF11468.1|GENBANK|KY684108|deoxyribodipyrimidine photolyase [Klosneuvirus KNV1]	Klosneuvirus KNV1	Blastx
SRR31829833	NODE_32733_length_272_cov_0.979079	35.8	272	162	0.500000	3.02e-06	acc|GENBANK|AAB46484.1|GENBANK|U70894|cysteine protease homolog [Xestia c-nigrum granulovirus]	Xestia c-nigrum granulovirus	Blastx
SRR31829833	NODE_22723_length_308_cov_2.410909	34.8	308	1806	0.062016	3.04e-06	acc|REFSEQ|YP_009483849.1|REFSEQ|NC_037667|serine-threonine kinase [Pandoravirus quercus]	Pandoravirus quercus	Blastx
SRR31829833	NODE_16931_length_337_cov_2.588816	38.2	337	925	0.082162	3.06e-06	acc|GENBANK|ABY48139.1|GENBANK|EU306659|NORK [Medicago truncatula]	Medicago truncatula	Blastx
SRR31829833	NODE_4267_length_533_cov_24.060000	43.9	533	215	0.306977	3.08e-06	acc|GENBANK|QIG60204.1|GENBANK|MN940580|SWIB-domain containing protein [Dishui Lake large algae virus 1]	Dishui Lake large algae virus 1	Blastx
SRR31829833	NODE_10771_length_464_cov_11.515081	30.3	464	88	1.125000	3.12e-06	acc|GENBANK|QDY51738.1|GENBANK|MK250085|major intrinsic protein [Mimiviridae sp. ChoanoV1]	Mimiviridae sp. ChoanoV1	Blastx
SRR31829833	NODE_26868_length_624_cov_14.957699	44.4	624	173	0.312139	3.17e-06	acc|GENBANK|AYV84055.1|GENBANK|MK072398|hypothetical protein [Hyperionvirus sp.]	Hyperionvirus sp.	Blastx
SRR31829833	NODE_13928_length_213_cov_1.805556	37.5	213	682	0.105572	3.17e-06	acc|GENBANK|AVL94966.1|GENBANK|MG807320|HrpA-like helicase [Moumouvirus australiensis]	Moumouvirus australiensis	Blastx
SRR31829833	NODE_32156_length_263_cov_1.017391	41.3	263	776	0.096649	3.18e-06	acc|GENBANK|ABY48135.1|GENBANK|EU306659|beta-D-xylosidase [Medicago truncatula]	Medicago truncatula	Blastx
SRR31829833	NODE_5232_length_347_cov_2.168790	58.7	347	213	0.215962	3.23e-06	acc|GENBANK|ACI00359.1|GENBANK|FJ173823|ZCCT2-B2a [Triticum turgidum]	Triticum turgidum	Blastx
SRR31829833	NODE_4893_length_266_cov_2.995708	36.7	266	749	0.105474	3.29e-06	acc|GENBANK|QKF94596.1|GENBANK|MT418680|HrpA-like RNA helicase [Fadolivirus FV1/VV64]	Fadolivirus FV1/VV64	Blastx
SRR31829833	NODE_20972_length_356_cov_2.789474	56.4	356	154	0.253247	3.29e-06	acc|GENBANK|QBK87091.1|GENBANK|MK500343|transcription factor S-II [Marseillevirus LCMAC103]	Marseillevirus LCMAC103	Blastx
SRR31829833	NODE_31137_length_247_cov_2.186916	36.3	247	230	0.347826	3.31e-06	acc|REFSEQ|YP_009174927.1|REFSEQ|NC_028112|hypothetical protein [Yellowstone lake phycodnavirus 1]	Yellowstone lake phycodnavirus 1	Blastx
SRR31829833	NODE_16536_length_381_cov_3.364943	33.1	381	454	0.273128	3.34e-06	acc|REFSEQ|YP_010781807.1|REFSEQ|NC_075039|hypothetical protein [Tupanvirus soda lake]	Tupanvirus soda lake	Blastx
SRR31829833	NODE_25873_length_554_cov_5.086372	28.4	554	571	0.203152	3.35e-06	acc|GENBANK|QPI16192.1|GENBANK|MW030542|DNA primase/helicase [Virus NIOZ-UU157]	Virus NIOZ-UU157	Blastx
SRR31829833	NODE_1220_length_675_cov_127.967290	28.9	675	182	0.835165	3.38e-06	acc|GENBANK|BDT62002.1|GENBANK|LC738871|hypothetical protein [Penaeus monodon majanivirus B]	Penaeus monodon majanivirus B	Blastx
SRR31829833	NODE_13348_length_271_cov_1.067227	38.3	271	244	0.245902	3.46e-06	acc|GENBANK|AYV80384.1|GENBANK|MK072243|CHY zinc finger family protein [Harvfovirus sp.]	Harvfovirus sp.	Blastx
SRR31829833	NODE_13161_length_221_cov_1.978723	40.6	221	889	0.071991	3.47e-06	acc|REFSEQ|YP_007354233.1|REFSEQ|NC_020104|Glycosyltransferase family 25 fused to [Acanthamoeba polyphaga moumouvirus]	Acanthamoeba polyphaga moumouvirus	Blastx
SRR31829833	NODE_1568_length_408_cov_13.922667	31.3	408	232	0.357759	3.59e-06	acc|GENBANK|ARF10905.1|GENBANK|KY684105|exonuclease [Hokovirus HKV1]	Hokovirus HKV1	Blastx
SRR31829833	NODE_15409_length_584_cov_10.769510	38.2	584	391	0.173913	3.65e-06	acc|GENBANK|AYV76056.1|GENBANK|MK071982|DnaJ domain protein [Terrestrivirus sp.]	Terrestrivirus sp.	Blastx
SRR31829833	NODE_4014_length_538_cov_16.114851	41.7	538	453	0.132450	3.80e-06	acc|GENBANK|XIT78948.1|GENBANK|PQ335173|RING-finger-containing E3 ubiquitin ligase [Threespine stickleback iridovirus]	Threespine stickleback iridovirus	Blastx
SRR31829833	NODE_10655_length_337_cov_2.447368	40.7	337	403	0.146402	3.82e-06	acc|GENBANK|AYV82314.1|GENBANK|MK072360|translation initiation factor 4A-III [Homavirus sp.]	Homavirus sp.	Blastx
SRR31829833	NODE_179_length_1096_cov_6.705550	35.9	1096	680	0.135294	3.92e-06	acc|GENBANK|QFG73938.1|GENBANK|MN448274|AAA domain protein [Megaviridae environmental sample]	Megaviridae environmental sample	Blastx
SRR31829833	NODE_1141_length_280_cov_6.202429	54.7	280	706	0.075071	3.95e-06	acc|GENBANK|WGU26822.1|GENBANK|OQ503488|OPT oligopeptide transporter protein [Triticum monococcum]	Triticum monococcum	Blastx
SRR31829833	NODE_16087_length_467_cov_5.474654	46.6	467	488	0.118852	4.00e-06	acc|GENBANK|AFQ62789.1|GENBANK|JX305313|APN2 [Hymenoscyphus albidus]	Hymenoscyphus albidus	Blastx
SRR31829833	NODE_15316_length_407_cov_3.986631	47.2	407	405	0.130864	4.12e-06	acc|GENBANK|WWE94605.1|GENBANK|PP098465|ORF76 [Lates calcarifer herpesvirus]	Lates calcarifer herpesvirus	Blastx
SRR31829833	NODE_14247_length_609_cov_3.934028	55.8	609	360	0.144444	4.15e-06	acc|GENBANK|QPI16529.1|GENBANK|MW030574|chaperone protein [Virus NIOZ-UU159]	Virus NIOZ-UU159	Blastx
SRR31829833	NODE_13887_length_412_cov_7.957784	32.5	412	395	0.194937	4.33e-06	acc|GENBANK|AYV79137.1|GENBANK|MK072134|serine/threonine protein kinase [Faunusvirus sp.]	Faunusvirus sp.	Blastx
SRR31829833	NODE_8159_length_661_cov_73.461783	36.0	661	420	0.264286	4.54e-06	acc|GENBANK|WAK75645.1|NEIGHBOR|ON812163|hypothetical protein [Kaisodi virus]	Kaisodi virus	Blastx
SRR31829833	NODE_11776_length_494_cov_4.451193	33.8	494	111	0.666667	4.60e-06	acc|REFSEQ|YP_009448553.1|REFSEQ|NC_036594|Thioredoxin [Orpheovirus IHUMI-LCC2]	Orpheovirus IHUMI-LCC2	Blastx
SRR31829833	NODE_14290_length_399_cov_4.483607	47.1	399	234	0.217949	4.64e-06	acc|REFSEQ|NP_073528.1|REFSEQ|NC_002642|143R protein [Yaba-like disease virus]	Yaba-like disease virus	Blastx
SRR31829833	NODE_4780_length_221_cov_1.771277	50.0	221	520	0.084615	4.64e-06	acc|GENBANK|APO14197.1|GENBANK|KX098475|truncated DELLA protein [Setaria italica]	Setaria italica	Blastx
SRR31829833	NODE_13281_length_444_cov_2.034063	37.1	444	569	0.156415	4.66e-06	acc|GENBANK|QJX74048.1|GENBANK|MT335755|hypothetical protein [Faustovirus]	Faustovirus	Blastx
SRR31829833	NODE_8893_length_416_cov_6.295039	38.0	416	484	0.163223	4.66e-06	acc|GENBANK|AYV77733.1|GENBANK|MK072066|CYP86A7 [Edafosvirus sp.]	Edafosvirus sp.	Blastx
SRR31829833	NODE_32424_length_267_cov_0.995726	56.1	267	759	0.054018	4.67e-06	acc|GENBANK|ACN78962.1|GENBANK|FJ225394|methyltransferase [Glycine max]	Glycine max	Blastx
SRR31829833	NODE_10757_length_224_cov_2.392670	43.5	224	511	0.135029	4.83e-06	acc|GENBANK|QDY52395.1|GENBANK|MK250091|hypothetical protein [Mimiviridae sp. ChoanoV1]	Mimiviridae sp. ChoanoV1	Blastx
SRR31829833	NODE_3037_length_709_cov_8.214497	30.2	709	543	0.176796	4.89e-06	acc|GENBANK|ARF10296.1|GENBANK|KY684103|cytochrome P450 family protein [Hokovirus HKV1]	Hokovirus HKV1	Blastx
SRR31829833	NODE_32987_length_276_cov_0.962963	36.8	276	368	0.236413	4.89e-06	acc|GENBANK|QFG73671.1|GENBANK|MN448266|peptidase family M20/M25/M40 [Megaviridae environmental sample]	Megaviridae environmental sample	Blastx
SRR31829833	NODE_19094_length_207_cov_4.982759	61.8	207	342	0.099415	5.25e-06	acc|GENBANK|AYV76290.1|GENBANK|MK071983|hypothetical protein [Terrestrivirus sp.]	Terrestrivirus sp.	Blastx
SRR31829833	NODE_13397_length_204_cov_0.877193	38.2	204	925	0.073514	5.30e-06	acc|GENBANK|ABY48139.1|GENBANK|EU306659|NORK [Medicago truncatula]	Medicago truncatula	Blastx
SRR31829833	NODE_3918_length_472_cov_1.416856	33.6	472	261	0.455939	5.35e-06	acc|GENBANK|AYV79236.1|GENBANK|MK072137|serine/threonine protein phosphatase [Faunusvirus sp.]	Faunusvirus sp.	Blastx
SRR31829833	NODE_24471_length_606_cov_6.125654	27.7	606	268	0.645522	5.48e-06	acc|GENBANK|QBK91399.1|GENBANK|MK500535|mitochondrial carrier-like protein [Pithovirus LCPAC302]	Pithovirus LCPAC302	Blastx
SRR31829833	NODE_20816_length_313_cov_1.771429	35.2	313	502	0.141434	5.64e-06	acc|GENBANK|QIG60155.1|GENBANK|MN940580|2-polyprenylphenol 6-hydroxylase [Dishui Lake large algae virus 1]	Dishui Lake large algae virus 1	Blastx
SRR31829833	NODE_6023_length_238_cov_43.395122	75.9	238	229	0.126638	5.66e-06	acc|REFSEQ|YP_009482443.1|REFSEQ|NC_037666|S-phase kinase-associated protein 1 [Pandoravirus neocaledonia]	Pandoravirus neocaledonia	Blastx
SRR31829833	NODE_1070_length_346_cov_63.741214	38.1	346	399	0.157895	5.73e-06	acc|GENBANK|QBK89073.1|GENBANK|MK500407|ring finger protein [Mimivirus LCMiAC02]	Mimivirus LCMiAC02	Blastx
SRR31829833	NODE_5335_length_663_cov_5.907937	40.3	663	956	0.070084	5.85e-06	acc|GENBANK|AYV83619.1|GENBANK|MK072391|ubiquitin-like modifier-activating enzyme 1 [Hyperionvirus sp.]	Hyperionvirus sp.	Blastx
SRR31829833	NODE_5012_length_497_cov_5.176724	50.0	497	1384	0.052023	5.98e-06	acc|GENBANK|ADB85299.1|GENBANK|GQ252825|putative retrotransposon protein [Phyllostachys edulis]	Phyllostachys edulis	Blastx
SRR31829833	NODE_30679_length_240_cov_1.130435	49.1	240	421	0.130641	6.00e-06	acc|REFSEQ|YP_009119842.1|REFSEQ|NC_026440|cys/met metabolism plpdependent enzyme [Pandoravirus inopinatum]	Pandoravirus inopinatum	Blastx
SRR31829833	NODE_4496_length_714_cov_31.243759	60.0	714	421	0.106888	6.07e-06	acc|GENBANK|AGP03657.1|GENBANK|KF220834|integrase-type DNA-binding superfamily protein [Glycine max]	Glycine max	Blastx
SRR31829833	NODE_5351_length_885_cov_9.969484	23.8	885	196	1.051020	6.20e-06	acc|GENBANK|QKF93917.1|GENBANK|MT418680|adenylate kinase/UMP-CMP kinase [Fadolivirus FV1/VV64]	Fadolivirus FV1/VV64	Blastx
SRR31829833	NODE_164_length_903_cov_10.588506	36.3	903	289	0.314879	6.33e-06	acc|GENBANK|AYV78214.1|GENBANK|MK072072|eukaryotic translation initiation factor 4G [Edafosvirus sp.]	Edafosvirus sp.	Blastx
SRR31829833	NODE_24152_length_366_cov_4.198198	39.0	366	127	0.322835	6.33e-06	acc|GENBANK|XIT78911.1|GENBANK|PQ335173|RING-finger-containing E3 ubiquitin ligase [Threespine stickleback iridovirus]	Threespine stickleback iridovirus	Blastx
SRR31829833	NODE_21995_length_648_cov_5.255285	29.0	648	169	0.733728	6.39e-06	acc|GENBANK|AYV77363.1|GENBANK|MK072041|polyprenyl synthetase [Barrevirus sp.]	Barrevirus sp.	Blastx
SRR31829833	NODE_18833_length_384_cov_6.928775	34.1	384	547	0.160878	6.59e-06	acc|GENBANK|ARF09888.1|GENBANK|KY684089|ABC transporter [Indivirus ILV1]	Indivirus ILV1	Blastx
SRR31829833	NODE_3910_length_275_cov_5.834711	36.3	275	471	0.193206	6.65e-06	acc|GENBANK|AFV13457.1|GENBANK|JQ314445|UDPG-flavonoid 3-O-glucosyl transferase [Tripsacum dactyloides]	Tripsacum dactyloides	Blastx
SRR31829833	NODE_1484_length_694_cov_3.125567	36.1	694	363	0.198347	6.70e-06	acc|REFSEQ|YP_009507483.1|REFSEQ|NC_038553|serine-threonine kinase [Heterosigma akashiwo virus 01]	Heterosigma akashiwo virus 01	Blastx
SRR31829833	NODE_31151_length_247_cov_1.014019	51.7	247	925	0.064865	6.76e-06	acc|GENBANK|ABY48139.1|GENBANK|EU306659|NORK [Medicago truncatula]	Medicago truncatula	Blastx
SRR31829833	NODE_32036_length_261_cov_1.026316	51.0	261	215	0.227907	6.81e-06	acc|GENBANK|QKF94565.1|GENBANK|MT418680|putative tRNA methyltransferase 9-like protein [Fadolivirus FV1/VV64]	Fadolivirus FV1/VV64	Blastx
SRR31829833	NODE_9140_length_409_cov_3.702128	35.4	409	299	0.274247	6.85e-06	acc|GENBANK|QBK91775.1|GENBANK|MK500565|mitochondrial carrier-like protein [Pithovirus LCPAC304]	Pithovirus LCPAC304	Blastx
SRR31829833	NODE_16663_length_226_cov_1.865285	66.7	226	103	0.262136	6.90e-06	acc|GENBANK|AYV75812.1|GENBANK|MK071981|putative AN1-type zinc finger protein 2A-like [Terrestrivirus sp.]	Terrestrivirus sp.	Blastx
SRR31829833	NODE_13099_length_293_cov_3.961538	38.6	293	217	0.262673	7.00e-06	acc|GENBANK|AOZ57168.1|GENBANK|KX147326|integrase [Coccinia grandis]	Coccinia grandis	Blastx
SRR31829833	NODE_871_length_326_cov_6.505119	49.0	326	215	0.227907	7.07e-06	acc|GENBANK|QKF94565.1|GENBANK|MT418680|putative tRNA methyltransferase 9-like protein [Fadolivirus FV1/VV64]	Fadolivirus FV1/VV64	Blastx
SRR31829833	NODE_1290_length_608_cov_41.166957	35.4	608	222	0.369369	7.22e-06	acc|GENBANK|QBK88168.1|GENBANK|MK500377|RNA recognition motif protein [Marseillevirus LCMAC202]	Marseillevirus LCMAC202	Blastx
SRR31829833	NODE_511_length_1191_cov_43.350604	40.2	1191	99	0.828283	7.27e-06	acc|REFSEQ|YP_010780200.1|REFSEQ|NC_075038|hypothetical protein [Tupanvirus deep ocean]	Tupanvirus deep ocean	Blastx
SRR31829833	NODE_28379_length_204_cov_1.368421	61.3	204	1281	0.024200	7.29e-06	acc|GENBANK|AAA67727.1|GENBANK|U15647|reverse transcriptase [Mus musculus domesticus]	Mus musculus domesticus	Blastx
SRR31829833	NODE_11982_length_1704_cov_15.112507	26.9	1704	276	0.659420	7.50e-06	acc|GENBANK|QPI16763.1|GENBANK|MW030601|hemolysin-III related protein [Virus NIOZ-UU159]	Virus NIOZ-UU159	Blastx
SRR31829833	NODE_6640_length_822_cov_4.778200	44.4	822	97	0.556701	7.50e-06	acc|GENBANK|AUF82187.1|GENBANK|KY322437|SANT superfamily protein [Tetraselmis virus 1]	Tetraselmis virus 1	Blastx
SRR31829833	NODE_12503_length_232_cov_2.909548	54.8	232	783	0.053640	7.57e-06	acc|GENBANK|QFG73724.1|GENBANK|MN448270|Hsp90 protein [Megaviridae environmental sample]	Megaviridae environmental sample	Blastx
SRR31829833	NODE_14970_length_500_cov_5.755889	30.9	500	727	0.169188	7.75e-06	acc|GENBANK|ADB85269.1|GENBANK|GQ252805|putative lectin-like protein kinase [Phyllostachys edulis]	Phyllostachys edulis	Blastx
SRR31829833	NODE_143_length_459_cov_12.610329	55.0	459	299	0.133779	7.77e-06	acc|GENBANK|UOG94093.1|NEIGHBOR|OM876856|serine threonine-protein phosphatase [Aureococcus anophagefferens virus]	Aureococcus anophagefferens virus	Blastx
SRR31829833	NODE_12667_length_448_cov_2.450602	36.6	448	357	0.282913	7.86e-06	acc|GENBANK|ABB29305.1|GENBANK|DQ219419|NADPH-dependent reductase [Zea mays]	Zea mays	Blastx
SRR31829833	NODE_10855_length_460_cov_12.838407	30.9	460	310	0.480645	8.01e-06	acc|GENBANK|AYV86922.1|GENBANK|MK072520|hypothetical protein [Sylvanvirus sp.]	Sylvanvirus sp.	Blastx
SRR31829833	NODE_29046_length_214_cov_2.585635	38.1	214	614	0.136808	8.08e-06	acc|REFSEQ|YP_003969745.1|REFSEQ|NC_014637|putative eIF-2/eIF-5B [Cafeteria roenbergensis virus BV-PW1]	Cafeteria roenbergensis virus BV-PW1	Blastx
SRR31829833	NODE_22580_length_318_cov_1.649123	35.7	318	472	0.207627	8.18e-06	acc|GENBANK|QDY52114.1|GENBANK|MK250087|hypothetical protein [Mimiviridae sp. ChoanoV1]	Mimiviridae sp. ChoanoV1	Blastx
SRR31829833	NODE_13885_length_1428_cov_7.900358	32.6	1428	225	0.573333	8.20e-06	acc|GENBANK|QFU19924.1|NEIGHBOR|MN160341|pV1 [European wheat striate mosaic virus]	European wheat striate mosaic virus	Blastx
SRR31829833	NODE_17107_length_1130_cov_20.803099	27.5	1130	890	0.244944	8.21e-06	acc|GENBANK|AVL94651.1|GENBANK|MG807320|putative procollagen-lysine [Moumouvirus australiensis]	Moumouvirus australiensis	Blastx
SRR31829833	NODE_24710_length_650_cov_6.136143	48.2	650	213	0.262911	8.23e-06	acc|GENBANK|ACI00359.1|GENBANK|FJ173823|ZCCT2-B2a [Triticum turgidum]	Triticum turgidum	Blastx
SRR31829833	NODE_9236_length_910_cov_6.134550	36.1	910	353	0.203966	8.50e-06	acc|GENBANK|WGU26821.1|GENBANK|OQ503488|S-acyltransferase 11-like protein [Triticum monococcum]	Triticum monococcum	Blastx
SRR31829833	NODE_30843_length_243_cov_1.590476	37.0	243	520	0.140385	8.65e-06	acc|GENBANK|APO14197.1|GENBANK|KX098475|truncated DELLA protein [Setaria italica]	Setaria italica	Blastx
SRR31829833	NODE_10911_length_353_cov_2.537500	35.9	353	517	0.150870	8.66e-06	acc|GENBANK|UYL95365.1|GENBANK|ON746418|hypothetical protein [Dali Nairo tick virus 1]	Dali Nairo tick virus 1	Blastx
SRR31829833	NODE_18397_length_834_cov_8.441948	28.5	834	1946	0.077595	8.69e-06	acc|GENBANK|ADB85424.1|GENBANK|GQ252887|putative retrotransposon protein [Phyllostachys edulis]	Phyllostachys edulis	Blastx
SRR31829833	NODE_6079_length_511_cov_16.167364	29.7	511	833	0.198079	8.73e-06	acc|GENBANK|AAL14454.1|GENBANK|AF397035|DNA mismatch repair protein Msh5 [Mus musculus]	Mus musculus	Blastx
SRR31829833	NODE_15907_length_475_cov_3.049774	30.4	475	299	0.451505	8.77e-06	acc|GENBANK|QBK91775.1|GENBANK|MK500565|mitochondrial carrier-like protein [Pithovirus LCPAC304]	Pithovirus LCPAC304	Blastx
SRR31829833	NODE_3103_length_2281_cov_19.086744	40.3	2281	91	0.681319	8.82e-06	acc|GENBANK|AYV76651.1|GENBANK|MK071988|putative acyl-CoA-binding protein [Terrestrivirus sp.]	Terrestrivirus sp.	Blastx
SRR31829833	NODE_9824_length_537_cov_7.220238	39.0	537	375	0.218667	8.83e-06	acc|GENBANK|QFG74672.1|GENBANK|MN448289|helicase [Megaviridae environmental sample]	Megaviridae environmental sample	Blastx
SRR31829833	NODE_22150_length_861_cov_2.900966	23.8	861	1004	0.300797	8.86e-06	acc|GENBANK|ARF11675.1|GENBANK|KY684109|leucine-rich repeat protein [Klosneuvirus KNV1]	Klosneuvirus KNV1	Blastx
SRR31829833	NODE_18283_length_462_cov_13.361305	26.5	462	105	0.971429	8.96e-06	acc|GENBANK|CAO82946.1|GENBANK|AM778053|putative pre-mRNA-splicing factor cwc-22 [Oryza sativa Japonica Group]	Oryza sativa Japonica Group	Blastx
SRR31829833	NODE_15024_length_387_cov_5.638418	34.2	387	471	0.254777	9.04e-06	acc|GENBANK|AFV13457.1|GENBANK|JQ314445|UDPG-flavonoid 3-O-glucosyl transferase [Tripsacum dactyloides]	Tripsacum dactyloides	Blastx
SRR31829833	NODE_16485_length_413_cov_3.221053	34.1	413	926	0.098272	9.15e-06	acc|GENBANK|AYV78243.1|GENBANK|MK072072|Zn-dependent peptidase [Edafosvirus sp.]	Edafosvirus sp.	Blastx
SRR31829833	NODE_678_length_320_cov_19.696864	38.8	320	182	0.368132	9.21e-06	acc|REFSEQ|YP_009163818.1|REFSEQ|NC_027778|ORF_057R [Scale drop disease virus]	Scale drop disease virus	Blastx
SRR31829833	NODE_23683_length_331_cov_8.382550	37.6	331	245	0.346939	9.24e-06	acc|REFSEQ|YP_010780680.1|REFSEQ|NC_075038|tRNA nucleotidyltransferase/poly(A) polymerase [Tupanvirus deep ocean]	Tupanvirus deep ocean	Blastx
SRR31829833	NODE_31143_length_247_cov_1.093458	39.8	247	925	0.089730	9.24e-06	acc|GENBANK|ABY48139.1|GENBANK|EU306659|NORK [Medicago truncatula]	Medicago truncatula	Blastx
SRR31829833	NODE_8192_length_785_cov_31.960106	46.3	785	97	0.556701	9.33e-06	acc|GENBANK|AUF82187.1|GENBANK|KY322437|SANT superfamily protein [Tetraselmis virus 1]	Tetraselmis virus 1	Blastx
SRR31829833	NODE_31247_length_249_cov_3.750000	36.1	249	558	0.148746	9.37e-06	acc|GENBANK|QOR60244.1|GENBANK|MK522034|hypothetical protein [Bathycoccus sp. RCC716 virus 1]	Bathycoccus sp. RCC716 virus 1	Blastx
SRR31829833	NODE_7290_length_673_cov_5.743750	32.4	673	306	0.333333	9.38e-06	acc|GENBANK|ADX06521.1|GENBANK|HQ704804|putative ABC transporter related protein [Organic Lake phycodnavirus]	Organic Lake phycodnavirus	Blastx
SRR31829833	NODE_16347_length_799_cov_3.737598	42.9	799	1297	0.053971	9.43e-06	acc|GENBANK|AAV51055.1|NEIGHBOR|AY653733|unknown [Acanthamoeba polyphaga mimivirus]	Acanthamoeba polyphaga mimivirus	Blastx
SRR31829833	NODE_14774_length_355_cov_2.788820	36.5	355	988	0.086032	9.51e-06	acc|GENBANK|ARF11760.1|GENBANK|KY684109|DNA mismatch repair ATPase MutS [Klosneuvirus KNV1]	Klosneuvirus KNV1	Blastx
SRR31829833	NODE_13404_length_308_cov_2.876364	55.8	308	404	0.106436	9.57e-06	acc|GENBANK|QBK87013.1|GENBANK|MK500340|phosphoribosyl transferase [Marseillevirus LCMAC103]	Marseillevirus LCMAC103	Blastx
SRR31829833	NODE_1368_length_838_cov_4.868323	23.3	838	653	0.361409	9.58e-06	acc|GENBANK|AYV76715.1|GENBANK|MK071990|zincin [Terrestrivirus sp.]	Terrestrivirus sp.	Blastx
SRR31829833	NODE_762_length_730_cov_7.707317	29.0	730	549	0.251366	9.92e-06	acc|GENBANK|WGU26819.1|GENBANK|OQ503488|BTB/POZ domain-containing protein [Triticum monococcum]	Triticum monococcum	Blastx
SRR31829833	NODE_24540_length_360_cov_5.143731	25.8	360	741	0.161943	9.92e-06	acc|GENBANK|WOA03171.1|GENBANK|OR637870|truncated WD40 protein PH13-H3 [Glycine max]	Glycine max	Blastx
SRR31829833	NODE_32567_length_269_cov_1.983051	40.4	269	213	0.417840	9.96e-06	acc|GENBANK|AAK76585.1|GENBANK|AY045911|putative copia retroelement pol polyprotein [Arabidopsis thaliana]	Arabidopsis thaliana	Blastx
