Run,ReleaseDate,LoadDate,spots,bases,spots_with_mates,avgLength,size_MB,AssemblyName,download_path,Experiment,LibraryName,LibraryStrategy,LibrarySelection,LibrarySource,LibraryLayout,InsertSize,InsertDev,Platform,Model,SRAStudy,BioProject,Study_Pubmed_id,ProjectID,Sample,BioSample,SampleType,TaxID,ScientificName,SampleName,g1k_pop_code,source,g1k_analysis_group,Subject_ID,Sex,Disease,Tumor,Affection_Status,Analyte_Type,Histological_Type,Body_Site,CenterName,Submission,dbgap_study_accession,Consent,RunHash,ReadHash,biosample_uid,biosample_accession_returned,biosample_title,biosample_organism,geo_loc_name,geo_country,geo_region_area,lat_lon,collection_date,isolate,cultivar,ecotype,tissue,biosample_status
SRR31829833,2024-12-26 04:57:07,2024-12-26 04:55:16,24364907,7309472100,24364907,300,2258,,https://sra-downloadb.be-md.ncbi.nlm.nih.gov/sos7/sra-pub-zq-41/SRR031/31829/SRR31829833/SRR31829833.lite.1,SRX27190236,P2:xuwen,RNA-Seq,RT-PCR,TRANSCRIPTOMIC,PAIRED,0,0,ILLUMINA,Illumina HiSeq 2500,SRP553840,PRJNA1203071,,1203071,SRS23641865,SAMN45970257,simple,55571,Dioscorea alata,P2:normal growth,,,,,,,no,,,,,GUANGDONG ACADEMY OF AGRICULTURAL SCIENCES,SRA2041212,,public,CE5117521D9E1A4989DD371596DA17C4,387DBB426EBE5DA740EC054B6CACAD40,45970257,SAMN45970257,Plant sample from Dioscorea alata,Dioscorea alata,China:guangzhou,China,guangzhou,,2020,,xuwen,,tuber root,ok
SRR31829832,2024-12-26 04:57:15,2024-12-26 04:55:12,23397575,7019272500,23397575,300,2137,,https://sra-downloadb.be-md.ncbi.nlm.nih.gov/sos7/sra-pub-zq-41/SRR031/31829/SRR31829832/SRR31829832.lite.1,SRX27190237,P3:xuwen,RNA-Seq,RT-PCR,TRANSCRIPTOMIC,PAIRED,0,0,ILLUMINA,Illumina HiSeq 2500,SRP553840,PRJNA1203071,,1203071,SRS23641866,SAMN45970258,simple,55571,Dioscorea alata,P3:normal growth,,,,,,,no,,,,,GUANGDONG ACADEMY OF AGRICULTURAL SCIENCES,SRA2041212,,public,5549EF1704B683CA3531B9D4A8D46CF3,76639BF826E0689089F3A70E64371D2B,45970258,SAMN45970258,Plant sample from Dioscorea alata,Dioscorea alata,China:guangzhou,China,guangzhou,,2020,,xuwen,,tuber root,ok
SRR31829831,2024-12-26 04:57:07,2024-12-26 04:54:59,23851353,7155405900,23851353,300,2174,,https://sra-downloadb.be-md.ncbi.nlm.nih.gov/sos7/sra-pub-zq-41/SRR031/31829/SRR31829831/SRR31829831.lite.1,SRX27190238,W1:luhe,RNA-Seq,RT-PCR,TRANSCRIPTOMIC,PAIRED,0,0,ILLUMINA,Illumina HiSeq 2500,SRP553840,PRJNA1203071,,1203071,SRS23641867,SAMN45970259,simple,55571,Dioscorea alata,W1:normal growth,,,,,,,no,,,,,GUANGDONG ACADEMY OF AGRICULTURAL SCIENCES,SRA2041212,,public,E5D5489138A2BADF4C25ECC946CFB21E,E7A0B3B6FFC721866D5ABE2FDE16C146,45970259,SAMN45970259,Plant sample from Dioscorea alata,Dioscorea alata,China:guangzhou,China,guangzhou,,2020,,luhe,,tuber root,ok
SRR31829830,2024-12-26 04:57:07,2024-12-26 04:54:59,23297565,6989269500,23297565,300,2123,,https://sra-downloadb.be-md.ncbi.nlm.nih.gov/sos7/sra-pub-zq-41/SRR031/31829/SRR31829830/SRR31829830.lite.1,SRX27190239,W2:luhe,RNA-Seq,RT-PCR,TRANSCRIPTOMIC,PAIRED,0,0,ILLUMINA,Illumina HiSeq 2500,SRP553840,PRJNA1203071,,1203071,SRS23641868,SAMN45970260,simple,55571,Dioscorea alata,W2:normal growth,,,,,,,no,,,,,GUANGDONG ACADEMY OF AGRICULTURAL SCIENCES,SRA2041212,,public,2E8CFEE1CA10387A15BAF76B283EC11C,7EFFE8A0CB882123617BCFD25FF9FA62,45970260,SAMN45970260,Plant sample from Dioscorea alata,Dioscorea alata,China:guangzhou,China,guangzhou,,2020,,luhe,,tuber root,ok
SRR31829829,2024-12-26 04:57:07,2024-12-26 04:54:54,23167789,6950336700,23167789,300,2131,,https://sra-downloadb.be-md.ncbi.nlm.nih.gov/sos7/sra-pub-zq-41/SRR031/31829/SRR31829829/SRR31829829.lite.1,SRX27190240,W3:luhe,RNA-Seq,RT-PCR,TRANSCRIPTOMIC,PAIRED,0,0,ILLUMINA,Illumina HiSeq 2500,SRP553840,PRJNA1203071,,1203071,SRS23641869,SAMN45970261,simple,55571,Dioscorea alata,W3:normal growth,,,,,,,no,,,,,GUANGDONG ACADEMY OF AGRICULTURAL SCIENCES,SRA2041212,,public,2A968DF15DD1625C53A866527D048CCB,80DE0CE5286E6C3DBF5212EB2E45D22A,45970261,SAMN45970261,Plant sample from Dioscorea alata,Dioscorea alata,China:guangzhou,China,guangzhou,,2020,,luhe,,tuber root,ok
SRR31829837,2024-12-26 04:57:07,2024-12-26 04:54:54,23218593,6965577900,23218593,300,2159,,https://sra-downloadb.be-md.ncbi.nlm.nih.gov/sos7/sra-pub-zq-41/SRR031/31829/SRR31829837/SRR31829837.lite.1,SRX27190232,F1:xuwen,RNA-Seq,RT-PCR,TRANSCRIPTOMIC,PAIRED,0,0,ILLUMINA,Illumina HiSeq 2500,SRP553840,PRJNA1203071,,1203071,SRS23641861,SAMN45970253,simple,55571,Dioscorea alata,F1:light,,,,,,,no,,,,,GUANGDONG ACADEMY OF AGRICULTURAL SCIENCES,SRA2041212,,public,7D9E5A31C181696B623957531CE40585,22B058E2B76E5C409E5AA485A5BB11EE,45970253,SAMN45970253,Plant sample from Dioscorea alata,Dioscorea alata,China:guangzhou,China,guangzhou,,2020,,xuwen,,tuber root,ok
SRR31829836,2024-12-26 04:57:07,2024-12-26 04:54:50,22858669,6857600700,22858669,300,2079,,https://sra-downloadb.be-md.ncbi.nlm.nih.gov/sos7/sra-pub-zq-41/SRR031/31829/SRR31829836/SRR31829836.lite.1,SRX27190233,F2:xuwen,RNA-Seq,RT-PCR,TRANSCRIPTOMIC,PAIRED,0,0,ILLUMINA,Illumina HiSeq 2500,SRP553840,PRJNA1203071,,1203071,SRS23641862,SAMN45970254,simple,55571,Dioscorea alata,F2:light,,,,,,,no,,,,,GUANGDONG ACADEMY OF AGRICULTURAL SCIENCES,SRA2041212,,public,EBB1F1E6A8C333DD2E12603318868114,DB69EFF1874C5C688831EAFD49FD3211,45970254,SAMN45970254,Plant sample from Dioscorea alata,Dioscorea alata,China:guangzhou,China,guangzhou,,2020,,xuwen,,tuber root,ok
SRR31829835,2024-12-26 04:57:07,2024-12-26 04:54:56,23790816,7137244800,23790816,300,2190,,https://sra-downloadb.be-md.ncbi.nlm.nih.gov/sos7/sra-pub-zq-41/SRR031/31829/SRR31829835/SRR31829835.lite.1,SRX27190234,F3:xuwen,RNA-Seq,RT-PCR,TRANSCRIPTOMIC,PAIRED,0,0,ILLUMINA,Illumina HiSeq 2500,SRP553840,PRJNA1203071,,1203071,SRS23641863,SAMN45970255,simple,55571,Dioscorea alata,F3:light,,,,,,,no,,,,,GUANGDONG ACADEMY OF AGRICULTURAL SCIENCES,SRA2041212,,public,56C46864070EE7530A7C19DCE11C75B0,3FABC62FF9C8778EAD3114081DD7EB4C,45970255,SAMN45970255,Plant sample from Dioscorea alata,Dioscorea alata,China:guangzhou,China,guangzhou,,2020,,xuwen,,tuber root,ok
SRR31829834,2024-12-26 04:57:07,2024-12-26 04:55:05,23635184,7090555200,23635184,300,2168,,https://sra-downloadb.be-md.ncbi.nlm.nih.gov/sos7/sra-pub-zq-41/SRR031/31829/SRR31829834/SRR31829834.lite.1,SRX27190235,P1:xuwen,RNA-Seq,RT-PCR,TRANSCRIPTOMIC,PAIRED,0,0,ILLUMINA,Illumina HiSeq 2500,SRP553840,PRJNA1203071,,1203071,SRS23641864,SAMN45970256,simple,55571,Dioscorea alata,P1:normal growth,,,,,,,no,,,,,GUANGDONG ACADEMY OF AGRICULTURAL SCIENCES,SRA2041212,,public,D7628425FE30239B1B44B3ACD575F934,1D1A96A82230DFE354BB9044764EF5A1,45970256,SAMN45970256,Plant sample from Dioscorea alata,Dioscorea alata,China:guangzhou,China,guangzhou,,2020,,xuwen,,tuber root,ok
SRR29924321,2024-07-28 00:05:32,2024-07-23 05:50:17,31758442,9527532600,31758442,300,2507,,https://sra-downloadb.be-md.ncbi.nlm.nih.gov/sos6/sra-pub-zq-40/SRR029/29924/SRR29924321/SRR29924321.lite.1,SRX25418332,M24144083aR1CL1A,RNA-Seq,PolyA,TRANSCRIPTOMIC,PAIRED,0,0,BGISEQ,BGISEQ-500,SRP521511,PRJNA1138298,,1138298,SRS22078617,SAMN42691524,simple,374975,Dioscorea composita,VIGS-DcWRKY11,,,,,,,no,,,,,SOUTH CHINA AGRICULTURAL UNIVERSITY,SRA1928652,,public,4A539FB14E715AA2D44D084A20C227A3,9B553CEA2AF0B69C494876CE4E063F48,42691524,SAMN42691524,Plant sample from Dioscorea composita,Dioscorea composita,China: guangzhou,China,guangzhou,,2024-07-10,Plant,,China,Leaf,ok
SRR29924322,2024-07-28 00:05:32,2024-07-23 05:50:07,30533977,9160193100,30533977,300,2417,,https://sra-downloadb.be-md.ncbi.nlm.nih.gov/sos6/sra-pub-zq-40/SRR029/29924/SRR29924322/SRR29924322.lite.1,SRX25418331,M24144083aR1BL1A,RNA-Seq,PolyA,TRANSCRIPTOMIC,PAIRED,0,0,BGISEQ,BGISEQ-500,SRP521511,PRJNA1138298,,1138298,SRS22078617,SAMN42691524,simple,374975,Dioscorea composita,VIGS-DcWRKY11,,,,,,,no,,,,,SOUTH CHINA AGRICULTURAL UNIVERSITY,SRA1928652,,public,066D29A3526F5ECC9CD37B2022363A1C,EF10192EFCBE81648B9A499DA9CE1940,42691524,SAMN42691524,Plant sample from Dioscorea composita,Dioscorea composita,China: guangzhou,China,guangzhou,,2024-07-10,Plant,,China,Leaf,ok
SRR29924323,2024-07-28 00:05:32,2024-07-23 05:49:21,20485406,6145621800,20485406,300,1631,,https://sra-downloadb.be-md.ncbi.nlm.nih.gov/sos6/sra-pub-zq-40/SRR029/29924/SRR29924323/SRR29924323.lite.1,SRX25418330,M24144083aR1AL1A,RNA-Seq,PolyA,TRANSCRIPTOMIC,PAIRED,0,0,BGISEQ,BGISEQ-500,SRP521511,PRJNA1138298,,1138298,SRS22078617,SAMN42691524,simple,374975,Dioscorea composita,VIGS-DcWRKY11,,,,,,,no,,,,,SOUTH CHINA AGRICULTURAL UNIVERSITY,SRA1928652,,public,8A1FC08D383F05A0DCAD1CBCD9FA28E6,EC6A966DE9E19496584BB3EE794294FD,42691524,SAMN42691524,Plant sample from Dioscorea composita,Dioscorea composita,China: guangzhou,China,guangzhou,,2024-07-10,Plant,,China,Leaf,ok
SRR29924324,2024-07-28 00:05:32,2024-07-23 05:50:57,37657569,11297270700,37657569,300,2927,,https://sra-downloadb.be-md.ncbi.nlm.nih.gov/sos6/sra-pub-zq-40/SRR029/29924/SRR29924324/SRR29924324.lite.1,SRX25418329,M24144082aR1CL1A,RNA-Seq,PolyA,TRANSCRIPTOMIC,PAIRED,0,0,BGISEQ,BGISEQ-500,SRP521511,PRJNA1138298,,1138298,SRS22078617,SAMN42691524,simple,374975,Dioscorea composita,VIGS-DcWRKY11,,,,,,,no,,,,,SOUTH CHINA AGRICULTURAL UNIVERSITY,SRA1928652,,public,262C3B6EB62E4F9E30828954DB4736BA,3AB30CADE2F1516D3F1E27510F416473,42691524,SAMN42691524,Plant sample from Dioscorea composita,Dioscorea composita,China: guangzhou,China,guangzhou,,2024-07-10,Plant,,China,Leaf,ok
SRR29924325,2024-07-28 00:05:32,2024-07-23 05:50:58,27240432,8172129600,27240432,300,2156,,https://sra-downloadb.be-md.ncbi.nlm.nih.gov/sos6/sra-pub-zq-40/SRR029/29924/SRR29924325/SRR29924325.lite.1,SRX25418328,M24144082aR1BL1A,RNA-Seq,PolyA,TRANSCRIPTOMIC,PAIRED,0,0,BGISEQ,BGISEQ-500,SRP521511,PRJNA1138298,,1138298,SRS22078617,SAMN42691524,simple,374975,Dioscorea composita,VIGS-DcWRKY11,,,,,,,no,,,,,SOUTH CHINA AGRICULTURAL UNIVERSITY,SRA1928652,,public,FB48C0DBD92BFD44136AC5C47CDB8980,2264CE091155D9568476665E39507F98,42691524,SAMN42691524,Plant sample from Dioscorea composita,Dioscorea composita,China: guangzhou,China,guangzhou,,2024-07-10,Plant,,China,Leaf,ok
SRR29924326,2024-07-28 00:05:32,2024-07-23 05:52:12,33597466,10079239800,33597466,300,2665,,https://sra-downloadb.be-md.ncbi.nlm.nih.gov/sos6/sra-pub-zq-40/SRR029/29924/SRR29924326/SRR29924326.lite.1,SRX25418327,M24144082aR1AL1A,RNA-Seq,PolyA,TRANSCRIPTOMIC,PAIRED,0,0,BGISEQ,BGISEQ-500,SRP521511,PRJNA1138298,,1138298,SRS22078617,SAMN42691524,simple,374975,Dioscorea composita,VIGS-DcWRKY11,,,,,,,no,,,,,SOUTH CHINA AGRICULTURAL UNIVERSITY,SRA1928652,,public,DD501EF67934B41DF61C6CEF4C1C79CF,F568C5F0C8B51ED93CA2C874EC88C1A9,42691524,SAMN42691524,Plant sample from Dioscorea composita,Dioscorea composita,China: guangzhou,China,guangzhou,,2024-07-10,Plant,,China,Leaf,ok
SRR27339519,2023-12-24 22:58:14,2023-12-24 22:55:17,20847243,6295867386,20847243,302,1954,,https://sra-downloadb.be-md.ncbi.nlm.nih.gov/sos3/sra-pub-zq-22/SRR027/27339/SRR27339519/SRR27339519.lite.1,SRX23016362,L2,RNA-Seq,PCR,TRANSCRIPTOMIC,PAIRED,0,0,ILLUMINA,Illumina NovaSeq 6000,SRP479946,PRJNA1056483,,1056483,SRS19979505,SAMN39101236,simple,374975,Dioscorea composita,Y01_2,,,,,,,no,,,,,"INSTITUTE OF BIOMASS ENGINEERING, SOUTH CHINA AGRICULTURAL UNIVERSITY",SRA1775137,,public,3CF42B5D2FA7933F74434904BBB456DC,4C29131DB068390DA2DB7FE6407E2E38,39101236,SAMN39101236,Plant sample from Dioscorea composita,Dioscorea composita,China:Guangdong,China,Guangdong,,missing,Dioscorea composita 2,not applicable,not applicable,leaf,ok
SRR27339518,2023-12-24 23:00:20,2023-12-24 22:55:24,22309405,6737440310,22309405,302,2072,,https://sra-downloadb.be-md.ncbi.nlm.nih.gov/sos3/sra-pub-zq-22/SRR027/27339/SRR27339518/SRR27339518.lite.1,SRX23016363,L3,RNA-Seq,PCR,TRANSCRIPTOMIC,PAIRED,0,0,ILLUMINA,Illumina NovaSeq 6000,SRP479946,PRJNA1056483,,1056483,SRS19979506,SAMN39101237,simple,374975,Dioscorea composita,Y01_3,,,,,,,no,,,,,"INSTITUTE OF BIOMASS ENGINEERING, SOUTH CHINA AGRICULTURAL UNIVERSITY",SRA1775137,,public,FB8998A67F1CD1575A69551B8AC6FE59,E5C9DC7BA3D7202F4A72D7AFFE1689D2,39101237,SAMN39101237,Plant sample from Dioscorea composita,Dioscorea composita,China:Guangdong,China,Guangdong,,missing,Dioscorea composita 3,not applicable,not applicable,leaf,ok
SRR27339517,2023-12-24 23:00:20,2023-12-24 22:55:34,22088630,6670766260,22088630,302,2038,,https://sra-downloadb.be-md.ncbi.nlm.nih.gov/sos3/sra-pub-zq-22/SRR027/27339/SRR27339517/SRR27339517.lite.1,SRX23016364,L4,RNA-Seq,PCR,TRANSCRIPTOMIC,PAIRED,0,0,ILLUMINA,Illumina NovaSeq 6000,SRP479946,PRJNA1056483,,1056483,SRS19979507,SAMN39101238,simple,374975,Dioscorea composita,Y02_1,,,,,,,no,,,,,"INSTITUTE OF BIOMASS ENGINEERING, SOUTH CHINA AGRICULTURAL UNIVERSITY",SRA1775137,,public,EC8F418A8807AFAA54114DD16CCF390A,4AFABCDF958522F5DB9A81E0BE583152,39101238,SAMN39101238,Plant sample from Dioscorea composita,Dioscorea composita,China:Guangdong,China,Guangdong,,missing,Dioscorea composita 4,not applicable,not applicable,leaf,ok
SRR27339516,2023-12-24 22:58:14,2023-12-24 22:54:37,22483738,6790088876,22483738,302,2074,,https://sra-downloadb.be-md.ncbi.nlm.nih.gov/sos3/sra-pub-zq-22/SRR027/27339/SRR27339516/SRR27339516.lite.1,SRX23016365,L5,RNA-Seq,PCR,TRANSCRIPTOMIC,PAIRED,0,0,ILLUMINA,Illumina NovaSeq 6000,SRP479946,PRJNA1056483,,1056483,SRS19979508,SAMN39101239,simple,374975,Dioscorea composita,Y02_2,,,,,,,no,,,,,"INSTITUTE OF BIOMASS ENGINEERING, SOUTH CHINA AGRICULTURAL UNIVERSITY",SRA1775137,,public,2A0154A11C94344559AED5FC9B1B1810,0A137E44887FF8B34C9CD0066E1890EF,39101239,SAMN39101239,Plant sample from Dioscorea composita,Dioscorea composita,China:Guangdong,China,Guangdong,,missing,Dioscorea composita 5,not applicable,not applicable,leaf,ok
SRR27339515,2023-12-24 22:58:14,2023-12-24 22:55:14,21313128,6436564656,21313128,302,1984,,https://sra-downloadb.be-md.ncbi.nlm.nih.gov/sos3/sra-pub-zq-22/SRR027/27339/SRR27339515/SRR27339515.lite.1,SRX23016366,L6,RNA-Seq,PCR,TRANSCRIPTOMIC,PAIRED,0,0,ILLUMINA,Illumina NovaSeq 6000,SRP479946,PRJNA1056483,,1056483,SRS19979509,SAMN39101240,simple,374975,Dioscorea composita,Y02_3,,,,,,,no,,,,,"INSTITUTE OF BIOMASS ENGINEERING, SOUTH CHINA AGRICULTURAL UNIVERSITY",SRA1775137,,public,6DB5D4F86052F85D2E3856B3FC78B42E,FC56AD129D3E8237D3F2752A4ECE12A3,39101240,SAMN39101240,Plant sample from Dioscorea composita,Dioscorea composita,China:Guangdong,China,Guangdong,,missing,Dioscorea composita 6,not applicable,not applicable,leaf,ok
SRR25253386,2024-08-01 02:46:46,2023-08-23 18:22:00,44749761,9039451722,44749761,202,2765,,https://sra-downloadb.be-md.ncbi.nlm.nih.gov/sos6/sra-pub-zq-40/SRR025/25253/SRR25253386/SRR25253386.lite.1,SRX20999431,LEAF1,RNA-Seq,Oligo-dT,TRANSCRIPTOMIC,PAIRED,0,0,ILLUMINA,Illumina NovaSeq 6000,SRP443935,PRJNA984171,,984171,SRS18272720,SAMN36419116,simple,394303,Dioscorea deltoidea,L1,,,,,,,no,,,,,CSIR - INDIAN INSTITUTE OF INTEGRATIVE MEDICINE,SRA1672003,,public,4FECE7B694D006747F475694004B033A,118CEDABCEB6812DD422BB468C9529EB,36419116,SAMN36419116,Plant sample from Dioscorea deltoidea,Dioscorea deltoidea,India: J&K,India,J&K,,2020-08-17,leaf,wall EX Griseb,Himalayan,aerial,ok
SRR25253385,2024-08-01 02:46:46,2023-08-23 16:47:18,44609259,9011070318,44609259,202,2753,,https://sra-downloadb.be-md.ncbi.nlm.nih.gov/sos6/sra-pub-zq-40/SRR025/25253/SRR25253385/SRR25253385.lite.1,SRX20999432,TUBER1,RNA-Seq,Oligo-dT,TRANSCRIPTOMIC,PAIRED,0,0,ILLUMINA,Illumina NovaSeq 6000,SRP443935,PRJNA984171,,984171,SRS18272721,SAMN36419117,simple,394303,Dioscorea deltoidea,T1,,,,,,,no,,,,,CSIR - INDIAN INSTITUTE OF INTEGRATIVE MEDICINE,SRA1672003,,public,0EF6DA10C08584D54184E3462C17D1F6,D6CDA3F167CF5D4B4DEE5529B81C9A87,36419117,SAMN36419117,Plant sample from Dioscorea deltoidea,Dioscorea deltoidea,India: J&K,India,J&K,,2020-08-17,tuber,wall EX Griseb,Himalayan,rhizome,ok
SRR25002067,2023-07-31 00:04:19,2023-06-23 06:19:24,23504693,7051407900,23504693,300,2200,,https://sra-downloadb.be-md.ncbi.nlm.nih.gov/sos5/sra-pub-zq-14/SRR025/25002/SRR25002067/SRR25002067.lite.1,SRX20757780,W2,RNA-Seq,Oligo-dT,TRANSCRIPTOMIC,PAIRED,0,0,ILLUMINA,Illumina NovaSeq 6000,SRP445455,PRJNA984808,,984808,SRS18046160,SAMN35778637,simple,569628,Dioscorea oppositifolia,W2,,,,,,,no,,,,,ZHENGZHOU UNIVERSITY OF LIGHT INDUSTRY,SRA1658315,,public,D19A7AA2336E46E8EA71AFAD7E2210BD,1785E32A29453E8108AA2A5F6A37B873,35778637,SAMN35778637,W2,Dioscorea oppositifolia,China:Henan,China,Henan,,2022-12-24,,Tiegun,,wound tuber,ok
SRR25002066,2023-07-31 00:04:19,2023-06-23 06:19:40,24451878,7335563400,24451878,300,2395,,https://sra-downloadb.be-md.ncbi.nlm.nih.gov/sos5/sra-pub-zq-14/SRR025/25002/SRR25002066/SRR25002066.lite.1,SRX20757781,W3,RNA-Seq,Oligo-dT,TRANSCRIPTOMIC,PAIRED,0,0,ILLUMINA,Illumina NovaSeq 6000,SRP445455,PRJNA984808,,984808,SRS18046161,SAMN35778638,simple,569628,Dioscorea oppositifolia,W3,,,,,,,no,,,,,ZHENGZHOU UNIVERSITY OF LIGHT INDUSTRY,SRA1658315,,public,0F4CA5FC16DC02999DBE3CDF61077368,130CCFC919A935ECA6DB64B044AF830D,35778638,SAMN35778638,W3,Dioscorea oppositifolia,China:Henan,China,Henan,,2022-12-24,,Tiegun,,wound tuber,ok
SRR27339520,2023-12-24 23:00:20,2023-12-24 22:56:56,24502156,7399651112,24502156,302,2304,,https://sra-downloadb.be-md.ncbi.nlm.nih.gov/sos3/sra-pub-zq-22/SRR027/27339/SRR27339520/SRR27339520.lite.1,SRX23016361,L1,RNA-Seq,PCR,TRANSCRIPTOMIC,PAIRED,0,0,ILLUMINA,Illumina NovaSeq 6000,SRP479946,PRJNA1056483,,1056483,SRS19979504,SAMN39101235,simple,374975,Dioscorea composita,Y01_1,,,,,,,no,,,,,"INSTITUTE OF BIOMASS ENGINEERING, SOUTH CHINA AGRICULTURAL UNIVERSITY",SRA1775137,,public,C2214720575936C61FD9B02E40E37A4D,CDED0117C0863D980E68457D1D8FA075,39101235,SAMN39101235,Plant sample from Dioscorea composita,Dioscorea composita,China:Guangdong,China,Guangdong,,missing,Dioscorea composita 1,not applicable,not applicable,leaf,ok
SRR25002071,2023-07-31 00:04:19,2023-06-23 06:20:12,26402397,7920719100,26402397,300,2582,,https://sra-downloadb.be-md.ncbi.nlm.nih.gov/sos5/sra-pub-zq-14/SRR025/25002/SRR25002071/SRR25002071.lite.1,SRX20757776,C1,RNA-Seq,Oligo-dT,TRANSCRIPTOMIC,PAIRED,0,0,ILLUMINA,Illumina NovaSeq 6000,SRP445455,PRJNA984808,,984808,SRS18046152,SAMN35778633,simple,569628,Dioscorea oppositifolia,C1,,,,,,,no,,,,,ZHENGZHOU UNIVERSITY OF LIGHT INDUSTRY,SRA1658315,,public,3E42B53DBB6CD41F2B6CF788707EB461,A19FA21275E50C803E4B4B67531C5FA1,35778633,SAMN35778633,C1,Dioscorea oppositifolia,China:Henan,China,Henan,,2022-12-21,,Tiegun,,wound tuber,ok
SRR25002070,2023-07-31 00:04:19,2023-06-23 06:19:24,23947920,7184376000,23947920,300,2254,,https://sra-downloadb.be-md.ncbi.nlm.nih.gov/sos5/sra-pub-zq-14/SRR025/25002/SRR25002070/SRR25002070.lite.1,SRX20757777,C2,RNA-Seq,Oligo-dT,TRANSCRIPTOMIC,PAIRED,0,0,ILLUMINA,Illumina NovaSeq 6000,SRP445455,PRJNA984808,,984808,SRS18046151,SAMN35778634,simple,569628,Dioscorea oppositifolia,C2,,,,,,,no,,,,,ZHENGZHOU UNIVERSITY OF LIGHT INDUSTRY,SRA1658315,,public,1AAACC9D5E86EC3B3ECA07D1812F617A,8111BD8196863D13A789B410F8F88409,35778634,SAMN35778634,C2,Dioscorea oppositifolia,China:Henan,China,Henan,,2022-12-21,,Tiegun,,wound tuber,ok
SRR25002069,2023-07-31 00:04:19,2023-06-23 06:19:49,24749370,7424811000,24749370,300,2328,,https://sra-downloadb.be-md.ncbi.nlm.nih.gov/sos5/sra-pub-zq-14/SRR025/25002/SRR25002069/SRR25002069.lite.1,SRX20757778,C3,RNA-Seq,Oligo-dT,TRANSCRIPTOMIC,PAIRED,0,0,ILLUMINA,Illumina NovaSeq 6000,SRP445455,PRJNA984808,,984808,SRS18046153,SAMN35778635,simple,569628,Dioscorea oppositifolia,C3,,,,,,,no,,,,,ZHENGZHOU UNIVERSITY OF LIGHT INDUSTRY,SRA1658315,,public,3B0F403ACE685AF1AD0019438ABBE923,D806DE769FE635EA937DCEF76DE8FB66,35778635,SAMN35778635,C3,Dioscorea oppositifolia,China:Henan,China,Henan,,2022-12-21,,Tiegun,,wound tuber,ok
SRR24967166,2023-06-20 08:22:39,2023-06-20 08:06:35,26709054,8066134308,26709054,302,2476,,https://sra-downloadb.be-md.ncbi.nlm.nih.gov/sos1/sra-pub-zq-38/SRR024/24967/SRR24967166/SRR24967166.lite.1,SRX20725146,P_3_1,RNA-Seq,Oligo-dT,TRANSCRIPTOMIC,PAIRED,0,0,ILLUMINA,Illumina MiSeq,SRP444792,PRJNA983427,,983427,SRS18016074,SAMN35725540,simple,569628,Dioscorea oppositifolia,P_3,,,,,not collected,,no,,,,,HENAN NORMAL UNIVERSITY,SRA1658317,,public,B01CC632F01EA44B12F1CA7AD9EF09BE,C9835DD1BFD201425A79D152B5B2EF81,35725540,SAMN35725540,Plant sample from Dioscorea oppositifolia,Dioscorea oppositifolia,not applicable,not applicable,,not collected,2022-08,Tiegun,not applicable,Penicillium,Callus,ok
SRR25002068,2023-07-31 00:04:19,2023-06-23 06:19:11,22644453,6793335900,22644453,300,2133,,https://sra-downloadb.be-md.ncbi.nlm.nih.gov/sos5/sra-pub-zq-14/SRR025/25002/SRR25002068/SRR25002068.lite.1,SRX20757779,W1,RNA-Seq,Oligo-dT,TRANSCRIPTOMIC,PAIRED,0,0,ILLUMINA,Illumina NovaSeq 6000,SRP445455,PRJNA984808,,984808,SRS18046158,SAMN35778636,simple,569628,Dioscorea oppositifolia,W1,,,,,,,no,,,,,ZHENGZHOU UNIVERSITY OF LIGHT INDUSTRY,SRA1658315,,public,3B13255F532B537D574ABC3A12DEFEC4,ECA80A3503A6FCF27EE016DD6FA83019,35778636,SAMN35778636,W1,Dioscorea oppositifolia,China:Henan,China,Henan,,2022-12-24,,Tiegun,,wound tuber,ok
SRR24967171,2023-06-20 08:22:39,2023-06-20 08:07:47,34022893,10274913686,34022893,302,3112,,https://sra-downloadb.be-md.ncbi.nlm.nih.gov/sos1/sra-pub-zq-38/SRR024/24967/SRR24967171/SRR24967171.lite.1,SRX20725141,A_1_1,RNA-Seq,Oligo-dT,TRANSCRIPTOMIC,PAIRED,0,0,ILLUMINA,Illumina MiSeq,SRP444792,PRJNA983427,,983427,SRS18016068,SAMN35725535,simple,569628,Dioscorea oppositifolia,A_1,,,,,not collected,,no,,,,,HENAN NORMAL UNIVERSITY,SRA1658317,,public,CCDEB58CD8B1953D878DF778835AE93F,2E662DDA3D3A7053FEFA809CB54CF285,35725535,SAMN35725535,Plant sample from Dioscorea oppositifolia,Dioscorea oppositifolia,not applicable,not applicable,,not collected,2022-08,Tiegun,not applicable,Alternaria,Callus,ok
SRR24967169,2023-06-20 08:22:39,2023-06-20 08:06:07,23177686,6999661172,23177686,302,2202,,https://sra-downloadb.be-md.ncbi.nlm.nih.gov/sos1/sra-pub-zq-38/SRR024/24967/SRR24967169/SRR24967169.lite.1,SRX20725142,A_2_1,RNA-Seq,Oligo-dT,TRANSCRIPTOMIC,PAIRED,0,0,ILLUMINA,Illumina MiSeq,SRP444792,PRJNA983427,,983427,SRS18016070,SAMN35725536,simple,569628,Dioscorea oppositifolia,A_2,,,,,not collected,,no,,,,,HENAN NORMAL UNIVERSITY,SRA1658317,,public,B66E1778E57C09F8A7D004BADC948D89,E008DAE38691BC06EDDB0C9724EE86BF,35725536,SAMN35725536,Plant sample from Dioscorea oppositifolia,Dioscorea oppositifolia,not applicable,not applicable,,not collected,2022-08,Tiegun,not applicable,Alternaria,Callus,ok
SRR24967168,2023-06-20 08:22:39,2023-06-20 08:08:26,24454096,7385136992,24454096,302,2245,,https://sra-downloadb.be-md.ncbi.nlm.nih.gov/sos1/sra-pub-zq-38/SRR024/24967/SRR24967168/SRR24967168.lite.1,SRX20725143,A_3_1,RNA-Seq,Oligo-dT,TRANSCRIPTOMIC,PAIRED,0,0,ILLUMINA,Illumina MiSeq,SRP444792,PRJNA983427,,983427,SRS18016071,SAMN35725537,simple,569628,Dioscorea oppositifolia,A_3,,,,,not collected,,no,,,,,HENAN NORMAL UNIVERSITY,SRA1658317,,public,2C484878F17D76A5CB221DAFE7F3A5DB,B5BD4540A32F9CD09BE0020522E3A690,35725537,SAMN35725537,Plant sample from Dioscorea oppositifolia,Dioscorea oppositifolia,not applicable,not applicable,,not collected,2022-08,Tiegun,not applicable,Alternaria,Callus,ok
SRR24967167,2023-06-20 08:22:39,2023-06-20 08:08:56,25296549,7639557798,25296549,302,2349,,https://sra-downloadb.be-md.ncbi.nlm.nih.gov/sos1/sra-pub-zq-38/SRR024/24967/SRR24967167/SRR24967167.lite.1,SRX20725144,P_1_1,RNA-Seq,Oligo-dT,TRANSCRIPTOMIC,PAIRED,0,0,ILLUMINA,Illumina MiSeq,SRP444792,PRJNA983427,,983427,SRS18016072,SAMN35725538,simple,569628,Dioscorea oppositifolia,P_1,,,,,not collected,,no,,,,,HENAN NORMAL UNIVERSITY,SRA1658317,,public,2CDC00CD89E8376EAA8BFFD2265BE102,5FC3B765A106E72E11AAF19F2A0E756E,35725538,SAMN35725538,Plant sample from Dioscorea oppositifolia,Dioscorea oppositifolia,not applicable,not applicable,,not collected,2022-08,Tiegun,not applicable,Penicillium,Callus,ok
SRR24967170,2023-06-20 08:22:39,2023-06-20 08:08:38,28311217,8549987534,28311217,302,2637,,https://sra-downloadb.be-md.ncbi.nlm.nih.gov/sos1/sra-pub-zq-38/SRR024/24967/SRR24967170/SRR24967170.lite.1,SRX20725145,P_2_1,RNA-Seq,Oligo-dT,TRANSCRIPTOMIC,PAIRED,0,0,ILLUMINA,Illumina MiSeq,SRP444792,PRJNA983427,,983427,SRS18016073,SAMN35725539,simple,569628,Dioscorea oppositifolia,P_2,,,,,not collected,,no,,,,,HENAN NORMAL UNIVERSITY,SRA1658317,,public,E8AA5C1C79EF76AA77C4B2AFEA2812E9,53609A7DF9652DE52EBFAC70D3B4926A,35725539,SAMN35725539,Plant sample from Dioscorea oppositifolia,Dioscorea oppositifolia,not applicable,not applicable,,not collected,2022-08,Tiegun,not applicable,Penicillium,Callus,ok
SRR24967174,2023-06-20 08:22:39,2023-06-20 08:07:33,31725025,9580957550,31725025,302,2920,,https://sra-downloadb.be-md.ncbi.nlm.nih.gov/sos1/sra-pub-zq-38/SRR024/24967/SRR24967174/SRR24967174.lite.1,SRX20725138,CK-1_1,RNA-Seq,Oligo-dT,TRANSCRIPTOMIC,PAIRED,0,0,ILLUMINA,Illumina MiSeq,SRP444792,PRJNA983427,,983427,SRS18016066,SAMN35725532,simple,569628,Dioscorea oppositifolia,CK-1,,,,,not collected,,no,,,,,HENAN NORMAL UNIVERSITY,SRA1658317,,public,ABBE3428A15E9654A91E2A557EFB7A39,ADEBD563ED8FBC0E1F29ED071C6D664B,35725532,SAMN35725532,Plant sample from Dioscorea oppositifolia,Dioscorea oppositifolia,not applicable,not applicable,,not collected,2022-08,Tiegun,not applicable,control,Callus,ok
SRR24967173,2023-06-20 08:22:39,2023-06-20 08:09:39,44212989,13352322678,44212989,302,4049,,https://sra-downloadb.be-md.ncbi.nlm.nih.gov/sos1/sra-pub-zq-38/SRR024/24967/SRR24967173/SRR24967173.lite.1,SRX20725139,CK-2_1,RNA-Seq,Oligo-dT,TRANSCRIPTOMIC,PAIRED,0,0,ILLUMINA,Illumina MiSeq,SRP444792,PRJNA983427,,983427,SRS18016069,SAMN35725533,simple,569628,Dioscorea oppositifolia,CK-2,,,,,not collected,,no,,,,,HENAN NORMAL UNIVERSITY,SRA1658317,,public,9F49E1647681389BB847762D62905B48,FEE53613BF208692152D65B3C8556EE7,35725533,SAMN35725533,Plant sample from Dioscorea oppositifolia,Dioscorea oppositifolia,not applicable,not applicable,,not collected,2022-08,Tiegun,not applicable,control,Callus,ok
SRR24967172,2023-06-20 08:22:39,2023-06-20 08:08:15,26261614,7931007428,26261614,302,2468,,https://sra-downloadb.be-md.ncbi.nlm.nih.gov/sos1/sra-pub-zq-38/SRR024/24967/SRR24967172/SRR24967172.lite.1,SRX20725140,CK-3_1,RNA-Seq,Oligo-dT,TRANSCRIPTOMIC,PAIRED,0,0,ILLUMINA,Illumina MiSeq,SRP444792,PRJNA983427,,983427,SRS18016067,SAMN35725534,simple,569628,Dioscorea oppositifolia,CK-3,,,,,not collected,,no,,,,,HENAN NORMAL UNIVERSITY,SRA1658317,,public,17EF6E924E7216A56B415CAA5E5F9E67,C5533B7954A107AFE2116E91CD81AC9E,35725534,SAMN35725534,Plant sample from Dioscorea oppositifolia,Dioscorea oppositifolia,not applicable,not applicable,,not collected,2022-08,Tiegun,not applicable,control,Callus,ok
SRR23826102,2023-10-25 05:20:52,2023-03-13 09:52:48,55611845,16683553500,55611845,300,4891,,https://sra-downloadb.be-md.ncbi.nlm.nih.gov/sos1/sra-pub-zq-38/SRR023/23826/SRR23826102/SRR23826102.lite.1,SRX19647849,F60T_1,RNA-Seq,Oligo-dT,TRANSCRIPTOMIC,PAIRED,0,0,ILLUMINA,Illumina NovaSeq 6000,SRP426955,PRJNA942579,,942579,SRS17015460,SAMN33695167,simple,55575,Dioscorea polystachya,F60_tuber_tip_1,,,,,female,,no,,,,,UNIVERSITY OF MUENSTER,SRA1601916,,public,7D886A7B65C8644D336F5CCBA2BD9C14,9F1EF79C1F3AEFB71964FB33090EDE9A,33695167,SAMN33695167,Plant sample from Dioscorea polystachya,Dioscorea polystachya,France: Loire-et-Cher,France,Loire-et-Cher,,,F60,,,tuber tip,ok
SRR23826103,2023-10-25 05:20:52,2023-03-13 10:10:45,72044845,21613453500,72044845,300,6440,,https://sra-downloadb.be-md.ncbi.nlm.nih.gov/sos1/sra-pub-zq-38/SRR023/23826/SRR23826103/SRR23826103.lite.1,SRX19647848,F60T_2,RNA-Seq,Oligo-dT,TRANSCRIPTOMIC,PAIRED,0,0,ILLUMINA,Illumina NovaSeq 6000,SRP426955,PRJNA942579,,942579,SRS17015459,SAMN33695168,simple,55575,Dioscorea polystachya,F60_tuber_tip_2,,,,,female,,no,,,,,UNIVERSITY OF MUENSTER,SRA1601916,,public,A738AA6B5F9952863B7B21C78F279D0A,E40F81787ED2AAF8D7B89EC158675A76,33695168,SAMN33695168,Plant sample from Dioscorea polystachya,Dioscorea polystachya,France: Loire-et-Cher,France,Loire-et-Cher,,,F60,,,tuber tip,ok
SRR23826105,2023-10-25 05:20:52,2023-03-13 10:11:18,61255816,18376744800,61255816,300,5443,,https://sra-downloadb.be-md.ncbi.nlm.nih.gov/sos1/sra-pub-zq-38/SRR023/23826/SRR23826105/SRR23826105.lite.1,SRX19647846,F2000H_1,RNA-Seq,Oligo-dT,TRANSCRIPTOMIC,PAIRED,0,0,ILLUMINA,Illumina NovaSeq 6000,SRP426955,PRJNA942579,,942579,SRS17015457,SAMN33695170,simple,55575,Dioscorea polystachya,F2000_tuber_head_1,,,,,female,,no,,,,,UNIVERSITY OF MUENSTER,SRA1601916,,public,1C239734E762595E8207B254D2CC12BD,FA79D0F10FD702E9C69970D474F2F3B1,33695170,SAMN33695170,Plant sample from Dioscorea polystachya,Dioscorea polystachya,France: Loire-et-Cher,France,Loire-et-Cher,,,F2000,,,tuber head,ok
SRR23826108,2023-10-25 05:20:52,2023-03-13 10:47:01,56815887,17044766100,56815887,300,5007,,https://sra-downloadb.be-md.ncbi.nlm.nih.gov/sos1/sra-pub-zq-38/SRR023/23826/SRR23826108/SRR23826108.lite.1,SRX19647843,F60M_1,RNA-Seq,Oligo-dT,TRANSCRIPTOMIC,PAIRED,0,0,ILLUMINA,Illumina NovaSeq 6000,SRP426955,PRJNA942579,,942579,SRS17015454,SAMN33695164,simple,55575,Dioscorea polystachya,F60_tuber_middle_1,,,,,female,,no,,,,,UNIVERSITY OF MUENSTER,SRA1601916,,public,3D5E4D8C0B47326A57F040D2862276B7,DE78D0B0E364ADA11ED837B92C9D39B6,33695164,SAMN33695164,Plant sample from Dioscorea polystachya,Dioscorea polystachya,France: Loire-et-Cher,France,Loire-et-Cher,,,F60,,,tuber middle,ok
SRR23826107,2023-10-25 05:20:52,2023-03-13 09:57:00,64120756,19236226800,64120756,300,5632,,https://sra-downloadb.be-md.ncbi.nlm.nih.gov/sos1/sra-pub-zq-38/SRR023/23826/SRR23826107/SRR23826107.lite.1,SRX19647844,F60M_2,RNA-Seq,Oligo-dT,TRANSCRIPTOMIC,PAIRED,0,0,ILLUMINA,Illumina NovaSeq 6000,SRP426955,PRJNA942579,,942579,SRS17015456,SAMN33695165,simple,55575,Dioscorea polystachya,F60_tuber_middle_2,,,,,female,,no,,,,,UNIVERSITY OF MUENSTER,SRA1601916,,public,C7FAEC8D6FC8D71F1A84EAE1A3E652C2,1BDC8C8C398CE3D3B99D05002ECAE100,33695165,SAMN33695165,Plant sample from Dioscorea polystachya,Dioscorea polystachya,France: Loire-et-Cher,France,Loire-et-Cher,,,F60,,,tuber middle,ok
SRR23826106,2023-10-25 05:20:52,2023-03-13 10:09:11,65942178,19782653400,65942178,300,5788,,https://sra-downloadb.be-md.ncbi.nlm.nih.gov/sos1/sra-pub-zq-38/SRR023/23826/SRR23826106/SRR23826106.lite.1,SRX19647845,F60M_3,RNA-Seq,Oligo-dT,TRANSCRIPTOMIC,PAIRED,0,0,ILLUMINA,Illumina NovaSeq 6000,SRP426955,PRJNA942579,,942579,SRS17015455,SAMN33695166,simple,55575,Dioscorea polystachya,F60_tuber_middle_3,,,,,female,,no,,,,,UNIVERSITY OF MUENSTER,SRA1601916,,public,7381721189B691A3F8A0A9F11A059734,0D6AB3B8D2791792DE9053B61E9B9C6D,33695166,SAMN33695166,Plant sample from Dioscorea polystachya,Dioscorea polystachya,France: Loire-et-Cher,France,Loire-et-Cher,,,F60,,,tuber middle,ok
SRR23826104,2023-10-25 05:20:52,2023-03-13 10:44:16,79141632,23742489600,79141632,300,6955,,https://sra-downloadb.be-md.ncbi.nlm.nih.gov/sos1/sra-pub-zq-38/SRR023/23826/SRR23826104/SRR23826104.lite.1,SRX19647847,F60T_3,RNA-Seq,Oligo-dT,TRANSCRIPTOMIC,PAIRED,0,0,ILLUMINA,Illumina NovaSeq 6000,SRP426955,PRJNA942579,,942579,SRS17015458,SAMN33695169,simple,55575,Dioscorea polystachya,F60_tuber_tip_3,,,,,female,,no,,,,,UNIVERSITY OF MUENSTER,SRA1601916,,public,CDDEF3ACA86CFDE13DE64010CD4ACC69,2F8A4488AB4A67E33581A261379B9886,33695169,SAMN33695169,Plant sample from Dioscorea polystachya,Dioscorea polystachya,France: Loire-et-Cher,France,Loire-et-Cher,,,F60,,,tuber tip,ok
SRR23826113,2023-10-25 05:20:52,2023-03-13 10:31:32,74186255,22255876500,74186255,300,6537,,https://sra-downloadb.be-md.ncbi.nlm.nih.gov/sos1/sra-pub-zq-38/SRR023/23826/SRR23826113/SRR23826113.lite.1,SRX19647838,F2000M_3,RNA-Seq,Oligo-dT,TRANSCRIPTOMIC,PAIRED,0,0,ILLUMINA,Illumina NovaSeq 6000,SRP426955,PRJNA942579,,942579,SRS17015449,SAMN33695175,simple,55575,Dioscorea polystachya,F2000_tuber_middle_3,,,,,female,,no,,,,,UNIVERSITY OF MUENSTER,SRA1601916,,public,3AFDF0AAE6FC7E396F5BCA68D65C6DE0,083DA1E6182FC106AB32A539AC8FF585,33695175,SAMN33695175,Plant sample from Dioscorea polystachya,Dioscorea polystachya,France: Loire-et-Cher,France,Loire-et-Cher,,,F2000,,,tuber middle,ok
SRR23826112,2023-10-25 05:20:52,2023-03-13 10:01:03,59049515,17714854500,59049515,300,5195,,https://sra-downloadb.be-md.ncbi.nlm.nih.gov/sos1/sra-pub-zq-38/SRR023/23826/SRR23826112/SRR23826112.lite.1,SRX19647839,F2000T_1,RNA-Seq,Oligo-dT,TRANSCRIPTOMIC,PAIRED,0,0,ILLUMINA,Illumina NovaSeq 6000,SRP426955,PRJNA942579,,942579,SRS17015450,SAMN33695176,simple,55575,Dioscorea polystachya,F2000_tuber_tip_1,,,,,female,,no,,,,,UNIVERSITY OF MUENSTER,SRA1601916,,public,0B7BF0EFCE8029F8EDE0AD05FF28ACB0,E578BDDE5C0863DD184B23F5F9830F59,33695176,SAMN33695176,Plant sample from Dioscorea polystachya,Dioscorea polystachya,France: Loire-et-Cher,France,Loire-et-Cher,,,F2000,,,tuber tip,ok
SRR23826111,2023-10-25 05:20:52,2023-03-13 09:55:38,58505418,17551625400,58505418,300,5169,,https://sra-downloadb.be-md.ncbi.nlm.nih.gov/sos1/sra-pub-zq-38/SRR023/23826/SRR23826111/SRR23826111.lite.1,SRX19647840,F2000T_2,RNA-Seq,Oligo-dT,TRANSCRIPTOMIC,PAIRED,0,0,ILLUMINA,Illumina NovaSeq 6000,SRP426955,PRJNA942579,,942579,SRS17015451,SAMN33695177,simple,55575,Dioscorea polystachya,F2000_tuber_tip_2,,,,,female,,no,,,,,UNIVERSITY OF MUENSTER,SRA1601916,,public,BDA814610E212F73E18CBDFBD9FCDAD6,EA553E96FD1B0E886C320B67D5CFD9F0,33695177,SAMN33695177,Plant sample from Dioscorea polystachya,Dioscorea polystachya,France: Loire-et-Cher,France,Loire-et-Cher,,,F2000,,,tuber tip,ok
SRR23826110,2023-10-25 05:20:52,2023-03-13 09:56:48,55464299,16639289700,55464299,300,4929,,https://sra-downloadb.be-md.ncbi.nlm.nih.gov/sos1/sra-pub-zq-38/SRR023/23826/SRR23826110/SRR23826110.lite.1,SRX19647841,F2000T_3,RNA-Seq,Oligo-dT,TRANSCRIPTOMIC,PAIRED,0,0,ILLUMINA,Illumina NovaSeq 6000,SRP426955,PRJNA942579,,942579,SRS17015452,SAMN33695178,simple,55575,Dioscorea polystachya,F2000_tuber_tip_3,,,,,female,,no,,,,,UNIVERSITY OF MUENSTER,SRA1601916,,public,BF4E1BF4F69C515F60DFDE85EBE0E62F,D7B46A804A100706A41F50D42DE3A52D,33695178,SAMN33695178,Plant sample from Dioscorea polystachya,Dioscorea polystachya,France: Loire-et-Cher,France,Loire-et-Cher,,,F2000,,,tuber tip,ok
SRR23826109,2023-10-25 05:20:52,2023-03-13 10:10:08,57467845,17240353500,57467845,300,5058,,https://sra-downloadb.be-md.ncbi.nlm.nih.gov/sos1/sra-pub-zq-38/SRR023/23826/SRR23826109/SRR23826109.lite.1,SRX19647842,F60H_3,RNA-Seq,Oligo-dT,TRANSCRIPTOMIC,PAIRED,0,0,ILLUMINA,Illumina NovaSeq 6000,SRP426955,PRJNA942579,,942579,SRS17015453,SAMN33695163,simple,55575,Dioscorea polystachya,F60_tuber_head_3,,,,,female,,no,,,,,UNIVERSITY OF MUENSTER,SRA1601916,,public,441B34CD33FDA7AA2C9313E01A28DBAB,EB550F02C629E5B5E876933DCB0C619D,33695163,SAMN33695163,Plant sample from Dioscorea polystachya,Dioscorea polystachya,France: Loire-et-Cher,France,Loire-et-Cher,,,F60,,,tuber head,ok
SRR23826117,2023-10-25 05:20:52,2023-03-13 10:05:45,64792409,19437722700,64792409,300,5750,,https://sra-downloadb.be-md.ncbi.nlm.nih.gov/sos1/sra-pub-zq-38/SRR023/23826/SRR23826117/SRR23826117.lite.1,SRX19647834,F2000H_2,RNA-Seq,Oligo-dT,TRANSCRIPTOMIC,PAIRED,0,0,ILLUMINA,Illumina NovaSeq 6000,SRP426955,PRJNA942579,,942579,SRS17015444,SAMN33695171,simple,55575,Dioscorea polystachya,F2000_tuber_head_2,,,,,female,,no,,,,,UNIVERSITY OF MUENSTER,SRA1601916,,public,42456E0493B2DD5CF26E01373AA06FA0,633D53E999702D3EF4B278A91D77F7FA,33695171,SAMN33695171,Plant sample from Dioscorea polystachya,Dioscorea polystachya,France: Loire-et-Cher,France,Loire-et-Cher,,,F2000,,,tuber head,ok
SRR23826116,2023-10-25 05:20:52,2023-03-13 10:21:35,70135977,21040793100,70135977,300,6233,,https://sra-downloadb.be-md.ncbi.nlm.nih.gov/sos1/sra-pub-zq-38/SRR023/23826/SRR23826116/SRR23826116.lite.1,SRX19647835,F2000H_3,RNA-Seq,Oligo-dT,TRANSCRIPTOMIC,PAIRED,0,0,ILLUMINA,Illumina NovaSeq 6000,SRP426955,PRJNA942579,,942579,SRS17015446,SAMN33695172,simple,55575,Dioscorea polystachya,F2000_tuber_head_3,,,,,female,,no,,,,,UNIVERSITY OF MUENSTER,SRA1601916,,public,0D3B87DEBA0CAB1602DFE5294CB1CE0E,A195E88F288C4C46FA20748C7CC0CCF3,33695172,SAMN33695172,Plant sample from Dioscorea polystachya,Dioscorea polystachya,France: Loire-et-Cher,France,Loire-et-Cher,,,F2000,,,tuber head,ok
SRR23826115,2023-10-25 05:20:52,2023-03-13 09:45:09,66821488,20046446400,66821488,300,5969,,https://sra-downloadb.be-md.ncbi.nlm.nih.gov/sos1/sra-pub-zq-38/SRR023/23826/SRR23826115/SRR23826115.lite.1,SRX19647836,F2000M_1,RNA-Seq,Oligo-dT,TRANSCRIPTOMIC,PAIRED,0,0,ILLUMINA,Illumina NovaSeq 6000,SRP426955,PRJNA942579,,942579,SRS17015447,SAMN33695173,simple,55575,Dioscorea polystachya,F2000_tuber_middle_1,,,,,female,,no,,,,,UNIVERSITY OF MUENSTER,SRA1601916,,public,B5181B9170D0EAE5BEC9CF2BF16AEF1E,42C671D1A98055A6D65544215549B911,33695173,SAMN33695173,Plant sample from Dioscorea polystachya,Dioscorea polystachya,France: Loire-et-Cher,France,Loire-et-Cher,,,F2000,,,tuber middle,ok
SRR23826114,2023-10-25 05:20:52,2023-03-13 09:54:10,57460325,17238097500,57460325,300,5109,,https://sra-downloadb.be-md.ncbi.nlm.nih.gov/sos1/sra-pub-zq-38/SRR023/23826/SRR23826114/SRR23826114.lite.1,SRX19647837,F2000M_2,RNA-Seq,Oligo-dT,TRANSCRIPTOMIC,PAIRED,0,0,ILLUMINA,Illumina NovaSeq 6000,SRP426955,PRJNA942579,,942579,SRS17015448,SAMN33695174,simple,55575,Dioscorea polystachya,F2000_tuber_middle_2,,,,,female,,no,,,,,UNIVERSITY OF MUENSTER,SRA1601916,,public,D9B2EA5E1806C354E97048B051D0D5ED,D3DE4D90FB7583EE285765B42BE66EE5,33695174,SAMN33695174,Plant sample from Dioscorea polystachya,Dioscorea polystachya,France: Loire-et-Cher,France,Loire-et-Cher,,,F2000,,,tuber middle,ok
SRR23826118,2023-10-25 05:20:52,2023-03-13 10:10:42,59098032,17729409600,59098032,300,5221,,https://sra-downloadb.be-md.ncbi.nlm.nih.gov/sos1/sra-pub-zq-38/SRR023/23826/SRR23826118/SRR23826118.lite.1,SRX19647833,F60H_2,RNA-Seq,Oligo-dT,TRANSCRIPTOMIC,PAIRED,0,0,ILLUMINA,Illumina NovaSeq 6000,SRP426955,PRJNA942579,,942579,SRS17015445,SAMN33695162,simple,55575,Dioscorea polystachya,F60_tuber_head_2,,,,,female,,no,,,,,UNIVERSITY OF MUENSTER,SRA1601916,,public,7CA5FCCE0C8564E61AE55D0753C59867,71FDA3F10E92EFA8CFE94A03D4DE129D,33695162,SAMN33695162,Plant sample from Dioscorea polystachya,Dioscorea polystachya,France: Loire-et-Cher,France,Loire-et-Cher,,,F60,,,tuber head,ok
SRR23826119,2023-10-25 05:20:52,2023-03-13 11:26:42,60641246,18192373800,60641246,300,5337,,https://sra-downloadb.be-md.ncbi.nlm.nih.gov/sos1/sra-pub-zq-38/SRR023/23826/SRR23826119/SRR23826119.lite.1,SRX19647832,F60H_1,RNA-Seq,Oligo-dT,TRANSCRIPTOMIC,PAIRED,0,0,ILLUMINA,Illumina NovaSeq 6000,SRP426955,PRJNA942579,,942579,SRS17015443,SAMN33695161,simple,55575,Dioscorea polystachya,F60_tuber_head_1,,,,,female,,no,,,,,UNIVERSITY OF MUENSTER,SRA1601916,,public,2B045A64FE510FD336BECDEC014EA5A5,8801D91FBF21E3B1638671159F2328A1,33695161,SAMN33695161,Plant sample from Dioscorea polystachya,Dioscorea polystachya,France: Loire-et-Cher,France,Loire-et-Cher,,,F60,,,tuber head,ok
SRR22534739,2022-12-05 14:59:33,2022-12-05 14:52:59,22862835,6858850500,22862835,300,2087,,https://sra-downloadb.be-md.ncbi.nlm.nih.gov/sos2/sra-pub-zq-20/SRR022/22534/SRR22534739/SRR22534739.lite.1,SRX18498835,SL20_1,RNA-Seq,Oligo-dT,TRANSCRIPTOMIC,PAIRED,0,0,ILLUMINA,Illumina HiSeq X,SRP411403,PRJNA907532,,907532,SRS15969460,SAMN31987876,simple,569628,Dioscorea oppositifolia,SL20_1,,,,,,,no,,,,,HEBEI AGRICULTURAL UNIVERSITY,SRA1553471,,public,ECF137E914568BD677A512D6E45CB43B,05D9C9888B88E7DD67B429538A0B85AA,31987876,SAMN31987876,Plant sample from Dioscorea oppositifolia,Dioscorea oppositifolia,"China: Anguo, Hebei Province",China,"Anguo, Hebei Province",,,Chinese yam,Xiaobaizui Yam,Xiaobaizui,Bulbil,ok
SRR22534738,2022-12-05 14:56:25,2022-12-05 14:50:43,22388141,6716442300,22388141,300,2053,,https://sra-downloadb.be-md.ncbi.nlm.nih.gov/sos2/sra-pub-zq-20/SRR022/22534/SRR22534738/SRR22534738.lite.1,SRX18498836,SL20_2,RNA-Seq,Oligo-dT,TRANSCRIPTOMIC,PAIRED,0,0,ILLUMINA,Illumina HiSeq X,SRP411403,PRJNA907532,,907532,SRS15969461,SAMN31987877,simple,569628,Dioscorea oppositifolia,SL20_2,,,,,,,no,,,,,HEBEI AGRICULTURAL UNIVERSITY,SRA1553471,,public,EEC9A82E5CF1343A12D78C9CABAE8AF2,F8E61F4265D461ADAD86A0AED338CC22,31987877,SAMN31987877,Plant sample from Dioscorea oppositifolia,Dioscorea oppositifolia,"China: Anguo, Hebei Province",China,"Anguo, Hebei Province",,,Chinese yam,Xiaobaizui Yam,Xiaobaizui,Bulbil,ok
SRR22534737,2022-12-05 14:59:33,2022-12-05 14:54:02,22560509,6768152700,22560509,300,2071,,https://sra-downloadb.be-md.ncbi.nlm.nih.gov/sos2/sra-pub-zq-20/SRR022/22534/SRR22534737/SRR22534737.lite.1,SRX18498837,SL20_3,RNA-Seq,Oligo-dT,TRANSCRIPTOMIC,PAIRED,0,0,ILLUMINA,Illumina HiSeq X,SRP411403,PRJNA907532,,907532,SRS15969462,SAMN31987878,simple,569628,Dioscorea oppositifolia,SL20_3,,,,,,,no,,,,,HEBEI AGRICULTURAL UNIVERSITY,SRA1553471,,public,3E31296F4212D365FD081A0F03B53904,61AD967BB665B12E043991C41E11C5AB,31987878,SAMN31987878,Plant sample from Dioscorea oppositifolia,Dioscorea oppositifolia,"China: Anguo, Hebei Province",China,"Anguo, Hebei Province",,,Chinese yam,Xiaobaizui Yam,Xiaobaizui,Bulbil,ok
SRR22534736,2022-12-05 14:56:25,2022-12-05 14:49:16,23156640,6946992000,23156640,300,2136,,https://sra-downloadb.be-md.ncbi.nlm.nih.gov/sos2/sra-pub-zq-20/SRR022/22534/SRR22534736/SRR22534736.lite.1,SRX18498838,SL30_1,RNA-Seq,Oligo-dT,TRANSCRIPTOMIC,PAIRED,0,0,ILLUMINA,Illumina HiSeq X,SRP411403,PRJNA907532,,907532,SRS15969463,SAMN31987879,simple,569628,Dioscorea oppositifolia,SL30_1,,,,,,,no,,,,,HEBEI AGRICULTURAL UNIVERSITY,SRA1553471,,public,B2E60A51ED7613EE54F13DAB0D108C99,CE93A548BB9B34718BFEDC949775F822,31987879,SAMN31987879,Plant sample from Dioscorea oppositifolia,Dioscorea oppositifolia,"China: Anguo, Hebei Province",China,"Anguo, Hebei Province",,,Chinese yam,Xiaobaizui Yam,Xiaobaizui,Bulbil,ok
SRR22534742,2022-12-05 14:59:33,2022-12-05 14:55:19,23041009,6912302700,23041009,300,2104,,https://sra-downloadb.be-md.ncbi.nlm.nih.gov/sos2/sra-pub-zq-20/SRR022/22534/SRR22534742/SRR22534742.lite.1,SRX18498832,SL10_1,RNA-Seq,Oligo-dT,TRANSCRIPTOMIC,PAIRED,0,0,ILLUMINA,Illumina HiSeq X,SRP411403,PRJNA907532,,907532,SRS15969457,SAMN31987873,simple,569628,Dioscorea oppositifolia,SL10_1,,,,,,,no,,,,,HEBEI AGRICULTURAL UNIVERSITY,SRA1553471,,public,44C0E8D9A40D07DB35181CF06E345B34,D239A3749804498E2FEDB55164D00E42,31987873,SAMN31987873,Plant sample from Dioscorea oppositifolia,Dioscorea oppositifolia,"China: Anguo, Hebei Province",China,"Anguo, Hebei Province",,,Chinese yam,Xiaobaizui Yam,Xiaobaizui,Bulbil,ok
SRR22534741,2022-12-05 14:56:25,2022-12-05 14:49:22,23245956,6973786800,23245956,300,2138,,https://sra-downloadb.be-md.ncbi.nlm.nih.gov/sos2/sra-pub-zq-20/SRR022/22534/SRR22534741/SRR22534741.lite.1,SRX18498833,SL10_2,RNA-Seq,Oligo-dT,TRANSCRIPTOMIC,PAIRED,0,0,ILLUMINA,Illumina HiSeq X,SRP411403,PRJNA907532,,907532,SRS15969458,SAMN31987874,simple,569628,Dioscorea oppositifolia,SL10_2,,,,,,,no,,,,,HEBEI AGRICULTURAL UNIVERSITY,SRA1553471,,public,FD1FDED5A1B061B9100837A50BC35E61,DFD1922BD80A2F0B12EAFF57725DA4AC,31987874,SAMN31987874,Plant sample from Dioscorea oppositifolia,Dioscorea oppositifolia,"China: Anguo, Hebei Province",China,"Anguo, Hebei Province",,,Chinese yam,Xiaobaizui Yam,Xiaobaizui,Bulbil,ok
SRR22534740,2022-12-05 14:59:33,2022-12-05 14:55:32,21669638,6500891400,21669638,300,2003,,https://sra-downloadb.be-md.ncbi.nlm.nih.gov/sos2/sra-pub-zq-20/SRR022/22534/SRR22534740/SRR22534740.lite.1,SRX18498834,SL10_3,RNA-Seq,Oligo-dT,TRANSCRIPTOMIC,PAIRED,0,0,ILLUMINA,Illumina HiSeq X,SRP411403,PRJNA907532,,907532,SRS15969459,SAMN31987875,simple,569628,Dioscorea oppositifolia,SL10_3,,,,,,,no,,,,,HEBEI AGRICULTURAL UNIVERSITY,SRA1553471,,public,BAB9BABACC258091418E396BF753E9FB,F73A5DD5601CA3196123AE57BF09D5E6,31987875,SAMN31987875,Plant sample from Dioscorea oppositifolia,Dioscorea oppositifolia,"China: Anguo, Hebei Province",China,"Anguo, Hebei Province",,,Chinese yam,Xiaobaizui Yam,Xiaobaizui,Bulbil,ok
SRR22534744,2022-12-05 14:56:25,2022-12-05 14:49:17,23309651,6992895300,23309651,300,2126,,https://sra-downloadb.be-md.ncbi.nlm.nih.gov/sos2/sra-pub-zq-20/SRR022/22534/SRR22534744/SRR22534744.lite.1,SRX18498830,WS30_2,RNA-Seq,Oligo-dT,TRANSCRIPTOMIC,PAIRED,0,0,ILLUMINA,Illumina HiSeq X,SRP411403,PRJNA907532,,907532,SRS15969455,SAMN31987892,simple,569628,Dioscorea oppositifolia,WS30_2,,,,,,,no,,,,,HEBEI AGRICULTURAL UNIVERSITY,SRA1553471,,public,395E4A707ADCAE2983A5429621496697,2438B70BCA25EB4D18B8B7C414B21655,31987892,SAMN31987892,Plant sample from Dioscorea oppositifolia,Dioscorea oppositifolia,"China: Anguo, Hebei Province",China,"Anguo, Hebei Province",,,Chinese yam,Xiaobaizui Yam,Xiaobaizui,Bulbil,ok
SRR22534743,2022-12-05 14:48:41,2022-12-05 14:45:21,23933454,7180036200,23933454,300,2192,,https://sra-downloadb.be-md.ncbi.nlm.nih.gov/sos2/sra-pub-zq-20/SRR022/22534/SRR22534743/SRR22534743.lite.1,SRX18498831,WS30_3,RNA-Seq,Oligo-dT,TRANSCRIPTOMIC,PAIRED,0,0,ILLUMINA,Illumina HiSeq X,SRP411403,PRJNA907532,,907532,SRS15969456,SAMN31987893,simple,569628,Dioscorea oppositifolia,WS30_3,,,,,,,no,,,,,HEBEI AGRICULTURAL UNIVERSITY,SRA1553471,,public,09D31FF74CAF0C5CB2B085853F3EB676,443E92DED87D1A7A9087A1D2BFCCA28C,31987893,SAMN31987893,Plant sample from Dioscorea oppositifolia,Dioscorea oppositifolia,"China: Anguo, Hebei Province",China,"Anguo, Hebei Province",,,Chinese yam,Xiaobaizui Yam,Xiaobaizui,Bulbil,ok
SRR22534747,2022-12-05 15:00:48,2022-12-05 14:57:36,23115970,6934791000,23115970,300,2124,,https://sra-downloadb.be-md.ncbi.nlm.nih.gov/sos2/sra-pub-zq-20/SRR022/22534/SRR22534747/SRR22534747.lite.1,SRX18498827,SL1_3,RNA-Seq,Oligo-dT,TRANSCRIPTOMIC,PAIRED,0,0,ILLUMINA,Illumina HiSeq X,SRP411403,PRJNA907532,,907532,SRS15969452,SAMN31987872,simple,569628,Dioscorea oppositifolia,SL1_3,,,,,,,no,,,,,HEBEI AGRICULTURAL UNIVERSITY,SRA1553471,,public,7CD97084B91CFE1971C8ECE5B69A50D4,1EA5F4755CE8BB045A3182B093BC47DB,31987872,SAMN31987872,Plant sample from Dioscorea oppositifolia,Dioscorea oppositifolia,"China: Anguo, Hebei Province",China,"Anguo, Hebei Province",,,Chinese yam,Xiaobaizui Yam,Xiaobaizui,Bulbil,ok
SRR22534749,2022-12-05 15:00:48,2022-12-05 14:57:36,23889721,7166916300,23889721,300,2187,,https://sra-downloadb.be-md.ncbi.nlm.nih.gov/sos2/sra-pub-zq-20/SRR022/22534/SRR22534749/SRR22534749.lite.1,SRX18498825,WS20_1,RNA-Seq,Oligo-dT,TRANSCRIPTOMIC,PAIRED,0,0,ILLUMINA,Illumina HiSeq X,SRP411403,PRJNA907532,,907532,SRS15969451,SAMN31987888,simple,569628,Dioscorea oppositifolia,WS20_1,,,,,,,no,,,,,HEBEI AGRICULTURAL UNIVERSITY,SRA1553471,,public,F4B6682CB0F9740631F3CDC2E18C71FE,28D49FE39F31AFCCB3C49870BF22A9F4,31987888,SAMN31987888,Plant sample from Dioscorea oppositifolia,Dioscorea oppositifolia,"China: Anguo, Hebei Province",China,"Anguo, Hebei Province",,,Chinese yam,Xiaobaizui Yam,Xiaobaizui,Bulbil,ok
SRR22534748,2022-12-05 14:56:25,2022-12-05 14:51:18,22896831,6869049300,22896831,300,2103,,https://sra-downloadb.be-md.ncbi.nlm.nih.gov/sos2/sra-pub-zq-20/SRR022/22534/SRR22534748/SRR22534748.lite.1,SRX18498826,WS20_2,RNA-Seq,Oligo-dT,TRANSCRIPTOMIC,PAIRED,0,0,ILLUMINA,Illumina HiSeq X,SRP411403,PRJNA907532,,907532,SRS15969450,SAMN31987889,simple,569628,Dioscorea oppositifolia,WS20_2,,,,,,,no,,,,,HEBEI AGRICULTURAL UNIVERSITY,SRA1553471,,public,8AC1831B8B78D98908B88166FC563C8E,6B4DD777E35072500439B4ACBFE1451B,31987889,SAMN31987889,Plant sample from Dioscorea oppositifolia,Dioscorea oppositifolia,"China: Anguo, Hebei Province",China,"Anguo, Hebei Province",,,Chinese yam,Xiaobaizui Yam,Xiaobaizui,Bulbil,ok
SRR22534746,2022-12-05 14:56:25,2022-12-05 14:49:20,22861640,6858492000,22861640,300,2083,,https://sra-downloadb.be-md.ncbi.nlm.nih.gov/sos2/sra-pub-zq-20/SRR022/22534/SRR22534746/SRR22534746.lite.1,SRX18498828,WS20_3,RNA-Seq,Oligo-dT,TRANSCRIPTOMIC,PAIRED,0,0,ILLUMINA,Illumina HiSeq X,SRP411403,PRJNA907532,,907532,SRS15969453,SAMN31987890,simple,569628,Dioscorea oppositifolia,WS20_3,,,,,,,no,,,,,HEBEI AGRICULTURAL UNIVERSITY,SRA1553471,,public,D73E6F9BFF4D8493AD7B8201BBA2D282,3F58682A259C51C76AB15AB41C769291,31987890,SAMN31987890,Plant sample from Dioscorea oppositifolia,Dioscorea oppositifolia,"China: Anguo, Hebei Province",China,"Anguo, Hebei Province",,,Chinese yam,Xiaobaizui Yam,Xiaobaizui,Bulbil,ok
SRR22534745,2022-12-05 14:59:33,2022-12-05 14:55:34,23096646,6928993800,23096646,300,2125,,https://sra-downloadb.be-md.ncbi.nlm.nih.gov/sos2/sra-pub-zq-20/SRR022/22534/SRR22534745/SRR22534745.lite.1,SRX18498829,WS30_1,RNA-Seq,Oligo-dT,TRANSCRIPTOMIC,PAIRED,0,0,ILLUMINA,Illumina HiSeq X,SRP411403,PRJNA907532,,907532,SRS15969454,SAMN31987891,simple,569628,Dioscorea oppositifolia,WS30_1,,,,,,,no,,,,,HEBEI AGRICULTURAL UNIVERSITY,SRA1553471,,public,C766A1222912A0C7521CB2851A5B34FD,891AF2DC73826BB77AC8A6E031393F1B,31987891,SAMN31987891,Plant sample from Dioscorea oppositifolia,Dioscorea oppositifolia,"China: Anguo, Hebei Province",China,"Anguo, Hebei Province",,,Chinese yam,Xiaobaizui Yam,Xiaobaizui,Bulbil,ok
SRR22534752,2022-12-05 15:00:48,2022-12-05 14:57:32,23717392,7115217600,23717392,300,2189,,https://sra-downloadb.be-md.ncbi.nlm.nih.gov/sos2/sra-pub-zq-20/SRR022/22534/SRR22534752/SRR22534752.lite.1,SRX18498822,WS10_1,RNA-Seq,Oligo-dT,TRANSCRIPTOMIC,PAIRED,0,0,ILLUMINA,Illumina HiSeq X,SRP411403,PRJNA907532,,907532,SRS15969447,SAMN31987885,simple,569628,Dioscorea oppositifolia,WS10_1,,,,,,,no,,,,,HEBEI AGRICULTURAL UNIVERSITY,SRA1553471,,public,7947F19A1B068AA5511945067E32E416,E08B5C83B3F19D2DE883B2C3600F74F6,31987885,SAMN31987885,Plant sample from Dioscorea oppositifolia,Dioscorea oppositifolia,"China: Anguo, Hebei Province",China,"Anguo, Hebei Province",,,Chinese yam,Xiaobaizui Yam,Xiaobaizui,Bulbil,ok
SRR22534751,2022-12-05 14:59:33,2022-12-05 14:54:46,22501620,6750486000,22501620,300,2084,,https://sra-downloadb.be-md.ncbi.nlm.nih.gov/sos2/sra-pub-zq-20/SRR022/22534/SRR22534751/SRR22534751.lite.1,SRX18498823,WS10_2,RNA-Seq,Oligo-dT,TRANSCRIPTOMIC,PAIRED,0,0,ILLUMINA,Illumina HiSeq X,SRP411403,PRJNA907532,,907532,SRS15969448,SAMN31987886,simple,569628,Dioscorea oppositifolia,WS10_2,,,,,,,no,,,,,HEBEI AGRICULTURAL UNIVERSITY,SRA1553471,,public,96FDBEE25411EC7FD55C97F51EA49BF3,F6AA20F73A390F776D4FE86E8B718A5D,31987886,SAMN31987886,Plant sample from Dioscorea oppositifolia,Dioscorea oppositifolia,"China: Anguo, Hebei Province",China,"Anguo, Hebei Province",,,Chinese yam,Xiaobaizui Yam,Xiaobaizui,Bulbil,ok
SRR22534750,2022-12-05 14:59:33,2022-12-05 14:56:09,23108396,6932518800,23108396,300,2122,,https://sra-downloadb.be-md.ncbi.nlm.nih.gov/sos2/sra-pub-zq-20/SRR022/22534/SRR22534750/SRR22534750.lite.1,SRX18498824,WS10_3,RNA-Seq,Oligo-dT,TRANSCRIPTOMIC,PAIRED,0,0,ILLUMINA,Illumina HiSeq X,SRP411403,PRJNA907532,,907532,SRS15969449,SAMN31987887,simple,569628,Dioscorea oppositifolia,WS10_3,,,,,,,no,,,,,HEBEI AGRICULTURAL UNIVERSITY,SRA1553471,,public,3443D68AD48E75AC3354B4A8ED1BB3D6,DD14E6F4B9865D7FAF1B7BB8C5412451,31987887,SAMN31987887,Plant sample from Dioscorea oppositifolia,Dioscorea oppositifolia,"China: Anguo, Hebei Province",China,"Anguo, Hebei Province",,,Chinese yam,Xiaobaizui Yam,Xiaobaizui,Bulbil,ok
SRR22534754,2022-12-05 14:56:25,2022-12-05 14:49:17,23334269,7000280700,23334269,300,2142,,https://sra-downloadb.be-md.ncbi.nlm.nih.gov/sos2/sra-pub-zq-20/SRR022/22534/SRR22534754/SRR22534754.lite.1,SRX18498820,WS1_2,RNA-Seq,Oligo-dT,TRANSCRIPTOMIC,PAIRED,0,0,ILLUMINA,Illumina HiSeq X,SRP411403,PRJNA907532,,907532,SRS15969445,SAMN31987883,simple,569628,Dioscorea oppositifolia,WS1_2,,,,,,,no,,,,,HEBEI AGRICULTURAL UNIVERSITY,SRA1553471,,public,E59DA97084A9C8897BEA0A607453C516,7E98E1F8D71EBF442B77B996B9DF0927,31987883,SAMN31987883,Plant sample from Dioscorea oppositifolia,Dioscorea oppositifolia,"China: Anguo, Hebei Province",China,"Anguo, Hebei Province",,,Chinese yam,Xiaobaizui Yam,Xiaobaizui,Bulbil,ok
SRR22534753,2022-12-05 14:56:25,2022-12-05 14:51:07,24018041,7205412300,24018041,300,2209,,https://sra-downloadb.be-md.ncbi.nlm.nih.gov/sos2/sra-pub-zq-20/SRR022/22534/SRR22534753/SRR22534753.lite.1,SRX18498821,WS1_3,RNA-Seq,Oligo-dT,TRANSCRIPTOMIC,PAIRED,0,0,ILLUMINA,Illumina HiSeq X,SRP411403,PRJNA907532,,907532,SRS15969446,SAMN31987884,simple,569628,Dioscorea oppositifolia,WS1_3,,,,,,,no,,,,,HEBEI AGRICULTURAL UNIVERSITY,SRA1553471,,public,7C28AC188A974D2BDB672EDA55D5230C,D71FB447267C0C1DCEFF91F97C0A554A,31987884,SAMN31987884,Plant sample from Dioscorea oppositifolia,Dioscorea oppositifolia,"China: Anguo, Hebei Province",China,"Anguo, Hebei Province",,,Chinese yam,Xiaobaizui Yam,Xiaobaizui,Bulbil,ok
SRR22534759,2022-12-05 15:00:48,2022-12-05 14:56:40,23422818,7026845400,23422818,300,2147,,https://sra-downloadb.be-md.ncbi.nlm.nih.gov/sos2/sra-pub-zq-20/SRR022/22534/SRR22534759/SRR22534759.lite.1,SRX18498815,SL1_1,RNA-Seq,Oligo-dT,TRANSCRIPTOMIC,PAIRED,0,0,ILLUMINA,Illumina HiSeq X,SRP411403,PRJNA907532,,907532,SRS15969440,SAMN31987870,simple,569628,Dioscorea oppositifolia,SL1_1,,,,,,,no,,,,,HEBEI AGRICULTURAL UNIVERSITY,SRA1553471,,public,5B997D244447683C7A451BB943D862F1,608D2D1E9EC121A3FEB28F6FBAAEEB0D,31987870,SAMN31987870,Plant sample from Dioscorea oppositifolia,Dioscorea oppositifolia,"China: Anguo, Hebei Province",China,"Anguo, Hebei Province",,,Chinese yam,Xiaobaizui Yam,Xiaobaizui,Bulbil,ok
SRR22534758,2022-12-05 14:56:25,2022-12-05 14:49:42,23066398,6919919400,23066398,300,2115,,https://sra-downloadb.be-md.ncbi.nlm.nih.gov/sos2/sra-pub-zq-20/SRR022/22534/SRR22534758/SRR22534758.lite.1,SRX18498816,SL1_2,RNA-Seq,Oligo-dT,TRANSCRIPTOMIC,PAIRED,0,0,ILLUMINA,Illumina HiSeq X,SRP411403,PRJNA907532,,907532,SRS15969441,SAMN31987871,simple,569628,Dioscorea oppositifolia,SL1_2,,,,,,,no,,,,,HEBEI AGRICULTURAL UNIVERSITY,SRA1553471,,public,5209F92774F367DAFBE7A45E907936A0,602BE3A392D012ADDE294E3DF6E8E2B9,31987871,SAMN31987871,Plant sample from Dioscorea oppositifolia,Dioscorea oppositifolia,"China: Anguo, Hebei Province",China,"Anguo, Hebei Province",,,Chinese yam,Xiaobaizui Yam,Xiaobaizui,Bulbil,ok
SRR22534757,2022-12-05 14:56:25,2022-12-05 14:50:49,23320947,6996284100,23320947,300,2144,,https://sra-downloadb.be-md.ncbi.nlm.nih.gov/sos2/sra-pub-zq-20/SRR022/22534/SRR22534757/SRR22534757.lite.1,SRX18498817,SL30_2,RNA-Seq,Oligo-dT,TRANSCRIPTOMIC,PAIRED,0,0,ILLUMINA,Illumina HiSeq X,SRP411403,PRJNA907532,,907532,SRS15969442,SAMN31987880,simple,569628,Dioscorea oppositifolia,SL30_2,,,,,,,no,,,,,HEBEI AGRICULTURAL UNIVERSITY,SRA1553471,,public,9CF36AAE6D21B0597DDDAA140C8AFD83,CF5ACF3F648D33ABD139E755E5E7009A,31987880,SAMN31987880,Plant sample from Dioscorea oppositifolia,Dioscorea oppositifolia,"China: Anguo, Hebei Province",China,"Anguo, Hebei Province",,,Chinese yam,Xiaobaizui Yam,Xiaobaizui,Bulbil,ok
SRR22534756,2022-12-05 15:02:06,2022-12-05 15:00:13,21723117,6516935100,21723117,300,2000,,https://sra-downloadb.be-md.ncbi.nlm.nih.gov/sos2/sra-pub-zq-20/SRR022/22534/SRR22534756/SRR22534756.lite.1,SRX18498818,SL30_3,RNA-Seq,Oligo-dT,TRANSCRIPTOMIC,PAIRED,0,0,ILLUMINA,Illumina HiSeq X,SRP411403,PRJNA907532,,907532,SRS15969443,SAMN31987881,simple,569628,Dioscorea oppositifolia,SL30_3,,,,,,,no,,,,,HEBEI AGRICULTURAL UNIVERSITY,SRA1553471,,public,917BB59E9EB6EB380EFFEDDB132D7E43,73E255EB75D29CF196F2CE9109C49033,31987881,SAMN31987881,Plant sample from Dioscorea oppositifolia,Dioscorea oppositifolia,"China: Anguo, Hebei Province",China,"Anguo, Hebei Province",,,Chinese yam,Xiaobaizui Yam,Xiaobaizui,Bulbil,ok
SRR22534755,2022-12-05 14:56:25,2022-12-05 14:49:28,22446952,6734085600,22446952,300,2066,,https://sra-downloadb.be-md.ncbi.nlm.nih.gov/sos2/sra-pub-zq-20/SRR022/22534/SRR22534755/SRR22534755.lite.1,SRX18498819,WS1_1,RNA-Seq,Oligo-dT,TRANSCRIPTOMIC,PAIRED,0,0,ILLUMINA,Illumina HiSeq X,SRP411403,PRJNA907532,,907532,SRS15969444,SAMN31987882,simple,569628,Dioscorea oppositifolia,WS1_1,,,,,,,no,,,,,HEBEI AGRICULTURAL UNIVERSITY,SRA1553471,,public,7C88C02099EF17D18630BE11DAA740E7,755A5550C86799CA1709368936553B84,31987882,SAMN31987882,Plant sample from Dioscorea oppositifolia,Dioscorea oppositifolia,"China: Anguo, Hebei Province",China,"Anguo, Hebei Province",,,Chinese yam,Xiaobaizui Yam,Xiaobaizui,Bulbil,ok
SRR19237503,2022-05-16 19:16:39,2022-05-16 19:12:17,37648425,11294527500,37648425,300,4605,,https://sra-downloadb.be-md.ncbi.nlm.nih.gov/sos3/sra-pub-zq-24/SRR019/19237/SRR19237503/SRR19237503.lite.1,SRX15298276,DIOPOL,RNA-Seq,PCR,TRANSCRIPTOMIC,PAIRED,0,0,ILLUMINA,Illumina HiSeq 2000,SRP375519,PRJNA837288,,837288,SRS13025090,SAMN28196157,simple,85194,Dioscorea polygonoides,DIOPOL,,,,,,,no,,,,,SMITHSONIAN INSTITUTION,SRA1421211,,public,886AC5B611E0833D8A942E536977BB44,131FCA81B44539E4F98C33B815C178D8,28196157,SAMN28196157,DIOPOL,Dioscorea polygonoides,Puerto Rico,Puerto Rico,,,,not collected,not collected,not collected,Leaf,ok
SRR17635184,2022-01-16 08:58:56,2022-01-16 08:49:12,22013550,3302032500,0,150,984,,https://sra-downloadb.be-md.ncbi.nlm.nih.gov/sos4/sra-pub-zq-1/SRR017/17635/SRR17635184/SRR17635184.lite.1,SRX13803530,FKRO202250447-1A,RNA-Seq,RT-PCR,TRANSCRIPTOMIC,SINGLE,0,0,ILLUMINA,HiSeq X Ten,SRP355252,PRJNA797729,,797729,SRS11685156,SAMN25036866,simple,569628,Dioscorea oppositifolia,L_3,,,,,,,no,,,,,COLLEGE OF AGRONOMY,SRA1357310,,public,3DE1C98E4EE14138B9972F80B694B42F,2EF7AB8516826A621E245F7E61E72BD0,25036866,SAMN25036866,Elongation bulbil biological replicate 3,Dioscorea oppositifolia,"China: Anguo City, Hebei Province",China,"Anguo City, Hebei Province",,,Elongation bulbil biological replicate 3,Dioscorea opposita cultivar Xiaobaizui,opposita,bulbil,ok
SRR17635183,2022-01-16 08:52:39,2022-01-16 08:50:46,23508384,3526257600,0,150,1049,,https://sra-downloadb.be-md.ncbi.nlm.nih.gov/sos2/sra-pub-zq-20/SRR017/17635/SRR17635183/SRR17635183.lite.1,SRX13803531,FKRO202250448-1A,RNA-Seq,RT-PCR,TRANSCRIPTOMIC,SINGLE,0,0,ILLUMINA,HiSeq X Ten,SRP355252,PRJNA797729,,797729,SRS11685157,SAMN25036867,simple,569628,Dioscorea oppositifolia,S_1,,,,,,,no,,,,,COLLEGE OF AGRONOMY,SRA1357310,,public,1FEC9C9FA1B09CC2E5DF5A8667B7529F,DDB592E30D6A2BAD9925CD574B11FFBA,25036867,SAMN25036867,Unelongated bubil biological replicate 1,Dioscorea oppositifolia,"China: Anguo City, Hebei Province",China,"Anguo City, Hebei Province",,,Unelongated bubil biological replicate 1,Dioscorea opposita cultivar Xiaobaizui,opposita,bulbil,ok
SRR17635182,2022-01-16 08:58:56,2022-01-16 08:48:59,23505407,3525811050,0,150,1077,,https://sra-downloadb.be-md.ncbi.nlm.nih.gov/sos1/sra-pub-zq-38/SRR017/17635/SRR17635182/SRR17635182.lite.1,SRX13803532,FKRO202250449-1A,RNA-Seq,RT-PCR,TRANSCRIPTOMIC,SINGLE,0,0,ILLUMINA,HiSeq X Ten,SRP355252,PRJNA797729,,797729,SRS11685158,SAMN25036868,simple,569628,Dioscorea oppositifolia,S_2,,,,,,,no,,,,,COLLEGE OF AGRONOMY,SRA1357310,,public,9A10A1E20FCB03B85ABB20F23DDBEAFA,B90871B56CD3490450890CD57B2193E5,25036868,SAMN25036868,Unelongated bubil biological replicate 2,Dioscorea oppositifolia,"China: Anguo City, Hebei Province",China,"Anguo City, Hebei Province",,,Unelongated bubil biological replicate 2,Dioscorea opposita cultivar Xiaobaizui,opposita,bulbil,ok
SRR17635181,2022-01-16 08:58:56,2022-01-16 08:48:51,22103427,3315514050,0,150,995,,https://sra-downloadb.be-md.ncbi.nlm.nih.gov/sos1/sra-pub-zq-38/SRR017/17635/SRR17635181/SRR17635181.lite.1,SRX13803533,FKRO202250450-1A,RNA-Seq,RT-PCR,TRANSCRIPTOMIC,SINGLE,0,0,ILLUMINA,HiSeq X Ten,SRP355252,PRJNA797729,,797729,SRS11685159,SAMN25036869,simple,4672,Dioscorea,S_3,,,,,,,no,,,,,COLLEGE OF AGRONOMY,SRA1357310,,public,FC7EEFA5FE613A174D2A86DDB1AC0125,115D19B4DA980005B44983EEFB40C9FB,25036869,SAMN25036869,Unelongated bubil biological replicate 3,Dioscorea oppositifolia,"China: Anguo City, Hebei Province",China,"Anguo City, Hebei Province",,,Unelongated bubil biological replicate 3,Dioscorea opposita cultivar Xiaobaizui,opposita,bulbil,ok
SRR17635186,2022-01-16 08:58:56,2022-01-16 08:56:02,24032490,3604873500,0,150,1070,,https://sra-downloadb.be-md.ncbi.nlm.nih.gov/sos1/sra-pub-zq-38/SRR017/17635/SRR17635186/SRR17635186.lite.1,SRX13803528,FKRO202250445-1A,RNA-Seq,RT-PCR,TRANSCRIPTOMIC,SINGLE,0,0,ILLUMINA,HiSeq X Ten,SRP355252,PRJNA797729,,797729,SRS11685154,SAMN25036864,simple,569628,Dioscorea oppositifolia,L_1,,,,,,,no,,,,,COLLEGE OF AGRONOMY,SRA1357310,,public,CCAEC3B33B0412201C5400BDBBDEA03C,DD5DA292F52199514A038C81AD5476A0,25036864,SAMN25036864,Elongation bulbil biological replicate 1,Dioscorea oppositifolia,"China: Anguo City, Hebei Province",China,"Anguo City, Hebei Province",,,Elongation bulbil biological replicate 1,Dioscorea opposita cultivar Xiaobaizui,opposita,bulbil,ok
SRR17635185,2022-01-16 09:15:57,2022-01-16 08:53:09,22663979,3399596850,0,150,1017,,https://sra-downloadb.be-md.ncbi.nlm.nih.gov/sos3/sra-pub-zq-24/SRR017/17635/SRR17635185/SRR17635185.lite.1,SRX13803529,FKRO202250446-1A,RNA-Seq,RT-PCR,TRANSCRIPTOMIC,SINGLE,0,0,ILLUMINA,HiSeq X Ten,SRP355252,PRJNA797729,,797729,SRS11685155,SAMN25036865,simple,569628,Dioscorea oppositifolia,L_2,,,,,,,no,,,,,COLLEGE OF AGRONOMY,SRA1357310,,public,6DE7C85FBA2DC174D3820091D9D95A8A,CA863566069FAB96A74575648199563B,25036865,SAMN25036865,Elongation bulbil biological replicate 2,Dioscorea oppositifolia,"China: Anguo City, Hebei Province",China,"Anguo City, Hebei Province",,,Elongation bulbil biological replicate 2,Dioscorea opposita cultivar Xiaobaizui,opposita,bulbil,ok
SRR16108385,2022-10-31 00:11:33,2021-09-29 02:20:49,26264412,7931852424,26264412,302,4439,,https://sra-downloadb.be-md.ncbi.nlm.nih.gov/sos3/sra-pub-zq-24/SRR016/16108/SRR16108385/SRR16108385.lite.1,SRX12393958,Dioscorea japonica leaf RNA for Illumina HiSeq,RNA-Seq,size fractionation,GENOMIC,PAIRED,0,0,ILLUMINA,Illumina HiSeq 2500,SRP339206,PRJNA766491,,766491,SRS10363848,SAMN21873449,simple,4673,Dioscorea japonica,chamma_RNA_Leaf,,,,,,,no,,,,,NICEM,SRA1302159,,public,DF32D74782F9B4B76892506DED071FD8,0A5993918CD55432228EF2C19C2A63C4,21873449,SAMN21873449,Plant sample from Dioscorea japonica - Leaf,Dioscorea japonica,Korea,Korea,,,,not applicable,,,Leaf,ok
SRR16108383,2022-10-31 00:11:33,2021-09-29 02:14:05,27778390,8389073780,27778390,302,4719,,https://sra-downloadb.be-md.ncbi.nlm.nih.gov/sos3/sra-pub-zq-24/SRR016/16108/SRR16108383/SRR16108383.lite.1,SRX12393960,Dioscorea japonica root RNA for Illumina HiSeq,RNA-Seq,size fractionation,GENOMIC,PAIRED,0,0,ILLUMINA,Illumina HiSeq 2500,SRP339206,PRJNA766491,,766491,SRS10363849,SAMN21873509,simple,4673,Dioscorea japonica,chamma_RNA_Root,,,,,,,no,,,,,NICEM,SRA1302159,,public,225CA184713A9A3EFE0FFAA1CE8A1BAF,493B6209BE818BCCE54886CEBA86E2F4,21873509,SAMN21873509,Plant sample from Dioscorea japonica - Root,Dioscorea japonica,Korea,Korea,,,,not applicable,,,Root,ok
SRR16108384,2022-10-31 00:11:33,2021-09-29 02:10:39,25427283,7679039466,25427283,302,4278,,https://sra-downloadb.be-md.ncbi.nlm.nih.gov/sos3/sra-pub-zq-24/SRR016/16108/SRR16108384/SRR16108384.lite.1,SRX12393959,Dioscorea japonica stem RNA for Illumina HiSeq,RNA-Seq,size fractionation,GENOMIC,PAIRED,0,0,ILLUMINA,Illumina HiSeq 2500,SRP339206,PRJNA766491,,766491,SRS10363850,SAMN21873505,simple,4673,Dioscorea japonica,chamma_RNA_Stem,,,,,,,no,,,,,NICEM,SRA1302159,,public,33929311B728CEA577B7CABE18C29D25,81934D6B1E8D04EA7378CA72E8EF8E9A,21873505,SAMN21873505,Plant sample from Dioscorea japonica - Stem,Dioscorea japonica,Korea,Korea,,,,not applicable,,,Stem,ok
SRR14954309,2021-06-30 01:59:00,2021-06-30 01:45:00,27084212,8125263600,27084212,300,2494,,https://sra-downloadb.be-md.ncbi.nlm.nih.gov/sos4/sra-pub-zq-1/SRR014/14954/SRR14954309/SRR14954309.lite.1,SRX11266930,12a,RNA-Seq,PCR,GENOMIC,PAIRED,0,0,ILLUMINA,Illumina MiSeq,SRP326020,PRJNA741609,,741609,SRS9306470,SAMN19884356,simple,323663,Dioscorea cirrhosa,BR_3_a,,,,,,,no,,,,,TUBER,SRA1250875,,public,84A8E5DCB4D411433B38193C0AE07012,86E8224C0F552C180FA267252A3DE4D9,19884356,SAMN19884356,BR_3_a,Dioscorea cirrhosa,China:foshan,China,foshan,22.110 N 112.65 E,,not applicable,not applicable,not applicable,tuber,ok
SRR14954308,2021-06-30 01:44:09,2021-06-30 01:17:42,22801620,6840486000,22801620,300,1968,,https://sra-downloadb.be-md.ncbi.nlm.nih.gov/sos4/sra-pub-zq-1/SRR014/14954/SRR14954308/SRR14954308.lite.1,SRX11266931,2a,RNA-Seq,PCR,GENOMIC,PAIRED,0,0,ILLUMINA,Illumina MiSeq,SRP326020,PRJNA741609,,741609,SRS9306471,SAMN19884336,simple,323663,Dioscorea cirrhosa,LR_2_a,,,,,,,no,,,,,TUBER,SRA1250875,,public,F56C5FEF845861BEE24AF0930D23AA09,4D1A22040141D9A6DBE4DA530667E2B6,19884336,SAMN19884336,LR_2_a,Dioscorea cirrhosa,China:foshan,China,foshan,22.90 N 112.65 E,,not applicable,not applicable,not applicable,tuber,ok
SRR14954307,2021-06-30 01:44:09,2021-06-30 01:17:03,24662628,7398788400,24662628,300,2123,,https://sra-downloadb.be-md.ncbi.nlm.nih.gov/sos4/sra-pub-zq-1/SRR014/14954/SRR14954307/SRR14954307.lite.1,SRX11266932,4a,RNA-Seq,PCR,GENOMIC,PAIRED,0,0,ILLUMINA,Illumina MiSeq,SRP326020,PRJNA741609,,741609,SRS9306472,SAMN19884340,simple,323663,Dioscorea cirrhosa,RD_1_a,,,,,,,no,,,,,TUBER,SRA1250875,,public,319EFBC804712F7FF1A311998990B3BC,3FA03F79221D2550C37A855F9AA80F82,19884340,SAMN19884340,RD_1_a,Dioscorea cirrhosa,China:foshan,China,foshan,22.94 N 112.65 E,,not applicable,not applicable,not applicable,tuber,ok
SRR14954306,2021-06-30 01:44:09,2021-06-30 01:16:19,24065211,7219563300,24065211,300,2074,,https://sra-downloadb.be-md.ncbi.nlm.nih.gov/sos4/sra-pub-zq-1/SRR014/14954/SRR14954306/SRR14954306.lite.1,SRX11266933,5a,RNA-Seq,PCR,GENOMIC,PAIRED,0,0,ILLUMINA,Illumina MiSeq,SRP326020,PRJNA741609,,741609,SRS9306474,SAMN19884342,simple,323663,Dioscorea cirrhosa,RD_2_a,,,,,,,no,,,,,TUBER,SRA1250875,,public,E80590FFF1C11749065DF43E0E788AB3,AC79FACFFF44849A9167CF62C88B60FF,19884342,SAMN19884342,RD_2_a,Dioscorea cirrhosa,China:foshan,China,foshan,22.96 N 112.65 E,,not applicable,not applicable,not applicable,tuber,ok
SRR14954305,2021-06-30 01:44:09,2021-06-30 01:15:26,25939098,7781729400,25939098,300,2231,,https://sra-downloadb.be-md.ncbi.nlm.nih.gov/sos4/sra-pub-zq-1/SRR014/14954/SRR14954305/SRR14954305.lite.1,SRX11266934,6a,RNA-Seq,PCR,GENOMIC,PAIRED,0,0,ILLUMINA,Illumina MiSeq,SRP326020,PRJNA741609,,741609,SRS9306473,SAMN19884344,simple,323663,Dioscorea cirrhosa,RD_3_a,,,,,,,no,,,,,TUBER,SRA1250875,,public,090F79F094DB0CA1A6B69A29496B8002,75DAD98F80311053C6983DC7D894E351,19884344,SAMN19884344,RD_3_a,Dioscorea cirrhosa,China:foshan,China,foshan,22.98 N 112.65 E,,not applicable,not applicable,not applicable,tuber,ok
SRR14954310,2021-06-30 01:44:09,2021-06-30 01:22:12,24929019,7478705700,24929019,300,2145,,https://sra-downloadb.be-md.ncbi.nlm.nih.gov/sos4/sra-pub-zq-1/SRR014/14954/SRR14954310/SRR14954310.lite.1,SRX11266929,10a,RNA-Seq,PCR,GENOMIC,PAIRED,0,0,ILLUMINA,Illumina MiSeq,SRP326020,PRJNA741609,,741609,SRS9306469,SAMN19884352,simple,323663,Dioscorea cirrhosa,BR_1_a,,,,,,,no,,,,,TUBER,SRA1250875,,public,FB626B2DCA5B67935A933DDB558EC6CA,1131D35ACC9DCDE08FB88B21EF0F9E86,19884352,SAMN19884352,BR_1_a,Dioscorea cirrhosa,China:foshan,China,foshan,22.106 N 112.65 E,,not applicable,not applicable,not applicable,tuber,ok
SRR14954313,2021-06-30 01:44:09,2021-06-30 01:30:11,23145553,6943665900,23145553,300,2005,,https://sra-downloadb.be-md.ncbi.nlm.nih.gov/sos4/sra-pub-zq-1/SRR014/14954/SRR14954313/SRR14954313.lite.1,SRX11266926,7a,RNA-Seq,PCR,GENOMIC,PAIRED,0,0,ILLUMINA,Illumina MiSeq,SRP326020,PRJNA741609,,741609,SRS9306468,SAMN19884346,simple,323663,Dioscorea cirrhosa,DR_1_a,,,,,,,no,,,,,TUBER,SRA1250875,,public,6C99E84D617351B0027823FB4889A6D8,35472A6D490EC1363741A437127A4537,19884346,SAMN19884346,DR_1_a,Dioscorea cirrhosa,China:foshan,China,foshan,22.100 N 112.65 E,,not applicable,not applicable,not applicable,tuber,ok
SRR14954312,2021-06-30 01:44:09,2021-06-30 01:22:32,23930606,7179181800,23930606,300,2114,,https://sra-downloadb.be-md.ncbi.nlm.nih.gov/sos4/sra-pub-zq-1/SRR014/14954/SRR14954312/SRR14954312.lite.1,SRX11266927,8a,RNA-Seq,PCR,GENOMIC,PAIRED,0,0,ILLUMINA,Illumina MiSeq,SRP326020,PRJNA741609,,741609,SRS9306467,SAMN19884348,simple,323663,Dioscorea cirrhosa,DR_2_a,,,,,,,no,,,,,TUBER,SRA1250875,,public,4DE42AA52E2EB3B402ECCDA1BB2685C0,FD3BB02AC59B8AEBCA8FC7B43DB9A4FB,19884348,SAMN19884348,DR_2_a,Dioscorea cirrhosa,China:foshan,China,foshan,22.102 N 112.65 E,,not applicable,not applicable,not applicable,tuber,ok
SRR14954311,2021-06-30 01:44:09,2021-06-30 01:21:00,26766975,8030092500,26766975,300,2321,,https://sra-downloadb.be-md.ncbi.nlm.nih.gov/sos4/sra-pub-zq-1/SRR014/14954/SRR14954311/SRR14954311.lite.1,SRX11266928,9a,RNA-Seq,PCR,GENOMIC,PAIRED,0,0,ILLUMINA,Illumina MiSeq,SRP326020,PRJNA741609,,741609,SRS9306466,SAMN19884350,simple,323663,Dioscorea cirrhosa,DR_3_a,,,,,,,no,,,,,TUBER,SRA1250875,,public,D05509996AB45FC075D5DDDB0E930F39,0A82A8E51DFCD706944A89831137D360,19884350,SAMN19884350,DR_3_a,Dioscorea cirrhosa,China:foshan,China,foshan,22.104 N 112.65 E,,not applicable,not applicable,not applicable,tuber,ok
SRR14954314,2021-06-30 01:59:00,2021-06-30 01:42:12,24694481,7408344300,24694481,300,2127,,https://sra-downloadb.be-md.ncbi.nlm.nih.gov/sos4/sra-pub-zq-1/SRR014/14954/SRR14954314/SRR14954314.lite.1,SRX11266925,1a,RNA-Seq,PCR,GENOMIC,PAIRED,0,0,ILLUMINA,Illumina MiSeq,SRP326020,PRJNA741609,,741609,SRS9306465,SAMN19884334,simple,323663,Dioscorea cirrhosa,LR_1_a,,,,,,,no,,,,,TUBER,SRA1250875,,public,9D2B4030C3EB0BD96FB2A3095F65E1B5,FDAD8BFEA9D93A7E74988727C99BE048,19884334,SAMN19884334,LR_1_a,Dioscorea cirrhosa,China:foshan,China,foshan,22.88 N 112.65 E,,not applicable,not applicable,not applicable,tuber,ok
SRR14574588,2023-06-01 00:00:26,2021-05-18 05:30:21,18213736,5464120800,18213736,300,2014,,https://sra-downloadb.be-md.ncbi.nlm.nih.gov/sos1/sra-pub-zq-38/SRR014/14574/SRR14574588/SRR14574588.lite.1,SRX10917794,Da25T1,RNA-Seq,PCR,TRANSCRIPTOMIC,PAIRED,0,0,ILLUMINA,Illumina HiSeq 2000,SRP320270,PRJNA730680,,730680,SRS9007724,SAMN19238798,simple,55571,Dioscorea alata,Da25-T1M,,,,,,,no,,,,,HAINAN UNIVERSITY,SRA1233527,,public,F931EED3E4C97CAB4B0A9308EF647E35,7E01610DA2263E0DA665A610CAC9DA47,19238798,SAMN19238798,Plant sample from Dioscorea alata,Dioscorea alata,"China: Danzhou, Hainan",China,"Danzhou, Hainan",,,2017-09-26,Da25,China: Guangxi,tuber,ok
SRR14574587,2023-06-01 00:00:26,2021-05-18 05:28:46,18288944,5486683200,18288944,300,2028,,https://sra-downloadb.be-md.ncbi.nlm.nih.gov/sos5/sra-pub-zq-16/SRR014/14574/SRR14574587/SRR14574587.lite.1,SRX10917795,Da25T2,RNA-Seq,PCR,TRANSCRIPTOMIC,PAIRED,0,0,ILLUMINA,Illumina HiSeq 2000,SRP320270,PRJNA730680,,730680,SRS9007722,SAMN19238799,simple,55571,Dioscorea alata,Da25-T2M,,,,,,,no,,,,,HAINAN UNIVERSITY,SRA1233527,,public,1163AFBBD945A90EB39F97C525B36096,CA4466144DE9F29740E19BE04CB35832,19238799,SAMN19238799,Plant sample from Dioscorea alata,Dioscorea alata,"China: Danzhou, Hainan",China,"Danzhou, Hainan",,,2017-10-26,Da25,China: Guangxi,tuber,ok
SRR14574590,2023-06-01 00:00:26,2021-05-18 05:27:14,17988733,5396619900,17988733,300,1994,,https://sra-downloadb.be-md.ncbi.nlm.nih.gov/sos2/sra-pub-zq-18/SRR014/14574/SRR14574590/SRR14574590.lite.1,SRX10917792,Da25L,RNA-Seq,PCR,TRANSCRIPTOMIC,PAIRED,0,0,ILLUMINA,Illumina HiSeq 2000,SRP320270,PRJNA730680,,730680,SRS9007719,SAMN19238796,simple,55571,Dioscorea alata,Da25-leaf,,,,,,,no,,,,,HAINAN UNIVERSITY,SRA1233527,,public,E275F3259B29CDA7B7B0D22F9981215A,F77EBF3D38AA39FA073902AE43C6B356,19238796,SAMN19238796,Plant sample from Dioscorea alata,Dioscorea alata,"China: Danzhou, Hainan",China,"Danzhou, Hainan",,,2017-09-26,Da25,China: Guangxi,leaf,ok
SRR14574589,2023-06-01 00:00:26,2021-05-18 05:31:51,18104157,5431247100,18104157,300,2005,,https://sra-downloadb.be-md.ncbi.nlm.nih.gov/sos5/sra-pub-zq-16/SRR014/14574/SRR14574589/SRR14574589.lite.1,SRX10917793,Da25S,RNA-Seq,PCR,TRANSCRIPTOMIC,PAIRED,0,0,ILLUMINA,Illumina HiSeq 2000,SRP320270,PRJNA730680,,730680,SRS9007721,SAMN19238797,simple,55571,Dioscorea alata,Da25-stem,,,,,,,no,,,,,HAINAN UNIVERSITY,SRA1233527,,public,37F8C9E3F4034B6D4F99C62C0087E5DF,9DB7ED6CE53D7B73E616DEB44D8E1C3C,19238797,SAMN19238797,Plant sample from Dioscorea alata,Dioscorea alata,"China: Danzhou, Hainan",China,"Danzhou, Hainan",,,2017-09-26,Da25,China: Guangxi,stem,ok
SRR14574591,2023-06-01 00:00:26,2021-05-18 05:26:56,18494978,5548493400,18494978,300,2085,,https://sra-downloadb.be-md.ncbi.nlm.nih.gov/sos5/sra-pub-zq-16/SRR014/14574/SRR14574591/SRR14574591.lite.1,SRX10917791,Da56To,RNA-Seq,PCR,TRANSCRIPTOMIC,PAIRED,0,0,ILLUMINA,Illumina HiSeq 2000,SRP320270,PRJNA730680,,730680,SRS9007718,SAMN19238795,simple,55571,Dioscorea alata,Da56-ToM,,,,,,,no,,,,,HAINAN UNIVERSITY,SRA1233527,,public,47A11859BDB895A8FACEB657A5995BDA,7480FE6B9E73510473736B1A905C0103,19238795,SAMN19238795,Plant sample from Dioscorea alata,Dioscorea alata,"China: Danzhou, Hainan",China,"Danzhou, Hainan",,,2017-10-26,Da56,"China: Rongxian, Guangxi",tuber,ok
SRR14574592,2023-06-01 00:00:26,2021-05-18 05:29:08,17950491,5385147300,17950491,300,2004,,https://sra-downloadb.be-md.ncbi.nlm.nih.gov/sos5/sra-pub-zq-16/SRR014/14574/SRR14574592/SRR14574592.lite.1,SRX10917790,Da56Ty,RNA-Seq,PCR,TRANSCRIPTOMIC,PAIRED,0,0,ILLUMINA,Illumina HiSeq 2000,SRP320270,PRJNA730680,,730680,SRS9007720,SAMN19238794,simple,55571,Dioscorea alata,Da56-TyM,,,,,,,no,,,,,HAINAN UNIVERSITY,SRA1233527,,public,2A0C25B7251815D1CC7EC5B29455133C,47FD9F2437049DCAEE11E83D7E69035B,19238794,SAMN19238794,Plant sample from Dioscorea alata,Dioscorea alata,"China: Danzhou, Hainan",China,"Danzhou, Hainan",,,2017-09-26,Da56,"China: Rongxian, Guangxi",tuber,ok
SRR14574594,2023-06-01 00:00:26,2021-05-18 05:30:46,18304107,5491232100,18304107,300,2042,,https://sra-downloadb.be-md.ncbi.nlm.nih.gov/sos1/sra-pub-zq-38/SRR014/14574/SRR14574594/SRR14574594.lite.1,SRX10917788,Da56L,RNA-Seq,PCR,TRANSCRIPTOMIC,PAIRED,0,0,ILLUMINA,Illumina HiSeq 2000,SRP320270,PRJNA730680,,730680,SRS9007717,SAMN19238792,simple,55571,Dioscorea alata,Da56-leaf,,,,,,,no,,,,,HAINAN UNIVERSITY,SRA1233527,,public,E53EE12BE32F0B91C7591AA6094B5982,68784234DE266EEED9C97AF2C68EC111,19238792,SAMN19238792,Plant sample from Dioscorea alata,Dioscorea alata,"China: Danzhou, Hainan",China,"Danzhou, Hainan",,,2017-09-26,Da56,"China: Rongxian, Guangxi",leaf,ok
SRR14574593,2023-06-01 00:00:26,2021-05-18 05:28:19,17999729,5399918700,17999729,300,2047,,https://sra-downloadb.be-md.ncbi.nlm.nih.gov/sos2/sra-pub-zq-18/SRR014/14574/SRR14574593/SRR14574593.lite.1,SRX10917789,Da56S,RNA-Seq,PCR,TRANSCRIPTOMIC,PAIRED,0,0,ILLUMINA,Illumina HiSeq 2000,SRP320270,PRJNA730680,,730680,SRS9007716,SAMN19238793,simple,55571,Dioscorea alata,Da56-stem,,,,,,,no,,,,,HAINAN UNIVERSITY,SRA1233527,,public,5A0806BDE31E5616F2607ECF4B2C5B8E,AB0E1FCD3385E314F3C48B34F996BE87,19238793,SAMN19238793,Plant sample from Dioscorea alata,Dioscorea alata,"China: Danzhou, Hainan",China,"Danzhou, Hainan",,,2017-09-26,Da56,"China: Rongxian, Guangxi",stem,ok
SRR14090611,2021-03-29 06:37:25,2021-03-29 06:29:22,3386960,4176319745,0,1233,3564,,https://sra-downloadb.be-md.ncbi.nlm.nih.gov/sos3/sra-pub-zq-24/SRR014/14090/SRR14090611/SRR14090611.lite.1,SRX10464793,WH03,RNA-Seq,PCR,TRANSCRIPTOMIC,SINGLE,0,0,OXFORD_NANOPORE,MinION,SRP312534,PRJNA717378,,717378,SRS8595295,SAMN18499610,simple,323665,Dioscorea esculenta,WH03,,,,,,,no,,,,,GUANGXI ACADEMY OF AGRICULTURAL SCIENCES,SRA1211515,,public,73EA56018AEB1B6DB058C23FB201F43B,25E4A32C62937C3330FCCD49003B92A4,18499610,SAMN18499610,WH03,Dioscorea esculenta,China:Nanning,China,Nanning,,,,Strain 118,,root tuber,ok
SRR14090610,2021-03-29 06:38:45,2021-03-29 06:30:56,3380641,3782485684,0,1118,3225,,https://sra-downloadb.be-md.ncbi.nlm.nih.gov/sos3/sra-pub-zq-24/SRR014/14090/SRR14090610/SRR14090610.lite.1,SRX10464794,WL01,RNA-Seq,PCR,TRANSCRIPTOMIC,SINGLE,0,0,OXFORD_NANOPORE,MinION,SRP312534,PRJNA717378,,717378,SRS8595297,SAMN18499611,simple,323665,Dioscorea esculenta,WL01,,,,,,,no,,,,,GUANGXI ACADEMY OF AGRICULTURAL SCIENCES,SRA1211515,,public,6C5AB94118DD0A1404560771E19476FB,85D181F60D7CC9101C7654EBAD78B857,18499611,SAMN18499611,WL01,Dioscorea esculenta,China:Nanning,China,Nanning,,,,Strain 118,,root tuber,ok
SRR14090616,2021-03-29 06:34:49,2021-03-29 06:30:18,3295322,3928750365,0,1192,3355,,https://sra-downloadb.be-md.ncbi.nlm.nih.gov/sos3/sra-pub-zq-24/SRR014/14090/SRR14090616/SRR14090616.lite.1,SRX10464788,PL01,RNA-Seq,PCR,TRANSCRIPTOMIC,SINGLE,0,0,OXFORD_NANOPORE,MinION,SRP312534,PRJNA717378,,717378,SRS8595291,SAMN18499605,simple,323665,Dioscorea esculenta,PL01,,,,,,,no,,,,,GUANGXI ACADEMY OF AGRICULTURAL SCIENCES,SRA1211515,,public,1B505830798D2DD38F709E70A63C28A9,01D7DE5B6448EA66D25C3BBFC149BC4C,18499605,SAMN18499605,PL01,Dioscorea esculenta,China:Nanning,China,Nanning,,,,Guijingshu 8,,root tuber,ok
SRR14090615,2021-03-29 06:37:25,2021-03-29 06:30:11,2288800,2769463275,0,1210,2355,,https://sra-downloadb.be-md.ncbi.nlm.nih.gov/sos3/sra-pub-zq-24/SRR014/14090/SRR14090615/SRR14090615.lite.1,SRX10464789,PL02,RNA-Seq,PCR,TRANSCRIPTOMIC,SINGLE,0,0,OXFORD_NANOPORE,MinION,SRP312534,PRJNA717378,,717378,SRS8595292,SAMN18499606,simple,323665,Dioscorea esculenta,PL02,,,,,,,no,,,,,GUANGXI ACADEMY OF AGRICULTURAL SCIENCES,SRA1211515,,public,1FE3CBD6CC4E209FA607B3C87979C700,A0A19A241A59F6A670166C1FAD092CA0,18499606,SAMN18499606,PL02,Dioscorea esculenta,China:Nanning,China,Nanning,,,,Guijingshu 8,,root tuber,ok
SRR14090614,2021-03-29 06:34:49,2021-03-29 06:27:28,3013487,3446937897,0,1143,2942,,https://sra-downloadb.be-md.ncbi.nlm.nih.gov/sos3/sra-pub-zq-24/SRR014/14090/SRR14090614/SRR14090614.lite.1,SRX10464790,PL03,RNA-Seq,PCR,TRANSCRIPTOMIC,SINGLE,0,0,OXFORD_NANOPORE,MinION,SRP312534,PRJNA717378,,717378,SRS8595293,SAMN18499607,simple,323665,Dioscorea esculenta,PL03,,,,,,,no,,,,,GUANGXI ACADEMY OF AGRICULTURAL SCIENCES,SRA1211515,,public,E94B280EA19B02A0ABBFF4CAF13DB9CF,32DAD76D3373B9C03DC1855051A9F721,18499607,SAMN18499607,PL03,Dioscorea esculenta,China:Nanning,China,Nanning,,,,Guijingshu 8,,root tuber,ok
SRR14090613,2021-03-29 06:38:45,2021-03-29 06:31:38,3447625,4108554812,0,1191,3514,,https://sra-downloadb.be-md.ncbi.nlm.nih.gov/sos3/sra-pub-zq-24/SRR014/14090/SRR14090613/SRR14090613.lite.1,SRX10464791,WH01,RNA-Seq,PCR,TRANSCRIPTOMIC,SINGLE,0,0,OXFORD_NANOPORE,MinION,SRP312534,PRJNA717378,,717378,SRS8595294,SAMN18499608,simple,323665,Dioscorea esculenta,WH01,,,,,,,no,,,,,GUANGXI ACADEMY OF AGRICULTURAL SCIENCES,SRA1211515,,public,B4E8A0F88A98EF534D1D5675D842CC7C,01DF5AC9A2039FD77D4897D6F8C0DDE3,18499608,SAMN18499608,WH01,Dioscorea esculenta,China:Nanning,China,Nanning,,,,Strain 118,,root tuber,ok
SRR14090612,2021-03-29 06:29:16,2021-03-29 06:26:56,2592205,3076800719,0,1186,2617,,https://sra-downloadb.be-md.ncbi.nlm.nih.gov/sos3/sra-pub-zq-24/SRR014/14090/SRR14090612/SRR14090612.lite.1,SRX10464792,WH02,RNA-Seq,PCR,TRANSCRIPTOMIC,SINGLE,0,0,OXFORD_NANOPORE,MinION,SRP312534,PRJNA717378,,717378,SRS8595296,SAMN18499609,simple,323665,Dioscorea esculenta,WH02,,,,,,,no,,,,,GUANGXI ACADEMY OF AGRICULTURAL SCIENCES,SRA1211515,,public,AD5B86D6AB6A71291E189EC8D2D2995E,CF85BE640F5E123FD4E8CEEA8C7E61E0,18499609,SAMN18499609,WH02,Dioscorea esculenta,China:Nanning,China,Nanning,,,,Strain 118,,root tuber,ok
SRR14090621,2021-03-29 06:28:39,2021-03-29 06:26:33,2324569,2793415131,0,1201,2375,,https://sra-downloadb.be-md.ncbi.nlm.nih.gov/sos3/sra-pub-zq-24/SRR014/14090/SRR14090621/SRR14090621.lite.1,SRX10464783,PH01,RNA-Seq,PCR,TRANSCRIPTOMIC,SINGLE,0,0,OXFORD_NANOPORE,MinION,SRP312534,PRJNA717378,,717378,SRS8595286,SAMN18499602,simple,323665,Dioscorea esculenta,PH01,,,,,,,no,,,,,GUANGXI ACADEMY OF AGRICULTURAL SCIENCES,SRA1211515,,public,738B62E596F0093B79D8FA766475ED20,C3B0781298C8C0405795641DEBF8E220,18499602,SAMN18499602,PH01,Dioscorea esculenta,China:Nanning,China,Nanning,,,,Guijingshu 8,,root tuber,ok
SRR14090620,2021-03-29 06:34:49,2021-03-29 06:29:18,3173987,3798426032,0,1196,3226,,https://sra-downloadb.be-md.ncbi.nlm.nih.gov/sos3/sra-pub-zq-24/SRR014/14090/SRR14090620/SRR14090620.lite.1,SRX10464784,PH02,RNA-Seq,PCR,TRANSCRIPTOMIC,SINGLE,0,0,OXFORD_NANOPORE,MinION,SRP312534,PRJNA717378,,717378,SRS8595287,SAMN18499603,simple,323665,Dioscorea esculenta,PH02,,,,,,,no,,,,,GUANGXI ACADEMY OF AGRICULTURAL SCIENCES,SRA1211515,,public,BDBC6588B9E5800C20DCE0974D8702CD,4D417EC0B39559187C1546062B7DCDBD,18499603,SAMN18499603,PH02,Dioscorea esculenta,China:Nanning,China,Nanning,,,,Guijingshu 8,,root tuber,ok
SRR14090617,2021-03-29 06:32:22,2021-03-29 06:28:52,2254098,2750277340,0,1220,2338,,https://sra-downloadb.be-md.ncbi.nlm.nih.gov/sos3/sra-pub-zq-24/SRR014/14090/SRR14090617/SRR14090617.lite.1,SRX10464787,PH03,RNA-Seq,PCR,TRANSCRIPTOMIC,SINGLE,0,0,OXFORD_NANOPORE,MinION,SRP312534,PRJNA717378,,717378,SRS8595290,SAMN18499604,simple,323665,Dioscorea esculenta,PH03,,,,,,,no,,,,,GUANGXI ACADEMY OF AGRICULTURAL SCIENCES,SRA1211515,,public,9A8430C9EDBB41705E68489433545E85,287183DD39AE6EBCD2195D8A558DC7EA,18499604,SAMN18499604,PH03,Dioscorea esculenta,China:Nanning,China,Nanning,,,,Guijingshu 8,,root tuber,ok
SRR14090619,2021-03-29 06:34:49,2021-03-29 06:26:46,2460464,2880887535,0,1170,2451,,https://sra-downloadb.be-md.ncbi.nlm.nih.gov/sos3/sra-pub-zq-24/SRR014/14090/SRR14090619/SRR14090619.lite.1,SRX10464785,WL02,RNA-Seq,PCR,TRANSCRIPTOMIC,SINGLE,0,0,OXFORD_NANOPORE,MinION,SRP312534,PRJNA717378,,717378,SRS8595288,SAMN18499612,simple,323665,Dioscorea esculenta,WL02,,,,,,,no,,,,,GUANGXI ACADEMY OF AGRICULTURAL SCIENCES,SRA1211515,,public,A90AFB3AB6CA71CB31D685CDF97127DB,A897F5255C87465284E5AE7665587FCB,18499612,SAMN18499612,WL02,Dioscorea esculenta,China:Nanning,China,Nanning,,,,Strain 118,,root tuber,ok
SRR14090618,2021-03-29 06:34:49,2021-03-29 06:29:33,2471832,2962692447,0,1198,2523,,https://sra-downloadb.be-md.ncbi.nlm.nih.gov/sos3/sra-pub-zq-24/SRR014/14090/SRR14090618/SRR14090618.lite.1,SRX10464786,WL03,RNA-Seq,PCR,TRANSCRIPTOMIC,SINGLE,0,0,OXFORD_NANOPORE,MinION,SRP312534,PRJNA717378,,717378,SRS8595289,SAMN18499613,simple,323665,Dioscorea esculenta,WL03,,,,,,,no,,,,,GUANGXI ACADEMY OF AGRICULTURAL SCIENCES,SRA1211515,,public,6244A72337AC4D9C3EA322A7483D19C1,704E662C2EE62C8FBA20C01E7550B5A3,18499613,SAMN18499613,WL03,Dioscorea esculenta,China:Nanning,China,Nanning,,,,Strain 118,,root tuber,ok
SRR13683864,2021-11-03 13:46:57,2021-02-11 07:47:23,553977,507008619,0,915,412,,https://sra-downloadb.be-md.ncbi.nlm.nih.gov/sos2/sra-pub-run-34/SRR013/13683/SRR13683864/SRR13683864.1,SRX10073202,Damix_DRNAseq,RNA-Seq,DNase,TRANSCRIPTOMIC,SINGLE,0,0,OXFORD_NANOPORE,MinION,SRP304403,PRJNA666450,3.0,666450,SRS8178054,SAMN16294114,simple,55571,Dioscorea alata,TDa95-00328,,,,,,,no,,,,,UNIVERSITY OF CALIFORNIA BERKELEY,SRA1194665,,public,1D2FA4A9A96BB4D5CC19A8630A13A98A,549BF3D54C33F4FE24E7CDE94549906F,16294114,SAMN16294114,Dioscorea alata breeding line TDa95/00328,Dioscorea alata,"Nigeria: IITA Ibadan, Oyo State",Nigeria,"IITA Ibadan, Oyo State",,,,TDa95/00328,,leaf,ok
SRR13683865,2021-11-03 13:46:57,2021-02-10 21:46:45,40999807,10249951750,40999807,250,3515,,https://sra-downloadb.be-md.ncbi.nlm.nih.gov/sos3/sra-pub-zq-24/SRR013/13683/SRR13683865/SRR13683865.lite.1,SRX10073201,Damix_GCCAAT,RNA-Seq,DNase,TRANSCRIPTOMIC,PAIRED,0,0,ILLUMINA,Illumina HiSeq 2500,SRP304403,PRJNA666450,3.0,666450,SRS8178054,SAMN16294114,simple,55571,Dioscorea alata,TDa95-00328,,,,,,,no,,,,,UNIVERSITY OF CALIFORNIA BERKELEY,SRA1194665,,public,8D2390BAA0DA81B4DF508B41AE89056B,B2E0719FF040EC2132B4148D10C57CE0,16294114,SAMN16294114,Dioscorea alata breeding line TDa95/00328,Dioscorea alata,"Nigeria: IITA Ibadan, Oyo State",Nigeria,"IITA Ibadan, Oyo State",,,,TDa95/00328,,leaf,ok
SRR13270797,2024-05-31 00:03:37,2020-12-20 20:17:46,24076999,7271253698,24076999,302,2128,,https://sra-downloadb.be-md.ncbi.nlm.nih.gov/sos6/sra-pub-zq-40/SRR013/13270/SRR13270797/SRR13270797.lite.1,SRX9700935,H7_S95_L002,RNA-Seq,PCR,TRANSCRIPTOMIC,PAIRED,0,0,ILLUMINA,Illumina NovaSeq 6000,SRP298405,PRJNA686210,,686210,SRS7896910,SAMN17109015,simple,569628,Dioscorea oppositifolia,disease_1,,,,,,,no,,,,,HEBEI AGRICULTURAL UNIVERSITY,SRA1173682,,public,7EDD11B2A84DB249B067804138B7F39D,C83F08506D16E82F9D8CD46ACAA006B3,17109015,SAMN17109015,yam scorch foot disease replicate 1,Dioscorea oppositifolia,"China:Hebei,Qingyuan",China,"Hebei,Qingyuan",,,not applicable,Bangyao,not applicable,Root,ok
SRR13270796,2024-05-31 01:10:19,2020-12-20 20:18:21,22109091,6676945482,22109091,302,1971,,https://sra-downloadb.be-md.ncbi.nlm.nih.gov/sos6/sra-pub-zq-40/SRR013/13270/SRR13270796/SRR13270796.lite.1,SRX9700936,H8_S96_L002,RNA-Seq,PCR,TRANSCRIPTOMIC,PAIRED,0,0,ILLUMINA,Illumina NovaSeq 6000,SRP298405,PRJNA686210,,686210,SRS7896913,SAMN17109016,simple,569628,Dioscorea oppositifolia,disease_2,,,,,,,no,,,,,HEBEI AGRICULTURAL UNIVERSITY,SRA1173682,,public,6CF8674DFCFA47230A65FE636FF55265,45CAAA5E408066A3F8FFC3FD74742896,17109016,SAMN17109016,yam scorch foot disease replicate 2,Dioscorea oppositifolia,"China:Hebei,Qingyuan",China,"Hebei,Qingyuan",,,not applicable,Bangyao,not applicable,Root,ok
SRR13270795,2024-05-31 00:03:38,2020-12-20 20:19:42,23330964,7045951128,23330964,302,2107,,https://sra-downloadb.be-md.ncbi.nlm.nih.gov/sos6/sra-pub-zq-40/SRR013/13270/SRR13270795/SRR13270795.lite.1,SRX9700937,H9_S97_L002,RNA-Seq,PCR,TRANSCRIPTOMIC,PAIRED,0,0,ILLUMINA,Illumina NovaSeq 6000,SRP298405,PRJNA686210,,686210,SRS7896914,SAMN17109017,simple,569628,Dioscorea oppositifolia,disease_3,,,,,,,no,,,,,HEBEI AGRICULTURAL UNIVERSITY,SRA1173682,,public,DADDA42CD49482D7EE937F6EDC16DB01,E20D4BF7487A442FCBC817FFD1A01441,17109017,SAMN17109017,yam scorch foot disease replicate 3,Dioscorea oppositifolia,"China:Hebei,Qingyuan",China,"Hebei,Qingyuan",,,not applicable,Bangyao,not applicable,Root,ok
SRR13270800,2024-05-31 01:10:19,2020-12-20 20:16:46,26399115,7972532730,26399115,302,2336,,https://sra-downloadb.be-md.ncbi.nlm.nih.gov/sos6/sra-pub-zq-40/SRR013/13270/SRR13270800/SRR13270800.lite.1,SRX9700932,J7_S98_L002,RNA-Seq,PCR,TRANSCRIPTOMIC,PAIRED,0,0,ILLUMINA,Illumina NovaSeq 6000,SRP298405,PRJNA686210,,686210,SRS7896909,SAMN17109012,simple,569628,Dioscorea oppositifolia,Healthy_1,,,,,,,no,,,,,HEBEI AGRICULTURAL UNIVERSITY,SRA1173682,,public,FE439491A2EFB4E08DCB27D6D9782208,2F0C8CB869AEBD9EC21125FF6FB5FDC3,17109012,SAMN17109012,Heathy replicate 1,Dioscorea oppositifolia,"China:Hebei,Qingyuan",China,"Hebei,Qingyuan",,,not applicable,Bangyao,not applicable,Root,ok
SRR13270799,2024-05-31 01:10:19,2020-12-20 20:15:45,24260701,7326731702,24260701,302,2215,,https://sra-downloadb.be-md.ncbi.nlm.nih.gov/sos6/sra-pub-zq-40/SRR013/13270/SRR13270799/SRR13270799.lite.1,SRX9700933,J8_S99_L002,RNA-Seq,PCR,TRANSCRIPTOMIC,PAIRED,0,0,ILLUMINA,Illumina NovaSeq 6000,SRP298405,PRJNA686210,,686210,SRS7896911,SAMN17109013,simple,569628,Dioscorea oppositifolia,Healthy_2,,,,,,,no,,,,,HEBEI AGRICULTURAL UNIVERSITY,SRA1173682,,public,79897BD0DA56295D38267CB7E1B0AC45,C771246378BB5B32C1993AB606B94EC9,17109013,SAMN17109013,Heathy replicate 2,Dioscorea oppositifolia,"China:Hebei,Qingyuan",China,"Hebei,Qingyuan",,,not applicable,Bangyao,not applicable,Root,ok
SRR13270798,2024-05-31 00:03:37,2020-12-20 20:20:33,27105488,8185857376,27105488,302,2447,,https://sra-downloadb.be-md.ncbi.nlm.nih.gov/sos6/sra-pub-zq-40/SRR013/13270/SRR13270798/SRR13270798.lite.1,SRX9700934,J9_S100_L002,RNA-Seq,PCR,TRANSCRIPTOMIC,PAIRED,0,0,ILLUMINA,Illumina NovaSeq 6000,SRP298405,PRJNA686210,,686210,SRS7896912,SAMN17109014,simple,569628,Dioscorea oppositifolia,Healthy_3,,,,,,,no,,,,,HEBEI AGRICULTURAL UNIVERSITY,SRA1173682,,public,D2F31BB49B911836155A1BC6E98CEA8F,CD5840D5CD7FD60ED6AB311CCA0C58D0,17109014,SAMN17109014,Heathy replicate 3,Dioscorea oppositifolia,"China:Hebei,Qingyuan",China,"Hebei,Qingyuan",,,not applicable,Bangyao,not applicable,Root,ok
DRR208402,2020-12-08 07:48:35,2020-12-08 08:05:17,11441306,3432391800,11441306,300,1253,,https://sra-downloadb.be-md.ncbi.nlm.nih.gov/sos4/sra-pub-zq-1/DRR000/208/DRR208402/DRR208402.lite.1,DRX198752,Dioscorea rotundata TDr97_00777 Male flower early_2,RNA-Seq,PolyA,TRANSCRIPTOMIC,PAIRED,240,50,ILLUMINA,Illumina HiSeq 4000,DRP005563,PRJDB8681,2.0,588390,DRS164927,SAMD00206242,simple,55577,Dioscorea cayenensis subsp. rotundata,SAMD00206242,,,,,male,,no,,,,,IBRC,DRA009622,,public,6CD05B396E00F316F48E50AB6DFE32F7,1E63EBDF556E1E013E842929CCE0529F,17024109,SAMD00206242,Dioscorea rotundata TDr97_00777 Male flower early_2,Dioscorea cayenensis subsp. rotundata,,,,,,,TDr97_00777,,Flower,ok
DRR208403,2020-12-08 07:48:35,2020-12-08 08:05:21,13773112,4131933600,13773112,300,1466,,https://sra-downloadb.be-md.ncbi.nlm.nih.gov/sos4/sra-pub-zq-1/DRR000/208/DRR208403/DRR208403.lite.1,DRX198753,Dioscorea rotundata TDr97_00777 Male flower early_3,RNA-Seq,PolyA,TRANSCRIPTOMIC,PAIRED,240,50,ILLUMINA,Illumina HiSeq 4000,DRP005563,PRJDB8681,2.0,588390,DRS164928,SAMD00206243,simple,55577,Dioscorea cayenensis subsp. rotundata,SAMD00206243,,,,,male,,no,,,,,IBRC,DRA009622,,public,E792F662D78A2B274827F1C127330556,EC92F0D2C0EE6BEDFD2E4C2B5AF40822,17024110,SAMD00206243,Dioscorea rotundata TDr97_00777 Male flower early_3,Dioscorea cayenensis subsp. rotundata,,,,,,,TDr97_00777,,Flower,ok
DRR208398,2020-12-08 07:48:34,2020-12-08 08:05:15,13735269,4120580700,13735269,300,1483,,https://sra-downloadb.be-md.ncbi.nlm.nih.gov/sos4/sra-pub-zq-1/DRR000/208/DRR208398/DRR208398.lite.1,DRX198748,Dioscorea rotundata TDr97_00917 Female flower early_1,RNA-Seq,PolyA,TRANSCRIPTOMIC,PAIRED,240,50,ILLUMINA,Illumina HiSeq 4000,DRP005563,PRJDB8681,2.0,588390,DRS164923,SAMD00206238,simple,55577,Dioscorea cayenensis subsp. rotundata,SAMD00206238,,,,,female,,no,,,,,IBRC,DRA009622,,public,3EAC9CEA515C8D33DD5CBBFBF46E3108,E8B6F8A9B31C5784738700D18E812777,17024105,SAMD00206238,Dioscorea rotundata TDr97_00917 Female flower early_1,Dioscorea cayenensis subsp. rotundata,,,,,,,TDr97_00917,,Flower,ok
DRR208399,2020-12-08 07:48:35,2020-12-08 08:04:30,14226893,4268067900,14226893,300,1532,,https://sra-downloadb.be-md.ncbi.nlm.nih.gov/sos4/sra-pub-zq-1/DRR000/208/DRR208399/DRR208399.lite.1,DRX198749,Dioscorea rotundata TDr97_00917 Female flower early_2,RNA-Seq,PolyA,TRANSCRIPTOMIC,PAIRED,240,50,ILLUMINA,Illumina HiSeq 4000,DRP005563,PRJDB8681,2.0,588390,DRS164924,SAMD00206239,simple,55577,Dioscorea cayenensis subsp. rotundata,SAMD00206239,,,,,female,,no,,,,,IBRC,DRA009622,,public,DBD9750E34FDFC21AED154C14592FBC6,682CBDEF8C26C21B1D59EB573B47D6BC,17024106,SAMD00206239,Dioscorea rotundata TDr97_00917 Female flower early_2,Dioscorea cayenensis subsp. rotundata,,,,,,,TDr97_00917,,Flower,ok
DRR208400,2020-12-08 07:48:35,2020-12-08 08:04:22,14758100,4427430000,14758100,300,1565,,https://sra-downloadb.be-md.ncbi.nlm.nih.gov/sos4/sra-pub-zq-1/DRR000/208/DRR208400/DRR208400.lite.1,DRX198750,Dioscorea rotundata TDr97_00917 Female flower early_3,RNA-Seq,PolyA,TRANSCRIPTOMIC,PAIRED,240,50,ILLUMINA,Illumina HiSeq 4000,DRP005563,PRJDB8681,2.0,588390,DRS164925,SAMD00206240,simple,55577,Dioscorea cayenensis subsp. rotundata,SAMD00206240,,,,,female,,no,,,,,IBRC,DRA009622,,public,DE52D2326E58B78794033A105221D837,FF6A09683472196EE82E2E115B7F1991,17024107,SAMD00206240,Dioscorea rotundata TDr97_00917 Female flower early_3,Dioscorea cayenensis subsp. rotundata,,,,,,,TDr97_00917,,Flower,ok
DRR208401,2020-12-08 07:48:35,2020-12-08 08:04:24,14918530,4475559000,14918530,300,1596,,https://sra-downloadb.be-md.ncbi.nlm.nih.gov/sos4/sra-pub-zq-1/DRR000/208/DRR208401/DRR208401.lite.1,DRX198751,Dioscorea rotundata TDr97_00777 Male flower early_1,RNA-Seq,PolyA,TRANSCRIPTOMIC,PAIRED,240,50,ILLUMINA,Illumina HiSeq 4000,DRP005563,PRJDB8681,2.0,588390,DRS164926,SAMD00206241,simple,55577,Dioscorea cayenensis subsp. rotundata,SAMD00206241,,,,,male,,no,,,,,IBRC,DRA009622,,public,B2C82B6813803B501C1B1ABCD9A54FF3,B61E419409BC3034A5F0437322BEE5A4,17024108,SAMD00206241,Dioscorea rotundata TDr97_00777 Male flower early_1,Dioscorea cayenensis subsp. rotundata,,,,,,,TDr97_00777,,Flower,ok
SRR11650045,2020-05-30 00:00:34,2020-04-30 08:12:27,28080575,8480333650,28080575,302,2601,,https://sra-downloadb.be-md.ncbi.nlm.nih.gov/sos5/sra-pub-zq-14/SRR011/11650/SRR11650045/SRR11650045.lite.1,SRX8211192,SYY_1,RNA-Seq,RT-PCR,TRANSCRIPTOMIC,PAIRED,0,0,ILLUMINA,HiSeq X Ten,SRP259280,PRJNA628588,,628588,SRS6571170,SAMN14734707,simple,569628,Dioscorea oppositifolia,SYY_1,,,,,,,no,,,,,HENAN UNIVERSITY OF SCIENCE AND TECHNOLOGY,SRA1069291,,public,8E6C1FFF29B64061064AE1448CEAD1ED,F49B16205EAC96149E7729F5F1703278,14734707,SAMN14734707,Plant sample from Dioscorea oppositifolia,Dioscorea oppositifolia,not collected,not collected,,,,missing,missing,missing,Leaf and rhizome 4,ok
SRR11650048,2020-05-30 00:00:34,2020-04-30 08:12:19,22063838,6663279076,22063838,302,2067,,https://sra-downloadb.be-md.ncbi.nlm.nih.gov/sos5/sra-pub-zq-14/SRR011/11650/SRR11650048/SRR11650048.lite.1,SRX8211189,SYK_1,RNA-Seq,RT-PCR,TRANSCRIPTOMIC,PAIRED,0,0,ILLUMINA,HiSeq X Ten,SRP259280,PRJNA628588,,628588,SRS6571167,SAMN14734704,simple,569628,Dioscorea oppositifolia,SYK_1,,,,,,,no,,,,,HENAN UNIVERSITY OF SCIENCE AND TECHNOLOGY,SRA1069291,,public,EEAD4A361FB61DAB7C6C35A148DD31D9,A4B5D81685572EDD67FFD55171FF9D03,14734704,SAMN14734704,Plant sample from Dioscorea oppositifolia,Dioscorea oppositifolia,not collected,not collected,,,,missing,missing,missing,Leaf and rhizome 1,ok
SRR11650047,2020-05-30 00:00:34,2020-04-30 08:15:36,24818156,7495083112,24818156,302,2305,,https://sra-downloadb.be-md.ncbi.nlm.nih.gov/sos5/sra-pub-zq-11/SRR011/650/SRR11650047/SRR11650047.lite.1,SRX8211190,SYK_2,RNA-Seq,RT-PCR,TRANSCRIPTOMIC,PAIRED,0,0,ILLUMINA,HiSeq X Ten,SRP259280,PRJNA628588,,628588,SRS6571168,SAMN14734705,simple,569628,Dioscorea oppositifolia,SYK_2,,,,,,,no,,,,,HENAN UNIVERSITY OF SCIENCE AND TECHNOLOGY,SRA1069291,,public,62C817B438D408726517F862264B3FEA,74DA2016CF8BC1ED4A62799FF7CA831D,14734705,SAMN14734705,Plant sample from Dioscorea oppositifolia,Dioscorea oppositifolia,not collected,not collected,,,,missing,missing,missing,Leaf and rhizome 2,ok
SRR11650046,2020-05-30 00:00:34,2020-04-30 08:14:39,26298471,7942138242,26298471,302,2413,,https://sra-downloadb.be-md.ncbi.nlm.nih.gov/sos3/sra-pub-zq-22/SRR011/11650/SRR11650046/SRR11650046.lite.1,SRX8211191,SYK_3,RNA-Seq,RT-PCR,TRANSCRIPTOMIC,PAIRED,0,0,ILLUMINA,HiSeq X Ten,SRP259280,PRJNA628588,,628588,SRS6571169,SAMN14734706,simple,569628,Dioscorea oppositifolia,SYK_3,,,,,,,no,,,,,HENAN UNIVERSITY OF SCIENCE AND TECHNOLOGY,SRA1069291,,public,EA3E7A743BC28BDAB261A4808CBD421C,C9F8390EE132166C70C163767A39003A,14734706,SAMN14734706,Plant sample from Dioscorea oppositifolia,Dioscorea oppositifolia,not collected,not collected,,,,missing,missing,missing,Leaf and rhizome 3,ok
SRR11650050,2020-05-30 00:00:33,2020-04-30 08:13:29,29666804,8959374808,29666804,302,2567,,https://sra-downloadb.be-md.ncbi.nlm.nih.gov/sos5/sra-pub-zq-14/SRR011/11650/SRR11650050/SRR11650050.lite.1,SRX8211187,SYY_2,RNA-Seq,RT-PCR,TRANSCRIPTOMIC,PAIRED,0,0,ILLUMINA,HiSeq X Ten,SRP259280,PRJNA628588,,628588,SRS6571165,SAMN14734708,simple,569628,Dioscorea oppositifolia,SYY_2,,,,,,,no,,,,,HENAN UNIVERSITY OF SCIENCE AND TECHNOLOGY,SRA1069291,,public,0B1A63D908841F091107564863ADAC6D,E35ECAD35C40A504A2D554019A6F920E,14734708,SAMN14734708,Plant sample from Dioscorea oppositifolia,Dioscorea oppositifolia,not collected,not collected,,,,missing,missing,missing,Leaf and rhizome 5,ok
SRR11650049,2020-05-30 00:00:33,2020-04-30 08:15:03,25055994,7566910188,25055994,302,2171,,https://sra-downloadb.be-md.ncbi.nlm.nih.gov/sos3/sra-pub-zq-22/SRR011/11650/SRR11650049/SRR11650049.lite.1,SRX8211188,SYY_3,RNA-Seq,RT-PCR,TRANSCRIPTOMIC,PAIRED,0,0,ILLUMINA,HiSeq X Ten,SRP259280,PRJNA628588,,628588,SRS6571166,SAMN14734709,simple,569628,Dioscorea oppositifolia,SYY_3,,,,,,,no,,,,,HENAN UNIVERSITY OF SCIENCE AND TECHNOLOGY,SRA1069291,,public,5E9B596E70B59CAC2074590C6623D75F,0D4D14E7A5740C14D54B53CFE7FE03A2,14734709,SAMN14734709,Plant sample from Dioscorea oppositifolia,Dioscorea oppositifolia,not collected,not collected,,,,missing,missing,missing,Leaf and rhizome 6,ok
SRR9203062,2019-06-05 10:15:18,2019-06-05 10:11:10,23091383,4618276600,23091383,200,3094,,https://sra-downloadb.be-md.ncbi.nlm.nih.gov/sos5/sra-pub-zq-16/SRR009/203/SRR9203062.sralite.1,SRX5974260,IgB1,RNA-Seq,RT-PCR,TRANSCRIPTOMIC,PAIRED,0,0,ILLUMINA,Illumina HiSeq 2000,SRP079155,PRJNA326055,,326055,SRS4878432,SAMN06052423,simple,55581,Dioscorea trifida,IgB1,,,,,,,no,,,,,INRA,SRA894359,,public,45B5279116EF7C4749F8ED9ACE106707,534D89A188C0643DA01E98A147F87E22,6052423,SAMN06052423,Plant sample from Dioscorea trifida,Dioscorea trifida,France: Guyane,France,Guyane,,,,PT-IG-00232,,80 % inflorescence/20 % leaves,ok
SRR9203068,2019-06-05 10:10:18,2019-06-05 10:08:53,15214723,3042944600,15214723,200,2047,,https://sra-downloadb.be-md.ncbi.nlm.nih.gov/sos5/sra-pub-zq-14/SRR009/203/SRR9203068.sralite.1,SRX5974254,IgS1,RNA-Seq,RT-PCR,TRANSCRIPTOMIC,PAIRED,0,0,ILLUMINA,Illumina HiSeq 2000,SRP079155,PRJNA326055,,326055,SRS4878426,SAMN06052417,simple,55570,Dioscorea abyssinica,IgS1,,,,,,,no,,,,,INRA,SRA894359,,public,B6551C4C3F1C4130D230F4B7193BFB6B,128A8E1797C9CF3898CDD2A8C8F52614,6052417,SAMN06052417,Plant sample from Dioscorea abyssinica,Dioscorea abyssinica,Benin,Benin,,,,,A4854,,80 % inflorescence/20 % leaves,ok
SRR9203069,2019-06-05 10:10:18,2019-06-05 10:08:27,21489079,4297815800,21489079,200,2899,,https://sra-downloadb.be-md.ncbi.nlm.nih.gov/sos3/sra-pub-zq-22/SRR009/203/SRR9203069.sralite.1,SRX5974253,IgS2,RNA-Seq,RT-PCR,TRANSCRIPTOMIC,PAIRED,0,0,ILLUMINA,Illumina HiSeq 2000,SRP079155,PRJNA326055,,326055,SRS4878425,SAMN06052418,simple,55570,Dioscorea abyssinica,IgS2,,,,,,,no,,,,,INRA,SRA894359,,public,D75E0DF4B41715CE122F07202CE0DAB2,2E273F8CF7D4F77786550C3A7F32DD65,6052418,SAMN06052418,Plant sample from Dioscorea abyssinica,Dioscorea abyssinica,Benin,Benin,,,,,A4856,,80 % inflorescence/20 % leaves,ok
SRR9203070,2019-06-05 10:13:13,2019-06-05 10:10:42,18596696,3719339200,18596696,200,2510,,https://sra-downloadb.be-md.ncbi.nlm.nih.gov/sos5/sra-pub-zq-16/SRR009/203/SRR9203070.sralite.1,SRX5974252,IgS3,RNA-Seq,RT-PCR,TRANSCRIPTOMIC,PAIRED,0,0,ILLUMINA,Illumina HiSeq 2000,SRP079155,PRJNA326055,,326055,SRS4878424,SAMN06052419,simple,55570,Dioscorea abyssinica,IgS3,,,,,,,no,,,,,INRA,SRA894359,,public,757784BA91F3B4626BEC1B6CAB0B3609,6D746A7F7B6E014F5C31B7398A002F5D,6052419,SAMN06052419,Plant sample from Dioscorea abyssinica,Dioscorea abyssinica,Benin,Benin,,,,,A4857,,80 % inflorescence/20 % leaves,ok
SRR10313437,2019-10-19 04:54:05,2019-10-19 04:44:16,71360785,17972706252,71360785,251,7923,,https://sra-downloadb.be-md.ncbi.nlm.nih.gov/sos5/sra-pub-zq-16/SRR010/313/SRR10313437.sralite.1,SRX7024560,Ibatatas-ill,RNA-Seq,RANDOM,TRANSCRIPTOMIC,PAIRED,0,0,ILLUMINA,HiSeq X Ten,SRP226261,PRJNA578447,,578447,SRS5545326,SAMN13061171,simple,323665,Dioscorea esculenta,W7901-ill,,,,,,,no,,,,,FUJIAN AGRICULTURE AND FORESTRY UNIVERSITY,SRA982122,,public,03B60427580FE433BADC5B0A93AF5FB8,87AB9853D7A55BF3CBB161F30078A545,13061171,SAMN13061171,Ibatatas-ill,Ipomoea batatas,China:Xuzhou,China,Xuzhou,,,,Xushu18,,leaves;stems;roots,ok
SRR9203071,2019-06-05 10:10:18,2019-06-05 10:08:30,18162499,3632499800,18162499,200,2436,,https://sra-downloadb.be-md.ncbi.nlm.nih.gov/sos5/sra-pub-zq-16/SRR009/203/SRR9203071.sralite.1,SRX5974251,IgS4,RNA-Seq,RT-PCR,TRANSCRIPTOMIC,PAIRED,0,0,ILLUMINA,Illumina HiSeq 2000,SRP079155,PRJNA326055,,326055,SRS4878423,SAMN06052420,simple,55570,Dioscorea abyssinica,IgS4,,,,,,,no,,,,,INRA,SRA894359,,public,320608A013F186776CE04285E14AA101,F0D9063BC2FEA9B56769B3F5C2B826EC,6052420,SAMN06052420,Plant sample from Dioscorea abyssinica,Dioscorea abyssinica,Benin,Benin,,,,,A4858,,80 % inflorescence/20 % leaves,ok
SRR9203076,2019-06-05 10:10:18,2019-06-05 10:08:00,18599951,3719990200,18599951,200,2504,,https://sra-downloadb.be-md.ncbi.nlm.nih.gov/sos5/sra-pub-zq-16/SRR009/203/SRR9203076.sralite.1,SRX5974246,IgS5,RNA-Seq,RT-PCR,TRANSCRIPTOMIC,PAIRED,0,0,ILLUMINA,Illumina HiSeq 2000,SRP079155,PRJNA326055,,326055,SRS4878418,SAMN06052421,simple,55570,Dioscorea abyssinica,IgS5,,,,,,,no,,,,,INRA,SRA894359,,public,D643D503B040318C220817AD47EEA038,C8A3E77766AAF72D484C70E05647C849,6052421,SAMN06052421,Plant sample from Dioscorea abyssinica,Dioscorea abyssinica,Benin,Benin,,,,,A4859,,80 % inflorescence/20 % leaves,ok
SRR9203077,2019-06-05 10:10:18,2019-06-05 10:08:23,19049651,3809930200,19049651,200,2569,,https://sra-downloadb.be-md.ncbi.nlm.nih.gov/sos3/sra-pub-zq-22/SRR009/203/SRR9203077.sralite.1,SRX5974245,IgS6,RNA-Seq,RT-PCR,TRANSCRIPTOMIC,PAIRED,0,0,ILLUMINA,Illumina HiSeq 2000,SRP079155,PRJNA326055,,326055,SRS4878417,SAMN06052422,simple,55576,Dioscorea praehensilis,IgS6,,,,,,,no,,,,,INRA,SRA894359,,public,EA650C77ABFF6D82CD39C64768ADCE53,2016EE65CB7E06202FBAAD17212D6B12,6052422,SAMN06052422,Plant sample from Dioscorea praehensilis,Dioscorea praehensilis,Benin,Benin,,,,,P4896,,80 % inflorescence/20 % leaves,ok
SRR9127739,2020-05-01 00:07:27,2019-05-26 02:43:08,22463430,3369514500,0,150,1314,,https://sra-downloadb.be-md.ncbi.nlm.nih.gov/sos5/sra-pub-zq-16/SRR009/127/SRR9127739.sralite.1,SRX5901721,MH1,RNA-Seq,PCR,TRANSCRIPTOMIC,SINGLE,0,0,ILLUMINA,Illumina HiSeq 4000,SRP199514,PRJNA544814,,544814,SRS4822130,SAMN11860708,simple,55571,Dioscorea alata,MH1_0hr,,,,,,,no,,,,,SANMING ACADEMY OF AGRICULTURAL SCIENCES,SRA890544,,public,5347648B0DD8197BCF859A79ADA75DF7,E7F96C08E5E620467992A9210BC05CEB,11860708,SAMN11860708,Plant sample from Dioscorea alata,Dioscorea alata,not collected,not collected,,,,bed from Sanming Academy of Agricultural Sciences,Minghuai No.1,alata,Sanming Academy of Agricultural Sciences,ok
SRR8942833,2020-05-16 00:00:29,2019-04-22 15:43:12,66744828,6674482800,0,100,4096,,https://sra-downloadb.be-md.ncbi.nlm.nih.gov/sos5/sra-pub-zq-16/SRR008/8942/SRR8942833/SRR8942833.lite.1,SRX5723044,Total_1_1,RNA-Seq,RANDOM PCR,TRANSCRIPTOMIC,PAIRED,0,0,BGISEQ,BGISEQ-500,SRP193371,PRJNA533985,,533985,SRS4661255,SAMN11475111,simple,569628,Dioscorea oppositifolia,Total_1_1,,,,,,,no,,,,,GUANGXI UNIVERSITY,SRA878144,,public,8624B2A564FD06B0B362DA06858A5BD4,91D4853DF8E81F851A3CB68F0F059B14,11475111,SAMN11475111,Plant sample from Dioscorea oppositifolia,Dioscorea oppositifolia,China,China,,,,not applicable,Guihuai16,,tuber,ok
SRR8942837,2020-05-16 00:00:28,2019-04-22 15:40:37,62498290,6249829000,0,100,3647,,https://sra-downloadb.be-md.ncbi.nlm.nih.gov/sos5/sra-pub-zq-16/SRR008/8942/SRR8942837/SRR8942837.lite.1,SRX5723040,GH16_E_r1,RNA-Seq,RANDOM PCR,TRANSCRIPTOMIC,PAIRED,0,0,BGISEQ,BGISEQ-500,SRP193371,PRJNA533985,,533985,SRS4661251,SAMN11475115,simple,569628,Dioscorea oppositifolia,GH16_E_r1,,,,,,,no,,,,,GUANGXI UNIVERSITY,SRA878144,,public,8F71CABAEC518C9586F7842206E796A8,29C0ACA19C9ED2C0116B594900E6290D,11475115,SAMN11475115,Plant sample from Dioscorea oppositifolia,Dioscorea oppositifolia,China,China,,,,not applicable,Guihuai16,,tuber,ok
SRR8942838,2020-05-16 00:00:28,2019-04-22 15:42:51,62854852,6285485200,0,100,3662,,https://sra-downloadb.be-md.ncbi.nlm.nih.gov/sos5/sra-pub-zq-16/SRR008/8942/SRR8942838/SRR8942838.lite.1,SRX5723039,GH16_E_r2,RNA-Seq,RANDOM PCR,TRANSCRIPTOMIC,PAIRED,0,0,BGISEQ,BGISEQ-500,SRP193371,PRJNA533985,,533985,SRS4661250,SAMN11475116,simple,569628,Dioscorea oppositifolia,GH16_E_r2,,,,,,,no,,,,,GUANGXI UNIVERSITY,SRA878144,,public,22B9EA627280874992AF18270C364DD0,351A4C66831DBDDC2DF2E62612C52731,11475116,SAMN11475116,Plant sample from Dioscorea oppositifolia,Dioscorea oppositifolia,China,China,,,,not applicable,Guihuai16,,tuber,ok
SRR8942834,2020-05-16 00:00:28,2019-04-22 15:40:33,63176084,6317608400,0,100,3639,,https://sra-downloadb.be-md.ncbi.nlm.nih.gov/sos5/sra-pub-zq-16/SRR008/8942/SRR8942834/SRR8942834.lite.1,SRX5723043,GH16_I_r1,RNA-Seq,RANDOM PCR,TRANSCRIPTOMIC,PAIRED,0,0,BGISEQ,BGISEQ-500,SRP193371,PRJNA533985,,533985,SRS4661254,SAMN11475112,simple,569628,Dioscorea oppositifolia,GH16_I_r1,,,,,,,no,,,,,GUANGXI UNIVERSITY,SRA878144,,public,FE94177B0740FE182C59CD9014DB86C9,F09A8362C9ED0AD567B6FB23296EC45D,11475112,SAMN11475112,Plant sample from Dioscorea oppositifolia,Dioscorea oppositifolia,China,China,,,,not applicable,Guihuai16,,tuber,ok
SRR8942835,2020-05-16 00:00:28,2019-04-22 15:40:24,63133128,6313312800,0,100,3655,,https://sra-downloadb.be-md.ncbi.nlm.nih.gov/sos5/sra-pub-zq-11/SRR008/942/SRR8942835/SRR8942835.lite.1,SRX5723042,GH16_I_r2,RNA-Seq,RANDOM PCR,TRANSCRIPTOMIC,PAIRED,0,0,BGISEQ,BGISEQ-500,SRP193371,PRJNA533985,,533985,SRS4661253,SAMN11475113,simple,569628,Dioscorea oppositifolia,GH16_I_r2,,,,,,,no,,,,,GUANGXI UNIVERSITY,SRA878144,,public,1305B8B3F38A36A93981E3ADA630E610,797546070234C495E9F902DCBAD8F9A0,11475113,SAMN11475113,Plant sample from Dioscorea oppositifolia,Dioscorea oppositifolia,China,China,,,,not applicable,Guihuai16,,tuber,ok
SRR8942836,2020-05-16 00:00:28,2019-04-22 15:39:17,60905780,6090578000,0,100,3531,,https://sra-downloadb.be-md.ncbi.nlm.nih.gov/sos5/sra-pub-zq-16/SRR008/8942/SRR8942836/SRR8942836.lite.1,SRX5723041,GH16_I_r3,RNA-Seq,RANDOM PCR,TRANSCRIPTOMIC,PAIRED,0,0,BGISEQ,BGISEQ-500,SRP193371,PRJNA533985,,533985,SRS4661252,SAMN11475114,simple,569628,Dioscorea oppositifolia,GH16_I_r3,,,,,,,no,,,,,GUANGXI UNIVERSITY,SRA878144,,public,B9F35D4A0C3D05C538CB97B92EF0F1E3,D7E6A15AA1B3B2C306018E9AE2D9FD8C,11475114,SAMN11475114,Plant sample from Dioscorea oppositifolia,Dioscorea oppositifolia,China,China,,,,not applicable,Guihuai16,,tuber,ok
SRR8942840,2020-05-16 00:00:28,2019-04-22 15:26:51,26276062,617521861,0,23,367,,https://sra-downloadb.be-md.ncbi.nlm.nih.gov/sos3/sra-pub-zq-24/SRR008/8942/SRR8942840/SRR8942840.lite.1,SRX5723037,C1,miRNA-Seq,RANDOM PCR,TRANSCRIPTOMIC,SINGLE,0,0,BGISEQ,BGISEQ-500,SRP193371,PRJNA533985,,533985,SRS4661248,SAMN11475118,simple,569628,Dioscorea oppositifolia,C1,,,,,,,no,,,,,GUANGXI UNIVERSITY,SRA878144,,public,08033238B8C84E7C29E68766D6E54055,A34F0704C7DF2B59F2953341A21FBE66,11475118,SAMN11475118,Plant sample from Dioscorea oppositifolia,Dioscorea oppositifolia,China,China,,,,not applicable,Guihuai16,,tuber,ok
SRR8942841,2020-05-16 00:00:28,2019-04-22 15:27:28,27085820,625157824,0,23,378,,https://sra-downloadb.be-md.ncbi.nlm.nih.gov/sos3/sra-pub-zq-24/SRR008/8942/SRR8942841/SRR8942841.lite.1,SRX5723036,C2,miRNA-Seq,RANDOM PCR,TRANSCRIPTOMIC,SINGLE,0,0,BGISEQ,BGISEQ-500,SRP193371,PRJNA533985,,533985,SRS4661247,SAMN11475119,simple,569628,Dioscorea oppositifolia,C2,,,,,,,no,,,,,GUANGXI UNIVERSITY,SRA878144,,public,1724570E08F9CD27058128FE517215CC,29E561F59BDFBCB7596BF5C48B2C1289,11475119,SAMN11475119,Plant sample from Dioscorea oppositifolia,Dioscorea oppositifolia,China,China,,,,not applicable,Guihuai16,,tuber,ok
SRR8942842,2020-05-16 00:00:28,2019-04-22 15:27:31,26406723,618234279,0,23,386,,https://sra-downloadb.be-md.ncbi.nlm.nih.gov/sos5/sra-pub-zq-11/SRR008/942/SRR8942842/SRR8942842.lite.1,SRX5723035,C3,miRNA-Seq,RANDOM PCR,TRANSCRIPTOMIC,SINGLE,0,0,BGISEQ,BGISEQ-500,SRP193371,PRJNA533985,,533985,SRS4661246,SAMN11475120,simple,569628,Dioscorea oppositifolia,C3,,,,,,,no,,,,,GUANGXI UNIVERSITY,SRA878144,,public,F106B787D3822D0182BDC890851CD792,6AB4CA359C0394D46A225645CFDD69A0,11475120,SAMN11475120,Plant sample from Dioscorea oppositifolia,Dioscorea oppositifolia,China,China,,,,not applicable,Guihuai16,,tuber,ok
SRR8942839,2020-05-16 00:00:28,2019-04-22 15:37:21,63033552,6303355200,0,100,3653,,https://sra-downloadb.be-md.ncbi.nlm.nih.gov/sos5/sra-pub-zq-16/SRR008/8942/SRR8942839/SRR8942839.lite.1,SRX5723038,GH16_E_r3,RNA-Seq,RANDOM PCR,TRANSCRIPTOMIC,PAIRED,0,0,BGISEQ,BGISEQ-500,SRP193371,PRJNA533985,,533985,SRS4661249,SAMN11475117,simple,569628,Dioscorea oppositifolia,GH16_E_r3,,,,,,,no,,,,,GUANGXI UNIVERSITY,SRA878144,,public,43C392FDD007B297DCCD8B07A2D5E320,862320BBEA028E59658A6AB4DF17F30A,11475117,SAMN11475117,Plant sample from Dioscorea oppositifolia,Dioscorea oppositifolia,China,China,,,,not applicable,Guihuai16,,tuber,ok
SRR8942843,2020-05-16 00:00:28,2019-04-22 15:27:28,25438600,592555896,0,23,360,,https://sra-downloadb.be-md.ncbi.nlm.nih.gov/sos3/sra-pub-zq-24/SRR008/8942/SRR8942843/SRR8942843.lite.1,SRX5723034,T1,miRNA-Seq,RANDOM PCR,TRANSCRIPTOMIC,SINGLE,0,0,BGISEQ,BGISEQ-500,SRP193371,PRJNA533985,,533985,SRS4661245,SAMN11475121,simple,569628,Dioscorea oppositifolia,T1,,,,,,,no,,,,,GUANGXI UNIVERSITY,SRA878144,,public,3E298357E81E2C7BA8C9A6B0F49D329B,85F6A4F51BEDE91AEC26CD7159C3F88D,11475121,SAMN11475121,Plant sample from Dioscorea oppositifolia,Dioscorea oppositifolia,China,China,,,,not applicable,Guihuai16,,tuber,ok
SRR8819982,2020-04-01 02:21:29,2019-03-30 16:27:16,37092372,10777888823,37092372,290,3791,,https://sra-downloadb.be-md.ncbi.nlm.nih.gov/sos5/sra-pub-zq-14/SRR008/819/SRR8819982.sralite.1,SRX5608451,DIPE1_3,RNA-Seq,RANDOM,TRANSCRIPTOMIC,PAIRED,0,0,ILLUMINA,Illumina HiSeq 4000,SRP189931,PRJNA530017,,530017,SRS4557106,SAMN11290800,simple,1678651,Dioscorea cochleariapiculata,DIPE1_3,,,,,,,no,,,,,UNIVERSITY OF BRITISH COLUMBIA,SRA867869,,public,8102F3B4AA929E9999F67408A2F5BC8F,B83230EAADCBE50B15A496BDE58F02B6,11290800,SAMN11290800,Plant sample from Dioscorea cochleariapiculata,Dioscorea cochleariapiculata,United Kingdom: London,United Kingdom,London,,,"Soto, M. & Viruel J. 002, K",,,LEAF,ok
SRR8819980,2020-04-01 02:21:29,2019-03-30 16:27:43,30431560,8806376210,30431560,289,3152,,https://sra-downloadb.be-md.ncbi.nlm.nih.gov/sos5/sra-pub-zq-14/SRR008/819/SRR8819980.sralite.1,SRX5608453,DISO1_3,RNA-Seq,RANDOM,TRANSCRIPTOMIC,PAIRED,0,0,ILLUMINA,Illumina HiSeq 4000,SRP189931,PRJNA530017,,530017,SRS4557108,SAMN11290798,simple,325979,Dioscorea soso,DISO1_3,,,,,,,no,,,,,UNIVERSITY OF BRITISH COLUMBIA,SRA867869,,public,CA3CF8885288932D6B3552F83B2E5F77,8616023198F3498F712758749868683C,11290798,SAMN11290798,Plant sample from Dioscorea soso,Dioscorea soso,United Kingdom: London,United Kingdom,London,,,"Soto, M. & Viruel J. 001, K",,,LEAF,ok
SRR8819987,2020-04-01 02:21:29,2019-03-30 16:25:02,28159351,8137799002,28159351,288,2927,,https://sra-downloadb.be-md.ncbi.nlm.nih.gov/sos5/sra-pub-zq-14/SRR008/819/SRR8819987.sralite.1,SRX5608446,DISY1_3,RNA-Seq,RANDOM,TRANSCRIPTOMIC,PAIRED,0,0,ILLUMINA,Illumina HiSeq 4000,SRP189931,PRJNA530017,,530017,SRS4557101,SAMN11290807,simple,50285,Dioscorea sylvatica,DISY1_3,,,,,,,no,,,,,UNIVERSITY OF BRITISH COLUMBIA,SRA867869,,public,5D43258A0265168FADE04F1768BC5CB4,BE9CF3EBB4E5394F10ADEA23DEAD9EA3,11290807,SAMN11290807,Plant sample from Dioscorea sylvatica,Dioscorea sylvatica,United Kingdom: London,United Kingdom,London,,,"Soto, M. & Viruel J. 003, K",,,LEAF,ok
SRR8942844,2020-05-16 00:00:28,2019-04-22 15:27:38,26268556,608629015,0,23,369,,https://sra-downloadb.be-md.ncbi.nlm.nih.gov/sos3/sra-pub-zq-24/SRR008/8942/SRR8942844/SRR8942844.lite.1,SRX5723033,T2,miRNA-Seq,RANDOM PCR,TRANSCRIPTOMIC,SINGLE,0,0,BGISEQ,BGISEQ-500,SRP193371,PRJNA533985,,533985,SRS4661244,SAMN11475122,simple,569628,Dioscorea oppositifolia,T2,,,,,,,no,,,,,GUANGXI UNIVERSITY,SRA878144,,public,A91C688A867D0FFEB20067C58FEBA98D,46709D735D78B07B118B1553B93DCABB,11475122,SAMN11475122,Plant sample from Dioscorea oppositifolia,Dioscorea oppositifolia,China,China,,,,not applicable,Guihuai16,,tuber,ok
SRR8942845,2020-05-16 00:00:28,2019-04-22 15:27:32,26482287,620362636,0,23,377,,https://sra-downloadb.be-md.ncbi.nlm.nih.gov/sos3/sra-pub-zq-22/SRR008/8942/SRR8942845/SRR8942845.lite.1,SRX5723032,T3,miRNA-Seq,RANDOM PCR,TRANSCRIPTOMIC,SINGLE,0,0,BGISEQ,BGISEQ-500,SRP193371,PRJNA533985,,533985,SRS4661243,SAMN11475123,simple,569628,Dioscorea oppositifolia,T3,,,,,,,no,,,,,GUANGXI UNIVERSITY,SRA878144,,public,B0B68FCEE7F1801B8E9567F957EE18C0,C5D0C91A71EE167C35CAD2A9059E7A32,11475123,SAMN11475123,Plant sample from Dioscorea oppositifolia,Dioscorea oppositifolia,China,China,,,,not applicable,Guihuai16,,tuber,ok
SRR8627699,2020-03-18 01:27:45,2019-02-25 19:15:13,14244486,4273345800,14244486,300,1524,,https://sra-downloadb.be-md.ncbi.nlm.nih.gov/sos5/sra-pub-zq-14/SRR008/627/SRR8627699.sralite.1,SRX5426509,B1-4-2,RNA-Seq,cDNA,TRANSCRIPTOMIC,PAIRED,0,0,ILLUMINA,Illumina HiSeq 4000,SRP186810,PRJNA523882,,523882,SRS4406507,SAMN10991909,simple,569628,Dioscorea oppositifolia,B1-4-2,,,,,,,no,,,,,INNER MONGOLIA AGRICULTURAL UNIVERSITY,SRA852233,,public,9AAD34601DA31AB9B4EF99BBB3F37C23,6B31D22D849CE1D87952C6FBA1945B65,10991909,SAMN10991909,Plant sample from Dioscorea oppositifolia,Dioscorea oppositifolia,China:Hohhot,China,Hohhot,,,165day after sowing repeat-2,Dioscorea opposita Thunb.,,tuber,ok
SRR8627698,2020-03-18 01:27:45,2019-02-25 19:10:10,3462495,1038748500,3462495,300,363,,https://sra-downloadb.be-md.ncbi.nlm.nih.gov/sos5/sra-pub-zq-14/SRR008/627/SRR8627698.sralite.1,SRX5426510,B1-4-3,RNA-Seq,cDNA,TRANSCRIPTOMIC,PAIRED,0,0,ILLUMINA,Illumina HiSeq 4000,SRP186810,PRJNA523882,,523882,SRS4406508,SAMN10991910,simple,569628,Dioscorea oppositifolia,B1-4-3,,,,,,,no,,,,,INNER MONGOLIA AGRICULTURAL UNIVERSITY,SRA852233,,public,6E24622F96E93A2686EFC4DEC3063CA1,8CF0315F0EBCDB0CDFEE9B2C7A11DE61,10991910,SAMN10991910,Plant sample from Dioscorea oppositifolia,Dioscorea oppositifolia,China:Hohhot,China,Hohhot,,,165day after sowing repeat-3,Dioscorea opposita Thunb.,,tuber,ok
SRR8627701,2020-03-18 01:27:45,2019-02-25 19:10:39,4396334,1318900200,4396334,300,461,,https://sra-downloadb.be-md.ncbi.nlm.nih.gov/sos5/sra-pub-zq-14/SRR008/627/SRR8627701.sralite.1,SRX5426507,B1-5-1,RNA-Seq,cDNA,TRANSCRIPTOMIC,PAIRED,0,0,ILLUMINA,Illumina HiSeq 4000,SRP186810,PRJNA523882,,523882,SRS4406505,SAMN10991911,simple,569628,Dioscorea oppositifolia,B1-5-1,,,,,,,no,,,,,INNER MONGOLIA AGRICULTURAL UNIVERSITY,SRA852233,,public,B89617BD46D82D5EBF8818D124A8AD62,0DC4F69B89BF39AE87D4EACC1D63AA95,10991911,SAMN10991911,Plant sample from Dioscorea oppositifolia,Dioscorea oppositifolia,China:Hohhot,China,Hohhot,,,180day after sowing repeat-1,Dioscorea opposita Thunb.,,tuber,ok
SRR8627700,2020-03-18 01:27:45,2019-02-25 19:11:23,6227855,1868356500,6227855,300,655,,https://sra-downloadb.be-md.ncbi.nlm.nih.gov/sos5/sra-pub-zq-14/SRR008/627/SRR8627700.sralite.1,SRX5426508,B1-5-2,RNA-Seq,cDNA,TRANSCRIPTOMIC,PAIRED,0,0,ILLUMINA,Illumina HiSeq 4000,SRP186810,PRJNA523882,,523882,SRS4406506,SAMN10991912,simple,569628,Dioscorea oppositifolia,B1-5-2,,,,,,,no,,,,,INNER MONGOLIA AGRICULTURAL UNIVERSITY,SRA852233,,public,2104CF636C2B2B0344B884D8EFBC5E68,5C694A70A327D38BDEAF5AA414993F57,10991912,SAMN10991912,Plant sample from Dioscorea oppositifolia,Dioscorea oppositifolia,China:Hohhot,China,Hohhot,,,180day after sowing repeat-2,Dioscorea opposita Thunb.,,tuber,ok
SRR8819992,2020-04-01 02:21:29,2019-03-30 16:27:47,30818876,8939166883,30818876,290,3166,,https://sra-downloadb.be-md.ncbi.nlm.nih.gov/sos5/sra-pub-zq-14/SRR008/819/SRR8819992.sralite.1,SRX5608441,DICO1_3,RNA-Seq,RANDOM,TRANSCRIPTOMIC,PAIRED,0,0,ILLUMINA,Illumina HiSeq 4000,SRP189931,PRJNA530017,,530017,SRS4557096,SAMN11290810,simple,55634,Dioscorea communis,DICO1_3,,,,,,,no,,,,,UNIVERSITY OF BRITISH COLUMBIA,SRA867869,,public,9BB6E82152AFD34587D9A1AA46EEAAFF,CC0F8D1CB38DA377D634277E91841A71,11290810,SAMN11290810,Plant sample from Dioscorea communis,Dioscorea communis,United Kingdom: London,United Kingdom,London,,,"Soto, M. & Viruel J. Cit08, K",,,LEAF,ok
SRR8627706,2020-03-18 01:27:45,2019-02-25 19:24:36,34527967,10358390100,34527967,300,3637,,https://sra-downloadb.be-md.ncbi.nlm.nih.gov/sos3/sra-pub-zq-22/SRR008/627/SRR8627706.sralite.1,SRX5426502,B1-1-1,RNA-Seq,cDNA,TRANSCRIPTOMIC,PAIRED,0,0,ILLUMINA,Illumina HiSeq 4000,SRP186810,PRJNA523882,,523882,SRS4406500,SAMN10991899,simple,569628,Dioscorea oppositifolia,B1-1-1,,,,,,,no,,,,,INNER MONGOLIA AGRICULTURAL UNIVERSITY,SRA852233,,public,68DC78E4E60961D6EA3018D0D33491AC,FFA67F8A2702664EFB92C2F26579C181,10991899,SAMN10991899,Plant sample from Dioscorea oppositifolia,Dioscorea oppositifolia,China:Hohhot,China,Hohhot,,,120day after sowing repeat-1,Dioscorea opposita Thunb.,,tuber,ok
SRR8627705,2020-03-18 01:27:45,2019-02-25 19:23:42,33129164,9938749200,33129164,300,3470,,https://sra-downloadb.be-md.ncbi.nlm.nih.gov/sos3/sra-pub-zq-22/SRR008/627/SRR8627705.sralite.1,SRX5426503,B1-1-2,RNA-Seq,cDNA,TRANSCRIPTOMIC,PAIRED,0,0,ILLUMINA,Illumina HiSeq 4000,SRP186810,PRJNA523882,,523882,SRS4406501,SAMN10991900,simple,569628,Dioscorea oppositifolia,B1-1-2,,,,,,,no,,,,,INNER MONGOLIA AGRICULTURAL UNIVERSITY,SRA852233,,public,A3EFC8BB71570B8E74A9A13CFD807F0A,8FCBF52AE7AE0E6AEF2CFED4E3B01A5C,10991900,SAMN10991900,Plant sample from Dioscorea oppositifolia,Dioscorea oppositifolia,China:Hohhot,China,Hohhot,,,120day after sowing repeat-2,Dioscorea opposita Thunb.,,tuber,ok
SRR8627704,2020-03-18 01:27:45,2019-02-25 19:17:32,19485317,5845595100,19485317,300,2045,,https://sra-downloadb.be-md.ncbi.nlm.nih.gov/sos5/sra-pub-zq-14/SRR008/627/SRR8627704.sralite.1,SRX5426504,B1-1-3,RNA-Seq,cDNA,TRANSCRIPTOMIC,PAIRED,0,0,ILLUMINA,Illumina HiSeq 4000,SRP186810,PRJNA523882,,523882,SRS4406502,SAMN10991901,simple,569628,Dioscorea oppositifolia,B1-1-3,,,,,,,no,,,,,INNER MONGOLIA AGRICULTURAL UNIVERSITY,SRA852233,,public,8286262BDE8D323B2EA9C42972CA444E,01ACE6BCC6A837A52285ECBB51B9BDEF,10991901,SAMN10991901,Plant sample from Dioscorea oppositifolia,Dioscorea oppositifolia,China:Hohhot,China,Hohhot,,,120day after sowing repeat-3,Dioscorea opposita Thunb.,,tuber,ok
SRR8627703,2020-03-18 01:27:45,2019-02-25 19:22:52,30339475,9101842500,30339475,300,3159,,https://sra-downloadb.be-md.ncbi.nlm.nih.gov/sos5/sra-pub-zq-16/SRR008/627/SRR8627703.sralite.1,SRX5426505,B1-2-1,RNA-Seq,cDNA,TRANSCRIPTOMIC,PAIRED,0,0,ILLUMINA,Illumina HiSeq 4000,SRP186810,PRJNA523882,,523882,SRS4406503,SAMN10991902,simple,569628,Dioscorea oppositifolia,B1-2-1,,,,,,,no,,,,,INNER MONGOLIA AGRICULTURAL UNIVERSITY,SRA852233,,public,A38267794843961511B588572DE49419,2EDD134571492A7E0260191FC0DC509F,10991902,SAMN10991902,Plant sample from Dioscorea oppositifolia,Dioscorea oppositifolia,China:Hohhot,China,Hohhot,,,135day after sowing repeat-1,Dioscorea opposita Thunb.,,tuber,ok
SRR8627702,2020-03-18 01:27:45,2019-02-25 19:12:02,5914275,1774282500,5914275,300,624,,https://sra-downloadb.be-md.ncbi.nlm.nih.gov/sos5/sra-pub-zq-14/SRR008/627/SRR8627702.sralite.1,SRX5426506,B1-5-3,RNA-Seq,cDNA,TRANSCRIPTOMIC,PAIRED,0,0,ILLUMINA,Illumina HiSeq 4000,SRP186810,PRJNA523882,,523882,SRS4406504,SAMN10991913,simple,569628,Dioscorea oppositifolia,B1-5-3,,,,,,,no,,,,,INNER MONGOLIA AGRICULTURAL UNIVERSITY,SRA852233,,public,2D63C0DB9CF52A97F93DE6D6E00101A5,0DA915A98FCA2F3380D3C027B0D090B4,10991913,SAMN10991913,Plant sample from Dioscorea oppositifolia,Dioscorea oppositifolia,China:Hohhot,China,Hohhot,,,180day after sowing repeat-3,Dioscorea opposita Thunb.,,tuber,ok
SRR8627710,2020-03-18 01:27:44,2019-02-25 19:23:47,32111420,9633426000,32111420,300,3338,,https://sra-downloadb.be-md.ncbi.nlm.nih.gov/sos3/sra-pub-zq-22/SRR008/627/SRR8627710.sralite.1,SRX5426498,B1-2-2,RNA-Seq,cDNA,TRANSCRIPTOMIC,PAIRED,0,0,ILLUMINA,Illumina HiSeq 4000,SRP186810,PRJNA523882,,523882,SRS4406496,SAMN10991903,simple,569628,Dioscorea oppositifolia,B1-2-2,,,,,,,no,,,,,INNER MONGOLIA AGRICULTURAL UNIVERSITY,SRA852233,,public,64D0DA0FE73D77F67E217C0E464DE43F,ED72365FC69134B362DDEE2D3F1A535C,10991903,SAMN10991903,Plant sample from Dioscorea oppositifolia,Dioscorea oppositifolia,China:Hohhot,China,Hohhot,,,135day after sowing repeat-2,Dioscorea opposita Thunb.,,tuber,ok
SRR8627709,2020-03-18 01:27:45,2019-02-25 19:21:48,29232599,8769779700,29232599,300,3036,,https://sra-downloadb.be-md.ncbi.nlm.nih.gov/sos5/sra-pub-zq-14/SRR008/627/SRR8627709.sralite.1,SRX5426499,B1-2-3,RNA-Seq,cDNA,TRANSCRIPTOMIC,PAIRED,0,0,ILLUMINA,Illumina HiSeq 4000,SRP186810,PRJNA523882,,523882,SRS4406497,SAMN10991904,simple,569628,Dioscorea oppositifolia,B1-2-3,,,,,,,no,,,,,INNER MONGOLIA AGRICULTURAL UNIVERSITY,SRA852233,,public,CA9F3DD1BFF69650CC0ED9F74C8F0368,D7B3BB5197CFA7DE649B8E42369D03C2,10991904,SAMN10991904,Plant sample from Dioscorea oppositifolia,Dioscorea oppositifolia,China:Hohhot,China,Hohhot,,,135day after sowing repeat-3,Dioscorea opposita Thunb.,,tuber,ok
SRR8627708,2020-03-18 01:27:45,2019-02-25 19:23:47,32840800,9852240000,32840800,300,3467,,https://sra-downloadb.be-md.ncbi.nlm.nih.gov/sos3/sra-pub-zq-22/SRR008/627/SRR8627708.sralite.1,SRX5426500,B1-3-1,RNA-Seq,cDNA,TRANSCRIPTOMIC,PAIRED,0,0,ILLUMINA,Illumina HiSeq 4000,SRP186810,PRJNA523882,,523882,SRS4406498,SAMN10991905,simple,569628,Dioscorea oppositifolia,B1-3-1,,,,,,,no,,,,,INNER MONGOLIA AGRICULTURAL UNIVERSITY,SRA852233,,public,7B5EE206666BFB8E02E48CA18FE026A2,DA19D67F8274EF360A57B1E29D717499,10991905,SAMN10991905,Plant sample from Dioscorea oppositifolia,Dioscorea oppositifolia,China:Hohhot,China,Hohhot,,,150day after sowing repeat-1,Dioscorea opposita Thunb.,,tuber,ok
SRR8627707,2020-03-18 01:27:45,2019-02-25 19:22:27,29758030,8927409000,29758030,300,3099,,https://sra-downloadb.be-md.ncbi.nlm.nih.gov/sos5/sra-pub-zq-14/SRR008/627/SRR8627707.sralite.1,SRX5426501,B1-3-2,RNA-Seq,cDNA,TRANSCRIPTOMIC,PAIRED,0,0,ILLUMINA,Illumina HiSeq 4000,SRP186810,PRJNA523882,,523882,SRS4406499,SAMN10991906,simple,569628,Dioscorea oppositifolia,B1-3-2,,,,,,,no,,,,,INNER MONGOLIA AGRICULTURAL UNIVERSITY,SRA852233,,public,C3C2DE86A30B8452A757A54FAAD0FC03,97997AC8F3296CB764351F176D9B0C67,10991906,SAMN10991906,Plant sample from Dioscorea oppositifolia,Dioscorea oppositifolia,China:Hohhot,China,Hohhot,,,150day after sowing repeat-2,Dioscorea opposita Thunb.,,tuber,ok
SRR8627711,2020-03-18 01:27:44,2019-02-25 19:09:56,2908128,872438400,2908128,300,305,,https://sra-downloadb.be-md.ncbi.nlm.nih.gov/sos5/sra-pub-zq-14/SRR008/627/SRR8627711.sralite.1,SRX5426497,B1-4-1,RNA-Seq,cDNA,TRANSCRIPTOMIC,PAIRED,0,0,ILLUMINA,Illumina HiSeq 4000,SRP186810,PRJNA523882,,523882,SRS4406495,SAMN10991908,simple,569628,Dioscorea oppositifolia,B1-4-1,,,,,,,no,,,,,INNER MONGOLIA AGRICULTURAL UNIVERSITY,SRA852233,,public,60FD95F298FE6D128A7E3597F67CCA23,23390D601E7358B2CCF9ACB285211BF7,10991908,SAMN10991908,Plant sample from Dioscorea oppositifolia,Dioscorea oppositifolia,China:Hohhot,China,Hohhot,,,165day after sowing repeat-1,Dioscorea opposita Thunb.,,tuber,ok
SRR8627712,2020-03-18 01:27:44,2019-02-25 19:23:34,32336244,9700873200,32336244,300,3368,,https://sra-downloadb.be-md.ncbi.nlm.nih.gov/sos5/sra-pub-zq-16/SRR008/627/SRR8627712.sralite.1,SRX5426496,B1-3-3,RNA-Seq,cDNA,TRANSCRIPTOMIC,PAIRED,0,0,ILLUMINA,Illumina HiSeq 4000,SRP186810,PRJNA523882,,523882,SRS4406494,SAMN10991907,simple,569628,Dioscorea oppositifolia,B1-3-3,,,,,,,no,,,,,INNER MONGOLIA AGRICULTURAL UNIVERSITY,SRA852233,,public,B7AF8E9818FA9859D52BDD74613E2DA1,052D5A8FFBD98F401D1D5BCF9EA9B7E6,10991907,SAMN10991907,Plant sample from Dioscorea oppositifolia,Dioscorea oppositifolia,China:Hohhot,China,Hohhot,,,150day after sowing repeat-3,Dioscorea opposita Thunb.,,tuber,ok
SRR8382528,2020-07-16 00:01:31,2019-01-01 21:20:26,15179668,4452993063,15179668,293,1825,,https://sra-downloadb.be-md.ncbi.nlm.nih.gov/sos4/sra-pub-zq-1/SRR008/8382/SRR8382528/SRR8382528.lite.1,SRX5192473,library_4,RNA-Seq,cDNA,TRANSCRIPTOMIC,PAIRED,0,0,ILLUMINA,NextSeq 500,SRP174976,PRJNA511963,,511963,SRS4198529,SAMN10659501,simple,55575,Dioscorea polystachya,NR_1,,,,,,,no,,,,,HUNAN UNIVERSITY,SRA828313,,public,4B5C8CCEFB81FE54D24FE0E6A2852B44,2950CB396F67D8EE72570546AF6EF3FF,10659501,SAMN10659501,NR_1,Dioscorea polystachya,China,China,,,,cropped in new cropping system,,newly planted rhizome_1,Rhizome,ok
SRR8382531,2020-07-16 00:01:31,2019-01-01 21:19:23,12436794,3755911788,12436794,302,1488,,https://sra-downloadb.be-md.ncbi.nlm.nih.gov/sos3/sra-pub-zq-22/SRR008/382/SRR8382531.sralite.1,SRX5192470,library_1,RNA-Seq,cDNA,TRANSCRIPTOMIC,PAIRED,0,0,ILLUMINA,NextSeq 500,SRP174976,PRJNA511963,,511963,SRS4198526,SAMN10659498,simple,55575,Dioscorea polystachya,RR_1,,,,,,,no,,,,,HUNAN UNIVERSITY,SRA828313,,public,C547D3E294DF210EF6BFA77AA3BFBF6B,5049FD6783DA1FC55A2A7CB739BD3B53,10659498,SAMN10659498,RR_1,Dioscorea polystachya,China,China,,,,cropped in continuous cropping system,,replanted rhizome_1,Rhizome,ok
SRR8382530,2020-07-16 00:01:31,2019-01-01 21:24:08,18990015,5734984530,18990015,302,2266,,https://sra-downloadb.be-md.ncbi.nlm.nih.gov/sos3/sra-pub-zq-22/SRR008/382/SRR8382530.sralite.1,SRX5192471,library_2,RNA-Seq,cDNA,TRANSCRIPTOMIC,PAIRED,0,0,ILLUMINA,NextSeq 500,SRP174976,PRJNA511963,,511963,SRS4198527,SAMN10659499,simple,55575,Dioscorea polystachya,RR_2,,,,,,,no,,,,,HUNAN UNIVERSITY,SRA828313,,public,42EFDD15D028AF22123C4278D36EEAAE,1E8E1C898170F012C661719D1D2AB6A9,10659499,SAMN10659499,RR_2,Dioscorea polystachya,China,China,,,,cropped in continuous cropping system,,replanted rhizome_2,Rhizome,ok
SRR8382529,2020-07-16 00:01:31,2019-01-01 21:15:17,5786497,1747522094,5786497,302,693,,https://sra-downloadb.be-md.ncbi.nlm.nih.gov/sos3/sra-pub-zq-22/SRR008/382/SRR8382529.sralite.1,SRX5192472,library_3,RNA-Seq,cDNA,TRANSCRIPTOMIC,PAIRED,0,0,ILLUMINA,NextSeq 500,SRP174976,PRJNA511963,,511963,SRS4198528,SAMN10659500,simple,55575,Dioscorea polystachya,RR_3,,,,,,,no,,,,,HUNAN UNIVERSITY,SRA828313,,public,15785EB137992B9E253333C8A7ED78C4,178B45F68D2F78E237E0CC8754D16E26,10659500,SAMN10659500,RR_3,Dioscorea polystachya,China,China,,,,cropped in continuous cropping system,,replanted rhizome_3,Rhizome,ok
SRR8382533,2020-07-16 00:01:31,2019-01-01 21:15:50,6762549,1974810389,6762549,292,810,,https://sra-downloadb.be-md.ncbi.nlm.nih.gov/sos3/sra-pub-zq-22/SRR008/382/SRR8382533.sralite.1,SRX5192468,library_5,RNA-Seq,cDNA,TRANSCRIPTOMIC,PAIRED,0,0,ILLUMINA,NextSeq 500,SRP174976,PRJNA511963,,511963,SRS4198524,SAMN10659502,simple,55575,Dioscorea polystachya,NR_2,,,,,,,no,,,,,HUNAN UNIVERSITY,SRA828313,,public,AE2B7EEF548B3F11E8F1D3079667393E,FAF00DF4A6445C6AAA07CF21726A8226,10659502,SAMN10659502,NR_2,Dioscorea polystachya,China,China,,,,cropped in new cropping system,,newly planted rhizome_2,Rhizome,ok
SRR8382532,2020-07-16 00:01:31,2019-01-01 21:15:09,5718288,1669946144,5718288,292,686,,https://sra-downloadb.be-md.ncbi.nlm.nih.gov/sos5/sra-pub-zq-11/SRR008/382/SRR8382532/SRR8382532.sralite.1,SRX5192469,library_6,RNA-Seq,cDNA,TRANSCRIPTOMIC,PAIRED,0,0,ILLUMINA,NextSeq 500,SRP174976,PRJNA511963,,511963,SRS4198525,SAMN10659503,simple,55575,Dioscorea polystachya,NR_3,,,,,,,no,,,,,HUNAN UNIVERSITY,SRA828313,,public,21C0FBE7B7ACB2087E90603F8D3F51E9,42AF8B758B465B831B2187F7EB96B234,10659503,SAMN10659503,NR_3,Dioscorea polystachya,China,China,,,,cropped in new cropping system,,newly planted rhizome_3,Rhizome,ok
SRR7496963,2019-08-01 00:28:11,2018-07-09 02:10:26,57421095,17066897702,57421095,297,6276,,https://sra-downloadb.be-md.ncbi.nlm.nih.gov/sos5/sra-pub-zq-14/SRR007/496/SRR7496963.sralite.1,SRX4366410,T2_2,RNA-Seq,PCR,TRANSCRIPTOMIC,PAIRED,0,0,ILLUMINA,Illumina HiSeq 2500,SRP152752,PRJNA479706,,479706,SRS3525802,SAMN09602229,simple,55571,Dioscorea alata,T2_2,,,,,,,no,,,,,ZHEJIANG ACADEMY OF AGRICULTURAL SCIENCES,SRA735357,,public,D5644ECB3D763685949596AA60D22AAE,FD01E379C0CC6296F4C54DE0340305F1,9602229,SAMN09602229,Plant sample from Dioscorea alata,Dioscorea alata,China:Wenzhou botanical garden,China,Wenzhou botanical garden,,,T2_reciplate2,,,Bulbil,ok
SRR7496961,2019-08-01 00:28:11,2018-07-09 02:04:32,52251678,15525725344,52251678,297,5736,,https://sra-downloadb.be-md.ncbi.nlm.nih.gov/sos3/sra-pub-zq-22/SRR007/496/SRR7496961.sralite.1,SRX4366412,T3_3,RNA-Seq,PCR,TRANSCRIPTOMIC,PAIRED,0,0,ILLUMINA,Illumina HiSeq 2500,SRP152752,PRJNA479706,,479706,SRS3525804,SAMN09602233,simple,55571,Dioscorea alata,T3_3,,,,,,,no,,,,,ZHEJIANG ACADEMY OF AGRICULTURAL SCIENCES,SRA735357,,public,570922F58659EFC883126D0CE5833BC7,86F67074B3A300A5A0718CD413F2DED3,9602233,SAMN09602233,Plant sample from Dioscorea alata,Dioscorea alata,China:Wenzhou botanical garden,China,Wenzhou botanical garden,,,T3_reciplate3,,,Bulbil,ok
SRR7496962,2019-08-01 00:28:11,2018-07-09 01:31:36,50516227,15037966578,50516227,297,5556,,https://sra-downloadb.be-md.ncbi.nlm.nih.gov/sos5/sra-pub-zq-14/SRR007/496/SRR7496962.sralite.1,SRX4366411,T4_1,RNA-Seq,PCR,TRANSCRIPTOMIC,PAIRED,0,0,ILLUMINA,Illumina HiSeq 2500,SRP152752,PRJNA479706,,479706,SRS3525803,SAMN09602234,simple,55571,Dioscorea alata,T4_1,,,,,,,no,,,,,ZHEJIANG ACADEMY OF AGRICULTURAL SCIENCES,SRA735357,,public,6285B30A61C8184B9BA4FED91257ADBF,ECE196948904FEDE0CABC64515D48E93,9602234,SAMN09602234,Plant sample from Dioscorea alata,Dioscorea alata,China:Wenzhou botanical garden,China,Wenzhou botanical garden,,,T4_reciplate1,,,Bulbil,ok
SRR7496967,2019-08-01 00:28:11,2018-07-09 02:08:10,56017015,16655479736,56017015,297,6054,,https://sra-downloadb.be-md.ncbi.nlm.nih.gov/sos5/sra-pub-zq-14/SRR007/496/SRR7496967.sralite.1,SRX4366406,T1_1,RNA-Seq,PCR,TRANSCRIPTOMIC,PAIRED,0,0,ILLUMINA,Illumina HiSeq 2500,SRP152752,PRJNA479706,,479706,SRS3525798,SAMN09602225,simple,55571,Dioscorea alata,T1_1,,,,,,,no,,,,,ZHEJIANG ACADEMY OF AGRICULTURAL SCIENCES,SRA735357,,public,7CBCD92CA4AC7BD75EE75CB22CC845D3,1A950B699FC66E28559856B3EA8919F1,9602225,SAMN09602225,Plant sample from Dioscorea alata,Dioscorea alata,China:Wenzhou botanical garden,China,Wenzhou botanical garden,,,T1_reciplate1,,,Bulbil,ok
SRR7496968,2019-08-01 00:28:11,2018-07-09 02:06:21,49112048,14579803638,49112048,296,5315,,https://sra-downloadb.be-md.ncbi.nlm.nih.gov/sos5/sra-pub-zq-16/SRR007/496/SRR7496968.sralite.1,SRX4366405,T1_2,RNA-Seq,PCR,TRANSCRIPTOMIC,PAIRED,0,0,ILLUMINA,Illumina HiSeq 2500,SRP152752,PRJNA479706,,479706,SRS3525797,SAMN09602226,simple,55571,Dioscorea alata,T1_2,,,,,,,no,,,,,ZHEJIANG ACADEMY OF AGRICULTURAL SCIENCES,SRA735357,,public,3093F649A65FC168BC8D23D662FF5461,F4DC198FFE9FF2B4AE0E8A94D27C0AFF,9602226,SAMN09602226,Plant sample from Dioscorea alata,Dioscorea alata,China:Wenzhou botanical garden,China,Wenzhou botanical garden,,,T1_reciplate2,,,Bulbil,ok
SRR7496964,2019-08-01 00:28:11,2018-07-09 01:43:52,60865352,18132828188,60865352,297,6644,,https://sra-downloadb.be-md.ncbi.nlm.nih.gov/sos3/sra-pub-zq-22/SRR007/496/SRR7496964.sralite.1,SRX4366409,T2_3,RNA-Seq,PCR,TRANSCRIPTOMIC,PAIRED,0,0,ILLUMINA,Illumina HiSeq 2500,SRP152752,PRJNA479706,,479706,SRS3525801,SAMN09602230,simple,55571,Dioscorea alata,T2_3,,,,,,,no,,,,,ZHEJIANG ACADEMY OF AGRICULTURAL SCIENCES,SRA735357,,public,9FB4FBB4B0E27F3E8F8D968A0AA2EE8C,0715AE7ABF1035E3CE2BAA98E99A590C,9602230,SAMN09602230,Plant sample from Dioscorea alata,Dioscorea alata,China:Wenzhou botanical garden,China,Wenzhou botanical garden,,,T2_reciplate3,,,Bulbil,ok
SRR7496965,2019-08-01 00:28:11,2018-07-09 01:37:25,61253397,18176433892,61253397,296,6739,,https://sra-downloadb.be-md.ncbi.nlm.nih.gov/sos5/sra-pub-zq-16/SRR007/496/SRR7496965.sralite.1,SRX4366408,T3_1,RNA-Seq,PCR,TRANSCRIPTOMIC,PAIRED,0,0,ILLUMINA,Illumina HiSeq 2500,SRP152752,PRJNA479706,,479706,SRS3525800,SAMN09602231,simple,55571,Dioscorea alata,T3_1,,,,,,,no,,,,,ZHEJIANG ACADEMY OF AGRICULTURAL SCIENCES,SRA735357,,public,690CC245109246BE4BA253F2FC90CBE5,E6B1CDA0B1B98E2256E1960A5FB90F4F,9602231,SAMN09602231,Plant sample from Dioscorea alata,Dioscorea alata,China:Wenzhou botanical garden,China,Wenzhou botanical garden,,,T3_reciplate1,,,Bulbil,ok
SRR7496966,2019-08-01 00:28:11,2018-07-09 01:24:57,56561893,16828368454,56561893,297,6262,,https://sra-downloadb.be-md.ncbi.nlm.nih.gov/sos5/sra-pub-zq-16/SRR007/496/SRR7496966.sralite.1,SRX4366407,T3_2,RNA-Seq,PCR,TRANSCRIPTOMIC,PAIRED,0,0,ILLUMINA,Illumina HiSeq 2500,SRP152752,PRJNA479706,,479706,SRS3525799,SAMN09602232,simple,55571,Dioscorea alata,T3_2,,,,,,,no,,,,,ZHEJIANG ACADEMY OF AGRICULTURAL SCIENCES,SRA735357,,public,6F440421B220C70B97F4247F9F0297B0,68CA0CE00353B7032F7B5D9BF92A645A,9602232,SAMN09602232,Plant sample from Dioscorea alata,Dioscorea alata,China:Wenzhou botanical garden,China,Wenzhou botanical garden,,,T3_reciplate2,,,Bulbil,ok
SRR6374680,2017-12-22 00:00:39,2017-12-14 02:14:31,12000000,2424000000,12000000,202,1507,,https://sra-downloadb.be-md.ncbi.nlm.nih.gov/sos5/sra-pub-zq-14/SRR006/374/SRR6374680.sralite.1,SRX3469552,Dioscorea_opposita,RNA-Seq,cDNA,TRANSCRIPTOMIC,PAIRED,0,0,ILLUMINA,Illumina HiSeq 2000,SRP126709,PRJNA421868,,421868,SRS2757008,SAMN08159236,simple,569628,Dioscorea oppositifolia,Dioscorea_opposita,,,,,,,no,,,,,FUDAN UNIVERSITY,SRA638739,,public,BAFDEDB0FC6CAA081BF1634BEE1930F1,C3738CE4D138A25C9ABDAF1E386A81D8,8159236,SAMN08159236,Plant sample from Dioscorea oppositifolia,Dioscorea oppositifolia,China: Shanghai,China,Shanghai,,,not applicable,,,young leaf,ok
SRR7496969,2019-08-01 00:28:11,2018-07-09 01:37:35,66142499,19681813798,66142499,297,7198,,https://sra-downloadb.be-md.ncbi.nlm.nih.gov/sos3/sra-pub-zq-22/SRR007/496/SRR7496969.sralite.1,SRX4366404,T1_3,RNA-Seq,PCR,TRANSCRIPTOMIC,PAIRED,0,0,ILLUMINA,Illumina HiSeq 2500,SRP152752,PRJNA479706,,479706,SRS3525796,SAMN09602227,simple,55571,Dioscorea alata,T1_3,,,,,,,no,,,,,ZHEJIANG ACADEMY OF AGRICULTURAL SCIENCES,SRA735357,,public,C0B4794ED5287D8345E0618B9FA8D8F7,37DAA99CCE6FE7FE78D332CD8F7DEF4E,9602227,SAMN09602227,Plant sample from Dioscorea alata,Dioscorea alata,China:Wenzhou botanical garden,China,Wenzhou botanical garden,,,T1_reciplate3,,,Bulbil,ok
SRR7496970,2019-08-01 00:28:11,2018-07-09 01:54:35,61563310,18307036212,61563310,297,6738,,https://sra-downloadb.be-md.ncbi.nlm.nih.gov/sos5/sra-pub-zq-14/SRR007/496/SRR7496970.sralite.1,SRX4366403,T2_1,RNA-Seq,PCR,TRANSCRIPTOMIC,PAIRED,0,0,ILLUMINA,Illumina HiSeq 2500,SRP152752,PRJNA479706,,479706,SRS3525795,SAMN09602228,simple,55571,Dioscorea alata,T2_1,,,,,,,no,,,,,ZHEJIANG ACADEMY OF AGRICULTURAL SCIENCES,SRA735357,,public,6EF535717495C493864E9B7F0D6F29E4,5DA9D6E8545E62228DD33F137C05C179,9602228,SAMN09602228,Plant sample from Dioscorea alata,Dioscorea alata,China:Wenzhou botanical garden,China,Wenzhou botanical garden,,,T2_reciplate1,,,Bulbil,ok
SRR7496971,2019-08-01 00:28:11,2018-07-09 01:45:16,61231289,18097731650,61231289,295,6660,,https://sra-downloadb.be-md.ncbi.nlm.nih.gov/sos5/sra-pub-zq-16/SRR007/496/SRR7496971.sralite.1,SRX4366402,T4_2,RNA-Seq,PCR,TRANSCRIPTOMIC,PAIRED,0,0,ILLUMINA,Illumina HiSeq 2500,SRP152752,PRJNA479706,,479706,SRS3525794,SAMN09602235,simple,55571,Dioscorea alata,T4_2,,,,,,,no,,,,,ZHEJIANG ACADEMY OF AGRICULTURAL SCIENCES,SRA735357,,public,161D2876D6EAE579146639AE26441E65,A2378B6F82CDBB41CEEA16F6F4814B66,9602235,SAMN09602235,Plant sample from Dioscorea alata,Dioscorea alata,China:Wenzhou botanical garden,China,Wenzhou botanical garden,,,T4_reciplate2,,,Bulbil,ok
SRR7496972,2019-08-01 00:28:11,2018-07-09 02:04:34,54773454,16247396402,54773454,296,6004,,https://sra-downloadb.be-md.ncbi.nlm.nih.gov/sos5/sra-pub-zq-16/SRR007/496/SRR7496972.sralite.1,SRX4366401,T4_3,RNA-Seq,PCR,TRANSCRIPTOMIC,PAIRED,0,0,ILLUMINA,Illumina HiSeq 2500,SRP152752,PRJNA479706,,479706,SRS3525793,SAMN09602236,simple,55571,Dioscorea alata,T4_3,,,,,,,no,,,,,ZHEJIANG ACADEMY OF AGRICULTURAL SCIENCES,SRA735357,,public,E9C112FF514C3D36C064CBEF45F3D679,6BAA3258FB8325F99AFB931B3C57D855,9602236,SAMN09602236,Plant sample from Dioscorea alata,Dioscorea alata,China:Wenzhou botanical garden,China,Wenzhou botanical garden,,,T4_reciplate3,,,Bulbil,ok
SRR6281651,2018-12-31 00:24:27,2017-11-11 06:58:13,27899095,8369728500,27899095,300,3099,,https://sra-downloadb.be-md.ncbi.nlm.nih.gov/sos5/sra-pub-zq-11/SRR006/281/SRR6281651/SRR6281651.sralite.1,SRX3383780,Aug_L,RNA-Seq,RANDOM PCR,TRANSCRIPTOMIC,PAIRED,0,0,ILLUMINA,Illumina HiSeq 2000,SRP124794,PRJNA417992,,417992,SRS2679267,SAMN08013136,simple,325984,Dioscorea zingiberensis,Aug_L,,,,,,,no,,,,,"WUHAN BOTANICAL GARDEN, CHINESE ACADEMY OF SCIENCES",SRA629817,,public,304B7514FDD19A8ADC6FEB60BEA00856,35BD969995383948B227C5C2EC30FB12,8013136,SAMN08013136,Plant sample from Dioscorea zingiberensis,Dioscorea zingiberensis,China: Wuhan,China,Wuhan,,,,missing,,Aug_L leaf,ok
SRR6281650,2018-12-31 00:24:27,2017-11-11 06:52:57,22891271,6867381300,22891271,300,2546,,https://sra-downloadb.be-md.ncbi.nlm.nih.gov/sos5/sra-pub-zq-11/SRR006/281/SRR6281650/SRR6281650.sralite.1,SRX3383781,Aug_R,RNA-Seq,RANDOM PCR,TRANSCRIPTOMIC,PAIRED,0,0,ILLUMINA,Illumina HiSeq 2000,SRP124794,PRJNA417992,,417992,SRS2679268,SAMN08013137,simple,325984,Dioscorea zingiberensis,Aug_R,,,,,,,no,,,,,"WUHAN BOTANICAL GARDEN, CHINESE ACADEMY OF SCIENCES",SRA629817,,public,240E603019502FE3C80B3EEEB5F1E5C1,CCF8DF25CCA263A7CECA27924FCECEF4,8013137,SAMN08013137,Plant sample from Dioscorea zingiberensis,Dioscorea zingiberensis,China: Wuhan,China,Wuhan,,,,missing,,Aug_R Rhizome,ok
SRR6281649,2018-12-31 00:24:27,2017-11-11 06:48:05,21282027,6384608100,21282027,300,2360,,https://sra-downloadb.be-md.ncbi.nlm.nih.gov/sos5/sra-pub-zq-11/SRR006/281/SRR6281649/SRR6281649.sralite.1,SRX3383782,Nov_R,RNA-Seq,RANDOM PCR,TRANSCRIPTOMIC,PAIRED,0,0,ILLUMINA,Illumina HiSeq 2000,SRP124794,PRJNA417992,,417992,SRS2679269,SAMN08013138,simple,325984,Dioscorea zingiberensis,Nov_R,,,,,,,no,,,,,"WUHAN BOTANICAL GARDEN, CHINESE ACADEMY OF SCIENCES",SRA629817,,public,23724EE470437695BCD30F53E6882C5E,B1A251C0882CE3DCBD8608A9ABBC4DD0,8013138,SAMN08013138,Plant sample from Dioscorea zingiberensis,Dioscorea zingiberensis,China: Wuhan,China,Wuhan,,,,missing,,Nov_R Rhizome,ok
DRR045128,2017-08-02 19:26:20,2017-08-02 19:33:47,17205862,3441172400,17205862,200,1788,,https://sra-downloadb.be-md.ncbi.nlm.nih.gov/sos5/sra-pub-zq-11/DRR000/045/DRR045128/DRR045128.sralite.1,DRX040450,Yam_Tuber,RNA-Seq,RANDOM,TRANSCRIPTOMIC,PAIRED,240,40,ILLUMINA,Illumina HiSeq 2500,DRP003729,PRJDB3383,,396170,DRS048482,SAMD00039980,simple,55577,Dioscorea cayenensis subsp. rotundata,SAMD00039980,,,,,,,no,,,,,IBRC,DRA003933,,public,0FD6AE4C178FB200E1F4BC5448002002,20979E6D72BF8B1881C2859F628B98BA,7420746,SAMD00039980,Dioscorea rotundata TDr96_F1 Tuber,Dioscorea cayenensis subsp. rotundata,,,,,,,TDr96_F1,,Tuber,ok
DRR045129,2017-08-02 19:26:20,2017-08-02 19:32:51,17226817,3445363400,17226817,200,1790,,https://sra-downloadb.be-md.ncbi.nlm.nih.gov/sos5/sra-pub-zq-11/DRR000/045/DRR045129/DRR045129.sralite.1,DRX040451,Yam_Young_stem,RNA-Seq,RANDOM,TRANSCRIPTOMIC,PAIRED,240,40,ILLUMINA,Illumina HiSeq 2500,DRP003729,PRJDB3383,,396170,DRS048483,SAMD00039981,simple,55577,Dioscorea cayenensis subsp. rotundata,SAMD00039981,,,,,,,no,,,,,IBRC,DRA003933,,public,6BFDBDF122370396351027885A628483,71F6980A94EFDBD50B364EFAF61792BE,7420747,SAMD00039981,Dioscorea rotundata TDr96_F1 Young_stem,Dioscorea cayenensis subsp. rotundata,,,,,,,TDr96_F1,,Young stem,ok
DRR045124,2017-08-02 19:26:19,2017-08-02 19:40:43,108144177,21628835400,108144177,200,14092,,https://sra-downloadb.be-md.ncbi.nlm.nih.gov/sos5/sra-pub-zq-11/DRR000/045/DRR045124/DRR045124.sralite.1,DRX040446,Yam_201304_Inflorescence,RNA-Seq,RANDOM,TRANSCRIPTOMIC,PAIRED,240,40,ILLUMINA,Illumina HiSeq 2500,DRP003729,PRJDB3383,,396170,DRS048478,SAMD00039976,simple,55577,Dioscorea cayenensis subsp. rotundata,SAMD00039976,,,,,,,no,,,,,IBRC,DRA003933,,public,6E4E2F8DD040E093E95A60C06EEC402D,1BA54CCEF1920F2542554E17310EE9D1,7420742,SAMD00039976,Dioscorea rotundata TDr96_F1 201304_Inflorescence,Dioscorea cayenensis subsp. rotundata,,,,,2013-04,,TDr96_F1,,Inflorescence,ok
DRR045125,2017-08-02 19:26:19,2017-08-02 19:38:59,87369952,17473990400,87369952,200,11418,,https://sra-downloadb.be-md.ncbi.nlm.nih.gov/sos5/sra-pub-zq-11/DRR000/045/DRR045125/DRR045125.sralite.1,DRX040447,Yam_201304_Leaf,RNA-Seq,RANDOM,TRANSCRIPTOMIC,PAIRED,240,40,ILLUMINA,Illumina HiSeq 2500,DRP003729,PRJDB3383,,396170,DRS048479,SAMD00039977,simple,55577,Dioscorea cayenensis subsp. rotundata,SAMD00039977,,,,,,,no,,,,,IBRC,DRA003933,,public,221AEA0E6617AE0C5B55B8DEFBFC7319,97DC0C1B45EB1428FBD7DB798BEF3871,7420743,SAMD00039977,Dioscorea rotundata TDr96_F1 201304_Leaf,Dioscorea cayenensis subsp. rotundata,,,,,2013-04,,TDr96_F1,,Leaf,ok
DRR045126,2017-08-02 19:26:19,2017-08-02 19:33:46,20269488,4053897600,20269488,200,2101,,https://sra-downloadb.be-md.ncbi.nlm.nih.gov/sos5/sra-pub-zq-11/DRR000/045/DRR045126/DRR045126.sralite.1,DRX040448,Yam_Flower,RNA-Seq,RANDOM,TRANSCRIPTOMIC,PAIRED,240,40,ILLUMINA,Illumina HiSeq 2500,DRP003729,PRJDB3383,,396170,DRS048480,SAMD00039978,simple,55577,Dioscorea cayenensis subsp. rotundata,SAMD00039978,,,,,,,no,,,,,IBRC,DRA003933,,public,EC490A96F81F4BFEF7DEC9DABE871B5A,3F1488AE8AF62654CC00A0B99A6F3AEB,7420744,SAMD00039978,Dioscorea rotundata TDr96_F1 Flower,Dioscorea cayenensis subsp. rotundata,,,,,,,TDr96_F1,,Flower,ok
DRR045127,2017-08-02 19:26:20,2017-08-02 19:32:22,16293442,3258688400,16293442,200,1698,,https://sra-downloadb.be-md.ncbi.nlm.nih.gov/sos5/sra-pub-zq-11/DRR000/045/DRR045127/DRR045127.sralite.1,DRX040449,Yam_Leaf,RNA-Seq,RANDOM,TRANSCRIPTOMIC,PAIRED,240,40,ILLUMINA,Illumina HiSeq 2500,DRP003729,PRJDB3383,,396170,DRS048481,SAMD00039979,simple,55577,Dioscorea cayenensis subsp. rotundata,SAMD00039979,,,,,,,no,,,,,IBRC,DRA003933,,public,37C3E55C463A75518D4E5368B0D990BB,B74B8CFD5A27FEBEC9052079ECC27702,7420745,SAMD00039979,Dioscorea rotundata TDr96_F1 Leaf,Dioscorea cayenensis subsp. rotundata,,,,,,,TDr96_F1,,Leaf,ok
DRR063126,2017-08-02 16:22:17,2017-08-02 16:25:42,15935708,2294741952,15935708,144,764,,https://sra-downloadb.be-md.ncbi.nlm.nih.gov/sos5/sra-pub-zq-11/DRR000/063/DRR063126/DRR063126.sralite.1,DRX057367,TDr96_F1 Tuber (head),RNA-Seq,RANDOM,TRANSCRIPTOMIC,PAIRED,155,50,ILLUMINA,NextSeq 500,DRP003729,PRJDB3383,,396170,DRS048495,SAMD00053710,simple,55577,Dioscorea cayenensis subsp. rotundata,SAMD00053710,,,,,,,no,,,,,IBRC,DRA004816,,public,7E462E9AC6B30C72E4617054F064C1E8,E1B6B082A1D02FC608407F1FED30FD0B,7420793,SAMD00053710,Dioscorea rotundata TDr96_F1 Tuber (head),Dioscorea cayenensis subsp. rotundata,,,,,,,TDr96_F1,,Tuber (head),ok
DRR063121,2017-08-02 16:22:17,2017-08-02 16:26:01,15935708,2294741952,15935708,144,773,,https://sra-downloadb.be-md.ncbi.nlm.nih.gov/sos5/sra-pub-zq-11/DRR000/063/DRR063121/DRR063121.sralite.1,DRX057362,TDr96_F1 Petiole,RNA-Seq,RANDOM,TRANSCRIPTOMIC,PAIRED,155,50,ILLUMINA,NextSeq 500,DRP003729,PRJDB3383,,396170,DRS048490,SAMD00053705,simple,55577,Dioscorea cayenensis subsp. rotundata,SAMD00053705,,,,,,,no,,,,,IBRC,DRA004816,,public,2431AA253C0EE4AAC3DFA0DAAE95BD54,0560EE89779AACDC565083D8C518533A,7420788,SAMD00053705,Dioscorea rotundata TDr96_F1 Petiole,Dioscorea cayenensis subsp. rotundata,,,,,,,TDr96_F1,,Petiole,ok
DRR063122,2017-08-02 16:22:17,2017-08-02 16:25:33,15935708,2294741952,15935708,144,763,,https://sra-downloadb.be-md.ncbi.nlm.nih.gov/sos5/sra-pub-zq-11/DRR000/063/DRR063122/DRR063122.sralite.1,DRX057363,TDr96_F1 Root,RNA-Seq,RANDOM,TRANSCRIPTOMIC,PAIRED,155,50,ILLUMINA,NextSeq 500,DRP003729,PRJDB3383,,396170,DRS048491,SAMD00053706,simple,55577,Dioscorea cayenensis subsp. rotundata,SAMD00053706,,,,,,,no,,,,,IBRC,DRA004816,,public,A8F7AD3237195C6ADABEF7FE1CEA1211,74C6E2BA6BF0E825D541371B73AB7C83,7420789,SAMD00053706,Dioscorea rotundata TDr96_F1 Root,Dioscorea cayenensis subsp. rotundata,,,,,,,TDr96_F1,,Root,ok
DRR063123,2017-08-02 16:22:17,2017-08-02 16:25:47,15935708,2294741952,15935708,144,757,,https://sra-downloadb.be-md.ncbi.nlm.nih.gov/sos5/sra-pub-zq-11/DRR000/063/DRR063123/DRR063123.sralite.1,DRX057364,TDr96_F1 Spine,RNA-Seq,RANDOM,TRANSCRIPTOMIC,PAIRED,155,50,ILLUMINA,NextSeq 500,DRP003729,PRJDB3383,,396170,DRS048492,SAMD00053707,simple,55577,Dioscorea cayenensis subsp. rotundata,SAMD00053707,,,,,,,no,,,,,IBRC,DRA004816,,public,0B3B0FC27C6973AEDE5DBAD67428664B,69C9A2F518153673FC71F3FFD0A52401,7420790,SAMD00053707,Dioscorea rotundata TDr96_F1 Spine,Dioscorea cayenensis subsp. rotundata,,,,,,,TDr96_F1,,Spine,ok
DRR063124,2017-08-02 16:22:17,2017-08-02 16:25:14,15935708,2294741952,15935708,144,756,,https://sra-downloadb.be-md.ncbi.nlm.nih.gov/sos5/sra-pub-zq-11/DRR000/063/DRR063124/DRR063124.sralite.1,DRX057365,TDr96_F1 Tuber (tail),RNA-Seq,RANDOM,TRANSCRIPTOMIC,PAIRED,155,50,ILLUMINA,NextSeq 500,DRP003729,PRJDB3383,,396170,DRS048493,SAMD00053708,simple,55577,Dioscorea cayenensis subsp. rotundata,SAMD00053708,,,,,,,no,,,,,IBRC,DRA004816,,public,42B688CBB201E08DA31D7CC11C4EB273,79D157FBEBA1BA66754FD360B9F9322D,7420791,SAMD00053708,Dioscorea rotundata TDr96_F1 Tuber (tail),Dioscorea cayenensis subsp. rotundata,,,,,,,TDr96_F1,,Tuber (tail),ok
DRR063125,2017-08-02 16:22:17,2017-08-02 16:24:38,15935708,2294741952,15935708,144,761,,https://sra-downloadb.be-md.ncbi.nlm.nih.gov/sos5/sra-pub-zq-11/DRR000/063/DRR063125/DRR063125.sralite.1,DRX057366,TDr96_F1 Tuber (middle),RNA-Seq,RANDOM,TRANSCRIPTOMIC,PAIRED,155,50,ILLUMINA,NextSeq 500,DRP003729,PRJDB3383,,396170,DRS048494,SAMD00053709,simple,55577,Dioscorea cayenensis subsp. rotundata,SAMD00053709,,,,,,,no,,,,,IBRC,DRA004816,,public,803F10E2098EC6849C2F43583215B302,97A16C5E237061C2FDD794AB8B914242,7420792,SAMD00053709,Dioscorea rotundata TDr96_F1 Tuber (middle),Dioscorea cayenensis subsp. rotundata,,,,,,,TDr96_F1,,Tuber (middle),ok
DRR063116,2017-08-02 16:22:16,2017-08-02 16:23:14,15935708,2294741952,15935708,144,763,,https://sra-downloadb.be-md.ncbi.nlm.nih.gov/sos5/sra-pub-zq-11/DRR000/063/DRR063116/DRR063116.sralite.1,DRX057357,TDr96_F1 Flower bud,RNA-Seq,RANDOM,TRANSCRIPTOMIC,PAIRED,155,50,ILLUMINA,NextSeq 500,DRP003729,PRJDB3383,,396170,DRS048485,SAMD00053700,simple,55577,Dioscorea cayenensis subsp. rotundata,SAMD00053700,,,,,,,no,,,,,IBRC,DRA004816,,public,18B68DE3D5C553CD4359B33816F8739D,158EF6C02D69C1153A4B3A65A14A117C,7420783,SAMD00053700,Dioscorea rotundata TDr96_F1 Flower bud,Dioscorea cayenensis subsp. rotundata,,,,,,,TDr96_F1,,Flower bud,ok
DRR063117,2017-08-02 16:22:17,2017-08-02 16:23:41,15935708,2294741952,15935708,144,753,,https://sra-downloadb.be-md.ncbi.nlm.nih.gov/sos5/sra-pub-zq-11/DRR000/063/DRR063117/DRR063117.sralite.1,DRX057358,TDr96_F1 Rachis,RNA-Seq,RANDOM,TRANSCRIPTOMIC,PAIRED,155,50,ILLUMINA,NextSeq 500,DRP003729,PRJDB3383,,396170,DRS048486,SAMD00053701,simple,55577,Dioscorea cayenensis subsp. rotundata,SAMD00053701,,,,,,,no,,,,,IBRC,DRA004816,,public,B3DCD4DD03FEAD4F7E3FA30C1B4EDAD2,55295E9F2E37432E96543D62FE6ACC10,7420784,SAMD00053701,Dioscorea rotundata TDr96_F1 Rachis,Dioscorea cayenensis subsp. rotundata,,,,,,,TDr96_F1,,Rachis,ok
DRR063118,2017-08-02 16:22:17,2017-08-02 16:24:10,15935708,2294741952,15935708,144,756,,https://sra-downloadb.be-md.ncbi.nlm.nih.gov/sos5/sra-pub-zq-11/DRR000/063/DRR063118/DRR063118.sralite.1,DRX057359,TDr96_F1 Lower 2 cm of inflorescence,RNA-Seq,RANDOM,TRANSCRIPTOMIC,PAIRED,155,50,ILLUMINA,NextSeq 500,DRP003729,PRJDB3383,,396170,DRS048487,SAMD00053702,simple,55577,Dioscorea cayenensis subsp. rotundata,SAMD00053702,,,,,,,no,,,,,IBRC,DRA004816,,public,24FEB23F401A057AD3B2626573CB381C,74BD04853E1C2208DB418BF21E71E3FD,7420785,SAMD00053702,Dioscorea rotundata TDr96_F1 Lower 2 cm of inflorescence,Dioscorea cayenensis subsp. rotundata,,,,,,,TDr96_F1,,Lower 2 cm of inflorescence,ok
DRR063119,2017-08-02 16:22:17,2017-08-02 16:25:06,15935708,2294741952,15935708,144,763,,https://sra-downloadb.be-md.ncbi.nlm.nih.gov/sos5/sra-pub-zq-11/DRR000/063/DRR063119/DRR063119.sralite.1,DRX057360,TDr96_F1 Top 2 cm of inflorescence,RNA-Seq,RANDOM,TRANSCRIPTOMIC,PAIRED,155,50,ILLUMINA,NextSeq 500,DRP003729,PRJDB3383,,396170,DRS048488,SAMD00053703,simple,55577,Dioscorea cayenensis subsp. rotundata,SAMD00053703,,,,,,,no,,,,,IBRC,DRA004816,,public,07E3CF2196E44230BB1623D8FF3C8EE4,F15841536216A30F1640425B1381CB82,7420786,SAMD00053703,Dioscorea rotundata TDr96_F1 Top 2 cm of inflorescence,Dioscorea cayenensis subsp. rotundata,,,,,,,TDr96_F1,,Top 2 cm of inflorescence,ok
DRR063120,2017-08-02 16:22:17,2017-08-02 16:24:46,15935708,2294741952,15935708,144,760,,https://sra-downloadb.be-md.ncbi.nlm.nih.gov/sos5/sra-pub-zq-11/DRR000/063/DRR063120/DRR063120.sralite.1,DRX057361,TDr96_F1 Pulvinus,RNA-Seq,RANDOM,TRANSCRIPTOMIC,PAIRED,155,50,ILLUMINA,NextSeq 500,DRP003729,PRJDB3383,,396170,DRS048489,SAMD00053704,simple,55577,Dioscorea cayenensis subsp. rotundata,SAMD00053704,,,,,,,no,,,,,IBRC,DRA004816,,public,6E0C114B7D4F7A8F6E1A65E998C129AD,01660B8BAEAD1B7C4D0148B25A3D261E,7420787,SAMD00053704,Dioscorea rotundata TDr96_F1 Pulvinus,Dioscorea cayenensis subsp. rotundata,,,,,,,TDr96_F1,,Pulvinus,ok
SRR5457211,2017-04-21 00:00:18,2017-04-20 03:21:26,12282923,3070730750,12282923,250,1533,,https://sra-downloadb.be-md.ncbi.nlm.nih.gov/sos5/sra-pub-zq-14/SRR005/457/SRR5457211.sralite.1,SRX2745279,,RNA-Seq,PolyA,TRANSCRIPTOMIC,PAIRED,0,0,ILLUMINA,Illumina HiSeq 2500,SRP104221,PRJNA383460,,383460,SRS2131538,SAMN06765626,simple,64700,Dioscorea nipponica,Dioscorea nipponica,,,,,,,no,,,,,"INSTITUTE OF CHINESE MATERIA MEDICA, CHINA ACADEMY",SRA555060,,public,FFF54EF7B252EF259395DD5D7AD92531,3687C537E5FAB91EA43297B2211097CD,6765626,SAMN06765626,Plant sample from Dioscorea nipponica,Dioscorea nipponica,China,China,,,,not collected,not collected,not collected,rhizome,ok
SRR5457212,2017-04-21 00:00:18,2017-04-20 00:15:57,12932545,3233136250,12932545,250,1573,,https://sra-downloadb.be-md.ncbi.nlm.nih.gov/sos5/sra-pub-zq-14/SRR005/457/SRR5457212.sralite.1,SRX2745280,,RNA-Seq,PolyA,TRANSCRIPTOMIC,PAIRED,0,0,ILLUMINA,Illumina HiSeq 2500,SRP104221,PRJNA383460,,383460,SRS2131538,SAMN06765626,simple,64700,Dioscorea nipponica,Dioscorea nipponica,,,,,,,no,,,,,"INSTITUTE OF CHINESE MATERIA MEDICA, CHINA ACADEMY",SRA555060,,public,525A688F5B7C6FC9CD33AB36724274E6,7B48B935BBBE20BD3C431E9CF891EB13,6765626,SAMN06765626,Plant sample from Dioscorea nipponica,Dioscorea nipponica,China,China,,,,not collected,not collected,not collected,rhizome,ok
SRR5457213,2017-04-21 00:00:18,2017-04-20 01:20:25,14264277,3566069250,14264277,250,1742,,https://sra-downloadb.be-md.ncbi.nlm.nih.gov/sos5/sra-pub-zq-14/SRR005/457/SRR5457213.sralite.1,SRX2745281,,RNA-Seq,PolyA,TRANSCRIPTOMIC,PAIRED,0,0,ILLUMINA,Illumina HiSeq 2500,SRP104221,PRJNA383460,,383460,SRS2131538,SAMN06765626,simple,64700,Dioscorea nipponica,Dioscorea nipponica,,,,,,,no,,,,,"INSTITUTE OF CHINESE MATERIA MEDICA, CHINA ACADEMY",SRA555060,,public,4F37C9F324A1D73F79BEF4613B2FA2CE,E5C8EA3089B435E60410041B3D06D89D,6765626,SAMN06765626,Plant sample from Dioscorea nipponica,Dioscorea nipponica,China,China,,,,not collected,not collected,not collected,rhizome,ok
SRR5457214,2017-04-21 00:00:18,2017-04-20 02:23:14,14650726,3662681500,14650726,250,1781,,https://sra-downloadb.be-md.ncbi.nlm.nih.gov/sos5/sra-pub-zq-14/SRR005/457/SRR5457214.sralite.1,SRX2745282,,RNA-Seq,PolyA,TRANSCRIPTOMIC,PAIRED,0,0,ILLUMINA,Illumina HiSeq 2500,SRP104221,PRJNA383460,,383460,SRS2131538,SAMN06765626,simple,64700,Dioscorea nipponica,Dioscorea nipponica,,,,,,,no,,,,,"INSTITUTE OF CHINESE MATERIA MEDICA, CHINA ACADEMY",SRA555060,,public,94801AC898ADB754166D0A60B58D1A00,4AB7B4C6750771C95FB3D941CC563D67,6765626,SAMN06765626,Plant sample from Dioscorea nipponica,Dioscorea nipponica,China,China,,,,not collected,not collected,not collected,rhizome,ok
DRR063115,2017-08-02 16:22:16,2017-08-02 16:22:46,15935708,2294741952,15935708,144,759,,https://sra-downloadb.be-md.ncbi.nlm.nih.gov/sos5/sra-pub-zq-11/DRR000/063/DRR063115/DRR063115.sralite.1,DRX057356,TDr96_F1 Axillary bud,RNA-Seq,RANDOM,TRANSCRIPTOMIC,PAIRED,155,50,ILLUMINA,NextSeq 500,DRP003729,PRJDB3383,,396170,DRS048484,SAMD00053699,simple,55577,Dioscorea cayenensis subsp. rotundata,SAMD00053699,,,,,,,no,,,,,IBRC,DRA004816,,public,EE1AB8087B68BCB7B4B840220E3ACE6D,DFBEFFE1011458E8A03880B03C1606C0,7420782,SAMD00053699,Dioscorea rotundata TDr96_F1 Axillary bud,Dioscorea cayenensis subsp. rotundata,,,,,,,TDr96_F1,,Axillary bud,ok
SRR5457202,2017-04-21 00:00:18,2017-04-20 06:20:32,13561949,3390487250,13561949,250,1682,,https://sra-downloadb.be-md.ncbi.nlm.nih.gov/sos5/sra-pub-zq-14/SRR005/457/SRR5457202.sralite.1,SRX2745270,,RNA-Seq,PolyA,TRANSCRIPTOMIC,PAIRED,0,0,ILLUMINA,Illumina HiSeq 2500,SRP104221,PRJNA383460,,383460,SRS2131538,SAMN06765626,simple,64700,Dioscorea nipponica,Dioscorea nipponica,,,,,,,no,,,,,"INSTITUTE OF CHINESE MATERIA MEDICA, CHINA ACADEMY",SRA555060,,public,99CBDF74CACBE276E7CEC76A8A6172D9,B0FEC4157C528F11BCF4B67175CC2041,6765626,SAMN06765626,Plant sample from Dioscorea nipponica,Dioscorea nipponica,China,China,,,,not collected,not collected,not collected,rhizome,ok
SRR5457204,2017-04-21 00:00:18,2017-04-20 06:22:32,13292814,3323203500,13292814,250,1653,,https://sra-downloadb.be-md.ncbi.nlm.nih.gov/sos5/sra-pub-zq-14/SRR005/457/SRR5457204.sralite.1,SRX2745272,,RNA-Seq,PolyA,TRANSCRIPTOMIC,PAIRED,0,0,ILLUMINA,Illumina HiSeq 2500,SRP104221,PRJNA383460,,383460,SRS2131538,SAMN06765626,simple,64700,Dioscorea nipponica,Dioscorea nipponica,,,,,,,no,,,,,"INSTITUTE OF CHINESE MATERIA MEDICA, CHINA ACADEMY",SRA555060,,public,DC727648A74ACE20A490EC82810F1E79,ECA0CDAA576BF2DECC23166AB91F5F34,6765626,SAMN06765626,Plant sample from Dioscorea nipponica,Dioscorea nipponica,China,China,,,,not collected,not collected,not collected,rhizome,ok
SRR5457206,2017-04-21 00:00:18,2017-04-20 06:19:49,12443605,3110901250,12443605,250,1549,,https://sra-downloadb.be-md.ncbi.nlm.nih.gov/sos5/sra-pub-zq-14/SRR005/457/SRR5457206.sralite.1,SRX2745274,,RNA-Seq,PolyA,TRANSCRIPTOMIC,PAIRED,0,0,ILLUMINA,Illumina HiSeq 2500,SRP104221,PRJNA383460,,383460,SRS2131538,SAMN06765626,simple,64700,Dioscorea nipponica,Dioscorea nipponica,,,,,,,no,,,,,"INSTITUTE OF CHINESE MATERIA MEDICA, CHINA ACADEMY",SRA555060,,public,BAFEE5C976632063B13340640E846A52,B4BE393649811DAC33B97B3AA8115CFF,6765626,SAMN06765626,Plant sample from Dioscorea nipponica,Dioscorea nipponica,China,China,,,,not collected,not collected,not collected,rhizome,ok
SRR5457209,2017-04-21 00:00:18,2017-04-20 02:22:29,15665003,3916250750,15665003,250,1958,,https://sra-downloadb.be-md.ncbi.nlm.nih.gov/sos5/sra-pub-zq-14/SRR005/457/SRR5457209.sralite.1,SRX2745275,,RNA-Seq,PolyA,TRANSCRIPTOMIC,PAIRED,0,0,ILLUMINA,Illumina HiSeq 2500,SRP104221,PRJNA383460,,383460,SRS2131538,SAMN06765626,simple,64700,Dioscorea nipponica,Dioscorea nipponica,,,,,,,no,,,,,"INSTITUTE OF CHINESE MATERIA MEDICA, CHINA ACADEMY",SRA555060,,public,6225A4113B664E221840D97EE180DE19,4C1ED6A3307E4C4A9BE48674053F34B6,6765626,SAMN06765626,Plant sample from Dioscorea nipponica,Dioscorea nipponica,China,China,,,,not collected,not collected,not collected,rhizome,ok
SRR5457210,2017-04-21 00:00:18,2017-04-20 02:21:45,11613657,2903414250,11613657,250,1459,,https://sra-downloadb.be-md.ncbi.nlm.nih.gov/sos5/sra-pub-zq-14/SRR005/457/SRR5457210.sralite.1,SRX2745278,,RNA-Seq,PolyA,TRANSCRIPTOMIC,PAIRED,0,0,ILLUMINA,Illumina HiSeq 2500,SRP104221,PRJNA383460,,383460,SRS2131538,SAMN06765626,simple,64700,Dioscorea nipponica,Dioscorea nipponica,,,,,,,no,,,,,"INSTITUTE OF CHINESE MATERIA MEDICA, CHINA ACADEMY",SRA555060,,public,D693D531ED46AA2E323B9FE8559DC5DC,ACA46E68A6D7C6A1BF704282AC31CC53,6765626,SAMN06765626,Plant sample from Dioscorea nipponica,Dioscorea nipponica,China,China,,,,not collected,not collected,not collected,rhizome,ok
SRR5457195,2017-04-21 00:00:17,2017-04-20 04:20:30,12048572,3012143000,12048572,250,1503,,https://sra-downloadb.be-md.ncbi.nlm.nih.gov/sos5/sra-pub-zq-14/SRR005/457/SRR5457195.sralite.1,SRX2745263,,RNA-Seq,PolyA,TRANSCRIPTOMIC,PAIRED,0,0,ILLUMINA,Illumina HiSeq 2500,SRP104221,PRJNA383460,,383460,SRS2131538,SAMN06765626,simple,64700,Dioscorea nipponica,Dioscorea nipponica,,,,,,,no,,,,,"INSTITUTE OF CHINESE MATERIA MEDICA, CHINA ACADEMY",SRA555060,,public,B89429BA4FD1D6F8281C6570E8BFA91C,5AF4F17454BFBDCBA0CF82EC9A763140,6765626,SAMN06765626,Plant sample from Dioscorea nipponica,Dioscorea nipponica,China,China,,,,not collected,not collected,not collected,rhizome,ok
SRR5457196,2017-04-21 00:00:18,2017-04-20 04:20:57,12216577,3054144250,12216577,250,1512,,https://sra-downloadb.be-md.ncbi.nlm.nih.gov/sos5/sra-pub-zq-14/SRR005/457/SRR5457196.sralite.1,SRX2745264,,RNA-Seq,PolyA,TRANSCRIPTOMIC,PAIRED,0,0,ILLUMINA,Illumina HiSeq 2500,SRP104221,PRJNA383460,,383460,SRS2131538,SAMN06765626,simple,64700,Dioscorea nipponica,Dioscorea nipponica,,,,,,,no,,,,,"INSTITUTE OF CHINESE MATERIA MEDICA, CHINA ACADEMY",SRA555060,,public,4E43B32F34208D9EFBA32A889C285EA9,FBB7FE64E85BFA39673C683ED3F37B9A,6765626,SAMN06765626,Plant sample from Dioscorea nipponica,Dioscorea nipponica,China,China,,,,not collected,not collected,not collected,rhizome,ok
SRR5457197,2017-04-21 00:00:18,2017-04-20 05:18:06,10966031,2741507750,10966031,250,1372,,https://sra-downloadb.be-md.ncbi.nlm.nih.gov/sos5/sra-pub-zq-14/SRR005/457/SRR5457197.sralite.1,SRX2745266,,RNA-Seq,PolyA,TRANSCRIPTOMIC,PAIRED,0,0,ILLUMINA,Illumina HiSeq 2500,SRP104221,PRJNA383460,,383460,SRS2131538,SAMN06765626,simple,64700,Dioscorea nipponica,Dioscorea nipponica,,,,,,,no,,,,,"INSTITUTE OF CHINESE MATERIA MEDICA, CHINA ACADEMY",SRA555060,,public,1FF0F397CB8E50F683F6917563A15A05,9530B5F4C25BEFC4CE0414B7FEDF5312,6765626,SAMN06765626,Plant sample from Dioscorea nipponica,Dioscorea nipponica,China,China,,,,not collected,not collected,not collected,rhizome,ok
SRR5457198,2017-04-21 00:00:18,2017-04-20 05:21:33,13171682,3292920500,13171682,250,1651,,https://sra-downloadb.be-md.ncbi.nlm.nih.gov/sos5/sra-pub-zq-14/SRR005/457/SRR5457198.sralite.1,SRX2745267,,RNA-Seq,PolyA,TRANSCRIPTOMIC,PAIRED,0,0,ILLUMINA,Illumina HiSeq 2500,SRP104221,PRJNA383460,,383460,SRS2131538,SAMN06765626,simple,64700,Dioscorea nipponica,Dioscorea nipponica,,,,,,,no,,,,,"INSTITUTE OF CHINESE MATERIA MEDICA, CHINA ACADEMY",SRA555060,,public,DA09663CD57AD33E5DDA1AE6EEE1252D,FB27A38BB4F79C4307CF54528D70F3BE,6765626,SAMN06765626,Plant sample from Dioscorea nipponica,Dioscorea nipponica,China,China,,,,not collected,not collected,not collected,rhizome,ok
SRR5457200,2017-04-21 00:00:18,2017-04-20 05:19:00,13264612,3316153000,13264612,250,1654,,https://sra-downloadb.be-md.ncbi.nlm.nih.gov/sos5/sra-pub-zq-14/SRR005/457/SRR5457200.sralite.1,SRX2745268,,RNA-Seq,PolyA,TRANSCRIPTOMIC,PAIRED,0,0,ILLUMINA,Illumina HiSeq 2500,SRP104221,PRJNA383460,,383460,SRS2131538,SAMN06765626,simple,64700,Dioscorea nipponica,Dioscorea nipponica,,,,,,,no,,,,,"INSTITUTE OF CHINESE MATERIA MEDICA, CHINA ACADEMY",SRA555060,,public,0C08D0EB25B0CB212DA766A3393EF5AB,5185EAF02DA974485721CF28A2812AC1,6765626,SAMN06765626,Plant sample from Dioscorea nipponica,Dioscorea nipponica,China,China,,,,not collected,not collected,not collected,rhizome,ok
SRR5457116,2017-04-21 00:00:17,2017-04-20 01:17:10,11378412,2844603000,11378412,250,1404,,https://sra-downloadb.be-md.ncbi.nlm.nih.gov/sos5/sra-pub-zq-14/SRR005/457/SRR5457116.sralite.1,SRX2745138,,RNA-Seq,PolyA,TRANSCRIPTOMIC,PAIRED,0,0,ILLUMINA,Illumina HiSeq 2500,SRP104221,PRJNA383460,,383460,SRS2131538,SAMN06765626,simple,64700,Dioscorea nipponica,Dioscorea nipponica,,,,,,,no,,,,,"INSTITUTE OF CHINESE MATERIA MEDICA, CHINA ACADEMY",SRA555060,,public,5303E362F2EB19B5B6ACCB5A224F33C0,3613735D8CF3B3E7273138DB7DA7085D,6765626,SAMN06765626,Plant sample from Dioscorea nipponica,Dioscorea nipponica,China,China,,,,not collected,not collected,not collected,rhizome,ok
SRR5457191,2017-04-21 00:00:17,2017-04-20 03:20:09,12682584,3170646000,12682584,250,1567,,https://sra-downloadb.be-md.ncbi.nlm.nih.gov/sos5/sra-pub-zq-14/SRR005/457/SRR5457191.sralite.1,SRX2745258,,RNA-Seq,PolyA,TRANSCRIPTOMIC,PAIRED,0,0,ILLUMINA,Illumina HiSeq 2500,SRP104221,PRJNA383460,,383460,SRS2131538,SAMN06765626,simple,64700,Dioscorea nipponica,Dioscorea nipponica,,,,,,,no,,,,,"INSTITUTE OF CHINESE MATERIA MEDICA, CHINA ACADEMY",SRA555060,,public,23F241BD52433BB9DB6ADFDCFDCCF2A2,F89C5A1D69EA2D44D1221642EF42C5F4,6765626,SAMN06765626,Plant sample from Dioscorea nipponica,Dioscorea nipponica,China,China,,,,not collected,not collected,not collected,rhizome,ok
SRR5457192,2017-04-21 00:00:17,2017-04-20 03:19:56,10841591,2710397750,10841591,250,1337,,https://sra-downloadb.be-md.ncbi.nlm.nih.gov/sos5/sra-pub-zq-14/SRR005/457/SRR5457192.sralite.1,SRX2745260,,RNA-Seq,PolyA,TRANSCRIPTOMIC,PAIRED,0,0,ILLUMINA,Illumina HiSeq 2500,SRP104221,PRJNA383460,,383460,SRS2131538,SAMN06765626,simple,64700,Dioscorea nipponica,Dioscorea nipponica,,,,,,,no,,,,,"INSTITUTE OF CHINESE MATERIA MEDICA, CHINA ACADEMY",SRA555060,,public,659861F40A9F40E1E909E4BE189D9015,7413DD2C06318A6D192B803CE73F6E85,6765626,SAMN06765626,Plant sample from Dioscorea nipponica,Dioscorea nipponica,China,China,,,,not collected,not collected,not collected,rhizome,ok
SRR5457193,2017-04-21 00:00:17,2017-04-20 04:20:12,10669667,2667416750,10669667,250,1323,,https://sra-downloadb.be-md.ncbi.nlm.nih.gov/sos5/sra-pub-zq-14/SRR005/457/SRR5457193.sralite.1,SRX2745261,,RNA-Seq,PolyA,TRANSCRIPTOMIC,PAIRED,0,0,ILLUMINA,Illumina HiSeq 2500,SRP104221,PRJNA383460,,383460,SRS2131538,SAMN06765626,simple,64700,Dioscorea nipponica,Dioscorea nipponica,,,,,,,no,,,,,"INSTITUTE OF CHINESE MATERIA MEDICA, CHINA ACADEMY",SRA555060,,public,1ACCEBF0FBEF040D94C6AD69381DF9E1,BDBF21373FC24999F0D087A5BE51A34B,6765626,SAMN06765626,Plant sample from Dioscorea nipponica,Dioscorea nipponica,China,China,,,,not collected,not collected,not collected,rhizome,ok
SRR5457194,2017-04-21 00:00:17,2017-04-20 04:21:24,11398093,2849523250,11398093,250,1412,,https://sra-downloadb.be-md.ncbi.nlm.nih.gov/sos5/sra-pub-zq-14/SRR005/457/SRR5457194.sralite.1,SRX2745262,,RNA-Seq,PolyA,TRANSCRIPTOMIC,PAIRED,0,0,ILLUMINA,Illumina HiSeq 2500,SRP104221,PRJNA383460,,383460,SRS2131538,SAMN06765626,simple,64700,Dioscorea nipponica,Dioscorea nipponica,,,,,,,no,,,,,"INSTITUTE OF CHINESE MATERIA MEDICA, CHINA ACADEMY",SRA555060,,public,713A1A034FCF77CF36908BE682B73767,16D918963901AF7D43266596DB324299,6765626,SAMN06765626,Plant sample from Dioscorea nipponica,Dioscorea nipponica,China,China,,,,not collected,not collected,not collected,rhizome,ok
SRR5457058,2017-04-21 00:00:17,2017-04-20 01:18:35,10196305,2549076250,10196305,250,1217,,https://sra-downloadb.be-md.ncbi.nlm.nih.gov/sos5/sra-pub-zq-14/SRR005/457/SRR5457058.sralite.1,SRX2745126,,RNA-Seq,PolyA,TRANSCRIPTOMIC,PAIRED,0,0,ILLUMINA,Illumina HiSeq 2500,SRP104221,PRJNA383460,,383460,SRS2131538,SAMN06765626,simple,64700,Dioscorea nipponica,Dioscorea nipponica,,,,,,,no,,,,,"INSTITUTE OF CHINESE MATERIA MEDICA, CHINA ACADEMY",SRA555060,,public,5661D6D4BC171D49E941A285943DBF7F,F22FE057BFB1D80F03686D4C329B9545,6765626,SAMN06765626,Plant sample from Dioscorea nipponica,Dioscorea nipponica,China,China,,,,not collected,not collected,not collected,rhizome,ok
SRR5457060,2017-04-21 00:00:17,2017-04-20 02:16:55,10819678,2704919500,10819678,250,1282,,https://sra-downloadb.be-md.ncbi.nlm.nih.gov/sos5/sra-pub-zq-14/SRR005/457/SRR5457060.sralite.1,SRX2745128,,RNA-Seq,PolyA,TRANSCRIPTOMIC,PAIRED,0,0,ILLUMINA,Illumina HiSeq 2500,SRP104221,PRJNA383460,,383460,SRS2131538,SAMN06765626,simple,64700,Dioscorea nipponica,Dioscorea nipponica,,,,,,,no,,,,,"INSTITUTE OF CHINESE MATERIA MEDICA, CHINA ACADEMY",SRA555060,,public,9933D29E0D8EF0E3C69E92202A74161F,A62373F0122483A3E84EBFCC649C2284,6765626,SAMN06765626,Plant sample from Dioscorea nipponica,Dioscorea nipponica,China,China,,,,not collected,not collected,not collected,rhizome,ok
SRR5457063,2017-04-21 00:00:17,2017-04-20 00:16:35,11936620,2984155000,0,250,1412,,https://sra-downloadb.be-md.ncbi.nlm.nih.gov/sos5/sra-pub-zq-14/SRR005/457/SRR5457063.sralite.1,SRX2745130,,RNA-Seq,PolyA,TRANSCRIPTOMIC,PAIRED,0,0,ILLUMINA,Illumina HiSeq 2500,SRP104221,PRJNA383460,,383460,SRS2131538,SAMN06765626,simple,64700,Dioscorea nipponica,Dioscorea nipponica,,,,,,,no,,,,,"INSTITUTE OF CHINESE MATERIA MEDICA, CHINA ACADEMY",SRA555060,,public,,,6765626,SAMN06765626,Plant sample from Dioscorea nipponica,Dioscorea nipponica,China,China,,,,not collected,not collected,not collected,rhizome,ok
SRR5457064,2017-04-21 00:00:17,2017-04-20 00:17:21,13593998,3398499500,13593998,250,1676,,https://sra-downloadb.be-md.ncbi.nlm.nih.gov/sos5/sra-pub-zq-14/SRR005/457/SRR5457064.sralite.1,SRX2745132,,RNA-Seq,PolyA,TRANSCRIPTOMIC,PAIRED,0,0,ILLUMINA,Illumina HiSeq 2500,SRP104221,PRJNA383460,,383460,SRS2131538,SAMN06765626,simple,64700,Dioscorea nipponica,Dioscorea nipponica,,,,,,,no,,,,,"INSTITUTE OF CHINESE MATERIA MEDICA, CHINA ACADEMY",SRA555060,,public,B44BAFD73359F44EC4557BB00166CE4F,9A832151764A882419C0D306366A5057,6765626,SAMN06765626,Plant sample from Dioscorea nipponica,Dioscorea nipponica,China,China,,,,not collected,not collected,not collected,rhizome,ok
SRR5457069,2017-04-21 00:00:17,2017-04-20 00:15:14,10354278,2588569500,0,250,1284,,https://sra-downloadb.be-md.ncbi.nlm.nih.gov/sos5/sra-pub-zq-14/SRR005/457/SRR5457069.sralite.1,SRX2745137,,RNA-Seq,PolyA,TRANSCRIPTOMIC,PAIRED,0,0,ILLUMINA,Illumina HiSeq 2500,SRP104221,PRJNA383460,,383460,SRS2131538,SAMN06765626,simple,64700,Dioscorea nipponica,Dioscorea nipponica,,,,,,,no,,,,,"INSTITUTE OF CHINESE MATERIA MEDICA, CHINA ACADEMY",SRA555060,,public,,,6765626,SAMN06765626,Plant sample from Dioscorea nipponica,Dioscorea nipponica,China,China,,,,not collected,not collected,not collected,rhizome,ok
SRR5457037,2017-04-21 00:00:17,2017-04-19 23:14:35,10748228,2687057000,10748228,250,1282,,https://sra-downloadb.be-md.ncbi.nlm.nih.gov/sos5/sra-pub-zq-14/SRR005/457/SRR5457037.sralite.1,SRX2745105,,RNA-Seq,PolyA,TRANSCRIPTOMIC,PAIRED,0,0,ILLUMINA,Illumina HiSeq 2500,SRP104221,PRJNA383460,,383460,SRS2131538,SAMN06765626,simple,64700,Dioscorea nipponica,Dioscorea nipponica,,,,,,,no,,,,,"INSTITUTE OF CHINESE MATERIA MEDICA, CHINA ACADEMY",SRA555060,,public,86F3E822C1F4817935412D7B34BCD8E7,A636674C24DB938345A6D1B47328B8FB,6765626,SAMN06765626,Plant sample from Dioscorea nipponica,Dioscorea nipponica,China,China,,,,not collected,not collected,not collected,rhizome,ok
SRR5457048,2017-04-21 00:00:17,2017-04-20 02:21:14,11647893,2911973250,11647893,250,1372,,https://sra-downloadb.be-md.ncbi.nlm.nih.gov/sos5/sra-pub-zq-14/SRR005/457/SRR5457048.sralite.1,SRX2745107,,RNA-Seq,PolyA,TRANSCRIPTOMIC,PAIRED,0,0,ILLUMINA,Illumina HiSeq 2500,SRP104221,PRJNA383460,,383460,SRS2131538,SAMN06765626,simple,64700,Dioscorea nipponica,Dioscorea nipponica,,,,,,,no,,,,,"INSTITUTE OF CHINESE MATERIA MEDICA, CHINA ACADEMY",SRA555060,,public,63250CE2756EA57E49977FAD8DB70E9E,2431A03A89BEA42C4BA8D011913A5415,6765626,SAMN06765626,Plant sample from Dioscorea nipponica,Dioscorea nipponica,China,China,,,,not collected,not collected,not collected,rhizome,ok
SRR5457049,2017-04-21 00:00:17,2017-04-20 02:20:06,11647893,2911973250,11647893,250,1372,,https://sra-downloadb.be-md.ncbi.nlm.nih.gov/sos5/sra-pub-zq-14/SRR005/457/SRR5457049.sralite.1,SRX2745107,,RNA-Seq,PolyA,TRANSCRIPTOMIC,PAIRED,0,0,ILLUMINA,Illumina HiSeq 2500,SRP104221,PRJNA383460,,383460,SRS2131538,SAMN06765626,simple,64700,Dioscorea nipponica,Dioscorea nipponica,,,,,,,no,,,,,"INSTITUTE OF CHINESE MATERIA MEDICA, CHINA ACADEMY",SRA555060,,public,63250CE2756EA57E49977FAD8DB70E9E,2431A03A89BEA42C4BA8D011913A5415,6765626,SAMN06765626,Plant sample from Dioscorea nipponica,Dioscorea nipponica,China,China,,,,not collected,not collected,not collected,rhizome,ok
SRR3938623,2016-07-26 10:04:56,2016-07-21 10:01:41,29217087,5843417400,29217087,200,3906,,https://sra-downloadb.be-md.ncbi.nlm.nih.gov/sos5/sra-pub-zq-11/SRR003/938/SRR3938623/SRR3938623.sralite.1,SRX1967874,IB10,RNA-Seq,RT-PCR,TRANSCRIPTOMIC,PAIRED,0,0,ILLUMINA,Illumina HiSeq 2000,SRP079155,PRJNA326055,,326055,SRS1577237,SAMN05277437,simple,55571,Dioscorea alata,IB10,,,,,,,no,,,,,INRA,SRA442822,,public,A1C9194BD5BD691AA123E5C9E0608D85,E9E169E5F47B63F47E522055746A8ACE,5277437,SAMN05277437,Plant sample from Dioscorea alata,Dioscorea alata,France: French West Indies,France,French West Indies,,,,missing,,80 % inflorescence/20% leaves,ok
SRR3938635,2016-07-26 09:58:38,2016-07-21 09:56:27,26809091,5361818200,26809091,200,3587,,https://sra-downloadb.be-md.ncbi.nlm.nih.gov/sos5/sra-pub-zq-11/SRR003/938/SRR3938635/SRR3938635.sralite.1,SRX1967885,IB4,RNA-Seq,RT-PCR,TRANSCRIPTOMIC,PAIRED,0,0,ILLUMINA,Illumina HiSeq 2000,SRP079155,PRJNA326055,,326055,SRS1577248,SAMN05277438,simple,55581,Dioscorea trifida,IB4,,,,,,,no,,,,,INRA,SRA442822,,public,A2C2064CD433D6CCFD92B3E900FB34FC,A07850F624BFDF75FEDF28AF09422163,5277438,SAMN05277438,Plant sample from Dioscorea trifida,Dioscorea trifida,France: French West Indies,France,French West Indies,,,,missing,,80 % inflorescence/20% leaves,ok
SRR3938611,2016-07-26 09:51:07,2016-07-21 09:47:16,38055026,7611005200,38055026,200,5059,,https://sra-downloadb.be-md.ncbi.nlm.nih.gov/sos5/sra-pub-zq-11/SRR003/938/SRR3938611/SRR3938611.sralite.1,SRX1967863,IC10,RNA-Seq,RT-PCR,TRANSCRIPTOMIC,PAIRED,0,0,ILLUMINA,Illumina HiSeq 2000,SRP079155,PRJNA326055,,326055,SRS1577226,SAMN05277436,simple,55577,Dioscorea rotundata,IC10,,,,,,,no,,,,,INRA,SRA442822,,public,87E049874562463B49E601C784D4C334,E31C5286DA730E37CCA0C5F3D3957F93,5277436,SAMN05277436,Plant sample from Dioscorea cayenensis subsp. rotundata,Dioscorea cayenensis subsp. rotundata,France,France,,,,,CR4885,,80 % inflorescence/20% leaves,ok
SRR2147847,2016-07-22 00:00:00,2015-08-06 13:50:36,23304280,4660856000,23304280,200,3169,,https://sra-downloadb.be-md.ncbi.nlm.nih.gov/sos5/sra-pub-zq-11/SRR002/147/SRR2147847/SRR2147847.sralite.1,SRX1135424,,RNA-Seq,cDNA,TRANSCRIPTOMIC,PAIRED,0,0,ILLUMINA,Illumina HiSeq 2000,SRP061414,PRJNA290575,,290575,SRS1008997,SAMN03893003,simple,4672,Dioscorea,Chinese yam,,,,,,,no,,,,,HENAN NORMAL UNIVERSITY,SRA279303,,public,029EC3919478039E4BB74B1CC5E0DE64,4B1A8F3734D89F36B891D856A3221AAB,3893003,SAMN03893003,Plant sample from Chinese yam,Dioscorea,China:Jiaozuo,China,Jiaozuo,,,,Tiegun,,microtuber,ok
SRR2147848,2016-07-22 00:00:00,2015-08-06 13:52:27,30445663,6089132600,30445663,200,4133,,https://sra-downloadb.be-md.ncbi.nlm.nih.gov/sos5/sra-pub-zq-11/SRR002/147/SRR2147848/SRR2147848.sralite.1,SRX1135423,,RNA-Seq,cDNA,TRANSCRIPTOMIC,PAIRED,0,0,ILLUMINA,Illumina HiSeq 2000,SRP061414,PRJNA290575,,290575,SRS1008997,SAMN03893003,simple,4672,Dioscorea,Chinese yam,,,,,,,no,,,,,HENAN NORMAL UNIVERSITY,SRA279303,,public,663243767D21CBD22D32E8A276547B00,9DED89F74EEEBB979C673449AC3E565C,3893003,SAMN03893003,Plant sample from Chinese yam,Dioscorea,China:Jiaozuo,China,Jiaozuo,,,,Tiegun,,microtuber,ok
SRR2147849,2016-07-22 00:00:00,2015-08-06 13:49:57,27709892,5541978400,27709892,200,3590,,https://sra-downloadb.be-md.ncbi.nlm.nih.gov/sos5/sra-pub-zq-11/SRR002/147/SRR2147849/SRR2147849.sralite.1,SRX1135426,,RNA-Seq,cDNA,TRANSCRIPTOMIC,PAIRED,0,0,ILLUMINA,Illumina HiSeq 2000,SRP061414,PRJNA290575,,290575,SRS1008997,SAMN03893003,simple,4672,Dioscorea,Chinese yam,,,,,,,no,,,,,HENAN NORMAL UNIVERSITY,SRA279303,,public,C3FAE1D5C0B405E72D91028904575D00,2231647606D6A799E108E8A44A9A6B48,3893003,SAMN03893003,Plant sample from Chinese yam,Dioscorea,China:Jiaozuo,China,Jiaozuo,,,,Tiegun,,microtuber,ok
SRR2147850,2016-07-22 00:00:00,2015-08-06 13:52:23,33863105,6772621000,33863105,200,4391,,https://sra-downloadb.be-md.ncbi.nlm.nih.gov/sos5/sra-pub-zq-11/SRR002/147/SRR2147850/SRR2147850.sralite.1,SRX1135425,,RNA-Seq,cDNA,TRANSCRIPTOMIC,PAIRED,0,0,ILLUMINA,Illumina HiSeq 2000,SRP061414,PRJNA290575,,290575,SRS1008997,SAMN03893003,simple,4672,Dioscorea,Chinese yam,,,,,,,no,,,,,HENAN NORMAL UNIVERSITY,SRA279303,,public,D8346FD87227D3EBC20810E0C87C6014,A14C4F03A720D76EAC92BEBB18F477A8,3893003,SAMN03893003,Plant sample from Chinese yam,Dioscorea,China:Jiaozuo,China,Jiaozuo,,,,Tiegun,,microtuber,ok
SRR1518381,2015-05-13 13:02:17,2014-07-23 10:08:56,18356307,5506892100,18356307,300,3258,,https://sra-downloadb.be-md.ncbi.nlm.nih.gov/sos5/sra-pub-zq-11/SRR001/518/SRR1518381/SRR1518381.sralite.1,SRX652438,DW,RNA-Seq,unspecified,TRANSCRIPTOMIC,PAIRED,0,0,ILLUMINA,Illumina HiSeq 2000,SRP044325,PRJNA255069,2.0,255069,SRS660061,SAMN02910524,simple,55571,Dioscorea alata,DW,,,,,,,no,,,,,ZAAS,SRA174943,,public,B4ABD8CB3BE6832A15F8B22E02CA8C29,7498FA58E1F93FD538E53379AE5F5C5A,2910524,SAMN02910524,Plant sample from Dioscorea alata,Dioscorea alata,missing,missing,,,,,Baishanyao,,tuber,ok
SRR2124164,2016-07-22 00:00:00,2015-08-06 13:50:47,26524515,5304903000,26524515,200,3604,,https://sra-downloadb.be-md.ncbi.nlm.nih.gov/sos5/sra-pub-zq-11/SRR002/124/SRR2124164/SRR2124164.sralite.1,SRX1115448,,RNA-Seq,cDNA,TRANSCRIPTOMIC,PAIRED,0,0,ILLUMINA,Illumina HiSeq 2000,SRP061414,PRJNA290575,,290575,SRS1008997,SAMN03893003,simple,4672,Dioscorea,Chinese yam,,,,,,,no,,,,,HENAN NORMAL UNIVERSITY,SRA279303,,public,CE713462DC5E9B0F37039A6B66E3E3B5,E59DD59A97E4FF633A0BB92E179F8709,3893003,SAMN03893003,Plant sample from Chinese yam,Dioscorea,China:Jiaozuo,China,Jiaozuo,,,,Tiegun,,microtuber,ok
SRR2147846,2016-07-22 00:00:00,2015-08-06 13:51:35,28399161,5679832200,28399161,200,3854,,https://sra-downloadb.be-md.ncbi.nlm.nih.gov/sos5/sra-pub-zq-11/SRR002/147/SRR2147846/SRR2147846.sralite.1,SRX1135422,,RNA-Seq,cDNA,TRANSCRIPTOMIC,PAIRED,0,0,ILLUMINA,Illumina HiSeq 2000,SRP061414,PRJNA290575,,290575,SRS1008997,SAMN03893003,simple,4672,Dioscorea,Chinese yam,,,,,,,no,,,,,HENAN NORMAL UNIVERSITY,SRA279303,,public,DF65ABCCE222C6958A29E3DB8B16D320,389890D80BD264FBD442A74F5F940C6A,3893003,SAMN03893003,Plant sample from Chinese yam,Dioscorea,China:Jiaozuo,China,Jiaozuo,,,,Tiegun,,microtuber,ok
SRR1518382,2015-05-13 13:02:17,2014-07-23 10:08:56,18748167,5624450100,18748167,300,3310,,https://sra-downloadb.be-md.ncbi.nlm.nih.gov/sos5/sra-pub-zq-11/SRR001/518/SRR1518382/SRR1518382.sralite.1,SRX652841,DP,RNA-Seq,unspecified,TRANSCRIPTOMIC,PAIRED,0,0,ILLUMINA,Illumina HiSeq 2000,SRP044325,PRJNA255069,2.0,255069,SRS660059,SAMN02910523,simple,55571,Dioscorea alata,DP,,,,,,,no,,,,,ZAAS,SRA174943,,public,38B9FDEFE6B8F45CDCF97403A7D3FF18,139E8209C7AD51D2CD686D082A94BC18,2910523,SAMN02910523,Plant sample from Dioscorea alata,Dioscorea alata,missing,missing,,,,,Zishanyao,,tuber,ok
SRR1525775,2015-05-14 13:14:58,2014-07-27 21:47:45,29827173,5965434600,29827173,200,3693,,https://sra-downloadb.be-md.ncbi.nlm.nih.gov/sos5/sra-pub-zq-11/SRR001/525/SRR1525775/SRR1525775.sralite.1,SRX660453,,RNA-Seq,size fractionation,TRANSCRIPTOMIC,PAIRED,200,0,ILLUMINA,Illumina HiSeq 2000,SRP044768,PRJNA253902,2.0,253902,SRS665452,SAMN02897972,simple,374975,Dioscorea composita,Dioscorea composita,,,,,,,no,,,,,"INSTITUTE OF NEW ENERGY AND NEW MATERIALS, SOUTH C",SRA173006,,public,6EF8A8A2A8B53AC5278F1A0DB3FD39EB,310316B015CCF14D96296280D427A835,2897972,SAMN02897972,Plant sample from Dioscorea composita,Dioscorea composita,missing,missing,,,,,missing,,"leaf, stem, tuber",ok
SRR1525776,2015-05-14 13:14:58,2014-07-28 11:21:08,29971464,2997146400,29971464,100,2006,,https://sra-downloadb.be-md.ncbi.nlm.nih.gov/sos5/sra-pub-zq-11/SRR001/525/SRR1525776/SRR1525776.sralite.1,SRX660453,,RNA-Seq,size fractionation,TRANSCRIPTOMIC,PAIRED,200,0,ILLUMINA,Illumina HiSeq 2000,SRP044768,PRJNA253902,2.0,253902,SRS665452,SAMN02897972,simple,374975,Dioscorea composita,Dioscorea composita,,,,,,,no,,,,,"INSTITUTE OF NEW ENERGY AND NEW MATERIALS, SOUTH C",SRA173006,,public,69B72D433840F21B2EDBABF5F23A6308,295AB8A72B8C9D2E1CF7BB46C9863494,2897972,SAMN02897972,Plant sample from Dioscorea composita,Dioscorea composita,missing,missing,,,,,missing,,"leaf, stem, tuber",ok
SRR1525777,2015-05-14 13:14:58,2014-07-28 00:08:55,35959712,3595971200,35959712,100,2309,,https://sra-downloadb.be-md.ncbi.nlm.nih.gov/sos5/sra-pub-zq-11/SRR001/525/SRR1525777/SRR1525777.sralite.1,SRX660453,,RNA-Seq,size fractionation,TRANSCRIPTOMIC,PAIRED,200,0,ILLUMINA,Illumina HiSeq 2000,SRP044768,PRJNA253902,2.0,253902,SRS665452,SAMN02897972,simple,374975,Dioscorea composita,Dioscorea composita,,,,,,,no,,,,,"INSTITUTE OF NEW ENERGY AND NEW MATERIALS, SOUTH C",SRA173006,,public,784E93304FD2863CDE64BF1530390493,560CFDB5D2B1541B72758AC8A946E68D,2897972,SAMN02897972,Plant sample from Dioscorea composita,Dioscorea composita,missing,missing,,,,,missing,,"leaf, stem, tuber",ok
SRR1525779,2015-05-14 13:14:58,2014-07-28 00:51:58,29827173,2982717300,29827173,100,1931,,https://sra-downloadb.be-md.ncbi.nlm.nih.gov/sos5/sra-pub-zq-11/SRR001/525/SRR1525779/SRR1525779.sralite.1,SRX660453,,RNA-Seq,size fractionation,TRANSCRIPTOMIC,PAIRED,200,0,ILLUMINA,Illumina HiSeq 2000,SRP044768,PRJNA253902,2.0,253902,SRS665452,SAMN02897972,simple,374975,Dioscorea composita,Dioscorea composita,,,,,,,no,,,,,"INSTITUTE OF NEW ENERGY AND NEW MATERIALS, SOUTH C",SRA173006,,public,FD0528A234514F29624BCC98F9B80ABF,791CF33FCA1B9B9AB3A15B20FB715C5E,2897972,SAMN02897972,Plant sample from Dioscorea composita,Dioscorea composita,missing,missing,,,,,missing,,"leaf, stem, tuber",ok
SRR1525790,2015-05-14 13:14:58,2014-07-28 04:15:11,29971464,2997146400,29971464,100,1979,,https://sra-downloadb.be-md.ncbi.nlm.nih.gov/sos5/sra-pub-zq-11/SRR001/525/SRR1525790/SRR1525790.sralite.1,SRX660453,,RNA-Seq,size fractionation,TRANSCRIPTOMIC,PAIRED,200,0,ILLUMINA,Illumina HiSeq 2000,SRP044768,PRJNA253902,2.0,253902,SRS665452,SAMN02897972,simple,374975,Dioscorea composita,Dioscorea composita,,,,,,,no,,,,,"INSTITUTE OF NEW ENERGY AND NEW MATERIALS, SOUTH C",SRA173006,,public,2E301EF467E6F5F8FA7818EDAF4B8559,CFB23DAB1EC11DA59824E70272ACDC88,2897972,SAMN02897972,Plant sample from Dioscorea composita,Dioscorea composita,missing,missing,,,,,missing,,"leaf, stem, tuber",ok
SRR1525791,2015-05-14 13:14:58,2014-07-28 04:20:25,35959712,3595971200,35959712,100,2364,,https://sra-downloadb.be-md.ncbi.nlm.nih.gov/sos5/sra-pub-zq-11/SRR001/525/SRR1525791/SRR1525791.sralite.1,SRX660453,,RNA-Seq,size fractionation,TRANSCRIPTOMIC,PAIRED,200,0,ILLUMINA,Illumina HiSeq 2000,SRP044768,PRJNA253902,2.0,253902,SRS665452,SAMN02897972,simple,374975,Dioscorea composita,Dioscorea composita,,,,,,,no,,,,,"INSTITUTE OF NEW ENERGY AND NEW MATERIALS, SOUTH C",SRA173006,,public,AEA7D444BFE1FEE46515E3ABBCA97673,80CA6E6341103EF4AE6F49EF3B6C9A1F,2897972,SAMN02897972,Plant sample from Dioscorea composita,Dioscorea composita,missing,missing,,,,,missing,,"leaf, stem, tuber",ok
SRR1525792,2015-05-14 13:14:58,2014-07-28 05:47:56,24421245,2442124500,24421245,100,1531,,https://sra-downloadb.be-md.ncbi.nlm.nih.gov/sos5/sra-pub-zq-11/SRR001/525/SRR1525792/SRR1525792.sralite.1,SRX660453,,RNA-Seq,size fractionation,TRANSCRIPTOMIC,PAIRED,200,0,ILLUMINA,Illumina HiSeq 2000,SRP044768,PRJNA253902,2.0,253902,SRS665452,SAMN02897972,simple,374975,Dioscorea composita,Dioscorea composita,,,,,,,no,,,,,"INSTITUTE OF NEW ENERGY AND NEW MATERIALS, SOUTH C",SRA173006,,public,AB43267FD570F8AC88C4FBFDF3E82640,858F2A6769EDDC18DC4FFC68EB666C71,2897972,SAMN02897972,Plant sample from Dioscorea composita,Dioscorea composita,missing,missing,,,,,missing,,"leaf, stem, tuber",ok
SRR1525793,2015-05-14 13:14:58,2014-07-28 06:04:25,24421245,2442124500,24421245,100,1572,,https://sra-downloadb.be-md.ncbi.nlm.nih.gov/sos5/sra-pub-zq-11/SRR001/525/SRR1525793/SRR1525793.sralite.1,SRX660453,,RNA-Seq,size fractionation,TRANSCRIPTOMIC,PAIRED,200,0,ILLUMINA,Illumina HiSeq 2000,SRP044768,PRJNA253902,2.0,253902,SRS665452,SAMN02897972,simple,374975,Dioscorea composita,Dioscorea composita,,,,,,,no,,,,,"INSTITUTE OF NEW ENERGY AND NEW MATERIALS, SOUTH C",SRA173006,,public,49E42415C6BC3472B8BD6462641E4DCF,59377A8028FEF7D8E7B184FBCFCCE7B6,2897972,SAMN02897972,Plant sample from Dioscorea composita,Dioscorea composita,missing,missing,,,,,missing,,"leaf, stem, tuber",ok
SRR1218151,2017-08-22 14:13:12,2017-08-22 13:48:12,39352665,7949238330,39352665,202,5476,,https://sra-downloadb.be-md.ncbi.nlm.nih.gov/sos5/sra-pub-zq-14/SRR001/218/SRR1218151.sralite.1,SRX503474,,RNA-Seq,RANDOM,TRANSCRIPTOMIC,PAIRED,100,0,ILLUMINA,Illumina HiSeq 2000,SRP040707,PRJNA243000,,243000,SRS584078,SAMN02711985,simple,325984,Dioscorea zingiberensis,huangijiang transcriptome,,,,,,,no,,,,,SHAANXI NORMAL UNIVERSITY,SRA149867,,public,6FE1F55779F2A17B397E45D63C61372F,B642F84D95BF6F80FA025405786A07B1,2711985,SAMN02711985,Plant sample for Dioscorea zingiberensis,Dioscorea zingiberensis,missing,missing,,,2012-09-07,,missing,,"young leaf, old leaf and tubers",ok
SRR192946,2011-10-14 11:52:00,2014-05-30 13:22:50,36160136,1265604760,0,35,758,,https://sra-downloadb.be-md.ncbi.nlm.nih.gov/sos5/sra-pub-zq-11/SRR000/192/SRR192946/SRR192946.sralite.1,SRX060309,DVA_AK,RNA-Seq,cDNA,TRANSCRIPTOMIC,SINGLE,0,0,ILLUMINA,Illumina Genome Analyzer IIx,SRP006697,PRJNA80057,,80057,SRS191008,SAMN00262865,simple,330167,Dioscorea villosa,DVA_S_AK,,,,,,,no,,,,,MICHIGAN STATE UNIVERSITY,SRA030485,,public,2C18BCC9FE196DDE7D6FB67FA7BE4F8B,74056A7AF9CCA648B8D086605055D24A,262865,SAMN00262865,Dioscorea villosa Root (Tuber) Population One,Dioscorea villosa,,,,,,,,,,ok
SRR192947,2011-10-14 11:52:00,2014-05-30 13:25:56,33305766,4995864900,33305766,150,2069,,https://sra-downloadb.be-md.ncbi.nlm.nih.gov/sos5/sra-pub-zq-11/SRR000/192/SRR192947/SRR192947.sralite.1,SRX060310,DVA_RA,RNA-Seq,cDNA,TRANSCRIPTOMIC,PAIRED,154,0,ILLUMINA,Illumina Genome Analyzer IIx,SRP006697,PRJNA80057,,80057,SRS191009,SAMN00262866,simple,330167,Dioscorea villosa,DVA_S_RA,,,,,,,no,,,,,MICHIGAN STATE UNIVERSITY,SRA030485,,public,59098CCF6FA05210FE11CB541AF4D094,067D5E42378F4B9FE27A0A72997D7941,262866,SAMN00262866,Dioscorea villosa Mature Leaf,Dioscorea villosa,,,,,,,,,,ok
SRR192948,2011-10-14 11:52:00,2014-05-30 13:26:12,35279802,5291970300,35279802,150,2303,,https://sra-downloadb.be-md.ncbi.nlm.nih.gov/sos5/sra-pub-zq-11/SRR000/192/SRR192948/SRR192948.sralite.1,SRX060311,DVA_RB,RNA-Seq,cDNA,TRANSCRIPTOMIC,PAIRED,142,0,ILLUMINA,Illumina Genome Analyzer IIx,SRP006697,PRJNA80057,,80057,SRS191010,SAMN00262867,simple,330167,Dioscorea villosa,DVA_S_RB,,,,,,,no,,,,,MICHIGAN STATE UNIVERSITY,SRA030485,,public,D7D11AD526B9D21C0C5B33557F161EA5,73A7F8A3DF6F0EABA44F797AD5D59F77,262867,SAMN00262867,Dioscorea villosa Stem,Dioscorea villosa,,,,,,,,,,ok
SRR192976,2011-10-14 11:52:00,2014-05-30 13:25:40,30961881,4644282150,30961881,150,2357,,https://sra-downloadb.be-md.ncbi.nlm.nih.gov/sos5/sra-pub-zq-11/SRR000/192/SRR192976/SRR192976.sralite.1,SRX060329,DVA_RD,RNA-Seq,cDNA,TRANSCRIPTOMIC,PAIRED,181,0,ILLUMINA,Illumina Genome Analyzer IIx,SRP006697,PRJNA80057,,80057,SRS191011,SAMN00262868,simple,330167,Dioscorea villosa,DVA_S_RD,,,,,,,no,,,,,MICHIGAN STATE UNIVERSITY,SRA030485,,public,56B0A4E6C3ACA4CFAB3FBE6D7EF9A0F4,DB2A915F9AB365F8DC7DE3B0B956F758,262868,SAMN00262868,Dioscorea villosa Root,Dioscorea villosa,,,,,,,,,,ok
ERR364396,2013-12-19 06:05:59,2013-12-13 21:51:34,9245692,1368362416,9245692,148,1053,,https://sra-downloadb.be-md.ncbi.nlm.nih.gov/sos5/sra-pub-zq-11/ERR000/364/ERR364396/ERR364396.sralite.1,ERX337165,OCWZ_lib,RNA-Seq,RT-PCR,TRANSCRIPTOMIC,PAIRED,200,0,ILLUMINA,Illumina Genome Analyzer II,ERP004258,PRJEB4921,2.0,231714,ERS368264,SAMEA2242475,simple,330167,Dioscorea villosa,SAMEA2242475,,,,,,,no,,,,,BGI,ERA264960,,public,2C22049C2D91A3A1F769DB74740713FB,B3533902AA8EC3B6BCB8B1707CEF13F1,2444169,SAMEA2242475,OCWZ-Dioscorea_villosa,Dioscorea villosa,,,,,,,,,"""flower, floral buds, leaves and stem""",ok
SRR192941,2011-10-14 11:52:00,2014-05-30 13:22:30,32825107,1148878745,0,35,701,,https://sra-downloadb.be-md.ncbi.nlm.nih.gov/sos5/sra-pub-zq-11/SRR000/192/SRR192941/SRR192941.sralite.1,SRX060304,DVA_AF,RNA-Seq,cDNA,TRANSCRIPTOMIC,SINGLE,0,0,ILLUMINA,Illumina Genome Analyzer IIx,SRP006697,PRJNA80057,,80057,SRS191003,SAMN00262860,simple,330167,Dioscorea villosa,DVA_S_AF,,,,,,,no,,,,,MICHIGAN STATE UNIVERSITY,SRA030485,,public,0C9E351D69406843377BE757F2EBADC7,8066B7A711FF6D3A4E47051B0F5CF1C6,262860,SAMN00262860,Dioscorea villosa Mature Leaf,Dioscorea villosa,,,,,,,,,,ok
SRR192942,2011-10-14 11:52:00,2014-05-30 13:21:46,28882473,1010886555,0,35,616,,https://sra-downloadb.be-md.ncbi.nlm.nih.gov/sos5/sra-pub-zq-11/SRR000/192/SRR192942/SRR192942.sralite.1,SRX060305,DVA_AG,RNA-Seq,cDNA,TRANSCRIPTOMIC,SINGLE,0,0,ILLUMINA,Illumina Genome Analyzer IIx,SRP006697,PRJNA80057,,80057,SRS191004,SAMN00262861,simple,330167,Dioscorea villosa,DVA_S_AG,,,,,,,no,,,,,MICHIGAN STATE UNIVERSITY,SRA030485,,public,EEBE79F0E3917BFBAA82EB46D4F58345,50C848F1E4DF232076859E1A119F0A5D,262861,SAMN00262861,Dioscorea villosa Mature Leaf Population One,Dioscorea villosa,,,,,,,,,,ok
SRR192943,2011-10-14 11:52:00,2014-05-30 13:22:03,30482488,1066887080,0,35,648,,https://sra-downloadb.be-md.ncbi.nlm.nih.gov/sos5/sra-pub-zq-11/SRR000/192/SRR192943/SRR192943.sralite.1,SRX060306,DVA_AH,RNA-Seq,cDNA,TRANSCRIPTOMIC,SINGLE,0,0,ILLUMINA,Illumina Genome Analyzer IIx,SRP006697,PRJNA80057,,80057,SRS191005,SAMN00262862,simple,330167,Dioscorea villosa,DVA_S_AH,,,,,,,no,,,,,MICHIGAN STATE UNIVERSITY,SRA030485,,public,86AA6C8B47E80A26AA399F6C7E38B086,CC8F977DC50D1823242F25CCE1CF3B5F,262862,SAMN00262862,Dioscorea villosa Root (Tuber) Population Two,Dioscorea villosa,,,,,,,,,,ok
SRR192944,2011-10-14 11:52:00,2014-05-30 13:22:20,33919203,1187172105,0,35,735,,https://sra-downloadb.be-md.ncbi.nlm.nih.gov/sos5/sra-pub-zq-11/SRR000/192/SRR192944/SRR192944.sralite.1,SRX060307,DVA_AI,RNA-Seq,cDNA,TRANSCRIPTOMIC,SINGLE,0,0,ILLUMINA,Illumina Genome Analyzer IIx,SRP006697,PRJNA80057,,80057,SRS191006,SAMN00262863,simple,330167,Dioscorea villosa,DVA_S_AI,,,,,,,no,,,,,MICHIGAN STATE UNIVERSITY,SRA030485,,public,B6A75C2DF4D25F7BA05F80AC6874F469,3E2C3133B5637C31B3A5C20F9D5814A2,262863,SAMN00262863,Dioscorea villosa Stem (Petioles) Population One,Dioscorea villosa,,,,,,,,,,ok
SRR192945,2011-10-14 11:52:00,2014-05-30 13:22:40,35641606,1247456210,0,35,747,,https://sra-downloadb.be-md.ncbi.nlm.nih.gov/sos5/sra-pub-zq-11/SRR000/192/SRR192945/SRR192945.sralite.1,SRX060308,DVA_AJ,RNA-Seq,cDNA,TRANSCRIPTOMIC,SINGLE,0,0,ILLUMINA,Illumina Genome Analyzer IIx,SRP006697,PRJNA80057,,80057,SRS191007,SAMN00262864,simple,330167,Dioscorea villosa,DVA_S_AJ,,,,,,,no,,,,,MICHIGAN STATE UNIVERSITY,SRA030485,,public,381A9AB22DCBF7680E7C3A406F981417,646107C81CA9B9918828AD06D3D7F7FA,262864,SAMN00262864,Dioscorea villosa Stem (Petioles) Population Two,Dioscorea villosa,,,,,,,,,,ok
SRR192885,2011-10-14 11:52:00,2014-05-30 13:20:11,19253014,673855490,0,35,254,,https://sra-downloadb.be-md.ncbi.nlm.nih.gov/sos5/sra-pub-zq-11/SRR000/192/SRR192885/SRR192885.sralite.1,SRX060271,DVA_AA,RNA-Seq,cDNA,TRANSCRIPTOMIC,SINGLE,0,0,ILLUMINA,Illumina Genome Analyzer IIx,SRP006697,PRJNA80057,,80057,SRS190995,SAMN00262852,simple,330167,Dioscorea villosa,DVA_S_AA,,,,,,,no,,,,,MICHIGAN STATE UNIVERSITY,SRA030485,,public,1A6D51CFD3B12EAAAD36D86F056D2575,32ECD75A58DF3A150D82B629FD6B7547,262852,SAMN00262852,Dioscorea villosa Mature Leaf Two Populations,Dioscorea villosa,,,,,,,,,,ok
SRR192937,2011-10-14 11:52:00,2014-05-30 13:22:32,30843959,1079538565,0,35,461,,https://sra-downloadb.be-md.ncbi.nlm.nih.gov/sos5/sra-pub-zq-11/SRR000/192/SRR192937/SRR192937.sralite.1,SRX060300,DVA_AB,RNA-Seq,cDNA,TRANSCRIPTOMIC,SINGLE,0,0,ILLUMINA,Illumina Genome Analyzer IIx,SRP006697,PRJNA80057,,80057,SRS190999,SAMN00262856,simple,330167,Dioscorea villosa,DVA_S_AB,,,,,,,no,,,,,MICHIGAN STATE UNIVERSITY,SRA030485,,public,1ACB60A94E03C0ED4155EE2B9441FC2E,1CDD4E8917F42D864C44B35BB172E345,262856,SAMN00262856,Dioscorea villosa Stem (Petioles) Two Populations,Dioscorea villosa,,,,,,,,,,ok
SRR192938,2011-10-14 11:52:00,2014-05-30 13:21:40,29409694,1029339290,0,35,414,,https://sra-downloadb.be-md.ncbi.nlm.nih.gov/sos5/sra-pub-zq-11/SRR000/192/SRR192938/SRR192938.sralite.1,SRX060301,DVA_AC,RNA-Seq,cDNA,TRANSCRIPTOMIC,SINGLE,0,0,ILLUMINA,Illumina Genome Analyzer IIx,SRP006697,PRJNA80057,,80057,SRS191000,SAMN00262857,simple,330167,Dioscorea villosa,DVA_S_AC,,,,,,,no,,,,,MICHIGAN STATE UNIVERSITY,SRA030485,,public,C167D96926B7FBC2D5960FAE2FDC39DF,5344EC5981F41F059A89FBB2C7C34526,262857,SAMN00262857,Dioscorea villosa Root (Tuber) Two Populations,Dioscorea villosa,,,,,,,,,,ok
SRR192939,2011-10-14 11:52:00,2014-05-30 13:21:52,28940474,1012916590,0,35,459,,https://sra-downloadb.be-md.ncbi.nlm.nih.gov/sos5/sra-pub-zq-11/SRR000/192/SRR192939/SRR192939.sralite.1,SRX060302,DVA_AD,RNA-Seq,cDNA,TRANSCRIPTOMIC,SINGLE,0,0,ILLUMINA,Illumina Genome Analyzer IIx,SRP006697,PRJNA80057,,80057,SRS191001,SAMN00262858,simple,330167,Dioscorea villosa,DVA_S_AD,,,,,,,no,,,,,MICHIGAN STATE UNIVERSITY,SRA030485,,public,2068C3E262B3F56826FABF4408B1D2D9,BF61554BDDD86B95CBE6456BD916411B,262858,SAMN00262858,Dioscorea villosa Female Flower,Dioscorea villosa,,,,,,,,,,ok
SRR192940,2011-10-14 11:52:00,2014-05-30 13:22:26,30844089,1079543115,0,35,480,,https://sra-downloadb.be-md.ncbi.nlm.nih.gov/sos5/sra-pub-zq-11/SRR000/192/SRR192940/SRR192940.sralite.1,SRX060303,DVA_AE,RNA-Seq,cDNA,TRANSCRIPTOMIC,SINGLE,0,0,ILLUMINA,Illumina Genome Analyzer IIx,SRP006697,PRJNA80057,,80057,SRS191002,SAMN00262859,simple,330167,Dioscorea villosa,DVA_S_AE,,,,,,,no,,,,,MICHIGAN STATE UNIVERSITY,SRA030485,,public,75BF425AF8BD809C888725462C15DF20,F30B351DD36EB3FA1A1D70989D7C29E2,262859,SAMN00262859,Dioscorea villosa Male Flower,Dioscorea villosa,,,,,,,,,,ok
SRR30294452,2024-09-11 00:27:51,2024-08-19 07:07:10,21714537,6557790174,21714537,302,1808,,https://sra-downloadb.be-md.ncbi.nlm.nih.gov/sos6/sra-pub-zq-40/SRR030/30294/SRR30294452/SRR30294452.lite.1,SRX25755126,CK2_1,RNA-Seq,Oligo-dT,TRANSCRIPTOMIC,PAIRED,0,0,ILLUMINA,Illumina MiSeq,SRP527262,PRJNA1149576,,1149576,SRS22394335,SAMN43253850,simple,569628,Dioscorea oppositifolia,CK2,,,,,not collected,,no,,,,,HENAN NORMAL UNIVERSITY,SRA1950517,,public,19746AFA13FF5A4DA58D537B6A907210,6AFDB5B8723536A4BBC51AF360C644A8,43253850,SAMN43253850,Plant sample from Dioscorea oppositifolia,Dioscorea oppositifolia,not applicable,not applicable,,not collected,2024-06,Tiegun,not applicable,control,Leaf,ok
SRR30294451,2024-09-11 00:27:51,2024-08-19 07:07:35,22036312,6654966224,22036312,302,1834,,https://sra-downloadb.be-md.ncbi.nlm.nih.gov/sos6/sra-pub-zq-40/SRR030/30294/SRR30294451/SRR30294451.lite.1,SRX25755127,CK3_1,RNA-Seq,Oligo-dT,TRANSCRIPTOMIC,PAIRED,0,0,ILLUMINA,Illumina MiSeq,SRP527262,PRJNA1149576,,1149576,SRS22394336,SAMN43253851,simple,569628,Dioscorea oppositifolia,CK3,,,,,not collected,,no,,,,,HENAN NORMAL UNIVERSITY,SRA1950517,,public,B9E504AE43B04341F9CE90F1A80417CE,3252264269986DD8F536920ED2DD8859,43253851,SAMN43253851,Plant sample from Dioscorea oppositifolia,Dioscorea oppositifolia,not applicable,not applicable,,not collected,2024-06,Tiegun,not applicable,control,Leaf,ok
SRR30294450,2024-09-11 00:27:51,2024-08-19 07:07:30,25356662,7657711924,25356662,302,2115,,https://sra-downloadb.be-md.ncbi.nlm.nih.gov/sos6/sra-pub-zq-40/SRR030/30294/SRR30294450/SRR30294450.lite.1,SRX25755128,SA1_1,RNA-Seq,Oligo-dT,TRANSCRIPTOMIC,PAIRED,0,0,ILLUMINA,Illumina MiSeq,SRP527262,PRJNA1149576,,1149576,SRS22394337,SAMN43253852,simple,569628,Dioscorea oppositifolia,SA1,,,,,not collected,,no,,,,,HENAN NORMAL UNIVERSITY,SRA1950517,,public,4F1A73F26780125C3B94F3EB6A5E7512,4C95C3C5C4C5E2F9874A04CEE410F894,43253852,SAMN43253852,Plant sample from Dioscorea oppositifolia,Dioscorea oppositifolia,not applicable,not applicable,,not collected,2024-06,Tiegun,not applicable,treatment,Leaf,ok
SRR30294449,2024-09-11 00:27:51,2024-08-19 07:06:59,21660556,6541487912,21660556,302,1804,,https://sra-downloadb.be-md.ncbi.nlm.nih.gov/sos6/sra-pub-zq-40/SRR030/30294/SRR30294449/SRR30294449.lite.1,SRX25755129,SA2_1,RNA-Seq,Oligo-dT,TRANSCRIPTOMIC,PAIRED,0,0,ILLUMINA,Illumina MiSeq,SRP527262,PRJNA1149576,,1149576,SRS22394338,SAMN43253853,simple,569628,Dioscorea oppositifolia,SA2,,,,,not collected,,no,,,,,HENAN NORMAL UNIVERSITY,SRA1950517,,public,D3D2390F9E362B078710F91BF620DBCB,B469A6E2953DE211FB9CC93666C1FA18,43253853,SAMN43253853,Plant sample from Dioscorea oppositifolia,Dioscorea oppositifolia,not applicable,not applicable,,not collected,2024-06,Tiegun,not applicable,treatment,Leaf,ok
SRR30294448,2024-09-11 00:27:51,2024-08-19 07:08:05,23422712,7073659024,23422712,302,1965,,https://sra-downloadb.be-md.ncbi.nlm.nih.gov/sos6/sra-pub-zq-40/SRR030/30294/SRR30294448/SRR30294448.lite.1,SRX25755130,SA3_1,RNA-Seq,Oligo-dT,TRANSCRIPTOMIC,PAIRED,0,0,ILLUMINA,Illumina MiSeq,SRP527262,PRJNA1149576,,1149576,SRS22394339,SAMN43253854,simple,569628,Dioscorea oppositifolia,SA3,,,,,not collected,,no,,,,,HENAN NORMAL UNIVERSITY,SRA1950517,,public,EC7BB1E4A9E9E3E47672AE5BA7AD6336,166389594677B9E2951FBAC2F63D5B4D,43253854,SAMN43253854,Plant sample from Dioscorea oppositifolia,Dioscorea oppositifolia,not applicable,not applicable,,not collected,2024-06,Tiegun,not applicable,treatment,Leaf,ok
SRR30294453,2024-09-11 00:27:51,2024-08-19 07:10:12,25299806,7640541412,25299806,302,2101,,https://sra-downloadb.be-md.ncbi.nlm.nih.gov/sos6/sra-pub-zq-40/SRR030/30294/SRR30294453/SRR30294453.lite.1,SRX25755125,CK1_1,RNA-Seq,Oligo-dT,TRANSCRIPTOMIC,PAIRED,0,0,ILLUMINA,Illumina MiSeq,SRP527262,PRJNA1149576,,1149576,SRS22394334,SAMN43253849,simple,569628,Dioscorea oppositifolia,CK1,,,,,not collected,,no,,,,,HENAN NORMAL UNIVERSITY,SRA1950517,,public,C9F01FC846E929D43ABE75F64E01D189,5BB250BB7B3A00BEE0AE55C51CB07292,43253849,SAMN43253849,Plant sample from Dioscorea oppositifolia,Dioscorea oppositifolia,not applicable,not applicable,,not collected,2024-06,Tiegun,not applicable,control,Leaf,ok
