acc,tax_id,rank,name,total_count,self_count,ilevel,ileft,iright
DRR045124,10239,superkingdom,Viruses,2189,34,1,2984,3116
DRR045124,2731341,,Duplodnaviria,2040,0,2,2984,3055
DRR045124,2731360,kingdom,Heunggongvirae,2040,0,3,2984,3054
DRR045124,2731618,phylum,Uroviricota,1970,0,4,2984,3042
DRR045124,2731619,class,Caudoviricetes,1970,576,5,2984,3041
DRR045124,2788787,,unclassified Caudoviricetes,1071,154,6,2984,3000
DRR045124,2832643,species,Caudoviricetes sp.,662,662,7,2984,2984
DRR045124,1572712,species,Geobacillus virus E3,120,120,7,2985,2985
DRR045124,1971436,species,Streptococcus phage P7951,44,44,7,2986,2986
DRR045124,749413,species,Deep-sea thermophilic phage D6E,16,16,7,2987,2987
DRR045124,2825047,species,Myoviridae sp. ctBrv3,14,14,7,2988,2988
DRR045124,2985566,species,Geobacillus phage vB_GthS_PK5.1,12,12,7,2989,2989
DRR045124,148943,species,Rhodothermus phage RM378,10,10,7,2990,2990
DRR045124,2202568,species,Caudoviricetes sp.,9,9,7,2991,2991
DRR045124,447909,species,Geobacillus virus E2,8,8,7,2992,2992
DRR045124,2827830,species,Siphoviridae sp. ctHip2,7,7,7,2993,2993
DRR045124,2825403,species,Siphoviridae sp. ctFKD2,6,6,7,2994,2994
DRR045124,2825343,species,Siphoviridae sp. ct6YY1,4,4,7,2995,2995
DRR045124,2492466,species,Streptococcus phage CHPC1198,2,2,7,2996,2996
DRR045124,2853976,species,Pseudomonas phage vB_PaeM_phiLBG22,2,2,7,2997,2997
DRR045124,2985567,species,Geobacillus phage vB_GthS_PK5.2,1,1,7,2998,2998
DRR045124,2560065,family,Herelleviridae,151,0,6,3000,3009
DRR045124,2560081,subfamily,Twortvirinae,151,0,7,3000,3008
DRR045124,1980928,genus,Sepunavirus,151,92,8,3000,3007
DRR045124,2315193,,unclassified Sepunavirus,48,45,9,3000,3002
DRR045124,2234037,species,Staphylococcus phage Twillingate,3,3,10,3000,3000
DRR045124,1980930,species,Sepunavirus SEP1,6,0,9,3002,3004
DRR045124,1340769,,Staphylococcus phage phiIBB-SEP1,6,6,10,3002,3002
DRR045124,1980931,species,Sepunavirus IPLAC1C,5,0,9,3004,3006
DRR045124,1572704,,Staphylococcus phage phiIPLA-C1C,5,5,10,3004,3004
DRR045124,1982251,genus,Pahexavirus,51,46,6,3009,3012
DRR045124,1982265,species,Pahexavirus P100A,5,0,7,3009,3011
DRR045124,1229790,,Propionibacterium phage P100_A,5,5,8,3009,3009
DRR045124,2843419,genus,Marfavirus,35,0,6,3012,3015
DRR045124,2852561,,unclassified Marfavirus,35,0,7,3012,3014
DRR045124,2601625,species,Klebsiella phage EI,35,35,8,3012,3012
DRR045124,1623305,genus,Skunavirus,21,21,6,3015,3015
DRR045124,2169656,genus,Saundersvirus,17,0,6,3016,3021
DRR045124,2594692,,unclassified Saundersvirus,11,0,7,3016,3018
DRR045124,2985563,species,Geobacillus phage vB_GthS_PK2.1,11,11,8,3016,3016
DRR045124,2170234,species,Saundersvirus Tp84,6,0,7,3018,3020
DRR045124,1965361,,Geobacillus phage TP-84,6,6,8,3018,3018
DRR045124,2169625,genus,Svunavirus,15,0,6,3021,3024
DRR045124,2170221,species,Svunavirus GBSV1,15,0,7,3021,3023
DRR045124,365048,,Geobacillus phage GBSV1,15,15,8,3021,3021
DRR045124,1922243,genus,Sextaecvirus,12,0,6,3024,3029
DRR045124,1922247,species,Sextaecvirus SEP9,9,0,7,3024,3026
DRR045124,1434319,,Staphylococcus phage vB_SepS_SEP9,9,9,8,3024,3024
DRR045124,2268047,,unclassified Sextaecvirus,3,0,7,3026,3028
DRR045124,2750285,species,Staphylococcus phage vB_SepS_BE02,3,3,8,3026,3026
DRR045124,2843398,genus,Kamchatkavirus,9,0,6,3029,3032
DRR045124,2843645,species,Kamchatkavirus AP45,9,0,7,3029,3031
DRR045124,1913112,,Aeribacillus phage AP45,9,9,8,3029,3029
DRR045124,2560176,genus,Mimasvirus,5,0,6,3032,3035
DRR045124,2788367,,unclassified Mimasvirus,5,0,7,3032,3034
DRR045124,2978503,species,Xanthomonas phage XbC2,5,5,8,3032,3032
DRR045124,1978007,order,Crassvirales,4,0,6,3035,3038
DRR045124,2949298,,unclassified Crassvirales,4,0,7,3035,3037
DRR045124,2831617,species,CrAss-like virus sp.,4,4,8,3035,3035
DRR045124,1623304,genus,Moineauvirus,3,0,6,3038,3040
DRR045124,2231643,,unclassified Moineauvirus,3,3,7,3038,3038
DRR045124,2731361,phylum,Peploviricota,70,0,4,3042,3053
DRR045124,2731363,class,Herviviricetes,70,0,5,3042,3052
DRR045124,548681,order,Herpesvirales,70,0,6,3042,3051
DRR045124,10292,family,Herpesviridae,70,0,7,3042,3050
DRR045124,10374,subfamily,Gammaherpesvirinae,54,0,8,3042,3045
DRR045124,10375,genus,Lymphocryptovirus,54,0,9,3042,3044
DRR045124,10376,species,Human gammaherpesvirus 4,54,54,10,3042,3042
DRR045124,10357,subfamily,Betaherpesvirinae,15,0,8,3045,3048
DRR045124,10358,genus,Cytomegalovirus,15,0,9,3045,3047
DRR045124,10359,species,Human betaherpesvirus 5,15,15,10,3045,3045
DRR045124,10293,subfamily,Alphaherpesvirinae,1,1,8,3048,3048
DRR045124,2559587,,Riboviria,65,0,2,3055,3086
DRR045124,2732396,kingdom,Orthornavirae,53,0,3,3055,3076
DRR045124,2732406,phylum,Kitrinoviricota,45,0,4,3055,3068
DRR045124,2732461,class,Alsuviricetes,45,0,5,3055,3067
DRR045124,2732544,order,Martellivirales,23,0,6,3055,3062
DRR045124,564644,family,Endornaviridae,14,0,7,3055,3058
DRR045124,2003394,genus,Alphaendornavirus,14,0,8,3055,3057
DRR045124,354328,species,Bell pepper alphaendornavirus,14,14,9,3055,3055
DRR045124,675071,family,Virgaviridae,9,7,7,3058,3061
DRR045124,12234,genus,Tobamovirus,2,0,8,3058,3060
DRR045124,1761477,species,Tomato brown rugose fruit virus,2,2,9,3058,3058
DRR045124,675063,order,Tymovirales,22,0,6,3062,3066
DRR045124,675064,family,Alphaflexiviridae,22,0,7,3062,3065
DRR045124,12176,genus,Potexvirus,22,0,8,3062,3064
DRR045124,112229,species,Pepino mosaic virus,22,22,9,3062,3062
DRR045124,2732408,phylum,Pisuviricota,8,0,4,3068,3075
DRR045124,2732505,class,Duplopiviricetes,8,0,5,3068,3074
DRR045124,2732549,order,Durnavirales,8,0,6,3068,3073
DRR045124,585893,family,Picobirnaviridae,8,0,7,3068,3072
DRR045124,104394,genus,Picobirnavirus,8,0,8,3068,3071
DRR045124,573164,,unclassified Picobirnavirus,8,0,9,3068,3070
DRR045124,442302,species,Porcine picobirnavirus,8,8,10,3068,3068
DRR045124,2732397,kingdom,Pararnavirae,12,0,3,3076,3085
DRR045124,2732409,phylum,Artverviricota,12,0,4,3076,3084
DRR045124,2732514,class,Revtraviricetes,12,0,5,3076,3083
DRR045124,2169561,order,Ortervirales,12,0,6,3076,3082
DRR045124,186534,family,Caulimoviridae,12,0,7,3076,3081
DRR045124,10652,genus,Badnavirus,12,0,8,3076,3080
DRR045124,325348,,unclassified Badnavirus,7,0,9,3076,3078
DRR045124,52996,species,Dioscorea bacilliform virus,7,7,10,3076,3076
DRR045124,1619899,species,Dioscorea bacilliform AL virus,5,5,9,3078,3078
DRR045124,185751,family,Pospiviroidae,27,0,2,3086,3089
DRR045124,185753,genus,Pospiviroid,27,0,3,3086,3088
DRR045124,12890,species,Citrus exocortis viroid,27,27,4,3086,3086
DRR045124,2732004,,Varidnaviria,12,0,2,3089,3102
DRR045124,2732005,kingdom,Bamfordvirae,12,0,3,3089,3101
DRR045124,2732008,phylum,Preplasmiviricota,11,0,4,3089,3094
DRR045124,2732529,class,Tectiliviricetes,11,0,5,3089,3093
DRR045124,2732559,order,Rowavirales,11,0,6,3089,3092
DRR045124,10508,family,Adenoviridae,11,0,7,3089,3091
DRR045124,10509,genus,Mastadenovirus,11,11,8,3089,3089
DRR045124,2732007,phylum,Nucleocytoviricota,1,0,4,3094,3100
DRR045124,2732523,class,Megaviricetes,1,0,5,3094,3099
DRR045124,2732555,order,Pimascovirales,1,0,6,3094,3098
DRR045124,43682,family,Ascoviridae,1,0,7,3094,3097
DRR045124,43680,genus,Ascovirus,1,0,8,3094,3096
DRR045124,113366,species,Heliothis virescens ascovirus 3a,1,1,9,3094,3094
DRR045124,2731342,,Monodnaviria,6,0,2,3102,3113
DRR045124,2732090,kingdom,Loebvirae,5,0,3,3102,3109
DRR045124,2732410,phylum,Hofneiviricota,5,0,4,3102,3108
DRR045124,2732411,class,Faserviricetes,5,0,5,3102,3107
DRR045124,2732094,order,Tubulavirales,5,0,6,3102,3106
DRR045124,10860,family,Inoviridae,5,0,7,3102,3105
DRR045124,10861,genus,Inovirus,5,0,8,3102,3104
DRR045124,1977402,species,Inovirus M13,5,5,9,3102,3102
DRR045124,2732092,kingdom,Shotokuvirae,1,0,3,3109,3112
DRR045124,2732416,phylum,Cressdnaviricota,1,0,4,3109,3111
DRR045124,2732423,class,Arfiviricetes,1,1,5,3109,3109
DRR045124,12333,,unclassified bacterial viruses,5,0,2,3113,3115
DRR045124,38018,species,Bacteriophage sp.,5,5,3,3113,3113
DRR045125,10239,superkingdom,Viruses,414,9,1,2769,2914
DRR045125,2731341,,Duplodnaviria,283,0,2,2769,2820
DRR045125,2731360,kingdom,Heunggongvirae,283,0,3,2769,2819
DRR045125,2731618,phylum,Uroviricota,210,0,4,2769,2805
DRR045125,2731619,class,Caudoviricetes,210,38,5,2769,2804
DRR045125,2788787,,unclassified Caudoviricetes,138,21,6,2769,2778
DRR045125,2832643,species,Caudoviricetes sp.,87,87,7,2769,2769
DRR045125,1572712,species,Geobacillus virus E3,11,11,7,2770,2770
DRR045125,447909,species,Geobacillus virus E2,6,6,7,2771,2771
DRR045125,1971436,species,Streptococcus phage P7951,4,4,7,2772,2772
DRR045125,749413,species,Deep-sea thermophilic phage D6E,4,4,7,2773,2773
DRR045125,2985566,species,Geobacillus phage vB_GthS_PK5.1,3,3,7,2774,2774
DRR045125,1352230,species,Thermus phage phi OH2,1,1,7,2775,2775
DRR045125,2853976,species,Pseudomonas phage vB_PaeM_phiLBG22,1,1,7,2776,2776
DRR045125,2560065,family,Herelleviridae,12,0,6,2778,2785
DRR045125,2560081,subfamily,Twortvirinae,11,0,7,2778,2782
DRR045125,1980928,genus,Sepunavirus,11,8,8,2778,2781
DRR045125,2315193,,unclassified Sepunavirus,3,2,9,2778,2780
DRR045125,2234036,species,Staphylococcus phage Quidividi,1,1,10,2778,2778
DRR045125,2560071,subfamily,Brockvirinae,1,0,7,2782,2784
DRR045125,2560160,genus,Kochikohdavirus,1,1,8,2782,2782
DRR045125,2843419,genus,Marfavirus,12,0,6,2785,2788
DRR045125,2852561,,unclassified Marfavirus,12,0,7,2785,2787
DRR045125,2601625,species,Klebsiella phage EI,12,12,8,2785,2785
DRR045125,1982251,genus,Pahexavirus,5,3,6,2788,2791
DRR045125,2079398,,unclassified Pahexavirus,2,0,7,2788,2790
DRR045125,3028123,species,Cutibacterium phage Y3Z,2,2,8,2788,2788
DRR045125,2943001,family,Casjensviridae,2,0,6,2791,2795
DRR045125,2943008,genus,Gwanakrovirus,2,0,7,2791,2794
DRR045125,2955966,species,Gwanakrovirus SNUABM08,2,0,8,2791,2793
DRR045125,2593268,,Erwinia phage pEp_SNUABM_08,2,2,9,2791,2791
DRR045125,1623304,genus,Moineauvirus,1,0,6,2795,2798
DRR045125,2231643,,unclassified Moineauvirus,1,0,7,2795,2797
DRR045125,2365039,species,Streptococcus phage CHPC663,1,1,8,2795,2795
DRR045125,2100420,,environmental samples,1,0,6,2798,2800
DRR045125,2492473,species,Phage 5P_1,1,1,7,2798,2798
DRR045125,2169529,family,Ackermannviridae,1,0,6,2800,2803
DRR045125,2175602,,unclassified Ackermannviridae,1,0,7,2800,2802
DRR045125,2831612,species,Ackermannviridae sp.,1,1,8,2800,2800
DRR045125,2731361,phylum,Peploviricota,73,0,4,2805,2818
DRR045125,2731363,class,Herviviricetes,73,0,5,2805,2817
DRR045125,548681,order,Herpesvirales,73,2,6,2805,2816
DRR045125,10292,family,Herpesviridae,71,5,7,2805,2815
DRR045125,10374,subfamily,Gammaherpesvirinae,58,0,8,2805,2808
DRR045125,10375,genus,Lymphocryptovirus,58,0,9,2805,2807
DRR045125,10376,species,Human gammaherpesvirus 4,58,58,10,2805,2805
DRR045125,10293,subfamily,Alphaherpesvirinae,5,1,8,2808,2811
DRR045125,10294,genus,Simplexvirus,4,0,9,2808,2810
DRR045125,10298,species,Human alphaherpesvirus 1,4,4,10,2808,2808
DRR045125,10357,subfamily,Betaherpesvirinae,3,0,8,2811,2814
DRR045125,10358,genus,Cytomegalovirus,3,0,9,2811,2813
DRR045125,10359,species,Human betaherpesvirus 5,3,3,10,2811,2811
DRR045125,2559587,,Riboviria,107,0,2,2820,2883
DRR045125,2732397,kingdom,Pararnavirae,71,0,3,2820,2835
DRR045125,2732409,phylum,Artverviricota,71,0,4,2820,2834
DRR045125,2732514,class,Revtraviricetes,71,0,5,2820,2833
DRR045125,2169561,order,Ortervirales,71,0,6,2820,2832
DRR045125,186534,family,Caulimoviridae,70,0,7,2820,2827
DRR045125,10652,genus,Badnavirus,70,10,8,2820,2826
DRR045125,325348,,unclassified Badnavirus,30,0,9,2820,2823
DRR045125,52996,species,Dioscorea bacilliform virus,30,27,10,2820,2822
DRR045125,1874738,,Dioscorea bacilliform RT virus,3,3,11,2820,2820
DRR045125,1619899,species,Dioscorea bacilliform AL virus,18,18,9,2823,2823
DRR045125,2169728,species,Dioscorea bacilliform TR virus,12,12,9,2824,2824
DRR045125,11632,family,Retroviridae,1,0,7,2827,2831
DRR045125,327045,subfamily,Orthoretrovirinae,1,0,8,2827,2830
DRR045125,11646,genus,Lentivirus,1,0,9,2827,2829
DRR045125,12804,species,Puma lentivirus,1,1,10,2827,2827
DRR045125,2732396,kingdom,Orthornavirae,36,0,3,2835,2882
DRR045125,2732406,phylum,Kitrinoviricota,31,0,4,2835,2855
DRR045125,2732461,class,Alsuviricetes,31,0,5,2835,2854
DRR045125,2732544,order,Martellivirales,25,0,6,2835,2847
DRR045125,675071,family,Virgaviridae,22,9,7,2835,2840
DRR045125,12234,genus,Tobamovirus,13,2,8,2835,2839
DRR045125,1761477,species,Tomato brown rugose fruit virus,9,9,9,2835,2835
DRR045125,12239,species,Pepper mild mottle virus,1,1,9,2836,2836
DRR045125,12253,species,Tomato mosaic virus,1,1,9,2837,2837
DRR045125,564644,family,Endornaviridae,2,0,7,2840,2843
DRR045125,2003394,genus,Alphaendornavirus,2,0,8,2840,2842
DRR045125,354328,species,Bell pepper alphaendornavirus,2,2,9,2840,2840
DRR045125,39740,family,Bromoviridae,1,0,7,2843,2846
DRR045125,12304,genus,Cucumovirus,1,0,8,2843,2845
DRR045125,12305,species,Cucumber mosaic virus,1,1,9,2843,2843
DRR045125,675063,order,Tymovirales,6,0,6,2847,2853
DRR045125,675064,family,Alphaflexiviridae,6,0,7,2847,2852
DRR045125,140568,genus,Allexivirus,6,0,8,2847,2851
DRR045125,2843479,subgenus,Acarallexivirus,6,0,9,2847,2850
DRR045125,12433,species,Garlic virus A,4,4,10,2847,2847
DRR045125,150284,species,Garlic virus X,2,2,10,2848,2848
DRR045125,2497569,phylum,Negarnaviricota,3,0,4,2855,2870
DRR045125,2497571,subphylum,Polyploviricotina,2,0,5,2855,2862
DRR045125,2497577,class,Insthoviricetes,2,0,6,2855,2861
DRR045125,2499411,order,Articulavirales,2,0,7,2855,2860
DRR045125,11308,family,Orthomyxoviridae,2,0,8,2855,2859
DRR045125,197911,genus,Alphainfluenzavirus,2,0,9,2855,2858
DRR045125,11320,species,Influenza A virus,2,1,10,2855,2857
DRR045125,114727,,H1N1 subtype,1,1,11,2855,2855
DRR045125,2497570,subphylum,Haploviricotina,1,0,5,2862,2869
DRR045125,2497573,class,Milneviricetes,1,0,6,2862,2868
DRR045125,2499881,order,Serpentovirales,1,0,7,2862,2867
DRR045125,568247,family,Aspiviridae,1,0,8,2862,2866
DRR045125,88129,genus,Ophiovirus,1,0,9,2862,2865
DRR045125,2170050,species,Ophiovirus tulipae,1,0,10,2862,2864
DRR045125,219702,,Tulip mild mottle mosaic virus,1,1,11,2862,2862
DRR045125,2732408,phylum,Pisuviricota,2,0,4,2870,2881
DRR045125,2732507,class,Stelpaviricetes,1,0,5,2870,2875
DRR045125,2732550,order,Patatavirales,1,0,6,2870,2874
DRR045125,39729,family,Potyviridae,1,0,7,2870,2873
DRR045125,12195,genus,Potyvirus,1,0,8,2870,2872
DRR045125,43130,species,Onion yellow dwarf virus,1,1,9,2870,2870
DRR045125,2732505,class,Duplopiviricetes,1,0,5,2875,2880
DRR045125,2732549,order,Durnavirales,1,0,6,2875,2879
DRR045125,1511860,family,Amalgaviridae,1,0,7,2875,2878
DRR045125,1511861,genus,Amalgavirus,1,0,8,2875,2877
DRR045125,2058779,species,Allium cepa amalgavirus 2,1,1,9,2875,2875
DRR045125,185751,family,Pospiviroidae,9,0,2,2883,2887
DRR045125,185753,genus,Pospiviroid,9,0,3,2883,2886
DRR045125,12890,species,Citrus exocortis viroid,9,8,4,2883,2885
DRR045125,596768,,Citrus exocortis Yucatan viroid,1,1,5,2883,2883
DRR045125,12333,,unclassified bacterial viruses,2,0,2,2887,2890
DRR045125,38018,species,Bacteriophage sp.,1,1,3,2887,2887
DRR045125,156614,,environmental samples,1,1,3,2888,2888
DRR045125,2731342,,Monodnaviria,1,0,2,2890,2899
DRR045125,2732090,kingdom,Loebvirae,1,0,3,2890,2898
DRR045125,2732410,phylum,Hofneiviricota,1,0,4,2890,2897
DRR045125,2732411,class,Faserviricetes,1,0,5,2890,2896
DRR045125,2732094,order,Tubulavirales,1,0,6,2890,2895
DRR045125,10860,family,Inoviridae,1,0,7,2890,2894
DRR045125,2948871,genus,Porrectionivirus,1,0,8,2890,2893
DRR045125,2956327,species,Porrectionivirus p12J,1,0,9,2890,2892
DRR045125,247080,,Ralstonia phage p12J,1,1,10,2890,2890
DRR045125,2732004,,Varidnaviria,1,0,2,2899,2907
DRR045125,2732005,kingdom,Bamfordvirae,1,0,3,2899,2906
DRR045125,2732007,phylum,Nucleocytoviricota,1,0,4,2899,2905
DRR045125,2732525,class,Pokkesviricetes,1,0,5,2899,2904
DRR045125,2732527,order,Chitovirales,1,0,6,2899,2903
DRR045125,10240,family,Poxviridae,1,0,7,2899,2902
DRR045125,1034801,,environmental samples,1,0,8,2899,2901
DRR045125,1034803,species,uncultured Poxvirus,1,1,9,2899,2899
DRR045125,12429,,unclassified viruses,1,0,2,2907,2909
DRR045125,2057943,species,Pleurochrysis sp. Polinton-like virus,1,1,3,2907,2907
DRR045125,2840056,class,Naldaviricetes,1,0,2,2909,2913
DRR045125,196937,family,Nimaviridae,1,0,3,2909,2912
DRR045125,2133791,,unclassified Nimaviridae,1,0,4,2909,2911
DRR045125,2984284,species,Armadillidium vulgare clopovirus,1,1,5,2909,2909
DRR045126,10239,superkingdom,Viruses,14,0,1,272,289
DRR045126,35237,,"dsDNA viruses, no RNA stage",12,0,2,272,283
DRR045126,10508,family,Adenoviridae,7,0,3,272,275
DRR045126,10509,genus,Mastadenovirus,7,0,4,272,274
DRR045126,129951,species,Human mastadenovirus C,7,7,5,272,272
DRR045126,28883,order,Caudovirales,3,0,3,275,278
DRR045126,10699,family,Siphoviridae,3,1,4,275,277
DRR045126,196894,,unclassified Siphoviridae,2,2,5,275,275
DRR045126,151341,family,Polyomaviridae,2,0,3,278,282
DRR045126,1891713,genus,Alphapolyomavirus,2,0,4,278,281
DRR045126,1891726,species,Human polyomavirus 5,2,0,5,278,280
DRR045126,493803,,Merkel cell polyomavirus,2,2,6,278,278
DRR045126,35268,,Retro-transcribing viruses,2,0,2,283,288
DRR045126,186534,family,Caulimoviridae,2,0,3,283,287
DRR045126,10652,genus,Badnavirus,2,0,4,283,286
DRR045126,325348,,unclassified Badnavirus,2,0,5,283,285
DRR045126,52996,species,Dioscorea bacilliform virus,2,2,6,283,283
DRR045127,10239,superkingdom,Viruses,4,0,1,240,251
DRR045127,35268,,Retro-transcribing viruses,3,0,2,240,246
DRR045127,186534,family,Caulimoviridae,3,0,3,240,245
DRR045127,10652,genus,Badnavirus,3,0,4,240,244
DRR045127,325348,,unclassified Badnavirus,2,0,5,240,242
DRR045127,52996,species,Dioscorea bacilliform virus,2,2,6,240,240
DRR045127,1619899,species,Dioscorea bacilliform AL virus,1,1,5,242,242
DRR045127,35237,,"dsDNA viruses, no RNA stage",1,0,2,246,250
DRR045127,28883,order,Caudovirales,1,0,3,246,249
DRR045127,10699,family,Siphoviridae,1,0,4,246,248
DRR045127,1623298,genus,Phietavirus,1,1,5,246,246
DRR045128,10239,superkingdom,Viruses,6,0,1,220,231
DRR045128,35237,,"dsDNA viruses, no RNA stage",6,0,2,220,230
DRR045128,10508,family,Adenoviridae,4,0,3,220,223
DRR045128,10509,genus,Mastadenovirus,4,0,4,220,222
DRR045128,129951,species,Human mastadenovirus C,4,4,5,220,220
DRR045128,28883,order,Caudovirales,1,0,3,223,226
DRR045128,10699,family,Siphoviridae,1,0,4,223,225
DRR045128,196894,,unclassified Siphoviridae,1,1,5,223,223
DRR045128,549779,family,Mimiviridae,1,0,3,226,229
DRR045128,985780,,unclassified Mimiviridae,1,0,4,226,228
DRR045128,1094892,species,Megavirus chiliensis,1,1,5,226,226
DRR045129,10239,superkingdom,Viruses,12,1,1,262,269
DRR045129,35237,,"dsDNA viruses, no RNA stage",11,0,2,262,268
DRR045129,10508,family,Adenoviridae,10,0,3,262,265
DRR045129,10509,genus,Mastadenovirus,10,0,4,262,264
DRR045129,129951,species,Human mastadenovirus C,10,10,5,262,262
DRR045129,28883,order,Caudovirales,1,0,3,265,267
DRR045129,10699,family,Siphoviridae,1,1,4,265,265
DRR063115,10239,superkingdom,Viruses,6,0,1,359,374
DRR063115,35237,,"dsDNA viruses, no RNA stage",3,0,2,359,368
DRR063115,28883,order,Caudovirales,2,0,3,359,364
DRR063115,10699,family,Siphoviridae,2,0,4,359,363
DRR063115,186765,genus,Lambdavirus,2,0,5,359,362
DRR063115,10710,species,Escherichia virus Lambda,2,0,6,359,361
DRR063115,482822,,Enterobacteria phage DE3,2,2,7,359,359
DRR063115,10442,family,Baculoviridae,1,0,3,364,367
DRR063115,558017,genus,Betabaculovirus,1,0,4,364,366
DRR063115,36355,species,Pseudaletia unipuncta granulovirus,1,1,5,364,364
DRR063115,35268,,Retro-transcribing viruses,3,0,2,368,373
DRR063115,186534,family,Caulimoviridae,3,0,3,368,372
DRR063115,10652,genus,Badnavirus,3,0,4,368,371
DRR063115,325348,,unclassified Badnavirus,3,0,5,368,370
DRR063115,52996,species,Dioscorea bacilliform virus,3,3,6,368,368
DRR063116,10239,superkingdom,Viruses,6,0,1,379,393
DRR063116,35237,,"dsDNA viruses, no RNA stage",5,0,2,379,385
DRR063116,28883,order,Caudovirales,5,0,3,379,384
DRR063116,10699,family,Siphoviridae,5,0,4,379,383
DRR063116,186765,genus,Lambdavirus,5,0,5,379,382
DRR063116,10710,species,Escherichia virus Lambda,5,0,6,379,381
DRR063116,482822,,Enterobacteria phage DE3,5,5,7,379,379
DRR063116,439488,,ssRNA viruses,1,0,2,385,392
DRR063116,35278,,"ssRNA positive-strand viruses, no DNA stage",1,0,3,385,391
DRR063116,464095,order,Picornavirales,1,0,4,385,390
DRR063116,675072,family,Secoviridae,1,0,5,385,389
DRR063116,675075,subfamily,Comovirinae,1,0,6,385,388
DRR063116,12269,genus,Fabavirus,1,0,7,385,387
DRR063116,76875,species,Broad bean wilt virus 2,1,1,8,385,385
DRR063117,10239,superkingdom,Viruses,12,0,1,291,304
DRR063117,35268,,Retro-transcribing viruses,8,0,2,291,295
DRR063117,186534,family,Caulimoviridae,8,0,3,291,294
DRR063117,10652,genus,Badnavirus,8,0,4,291,293
DRR063117,1619899,species,Dioscorea bacilliform AL virus,8,8,5,291,291
DRR063117,35237,,"dsDNA viruses, no RNA stage",4,0,2,295,303
DRR063117,28883,order,Caudovirales,4,0,3,295,302
DRR063117,10699,family,Siphoviridae,4,0,4,295,301
DRR063117,186765,genus,Lambdavirus,4,0,5,295,300
DRR063117,10710,species,Escherichia virus Lambda,3,0,6,295,297
DRR063117,482822,,Enterobacteria phage DE3,3,3,7,295,295
DRR063117,335795,,unclassified Lambda-like viruses,1,0,6,297,299
DRR063117,10713,species,Enterobacteria phage phi80,1,1,7,297,297
DRR063118,10239,superkingdom,Viruses,7,0,1,434,445
DRR063118,35237,,"dsDNA viruses, no RNA stage",7,0,2,434,444
DRR063118,28883,order,Caudovirales,6,0,3,434,440
DRR063118,10699,family,Siphoviridae,6,0,4,434,439
DRR063118,186765,genus,Lambdavirus,5,0,5,434,437
DRR063118,10710,species,Escherichia virus Lambda,5,0,6,434,436
DRR063118,482822,,Enterobacteria phage DE3,5,5,7,434,434
DRR063118,196894,,unclassified Siphoviridae,1,1,5,437,437
DRR063118,151341,family,Polyomaviridae,1,0,3,440,443
DRR063118,1723728,,unclassified Polyomaviridae,1,0,4,440,442
DRR063118,493803,species,Merkel cell polyomavirus,1,1,5,440,440
DRR063119,10239,superkingdom,Viruses,9,0,1,450,467
DRR063119,35237,,"dsDNA viruses, no RNA stage",7,1,2,450,462
DRR063119,28883,order,Caudovirales,4,0,3,450,456
DRR063119,10699,family,Siphoviridae,4,0,4,450,455
DRR063119,186765,genus,Lambdavirus,4,0,5,450,454
DRR063119,10710,species,Escherichia virus Lambda,3,0,6,450,452
DRR063119,482822,,Enterobacteria phage DE3,3,3,7,450,450
DRR063119,335795,,unclassified Lambda-like viruses,1,1,6,452,452
DRR063119,10240,family,Poxviridae,2,0,3,456,461
DRR063119,10241,subfamily,Chordopoxvirinae,2,0,4,456,460
DRR063119,10242,genus,Orthopoxvirus,2,0,5,456,459
DRR063119,10245,species,Vaccinia virus,2,0,6,456,458
DRR063119,502057,,Vaccinia virus GLV-1h68,2,2,7,456,456
DRR063119,35268,,Retro-transcribing viruses,2,0,2,462,466
DRR063119,186534,family,Caulimoviridae,2,0,3,462,465
DRR063119,10652,genus,Badnavirus,2,0,4,462,464
DRR063119,1619899,species,Dioscorea bacilliform AL virus,2,2,5,462,462
DRR063120,10239,superkingdom,Viruses,4,0,1,314,327
DRR063120,35268,,Retro-transcribing viruses,3,0,2,314,320
DRR063120,186534,family,Caulimoviridae,3,0,3,314,319
DRR063120,10652,genus,Badnavirus,3,0,4,314,318
DRR063120,325348,,unclassified Badnavirus,2,0,5,314,316
DRR063120,52996,species,Dioscorea bacilliform virus,2,2,6,314,314
DRR063120,1619899,species,Dioscorea bacilliform AL virus,1,1,5,316,316
DRR063120,35237,,"dsDNA viruses, no RNA stage",1,0,2,320,326
DRR063120,28883,order,Caudovirales,1,0,3,320,325
DRR063120,10699,family,Siphoviridae,1,0,4,320,324
DRR063120,186765,genus,Lambdavirus,1,0,5,320,323
DRR063120,10710,species,Escherichia virus Lambda,1,0,6,320,322
DRR063120,482822,,Enterobacteria phage DE3,1,1,7,320,320
DRR063121,10239,superkingdom,Viruses,8,0,1,286,299
DRR063121,35268,,Retro-transcribing viruses,6,0,2,286,292
DRR063121,186534,family,Caulimoviridae,6,0,3,286,291
DRR063121,10652,genus,Badnavirus,6,0,4,286,290
DRR063121,325348,,unclassified Badnavirus,4,0,5,286,288
DRR063121,52996,species,Dioscorea bacilliform virus,4,4,6,286,286
DRR063121,1619899,species,Dioscorea bacilliform AL virus,2,2,5,288,288
DRR063121,35237,,"dsDNA viruses, no RNA stage",2,0,2,292,298
DRR063121,28883,order,Caudovirales,2,0,3,292,297
DRR063121,10699,family,Siphoviridae,2,0,4,292,296
DRR063121,186765,genus,Lambdavirus,2,0,5,292,295
DRR063121,10710,species,Escherichia virus Lambda,2,0,6,292,294
DRR063121,482822,,Enterobacteria phage DE3,2,2,7,292,292
DRR063122,10239,superkingdom,Viruses,8,0,1,370,387
DRR063122,35237,,"dsDNA viruses, no RNA stage",5,0,2,370,381
DRR063122,28883,order,Caudovirales,4,1,3,370,375
DRR063122,10699,family,Siphoviridae,3,0,4,370,374
DRR063122,186765,genus,Lambdavirus,3,0,5,370,373
DRR063122,10710,species,Escherichia virus Lambda,3,0,6,370,372
DRR063122,482822,,Enterobacteria phage DE3,3,3,7,370,370
DRR063122,10240,family,Poxviridae,1,0,3,375,380
DRR063122,10241,subfamily,Chordopoxvirinae,1,0,4,375,379
DRR063122,10242,genus,Orthopoxvirus,1,0,5,375,378
DRR063122,10245,species,Vaccinia virus,1,0,6,375,377
DRR063122,502057,,Vaccinia virus GLV-1h68,1,1,7,375,375
DRR063122,35268,,Retro-transcribing viruses,3,0,2,381,386
DRR063122,186534,family,Caulimoviridae,3,0,3,381,385
DRR063122,10652,genus,Badnavirus,3,0,4,381,384
DRR063122,325348,,unclassified Badnavirus,3,0,5,381,383
DRR063122,52996,species,Dioscorea bacilliform virus,3,3,6,381,381
DRR063123,10239,superkingdom,Viruses,9,0,1,381,401
DRR063123,35237,,"dsDNA viruses, no RNA stage",7,0,2,381,395
DRR063123,28883,order,Caudovirales,5,0,3,381,386
DRR063123,10699,family,Siphoviridae,5,0,4,381,385
DRR063123,186765,genus,Lambdavirus,5,0,5,381,384
DRR063123,10710,species,Escherichia virus Lambda,5,0,6,381,383
DRR063123,482822,,Enterobacteria phage DE3,5,5,7,381,381
DRR063123,548681,order,Herpesvirales,1,0,3,386,391
DRR063123,10292,family,Herpesviridae,1,0,4,386,390
DRR063123,10357,subfamily,Betaherpesvirinae,1,0,5,386,389
DRR063123,10358,genus,Cytomegalovirus,1,0,6,386,388
DRR063123,10359,species,Human betaherpesvirus 5,1,1,7,386,386
DRR063123,10442,family,Baculoviridae,1,0,3,391,394
DRR063123,558016,genus,Alphabaculovirus,1,0,4,391,393
DRR063123,307456,species,Autographa californica multiple nucleopolyhedrovirus,1,1,5,391,391
DRR063123,35268,,Retro-transcribing viruses,2,0,2,395,400
DRR063123,186534,family,Caulimoviridae,2,0,3,395,399
DRR063123,10652,genus,Badnavirus,2,0,4,395,398
DRR063123,325348,,unclassified Badnavirus,2,0,5,395,397
DRR063123,52996,species,Dioscorea bacilliform virus,2,2,6,395,395
DRR063124,10239,superkingdom,Viruses,2,0,1,297,307
DRR063124,35237,,"dsDNA viruses, no RNA stage",2,0,2,297,306
DRR063124,10442,family,Baculoviridae,1,0,3,297,300
DRR063124,558017,genus,Betabaculovirus,1,0,4,297,299
DRR063124,36355,species,Pseudaletia unipuncta granulovirus,1,1,5,297,297
DRR063124,28883,order,Caudovirales,1,0,3,300,305
DRR063124,10699,family,Siphoviridae,1,0,4,300,304
DRR063124,186765,genus,Lambdavirus,1,0,5,300,303
DRR063124,10710,species,Escherichia virus Lambda,1,0,6,300,302
DRR063124,482822,,Enterobacteria phage DE3,1,1,7,300,300
DRR063125,10239,superkingdom,Viruses,3,0,1,272,281
DRR063125,35237,,"dsDNA viruses, no RNA stage",3,0,2,272,280
DRR063125,28883,order,Caudovirales,3,0,3,272,279
DRR063125,10699,family,Siphoviridae,3,0,4,272,278
DRR063125,186765,genus,Lambdavirus,3,0,5,272,277
DRR063125,335795,,unclassified Lambda-like viruses,2,0,6,272,274
DRR063125,10713,species,Enterobacteria phage phi80,2,2,7,272,272
DRR063125,10710,species,Escherichia virus Lambda,1,0,6,274,276
DRR063125,482822,,Enterobacteria phage DE3,1,1,7,274,274
DRR063126,10239,superkingdom,Viruses,10,0,1,374,391
DRR063126,35237,,"dsDNA viruses, no RNA stage",8,0,2,374,384
DRR063126,28883,order,Caudovirales,7,0,3,374,380
DRR063126,10699,family,Siphoviridae,7,0,4,374,379
DRR063126,186765,genus,Lambdavirus,6,0,5,374,377
DRR063126,10710,species,Escherichia virus Lambda,6,0,6,374,376
DRR063126,482822,,Enterobacteria phage DE3,6,6,7,374,374
DRR063126,196894,,unclassified Siphoviridae,1,1,5,377,377
DRR063126,10442,family,Baculoviridae,1,0,3,380,383
DRR063126,558016,genus,Alphabaculovirus,1,0,4,380,382
DRR063126,307456,species,Autographa californica multiple nucleopolyhedrovirus,1,1,5,380,380
DRR063126,35325,,dsRNA viruses,1,0,2,384,388
DRR063126,11006,family,Totiviridae,1,0,3,384,387
DRR063126,11007,genus,Totivirus,1,0,4,384,386
DRR063126,11008,species,Saccharomyces cerevisiae virus L-A,1,1,5,384,384
DRR063126,12429,,unclassified viruses,1,0,2,388,390
DRR063126,1529605,species,Cladosporium cladosporioides virus 1,1,1,3,388,388
DRR208398,10239,superkingdom,Viruses,20476,0,1,931,1041
DRR208398,2559587,,Riboviria,20239,0,2,931,987
DRR208398,2732396,kingdom,Orthornavirae,20146,0,3,931,975
DRR208398,2732408,phylum,Pisuviricota,18236,0,4,931,948
DRR208398,2732506,class,Pisoniviricetes,11074,0,5,931,939
DRR208398,464095,order,Picornavirales,11074,0,6,931,938
DRR208398,675072,family,Secoviridae,11074,0,7,931,937
DRR208398,2035395,,unclassified Secoviridae,8561,0,8,931,933
DRR208398,2026569,species,Yam necrosis-associated virus,8561,8561,9,931,931
DRR208398,215920,genus,Sadwavirus,2513,0,8,933,936
DRR208398,2733312,subgenus,Cholivirus,2513,0,9,933,935
DRR208398,2170181,species,Dioscorea mosaic associated virus,2513,2513,10,933,933
DRR208398,2732507,class,Stelpaviricetes,7162,0,5,939,947
DRR208398,2732550,order,Patatavirales,7162,0,6,939,946
DRR208398,39729,family,Potyviridae,7162,0,7,939,945
DRR208398,12195,genus,Potyvirus,7160,3,8,939,942
DRR208398,41460,species,Yam mosaic virus,7156,7156,9,939,939
DRR208398,186642,species,Ornithogalum virus 2,1,1,9,940,940
DRR208398,137757,genus,Ipomovirus,2,0,8,942,944
DRR208398,137758,species,Cassava brown streak virus,2,2,9,942,942
DRR208398,2732406,phylum,Kitrinoviricota,1908,0,4,948,959
DRR208398,2732461,class,Alsuviricetes,1908,0,5,948,958
DRR208398,675063,order,Tymovirales,1908,0,6,948,957
DRR208398,675068,family,Betaflexiviridae,1908,531,7,948,956
DRR208398,1003890,,unclassified Betaflexiviridae,1133,0,8,948,950
DRR208398,2577080,species,Yam virus Y,1133,1133,9,948,948
DRR208398,1914297,subfamily,Quinvirinae,244,0,8,950,955
DRR208398,2559942,,unclassified Quinvirinae,151,0,9,950,952
DRR208398,2559943,species,Dioscorea virus A,151,151,10,950,950
DRR208398,12163,genus,Carlavirus,93,0,9,952,954
DRR208398,797075,species,Nerine latent virus,93,93,10,952,952
DRR208398,2497569,phylum,Negarnaviricota,1,0,4,959,967
DRR208398,2497570,subphylum,Haploviricotina,1,0,5,959,966
DRR208398,2497573,class,Milneviricetes,1,0,6,959,965
DRR208398,2499881,order,Serpentovirales,1,0,7,959,964
DRR208398,568247,family,Aspiviridae,1,0,8,959,963
DRR208398,88129,genus,Ophiovirus,1,0,9,959,962
DRR208398,2170050,species,Tulip mild mottle mosaic ophiovirus,1,0,10,959,961
DRR208398,219702,,Tulip mild mottle mosaic virus,1,1,11,959,959
DRR208398,2732407,phylum,Lenarviricota,1,0,4,967,974
DRR208398,2732500,class,Miaviricetes,1,0,5,967,973
DRR208398,2732504,order,Ourlivirales,1,0,6,967,972
DRR208398,2560063,family,Botourmiaviridae,1,0,7,967,971
DRR208398,186783,genus,Ourmiavirus,1,0,8,967,970
DRR208398,1629669,,unclassified Ourmiavirus,1,0,9,967,969
DRR208398,2686561,species,Plasmopara viticola lesion associated ourmia-like virus 87,1,1,10,967,967
DRR208398,2732397,kingdom,Pararnavirae,93,0,3,975,986
DRR208398,2732409,phylum,Artverviricota,93,0,4,975,985
DRR208398,2732514,class,Revtraviricetes,93,0,5,975,984
DRR208398,2169561,order,Ortervirales,93,0,6,975,983
DRR208398,186534,family,Caulimoviridae,93,0,7,975,982
DRR208398,10652,genus,Badnavirus,93,25,8,975,981
DRR208398,325348,,unclassified Badnavirus,43,0,9,975,978
DRR208398,52996,species,Dioscorea bacilliform virus,43,39,10,975,977
DRR208398,1874738,,Dioscorea bacilliform RT virus,4,4,11,975,975
DRR208398,1619899,species,Dioscorea bacilliform AL virus,24,24,9,978,978
DRR208398,2169728,species,Dioscorea bacilliform TR virus,1,1,9,979,979
DRR208398,2731342,,Monodnaviria,205,0,2,987,1002
DRR208398,2732091,kingdom,Sangervirae,205,0,3,987,1001
DRR208398,2732412,phylum,Phixviricota,205,0,4,987,1000
DRR208398,2732413,class,Malgrandaviricetes,205,0,5,987,999
DRR208398,2732414,order,Petitvirales,205,0,6,987,998
DRR208398,10841,family,Microviridae,205,180,7,987,997
DRR208398,1910950,subfamily,Bullavirinae,25,0,8,987,996
DRR208398,1910954,genus,Sinsheimervirus,25,6,9,987,995
DRR208398,10847,species,Escherichia virus phiX174,12,12,10,987,987
DRR208398,1910975,,unclassified Sinsheimervirus,7,1,10,988,994
DRR208398,374840,species,Enterobacteria phage phiX174 sensu lato,5,2,11,988,992
DRR208398,1508658,,Enterobacteria phage MED1,1,1,12,988,988
DRR208398,338116,,Enterobacteria phage NC5,1,1,12,989,989
DRR208398,338124,,Enterobacteria phage WA4,1,1,12,990,990
DRR208398,2608295,species,Shigella phage SGF3,1,1,11,992,992
DRR208398,2732004,,Varidnaviria,11,0,2,1002,1018
DRR208398,2732005,kingdom,Bamfordvirae,11,0,3,1002,1017
DRR208398,2732008,phylum,Preplasmiviricota,10,0,4,1002,1008
DRR208398,2732529,class,Tectiliviricetes,10,0,5,1002,1007
DRR208398,2732559,order,Rowavirales,10,0,6,1002,1006
DRR208398,10508,family,Adenoviridae,10,0,7,1002,1005
DRR208398,10509,genus,Mastadenovirus,10,7,8,1002,1004
DRR208398,129951,species,Human mastadenovirus C,3,3,9,1002,1002
DRR208398,2732007,phylum,Nucleocytoviricota,1,0,4,1008,1016
DRR208398,2732523,class,Megaviricetes,1,0,5,1008,1015
DRR208398,2732554,order,Imitervirales,1,0,6,1008,1014
DRR208398,549779,family,Mimiviridae,1,0,7,1008,1013
DRR208398,985780,,unclassified Mimiviridae,1,0,8,1008,1012
DRR208398,1977630,subfamily,Klosneuvirinae,1,0,9,1008,1011
DRR208398,1977639,genus,Klosneuvirus,1,0,10,1008,1010
DRR208398,1977640,species,Klosneuvirus KNV1,1,1,11,1008,1008
DRR208398,2731341,,Duplodnaviria,8,0,2,1018,1034
DRR208398,2731360,,Heunggongvirae,8,0,3,1018,1033
DRR208398,2731361,phylum,Peploviricota,4,0,4,1018,1025
DRR208398,2731363,class,Herviviricetes,4,0,5,1018,1024
DRR208398,548681,order,Herpesvirales,4,0,6,1018,1023
DRR208398,10292,family,Herpesviridae,4,0,7,1018,1022
DRR208398,10374,subfamily,Gammaherpesvirinae,4,0,8,1018,1021
DRR208398,10375,genus,Lymphocryptovirus,4,0,9,1018,1020
DRR208398,10376,species,Human gammaherpesvirus 4,4,4,10,1018,1018
DRR208398,2731618,phylum,Uroviricota,4,0,4,1025,1032
DRR208398,2731619,class,Caudoviricetes,4,0,5,1025,1031
DRR208398,28883,order,Caudovirales,4,0,6,1025,1030
DRR208398,10662,family,Myoviridae,3,0,7,1025,1027
DRR208398,196896,,unclassified Myoviridae,3,3,8,1025,1025
DRR208398,10699,family,Siphoviridae,1,0,7,1027,1029
DRR208398,1982251,genus,Pahexavirus,1,1,8,1027,1027
DRR208398,185751,family,Pospiviroidae,7,0,2,1034,1037
DRR208398,185753,genus,Pospiviroid,7,0,3,1034,1036
DRR208398,12890,species,Citrus exocortis viroid,7,7,4,1034,1034
DRR208398,10442,family,Baculoviridae,6,0,2,1037,1040
DRR208398,558017,genus,Betabaculovirus,6,0,3,1037,1039
DRR208398,28289,species,Cydia pomonella granulovirus,6,6,4,1037,1037
DRR208399,10239,superkingdom,Viruses,17146,0,1,994,1082
DRR208399,2559587,,Riboviria,16909,0,2,994,1032
DRR208399,2732396,kingdom,Orthornavirae,16837,0,3,994,1020
DRR208399,2732408,phylum,Pisuviricota,14851,0,4,994,1008
DRR208399,2732506,class,Pisoniviricetes,9274,0,5,994,1002
DRR208399,464095,order,Picornavirales,9274,0,6,994,1001
DRR208399,675072,family,Secoviridae,9274,0,7,994,1000
DRR208399,2035395,,unclassified Secoviridae,7732,0,8,994,996
DRR208399,2026569,species,Yam necrosis-associated virus,7732,7732,9,994,994
DRR208399,215920,genus,Sadwavirus,1542,0,8,996,999
DRR208399,2733312,subgenus,Cholivirus,1542,0,9,996,998
DRR208399,2170181,species,Dioscorea mosaic associated virus,1542,1542,10,996,996
DRR208399,2732507,class,Stelpaviricetes,5577,0,5,1002,1007
DRR208399,2732550,order,Patatavirales,5577,0,6,1002,1006
DRR208399,39729,family,Potyviridae,5577,0,7,1002,1005
DRR208399,12195,genus,Potyvirus,5577,0,8,1002,1004
DRR208399,41460,species,Yam mosaic virus,5577,5577,9,1002,1002
DRR208399,2732406,phylum,Kitrinoviricota,1986,0,4,1008,1019
DRR208399,2732461,class,Alsuviricetes,1986,0,5,1008,1018
DRR208399,675063,order,Tymovirales,1986,0,6,1008,1017
DRR208399,675068,family,Betaflexiviridae,1986,601,7,1008,1016
DRR208399,1003890,,unclassified Betaflexiviridae,1094,0,8,1008,1010
DRR208399,2577080,species,Yam virus Y,1094,1094,9,1008,1008
DRR208399,1914297,subfamily,Quinvirinae,291,0,8,1010,1015
DRR208399,2559942,,unclassified Quinvirinae,201,0,9,1010,1012
DRR208399,2559943,species,Dioscorea virus A,201,201,10,1010,1010
DRR208399,12163,genus,Carlavirus,90,0,9,1012,1014
DRR208399,797075,species,Nerine latent virus,90,90,10,1012,1012
DRR208399,2732397,kingdom,Pararnavirae,72,0,3,1020,1031
DRR208399,2732409,phylum,Artverviricota,72,0,4,1020,1030
DRR208399,2732514,class,Revtraviricetes,72,0,5,1020,1029
DRR208399,2169561,order,Ortervirales,72,0,6,1020,1028
DRR208399,186534,family,Caulimoviridae,72,0,7,1020,1027
DRR208399,10652,genus,Badnavirus,72,24,8,1020,1026
DRR208399,325348,,unclassified Badnavirus,37,0,9,1020,1023
DRR208399,52996,species,Dioscorea bacilliform virus,37,33,10,1020,1022
DRR208399,1874738,,Dioscorea bacilliform RT virus,4,4,11,1020,1020
DRR208399,1619899,species,Dioscorea bacilliform AL virus,9,9,9,1023,1023
DRR208399,2169728,species,Dioscorea bacilliform TR virus,2,2,9,1024,1024
DRR208399,2731342,,Monodnaviria,178,0,2,1032,1044
DRR208399,2732091,kingdom,Sangervirae,178,0,3,1032,1043
DRR208399,2732412,phylum,Phixviricota,178,0,4,1032,1042
DRR208399,2732413,class,Malgrandaviricetes,178,0,5,1032,1041
DRR208399,2732414,order,Petitvirales,178,0,6,1032,1040
DRR208399,10841,family,Microviridae,178,161,7,1032,1039
DRR208399,1910950,subfamily,Bullavirinae,17,0,8,1032,1038
DRR208399,1910954,genus,Sinsheimervirus,17,2,9,1032,1037
DRR208399,10847,species,Escherichia virus phiX174,11,11,10,1032,1032
DRR208399,1910975,,unclassified Sinsheimervirus,4,2,10,1033,1036
DRR208399,374840,species,Enterobacteria phage phiX174 sensu lato,2,1,11,1033,1035
DRR208399,338111,,Enterobacteria phage ID1,1,1,12,1033,1033
DRR208399,2732004,,Varidnaviria,32,0,2,1044,1060
DRR208399,2732005,kingdom,Bamfordvirae,32,0,3,1044,1059
DRR208399,2732008,phylum,Preplasmiviricota,31,0,4,1044,1050
DRR208399,2732529,class,Tectiliviricetes,31,0,5,1044,1049
DRR208399,2732559,order,Rowavirales,31,0,6,1044,1048
DRR208399,10508,family,Adenoviridae,31,0,7,1044,1047
DRR208399,10509,genus,Mastadenovirus,31,25,8,1044,1046
DRR208399,129951,species,Human mastadenovirus C,6,6,9,1044,1044
DRR208399,2732007,phylum,Nucleocytoviricota,1,0,4,1050,1058
DRR208399,2732523,class,Megaviricetes,1,0,5,1050,1057
DRR208399,2732554,order,Imitervirales,1,0,6,1050,1056
DRR208399,549779,family,Mimiviridae,1,0,7,1050,1055
DRR208399,315393,genus,Mimivirus,1,0,8,1050,1054
DRR208399,2501774,,unclassified Mimivirus,1,0,9,1050,1053
DRR208399,1094892,species,Megavirus chiliensis,1,0,10,1050,1052
DRR208399,1128140,,Megavirus courdo11,1,1,11,1050,1050
DRR208399,2731341,,Duplodnaviria,19,0,2,1060,1074
DRR208399,2731360,,Heunggongvirae,19,0,3,1060,1073
DRR208399,2731361,phylum,Peploviricota,17,0,4,1060,1067
DRR208399,2731363,class,Herviviricetes,17,0,5,1060,1066
DRR208399,548681,order,Herpesvirales,17,0,6,1060,1065
DRR208399,10292,family,Herpesviridae,17,0,7,1060,1064
DRR208399,10374,subfamily,Gammaherpesvirinae,17,0,8,1060,1063
DRR208399,10375,genus,Lymphocryptovirus,17,0,9,1060,1062
DRR208399,10376,species,Human gammaherpesvirus 4,17,17,10,1060,1060
DRR208399,2731618,phylum,Uroviricota,2,0,4,1067,1072
DRR208399,2731619,class,Caudoviricetes,2,0,5,1067,1071
DRR208399,28883,order,Caudovirales,2,0,6,1067,1070
DRR208399,10662,family,Myoviridae,2,0,7,1067,1069
DRR208399,196896,,unclassified Myoviridae,2,2,8,1067,1067
DRR208399,185751,family,Pospiviroidae,7,0,2,1074,1077
DRR208399,185753,genus,Pospiviroid,7,0,3,1074,1076
DRR208399,12890,species,Citrus exocortis viroid,7,7,4,1074,1074
DRR208399,12429,,unclassified viruses,1,0,2,1077,1081
DRR208399,2204151,,unclassified DNA viruses,1,0,3,1077,1080
DRR208399,51368,,unclassified dsDNA viruses,1,0,4,1077,1079
DRR208399,2487774,species,Sylvanvirus sp.,1,1,5,1077,1077
DRR208400,10239,superkingdom,Viruses,176588,0,1,493,580
DRR208400,2559587,,Riboviria,176334,0,2,493,541
DRR208400,2732396,kingdom,Orthornavirae,176316,5,3,493,531
DRR208400,2732408,phylum,Pisuviricota,120819,0,4,493,515
DRR208400,2732507,class,Stelpaviricetes,95408,0,5,493,506
DRR208400,2732550,order,Patatavirales,95408,0,6,493,505
DRR208400,39729,family,Potyviridae,95408,0,7,493,504
DRR208400,12195,genus,Potyvirus,95407,10,8,493,501
DRR208400,41460,species,Yam mosaic virus,95384,95384,9,493,493
DRR208400,167129,species,Moroccan watermelon mosaic virus,5,5,9,494,494
DRR208400,573615,species,Lupinus mosaic virus,3,3,9,495,495
DRR208400,46619,species,Sweet potato virus G,2,2,9,496,496
DRR208400,12196,species,Bean common mosaic virus,1,1,9,497,497
DRR208400,186642,species,Ornithogalum virus 2,1,1,9,498,498
DRR208400,33763,species,Peanut mottle virus,1,1,9,499,499
DRR208400,137757,genus,Ipomovirus,1,0,8,501,503
DRR208400,137758,species,Cassava brown streak virus,1,1,9,501,501
DRR208400,2732506,class,Pisoniviricetes,25411,0,5,506,514
DRR208400,464095,order,Picornavirales,25411,0,6,506,513
DRR208400,675072,family,Secoviridae,25411,0,7,506,512
DRR208400,2035395,,unclassified Secoviridae,21683,0,8,506,508
DRR208400,2026569,species,Yam necrosis-associated virus,21683,21683,9,506,506
DRR208400,215920,genus,Sadwavirus,3728,0,8,508,511
DRR208400,2733312,subgenus,Cholivirus,3728,0,9,508,510
DRR208400,2170181,species,Dioscorea mosaic associated virus,3728,3728,10,508,508
DRR208400,2732406,phylum,Kitrinoviricota,55492,0,4,515,530
DRR208400,2732461,class,Alsuviricetes,55492,0,5,515,529
DRR208400,675063,order,Tymovirales,55492,0,6,515,528
DRR208400,675068,family,Betaflexiviridae,55492,14345,7,515,527
DRR208400,1003890,,unclassified Betaflexiviridae,38575,0,8,515,517
DRR208400,2577080,species,Yam virus Y,38575,38575,9,515,515
DRR208400,1914297,subfamily,Quinvirinae,2572,0,8,517,526
DRR208400,2559942,,unclassified Quinvirinae,1337,0,9,517,520
DRR208400,2559943,species,Dioscorea virus A,1335,1335,10,517,517
DRR208400,2716617,species,Papaya mild mottle associated virus,2,2,10,518,518
DRR208400,12163,genus,Carlavirus,1232,1,9,520,523
DRR208400,797075,species,Nerine latent virus,1227,1227,10,520,520
DRR208400,104263,species,Hop latent virus,4,4,10,521,521
DRR208400,129725,genus,Foveavirus,3,0,9,523,525
DRR208400,196400,species,Grapevine rupestris stem pitting-associated virus,3,3,10,523,523
DRR208400,2732397,kingdom,Pararnavirae,18,0,3,531,540
DRR208400,2732409,phylum,Artverviricota,18,0,4,531,539
DRR208400,2732514,class,Revtraviricetes,18,0,5,531,538
DRR208400,2169561,order,Ortervirales,18,0,6,531,537
DRR208400,186534,family,Caulimoviridae,18,0,7,531,536
DRR208400,10652,genus,Badnavirus,18,3,8,531,535
DRR208400,325348,,unclassified Badnavirus,9,0,9,531,533
DRR208400,52996,species,Dioscorea bacilliform virus,9,9,10,531,531
DRR208400,1619899,species,Dioscorea bacilliform AL virus,6,6,9,533,533
DRR208400,2731342,,Monodnaviria,178,0,2,541,559
DRR208400,2732091,kingdom,Sangervirae,178,0,3,541,558
DRR208400,2732412,phylum,Phixviricota,178,0,4,541,557
DRR208400,2732413,class,Malgrandaviricetes,178,0,5,541,556
DRR208400,2732414,order,Petitvirales,178,0,6,541,555
DRR208400,10841,family,Microviridae,178,153,7,541,554
DRR208400,1910950,subfamily,Bullavirinae,25,0,8,541,553
DRR208400,1910954,genus,Sinsheimervirus,25,3,9,541,552
DRR208400,10847,species,Escherichia virus phiX174,12,12,10,541,541
DRR208400,1910975,,unclassified Sinsheimervirus,10,1,10,542,551
DRR208400,374840,species,Enterobacteria phage phiX174 sensu lato,7,1,11,542,549
DRR208400,338123,,Enterobacteria phage NC56,1,1,12,542,542
DRR208400,338125,,Enterobacteria phage WA10,1,1,12,543,543
DRR208400,10844,,Enterobacteria phage S13,1,1,12,544,544
DRR208400,1508658,,Enterobacteria phage MED1,1,1,12,545,545
DRR208400,338116,,Enterobacteria phage NC5,1,1,12,546,546
DRR208400,338126,,Enterobacteria phage WA11,1,1,12,547,547
DRR208400,1965386,species,Salmonella phage alphaalpha,2,2,11,549,549
DRR208400,2731341,,Duplodnaviria,66,0,2,559,568
DRR208400,2731360,,Heunggongvirae,66,0,3,559,567
DRR208400,2731361,phylum,Peploviricota,66,0,4,559,566
DRR208400,2731363,class,Herviviricetes,66,0,5,559,565
DRR208400,548681,order,Herpesvirales,66,0,6,559,564
DRR208400,10292,family,Herpesviridae,66,0,7,559,563
DRR208400,10374,subfamily,Gammaherpesvirinae,66,0,8,559,562
DRR208400,10375,genus,Lymphocryptovirus,66,0,9,559,561
DRR208400,10376,species,Human gammaherpesvirus 4,66,66,10,559,559
DRR208400,2732004,,Varidnaviria,9,0,2,568,576
DRR208400,2732005,kingdom,Bamfordvirae,9,0,3,568,575
DRR208400,2732008,phylum,Preplasmiviricota,9,0,4,568,574
DRR208400,2732529,class,Tectiliviricetes,9,0,5,568,573
DRR208400,2732559,order,Rowavirales,9,0,6,568,572
DRR208400,10508,family,Adenoviridae,9,0,7,568,571
DRR208400,10509,genus,Mastadenovirus,9,8,8,568,570
DRR208400,129951,species,Human mastadenovirus C,1,1,9,568,568
DRR208400,185751,family,Pospiviroidae,1,0,2,576,579
DRR208400,185753,genus,Pospiviroid,1,0,3,576,578
DRR208400,12890,species,Citrus exocortis viroid,1,1,4,576,576
DRR208401,10239,superkingdom,Viruses,26167,0,1,956,1052
DRR208401,2559587,,Riboviria,25953,0,2,956,1008
DRR208401,2732396,kingdom,Orthornavirae,25885,0,3,956,993
DRR208401,2732408,phylum,Pisuviricota,24902,0,4,956,972
DRR208401,2732507,class,Stelpaviricetes,18417,0,5,956,963
DRR208401,2732550,order,Patatavirales,18417,0,6,956,962
DRR208401,39729,family,Potyviridae,18417,0,7,956,961
DRR208401,12195,genus,Potyvirus,18417,1,8,956,960
DRR208401,41460,species,Yam mosaic virus,18414,18414,9,956,956
DRR208401,12211,species,Plum pox virus,1,1,9,957,957
DRR208401,573615,species,Lupinus mosaic virus,1,1,9,958,958
DRR208401,2732506,class,Pisoniviricetes,6485,0,5,963,971
DRR208401,464095,order,Picornavirales,6485,0,6,963,970
DRR208401,675072,family,Secoviridae,6485,0,7,963,969
DRR208401,2035395,,unclassified Secoviridae,5316,0,8,963,965
DRR208401,2026569,species,Yam necrosis-associated virus,5316,5316,9,963,963
DRR208401,215920,genus,Sadwavirus,1169,0,8,965,968
DRR208401,2733312,subgenus,Cholivirus,1169,0,9,965,967
DRR208401,2170181,species,Dioscorea mosaic associated virus,1169,1169,10,965,965
DRR208401,2732406,phylum,Kitrinoviricota,982,0,4,972,984
DRR208401,2732461,class,Alsuviricetes,982,0,5,972,983
DRR208401,675063,order,Tymovirales,982,0,6,972,982
DRR208401,675068,family,Betaflexiviridae,981,132,7,972,978
DRR208401,1003890,,unclassified Betaflexiviridae,575,0,8,972,974
DRR208401,2577080,species,Yam virus Y,575,575,9,972,972
DRR208401,1914297,subfamily,Quinvirinae,274,0,8,974,977
DRR208401,2559942,,unclassified Quinvirinae,274,0,9,974,976
DRR208401,2559943,species,Dioscorea virus A,274,274,10,974,974
DRR208401,675064,family,Alphaflexiviridae,1,0,7,978,981
DRR208401,12176,genus,Potexvirus,1,0,8,978,980
DRR208401,112228,species,Hydrangea ringspot virus,1,1,9,978,978
DRR208401,2497569,phylum,Negarnaviricota,1,0,4,984,992
DRR208401,2497570,subphylum,Haploviricotina,1,0,5,984,991
DRR208401,2497573,class,Milneviricetes,1,0,6,984,990
DRR208401,2499881,order,Serpentovirales,1,0,7,984,989
DRR208401,568247,family,Aspiviridae,1,0,8,984,988
DRR208401,88129,genus,Ophiovirus,1,0,9,984,987
DRR208401,2170050,species,Tulip mild mottle mosaic ophiovirus,1,0,10,984,986
DRR208401,219702,,Tulip mild mottle mosaic virus,1,1,11,984,984
DRR208401,2732397,kingdom,Pararnavirae,68,0,3,993,1007
DRR208401,2732409,phylum,Artverviricota,68,0,4,993,1006
DRR208401,2732514,class,Revtraviricetes,68,0,5,993,1005
DRR208401,2169561,order,Ortervirales,68,0,6,993,1004
DRR208401,186534,family,Caulimoviridae,67,0,7,993,999
DRR208401,10652,genus,Badnavirus,67,5,8,993,998
DRR208401,325348,,unclassified Badnavirus,62,0,9,993,997
DRR208401,52996,species,Dioscorea bacilliform virus,62,6,10,993,996
DRR208401,1874738,,Dioscorea bacilliform RT virus,48,48,11,993,993
DRR208401,617127,,Dioscorea bacilliform virus C,8,8,11,994,994
DRR208401,11632,family,Retroviridae,1,0,7,999,1003
DRR208401,327045,subfamily,Orthoretrovirinae,1,0,8,999,1002
DRR208401,11646,genus,Lentivirus,1,0,9,999,1001
DRR208401,12804,species,Puma lentivirus,1,1,10,999,999
DRR208401,2731342,,Monodnaviria,172,0,2,1008,1020
DRR208401,2732091,kingdom,Sangervirae,172,0,3,1008,1019
DRR208401,2732412,phylum,Phixviricota,172,0,4,1008,1018
DRR208401,2732413,class,Malgrandaviricetes,172,0,5,1008,1017
DRR208401,2732414,order,Petitvirales,172,0,6,1008,1016
DRR208401,10841,family,Microviridae,172,152,7,1008,1015
DRR208401,1910950,subfamily,Bullavirinae,20,1,8,1008,1014
DRR208401,1910954,genus,Sinsheimervirus,19,2,9,1008,1013
DRR208401,10847,species,Escherichia virus phiX174,13,13,10,1008,1008
DRR208401,1910975,,unclassified Sinsheimervirus,4,2,10,1009,1012
DRR208401,374840,species,Enterobacteria phage phiX174 sensu lato,2,1,11,1009,1011
DRR208401,338111,,Enterobacteria phage ID1,1,1,12,1009,1009
DRR208401,2732004,,Varidnaviria,25,0,2,1020,1028
DRR208401,2732005,kingdom,Bamfordvirae,25,0,3,1020,1027
DRR208401,2732008,phylum,Preplasmiviricota,25,0,4,1020,1026
DRR208401,2732529,class,Tectiliviricetes,25,0,5,1020,1025
DRR208401,2732559,order,Rowavirales,25,0,6,1020,1024
DRR208401,10508,family,Adenoviridae,25,0,7,1020,1023
DRR208401,10509,genus,Mastadenovirus,25,14,8,1020,1022
DRR208401,129951,species,Human mastadenovirus C,11,11,9,1020,1020
DRR208401,2731341,,Duplodnaviria,13,0,2,1028,1046
DRR208401,2731360,,Heunggongvirae,13,0,3,1028,1045
DRR208401,2731361,phylum,Peploviricota,11,0,4,1028,1035
DRR208401,2731363,class,Herviviricetes,11,0,5,1028,1034
DRR208401,548681,order,Herpesvirales,11,0,6,1028,1033
DRR208401,10292,family,Herpesviridae,11,0,7,1028,1032
DRR208401,10374,subfamily,Gammaherpesvirinae,11,0,8,1028,1031
DRR208401,10375,genus,Lymphocryptovirus,11,0,9,1028,1030
DRR208401,10376,species,Human gammaherpesvirus 4,11,11,10,1028,1028
DRR208401,2731618,phylum,Uroviricota,2,0,4,1035,1044
DRR208401,2731619,class,Caudoviricetes,2,0,5,1035,1043
DRR208401,28883,order,Caudovirales,2,0,6,1035,1042
DRR208401,10662,family,Myoviridae,1,0,7,1035,1037
DRR208401,196896,,unclassified Myoviridae,1,1,8,1035,1035
DRR208401,10699,family,Siphoviridae,1,0,7,1037,1041
DRR208401,1982251,genus,Pahexavirus,1,0,8,1037,1040
DRR208401,2079398,,unclassified Pahexavirus,1,0,9,1037,1039
DRR208401,2686216,species,Cutibacterium phage P104B,1,1,10,1037,1037
DRR208401,185751,family,Pospiviroidae,3,0,2,1046,1049
DRR208401,185753,genus,Pospiviroid,3,0,3,1046,1048
DRR208401,12890,species,Citrus exocortis viroid,3,3,4,1046,1046
DRR208401,12429,,unclassified viruses,1,0,2,1049,1051
DRR208401,1678078,species,Mollivirus sibericum,1,1,3,1049,1049
DRR208402,10239,superkingdom,Viruses,21816,0,1,740,825
DRR208402,2559587,,Riboviria,21658,0,2,740,778
DRR208402,2732396,kingdom,Orthornavirae,21641,0,3,740,768
DRR208402,2732408,phylum,Pisuviricota,21199,0,4,740,756
DRR208402,2732507,class,Stelpaviricetes,14754,0,5,740,747
DRR208402,2732550,order,Patatavirales,14754,0,6,740,746
DRR208402,39729,family,Potyviridae,14754,0,7,740,745
DRR208402,12195,genus,Potyvirus,14754,3,8,740,744
DRR208402,41460,species,Yam mosaic virus,14749,14749,9,740,740
DRR208402,12230,species,Turnip mosaic virus,1,1,9,741,741
DRR208402,33763,species,Peanut mottle virus,1,1,9,742,742
DRR208402,2732506,class,Pisoniviricetes,6445,0,5,747,755
DRR208402,464095,order,Picornavirales,6445,0,6,747,754
DRR208402,675072,family,Secoviridae,6445,0,7,747,753
DRR208402,2035395,,unclassified Secoviridae,5179,0,8,747,749
DRR208402,2026569,species,Yam necrosis-associated virus,5179,5179,9,747,747
DRR208402,215920,genus,Sadwavirus,1266,0,8,749,752
DRR208402,2733312,subgenus,Cholivirus,1266,0,9,749,751
DRR208402,2170181,species,Dioscorea mosaic associated virus,1266,1266,10,749,749
DRR208402,2732406,phylum,Kitrinoviricota,442,0,4,756,767
DRR208402,2732461,class,Alsuviricetes,442,0,5,756,766
DRR208402,675063,order,Tymovirales,442,0,6,756,765
DRR208402,675068,family,Betaflexiviridae,442,60,7,756,764
DRR208402,1003890,,unclassified Betaflexiviridae,275,0,8,756,758
DRR208402,2577080,species,Yam virus Y,275,275,9,756,756
DRR208402,1914297,subfamily,Quinvirinae,107,0,8,758,763
DRR208402,2559942,,unclassified Quinvirinae,105,0,9,758,760
DRR208402,2559943,species,Dioscorea virus A,105,105,10,758,758
DRR208402,12163,genus,Carlavirus,2,0,9,760,762
DRR208402,797075,species,Nerine latent virus,2,2,10,760,760
DRR208402,2732397,kingdom,Pararnavirae,17,0,3,768,777
DRR208402,2732409,phylum,Artverviricota,17,0,4,768,776
DRR208402,2732514,class,Revtraviricetes,17,0,5,768,775
DRR208402,2169561,order,Ortervirales,17,0,6,768,774
DRR208402,186534,family,Caulimoviridae,17,0,7,768,773
DRR208402,10652,genus,Badnavirus,17,3,8,768,772
DRR208402,325348,,unclassified Badnavirus,14,0,9,768,771
DRR208402,52996,species,Dioscorea bacilliform virus,14,1,10,768,770
DRR208402,1874738,,Dioscorea bacilliform RT virus,13,13,11,768,768
DRR208402,2731342,,Monodnaviria,139,0,2,778,790
DRR208402,2732091,kingdom,Sangervirae,139,0,3,778,789
DRR208402,2732412,phylum,Phixviricota,139,0,4,778,788
DRR208402,2732413,class,Malgrandaviricetes,139,0,5,778,787
DRR208402,2732414,order,Petitvirales,139,0,6,778,786
DRR208402,10841,family,Microviridae,139,121,7,778,785
DRR208402,1910950,subfamily,Bullavirinae,18,0,8,778,784
DRR208402,1910954,genus,Sinsheimervirus,18,6,9,778,783
DRR208402,10847,species,Escherichia virus phiX174,9,9,10,778,778
DRR208402,1910975,,unclassified Sinsheimervirus,3,1,10,779,782
DRR208402,374840,species,Enterobacteria phage phiX174 sensu lato,2,1,11,779,781
DRR208402,338123,,Enterobacteria phage NC56,1,1,12,779,779
DRR208402,2732004,,Varidnaviria,11,0,2,790,806
DRR208402,2732005,kingdom,Bamfordvirae,11,0,3,790,805
DRR208402,2732008,phylum,Preplasmiviricota,10,0,4,790,796
DRR208402,2732529,class,Tectiliviricetes,10,0,5,790,795
DRR208402,2732559,order,Rowavirales,10,0,6,790,794
DRR208402,10508,family,Adenoviridae,10,0,7,790,793
DRR208402,10509,genus,Mastadenovirus,10,6,8,790,792
DRR208402,129951,species,Human mastadenovirus C,4,4,9,790,790
DRR208402,2732007,phylum,Nucleocytoviricota,1,0,4,796,804
DRR208402,2732523,class,Megaviricetes,1,0,5,796,803
DRR208402,2732554,order,Imitervirales,1,0,6,796,802
DRR208402,549779,family,Mimiviridae,1,0,7,796,801
DRR208402,985780,,unclassified Mimiviridae,1,0,8,796,800
DRR208402,1977630,subfamily,Klosneuvirinae,1,0,9,796,799
DRR208402,1977639,genus,Klosneuvirus,1,0,10,796,798
DRR208402,1977640,species,Klosneuvirus KNV1,1,1,11,796,796
DRR208402,2731341,,Duplodnaviria,4,0,2,806,820
DRR208402,2731360,,Heunggongvirae,4,0,3,806,819
DRR208402,2731361,phylum,Peploviricota,3,0,4,806,813
DRR208402,2731363,class,Herviviricetes,3,0,5,806,812
DRR208402,548681,order,Herpesvirales,3,0,6,806,811
DRR208402,10292,family,Herpesviridae,3,0,7,806,810
DRR208402,10374,subfamily,Gammaherpesvirinae,3,0,8,806,809
DRR208402,10375,genus,Lymphocryptovirus,3,0,9,806,808
DRR208402,10376,species,Human gammaherpesvirus 4,3,3,10,806,806
DRR208402,2731618,phylum,Uroviricota,1,0,4,813,818
DRR208402,2731619,class,Caudoviricetes,1,0,5,813,817
DRR208402,28883,order,Caudovirales,1,0,6,813,816
DRR208402,10662,family,Myoviridae,1,0,7,813,815
DRR208402,196896,,unclassified Myoviridae,1,1,8,813,813
DRR208402,185751,family,Pospiviroidae,4,0,2,820,824
DRR208402,185753,genus,Pospiviroid,4,0,3,820,823
DRR208402,12890,species,Citrus exocortis viroid,4,3,4,820,822
DRR208402,596768,,Citrus exocortis Yucatan viroid,1,1,5,820,820
DRR208403,10239,superkingdom,Viruses,100142,0,1,556,648
DRR208403,2559587,,Riboviria,99937,0,2,556,602
DRR208403,2732396,kingdom,Orthornavirae,99907,0,3,556,591
DRR208403,2732408,phylum,Pisuviricota,75394,0,4,556,572
DRR208403,2732507,class,Stelpaviricetes,58610,0,5,556,563
DRR208403,2732550,order,Patatavirales,58610,0,6,556,562
DRR208403,39729,family,Potyviridae,58610,0,7,556,561
DRR208403,12195,genus,Potyvirus,58610,7,8,556,560
DRR208403,41460,species,Yam mosaic virus,58599,58599,9,556,556
DRR208403,12211,species,Plum pox virus,2,2,9,557,557
DRR208403,12230,species,Turnip mosaic virus,2,2,9,558,558
DRR208403,2732506,class,Pisoniviricetes,16784,0,5,563,571
DRR208403,464095,order,Picornavirales,16784,0,6,563,570
DRR208403,675072,family,Secoviridae,16784,0,7,563,569
DRR208403,2035395,,unclassified Secoviridae,14622,0,8,563,565
DRR208403,2026569,species,Yam necrosis-associated virus,14622,14622,9,563,563
DRR208403,215920,genus,Sadwavirus,2162,0,8,565,568
DRR208403,2733312,subgenus,Cholivirus,2162,0,9,565,567
DRR208403,2170181,species,Dioscorea mosaic associated virus,2162,2162,10,565,565
DRR208403,2732406,phylum,Kitrinoviricota,24512,0,4,572,583
DRR208403,2732461,class,Alsuviricetes,24512,0,5,572,582
DRR208403,675063,order,Tymovirales,24512,0,6,572,581
DRR208403,675068,family,Betaflexiviridae,24512,3264,7,572,580
DRR208403,1003890,,unclassified Betaflexiviridae,16190,0,8,572,574
DRR208403,2577080,species,Yam virus Y,16190,16190,9,572,572
DRR208403,1914297,subfamily,Quinvirinae,5058,0,8,574,579
DRR208403,2559942,,unclassified Quinvirinae,5056,0,9,574,576
DRR208403,2559943,species,Dioscorea virus A,5056,5056,10,574,574
DRR208403,129725,genus,Foveavirus,2,0,9,576,578
DRR208403,2016035,species,Grapevine virus T,2,2,10,576,576
DRR208403,2497569,phylum,Negarnaviricota,1,0,4,583,590
DRR208403,2497571,subphylum,Polyploviricotina,1,0,5,583,589
DRR208403,2497576,class,Ellioviricetes,1,0,6,583,588
DRR208403,1980410,order,Bunyavirales,1,0,7,583,587
DRR208403,1980419,family,Tospoviridae,1,0,8,583,586
DRR208403,2560196,genus,Orthotospovirus,1,0,9,583,585
DRR208403,1933298,species,Tomato spotted wilt tospovirus,1,1,10,583,583
DRR208403,2732397,kingdom,Pararnavirae,30,0,3,591,601
DRR208403,2732409,phylum,Artverviricota,30,0,4,591,600
DRR208403,2732514,class,Revtraviricetes,30,0,5,591,599
DRR208403,2169561,order,Ortervirales,30,0,6,591,598
DRR208403,186534,family,Caulimoviridae,30,0,7,591,597
DRR208403,10652,genus,Badnavirus,30,0,8,591,596
DRR208403,325348,,unclassified Badnavirus,30,0,9,591,595
DRR208403,52996,species,Dioscorea bacilliform virus,30,9,10,591,594
DRR208403,1874738,,Dioscorea bacilliform RT virus,19,19,11,591,591
DRR208403,617127,,Dioscorea bacilliform virus C,2,2,11,592,592
DRR208403,2731342,,Monodnaviria,178,0,2,602,618
DRR208403,2732091,kingdom,Sangervirae,178,0,3,602,617
DRR208403,2732412,phylum,Phixviricota,178,0,4,602,616
DRR208403,2732413,class,Malgrandaviricetes,178,0,5,602,615
DRR208403,2732414,order,Petitvirales,178,0,6,602,614
DRR208403,10841,family,Microviridae,178,154,7,602,613
DRR208403,1910950,subfamily,Bullavirinae,24,0,8,602,612
DRR208403,1910954,genus,Sinsheimervirus,23,6,9,602,610
DRR208403,10847,species,Escherichia virus phiX174,10,10,10,602,602
DRR208403,1910975,,unclassified Sinsheimervirus,7,2,10,603,609
DRR208403,374840,species,Enterobacteria phage phiX174 sensu lato,5,1,11,603,608
DRR208403,1508658,,Enterobacteria phage MED1,1,1,12,603,603
DRR208403,338111,,Enterobacteria phage ID1,1,1,12,604,604
DRR208403,338123,,Enterobacteria phage NC56,1,1,12,605,605
DRR208403,338124,,Enterobacteria phage WA4,1,1,12,606,606
DRR208403,1910951,genus,Alphatrevirus,1,1,9,610,610
DRR208403,2732004,,Varidnaviria,22,0,2,618,635
DRR208403,2732005,kingdom,Bamfordvirae,22,0,3,618,634
DRR208403,2732008,phylum,Preplasmiviricota,20,0,4,618,624
DRR208403,2732529,class,Tectiliviricetes,20,0,5,618,623
DRR208403,2732559,order,Rowavirales,20,0,6,618,622
DRR208403,10508,family,Adenoviridae,20,0,7,618,621
DRR208403,10509,genus,Mastadenovirus,20,17,8,618,620
DRR208403,129951,species,Human mastadenovirus C,3,3,9,618,618
DRR208403,2732007,phylum,Nucleocytoviricota,2,0,4,624,633
DRR208403,2732523,class,Megaviricetes,2,0,5,624,632
DRR208403,2732554,order,Imitervirales,2,0,6,624,631
DRR208403,549779,family,Mimiviridae,2,0,7,624,630
DRR208403,985780,,unclassified Mimiviridae,2,0,8,624,629
DRR208403,1977630,subfamily,Klosneuvirinae,1,0,9,624,627
DRR208403,1977639,genus,Klosneuvirus,1,0,10,624,626
DRR208403,1977640,species,Klosneuvirus KNV1,1,1,11,624,624
DRR208403,2487770,species,Hyperionvirus sp.,1,1,9,627,627
DRR208403,2731341,,Duplodnaviria,5,0,2,635,647
DRR208403,2731360,,Heunggongvirae,5,0,3,635,646
DRR208403,2731361,phylum,Peploviricota,5,0,4,635,645
DRR208403,2731363,class,Herviviricetes,5,0,5,635,644
DRR208403,548681,order,Herpesvirales,5,0,6,635,643
DRR208403,10292,family,Herpesviridae,5,0,7,635,642
DRR208403,10374,subfamily,Gammaherpesvirinae,4,0,8,635,638
DRR208403,10375,genus,Lymphocryptovirus,4,0,9,635,637
DRR208403,10376,species,Human gammaherpesvirus 4,4,4,10,635,635
DRR208403,10357,subfamily,Betaherpesvirinae,1,0,8,638,641
DRR208403,40272,genus,Roseolovirus,1,0,9,638,640
DRR208403,32604,species,Human betaherpesvirus 6B,1,1,10,638,638
ERR364396,10239,superkingdom,Viruses,19,0,1,997,1002
ERR364396,35237,,"dsDNA viruses, no RNA stage",19,0,2,997,1001
ERR364396,10508,family,Adenoviridae,19,0,3,997,1000
ERR364396,10509,genus,Mastadenovirus,19,0,4,997,999
ERR364396,129951,species,Human mastadenovirus C,19,19,5,997,997
SRR10313437,10239,superkingdom,Viruses,402990,0,1,689,817
SRR10313437,2559587,,Riboviria,402637,4440,2,689,750
SRR10313437,39729,family,Potyviridae,396963,3,3,689,700
SRR10313437,12195,genus,Potyvirus,396960,35715,4,689,699
SRR10313437,46619,species,Sweet potato virus G,176853,176853,5,689,689
SRR10313437,12844,species,Sweet potato feathery mottle virus,155518,155518,5,690,690
SRR10313437,930881,species,Sweet potato virus C,26158,26158,5,691,691
SRR10313437,332470,,unclassified Potyvirus,2702,1,5,692,696
SRR10313437,510517,species,Sweet potato virus B1,1749,1749,6,692,692
SRR10313437,511614,species,Sweet potato virus B2,950,950,6,693,693
SRR10313437,598671,species,Trillium crinkled leaf virus,2,2,6,694,694
SRR10313437,453050,species,Sweet potato virus 2,13,13,5,696,696
SRR10313437,12211,species,Plum pox virus,1,1,5,697,697
SRR10313437,2585030,,unclassified Riboviria,863,0,3,700,705
SRR10313437,439490,,unclassified ssRNA viruses,861,0,4,700,702
SRR10313437,35278,,unclassified ssRNA positive-strand viruses,861,861,5,700,700
SRR10313437,1922348,,unclassified RNA viruses ShiM-2016,2,0,4,702,704
SRR10313437,1923137,species,Hubei picorna-like virus 55,2,2,5,702,702
SRR10313437,2497569,phylum,Negarnaviricota,340,0,3,705,728
SRR10313437,2497570,subphylum,Haploviricotina,336,0,4,705,711
SRR10313437,2497574,class,Monjiviricetes,336,0,5,705,710
SRR10313437,11157,order,Mononegavirales,336,0,6,705,709
SRR10313437,11270,family,Rhabdoviridae,336,0,7,705,708
SRR10313437,35303,,unclassified Rhabdoviridae,336,0,8,705,707
SRR10313437,1279472,species,Rhabdovirus YHG-2013,336,336,9,705,705
SRR10313437,2497571,subphylum,Polyploviricotina,4,0,4,711,727
SRR10313437,2497576,class,Ellioviricetes,3,0,5,711,719
SRR10313437,1980410,order,Bunyavirales,3,0,6,711,718
SRR10313437,1980415,family,Nairoviridae,2,0,7,711,714
SRR10313437,1980517,genus,Orthonairovirus,2,0,8,711,713
SRR10313437,1980519,species,Crimean-Congo hemorrhagic fever orthonairovirus,2,2,9,711,711
SRR10313437,1980416,family,Peribunyaviridae,1,0,7,714,717
SRR10313437,11572,genus,Orthobunyavirus,1,0,8,714,716
SRR10313437,35319,species,Tete orthobunyavirus,1,1,9,714,714
SRR10313437,2497577,class,Insthoviricetes,1,0,5,719,726
SRR10313437,2499411,order,Articulavirales,1,0,6,719,725
SRR10313437,11308,family,Orthomyxoviridae,1,0,7,719,724
SRR10313437,197911,genus,Alphainfluenzavirus,1,0,8,719,723
SRR10313437,11320,species,Influenza A virus,1,0,9,719,722
SRR10313437,114727,,H1N1 subtype,1,0,10,719,721
SRR10313437,1756034,,Influenza A virus (A/Brazil/RS-3335/2009(H1N1)),1,1,11,719,719
SRR10313437,11012,family,Partitiviridae,14,0,3,728,731
SRR10313437,37960,,unclassified Partitiviridae,14,0,4,728,730
SRR10313437,748427,species,Pittosporum cryptic virus-1,14,14,5,728,728
SRR10313437,69973,family,Closteroviridae,11,0,3,731,734
SRR10313437,217160,genus,Ampelovirus,11,0,4,731,733
SRR10313437,47985,species,Grapevine leafroll-associated virus 1,11,11,5,731,731
SRR10313437,464095,order,Picornavirales,3,0,3,734,742
SRR10313437,675072,family,Secoviridae,2,0,4,734,738
SRR10313437,675075,subfamily,Comovirinae,2,0,5,734,737
SRR10313437,12269,genus,Fabavirus,2,0,6,734,736
SRR10313437,50817,species,Broad bean wilt virus 1,2,2,7,734,734
SRR10313437,12058,family,Picornaviridae,1,0,4,738,741
SRR10313437,118139,genus,Teschovirus,1,0,5,738,740
SRR10313437,118140,species,Teschovirus A,1,1,6,738,738
SRR10313437,675063,order,Tymovirales,2,0,3,742,746
SRR10313437,675064,family,Alphaflexiviridae,2,0,4,742,745
SRR10313437,140568,genus,Allexivirus,2,0,5,742,744
SRR10313437,12433,species,Garlic virus A,2,2,6,742,742
SRR10313437,11018,family,Togaviridae,1,0,3,746,749
SRR10313437,11019,genus,Alphavirus,1,0,4,746,748
SRR10313437,11034,species,Sindbis virus,1,1,5,746,746
SRR10313437,10508,family,Adenoviridae,192,0,2,750,753
SRR10313437,10509,genus,Mastadenovirus,192,0,3,750,752
SRR10313437,129951,species,Human mastadenovirus C,192,192,4,750,750
SRR10313437,2169561,order,Ortervirales,120,0,2,753,765
SRR10313437,186534,family,Caulimoviridae,119,0,3,753,759
SRR10313437,10652,genus,Badnavirus,119,23,4,753,758
SRR10313437,325348,,unclassified Badnavirus,96,9,5,753,757
SRR10313437,647294,species,Sweet potato badnavirus B,60,60,6,753,753
SRR10313437,1279470,species,Sweet potato badnavirus C,15,15,6,754,754
SRR10313437,646442,species,Sweet potato badnavirus A,12,12,6,755,755
SRR10313437,11632,family,Retroviridae,1,0,3,759,764
SRR10313437,327045,subfamily,Orthoretrovirinae,1,0,4,759,763
SRR10313437,153057,genus,Alpharetrovirus,1,0,5,759,762
SRR10313437,353825,,unclassified Alpharetrovirus,1,0,6,759,761
SRR10313437,11958,species,Avian carcinoma virus,1,1,7,759,759
SRR10313437,10811,family,Geminiviridae,14,0,2,765,768
SRR10313437,10812,genus,Mastrevirus,14,0,3,765,767
SRR10313437,603333,species,Sweet potato symptomless virus 1,14,14,4,765,765
SRR10313437,549779,family,Mimiviridae,12,0,2,768,778
SRR10313437,985780,,unclassified Mimiviridae,12,6,3,768,777
SRR10313437,985782,species,Moumouvirus,4,0,4,768,771
SRR10313437,2109587,,Moumouvirus australiensis,2,2,5,768,768
SRR10313437,1128131,,Moumouvirus Monve,2,2,5,769,769
SRR10313437,2094720,genus,Tupanvirus,1,0,4,771,773
SRR10313437,2126984,species,Tupanvirus deep ocean,1,1,5,771,771
SRR10313437,1977630,subfamily,Klosneuvirinae,1,0,4,773,776
SRR10313437,1977635,genus,Catovirus,1,0,5,773,775
SRR10313437,1977631,species,Catovirus CTV1,1,1,6,773,773
SRR10313437,548681,order,Herpesvirales,7,3,2,778,791
SRR10313437,10292,family,Herpesviridae,3,0,3,778,787
SRR10313437,10357,subfamily,Betaherpesvirinae,2,0,4,778,783
SRR10313437,10358,genus,Cytomegalovirus,2,0,5,778,782
SRR10313437,10359,species,Human betaherpesvirus 5,1,1,6,778,778
SRR10313437,50292,species,Cercopithecine betaherpesvirus 5,1,0,6,779,781
SRR10313437,36452,,Stealth virus 1,1,1,7,779,779
SRR10313437,10374,subfamily,Gammaherpesvirinae,1,0,4,783,786
SRR10313437,548687,genus,Macavirus,1,0,5,783,785
SRR10313437,10398,species,Ovine gammaherpesvirus 2,1,1,6,783,783
SRR10313437,548682,family,Alloherpesviridae,1,0,3,787,790
SRR10313437,692606,genus,Cyprinivirus,1,0,4,787,789
SRR10313437,180230,species,Cyprinid herpesvirus 3,1,1,5,787,787
SRR10313437,28883,order,Caudovirales,4,0,2,791,803
SRR10313437,10699,family,Siphoviridae,2,0,3,791,794
SRR10313437,1623304,genus,Moineauvirus,1,1,4,791,791
SRR10313437,1982251,genus,Pahexavirus,1,1,4,792,792
SRR10313437,10662,family,Myoviridae,1,0,3,794,798
SRR10313437,1198136,subfamily,Tevenvirinae,1,0,4,794,797
SRR10313437,1892568,,unclassified Tevenvirinae,1,0,5,794,796
SRR10313437,2269366,species,Acinetobacter phage vB_ApiM_fHyAci03,1,1,6,794,794
SRR10313437,2169529,family,Ackermannviridae,1,0,3,798,802
SRR10313437,2169530,subfamily,Aglimvirinae,1,0,4,798,801
SRR10313437,2169534,genus,Limestonevirus,1,0,5,798,800
SRR10313437,2175592,,unclassified Limestonevirus,1,1,6,798,798
SRR10313437,151340,family,Papillomaviridae,2,0,2,803,811
SRR10313437,2169595,subfamily,Firstpapillomavirinae,2,0,3,803,810
SRR10313437,333750,genus,Alphapapillomavirus,1,0,4,803,806
SRR10313437,337039,species,Alphapapillomavirus 2,1,0,5,803,805
SRR10313437,10614,,Human papillomavirus 3,1,1,6,803,803
SRR10313437,333922,genus,Betapapillomavirus,1,0,4,806,809
SRR10313437,334207,species,Betapapillomavirus 3,1,0,5,806,808
SRR10313437,696746,,Human papillomavirus type 115,1,1,6,806,806
SRR10313437,10501,family,Phycodnaviridae,1,0,2,811,813
SRR10313437,181083,genus,Chlorovirus,1,1,3,811,811
SRR10313437,10860,family,Inoviridae,1,0,2,813,816
SRR10313437,456491,,unclassified Inoviridae,1,0,3,813,815
SRR10313437,2219103,species,Inoviridae sp.,1,1,4,813,813
SRR11650045,10239,superkingdom,Viruses,740171,1,1,565,602
SRR11650045,2559587,,Riboviria,739940,0,2,565,583
SRR11650045,39729,family,Potyviridae,739937,0,3,565,571
SRR11650045,12195,genus,Potyvirus,739937,204,4,565,570
SRR11650045,79917,species,Japanese yam mosaic virus,739730,739730,5,565,565
SRR11650045,400396,species,Wild tomato mosaic virus,1,1,5,566,566
SRR11650045,12203,species,Maize dwarf mosaic virus,1,1,5,567,567
SRR11650045,1406816,species,Zucchini tigre mosaic virus,1,1,5,568,568
SRR11650045,185751,family,Pospiviroidae,1,0,3,571,574
SRR11650045,185753,genus,Pospiviroid,1,0,4,571,573
SRR11650045,12890,species,Citrus exocortis viroid,1,1,5,571,571
SRR11650045,39748,family,Hypoviridae,1,0,3,574,578
SRR11650045,39749,genus,Hypovirus,1,0,4,574,577
SRR11650045,358104,,unclassified Hypovirus,1,0,5,574,576
SRR11650045,2601605,species,Alternaria alternata hypovirus 1,1,1,6,574,574
SRR11650045,11018,family,Togaviridae,1,0,3,578,582
SRR11650045,11019,genus,Alphavirus,1,0,4,578,581
SRR11650045,332096,,unclassified Alphavirus,1,0,5,578,580
SRR11650045,2692080,species,Plasmopara viticola associated alpha-like virus 1,1,1,6,578,578
SRR11650045,10811,family,Geminiviridae,217,0,2,583,587
SRR11650045,10814,genus,Begomovirus,217,0,3,583,586
SRR11650045,291027,,unclassified Begomovirus,217,0,4,583,585
SRR11650045,1592931,species,Yam yellow spot mosaic virus,217,217,5,583,583
SRR11650045,2169561,order,Ortervirales,9,0,2,587,597
SRR11650045,186534,family,Caulimoviridae,5,0,3,587,591
SRR11650045,10652,genus,Badnavirus,5,0,4,587,590
SRR11650045,325348,,unclassified Badnavirus,5,0,5,587,589
SRR11650045,52996,species,Dioscorea bacilliform virus,5,5,6,587,587
SRR11650045,11632,family,Retroviridae,4,0,3,591,596
SRR11650045,327045,subfamily,Orthoretrovirinae,4,0,4,591,595
SRR11650045,153135,genus,Gammaretrovirus,4,0,5,591,594
SRR11650045,353769,,unclassified Gammaretrovirus,4,0,6,591,593
SRR11650045,11834,species,RD114 retrovirus,4,4,7,591,591
SRR11650045,151340,family,Papillomaviridae,2,2,2,597,597
SRR11650045,549779,family,Mimiviridae,2,0,2,598,601
SRR11650045,985780,,unclassified Mimiviridae,2,0,3,598,600
SRR11650045,2596887,species,Mimiviridae sp. ChoanoV1,2,2,4,598,598
SRR11650046,10239,superkingdom,Viruses,31227,0,1,636,668
SRR11650046,2559587,,Riboviria,30977,0,2,636,642
SRR11650046,39729,family,Potyviridae,30977,0,3,636,641
SRR11650046,12195,genus,Potyvirus,30977,991,4,636,640
SRR11650046,79917,species,Japanese yam mosaic virus,29977,29977,5,636,636
SRR11650046,12224,species,Sugarcane mosaic virus,8,8,5,637,637
SRR11650046,1406816,species,Zucchini tigre mosaic virus,1,1,5,638,638
SRR11650046,10811,family,Geminiviridae,209,0,2,642,646
SRR11650046,10814,genus,Begomovirus,209,0,3,642,645
SRR11650046,291027,,unclassified Begomovirus,209,0,4,642,644
SRR11650046,1592931,species,Yam yellow spot mosaic virus,209,209,5,642,642
SRR11650046,2169561,order,Ortervirales,35,0,2,646,656
SRR11650046,11632,family,Retroviridae,22,0,3,646,651
SRR11650046,327045,subfamily,Orthoretrovirinae,22,0,4,646,650
SRR11650046,153135,genus,Gammaretrovirus,22,0,5,646,649
SRR11650046,353769,,unclassified Gammaretrovirus,22,0,6,646,648
SRR11650046,11834,species,RD114 retrovirus,22,22,7,646,646
SRR11650046,186534,family,Caulimoviridae,13,0,3,651,655
SRR11650046,10652,genus,Badnavirus,13,0,4,651,654
SRR11650046,325348,,unclassified Badnavirus,13,0,5,651,653
SRR11650046,52996,species,Dioscorea bacilliform virus,13,13,6,651,651
SRR11650046,548681,order,Herpesvirales,3,0,2,656,661
SRR11650046,10292,family,Herpesviridae,3,0,3,656,660
SRR11650046,10374,subfamily,Gammaherpesvirinae,3,0,4,656,659
SRR11650046,10375,genus,Lymphocryptovirus,3,0,5,656,658
SRR11650046,10376,species,Human gammaherpesvirus 4,3,3,6,656,656
SRR11650046,151340,family,Papillomaviridae,2,2,2,661,661
SRR11650046,28883,order,Caudovirales,1,0,2,662,667
SRR11650046,10662,family,Myoviridae,1,0,3,662,666
SRR11650046,1198136,subfamily,Tevenvirinae,1,0,4,662,665
SRR11650046,1892568,,unclassified Tevenvirinae,1,0,5,662,664
SRR11650046,2696340,species,Enterobacter phage vB_EclM_CIP9,1,1,6,662,662
SRR11650047,10239,superkingdom,Viruses,193964,2,1,642,680
SRR11650047,2559587,,Riboviria,192204,0,2,642,648
SRR11650047,39729,family,Potyviridae,192204,0,3,642,647
SRR11650047,12195,genus,Potyvirus,192204,115,4,642,646
SRR11650047,79917,species,Japanese yam mosaic virus,192085,192085,5,642,642
SRR11650047,400396,species,Wild tomato mosaic virus,2,2,5,643,643
SRR11650047,42004,species,Leek yellow stripe virus,2,2,5,644,644
SRR11650047,28883,order,Caudovirales,1518,0,2,648,653
SRR11650047,10662,family,Myoviridae,1518,0,3,648,652
SRR11650047,1198136,subfamily,Tevenvirinae,1518,0,4,648,651
SRR11650047,1892568,,unclassified Tevenvirinae,1518,0,5,648,650
SRR11650047,2601625,species,Klebsiella phage EI,1518,1518,6,648,648
SRR11650047,10811,family,Geminiviridae,223,0,2,653,657
SRR11650047,10814,genus,Begomovirus,223,0,3,653,656
SRR11650047,291027,,unclassified Begomovirus,223,0,4,653,655
SRR11650047,1592931,species,Yam yellow spot mosaic virus,223,223,5,653,653
SRR11650047,2169561,order,Ortervirales,14,0,2,657,667
SRR11650047,11632,family,Retroviridae,12,0,3,657,662
SRR11650047,327045,subfamily,Orthoretrovirinae,12,0,4,657,661
SRR11650047,153135,genus,Gammaretrovirus,12,0,5,657,660
SRR11650047,353769,,unclassified Gammaretrovirus,12,0,6,657,659
SRR11650047,11834,species,RD114 retrovirus,12,12,7,657,657
SRR11650047,186534,family,Caulimoviridae,2,0,3,662,666
SRR11650047,10652,genus,Badnavirus,2,0,4,662,665
SRR11650047,325348,,unclassified Badnavirus,2,0,5,662,664
SRR11650047,52996,species,Dioscorea bacilliform virus,2,2,6,662,662
SRR11650047,548681,order,Herpesvirales,2,0,2,667,675
SRR11650047,10292,family,Herpesviridae,2,0,3,667,674
SRR11650047,10293,subfamily,Alphaherpesvirinae,1,0,4,667,670
SRR11650047,10294,genus,Simplexvirus,1,0,5,667,669
SRR11650047,10298,species,Human alphaherpesvirus 1,1,1,6,667,667
SRR11650047,10374,subfamily,Gammaherpesvirinae,1,0,4,670,673
SRR11650047,10375,genus,Lymphocryptovirus,1,0,5,670,672
SRR11650047,10376,species,Human gammaherpesvirus 4,1,1,6,670,670
SRR11650047,12429,,unclassified viruses,1,0,2,675,679
SRR11650047,12333,,unclassified bacterial viruses,1,0,3,675,678
SRR11650047,156614,,environmental samples,1,0,4,675,677
SRR11650047,215796,species,uncultured cyanophage,1,1,5,675,675
SRR11650048,10239,superkingdom,Viruses,119732,0,1,767,813
SRR11650048,2559587,,Riboviria,119567,0,2,767,777
SRR11650048,39729,family,Potyviridae,119565,0,3,767,771
SRR11650048,12195,genus,Potyvirus,119565,32,4,767,770
SRR11650048,79917,species,Japanese yam mosaic virus,119532,119532,5,767,767
SRR11650048,12224,species,Sugarcane mosaic virus,1,1,5,768,768
SRR11650048,11050,family,Flaviviridae,1,0,3,771,773
SRR11650048,11095,genus,Pestivirus,1,1,4,771,771
SRR11650048,185751,family,Pospiviroidae,1,0,3,773,776
SRR11650048,185753,genus,Pospiviroid,1,0,4,773,775
SRR11650048,12890,species,Citrus exocortis viroid,1,1,5,773,773
SRR11650048,10811,family,Geminiviridae,148,0,2,777,781
SRR11650048,10814,genus,Begomovirus,148,0,3,777,780
SRR11650048,291027,,unclassified Begomovirus,148,0,4,777,779
SRR11650048,1592931,species,Yam yellow spot mosaic virus,148,148,5,777,777
SRR11650048,2169561,order,Ortervirales,7,0,2,781,787
SRR11650048,186534,family,Caulimoviridae,5,0,3,781,785
SRR11650048,10652,genus,Badnavirus,5,0,4,781,784
SRR11650048,325348,,unclassified Badnavirus,5,0,5,781,783
SRR11650048,52996,species,Dioscorea bacilliform virus,5,5,6,781,781
SRR11650048,11632,family,Retroviridae,2,2,3,785,785
SRR11650048,548681,order,Herpesvirales,4,0,2,787,792
SRR11650048,10292,family,Herpesviridae,4,0,3,787,791
SRR11650048,10374,subfamily,Gammaherpesvirinae,4,0,4,787,790
SRR11650048,10375,genus,Lymphocryptovirus,4,0,5,787,789
SRR11650048,10376,species,Human gammaherpesvirus 4,4,4,6,787,787
SRR11650048,28883,order,Caudovirales,1,0,2,792,796
SRR11650048,10662,family,Myoviridae,1,0,3,792,795
SRR11650048,1198136,subfamily,Tevenvirinae,1,0,4,792,794
SRR11650048,10663,genus,Tequatrovirus,1,1,5,792,792
SRR11650048,151340,family,Papillomaviridae,1,1,2,796,796
SRR11650048,10240,family,Poxviridae,1,0,2,797,801
SRR11650048,10241,subfamily,Chordopoxvirinae,1,0,3,797,800
SRR11650048,10242,genus,Orthopoxvirus,1,0,4,797,799
SRR11650048,160796,species,Skunkpox virus,1,1,5,797,797
SRR11650048,12429,,unclassified viruses,1,0,2,801,806
SRR11650048,2204151,,unclassified DNA viruses,1,0,3,801,805
SRR11650048,51368,,unclassified dsDNA viruses,1,0,4,801,804
SRR11650048,2023203,family,Pithoviridae,1,0,5,801,803
SRR11650048,2506587,species,Pithovirus LCPAC102,1,1,6,801,801
SRR11650048,549779,family,Mimiviridae,1,0,2,806,809
SRR11650048,985780,,unclassified Mimiviridae,1,0,3,806,808
SRR11650048,2596887,species,Mimiviridae sp. ChoanoV1,1,1,4,806,806
SRR11650048,10442,family,Baculoviridae,1,0,2,809,812
SRR11650048,558016,genus,Alphabaculovirus,1,0,3,809,811
SRR11650048,307456,species,Autographa californica multiple nucleopolyhedrovirus,1,1,4,809,809
SRR11650049,10239,superkingdom,Viruses,24801,0,1,648,698
SRR11650049,2559587,,Riboviria,24581,0,2,648,668
SRR11650049,39729,family,Potyviridae,24549,0,3,648,652
SRR11650049,12195,genus,Potyvirus,24549,62,4,648,651
SRR11650049,79917,species,Japanese yam mosaic virus,24400,24400,5,648,648
SRR11650049,12224,species,Sugarcane mosaic virus,87,87,5,649,649
SRR11650049,2560063,family,Botourmiaviridae,21,0,3,652,656
SRR11650049,186783,genus,Ourmiavirus,21,0,4,652,655
SRR11650049,1629669,,unclassified Ourmiavirus,21,6,5,652,654
SRR11650049,2686565,species,Plasmopara viticola associated ourmia-like virus 90,15,15,6,652,652
SRR11650049,2497569,phylum,Negarnaviricota,10,0,3,656,663
SRR11650049,2497570,subphylum,Haploviricotina,10,0,4,656,662
SRR11650049,2497574,class,Monjiviricetes,10,0,5,656,661
SRR11650049,11157,order,Mononegavirales,10,0,6,656,660
SRR11650049,11158,family,Paramyxoviridae,10,7,7,656,659
SRR11650049,39744,genus,Rubulavirus,3,1,8,656,658
SRR11650049,1979162,species,Mammalian rubulavirus 5,2,2,9,656,656
SRR11650049,11018,family,Togaviridae,1,0,3,663,667
SRR11650049,11019,genus,Alphavirus,1,0,4,663,666
SRR11650049,332096,,unclassified Alphavirus,1,0,5,663,665
SRR11650049,2692080,species,Plasmopara viticola associated alpha-like virus 1,1,1,6,663,663
SRR11650049,10811,family,Geminiviridae,157,0,2,668,672
SRR11650049,10814,genus,Begomovirus,157,0,3,668,671
SRR11650049,291027,,unclassified Begomovirus,157,0,4,668,670
SRR11650049,1592931,species,Yam yellow spot mosaic virus,157,157,5,668,668
SRR11650049,10442,family,Baculoviridae,27,0,2,672,676
SRR11650049,558016,genus,Alphabaculovirus,27,3,3,672,675
SRR11650049,271108,species,Bombyx mori nucleopolyhedrovirus,24,22,4,672,674
SRR11650049,640862,,Bombyx mandarina nucleopolyhedrovirus,2,2,5,672,672
SRR11650049,2169561,order,Ortervirales,27,0,2,676,688
SRR11650049,11632,family,Retroviridae,25,0,3,676,683
SRR11650049,327045,subfamily,Orthoretrovirinae,24,0,4,676,679
SRR11650049,140052,genus,Betaretrovirus,24,2,5,676,678
SRR11650049,11856,species,Squirrel monkey retrovirus,22,22,6,676,676
SRR11650049,35276,,unclassified Retroviridae,1,0,4,679,682
SRR11650049,206037,,Human endogenous retroviruses,1,0,5,679,681
SRR11650049,11827,species,Human endogenous retrovirus,1,1,6,679,679
SRR11650049,186534,family,Caulimoviridae,2,0,3,683,687
SRR11650049,10652,genus,Badnavirus,2,0,4,683,686
SRR11650049,325348,,unclassified Badnavirus,2,0,5,683,685
SRR11650049,52996,species,Dioscorea bacilliform virus,2,2,6,683,683
SRR11650049,548681,order,Herpesvirales,6,0,2,688,696
SRR11650049,10292,family,Herpesviridae,6,0,3,688,695
SRR11650049,10374,subfamily,Gammaherpesvirinae,5,0,4,688,691
SRR11650049,10375,genus,Lymphocryptovirus,5,0,5,688,690
SRR11650049,10376,species,Human gammaherpesvirus 4,5,5,6,688,688
SRR11650049,10293,subfamily,Alphaherpesvirinae,1,0,4,691,694
SRR11650049,10294,genus,Simplexvirus,1,0,5,691,693
SRR11650049,10298,species,Human alphaherpesvirus 1,1,1,6,691,691
SRR11650049,151340,family,Papillomaviridae,3,3,2,696,696
SRR11650050,10239,superkingdom,Viruses,475922,0,1,578,626
SRR11650050,2559587,,Riboviria,475591,0,2,578,600
SRR11650050,39729,family,Potyviridae,475583,0,3,578,582
SRR11650050,12195,genus,Potyvirus,475583,155,4,578,581
SRR11650050,79917,species,Japanese yam mosaic virus,475342,475342,5,578,578
SRR11650050,12224,species,Sugarcane mosaic virus,86,86,5,579,579
SRR11650050,2497569,phylum,Negarnaviricota,4,0,3,582,589
SRR11650050,2497570,subphylum,Haploviricotina,4,0,4,582,588
SRR11650050,2497574,class,Monjiviricetes,4,0,5,582,587
SRR11650050,11157,order,Mononegavirales,4,0,6,582,586
SRR11650050,11158,family,Paramyxoviridae,4,1,7,582,585
SRR11650050,39744,genus,Rubulavirus,3,1,8,582,584
SRR11650050,1979162,species,Mammalian rubulavirus 5,2,2,9,582,582
SRR11650050,11018,family,Togaviridae,2,0,3,589,593
SRR11650050,11019,genus,Alphavirus,2,0,4,589,592
SRR11650050,332096,,unclassified Alphavirus,2,0,5,589,591
SRR11650050,2692080,species,Plasmopara viticola associated alpha-like virus 1,2,2,6,589,589
SRR11650050,11050,family,Flaviviridae,1,0,3,593,595
SRR11650050,11095,genus,Pestivirus,1,1,4,593,593
SRR11650050,186766,family,Narnaviridae,1,0,3,595,599
SRR11650050,186767,genus,Narnavirus,1,0,4,595,598
SRR11650050,908833,,unclassified Narnavirus,1,0,5,595,597
SRR11650050,2719804,species,Bremia lactucae associated narnavirus 3,1,1,6,595,595
SRR11650050,10811,family,Geminiviridae,277,0,2,600,604
SRR11650050,10814,genus,Begomovirus,277,0,3,600,603
SRR11650050,291027,,unclassified Begomovirus,277,0,4,600,602
SRR11650050,1592931,species,Yam yellow spot mosaic virus,277,277,5,600,600
SRR11650050,10442,family,Baculoviridae,27,0,2,604,610
SRR11650050,558016,genus,Alphabaculovirus,26,11,3,604,607
SRR11650050,271108,species,Bombyx mori nucleopolyhedrovirus,15,13,4,604,606
SRR11650050,640862,,Bombyx mandarina nucleopolyhedrovirus,2,2,5,604,604
SRR11650050,558017,genus,Betabaculovirus,1,0,3,607,609
SRR11650050,28289,species,Cydia pomonella granulovirus,1,1,4,607,607
SRR11650050,2169561,order,Ortervirales,24,0,2,610,620
SRR11650050,11632,family,Retroviridae,18,0,3,610,615
SRR11650050,327045,subfamily,Orthoretrovirinae,18,0,4,610,614
SRR11650050,140052,genus,Betaretrovirus,17,0,5,610,612
SRR11650050,11856,species,Squirrel monkey retrovirus,17,17,6,610,610
SRR11650050,153135,genus,Gammaretrovirus,1,1,5,612,612
SRR11650050,186534,family,Caulimoviridae,6,0,3,615,619
SRR11650050,10652,genus,Badnavirus,6,0,4,615,618
SRR11650050,325348,,unclassified Badnavirus,6,0,5,615,617
SRR11650050,52996,species,Dioscorea bacilliform virus,6,6,6,615,615
SRR11650050,548681,order,Herpesvirales,3,0,2,620,625
SRR11650050,10292,family,Herpesviridae,3,0,3,620,624
SRR11650050,10374,subfamily,Gammaherpesvirinae,3,0,4,620,623
SRR11650050,10375,genus,Lymphocryptovirus,3,0,5,620,622
SRR11650050,10376,species,Human gammaherpesvirus 4,3,3,6,620,620
SRR1218151,10239,superkingdom,Viruses,11775,0,1,760,775
SRR1218151,439488,,ssRNA viruses,11757,0,2,760,772
SRR1218151,35278,,"ssRNA positive-strand viruses, no DNA stage",11757,0,3,760,771
SRR1218151,675063,order,Tymovirales,11510,0,4,760,764
SRR1218151,675064,family,Alphaflexiviridae,11510,0,5,760,763
SRR1218151,12176,genus,Potexvirus,11510,0,6,760,762
SRR1218151,12178,species,Cymbidium mosaic virus,11510,11510,7,760,760
SRR1218151,39729,family,Potyviridae,243,0,4,764,767
SRR1218151,156207,genus,Tritimovirus,243,0,5,764,766
SRR1218151,31741,species,Wheat streak mosaic virus,243,243,6,764,764
SRR1218151,675071,family,Virgaviridae,4,0,4,767,770
SRR1218151,12234,genus,Tobamovirus,4,0,5,767,769
SRR1218151,12238,species,Odontoglossum ringspot virus,4,4,6,767,767
SRR1218151,35237,,"dsDNA viruses, no RNA stage",18,0,2,772,774
SRR1218151,549779,family,Mimiviridae,18,18,3,772,772
SRR13270795,10239,superkingdom,Viruses,3303519,2,1,0,104
SRR13270795,2559587,,Riboviria,3303283,2,2,0,67
SRR13270795,2732396,kingdom,Orthornavirae,3303030,0,3,0,43
SRR13270795,2732408,phylum,Pisuviricota,3302892,0,4,0,16
SRR13270795,2732506,class,Pisoniviricetes,3302892,0,5,0,15
SRR13270795,464095,order,Picornavirales,3302892,0,6,0,14
SRR13270795,675072,family,Secoviridae,3302890,0,7,0,8
SRR13270795,675075,subfamily,Comovirinae,3302890,0,8,0,7
SRR13270795,12269,genus,Fabavirus,3302890,27444,9,0,6
SRR13270795,76875,species,Broad bean wilt virus 2,3275444,3275440,10,0,2
SRR13270795,73149,,Patchouli mild mosaic virus,4,4,11,0,0
SRR13270795,352925,,unclassified Fabavirus,2,0,10,2,5
SRR13270795,2738914,species,Capsicum annuum fabavirus,1,1,11,2,2
SRR13270795,95622,species,Broad bean wilt virus,1,1,11,3,3
SRR13270795,12058,family,Picornaviridae,2,0,7,8,13
SRR13270795,35296,,Picornaviridae incertae sedis,1,0,8,8,10
SRR13270795,1737565,species,Diaphorina citri picorna-like virus,1,1,9,8,8
SRR13270795,478825,,unclassified Picornaviridae,1,0,8,10,12
SRR13270795,2760895,species,Bactrocera dorsalis picorna-like virus,1,1,9,10,10
SRR13270795,2732406,phylum,Kitrinoviricota,77,0,4,16,23
SRR13270795,2732461,class,Alsuviricetes,77,0,5,16,22
SRR13270795,675063,order,Tymovirales,77,0,6,16,21
SRR13270795,675068,family,Betaflexiviridae,77,0,7,16,20
SRR13270795,1914297,subfamily,Quinvirinae,77,0,8,16,19
SRR13270795,12163,genus,Carlavirus,77,0,9,16,18
SRR13270795,1592930,species,Yam latent virus,77,77,10,16,16
SRR13270795,2497569,phylum,Negarnaviricota,43,0,4,23,30
SRR13270795,2497571,subphylum,Polyploviricotina,43,0,5,23,29
SRR13270795,2497577,class,Insthoviricetes,43,0,6,23,28
SRR13270795,2499411,order,Articulavirales,43,0,7,23,27
SRR13270795,11308,family,Orthomyxoviridae,43,0,8,23,26
SRR13270795,197911,genus,Alphainfluenzavirus,43,0,9,23,25
SRR13270795,11320,species,Influenza A virus,43,43,10,23,23
SRR13270795,2732405,phylum,Duplornaviricota,18,0,4,30,42
SRR13270795,2732458,class,Chrymotiviricetes,17,0,5,30,36
SRR13270795,2732540,order,Ghabrivirales,17,0,6,30,35
SRR13270795,11006,family,Totiviridae,17,0,7,30,34
SRR13270795,39756,,unclassified Totiviridae,17,0,8,30,33
SRR13270795,1678183,species,Diatom colony associated virus-Like RNA Segment 3,16,16,9,30,30
SRR13270795,663282,species,Drosophila melanogaster totivirus SW-2009a,1,1,9,31,31
SRR13270795,2732459,class,Resentoviricetes,1,0,5,36,41
SRR13270795,2732541,order,Reovirales,1,0,6,36,40
SRR13270795,10880,family,Reoviridae,1,0,7,36,39
SRR13270795,36446,,unclassified Reoviridae,1,0,8,36,38
SRR13270795,557218,species,Diaphorina citri reovirus,1,1,9,36,36
SRR13270795,2732397,kingdom,Pararnavirae,250,0,3,43,62
SRR13270795,2732409,phylum,Artverviricota,250,0,4,43,61
SRR13270795,2732514,class,Revtraviricetes,250,0,5,43,60
SRR13270795,2169561,order,Ortervirales,250,0,6,43,59
SRR13270795,11632,family,Retroviridae,249,11,7,43,54
SRR13270795,327045,subfamily,Orthoretrovirinae,238,0,8,43,53
SRR13270795,153135,genus,Gammaretrovirus,232,49,9,43,49
SRR13270795,11786,species,Murine leukemia virus,181,169,10,43,45
SRR13270795,11801,,Moloney murine leukemia virus,12,12,11,43,43
SRR13270795,11809,species,Moloney murine sarcoma virus,1,1,10,45,45
SRR13270795,353769,,unclassified Gammaretrovirus,1,0,10,46,48
SRR13270795,11834,species,RD114 retrovirus,1,1,11,46,46
SRR13270795,153057,genus,Alpharetrovirus,5,5,9,49,49
SRR13270795,11646,genus,Lentivirus,1,0,9,50,52
SRR13270795,11676,species,Human immunodeficiency virus 1,1,1,10,50,50
SRR13270795,186534,family,Caulimoviridae,1,0,7,54,58
SRR13270795,10652,genus,Badnavirus,1,0,8,54,57
SRR13270795,325348,,unclassified Badnavirus,1,0,9,54,56
SRR13270795,52996,species,Dioscorea bacilliform virus,1,1,10,54,54
SRR13270795,2585030,,unclassified Riboviria,1,0,3,62,66
SRR13270795,439490,,unclassified ssRNA viruses,1,0,4,62,65
SRR13270795,35278,,unclassified ssRNA positive-strand viruses,1,0,5,62,64
SRR13270795,363716,species,Nora virus,1,1,6,62,62
SRR13270795,2731342,,Monodnaviria,231,0,2,67,84
SRR13270795,2732092,kingdom,Shotokuvirae,231,0,3,67,83
SRR13270795,2732416,phylum,Cressdnaviricota,225,0,4,67,74
SRR13270795,2732424,class,Repensiviricetes,225,0,5,67,73
SRR13270795,2732539,order,Geplafuvirales,225,0,6,67,72
SRR13270795,10811,family,Geminiviridae,225,0,7,67,71
SRR13270795,10814,genus,Begomovirus,225,0,8,67,70
SRR13270795,291027,,unclassified Begomovirus,225,0,9,67,69
SRR13270795,1592931,species,Yam yellow spot mosaic virus,225,225,10,67,67
SRR13270795,2732415,phylum,Cossaviricota,6,0,4,74,82
SRR13270795,2732421,class,Papovaviricetes,6,0,5,74,81
SRR13270795,2732533,order,Zurhausenvirales,6,0,6,74,80
SRR13270795,151340,family,Papillomaviridae,6,3,7,74,79
SRR13270795,2169595,subfamily,Firstpapillomavirinae,3,0,8,74,78
SRR13270795,333750,genus,Alphapapillomavirus,3,0,9,74,77
SRR13270795,337042,species,Alphapapillomavirus 7,3,0,10,74,76
SRR13270795,333761,,Human papillomavirus type 18,3,3,11,74,74
SRR13270795,2732004,,Varidnaviria,2,0,2,84,94
SRR13270795,2732005,kingdom,Bamfordvirae,2,0,3,84,93
SRR13270795,2732007,phylum,Nucleocytoviricota,2,0,4,84,92
SRR13270795,2732523,class,Megaviricetes,2,0,5,84,91
SRR13270795,2732554,order,Imitervirales,2,0,6,84,90
SRR13270795,549779,family,Mimiviridae,2,0,7,84,89
SRR13270795,985780,,unclassified Mimiviridae,2,0,8,84,88
SRR13270795,1977630,subfamily,Klosneuvirinae,2,0,9,84,87
SRR13270795,1977636,genus,Hokovirus,2,0,10,84,86
SRR13270795,1977638,species,Hokovirus HKV1,2,2,11,84,84
SRR13270795,2731341,,Duplodnaviria,1,0,2,94,103
SRR13270795,2731360,,Heunggongvirae,1,0,3,94,102
SRR13270795,2731361,phylum,Peploviricota,1,0,4,94,101
SRR13270795,2731363,class,Herviviricetes,1,0,5,94,100
SRR13270795,548681,order,Herpesvirales,1,0,6,94,99
SRR13270795,10292,family,Herpesviridae,1,0,7,94,98
SRR13270795,10357,subfamily,Betaherpesvirinae,1,0,8,94,97
SRR13270795,10358,genus,Cytomegalovirus,1,0,9,94,96
SRR13270795,10359,species,Human betaherpesvirus 5,1,1,10,94,94
SRR13270795,1462606,subgenus,Glycine subgen. Soja,7006,7006,25,104,104
SRR13270796,10239,superkingdom,Viruses,509,0,1,1446,1553
SRR13270796,2559587,,Riboviria,262,0,2,1446,1504
SRR13270796,2732396,kingdom,Orthornavirae,238,0,3,1446,1493
SRR13270796,2732408,phylum,Pisuviricota,182,0,4,1446,1456
SRR13270796,2732506,class,Pisoniviricetes,182,0,5,1446,1455
SRR13270796,464095,order,Picornavirales,182,0,6,1446,1454
SRR13270796,675072,family,Secoviridae,180,0,7,1446,1450
SRR13270796,675075,subfamily,Comovirinae,180,0,8,1446,1449
SRR13270796,12269,genus,Fabavirus,180,4,9,1446,1448
SRR13270796,76875,species,Broad bean wilt virus 2,176,176,10,1446,1446
SRR13270796,232795,family,Dicistroviridae,2,0,7,1450,1453
SRR13270796,336635,,unclassified Dicistroviridae,2,0,8,1450,1452
SRR13270796,1955144,species,Dicistroviridae sp.,2,2,9,1450,1450
SRR13270796,2732405,phylum,Duplornaviricota,25,0,4,1456,1467
SRR13270796,2732458,class,Chrymotiviricetes,23,0,5,1456,1461
SRR13270796,2732540,order,Ghabrivirales,23,0,6,1456,1460
SRR13270796,11006,family,Totiviridae,23,0,7,1456,1459
SRR13270796,39756,,unclassified Totiviridae,23,0,8,1456,1458
SRR13270796,1678183,species,Diatom colony associated virus-Like RNA Segment 3,23,23,9,1456,1456
SRR13270796,2732459,class,Resentoviricetes,2,0,5,1461,1466
SRR13270796,2732541,order,Reovirales,2,0,6,1461,1465
SRR13270796,10880,family,Reoviridae,2,0,7,1461,1464
SRR13270796,36446,,unclassified Reoviridae,2,0,8,1461,1463
SRR13270796,557218,species,Diaphorina citri reovirus,2,2,9,1461,1461
SRR13270796,2497569,phylum,Negarnaviricota,24,0,4,1467,1475
SRR13270796,2497571,subphylum,Polyploviricotina,24,0,5,1467,1474
SRR13270796,2497577,class,Insthoviricetes,24,0,6,1467,1473
SRR13270796,2499411,order,Articulavirales,24,0,7,1467,1472
SRR13270796,11308,family,Orthomyxoviridae,24,0,8,1467,1471
SRR13270796,197911,genus,Alphainfluenzavirus,24,0,9,1467,1470
SRR13270796,11320,species,Influenza A virus,24,23,10,1467,1469
SRR13270796,114727,,H1N1 subtype,1,1,11,1467,1467
SRR13270796,2732406,phylum,Kitrinoviricota,7,0,4,1475,1492
SRR13270796,2732461,class,Alsuviricetes,6,0,5,1475,1485
SRR13270796,675063,order,Tymovirales,5,0,6,1475,1480
SRR13270796,675068,family,Betaflexiviridae,5,0,7,1475,1479
SRR13270796,1914297,subfamily,Quinvirinae,5,0,8,1475,1478
SRR13270796,12163,genus,Carlavirus,5,0,9,1475,1477
SRR13270796,1592930,species,Yam latent virus,5,5,10,1475,1475
SRR13270796,2732544,order,Martellivirales,1,0,6,1480,1484
SRR13270796,564644,family,Endornaviridae,1,0,7,1480,1483
SRR13270796,1680130,,unclassified Endornaviridae,1,0,8,1480,1482
SRR13270796,1719039,species,Soybean leaf-associated endornavirus 1,1,1,9,1480,1480
SRR13270796,2732462,class,Flasuviricetes,1,0,5,1485,1491
SRR13270796,2732545,order,Amarillovirales,1,0,6,1485,1490
SRR13270796,11050,family,Flaviviridae,1,0,7,1485,1489
SRR13270796,11095,genus,Pestivirus,1,0,8,1485,1488
SRR13270796,2170080,species,Pestivirus A,1,0,9,1485,1487
SRR13270796,11099,,Bovine viral diarrhea virus 1,1,1,10,1485,1485
SRR13270796,2732397,kingdom,Pararnavirae,24,0,3,1493,1503
SRR13270796,2732409,phylum,Artverviricota,24,0,4,1493,1502
SRR13270796,2732514,class,Revtraviricetes,24,0,5,1493,1501
SRR13270796,2169561,order,Ortervirales,24,0,6,1493,1500
SRR13270796,11632,family,Retroviridae,24,1,7,1493,1499
SRR13270796,327045,subfamily,Orthoretrovirinae,23,0,8,1493,1498
SRR13270796,153135,genus,Gammaretrovirus,23,1,9,1493,1497
SRR13270796,11786,species,Murine leukemia virus,21,21,10,1493,1493
SRR13270796,353769,,unclassified Gammaretrovirus,1,0,10,1494,1496
SRR13270796,11834,species,RD114 retrovirus,1,1,11,1494,1494
SRR13270796,2731342,,Monodnaviria,233,0,2,1504,1524
SRR13270796,2732092,kingdom,Shotokuvirae,233,0,3,1504,1523
SRR13270796,2732416,phylum,Cressdnaviricota,231,0,4,1504,1511
SRR13270796,2732424,class,Repensiviricetes,231,0,5,1504,1510
SRR13270796,2732539,order,Geplafuvirales,231,0,6,1504,1509
SRR13270796,10811,family,Geminiviridae,231,0,7,1504,1508
SRR13270796,10814,genus,Begomovirus,231,0,8,1504,1507
SRR13270796,291027,,unclassified Begomovirus,231,0,9,1504,1506
SRR13270796,1592931,species,Yam yellow spot mosaic virus,231,231,10,1504,1504
SRR13270796,2732415,phylum,Cossaviricota,2,0,4,1511,1522
SRR13270796,2732421,class,Papovaviricetes,1,0,5,1511,1514
SRR13270796,2732533,order,Zurhausenvirales,1,0,6,1511,1513
SRR13270796,151340,family,Papillomaviridae,1,1,7,1511,1511
SRR13270796,2732422,class,Quintoviricetes,1,0,5,1514,1521
SRR13270796,2732534,order,Piccovirales,1,0,6,1514,1520
SRR13270796,10780,family,Parvoviridae,1,0,7,1514,1519
SRR13270796,40120,subfamily,Densovirinae,1,0,8,1514,1518
SRR13270796,10806,genus,Ambidensovirus,1,0,9,1514,1517
SRR13270796,1169623,,unclassified Densovirus,1,0,10,1514,1516
SRR13270796,1776153,species,Diaphorina citri densovirus,1,1,11,1514,1514
SRR13270796,2731341,,Duplodnaviria,10,0,2,1524,1542
SRR13270796,2731360,,Heunggongvirae,10,0,3,1524,1541
SRR13270796,2731361,phylum,Peploviricota,9,0,4,1524,1534
SRR13270796,2731363,class,Herviviricetes,9,0,5,1524,1533
SRR13270796,548681,order,Herpesvirales,9,0,6,1524,1532
SRR13270796,10292,family,Herpesviridae,9,0,7,1524,1531
SRR13270796,10374,subfamily,Gammaherpesvirinae,7,0,8,1524,1527
SRR13270796,10375,genus,Lymphocryptovirus,7,0,9,1524,1526
SRR13270796,10376,species,Human gammaherpesvirus 4,7,7,10,1524,1524
SRR13270796,10293,subfamily,Alphaherpesvirinae,2,0,8,1527,1530
SRR13270796,10294,genus,Simplexvirus,2,0,9,1527,1529
SRR13270796,10298,species,Human alphaherpesvirus 1,2,2,10,1527,1527
SRR13270796,2731618,phylum,Uroviricota,1,0,4,1534,1540
SRR13270796,2731619,class,Caudoviricetes,1,0,5,1534,1539
SRR13270796,28883,order,Caudovirales,1,0,6,1534,1538
SRR13270796,2560065,family,Herelleviridae,1,0,7,1534,1537
SRR13270796,2560070,subfamily,Bastillevirinae,1,0,8,1534,1536
SRR13270796,2572874,,unclassified Bastillevirinae,1,1,9,1534,1534
SRR13270796,185751,family,Pospiviroidae,2,0,2,1542,1545
SRR13270796,185753,genus,Pospiviroid,2,0,3,1542,1544
SRR13270796,12890,species,Citrus exocortis viroid,2,2,4,1542,1542
SRR13270796,12429,,unclassified viruses,1,0,2,1545,1549
SRR13270796,2204151,,unclassified DNA viruses,1,0,3,1545,1548
SRR13270796,51368,,unclassified dsDNA viruses,1,0,4,1545,1547
SRR13270796,2591644,species,Prokaryotic dsDNA virus sp.,1,1,5,1545,1545
SRR13270796,10442,family,Baculoviridae,1,0,2,1549,1552
SRR13270796,558017,genus,Betabaculovirus,1,0,3,1549,1551
SRR13270796,262175,species,Plodia interpunctella granulovirus,1,1,4,1549,1549
SRR13270797,10239,superkingdom,Viruses,2472127,0,1,0,103
SRR13270797,2559587,,Riboviria,2471917,0,2,0,59
SRR13270797,2732396,kingdom,Orthornavirae,2471891,0,3,0,44
SRR13270797,2732408,phylum,Pisuviricota,2471827,0,4,0,13
SRR13270797,2732506,class,Pisoniviricetes,2471827,0,5,0,12
SRR13270797,464095,order,Picornavirales,2471827,0,6,0,11
SRR13270797,675072,family,Secoviridae,2471825,0,7,0,7
SRR13270797,675075,subfamily,Comovirinae,2471825,0,8,0,6
SRR13270797,12269,genus,Fabavirus,2471825,27875,9,0,5
SRR13270797,76875,species,Broad bean wilt virus 2,2443949,2443948,10,0,2
SRR13270797,73149,,Patchouli mild mosaic virus,1,1,11,0,0
SRR13270797,352925,,unclassified Fabavirus,1,0,10,2,4
SRR13270797,2738914,species,Capsicum annuum fabavirus,1,1,11,2,2
SRR13270797,232795,family,Dicistroviridae,2,0,7,7,10
SRR13270797,336635,,unclassified Dicistroviridae,2,0,8,7,9
SRR13270797,1955144,species,Dicistroviridae sp.,2,2,9,7,7
SRR13270797,2497569,phylum,Negarnaviricota,40,0,4,13,20
SRR13270797,2497571,subphylum,Polyploviricotina,40,0,5,13,19
SRR13270797,2497577,class,Insthoviricetes,40,0,6,13,18
SRR13270797,2499411,order,Articulavirales,40,0,7,13,17
SRR13270797,11308,family,Orthomyxoviridae,40,1,8,13,16
SRR13270797,197911,genus,Alphainfluenzavirus,39,0,9,13,15
SRR13270797,11320,species,Influenza A virus,39,39,10,13,13
SRR13270797,2732405,phylum,Duplornaviricota,13,0,4,20,31
SRR13270797,2732458,class,Chrymotiviricetes,11,0,5,20,25
SRR13270797,2732540,order,Ghabrivirales,11,0,6,20,24
SRR13270797,11006,family,Totiviridae,11,0,7,20,23
SRR13270797,39756,,unclassified Totiviridae,11,0,8,20,22
SRR13270797,1678183,species,Diatom colony associated virus-Like RNA Segment 3,11,11,9,20,20
SRR13270797,2732459,class,Resentoviricetes,2,0,5,25,30
SRR13270797,2732541,order,Reovirales,2,0,6,25,29
SRR13270797,10880,family,Reoviridae,2,0,7,25,28
SRR13270797,36446,,unclassified Reoviridae,2,0,8,25,27
SRR13270797,557218,species,Diaphorina citri reovirus,2,2,9,25,25
SRR13270797,2732406,phylum,Kitrinoviricota,11,0,4,31,43
SRR13270797,2732461,class,Alsuviricetes,10,0,5,31,37
SRR13270797,675063,order,Tymovirales,10,0,6,31,36
SRR13270797,675068,family,Betaflexiviridae,10,0,7,31,35
SRR13270797,1914297,subfamily,Quinvirinae,10,0,8,31,34
SRR13270797,12163,genus,Carlavirus,10,0,9,31,33
SRR13270797,1592930,species,Yam latent virus,10,10,10,31,31
SRR13270797,2732464,class,Magsaviricetes,1,0,5,37,42
SRR13270797,2732546,order,Nodamuvirales,1,0,6,37,41
SRR13270797,12283,family,Nodaviridae,1,0,7,37,40
SRR13270797,143920,genus,Alphanodavirus,1,0,8,37,39
SRR13270797,12287,species,Flock House virus,1,1,9,37,37
SRR13270797,2732397,kingdom,Pararnavirae,26,0,3,44,58
SRR13270797,2732409,phylum,Artverviricota,26,0,4,44,57
SRR13270797,2732514,class,Revtraviricetes,26,0,5,44,56
SRR13270797,2169561,order,Ortervirales,26,0,6,44,55
SRR13270797,11632,family,Retroviridae,22,0,7,44,50
SRR13270797,327045,subfamily,Orthoretrovirinae,22,0,8,44,49
SRR13270797,153135,genus,Gammaretrovirus,20,3,9,44,46
SRR13270797,11786,species,Murine leukemia virus,17,17,10,44,44
SRR13270797,11646,genus,Lentivirus,2,0,9,46,48
SRR13270797,12804,species,Puma lentivirus,2,2,10,46,46
SRR13270797,186534,family,Caulimoviridae,4,0,7,50,54
SRR13270797,10652,genus,Badnavirus,4,0,8,50,53
SRR13270797,325348,,unclassified Badnavirus,4,0,9,50,52
SRR13270797,52996,species,Dioscorea bacilliform virus,4,4,10,50,50
SRR13270797,2731342,,Monodnaviria,204,0,2,59,83
SRR13270797,2732092,kingdom,Shotokuvirae,204,0,3,59,82
SRR13270797,2732416,phylum,Cressdnaviricota,196,0,4,59,66
SRR13270797,2732424,class,Repensiviricetes,196,0,5,59,65
SRR13270797,2732539,order,Geplafuvirales,196,0,6,59,64
SRR13270797,10811,family,Geminiviridae,196,0,7,59,63
SRR13270797,10814,genus,Begomovirus,196,0,8,59,62
SRR13270797,291027,,unclassified Begomovirus,196,0,9,59,61
SRR13270797,1592931,species,Yam yellow spot mosaic virus,196,196,10,59,59
SRR13270797,2732415,phylum,Cossaviricota,8,0,4,66,81
SRR13270797,2732421,class,Papovaviricetes,4,0,5,66,73
SRR13270797,2732533,order,Zurhausenvirales,4,0,6,66,72
SRR13270797,151340,family,Papillomaviridae,4,1,7,66,71
SRR13270797,2169595,subfamily,Firstpapillomavirinae,3,0,8,66,70
SRR13270797,333750,genus,Alphapapillomavirus,3,0,9,66,69
SRR13270797,337042,species,Alphapapillomavirus 7,3,0,10,66,68
SRR13270797,333761,,Human papillomavirus type 18,3,3,11,66,66
SRR13270797,2732422,class,Quintoviricetes,4,0,5,73,80
SRR13270797,2732534,order,Piccovirales,4,0,6,73,79
SRR13270797,10780,family,Parvoviridae,4,0,7,73,78
SRR13270797,40120,subfamily,Densovirinae,4,0,8,73,77
SRR13270797,10806,genus,Ambidensovirus,4,0,9,73,76
SRR13270797,1169623,,unclassified Densovirus,4,0,10,73,75
SRR13270797,1776153,species,Diaphorina citri densovirus,4,4,11,73,73
SRR13270797,2732004,,Varidnaviria,4,0,2,83,93
SRR13270797,2732005,kingdom,Bamfordvirae,4,0,3,83,92
SRR13270797,2732007,phylum,Nucleocytoviricota,4,0,4,83,91
SRR13270797,2732523,class,Megaviricetes,4,0,5,83,90
SRR13270797,2732554,order,Imitervirales,4,0,6,83,89
SRR13270797,549779,family,Mimiviridae,4,0,7,83,88
SRR13270797,985780,,unclassified Mimiviridae,4,0,8,83,87
SRR13270797,1977630,subfamily,Klosneuvirinae,4,0,9,83,86
SRR13270797,1977636,genus,Hokovirus,4,0,10,83,85
SRR13270797,1977638,species,Hokovirus HKV1,4,4,11,83,83
SRR13270797,2731341,,Duplodnaviria,2,0,2,93,102
SRR13270797,2731360,,Heunggongvirae,2,0,3,93,101
SRR13270797,2731361,phylum,Peploviricota,2,0,4,93,100
SRR13270797,2731363,class,Herviviricetes,2,0,5,93,99
SRR13270797,548681,order,Herpesvirales,2,0,6,93,98
SRR13270797,10292,family,Herpesviridae,2,0,7,93,97
SRR13270797,10374,subfamily,Gammaherpesvirinae,2,0,8,93,96
SRR13270797,10375,genus,Lymphocryptovirus,2,0,9,93,95
SRR13270797,10376,species,Human gammaherpesvirus 4,2,2,10,93,93
SRR13270797,3847,species,Glycine max,239,239,26,103,103
SRR13270798,10239,superkingdom,Viruses,595,1,1,809,904
SRR13270798,2731342,,Monodnaviria,359,0,2,809,833
SRR13270798,2732092,kingdom,Shotokuvirae,359,0,3,809,832
SRR13270798,2732416,phylum,Cressdnaviricota,346,0,4,809,816
SRR13270798,2732424,class,Repensiviricetes,346,0,5,809,815
SRR13270798,2732539,order,Geplafuvirales,346,0,6,809,814
SRR13270798,10811,family,Geminiviridae,346,0,7,809,813
SRR13270798,10814,genus,Begomovirus,346,0,8,809,812
SRR13270798,291027,,unclassified Begomovirus,346,0,9,809,811
SRR13270798,1592931,species,Yam yellow spot mosaic virus,346,346,10,809,809
SRR13270798,2732415,phylum,Cossaviricota,13,0,4,816,831
SRR13270798,2732421,class,Papovaviricetes,10,0,5,816,823
SRR13270798,2732533,order,Zurhausenvirales,10,0,6,816,822
SRR13270798,151340,family,Papillomaviridae,10,7,7,816,821
SRR13270798,2169595,subfamily,Firstpapillomavirinae,3,0,8,816,820
SRR13270798,333750,genus,Alphapapillomavirus,3,0,9,816,819
SRR13270798,337042,species,Alphapapillomavirus 7,3,0,10,816,818
SRR13270798,333761,,Human papillomavirus type 18,3,3,11,816,816
SRR13270798,2732422,class,Quintoviricetes,3,0,5,823,830
SRR13270798,2732534,order,Piccovirales,3,0,6,823,829
SRR13270798,10780,family,Parvoviridae,3,0,7,823,828
SRR13270798,40120,subfamily,Densovirinae,3,0,8,823,827
SRR13270798,10806,genus,Ambidensovirus,3,0,9,823,826
SRR13270798,1169623,,unclassified Densovirus,3,0,10,823,825
SRR13270798,1776153,species,Diaphorina citri densovirus,3,3,11,823,823
SRR13270798,2559587,,Riboviria,229,0,2,833,886
SRR13270798,2732396,kingdom,Orthornavirae,182,0,3,833,872
SRR13270798,2732408,phylum,Pisuviricota,109,0,4,833,846
SRR13270798,2732506,class,Pisoniviricetes,109,0,5,833,845
SRR13270798,464095,order,Picornavirales,109,0,6,833,844
SRR13270798,675072,family,Secoviridae,105,0,7,833,837
SRR13270798,675075,subfamily,Comovirinae,105,0,8,833,836
SRR13270798,12269,genus,Fabavirus,105,0,9,833,835
SRR13270798,76875,species,Broad bean wilt virus 2,105,105,10,833,833
SRR13270798,232795,family,Dicistroviridae,2,0,7,837,840
SRR13270798,336635,,unclassified Dicistroviridae,2,0,8,837,839
SRR13270798,1955144,species,Dicistroviridae sp.,2,2,9,837,837
SRR13270798,12058,family,Picornaviridae,2,0,7,840,843
SRR13270798,478825,,unclassified Picornaviridae,2,0,8,840,842
SRR13270798,2760895,species,Bactrocera dorsalis picorna-like virus,2,2,9,840,840
SRR13270798,2497569,phylum,Negarnaviricota,31,0,4,846,853
SRR13270798,2497571,subphylum,Polyploviricotina,31,0,5,846,852
SRR13270798,2497577,class,Insthoviricetes,31,0,6,846,851
SRR13270798,2499411,order,Articulavirales,31,0,7,846,850
SRR13270798,11308,family,Orthomyxoviridae,31,0,8,846,849
SRR13270798,197911,genus,Alphainfluenzavirus,31,0,9,846,848
SRR13270798,11320,species,Influenza A virus,31,31,10,846,846
SRR13270798,2732405,phylum,Duplornaviricota,26,0,4,853,864
SRR13270798,2732458,class,Chrymotiviricetes,22,0,5,853,858
SRR13270798,2732540,order,Ghabrivirales,22,0,6,853,857
SRR13270798,11006,family,Totiviridae,22,0,7,853,856
SRR13270798,39756,,unclassified Totiviridae,22,0,8,853,855
SRR13270798,1678183,species,Diatom colony associated virus-Like RNA Segment 3,22,22,9,853,853
SRR13270798,2732459,class,Resentoviricetes,4,0,5,858,863
SRR13270798,2732541,order,Reovirales,4,0,6,858,862
SRR13270798,10880,family,Reoviridae,4,0,7,858,861
SRR13270798,36446,,unclassified Reoviridae,4,0,8,858,860
SRR13270798,557218,species,Diaphorina citri reovirus,4,4,9,858,858
SRR13270798,2732406,phylum,Kitrinoviricota,16,0,4,864,871
SRR13270798,2732461,class,Alsuviricetes,16,0,5,864,870
SRR13270798,675063,order,Tymovirales,16,0,6,864,869
SRR13270798,675068,family,Betaflexiviridae,16,0,7,864,868
SRR13270798,1914297,subfamily,Quinvirinae,16,0,8,864,867
SRR13270798,12163,genus,Carlavirus,16,0,9,864,866
SRR13270798,1592930,species,Yam latent virus,16,16,10,864,864
SRR13270798,2732397,kingdom,Pararnavirae,47,0,3,872,885
SRR13270798,2732409,phylum,Artverviricota,47,0,4,872,884
SRR13270798,2732514,class,Revtraviricetes,47,0,5,872,883
SRR13270798,2169561,order,Ortervirales,47,0,6,872,882
SRR13270798,11632,family,Retroviridae,47,0,7,872,881
SRR13270798,327045,subfamily,Orthoretrovirinae,47,0,8,872,880
SRR13270798,153135,genus,Gammaretrovirus,43,5,9,872,876
SRR13270798,11786,species,Murine leukemia virus,37,36,10,872,874
SRR13270798,11801,,Moloney murine leukemia virus,1,1,11,872,872
SRR13270798,11809,species,Moloney murine sarcoma virus,1,1,10,874,874
SRR13270798,153057,genus,Alpharetrovirus,3,3,9,876,876
SRR13270798,11646,genus,Lentivirus,1,0,9,877,879
SRR13270798,12804,species,Puma lentivirus,1,1,10,877,877
SRR13270798,2731341,,Duplodnaviria,6,0,2,886,903
SRR13270798,2731360,,Heunggongvirae,6,0,3,886,902
SRR13270798,2731361,phylum,Peploviricota,5,0,4,886,896
SRR13270798,2731363,class,Herviviricetes,5,0,5,886,895
SRR13270798,548681,order,Herpesvirales,5,0,6,886,894
SRR13270798,10292,family,Herpesviridae,5,0,7,886,893
SRR13270798,10374,subfamily,Gammaherpesvirinae,3,0,8,886,889
SRR13270798,10375,genus,Lymphocryptovirus,3,0,9,886,888
SRR13270798,10376,species,Human gammaherpesvirus 4,3,3,10,886,886
SRR13270798,10293,subfamily,Alphaherpesvirinae,2,0,8,889,892
SRR13270798,10294,genus,Simplexvirus,2,0,9,889,891
SRR13270798,10298,species,Human alphaherpesvirus 1,2,2,10,889,889
SRR13270798,2731618,phylum,Uroviricota,1,0,4,896,901
SRR13270798,2731619,class,Caudoviricetes,1,0,5,896,900
SRR13270798,28883,order,Caudovirales,1,0,6,896,899
SRR13270798,10662,family,Myoviridae,1,0,7,896,898
SRR13270798,196896,,unclassified Myoviridae,1,1,8,896,896
SRR13270799,10239,superkingdom,Viruses,1875231,1,1,0,102
SRR13270799,2559587,,Riboviria,1875026,0,2,0,65
SRR13270799,2732396,kingdom,Orthornavirae,1874990,166,3,0,55
SRR13270799,2732408,phylum,Pisuviricota,1711880,0,4,0,16
SRR13270799,2732506,class,Pisoniviricetes,1711880,0,5,0,15
SRR13270799,464095,order,Picornavirales,1711880,0,6,0,14
SRR13270799,675072,family,Secoviridae,1711876,0,7,0,7
SRR13270799,675075,subfamily,Comovirinae,1711876,0,8,0,6
SRR13270799,12269,genus,Fabavirus,1711876,6027,9,0,5
SRR13270799,76875,species,Broad bean wilt virus 2,1705846,1705842,10,0,2
SRR13270799,73149,,Patchouli mild mosaic virus,4,4,11,0,0
SRR13270799,352925,,unclassified Fabavirus,3,0,10,2,4
SRR13270799,2738914,species,Capsicum annuum fabavirus,3,3,11,2,2
SRR13270799,232795,family,Dicistroviridae,2,0,7,7,10
SRR13270799,336635,,unclassified Dicistroviridae,2,0,8,7,9
SRR13270799,1955144,species,Dicistroviridae sp.,2,2,9,7,7
SRR13270799,12058,family,Picornaviridae,2,0,7,10,13
SRR13270799,478825,,unclassified Picornaviridae,2,0,8,10,12
SRR13270799,2760895,species,Bactrocera dorsalis picorna-like virus,2,2,9,10,10
SRR13270799,2732406,phylum,Kitrinoviricota,162887,0,4,16,34
SRR13270799,2732461,class,Alsuviricetes,162886,0,5,16,27
SRR13270799,675063,order,Tymovirales,162886,0,6,16,26
SRR13270799,675068,family,Betaflexiviridae,162886,0,7,16,25
SRR13270799,1914297,subfamily,Quinvirinae,162885,0,8,16,21
SRR13270799,12163,genus,Carlavirus,162885,0,9,16,20
SRR13270799,1592930,species,Yam latent virus,162872,162872,10,16,16
SRR13270799,327375,,unclassified Carlavirus,13,0,10,17,19
SRR13270799,2116736,species,Chrysanthemum virus R,13,13,11,17,17
SRR13270799,1914298,subfamily,Trivirinae,1,0,8,21,24
SRR13270799,12174,genus,Capillovirus,1,0,9,21,23
SRR13270799,42882,species,Cherry virus A,1,1,10,21,21
SRR13270799,2732464,class,Magsaviricetes,1,0,5,27,33
SRR13270799,2732546,order,Nodamuvirales,1,0,6,27,32
SRR13270799,12283,family,Nodaviridae,1,0,7,27,31
SRR13270799,143920,genus,Alphanodavirus,1,0,8,27,30
SRR13270799,12287,species,Flock House virus,1,0,9,27,29
SRR13270799,663279,,Drosophila melanogaster American nodavirus (ANV) SW-2009a,1,1,10,27,27
SRR13270799,2497569,phylum,Negarnaviricota,39,0,4,34,43
SRR13270799,2497571,subphylum,Polyploviricotina,39,0,5,34,42
SRR13270799,2497577,class,Insthoviricetes,39,0,6,34,41
SRR13270799,2499411,order,Articulavirales,39,0,7,34,40
SRR13270799,11308,family,Orthomyxoviridae,39,0,8,34,39
SRR13270799,197911,genus,Alphainfluenzavirus,39,0,9,34,38
SRR13270799,11320,species,Influenza A virus,39,38,10,34,37
SRR13270799,102797,,Influenza A virus with incomplete names,1,0,11,34,36
SRR13270799,727907,,Influenza A virus (A/Eurasian wigeon/Shanghai/47F/2008),1,1,12,34,34
SRR13270799,2732405,phylum,Duplornaviricota,18,0,4,43,54
SRR13270799,2732458,class,Chrymotiviricetes,14,0,5,43,48
SRR13270799,2732540,order,Ghabrivirales,14,0,6,43,47
SRR13270799,11006,family,Totiviridae,14,0,7,43,46
SRR13270799,39756,,unclassified Totiviridae,14,0,8,43,45
SRR13270799,1678183,species,Diatom colony associated virus-Like RNA Segment 3,14,14,9,43,43
SRR13270799,2732459,class,Resentoviricetes,4,0,5,48,53
SRR13270799,2732541,order,Reovirales,4,0,6,48,52
SRR13270799,10880,family,Reoviridae,4,0,7,48,51
SRR13270799,36446,,unclassified Reoviridae,4,0,8,48,50
SRR13270799,557218,species,Diaphorina citri reovirus,4,4,9,48,48
SRR13270799,2732397,kingdom,Pararnavirae,36,0,3,55,64
SRR13270799,2732409,phylum,Artverviricota,36,0,4,55,63
SRR13270799,2732514,class,Revtraviricetes,36,0,5,55,62
SRR13270799,2169561,order,Ortervirales,36,0,6,55,61
SRR13270799,11632,family,Retroviridae,36,0,7,55,60
SRR13270799,327045,subfamily,Orthoretrovirinae,36,0,8,55,59
SRR13270799,153135,genus,Gammaretrovirus,36,3,9,55,58
SRR13270799,11786,species,Murine leukemia virus,33,29,10,55,57
SRR13270799,11801,,Moloney murine leukemia virus,4,4,11,55,55
SRR13270799,2731342,,Monodnaviria,196,0,2,65,89
SRR13270799,2732092,kingdom,Shotokuvirae,196,0,3,65,88
SRR13270799,2732416,phylum,Cressdnaviricota,183,0,4,65,72
SRR13270799,2732424,class,Repensiviricetes,183,0,5,65,71
SRR13270799,2732539,order,Geplafuvirales,183,0,6,65,70
SRR13270799,10811,family,Geminiviridae,183,0,7,65,69
SRR13270799,10814,genus,Begomovirus,183,0,8,65,68
SRR13270799,291027,,unclassified Begomovirus,183,0,9,65,67
SRR13270799,1592931,species,Yam yellow spot mosaic virus,183,183,10,65,65
SRR13270799,2732415,phylum,Cossaviricota,13,0,4,72,87
SRR13270799,2732421,class,Papovaviricetes,10,0,5,72,79
SRR13270799,2732533,order,Zurhausenvirales,10,0,6,72,78
SRR13270799,151340,family,Papillomaviridae,10,8,7,72,77
SRR13270799,2169595,subfamily,Firstpapillomavirinae,2,0,8,72,76
SRR13270799,333750,genus,Alphapapillomavirus,2,0,9,72,75
SRR13270799,337042,species,Alphapapillomavirus 7,2,0,10,72,74
SRR13270799,333761,,Human papillomavirus type 18,2,2,11,72,72
SRR13270799,2732422,class,Quintoviricetes,3,0,5,79,86
SRR13270799,2732534,order,Piccovirales,3,0,6,79,85
SRR13270799,10780,family,Parvoviridae,3,0,7,79,84
SRR13270799,40120,subfamily,Densovirinae,3,0,8,79,83
SRR13270799,10806,genus,Ambidensovirus,3,0,9,79,82
SRR13270799,1169623,,unclassified Densovirus,3,0,10,79,81
SRR13270799,1776153,species,Diaphorina citri densovirus,3,3,11,79,79
SRR13270799,2731341,,Duplodnaviria,8,0,2,89,101
SRR13270799,2731360,,Heunggongvirae,8,0,3,89,100
SRR13270799,2731361,phylum,Peploviricota,8,0,4,89,99
SRR13270799,2731363,class,Herviviricetes,8,0,5,89,98
SRR13270799,548681,order,Herpesvirales,8,0,6,89,97
SRR13270799,10292,family,Herpesviridae,8,0,7,89,96
SRR13270799,10293,subfamily,Alphaherpesvirinae,7,0,8,89,92
SRR13270799,10319,genus,Varicellovirus,7,0,9,89,91
SRR13270799,10345,species,Suid alphaherpesvirus 1,7,7,10,89,89
SRR13270799,10374,subfamily,Gammaherpesvirinae,1,0,8,92,95
SRR13270799,10375,genus,Lymphocryptovirus,1,0,9,92,94
SRR13270799,10376,species,Human gammaherpesvirus 4,1,1,10,92,92
SRR13270799,3848,species,Glycine soja,291,291,26,102,102
SRR13270800,10239,superkingdom,Viruses,1384798,0,1,733,821
SRR13270800,2559587,,Riboviria,1384614,0,2,733,784
SRR13270800,2732396,kingdom,Orthornavirae,1384590,171,3,733,771
SRR13270800,2732408,phylum,Pisuviricota,1098844,0,4,733,743
SRR13270800,2732506,class,Pisoniviricetes,1098844,0,5,733,742
SRR13270800,464095,order,Picornavirales,1098844,0,6,733,741
SRR13270800,675072,family,Secoviridae,1098842,0,7,733,737
SRR13270800,675075,subfamily,Comovirinae,1098842,0,8,733,736
SRR13270800,12269,genus,Fabavirus,1098842,10859,9,733,735
SRR13270800,76875,species,Broad bean wilt virus 2,1087983,1087983,10,733,733
SRR13270800,12058,family,Picornaviridae,2,0,7,737,740
SRR13270800,478825,,unclassified Picornaviridae,2,0,8,737,739
SRR13270800,2760895,species,Bactrocera dorsalis picorna-like virus,2,2,9,737,737
SRR13270800,2732406,phylum,Kitrinoviricota,285521,0,4,743,752
SRR13270800,2732461,class,Alsuviricetes,285521,0,5,743,751
SRR13270800,675063,order,Tymovirales,285521,0,6,743,750
SRR13270800,675068,family,Betaflexiviridae,285521,0,7,743,749
SRR13270800,1914297,subfamily,Quinvirinae,285521,0,8,743,748
SRR13270800,12163,genus,Carlavirus,285521,0,9,743,747
SRR13270800,1592930,species,Yam latent virus,285519,285519,10,743,743
SRR13270800,12172,species,Shallot latent virus,2,0,10,744,746
SRR13270800,12458,,Garlic latent virus,2,2,11,744,744
SRR13270800,2497569,phylum,Negarnaviricota,41,0,4,752,759
SRR13270800,2497571,subphylum,Polyploviricotina,41,0,5,752,758
SRR13270800,2497577,class,Insthoviricetes,41,0,6,752,757
SRR13270800,2499411,order,Articulavirales,41,0,7,752,756
SRR13270800,11308,family,Orthomyxoviridae,41,0,8,752,755
SRR13270800,197911,genus,Alphainfluenzavirus,41,0,9,752,754
SRR13270800,11320,species,Influenza A virus,41,41,10,752,752
SRR13270800,2732405,phylum,Duplornaviricota,13,0,4,759,770
SRR13270800,2732458,class,Chrymotiviricetes,12,0,5,759,764
SRR13270800,2732540,order,Ghabrivirales,12,0,6,759,763
SRR13270800,11006,family,Totiviridae,12,0,7,759,762
SRR13270800,39756,,unclassified Totiviridae,12,0,8,759,761
SRR13270800,1678183,species,Diatom colony associated virus-Like RNA Segment 3,12,12,9,759,759
SRR13270800,2732459,class,Resentoviricetes,1,0,5,764,769
SRR13270800,2732541,order,Reovirales,1,0,6,764,768
SRR13270800,10880,family,Reoviridae,1,0,7,764,767
SRR13270800,36446,,unclassified Reoviridae,1,0,8,764,766
SRR13270800,557218,species,Diaphorina citri reovirus,1,1,9,764,764
SRR13270800,2732397,kingdom,Pararnavirae,24,0,3,771,783
SRR13270800,2732409,phylum,Artverviricota,24,0,4,771,782
SRR13270800,2732514,class,Revtraviricetes,24,0,5,771,781
SRR13270800,2169561,order,Ortervirales,24,0,6,771,780
SRR13270800,11632,family,Retroviridae,23,0,7,771,775
SRR13270800,327045,subfamily,Orthoretrovirinae,23,0,8,771,774
SRR13270800,153135,genus,Gammaretrovirus,23,4,9,771,773
SRR13270800,11786,species,Murine leukemia virus,19,19,10,771,771
SRR13270800,186534,family,Caulimoviridae,1,0,7,775,779
SRR13270800,10652,genus,Badnavirus,1,0,8,775,778
SRR13270800,325348,,unclassified Badnavirus,1,0,9,775,777
SRR13270800,52996,species,Dioscorea bacilliform virus,1,1,10,775,775
SRR13270800,2731342,,Monodnaviria,181,0,2,784,808
SRR13270800,2732092,kingdom,Shotokuvirae,181,0,3,784,807
SRR13270800,2732416,phylum,Cressdnaviricota,159,0,4,784,791
SRR13270800,2732424,class,Repensiviricetes,159,0,5,784,790
SRR13270800,2732539,order,Geplafuvirales,159,0,6,784,789
SRR13270800,10811,family,Geminiviridae,159,0,7,784,788
SRR13270800,10814,genus,Begomovirus,159,0,8,784,787
SRR13270800,291027,,unclassified Begomovirus,159,0,9,784,786
SRR13270800,1592931,species,Yam yellow spot mosaic virus,159,159,10,784,784
SRR13270800,2732415,phylum,Cossaviricota,22,0,4,791,806
SRR13270800,2732421,class,Papovaviricetes,20,0,5,791,798
SRR13270800,2732533,order,Zurhausenvirales,20,0,6,791,797
SRR13270800,151340,family,Papillomaviridae,20,15,7,791,796
SRR13270800,2169595,subfamily,Firstpapillomavirinae,5,0,8,791,795
SRR13270800,333750,genus,Alphapapillomavirus,5,0,9,791,794
SRR13270800,337042,species,Alphapapillomavirus 7,5,0,10,791,793
SRR13270800,333761,,Human papillomavirus type 18,5,5,11,791,791
SRR13270800,2732422,class,Quintoviricetes,2,0,5,798,805
SRR13270800,2732534,order,Piccovirales,2,0,6,798,804
SRR13270800,10780,family,Parvoviridae,2,0,7,798,803
SRR13270800,40120,subfamily,Densovirinae,2,0,8,798,802
SRR13270800,10806,genus,Ambidensovirus,2,0,9,798,801
SRR13270800,1169623,,unclassified Densovirus,2,0,10,798,800
SRR13270800,1776153,species,Diaphorina citri densovirus,2,2,11,798,798
SRR13270800,2731341,,Duplodnaviria,3,0,2,808,820
SRR13270800,2731360,,Heunggongvirae,3,0,3,808,819
SRR13270800,2731361,phylum,Peploviricota,3,0,4,808,818
SRR13270800,2731363,class,Herviviricetes,3,0,5,808,817
SRR13270800,548681,order,Herpesvirales,3,0,6,808,816
SRR13270800,10292,family,Herpesviridae,3,0,7,808,815
SRR13270800,10374,subfamily,Gammaherpesvirinae,2,0,8,808,811
SRR13270800,10375,genus,Lymphocryptovirus,2,0,9,808,810
SRR13270800,10376,species,Human gammaherpesvirus 4,2,2,10,808,808
SRR13270800,10293,subfamily,Alphaherpesvirinae,1,0,8,811,814
SRR13270800,10294,genus,Simplexvirus,1,0,9,811,813
SRR13270800,10298,species,Human alphaherpesvirus 1,1,1,10,811,811
SRR13683864,10239,superkingdom,Viruses,596,0,1,320,339
SRR13683864,2559587,,Riboviria,589,0,2,320,335
SRR13683864,2732396,kingdom,Orthornavirae,589,0,3,320,334
SRR13683864,2732408,phylum,Pisuviricota,588,0,4,320,326
SRR13683864,2732507,class,Stelpaviricetes,588,0,5,320,325
SRR13683864,2732550,order,Patatavirales,588,0,6,320,324
SRR13683864,39729,family,Potyviridae,588,0,7,320,323
SRR13683864,12195,genus,Potyvirus,588,0,8,320,322
SRR13683864,87097,species,Yam mild mosaic virus,588,588,9,320,320
SRR13683864,2732406,phylum,Kitrinoviricota,1,0,4,326,333
SRR13683864,2732461,class,Alsuviricetes,1,0,5,326,332
SRR13683864,2732544,order,Martellivirales,1,0,6,326,331
SRR13683864,69973,family,Closteroviridae,1,0,7,326,330
SRR13683864,217160,genus,Ampelovirus,1,0,8,326,329
SRR13683864,362246,,unclassified Ampelovirus,1,0,9,326,328
SRR13683864,2771210,species,Yam asymptomatic virus 1,1,1,10,326,326
SRR13683864,185751,family,Pospiviroidae,7,0,2,335,338
SRR13683864,185753,genus,Pospiviroid,7,0,3,335,337
SRR13683864,12890,species,Citrus exocortis viroid,7,7,4,335,335
SRR13683865,10239,superkingdom,Viruses,243320,0,1,1106,1240
SRR13683865,2559587,,Riboviria,242954,0,2,1106,1170
SRR13683865,2732396,kingdom,Orthornavirae,242943,1,3,1106,1157
SRR13683865,2732408,phylum,Pisuviricota,241989,0,4,1106,1125
SRR13683865,2732507,class,Stelpaviricetes,241984,0,5,1106,1119
SRR13683865,2732550,order,Patatavirales,241984,0,6,1106,1118
SRR13683865,39729,family,Potyviridae,241984,9,7,1106,1117
SRR13683865,12195,genus,Potyvirus,241964,33,8,1106,1113
SRR13683865,87097,species,Yam mild mosaic virus,241868,241868,9,1106,1106
SRR13683865,12216,species,Potato virus Y,31,31,9,1107,1107
SRR13683865,12232,species,Zucchini yellow mosaic virus,24,24,9,1108,1108
SRR13683865,12844,species,Sweet potato feathery mottle virus,5,5,9,1109,1109
SRR13683865,12222,species,Soybean mosaic virus,2,2,9,1110,1110
SRR13683865,12230,species,Turnip mosaic virus,1,1,9,1111,1111
SRR13683865,156208,genus,Macluravirus,11,0,8,1113,1116
SRR13683865,2175329,species,Yam chlorotic necrosis virus,8,8,9,1113,1113
SRR13683865,128818,species,Chinese yam necrotic mosaic virus,3,3,9,1114,1114
SRR13683865,2732505,class,Duplopiviricetes,5,0,5,1119,1124
SRR13683865,2732549,order,Durnavirales,5,0,6,1119,1123
SRR13683865,1511860,family,Amalgaviridae,5,0,7,1119,1122
SRR13683865,1511861,genus,Amalgavirus,5,0,8,1119,1121
SRR13683865,591166,species,Southern tomato virus,5,5,9,1119,1119
SRR13683865,2732406,phylum,Kitrinoviricota,891,10,4,1125,1142
SRR13683865,2732461,class,Alsuviricetes,881,0,5,1125,1141
SRR13683865,2732544,order,Martellivirales,879,0,6,1125,1135
SRR13683865,69973,family,Closteroviridae,473,0,7,1125,1130
SRR13683865,217160,genus,Ampelovirus,473,1,8,1125,1129
SRR13683865,55951,species,Grapevine leafroll-associated virus 3,356,356,9,1125,1125
SRR13683865,362246,,unclassified Ampelovirus,116,0,9,1126,1128
SRR13683865,2771210,species,Yam asymptomatic virus 1,116,116,10,1126,1126
SRR13683865,675071,family,Virgaviridae,406,0,7,1130,1134
SRR13683865,12234,genus,Tobamovirus,406,125,8,1130,1133
SRR13683865,12253,species,Tomato mosaic virus,277,277,9,1130,1130
SRR13683865,1391702,species,Tomato mottle mosaic virus,4,4,9,1131,1131
SRR13683865,675063,order,Tymovirales,2,0,6,1135,1140
SRR13683865,675068,family,Betaflexiviridae,2,0,7,1135,1139
SRR13683865,1914298,subfamily,Trivirinae,2,0,8,1135,1138
SRR13683865,184751,genus,Vitivirus,2,0,9,1135,1137
SRR13683865,516956,species,Grapevine virus E,2,2,10,1135,1135
SRR13683865,2497569,phylum,Negarnaviricota,62,0,4,1142,1156
SRR13683865,2497571,subphylum,Polyploviricotina,60,0,5,1142,1148
SRR13683865,2497576,class,Ellioviricetes,60,0,6,1142,1147
SRR13683865,1980410,order,Bunyavirales,60,0,7,1142,1146
SRR13683865,1980419,family,Tospoviridae,60,0,8,1142,1145
SRR13683865,2560196,genus,Orthotospovirus,60,1,9,1142,1144
SRR13683865,1933298,species,Tomato spotted wilt tospovirus,59,59,10,1142,1142
SRR13683865,2497570,subphylum,Haploviricotina,2,0,5,1148,1155
SRR13683865,2497574,class,Monjiviricetes,2,0,6,1148,1154
SRR13683865,11157,order,Mononegavirales,2,1,7,1148,1153
SRR13683865,11270,family,Rhabdoviridae,1,0,8,1148,1152
SRR13683865,2733245,genus,Alphanucleorhabdovirus,1,0,9,1148,1151
SRR13683865,2734367,species,Morogoro maize-associated alphanucleorhabdovirus,1,0,10,1148,1150
SRR13683865,2497337,,Morogoro maize-associated virus,1,1,11,1148,1148
SRR13683865,2732397,kingdom,Pararnavirae,11,0,3,1157,1169
SRR13683865,2732409,phylum,Artverviricota,11,0,4,1157,1168
SRR13683865,2732514,class,Revtraviricetes,11,0,5,1157,1167
SRR13683865,2169561,order,Ortervirales,11,0,6,1157,1166
SRR13683865,186534,family,Caulimoviridae,8,0,7,1157,1161
SRR13683865,10652,genus,Badnavirus,8,0,8,1157,1160
SRR13683865,325348,,unclassified Badnavirus,8,0,9,1157,1159
SRR13683865,52996,species,Dioscorea bacilliform virus,8,8,10,1157,1157
SRR13683865,11632,family,Retroviridae,3,0,7,1161,1165
SRR13683865,327045,subfamily,Orthoretrovirinae,3,0,8,1161,1164
SRR13683865,11646,genus,Lentivirus,3,0,9,1161,1163
SRR13683865,12804,species,Puma lentivirus,3,3,10,1161,1161
SRR13683865,2731342,,Monodnaviria,298,0,2,1170,1202
SRR13683865,2732091,kingdom,Sangervirae,235,0,3,1170,1185
SRR13683865,2732412,phylum,Phixviricota,235,0,4,1170,1184
SRR13683865,2732413,class,Malgrandaviricetes,235,0,5,1170,1183
SRR13683865,2732414,order,Petitvirales,235,0,6,1170,1182
SRR13683865,10841,family,Microviridae,235,196,7,1170,1181
SRR13683865,1910950,subfamily,Bullavirinae,39,0,8,1170,1180
SRR13683865,1910954,genus,Sinsheimervirus,39,2,9,1170,1179
SRR13683865,10847,species,Escherichia virus phiX174,25,25,10,1170,1170
SRR13683865,1910975,,unclassified Sinsheimervirus,12,2,10,1171,1178
SRR13683865,374840,species,Enterobacteria phage phiX174 sensu lato,9,5,11,1171,1176
SRR13683865,10844,,Enterobacteria phage S13,1,1,12,1171,1171
SRR13683865,338126,,Enterobacteria phage WA11,1,1,12,1172,1172
SRR13683865,1508658,,Enterobacteria phage MED1,1,1,12,1173,1173
SRR13683865,338124,,Enterobacteria phage WA4,1,1,12,1174,1174
SRR13683865,2608295,species,Shigella phage SGF3,1,1,11,1176,1176
SRR13683865,2732092,kingdom,Shotokuvirae,63,0,3,1185,1201
SRR13683865,2732416,phylum,Cressdnaviricota,62,0,4,1185,1192
SRR13683865,2732424,class,Repensiviricetes,62,0,5,1185,1191
SRR13683865,2732539,order,Geplafuvirales,62,0,6,1185,1190
SRR13683865,10811,family,Geminiviridae,62,0,7,1185,1189
SRR13683865,10814,genus,Begomovirus,62,0,8,1185,1188
SRR13683865,291027,,unclassified Begomovirus,62,0,9,1185,1187
SRR13683865,1592931,species,Yam yellow spot mosaic virus,62,62,10,1185,1185
SRR13683865,2732415,phylum,Cossaviricota,1,0,4,1192,1200
SRR13683865,2732421,class,Papovaviricetes,1,0,5,1192,1199
SRR13683865,2732533,order,Zurhausenvirales,1,0,6,1192,1198
SRR13683865,151340,family,Papillomaviridae,1,0,7,1192,1197
SRR13683865,2169595,subfamily,Firstpapillomavirinae,1,0,8,1192,1196
SRR13683865,325455,genus,Gammapapillomavirus,1,0,9,1192,1195
SRR13683865,333926,species,Gammapapillomavirus 1,1,0,10,1192,1194
SRR13683865,10617,,Human papillomavirus 4,1,1,11,1192,1192
SRR13683865,2731341,,Duplodnaviria,64,0,2,1202,1220
SRR13683865,2731360,,Heunggongvirae,64,0,3,1202,1219
SRR13683865,2731361,phylum,Peploviricota,56,0,4,1202,1209
SRR13683865,2731363,class,Herviviricetes,56,0,5,1202,1208
SRR13683865,548681,order,Herpesvirales,56,0,6,1202,1207
SRR13683865,10292,family,Herpesviridae,56,0,7,1202,1206
SRR13683865,10374,subfamily,Gammaherpesvirinae,56,0,8,1202,1205
SRR13683865,10375,genus,Lymphocryptovirus,56,0,9,1202,1204
SRR13683865,10376,species,Human gammaherpesvirus 4,56,56,10,1202,1202
SRR13683865,2731618,phylum,Uroviricota,8,0,4,1209,1218
SRR13683865,2731619,class,Caudoviricetes,8,0,5,1209,1217
SRR13683865,28883,order,Caudovirales,8,0,6,1209,1216
SRR13683865,10699,family,Siphoviridae,7,5,7,1209,1211
SRR13683865,1982251,genus,Pahexavirus,2,2,8,1209,1209
SRR13683865,10662,family,Myoviridae,1,0,7,1211,1215
SRR13683865,1198136,subfamily,Tevenvirinae,1,0,8,1211,1214
SRR13683865,1892568,,unclassified Tevenvirinae,1,0,9,1211,1213
SRR13683865,2601625,species,Klebsiella phage EI,1,1,10,1211,1211
SRR13683865,2732004,,Varidnaviria,2,0,2,1220,1234
SRR13683865,2732005,kingdom,Bamfordvirae,2,0,3,1220,1233
SRR13683865,2732007,phylum,Nucleocytoviricota,2,0,4,1220,1232
SRR13683865,2732523,class,Megaviricetes,2,0,5,1220,1231
SRR13683865,2732524,order,Algavirales,1,0,6,1220,1225
SRR13683865,10501,family,Phycodnaviridae,1,0,7,1220,1224
SRR13683865,181083,genus,Chlorovirus,1,0,8,1220,1223
SRR13683865,346674,,unclassified Chlorovirus,1,0,9,1220,1222
SRR13683865,1917232,species,Only Syngen Nebraska virus 5,1,1,10,1220,1220
SRR13683865,2732554,order,Imitervirales,1,0,6,1225,1230
SRR13683865,549779,family,Mimiviridae,1,0,7,1225,1229
SRR13683865,985780,,unclassified Mimiviridae,1,0,8,1225,1228
SRR13683865,2094720,genus,Tupanvirus,1,0,9,1225,1227
SRR13683865,2126985,species,Tupanvirus soda lake,1,1,10,1225,1225
SRR13683865,12429,,unclassified viruses,1,0,2,1234,1236
SRR13683865,12333,,unclassified bacterial viruses,1,1,3,1234,1234
SRR13683865,185751,family,Pospiviroidae,1,0,2,1236,1239
SRR13683865,185753,genus,Pospiviroid,1,0,3,1236,1238
SRR13683865,12890,species,Citrus exocortis viroid,1,1,4,1236,1236
SRR14090610,10239,superkingdom,Viruses,114,0,1,310,349
SRR14090610,2559587,,Riboviria,112,0,2,310,336
SRR14090610,2732396,kingdom,Orthornavirae,110,0,3,310,332
SRR14090610,2732408,phylum,Pisuviricota,104,0,4,310,324
SRR14090610,2732507,class,Stelpaviricetes,98,0,5,310,317
SRR14090610,2732550,order,Patatavirales,98,0,6,310,316
SRR14090610,39729,family,Potyviridae,98,0,7,310,315
SRR14090610,12195,genus,Potyvirus,98,61,8,310,314
SRR14090610,12844,species,Sweet potato feathery mottle virus,18,18,9,310,310
SRR14090610,930881,species,Sweet potato virus C,16,16,9,311,311
SRR14090610,46619,species,Sweet potato virus G,3,3,9,312,312
SRR14090610,2732506,class,Pisoniviricetes,6,0,5,317,323
SRR14090610,464095,order,Picornavirales,6,0,6,317,322
SRR14090610,675072,family,Secoviridae,6,0,7,317,321
SRR14090610,675075,subfamily,Comovirinae,6,0,8,317,320
SRR14090610,12269,genus,Fabavirus,6,0,9,317,319
SRR14090610,1849838,species,Grapevine fabavirus,6,6,10,317,317
SRR14090610,2497569,phylum,Negarnaviricota,6,0,4,324,331
SRR14090610,2497570,subphylum,Haploviricotina,6,0,5,324,330
SRR14090610,2497574,class,Monjiviricetes,6,0,6,324,329
SRR14090610,11157,order,Mononegavirales,6,0,7,324,328
SRR14090610,11270,family,Rhabdoviridae,6,0,8,324,327
SRR14090610,35303,,unclassified Rhabdoviridae,6,0,9,324,326
SRR14090610,1279472,species,Rhabdovirus YHG-2013,6,6,10,324,324
SRR14090610,35325,,dsRNA viruses,2,0,3,332,335
SRR14090610,39780,,unclassified dsRNA viruses,2,0,4,332,334
SRR14090610,1087068,species,Aspergillus foetidus dsRNA mycovirus,2,2,5,332,332
SRR14090610,2732004,,Varidnaviria,2,0,2,336,348
SRR14090610,2732005,kingdom,Bamfordvirae,2,0,3,336,347
SRR14090610,2732007,phylum,Nucleocytoviricota,2,0,4,336,346
SRR14090610,2732523,class,Megaviricetes,2,0,5,336,345
SRR14090610,2732555,order,Pimascovirales,1,0,6,336,340
SRR14090610,944644,family,Marseilleviridae,1,0,7,336,339
SRR14090610,1513458,genus,Marseillevirus,1,0,8,336,338
SRR14090610,1813598,,unclassified Marseillevirus,1,1,9,336,336
SRR14090610,2732554,order,Imitervirales,1,0,6,340,344
SRR14090610,549779,family,Mimiviridae,1,0,7,340,343
SRR14090610,985780,,unclassified Mimiviridae,1,0,8,340,342
SRR14090610,2487768,species,Harvfovirus sp.,1,1,9,340,340
SRR14090611,10239,superkingdom,Viruses,1543,0,1,371,405
SRR14090611,2559587,,Riboviria,1543,0,2,371,404
SRR14090611,2732396,kingdom,Orthornavirae,1540,0,3,371,394
SRR14090611,2732408,phylum,Pisuviricota,1536,0,4,371,386
SRR14090611,2732507,class,Stelpaviricetes,1535,0,5,371,379
SRR14090611,2732550,order,Patatavirales,1535,0,6,371,378
SRR14090611,39729,family,Potyviridae,1535,1,7,371,377
SRR14090611,12195,genus,Potyvirus,1534,1061,8,371,376
SRR14090611,12844,species,Sweet potato feathery mottle virus,456,456,9,371,371
SRR14090611,46619,species,Sweet potato virus G,14,14,9,372,372
SRR14090611,31743,species,Sweet potato latent virus,2,2,9,373,373
SRR14090611,930881,species,Sweet potato virus C,1,1,9,374,374
SRR14090611,2732506,class,Pisoniviricetes,1,0,5,379,385
SRR14090611,464095,order,Picornavirales,1,0,6,379,384
SRR14090611,675072,family,Secoviridae,1,0,7,379,383
SRR14090611,675075,subfamily,Comovirinae,1,0,8,379,382
SRR14090611,12269,genus,Fabavirus,1,0,9,379,381
SRR14090611,1849838,species,Grapevine fabavirus,1,1,10,379,379
SRR14090611,2497569,phylum,Negarnaviricota,4,0,4,386,393
SRR14090611,2497570,subphylum,Haploviricotina,4,0,5,386,392
SRR14090611,2497574,class,Monjiviricetes,4,0,6,386,391
SRR14090611,11157,order,Mononegavirales,4,0,7,386,390
SRR14090611,11270,family,Rhabdoviridae,4,0,8,386,389
SRR14090611,35303,,unclassified Rhabdoviridae,4,0,9,386,388
SRR14090611,1279472,species,Rhabdovirus YHG-2013,4,4,10,386,386
SRR14090611,35325,,dsRNA viruses,2,0,3,394,397
SRR14090611,39780,,unclassified dsRNA viruses,2,0,4,394,396
SRR14090611,1087068,species,Aspergillus foetidus dsRNA mycovirus,2,2,5,394,394
SRR14090611,2732397,kingdom,Pararnavirae,1,0,3,397,403
SRR14090611,2732409,phylum,Artverviricota,1,0,4,397,402
SRR14090611,2732514,class,Revtraviricetes,1,0,5,397,401
SRR14090611,2169561,order,Ortervirales,1,0,6,397,400
SRR14090611,186534,family,Caulimoviridae,1,0,7,397,399
SRR14090611,10652,genus,Badnavirus,1,1,8,397,397
SRR14090612,10239,superkingdom,Viruses,741,0,1,346,364
SRR14090612,2559587,,Riboviria,741,0,2,346,363
SRR14090612,2732396,kingdom,Orthornavirae,741,0,3,346,362
SRR14090612,2732408,phylum,Pisuviricota,741,0,4,346,361
SRR14090612,2732507,class,Stelpaviricetes,739,0,5,346,354
SRR14090612,2732550,order,Patatavirales,739,0,6,346,353
SRR14090612,39729,family,Potyviridae,739,0,7,346,352
SRR14090612,12195,genus,Potyvirus,739,543,8,346,351
SRR14090612,930881,species,Sweet potato virus C,172,172,9,346,346
SRR14090612,12844,species,Sweet potato feathery mottle virus,21,21,9,347,347
SRR14090612,146500,species,Watermelon mosaic virus,2,2,9,348,348
SRR14090612,46619,species,Sweet potato virus G,1,1,9,349,349
SRR14090612,2732506,class,Pisoniviricetes,2,0,5,354,360
SRR14090612,464095,order,Picornavirales,2,0,6,354,359
SRR14090612,675072,family,Secoviridae,2,0,7,354,358
SRR14090612,675075,subfamily,Comovirinae,2,0,8,354,357
SRR14090612,12269,genus,Fabavirus,2,0,9,354,356
SRR14090612,1849838,species,Grapevine fabavirus,2,2,10,354,354
SRR14090613,10239,superkingdom,Viruses,370,0,1,315,336
SRR14090613,2559587,,Riboviria,370,0,2,315,335
SRR14090613,2732396,kingdom,Orthornavirae,369,0,3,315,331
SRR14090613,2732408,phylum,Pisuviricota,367,0,4,315,323
SRR14090613,2732507,class,Stelpaviricetes,367,0,5,315,322
SRR14090613,2732550,order,Patatavirales,367,0,6,315,321
SRR14090613,39729,family,Potyviridae,367,0,7,315,320
SRR14090613,12195,genus,Potyvirus,367,265,8,315,319
SRR14090613,930881,species,Sweet potato virus C,66,66,9,315,315
SRR14090613,12844,species,Sweet potato feathery mottle virus,27,27,9,316,316
SRR14090613,46619,species,Sweet potato virus G,9,9,9,317,317
SRR14090613,2497569,phylum,Negarnaviricota,2,0,4,323,330
SRR14090613,2497570,subphylum,Haploviricotina,2,0,5,323,329
SRR14090613,2497574,class,Monjiviricetes,2,0,6,323,328
SRR14090613,11157,order,Mononegavirales,2,0,7,323,327
SRR14090613,11270,family,Rhabdoviridae,2,0,8,323,326
SRR14090613,35303,,unclassified Rhabdoviridae,2,0,9,323,325
SRR14090613,1279472,species,Rhabdovirus YHG-2013,2,2,10,323,323
SRR14090613,35325,,dsRNA viruses,1,0,3,331,334
SRR14090613,39780,,unclassified dsRNA viruses,1,0,4,331,333
SRR14090613,1087068,species,Aspergillus foetidus dsRNA mycovirus,1,1,5,331,331
SRR14090614,10239,superkingdom,Viruses,560,0,1,311,353
SRR14090614,2559587,,Riboviria,560,0,2,311,352
SRR14090614,2732396,kingdom,Orthornavirae,555,0,3,311,340
SRR14090614,2732408,phylum,Pisuviricota,551,0,4,311,327
SRR14090614,2732507,class,Stelpaviricetes,550,0,5,311,320
SRR14090614,2732550,order,Patatavirales,550,0,6,311,319
SRR14090614,39729,family,Potyviridae,550,0,7,311,318
SRR14090614,12195,genus,Potyvirus,550,272,8,311,317
SRR14090614,12844,species,Sweet potato feathery mottle virus,233,233,9,311,311
SRR14090614,930881,species,Sweet potato virus C,42,42,9,312,312
SRR14090614,46619,species,Sweet potato virus G,2,2,9,313,313
SRR14090614,332470,,unclassified Potyvirus,1,0,9,314,316
SRR14090614,2739386,species,Ipomoea batatas potyvirus,1,1,10,314,314
SRR14090614,2732506,class,Pisoniviricetes,1,0,5,320,326
SRR14090614,464095,order,Picornavirales,1,0,6,320,325
SRR14090614,675072,family,Secoviridae,1,0,7,320,324
SRR14090614,675075,subfamily,Comovirinae,1,0,8,320,323
SRR14090614,12269,genus,Fabavirus,1,0,9,320,322
SRR14090614,1849838,species,Grapevine fabavirus,1,1,10,320,320
SRR14090614,2497569,phylum,Negarnaviricota,3,0,4,327,334
SRR14090614,2497570,subphylum,Haploviricotina,3,0,5,327,333
SRR14090614,2497574,class,Monjiviricetes,3,0,6,327,332
SRR14090614,11157,order,Mononegavirales,3,0,7,327,331
SRR14090614,11270,family,Rhabdoviridae,3,0,8,327,330
SRR14090614,35303,,unclassified Rhabdoviridae,3,0,9,327,329
SRR14090614,1279472,species,Rhabdovirus YHG-2013,3,3,10,327,327
SRR14090614,2732406,phylum,Kitrinoviricota,1,0,4,334,339
SRR14090614,2732461,class,Alsuviricetes,1,0,5,334,338
SRR14090614,2732544,order,Martellivirales,1,0,6,334,337
SRR14090614,11018,family,Togaviridae,1,0,7,334,336
SRR14090614,11019,genus,Alphavirus,1,1,8,334,334
SRR14090614,35325,,dsRNA viruses,4,0,3,340,343
SRR14090614,39780,,unclassified dsRNA viruses,4,0,4,340,342
SRR14090614,1087068,species,Aspergillus foetidus dsRNA mycovirus,4,4,5,340,340
SRR14090614,2732397,kingdom,Pararnavirae,1,0,3,343,351
SRR14090614,2732409,phylum,Artverviricota,1,0,4,343,350
SRR14090614,2732514,class,Revtraviricetes,1,0,5,343,349
SRR14090614,2169561,order,Ortervirales,1,0,6,343,348
SRR14090614,186534,family,Caulimoviridae,1,0,7,343,347
SRR14090614,10652,genus,Badnavirus,1,0,8,343,346
SRR14090614,325348,,unclassified Badnavirus,1,0,9,343,345
SRR14090614,647294,species,Sweet potato badnavirus B,1,1,10,343,343
SRR14090615,10239,superkingdom,Viruses,135,0,1,204,228
SRR14090615,2559587,,Riboviria,135,0,2,204,227
SRR14090615,2732396,kingdom,Orthornavirae,135,0,3,204,226
SRR14090615,2732408,phylum,Pisuviricota,134,0,4,204,218
SRR14090615,2732507,class,Stelpaviricetes,132,0,5,204,211
SRR14090615,2732550,order,Patatavirales,132,0,6,204,210
SRR14090615,39729,family,Potyviridae,132,0,7,204,209
SRR14090615,12195,genus,Potyvirus,132,63,8,204,208
SRR14090615,12844,species,Sweet potato feathery mottle virus,46,46,9,204,204
SRR14090615,930881,species,Sweet potato virus C,14,14,9,205,205
SRR14090615,46619,species,Sweet potato virus G,9,9,9,206,206
SRR14090615,2732506,class,Pisoniviricetes,2,0,5,211,217
SRR14090615,464095,order,Picornavirales,2,0,6,211,216
SRR14090615,675072,family,Secoviridae,2,0,7,211,215
SRR14090615,675075,subfamily,Comovirinae,2,0,8,211,214
SRR14090615,12269,genus,Fabavirus,2,0,9,211,213
SRR14090615,1849838,species,Grapevine fabavirus,2,2,10,211,211
SRR14090615,2497569,phylum,Negarnaviricota,1,0,4,218,225
SRR14090615,2497570,subphylum,Haploviricotina,1,0,5,218,224
SRR14090615,2497574,class,Monjiviricetes,1,0,6,218,223
SRR14090615,11157,order,Mononegavirales,1,0,7,218,222
SRR14090615,11270,family,Rhabdoviridae,1,0,8,218,221
SRR14090615,35303,,unclassified Rhabdoviridae,1,0,9,218,220
SRR14090615,1279472,species,Rhabdovirus YHG-2013,1,1,10,218,218
SRR14090616,10239,superkingdom,Viruses,366,0,1,334,362
SRR14090616,2559587,,Riboviria,366,0,2,334,361
SRR14090616,2732396,kingdom,Orthornavirae,365,0,3,334,357
SRR14090616,2732408,phylum,Pisuviricota,355,0,4,334,349
SRR14090616,2732507,class,Stelpaviricetes,353,0,5,334,342
SRR14090616,2732550,order,Patatavirales,353,0,6,334,341
SRR14090616,39729,family,Potyviridae,353,1,7,334,340
SRR14090616,12195,genus,Potyvirus,352,156,8,334,339
SRR14090616,12844,species,Sweet potato feathery mottle virus,175,175,9,334,334
SRR14090616,930881,species,Sweet potato virus C,20,20,9,335,335
SRR14090616,332470,,unclassified Potyvirus,1,0,9,336,338
SRR14090616,2739386,species,Ipomoea batatas potyvirus,1,1,10,336,336
SRR14090616,2732506,class,Pisoniviricetes,2,0,5,342,348
SRR14090616,464095,order,Picornavirales,2,0,6,342,347
SRR14090616,675072,family,Secoviridae,2,0,7,342,346
SRR14090616,675075,subfamily,Comovirinae,2,0,8,342,345
SRR14090616,12269,genus,Fabavirus,2,0,9,342,344
SRR14090616,1849838,species,Grapevine fabavirus,2,2,10,342,342
SRR14090616,2497569,phylum,Negarnaviricota,10,0,4,349,356
SRR14090616,2497570,subphylum,Haploviricotina,10,0,5,349,355
SRR14090616,2497574,class,Monjiviricetes,10,0,6,349,354
SRR14090616,11157,order,Mononegavirales,10,0,7,349,353
SRR14090616,11270,family,Rhabdoviridae,10,0,8,349,352
SRR14090616,35303,,unclassified Rhabdoviridae,10,0,9,349,351
SRR14090616,1279472,species,Rhabdovirus YHG-2013,10,10,10,349,349
SRR14090616,35325,,dsRNA viruses,1,0,3,357,360
SRR14090616,39780,,unclassified dsRNA viruses,1,0,4,357,359
SRR14090616,1087068,species,Aspergillus foetidus dsRNA mycovirus,1,1,5,357,357
SRR14090617,10239,superkingdom,Viruses,1494,0,1,247,271
SRR14090617,2559587,,Riboviria,1494,0,2,247,270
SRR14090617,2732396,kingdom,Orthornavirae,1494,0,3,247,269
SRR14090617,2732408,phylum,Pisuviricota,1491,0,4,247,261
SRR14090617,2732507,class,Stelpaviricetes,1490,0,5,247,254
SRR14090617,2732550,order,Patatavirales,1490,0,6,247,253
SRR14090617,39729,family,Potyviridae,1490,0,7,247,252
SRR14090617,12195,genus,Potyvirus,1490,1032,8,247,251
SRR14090617,930881,species,Sweet potato virus C,325,325,9,247,247
SRR14090617,46619,species,Sweet potato virus G,81,81,9,248,248
SRR14090617,12844,species,Sweet potato feathery mottle virus,52,52,9,249,249
SRR14090617,2732506,class,Pisoniviricetes,1,0,5,254,260
SRR14090617,464095,order,Picornavirales,1,0,6,254,259
SRR14090617,675072,family,Secoviridae,1,0,7,254,258
SRR14090617,675075,subfamily,Comovirinae,1,0,8,254,257
SRR14090617,12269,genus,Fabavirus,1,0,9,254,256
SRR14090617,1849838,species,Grapevine fabavirus,1,1,10,254,254
SRR14090617,2497569,phylum,Negarnaviricota,3,0,4,261,268
SRR14090617,2497570,subphylum,Haploviricotina,3,0,5,261,267
SRR14090617,2497574,class,Monjiviricetes,3,0,6,261,266
SRR14090617,11157,order,Mononegavirales,3,0,7,261,265
SRR14090617,11270,family,Rhabdoviridae,3,0,8,261,264
SRR14090617,35303,,unclassified Rhabdoviridae,3,0,9,261,263
SRR14090617,1279472,species,Rhabdovirus YHG-2013,3,3,10,261,261
SRR14090618,10239,superkingdom,Viruses,2669,0,1,300,338
SRR14090618,2559587,,Riboviria,2668,0,2,300,330
SRR14090618,2732396,kingdom,Orthornavirae,2668,0,3,300,329
SRR14090618,2732408,phylum,Pisuviricota,2652,0,4,300,317
SRR14090618,2732507,class,Stelpaviricetes,2629,0,5,300,310
SRR14090618,2732550,order,Patatavirales,2629,0,6,300,309
SRR14090618,39729,family,Potyviridae,2629,2,7,300,308
SRR14090618,12195,genus,Potyvirus,2627,882,8,300,307
SRR14090618,12844,species,Sweet potato feathery mottle virus,1657,1654,9,300,302
SRR14090618,36395,,Sweet potato feathery mottle virus (strain CH),3,3,10,300,300
SRR14090618,930881,species,Sweet potato virus C,78,78,9,302,302
SRR14090618,46619,species,Sweet potato virus G,9,9,9,303,303
SRR14090618,332470,,unclassified Potyvirus,1,0,9,304,306
SRR14090618,2739386,species,Ipomoea batatas potyvirus,1,1,10,304,304
SRR14090618,2732506,class,Pisoniviricetes,23,0,5,310,316
SRR14090618,464095,order,Picornavirales,23,0,6,310,315
SRR14090618,675072,family,Secoviridae,23,0,7,310,314
SRR14090618,675075,subfamily,Comovirinae,23,0,8,310,313
SRR14090618,12269,genus,Fabavirus,23,0,9,310,312
SRR14090618,1849838,species,Grapevine fabavirus,23,23,10,310,310
SRR14090618,2732406,phylum,Kitrinoviricota,16,0,4,317,328
SRR14090618,2732461,class,Alsuviricetes,16,0,5,317,327
SRR14090618,675063,order,Tymovirales,16,0,6,317,326
SRR14090618,675068,family,Betaflexiviridae,16,0,7,317,325
SRR14090618,1914298,subfamily,Trivirinae,12,0,8,317,321
SRR14090618,40276,genus,Trichovirus,12,0,9,317,320
SRR14090618,81877,species,Grapevine berry inner necrosis virus,11,11,10,317,317
SRR14090618,1051792,species,Grapevine Pinot gris virus,1,1,10,318,318
SRR14090618,1914297,subfamily,Quinvirinae,4,0,8,321,324
SRR14090618,129725,genus,Foveavirus,4,0,9,321,323
SRR14090618,196400,species,Grapevine rupestris stem pitting-associated virus,4,4,10,321,321
SRR14090618,2731342,,Monodnaviria,1,0,2,330,337
SRR14090618,2732092,kingdom,Shotokuvirae,1,0,3,330,336
SRR14090618,2732416,phylum,Cressdnaviricota,1,0,4,330,335
SRR14090618,2732424,class,Repensiviricetes,1,0,5,330,334
SRR14090618,2732539,order,Geplafuvirales,1,0,6,330,333
SRR14090618,10811,family,Geminiviridae,1,0,7,330,332
SRR14090618,70692,,unclassified Geminiviridae,1,1,8,330,330
SRR14090619,10239,superkingdom,Viruses,149,0,1,290,307
SRR14090619,2559587,,Riboviria,149,0,2,290,306
SRR14090619,2732396,kingdom,Orthornavirae,149,0,3,290,305
SRR14090619,2732408,phylum,Pisuviricota,149,0,4,290,304
SRR14090619,2732507,class,Stelpaviricetes,145,0,5,290,297
SRR14090619,2732550,order,Patatavirales,145,0,6,290,296
SRR14090619,39729,family,Potyviridae,145,0,7,290,295
SRR14090619,12195,genus,Potyvirus,145,110,8,290,294
SRR14090619,12844,species,Sweet potato feathery mottle virus,16,16,9,290,290
SRR14090619,930881,species,Sweet potato virus C,15,15,9,291,291
SRR14090619,46619,species,Sweet potato virus G,4,4,9,292,292
SRR14090619,2732506,class,Pisoniviricetes,4,0,5,297,303
SRR14090619,464095,order,Picornavirales,4,0,6,297,302
SRR14090619,675072,family,Secoviridae,4,0,7,297,301
SRR14090619,675075,subfamily,Comovirinae,4,0,8,297,300
SRR14090619,12269,genus,Fabavirus,4,0,9,297,299
SRR14090619,1849838,species,Grapevine fabavirus,4,4,10,297,297
SRR14090620,10239,superkingdom,Viruses,1068,0,1,294,320
SRR14090620,2559587,,Riboviria,1068,0,2,294,319
SRR14090620,2732396,kingdom,Orthornavirae,1068,0,3,294,318
SRR14090620,2732408,phylum,Pisuviricota,1061,0,4,294,310
SRR14090620,2732507,class,Stelpaviricetes,1054,0,5,294,303
SRR14090620,2732550,order,Patatavirales,1054,0,6,294,302
SRR14090620,39729,family,Potyviridae,1054,0,7,294,301
SRR14090620,12195,genus,Potyvirus,1054,371,8,294,300
SRR14090620,46619,species,Sweet potato virus G,678,678,9,294,294
SRR14090620,332470,,unclassified Potyvirus,3,0,9,295,297
SRR14090620,2739386,species,Ipomoea batatas potyvirus,3,3,10,295,295
SRR14090620,12844,species,Sweet potato feathery mottle virus,1,1,9,297,297
SRR14090620,930881,species,Sweet potato virus C,1,1,9,298,298
SRR14090620,2732506,class,Pisoniviricetes,7,0,5,303,309
SRR14090620,464095,order,Picornavirales,7,0,6,303,308
SRR14090620,675072,family,Secoviridae,7,0,7,303,307
SRR14090620,675075,subfamily,Comovirinae,7,0,8,303,306
SRR14090620,12269,genus,Fabavirus,7,0,9,303,305
SRR14090620,1849838,species,Grapevine fabavirus,7,7,10,303,303
SRR14090620,2497569,phylum,Negarnaviricota,7,0,4,310,317
SRR14090620,2497570,subphylum,Haploviricotina,7,0,5,310,316
SRR14090620,2497574,class,Monjiviricetes,7,0,6,310,315
SRR14090620,11157,order,Mononegavirales,7,0,7,310,314
SRR14090620,11270,family,Rhabdoviridae,7,0,8,310,313
SRR14090620,35303,,unclassified Rhabdoviridae,7,0,9,310,312
SRR14090620,1279472,species,Rhabdovirus YHG-2013,7,7,10,310,310
SRR14090621,10239,superkingdom,Viruses,1189,0,1,235,271
SRR14090621,2559587,,Riboviria,1189,0,2,235,270
SRR14090621,2732396,kingdom,Orthornavirae,1188,0,3,235,261
SRR14090621,2732408,phylum,Pisuviricota,1185,0,4,235,253
SRR14090621,2732507,class,Stelpaviricetes,1184,0,5,235,246
SRR14090621,2732550,order,Patatavirales,1184,0,6,235,245
SRR14090621,39729,family,Potyviridae,1184,0,7,235,244
SRR14090621,12195,genus,Potyvirus,1184,268,8,235,243
SRR14090621,46619,species,Sweet potato virus G,652,652,9,235,235
SRR14090621,930881,species,Sweet potato virus C,186,186,9,236,236
SRR14090621,12844,species,Sweet potato feathery mottle virus,75,74,9,237,239
SRR14090621,36395,,Sweet potato feathery mottle virus (strain CH),1,1,10,237,237
SRR14090621,332470,,unclassified Potyvirus,2,0,9,239,241
SRR14090621,2739386,species,Ipomoea batatas potyvirus,2,2,10,239,239
SRR14090621,33765,species,Tobacco vein banding mosaic virus,1,1,9,241,241
SRR14090621,2732506,class,Pisoniviricetes,1,0,5,246,252
SRR14090621,464095,order,Picornavirales,1,0,6,246,251
SRR14090621,675072,family,Secoviridae,1,0,7,246,250
SRR14090621,675075,subfamily,Comovirinae,1,0,8,246,249
SRR14090621,12269,genus,Fabavirus,1,0,9,246,248
SRR14090621,1849838,species,Grapevine fabavirus,1,1,10,246,246
SRR14090621,2497569,phylum,Negarnaviricota,3,0,4,253,260
SRR14090621,2497570,subphylum,Haploviricotina,3,0,5,253,259
SRR14090621,2497574,class,Monjiviricetes,3,0,6,253,258
SRR14090621,11157,order,Mononegavirales,3,0,7,253,257
SRR14090621,11270,family,Rhabdoviridae,3,0,8,253,256
SRR14090621,35303,,unclassified Rhabdoviridae,3,0,9,253,255
SRR14090621,1279472,species,Rhabdovirus YHG-2013,3,3,10,253,253
SRR14090621,2732397,kingdom,Pararnavirae,1,0,3,261,269
SRR14090621,2732409,phylum,Artverviricota,1,0,4,261,268
SRR14090621,2732514,class,Revtraviricetes,1,0,5,261,267
SRR14090621,2169561,order,Ortervirales,1,0,6,261,266
SRR14090621,186534,family,Caulimoviridae,1,0,7,261,265
SRR14090621,10652,genus,Badnavirus,1,0,8,261,264
SRR14090621,325348,,unclassified Badnavirus,1,0,9,261,263
SRR14090621,647294,species,Sweet potato badnavirus B,1,1,10,261,261
SRR14574587,10239,superkingdom,Viruses,258,0,1,512,544
SRR14574587,2559587,,Riboviria,257,0,2,512,535
SRR14574587,2732396,kingdom,Orthornavirae,252,0,3,512,526
SRR14574587,2732406,phylum,Kitrinoviricota,171,0,4,512,518
SRR14574587,2732461,class,Alsuviricetes,171,0,5,512,517
SRR14574587,2732544,order,Martellivirales,171,0,6,512,516
SRR14574587,564644,family,Endornaviridae,171,0,7,512,515
SRR14574587,2003394,genus,Alphaendornavirus,171,0,8,512,514
SRR14574587,362693,species,Oryza sativa alphaendornavirus,171,171,9,512,512
SRR14574587,2732408,phylum,Pisuviricota,81,0,4,518,525
SRR14574587,2732507,class,Stelpaviricetes,81,0,5,518,524
SRR14574587,2732550,order,Patatavirales,81,0,6,518,523
SRR14574587,39729,family,Potyviridae,81,0,7,518,522
SRR14574587,12195,genus,Potyvirus,81,0,8,518,521
SRR14574587,87097,species,Yam mild mosaic virus,78,78,9,518,518
SRR14574587,12211,species,Plum pox virus,3,3,9,519,519
SRR14574587,2732397,kingdom,Pararnavirae,5,0,3,526,534
SRR14574587,2732409,phylum,Artverviricota,5,0,4,526,533
SRR14574587,2732514,class,Revtraviricetes,5,0,5,526,532
SRR14574587,2169561,order,Ortervirales,5,0,6,526,531
SRR14574587,186534,family,Caulimoviridae,5,0,7,526,530
SRR14574587,10652,genus,Badnavirus,5,0,8,526,529
SRR14574587,325348,,unclassified Badnavirus,5,0,9,526,528
SRR14574587,52996,species,Dioscorea bacilliform virus,5,5,10,526,526
SRR14574587,2731341,,Duplodnaviria,1,0,2,535,543
SRR14574587,2731360,,Heunggongvirae,1,0,3,535,542
SRR14574587,2731618,phylum,Uroviricota,1,0,4,535,541
SRR14574587,2731619,class,Caudoviricetes,1,0,5,535,540
SRR14574587,28883,order,Caudovirales,1,0,6,535,539
SRR14574587,10699,family,Siphoviridae,1,0,7,535,538
SRR14574587,1982251,genus,Pahexavirus,1,0,8,535,537
SRR14574587,2079398,,unclassified Pahexavirus,1,1,9,535,535
SRR14574588,10239,superkingdom,Viruses,343,8,1,578,602
SRR14574588,2559587,,Riboviria,335,0,2,578,601
SRR14574588,2732396,kingdom,Orthornavirae,333,0,3,578,592
SRR14574588,2732408,phylum,Pisuviricota,177,0,4,578,585
SRR14574588,2732507,class,Stelpaviricetes,177,0,5,578,584
SRR14574588,2732550,order,Patatavirales,177,0,6,578,583
SRR14574588,39729,family,Potyviridae,177,0,7,578,582
SRR14574588,12195,genus,Potyvirus,177,0,8,578,581
SRR14574588,87097,species,Yam mild mosaic virus,174,174,9,578,578
SRR14574588,12211,species,Plum pox virus,3,3,9,579,579
SRR14574588,2732406,phylum,Kitrinoviricota,156,0,4,585,591
SRR14574588,2732461,class,Alsuviricetes,156,0,5,585,590
SRR14574588,2732544,order,Martellivirales,156,0,6,585,589
SRR14574588,564644,family,Endornaviridae,156,0,7,585,588
SRR14574588,2003394,genus,Alphaendornavirus,156,0,8,585,587
SRR14574588,362693,species,Oryza sativa alphaendornavirus,156,156,9,585,585
SRR14574588,2732397,kingdom,Pararnavirae,2,0,3,592,600
SRR14574588,2732409,phylum,Artverviricota,2,0,4,592,599
SRR14574588,2732514,class,Revtraviricetes,2,0,5,592,598
SRR14574588,2169561,order,Ortervirales,2,0,6,592,597
SRR14574588,186534,family,Caulimoviridae,2,0,7,592,596
SRR14574588,10652,genus,Badnavirus,2,0,8,592,595
SRR14574588,325348,,unclassified Badnavirus,2,0,9,592,594
SRR14574588,52996,species,Dioscorea bacilliform virus,2,2,10,592,592
SRR14574589,10239,superkingdom,Viruses,131244,0,1,747,788
SRR14574589,2559587,,Riboviria,131229,0,2,747,775
SRR14574589,2732396,kingdom,Orthornavirae,131213,0,3,747,766
SRR14574589,2732408,phylum,Pisuviricota,131065,0,4,747,759
SRR14574589,2732507,class,Stelpaviricetes,131065,0,5,747,758
SRR14574589,2732550,order,Patatavirales,131065,0,6,747,757
SRR14574589,39729,family,Potyviridae,131065,4,7,747,756
SRR14574589,12195,genus,Potyvirus,131061,471,8,747,755
SRR14574589,87097,species,Yam mild mosaic virus,127504,127504,9,747,747
SRR14574589,12211,species,Plum pox virus,3062,3062,9,748,748
SRR14574589,12205,species,Papaya ringspot virus,15,15,9,749,749
SRR14574589,52280,species,Chilli veinal mottle virus,6,6,9,750,750
SRR14574589,12216,species,Potato virus Y,1,1,9,751,751
SRR14574589,201862,species,Wisteria vein mosaic virus,1,1,9,752,752
SRR14574589,433357,species,Bidens mottle virus,1,1,9,753,753
SRR14574589,2732406,phylum,Kitrinoviricota,148,0,4,759,765
SRR14574589,2732461,class,Alsuviricetes,148,0,5,759,764
SRR14574589,2732544,order,Martellivirales,148,0,6,759,763
SRR14574589,564644,family,Endornaviridae,148,0,7,759,762
SRR14574589,2003394,genus,Alphaendornavirus,148,0,8,759,761
SRR14574589,362693,species,Oryza sativa alphaendornavirus,148,148,9,759,759
SRR14574589,2732397,kingdom,Pararnavirae,16,0,3,766,774
SRR14574589,2732409,phylum,Artverviricota,16,0,4,766,773
SRR14574589,2732514,class,Revtraviricetes,16,0,5,766,772
SRR14574589,2169561,order,Ortervirales,16,0,6,766,771
SRR14574589,186534,family,Caulimoviridae,16,0,7,766,770
SRR14574589,10652,genus,Badnavirus,16,0,8,766,769
SRR14574589,325348,,unclassified Badnavirus,16,0,9,766,768
SRR14574589,52996,species,Dioscorea bacilliform virus,16,16,10,766,766
SRR14574589,2731342,,Monodnaviria,13,0,2,775,784
SRR14574589,2732092,kingdom,Shotokuvirae,13,0,3,775,783
SRR14574589,2732416,phylum,Cressdnaviricota,13,0,4,775,782
SRR14574589,2732424,class,Repensiviricetes,13,0,5,775,781
SRR14574589,2732539,order,Geplafuvirales,13,0,6,775,780
SRR14574589,10811,family,Geminiviridae,13,0,7,775,779
SRR14574589,10814,genus,Begomovirus,13,0,8,775,778
SRR14574589,291027,,unclassified Begomovirus,13,0,9,775,777
SRR14574589,1592931,species,Yam yellow spot mosaic virus,13,13,10,775,775
SRR14574589,185751,family,Pospiviroidae,2,0,2,784,787
SRR14574589,185753,genus,Pospiviroid,2,0,3,784,786
SRR14574589,12890,species,Citrus exocortis viroid,2,2,4,784,784
SRR14574590,10239,superkingdom,Viruses,4458,2,1,727,797
SRR14574590,2559587,,Riboviria,4392,0,2,727,764
SRR14574590,2732396,kingdom,Orthornavirae,4379,0,3,727,755
SRR14574590,2732408,phylum,Pisuviricota,4212,0,4,727,735
SRR14574590,2732507,class,Stelpaviricetes,4212,0,5,727,734
SRR14574590,2732550,order,Patatavirales,4212,0,6,727,733
SRR14574590,39729,family,Potyviridae,4212,0,7,727,732
SRR14574590,12195,genus,Potyvirus,4212,90,8,727,731
SRR14574590,87097,species,Yam mild mosaic virus,4087,4087,9,727,727
SRR14574590,12211,species,Plum pox virus,34,34,9,728,728
SRR14574590,12205,species,Papaya ringspot virus,1,1,9,729,729
SRR14574590,2732406,phylum,Kitrinoviricota,166,0,4,735,747
SRR14574590,2732461,class,Alsuviricetes,165,0,5,735,740
SRR14574590,2732544,order,Martellivirales,165,0,6,735,739
SRR14574590,564644,family,Endornaviridae,165,0,7,735,738
SRR14574590,2003394,genus,Alphaendornavirus,165,0,8,735,737
SRR14574590,362693,species,Oryza sativa alphaendornavirus,165,165,9,735,735
SRR14574590,2732462,class,Flasuviricetes,1,0,5,740,746
SRR14574590,2732545,order,Amarillovirales,1,0,6,740,745
SRR14574590,11050,family,Flaviviridae,1,0,7,740,744
SRR14574590,11095,genus,Pestivirus,1,0,8,740,743
SRR14574590,2170080,species,Pestivirus A,1,0,9,740,742
SRR14574590,11099,,Bovine viral diarrhea virus 1,1,1,10,740,740
SRR14574590,2732407,phylum,Lenarviricota,1,0,4,747,754
SRR14574590,2732498,class,Amabiliviricetes,1,0,5,747,753
SRR14574590,2732502,order,Wolframvirales,1,0,6,747,752
SRR14574590,186766,family,Narnaviridae,1,0,7,747,751
SRR14574590,186767,genus,Narnavirus,1,0,8,747,750
SRR14574590,908833,,unclassified Narnavirus,1,0,9,747,749
SRR14574590,2250450,species,Aspergillus fumigatus narnavirus 2,1,1,10,747,747
SRR14574590,2732397,kingdom,Pararnavirae,13,0,3,755,763
SRR14574590,2732409,phylum,Artverviricota,13,0,4,755,762
SRR14574590,2732514,class,Revtraviricetes,13,0,5,755,761
SRR14574590,2169561,order,Ortervirales,13,0,6,755,760
SRR14574590,186534,family,Caulimoviridae,13,0,7,755,759
SRR14574590,10652,genus,Badnavirus,13,3,8,755,758
SRR14574590,325348,,unclassified Badnavirus,10,0,9,755,757
SRR14574590,52996,species,Dioscorea bacilliform virus,10,10,10,755,755
SRR14574590,2731342,,Monodnaviria,61,0,2,764,773
SRR14574590,2732092,kingdom,Shotokuvirae,61,0,3,764,772
SRR14574590,2732416,phylum,Cressdnaviricota,61,0,4,764,771
SRR14574590,2732424,class,Repensiviricetes,61,0,5,764,770
SRR14574590,2732539,order,Geplafuvirales,61,0,6,764,769
SRR14574590,10811,family,Geminiviridae,61,0,7,764,768
SRR14574590,10814,genus,Begomovirus,61,0,8,764,767
SRR14574590,291027,,unclassified Begomovirus,61,0,9,764,766
SRR14574590,1592931,species,Yam yellow spot mosaic virus,61,61,10,764,764
SRR14574590,185751,family,Pospiviroidae,1,0,2,773,776
SRR14574590,185753,genus,Pospiviroid,1,0,3,773,775
SRR14574590,12890,species,Citrus exocortis viroid,1,1,4,773,773
SRR14574590,2732004,,Varidnaviria,1,0,2,776,786
SRR14574590,2732005,kingdom,Bamfordvirae,1,0,3,776,785
SRR14574590,2732007,phylum,Nucleocytoviricota,1,0,4,776,784
SRR14574590,2732523,class,Megaviricetes,1,0,5,776,783
SRR14574590,2732554,order,Imitervirales,1,0,6,776,782
SRR14574590,549779,family,Mimiviridae,1,0,7,776,781
SRR14574590,985780,,unclassified Mimiviridae,1,0,8,776,780
SRR14574590,1977630,subfamily,Klosneuvirinae,1,0,9,776,779
SRR14574590,1977639,genus,Klosneuvirus,1,0,10,776,778
SRR14574590,2024608,species,Bodo saltans virus,1,1,11,776,776
SRR14574590,2731341,,Duplodnaviria,1,0,2,786,796
SRR14574590,2731360,kingdom,Heunggongvirae,1,0,3,786,795
SRR14574590,2731618,phylum,Uroviricota,1,0,4,786,794
SRR14574590,2731619,class,Caudoviricetes,1,0,5,786,793
SRR14574590,28883,order,Caudovirales,1,0,6,786,792
SRR14574590,10744,family,Podoviridae,1,0,7,786,791
SRR14574590,2842520,subfamily,Beephvirinae,1,0,8,786,790
SRR14574590,2842852,genus,Manuelvirus,1,0,9,786,789
SRR14574590,2846400,species,Streptomyces virus JXY1,1,0,10,786,788
SRR14574590,2708562,,Streptomyces phage JXY1,1,1,11,786,786
SRR14574591,10239,superkingdom,Viruses,64,0,1,498,520
SRR14574591,2731342,,Monodnaviria,48,0,2,498,508
SRR14574591,2732092,kingdom,Shotokuvirae,48,0,3,498,507
SRR14574591,2732416,phylum,Cressdnaviricota,48,0,4,498,506
SRR14574591,2732424,class,Repensiviricetes,48,0,5,498,505
SRR14574591,2732539,order,Geplafuvirales,48,0,6,498,504
SRR14574591,10811,family,Geminiviridae,48,0,7,498,503
SRR14574591,10814,genus,Begomovirus,46,0,8,498,501
SRR14574591,291027,,unclassified Begomovirus,46,0,9,498,500
SRR14574591,1592931,species,Yam yellow spot mosaic virus,46,46,10,498,498
SRR14574591,10812,genus,Mastrevirus,2,2,8,501,501
SRR14574591,2559587,,Riboviria,15,0,2,508,516
SRR14574591,2732396,kingdom,Orthornavirae,15,0,3,508,515
SRR14574591,2732408,phylum,Pisuviricota,15,0,4,508,514
SRR14574591,2732507,class,Stelpaviricetes,15,0,5,508,513
SRR14574591,2732550,order,Patatavirales,15,0,6,508,512
SRR14574591,39729,family,Potyviridae,15,0,7,508,511
SRR14574591,12195,genus,Potyvirus,15,1,8,508,510
SRR14574591,87097,species,Yam mild mosaic virus,14,14,9,508,508
SRR14574591,185751,family,Pospiviroidae,1,0,2,516,519
SRR14574591,185753,genus,Pospiviroid,1,0,3,516,518
SRR14574591,12890,species,Citrus exocortis viroid,1,1,4,516,516
SRR14574592,10239,superkingdom,Viruses,201,0,1,545,576
SRR14574592,2559587,,Riboviria,119,0,2,545,562
SRR14574592,2732396,kingdom,Orthornavirae,114,0,3,545,553
SRR14574592,2732408,phylum,Pisuviricota,114,0,4,545,552
SRR14574592,2732507,class,Stelpaviricetes,114,0,5,545,551
SRR14574592,2732550,order,Patatavirales,114,0,6,545,550
SRR14574592,39729,family,Potyviridae,114,0,7,545,549
SRR14574592,12195,genus,Potyvirus,114,4,8,545,548
SRR14574592,87097,species,Yam mild mosaic virus,109,109,9,545,545
SRR14574592,201862,species,Wisteria vein mosaic virus,1,1,9,546,546
SRR14574592,2732397,kingdom,Pararnavirae,5,0,3,553,561
SRR14574592,2732409,phylum,Artverviricota,5,0,4,553,560
SRR14574592,2732514,class,Revtraviricetes,5,0,5,553,559
SRR14574592,2169561,order,Ortervirales,5,0,6,553,558
SRR14574592,186534,family,Caulimoviridae,5,0,7,553,557
SRR14574592,10652,genus,Badnavirus,5,0,8,553,556
SRR14574592,325348,,unclassified Badnavirus,5,0,9,553,555
SRR14574592,52996,species,Dioscorea bacilliform virus,5,5,10,553,553
SRR14574592,2731342,,Monodnaviria,80,0,2,562,572
SRR14574592,2732092,kingdom,Shotokuvirae,80,0,3,562,571
SRR14574592,2732416,phylum,Cressdnaviricota,80,0,4,562,570
SRR14574592,2732424,class,Repensiviricetes,80,0,5,562,569
SRR14574592,2732539,order,Geplafuvirales,80,0,6,562,568
SRR14574592,10811,family,Geminiviridae,80,0,7,562,567
SRR14574592,10814,genus,Begomovirus,75,0,8,562,565
SRR14574592,291027,,unclassified Begomovirus,75,0,9,562,564
SRR14574592,1592931,species,Yam yellow spot mosaic virus,75,75,10,562,562
SRR14574592,10812,genus,Mastrevirus,5,5,8,565,565
SRR14574592,185751,family,Pospiviroidae,2,0,2,572,575
SRR14574592,185753,genus,Pospiviroid,2,0,3,572,574
SRR14574592,12890,species,Citrus exocortis viroid,2,2,4,572,572
SRR14574593,10239,superkingdom,Viruses,3271,0,1,578,622
SRR14574593,2559587,,Riboviria,3194,0,2,578,603
SRR14574593,2732396,kingdom,Orthornavirae,3187,0,3,578,594
SRR14574593,2732408,phylum,Pisuviricota,3186,0,4,578,586
SRR14574593,2732507,class,Stelpaviricetes,3186,0,5,578,585
SRR14574593,2732550,order,Patatavirales,3186,0,6,578,584
SRR14574593,39729,family,Potyviridae,3186,0,7,578,583
SRR14574593,12195,genus,Potyvirus,3186,422,8,578,582
SRR14574593,87097,species,Yam mild mosaic virus,2739,2739,9,578,578
SRR14574593,201862,species,Wisteria vein mosaic virus,24,24,9,579,579
SRR14574593,29271,species,Dasheen mosaic virus,1,1,9,580,580
SRR14574593,2732406,phylum,Kitrinoviricota,1,0,4,586,593
SRR14574593,2732462,class,Flasuviricetes,1,0,5,586,592
SRR14574593,2732545,order,Amarillovirales,1,0,6,586,591
SRR14574593,11050,family,Flaviviridae,1,0,7,586,590
SRR14574593,11095,genus,Pestivirus,1,0,8,586,589
SRR14574593,2170080,species,Pestivirus A,1,0,9,586,588
SRR14574593,11099,,Bovine viral diarrhea virus 1,1,1,10,586,586
SRR14574593,2732397,kingdom,Pararnavirae,7,0,3,594,602
SRR14574593,2732409,phylum,Artverviricota,7,0,4,594,601
SRR14574593,2732514,class,Revtraviricetes,7,0,5,594,600
SRR14574593,2169561,order,Ortervirales,7,0,6,594,599
SRR14574593,186534,family,Caulimoviridae,7,0,7,594,598
SRR14574593,10652,genus,Badnavirus,7,0,8,594,597
SRR14574593,325348,,unclassified Badnavirus,7,0,9,594,596
SRR14574593,52996,species,Dioscorea bacilliform virus,7,7,10,594,594
SRR14574593,2731342,,Monodnaviria,76,0,2,603,613
SRR14574593,2732092,kingdom,Shotokuvirae,76,0,3,603,612
SRR14574593,2732416,phylum,Cressdnaviricota,76,0,4,603,611
SRR14574593,2732424,class,Repensiviricetes,76,0,5,603,610
SRR14574593,2732539,order,Geplafuvirales,76,0,6,603,609
SRR14574593,10811,family,Geminiviridae,76,0,7,603,608
SRR14574593,10814,genus,Begomovirus,75,0,8,603,606
SRR14574593,291027,,unclassified Begomovirus,75,0,9,603,605
SRR14574593,1592931,species,Yam yellow spot mosaic virus,75,75,10,603,603
SRR14574593,10812,genus,Mastrevirus,1,1,8,606,606
SRR14574593,2732004,,Varidnaviria,1,0,2,613,621
SRR14574593,2732005,kingdom,Bamfordvirae,1,0,3,613,620
SRR14574593,2732007,phylum,Nucleocytoviricota,1,0,4,613,619
SRR14574593,2732523,class,Megaviricetes,1,0,5,613,618
SRR14574593,2732555,order,Pimascovirales,1,0,6,613,617
SRR14574593,10486,family,Iridoviridae,1,0,7,613,616
SRR14574593,2017756,subfamily,Alphairidovirinae,1,0,8,613,615
SRR14574593,10492,genus,Ranavirus,1,1,9,613,613
SRR14574594,10239,superkingdom,Viruses,14669,0,1,615,665
SRR14574594,2559587,,Riboviria,14617,0,2,615,642
SRR14574594,2732396,kingdom,Orthornavirae,14595,0,3,615,633
SRR14574594,2732408,phylum,Pisuviricota,14594,0,4,615,624
SRR14574594,2732507,class,Stelpaviricetes,14593,0,5,615,621
SRR14574594,2732550,order,Patatavirales,14593,0,6,615,620
SRR14574594,39729,family,Potyviridae,14593,0,7,615,619
SRR14574594,12195,genus,Potyvirus,14593,2802,8,615,618
SRR14574594,87097,species,Yam mild mosaic virus,11710,11710,9,615,615
SRR14574594,201862,species,Wisteria vein mosaic virus,81,81,9,616,616
SRR14574594,2732506,class,Pisoniviricetes,1,0,5,621,623
SRR14574594,464095,order,Picornavirales,1,1,6,621,621
SRR14574594,2497569,phylum,Negarnaviricota,1,0,4,624,632
SRR14574594,2497570,subphylum,Haploviricotina,1,0,5,624,631
SRR14574594,2497573,class,Milneviricetes,1,0,6,624,630
SRR14574594,2499881,order,Serpentovirales,1,0,7,624,629
SRR14574594,568247,family,Aspiviridae,1,0,8,624,628
SRR14574594,88129,genus,Ophiovirus,1,0,9,624,627
SRR14574594,2170050,species,Tulip mild mottle mosaic ophiovirus,1,0,10,624,626
SRR14574594,219702,,Tulip mild mottle mosaic virus,1,1,11,624,624
SRR14574594,2732397,kingdom,Pararnavirae,22,0,3,633,641
SRR14574594,2732409,phylum,Artverviricota,22,0,4,633,640
SRR14574594,2732514,class,Revtraviricetes,22,0,5,633,639
SRR14574594,2169561,order,Ortervirales,22,0,6,633,638
SRR14574594,186534,family,Caulimoviridae,22,0,7,633,637
SRR14574594,10652,genus,Badnavirus,22,0,8,633,636
SRR14574594,325348,,unclassified Badnavirus,22,0,9,633,635
SRR14574594,52996,species,Dioscorea bacilliform virus,22,22,10,633,633
SRR14574594,2731342,,Monodnaviria,50,0,2,642,651
SRR14574594,2732092,kingdom,Shotokuvirae,50,0,3,642,650
SRR14574594,2732416,phylum,Cressdnaviricota,50,0,4,642,649
SRR14574594,2732424,class,Repensiviricetes,50,0,5,642,648
SRR14574594,2732539,order,Geplafuvirales,50,0,6,642,647
SRR14574594,10811,family,Geminiviridae,50,0,7,642,646
SRR14574594,10814,genus,Begomovirus,50,0,8,642,645
SRR14574594,291027,,unclassified Begomovirus,50,0,9,642,644
SRR14574594,1592931,species,Yam yellow spot mosaic virus,50,50,10,642,642
SRR14574594,185751,family,Pospiviroidae,1,0,2,651,654
SRR14574594,185753,genus,Pospiviroid,1,0,3,651,653
SRR14574594,12890,species,Citrus exocortis viroid,1,1,4,651,651
SRR14574594,2732004,,Varidnaviria,1,0,2,654,664
SRR14574594,2732005,kingdom,Bamfordvirae,1,0,3,654,663
SRR14574594,2732007,phylum,Nucleocytoviricota,1,0,4,654,662
SRR14574594,2732523,class,Megaviricetes,1,0,5,654,661
SRR14574594,2732554,order,Imitervirales,1,0,6,654,660
SRR14574594,549779,family,Mimiviridae,1,0,7,654,659
SRR14574594,985780,,unclassified Mimiviridae,1,0,8,654,658
SRR14574594,1977630,subfamily,Klosneuvirinae,1,0,9,654,657
SRR14574594,1977639,genus,Klosneuvirus,1,0,10,654,656
SRR14574594,2024608,species,Bodo saltans virus,1,1,11,654,654
SRR14954305,10239,superkingdom,Viruses,305,0,1,550,588
SRR14954305,2559587,,Riboviria,294,0,2,550,567
SRR14954305,2732396,kingdom,Orthornavirae,294,0,3,550,566
SRR14954305,2497569,phylum,Negarnaviricota,293,0,4,550,558
SRR14954305,2497570,subphylum,Haploviricotina,293,0,5,550,557
SRR14954305,2497574,class,Monjiviricetes,293,0,6,550,556
SRR14954305,11157,order,Mononegavirales,293,0,7,550,555
SRR14954305,11158,family,Paramyxoviridae,293,0,8,550,554
SRR14954305,2560076,subfamily,Orthoparamyxovirinae,293,0,9,550,553
SRR14954305,186938,genus,Respirovirus,293,0,10,550,552
SRR14954305,12730,species,Human respirovirus 1,293,293,11,550,550
SRR14954305,2732406,phylum,Kitrinoviricota,1,0,4,558,565
SRR14954305,2732461,class,Alsuviricetes,1,0,5,558,564
SRR14954305,2732543,order,Hepelivirales,1,0,6,558,563
SRR14954305,1513233,family,Benyviridae,1,0,7,558,562
SRR14954305,143901,genus,Benyvirus,1,0,8,558,561
SRR14954305,373372,,unclassified Benyvirus,1,0,9,558,560
SRR14954305,1814004,species,Mangifera indica latent virus,1,1,10,558,558
SRR14954305,2731341,,Duplodnaviria,11,0,2,567,587
SRR14954305,2731360,kingdom,Heunggongvirae,11,0,3,567,586
SRR14954305,2731361,phylum,Peploviricota,6,0,4,567,574
SRR14954305,2731363,class,Herviviricetes,6,0,5,567,573
SRR14954305,548681,order,Herpesvirales,6,0,6,567,572
SRR14954305,10292,family,Herpesviridae,6,0,7,567,571
SRR14954305,10374,subfamily,Gammaherpesvirinae,6,0,8,567,570
SRR14954305,10375,genus,Lymphocryptovirus,6,0,9,567,569
SRR14954305,10376,species,Human gammaherpesvirus 4,6,6,10,567,567
SRR14954305,2731618,phylum,Uroviricota,5,0,4,574,585
SRR14954305,2731619,class,Caudoviricetes,5,0,5,574,584
SRR14954305,28883,order,Caudovirales,5,0,6,574,583
SRR14954305,2731691,family,Drexlerviridae,3,0,7,574,577
SRR14954305,1910999,subfamily,Tunavirinae,3,0,8,574,576
SRR14954305,187217,genus,Tunavirus,3,3,9,574,574
SRR14954305,10662,family,Myoviridae,2,0,7,577,582
SRR14954305,680115,genus,Phikzvirus,1,0,8,577,579
SRR14954305,1231361,,unclassified Phikzvirus,1,1,9,577,577
SRR14954305,196896,,unclassified Myoviridae,1,0,8,579,581
SRR14954305,1881381,species,Vibrio phage 1.029.O._10N.261.55.A7,1,1,9,579,579
SRR14954306,10239,superkingdom,Viruses,182,0,1,597,630
SRR14954306,2559587,,Riboviria,179,0,2,597,607
SRR14954306,2732396,kingdom,Orthornavirae,179,0,3,597,606
SRR14954306,2497569,phylum,Negarnaviricota,179,0,4,597,605
SRR14954306,2497570,subphylum,Haploviricotina,179,0,5,597,604
SRR14954306,2497574,class,Monjiviricetes,179,0,6,597,603
SRR14954306,11157,order,Mononegavirales,179,0,7,597,602
SRR14954306,11158,family,Paramyxoviridae,179,0,8,597,601
SRR14954306,2560076,subfamily,Orthoparamyxovirinae,179,0,9,597,600
SRR14954306,186938,genus,Respirovirus,179,0,10,597,599
SRR14954306,12730,species,Human respirovirus 1,179,179,11,597,597
SRR14954306,2731341,,Duplodnaviria,2,0,2,607,619
SRR14954306,2731360,kingdom,Heunggongvirae,2,0,3,607,618
SRR14954306,2731361,phylum,Peploviricota,1,0,4,607,614
SRR14954306,2731363,class,Herviviricetes,1,0,5,607,613
SRR14954306,548681,order,Herpesvirales,1,0,6,607,612
SRR14954306,10292,family,Herpesviridae,1,0,7,607,611
SRR14954306,10374,subfamily,Gammaherpesvirinae,1,0,8,607,610
SRR14954306,10375,genus,Lymphocryptovirus,1,0,9,607,609
SRR14954306,10376,species,Human gammaherpesvirus 4,1,1,10,607,607
SRR14954306,2731618,phylum,Uroviricota,1,0,4,614,617
SRR14954306,2731619,class,Caudoviricetes,1,0,5,614,616
SRR14954306,28883,order,Caudovirales,1,1,6,614,614
SRR14954306,2731342,,Monodnaviria,1,0,2,619,629
SRR14954306,2732092,kingdom,Shotokuvirae,1,0,3,619,628
SRR14954306,2732415,phylum,Cossaviricota,1,0,4,619,627
SRR14954306,2732421,class,Papovaviricetes,1,0,5,619,626
SRR14954306,2732533,order,Zurhausenvirales,1,0,6,619,625
SRR14954306,151340,family,Papillomaviridae,1,0,7,619,624
SRR14954306,2169595,subfamily,Firstpapillomavirinae,1,0,8,619,623
SRR14954306,333750,genus,Alphapapillomavirus,1,0,9,619,622
SRR14954306,337041,species,Alphapapillomavirus 9,1,0,10,619,621
SRR14954306,333760,,Human papillomavirus type 16,1,1,11,619,619
SRR14954307,10239,superkingdom,Viruses,249,0,1,452,485
SRR14954307,2559587,,Riboviria,230,0,2,452,462
SRR14954307,2732396,kingdom,Orthornavirae,230,0,3,452,461
SRR14954307,2497569,phylum,Negarnaviricota,230,0,4,452,460
SRR14954307,2497570,subphylum,Haploviricotina,230,0,5,452,459
SRR14954307,2497574,class,Monjiviricetes,230,0,6,452,458
SRR14954307,11157,order,Mononegavirales,230,0,7,452,457
SRR14954307,11158,family,Paramyxoviridae,230,0,8,452,456
SRR14954307,2560076,subfamily,Orthoparamyxovirinae,230,0,9,452,455
SRR14954307,186938,genus,Respirovirus,230,0,10,452,454
SRR14954307,12730,species,Human respirovirus 1,230,230,11,452,452
SRR14954307,2731341,,Duplodnaviria,19,0,2,462,484
SRR14954307,2731360,kingdom,Heunggongvirae,19,0,3,462,483
SRR14954307,2731618,phylum,Uroviricota,16,0,4,462,475
SRR14954307,2731619,class,Caudoviricetes,16,0,5,462,474
SRR14954307,28883,order,Caudovirales,16,1,6,462,473
SRR14954307,10662,family,Myoviridae,8,0,7,462,466
SRR14954307,2733112,genus,Loughboroughvirus,8,4,8,462,465
SRR14954307,2734117,species,Salmonella virus ZCSE2,4,0,9,462,464
SRR14954307,2562175,,Salmonella phage ZCSE2,4,4,10,462,462
SRR14954307,2731691,family,Drexlerviridae,6,0,7,466,469
SRR14954307,1910999,subfamily,Tunavirinae,6,0,8,466,468
SRR14954307,187217,genus,Tunavirus,6,6,9,466,466
SRR14954307,10699,family,Siphoviridae,1,0,7,469,472
SRR14954307,196894,,unclassified Siphoviridae,1,0,8,469,471
SRR14954307,1573458,species,Pseudomonas phage PS-1,1,1,9,469,469
SRR14954307,2731361,phylum,Peploviricota,3,0,4,475,482
SRR14954307,2731363,class,Herviviricetes,3,0,5,475,481
SRR14954307,548681,order,Herpesvirales,3,0,6,475,480
SRR14954307,10292,family,Herpesviridae,3,0,7,475,479
SRR14954307,10374,subfamily,Gammaherpesvirinae,3,0,8,475,478
SRR14954307,10375,genus,Lymphocryptovirus,3,0,9,475,477
SRR14954307,10376,species,Human gammaherpesvirus 4,3,3,10,475,475
SRR14954308,10239,superkingdom,Viruses,180,0,1,552,578
SRR14954308,2559587,,Riboviria,163,0,2,552,562
SRR14954308,2732396,kingdom,Orthornavirae,163,0,3,552,561
SRR14954308,2497569,phylum,Negarnaviricota,163,0,4,552,560
SRR14954308,2497570,subphylum,Haploviricotina,163,0,5,552,559
SRR14954308,2497574,class,Monjiviricetes,163,0,6,552,558
SRR14954308,11157,order,Mononegavirales,163,0,7,552,557
SRR14954308,11158,family,Paramyxoviridae,163,0,8,552,556
SRR14954308,2560076,subfamily,Orthoparamyxovirinae,163,0,9,552,555
SRR14954308,186938,genus,Respirovirus,163,0,10,552,554
SRR14954308,12730,species,Human respirovirus 1,163,163,11,552,552
SRR14954308,2731341,,Duplodnaviria,17,0,2,562,577
SRR14954308,2731360,kingdom,Heunggongvirae,17,0,3,562,576
SRR14954308,2731618,phylum,Uroviricota,17,0,4,562,575
SRR14954308,2731619,class,Caudoviricetes,17,0,5,562,574
SRR14954308,28883,order,Caudovirales,17,0,6,562,573
SRR14954308,2731691,family,Drexlerviridae,8,0,7,562,569
SRR14954308,2732045,subfamily,Braunvirinae,7,1,8,562,566
SRR14954308,1920864,genus,Rtpvirus,6,0,9,562,565
SRR14954308,2734003,species,Escherichia virus IME253,6,0,10,562,564
SRR14954308,1933412,,Escherichia phage vB_EcoS-IME253,6,6,11,562,562
SRR14954308,1910999,subfamily,Tunavirinae,1,0,8,566,568
SRR14954308,187217,genus,Tunavirus,1,1,9,566,566
SRR14954308,10662,family,Myoviridae,5,0,7,569,571
SRR14954308,196896,,unclassified Myoviridae,5,5,8,569,569
SRR14954308,10699,family,Siphoviridae,4,4,7,571,571
SRR14954309,10239,superkingdom,Viruses,587,12,1,771,817
SRR14954309,2559587,,Riboviria,565,0,2,771,791
SRR14954309,2732396,kingdom,Orthornavirae,285,0,3,771,780
SRR14954309,2497569,phylum,Negarnaviricota,285,0,4,771,779
SRR14954309,2497570,subphylum,Haploviricotina,285,0,5,771,778
SRR14954309,2497574,class,Monjiviricetes,285,0,6,771,777
SRR14954309,11157,order,Mononegavirales,285,0,7,771,776
SRR14954309,11158,family,Paramyxoviridae,285,0,8,771,775
SRR14954309,2560076,subfamily,Orthoparamyxovirinae,285,0,9,771,774
SRR14954309,186938,genus,Respirovirus,285,0,10,771,773
SRR14954309,12730,species,Human respirovirus 1,285,285,11,771,771
SRR14954309,2585030,,unclassified Riboviria,270,0,3,780,782
SRR14954309,2585031,species,Riboviria sp.,270,270,4,780,780
SRR14954309,2732397,kingdom,Pararnavirae,10,0,3,782,790
SRR14954309,2732409,phylum,Artverviricota,10,0,4,782,789
SRR14954309,2732514,class,Revtraviricetes,10,0,5,782,788
SRR14954309,2169561,order,Ortervirales,10,0,6,782,787
SRR14954309,186534,family,Caulimoviridae,10,0,7,782,786
SRR14954309,10652,genus,Badnavirus,10,0,8,782,785
SRR14954309,325348,,unclassified Badnavirus,10,0,9,782,784
SRR14954309,69577,species,Banana streak virus,10,10,10,782,782
SRR14954309,2732004,,Varidnaviria,6,0,2,791,805
SRR14954309,2732005,kingdom,Bamfordvirae,6,0,3,791,804
SRR14954309,2732007,phylum,Nucleocytoviricota,6,0,4,791,803
SRR14954309,2732523,class,Megaviricetes,6,0,5,791,802
SRR14954309,2732524,order,Algavirales,5,0,6,791,796
SRR14954309,10501,family,Phycodnaviridae,5,0,7,791,795
SRR14954309,181083,genus,Chlorovirus,5,0,8,791,794
SRR14954309,346674,,unclassified Chlorovirus,5,0,9,791,793
SRR14954309,1278278,species,Acanthocystis turfacea Chlorella virus TN603.4.2,5,5,10,791,791
SRR14954309,2732554,order,Imitervirales,1,0,6,796,801
SRR14954309,549779,family,Mimiviridae,1,0,7,796,800
SRR14954309,985780,,unclassified Mimiviridae,1,0,8,796,799
SRR14954309,2094720,genus,Tupanvirus,1,0,9,796,798
SRR14954309,2126985,species,Tupanvirus soda lake,1,1,10,796,796
SRR14954309,12429,,unclassified viruses,3,0,2,805,807
SRR14954309,2763270,species,Virus NIOZ-UU159,3,3,3,805,805
SRR14954309,2731341,,Duplodnaviria,1,0,2,807,816
SRR14954309,2731360,kingdom,Heunggongvirae,1,0,3,807,815
SRR14954309,2731361,phylum,Peploviricota,1,0,4,807,814
SRR14954309,2731363,class,Herviviricetes,1,0,5,807,813
SRR14954309,548681,order,Herpesvirales,1,0,6,807,812
SRR14954309,10292,family,Herpesviridae,1,0,7,807,811
SRR14954309,10293,subfamily,Alphaherpesvirinae,1,0,8,807,810
SRR14954309,10294,genus,Simplexvirus,1,0,9,807,809
SRR14954309,10298,species,Human alphaherpesvirus 1,1,1,10,807,807
SRR14954310,10239,superkingdom,Viruses,181,1,1,528,554
SRR14954310,2559587,,Riboviria,162,3,2,528,540
SRR14954310,2732396,kingdom,Orthornavirae,154,0,3,528,537
SRR14954310,2497569,phylum,Negarnaviricota,154,0,4,528,536
SRR14954310,2497570,subphylum,Haploviricotina,154,0,5,528,535
SRR14954310,2497574,class,Monjiviricetes,154,0,6,528,534
SRR14954310,11157,order,Mononegavirales,154,0,7,528,533
SRR14954310,11158,family,Paramyxoviridae,154,0,8,528,532
SRR14954310,2560076,subfamily,Orthoparamyxovirinae,154,0,9,528,531
SRR14954310,186938,genus,Respirovirus,154,0,10,528,530
SRR14954310,12730,species,Human respirovirus 1,154,154,11,528,528
SRR14954310,2585030,,unclassified Riboviria,5,0,3,537,539
SRR14954310,2585031,species,Riboviria sp.,5,5,4,537,537
SRR14954310,2731341,,Duplodnaviria,18,0,2,540,553
SRR14954310,2731360,kingdom,Heunggongvirae,18,0,3,540,552
SRR14954310,2731618,phylum,Uroviricota,18,0,4,540,551
SRR14954310,2731619,class,Caudoviricetes,18,0,5,540,550
SRR14954310,28883,order,Caudovirales,18,4,6,540,549
SRR14954310,2731691,family,Drexlerviridae,11,0,7,540,544
SRR14954310,1920860,genus,Webervirus,10,10,8,540,540
SRR14954310,1910999,subfamily,Tunavirinae,1,0,8,541,543
SRR14954310,187217,genus,Tunavirus,1,1,9,541,541
SRR14954310,10662,family,Myoviridae,3,0,7,544,548
SRR14954310,1198136,subfamily,Tevenvirinae,3,0,8,544,547
SRR14954310,2842979,genus,Pseudotevenvirus,3,0,9,544,546
SRR14954310,2852712,,unclassified Pseudotevenvirus,3,3,10,544,544
SRR14954311,10239,superkingdom,Viruses,256,0,1,517,558
SRR14954311,2559587,,Riboviria,229,0,2,517,536
SRR14954311,2732396,kingdom,Orthornavirae,225,0,3,517,526
SRR14954311,2497569,phylum,Negarnaviricota,225,0,4,517,525
SRR14954311,2497570,subphylum,Haploviricotina,225,0,5,517,524
SRR14954311,2497574,class,Monjiviricetes,225,0,6,517,523
SRR14954311,11157,order,Mononegavirales,225,0,7,517,522
SRR14954311,11158,family,Paramyxoviridae,225,0,8,517,521
SRR14954311,2560076,subfamily,Orthoparamyxovirinae,225,0,9,517,520
SRR14954311,186938,genus,Respirovirus,225,0,10,517,519
SRR14954311,12730,species,Human respirovirus 1,225,225,11,517,517
SRR14954311,2732397,kingdom,Pararnavirae,4,0,3,526,535
SRR14954311,2732409,phylum,Artverviricota,4,0,4,526,534
SRR14954311,2732514,class,Revtraviricetes,4,0,5,526,533
SRR14954311,2169561,order,Ortervirales,4,0,6,526,532
SRR14954311,11632,family,Retroviridae,4,0,7,526,531
SRR14954311,327045,subfamily,Orthoretrovirinae,4,0,8,526,530
SRR14954311,11646,genus,Lentivirus,4,0,9,526,529
SRR14954311,12804,species,Puma lentivirus,3,3,10,526,526
SRR14954311,11676,species,Human immunodeficiency virus 1,1,1,10,527,527
SRR14954311,2731341,,Duplodnaviria,27,0,2,536,557
SRR14954311,2731360,kingdom,Heunggongvirae,27,0,3,536,556
SRR14954311,2731618,phylum,Uroviricota,26,0,4,536,548
SRR14954311,2731619,class,Caudoviricetes,26,0,5,536,547
SRR14954311,28883,order,Caudovirales,26,1,6,536,546
SRR14954311,10699,family,Siphoviridae,11,5,7,536,538
SRR14954311,1982251,genus,Pahexavirus,6,6,8,536,536
SRR14954311,2731691,family,Drexlerviridae,9,0,7,538,541
SRR14954311,1910999,subfamily,Tunavirinae,9,0,8,538,540
SRR14954311,187217,genus,Tunavirus,9,9,9,538,538
SRR14954311,10662,family,Myoviridae,5,0,7,541,545
SRR14954311,680115,genus,Phikzvirus,3,0,8,541,543
SRR14954311,1231361,,unclassified Phikzvirus,3,3,9,541,541
SRR14954311,1984786,genus,Elvirus,2,2,8,543,543
SRR14954311,2731361,phylum,Peploviricota,1,0,4,548,555
SRR14954311,2731363,class,Herviviricetes,1,0,5,548,554
SRR14954311,548681,order,Herpesvirales,1,0,6,548,553
SRR14954311,10292,family,Herpesviridae,1,0,7,548,552
SRR14954311,10374,subfamily,Gammaherpesvirinae,1,0,8,548,551
SRR14954311,10375,genus,Lymphocryptovirus,1,0,9,548,550
SRR14954311,10376,species,Human gammaherpesvirus 4,1,1,10,548,548
SRR14954312,10239,superkingdom,Viruses,96,2,1,595,623
SRR14954312,2559587,,Riboviria,89,0,2,595,605
SRR14954312,2732396,kingdom,Orthornavirae,89,0,3,595,604
SRR14954312,2497569,phylum,Negarnaviricota,89,0,4,595,603
SRR14954312,2497570,subphylum,Haploviricotina,89,0,5,595,602
SRR14954312,2497574,class,Monjiviricetes,89,0,6,595,601
SRR14954312,11157,order,Mononegavirales,89,0,7,595,600
SRR14954312,11158,family,Paramyxoviridae,89,0,8,595,599
SRR14954312,2560076,subfamily,Orthoparamyxovirinae,89,0,9,595,598
SRR14954312,186938,genus,Respirovirus,89,0,10,595,597
SRR14954312,12730,species,Human respirovirus 1,89,89,11,595,595
SRR14954312,2731341,,Duplodnaviria,5,0,2,605,622
SRR14954312,2731360,kingdom,Heunggongvirae,5,0,3,605,621
SRR14954312,2731618,phylum,Uroviricota,4,0,4,605,613
SRR14954312,2731619,class,Caudoviricetes,4,0,5,605,612
SRR14954312,28883,order,Caudovirales,4,0,6,605,611
SRR14954312,10662,family,Myoviridae,3,0,7,605,607
SRR14954312,196896,,unclassified Myoviridae,3,3,8,605,605
SRR14954312,2842327,family,Rountreeviridae,1,0,7,607,610
SRR14954312,2732588,subfamily,Rakietenvirinae,1,0,8,607,609
SRR14954312,2732589,genus,Andhravirus,1,1,9,607,607
SRR14954312,2731361,phylum,Peploviricota,1,0,4,613,620
SRR14954312,2731363,class,Herviviricetes,1,0,5,613,619
SRR14954312,548681,order,Herpesvirales,1,0,6,613,618
SRR14954312,10292,family,Herpesviridae,1,0,7,613,617
SRR14954312,10374,subfamily,Gammaherpesvirinae,1,0,8,613,616
SRR14954312,10375,genus,Lymphocryptovirus,1,0,9,613,615
SRR14954312,10376,species,Human gammaherpesvirus 4,1,1,10,613,613
SRR14954313,10239,superkingdom,Viruses,325,7,1,590,636
SRR14954313,2559587,,Riboviria,310,0,2,590,611
SRR14954313,2732396,kingdom,Orthornavirae,310,0,3,590,610
SRR14954313,2497569,phylum,Negarnaviricota,305,0,4,590,598
SRR14954313,2497570,subphylum,Haploviricotina,305,0,5,590,597
SRR14954313,2497574,class,Monjiviricetes,305,0,6,590,596
SRR14954313,11157,order,Mononegavirales,305,0,7,590,595
SRR14954313,11158,family,Paramyxoviridae,305,0,8,590,594
SRR14954313,2560076,subfamily,Orthoparamyxovirinae,305,0,9,590,593
SRR14954313,186938,genus,Respirovirus,305,0,10,590,592
SRR14954313,12730,species,Human respirovirus 1,305,305,11,590,590
SRR14954313,2732408,phylum,Pisuviricota,5,0,4,598,609
SRR14954313,2732506,class,Pisoniviricetes,5,0,5,598,608
SRR14954313,464095,order,Picornavirales,3,0,6,598,601
SRR14954313,675074,,unclassified Picornavirales,3,0,7,598,600
SRR14954313,1955153,species,Picornavirales sp.,3,3,8,598,598
SRR14954313,76804,order,Nidovirales,2,0,6,601,607
SRR14954313,2499399,suborder,Cornidovirineae,2,0,7,601,606
SRR14954313,11118,family,Coronaviridae,2,0,8,601,605
SRR14954313,2501931,subfamily,Orthocoronavirinae,2,0,9,601,604
SRR14954313,694002,genus,Betacoronavirus,2,0,10,601,603
SRR14954313,2509511,subgenus,Sarbecovirus,2,2,11,601,601
SRR14954313,2731341,,Duplodnaviria,7,0,2,611,626
SRR14954313,2731360,kingdom,Heunggongvirae,7,0,3,611,625
SRR14954313,2731618,phylum,Uroviricota,7,0,4,611,624
SRR14954313,2731619,class,Caudoviricetes,7,0,5,611,623
SRR14954313,28883,order,Caudovirales,7,0,6,611,622
SRR14954313,10699,family,Siphoviridae,3,1,7,611,614
SRR14954313,196894,,unclassified Siphoviridae,2,0,8,611,613
SRR14954313,2769335,species,Serratia phage vB_SspS_OS31,2,2,9,611,611
SRR14954313,2731691,family,Drexlerviridae,3,0,7,614,619
SRR14954313,1910999,subfamily,Tunavirinae,3,0,8,614,618
SRR14954313,187217,genus,Tunavirus,3,1,9,614,617
SRR14954313,2049888,species,Escherichia virus JMPW2,2,0,10,614,616
SRR14954313,1772218,,Escherichia phage JMPW2,2,2,11,614,614
SRR14954313,10662,family,Myoviridae,1,0,7,619,621
SRR14954313,1198136,subfamily,Tevenvirinae,1,1,8,619,619
SRR14954313,2732004,,Varidnaviria,1,0,2,626,635
SRR14954313,2732005,kingdom,Bamfordvirae,1,0,3,626,634
SRR14954313,2732007,phylum,Nucleocytoviricota,1,0,4,626,633
SRR14954313,2732523,class,Megaviricetes,1,0,5,626,632
SRR14954313,2732554,order,Imitervirales,1,0,6,626,631
SRR14954313,549779,family,Mimiviridae,1,0,7,626,630
SRR14954313,315393,genus,Mimivirus,1,0,8,626,629
SRR14954313,2501774,,unclassified Mimivirus,1,0,9,626,628
SRR14954313,2506608,species,Mimivirus LCMiAC01,1,1,10,626,626
SRR14954314,10239,superkingdom,Viruses,209,1,1,526,570
SRR14954314,2559587,,Riboviria,189,0,2,526,542
SRR14954314,2732396,kingdom,Orthornavirae,189,0,3,526,541
SRR14954314,2497569,phylum,Negarnaviricota,187,0,4,526,534
SRR14954314,2497570,subphylum,Haploviricotina,187,0,5,526,533
SRR14954314,2497574,class,Monjiviricetes,187,0,6,526,532
SRR14954314,11157,order,Mononegavirales,187,0,7,526,531
SRR14954314,11158,family,Paramyxoviridae,187,0,8,526,530
SRR14954314,2560076,subfamily,Orthoparamyxovirinae,187,0,9,526,529
SRR14954314,186938,genus,Respirovirus,187,0,10,526,528
SRR14954314,12730,species,Human respirovirus 1,187,187,11,526,526
SRR14954314,2732408,phylum,Pisuviricota,2,0,4,534,540
SRR14954314,2732507,class,Stelpaviricetes,2,0,5,534,539
SRR14954314,2732551,order,Stellavirales,2,0,6,534,538
SRR14954314,39733,family,Astroviridae,2,0,7,534,537
SRR14954314,352926,,unclassified Astroviridae,2,0,8,534,536
SRR14954314,2740136,species,Solanum melongena bastro-like virus,2,2,9,534,534
SRR14954314,2731341,,Duplodnaviria,19,0,2,542,569
SRR14954314,2731360,kingdom,Heunggongvirae,19,0,3,542,568
SRR14954314,2731618,phylum,Uroviricota,15,0,4,542,557
SRR14954314,2731619,class,Caudoviricetes,15,0,5,542,556
SRR14954314,28883,order,Caudovirales,15,0,6,542,555
SRR14954314,10662,family,Myoviridae,5,0,7,542,546
SRR14954314,2733112,genus,Loughboroughvirus,5,4,8,542,545
SRR14954314,2738373,,unclassified Loughboroughvirus,1,0,9,542,544
SRR14954314,2575328,species,Salmonella phage SE4,1,1,10,542,542
SRR14954314,2731691,family,Drexlerviridae,4,0,7,546,550
SRR14954314,1910999,subfamily,Tunavirinae,4,0,8,546,549
SRR14954314,187217,genus,Tunavirus,4,0,9,546,548
SRR14954314,355245,,unclassified Tunavirus,4,4,10,546,546
SRR14954314,10744,family,Podoviridae,3,3,7,550,550
SRR14954314,10699,family,Siphoviridae,3,0,7,551,554
SRR14954314,1982251,genus,Pahexavirus,2,2,8,551,551
SRR14954314,196894,,unclassified Siphoviridae,1,1,8,552,552
SRR14954314,2731361,phylum,Peploviricota,4,0,4,557,567
SRR14954314,2731363,class,Herviviricetes,4,0,5,557,566
SRR14954314,548681,order,Herpesvirales,4,0,6,557,565
SRR14954314,10292,family,Herpesviridae,4,0,7,557,564
SRR14954314,10374,subfamily,Gammaherpesvirinae,3,0,8,557,560
SRR14954314,10375,genus,Lymphocryptovirus,3,0,9,557,559
SRR14954314,10376,species,Human gammaherpesvirus 4,3,3,10,557,557
SRR14954314,10293,subfamily,Alphaherpesvirinae,1,0,8,560,563
SRR14954314,10294,genus,Simplexvirus,1,0,9,560,562
SRR14954314,10298,species,Human alphaherpesvirus 1,1,1,10,560,560
SRR1518381,10239,superkingdom,Viruses,661,0,1,1024,1043
SRR1518381,35237,,"dsDNA viruses, no RNA stage",7,0,2,1024,1031
SRR1518381,10240,family,Poxviridae,6,0,3,1024,1027
SRR1518381,10241,subfamily,Chordopoxvirinae,6,0,4,1024,1026
SRR1518381,10242,genus,Orthopoxvirus,6,6,5,1024,1024
SRR1518381,28883,order,Caudovirales,1,0,3,1027,1030
SRR1518381,10699,family,Siphoviridae,1,0,4,1027,1029
SRR1518381,196894,,unclassified Siphoviridae,1,1,5,1027,1027
SRR1518381,439488,,ssRNA viruses,654,0,2,1031,1042
SRR1518381,35301,,ssRNA negative-strand viruses,4,0,3,1031,1035
SRR1518381,1809505,,Unassigned ssRNA negative-strand viruses,4,0,4,1031,1034
SRR1518381,12329,genus,Tenuivirus,4,0,5,1031,1033
SRR1518381,12331,species,Rice stripe virus,4,4,6,1031,1031
SRR1518381,35278,,"ssRNA positive-strand viruses, no DNA stage",650,0,3,1035,1041
SRR1518381,675063,order,Tymovirales,650,0,4,1035,1040
SRR1518381,675064,family,Alphaflexiviridae,650,0,5,1035,1039
SRR1518381,12176,genus,Potexvirus,650,0,6,1035,1038
SRR1518381,333347,,unclassified Potexvirus,650,0,7,1035,1037
SRR1518381,1503864,species,Yam virus X,650,650,8,1035,1035
SRR1518382,10239,superkingdom,Viruses,134634,0,1,930,942
SRR1518382,439488,,ssRNA viruses,134630,0,2,930,937
SRR1518382,35278,,"ssRNA positive-strand viruses, no DNA stage",134630,0,3,930,936
SRR1518382,675063,order,Tymovirales,134630,0,4,930,935
SRR1518382,675064,family,Alphaflexiviridae,134630,0,5,930,934
SRR1518382,12176,genus,Potexvirus,134630,0,6,930,933
SRR1518382,333347,,unclassified Potexvirus,134630,0,7,930,932
SRR1518382,1503864,species,Yam virus X,134630,134630,8,930,930
SRR1518382,35237,,"dsDNA viruses, no RNA stage",4,0,2,937,941
SRR1518382,10240,family,Poxviridae,4,0,3,937,940
SRR1518382,10241,subfamily,Chordopoxvirinae,4,0,4,937,939
SRR1518382,10242,genus,Orthopoxvirus,4,4,5,937,937
SRR1525775,10239,superkingdom,Viruses,3,0,1,1475,1485
SRR1525775,439488,,ssRNA viruses,2,0,2,1475,1480
SRR1525775,35278,,"ssRNA positive-strand viruses, no DNA stage",2,0,3,1475,1479
SRR1525775,39740,family,Bromoviridae,2,0,4,1475,1478
SRR1525775,12304,genus,Cucumovirus,2,0,5,1475,1477
SRR1525775,12305,species,Cucumber mosaic virus,2,2,6,1475,1475
SRR1525775,35237,,"dsDNA viruses, no RNA stage",1,0,2,1480,1484
SRR1525775,28883,order,Caudovirales,1,0,3,1480,1483
SRR1525775,10699,family,Siphoviridae,1,0,4,1480,1482
SRR1525775,196894,,unclassified Siphoviridae,1,1,5,1480,1480
SRR1525777,10239,superkingdom,Viruses,564,0,1,1107,1120
SRR1525777,35237,,"dsDNA viruses, no RNA stage",2,0,2,1107,1111
SRR1525777,196937,family,Nimaviridae,2,0,3,1107,1110
SRR1525777,249585,genus,Whispovirus,2,0,4,1107,1109
SRR1525777,342409,species,White spot syndrome virus,2,2,5,1107,1107
SRR1525777,439488,,ssRNA viruses,562,0,2,1111,1119
SRR1525777,35278,,"ssRNA positive-strand viruses, no DNA stage",562,6,3,1111,1118
SRR1525777,39729,family,Potyviridae,556,0,4,1111,1117
SRR1525777,12195,genus,Potyvirus,556,20,5,1111,1116
SRR1525777,453050,species,Sweet potato virus 2,109,109,6,1111,1111
SRR1525777,12844,species,Sweet potato feathery mottle virus,211,211,6,1112,1112
SRR1525777,31743,species,Sweet potato latent virus,4,4,6,1113,1113
SRR1525777,46619,species,Sweet potato virus G,212,212,6,1114,1114
SRR1525779,10239,superkingdom,Viruses,3,0,1,1214,1224
SRR1525779,439488,,ssRNA viruses,2,0,2,1214,1219
SRR1525779,35278,,"ssRNA positive-strand viruses, no DNA stage",2,0,3,1214,1218
SRR1525779,39740,family,Bromoviridae,2,0,4,1214,1217
SRR1525779,12304,genus,Cucumovirus,2,0,5,1214,1216
SRR1525779,12305,species,Cucumber mosaic virus,2,2,6,1214,1214
SRR1525779,35237,,"dsDNA viruses, no RNA stage",1,0,2,1219,1223
SRR1525779,28883,order,Caudovirales,1,0,3,1219,1222
SRR1525779,10699,family,Siphoviridae,1,0,4,1219,1221
SRR1525779,196894,,unclassified Siphoviridae,1,1,5,1219,1219
SRR1525791,10239,superkingdom,Viruses,547,0,1,1292,1313
SRR1525791,439488,,ssRNA viruses,544,0,2,1292,1303
SRR1525791,35278,,"ssRNA positive-strand viruses, no DNA stage",544,4,3,1292,1302
SRR1525791,39740,family,Bromoviridae,1,0,4,1292,1295
SRR1525791,12304,genus,Cucumovirus,1,0,5,1292,1294
SRR1525791,12305,species,Cucumber mosaic virus,1,1,6,1292,1292
SRR1525791,39729,family,Potyviridae,539,0,4,1295,1301
SRR1525791,12195,genus,Potyvirus,539,15,5,1295,1300
SRR1525791,453050,species,Sweet potato virus 2,102,102,6,1295,1295
SRR1525791,12844,species,Sweet potato feathery mottle virus,194,194,6,1296,1296
SRR1525791,31743,species,Sweet potato latent virus,8,8,6,1297,1297
SRR1525791,46619,species,Sweet potato virus G,220,220,6,1298,1298
SRR1525791,35237,,"dsDNA viruses, no RNA stage",3,0,2,1303,1312
SRR1525791,548681,order,Herpesvirales,1,0,3,1303,1308
SRR1525791,10292,family,Herpesviridae,1,0,4,1303,1307
SRR1525791,10293,subfamily,Alphaherpesvirinae,1,0,5,1303,1306
SRR1525791,10294,genus,Simplexvirus,1,0,6,1303,1305
SRR1525791,10298,species,Human herpesvirus 1,1,1,7,1303,1303
SRR1525791,196937,family,Nimaviridae,2,0,3,1308,1311
SRR1525791,249585,genus,Whispovirus,2,0,4,1308,1310
SRR1525791,342409,species,White spot syndrome virus,2,2,5,1308,1308
SRR1525793,10239,superkingdom,Viruses,1,0,1,1113,1120
SRR1525793,35237,,"dsDNA viruses, no RNA stage",1,0,2,1113,1119
SRR1525793,548681,order,Herpesvirales,1,0,3,1113,1118
SRR1525793,10292,family,Herpesviridae,1,0,4,1113,1117
SRR1525793,10293,subfamily,Alphaherpesvirinae,1,0,5,1113,1116
SRR1525793,10294,genus,Simplexvirus,1,0,6,1113,1115
SRR1525793,10298,species,Human herpesvirus 1,1,1,7,1113,1113
SRR16108383,10239,superkingdom,Viruses,553,0,1,1458,1524
SRR16108383,2731341,,Duplodnaviria,336,0,2,1458,1474
SRR16108383,2731360,,Heunggongvirae,336,0,3,1458,1473
SRR16108383,2731361,phylum,Peploviricota,335,0,4,1458,1465
SRR16108383,2731363,class,Herviviricetes,335,0,5,1458,1464
SRR16108383,548681,order,Herpesvirales,335,0,6,1458,1463
SRR16108383,10292,family,Herpesviridae,335,0,7,1458,1462
SRR16108383,10374,subfamily,Gammaherpesvirinae,335,0,8,1458,1461
SRR16108383,10375,genus,Lymphocryptovirus,335,0,9,1458,1460
SRR16108383,10376,species,Human gammaherpesvirus 4,335,335,10,1458,1458
SRR16108383,2731618,phylum,Uroviricota,1,0,4,1465,1472
SRR16108383,2731619,class,Caudoviricetes,1,0,5,1465,1471
SRR16108383,28883,order,Caudovirales,1,0,6,1465,1470
SRR16108383,10699,family,Siphoviridae,1,0,7,1465,1469
SRR16108383,1982251,genus,Pahexavirus,1,0,8,1465,1468
SRR16108383,1982274,species,Propionibacterium virus PHL025M00,1,0,9,1465,1467
SRR16108383,1500799,,Propionibacterium phage PHL025M00,1,1,10,1465,1465
SRR16108383,2731342,,Monodnaviria,167,0,2,1474,1483
SRR16108383,2732092,kingdom,Shotokuvirae,167,0,3,1474,1482
SRR16108383,2732416,phylum,Cressdnaviricota,167,0,4,1474,1481
SRR16108383,2732424,class,Repensiviricetes,167,0,5,1474,1480
SRR16108383,2732539,order,Geplafuvirales,167,0,6,1474,1479
SRR16108383,10811,family,Geminiviridae,167,0,7,1474,1478
SRR16108383,10814,genus,Begomovirus,167,0,8,1474,1477
SRR16108383,291027,,unclassified Begomovirus,167,0,9,1474,1476
SRR16108383,1592931,species,Yam yellow spot mosaic virus,167,167,10,1474,1474
SRR16108383,2559587,,Riboviria,35,0,2,1483,1506
SRR16108383,2732397,kingdom,Pararnavirae,21,0,3,1483,1491
SRR16108383,2732409,phylum,Artverviricota,21,0,4,1483,1490
SRR16108383,2732514,class,Revtraviricetes,21,0,5,1483,1489
SRR16108383,2169561,order,Ortervirales,21,0,6,1483,1488
SRR16108383,11632,family,Retroviridae,21,0,7,1483,1487
SRR16108383,327045,subfamily,Orthoretrovirinae,21,0,8,1483,1486
SRR16108383,11646,genus,Lentivirus,21,0,9,1483,1485
SRR16108383,12804,species,Puma lentivirus,21,21,10,1483,1483
SRR16108383,2732396,kingdom,Orthornavirae,14,0,3,1491,1505
SRR16108383,2732407,phylum,Lenarviricota,11,0,4,1491,1498
SRR16108383,2732499,class,Howeltoviricetes,11,0,5,1491,1497
SRR16108383,2732503,order,Cryppavirales,11,0,6,1491,1496
SRR16108383,2732892,family,Mitoviridae,11,0,7,1491,1495
SRR16108383,186768,genus,Mitovirus,11,0,8,1491,1494
SRR16108383,343865,,unclassified Mitovirus,11,0,9,1491,1493
SRR16108383,2587224,species,Mitovirus sp.,11,11,10,1491,1491
SRR16108383,2732408,phylum,Pisuviricota,3,0,4,1498,1504
SRR16108383,2732507,class,Stelpaviricetes,3,0,5,1498,1503
SRR16108383,2732550,order,Patatavirales,3,0,6,1498,1502
SRR16108383,39729,family,Potyviridae,3,0,7,1498,1501
SRR16108383,12195,genus,Potyvirus,3,0,8,1498,1500
SRR16108383,12205,species,Papaya ringspot virus,3,3,9,1498,1498
SRR16108383,2732004,,Varidnaviria,13,0,2,1506,1520
SRR16108383,2732005,kingdom,Bamfordvirae,13,0,3,1506,1519
SRR16108383,2732007,phylum,Nucleocytoviricota,13,0,4,1506,1518
SRR16108383,2732523,class,Megaviricetes,13,0,5,1506,1517
SRR16108383,2732554,order,Imitervirales,13,0,6,1506,1516
SRR16108383,549779,family,Mimiviridae,13,0,7,1506,1515
SRR16108383,985780,,unclassified Mimiviridae,12,0,8,1506,1513
SRR16108383,1977630,subfamily,Klosneuvirinae,8,0,9,1506,1509
SRR16108383,1977639,genus,Klosneuvirus,8,0,10,1506,1508
SRR16108383,1977640,species,Klosneuvirus KNV1,8,8,11,1506,1506
SRR16108383,985782,species,Moumouvirus,3,0,9,1509,1511
SRR16108383,2109587,,Moumouvirus australiensis,3,3,10,1509,1509
SRR16108383,2487768,species,Harvfovirus sp.,1,1,9,1511,1511
SRR16108383,315393,genus,Mimivirus,1,1,8,1513,1513
SRR16108383,12429,,unclassified viruses,2,0,2,1520,1523
SRR16108383,2204151,,unclassified DNA viruses,2,0,3,1520,1522
SRR16108383,2740746,species,Fadolivirus 1,2,2,4,1520,1520
SRR16108384,10239,superkingdom,Viruses,210,0,1,989,1044
SRR16108384,2731342,,Monodnaviria,135,0,2,989,998
SRR16108384,2732092,kingdom,Shotokuvirae,135,0,3,989,997
SRR16108384,2732416,phylum,Cressdnaviricota,135,0,4,989,996
SRR16108384,2732424,class,Repensiviricetes,135,0,5,989,995
SRR16108384,2732539,order,Geplafuvirales,135,0,6,989,994
SRR16108384,10811,family,Geminiviridae,135,0,7,989,993
SRR16108384,10814,genus,Begomovirus,135,0,8,989,992
SRR16108384,291027,,unclassified Begomovirus,135,0,9,989,991
SRR16108384,1592931,species,Yam yellow spot mosaic virus,135,135,10,989,989
SRR16108384,2731341,,Duplodnaviria,56,0,2,998,1018
SRR16108384,2731360,,Heunggongvirae,56,0,3,998,1017
SRR16108384,2731361,phylum,Peploviricota,55,0,4,998,1010
SRR16108384,2731363,class,Herviviricetes,55,0,5,998,1009
SRR16108384,548681,order,Herpesvirales,55,0,6,998,1008
SRR16108384,10292,family,Herpesviridae,55,0,7,998,1007
SRR16108384,10374,subfamily,Gammaherpesvirinae,53,0,8,998,1001
SRR16108384,10375,genus,Lymphocryptovirus,53,0,9,998,1000
SRR16108384,10376,species,Human gammaherpesvirus 4,53,53,10,998,998
SRR16108384,10293,subfamily,Alphaherpesvirinae,2,0,8,1001,1006
SRR16108384,10294,genus,Simplexvirus,1,0,9,1001,1003
SRR16108384,10298,species,Human alphaherpesvirus 1,1,1,10,1001,1001
SRR16108384,10319,genus,Varicellovirus,1,0,9,1003,1005
SRR16108384,10345,species,Suid alphaherpesvirus 1,1,1,10,1003,1003
SRR16108384,2731618,phylum,Uroviricota,1,0,4,1010,1016
SRR16108384,2731619,class,Caudoviricetes,1,0,5,1010,1015
SRR16108384,28883,order,Caudovirales,1,0,6,1010,1014
SRR16108384,10744,family,Podoviridae,1,0,7,1010,1013
SRR16108384,196895,,unclassified Podoviridae,1,0,8,1010,1012
SRR16108384,2801837,species,Klebsiella phage vB_KpP_FBKp27,1,1,9,1010,1010
SRR16108384,2559587,,Riboviria,16,0,2,1018,1034
SRR16108384,2732397,kingdom,Pararnavirae,16,0,3,1018,1033
SRR16108384,2732409,phylum,Artverviricota,16,0,4,1018,1032
SRR16108384,2732514,class,Revtraviricetes,16,0,5,1018,1031
SRR16108384,2169561,order,Ortervirales,16,0,6,1018,1030
SRR16108384,11632,family,Retroviridae,13,0,7,1018,1022
SRR16108384,327045,subfamily,Orthoretrovirinae,13,0,8,1018,1021
SRR16108384,11646,genus,Lentivirus,13,0,9,1018,1020
SRR16108384,12804,species,Puma lentivirus,13,13,10,1018,1018
SRR16108384,186534,family,Caulimoviridae,3,0,7,1022,1029
SRR16108384,10652,genus,Badnavirus,2,0,8,1022,1025
SRR16108384,325348,,unclassified Badnavirus,2,0,9,1022,1024
SRR16108384,52996,species,Dioscorea bacilliform virus,2,2,10,1022,1022
SRR16108384,2733292,genus,Dioscovirus,1,0,8,1025,1028
SRR16108384,2734563,species,Dioscorea nummularia associated virus,1,0,9,1025,1027
SRR16108384,2303485,,Dioscorea nummularia-associated virus,1,1,10,1025,1025
SRR16108384,2732004,,Varidnaviria,3,0,2,1034,1043
SRR16108384,2732005,kingdom,Bamfordvirae,3,0,3,1034,1042
SRR16108384,2732007,phylum,Nucleocytoviricota,3,0,4,1034,1041
SRR16108384,2732523,class,Megaviricetes,3,0,5,1034,1040
SRR16108384,2732554,order,Imitervirales,3,0,6,1034,1039
SRR16108384,549779,family,Mimiviridae,3,0,7,1034,1038
SRR16108384,985780,,unclassified Mimiviridae,3,0,8,1034,1037
SRR16108384,2596887,species,Mimiviridae sp. ChoanoV1,2,2,9,1034,1034
SRR16108384,985782,species,Moumouvirus,1,1,9,1035,1035
SRR16108385,10239,superkingdom,Viruses,147,0,1,1346,1400
SRR16108385,2731342,,Monodnaviria,63,0,2,1346,1355
SRR16108385,2732092,kingdom,Shotokuvirae,63,0,3,1346,1354
SRR16108385,2732416,phylum,Cressdnaviricota,63,0,4,1346,1353
SRR16108385,2732424,class,Repensiviricetes,63,0,5,1346,1352
SRR16108385,2732539,order,Geplafuvirales,63,0,6,1346,1351
SRR16108385,10811,family,Geminiviridae,63,0,7,1346,1350
SRR16108385,10814,genus,Begomovirus,63,0,8,1346,1349
SRR16108385,291027,,unclassified Begomovirus,63,0,9,1346,1348
SRR16108385,1592931,species,Yam yellow spot mosaic virus,63,63,10,1346,1346
SRR16108385,2731341,,Duplodnaviria,58,0,2,1355,1369
SRR16108385,2731360,,Heunggongvirae,58,0,3,1355,1368
SRR16108385,2731361,phylum,Peploviricota,57,0,4,1355,1362
SRR16108385,2731363,class,Herviviricetes,57,0,5,1355,1361
SRR16108385,548681,order,Herpesvirales,57,0,6,1355,1360
SRR16108385,10292,family,Herpesviridae,57,0,7,1355,1359
SRR16108385,10374,subfamily,Gammaherpesvirinae,57,0,8,1355,1358
SRR16108385,10375,genus,Lymphocryptovirus,57,0,9,1355,1357
SRR16108385,10376,species,Human gammaherpesvirus 4,57,57,10,1355,1355
SRR16108385,2731618,phylum,Uroviricota,1,0,4,1362,1367
SRR16108385,2731619,class,Caudoviricetes,1,0,5,1362,1366
SRR16108385,28883,order,Caudovirales,1,0,6,1362,1365
SRR16108385,10699,family,Siphoviridae,1,0,7,1362,1364
SRR16108385,1982251,genus,Pahexavirus,1,1,8,1362,1362
SRR16108385,2559587,,Riboviria,19,0,2,1369,1388
SRR16108385,2732397,kingdom,Pararnavirae,17,0,3,1369,1377
SRR16108385,2732409,phylum,Artverviricota,17,0,4,1369,1376
SRR16108385,2732514,class,Revtraviricetes,17,0,5,1369,1375
SRR16108385,2169561,order,Ortervirales,17,0,6,1369,1374
SRR16108385,11632,family,Retroviridae,17,0,7,1369,1373
SRR16108385,327045,subfamily,Orthoretrovirinae,17,0,8,1369,1372
SRR16108385,11646,genus,Lentivirus,17,0,9,1369,1371
SRR16108385,12804,species,Puma lentivirus,17,17,10,1369,1369
SRR16108385,2732396,kingdom,Orthornavirae,2,0,3,1377,1387
SRR16108385,2497569,phylum,Negarnaviricota,2,0,4,1377,1386
SRR16108385,2497570,subphylum,Haploviricotina,2,0,5,1377,1385
SRR16108385,2497574,class,Monjiviricetes,2,0,6,1377,1384
SRR16108385,11157,order,Mononegavirales,2,0,7,1377,1383
SRR16108385,11158,family,Paramyxoviridae,2,0,8,1377,1382
SRR16108385,2560076,subfamily,Orthoparamyxovirinae,2,0,9,1377,1381
SRR16108385,11229,genus,Morbillivirus,2,0,10,1377,1380
SRR16108385,11234,species,Measles morbillivirus,2,0,11,1377,1379
SRR16108385,351680,,Measles virus genotypes and isolates,2,2,12,1377,1377
SRR16108385,2732004,,Varidnaviria,6,0,2,1388,1396
SRR16108385,2732005,kingdom,Bamfordvirae,6,0,3,1388,1395
SRR16108385,2732007,phylum,Nucleocytoviricota,6,0,4,1388,1394
SRR16108385,2732523,class,Megaviricetes,6,0,5,1388,1393
SRR16108385,2732554,order,Imitervirales,6,0,6,1388,1392
SRR16108385,549779,family,Mimiviridae,6,0,7,1388,1391
SRR16108385,985780,,unclassified Mimiviridae,6,0,8,1388,1390
SRR16108385,985782,species,Moumouvirus,6,6,9,1388,1388
SRR16108385,185751,family,Pospiviroidae,1,0,2,1396,1399
SRR16108385,185753,genus,Pospiviroid,1,0,3,1396,1398
SRR16108385,12890,species,Citrus exocortis viroid,1,1,4,1396,1396
SRR17635181,10239,superkingdom,Viruses,378829,0,1,604,682
SRR17635181,2559587,,Riboviria,378709,0,2,604,665
SRR17635181,2732396,kingdom,Orthornavirae,378707,0,3,604,652
SRR17635181,2732408,phylum,Pisuviricota,374628,0,4,604,627
SRR17635181,2732506,class,Pisoniviricetes,294804,0,5,604,610
SRR17635181,464095,order,Picornavirales,294804,2,6,604,609
SRR17635181,675072,family,Secoviridae,294802,0,7,604,608
SRR17635181,675075,subfamily,Comovirinae,294802,0,8,604,607
SRR17635181,12269,genus,Fabavirus,294802,3167,9,604,606
SRR17635181,76875,species,Broad bean wilt virus 2,291635,291635,10,604,604
SRR17635181,2732507,class,Stelpaviricetes,79824,0,5,610,626
SRR17635181,2732550,order,Patatavirales,79824,0,6,610,625
SRR17635181,39729,family,Potyviridae,79824,0,7,610,624
SRR17635181,12195,genus,Potyvirus,79822,312,8,610,621
SRR17635181,79917,species,Japanese yam mosaic virus,67035,67035,9,610,610
SRR17635181,160843,species,Narcissus yellow stripe virus,7943,7943,9,611,611
SRR17635181,12230,species,Turnip mosaic virus,4514,4514,9,612,612
SRR17635181,42004,species,Leek yellow stripe virus,8,8,9,613,613
SRR17635181,12198,species,Clover yellow vein virus,5,5,9,614,614
SRR17635181,332470,,unclassified Potyvirus,2,0,9,615,617
SRR17635181,2793794,species,Achyranthes bidentata mosaic virus,2,2,10,615,615
SRR17635181,187977,species,Wild potato mosaic virus,1,1,9,617,617
SRR17635181,2293720,species,Mashua virus Y,1,1,9,618,618
SRR17635181,255066,species,Pepper veinal mottle virus,1,1,9,619,619
SRR17635181,137757,genus,Ipomovirus,2,0,8,621,623
SRR17635181,137758,species,Cassava brown streak virus,2,2,9,621,621
SRR17635181,2732406,phylum,Kitrinoviricota,4078,0,4,627,645
SRR17635181,2732461,class,Alsuviricetes,4077,0,5,627,637
SRR17635181,675063,order,Tymovirales,4077,0,6,627,636
SRR17635181,675068,family,Betaflexiviridae,4069,0,7,627,631
SRR17635181,1914297,subfamily,Quinvirinae,4069,0,8,627,630
SRR17635181,12163,genus,Carlavirus,4069,0,9,627,629
SRR17635181,1592930,species,Yam latent virus,4069,4069,10,627,627
SRR17635181,2169568,family,Deltaflexiviridae,8,0,7,631,635
SRR17635181,2169569,genus,Deltaflexivirus,8,0,8,631,634
SRR17635181,2219091,,unclassified Deltaflexivirus,8,1,9,631,633
SRR17635181,2794416,species,Agrostis stolonifera deltaflexivirus 1,7,7,10,631,631
SRR17635181,2732463,class,Tolucaviricetes,1,0,5,637,644
SRR17635181,2732548,order,Tolivirales,1,0,6,637,643
SRR17635181,39738,family,Tombusviridae,1,0,7,637,642
SRR17635181,2560077,subfamily,Procedovirinae,1,0,8,637,641
SRR17635181,1911602,genus,Pelarspovirus,1,0,9,637,640
SRR17635181,1960886,,unclassified Pelarspovirus,1,0,10,637,639
SRR17635181,1960887,species,Jasmine virus H,1,1,11,637,637
SRR17635181,2732405,phylum,Duplornaviricota,1,0,4,645,651
SRR17635181,2732458,class,Chrymotiviricetes,1,0,5,645,650
SRR17635181,2732540,order,Ghabrivirales,1,0,6,645,649
SRR17635181,11006,family,Totiviridae,1,0,7,645,648
SRR17635181,39756,,unclassified Totiviridae,1,0,8,645,647
SRR17635181,1678183,species,Diatom colony associated virus-Like RNA Segment 3,1,1,9,645,645
SRR17635181,2732397,kingdom,Pararnavirae,2,0,3,652,664
SRR17635181,2732409,phylum,Artverviricota,2,0,4,652,663
SRR17635181,2732514,class,Revtraviricetes,2,0,5,652,662
SRR17635181,2169561,order,Ortervirales,2,0,6,652,661
SRR17635181,11632,family,Retroviridae,1,0,7,652,656
SRR17635181,327045,subfamily,Orthoretrovirinae,1,0,8,652,655
SRR17635181,11646,genus,Lentivirus,1,0,9,652,654
SRR17635181,12804,species,Puma lentivirus,1,1,10,652,652
SRR17635181,186534,family,Caulimoviridae,1,0,7,656,660
SRR17635181,10652,genus,Badnavirus,1,0,8,656,659
SRR17635181,325348,,unclassified Badnavirus,1,0,9,656,658
SRR17635181,52996,species,Dioscorea bacilliform virus,1,1,10,656,656
SRR17635181,2731342,,Monodnaviria,119,0,2,665,674
SRR17635181,2732092,kingdom,Shotokuvirae,119,0,3,665,673
SRR17635181,2732416,phylum,Cressdnaviricota,119,0,4,665,672
SRR17635181,2732424,class,Repensiviricetes,119,0,5,665,671
SRR17635181,2732539,order,Geplafuvirales,119,0,6,665,670
SRR17635181,10811,family,Geminiviridae,119,0,7,665,669
SRR17635181,10814,genus,Begomovirus,119,0,8,665,668
SRR17635181,291027,,unclassified Begomovirus,119,0,9,665,667
SRR17635181,1592931,species,Yam yellow spot mosaic virus,119,119,10,665,665
SRR17635181,2731341,,Duplodnaviria,1,0,2,674,681
SRR17635181,2731360,,Heunggongvirae,1,0,3,674,680
SRR17635181,2731618,phylum,Uroviricota,1,0,4,674,679
SRR17635181,2731619,class,Caudoviricetes,1,0,5,674,678
SRR17635181,28883,order,Caudovirales,1,0,6,674,677
SRR17635181,2731691,family,Drexlerviridae,1,0,7,674,676
SRR17635181,1920860,genus,Webervirus,1,1,8,674,674
SRR17635182,10239,superkingdom,Viruses,1703898,0,1,0,56
SRR17635182,2559587,,Riboviria,1703793,0,2,0,46
SRR17635182,2732396,kingdom,Orthornavirae,1703792,0,3,0,37
SRR17635182,2732408,phylum,Pisuviricota,1702336,0,4,0,18
SRR17635182,2732506,class,Pisoniviricetes,1662011,0,5,0,9
SRR17635182,464095,order,Picornavirales,1662011,0,6,0,8
SRR17635182,675072,family,Secoviridae,1662011,0,7,0,7
SRR17635182,675075,subfamily,Comovirinae,1662011,0,8,0,6
SRR17635182,12269,genus,Fabavirus,1662011,17659,9,0,5
SRR17635182,76875,species,Broad bean wilt virus 2,1644350,1644345,10,0,2
SRR17635182,73149,,Patchouli mild mosaic virus,5,5,11,0,0
SRR17635182,352925,,unclassified Fabavirus,2,0,10,2,4
SRR17635182,2738914,species,Capsicum annuum fabavirus,2,2,11,2,2
SRR17635182,2732507,class,Stelpaviricetes,40325,0,5,9,17
SRR17635182,2732550,order,Patatavirales,40325,0,6,9,16
SRR17635182,39729,family,Potyviridae,40325,0,7,9,15
SRR17635182,12195,genus,Potyvirus,40325,5,8,9,14
SRR17635182,79917,species,Japanese yam mosaic virus,33969,33969,9,9,9
SRR17635182,160843,species,Narcissus yellow stripe virus,4091,4091,9,10,10
SRR17635182,12230,species,Turnip mosaic virus,2259,2259,9,11,11
SRR17635182,255066,species,Pepper veinal mottle virus,1,1,9,12,12
SRR17635182,2732406,phylum,Kitrinoviricota,1450,0,4,18,30
SRR17635182,2732461,class,Alsuviricetes,1450,0,5,18,29
SRR17635182,675063,order,Tymovirales,1450,0,6,18,28
SRR17635182,675068,family,Betaflexiviridae,1447,0,7,18,22
SRR17635182,1914297,subfamily,Quinvirinae,1447,0,8,18,21
SRR17635182,12163,genus,Carlavirus,1447,0,9,18,20
SRR17635182,1592930,species,Yam latent virus,1447,1447,10,18,18
SRR17635182,2169568,family,Deltaflexiviridae,3,0,7,22,27
SRR17635182,2169569,genus,Deltaflexivirus,3,0,8,22,26
SRR17635182,2219091,,unclassified Deltaflexivirus,3,0,9,22,25
SRR17635182,2794416,species,Agrostis stolonifera deltaflexivirus 1,2,2,10,22,22
SRR17635182,2794417,species,Triticum polonicum deltaflexivirus 1,1,1,10,23,23
SRR17635182,2732405,phylum,Duplornaviricota,6,0,4,30,36
SRR17635182,2732458,class,Chrymotiviricetes,6,0,5,30,35
SRR17635182,2732540,order,Ghabrivirales,6,0,6,30,34
SRR17635182,11006,family,Totiviridae,6,0,7,30,33
SRR17635182,39756,,unclassified Totiviridae,6,0,8,30,32
SRR17635182,1678183,species,Diatom colony associated virus-Like RNA Segment 3,6,6,9,30,30
SRR17635182,2732397,kingdom,Pararnavirae,1,0,3,37,45
SRR17635182,2732409,phylum,Artverviricota,1,0,4,37,44
SRR17635182,2732514,class,Revtraviricetes,1,0,5,37,43
SRR17635182,2169561,order,Ortervirales,1,0,6,37,42
SRR17635182,11632,family,Retroviridae,1,0,7,37,41
SRR17635182,327045,subfamily,Orthoretrovirinae,1,0,8,37,40
SRR17635182,11646,genus,Lentivirus,1,0,9,37,39
SRR17635182,12804,species,Puma lentivirus,1,1,10,37,37
SRR17635182,2731342,,Monodnaviria,105,0,2,46,55
SRR17635182,2732092,kingdom,Shotokuvirae,105,0,3,46,54
SRR17635182,2732416,phylum,Cressdnaviricota,105,0,4,46,53
SRR17635182,2732424,class,Repensiviricetes,105,0,5,46,52
SRR17635182,2732539,order,Geplafuvirales,105,0,6,46,51
SRR17635182,10811,family,Geminiviridae,105,0,7,46,50
SRR17635182,10814,genus,Begomovirus,105,0,8,46,49
SRR17635182,291027,,unclassified Begomovirus,105,0,9,46,48
SRR17635182,1592931,species,Yam yellow spot mosaic virus,105,105,10,46,46
SRR17635182,3821,species,Cajanus cajan,893,893,25,56,56
SRR17635183,10239,superkingdom,Viruses,123755,0,1,718,782
SRR17635183,2559587,,Riboviria,123614,0,2,718,761
SRR17635183,2732396,kingdom,Orthornavirae,123610,0,3,718,752
SRR17635183,2732408,phylum,Pisuviricota,119828,0,4,718,740
SRR17635183,2732507,class,Stelpaviricetes,118947,0,5,718,733
SRR17635183,2732550,order,Patatavirales,118947,0,6,718,732
SRR17635183,39729,family,Potyviridae,118947,0,7,718,731
SRR17635183,12195,genus,Potyvirus,118945,24,8,718,728
SRR17635183,79917,species,Japanese yam mosaic virus,100011,100011,9,718,718
SRR17635183,160843,species,Narcissus yellow stripe virus,12396,12396,9,719,719
SRR17635183,12230,species,Turnip mosaic virus,6500,6500,9,720,720
SRR17635183,255066,species,Pepper veinal mottle virus,5,5,9,721,721
SRR17635183,12198,species,Clover yellow vein virus,3,3,9,722,722
SRR17635183,187977,species,Wild potato mosaic virus,2,2,9,723,723
SRR17635183,332470,,unclassified Potyvirus,2,0,9,724,726
SRR17635183,2793794,species,Achyranthes bidentata mosaic virus,2,2,10,724,724
SRR17635183,42004,species,Leek yellow stripe virus,2,2,9,726,726
SRR17635183,137757,genus,Ipomovirus,2,0,8,728,730
SRR17635183,137758,species,Cassava brown streak virus,2,2,9,728,728
SRR17635183,2732506,class,Pisoniviricetes,881,0,5,733,739
SRR17635183,464095,order,Picornavirales,881,1,6,733,738
SRR17635183,675072,family,Secoviridae,880,0,7,733,737
SRR17635183,675075,subfamily,Comovirinae,880,0,8,733,736
SRR17635183,12269,genus,Fabavirus,880,12,9,733,735
SRR17635183,76875,species,Broad bean wilt virus 2,868,868,10,733,733
SRR17635183,2732406,phylum,Kitrinoviricota,3782,0,4,740,751
SRR17635183,2732461,class,Alsuviricetes,3782,0,5,740,750
SRR17635183,675063,order,Tymovirales,3782,0,6,740,749
SRR17635183,675068,family,Betaflexiviridae,3770,0,7,740,744
SRR17635183,1914297,subfamily,Quinvirinae,3770,0,8,740,743
SRR17635183,12163,genus,Carlavirus,3770,0,9,740,742
SRR17635183,1592930,species,Yam latent virus,3770,3770,10,740,740
SRR17635183,2169568,family,Deltaflexiviridae,12,0,7,744,748
SRR17635183,2169569,genus,Deltaflexivirus,12,0,8,744,747
SRR17635183,2219091,,unclassified Deltaflexivirus,12,0,9,744,746
SRR17635183,2794417,species,Triticum polonicum deltaflexivirus 1,12,12,10,744,744
SRR17635183,2732397,kingdom,Pararnavirae,4,0,3,752,760
SRR17635183,2732409,phylum,Artverviricota,4,0,4,752,759
SRR17635183,2732514,class,Revtraviricetes,4,0,5,752,758
SRR17635183,2169561,order,Ortervirales,4,0,6,752,757
SRR17635183,186534,family,Caulimoviridae,4,0,7,752,756
SRR17635183,10652,genus,Badnavirus,4,0,8,752,755
SRR17635183,325348,,unclassified Badnavirus,4,0,9,752,754
SRR17635183,52996,species,Dioscorea bacilliform virus,4,4,10,752,752
SRR17635183,2731342,,Monodnaviria,139,0,2,761,770
SRR17635183,2732092,kingdom,Shotokuvirae,139,0,3,761,769
SRR17635183,2732416,phylum,Cressdnaviricota,139,0,4,761,768
SRR17635183,2732424,class,Repensiviricetes,139,0,5,761,767
SRR17635183,2732539,order,Geplafuvirales,139,0,6,761,766
SRR17635183,10811,family,Geminiviridae,139,0,7,761,765
SRR17635183,10814,genus,Begomovirus,139,0,8,761,764
SRR17635183,291027,,unclassified Begomovirus,139,0,9,761,763
SRR17635183,1592931,species,Yam yellow spot mosaic virus,139,139,10,761,761
SRR17635183,2731341,,Duplodnaviria,1,0,2,770,779
SRR17635183,2731360,,Heunggongvirae,1,0,3,770,778
SRR17635183,2731618,phylum,Uroviricota,1,0,4,770,777
SRR17635183,2731619,class,Caudoviricetes,1,0,5,770,776
SRR17635183,28883,order,Caudovirales,1,0,6,770,775
SRR17635183,10699,family,Siphoviridae,1,0,7,770,774
SRR17635183,1982251,genus,Pahexavirus,1,0,8,770,773
SRR17635183,1982258,species,Propionibacterium virus MrAK,1,0,9,770,772
SRR17635183,1655016,,Propionibacterium phage MrAK,1,1,10,770,770
SRR17635183,12877,,Satellites,1,0,2,779,781
SRR17635183,1250315,,RNA satellites,1,1,3,779,779
SRR17635184,10239,superkingdom,Viruses,770223,0,1,0,60
SRR17635184,2559587,,Riboviria,770128,0,2,0,47
SRR17635184,2732396,kingdom,Orthornavirae,770126,0,3,0,38
SRR17635184,2732408,phylum,Pisuviricota,770111,0,4,0,18
SRR17635184,2732506,class,Pisoniviricetes,761742,0,5,0,10
SRR17635184,464095,order,Picornavirales,761742,0,6,0,9
SRR17635184,675072,family,Secoviridae,761742,0,7,0,8
SRR17635184,675075,subfamily,Comovirinae,761742,0,8,0,7
SRR17635184,12269,genus,Fabavirus,761742,7008,9,0,6
SRR17635184,76875,species,Broad bean wilt virus 2,754715,754711,10,0,2
SRR17635184,73149,,Patchouli mild mosaic virus,4,4,11,0,0
SRR17635184,352925,,unclassified Fabavirus,19,0,10,2,5
SRR17635184,95622,species,Broad bean wilt virus,18,18,11,2,2
SRR17635184,2738914,species,Capsicum annuum fabavirus,1,1,11,3,3
SRR17635184,2732507,class,Stelpaviricetes,8369,0,5,10,17
SRR17635184,2732550,order,Patatavirales,8369,0,6,10,16
SRR17635184,39729,family,Potyviridae,8369,0,7,10,15
SRR17635184,12195,genus,Potyvirus,8369,2,8,10,14
SRR17635184,79917,species,Japanese yam mosaic virus,7072,7072,9,10,10
SRR17635184,160843,species,Narcissus yellow stripe virus,840,840,9,11,11
SRR17635184,12230,species,Turnip mosaic virus,455,455,9,12,12
SRR17635184,2732406,phylum,Kitrinoviricota,8,0,4,18,31
SRR17635184,2732461,class,Alsuviricetes,7,0,5,18,23
SRR17635184,675063,order,Tymovirales,7,0,6,18,22
SRR17635184,675064,family,Alphaflexiviridae,7,0,7,18,21
SRR17635184,12176,genus,Potexvirus,7,0,8,18,20
SRR17635184,1503864,species,Yam virus X,7,7,9,18,18
SRR17635184,2732463,class,Tolucaviricetes,1,0,5,23,30
SRR17635184,2732548,order,Tolivirales,1,0,6,23,29
SRR17635184,39738,family,Tombusviridae,1,0,7,23,28
SRR17635184,2560077,subfamily,Procedovirinae,1,0,8,23,27
SRR17635184,1911602,genus,Pelarspovirus,1,0,9,23,26
SRR17635184,1960886,,unclassified Pelarspovirus,1,0,10,23,25
SRR17635184,1960887,species,Jasmine virus H,1,1,11,23,23
SRR17635184,2732405,phylum,Duplornaviricota,7,0,4,31,37
SRR17635184,2732458,class,Chrymotiviricetes,7,0,5,31,36
SRR17635184,2732540,order,Ghabrivirales,7,0,6,31,35
SRR17635184,11006,family,Totiviridae,7,0,7,31,34
SRR17635184,39756,,unclassified Totiviridae,7,0,8,31,33
SRR17635184,1678183,species,Diatom colony associated virus-Like RNA Segment 3,7,7,9,31,31
SRR17635184,2732397,kingdom,Pararnavirae,2,0,3,38,46
SRR17635184,2732409,phylum,Artverviricota,2,0,4,38,45
SRR17635184,2732514,class,Revtraviricetes,2,0,5,38,44
SRR17635184,2169561,order,Ortervirales,2,0,6,38,43
SRR17635184,186534,family,Caulimoviridae,2,0,7,38,42
SRR17635184,10652,genus,Badnavirus,2,0,8,38,41
SRR17635184,325348,,unclassified Badnavirus,2,0,9,38,40
SRR17635184,52996,species,Dioscorea bacilliform virus,2,2,10,38,38
SRR17635184,2731342,,Monodnaviria,94,0,2,47,56
SRR17635184,2732092,kingdom,Shotokuvirae,94,0,3,47,55
SRR17635184,2732416,phylum,Cressdnaviricota,94,0,4,47,54
SRR17635184,2732424,class,Repensiviricetes,94,0,5,47,53
SRR17635184,2732539,order,Geplafuvirales,94,0,6,47,52
SRR17635184,10811,family,Geminiviridae,94,0,7,47,51
SRR17635184,10814,genus,Begomovirus,94,0,8,47,50
SRR17635184,291027,,unclassified Begomovirus,94,0,9,47,49
SRR17635184,1592931,species,Yam yellow spot mosaic virus,94,94,10,47,47
SRR17635184,10442,family,Baculoviridae,1,0,2,56,59
SRR17635184,558017,genus,Betabaculovirus,1,0,3,56,58
SRR17635184,28289,species,Cydia pomonella granulovirus,1,1,4,56,56
SRR17635184,3821,species,Cajanus cajan,1382,1382,25,60,60
SRR17635185,10239,superkingdom,Viruses,524302,0,1,782,839
SRR17635185,2559587,,Riboviria,524194,0,2,782,829
SRR17635185,2732396,kingdom,Orthornavirae,524185,0,3,782,812
SRR17635185,2732408,phylum,Pisuviricota,524177,0,4,782,799
SRR17635185,2732506,class,Pisoniviricetes,509467,0,5,782,791
SRR17635185,464095,order,Picornavirales,509467,0,6,782,790
SRR17635185,675072,family,Secoviridae,509467,0,7,782,789
SRR17635185,675075,subfamily,Comovirinae,509467,0,8,782,788
SRR17635185,12269,genus,Fabavirus,509467,4335,9,782,787
SRR17635185,76875,species,Broad bean wilt virus 2,505130,505128,10,782,784
SRR17635185,73149,,Patchouli mild mosaic virus,2,2,11,782,782
SRR17635185,352925,,unclassified Fabavirus,2,0,10,784,786
SRR17635185,2738914,species,Capsicum annuum fabavirus,2,2,11,784,784
SRR17635185,2732507,class,Stelpaviricetes,14710,0,5,791,798
SRR17635185,2732550,order,Patatavirales,14710,0,6,791,797
SRR17635185,39729,family,Potyviridae,14710,0,7,791,796
SRR17635185,12195,genus,Potyvirus,14710,1,8,791,795
SRR17635185,79917,species,Japanese yam mosaic virus,12388,12388,9,791,791
SRR17635185,160843,species,Narcissus yellow stripe virus,1520,1520,9,792,792
SRR17635185,12230,species,Turnip mosaic virus,801,801,9,793,793
SRR17635185,2732406,phylum,Kitrinoviricota,6,0,4,799,805
SRR17635185,2732461,class,Alsuviricetes,6,0,5,799,804
SRR17635185,675063,order,Tymovirales,6,0,6,799,803
SRR17635185,675064,family,Alphaflexiviridae,6,0,7,799,802
SRR17635185,12176,genus,Potexvirus,6,0,8,799,801
SRR17635185,1503864,species,Yam virus X,6,6,9,799,799
SRR17635185,2732405,phylum,Duplornaviricota,2,0,4,805,811
SRR17635185,2732458,class,Chrymotiviricetes,2,0,5,805,810
SRR17635185,2732540,order,Ghabrivirales,2,0,6,805,809
SRR17635185,11006,family,Totiviridae,2,0,7,805,808
SRR17635185,39756,,unclassified Totiviridae,2,0,8,805,807
SRR17635185,1678183,species,Diatom colony associated virus-Like RNA Segment 3,2,2,9,805,805
SRR17635185,2732397,kingdom,Pararnavirae,6,0,3,812,825
SRR17635185,2732409,phylum,Artverviricota,6,0,4,812,824
SRR17635185,2732514,class,Revtraviricetes,6,0,5,812,823
SRR17635185,2169561,order,Ortervirales,6,0,6,812,822
SRR17635185,186534,family,Caulimoviridae,4,0,7,812,816
SRR17635185,10652,genus,Badnavirus,4,0,8,812,815
SRR17635185,325348,,unclassified Badnavirus,4,0,9,812,814
SRR17635185,52996,species,Dioscorea bacilliform virus,4,4,10,812,812
SRR17635185,11632,family,Retroviridae,2,0,7,816,821
SRR17635185,327045,subfamily,Orthoretrovirinae,2,0,8,816,820
SRR17635185,11646,genus,Lentivirus,2,0,9,816,819
SRR17635185,11723,species,Simian immunodeficiency virus,1,1,10,816,816
SRR17635185,12804,species,Puma lentivirus,1,1,10,817,817
SRR17635185,2585030,,unclassified Riboviria,3,0,3,825,828
SRR17635185,439490,,unclassified ssRNA viruses,3,0,4,825,827
SRR17635185,2689988,species,Phaseolina single-stranded RNA virus,3,3,5,825,825
SRR17635185,2731342,,Monodnaviria,108,0,2,829,838
SRR17635185,2732092,kingdom,Shotokuvirae,108,0,3,829,837
SRR17635185,2732416,phylum,Cressdnaviricota,108,0,4,829,836
SRR17635185,2732424,class,Repensiviricetes,108,0,5,829,835
SRR17635185,2732539,order,Geplafuvirales,108,0,6,829,834
SRR17635185,10811,family,Geminiviridae,108,0,7,829,833
SRR17635185,10814,genus,Begomovirus,108,0,8,829,832
SRR17635185,291027,,unclassified Begomovirus,108,0,9,829,831
SRR17635185,1592931,species,Yam yellow spot mosaic virus,108,108,10,829,829
SRR17635186,10239,superkingdom,Viruses,2384859,0,1,0,69
SRR17635186,2559587,,Riboviria,2384739,0,2,0,59
SRR17635186,2732396,kingdom,Orthornavirae,2384735,0,3,0,46
SRR17635186,2732408,phylum,Pisuviricota,2384723,1,4,0,22
SRR17635186,2732506,class,Pisoniviricetes,2361288,0,5,0,10
SRR17635186,464095,order,Picornavirales,2361288,1,6,0,9
SRR17635186,675072,family,Secoviridae,2361287,0,7,0,8
SRR17635186,675075,subfamily,Comovirinae,2361287,0,8,0,7
SRR17635186,12269,genus,Fabavirus,2361287,21850,9,0,6
SRR17635186,76875,species,Broad bean wilt virus 2,2339432,2339423,10,0,2
SRR17635186,73149,,Patchouli mild mosaic virus,9,9,11,0,0
SRR17635186,352925,,unclassified Fabavirus,5,0,10,2,5
SRR17635186,2738914,species,Capsicum annuum fabavirus,3,3,11,2,2
SRR17635186,95622,species,Broad bean wilt virus,2,2,11,3,3
SRR17635186,2732507,class,Stelpaviricetes,23434,0,5,10,21
SRR17635186,2732550,order,Patatavirales,23434,0,6,10,20
SRR17635186,39729,family,Potyviridae,23434,0,7,10,19
SRR17635186,12195,genus,Potyvirus,23433,2,8,10,16
SRR17635186,79917,species,Japanese yam mosaic virus,19904,19904,9,10,10
SRR17635186,160843,species,Narcissus yellow stripe virus,2125,2125,9,11,11
SRR17635186,12230,species,Turnip mosaic virus,1400,1400,9,12,12
SRR17635186,12198,species,Clover yellow vein virus,1,1,9,13,13
SRR17635186,187977,species,Wild potato mosaic virus,1,1,9,14,14
SRR17635186,137757,genus,Ipomovirus,1,0,8,16,18
SRR17635186,137758,species,Cassava brown streak virus,1,1,9,16,16
SRR17635186,2732405,phylum,Duplornaviricota,7,0,4,22,28
SRR17635186,2732458,class,Chrymotiviricetes,7,0,5,22,27
SRR17635186,2732540,order,Ghabrivirales,7,0,6,22,26
SRR17635186,11006,family,Totiviridae,7,0,7,22,25
SRR17635186,39756,,unclassified Totiviridae,7,0,8,22,24
SRR17635186,1678183,species,Diatom colony associated virus-Like RNA Segment 3,7,7,9,22,22
SRR17635186,2732406,phylum,Kitrinoviricota,4,0,4,28,38
SRR17635186,2732461,class,Alsuviricetes,4,0,5,28,37
SRR17635186,675063,order,Tymovirales,4,0,6,28,36
SRR17635186,675064,family,Alphaflexiviridae,3,0,7,28,31
SRR17635186,12176,genus,Potexvirus,3,0,8,28,30
SRR17635186,1503864,species,Yam virus X,3,3,9,28,28
SRR17635186,675068,family,Betaflexiviridae,1,0,7,31,35
SRR17635186,1914297,subfamily,Quinvirinae,1,0,8,31,34
SRR17635186,12163,genus,Carlavirus,1,0,9,31,33
SRR17635186,1592930,species,Yam latent virus,1,1,10,31,31
SRR17635186,2732407,phylum,Lenarviricota,1,0,4,38,45
SRR17635186,2732499,class,Howeltoviricetes,1,0,5,38,44
SRR17635186,2732503,order,Cryppavirales,1,0,6,38,43
SRR17635186,2732892,family,Mitoviridae,1,0,7,38,42
SRR17635186,186768,genus,Mitovirus,1,0,8,38,41
SRR17635186,343865,,unclassified Mitovirus,1,0,9,38,40
SRR17635186,2587224,species,Mitovirus sp.,1,1,10,38,38
SRR17635186,2732397,kingdom,Pararnavirae,4,0,3,46,58
SRR17635186,2732409,phylum,Artverviricota,4,0,4,46,57
SRR17635186,2732514,class,Revtraviricetes,4,0,5,46,56
SRR17635186,2169561,order,Ortervirales,4,0,6,46,55
SRR17635186,186534,family,Caulimoviridae,3,0,7,46,50
SRR17635186,10652,genus,Badnavirus,3,0,8,46,49
SRR17635186,325348,,unclassified Badnavirus,3,0,9,46,48
SRR17635186,52996,species,Dioscorea bacilliform virus,3,3,10,46,46
SRR17635186,11632,family,Retroviridae,1,0,7,50,54
SRR17635186,327045,subfamily,Orthoretrovirinae,1,0,8,50,53
SRR17635186,11646,genus,Lentivirus,1,0,9,50,52
SRR17635186,12804,species,Puma lentivirus,1,1,10,50,50
SRR17635186,2731342,,Monodnaviria,120,0,2,59,68
SRR17635186,2732092,kingdom,Shotokuvirae,120,0,3,59,67
SRR17635186,2732416,phylum,Cressdnaviricota,120,0,4,59,66
SRR17635186,2732424,class,Repensiviricetes,120,0,5,59,65
SRR17635186,2732539,order,Geplafuvirales,120,0,6,59,64
SRR17635186,10811,family,Geminiviridae,120,0,7,59,63
SRR17635186,10814,genus,Begomovirus,120,0,8,59,62
SRR17635186,291027,,unclassified Begomovirus,120,0,9,59,61
SRR17635186,1592931,species,Yam yellow spot mosaic virus,120,120,10,59,59
SRR17635186,3821,species,Cajanus cajan,1235,1235,25,69,69
SRR192885,10239,superkingdom,Viruses,6,0,1,315,324
SRR192885,35237,,"dsDNA viruses, no RNA stage",6,0,2,315,323
SRR192885,548681,order,Herpesvirales,5,0,3,315,320
SRR192885,10292,family,Herpesviridae,5,0,4,315,319
SRR192885,10293,subfamily,Alphaherpesvirinae,5,0,5,315,318
SRR192885,180252,genus,Mardivirus,5,0,6,315,317
SRR192885,10390,species,Gallid herpesvirus 2,5,5,7,315,315
SRR192885,10442,family,Baculoviridae,1,0,3,320,322
SRR192885,558016,genus,Alphabaculovirus,1,1,4,320,320
SRR192937,10239,superkingdom,Viruses,40,0,1,160,166
SRR192937,439488,,ssRNA viruses,40,0,2,160,165
SRR192937,35278,,"ssRNA positive-strand viruses, no DNA stage",40,0,3,160,164
SRR192937,39738,family,Tombusviridae,40,0,4,160,163
SRR192937,1299309,genus,Alphanecrovirus,40,3,5,160,162
SRR192937,12055,species,Tobacco necrosis virus A,37,37,6,160,160
SRR192938,10239,superkingdom,Viruses,9,0,1,176,182
SRR192938,439488,,ssRNA viruses,9,0,2,176,181
SRR192938,35278,,"ssRNA positive-strand viruses, no DNA stage",9,0,3,176,180
SRR192938,39738,family,Tombusviridae,9,0,4,176,179
SRR192938,1299309,genus,Alphanecrovirus,9,0,5,176,178
SRR192938,12055,species,Tobacco necrosis virus A,9,9,6,176,176
SRR192942,10239,superkingdom,Viruses,14,0,1,322,331
SRR192942,439488,,ssRNA viruses,14,0,2,322,330
SRR192942,35278,,"ssRNA positive-strand viruses, no DNA stage",14,0,3,322,329
SRR192942,464095,order,Picornavirales,14,0,4,322,328
SRR192942,675072,family,Secoviridae,14,0,5,322,327
SRR192942,675075,subfamily,Comovirinae,14,0,6,322,326
SRR192942,12270,genus,Nepovirus,14,0,7,322,325
SRR192942,167158,,Subgroup A,14,0,8,322,324
SRR192942,12282,species,Tobacco ringspot virus,14,14,9,322,322
SRR192943,10239,superkingdom,Viruses,147,0,1,212,219
SRR192943,439488,,ssRNA viruses,147,0,2,212,218
SRR192943,35278,,"ssRNA positive-strand viruses, no DNA stage",147,0,3,212,217
SRR192943,39738,family,Tombusviridae,147,0,4,212,216
SRR192943,1299309,genus,Alphanecrovirus,147,13,5,212,215
SRR192943,12055,species,Tobacco necrosis virus A,132,132,6,212,212
SRR192943,47669,species,Olive latent virus 1,2,2,6,213,213
SRR192944,10239,superkingdom,Viruses,1,0,1,244,253
SRR192944,439488,,ssRNA viruses,1,0,2,244,252
SRR192944,35278,,"ssRNA positive-strand viruses, no DNA stage",1,0,3,244,251
SRR192944,464095,order,Picornavirales,1,0,4,244,250
SRR192944,675072,family,Secoviridae,1,0,5,244,249
SRR192944,675075,subfamily,Comovirinae,1,0,6,244,248
SRR192944,12270,genus,Nepovirus,1,0,7,244,247
SRR192944,167158,,Subgroup A,1,0,8,244,246
SRR192944,12282,species,Tobacco ringspot virus,1,1,9,244,244
SRR192945,10239,superkingdom,Viruses,271,0,1,243,250
SRR192945,439488,,ssRNA viruses,271,0,2,243,249
SRR192945,35278,,"ssRNA positive-strand viruses, no DNA stage",271,0,3,243,248
SRR192945,39738,family,Tombusviridae,271,0,4,243,247
SRR192945,1299309,genus,Alphanecrovirus,271,10,5,243,246
SRR192945,12055,species,Tobacco necrosis virus A,256,256,6,243,243
SRR192945,47669,species,Olive latent virus 1,5,5,6,244,244
SRR192947,10239,superkingdom,Viruses,7,0,1,940,956
SRR192947,35237,,"dsDNA viruses, no RNA stage",2,0,2,940,947
SRR192947,28883,order,Caudovirales,2,0,3,940,946
SRR192947,10699,family,Siphoviridae,1,0,4,940,942
SRR192947,196894,,unclassified Siphoviridae,1,1,5,940,940
SRR192947,10744,family,Podoviridae,1,0,4,942,945
SRR192947,196895,,unclassified Podoviridae,1,0,5,942,944
SRR192947,1636270,species,Rhodoferax phage P26218,1,1,6,942,942
SRR192947,439488,,ssRNA viruses,5,0,2,947,955
SRR192947,35278,,"ssRNA positive-strand viruses, no DNA stage",5,0,3,947,954
SRR192947,464095,order,Picornavirales,5,0,4,947,953
SRR192947,675072,family,Secoviridae,5,0,5,947,952
SRR192947,675075,subfamily,Comovirinae,5,0,6,947,951
SRR192947,12270,genus,Nepovirus,5,0,7,947,950
SRR192947,167158,,Subgroup A,5,0,8,947,949
SRR192947,12282,species,Tobacco ringspot virus,5,5,9,947,947
SRR192948,10239,superkingdom,Viruses,3,0,1,875,887
SRR192948,439488,,ssRNA viruses,3,0,2,875,886
SRR192948,35278,,"ssRNA positive-strand viruses, no DNA stage",3,0,3,875,885
SRR192948,464095,order,Picornavirales,1,0,4,875,881
SRR192948,675072,family,Secoviridae,1,0,5,875,880
SRR192948,675075,subfamily,Comovirinae,1,0,6,875,879
SRR192948,12270,genus,Nepovirus,1,0,7,875,878
SRR192948,167158,,Subgroup A,1,0,8,875,877
SRR192948,12282,species,Tobacco ringspot virus,1,1,9,875,875
SRR192948,39738,family,Tombusviridae,2,0,4,881,884
SRR192948,1299309,genus,Alphanecrovirus,2,0,5,881,883
SRR192948,12055,species,Tobacco necrosis virus A,2,2,6,881,881
SRR192976,10239,superkingdom,Viruses,16643,0,1,1216,1223
SRR192976,439488,,ssRNA viruses,16643,0,2,1216,1222
SRR192976,35278,,"ssRNA positive-strand viruses, no DNA stage",16643,0,3,1216,1221
SRR192976,39738,family,Tombusviridae,16643,0,4,1216,1220
SRR192976,1299309,genus,Alphanecrovirus,16643,2236,5,1216,1219
SRR192976,47669,species,Olive latent virus 1,189,189,6,1216,1216
SRR192976,12055,species,Tobacco necrosis virus A,14218,14218,6,1217,1217
SRR2124164,10239,superkingdom,Viruses,14836,0,1,611,631
SRR2124164,439488,,ssRNA viruses,14818,0,2,611,621
SRR2124164,35278,,"ssRNA positive-strand viruses, no DNA stage",14818,0,3,611,620
SRR2124164,39729,family,Potyviridae,14806,0,4,611,614
SRR2124164,12195,genus,Potyvirus,14806,1,5,611,613
SRR2124164,79917,species,Japanese yam mosaic virus,14805,14805,6,611,611
SRR2124164,464095,order,Picornavirales,12,0,4,614,619
SRR2124164,675072,family,Secoviridae,12,0,5,614,618
SRR2124164,675075,subfamily,Comovirinae,12,0,6,614,617
SRR2124164,12269,genus,Fabavirus,12,0,7,614,616
SRR2124164,76875,species,Broad bean wilt virus 2,12,12,8,614,614
SRR2124164,35268,,Retro-transcribing viruses,18,0,2,621,630
SRR2124164,11632,family,Retroviridae,2,0,3,621,625
SRR2124164,327045,subfamily,Orthoretrovirinae,2,0,4,621,624
SRR2124164,153057,genus,Alpharetrovirus,2,0,5,621,623
SRR2124164,11864,species,Avian leukosis virus,2,2,6,621,621
SRR2124164,186534,family,Caulimoviridae,16,0,3,625,629
SRR2124164,10652,genus,Badnavirus,16,0,4,625,628
SRR2124164,325348,,unclassified Badnavirus,16,0,5,625,627
SRR2124164,52996,species,Dioscorea bacilliform virus,16,16,6,625,625
SRR2147846,10239,superkingdom,Viruses,4928,0,1,561,577
SRR2147846,439488,,ssRNA viruses,4918,0,2,561,571
SRR2147846,35278,,"ssRNA positive-strand viruses, no DNA stage",4918,0,3,561,570
SRR2147846,464095,order,Picornavirales,1,0,4,561,566
SRR2147846,675072,family,Secoviridae,1,0,5,561,565
SRR2147846,675075,subfamily,Comovirinae,1,0,6,561,564
SRR2147846,12269,genus,Fabavirus,1,0,7,561,563
SRR2147846,76875,species,Broad bean wilt virus 2,1,1,8,561,561
SRR2147846,39729,family,Potyviridae,4917,0,4,566,569
SRR2147846,12195,genus,Potyvirus,4917,0,5,566,568
SRR2147846,79917,species,Japanese yam mosaic virus,4917,4917,6,566,566
SRR2147846,35268,,Retro-transcribing viruses,10,0,2,571,576
SRR2147846,186534,family,Caulimoviridae,10,0,3,571,575
SRR2147846,10652,genus,Badnavirus,10,0,4,571,574
SRR2147846,325348,,unclassified Badnavirus,10,0,5,571,573
SRR2147846,52996,species,Dioscorea bacilliform virus,10,10,6,571,571
SRR2147847,10239,superkingdom,Viruses,6,0,1,499,514
SRR2147847,439488,,ssRNA viruses,2,0,2,499,508
SRR2147847,35278,,"ssRNA positive-strand viruses, no DNA stage",2,0,3,499,507
SRR2147847,39740,family,Bromoviridae,1,0,4,499,502
SRR2147847,12304,genus,Cucumovirus,1,0,5,499,501
SRR2147847,12315,species,Tomato aspermy virus,1,1,6,499,499
SRR2147847,675063,order,Tymovirales,1,0,4,502,506
SRR2147847,675064,family,Alphaflexiviridae,1,0,5,502,505
SRR2147847,12176,genus,Potexvirus,1,0,6,502,504
SRR2147847,12183,species,Potato virus X,1,1,7,502,502
SRR2147847,35268,,Retro-transcribing viruses,4,0,2,508,513
SRR2147847,186534,family,Caulimoviridae,4,0,3,508,512
SRR2147847,10652,genus,Badnavirus,4,0,4,508,511
SRR2147847,325348,,unclassified Badnavirus,4,0,5,508,510
SRR2147847,52996,species,Dioscorea bacilliform virus,4,4,6,508,508
SRR2147848,10239,superkingdom,Viruses,14,0,1,558,575
SRR2147848,439488,,ssRNA viruses,10,0,2,558,563
SRR2147848,35278,,"ssRNA positive-strand viruses, no DNA stage",10,0,3,558,562
SRR2147848,39729,family,Potyviridae,10,0,4,558,561
SRR2147848,12195,genus,Potyvirus,10,0,5,558,560
SRR2147848,79917,species,Japanese yam mosaic virus,10,10,6,558,558
SRR2147848,35237,,"dsDNA viruses, no RNA stage",1,0,2,563,569
SRR2147848,28883,order,Caudovirales,1,0,3,563,568
SRR2147848,10699,family,Siphoviridae,1,0,4,563,567
SRR2147848,196894,,unclassified Siphoviridae,1,0,5,563,566
SRR2147848,1647436,species,Propionibacterium phage PHL152,1,0,6,563,565
SRR2147848,1500825,,Propionibacterium phage PHL152M00,1,1,7,563,563
SRR2147848,35268,,Retro-transcribing viruses,3,0,2,569,574
SRR2147848,186534,family,Caulimoviridae,3,0,3,569,573
SRR2147848,10652,genus,Badnavirus,3,0,4,569,572
SRR2147848,325348,,unclassified Badnavirus,3,0,5,569,571
SRR2147848,52996,species,Dioscorea bacilliform virus,3,3,6,569,569
SRR2147849,10239,superkingdom,Viruses,63,0,1,585,600
SRR2147849,439488,,ssRNA viruses,62,0,2,585,594
SRR2147849,35301,,ssRNA negative-strand viruses,4,0,3,585,589
SRR2147849,1809505,,Unassigned ssRNA negative-strand viruses,4,0,4,585,588
SRR2147849,12329,genus,Tenuivirus,4,0,5,585,587
SRR2147849,12331,species,Rice stripe virus,4,4,6,585,585
SRR2147849,35278,,"ssRNA positive-strand viruses, no DNA stage",58,0,3,589,593
SRR2147849,39729,family,Potyviridae,58,0,4,589,592
SRR2147849,12195,genus,Potyvirus,58,0,5,589,591
SRR2147849,79917,species,Japanese yam mosaic virus,58,58,6,589,589
SRR2147849,35268,,Retro-transcribing viruses,1,0,2,594,599
SRR2147849,11632,family,Retroviridae,1,0,3,594,598
SRR2147849,327045,subfamily,Orthoretrovirinae,1,0,4,594,597
SRR2147849,153057,genus,Alpharetrovirus,1,0,5,594,596
SRR2147849,11864,species,Avian leukosis virus,1,1,6,594,594
SRR2147850,10239,superkingdom,Viruses,261163,0,1,552,574
SRR2147850,439488,,ssRNA viruses,261156,0,2,552,564
SRR2147850,35278,,"ssRNA positive-strand viruses, no DNA stage",261154,0,3,552,559
SRR2147850,39729,family,Potyviridae,261154,0,4,552,558
SRR2147850,12195,genus,Potyvirus,261154,5,5,552,557
SRR2147850,42004,species,Leek yellow stripe virus,1,1,6,552,552
SRR2147850,79917,species,Japanese yam mosaic virus,261146,261146,6,553,553
SRR2147850,114921,species,Beet mosaic virus,1,1,6,554,554
SRR2147850,930881,species,Sweet potato virus C,1,1,6,555,555
SRR2147850,35301,,ssRNA negative-strand viruses,2,0,3,559,563
SRR2147850,1809505,,Unassigned ssRNA negative-strand viruses,2,0,4,559,562
SRR2147850,12329,genus,Tenuivirus,2,0,5,559,561
SRR2147850,12331,species,Rice stripe virus,2,2,6,559,559
SRR2147850,35268,,Retro-transcribing viruses,6,0,2,564,569
SRR2147850,186534,family,Caulimoviridae,6,0,3,564,568
SRR2147850,10652,genus,Badnavirus,6,0,4,564,567
SRR2147850,325348,,unclassified Badnavirus,6,0,5,564,566
SRR2147850,52996,species,Dioscorea bacilliform virus,6,6,6,564,564
SRR2147850,35237,,"dsDNA viruses, no RNA stage",1,0,2,569,573
SRR2147850,10442,family,Baculoviridae,1,0,3,569,572
SRR2147850,558016,genus,Alphabaculovirus,1,0,4,569,571
SRR2147850,1307957,species,Clanis bilineata nucleopolyhedrovirus,1,1,5,569,569
SRR22534736,10239,superkingdom,Viruses,101570,0,1,522,613
SRR22534736,2559587,,Riboviria,101481,0,2,522,577
SRR22534736,2732396,kingdom,Orthornavirae,101470,1,3,522,568
SRR22534736,2732406,phylum,Kitrinoviricota,63062,0,4,522,537
SRR22534736,2732461,class,Alsuviricetes,63062,0,5,522,536
SRR22534736,675063,order,Tymovirales,63062,0,6,522,535
SRR22534736,675068,family,Betaflexiviridae,63062,0,7,522,534
SRR22534736,1914297,subfamily,Quinvirinae,63056,19,8,522,531
SRR22534736,12163,genus,Carlavirus,63037,0,9,522,530
SRR22534736,1592930,species,Yam latent virus,62973,62973,10,522,522
SRR22534736,1031708,species,Caper latent virus,49,49,10,523,523
SRR22534736,67761,species,Cowpea mild mottle virus,11,11,10,524,524
SRR22534736,12167,species,Potato virus M,2,2,10,525,525
SRR22534736,327375,,unclassified Carlavirus,2,0,10,526,529
SRR22534736,1803898,species,Pepper virus A,1,1,11,526,526
SRR22534736,2116736,species,Chrysanthemum virus R,1,1,11,527,527
SRR22534736,1003890,,unclassified Betaflexiviridae,6,0,8,531,533
SRR22534736,2824403,species,Henan betaflexivirus 10,6,6,9,531,531
SRR22534736,2732408,phylum,Pisuviricota,38332,0,4,537,559
SRR22534736,2732507,class,Stelpaviricetes,38326,0,5,537,549
SRR22534736,2732550,order,Patatavirales,38326,0,6,537,548
SRR22534736,39729,family,Potyviridae,38326,0,7,537,547
SRR22534736,12195,genus,Potyvirus,37975,336,8,537,544
SRR22534736,79917,species,Japanese yam mosaic virus,31970,31970,9,537,537
SRR22534736,160843,species,Narcissus yellow stripe virus,3124,3124,9,538,538
SRR22534736,12230,species,Turnip mosaic virus,2537,2537,9,539,539
SRR22534736,2293720,species,Mashua virus Y,6,6,9,540,540
SRR22534736,12196,species,Bean common mosaic virus,1,1,9,541,541
SRR22534736,12198,species,Clover yellow vein virus,1,1,9,542,542
SRR22534736,137757,genus,Ipomovirus,351,0,8,544,546
SRR22534736,137758,species,Cassava brown streak virus,351,351,9,544,544
SRR22534736,2732506,class,Pisoniviricetes,6,0,5,549,558
SRR22534736,76804,order,Nidovirales,6,0,6,549,557
SRR22534736,2499399,suborder,Cornidovirineae,6,0,7,549,556
SRR22534736,11118,family,Coronaviridae,6,0,8,549,555
SRR22534736,2501931,subfamily,Orthocoronavirinae,6,0,9,549,554
SRR22534736,694002,genus,Betacoronavirus,6,0,10,549,553
SRR22534736,2509511,subgenus,Sarbecovirus,6,0,11,549,552
SRR22534736,694009,species,Severe acute respiratory syndrome-related coronavirus,6,0,12,549,551
SRR22534736,2697049,,Severe acute respiratory syndrome coronavirus 2,6,6,13,549,549
SRR22534736,2497569,phylum,Negarnaviricota,75,0,4,559,567
SRR22534736,2497570,subphylum,Haploviricotina,75,0,5,559,566
SRR22534736,2497574,class,Monjiviricetes,75,0,6,559,565
SRR22534736,11157,order,Mononegavirales,75,0,7,559,564
SRR22534736,11158,family,Paramyxoviridae,75,0,8,559,563
SRR22534736,2560076,subfamily,Orthoparamyxovirinae,75,0,9,559,562
SRR22534736,186938,genus,Respirovirus,75,0,10,559,561
SRR22534736,12730,species,Human respirovirus 1,75,75,11,559,559
SRR22534736,2732397,kingdom,Pararnavirae,11,0,3,568,576
SRR22534736,2732409,phylum,Artverviricota,11,0,4,568,575
SRR22534736,2732514,class,Revtraviricetes,11,0,5,568,574
SRR22534736,2169561,order,Ortervirales,11,0,6,568,573
SRR22534736,186534,family,Caulimoviridae,11,0,7,568,572
SRR22534736,10652,genus,Badnavirus,11,0,8,568,571
SRR22534736,325348,,unclassified Badnavirus,11,0,9,568,570
SRR22534736,52996,species,Dioscorea bacilliform virus,11,11,10,568,568
SRR22534736,2731342,,Monodnaviria,82,0,2,577,586
SRR22534736,2732092,kingdom,Shotokuvirae,82,0,3,577,585
SRR22534736,2732416,phylum,Cressdnaviricota,82,0,4,577,584
SRR22534736,2732424,class,Repensiviricetes,82,0,5,577,583
SRR22534736,2732539,order,Geplafuvirales,82,0,6,577,582
SRR22534736,10811,family,Geminiviridae,82,0,7,577,581
SRR22534736,10814,genus,Begomovirus,82,0,8,577,580
SRR22534736,291027,,unclassified Begomovirus,82,0,9,577,579
SRR22534736,1592931,species,Yam yellow spot mosaic virus,82,82,10,577,577
SRR22534736,2731341,,Duplodnaviria,5,0,2,586,598
SRR22534736,2731360,kingdom,Heunggongvirae,5,0,3,586,597
SRR22534736,2731618,phylum,Uroviricota,5,0,4,586,596
SRR22534736,2731619,class,Caudoviricetes,5,0,5,586,595
SRR22534736,28883,order,Caudovirales,5,0,6,586,594
SRR22534736,10699,family,Siphoviridae,4,0,7,586,590
SRR22534736,196894,,unclassified Siphoviridae,4,0,8,586,589
SRR22534736,1589748,species,Achromobacter phage JWF,2,2,9,586,586
SRR22534736,2170413,species,Siphoviridae sp.,2,2,9,587,587
SRR22534736,10662,family,Myoviridae,1,0,7,590,593
SRR22534736,196896,,unclassified Myoviridae,1,0,8,590,592
SRR22534736,2202564,species,Myoviridae sp.,1,1,9,590,590
SRR22534736,2732004,,Varidnaviria,2,0,2,598,612
SRR22534736,2732005,kingdom,Bamfordvirae,2,0,3,598,611
SRR22534736,2732007,phylum,Nucleocytoviricota,2,0,4,598,610
SRR22534736,2732525,class,Pokkesviricetes,1,0,5,598,604
SRR22534736,2732527,order,Chitovirales,1,0,6,598,603
SRR22534736,10240,family,Poxviridae,1,0,7,598,602
SRR22534736,10241,subfamily,Chordopoxvirinae,1,0,8,598,601
SRR22534736,10242,genus,Orthopoxvirus,1,0,9,598,600
SRR22534736,160796,species,Skunkpox virus,1,1,10,598,598
SRR22534736,2732523,class,Megaviricetes,1,0,5,604,609
SRR22534736,2732554,order,Imitervirales,1,0,6,604,608
SRR22534736,549779,family,Mimiviridae,1,0,7,604,607
SRR22534736,985780,,unclassified Mimiviridae,1,0,8,604,606
SRR22534736,2596887,species,Mimiviridae sp. ChoanoV1,1,1,9,604,604
SRR22534737,10239,superkingdom,Viruses,176115,0,1,647,723
SRR22534737,2559587,,Riboviria,175996,0,2,647,704
SRR22534737,2732396,kingdom,Orthornavirae,175991,4,3,647,695
SRR22534737,2732408,phylum,Pisuviricota,94046,0,4,647,672
SRR22534737,2732507,class,Stelpaviricetes,94039,0,5,647,662
SRR22534737,2732550,order,Patatavirales,94039,0,6,647,661
SRR22534737,39729,family,Potyviridae,94039,1,7,647,660
SRR22534737,12195,genus,Potyvirus,92987,589,8,647,657
SRR22534737,79917,species,Japanese yam mosaic virus,78361,78361,9,647,647
SRR22534737,160843,species,Narcissus yellow stripe virus,8283,8283,9,648,648
SRR22534737,12230,species,Turnip mosaic virus,5745,5745,9,649,649
SRR22534737,12198,species,Clover yellow vein virus,5,5,9,650,650
SRR22534737,12196,species,Bean common mosaic virus,1,1,9,651,651
SRR22534737,187977,species,Wild potato mosaic virus,1,1,9,652,652
SRR22534737,332470,,unclassified Potyvirus,1,0,9,653,655
SRR22534737,2793794,species,Achyranthes bidentata mosaic virus,1,1,10,653,653
SRR22534737,42004,species,Leek yellow stripe virus,1,1,9,655,655
SRR22534737,137757,genus,Ipomovirus,1051,0,8,657,659
SRR22534737,137758,species,Cassava brown streak virus,1051,1051,9,657,657
SRR22534737,2732506,class,Pisoniviricetes,7,0,5,662,671
SRR22534737,76804,order,Nidovirales,7,0,6,662,670
SRR22534737,2499399,suborder,Cornidovirineae,7,0,7,662,669
SRR22534737,11118,family,Coronaviridae,7,0,8,662,668
SRR22534737,2501931,subfamily,Orthocoronavirinae,7,0,9,662,667
SRR22534737,694002,genus,Betacoronavirus,7,0,10,662,666
SRR22534737,2509511,subgenus,Sarbecovirus,7,0,11,662,665
SRR22534737,694009,species,Severe acute respiratory syndrome-related coronavirus,7,0,12,662,664
SRR22534737,2697049,,Severe acute respiratory syndrome coronavirus 2,7,7,13,662,662
SRR22534737,2732406,phylum,Kitrinoviricota,81869,0,4,672,686
SRR22534737,2732461,class,Alsuviricetes,81869,0,5,672,685
SRR22534737,675063,order,Tymovirales,81869,0,6,672,684
SRR22534737,675068,family,Betaflexiviridae,81869,0,7,672,683
SRR22534737,1914297,subfamily,Quinvirinae,81860,55,8,672,680
SRR22534737,12163,genus,Carlavirus,81803,0,9,672,677
SRR22534737,1592930,species,Yam latent virus,81751,81751,10,672,672
SRR22534737,1031708,species,Caper latent virus,41,41,10,673,673
SRR22534737,67761,species,Cowpea mild mottle virus,8,8,10,674,674
SRR22534737,12167,species,Potato virus M,3,3,10,675,675
SRR22534737,129725,genus,Foveavirus,2,0,9,677,679
SRR22534737,2016035,species,Grapevine virus T,2,2,10,677,677
SRR22534737,1003890,,unclassified Betaflexiviridae,9,0,8,680,682
SRR22534737,2824403,species,Henan betaflexivirus 10,9,9,9,680,680
SRR22534737,2497569,phylum,Negarnaviricota,72,0,4,686,694
SRR22534737,2497570,subphylum,Haploviricotina,72,0,5,686,693
SRR22534737,2497574,class,Monjiviricetes,72,0,6,686,692
SRR22534737,11157,order,Mononegavirales,72,0,7,686,691
SRR22534737,11158,family,Paramyxoviridae,72,0,8,686,690
SRR22534737,2560076,subfamily,Orthoparamyxovirinae,72,0,9,686,689
SRR22534737,186938,genus,Respirovirus,72,0,10,686,688
SRR22534737,12730,species,Human respirovirus 1,72,72,11,686,686
SRR22534737,2732397,kingdom,Pararnavirae,5,0,3,695,703
SRR22534737,2732409,phylum,Artverviricota,5,0,4,695,702
SRR22534737,2732514,class,Revtraviricetes,5,0,5,695,701
SRR22534737,2169561,order,Ortervirales,5,0,6,695,700
SRR22534737,186534,family,Caulimoviridae,5,0,7,695,699
SRR22534737,10652,genus,Badnavirus,5,0,8,695,698
SRR22534737,325348,,unclassified Badnavirus,5,0,9,695,697
SRR22534737,52996,species,Dioscorea bacilliform virus,5,5,10,695,695
SRR22534737,2731342,,Monodnaviria,115,0,2,704,713
SRR22534737,2732092,kingdom,Shotokuvirae,115,0,3,704,712
SRR22534737,2732416,phylum,Cressdnaviricota,115,0,4,704,711
SRR22534737,2732424,class,Repensiviricetes,115,0,5,704,710
SRR22534737,2732539,order,Geplafuvirales,115,0,6,704,709
SRR22534737,10811,family,Geminiviridae,115,0,7,704,708
SRR22534737,10814,genus,Begomovirus,115,0,8,704,707
SRR22534737,291027,,unclassified Begomovirus,115,0,9,704,706
SRR22534737,1592931,species,Yam yellow spot mosaic virus,115,115,10,704,704
SRR22534737,2731341,,Duplodnaviria,4,0,2,713,722
SRR22534737,2731360,kingdom,Heunggongvirae,4,0,3,713,721
SRR22534737,2731618,phylum,Uroviricota,4,0,4,713,720
SRR22534737,2731619,class,Caudoviricetes,4,0,5,713,719
SRR22534737,28883,order,Caudovirales,4,0,6,713,718
SRR22534737,10699,family,Siphoviridae,4,0,7,713,717
SRR22534737,196894,,unclassified Siphoviridae,4,0,8,713,716
SRR22534737,2170413,species,Siphoviridae sp.,3,3,9,713,713
SRR22534737,2783552,species,Providencia phage PSTCR9,1,1,9,714,714
SRR22534738,10239,superkingdom,Viruses,164504,0,1,464,573
SRR22534738,2559587,,Riboviria,164434,0,2,464,533
SRR22534738,2732396,kingdom,Orthornavirae,164431,7,3,464,524
SRR22534738,2732408,phylum,Pisuviricota,92501,0,4,464,496
SRR22534738,2732507,class,Stelpaviricetes,92492,0,5,464,481
SRR22534738,2732550,order,Patatavirales,92492,0,6,464,480
SRR22534738,39729,family,Potyviridae,92492,0,7,464,479
SRR22534738,12195,genus,Potyvirus,91667,464,8,464,476
SRR22534738,79917,species,Japanese yam mosaic virus,77157,77157,9,464,464
SRR22534738,160843,species,Narcissus yellow stripe virus,8488,8488,9,465,465
SRR22534738,12230,species,Turnip mosaic virus,5540,5540,9,466,466
SRR22534738,12198,species,Clover yellow vein virus,5,5,9,467,467
SRR22534738,186643,species,Ornithogalum virus 3,5,5,9,468,468
SRR22534738,42004,species,Leek yellow stripe virus,3,3,9,469,469
SRR22534738,332470,,unclassified Potyvirus,2,0,9,470,472
SRR22534738,2793794,species,Achyranthes bidentata mosaic virus,2,2,10,470,470
SRR22534738,12196,species,Bean common mosaic virus,1,1,9,472,472
SRR22534738,12199,species,Cowpea aphid-borne mosaic virus,1,1,9,473,473
SRR22534738,187977,species,Wild potato mosaic virus,1,1,9,474,474
SRR22534738,137757,genus,Ipomovirus,825,0,8,476,478
SRR22534738,137758,species,Cassava brown streak virus,825,825,9,476,476
SRR22534738,2732506,class,Pisoniviricetes,8,0,5,481,490
SRR22534738,76804,order,Nidovirales,8,0,6,481,489
SRR22534738,2499399,suborder,Cornidovirineae,8,0,7,481,488
SRR22534738,11118,family,Coronaviridae,8,0,8,481,487
SRR22534738,2501931,subfamily,Orthocoronavirinae,8,0,9,481,486
SRR22534738,694002,genus,Betacoronavirus,8,0,10,481,485
SRR22534738,2509511,subgenus,Sarbecovirus,8,0,11,481,484
SRR22534738,694009,species,Severe acute respiratory syndrome-related coronavirus,8,0,12,481,483
SRR22534738,2697049,,Severe acute respiratory syndrome coronavirus 2,8,8,13,481,481
SRR22534738,2732505,class,Duplopiviricetes,1,0,5,490,495
SRR22534738,2732549,order,Durnavirales,1,0,6,490,494
SRR22534738,11012,family,Partitiviridae,1,0,7,490,493
SRR22534738,37960,,unclassified Partitiviridae,1,0,8,490,492
SRR22534738,2593943,species,Camellia cryptic virus 1,1,1,9,490,490
SRR22534738,2732406,phylum,Kitrinoviricota,71839,0,4,496,515
SRR22534738,2732461,class,Alsuviricetes,71839,0,5,496,514
SRR22534738,675063,order,Tymovirales,71839,0,6,496,513
SRR22534738,675068,family,Betaflexiviridae,71839,0,7,496,512
SRR22534738,1914297,subfamily,Quinvirinae,71835,73,8,496,506
SRR22534738,12163,genus,Carlavirus,71761,1,9,496,503
SRR22534738,1592930,species,Yam latent virus,71723,71723,10,496,496
SRR22534738,1031708,species,Caper latent virus,27,27,10,497,497
SRR22534738,67761,species,Cowpea mild mottle virus,6,6,10,498,498
SRR22534738,12167,species,Potato virus M,2,2,10,499,499
SRR22534738,327375,,unclassified Carlavirus,2,0,10,500,502
SRR22534738,2116736,species,Chrysanthemum virus R,2,2,11,500,500
SRR22534738,129725,genus,Foveavirus,1,0,9,503,505
SRR22534738,2016035,species,Grapevine virus T,1,1,10,503,503
SRR22534738,1003890,,unclassified Betaflexiviridae,3,0,8,506,508
SRR22534738,2824403,species,Henan betaflexivirus 10,3,3,9,506,506
SRR22534738,1914298,subfamily,Trivirinae,1,0,8,508,511
SRR22534738,40276,genus,Trichovirus,1,0,9,508,510
SRR22534738,12175,species,Apple chlorotic leaf spot virus,1,1,10,508,508
SRR22534738,2497569,phylum,Negarnaviricota,84,0,4,515,523
SRR22534738,2497570,subphylum,Haploviricotina,84,0,5,515,522
SRR22534738,2497574,class,Monjiviricetes,84,0,6,515,521
SRR22534738,11157,order,Mononegavirales,84,0,7,515,520
SRR22534738,11158,family,Paramyxoviridae,84,0,8,515,519
SRR22534738,2560076,subfamily,Orthoparamyxovirinae,84,0,9,515,518
SRR22534738,186938,genus,Respirovirus,84,0,10,515,517
SRR22534738,12730,species,Human respirovirus 1,84,84,11,515,515
SRR22534738,2732397,kingdom,Pararnavirae,3,0,3,524,532
SRR22534738,2732409,phylum,Artverviricota,3,0,4,524,531
SRR22534738,2732514,class,Revtraviricetes,3,0,5,524,530
SRR22534738,2169561,order,Ortervirales,3,0,6,524,529
SRR22534738,186534,family,Caulimoviridae,3,0,7,524,528
SRR22534738,10652,genus,Badnavirus,3,0,8,524,527
SRR22534738,325348,,unclassified Badnavirus,3,0,9,524,526
SRR22534738,52996,species,Dioscorea bacilliform virus,3,3,10,524,524
SRR22534738,2731342,,Monodnaviria,65,0,2,533,542
SRR22534738,2732092,kingdom,Shotokuvirae,65,0,3,533,541
SRR22534738,2732416,phylum,Cressdnaviricota,65,0,4,533,540
SRR22534738,2732424,class,Repensiviricetes,65,0,5,533,539
SRR22534738,2732539,order,Geplafuvirales,65,0,6,533,538
SRR22534738,10811,family,Geminiviridae,65,0,7,533,537
SRR22534738,10814,genus,Begomovirus,65,0,8,533,536
SRR22534738,291027,,unclassified Begomovirus,65,0,9,533,535
SRR22534738,1592931,species,Yam yellow spot mosaic virus,65,65,10,533,533
SRR22534738,2731341,,Duplodnaviria,3,0,2,542,562
SRR22534738,2731360,kingdom,Heunggongvirae,3,0,3,542,561
SRR22534738,2731618,phylum,Uroviricota,2,0,4,542,553
SRR22534738,2731619,class,Caudoviricetes,2,0,5,542,552
SRR22534738,28883,order,Caudovirales,2,0,6,542,551
SRR22534738,2731691,family,Drexlerviridae,1,0,7,542,547
SRR22534738,2732045,subfamily,Braunvirinae,1,0,8,542,546
SRR22534738,2732062,genus,Guelphvirus,1,0,9,542,545
SRR22534738,2753731,,unclassified Guelphvirus,1,0,10,542,544
SRR22534738,2041759,species,Escherichia phage IMM-001,1,1,11,542,542
SRR22534738,10662,family,Myoviridae,1,0,7,547,550
SRR22534738,196896,,unclassified Myoviridae,1,0,8,547,549
SRR22534738,2202564,species,Myoviridae sp.,1,1,9,547,547
SRR22534738,2731361,phylum,Peploviricota,1,0,4,553,560
SRR22534738,2731363,class,Herviviricetes,1,0,5,553,559
SRR22534738,548681,order,Herpesvirales,1,0,6,553,558
SRR22534738,10292,family,Herpesviridae,1,0,7,553,557
SRR22534738,10293,subfamily,Alphaherpesvirinae,1,0,8,553,556
SRR22534738,10294,genus,Simplexvirus,1,0,9,553,555
SRR22534738,10298,species,Human alphaherpesvirus 1,1,1,10,553,553
SRR22534738,2732004,,Varidnaviria,2,0,2,562,572
SRR22534738,2732005,kingdom,Bamfordvirae,2,0,3,562,571
SRR22534738,2732007,phylum,Nucleocytoviricota,2,0,4,562,570
SRR22534738,2732523,class,Megaviricetes,2,0,5,562,569
SRR22534738,2732554,order,Imitervirales,2,0,6,562,568
SRR22534738,549779,family,Mimiviridae,2,0,7,562,567
SRR22534738,985780,,unclassified Mimiviridae,2,0,8,562,566
SRR22534738,2094720,genus,Tupanvirus,1,0,9,562,564
SRR22534738,2126985,species,Tupanvirus soda lake,1,1,10,562,562
SRR22534738,2922419,species,Chlorella virus XW01,1,1,9,564,564
SRR22534739,10239,superkingdom,Viruses,169456,0,1,583,689
SRR22534739,2559587,,Riboviria,169351,0,2,583,645
SRR22534739,2732396,kingdom,Orthornavirae,169345,7,3,583,636
SRR22534739,2732408,phylum,Pisuviricota,91703,0,4,583,607
SRR22534739,2732507,class,Stelpaviricetes,91677,0,5,583,597
SRR22534739,2732550,order,Patatavirales,91677,0,6,583,596
SRR22534739,39729,family,Potyviridae,91677,0,7,583,595
SRR22534739,12195,genus,Potyvirus,90696,400,8,583,592
SRR22534739,79917,species,Japanese yam mosaic virus,76177,76177,9,583,583
SRR22534739,160843,species,Narcissus yellow stripe virus,8638,8638,9,584,584
SRR22534739,12230,species,Turnip mosaic virus,5470,5470,9,585,585
SRR22534739,42004,species,Leek yellow stripe virus,4,4,9,586,586
SRR22534739,12198,species,Clover yellow vein virus,3,3,9,587,587
SRR22534739,2293720,species,Mashua virus Y,2,2,9,588,588
SRR22534739,12196,species,Bean common mosaic virus,1,1,9,589,589
SRR22534739,167129,species,Moroccan watermelon mosaic virus,1,1,9,590,590
SRR22534739,137757,genus,Ipomovirus,981,0,8,592,594
SRR22534739,137758,species,Cassava brown streak virus,981,981,9,592,592
SRR22534739,2732506,class,Pisoniviricetes,26,0,5,597,606
SRR22534739,76804,order,Nidovirales,26,0,6,597,605
SRR22534739,2499399,suborder,Cornidovirineae,26,0,7,597,604
SRR22534739,11118,family,Coronaviridae,26,0,8,597,603
SRR22534739,2501931,subfamily,Orthocoronavirinae,26,0,9,597,602
SRR22534739,694002,genus,Betacoronavirus,26,0,10,597,601
SRR22534739,2509511,subgenus,Sarbecovirus,26,0,11,597,600
SRR22534739,694009,species,Severe acute respiratory syndrome-related coronavirus,26,0,12,597,599
SRR22534739,2697049,,Severe acute respiratory syndrome coronavirus 2,26,26,13,597,597
SRR22534739,2732406,phylum,Kitrinoviricota,77557,0,4,607,620
SRR22534739,2732461,class,Alsuviricetes,77557,0,5,607,619
SRR22534739,675063,order,Tymovirales,77557,0,6,607,618
SRR22534739,675068,family,Betaflexiviridae,77557,0,7,607,617
SRR22534739,1914297,subfamily,Quinvirinae,77544,51,8,607,614
SRR22534739,12163,genus,Carlavirus,77493,1,9,607,613
SRR22534739,1592930,species,Yam latent virus,77437,77437,10,607,607
SRR22534739,1031708,species,Caper latent virus,47,47,10,608,608
SRR22534739,67761,species,Cowpea mild mottle virus,7,7,10,609,609
SRR22534739,327375,,unclassified Carlavirus,1,0,10,610,612
SRR22534739,2116736,species,Chrysanthemum virus R,1,1,11,610,610
SRR22534739,1003890,,unclassified Betaflexiviridae,13,0,8,614,616
SRR22534739,2824403,species,Henan betaflexivirus 10,13,13,9,614,614
SRR22534739,2497569,phylum,Negarnaviricota,77,0,4,620,628
SRR22534739,2497570,subphylum,Haploviricotina,77,0,5,620,627
SRR22534739,2497574,class,Monjiviricetes,77,0,6,620,626
SRR22534739,11157,order,Mononegavirales,77,0,7,620,625
SRR22534739,11158,family,Paramyxoviridae,77,1,8,620,624
SRR22534739,2560076,subfamily,Orthoparamyxovirinae,76,0,9,620,623
SRR22534739,186938,genus,Respirovirus,76,0,10,620,622
SRR22534739,12730,species,Human respirovirus 1,76,76,11,620,620
SRR22534739,2732405,phylum,Duplornaviricota,1,0,4,628,635
SRR22534739,2732458,class,Chrymotiviricetes,1,0,5,628,634
SRR22534739,2732540,order,Ghabrivirales,1,0,6,628,633
SRR22534739,249310,family,Chrysoviridae,1,0,7,628,632
SRR22534739,11014,genus,Chrysovirus,1,0,8,628,631
SRR22534739,327108,,unclassified Chrysovirus,1,0,9,628,630
SRR22534739,764348,species,Magnaporthe oryzae chrysovirus 1,1,1,10,628,628
SRR22534739,2732397,kingdom,Pararnavirae,6,0,3,636,644
SRR22534739,2732409,phylum,Artverviricota,6,0,4,636,643
SRR22534739,2732514,class,Revtraviricetes,6,0,5,636,642
SRR22534739,2169561,order,Ortervirales,6,0,6,636,641
SRR22534739,186534,family,Caulimoviridae,6,0,7,636,640
SRR22534739,10652,genus,Badnavirus,6,0,8,636,639
SRR22534739,325348,,unclassified Badnavirus,6,0,9,636,638
SRR22534739,52996,species,Dioscorea bacilliform virus,6,6,10,636,636
SRR22534739,2731342,,Monodnaviria,94,0,2,645,654
SRR22534739,2732092,kingdom,Shotokuvirae,94,0,3,645,653
SRR22534739,2732416,phylum,Cressdnaviricota,94,0,4,645,652
SRR22534739,2732424,class,Repensiviricetes,94,0,5,645,651
SRR22534739,2732539,order,Geplafuvirales,94,0,6,645,650
SRR22534739,10811,family,Geminiviridae,94,0,7,645,649
SRR22534739,10814,genus,Begomovirus,94,0,8,645,648
SRR22534739,291027,,unclassified Begomovirus,94,0,9,645,647
SRR22534739,1592931,species,Yam yellow spot mosaic virus,94,94,10,645,645
SRR22534739,2731341,,Duplodnaviria,10,0,2,654,679
SRR22534739,2731360,kingdom,Heunggongvirae,10,0,3,654,678
SRR22534739,2731618,phylum,Uroviricota,9,0,4,654,670
SRR22534739,2731619,class,Caudoviricetes,9,0,5,654,669
SRR22534739,28883,order,Caudovirales,9,0,6,654,668
SRR22534739,10699,family,Siphoviridae,7,0,7,654,664
SRR22534739,196894,,unclassified Siphoviridae,5,0,8,654,657
SRR22534739,2170413,species,Siphoviridae sp.,3,3,9,654,654
SRR22534739,1589748,species,Achromobacter phage JWF,2,2,9,655,655
SRR22534739,1982251,genus,Pahexavirus,1,0,8,657,660
SRR22534739,1982257,species,Pahexavirus lauchelly,1,0,9,657,659
SRR22534739,1655015,,Propionibacterium phage Lauchelly,1,1,10,657,657
SRR22534739,1922243,genus,Sextaecvirus,1,0,8,660,663
SRR22534739,1922247,species,Sextaecvirus SEP9,1,0,9,660,662
SRR22534739,1434319,,Staphylococcus phage vB_SepS_SEP9,1,1,10,660,660
SRR22534739,10662,family,Myoviridae,2,0,7,664,667
SRR22534739,196896,,unclassified Myoviridae,2,0,8,664,666
SRR22534739,2202564,species,Myoviridae sp.,2,2,9,664,664
SRR22534739,2731361,phylum,Peploviricota,1,0,4,670,677
SRR22534739,2731363,class,Herviviricetes,1,0,5,670,676
SRR22534739,548681,order,Herpesvirales,1,0,6,670,675
SRR22534739,10292,family,Herpesviridae,1,0,7,670,674
SRR22534739,10293,subfamily,Alphaherpesvirinae,1,0,8,670,673
SRR22534739,10319,genus,Varicellovirus,1,0,9,670,672
SRR22534739,10345,species,Suid alphaherpesvirus 1,1,1,10,670,670
SRR22534739,2732004,,Varidnaviria,1,0,2,679,688
SRR22534739,2732005,kingdom,Bamfordvirae,1,0,3,679,687
SRR22534739,2732007,phylum,Nucleocytoviricota,1,0,4,679,686
SRR22534739,2732523,class,Megaviricetes,1,0,5,679,685
SRR22534739,2732554,order,Imitervirales,1,0,6,679,684
SRR22534739,549779,family,Mimiviridae,1,0,7,679,683
SRR22534739,985780,,unclassified Mimiviridae,1,0,8,679,682
SRR22534739,2094720,genus,Tupanvirus,1,0,9,679,681
SRR22534739,2126985,species,Tupanvirus soda lake,1,1,10,679,679
SRR22534740,10239,superkingdom,Viruses,112237,0,1,635,710
SRR22534740,2559587,,Riboviria,112138,0,2,635,691
SRR22534740,2732396,kingdom,Orthornavirae,112135,4,3,635,679
SRR22534740,2732408,phylum,Pisuviricota,92023,0,4,635,659
SRR22534740,2732507,class,Stelpaviricetes,92016,0,5,635,649
SRR22534740,2732550,order,Patatavirales,92016,0,6,635,648
SRR22534740,39729,family,Potyviridae,92016,0,7,635,647
SRR22534740,12195,genus,Potyvirus,91785,341,8,635,644
SRR22534740,79917,species,Japanese yam mosaic virus,75770,75770,9,635,635
SRR22534740,160843,species,Narcissus yellow stripe virus,10086,10086,9,636,636
SRR22534740,12230,species,Turnip mosaic virus,5559,5559,9,637,637
SRR22534740,186643,species,Ornithogalum virus 3,15,15,9,638,638
SRR22534740,42004,species,Leek yellow stripe virus,8,8,9,639,639
SRR22534740,12198,species,Clover yellow vein virus,2,2,9,640,640
SRR22534740,187977,species,Wild potato mosaic virus,2,2,9,641,641
SRR22534740,2293720,species,Mashua virus Y,2,2,9,642,642
SRR22534740,137757,genus,Ipomovirus,231,0,8,644,646
SRR22534740,137758,species,Cassava brown streak virus,231,231,9,644,644
SRR22534740,2732506,class,Pisoniviricetes,7,0,5,649,658
SRR22534740,76804,order,Nidovirales,7,0,6,649,657
SRR22534740,2499399,suborder,Cornidovirineae,7,0,7,649,656
SRR22534740,11118,family,Coronaviridae,7,0,8,649,655
SRR22534740,2501931,subfamily,Orthocoronavirinae,7,0,9,649,654
SRR22534740,694002,genus,Betacoronavirus,7,0,10,649,653
SRR22534740,2509511,subgenus,Sarbecovirus,7,0,11,649,652
SRR22534740,694009,species,Severe acute respiratory syndrome-related coronavirus,7,0,12,649,651
SRR22534740,2697049,,Severe acute respiratory syndrome coronavirus 2,7,7,13,649,649
SRR22534740,2732406,phylum,Kitrinoviricota,20006,0,4,659,670
SRR22534740,2732461,class,Alsuviricetes,20006,0,5,659,669
SRR22534740,675063,order,Tymovirales,20006,0,6,659,668
SRR22534740,675068,family,Betaflexiviridae,20006,0,7,659,667
SRR22534740,1914297,subfamily,Quinvirinae,20006,4,8,659,666
SRR22534740,12163,genus,Carlavirus,20002,1,9,659,665
SRR22534740,1592930,species,Yam latent virus,19984,19984,10,659,659
SRR22534740,1031708,species,Caper latent virus,10,10,10,660,660
SRR22534740,67761,species,Cowpea mild mottle virus,6,6,10,661,661
SRR22534740,327375,,unclassified Carlavirus,1,0,10,662,664
SRR22534740,2116736,species,Chrysanthemum virus R,1,1,11,662,662
SRR22534740,2497569,phylum,Negarnaviricota,102,0,4,670,678
SRR22534740,2497570,subphylum,Haploviricotina,102,0,5,670,677
SRR22534740,2497574,class,Monjiviricetes,102,0,6,670,676
SRR22534740,11157,order,Mononegavirales,102,0,7,670,675
SRR22534740,11158,family,Paramyxoviridae,102,0,8,670,674
SRR22534740,2560076,subfamily,Orthoparamyxovirinae,102,0,9,670,673
SRR22534740,186938,genus,Respirovirus,102,0,10,670,672
SRR22534740,12730,species,Human respirovirus 1,102,102,11,670,670
SRR22534740,2732397,kingdom,Pararnavirae,3,0,3,679,690
SRR22534740,2732409,phylum,Artverviricota,3,0,4,679,689
SRR22534740,2732514,class,Revtraviricetes,3,0,5,679,688
SRR22534740,2169561,order,Ortervirales,3,0,6,679,687
SRR22534740,186534,family,Caulimoviridae,3,0,7,679,686
SRR22534740,10652,genus,Badnavirus,2,0,8,679,682
SRR22534740,325348,,unclassified Badnavirus,2,0,9,679,681
SRR22534740,52996,species,Dioscorea bacilliform virus,2,2,10,679,679
SRR22534740,2733292,genus,Dioscovirus,1,0,8,682,685
SRR22534740,2734563,species,Dioscorea nummularia associated virus,1,0,9,682,684
SRR22534740,2303485,,Dioscorea nummularia-associated virus,1,1,10,682,682
SRR22534740,2731342,,Monodnaviria,98,0,2,691,700
SRR22534740,2732092,kingdom,Shotokuvirae,98,0,3,691,699
SRR22534740,2732416,phylum,Cressdnaviricota,98,0,4,691,698
SRR22534740,2732424,class,Repensiviricetes,98,0,5,691,697
SRR22534740,2732539,order,Geplafuvirales,98,0,6,691,696
SRR22534740,10811,family,Geminiviridae,98,0,7,691,695
SRR22534740,10814,genus,Begomovirus,98,0,8,691,694
SRR22534740,291027,,unclassified Begomovirus,98,0,9,691,693
SRR22534740,1592931,species,Yam yellow spot mosaic virus,98,98,10,691,691
SRR22534740,2731341,,Duplodnaviria,1,0,2,700,709
SRR22534740,2731360,kingdom,Heunggongvirae,1,0,3,700,708
SRR22534740,2731361,phylum,Peploviricota,1,0,4,700,707
SRR22534740,2731363,class,Herviviricetes,1,0,5,700,706
SRR22534740,548681,order,Herpesvirales,1,0,6,700,705
SRR22534740,10292,family,Herpesviridae,1,0,7,700,704
SRR22534740,10293,subfamily,Alphaherpesvirinae,1,0,8,700,703
SRR22534740,10319,genus,Varicellovirus,1,0,9,700,702
SRR22534740,10345,species,Suid alphaherpesvirus 1,1,1,10,700,700
SRR22534741,10239,superkingdom,Viruses,143744,0,1,591,671
SRR22534741,2559587,,Riboviria,143641,0,2,591,644
SRR22534741,2732396,kingdom,Orthornavirae,143629,1,3,591,635
SRR22534741,2732408,phylum,Pisuviricota,116740,0,4,591,616
SRR22534741,2732507,class,Stelpaviricetes,116731,0,5,591,606
SRR22534741,2732550,order,Patatavirales,116731,0,6,591,605
SRR22534741,39729,family,Potyviridae,116731,0,7,591,604
SRR22534741,12195,genus,Potyvirus,116510,395,8,591,601
SRR22534741,79917,species,Japanese yam mosaic virus,97505,97505,9,591,591
SRR22534741,160843,species,Narcissus yellow stripe virus,11651,11651,9,592,592
SRR22534741,12230,species,Turnip mosaic virus,6930,6930,9,593,593
SRR22534741,186643,species,Ornithogalum virus 3,16,16,9,594,594
SRR22534741,42004,species,Leek yellow stripe virus,6,6,9,595,595
SRR22534741,12198,species,Clover yellow vein virus,4,4,9,596,596
SRR22534741,332470,,unclassified Potyvirus,2,0,9,597,599
SRR22534741,2910304,species,Thevetia ringspot virus,2,2,10,597,597
SRR22534741,187977,species,Wild potato mosaic virus,1,1,9,599,599
SRR22534741,137757,genus,Ipomovirus,221,0,8,601,603
SRR22534741,137758,species,Cassava brown streak virus,221,221,9,601,601
SRR22534741,2732506,class,Pisoniviricetes,9,0,5,606,615
SRR22534741,76804,order,Nidovirales,9,0,6,606,614
SRR22534741,2499399,suborder,Cornidovirineae,9,0,7,606,613
SRR22534741,11118,family,Coronaviridae,9,0,8,606,612
SRR22534741,2501931,subfamily,Orthocoronavirinae,9,0,9,606,611
SRR22534741,694002,genus,Betacoronavirus,9,0,10,606,610
SRR22534741,2509511,subgenus,Sarbecovirus,9,0,11,606,609
SRR22534741,694009,species,Severe acute respiratory syndrome-related coronavirus,9,0,12,606,608
SRR22534741,2697049,,Severe acute respiratory syndrome coronavirus 2,9,9,13,606,606
SRR22534741,2732406,phylum,Kitrinoviricota,26808,0,4,616,626
SRR22534741,2732461,class,Alsuviricetes,26808,0,5,616,625
SRR22534741,675063,order,Tymovirales,26808,0,6,616,624
SRR22534741,675068,family,Betaflexiviridae,26808,0,7,616,623
SRR22534741,1914297,subfamily,Quinvirinae,26808,9,8,616,622
SRR22534741,12163,genus,Carlavirus,26799,0,9,616,621
SRR22534741,1592930,species,Yam latent virus,26782,26782,10,616,616
SRR22534741,1031708,species,Caper latent virus,12,12,10,617,617
SRR22534741,104263,species,Hop latent virus,3,3,10,618,618
SRR22534741,67761,species,Cowpea mild mottle virus,2,2,10,619,619
SRR22534741,2497569,phylum,Negarnaviricota,80,0,4,626,634
SRR22534741,2497570,subphylum,Haploviricotina,80,0,5,626,633
SRR22534741,2497574,class,Monjiviricetes,80,0,6,626,632
SRR22534741,11157,order,Mononegavirales,80,0,7,626,631
SRR22534741,11158,family,Paramyxoviridae,80,0,8,626,630
SRR22534741,2560076,subfamily,Orthoparamyxovirinae,80,0,9,626,629
SRR22534741,186938,genus,Respirovirus,80,0,10,626,628
SRR22534741,12730,species,Human respirovirus 1,80,80,11,626,626
SRR22534741,2732397,kingdom,Pararnavirae,12,0,3,635,643
SRR22534741,2732409,phylum,Artverviricota,12,0,4,635,642
SRR22534741,2732514,class,Revtraviricetes,12,0,5,635,641
SRR22534741,2169561,order,Ortervirales,12,0,6,635,640
SRR22534741,186534,family,Caulimoviridae,12,0,7,635,639
SRR22534741,10652,genus,Badnavirus,12,0,8,635,638
SRR22534741,325348,,unclassified Badnavirus,12,0,9,635,637
SRR22534741,52996,species,Dioscorea bacilliform virus,12,12,10,635,635
SRR22534741,2731342,,Monodnaviria,95,0,2,644,653
SRR22534741,2732092,kingdom,Shotokuvirae,95,0,3,644,652
SRR22534741,2732416,phylum,Cressdnaviricota,95,0,4,644,651
SRR22534741,2732424,class,Repensiviricetes,95,0,5,644,650
SRR22534741,2732539,order,Geplafuvirales,95,0,6,644,649
SRR22534741,10811,family,Geminiviridae,95,0,7,644,648
SRR22534741,10814,genus,Begomovirus,95,0,8,644,647
SRR22534741,291027,,unclassified Begomovirus,95,0,9,644,646
SRR22534741,1592931,species,Yam yellow spot mosaic virus,95,95,10,644,644
SRR22534741,2731341,,Duplodnaviria,8,0,2,653,670
SRR22534741,2731360,kingdom,Heunggongvirae,8,0,3,653,669
SRR22534741,2731618,phylum,Uroviricota,8,0,4,653,668
SRR22534741,2731619,class,Caudoviricetes,8,1,5,653,667
SRR22534741,28883,order,Caudovirales,6,0,6,653,662
SRR22534741,10699,family,Siphoviridae,5,0,7,653,657
SRR22534741,196894,,unclassified Siphoviridae,5,0,8,653,656
SRR22534741,1589748,species,Achromobacter phage JWF,3,3,9,653,653
SRR22534741,2170413,species,Siphoviridae sp.,2,2,9,654,654
SRR22534741,10662,family,Myoviridae,1,0,7,657,661
SRR22534741,1198136,subfamily,Tevenvirinae,1,0,8,657,660
SRR22534741,1892568,,unclassified Tevenvirinae,1,0,9,657,659
SRR22534741,2783548,species,Providencia phage PSTCR6,1,1,10,657,657
SRR22534741,2943001,family,Casjensviridae,1,0,6,662,666
SRR22534741,2943015,genus,Redjacvirus,1,0,7,662,665
SRR22534741,2956355,species,Redjacvirus redjac,1,0,8,662,664
SRR22534741,1235559,,Providencia phage Redjac,1,1,9,662,662
SRR22534742,10239,superkingdom,Viruses,145740,0,1,644,732
SRR22534742,2559587,,Riboviria,145605,0,2,644,705
SRR22534742,2732396,kingdom,Orthornavirae,145598,5,3,644,693
SRR22534742,2732408,phylum,Pisuviricota,121229,0,4,644,670
SRR22534742,2732507,class,Stelpaviricetes,121218,0,5,644,660
SRR22534742,2732550,order,Patatavirales,121218,0,6,644,659
SRR22534742,39729,family,Potyviridae,121218,0,7,644,658
SRR22534742,12195,genus,Potyvirus,120922,468,8,644,655
SRR22534742,79917,species,Japanese yam mosaic virus,101158,101158,9,644,644
SRR22534742,160843,species,Narcissus yellow stripe virus,12001,12001,9,645,645
SRR22534742,12230,species,Turnip mosaic virus,7248,7248,9,646,646
SRR22534742,186643,species,Ornithogalum virus 3,30,30,9,647,647
SRR22534742,12198,species,Clover yellow vein virus,8,8,9,648,648
SRR22534742,42004,species,Leek yellow stripe virus,4,4,9,649,649
SRR22534742,12196,species,Bean common mosaic virus,2,2,9,650,650
SRR22534742,332470,,unclassified Potyvirus,2,0,9,651,653
SRR22534742,2793794,species,Achyranthes bidentata mosaic virus,2,2,10,651,651
SRR22534742,187977,species,Wild potato mosaic virus,1,1,9,653,653
SRR22534742,137757,genus,Ipomovirus,296,0,8,655,657
SRR22534742,137758,species,Cassava brown streak virus,296,296,9,655,655
SRR22534742,2732506,class,Pisoniviricetes,11,0,5,660,669
SRR22534742,76804,order,Nidovirales,11,0,6,660,668
SRR22534742,2499399,suborder,Cornidovirineae,11,0,7,660,667
SRR22534742,11118,family,Coronaviridae,11,0,8,660,666
SRR22534742,2501931,subfamily,Orthocoronavirinae,11,0,9,660,665
SRR22534742,694002,genus,Betacoronavirus,11,0,10,660,664
SRR22534742,2509511,subgenus,Sarbecovirus,11,0,11,660,663
SRR22534742,694009,species,Severe acute respiratory syndrome-related coronavirus,11,0,12,660,662
SRR22534742,2697049,,Severe acute respiratory syndrome coronavirus 2,11,11,13,660,660
SRR22534742,2732406,phylum,Kitrinoviricota,24283,0,4,670,681
SRR22534742,2732461,class,Alsuviricetes,24283,0,5,670,680
SRR22534742,675063,order,Tymovirales,24283,0,6,670,679
SRR22534742,675068,family,Betaflexiviridae,24283,0,7,670,678
SRR22534742,1914297,subfamily,Quinvirinae,24281,1,8,670,675
SRR22534742,12163,genus,Carlavirus,24280,0,9,670,674
SRR22534742,1592930,species,Yam latent virus,24256,24256,10,670,670
SRR22534742,1031708,species,Caper latent virus,23,23,10,671,671
SRR22534742,67761,species,Cowpea mild mottle virus,1,1,10,672,672
SRR22534742,1003890,,unclassified Betaflexiviridae,2,0,8,675,677
SRR22534742,2824403,species,Henan betaflexivirus 10,2,2,9,675,675
SRR22534742,2497569,phylum,Negarnaviricota,81,0,4,681,692
SRR22534742,2497570,subphylum,Haploviricotina,81,0,5,681,691
SRR22534742,2497574,class,Monjiviricetes,81,0,6,681,690
SRR22534742,11157,order,Mononegavirales,81,0,7,681,689
SRR22534742,11158,family,Paramyxoviridae,81,0,8,681,688
SRR22534742,2560076,subfamily,Orthoparamyxovirinae,80,0,9,681,684
SRR22534742,186938,genus,Respirovirus,80,0,10,681,683
SRR22534742,12730,species,Human respirovirus 1,80,80,11,681,681
SRR22534742,2560080,subfamily,Rubulavirinae,1,0,9,684,687
SRR22534742,2560195,genus,Orthorubulavirus,1,0,10,684,686
SRR22534742,2560580,species,Mammalian orthorubulavirus 5,1,1,11,684,684
SRR22534742,2732397,kingdom,Pararnavirae,7,0,3,693,704
SRR22534742,2732409,phylum,Artverviricota,7,0,4,693,703
SRR22534742,2732514,class,Revtraviricetes,7,0,5,693,702
SRR22534742,2169561,order,Ortervirales,7,0,6,693,701
SRR22534742,186534,family,Caulimoviridae,7,0,7,693,700
SRR22534742,10652,genus,Badnavirus,6,0,8,693,696
SRR22534742,325348,,unclassified Badnavirus,6,0,9,693,695
SRR22534742,52996,species,Dioscorea bacilliform virus,6,6,10,693,693
SRR22534742,2733292,genus,Dioscovirus,1,0,8,696,699
SRR22534742,2734563,species,Dioscorea nummularia associated virus,1,0,9,696,698
SRR22534742,2303485,,Dioscorea nummularia-associated virus,1,1,10,696,696
SRR22534742,2731342,,Monodnaviria,125,0,2,705,714
SRR22534742,2732092,kingdom,Shotokuvirae,125,0,3,705,713
SRR22534742,2732416,phylum,Cressdnaviricota,125,0,4,705,712
SRR22534742,2732424,class,Repensiviricetes,125,0,5,705,711
SRR22534742,2732539,order,Geplafuvirales,125,0,6,705,710
SRR22534742,10811,family,Geminiviridae,125,0,7,705,709
SRR22534742,10814,genus,Begomovirus,125,0,8,705,708
SRR22534742,291027,,unclassified Begomovirus,125,0,9,705,707
SRR22534742,1592931,species,Yam yellow spot mosaic virus,125,125,10,705,705
SRR22534742,2731341,,Duplodnaviria,10,0,2,714,731
SRR22534742,2731360,kingdom,Heunggongvirae,10,0,3,714,730
SRR22534742,2731618,phylum,Uroviricota,9,0,4,714,722
SRR22534742,2731619,class,Caudoviricetes,9,1,5,714,721
SRR22534742,28883,order,Caudovirales,8,0,6,714,720
SRR22534742,10699,family,Siphoviridae,8,2,7,714,719
SRR22534742,196894,,unclassified Siphoviridae,5,0,8,714,717
SRR22534742,2783552,species,Providencia phage PSTCR9,3,3,9,714,714
SRR22534742,2170413,species,Siphoviridae sp.,2,2,9,715,715
SRR22534742,1982251,genus,Pahexavirus,1,1,8,717,717
SRR22534742,2731361,phylum,Peploviricota,1,0,4,722,729
SRR22534742,2731363,class,Herviviricetes,1,0,5,722,728
SRR22534742,548681,order,Herpesvirales,1,0,6,722,727
SRR22534742,10292,family,Herpesviridae,1,0,7,722,726
SRR22534742,10293,subfamily,Alphaherpesvirinae,1,0,8,722,725
SRR22534742,10294,genus,Simplexvirus,1,0,9,722,724
SRR22534742,10298,species,Human alphaherpesvirus 1,1,1,10,722,722
SRR22534743,10239,superkingdom,Viruses,123268,0,1,697,767
SRR22534743,2559587,,Riboviria,123177,0,2,697,749
SRR22534743,2732396,kingdom,Orthornavirae,123168,1,3,697,740
SRR22534743,2732406,phylum,Kitrinoviricota,89495,0,4,697,708
SRR22534743,2732461,class,Alsuviricetes,89495,0,5,697,707
SRR22534743,675063,order,Tymovirales,89495,0,6,697,706
SRR22534743,675068,family,Betaflexiviridae,89495,0,7,697,705
SRR22534743,1914297,subfamily,Quinvirinae,89482,30,8,697,702
SRR22534743,12163,genus,Carlavirus,89452,1,9,697,701
SRR22534743,1592930,species,Yam latent virus,89392,89392,10,697,697
SRR22534743,1031708,species,Caper latent virus,49,49,10,698,698
SRR22534743,67761,species,Cowpea mild mottle virus,10,10,10,699,699
SRR22534743,1003890,,unclassified Betaflexiviridae,13,0,8,702,704
SRR22534743,2824403,species,Henan betaflexivirus 10,13,13,9,702,702
SRR22534743,2732408,phylum,Pisuviricota,33571,0,4,708,731
SRR22534743,2732507,class,Stelpaviricetes,33561,0,5,708,721
SRR22534743,2732550,order,Patatavirales,33561,0,6,708,720
SRR22534743,39729,family,Potyviridae,33561,0,7,708,719
SRR22534743,12195,genus,Potyvirus,33204,326,8,708,716
SRR22534743,79917,species,Japanese yam mosaic virus,27798,27798,9,708,708
SRR22534743,160843,species,Narcissus yellow stripe virus,3054,3054,9,709,709
SRR22534743,12230,species,Turnip mosaic virus,2017,2017,9,710,710
SRR22534743,12198,species,Clover yellow vein virus,3,3,9,711,711
SRR22534743,42004,species,Leek yellow stripe virus,3,3,9,712,712
SRR22534743,46619,species,Sweet potato virus G,2,2,9,713,713
SRR22534743,33765,species,Tobacco vein banding mosaic virus,1,1,9,714,714
SRR22534743,137757,genus,Ipomovirus,357,0,8,716,718
SRR22534743,137758,species,Cassava brown streak virus,357,357,9,716,716
SRR22534743,2732506,class,Pisoniviricetes,10,0,5,721,730
SRR22534743,76804,order,Nidovirales,10,0,6,721,729
SRR22534743,2499399,suborder,Cornidovirineae,10,0,7,721,728
SRR22534743,11118,family,Coronaviridae,10,0,8,721,727
SRR22534743,2501931,subfamily,Orthocoronavirinae,10,0,9,721,726
SRR22534743,694002,genus,Betacoronavirus,10,0,10,721,725
SRR22534743,2509511,subgenus,Sarbecovirus,10,0,11,721,724
SRR22534743,694009,species,Severe acute respiratory syndrome-related coronavirus,10,0,12,721,723
SRR22534743,2697049,,Severe acute respiratory syndrome coronavirus 2,10,10,13,721,721
SRR22534743,2497569,phylum,Negarnaviricota,101,0,4,731,739
SRR22534743,2497570,subphylum,Haploviricotina,101,0,5,731,738
SRR22534743,2497574,class,Monjiviricetes,101,0,6,731,737
SRR22534743,11157,order,Mononegavirales,101,0,7,731,736
SRR22534743,11158,family,Paramyxoviridae,101,0,8,731,735
SRR22534743,2560076,subfamily,Orthoparamyxovirinae,101,0,9,731,734
SRR22534743,186938,genus,Respirovirus,101,0,10,731,733
SRR22534743,12730,species,Human respirovirus 1,101,101,11,731,731
SRR22534743,2732397,kingdom,Pararnavirae,9,0,3,740,748
SRR22534743,2732409,phylum,Artverviricota,9,0,4,740,747
SRR22534743,2732514,class,Revtraviricetes,9,0,5,740,746
SRR22534743,2169561,order,Ortervirales,9,0,6,740,745
SRR22534743,186534,family,Caulimoviridae,9,0,7,740,744
SRR22534743,10652,genus,Badnavirus,9,0,8,740,743
SRR22534743,325348,,unclassified Badnavirus,9,0,9,740,742
SRR22534743,52996,species,Dioscorea bacilliform virus,9,9,10,740,740
SRR22534743,2731342,,Monodnaviria,90,0,2,749,758
SRR22534743,2732092,kingdom,Shotokuvirae,90,0,3,749,757
SRR22534743,2732416,phylum,Cressdnaviricota,90,0,4,749,756
SRR22534743,2732424,class,Repensiviricetes,90,0,5,749,755
SRR22534743,2732539,order,Geplafuvirales,90,0,6,749,754
SRR22534743,10811,family,Geminiviridae,90,0,7,749,753
SRR22534743,10814,genus,Begomovirus,90,0,8,749,752
SRR22534743,291027,,unclassified Begomovirus,90,0,9,749,751
SRR22534743,1592931,species,Yam yellow spot mosaic virus,90,90,10,749,749
SRR22534743,2731341,,Duplodnaviria,1,0,2,758,766
SRR22534743,2731360,kingdom,Heunggongvirae,1,0,3,758,765
SRR22534743,2731618,phylum,Uroviricota,1,0,4,758,764
SRR22534743,2731619,class,Caudoviricetes,1,0,5,758,763
SRR22534743,28883,order,Caudovirales,1,0,6,758,762
SRR22534743,10699,family,Siphoviridae,1,0,7,758,761
SRR22534743,196894,,unclassified Siphoviridae,1,0,8,758,760
SRR22534743,2170413,species,Siphoviridae sp.,1,1,9,758,758
SRR22534744,10239,superkingdom,Viruses,110748,2,1,678,768
SRR22534744,2559587,,Riboviria,110598,0,2,678,740
SRR22534744,2732396,kingdom,Orthornavirae,110591,1,3,678,728
SRR22534744,2732406,phylum,Kitrinoviricota,82169,0,4,678,689
SRR22534744,2732461,class,Alsuviricetes,82169,0,5,678,688
SRR22534744,675063,order,Tymovirales,82169,0,6,678,687
SRR22534744,675068,family,Betaflexiviridae,82169,0,7,678,686
SRR22534744,1914297,subfamily,Quinvirinae,82157,18,8,678,683
SRR22534744,12163,genus,Carlavirus,82139,0,9,678,682
SRR22534744,1592930,species,Yam latent virus,82108,82108,10,678,678
SRR22534744,1031708,species,Caper latent virus,26,26,10,679,679
SRR22534744,67761,species,Cowpea mild mottle virus,5,5,10,680,680
SRR22534744,1003890,,unclassified Betaflexiviridae,12,0,8,683,685
SRR22534744,2824403,species,Henan betaflexivirus 10,12,12,9,683,683
SRR22534744,2732408,phylum,Pisuviricota,28342,0,4,689,712
SRR22534744,2732507,class,Stelpaviricetes,28317,0,5,689,702
SRR22534744,2732550,order,Patatavirales,28317,0,6,689,701
SRR22534744,39729,family,Potyviridae,28317,1,7,689,700
SRR22534744,12195,genus,Potyvirus,27954,226,8,689,697
SRR22534744,79917,species,Japanese yam mosaic virus,23389,23389,9,689,689
SRR22534744,160843,species,Narcissus yellow stripe virus,2599,2599,9,690,690
SRR22534744,12230,species,Turnip mosaic virus,1735,1735,9,691,691
SRR22534744,46619,species,Sweet potato virus G,3,3,9,692,692
SRR22534744,332470,,unclassified Potyvirus,1,0,9,693,695
SRR22534744,2793794,species,Achyranthes bidentata mosaic virus,1,1,10,693,693
SRR22534744,42004,species,Leek yellow stripe virus,1,1,9,695,695
SRR22534744,137757,genus,Ipomovirus,362,0,8,697,699
SRR22534744,137758,species,Cassava brown streak virus,362,362,9,697,697
SRR22534744,2732506,class,Pisoniviricetes,25,0,5,702,711
SRR22534744,76804,order,Nidovirales,25,0,6,702,710
SRR22534744,2499399,suborder,Cornidovirineae,25,0,7,702,709
SRR22534744,11118,family,Coronaviridae,25,0,8,702,708
SRR22534744,2501931,subfamily,Orthocoronavirinae,25,0,9,702,707
SRR22534744,694002,genus,Betacoronavirus,25,0,10,702,706
SRR22534744,2509511,subgenus,Sarbecovirus,25,0,11,702,705
SRR22534744,694009,species,Severe acute respiratory syndrome-related coronavirus,25,0,12,702,704
SRR22534744,2697049,,Severe acute respiratory syndrome coronavirus 2,25,25,13,702,702
SRR22534744,2497569,phylum,Negarnaviricota,78,0,4,712,720
SRR22534744,2497570,subphylum,Haploviricotina,78,0,5,712,719
SRR22534744,2497574,class,Monjiviricetes,78,0,6,712,718
SRR22534744,11157,order,Mononegavirales,78,0,7,712,717
SRR22534744,11158,family,Paramyxoviridae,78,0,8,712,716
SRR22534744,2560076,subfamily,Orthoparamyxovirinae,78,0,9,712,715
SRR22534744,186938,genus,Respirovirus,78,0,10,712,714
SRR22534744,12730,species,Human respirovirus 1,78,78,11,712,712
SRR22534744,2732407,phylum,Lenarviricota,1,0,4,720,727
SRR22534744,2732500,class,Miaviricetes,1,0,5,720,726
SRR22534744,2732504,order,Ourlivirales,1,0,6,720,725
SRR22534744,2560063,family,Botourmiaviridae,1,0,7,720,724
SRR22534744,186783,genus,Ourmiavirus,1,0,8,720,723
SRR22534744,1629669,,unclassified Ourmiavirus,1,0,9,720,722
SRR22534744,2741821,species,Erysiphe necator associated ourmia-like virus 41,1,1,10,720,720
SRR22534744,2732397,kingdom,Pararnavirae,7,0,3,728,739
SRR22534744,2732409,phylum,Artverviricota,7,0,4,728,738
SRR22534744,2732514,class,Revtraviricetes,7,0,5,728,737
SRR22534744,2169561,order,Ortervirales,7,0,6,728,736
SRR22534744,186534,family,Caulimoviridae,7,0,7,728,735
SRR22534744,10652,genus,Badnavirus,6,0,8,728,731
SRR22534744,325348,,unclassified Badnavirus,6,0,9,728,730
SRR22534744,52996,species,Dioscorea bacilliform virus,6,6,10,728,728
SRR22534744,2733292,genus,Dioscovirus,1,0,8,731,734
SRR22534744,2734563,species,Dioscorea nummularia associated virus,1,0,9,731,733
SRR22534744,2303485,,Dioscorea nummularia-associated virus,1,1,10,731,731
SRR22534744,2731342,,Monodnaviria,106,0,2,740,749
SRR22534744,2732092,kingdom,Shotokuvirae,106,0,3,740,748
SRR22534744,2732416,phylum,Cressdnaviricota,106,0,4,740,747
SRR22534744,2732424,class,Repensiviricetes,106,0,5,740,746
SRR22534744,2732539,order,Geplafuvirales,106,0,6,740,745
SRR22534744,10811,family,Geminiviridae,106,0,7,740,744
SRR22534744,10814,genus,Begomovirus,106,0,8,740,743
SRR22534744,291027,,unclassified Begomovirus,106,0,9,740,742
SRR22534744,1592931,species,Yam yellow spot mosaic virus,106,106,10,740,740
SRR22534744,2731341,,Duplodnaviria,41,0,2,749,765
SRR22534744,2731360,kingdom,Heunggongvirae,41,0,3,749,764
SRR22534744,2731618,phylum,Uroviricota,39,0,4,749,756
SRR22534744,2731619,class,Caudoviricetes,39,0,5,749,755
SRR22534744,28883,order,Caudovirales,39,0,6,749,754
SRR22534744,10699,family,Siphoviridae,39,0,7,749,753
SRR22534744,196894,,unclassified Siphoviridae,39,0,8,749,752
SRR22534744,2170413,species,Siphoviridae sp.,38,38,9,749,749
SRR22534744,2783552,species,Providencia phage PSTCR9,1,1,9,750,750
SRR22534744,2731361,phylum,Peploviricota,2,0,4,756,763
SRR22534744,2731363,class,Herviviricetes,2,0,5,756,762
SRR22534744,548681,order,Herpesvirales,2,0,6,756,761
SRR22534744,10292,family,Herpesviridae,2,0,7,756,760
SRR22534744,10374,subfamily,Gammaherpesvirinae,2,0,8,756,759
SRR22534744,10375,genus,Lymphocryptovirus,2,0,9,756,758
SRR22534744,10376,species,Human gammaherpesvirus 4,2,2,10,756,756
SRR22534744,12333,,unclassified bacterial viruses,1,0,2,765,767
SRR22534744,38018,species,Bacteriophage sp.,1,1,3,765,765
SRR22534745,10239,superkingdom,Viruses,121133,0,1,542,627
SRR22534745,2559587,,Riboviria,121040,0,2,542,595
SRR22534745,2732396,kingdom,Orthornavirae,121031,4,3,542,586
SRR22534745,2732406,phylum,Kitrinoviricota,88872,0,4,542,554
SRR22534745,2732461,class,Alsuviricetes,88872,0,5,542,553
SRR22534745,675063,order,Tymovirales,88872,0,6,542,552
SRR22534745,675068,family,Betaflexiviridae,88872,0,7,542,551
SRR22534745,1914297,subfamily,Quinvirinae,88868,42,8,542,548
SRR22534745,12163,genus,Carlavirus,88826,0,9,542,547
SRR22534745,1592930,species,Yam latent virus,88768,88768,10,542,542
SRR22534745,1031708,species,Caper latent virus,45,45,10,543,543
SRR22534745,67761,species,Cowpea mild mottle virus,12,12,10,544,544
SRR22534745,12167,species,Potato virus M,1,1,10,545,545
SRR22534745,1003890,,unclassified Betaflexiviridae,4,0,8,548,550
SRR22534745,2824403,species,Henan betaflexivirus 10,4,4,9,548,548
SRR22534745,2732408,phylum,Pisuviricota,32095,0,4,554,577
SRR22534745,2732507,class,Stelpaviricetes,32078,0,5,554,567
SRR22534745,2732550,order,Patatavirales,32078,0,6,554,566
SRR22534745,39729,family,Potyviridae,32078,0,7,554,565
SRR22534745,12195,genus,Potyvirus,31740,329,8,554,562
SRR22534745,79917,species,Japanese yam mosaic virus,26613,26613,9,554,554
SRR22534745,160843,species,Narcissus yellow stripe virus,2856,2856,9,555,555
SRR22534745,12230,species,Turnip mosaic virus,1932,1932,9,556,556
SRR22534745,12198,species,Clover yellow vein virus,6,6,9,557,557
SRR22534745,255066,species,Pepper veinal mottle virus,2,2,9,558,558
SRR22534745,12196,species,Bean common mosaic virus,1,1,9,559,559
SRR22534745,187977,species,Wild potato mosaic virus,1,1,9,560,560
SRR22534745,137757,genus,Ipomovirus,338,0,8,562,564
SRR22534745,137758,species,Cassava brown streak virus,338,338,9,562,562
SRR22534745,2732506,class,Pisoniviricetes,17,0,5,567,576
SRR22534745,76804,order,Nidovirales,17,0,6,567,575
SRR22534745,2499399,suborder,Cornidovirineae,17,0,7,567,574
SRR22534745,11118,family,Coronaviridae,17,0,8,567,573
SRR22534745,2501931,subfamily,Orthocoronavirinae,17,0,9,567,572
SRR22534745,694002,genus,Betacoronavirus,17,0,10,567,571
SRR22534745,2509511,subgenus,Sarbecovirus,17,0,11,567,570
SRR22534745,694009,species,Severe acute respiratory syndrome-related coronavirus,17,0,12,567,569
SRR22534745,2697049,,Severe acute respiratory syndrome coronavirus 2,17,17,13,567,567
SRR22534745,2497569,phylum,Negarnaviricota,60,0,4,577,585
SRR22534745,2497570,subphylum,Haploviricotina,60,0,5,577,584
SRR22534745,2497574,class,Monjiviricetes,60,0,6,577,583
SRR22534745,11157,order,Mononegavirales,60,0,7,577,582
SRR22534745,11158,family,Paramyxoviridae,60,0,8,577,581
SRR22534745,2560076,subfamily,Orthoparamyxovirinae,60,0,9,577,580
SRR22534745,186938,genus,Respirovirus,60,0,10,577,579
SRR22534745,12730,species,Human respirovirus 1,60,60,11,577,577
SRR22534745,2732397,kingdom,Pararnavirae,9,0,3,586,594
SRR22534745,2732409,phylum,Artverviricota,9,0,4,586,593
SRR22534745,2732514,class,Revtraviricetes,9,0,5,586,592
SRR22534745,2169561,order,Ortervirales,9,0,6,586,591
SRR22534745,186534,family,Caulimoviridae,9,0,7,586,590
SRR22534745,10652,genus,Badnavirus,9,0,8,586,589
SRR22534745,325348,,unclassified Badnavirus,9,0,9,586,588
SRR22534745,52996,species,Dioscorea bacilliform virus,9,9,10,586,586
SRR22534745,2731342,,Monodnaviria,90,0,2,595,604
SRR22534745,2732092,kingdom,Shotokuvirae,90,0,3,595,603
SRR22534745,2732416,phylum,Cressdnaviricota,90,0,4,595,602
SRR22534745,2732424,class,Repensiviricetes,90,0,5,595,601
SRR22534745,2732539,order,Geplafuvirales,90,0,6,595,600
SRR22534745,10811,family,Geminiviridae,90,0,7,595,599
SRR22534745,10814,genus,Begomovirus,90,0,8,595,598
SRR22534745,291027,,unclassified Begomovirus,90,0,9,595,597
SRR22534745,1592931,species,Yam yellow spot mosaic virus,90,90,10,595,595
SRR22534745,2731341,,Duplodnaviria,2,0,2,604,621
SRR22534745,2731360,kingdom,Heunggongvirae,2,0,3,604,620
SRR22534745,2731361,phylum,Peploviricota,1,0,4,604,611
SRR22534745,2731363,class,Herviviricetes,1,0,5,604,610
SRR22534745,548681,order,Herpesvirales,1,0,6,604,609
SRR22534745,10292,family,Herpesviridae,1,0,7,604,608
SRR22534745,10293,subfamily,Alphaherpesvirinae,1,0,8,604,607
SRR22534745,10319,genus,Varicellovirus,1,0,9,604,606
SRR22534745,10345,species,Suid alphaherpesvirus 1,1,1,10,604,604
SRR22534745,2731618,phylum,Uroviricota,1,0,4,611,619
SRR22534745,2731619,class,Caudoviricetes,1,0,5,611,618
SRR22534745,28883,order,Caudovirales,1,0,6,611,617
SRR22534745,2731691,family,Drexlerviridae,1,0,7,611,616
SRR22534745,2732045,subfamily,Braunvirinae,1,0,8,611,615
SRR22534745,2732062,genus,Guelphvirus,1,0,9,611,614
SRR22534745,2753731,,unclassified Guelphvirus,1,0,10,611,613
SRR22534745,2041759,species,Escherichia phage IMM-001,1,1,11,611,611
SRR22534745,2840056,class,Naldaviricetes,1,0,2,621,626
SRR22534745,2840070,order,Lefavirales,1,0,3,621,625
SRR22534745,10442,family,Baculoviridae,1,0,4,621,624
SRR22534745,558016,genus,Alphabaculovirus,1,0,5,621,623
SRR22534745,271108,species,Bombyx mori nucleopolyhedrovirus,1,1,6,621,621
SRR22534746,10239,superkingdom,Viruses,159809,0,1,549,641
SRR22534746,2559587,,Riboviria,159715,0,2,549,611
SRR22534746,2732396,kingdom,Orthornavirae,159713,2,3,549,602
SRR22534746,2732406,phylum,Kitrinoviricota,112091,0,4,549,567
SRR22534746,2732461,class,Alsuviricetes,112091,0,5,549,566
SRR22534746,675063,order,Tymovirales,112091,0,6,549,565
SRR22534746,675068,family,Betaflexiviridae,112091,0,7,549,564
SRR22534746,1914297,subfamily,Quinvirinae,112075,1,8,549,561
SRR22534746,12163,genus,Carlavirus,112073,1,9,549,557
SRR22534746,1592930,species,Yam latent virus,112002,112002,10,549,549
SRR22534746,1031708,species,Caper latent virus,44,44,10,550,550
SRR22534746,67761,species,Cowpea mild mottle virus,13,13,10,551,551
SRR22534746,12167,species,Potato virus M,7,7,10,552,552
SRR22534746,327375,,unclassified Carlavirus,4,0,10,553,555
SRR22534746,2116736,species,Chrysanthemum virus R,4,4,11,553,553
SRR22534746,104263,species,Hop latent virus,2,2,10,555,555
SRR22534746,129725,genus,Foveavirus,1,0,9,557,560
SRR22534746,351425,,unclassified Foveavirus,1,0,10,557,559
SRR22534746,2754817,species,Rubus virus 1,1,1,11,557,557
SRR22534746,1003890,,unclassified Betaflexiviridae,16,0,8,561,563
SRR22534746,2824403,species,Henan betaflexivirus 10,16,16,9,561,561
SRR22534746,2732408,phylum,Pisuviricota,47547,0,4,567,593
SRR22534746,2732507,class,Stelpaviricetes,47539,0,5,567,583
SRR22534746,2732550,order,Patatavirales,47539,0,6,567,582
SRR22534746,39729,family,Potyviridae,47539,0,7,567,581
SRR22534746,12195,genus,Potyvirus,47291,570,8,567,578
SRR22534746,79917,species,Japanese yam mosaic virus,39950,39950,9,567,567
SRR22534746,160843,species,Narcissus yellow stripe virus,3970,3970,9,568,568
SRR22534746,12230,species,Turnip mosaic virus,2776,2776,9,569,569
SRR22534746,186643,species,Ornithogalum virus 3,17,17,9,570,570
SRR22534746,12198,species,Clover yellow vein virus,2,2,9,571,571
SRR22534746,332470,,unclassified Potyvirus,2,0,9,572,574
SRR22534746,2793794,species,Achyranthes bidentata mosaic virus,2,2,10,572,572
SRR22534746,42004,species,Leek yellow stripe virus,2,2,9,574,574
SRR22534746,12199,species,Cowpea aphid-borne mosaic virus,1,1,9,575,575
SRR22534746,255066,species,Pepper veinal mottle virus,1,1,9,576,576
SRR22534746,137757,genus,Ipomovirus,248,0,8,578,580
SRR22534746,137758,species,Cassava brown streak virus,248,248,9,578,578
SRR22534746,2732506,class,Pisoniviricetes,8,0,5,583,592
SRR22534746,76804,order,Nidovirales,8,0,6,583,591
SRR22534746,2499399,suborder,Cornidovirineae,8,0,7,583,590
SRR22534746,11118,family,Coronaviridae,8,0,8,583,589
SRR22534746,2501931,subfamily,Orthocoronavirinae,8,0,9,583,588
SRR22534746,694002,genus,Betacoronavirus,8,0,10,583,587
SRR22534746,2509511,subgenus,Sarbecovirus,8,0,11,583,586
SRR22534746,694009,species,Severe acute respiratory syndrome-related coronavirus,8,0,12,583,585
SRR22534746,2697049,,Severe acute respiratory syndrome coronavirus 2,8,8,13,583,583
SRR22534746,2497569,phylum,Negarnaviricota,73,0,4,593,601
SRR22534746,2497570,subphylum,Haploviricotina,73,0,5,593,600
SRR22534746,2497574,class,Monjiviricetes,73,0,6,593,599
SRR22534746,11157,order,Mononegavirales,73,0,7,593,598
SRR22534746,11158,family,Paramyxoviridae,73,0,8,593,597
SRR22534746,2560076,subfamily,Orthoparamyxovirinae,73,0,9,593,596
SRR22534746,186938,genus,Respirovirus,73,0,10,593,595
SRR22534746,12730,species,Human respirovirus 1,73,73,11,593,593
SRR22534746,2732397,kingdom,Pararnavirae,2,0,3,602,610
SRR22534746,2732409,phylum,Artverviricota,2,0,4,602,609
SRR22534746,2732514,class,Revtraviricetes,2,0,5,602,608
SRR22534746,2169561,order,Ortervirales,2,0,6,602,607
SRR22534746,186534,family,Caulimoviridae,2,0,7,602,606
SRR22534746,10652,genus,Badnavirus,2,0,8,602,605
SRR22534746,325348,,unclassified Badnavirus,2,0,9,602,604
SRR22534746,52996,species,Dioscorea bacilliform virus,2,2,10,602,602
SRR22534746,2731342,,Monodnaviria,88,0,2,611,620
SRR22534746,2732092,kingdom,Shotokuvirae,88,0,3,611,619
SRR22534746,2732416,phylum,Cressdnaviricota,88,0,4,611,618
SRR22534746,2732424,class,Repensiviricetes,88,0,5,611,617
SRR22534746,2732539,order,Geplafuvirales,88,0,6,611,616
SRR22534746,10811,family,Geminiviridae,88,0,7,611,615
SRR22534746,10814,genus,Begomovirus,88,0,8,611,614
SRR22534746,291027,,unclassified Begomovirus,88,0,9,611,613
SRR22534746,1592931,species,Yam yellow spot mosaic virus,88,88,10,611,611
SRR22534746,2731341,,Duplodnaviria,5,0,2,620,631
SRR22534746,2731360,kingdom,Heunggongvirae,5,0,3,620,630
SRR22534746,2731618,phylum,Uroviricota,5,0,4,620,629
SRR22534746,2731619,class,Caudoviricetes,5,0,5,620,628
SRR22534746,28883,order,Caudovirales,5,0,6,620,627
SRR22534746,10699,family,Siphoviridae,3,0,7,620,623
SRR22534746,196894,,unclassified Siphoviridae,3,0,8,620,622
SRR22534746,2170413,species,Siphoviridae sp.,3,3,9,620,620
SRR22534746,10662,family,Myoviridae,2,0,7,623,626
SRR22534746,196896,,unclassified Myoviridae,2,0,8,623,625
SRR22534746,2202564,species,Myoviridae sp.,2,2,9,623,623
SRR22534746,2732004,,Varidnaviria,1,0,2,631,640
SRR22534746,2732005,kingdom,Bamfordvirae,1,0,3,631,639
SRR22534746,2732007,phylum,Nucleocytoviricota,1,0,4,631,638
SRR22534746,2732523,class,Megaviricetes,1,0,5,631,637
SRR22534746,2732524,order,Algavirales,1,0,6,631,636
SRR22534746,10501,family,Phycodnaviridae,1,0,7,631,635
SRR22534746,181083,genus,Chlorovirus,1,0,8,631,634
SRR22534746,346674,,unclassified Chlorovirus,1,0,9,631,633
SRR22534746,1278278,species,Acanthocystis turfacea Chlorella virus TN603.4.2,1,1,10,631,631
SRR22534747,10239,superkingdom,Viruses,20091,0,1,703,788
SRR22534747,2559587,,Riboviria,19919,0,2,703,758
SRR22534747,2732396,kingdom,Orthornavirae,19913,0,3,703,749
SRR22534747,2732408,phylum,Pisuviricota,15729,0,4,703,725
SRR22534747,2732507,class,Stelpaviricetes,15698,0,5,703,715
SRR22534747,2732550,order,Patatavirales,15698,0,6,703,714
SRR22534747,39729,family,Potyviridae,15698,0,7,703,713
SRR22534747,12195,genus,Potyvirus,15697,183,8,703,710
SRR22534747,79917,species,Japanese yam mosaic virus,12774,12774,9,703,703
SRR22534747,160843,species,Narcissus yellow stripe virus,1865,1865,9,704,704
SRR22534747,12230,species,Turnip mosaic virus,873,873,9,705,705
SRR22534747,332470,,unclassified Potyvirus,1,0,9,706,708
SRR22534747,2793794,species,Achyranthes bidentata mosaic virus,1,1,10,706,706
SRR22534747,42004,species,Leek yellow stripe virus,1,1,9,708,708
SRR22534747,137757,genus,Ipomovirus,1,0,8,710,712
SRR22534747,137758,species,Cassava brown streak virus,1,1,9,710,710
SRR22534747,2732506,class,Pisoniviricetes,31,0,5,715,724
SRR22534747,76804,order,Nidovirales,31,0,6,715,723
SRR22534747,2499399,suborder,Cornidovirineae,31,0,7,715,722
SRR22534747,11118,family,Coronaviridae,31,0,8,715,721
SRR22534747,2501931,subfamily,Orthocoronavirinae,31,0,9,715,720
SRR22534747,694002,genus,Betacoronavirus,31,0,10,715,719
SRR22534747,2509511,subgenus,Sarbecovirus,31,0,11,715,718
SRR22534747,694009,species,Severe acute respiratory syndrome-related coronavirus,31,0,12,715,717
SRR22534747,2697049,,Severe acute respiratory syndrome coronavirus 2,31,31,13,715,715
SRR22534747,2732406,phylum,Kitrinoviricota,4079,0,4,725,740
SRR22534747,2732461,class,Alsuviricetes,4079,0,5,725,739
SRR22534747,675063,order,Tymovirales,4078,0,6,725,734
SRR22534747,675068,family,Betaflexiviridae,4078,0,7,725,733
SRR22534747,1914297,subfamily,Quinvirinae,4078,3,8,725,732
SRR22534747,12163,genus,Carlavirus,4074,0,9,725,728
SRR22534747,1592930,species,Yam latent virus,4069,4069,10,725,725
SRR22534747,1031708,species,Caper latent virus,5,5,10,726,726
SRR22534747,129725,genus,Foveavirus,1,0,9,728,731
SRR22534747,351425,,unclassified Foveavirus,1,0,10,728,730
SRR22534747,2108357,species,Cherry virus B,1,1,11,728,728
SRR22534747,2732544,order,Martellivirales,1,0,6,734,738
SRR22534747,675071,family,Virgaviridae,1,0,7,734,737
SRR22534747,12234,genus,Tobamovirus,1,0,8,734,736
SRR22534747,1761477,species,Tomato brown rugose fruit virus,1,1,9,734,734
SRR22534747,2497569,phylum,Negarnaviricota,105,0,4,740,748
SRR22534747,2497570,subphylum,Haploviricotina,105,0,5,740,747
SRR22534747,2497574,class,Monjiviricetes,105,0,6,740,746
SRR22534747,11157,order,Mononegavirales,105,0,7,740,745
SRR22534747,11158,family,Paramyxoviridae,105,0,8,740,744
SRR22534747,2560076,subfamily,Orthoparamyxovirinae,105,0,9,740,743
SRR22534747,186938,genus,Respirovirus,105,0,10,740,742
SRR22534747,12730,species,Human respirovirus 1,105,105,11,740,740
SRR22534747,2732397,kingdom,Pararnavirae,6,0,3,749,757
SRR22534747,2732409,phylum,Artverviricota,6,0,4,749,756
SRR22534747,2732514,class,Revtraviricetes,6,0,5,749,755
SRR22534747,2169561,order,Ortervirales,6,0,6,749,754
SRR22534747,186534,family,Caulimoviridae,6,0,7,749,753
SRR22534747,10652,genus,Badnavirus,6,0,8,749,752
SRR22534747,325348,,unclassified Badnavirus,6,0,9,749,751
SRR22534747,52996,species,Dioscorea bacilliform virus,6,6,10,749,749
SRR22534747,2731342,,Monodnaviria,161,0,2,758,767
SRR22534747,2732092,kingdom,Shotokuvirae,161,0,3,758,766
SRR22534747,2732416,phylum,Cressdnaviricota,161,0,4,758,765
SRR22534747,2732424,class,Repensiviricetes,161,0,5,758,764
SRR22534747,2732539,order,Geplafuvirales,161,0,6,758,763
SRR22534747,10811,family,Geminiviridae,161,0,7,758,762
SRR22534747,10814,genus,Begomovirus,161,0,8,758,761
SRR22534747,291027,,unclassified Begomovirus,161,0,9,758,760
SRR22534747,1592931,species,Yam yellow spot mosaic virus,161,161,10,758,758
SRR22534747,2731341,,Duplodnaviria,10,0,2,767,784
SRR22534747,2731360,kingdom,Heunggongvirae,10,0,3,767,783
SRR22534747,2731618,phylum,Uroviricota,10,0,4,767,782
SRR22534747,2731619,class,Caudoviricetes,10,0,5,767,781
SRR22534747,28883,order,Caudovirales,10,0,6,767,780
SRR22534747,10699,family,Siphoviridae,7,0,7,767,773
SRR22534747,196894,,unclassified Siphoviridae,6,0,8,767,769
SRR22534747,1589748,species,Achromobacter phage JWF,6,6,9,767,767
SRR22534747,1982745,genus,Woodruffvirus,1,0,8,769,772
SRR22534747,2301302,,unclassified Woodruffvirus,1,0,9,769,771
SRR22534747,2562344,species,Streptomyces phage Mischief19,1,1,10,769,769
SRR22534747,10662,family,Myoviridae,2,0,7,773,776
SRR22534747,196896,,unclassified Myoviridae,2,0,8,773,775
SRR22534747,2202564,species,Myoviridae sp.,2,2,9,773,773
SRR22534747,10744,family,Podoviridae,1,0,7,776,779
SRR22534747,196895,,unclassified Podoviridae,1,0,8,776,778
SRR22534747,2694774,species,Marine virus AFVG_25M77,1,1,9,776,776
SRR22534747,185751,family,Pospiviroidae,1,0,2,784,787
SRR22534747,185753,genus,Pospiviroid,1,0,3,784,786
SRR22534747,12890,species,Citrus exocortis viroid,1,1,4,784,784
SRR22534748,10239,superkingdom,Viruses,161707,0,1,541,621
SRR22534748,2559587,,Riboviria,161618,0,2,541,599
SRR22534748,2732396,kingdom,Orthornavirae,161616,0,3,541,590
SRR22534748,2732406,phylum,Kitrinoviricota,121209,0,4,541,558
SRR22534748,2732461,class,Alsuviricetes,121209,0,5,541,557
SRR22534748,675063,order,Tymovirales,121209,0,6,541,556
SRR22534748,675068,family,Betaflexiviridae,121209,0,7,541,555
SRR22534748,1914297,subfamily,Quinvirinae,121198,3,8,541,552
SRR22534748,12163,genus,Carlavirus,121195,1,9,541,551
SRR22534748,1592930,species,Yam latent virus,121132,121132,10,541,541
SRR22534748,1031708,species,Caper latent virus,52,52,10,542,542
SRR22534748,12167,species,Potato virus M,4,4,10,543,543
SRR22534748,327375,,unclassified Carlavirus,3,0,10,544,547
SRR22534748,2116736,species,Chrysanthemum virus R,2,2,11,544,544
SRR22534748,983307,species,Fuchsia latent virus,1,1,11,545,545
SRR22534748,67761,species,Cowpea mild mottle virus,2,2,10,547,547
SRR22534748,12172,species,Shallot latent virus,1,0,10,548,550
SRR22534748,12458,,Garlic latent virus,1,1,11,548,548
SRR22534748,1003890,,unclassified Betaflexiviridae,11,0,8,552,554
SRR22534748,2824403,species,Henan betaflexivirus 10,11,11,9,552,552
SRR22534748,2732408,phylum,Pisuviricota,40332,0,4,558,581
SRR22534748,2732507,class,Stelpaviricetes,40324,0,5,558,571
SRR22534748,2732550,order,Patatavirales,40324,0,6,558,570
SRR22534748,39729,family,Potyviridae,40324,1,7,558,569
SRR22534748,12195,genus,Potyvirus,39992,464,8,558,566
SRR22534748,79917,species,Japanese yam mosaic virus,33435,33435,9,558,558
SRR22534748,160843,species,Narcissus yellow stripe virus,3725,3725,9,559,559
SRR22534748,12230,species,Turnip mosaic virus,2348,2348,9,560,560
SRR22534748,186643,species,Ornithogalum virus 3,9,9,9,561,561
SRR22534748,12198,species,Clover yellow vein virus,7,7,9,562,562
SRR22534748,2293720,species,Mashua virus Y,3,3,9,563,563
SRR22534748,12196,species,Bean common mosaic virus,1,1,9,564,564
SRR22534748,137757,genus,Ipomovirus,331,0,8,566,568
SRR22534748,137758,species,Cassava brown streak virus,331,331,9,566,566
SRR22534748,2732506,class,Pisoniviricetes,8,0,5,571,580
SRR22534748,76804,order,Nidovirales,8,0,6,571,579
SRR22534748,2499399,suborder,Cornidovirineae,8,0,7,571,578
SRR22534748,11118,family,Coronaviridae,8,0,8,571,577
SRR22534748,2501931,subfamily,Orthocoronavirinae,8,0,9,571,576
SRR22534748,694002,genus,Betacoronavirus,8,0,10,571,575
SRR22534748,2509511,subgenus,Sarbecovirus,8,0,11,571,574
SRR22534748,694009,species,Severe acute respiratory syndrome-related coronavirus,8,0,12,571,573
SRR22534748,2697049,,Severe acute respiratory syndrome coronavirus 2,8,8,13,571,571
SRR22534748,2497569,phylum,Negarnaviricota,75,0,4,581,589
SRR22534748,2497570,subphylum,Haploviricotina,75,0,5,581,588
SRR22534748,2497574,class,Monjiviricetes,75,0,6,581,587
SRR22534748,11157,order,Mononegavirales,75,0,7,581,586
SRR22534748,11158,family,Paramyxoviridae,75,0,8,581,585
SRR22534748,2560076,subfamily,Orthoparamyxovirinae,75,0,9,581,584
SRR22534748,186938,genus,Respirovirus,75,0,10,581,583
SRR22534748,12730,species,Human respirovirus 1,75,75,11,581,581
SRR22534748,2732397,kingdom,Pararnavirae,2,0,3,590,598
SRR22534748,2732409,phylum,Artverviricota,2,0,4,590,597
SRR22534748,2732514,class,Revtraviricetes,2,0,5,590,596
SRR22534748,2169561,order,Ortervirales,2,0,6,590,595
SRR22534748,186534,family,Caulimoviridae,2,0,7,590,594
SRR22534748,10652,genus,Badnavirus,2,0,8,590,593
SRR22534748,325348,,unclassified Badnavirus,2,0,9,590,592
SRR22534748,52996,species,Dioscorea bacilliform virus,2,2,10,590,590
SRR22534748,2731342,,Monodnaviria,86,0,2,599,608
SRR22534748,2732092,kingdom,Shotokuvirae,86,0,3,599,607
SRR22534748,2732416,phylum,Cressdnaviricota,86,0,4,599,606
SRR22534748,2732424,class,Repensiviricetes,86,0,5,599,605
SRR22534748,2732539,order,Geplafuvirales,86,0,6,599,604
SRR22534748,10811,family,Geminiviridae,86,0,7,599,603
SRR22534748,10814,genus,Begomovirus,86,0,8,599,602
SRR22534748,291027,,unclassified Begomovirus,86,0,9,599,601
SRR22534748,1592931,species,Yam yellow spot mosaic virus,86,86,10,599,599
SRR22534748,2731341,,Duplodnaviria,3,0,2,608,620
SRR22534748,2731360,kingdom,Heunggongvirae,3,0,3,608,619
SRR22534748,2731361,phylum,Peploviricota,3,0,4,608,618
SRR22534748,2731363,class,Herviviricetes,3,0,5,608,617
SRR22534748,548681,order,Herpesvirales,3,0,6,608,616
SRR22534748,10292,family,Herpesviridae,3,0,7,608,615
SRR22534748,10374,subfamily,Gammaherpesvirinae,2,0,8,608,611
SRR22534748,10375,genus,Lymphocryptovirus,2,0,9,608,610
SRR22534748,10376,species,Human gammaherpesvirus 4,2,2,10,608,608
SRR22534748,10293,subfamily,Alphaherpesvirinae,1,0,8,611,614
SRR22534748,10319,genus,Varicellovirus,1,0,9,611,613
SRR22534748,10345,species,Suid alphaherpesvirus 1,1,1,10,611,611
SRR22534749,10239,superkingdom,Viruses,160995,0,1,579,656
SRR22534749,2559587,,Riboviria,160891,0,2,579,634
SRR22534749,2732396,kingdom,Orthornavirae,160886,1,3,579,625
SRR22534749,2732406,phylum,Kitrinoviricota,109777,0,4,579,594
SRR22534749,2732461,class,Alsuviricetes,109777,0,5,579,593
SRR22534749,675063,order,Tymovirales,109777,0,6,579,592
SRR22534749,675068,family,Betaflexiviridae,109777,0,7,579,591
SRR22534749,1914297,subfamily,Quinvirinae,109771,2,8,579,588
SRR22534749,12163,genus,Carlavirus,109769,1,9,579,587
SRR22534749,1592930,species,Yam latent virus,109696,109696,10,579,579
SRR22534749,1031708,species,Caper latent virus,52,52,10,580,580
SRR22534749,67761,species,Cowpea mild mottle virus,12,12,10,581,581
SRR22534749,327375,,unclassified Carlavirus,4,0,10,582,584
SRR22534749,2116736,species,Chrysanthemum virus R,4,4,11,582,582
SRR22534749,12167,species,Potato virus M,3,3,10,584,584
SRR22534749,142843,species,Hop mosaic virus,1,1,10,585,585
SRR22534749,1003890,,unclassified Betaflexiviridae,6,0,8,588,590
SRR22534749,2824403,species,Henan betaflexivirus 10,6,6,9,588,588
SRR22534749,2732408,phylum,Pisuviricota,51025,0,4,594,616
SRR22534749,2732507,class,Stelpaviricetes,51010,0,5,594,606
SRR22534749,2732550,order,Patatavirales,51010,0,6,594,605
SRR22534749,39729,family,Potyviridae,51010,0,7,594,604
SRR22534749,12195,genus,Potyvirus,50597,536,8,594,601
SRR22534749,79917,species,Japanese yam mosaic virus,43025,43025,9,594,594
SRR22534749,160843,species,Narcissus yellow stripe virus,4305,4305,9,595,595
SRR22534749,12230,species,Turnip mosaic virus,2699,2699,9,596,596
SRR22534749,186643,species,Ornithogalum virus 3,21,21,9,597,597
SRR22534749,12198,species,Clover yellow vein virus,10,10,9,598,598
SRR22534749,46619,species,Sweet potato virus G,1,1,9,599,599
SRR22534749,137757,genus,Ipomovirus,413,0,8,601,603
SRR22534749,137758,species,Cassava brown streak virus,413,413,9,601,601
SRR22534749,2732506,class,Pisoniviricetes,15,0,5,606,615
SRR22534749,76804,order,Nidovirales,15,0,6,606,614
SRR22534749,2499399,suborder,Cornidovirineae,15,0,7,606,613
SRR22534749,11118,family,Coronaviridae,15,0,8,606,612
SRR22534749,2501931,subfamily,Orthocoronavirinae,15,0,9,606,611
SRR22534749,694002,genus,Betacoronavirus,15,0,10,606,610
SRR22534749,2509511,subgenus,Sarbecovirus,15,0,11,606,609
SRR22534749,694009,species,Severe acute respiratory syndrome-related coronavirus,15,0,12,606,608
SRR22534749,2697049,,Severe acute respiratory syndrome coronavirus 2,15,15,13,606,606
SRR22534749,2497569,phylum,Negarnaviricota,83,0,4,616,624
SRR22534749,2497570,subphylum,Haploviricotina,83,0,5,616,623
SRR22534749,2497574,class,Monjiviricetes,83,0,6,616,622
SRR22534749,11157,order,Mononegavirales,83,0,7,616,621
SRR22534749,11158,family,Paramyxoviridae,83,0,8,616,620
SRR22534749,2560076,subfamily,Orthoparamyxovirinae,83,0,9,616,619
SRR22534749,186938,genus,Respirovirus,83,0,10,616,618
SRR22534749,12730,species,Human respirovirus 1,83,83,11,616,616
SRR22534749,2732397,kingdom,Pararnavirae,5,0,3,625,633
SRR22534749,2732409,phylum,Artverviricota,5,0,4,625,632
SRR22534749,2732514,class,Revtraviricetes,5,0,5,625,631
SRR22534749,2169561,order,Ortervirales,5,0,6,625,630
SRR22534749,186534,family,Caulimoviridae,5,0,7,625,629
SRR22534749,10652,genus,Badnavirus,5,0,8,625,628
SRR22534749,325348,,unclassified Badnavirus,5,0,9,625,627
SRR22534749,52996,species,Dioscorea bacilliform virus,5,5,10,625,625
SRR22534749,2731342,,Monodnaviria,98,0,2,634,643
SRR22534749,2732092,kingdom,Shotokuvirae,98,0,3,634,642
SRR22534749,2732416,phylum,Cressdnaviricota,98,0,4,634,641
SRR22534749,2732424,class,Repensiviricetes,98,0,5,634,640
SRR22534749,2732539,order,Geplafuvirales,98,0,6,634,639
SRR22534749,10811,family,Geminiviridae,98,0,7,634,638
SRR22534749,10814,genus,Begomovirus,98,0,8,634,637
SRR22534749,291027,,unclassified Begomovirus,98,0,9,634,636
SRR22534749,1592931,species,Yam yellow spot mosaic virus,98,98,10,634,634
SRR22534749,2731341,,Duplodnaviria,6,0,2,643,655
SRR22534749,2731360,kingdom,Heunggongvirae,6,0,3,643,654
SRR22534749,2731618,phylum,Uroviricota,6,0,4,643,653
SRR22534749,2731619,class,Caudoviricetes,6,0,5,643,652
SRR22534749,28883,order,Caudovirales,6,0,6,643,651
SRR22534749,10662,family,Myoviridae,3,0,7,643,647
SRR22534749,196896,,unclassified Myoviridae,3,0,8,643,646
SRR22534749,2202564,species,Myoviridae sp.,2,2,9,643,643
SRR22534749,2567864,species,Pseudomonas phage vB_PaeM_MIJ3,1,1,9,644,644
SRR22534749,10699,family,Siphoviridae,3,0,7,647,650
SRR22534749,196894,,unclassified Siphoviridae,3,0,8,647,649
SRR22534749,2170413,species,Siphoviridae sp.,3,3,9,647,647
SRR22534750,10239,superkingdom,Viruses,99515,0,1,588,676
SRR22534750,2559587,,Riboviria,99395,0,2,588,647
SRR22534750,2732396,kingdom,Orthornavirae,99387,4,3,588,638
SRR22534750,2732408,phylum,Pisuviricota,67350,0,4,588,614
SRR22534750,2732507,class,Stelpaviricetes,67325,0,5,588,604
SRR22534750,2732550,order,Patatavirales,67325,0,6,588,603
SRR22534750,39729,family,Potyviridae,67325,0,7,588,602
SRR22534750,12195,genus,Potyvirus,67319,715,8,588,599
SRR22534750,79917,species,Japanese yam mosaic virus,55185,55185,9,588,588
SRR22534750,160843,species,Narcissus yellow stripe virus,7027,7027,9,589,589
SRR22534750,12230,species,Turnip mosaic virus,4361,4361,9,590,590
SRR22534750,186643,species,Ornithogalum virus 3,19,19,9,591,591
SRR22534750,42004,species,Leek yellow stripe virus,5,5,9,592,592
SRR22534750,332470,,unclassified Potyvirus,2,0,9,593,595
SRR22534750,2793794,species,Achyranthes bidentata mosaic virus,2,2,10,593,593
SRR22534750,12196,species,Bean common mosaic virus,2,2,9,595,595
SRR22534750,187977,species,Wild potato mosaic virus,2,2,9,596,596
SRR22534750,12198,species,Clover yellow vein virus,1,1,9,597,597
SRR22534750,137757,genus,Ipomovirus,6,0,8,599,601
SRR22534750,137758,species,Cassava brown streak virus,6,6,9,599,599
SRR22534750,2732506,class,Pisoniviricetes,25,0,5,604,613
SRR22534750,76804,order,Nidovirales,25,0,6,604,612
SRR22534750,2499399,suborder,Cornidovirineae,25,0,7,604,611
SRR22534750,11118,family,Coronaviridae,25,0,8,604,610
SRR22534750,2501931,subfamily,Orthocoronavirinae,25,0,9,604,609
SRR22534750,694002,genus,Betacoronavirus,25,0,10,604,608
SRR22534750,2509511,subgenus,Sarbecovirus,25,0,11,604,607
SRR22534750,694009,species,Severe acute respiratory syndrome-related coronavirus,25,0,12,604,606
SRR22534750,2697049,,Severe acute respiratory syndrome coronavirus 2,25,25,13,604,604
SRR22534750,2732406,phylum,Kitrinoviricota,31951,0,4,614,629
SRR22534750,2732461,class,Alsuviricetes,31951,0,5,614,628
SRR22534750,675063,order,Tymovirales,31951,0,6,614,627
SRR22534750,675068,family,Betaflexiviridae,31951,0,7,614,626
SRR22534750,1914297,subfamily,Quinvirinae,31948,4,8,614,620
SRR22534750,12163,genus,Carlavirus,31944,0,9,614,619
SRR22534750,1592930,species,Yam latent virus,31922,31922,10,614,614
SRR22534750,1031708,species,Caper latent virus,17,17,10,615,615
SRR22534750,12167,species,Potato virus M,3,3,10,616,616
SRR22534750,67761,species,Cowpea mild mottle virus,2,2,10,617,617
SRR22534750,1914298,subfamily,Trivirinae,2,0,8,620,623
SRR22534750,40276,genus,Trichovirus,2,0,9,620,622
SRR22534750,12175,species,Apple chlorotic leaf spot virus,2,2,10,620,620
SRR22534750,1003890,,unclassified Betaflexiviridae,1,0,8,623,625
SRR22534750,2824403,species,Henan betaflexivirus 10,1,1,9,623,623
SRR22534750,2497569,phylum,Negarnaviricota,82,0,4,629,637
SRR22534750,2497570,subphylum,Haploviricotina,82,0,5,629,636
SRR22534750,2497574,class,Monjiviricetes,82,0,6,629,635
SRR22534750,11157,order,Mononegavirales,82,0,7,629,634
SRR22534750,11158,family,Paramyxoviridae,82,0,8,629,633
SRR22534750,2560076,subfamily,Orthoparamyxovirinae,82,0,9,629,632
SRR22534750,186938,genus,Respirovirus,82,0,10,629,631
SRR22534750,12730,species,Human respirovirus 1,82,82,11,629,629
SRR22534750,2732397,kingdom,Pararnavirae,8,0,3,638,646
SRR22534750,2732409,phylum,Artverviricota,8,0,4,638,645
SRR22534750,2732514,class,Revtraviricetes,8,0,5,638,644
SRR22534750,2169561,order,Ortervirales,8,0,6,638,643
SRR22534750,186534,family,Caulimoviridae,8,0,7,638,642
SRR22534750,10652,genus,Badnavirus,8,0,8,638,641
SRR22534750,325348,,unclassified Badnavirus,8,0,9,638,640
SRR22534750,52996,species,Dioscorea bacilliform virus,8,8,10,638,638
SRR22534750,2731342,,Monodnaviria,114,0,2,647,656
SRR22534750,2732092,kingdom,Shotokuvirae,114,0,3,647,655
SRR22534750,2732416,phylum,Cressdnaviricota,114,0,4,647,654
SRR22534750,2732424,class,Repensiviricetes,114,0,5,647,653
SRR22534750,2732539,order,Geplafuvirales,114,0,6,647,652
SRR22534750,10811,family,Geminiviridae,114,0,7,647,651
SRR22534750,10814,genus,Begomovirus,114,0,8,647,650
SRR22534750,291027,,unclassified Begomovirus,114,0,9,647,649
SRR22534750,1592931,species,Yam yellow spot mosaic virus,114,114,10,647,647
SRR22534750,2731341,,Duplodnaviria,6,0,2,656,675
SRR22534750,2731360,kingdom,Heunggongvirae,6,0,3,656,674
SRR22534750,2731361,phylum,Peploviricota,4,0,4,656,663
SRR22534750,2731363,class,Herviviricetes,4,0,5,656,662
SRR22534750,548681,order,Herpesvirales,4,0,6,656,661
SRR22534750,10292,family,Herpesviridae,4,0,7,656,660
SRR22534750,10374,subfamily,Gammaherpesvirinae,4,0,8,656,659
SRR22534750,10375,genus,Lymphocryptovirus,4,0,9,656,658
SRR22534750,10376,species,Human gammaherpesvirus 4,4,4,10,656,656
SRR22534750,2731618,phylum,Uroviricota,2,0,4,663,673
SRR22534750,2731619,class,Caudoviricetes,2,0,5,663,672
SRR22534750,28883,order,Caudovirales,2,0,6,663,671
SRR22534750,10662,family,Myoviridae,1,0,7,663,667
SRR22534750,2733094,genus,Baikalvirus,1,0,8,663,666
SRR22534750,2734089,species,Baikalvirus PaBG,1,0,9,663,665
SRR22534750,1335230,,Pseudomonas phage PaBG,1,1,10,663,663
SRR22534750,10699,family,Siphoviridae,1,0,7,667,670
SRR22534750,196894,,unclassified Siphoviridae,1,0,8,667,669
SRR22534750,1589748,species,Achromobacter phage JWF,1,1,9,667,667
SRR22534751,10239,superkingdom,Viruses,94134,0,1,534,622
SRR22534751,2559587,,Riboviria,94005,0,2,534,591
SRR22534751,2732396,kingdom,Orthornavirae,93998,1,3,534,582
SRR22534751,2732408,phylum,Pisuviricota,64335,0,4,534,560
SRR22534751,2732507,class,Stelpaviricetes,64329,0,5,534,550
SRR22534751,2732550,order,Patatavirales,64329,0,6,534,549
SRR22534751,39729,family,Potyviridae,64329,0,7,534,548
SRR22534751,12195,genus,Potyvirus,64326,648,8,534,545
SRR22534751,79917,species,Japanese yam mosaic virus,53329,53329,9,534,534
SRR22534751,160843,species,Narcissus yellow stripe virus,5950,5950,9,535,535
SRR22534751,12230,species,Turnip mosaic virus,4369,4369,9,536,536
SRR22534751,186643,species,Ornithogalum virus 3,20,20,9,537,537
SRR22534751,12196,species,Bean common mosaic virus,3,3,9,538,538
SRR22534751,12198,species,Clover yellow vein virus,3,3,9,539,539
SRR22534751,332470,,unclassified Potyvirus,2,0,9,540,542
SRR22534751,2793794,species,Achyranthes bidentata mosaic virus,2,2,10,540,540
SRR22534751,2293720,species,Mashua virus Y,1,1,9,542,542
SRR22534751,42004,species,Leek yellow stripe virus,1,1,9,543,543
SRR22534751,137757,genus,Ipomovirus,3,0,8,545,547
SRR22534751,137758,species,Cassava brown streak virus,3,3,9,545,545
SRR22534751,2732506,class,Pisoniviricetes,6,0,5,550,559
SRR22534751,76804,order,Nidovirales,6,0,6,550,558
SRR22534751,2499399,suborder,Cornidovirineae,6,0,7,550,557
SRR22534751,11118,family,Coronaviridae,6,0,8,550,556
SRR22534751,2501931,subfamily,Orthocoronavirinae,6,0,9,550,555
SRR22534751,694002,genus,Betacoronavirus,6,0,10,550,554
SRR22534751,2509511,subgenus,Sarbecovirus,6,0,11,550,553
SRR22534751,694009,species,Severe acute respiratory syndrome-related coronavirus,6,0,12,550,552
SRR22534751,2697049,,Severe acute respiratory syndrome coronavirus 2,6,6,13,550,550
SRR22534751,2732406,phylum,Kitrinoviricota,29580,0,4,560,573
SRR22534751,2732461,class,Alsuviricetes,29580,0,5,560,572
SRR22534751,675063,order,Tymovirales,29580,0,6,560,571
SRR22534751,675068,family,Betaflexiviridae,29580,0,7,560,570
SRR22534751,1914297,subfamily,Quinvirinae,29573,3,8,560,567
SRR22534751,12163,genus,Carlavirus,29570,1,9,560,566
SRR22534751,1592930,species,Yam latent virus,29545,29545,10,560,560
SRR22534751,1031708,species,Caper latent virus,17,17,10,561,561
SRR22534751,67761,species,Cowpea mild mottle virus,4,4,10,562,562
SRR22534751,12167,species,Potato virus M,2,2,10,563,563
SRR22534751,666859,species,Butterbur mosaic virus,1,1,10,564,564
SRR22534751,1003890,,unclassified Betaflexiviridae,7,0,8,567,569
SRR22534751,2824403,species,Henan betaflexivirus 10,7,7,9,567,567
SRR22534751,2497569,phylum,Negarnaviricota,82,0,4,573,581
SRR22534751,2497570,subphylum,Haploviricotina,82,0,5,573,580
SRR22534751,2497574,class,Monjiviricetes,82,0,6,573,579
SRR22534751,11157,order,Mononegavirales,82,0,7,573,578
SRR22534751,11158,family,Paramyxoviridae,82,0,8,573,577
SRR22534751,2560076,subfamily,Orthoparamyxovirinae,82,0,9,573,576
SRR22534751,186938,genus,Respirovirus,82,0,10,573,575
SRR22534751,12730,species,Human respirovirus 1,82,82,11,573,573
SRR22534751,2732397,kingdom,Pararnavirae,7,0,3,582,590
SRR22534751,2732409,phylum,Artverviricota,7,0,4,582,589
SRR22534751,2732514,class,Revtraviricetes,7,0,5,582,588
SRR22534751,2169561,order,Ortervirales,7,0,6,582,587
SRR22534751,186534,family,Caulimoviridae,7,0,7,582,586
SRR22534751,10652,genus,Badnavirus,7,0,8,582,585
SRR22534751,325348,,unclassified Badnavirus,7,0,9,582,584
SRR22534751,52996,species,Dioscorea bacilliform virus,7,7,10,582,582
SRR22534751,2731342,,Monodnaviria,125,0,2,591,600
SRR22534751,2732092,kingdom,Shotokuvirae,125,0,3,591,599
SRR22534751,2732416,phylum,Cressdnaviricota,125,0,4,591,598
SRR22534751,2732424,class,Repensiviricetes,125,0,5,591,597
SRR22534751,2732539,order,Geplafuvirales,125,0,6,591,596
SRR22534751,10811,family,Geminiviridae,125,0,7,591,595
SRR22534751,10814,genus,Begomovirus,125,0,8,591,594
SRR22534751,291027,,unclassified Begomovirus,125,0,9,591,593
SRR22534751,1592931,species,Yam yellow spot mosaic virus,125,125,10,591,591
SRR22534751,2731341,,Duplodnaviria,2,0,2,600,612
SRR22534751,2731360,kingdom,Heunggongvirae,2,0,3,600,611
SRR22534751,2731618,phylum,Uroviricota,2,0,4,600,610
SRR22534751,2731619,class,Caudoviricetes,2,0,5,600,609
SRR22534751,2943001,family,Casjensviridae,1,0,6,600,604
SRR22534751,2943015,genus,Redjacvirus,1,0,7,600,603
SRR22534751,2956355,species,Redjacvirus redjac,1,0,8,600,602
SRR22534751,1235559,,Providencia phage Redjac,1,1,9,600,600
SRR22534751,28883,order,Caudovirales,1,0,6,604,608
SRR22534751,10662,family,Myoviridae,1,0,7,604,607
SRR22534751,196896,,unclassified Myoviridae,1,0,8,604,606
SRR22534751,2202564,species,Myoviridae sp.,1,1,9,604,604
SRR22534751,2732004,,Varidnaviria,2,0,2,612,621
SRR22534751,2732005,kingdom,Bamfordvirae,2,0,3,612,620
SRR22534751,2732007,phylum,Nucleocytoviricota,2,0,4,612,619
SRR22534751,2732525,class,Pokkesviricetes,2,0,5,612,618
SRR22534751,2732527,order,Chitovirales,2,0,6,612,617
SRR22534751,10240,family,Poxviridae,2,0,7,612,616
SRR22534751,10241,subfamily,Chordopoxvirinae,2,0,8,612,615
SRR22534751,10242,genus,Orthopoxvirus,2,0,9,612,614
SRR22534751,160796,species,Skunkpox virus,2,2,10,612,612
SRR22534752,10239,superkingdom,Viruses,117796,0,1,659,751
SRR22534752,2559587,,Riboviria,117672,0,2,659,723
SRR22534752,2732396,kingdom,Orthornavirae,117665,3,3,659,711
SRR22534752,2732408,phylum,Pisuviricota,85298,0,4,659,686
SRR22534752,2732507,class,Stelpaviricetes,85292,0,5,659,676
SRR22534752,2732550,order,Patatavirales,85292,0,6,659,675
SRR22534752,39729,family,Potyviridae,85292,0,7,659,674
SRR22534752,12195,genus,Potyvirus,85265,1004,8,659,671
SRR22534752,79917,species,Japanese yam mosaic virus,70572,70572,9,659,659
SRR22534752,160843,species,Narcissus yellow stripe virus,8099,8099,9,660,660
SRR22534752,12230,species,Turnip mosaic virus,5570,5570,9,661,661
SRR22534752,186643,species,Ornithogalum virus 3,9,9,9,662,662
SRR22534752,12198,species,Clover yellow vein virus,6,6,9,663,663
SRR22534752,332470,,unclassified Potyvirus,2,0,9,664,667
SRR22534752,2793794,species,Achyranthes bidentata mosaic virus,1,1,10,664,664
SRR22534752,2910304,species,Thevetia ringspot virus,1,1,10,665,665
SRR22534752,157018,species,Scallion mosaic virus,1,1,9,667,667
SRR22534752,187977,species,Wild potato mosaic virus,1,1,9,668,668
SRR22534752,42004,species,Leek yellow stripe virus,1,1,9,669,669
SRR22534752,137757,genus,Ipomovirus,27,0,8,671,673
SRR22534752,137758,species,Cassava brown streak virus,27,27,9,671,671
SRR22534752,2732506,class,Pisoniviricetes,6,0,5,676,685
SRR22534752,76804,order,Nidovirales,6,0,6,676,684
SRR22534752,2499399,suborder,Cornidovirineae,6,0,7,676,683
SRR22534752,11118,family,Coronaviridae,6,0,8,676,682
SRR22534752,2501931,subfamily,Orthocoronavirinae,6,0,9,676,681
SRR22534752,694002,genus,Betacoronavirus,6,0,10,676,680
SRR22534752,2509511,subgenus,Sarbecovirus,6,0,11,676,679
SRR22534752,694009,species,Severe acute respiratory syndrome-related coronavirus,6,0,12,676,678
SRR22534752,2697049,,Severe acute respiratory syndrome coronavirus 2,6,6,13,676,676
SRR22534752,2732406,phylum,Kitrinoviricota,32264,0,4,686,702
SRR22534752,2732461,class,Alsuviricetes,32264,0,5,686,701
SRR22534752,675063,order,Tymovirales,32264,0,6,686,700
SRR22534752,675068,family,Betaflexiviridae,32264,0,7,686,699
SRR22534752,1914297,subfamily,Quinvirinae,32261,4,8,686,696
SRR22534752,12163,genus,Carlavirus,32257,1,9,686,695
SRR22534752,1592930,species,Yam latent virus,32226,32226,10,686,686
SRR22534752,1031708,species,Caper latent virus,20,20,10,687,687
SRR22534752,67761,species,Cowpea mild mottle virus,6,6,10,688,688
SRR22534752,12167,species,Potato virus M,1,1,10,689,689
SRR22534752,142843,species,Hop mosaic virus,1,1,10,690,690
SRR22534752,327375,,unclassified Carlavirus,1,0,10,691,693
SRR22534752,1803898,species,Pepper virus A,1,1,11,691,691
SRR22534752,666859,species,Butterbur mosaic virus,1,1,10,693,693
SRR22534752,1003890,,unclassified Betaflexiviridae,3,0,8,696,698
SRR22534752,2824403,species,Henan betaflexivirus 10,3,3,9,696,696
SRR22534752,2497569,phylum,Negarnaviricota,100,0,4,702,710
SRR22534752,2497570,subphylum,Haploviricotina,100,0,5,702,709
SRR22534752,2497574,class,Monjiviricetes,100,0,6,702,708
SRR22534752,11157,order,Mononegavirales,100,0,7,702,707
SRR22534752,11158,family,Paramyxoviridae,100,0,8,702,706
SRR22534752,2560076,subfamily,Orthoparamyxovirinae,100,0,9,702,705
SRR22534752,186938,genus,Respirovirus,100,0,10,702,704
SRR22534752,12730,species,Human respirovirus 1,100,100,11,702,702
SRR22534752,2732397,kingdom,Pararnavirae,7,0,3,711,722
SRR22534752,2732409,phylum,Artverviricota,7,0,4,711,721
SRR22534752,2732514,class,Revtraviricetes,7,0,5,711,720
SRR22534752,2169561,order,Ortervirales,7,0,6,711,719
SRR22534752,186534,family,Caulimoviridae,7,0,7,711,718
SRR22534752,10652,genus,Badnavirus,6,0,8,711,714
SRR22534752,325348,,unclassified Badnavirus,6,0,9,711,713
SRR22534752,52996,species,Dioscorea bacilliform virus,6,6,10,711,711
SRR22534752,2733292,genus,Dioscovirus,1,0,8,714,717
SRR22534752,2734563,species,Dioscorea nummularia associated virus,1,0,9,714,716
SRR22534752,2303485,,Dioscorea nummularia-associated virus,1,1,10,714,714
SRR22534752,2731342,,Monodnaviria,119,0,2,723,732
SRR22534752,2732092,kingdom,Shotokuvirae,119,0,3,723,731
SRR22534752,2732416,phylum,Cressdnaviricota,119,0,4,723,730
SRR22534752,2732424,class,Repensiviricetes,119,0,5,723,729
SRR22534752,2732539,order,Geplafuvirales,119,0,6,723,728
SRR22534752,10811,family,Geminiviridae,119,0,7,723,727
SRR22534752,10814,genus,Begomovirus,119,0,8,723,726
SRR22534752,291027,,unclassified Begomovirus,119,0,9,723,725
SRR22534752,1592931,species,Yam yellow spot mosaic virus,119,119,10,723,723
SRR22534752,2731341,,Duplodnaviria,5,0,2,732,750
SRR22534752,2731360,kingdom,Heunggongvirae,5,0,3,732,749
SRR22534752,2731618,phylum,Uroviricota,3,0,4,732,741
SRR22534752,2731619,class,Caudoviricetes,3,0,5,732,740
SRR22534752,28883,order,Caudovirales,3,0,6,732,739
SRR22534752,10662,family,Myoviridae,2,0,7,732,735
SRR22534752,196896,,unclassified Myoviridae,2,0,8,732,734
SRR22534752,2202564,species,Myoviridae sp.,2,2,9,732,732
SRR22534752,10699,family,Siphoviridae,1,0,7,735,738
SRR22534752,196894,,unclassified Siphoviridae,1,0,8,735,737
SRR22534752,2170413,species,Siphoviridae sp.,1,1,9,735,735
SRR22534752,2731361,phylum,Peploviricota,2,0,4,741,748
SRR22534752,2731363,class,Herviviricetes,2,0,5,741,747
SRR22534752,548681,order,Herpesvirales,2,0,6,741,746
SRR22534752,10292,family,Herpesviridae,2,0,7,741,745
SRR22534752,10293,subfamily,Alphaherpesvirinae,2,0,8,741,744
SRR22534752,10319,genus,Varicellovirus,2,0,9,741,743
SRR22534752,10345,species,Suid alphaherpesvirus 1,2,2,10,741,741
SRR22534753,10239,superkingdom,Viruses,15136,0,1,852,933
SRR22534753,2559587,,Riboviria,14985,0,2,852,906
SRR22534753,2732396,kingdom,Orthornavirae,14971,0,3,852,893
SRR22534753,2732408,phylum,Pisuviricota,9003,0,4,852,873
SRR22534753,2732507,class,Stelpaviricetes,8984,0,5,852,863
SRR22534753,2732550,order,Patatavirales,8984,0,6,852,862
SRR22534753,39729,family,Potyviridae,8984,0,7,852,861
SRR22534753,12195,genus,Potyvirus,8963,220,8,852,858
SRR22534753,79917,species,Japanese yam mosaic virus,7405,7405,9,852,852
SRR22534753,160843,species,Narcissus yellow stripe virus,835,835,9,853,853
SRR22534753,12230,species,Turnip mosaic virus,501,501,9,854,854
SRR22534753,12198,species,Clover yellow vein virus,1,1,9,855,855
SRR22534753,12199,species,Cowpea aphid-borne mosaic virus,1,1,9,856,856
SRR22534753,137757,genus,Ipomovirus,21,0,8,858,860
SRR22534753,137758,species,Cassava brown streak virus,21,21,9,858,858
SRR22534753,2732506,class,Pisoniviricetes,19,0,5,863,872
SRR22534753,76804,order,Nidovirales,19,0,6,863,871
SRR22534753,2499399,suborder,Cornidovirineae,19,0,7,863,870
SRR22534753,11118,family,Coronaviridae,19,0,8,863,869
SRR22534753,2501931,subfamily,Orthocoronavirinae,19,0,9,863,868
SRR22534753,694002,genus,Betacoronavirus,19,0,10,863,867
SRR22534753,2509511,subgenus,Sarbecovirus,19,0,11,863,866
SRR22534753,694009,species,Severe acute respiratory syndrome-related coronavirus,19,0,12,863,865
SRR22534753,2697049,,Severe acute respiratory syndrome coronavirus 2,19,19,13,863,863
SRR22534753,2732406,phylum,Kitrinoviricota,5880,0,4,873,884
SRR22534753,2732461,class,Alsuviricetes,5880,0,5,873,883
SRR22534753,675063,order,Tymovirales,5880,0,6,873,882
SRR22534753,675068,family,Betaflexiviridae,5880,0,7,873,881
SRR22534753,1914297,subfamily,Quinvirinae,5880,13,8,873,880
SRR22534753,12163,genus,Carlavirus,5867,0,9,873,879
SRR22534753,1592930,species,Yam latent virus,5863,5863,10,873,873
SRR22534753,1031708,species,Caper latent virus,2,2,10,874,874
SRR22534753,12167,species,Potato virus M,1,1,10,875,875
SRR22534753,327375,,unclassified Carlavirus,1,0,10,876,878
SRR22534753,1803898,species,Pepper virus A,1,1,11,876,876
SRR22534753,2497569,phylum,Negarnaviricota,88,0,4,884,892
SRR22534753,2497570,subphylum,Haploviricotina,88,0,5,884,891
SRR22534753,2497574,class,Monjiviricetes,88,0,6,884,890
SRR22534753,11157,order,Mononegavirales,88,0,7,884,889
SRR22534753,11158,family,Paramyxoviridae,88,0,8,884,888
SRR22534753,2560076,subfamily,Orthoparamyxovirinae,88,0,9,884,887
SRR22534753,186938,genus,Respirovirus,88,0,10,884,886
SRR22534753,12730,species,Human respirovirus 1,88,88,11,884,884
SRR22534753,2732397,kingdom,Pararnavirae,14,0,3,893,905
SRR22534753,2732409,phylum,Artverviricota,14,0,4,893,904
SRR22534753,2732514,class,Revtraviricetes,14,0,5,893,903
SRR22534753,2169561,order,Ortervirales,14,0,6,893,902
SRR22534753,186534,family,Caulimoviridae,13,0,7,893,897
SRR22534753,10652,genus,Badnavirus,13,0,8,893,896
SRR22534753,325348,,unclassified Badnavirus,13,0,9,893,895
SRR22534753,52996,species,Dioscorea bacilliform virus,13,13,10,893,893
SRR22534753,11632,family,Retroviridae,1,0,7,897,901
SRR22534753,327045,subfamily,Orthoretrovirinae,1,0,8,897,900
SRR22534753,11646,genus,Lentivirus,1,0,9,897,899
SRR22534753,11723,species,Simian immunodeficiency virus,1,1,10,897,897
SRR22534753,2731342,,Monodnaviria,144,0,2,906,915
SRR22534753,2732092,kingdom,Shotokuvirae,144,0,3,906,914
SRR22534753,2732416,phylum,Cressdnaviricota,144,0,4,906,913
SRR22534753,2732424,class,Repensiviricetes,144,0,5,906,912
SRR22534753,2732539,order,Geplafuvirales,144,0,6,906,911
SRR22534753,10811,family,Geminiviridae,144,0,7,906,910
SRR22534753,10814,genus,Begomovirus,144,0,8,906,909
SRR22534753,291027,,unclassified Begomovirus,144,0,9,906,908
SRR22534753,1592931,species,Yam yellow spot mosaic virus,144,144,10,906,906
SRR22534753,2731341,,Duplodnaviria,6,0,2,915,931
SRR22534753,2731360,kingdom,Heunggongvirae,6,0,3,915,930
SRR22534753,2731618,phylum,Uroviricota,6,0,4,915,929
SRR22534753,2731619,class,Caudoviricetes,6,0,5,915,928
SRR22534753,28883,order,Caudovirales,6,0,6,915,927
SRR22534753,10699,family,Siphoviridae,4,0,7,915,919
SRR22534753,196894,,unclassified Siphoviridae,4,0,8,915,918
SRR22534753,2170413,species,Siphoviridae sp.,2,2,9,915,915
SRR22534753,1589748,species,Achromobacter phage JWF,2,2,9,916,916
SRR22534753,2100420,,environmental samples,1,0,7,919,921
SRR22534753,2100421,species,uncultured Caudovirales phage,1,1,8,919,919
SRR22534753,10744,family,Podoviridae,1,0,7,921,926
SRR22534753,2842520,subfamily,Beephvirinae,1,0,8,921,925
SRR22534753,2842852,genus,Manuelvirus,1,0,9,921,924
SRR22534753,2846400,species,Manuelvirus JXY1,1,0,10,921,923
SRR22534753,2708562,,Streptomyces phage JXY1,1,1,11,921,921
SRR22534753,12333,,unclassified bacterial viruses,1,1,2,931,931
SRR22534754,10239,superkingdom,Viruses,14837,0,1,717,798
SRR22534754,2559587,,Riboviria,14695,0,2,717,767
SRR22534754,2732396,kingdom,Orthornavirae,14687,0,3,717,758
SRR22534754,2732408,phylum,Pisuviricota,8255,0,4,717,741
SRR22534754,2732507,class,Stelpaviricetes,8242,0,5,717,726
SRR22534754,2732550,order,Patatavirales,8242,0,6,717,725
SRR22534754,39729,family,Potyviridae,8242,0,7,717,724
SRR22534754,12195,genus,Potyvirus,8213,256,8,717,721
SRR22534754,79917,species,Japanese yam mosaic virus,6608,6608,9,717,717
SRR22534754,160843,species,Narcissus yellow stripe virus,830,830,9,718,718
SRR22534754,12230,species,Turnip mosaic virus,519,519,9,719,719
SRR22534754,137757,genus,Ipomovirus,29,0,8,721,723
SRR22534754,137758,species,Cassava brown streak virus,29,29,9,721,721
SRR22534754,2732506,class,Pisoniviricetes,13,0,5,726,740
SRR22534754,76804,order,Nidovirales,11,0,6,726,734
SRR22534754,2499399,suborder,Cornidovirineae,11,0,7,726,733
SRR22534754,11118,family,Coronaviridae,11,0,8,726,732
SRR22534754,2501931,subfamily,Orthocoronavirinae,11,0,9,726,731
SRR22534754,694002,genus,Betacoronavirus,11,0,10,726,730
SRR22534754,2509511,subgenus,Sarbecovirus,11,0,11,726,729
SRR22534754,694009,species,Severe acute respiratory syndrome-related coronavirus,11,0,12,726,728
SRR22534754,2697049,,Severe acute respiratory syndrome coronavirus 2,11,11,13,726,726
SRR22534754,2732553,order,Sobelivirales,2,0,6,734,739
SRR22534754,2169577,family,Solemoviridae,2,0,7,734,738
SRR22534754,119164,genus,Polerovirus,2,0,8,734,737
SRR22534754,328429,,unclassified Polerovirus,2,0,9,734,736
SRR22534754,2959664,species,Soybean chlorotic leafroll virus,2,2,10,734,734
SRR22534754,2732406,phylum,Kitrinoviricota,6364,0,4,741,749
SRR22534754,2732461,class,Alsuviricetes,6364,0,5,741,748
SRR22534754,675063,order,Tymovirales,6364,0,6,741,747
SRR22534754,675068,family,Betaflexiviridae,6364,0,7,741,746
SRR22534754,1914297,subfamily,Quinvirinae,6364,12,8,741,745
SRR22534754,12163,genus,Carlavirus,6352,0,9,741,744
SRR22534754,1592930,species,Yam latent virus,6348,6348,10,741,741
SRR22534754,1031708,species,Caper latent virus,4,4,10,742,742
SRR22534754,2497569,phylum,Negarnaviricota,68,0,4,749,757
SRR22534754,2497570,subphylum,Haploviricotina,68,0,5,749,756
SRR22534754,2497574,class,Monjiviricetes,68,0,6,749,755
SRR22534754,11157,order,Mononegavirales,68,0,7,749,754
SRR22534754,11158,family,Paramyxoviridae,68,0,8,749,753
SRR22534754,2560076,subfamily,Orthoparamyxovirinae,68,0,9,749,752
SRR22534754,186938,genus,Respirovirus,68,0,10,749,751
SRR22534754,12730,species,Human respirovirus 1,68,68,11,749,749
SRR22534754,2732397,kingdom,Pararnavirae,8,0,3,758,766
SRR22534754,2732409,phylum,Artverviricota,8,0,4,758,765
SRR22534754,2732514,class,Revtraviricetes,8,0,5,758,764
SRR22534754,2169561,order,Ortervirales,8,0,6,758,763
SRR22534754,186534,family,Caulimoviridae,8,0,7,758,762
SRR22534754,10652,genus,Badnavirus,8,0,8,758,761
SRR22534754,325348,,unclassified Badnavirus,8,0,9,758,760
SRR22534754,52996,species,Dioscorea bacilliform virus,8,8,10,758,758
SRR22534754,2731342,,Monodnaviria,137,0,2,767,776
SRR22534754,2732092,kingdom,Shotokuvirae,137,0,3,767,775
SRR22534754,2732416,phylum,Cressdnaviricota,137,0,4,767,774
SRR22534754,2732424,class,Repensiviricetes,137,0,5,767,773
SRR22534754,2732539,order,Geplafuvirales,137,0,6,767,772
SRR22534754,10811,family,Geminiviridae,137,0,7,767,771
SRR22534754,10814,genus,Begomovirus,137,0,8,767,770
SRR22534754,291027,,unclassified Begomovirus,137,0,9,767,769
SRR22534754,1592931,species,Yam yellow spot mosaic virus,137,137,10,767,767
SRR22534754,2731341,,Duplodnaviria,4,0,2,776,788
SRR22534754,2731360,kingdom,Heunggongvirae,4,0,3,776,787
SRR22534754,2731361,phylum,Peploviricota,3,0,4,776,783
SRR22534754,2731363,class,Herviviricetes,3,0,5,776,782
SRR22534754,548681,order,Herpesvirales,3,0,6,776,781
SRR22534754,10292,family,Herpesviridae,3,0,7,776,780
SRR22534754,10374,subfamily,Gammaherpesvirinae,3,0,8,776,779
SRR22534754,10375,genus,Lymphocryptovirus,3,0,9,776,778
SRR22534754,10376,species,Human gammaherpesvirus 4,3,3,10,776,776
SRR22534754,2731618,phylum,Uroviricota,1,0,4,783,786
SRR22534754,2731619,class,Caudoviricetes,1,0,5,783,785
SRR22534754,28883,order,Caudovirales,1,1,6,783,783
SRR22534754,2732004,,Varidnaviria,1,0,2,788,797
SRR22534754,2732005,kingdom,Bamfordvirae,1,0,3,788,796
SRR22534754,2732007,phylum,Nucleocytoviricota,1,0,4,788,795
SRR22534754,2732523,class,Megaviricetes,1,0,5,788,794
SRR22534754,2732554,order,Imitervirales,1,0,6,788,793
SRR22534754,549779,family,Mimiviridae,1,0,7,788,792
SRR22534754,985780,,unclassified Mimiviridae,1,0,8,788,791
SRR22534754,2094720,genus,Tupanvirus,1,0,9,788,790
SRR22534754,2126985,species,Tupanvirus soda lake,1,1,10,788,788
SRR22534755,10239,superkingdom,Viruses,12659,1,1,832,929
SRR22534755,2559587,,Riboviria,12421,0,2,832,884
SRR22534755,2732396,kingdom,Orthornavirae,12416,0,3,832,875
SRR22534755,2732408,phylum,Pisuviricota,7105,0,4,832,854
SRR22534755,2732507,class,Stelpaviricetes,7091,0,5,832,844
SRR22534755,2732550,order,Patatavirales,7091,0,6,832,843
SRR22534755,39729,family,Potyviridae,7091,0,7,832,842
SRR22534755,12195,genus,Potyvirus,7056,159,8,832,839
SRR22534755,79917,species,Japanese yam mosaic virus,5831,5831,9,832,832
SRR22534755,160843,species,Narcissus yellow stripe virus,664,664,9,833,833
SRR22534755,12230,species,Turnip mosaic virus,400,400,9,834,834
SRR22534755,332470,,unclassified Potyvirus,1,0,9,835,837
SRR22534755,2793794,species,Achyranthes bidentata mosaic virus,1,1,10,835,835
SRR22534755,42004,species,Leek yellow stripe virus,1,1,9,837,837
SRR22534755,137757,genus,Ipomovirus,35,0,8,839,841
SRR22534755,137758,species,Cassava brown streak virus,35,35,9,839,839
SRR22534755,2732506,class,Pisoniviricetes,14,0,5,844,853
SRR22534755,76804,order,Nidovirales,14,0,6,844,852
SRR22534755,2499399,suborder,Cornidovirineae,14,0,7,844,851
SRR22534755,11118,family,Coronaviridae,14,0,8,844,850
SRR22534755,2501931,subfamily,Orthocoronavirinae,14,0,9,844,849
SRR22534755,694002,genus,Betacoronavirus,14,0,10,844,848
SRR22534755,2509511,subgenus,Sarbecovirus,14,0,11,844,847
SRR22534755,694009,species,Severe acute respiratory syndrome-related coronavirus,14,0,12,844,846
SRR22534755,2697049,,Severe acute respiratory syndrome coronavirus 2,14,14,13,844,844
SRR22534755,2732406,phylum,Kitrinoviricota,5207,0,4,854,863
SRR22534755,2732461,class,Alsuviricetes,5207,0,5,854,862
SRR22534755,675063,order,Tymovirales,5207,0,6,854,861
SRR22534755,675068,family,Betaflexiviridae,5207,0,7,854,860
SRR22534755,1914297,subfamily,Quinvirinae,5207,10,8,854,859
SRR22534755,12163,genus,Carlavirus,5197,0,9,854,858
SRR22534755,1592930,species,Yam latent virus,5194,5194,10,854,854
SRR22534755,1031708,species,Caper latent virus,2,2,10,855,855
SRR22534755,12167,species,Potato virus M,1,1,10,856,856
SRR22534755,2497569,phylum,Negarnaviricota,104,0,4,863,874
SRR22534755,2497570,subphylum,Haploviricotina,104,0,5,863,873
SRR22534755,2497574,class,Monjiviricetes,104,0,6,863,872
SRR22534755,11157,order,Mononegavirales,104,0,7,863,871
SRR22534755,11158,family,Paramyxoviridae,104,0,8,863,870
SRR22534755,2560076,subfamily,Orthoparamyxovirinae,103,0,9,863,866
SRR22534755,186938,genus,Respirovirus,103,0,10,863,865
SRR22534755,12730,species,Human respirovirus 1,103,103,11,863,863
SRR22534755,2560080,subfamily,Rubulavirinae,1,0,9,866,869
SRR22534755,2560195,genus,Orthorubulavirus,1,0,10,866,868
SRR22534755,2560580,species,Mammalian orthorubulavirus 5,1,1,11,866,866
SRR22534755,2732397,kingdom,Pararnavirae,5,0,3,875,883
SRR22534755,2732409,phylum,Artverviricota,5,0,4,875,882
SRR22534755,2732514,class,Revtraviricetes,5,0,5,875,881
SRR22534755,2169561,order,Ortervirales,5,0,6,875,880
SRR22534755,186534,family,Caulimoviridae,5,0,7,875,879
SRR22534755,10652,genus,Badnavirus,5,0,8,875,878
SRR22534755,325348,,unclassified Badnavirus,5,0,9,875,877
SRR22534755,52996,species,Dioscorea bacilliform virus,5,5,10,875,875
SRR22534755,2731342,,Monodnaviria,142,0,2,884,900
SRR22534755,2732092,kingdom,Shotokuvirae,140,0,3,884,892
SRR22534755,2732416,phylum,Cressdnaviricota,140,0,4,884,891
SRR22534755,2732424,class,Repensiviricetes,140,0,5,884,890
SRR22534755,2732539,order,Geplafuvirales,140,0,6,884,889
SRR22534755,10811,family,Geminiviridae,140,0,7,884,888
SRR22534755,10814,genus,Begomovirus,140,0,8,884,887
SRR22534755,291027,,unclassified Begomovirus,140,0,9,884,886
SRR22534755,1592931,species,Yam yellow spot mosaic virus,140,140,10,884,884
SRR22534755,2732090,kingdom,Loebvirae,2,0,3,892,899
SRR22534755,2732410,phylum,Hofneiviricota,2,0,4,892,898
SRR22534755,2732411,class,Faserviricetes,2,0,5,892,897
SRR22534755,2732094,order,Tubulavirales,2,0,6,892,896
SRR22534755,10860,family,Inoviridae,2,0,7,892,895
SRR22534755,456491,,unclassified Inoviridae,2,0,8,892,894
SRR22534755,2219103,species,Inoviridae sp.,2,2,9,892,892
SRR22534755,2731341,,Duplodnaviria,89,0,2,900,917
SRR22534755,2731360,kingdom,Heunggongvirae,89,0,3,900,916
SRR22534755,2731618,phylum,Uroviricota,89,0,4,900,915
SRR22534755,2731619,class,Caudoviricetes,89,7,5,900,914
SRR22534755,28883,order,Caudovirales,82,5,6,900,913
SRR22534755,10699,family,Siphoviridae,51,0,7,900,904
SRR22534755,196894,,unclassified Siphoviridae,51,0,8,900,903
SRR22534755,2170413,species,Siphoviridae sp.,50,50,9,900,900
SRR22534755,2783552,species,Providencia phage PSTCR9,1,1,9,901,901
SRR22534755,10662,family,Myoviridae,15,0,7,904,907
SRR22534755,196896,,unclassified Myoviridae,15,0,8,904,906
SRR22534755,2202564,species,Myoviridae sp.,15,15,9,904,904
SRR22534755,102294,,unclassified Caudovirales,6,0,7,907,909
SRR22534755,2202568,species,Caudovirales sp.,6,6,8,907,907
SRR22534755,10744,family,Podoviridae,5,0,7,909,912
SRR22534755,196895,,unclassified Podoviridae,5,0,8,909,911
SRR22534755,2202567,species,Podoviridae sp.,5,5,9,909,909
SRR22534755,12333,,unclassified bacterial viruses,5,0,2,917,919
SRR22534755,38018,species,Bacteriophage sp.,5,5,3,917,917
SRR22534755,2732004,,Varidnaviria,1,0,2,919,928
SRR22534755,2732005,kingdom,Bamfordvirae,1,0,3,919,927
SRR22534755,2732007,phylum,Nucleocytoviricota,1,0,4,919,926
SRR22534755,2732523,class,Megaviricetes,1,0,5,919,925
SRR22534755,2732524,order,Algavirales,1,0,6,919,924
SRR22534755,10501,family,Phycodnaviridae,1,0,7,919,923
SRR22534755,181084,genus,Prasinovirus,1,0,8,919,922
SRR22534755,880158,,unclassified Prasinovirus,1,0,9,919,921
SRR22534755,1663208,species,Ostreococcus lucimarinus virus 2,1,1,10,919,919
SRR22534756,10239,superkingdom,Viruses,72935,0,1,609,693
SRR22534756,2559587,,Riboviria,72830,0,2,609,661
SRR22534756,2732396,kingdom,Orthornavirae,72822,3,3,609,652
SRR22534756,2732406,phylum,Kitrinoviricota,49644,0,4,609,622
SRR22534756,2732461,class,Alsuviricetes,49644,0,5,609,621
SRR22534756,675063,order,Tymovirales,49644,0,6,609,620
SRR22534756,675068,family,Betaflexiviridae,49644,1,7,609,619
SRR22534756,1914297,subfamily,Quinvirinae,49635,9,8,609,616
SRR22534756,12163,genus,Carlavirus,49626,1,9,609,615
SRR22534756,1592930,species,Yam latent virus,49574,49574,10,609,609
SRR22534756,1031708,species,Caper latent virus,42,42,10,610,610
SRR22534756,67761,species,Cowpea mild mottle virus,8,8,10,611,611
SRR22534756,327375,,unclassified Carlavirus,1,0,10,612,614
SRR22534756,1803898,species,Pepper virus A,1,1,11,612,612
SRR22534756,1003890,,unclassified Betaflexiviridae,8,0,8,616,618
SRR22534756,2824403,species,Henan betaflexivirus 10,8,8,9,616,616
SRR22534756,2732408,phylum,Pisuviricota,23085,0,4,622,643
SRR22534756,2732507,class,Stelpaviricetes,23064,0,5,622,633
SRR22534756,2732550,order,Patatavirales,23064,0,6,622,632
SRR22534756,39729,family,Potyviridae,23064,1,7,622,631
SRR22534756,12195,genus,Potyvirus,22642,249,8,622,628
SRR22534756,79917,species,Japanese yam mosaic virus,19183,19183,9,622,622
SRR22534756,160843,species,Narcissus yellow stripe virus,1753,1753,9,623,623
SRR22534756,12230,species,Turnip mosaic virus,1444,1444,9,624,624
SRR22534756,2293720,species,Mashua virus Y,12,12,9,625,625
SRR22534756,187977,species,Wild potato mosaic virus,1,1,9,626,626
SRR22534756,137757,genus,Ipomovirus,421,0,8,628,630
SRR22534756,137758,species,Cassava brown streak virus,421,421,9,628,628
SRR22534756,2732506,class,Pisoniviricetes,21,0,5,633,642
SRR22534756,76804,order,Nidovirales,21,0,6,633,641
SRR22534756,2499399,suborder,Cornidovirineae,21,0,7,633,640
SRR22534756,11118,family,Coronaviridae,21,0,8,633,639
SRR22534756,2501931,subfamily,Orthocoronavirinae,21,0,9,633,638
SRR22534756,694002,genus,Betacoronavirus,21,0,10,633,637
SRR22534756,2509511,subgenus,Sarbecovirus,21,0,11,633,636
SRR22534756,694009,species,Severe acute respiratory syndrome-related coronavirus,21,0,12,633,635
SRR22534756,2697049,,Severe acute respiratory syndrome coronavirus 2,21,21,13,633,633
SRR22534756,2497569,phylum,Negarnaviricota,90,0,4,643,651
SRR22534756,2497570,subphylum,Haploviricotina,90,0,5,643,650
SRR22534756,2497574,class,Monjiviricetes,90,0,6,643,649
SRR22534756,11157,order,Mononegavirales,90,0,7,643,648
SRR22534756,11158,family,Paramyxoviridae,90,0,8,643,647
SRR22534756,2560076,subfamily,Orthoparamyxovirinae,90,0,9,643,646
SRR22534756,186938,genus,Respirovirus,90,0,10,643,645
SRR22534756,12730,species,Human respirovirus 1,90,90,11,643,643
SRR22534756,2732397,kingdom,Pararnavirae,8,0,3,652,660
SRR22534756,2732409,phylum,Artverviricota,8,0,4,652,659
SRR22534756,2732514,class,Revtraviricetes,8,0,5,652,658
SRR22534756,2169561,order,Ortervirales,8,0,6,652,657
SRR22534756,186534,family,Caulimoviridae,8,0,7,652,656
SRR22534756,10652,genus,Badnavirus,8,0,8,652,655
SRR22534756,325348,,unclassified Badnavirus,8,0,9,652,654
SRR22534756,52996,species,Dioscorea bacilliform virus,8,8,10,652,652
SRR22534756,2731342,,Monodnaviria,94,0,2,661,670
SRR22534756,2732092,kingdom,Shotokuvirae,94,0,3,661,669
SRR22534756,2732416,phylum,Cressdnaviricota,94,0,4,661,668
SRR22534756,2732424,class,Repensiviricetes,94,0,5,661,667
SRR22534756,2732539,order,Geplafuvirales,94,0,6,661,666
SRR22534756,10811,family,Geminiviridae,94,0,7,661,665
SRR22534756,10814,genus,Begomovirus,94,0,8,661,664
SRR22534756,291027,,unclassified Begomovirus,94,0,9,661,663
SRR22534756,1592931,species,Yam yellow spot mosaic virus,94,94,10,661,661
SRR22534756,2731341,,Duplodnaviria,11,0,2,670,692
SRR22534756,2731360,kingdom,Heunggongvirae,11,0,3,670,691
SRR22534756,2731618,phylum,Uroviricota,9,0,4,670,683
SRR22534756,2731619,class,Caudoviricetes,9,4,5,670,682
SRR22534756,28883,order,Caudovirales,5,0,6,670,681
SRR22534756,10699,family,Siphoviridae,4,0,7,670,678
SRR22534756,196894,,unclassified Siphoviridae,2,0,8,670,673
SRR22534756,2783552,species,Providencia phage PSTCR9,1,1,9,670,670
SRR22534756,2170413,species,Siphoviridae sp.,1,1,9,671,671
SRR22534756,1982251,genus,Pahexavirus,1,1,8,673,673
SRR22534756,1922243,genus,Sextaecvirus,1,0,8,674,677
SRR22534756,2268047,,unclassified Sextaecvirus,1,0,9,674,676
SRR22534756,2750285,species,Staphylococcus phage vB_SepS_BE02,1,1,10,674,674
SRR22534756,2100420,,environmental samples,1,0,7,678,680
SRR22534756,2100421,species,uncultured Caudovirales phage,1,1,8,678,678
SRR22534756,2731361,phylum,Peploviricota,2,0,4,683,690
SRR22534756,2731363,class,Herviviricetes,2,0,5,683,689
SRR22534756,548681,order,Herpesvirales,2,0,6,683,688
SRR22534756,10292,family,Herpesviridae,2,0,7,683,687
SRR22534756,10293,subfamily,Alphaherpesvirinae,2,0,8,683,686
SRR22534756,10319,genus,Varicellovirus,2,0,9,683,685
SRR22534756,10345,species,Suid alphaherpesvirus 1,2,2,10,683,683
SRR22534757,10239,superkingdom,Viruses,69896,0,1,593,684
SRR22534757,2559587,,Riboviria,69804,0,2,593,655
SRR22534757,2732396,kingdom,Orthornavirae,69799,1,3,593,646
SRR22534757,2732406,phylum,Kitrinoviricota,43755,0,4,593,605
SRR22534757,2732461,class,Alsuviricetes,43755,0,5,593,604
SRR22534757,675063,order,Tymovirales,43755,0,6,593,603
SRR22534757,675068,family,Betaflexiviridae,43755,0,7,593,602
SRR22534757,1914297,subfamily,Quinvirinae,43749,5,8,593,599
SRR22534757,12163,genus,Carlavirus,43744,1,9,593,598
SRR22534757,1592930,species,Yam latent virus,43701,43701,10,593,593
SRR22534757,1031708,species,Caper latent virus,33,33,10,594,594
SRR22534757,67761,species,Cowpea mild mottle virus,8,8,10,595,595
SRR22534757,12167,species,Potato virus M,1,1,10,596,596
SRR22534757,1003890,,unclassified Betaflexiviridae,6,0,8,599,601
SRR22534757,2824403,species,Henan betaflexivirus 10,6,6,9,599,599
SRR22534757,2732408,phylum,Pisuviricota,25981,0,4,605,628
SRR22534757,2732507,class,Stelpaviricetes,25956,0,5,605,618
SRR22534757,2732550,order,Patatavirales,25956,0,6,605,617
SRR22534757,39729,family,Potyviridae,25956,1,7,605,616
SRR22534757,12195,genus,Potyvirus,25436,260,8,605,613
SRR22534757,79917,species,Japanese yam mosaic virus,21557,21557,9,605,605
SRR22534757,160843,species,Narcissus yellow stripe virus,2139,2139,9,606,606
SRR22534757,12230,species,Turnip mosaic virus,1472,1472,9,607,607
SRR22534757,2293720,species,Mashua virus Y,5,5,9,608,608
SRR22534757,12198,species,Clover yellow vein virus,1,1,9,609,609
SRR22534757,167129,species,Moroccan watermelon mosaic virus,1,1,9,610,610
SRR22534757,42004,species,Leek yellow stripe virus,1,1,9,611,611
SRR22534757,137757,genus,Ipomovirus,519,0,8,613,615
SRR22534757,137758,species,Cassava brown streak virus,519,519,9,613,613
SRR22534757,2732506,class,Pisoniviricetes,25,0,5,618,627
SRR22534757,76804,order,Nidovirales,25,0,6,618,626
SRR22534757,2499399,suborder,Cornidovirineae,25,0,7,618,625
SRR22534757,11118,family,Coronaviridae,25,0,8,618,624
SRR22534757,2501931,subfamily,Orthocoronavirinae,25,0,9,618,623
SRR22534757,694002,genus,Betacoronavirus,25,0,10,618,622
SRR22534757,2509511,subgenus,Sarbecovirus,25,0,11,618,621
SRR22534757,694009,species,Severe acute respiratory syndrome-related coronavirus,25,0,12,618,620
SRR22534757,2697049,,Severe acute respiratory syndrome coronavirus 2,25,25,13,618,618
SRR22534757,2497569,phylum,Negarnaviricota,62,0,4,628,645
SRR22534757,2497570,subphylum,Haploviricotina,62,0,5,628,644
SRR22534757,2497574,class,Monjiviricetes,61,0,6,628,637
SRR22534757,11157,order,Mononegavirales,61,0,7,628,636
SRR22534757,11158,family,Paramyxoviridae,61,0,8,628,635
SRR22534757,2560076,subfamily,Orthoparamyxovirinae,60,0,9,628,631
SRR22534757,186938,genus,Respirovirus,60,0,10,628,630
SRR22534757,12730,species,Human respirovirus 1,60,60,11,628,628
SRR22534757,2560080,subfamily,Rubulavirinae,1,0,9,631,634
SRR22534757,2560195,genus,Orthorubulavirus,1,0,10,631,633
SRR22534757,2560580,species,Mammalian orthorubulavirus 5,1,1,11,631,631
SRR22534757,2497573,class,Milneviricetes,1,0,6,637,643
SRR22534757,2499881,order,Serpentovirales,1,0,7,637,642
SRR22534757,568247,family,Aspiviridae,1,0,8,637,641
SRR22534757,88129,genus,Ophiovirus,1,0,9,637,640
SRR22534757,2170050,species,Ophiovirus tulipae,1,0,10,637,639
SRR22534757,219702,,Tulip mild mottle mosaic virus,1,1,11,637,637
SRR22534757,2732397,kingdom,Pararnavirae,5,0,3,646,654
SRR22534757,2732409,phylum,Artverviricota,5,0,4,646,653
SRR22534757,2732514,class,Revtraviricetes,5,0,5,646,652
SRR22534757,2169561,order,Ortervirales,5,0,6,646,651
SRR22534757,186534,family,Caulimoviridae,5,0,7,646,650
SRR22534757,10652,genus,Badnavirus,5,0,8,646,649
SRR22534757,325348,,unclassified Badnavirus,5,0,9,646,648
SRR22534757,52996,species,Dioscorea bacilliform virus,5,5,10,646,646
SRR22534757,2731342,,Monodnaviria,85,0,2,655,664
SRR22534757,2732092,kingdom,Shotokuvirae,85,0,3,655,663
SRR22534757,2732416,phylum,Cressdnaviricota,85,0,4,655,662
SRR22534757,2732424,class,Repensiviricetes,85,0,5,655,661
SRR22534757,2732539,order,Geplafuvirales,85,0,6,655,660
SRR22534757,10811,family,Geminiviridae,85,0,7,655,659
SRR22534757,10814,genus,Begomovirus,85,0,8,655,658
SRR22534757,291027,,unclassified Begomovirus,85,0,9,655,657
SRR22534757,1592931,species,Yam yellow spot mosaic virus,85,85,10,655,655
SRR22534757,2731341,,Duplodnaviria,5,0,2,664,680
SRR22534757,2731360,kingdom,Heunggongvirae,5,0,3,664,679
SRR22534757,2731618,phylum,Uroviricota,4,0,4,664,671
SRR22534757,2731619,class,Caudoviricetes,4,0,5,664,670
SRR22534757,28883,order,Caudovirales,4,0,6,664,669
SRR22534757,10699,family,Siphoviridae,4,0,7,664,668
SRR22534757,196894,,unclassified Siphoviridae,3,0,8,664,666
SRR22534757,2170413,species,Siphoviridae sp.,3,3,9,664,664
SRR22534757,1982251,genus,Pahexavirus,1,1,8,666,666
SRR22534757,2731361,phylum,Peploviricota,1,0,4,671,678
SRR22534757,2731363,class,Herviviricetes,1,0,5,671,677
SRR22534757,548681,order,Herpesvirales,1,0,6,671,676
SRR22534757,10292,family,Herpesviridae,1,0,7,671,675
SRR22534757,10374,subfamily,Gammaherpesvirinae,1,0,8,671,674
SRR22534757,10375,genus,Lymphocryptovirus,1,0,9,671,673
SRR22534757,10376,species,Human gammaherpesvirus 4,1,1,10,671,671
SRR22534757,185751,family,Pospiviroidae,2,0,2,680,683
SRR22534757,185753,genus,Pospiviroid,2,0,3,680,682
SRR22534757,12890,species,Citrus exocortis viroid,2,2,4,680,680
SRR22534758,10239,superkingdom,Viruses,20234,0,1,678,753
SRR22534758,2559587,,Riboviria,20100,0,2,678,724
SRR22534758,2732396,kingdom,Orthornavirae,20092,0,3,678,715
SRR22534758,2732408,phylum,Pisuviricota,15784,0,4,678,698
SRR22534758,2732507,class,Stelpaviricetes,15764,0,5,678,688
SRR22534758,2732550,order,Patatavirales,15764,0,6,678,687
SRR22534758,39729,family,Potyviridae,15764,0,7,678,686
SRR22534758,12195,genus,Potyvirus,15764,141,8,678,685
SRR22534758,79917,species,Japanese yam mosaic virus,12830,12830,9,678,678
SRR22534758,160843,species,Narcissus yellow stripe virus,1889,1889,9,679,679
SRR22534758,12230,species,Turnip mosaic virus,899,899,9,680,680
SRR22534758,12198,species,Clover yellow vein virus,3,3,9,681,681
SRR22534758,332470,,unclassified Potyvirus,2,0,9,682,684
SRR22534758,2910304,species,Thevetia ringspot virus,2,2,10,682,682
SRR22534758,2732506,class,Pisoniviricetes,20,0,5,688,697
SRR22534758,76804,order,Nidovirales,20,0,6,688,696
SRR22534758,2499399,suborder,Cornidovirineae,20,0,7,688,695
SRR22534758,11118,family,Coronaviridae,20,0,8,688,694
SRR22534758,2501931,subfamily,Orthocoronavirinae,20,0,9,688,693
SRR22534758,694002,genus,Betacoronavirus,20,0,10,688,692
SRR22534758,2509511,subgenus,Sarbecovirus,20,0,11,688,691
SRR22534758,694009,species,Severe acute respiratory syndrome-related coronavirus,20,0,12,688,690
SRR22534758,2697049,,Severe acute respiratory syndrome coronavirus 2,20,20,13,688,688
SRR22534758,2732406,phylum,Kitrinoviricota,4232,0,4,698,706
SRR22534758,2732461,class,Alsuviricetes,4232,0,5,698,705
SRR22534758,675063,order,Tymovirales,4232,0,6,698,704
SRR22534758,675068,family,Betaflexiviridae,4232,0,7,698,703
SRR22534758,1914297,subfamily,Quinvirinae,4232,4,8,698,702
SRR22534758,12163,genus,Carlavirus,4228,0,9,698,701
SRR22534758,1592930,species,Yam latent virus,4227,4227,10,698,698
SRR22534758,1031708,species,Caper latent virus,1,1,10,699,699
SRR22534758,2497569,phylum,Negarnaviricota,76,0,4,706,714
SRR22534758,2497570,subphylum,Haploviricotina,76,0,5,706,713
SRR22534758,2497574,class,Monjiviricetes,76,0,6,706,712
SRR22534758,11157,order,Mononegavirales,76,0,7,706,711
SRR22534758,11158,family,Paramyxoviridae,76,0,8,706,710
SRR22534758,2560076,subfamily,Orthoparamyxovirinae,76,0,9,706,709
SRR22534758,186938,genus,Respirovirus,76,0,10,706,708
SRR22534758,12730,species,Human respirovirus 1,76,76,11,706,706
SRR22534758,2732397,kingdom,Pararnavirae,8,0,3,715,723
SRR22534758,2732409,phylum,Artverviricota,8,0,4,715,722
SRR22534758,2732514,class,Revtraviricetes,8,0,5,715,721
SRR22534758,2169561,order,Ortervirales,8,0,6,715,720
SRR22534758,186534,family,Caulimoviridae,8,0,7,715,719
SRR22534758,10652,genus,Badnavirus,8,0,8,715,718
SRR22534758,325348,,unclassified Badnavirus,8,0,9,715,717
SRR22534758,52996,species,Dioscorea bacilliform virus,8,8,10,715,715
SRR22534758,2731342,,Monodnaviria,128,0,2,724,733
SRR22534758,2732092,kingdom,Shotokuvirae,128,0,3,724,732
SRR22534758,2732416,phylum,Cressdnaviricota,128,0,4,724,731
SRR22534758,2732424,class,Repensiviricetes,128,0,5,724,730
SRR22534758,2732539,order,Geplafuvirales,128,0,6,724,729
SRR22534758,10811,family,Geminiviridae,128,0,7,724,728
SRR22534758,10814,genus,Begomovirus,128,0,8,724,727
SRR22534758,291027,,unclassified Begomovirus,128,0,9,724,726
SRR22534758,1592931,species,Yam yellow spot mosaic virus,128,128,10,724,724
SRR22534758,2731341,,Duplodnaviria,6,0,2,733,752
SRR22534758,2731360,kingdom,Heunggongvirae,6,0,3,733,751
SRR22534758,2731361,phylum,Peploviricota,4,0,4,733,743
SRR22534758,2731363,class,Herviviricetes,4,0,5,733,742
SRR22534758,548681,order,Herpesvirales,4,0,6,733,741
SRR22534758,10292,family,Herpesviridae,4,0,7,733,740
SRR22534758,10293,subfamily,Alphaherpesvirinae,2,0,8,733,736
SRR22534758,10294,genus,Simplexvirus,2,0,9,733,735
SRR22534758,10298,species,Human alphaherpesvirus 1,2,2,10,733,733
SRR22534758,10374,subfamily,Gammaherpesvirinae,2,0,8,736,739
SRR22534758,10375,genus,Lymphocryptovirus,2,0,9,736,738
SRR22534758,10376,species,Human gammaherpesvirus 4,2,2,10,736,736
SRR22534758,2731618,phylum,Uroviricota,2,0,4,743,750
SRR22534758,2731619,class,Caudoviricetes,2,0,5,743,749
SRR22534758,28883,order,Caudovirales,2,0,6,743,748
SRR22534758,10699,family,Siphoviridae,2,0,7,743,747
SRR22534758,1982251,genus,Pahexavirus,1,1,8,743,743
SRR22534758,196894,,unclassified Siphoviridae,1,0,8,744,746
SRR22534758,2170413,species,Siphoviridae sp.,1,1,9,744,744
SRR22534759,10239,superkingdom,Viruses,19853,0,1,618,711
SRR22534759,2559587,,Riboviria,19681,0,2,618,669
SRR22534759,2732396,kingdom,Orthornavirae,19673,0,3,618,657
SRR22534759,2732408,phylum,Pisuviricota,15232,0,4,618,641
SRR22534759,2732507,class,Stelpaviricetes,15222,0,5,618,631
SRR22534759,2732550,order,Patatavirales,15222,0,6,618,630
SRR22534759,39729,family,Potyviridae,15222,0,7,618,629
SRR22534759,12195,genus,Potyvirus,15220,134,8,618,626
SRR22534759,79917,species,Japanese yam mosaic virus,12286,12286,9,618,618
SRR22534759,160843,species,Narcissus yellow stripe virus,1842,1842,9,619,619
SRR22534759,12230,species,Turnip mosaic virus,955,955,9,620,620
SRR22534759,2293720,species,Mashua virus Y,1,1,9,621,621
SRR22534759,332470,,unclassified Potyvirus,1,0,9,622,624
SRR22534759,2793794,species,Achyranthes bidentata mosaic virus,1,1,10,622,622
SRR22534759,42004,species,Leek yellow stripe virus,1,1,9,624,624
SRR22534759,137757,genus,Ipomovirus,2,0,8,626,628
SRR22534759,137758,species,Cassava brown streak virus,2,2,9,626,626
SRR22534759,2732506,class,Pisoniviricetes,10,0,5,631,640
SRR22534759,76804,order,Nidovirales,10,0,6,631,639
SRR22534759,2499399,suborder,Cornidovirineae,10,0,7,631,638
SRR22534759,11118,family,Coronaviridae,10,0,8,631,637
SRR22534759,2501931,subfamily,Orthocoronavirinae,10,0,9,631,636
SRR22534759,694002,genus,Betacoronavirus,10,0,10,631,635
SRR22534759,2509511,subgenus,Sarbecovirus,10,0,11,631,634
SRR22534759,694009,species,Severe acute respiratory syndrome-related coronavirus,10,0,12,631,633
SRR22534759,2697049,,Severe acute respiratory syndrome coronavirus 2,10,10,13,631,631
SRR22534759,2732406,phylum,Kitrinoviricota,4345,0,4,641,648
SRR22534759,2732461,class,Alsuviricetes,4345,0,5,641,647
SRR22534759,675063,order,Tymovirales,4345,0,6,641,646
SRR22534759,675068,family,Betaflexiviridae,4345,0,7,641,645
SRR22534759,1914297,subfamily,Quinvirinae,4345,9,8,641,644
SRR22534759,12163,genus,Carlavirus,4336,0,9,641,643
SRR22534759,1592930,species,Yam latent virus,4336,4336,10,641,641
SRR22534759,2497569,phylum,Negarnaviricota,96,0,4,648,656
SRR22534759,2497570,subphylum,Haploviricotina,96,0,5,648,655
SRR22534759,2497574,class,Monjiviricetes,96,0,6,648,654
SRR22534759,11157,order,Mononegavirales,96,0,7,648,653
SRR22534759,11158,family,Paramyxoviridae,96,0,8,648,652
SRR22534759,2560076,subfamily,Orthoparamyxovirinae,96,0,9,648,651
SRR22534759,186938,genus,Respirovirus,96,0,10,648,650
SRR22534759,12730,species,Human respirovirus 1,96,96,11,648,648
SRR22534759,2732397,kingdom,Pararnavirae,8,0,3,657,668
SRR22534759,2732409,phylum,Artverviricota,8,0,4,657,667
SRR22534759,2732514,class,Revtraviricetes,8,0,5,657,666
SRR22534759,2169561,order,Ortervirales,8,0,6,657,665
SRR22534759,186534,family,Caulimoviridae,8,0,7,657,664
SRR22534759,10652,genus,Badnavirus,6,0,8,657,660
SRR22534759,325348,,unclassified Badnavirus,6,0,9,657,659
SRR22534759,52996,species,Dioscorea bacilliform virus,6,6,10,657,657
SRR22534759,2733292,genus,Dioscovirus,2,0,8,660,663
SRR22534759,2734563,species,Dioscorea nummularia associated virus,2,0,9,660,662
SRR22534759,2303485,,Dioscorea nummularia-associated virus,2,2,10,660,660
SRR22534759,2731342,,Monodnaviria,154,0,2,669,678
SRR22534759,2732092,kingdom,Shotokuvirae,154,0,3,669,677
SRR22534759,2732416,phylum,Cressdnaviricota,154,0,4,669,676
SRR22534759,2732424,class,Repensiviricetes,154,0,5,669,675
SRR22534759,2732539,order,Geplafuvirales,154,0,6,669,674
SRR22534759,10811,family,Geminiviridae,154,0,7,669,673
SRR22534759,10814,genus,Begomovirus,154,0,8,669,672
SRR22534759,291027,,unclassified Begomovirus,154,0,9,669,671
SRR22534759,1592931,species,Yam yellow spot mosaic virus,154,154,10,669,669
SRR22534759,2731341,,Duplodnaviria,17,0,2,678,702
SRR22534759,2731360,kingdom,Heunggongvirae,17,0,3,678,701
SRR22534759,2731618,phylum,Uroviricota,12,0,4,678,693
SRR22534759,2731619,class,Caudoviricetes,12,0,5,678,692
SRR22534759,28883,order,Caudovirales,12,0,6,678,691
SRR22534759,10699,family,Siphoviridae,9,0,7,678,683
SRR22534759,196894,,unclassified Siphoviridae,9,0,8,678,682
SRR22534759,1589748,species,Achromobacter phage JWF,4,4,9,678,678
SRR22534759,2170413,species,Siphoviridae sp.,4,4,9,679,679
SRR22534759,2783552,species,Providencia phage PSTCR9,1,1,9,680,680
SRR22534759,2560065,family,Herelleviridae,2,0,7,683,686
SRR22534759,2560081,subfamily,Twortvirinae,2,0,8,683,685
SRR22534759,1980928,genus,Sepunavirus,2,2,9,683,683
SRR22534759,10744,family,Podoviridae,1,0,7,686,690
SRR22534759,1982590,genus,Kochitakasuvirus,1,0,8,686,689
SRR22534759,1982592,species,Kochitakasuvirus R18,1,0,9,686,688
SRR22534759,1752027,,Pseudomonas phage phiR18,1,1,10,686,686
SRR22534759,2731361,phylum,Peploviricota,5,0,4,693,700
SRR22534759,2731363,class,Herviviricetes,5,0,5,693,699
SRR22534759,548681,order,Herpesvirales,5,0,6,693,698
SRR22534759,10292,family,Herpesviridae,5,0,7,693,697
SRR22534759,10374,subfamily,Gammaherpesvirinae,5,0,8,693,696
SRR22534759,10375,genus,Lymphocryptovirus,5,0,9,693,695
SRR22534759,10376,species,Human gammaherpesvirus 4,5,5,10,693,693
SRR22534759,2732004,,Varidnaviria,1,0,2,702,710
SRR22534759,2732005,kingdom,Bamfordvirae,1,0,3,702,709
SRR22534759,2732007,phylum,Nucleocytoviricota,1,0,4,702,708
SRR22534759,2732523,class,Megaviricetes,1,0,5,702,707
SRR22534759,2732554,order,Imitervirales,1,0,6,702,706
SRR22534759,549779,family,Mimiviridae,1,0,7,702,705
SRR22534759,985780,,unclassified Mimiviridae,1,0,8,702,704
SRR22534759,2596887,species,Mimiviridae sp. ChoanoV1,1,1,9,702,702
SRR23826102,10239,superkingdom,Viruses,529,7,1,772,855
SRR23826102,2559587,,Riboviria,334,0,2,772,812
SRR23826102,2732396,kingdom,Orthornavirae,317,0,3,772,803
SRR23826102,2732408,phylum,Pisuviricota,298,0,4,772,788
SRR23826102,2732507,class,Stelpaviricetes,292,0,5,772,778
SRR23826102,2732550,order,Patatavirales,292,0,6,772,777
SRR23826102,39729,family,Potyviridae,292,0,7,772,776
SRR23826102,12195,genus,Potyvirus,292,1,8,772,775
SRR23826102,79917,species,Japanese yam mosaic virus,267,267,9,772,772
SRR23826102,12197,species,Bean yellow mosaic virus,24,24,9,773,773
SRR23826102,2732506,class,Pisoniviricetes,6,0,5,778,787
SRR23826102,76804,order,Nidovirales,6,0,6,778,786
SRR23826102,2499399,suborder,Cornidovirineae,6,0,7,778,785
SRR23826102,11118,family,Coronaviridae,6,0,8,778,784
SRR23826102,2501931,subfamily,Orthocoronavirinae,6,0,9,778,783
SRR23826102,694002,genus,Betacoronavirus,6,0,10,778,782
SRR23826102,2509511,subgenus,Sarbecovirus,6,0,11,778,781
SRR23826102,694009,species,Severe acute respiratory syndrome-related coronavirus,6,0,12,778,780
SRR23826102,2697049,,Severe acute respiratory syndrome coronavirus 2,6,6,13,778,778
SRR23826102,2497569,phylum,Negarnaviricota,14,0,4,788,796
SRR23826102,2497570,subphylum,Haploviricotina,14,0,5,788,795
SRR23826102,2497574,class,Monjiviricetes,14,0,6,788,794
SRR23826102,11157,order,Mononegavirales,14,0,7,788,793
SRR23826102,11158,family,Paramyxoviridae,14,0,8,788,792
SRR23826102,2560076,subfamily,Orthoparamyxovirinae,14,0,9,788,791
SRR23826102,186938,genus,Respirovirus,14,0,10,788,790
SRR23826102,12730,species,Human respirovirus 1,14,14,11,788,788
SRR23826102,2732405,phylum,Duplornaviricota,5,0,4,796,802
SRR23826102,2732458,class,Chrymotiviricetes,5,0,5,796,801
SRR23826102,2732540,order,Ghabrivirales,5,0,6,796,800
SRR23826102,11006,family,Totiviridae,5,0,7,796,799
SRR23826102,39756,,unclassified Totiviridae,5,0,8,796,798
SRR23826102,1678183,species,Diatom colony associated virus-Like RNA Segment 3,5,5,9,796,796
SRR23826102,2732397,kingdom,Pararnavirae,17,0,3,803,811
SRR23826102,2732409,phylum,Artverviricota,17,0,4,803,810
SRR23826102,2732514,class,Revtraviricetes,17,0,5,803,809
SRR23826102,2169561,order,Ortervirales,17,0,6,803,808
SRR23826102,186534,family,Caulimoviridae,17,0,7,803,807
SRR23826102,10652,genus,Badnavirus,17,0,8,803,806
SRR23826102,325348,,unclassified Badnavirus,17,0,9,803,805
SRR23826102,52996,species,Dioscorea bacilliform virus,17,17,10,803,803
SRR23826102,2731342,,Monodnaviria,163,0,2,812,828
SRR23826102,2732092,kingdom,Shotokuvirae,161,0,3,812,820
SRR23826102,2732416,phylum,Cressdnaviricota,161,0,4,812,819
SRR23826102,2732424,class,Repensiviricetes,161,0,5,812,818
SRR23826102,2732539,order,Geplafuvirales,161,0,6,812,817
SRR23826102,10811,family,Geminiviridae,161,0,7,812,816
SRR23826102,10814,genus,Begomovirus,161,0,8,812,815
SRR23826102,291027,,unclassified Begomovirus,161,0,9,812,814
SRR23826102,1592931,species,Yam yellow spot mosaic virus,161,161,10,812,812
SRR23826102,2732090,kingdom,Loebvirae,2,0,3,820,827
SRR23826102,2732410,phylum,Hofneiviricota,2,0,4,820,826
SRR23826102,2732411,class,Faserviricetes,2,0,5,820,825
SRR23826102,2732094,order,Tubulavirales,2,0,6,820,824
SRR23826102,10860,family,Inoviridae,2,0,7,820,823
SRR23826102,456491,,unclassified Inoviridae,2,0,8,820,822
SRR23826102,2219103,species,Inoviridae sp.,2,2,9,820,820
SRR23826102,2731341,,Duplodnaviria,24,0,2,828,847
SRR23826102,2731360,kingdom,Heunggongvirae,24,0,3,828,846
SRR23826102,2731618,phylum,Uroviricota,24,0,4,828,845
SRR23826102,2731619,class,Caudoviricetes,24,0,5,828,844
SRR23826102,28883,order,Caudovirales,24,3,6,828,843
SRR23826102,2731691,family,Drexlerviridae,13,2,7,828,836
SRR23826102,2732045,subfamily,Braunvirinae,11,0,8,828,835
SRR23826102,2732062,genus,Guelphvirus,10,3,9,828,831
SRR23826102,2753731,,unclassified Guelphvirus,7,0,10,828,830
SRR23826102,2041759,species,Escherichia phage IMM-001,7,7,11,828,828
SRR23826102,2732061,genus,Christensenvirus,1,0,9,831,834
SRR23826102,2734000,species,Christensenvirus IME542,1,0,10,831,833
SRR23826102,2507711,,Escherichia phage vB_EcoS_IME542,1,1,11,831,831
SRR23826102,10662,family,Myoviridae,8,0,7,836,842
SRR23826102,2169624,genus,Machinavirus,7,1,8,836,839
SRR23826102,2520516,,unclassified Machinavirus,6,0,9,836,838
SRR23826102,2759192,species,Salmonella phage pSal-SNUABM-04,6,6,10,836,836
SRR23826102,196896,,unclassified Myoviridae,1,0,8,839,841
SRR23826102,2202564,species,Myoviridae sp.,1,1,9,839,839
SRR23826102,2732004,,Varidnaviria,1,0,2,847,854
SRR23826102,2732005,kingdom,Bamfordvirae,1,0,3,847,853
SRR23826102,2732008,phylum,Preplasmiviricota,1,0,4,847,852
SRR23826102,2732529,class,Tectiliviricetes,1,0,5,847,851
SRR23826102,2732559,order,Rowavirales,1,0,6,847,850
SRR23826102,10508,family,Adenoviridae,1,0,7,847,849
SRR23826102,10509,genus,Mastadenovirus,1,1,8,847,847
SRR23826103,10239,superkingdom,Viruses,1334,14,1,733,832
SRR23826103,2559587,,Riboviria,1010,1,2,733,782
SRR23826103,2732396,kingdom,Orthornavirae,1005,0,3,733,769
SRR23826103,2732408,phylum,Pisuviricota,986,0,4,733,754
SRR23826103,2732507,class,Stelpaviricetes,976,0,5,733,739
SRR23826103,2732550,order,Patatavirales,976,0,6,733,738
SRR23826103,39729,family,Potyviridae,976,0,7,733,737
SRR23826103,12195,genus,Potyvirus,976,61,8,733,736
SRR23826103,12197,species,Bean yellow mosaic virus,843,843,9,733,733
SRR23826103,79917,species,Japanese yam mosaic virus,72,72,9,734,734
SRR23826103,2732506,class,Pisoniviricetes,10,0,5,739,753
SRR23826103,76804,order,Nidovirales,7,0,6,739,747
SRR23826103,2499399,suborder,Cornidovirineae,7,0,7,739,746
SRR23826103,11118,family,Coronaviridae,7,0,8,739,745
SRR23826103,2501931,subfamily,Orthocoronavirinae,7,0,9,739,744
SRR23826103,694002,genus,Betacoronavirus,7,0,10,739,743
SRR23826103,2509511,subgenus,Sarbecovirus,7,0,11,739,742
SRR23826103,694009,species,Severe acute respiratory syndrome-related coronavirus,7,0,12,739,741
SRR23826103,2697049,,Severe acute respiratory syndrome coronavirus 2,7,7,13,739,739
SRR23826103,464095,order,Picornavirales,3,0,6,747,752
SRR23826103,675072,family,Secoviridae,3,0,7,747,751
SRR23826103,675075,subfamily,Comovirinae,3,0,8,747,750
SRR23826103,12269,genus,Fabavirus,3,0,9,747,749
SRR23826103,76875,species,Broad bean wilt virus 2,3,3,10,747,747
SRR23826103,2497569,phylum,Negarnaviricota,17,0,4,754,762
SRR23826103,2497570,subphylum,Haploviricotina,17,0,5,754,761
SRR23826103,2497574,class,Monjiviricetes,17,0,6,754,760
SRR23826103,11157,order,Mononegavirales,17,0,7,754,759
SRR23826103,11158,family,Paramyxoviridae,17,0,8,754,758
SRR23826103,2560076,subfamily,Orthoparamyxovirinae,17,0,9,754,757
SRR23826103,186938,genus,Respirovirus,17,0,10,754,756
SRR23826103,12730,species,Human respirovirus 1,17,17,11,754,754
SRR23826103,2732405,phylum,Duplornaviricota,2,0,4,762,768
SRR23826103,2732458,class,Chrymotiviricetes,2,0,5,762,767
SRR23826103,2732540,order,Ghabrivirales,2,0,6,762,766
SRR23826103,11006,family,Totiviridae,2,0,7,762,765
SRR23826103,39756,,unclassified Totiviridae,2,0,8,762,764
SRR23826103,1678183,species,Diatom colony associated virus-Like RNA Segment 3,2,2,9,762,762
SRR23826103,2732397,kingdom,Pararnavirae,4,0,3,769,781
SRR23826103,2732409,phylum,Artverviricota,4,0,4,769,780
SRR23826103,2732514,class,Revtraviricetes,4,0,5,769,779
SRR23826103,2169561,order,Ortervirales,4,0,6,769,778
SRR23826103,186534,family,Caulimoviridae,3,0,7,769,773
SRR23826103,10652,genus,Badnavirus,3,0,8,769,772
SRR23826103,325348,,unclassified Badnavirus,3,0,9,769,771
SRR23826103,52996,species,Dioscorea bacilliform virus,3,3,10,769,769
SRR23826103,11632,family,Retroviridae,1,0,7,773,777
SRR23826103,327045,subfamily,Orthoretrovirinae,1,0,8,773,776
SRR23826103,11646,genus,Lentivirus,1,0,9,773,775
SRR23826103,12804,species,Puma lentivirus,1,1,10,773,773
SRR23826103,2731342,,Monodnaviria,294,0,2,782,791
SRR23826103,2732092,kingdom,Shotokuvirae,294,0,3,782,790
SRR23826103,2732416,phylum,Cressdnaviricota,294,0,4,782,789
SRR23826103,2732424,class,Repensiviricetes,294,0,5,782,788
SRR23826103,2732539,order,Geplafuvirales,294,0,6,782,787
SRR23826103,10811,family,Geminiviridae,294,0,7,782,786
SRR23826103,10814,genus,Begomovirus,294,0,8,782,785
SRR23826103,291027,,unclassified Begomovirus,294,0,9,782,784
SRR23826103,1592931,species,Yam yellow spot mosaic virus,294,294,10,782,782
SRR23826103,2731341,,Duplodnaviria,13,0,2,791,814
SRR23826103,2731360,kingdom,Heunggongvirae,13,0,3,791,813
SRR23826103,2731618,phylum,Uroviricota,13,0,4,791,812
SRR23826103,2731619,class,Caudoviricetes,13,0,5,791,811
SRR23826103,28883,order,Caudovirales,13,5,6,791,810
SRR23826103,2731691,family,Drexlerviridae,3,0,7,791,799
SRR23826103,2732045,subfamily,Braunvirinae,2,1,8,791,795
SRR23826103,2732062,genus,Guelphvirus,1,0,9,791,794
SRR23826103,2753731,,unclassified Guelphvirus,1,0,10,791,793
SRR23826103,2041759,species,Escherichia phage IMM-001,1,1,11,791,791
SRR23826103,2732049,genus,Nouzillyvirus,1,0,8,795,798
SRR23826103,2747485,,unclassified Nouzillyvirus,1,0,9,795,797
SRR23826103,2930318,species,Eschericha phage P818,1,1,10,795,795
SRR23826103,10699,family,Siphoviridae,2,0,7,799,802
SRR23826103,196894,,unclassified Siphoviridae,2,0,8,799,801
SRR23826103,2170413,species,Siphoviridae sp.,2,2,9,799,799
SRR23826103,10662,family,Myoviridae,2,0,7,802,805
SRR23826103,196896,,unclassified Myoviridae,2,0,8,802,804
SRR23826103,2202564,species,Myoviridae sp.,2,2,9,802,802
SRR23826103,2560065,family,Herelleviridae,1,0,7,805,809
SRR23826103,2842881,genus,Mooreparkvirus,1,0,8,805,808
SRR23826103,2852594,,unclassified Mooreparkvirus,1,0,9,805,807
SRR23826103,2769358,species,Lactobacillus phage Lbab1,1,1,10,805,805
SRR23826103,2732004,,Varidnaviria,2,0,2,814,827
SRR23826103,2732005,kingdom,Bamfordvirae,2,0,3,814,826
SRR23826103,2732007,phylum,Nucleocytoviricota,2,0,4,814,825
SRR23826103,2732525,class,Pokkesviricetes,1,0,5,814,820
SRR23826103,2732527,order,Chitovirales,1,0,6,814,819
SRR23826103,10240,family,Poxviridae,1,0,7,814,818
SRR23826103,10241,subfamily,Chordopoxvirinae,1,0,8,814,817
SRR23826103,10242,genus,Orthopoxvirus,1,0,9,814,816
SRR23826103,160796,species,Skunkpox virus,1,1,10,814,814
SRR23826103,2732523,class,Megaviricetes,1,0,5,820,824
SRR23826103,2732524,order,Algavirales,1,0,6,820,823
SRR23826103,10501,family,Phycodnaviridae,1,0,7,820,822
SRR23826103,346673,genus,Coccolithovirus,1,1,8,820,820
SRR23826103,2840056,class,Naldaviricetes,1,0,2,827,831
SRR23826103,196937,family,Nimaviridae,1,0,3,827,830
SRR23826103,249585,genus,Whispovirus,1,0,4,827,829
SRR23826103,342409,species,White spot syndrome virus,1,1,5,827,827
SRR23826104,10239,superkingdom,Viruses,1494,1,1,912,1015
SRR23826104,2559587,,Riboviria,1237,2,2,912,964
SRR23826104,2732396,kingdom,Orthornavirae,1218,0,3,912,948
SRR23826104,2732408,phylum,Pisuviricota,1180,0,4,912,933
SRR23826104,2732507,class,Stelpaviricetes,1163,0,5,912,918
SRR23826104,2732550,order,Patatavirales,1163,0,6,912,917
SRR23826104,39729,family,Potyviridae,1163,0,7,912,916
SRR23826104,12195,genus,Potyvirus,1163,79,8,912,915
SRR23826104,12197,species,Bean yellow mosaic virus,1056,1056,9,912,912
SRR23826104,79917,species,Japanese yam mosaic virus,28,28,9,913,913
SRR23826104,2732506,class,Pisoniviricetes,17,0,5,918,932
SRR23826104,76804,order,Nidovirales,14,0,6,918,926
SRR23826104,2499399,suborder,Cornidovirineae,14,0,7,918,925
SRR23826104,11118,family,Coronaviridae,14,0,8,918,924
SRR23826104,2501931,subfamily,Orthocoronavirinae,14,0,9,918,923
SRR23826104,694002,genus,Betacoronavirus,14,0,10,918,922
SRR23826104,2509511,subgenus,Sarbecovirus,14,0,11,918,921
SRR23826104,694009,species,Severe acute respiratory syndrome-related coronavirus,14,0,12,918,920
SRR23826104,2697049,,Severe acute respiratory syndrome coronavirus 2,14,14,13,918,918
SRR23826104,464095,order,Picornavirales,3,0,6,926,931
SRR23826104,675072,family,Secoviridae,3,0,7,926,930
SRR23826104,675075,subfamily,Comovirinae,3,0,8,926,929
SRR23826104,12269,genus,Fabavirus,3,0,9,926,928
SRR23826104,76875,species,Broad bean wilt virus 2,3,3,10,926,926
SRR23826104,2497569,phylum,Negarnaviricota,30,0,4,933,941
SRR23826104,2497570,subphylum,Haploviricotina,30,0,5,933,940
SRR23826104,2497574,class,Monjiviricetes,30,0,6,933,939
SRR23826104,11157,order,Mononegavirales,30,0,7,933,938
SRR23826104,11158,family,Paramyxoviridae,30,0,8,933,937
SRR23826104,2560076,subfamily,Orthoparamyxovirinae,30,0,9,933,936
SRR23826104,186938,genus,Respirovirus,30,0,10,933,935
SRR23826104,12730,species,Human respirovirus 1,30,30,11,933,933
SRR23826104,2732405,phylum,Duplornaviricota,8,0,4,941,947
SRR23826104,2732458,class,Chrymotiviricetes,8,0,5,941,946
SRR23826104,2732540,order,Ghabrivirales,8,0,6,941,945
SRR23826104,11006,family,Totiviridae,8,0,7,941,944
SRR23826104,39756,,unclassified Totiviridae,8,0,8,941,943
SRR23826104,1678183,species,Diatom colony associated virus-Like RNA Segment 3,8,8,9,941,941
SRR23826104,2732397,kingdom,Pararnavirae,16,0,3,948,960
SRR23826104,2732409,phylum,Artverviricota,16,0,4,948,959
SRR23826104,2732514,class,Revtraviricetes,16,0,5,948,958
SRR23826104,2169561,order,Ortervirales,16,0,6,948,957
SRR23826104,186534,family,Caulimoviridae,15,0,7,948,952
SRR23826104,10652,genus,Badnavirus,15,0,8,948,951
SRR23826104,325348,,unclassified Badnavirus,15,0,9,948,950
SRR23826104,52996,species,Dioscorea bacilliform virus,15,15,10,948,948
SRR23826104,11632,family,Retroviridae,1,0,7,952,956
SRR23826104,327045,subfamily,Orthoretrovirinae,1,0,8,952,955
SRR23826104,11646,genus,Lentivirus,1,0,9,952,954
SRR23826104,12804,species,Puma lentivirus,1,1,10,952,952
SRR23826104,2585030,,unclassified Riboviria,1,0,3,960,963
SRR23826104,1922348,,unclassified RNA viruses ShiM-2016,1,0,4,960,962
SRR23826104,1923094,species,Hubei picorna-like virus 15,1,1,5,960,960
SRR23826104,2731342,,Monodnaviria,203,0,2,964,973
SRR23826104,2732092,kingdom,Shotokuvirae,203,0,3,964,972
SRR23826104,2732416,phylum,Cressdnaviricota,203,0,4,964,971
SRR23826104,2732424,class,Repensiviricetes,203,0,5,964,970
SRR23826104,2732539,order,Geplafuvirales,203,0,6,964,969
SRR23826104,10811,family,Geminiviridae,203,0,7,964,968
SRR23826104,10814,genus,Begomovirus,203,0,8,964,967
SRR23826104,291027,,unclassified Begomovirus,203,0,9,964,966
SRR23826104,1592931,species,Yam yellow spot mosaic virus,203,203,10,964,964
SRR23826104,2731341,,Duplodnaviria,52,0,2,973,1005
SRR23826104,2731360,kingdom,Heunggongvirae,52,0,3,973,1004
SRR23826104,2731618,phylum,Uroviricota,51,0,4,973,996
SRR23826104,2731619,class,Caudoviricetes,51,0,5,973,995
SRR23826104,28883,order,Caudovirales,51,21,6,973,994
SRR23826104,2731691,family,Drexlerviridae,21,0,7,973,987
SRR23826104,2732045,subfamily,Braunvirinae,18,0,8,973,982
SRR23826104,2732062,genus,Guelphvirus,9,0,9,973,976
SRR23826104,2753731,,unclassified Guelphvirus,9,0,10,973,975
SRR23826104,2041759,species,Escherichia phage IMM-001,9,9,11,973,973
SRR23826104,2732061,genus,Christensenvirus,6,0,9,976,979
SRR23826104,2734000,species,Christensenvirus IME542,6,0,10,976,978
SRR23826104,2507711,,Escherichia phage vB_EcoS_IME542,6,6,11,976,976
SRR23826104,2743968,,unclassified Braunvirinae,3,0,9,979,981
SRR23826104,2750857,species,Escherichia phage vB_EcoS_FP,3,3,10,979,979
SRR23826104,2732046,subfamily,Rogunavirinae,3,0,8,982,986
SRR23826104,1920866,genus,Rogunavirus,3,0,9,982,985
SRR23826104,2269047,,unclassified Rogunavirus,3,0,10,982,984
SRR23826104,2797407,species,Escherichia phage vB_EcoS-BECP10,3,3,11,982,982
SRR23826104,10699,family,Siphoviridae,6,1,7,987,990
SRR23826104,196894,,unclassified Siphoviridae,5,0,8,987,989
SRR23826104,2170413,species,Siphoviridae sp.,5,5,9,987,987
SRR23826104,10662,family,Myoviridae,3,0,7,990,993
SRR23826104,196896,,unclassified Myoviridae,3,0,8,990,992
SRR23826104,2202564,species,Myoviridae sp.,3,3,9,990,990
SRR23826104,2731361,phylum,Peploviricota,1,0,4,996,1003
SRR23826104,2731363,class,Herviviricetes,1,0,5,996,1002
SRR23826104,548681,order,Herpesvirales,1,0,6,996,1001
SRR23826104,10292,family,Herpesviridae,1,0,7,996,1000
SRR23826104,10293,subfamily,Alphaherpesvirinae,1,0,8,996,999
SRR23826104,10294,genus,Simplexvirus,1,0,9,996,998
SRR23826104,10298,species,Human alphaherpesvirus 1,1,1,10,996,996
SRR23826104,2732004,,Varidnaviria,1,0,2,1005,1014
SRR23826104,2732005,kingdom,Bamfordvirae,1,0,3,1005,1013
SRR23826104,2732007,phylum,Nucleocytoviricota,1,0,4,1005,1012
SRR23826104,2732525,class,Pokkesviricetes,1,0,5,1005,1011
SRR23826104,2732527,order,Chitovirales,1,0,6,1005,1010
SRR23826104,10240,family,Poxviridae,1,0,7,1005,1009
SRR23826104,10241,subfamily,Chordopoxvirinae,1,0,8,1005,1008
SRR23826104,10242,genus,Orthopoxvirus,1,0,9,1005,1007
SRR23826104,160796,species,Skunkpox virus,1,1,10,1005,1005
SRR23826105,10239,superkingdom,Viruses,756,25,1,1325,1474
SRR23826105,2559587,,Riboviria,355,0,2,1325,1406
SRR23826105,2732396,kingdom,Orthornavirae,349,0,3,1325,1397
SRR23826105,2732408,phylum,Pisuviricota,261,0,4,1325,1346
SRR23826105,2732507,class,Stelpaviricetes,140,0,5,1325,1331
SRR23826105,2732550,order,Patatavirales,140,0,6,1325,1330
SRR23826105,39729,family,Potyviridae,140,0,7,1325,1329
SRR23826105,12195,genus,Potyvirus,140,4,8,1325,1328
SRR23826105,79917,species,Japanese yam mosaic virus,129,129,9,1325,1325
SRR23826105,12197,species,Bean yellow mosaic virus,7,7,9,1326,1326
SRR23826105,2732506,class,Pisoniviricetes,121,0,5,1331,1345
SRR23826105,464095,order,Picornavirales,115,0,6,1331,1336
SRR23826105,675072,family,Secoviridae,115,0,7,1331,1335
SRR23826105,675075,subfamily,Comovirinae,115,0,8,1331,1334
SRR23826105,12269,genus,Fabavirus,115,3,9,1331,1333
SRR23826105,76875,species,Broad bean wilt virus 2,112,112,10,1331,1331
SRR23826105,76804,order,Nidovirales,6,0,6,1336,1344
SRR23826105,2499399,suborder,Cornidovirineae,6,0,7,1336,1343
SRR23826105,11118,family,Coronaviridae,6,0,8,1336,1342
SRR23826105,2501931,subfamily,Orthocoronavirinae,6,0,9,1336,1341
SRR23826105,694002,genus,Betacoronavirus,6,0,10,1336,1340
SRR23826105,2509511,subgenus,Sarbecovirus,6,0,11,1336,1339
SRR23826105,694009,species,Severe acute respiratory syndrome-related coronavirus,6,0,12,1336,1338
SRR23826105,2697049,,Severe acute respiratory syndrome coronavirus 2,6,6,13,1336,1336
SRR23826105,2732407,phylum,Lenarviricota,32,0,4,1346,1369
SRR23826105,2732499,class,Howeltoviricetes,31,0,5,1346,1362
SRR23826105,2732503,order,Cryppavirales,31,0,6,1346,1361
SRR23826105,2732892,family,Mitoviridae,31,0,7,1346,1360
SRR23826105,186768,genus,Mitovirus,31,0,8,1346,1359
SRR23826105,343865,,unclassified Mitovirus,31,9,9,1346,1358
SRR23826105,1435447,species,Sclerotinia sclerotiorum mitovirus 7,4,4,10,1346,1346
SRR23826105,2231671,species,Sclerotinia sclerotiorum mitovirus 12-A,3,3,10,1347,1347
SRR23826105,1435446,species,Sclerotinia sclerotiorum mitovirus 6,3,3,10,1348,1348
SRR23826105,2231676,species,Sclerotinia sclerotiorum mitovirus 24,2,2,10,1349,1349
SRR23826105,2231677,species,Sclerotinia sclerotiorum mitovirus 25,2,2,10,1350,1350
SRR23826105,2231683,species,Sclerotinia sclerotiorum mitovirus 31,2,2,10,1351,1351
SRR23826105,2231693,species,Sclerotinia sclerotiorum mitovirus 8-A,2,2,10,1352,1352
SRR23826105,1435445,species,Sclerotinia sclerotiorum mitovirus 5,1,1,10,1353,1353
SRR23826105,2587224,species,Mitovirus sp.,1,1,10,1354,1354
SRR23826105,2879886,species,Sclerotinia sclerotiorum mitovirus 40,1,1,10,1355,1355
SRR23826105,2231686,species,Sclerotinia sclerotiorum mitovirus 34-A,1,1,10,1356,1356
SRR23826105,2732498,class,Amabiliviricetes,1,0,5,1362,1368
SRR23826105,2732502,order,Wolframvirales,1,0,6,1362,1367
SRR23826105,186766,family,Narnaviridae,1,0,7,1362,1366
SRR23826105,186767,genus,Narnavirus,1,0,8,1362,1365
SRR23826105,908833,,unclassified Narnavirus,1,0,9,1362,1364
SRR23826105,2879907,species,Sclerotinia sclerotiorum narnavirus 4-U,1,1,10,1362,1362
SRR23826105,2732405,phylum,Duplornaviricota,28,0,4,1369,1375
SRR23826105,2732458,class,Chrymotiviricetes,28,0,5,1369,1374
SRR23826105,2732540,order,Ghabrivirales,28,0,6,1369,1373
SRR23826105,11006,family,Totiviridae,28,0,7,1369,1372
SRR23826105,39756,,unclassified Totiviridae,28,0,8,1369,1371
SRR23826105,1678183,species,Diatom colony associated virus-Like RNA Segment 3,28,28,9,1369,1369
SRR23826105,2732406,phylum,Kitrinoviricota,19,0,4,1375,1388
SRR23826105,2732463,class,Tolucaviricetes,18,0,5,1375,1382
SRR23826105,2732548,order,Tolivirales,18,0,6,1375,1381
SRR23826105,39738,family,Tombusviridae,18,0,7,1375,1380
SRR23826105,2560072,subfamily,Calvusvirinae,18,0,8,1375,1379
SRR23826105,39734,genus,Umbravirus,18,0,9,1375,1378
SRR23826105,473783,,unclassified Umbravirus,18,12,10,1375,1377
SRR23826105,1435450,species,Sclerotinia sclerotiorum umbra-like virus 1,6,6,11,1375,1375
SRR23826105,2732461,class,Alsuviricetes,1,0,5,1382,1387
SRR23826105,675063,order,Tymovirales,1,0,6,1382,1386
SRR23826105,675064,family,Alphaflexiviridae,1,0,7,1382,1385
SRR23826105,12176,genus,Potexvirus,1,0,8,1382,1384
SRR23826105,112229,species,Pepino mosaic virus,1,1,9,1382,1382
SRR23826105,2497569,phylum,Negarnaviricota,9,0,4,1388,1396
SRR23826105,2497570,subphylum,Haploviricotina,9,0,5,1388,1395
SRR23826105,2497574,class,Monjiviricetes,9,0,6,1388,1394
SRR23826105,11157,order,Mononegavirales,9,0,7,1388,1393
SRR23826105,11158,family,Paramyxoviridae,9,0,8,1388,1392
SRR23826105,2560076,subfamily,Orthoparamyxovirinae,9,0,9,1388,1391
SRR23826105,186938,genus,Respirovirus,9,0,10,1388,1390
SRR23826105,12730,species,Human respirovirus 1,9,9,11,1388,1388
SRR23826105,2732397,kingdom,Pararnavirae,6,0,3,1397,1405
SRR23826105,2732409,phylum,Artverviricota,6,0,4,1397,1404
SRR23826105,2732514,class,Revtraviricetes,6,0,5,1397,1403
SRR23826105,2169561,order,Ortervirales,6,0,6,1397,1402
SRR23826105,186534,family,Caulimoviridae,6,0,7,1397,1401
SRR23826105,10652,genus,Badnavirus,6,0,8,1397,1400
SRR23826105,325348,,unclassified Badnavirus,6,0,9,1397,1399
SRR23826105,52996,species,Dioscorea bacilliform virus,6,6,10,1397,1397
SRR23826105,2731342,,Monodnaviria,271,0,2,1406,1422
SRR23826105,2732092,kingdom,Shotokuvirae,270,0,3,1406,1414
SRR23826105,2732416,phylum,Cressdnaviricota,270,0,4,1406,1413
SRR23826105,2732424,class,Repensiviricetes,270,0,5,1406,1412
SRR23826105,2732539,order,Geplafuvirales,270,0,6,1406,1411
SRR23826105,10811,family,Geminiviridae,270,0,7,1406,1410
SRR23826105,10814,genus,Begomovirus,270,0,8,1406,1409
SRR23826105,291027,,unclassified Begomovirus,270,0,9,1406,1408
SRR23826105,1592931,species,Yam yellow spot mosaic virus,270,270,10,1406,1406
SRR23826105,2732090,kingdom,Loebvirae,1,0,3,1414,1421
SRR23826105,2732410,phylum,Hofneiviricota,1,0,4,1414,1420
SRR23826105,2732411,class,Faserviricetes,1,0,5,1414,1419
SRR23826105,2732094,order,Tubulavirales,1,0,6,1414,1418
SRR23826105,10860,family,Inoviridae,1,0,7,1414,1417
SRR23826105,456491,,unclassified Inoviridae,1,0,8,1414,1416
SRR23826105,2219103,species,Inoviridae sp.,1,1,9,1414,1414
SRR23826105,2731341,,Duplodnaviria,92,0,2,1422,1451
SRR23826105,2731360,kingdom,Heunggongvirae,92,0,3,1422,1450
SRR23826105,2731618,phylum,Uroviricota,92,0,4,1422,1449
SRR23826105,2731619,class,Caudoviricetes,92,0,5,1422,1448
SRR23826105,28883,order,Caudovirales,92,8,6,1422,1447
SRR23826105,2731691,family,Drexlerviridae,37,13,7,1422,1432
SRR23826105,2732045,subfamily,Braunvirinae,17,0,8,1422,1426
SRR23826105,2732062,genus,Guelphvirus,17,0,9,1422,1425
SRR23826105,2753731,,unclassified Guelphvirus,17,0,10,1422,1424
SRR23826105,2041759,species,Escherichia phage IMM-001,17,17,11,1422,1422
SRR23826105,1910999,subfamily,Tunavirinae,4,0,8,1426,1428
SRR23826105,187217,genus,Tunavirus,4,4,9,1426,1426
SRR23826105,2732049,genus,Nouzillyvirus,3,0,8,1428,1431
SRR23826105,2747485,,unclassified Nouzillyvirus,3,0,9,1428,1430
SRR23826105,2930318,species,Eschericha phage P818,3,3,10,1428,1428
SRR23826105,2731643,family,Autographiviridae,16,0,7,1432,1437
SRR23826105,2731653,subfamily,Studiervirinae,16,0,8,1432,1436
SRR23826105,2732692,genus,Pijolavirus,16,0,9,1432,1435
SRR23826105,2788522,,unclassified Pijolavirus,16,0,10,1432,1434
SRR23826105,2914026,species,Pseudomonas phage Pf17397_F_PD1,16,16,11,1432,1432
SRR23826105,10662,family,Myoviridae,15,0,7,1437,1441
SRR23826105,196896,,unclassified Myoviridae,15,0,8,1437,1440
SRR23826105,2202564,species,Myoviridae sp.,12,12,9,1437,1437
SRR23826105,1161927,species,Pseudomonas phage Lu11,3,3,9,1438,1438
SRR23826105,10699,family,Siphoviridae,14,3,7,1441,1445
SRR23826105,196894,,unclassified Siphoviridae,10,0,8,1441,1443
SRR23826105,2170413,species,Siphoviridae sp.,10,10,9,1441,1441
SRR23826105,1982251,genus,Pahexavirus,1,1,8,1443,1443
SRR23826105,2731690,family,Demerecviridae,2,2,7,1445,1445
SRR23826105,2732004,,Varidnaviria,9,0,2,1451,1465
SRR23826105,2732005,kingdom,Bamfordvirae,9,0,3,1451,1464
SRR23826105,2732008,phylum,Preplasmiviricota,5,0,4,1451,1456
SRR23826105,2732529,class,Tectiliviricetes,5,0,5,1451,1455
SRR23826105,2732559,order,Rowavirales,5,0,6,1451,1454
SRR23826105,10508,family,Adenoviridae,5,0,7,1451,1453
SRR23826105,10509,genus,Mastadenovirus,5,5,8,1451,1451
SRR23826105,2732007,phylum,Nucleocytoviricota,4,0,4,1456,1463
SRR23826105,2732523,class,Megaviricetes,4,0,5,1456,1462
SRR23826105,2732524,order,Algavirales,4,0,6,1456,1461
SRR23826105,10501,family,Phycodnaviridae,4,0,7,1456,1460
SRR23826105,346673,genus,Coccolithovirus,3,3,8,1456,1456
SRR23826105,455363,,unclassified Phycodnaviridae,1,0,8,1457,1459
SRR23826105,1499987,species,Prymnesium kappa virus,1,1,9,1457,1457
SRR23826105,12333,,unclassified bacterial viruses,3,0,2,1465,1467
SRR23826105,2781367,species,Bacteriophage sp. 438212,3,3,3,1465,1465
SRR23826105,2840056,class,Naldaviricetes,1,0,2,1467,1473
SRR23826105,2840070,order,Lefavirales,1,0,3,1467,1472
SRR23826105,10442,family,Baculoviridae,1,0,4,1467,1471
SRR23826105,558016,genus,Alphabaculovirus,1,0,5,1467,1470
SRR23826105,745176,,unclassified Alphabaculovirus,1,0,6,1467,1469
SRR23826105,1346829,species,Peridroma alphabaculovirus,1,1,7,1467,1467
SRR23826106,10239,superkingdom,Viruses,144214,3,1,955,1059
SRR23826106,2559587,,Riboviria,144008,1,2,955,1006
SRR23826106,2732396,kingdom,Orthornavirae,144004,0,3,955,994
SRR23826106,2732408,phylum,Pisuviricota,143968,0,4,955,978
SRR23826106,2732507,class,Stelpaviricetes,143952,0,5,955,963
SRR23826106,2732550,order,Patatavirales,143952,0,6,955,962
SRR23826106,39729,family,Potyviridae,143952,1,7,955,961
SRR23826106,12195,genus,Potyvirus,143951,7494,8,955,960
SRR23826106,12197,species,Bean yellow mosaic virus,136431,136430,9,955,957
SRR23826106,390237,,White lupin mosaic virus,1,1,10,955,955
SRR23826106,79917,species,Japanese yam mosaic virus,24,24,9,957,957
SRR23826106,46619,species,Sweet potato virus G,2,2,9,958,958
SRR23826106,2732506,class,Pisoniviricetes,16,0,5,963,977
SRR23826106,76804,order,Nidovirales,11,0,6,963,971
SRR23826106,2499399,suborder,Cornidovirineae,11,0,7,963,970
SRR23826106,11118,family,Coronaviridae,11,0,8,963,969
SRR23826106,2501931,subfamily,Orthocoronavirinae,11,0,9,963,968
SRR23826106,694002,genus,Betacoronavirus,11,0,10,963,967
SRR23826106,2509511,subgenus,Sarbecovirus,11,0,11,963,966
SRR23826106,694009,species,Severe acute respiratory syndrome-related coronavirus,11,0,12,963,965
SRR23826106,2697049,,Severe acute respiratory syndrome coronavirus 2,11,11,13,963,963
SRR23826106,464095,order,Picornavirales,5,0,6,971,976
SRR23826106,675072,family,Secoviridae,5,0,7,971,975
SRR23826106,675075,subfamily,Comovirinae,5,0,8,971,974
SRR23826106,12269,genus,Fabavirus,5,0,9,971,973
SRR23826106,76875,species,Broad bean wilt virus 2,5,5,10,971,971
SRR23826106,2497569,phylum,Negarnaviricota,25,0,4,978,987
SRR23826106,2497570,subphylum,Haploviricotina,25,0,5,978,986
SRR23826106,2497574,class,Monjiviricetes,25,0,6,978,985
SRR23826106,11157,order,Mononegavirales,25,0,7,978,984
SRR23826106,11158,family,Paramyxoviridae,25,0,8,978,983
SRR23826106,2560076,subfamily,Orthoparamyxovirinae,24,0,9,978,981
SRR23826106,186938,genus,Respirovirus,24,0,10,978,980
SRR23826106,12730,species,Human respirovirus 1,24,24,11,978,978
SRR23826106,2560080,subfamily,Rubulavirinae,1,1,9,981,981
SRR23826106,2732405,phylum,Duplornaviricota,11,0,4,987,993
SRR23826106,2732458,class,Chrymotiviricetes,11,0,5,987,992
SRR23826106,2732540,order,Ghabrivirales,11,0,6,987,991
SRR23826106,11006,family,Totiviridae,11,0,7,987,990
SRR23826106,39756,,unclassified Totiviridae,11,0,8,987,989
SRR23826106,1678183,species,Diatom colony associated virus-Like RNA Segment 3,11,11,9,987,987
SRR23826106,2585030,,unclassified Riboviria,2,0,3,994,997
SRR23826106,1922348,,unclassified RNA viruses ShiM-2016,2,0,4,994,996
SRR23826106,1923094,species,Hubei picorna-like virus 15,2,2,5,994,994
SRR23826106,2732397,kingdom,Pararnavirae,1,0,3,997,1005
SRR23826106,2732409,phylum,Artverviricota,1,0,4,997,1004
SRR23826106,2732514,class,Revtraviricetes,1,0,5,997,1003
SRR23826106,2169561,order,Ortervirales,1,0,6,997,1002
SRR23826106,186534,family,Caulimoviridae,1,0,7,997,1001
SRR23826106,10652,genus,Badnavirus,1,0,8,997,1000
SRR23826106,325348,,unclassified Badnavirus,1,0,9,997,999
SRR23826106,52996,species,Dioscorea bacilliform virus,1,1,10,997,997
SRR23826106,2731342,,Monodnaviria,183,0,2,1006,1015
SRR23826106,2732092,kingdom,Shotokuvirae,183,0,3,1006,1014
SRR23826106,2732416,phylum,Cressdnaviricota,183,0,4,1006,1013
SRR23826106,2732424,class,Repensiviricetes,183,0,5,1006,1012
SRR23826106,2732539,order,Geplafuvirales,183,0,6,1006,1011
SRR23826106,10811,family,Geminiviridae,183,0,7,1006,1010
SRR23826106,10814,genus,Begomovirus,183,0,8,1006,1009
SRR23826106,291027,,unclassified Begomovirus,183,0,9,1006,1008
SRR23826106,1592931,species,Yam yellow spot mosaic virus,183,183,10,1006,1006
SRR23826106,2731341,,Duplodnaviria,12,0,2,1015,1040
SRR23826106,2731360,kingdom,Heunggongvirae,12,0,3,1015,1039
SRR23826106,2731618,phylum,Uroviricota,11,0,4,1015,1031
SRR23826106,2731619,class,Caudoviricetes,11,0,5,1015,1030
SRR23826106,28883,order,Caudovirales,11,1,6,1015,1029
SRR23826106,2731691,family,Drexlerviridae,9,2,7,1015,1025
SRR23826106,2732045,subfamily,Braunvirinae,5,0,8,1015,1021
SRR23826106,2732062,genus,Guelphvirus,4,0,9,1015,1018
SRR23826106,2753731,,unclassified Guelphvirus,4,0,10,1015,1017
SRR23826106,2041759,species,Escherichia phage IMM-001,4,4,11,1015,1015
SRR23826106,2743968,,unclassified Braunvirinae,1,0,9,1018,1020
SRR23826106,2750857,species,Escherichia phage vB_EcoS_FP,1,1,10,1018,1018
SRR23826106,2732049,genus,Nouzillyvirus,2,0,8,1021,1024
SRR23826106,2747485,,unclassified Nouzillyvirus,2,0,9,1021,1023
SRR23826106,2930318,species,Eschericha phage P818,2,2,10,1021,1021
SRR23826106,10662,family,Myoviridae,1,0,7,1025,1028
SRR23826106,196896,,unclassified Myoviridae,1,0,8,1025,1027
SRR23826106,2202564,species,Myoviridae sp.,1,1,9,1025,1025
SRR23826106,2731361,phylum,Peploviricota,1,0,4,1031,1038
SRR23826106,2731363,class,Herviviricetes,1,0,5,1031,1037
SRR23826106,548681,order,Herpesvirales,1,0,6,1031,1036
SRR23826106,10292,family,Herpesviridae,1,0,7,1031,1035
SRR23826106,10357,subfamily,Betaherpesvirinae,1,0,8,1031,1034
SRR23826106,10358,genus,Cytomegalovirus,1,0,9,1031,1033
SRR23826106,10359,species,Human betaherpesvirus 5,1,1,10,1031,1031
SRR23826106,2732004,,Varidnaviria,8,0,2,1040,1058
SRR23826106,2732005,kingdom,Bamfordvirae,8,0,3,1040,1057
SRR23826106,2732008,phylum,Preplasmiviricota,6,0,4,1040,1045
SRR23826106,2732529,class,Tectiliviricetes,6,0,5,1040,1044
SRR23826106,2732559,order,Rowavirales,6,0,6,1040,1043
SRR23826106,10508,family,Adenoviridae,6,0,7,1040,1042
SRR23826106,10509,genus,Mastadenovirus,6,6,8,1040,1040
SRR23826106,2732007,phylum,Nucleocytoviricota,2,0,4,1045,1056
SRR23826106,2732525,class,Pokkesviricetes,1,0,5,1045,1051
SRR23826106,2732527,order,Chitovirales,1,0,6,1045,1050
SRR23826106,10240,family,Poxviridae,1,0,7,1045,1049
SRR23826106,10241,subfamily,Chordopoxvirinae,1,0,8,1045,1048
SRR23826106,10242,genus,Orthopoxvirus,1,0,9,1045,1047
SRR23826106,160796,species,Skunkpox virus,1,1,10,1045,1045
SRR23826106,2732523,class,Megaviricetes,1,0,5,1051,1055
SRR23826106,2732524,order,Algavirales,1,0,6,1051,1054
SRR23826106,10501,family,Phycodnaviridae,1,0,7,1051,1053
SRR23826106,346673,genus,Coccolithovirus,1,1,8,1051,1051
SRR23826107,10239,superkingdom,Viruses,160468,11,1,801,904
SRR23826107,2559587,,Riboviria,160218,0,2,801,848
SRR23826107,2732396,kingdom,Orthornavirae,160217,0,3,801,839
SRR23826107,2732408,phylum,Pisuviricota,160180,1,4,801,819
SRR23826107,2732507,class,Stelpaviricetes,160174,0,5,801,809
SRR23826107,2732550,order,Patatavirales,160174,0,6,801,808
SRR23826107,39729,family,Potyviridae,160174,2,7,801,807
SRR23826107,12195,genus,Potyvirus,160172,10042,8,801,806
SRR23826107,12197,species,Bean yellow mosaic virus,150064,150061,9,801,803
SRR23826107,390237,,White lupin mosaic virus,3,3,10,801,801
SRR23826107,79917,species,Japanese yam mosaic virus,65,65,9,803,803
SRR23826107,46619,species,Sweet potato virus G,1,1,9,804,804
SRR23826107,2732506,class,Pisoniviricetes,5,0,5,809,818
SRR23826107,76804,order,Nidovirales,5,0,6,809,817
SRR23826107,2499399,suborder,Cornidovirineae,5,0,7,809,816
SRR23826107,11118,family,Coronaviridae,5,0,8,809,815
SRR23826107,2501931,subfamily,Orthocoronavirinae,5,0,9,809,814
SRR23826107,694002,genus,Betacoronavirus,5,0,10,809,813
SRR23826107,2509511,subgenus,Sarbecovirus,5,0,11,809,812
SRR23826107,694009,species,Severe acute respiratory syndrome-related coronavirus,5,0,12,809,811
SRR23826107,2697049,,Severe acute respiratory syndrome coronavirus 2,5,5,13,809,809
SRR23826107,2497569,phylum,Negarnaviricota,27,0,4,819,827
SRR23826107,2497570,subphylum,Haploviricotina,27,0,5,819,826
SRR23826107,2497574,class,Monjiviricetes,27,0,6,819,825
SRR23826107,11157,order,Mononegavirales,27,0,7,819,824
SRR23826107,11158,family,Paramyxoviridae,27,0,8,819,823
SRR23826107,2560076,subfamily,Orthoparamyxovirinae,27,0,9,819,822
SRR23826107,186938,genus,Respirovirus,27,0,10,819,821
SRR23826107,12730,species,Human respirovirus 1,27,27,11,819,819
SRR23826107,2732405,phylum,Duplornaviricota,8,0,4,827,833
SRR23826107,2732458,class,Chrymotiviricetes,8,0,5,827,832
SRR23826107,2732540,order,Ghabrivirales,8,0,6,827,831
SRR23826107,11006,family,Totiviridae,8,0,7,827,830
SRR23826107,39756,,unclassified Totiviridae,8,0,8,827,829
SRR23826107,1678183,species,Diatom colony associated virus-Like RNA Segment 3,8,8,9,827,827
SRR23826107,2732406,phylum,Kitrinoviricota,2,0,4,833,838
SRR23826107,2732461,class,Alsuviricetes,2,0,5,833,837
SRR23826107,675063,order,Tymovirales,2,0,6,833,836
SRR23826107,2169568,family,Deltaflexiviridae,2,0,7,833,835
SRR23826107,2169569,genus,Deltaflexivirus,2,2,8,833,833
SRR23826107,2732397,kingdom,Pararnavirae,1,0,3,839,847
SRR23826107,2732409,phylum,Artverviricota,1,0,4,839,846
SRR23826107,2732514,class,Revtraviricetes,1,0,5,839,845
SRR23826107,2169561,order,Ortervirales,1,0,6,839,844
SRR23826107,186534,family,Caulimoviridae,1,0,7,839,843
SRR23826107,10652,genus,Badnavirus,1,0,8,839,842
SRR23826107,325348,,unclassified Badnavirus,1,0,9,839,841
SRR23826107,52996,species,Dioscorea bacilliform virus,1,1,10,839,839
SRR23826107,2731342,,Monodnaviria,211,0,2,848,864
SRR23826107,2732092,kingdom,Shotokuvirae,207,0,3,848,856
SRR23826107,2732416,phylum,Cressdnaviricota,207,0,4,848,855
SRR23826107,2732424,class,Repensiviricetes,207,0,5,848,854
SRR23826107,2732539,order,Geplafuvirales,207,0,6,848,853
SRR23826107,10811,family,Geminiviridae,207,0,7,848,852
SRR23826107,10814,genus,Begomovirus,207,0,8,848,851
SRR23826107,291027,,unclassified Begomovirus,207,0,9,848,850
SRR23826107,1592931,species,Yam yellow spot mosaic virus,207,207,10,848,848
SRR23826107,2732090,kingdom,Loebvirae,4,0,3,856,863
SRR23826107,2732410,phylum,Hofneiviricota,4,0,4,856,862
SRR23826107,2732411,class,Faserviricetes,4,0,5,856,861
SRR23826107,2732094,order,Tubulavirales,4,0,6,856,860
SRR23826107,10860,family,Inoviridae,4,0,7,856,859
SRR23826107,456491,,unclassified Inoviridae,4,0,8,856,858
SRR23826107,2219103,species,Inoviridae sp.,4,4,9,856,856
SRR23826107,2731341,,Duplodnaviria,24,0,2,864,890
SRR23826107,2731360,kingdom,Heunggongvirae,24,0,3,864,889
SRR23826107,2731618,phylum,Uroviricota,23,0,4,864,881
SRR23826107,2731619,class,Caudoviricetes,23,0,5,864,880
SRR23826107,28883,order,Caudovirales,23,3,6,864,879
SRR23826107,2731691,family,Drexlerviridae,17,2,7,864,872
SRR23826107,2732045,subfamily,Braunvirinae,14,1,8,864,868
SRR23826107,2732062,genus,Guelphvirus,13,2,9,864,867
SRR23826107,2753731,,unclassified Guelphvirus,11,0,10,864,866
SRR23826107,2041759,species,Escherichia phage IMM-001,11,11,11,864,864
SRR23826107,2732049,genus,Nouzillyvirus,1,0,8,868,871
SRR23826107,2747485,,unclassified Nouzillyvirus,1,0,9,868,870
SRR23826107,2930318,species,Eschericha phage P818,1,1,10,868,868
SRR23826107,10699,family,Siphoviridae,2,0,7,872,875
SRR23826107,196894,,unclassified Siphoviridae,2,1,8,872,874
SRR23826107,2170413,species,Siphoviridae sp.,1,1,9,872,872
SRR23826107,10662,family,Myoviridae,1,0,7,875,878
SRR23826107,196896,,unclassified Myoviridae,1,0,8,875,877
SRR23826107,2202564,species,Myoviridae sp.,1,1,9,875,875
SRR23826107,2731361,phylum,Peploviricota,1,0,4,881,888
SRR23826107,2731363,class,Herviviricetes,1,0,5,881,887
SRR23826107,548681,order,Herpesvirales,1,0,6,881,886
SRR23826107,10292,family,Herpesviridae,1,0,7,881,885
SRR23826107,10293,subfamily,Alphaherpesvirinae,1,0,8,881,884
SRR23826107,10294,genus,Simplexvirus,1,0,9,881,883
SRR23826107,10298,species,Human alphaherpesvirus 1,1,1,10,881,881
SRR23826107,2732004,,Varidnaviria,4,0,2,890,903
SRR23826107,2732005,kingdom,Bamfordvirae,4,0,3,890,902
SRR23826107,2732008,phylum,Preplasmiviricota,3,0,4,890,895
SRR23826107,2732529,class,Tectiliviricetes,3,0,5,890,894
SRR23826107,2732559,order,Rowavirales,3,0,6,890,893
SRR23826107,10508,family,Adenoviridae,3,0,7,890,892
SRR23826107,10509,genus,Mastadenovirus,3,3,8,890,890
SRR23826107,2732007,phylum,Nucleocytoviricota,1,0,4,895,901
SRR23826107,2732523,class,Megaviricetes,1,0,5,895,900
SRR23826107,2732554,order,Imitervirales,1,0,6,895,899
SRR23826107,549779,family,Mimiviridae,1,0,7,895,898
SRR23826107,985780,,unclassified Mimiviridae,1,0,8,895,897
SRR23826107,2596887,species,Mimiviridae sp. ChoanoV1,1,1,9,895,895
SRR23826108,10239,superkingdom,Viruses,27164,9,1,756,846
SRR23826108,2559587,,Riboviria,26948,0,2,756,809
SRR23826108,2732396,kingdom,Orthornavirae,26945,0,3,756,800
SRR23826108,2732408,phylum,Pisuviricota,26914,0,4,756,778
SRR23826108,2732507,class,Stelpaviricetes,25677,0,5,756,763
SRR23826108,2732550,order,Patatavirales,25677,0,6,756,762
SRR23826108,39729,family,Potyviridae,25677,1,7,756,761
SRR23826108,12195,genus,Potyvirus,25666,1690,8,756,758
SRR23826108,12197,species,Bean yellow mosaic virus,23976,23976,9,756,756
SRR23826108,156208,genus,Macluravirus,10,0,8,758,760
SRR23826108,128818,species,Chinese yam necrotic mosaic virus,10,10,9,758,758
SRR23826108,2732506,class,Pisoniviricetes,1237,0,5,763,777
SRR23826108,464095,order,Picornavirales,1229,0,6,763,768
SRR23826108,675072,family,Secoviridae,1229,0,7,763,767
SRR23826108,675075,subfamily,Comovirinae,1229,0,8,763,766
SRR23826108,12269,genus,Fabavirus,1229,7,9,763,765
SRR23826108,76875,species,Broad bean wilt virus 2,1222,1222,10,763,763
SRR23826108,76804,order,Nidovirales,8,0,6,768,776
SRR23826108,2499399,suborder,Cornidovirineae,8,0,7,768,775
SRR23826108,11118,family,Coronaviridae,8,0,8,768,774
SRR23826108,2501931,subfamily,Orthocoronavirinae,8,0,9,768,773
SRR23826108,694002,genus,Betacoronavirus,8,0,10,768,772
SRR23826108,2509511,subgenus,Sarbecovirus,8,0,11,768,771
SRR23826108,694009,species,Severe acute respiratory syndrome-related coronavirus,8,0,12,768,770
SRR23826108,2697049,,Severe acute respiratory syndrome coronavirus 2,8,8,13,768,768
SRR23826108,2497569,phylum,Negarnaviricota,17,0,4,778,786
SRR23826108,2497570,subphylum,Haploviricotina,17,0,5,778,785
SRR23826108,2497574,class,Monjiviricetes,17,0,6,778,784
SRR23826108,11157,order,Mononegavirales,17,0,7,778,783
SRR23826108,11158,family,Paramyxoviridae,17,0,8,778,782
SRR23826108,2560076,subfamily,Orthoparamyxovirinae,17,0,9,778,781
SRR23826108,186938,genus,Respirovirus,17,0,10,778,780
SRR23826108,12730,species,Human respirovirus 1,17,17,11,778,778
SRR23826108,2732405,phylum,Duplornaviricota,12,0,4,786,792
SRR23826108,2732458,class,Chrymotiviricetes,12,0,5,786,791
SRR23826108,2732540,order,Ghabrivirales,12,0,6,786,790
SRR23826108,11006,family,Totiviridae,12,0,7,786,789
SRR23826108,39756,,unclassified Totiviridae,12,0,8,786,788
SRR23826108,1678183,species,Diatom colony associated virus-Like RNA Segment 3,12,12,9,786,786
SRR23826108,2732406,phylum,Kitrinoviricota,2,0,4,792,799
SRR23826108,2732461,class,Alsuviricetes,2,0,5,792,798
SRR23826108,675063,order,Tymovirales,2,0,6,792,797
SRR23826108,675068,family,Betaflexiviridae,2,0,7,792,796
SRR23826108,1914297,subfamily,Quinvirinae,2,0,8,792,795
SRR23826108,12163,genus,Carlavirus,2,0,9,792,794
SRR23826108,1592930,species,Yam latent virus,2,2,10,792,792
SRR23826108,2732397,kingdom,Pararnavirae,3,0,3,800,808
SRR23826108,2732409,phylum,Artverviricota,3,0,4,800,807
SRR23826108,2732514,class,Revtraviricetes,3,0,5,800,806
SRR23826108,2169561,order,Ortervirales,3,0,6,800,805
SRR23826108,186534,family,Caulimoviridae,3,0,7,800,804
SRR23826108,10652,genus,Badnavirus,3,0,8,800,803
SRR23826108,325348,,unclassified Badnavirus,3,0,9,800,802
SRR23826108,52996,species,Dioscorea bacilliform virus,3,3,10,800,800
SRR23826108,2731342,,Monodnaviria,164,0,2,809,818
SRR23826108,2732092,kingdom,Shotokuvirae,164,0,3,809,817
SRR23826108,2732416,phylum,Cressdnaviricota,164,0,4,809,816
SRR23826108,2732424,class,Repensiviricetes,164,0,5,809,815
SRR23826108,2732539,order,Geplafuvirales,164,0,6,809,814
SRR23826108,10811,family,Geminiviridae,164,0,7,809,813
SRR23826108,10814,genus,Begomovirus,164,0,8,809,812
SRR23826108,291027,,unclassified Begomovirus,164,0,9,809,811
SRR23826108,1592931,species,Yam yellow spot mosaic virus,164,164,10,809,809
SRR23826108,2731341,,Duplodnaviria,43,0,2,818,845
SRR23826108,2731360,kingdom,Heunggongvirae,43,0,3,818,844
SRR23826108,2731618,phylum,Uroviricota,40,0,4,818,836
SRR23826108,2731619,class,Caudoviricetes,40,0,5,818,835
SRR23826108,28883,order,Caudovirales,40,13,6,818,834
SRR23826108,2731691,family,Drexlerviridae,14,3,7,818,826
SRR23826108,2732045,subfamily,Braunvirinae,11,1,8,818,825
SRR23826108,2732062,genus,Guelphvirus,6,0,9,818,821
SRR23826108,2753731,,unclassified Guelphvirus,6,0,10,818,820
SRR23826108,2041759,species,Escherichia phage IMM-001,6,6,11,818,818
SRR23826108,2732061,genus,Christensenvirus,4,0,9,821,824
SRR23826108,2734000,species,Christensenvirus IME542,4,0,10,821,823
SRR23826108,2507711,,Escherichia phage vB_EcoS_IME542,4,4,11,821,821
SRR23826108,10662,family,Myoviridae,10,0,7,826,829
SRR23826108,196896,,unclassified Myoviridae,10,0,8,826,828
SRR23826108,2202564,species,Myoviridae sp.,10,10,9,826,826
SRR23826108,10699,family,Siphoviridae,3,0,7,829,833
SRR23826108,196894,,unclassified Siphoviridae,3,0,8,829,832
SRR23826108,2170413,species,Siphoviridae sp.,2,2,9,829,829
SRR23826108,151536,species,Lactococcus phage bIL286,1,1,9,830,830
SRR23826108,2731361,phylum,Peploviricota,3,0,4,836,843
SRR23826108,2731363,class,Herviviricetes,3,0,5,836,842
SRR23826108,548681,order,Herpesvirales,3,0,6,836,841
SRR23826108,10292,family,Herpesviridae,3,0,7,836,840
SRR23826108,10374,subfamily,Gammaherpesvirinae,3,0,8,836,839
SRR23826108,10375,genus,Lymphocryptovirus,3,0,9,836,838
SRR23826108,10376,species,Human gammaherpesvirus 4,3,3,10,836,836
SRR23826109,10239,superkingdom,Viruses,94375,25,1,2094,2240
SRR23826109,2559587,,Riboviria,93938,0,2,2094,2150
SRR23826109,2732396,kingdom,Orthornavirae,93920,0,3,2094,2141
SRR23826109,2732408,phylum,Pisuviricota,93882,0,4,2094,2116
SRR23826109,2732507,class,Stelpaviricetes,93873,0,5,2094,2101
SRR23826109,2732550,order,Patatavirales,93873,0,6,2094,2100
SRR23826109,39729,family,Potyviridae,93873,3,7,2094,2099
SRR23826109,12195,genus,Potyvirus,93870,5864,8,2094,2098
SRR23826109,12197,species,Bean yellow mosaic virus,87770,87770,9,2094,2094
SRR23826109,79917,species,Japanese yam mosaic virus,235,235,9,2095,2095
SRR23826109,46619,species,Sweet potato virus G,1,1,9,2096,2096
SRR23826109,2732506,class,Pisoniviricetes,9,0,5,2101,2115
SRR23826109,464095,order,Picornavirales,5,0,6,2101,2106
SRR23826109,675072,family,Secoviridae,5,0,7,2101,2105
SRR23826109,675075,subfamily,Comovirinae,5,0,8,2101,2104
SRR23826109,12269,genus,Fabavirus,5,0,9,2101,2103
SRR23826109,76875,species,Broad bean wilt virus 2,5,5,10,2101,2101
SRR23826109,76804,order,Nidovirales,4,0,6,2106,2114
SRR23826109,2499399,suborder,Cornidovirineae,4,0,7,2106,2113
SRR23826109,11118,family,Coronaviridae,4,0,8,2106,2112
SRR23826109,2501931,subfamily,Orthocoronavirinae,4,0,9,2106,2111
SRR23826109,694002,genus,Betacoronavirus,4,0,10,2106,2110
SRR23826109,2509511,subgenus,Sarbecovirus,4,0,11,2106,2109
SRR23826109,694009,species,Severe acute respiratory syndrome-related coronavirus,4,0,12,2106,2108
SRR23826109,2697049,,Severe acute respiratory syndrome coronavirus 2,4,4,13,2106,2106
SRR23826109,2732405,phylum,Duplornaviricota,17,0,4,2116,2122
SRR23826109,2732458,class,Chrymotiviricetes,17,0,5,2116,2121
SRR23826109,2732540,order,Ghabrivirales,17,0,6,2116,2120
SRR23826109,11006,family,Totiviridae,17,0,7,2116,2119
SRR23826109,39756,,unclassified Totiviridae,17,0,8,2116,2118
SRR23826109,1678183,species,Diatom colony associated virus-Like RNA Segment 3,17,17,9,2116,2116
SRR23826109,2732407,phylum,Lenarviricota,13,0,4,2122,2132
SRR23826109,2732499,class,Howeltoviricetes,13,0,5,2122,2131
SRR23826109,2732503,order,Cryppavirales,13,0,6,2122,2130
SRR23826109,2732892,family,Mitoviridae,13,0,7,2122,2129
SRR23826109,186768,genus,Mitovirus,11,0,8,2122,2126
SRR23826109,343865,,unclassified Mitovirus,11,0,9,2122,2125
SRR23826109,2587224,species,Mitovirus sp.,9,9,10,2122,2122
SRR23826109,2879883,species,Sclerotinia sclerotiorum mitovirus 17-U,2,2,10,2123,2123
SRR23826109,2788892,,unclassified Mitoviridae,2,0,8,2126,2128
SRR23826109,2809572,species,Mitoviridae sp.,2,2,9,2126,2126
SRR23826109,2497569,phylum,Negarnaviricota,8,0,4,2132,2140
SRR23826109,2497570,subphylum,Haploviricotina,8,0,5,2132,2139
SRR23826109,2497574,class,Monjiviricetes,8,0,6,2132,2138
SRR23826109,11157,order,Mononegavirales,8,0,7,2132,2137
SRR23826109,11158,family,Paramyxoviridae,8,0,8,2132,2136
SRR23826109,2560076,subfamily,Orthoparamyxovirinae,8,0,9,2132,2135
SRR23826109,186938,genus,Respirovirus,8,0,10,2132,2134
SRR23826109,12730,species,Human respirovirus 1,8,8,11,2132,2132
SRR23826109,2732397,kingdom,Pararnavirae,18,0,3,2141,2149
SRR23826109,2732409,phylum,Artverviricota,18,0,4,2141,2148
SRR23826109,2732514,class,Revtraviricetes,18,0,5,2141,2147
SRR23826109,2169561,order,Ortervirales,18,0,6,2141,2146
SRR23826109,186534,family,Caulimoviridae,18,0,7,2141,2145
SRR23826109,10652,genus,Badnavirus,18,0,8,2141,2144
SRR23826109,325348,,unclassified Badnavirus,18,0,9,2141,2143
SRR23826109,52996,species,Dioscorea bacilliform virus,18,18,10,2141,2141
SRR23826109,2731342,,Monodnaviria,271,0,2,2150,2174
SRR23826109,2732092,kingdom,Shotokuvirae,264,0,3,2150,2166
SRR23826109,2732416,phylum,Cressdnaviricota,263,0,4,2150,2157
SRR23826109,2732424,class,Repensiviricetes,263,0,5,2150,2156
SRR23826109,2732539,order,Geplafuvirales,263,0,6,2150,2155
SRR23826109,10811,family,Geminiviridae,263,0,7,2150,2154
SRR23826109,10814,genus,Begomovirus,263,0,8,2150,2153
SRR23826109,291027,,unclassified Begomovirus,263,0,9,2150,2152
SRR23826109,1592931,species,Yam yellow spot mosaic virus,263,263,10,2150,2150
SRR23826109,2732415,phylum,Cossaviricota,1,0,4,2157,2165
SRR23826109,2732421,class,Papovaviricetes,1,0,5,2157,2164
SRR23826109,2732533,order,Zurhausenvirales,1,0,6,2157,2163
SRR23826109,151340,family,Papillomaviridae,1,0,7,2157,2162
SRR23826109,2169595,subfamily,Firstpapillomavirinae,1,0,8,2157,2161
SRR23826109,325455,genus,Gammapapillomavirus,1,0,9,2157,2160
SRR23826109,333926,species,Gammapapillomavirus 1,1,0,10,2157,2159
SRR23826109,10617,,Human papillomavirus 4,1,1,11,2157,2157
SRR23826109,2732090,kingdom,Loebvirae,7,0,3,2166,2173
SRR23826109,2732410,phylum,Hofneiviricota,7,0,4,2166,2172
SRR23826109,2732411,class,Faserviricetes,7,0,5,2166,2171
SRR23826109,2732094,order,Tubulavirales,7,0,6,2166,2170
SRR23826109,10860,family,Inoviridae,7,0,7,2166,2169
SRR23826109,456491,,unclassified Inoviridae,7,0,8,2166,2168
SRR23826109,2219103,species,Inoviridae sp.,7,7,9,2166,2166
SRR23826109,2731341,,Duplodnaviria,131,0,2,2174,2219
SRR23826109,2731360,kingdom,Heunggongvirae,131,0,3,2174,2218
SRR23826109,2731618,phylum,Uroviricota,127,0,4,2174,2210
SRR23826109,2731619,class,Caudoviricetes,127,0,5,2174,2209
SRR23826109,28883,order,Caudovirales,127,45,6,2174,2208
SRR23826109,2731691,family,Drexlerviridae,57,14,7,2174,2190
SRR23826109,2732045,subfamily,Braunvirinae,38,6,8,2174,2181
SRR23826109,2732062,genus,Guelphvirus,18,8,9,2174,2177
SRR23826109,2753731,,unclassified Guelphvirus,10,0,10,2174,2176
SRR23826109,2041759,species,Escherichia phage IMM-001,10,10,11,2174,2174
SRR23826109,2732061,genus,Christensenvirus,14,0,9,2177,2180
SRR23826109,2734000,species,Christensenvirus IME542,14,0,10,2177,2179
SRR23826109,2507711,,Escherichia phage vB_EcoS_IME542,14,14,11,2177,2177
SRR23826109,2732046,subfamily,Rogunavirinae,3,0,8,2181,2185
SRR23826109,1920866,genus,Rogunavirus,3,0,9,2181,2184
SRR23826109,2269047,,unclassified Rogunavirus,3,0,10,2181,2183
SRR23826109,2797407,species,Escherichia phage vB_EcoS-BECP10,3,3,11,2181,2181
SRR23826109,1910999,subfamily,Tunavirinae,2,0,8,2185,2189
SRR23826109,187217,genus,Tunavirus,2,0,9,2185,2188
SRR23826109,2734023,species,Tunavirus SH2,2,0,10,2185,2187
SRR23826109,1983554,,Escherichia phage vB_EcoS_SH2,2,2,11,2185,2185
SRR23826109,10699,family,Siphoviridae,11,0,7,2190,2195
SRR23826109,196894,,unclassified Siphoviridae,6,0,8,2190,2192
SRR23826109,2170413,species,Siphoviridae sp.,6,6,9,2190,2190
SRR23826109,2732612,subfamily,Dolichocephalovirinae,5,0,8,2192,2194
SRR23826109,2788884,,unclassified Dolichocephalovirinae,5,5,9,2192,2192
SRR23826109,10662,family,Myoviridae,8,0,7,2195,2198
SRR23826109,196896,,unclassified Myoviridae,8,0,8,2195,2197
SRR23826109,2202564,species,Myoviridae sp.,8,8,9,2195,2195
SRR23826109,2560065,family,Herelleviridae,4,0,7,2198,2202
SRR23826109,2560081,subfamily,Twortvirinae,4,0,8,2198,2201
SRR23826109,2562297,,unclassified Twortvirinae,4,0,9,2198,2200
SRR23826109,2870751,species,Staphylococcus phage vB_SsapH-Golestan-100,4,4,10,2198,2198
SRR23826109,2100420,,environmental samples,1,0,7,2202,2204
SRR23826109,2100421,species,uncultured Caudovirales phage,1,1,8,2202,2202
SRR23826109,10744,family,Podoviridae,1,0,7,2204,2207
SRR23826109,196895,,unclassified Podoviridae,1,0,8,2204,2206
SRR23826109,2202567,species,Podoviridae sp.,1,1,9,2204,2204
SRR23826109,2731361,phylum,Peploviricota,4,0,4,2210,2217
SRR23826109,2731363,class,Herviviricetes,4,0,5,2210,2216
SRR23826109,548681,order,Herpesvirales,4,0,6,2210,2215
SRR23826109,10292,family,Herpesviridae,4,0,7,2210,2214
SRR23826109,10374,subfamily,Gammaherpesvirinae,4,0,8,2210,2213
SRR23826109,10375,genus,Lymphocryptovirus,4,0,9,2210,2212
SRR23826109,10376,species,Human gammaherpesvirus 4,4,4,10,2210,2210
SRR23826109,2732004,,Varidnaviria,6,0,2,2219,2234
SRR23826109,2732005,kingdom,Bamfordvirae,6,0,3,2219,2233
SRR23826109,2732008,phylum,Preplasmiviricota,5,0,4,2219,2224
SRR23826109,2732529,class,Tectiliviricetes,5,0,5,2219,2223
SRR23826109,2732559,order,Rowavirales,5,0,6,2219,2222
SRR23826109,10508,family,Adenoviridae,5,0,7,2219,2221
SRR23826109,10509,genus,Mastadenovirus,5,5,8,2219,2219
SRR23826109,2732007,phylum,Nucleocytoviricota,1,0,4,2224,2232
SRR23826109,2732523,class,Megaviricetes,1,0,5,2224,2231
SRR23826109,2732554,order,Imitervirales,1,0,6,2224,2230
SRR23826109,549779,family,Mimiviridae,1,0,7,2224,2229
SRR23826109,985780,,unclassified Mimiviridae,1,0,8,2224,2228
SRR23826109,1977630,subfamily,Klosneuvirinae,1,0,9,2224,2227
SRR23826109,1977639,genus,Klosneuvirus,1,0,10,2224,2226
SRR23826109,1977640,species,Klosneuvirus KNV1,1,1,11,2224,2224
SRR23826109,185751,family,Pospiviroidae,3,0,2,2234,2237
SRR23826109,185753,genus,Pospiviroid,3,0,3,2234,2236
SRR23826109,12890,species,Citrus exocortis viroid,3,3,4,2234,2234
SRR23826109,186616,,environmental samples,1,0,2,2237,2239
SRR23826109,186617,species,uncultured marine virus,1,1,3,2237,2237
SRR23826110,10239,superkingdom,Viruses,331,10,1,670,766
SRR23826110,2731342,,Monodnaviria,208,0,2,670,686
SRR23826110,2732092,kingdom,Shotokuvirae,206,0,3,670,678
SRR23826110,2732416,phylum,Cressdnaviricota,206,0,4,670,677
SRR23826110,2732424,class,Repensiviricetes,206,0,5,670,676
SRR23826110,2732539,order,Geplafuvirales,206,0,6,670,675
SRR23826110,10811,family,Geminiviridae,206,0,7,670,674
SRR23826110,10814,genus,Begomovirus,206,0,8,670,673
SRR23826110,291027,,unclassified Begomovirus,206,0,9,670,672
SRR23826110,1592931,species,Yam yellow spot mosaic virus,206,206,10,670,670
SRR23826110,2732090,kingdom,Loebvirae,2,0,3,678,685
SRR23826110,2732410,phylum,Hofneiviricota,2,0,4,678,684
SRR23826110,2732411,class,Faserviricetes,2,0,5,678,683
SRR23826110,2732094,order,Tubulavirales,2,0,6,678,682
SRR23826110,10860,family,Inoviridae,2,0,7,678,681
SRR23826110,456491,,unclassified Inoviridae,2,0,8,678,680
SRR23826110,2219103,species,Inoviridae sp.,2,2,9,678,678
SRR23826110,2559587,,Riboviria,90,0,2,686,735
SRR23826110,2732396,kingdom,Orthornavirae,69,0,3,686,722
SRR23826110,2732408,phylum,Pisuviricota,52,0,4,686,707
SRR23826110,2732507,class,Stelpaviricetes,29,0,5,686,692
SRR23826110,2732550,order,Patatavirales,29,0,6,686,691
SRR23826110,39729,family,Potyviridae,29,0,7,686,690
SRR23826110,12195,genus,Potyvirus,29,1,8,686,689
SRR23826110,79917,species,Japanese yam mosaic virus,24,24,9,686,686
SRR23826110,12197,species,Bean yellow mosaic virus,4,4,9,687,687
SRR23826110,2732506,class,Pisoniviricetes,23,0,5,692,706
SRR23826110,76804,order,Nidovirales,16,0,6,692,700
SRR23826110,2499399,suborder,Cornidovirineae,16,0,7,692,699
SRR23826110,11118,family,Coronaviridae,16,0,8,692,698
SRR23826110,2501931,subfamily,Orthocoronavirinae,16,0,9,692,697
SRR23826110,694002,genus,Betacoronavirus,16,0,10,692,696
SRR23826110,2509511,subgenus,Sarbecovirus,16,0,11,692,695
SRR23826110,694009,species,Severe acute respiratory syndrome-related coronavirus,16,0,12,692,694
SRR23826110,2697049,,Severe acute respiratory syndrome coronavirus 2,16,16,13,692,692
SRR23826110,464095,order,Picornavirales,7,0,6,700,705
SRR23826110,675072,family,Secoviridae,7,0,7,700,704
SRR23826110,675075,subfamily,Comovirinae,7,0,8,700,703
SRR23826110,12269,genus,Fabavirus,7,0,9,700,702
SRR23826110,76875,species,Broad bean wilt virus 2,7,7,10,700,700
SRR23826110,2497569,phylum,Negarnaviricota,12,0,4,707,715
SRR23826110,2497570,subphylum,Haploviricotina,12,0,5,707,714
SRR23826110,2497574,class,Monjiviricetes,12,0,6,707,713
SRR23826110,11157,order,Mononegavirales,12,0,7,707,712
SRR23826110,11158,family,Paramyxoviridae,12,0,8,707,711
SRR23826110,2560076,subfamily,Orthoparamyxovirinae,12,0,9,707,710
SRR23826110,186938,genus,Respirovirus,12,0,10,707,709
SRR23826110,12730,species,Human respirovirus 1,12,12,11,707,707
SRR23826110,2732405,phylum,Duplornaviricota,5,0,4,715,721
SRR23826110,2732458,class,Chrymotiviricetes,5,0,5,715,720
SRR23826110,2732540,order,Ghabrivirales,5,0,6,715,719
SRR23826110,11006,family,Totiviridae,5,0,7,715,718
SRR23826110,39756,,unclassified Totiviridae,5,0,8,715,717
SRR23826110,1678183,species,Diatom colony associated virus-Like RNA Segment 3,5,5,9,715,715
SRR23826110,2732397,kingdom,Pararnavirae,21,0,3,722,734
SRR23826110,2732409,phylum,Artverviricota,21,0,4,722,733
SRR23826110,2732514,class,Revtraviricetes,21,0,5,722,732
SRR23826110,2169561,order,Ortervirales,21,0,6,722,731
SRR23826110,186534,family,Caulimoviridae,20,0,7,722,726
SRR23826110,10652,genus,Badnavirus,20,0,8,722,725
SRR23826110,325348,,unclassified Badnavirus,20,0,9,722,724
SRR23826110,52996,species,Dioscorea bacilliform virus,20,20,10,722,722
SRR23826110,11632,family,Retroviridae,1,0,7,726,730
SRR23826110,327045,subfamily,Orthoretrovirinae,1,0,8,726,729
SRR23826110,11646,genus,Lentivirus,1,0,9,726,728
SRR23826110,11723,species,Simian immunodeficiency virus,1,1,10,726,726
SRR23826110,2731341,,Duplodnaviria,21,0,2,735,751
SRR23826110,2731360,kingdom,Heunggongvirae,21,0,3,735,750
SRR23826110,2731618,phylum,Uroviricota,21,0,4,735,749
SRR23826110,2731619,class,Caudoviricetes,21,0,5,735,748
SRR23826110,28883,order,Caudovirales,21,4,6,735,747
SRR23826110,10699,family,Siphoviridae,8,0,7,735,738
SRR23826110,196894,,unclassified Siphoviridae,8,4,8,735,737
SRR23826110,2170413,species,Siphoviridae sp.,4,4,9,735,735
SRR23826110,2731691,family,Drexlerviridae,8,0,7,738,743
SRR23826110,2732045,subfamily,Braunvirinae,8,3,8,738,742
SRR23826110,2732061,genus,Christensenvirus,5,0,9,738,741
SRR23826110,2734000,species,Christensenvirus IME542,5,0,10,738,740
SRR23826110,2507711,,Escherichia phage vB_EcoS_IME542,5,5,11,738,738
SRR23826110,10662,family,Myoviridae,1,0,7,743,746
SRR23826110,196896,,unclassified Myoviridae,1,0,8,743,745
SRR23826110,2202564,species,Myoviridae sp.,1,1,9,743,743
SRR23826110,2732004,,Varidnaviria,1,0,2,751,760
SRR23826110,2732005,kingdom,Bamfordvirae,1,0,3,751,759
SRR23826110,2732007,phylum,Nucleocytoviricota,1,0,4,751,758
SRR23826110,2732525,class,Pokkesviricetes,1,0,5,751,757
SRR23826110,2732527,order,Chitovirales,1,0,6,751,756
SRR23826110,10240,family,Poxviridae,1,0,7,751,755
SRR23826110,10241,subfamily,Chordopoxvirinae,1,0,8,751,754
SRR23826110,10242,genus,Orthopoxvirus,1,0,9,751,753
SRR23826110,160796,species,Skunkpox virus,1,1,10,751,751
SRR23826110,12429,,unclassified viruses,1,0,2,760,765
SRR23826110,2204151,,unclassified DNA viruses,1,0,3,760,764
SRR23826110,51368,,unclassified dsDNA viruses,1,0,4,760,763
SRR23826110,2023203,family,Pithoviridae,1,0,5,760,762
SRR23826110,2506601,species,Pithovirus LCDPAC02,1,1,6,760,760
SRR23826111,10239,superkingdom,Viruses,292,6,1,662,747
SRR23826111,2731342,,Monodnaviria,218,0,2,662,671
SRR23826111,2732092,kingdom,Shotokuvirae,218,0,3,662,670
SRR23826111,2732416,phylum,Cressdnaviricota,218,0,4,662,669
SRR23826111,2732424,class,Repensiviricetes,218,0,5,662,668
SRR23826111,2732539,order,Geplafuvirales,218,0,6,662,667
SRR23826111,10811,family,Geminiviridae,218,0,7,662,666
SRR23826111,10814,genus,Begomovirus,218,0,8,662,665
SRR23826111,291027,,unclassified Begomovirus,218,0,9,662,664
SRR23826111,1592931,species,Yam yellow spot mosaic virus,218,218,10,662,662
SRR23826111,2559587,,Riboviria,57,0,2,671,715
SRR23826111,2732396,kingdom,Orthornavirae,53,0,3,671,706
SRR23826111,2732408,phylum,Pisuviricota,32,0,4,671,691
SRR23826111,2732506,class,Pisoniviricetes,29,0,5,671,685
SRR23826111,76804,order,Nidovirales,17,0,6,671,679
SRR23826111,2499399,suborder,Cornidovirineae,17,0,7,671,678
SRR23826111,11118,family,Coronaviridae,17,0,8,671,677
SRR23826111,2501931,subfamily,Orthocoronavirinae,17,0,9,671,676
SRR23826111,694002,genus,Betacoronavirus,17,0,10,671,675
SRR23826111,2509511,subgenus,Sarbecovirus,17,0,11,671,674
SRR23826111,694009,species,Severe acute respiratory syndrome-related coronavirus,17,0,12,671,673
SRR23826111,2697049,,Severe acute respiratory syndrome coronavirus 2,17,17,13,671,671
SRR23826111,464095,order,Picornavirales,12,0,6,679,684
SRR23826111,675072,family,Secoviridae,12,0,7,679,683
SRR23826111,675075,subfamily,Comovirinae,12,0,8,679,682
SRR23826111,12269,genus,Fabavirus,12,0,9,679,681
SRR23826111,76875,species,Broad bean wilt virus 2,12,12,10,679,679
SRR23826111,2732507,class,Stelpaviricetes,3,0,5,685,690
SRR23826111,2732550,order,Patatavirales,3,0,6,685,689
SRR23826111,39729,family,Potyviridae,3,0,7,685,688
SRR23826111,12195,genus,Potyvirus,3,0,8,685,687
SRR23826111,12197,species,Bean yellow mosaic virus,3,3,9,685,685
SRR23826111,2732405,phylum,Duplornaviricota,12,0,4,691,697
SRR23826111,2732458,class,Chrymotiviricetes,12,0,5,691,696
SRR23826111,2732540,order,Ghabrivirales,12,0,6,691,695
SRR23826111,11006,family,Totiviridae,12,0,7,691,694
SRR23826111,39756,,unclassified Totiviridae,12,0,8,691,693
SRR23826111,1678183,species,Diatom colony associated virus-Like RNA Segment 3,12,12,9,691,691
SRR23826111,2497569,phylum,Negarnaviricota,9,0,4,697,705
SRR23826111,2497570,subphylum,Haploviricotina,9,0,5,697,704
SRR23826111,2497574,class,Monjiviricetes,9,0,6,697,703
SRR23826111,11157,order,Mononegavirales,9,0,7,697,702
SRR23826111,11158,family,Paramyxoviridae,9,0,8,697,701
SRR23826111,2560076,subfamily,Orthoparamyxovirinae,9,0,9,697,700
SRR23826111,186938,genus,Respirovirus,9,0,10,697,699
SRR23826111,12730,species,Human respirovirus 1,9,9,11,697,697
SRR23826111,2732397,kingdom,Pararnavirae,4,0,3,706,714
SRR23826111,2732409,phylum,Artverviricota,4,0,4,706,713
SRR23826111,2732514,class,Revtraviricetes,4,0,5,706,712
SRR23826111,2169561,order,Ortervirales,4,0,6,706,711
SRR23826111,186534,family,Caulimoviridae,4,0,7,706,710
SRR23826111,10652,genus,Badnavirus,4,0,8,706,709
SRR23826111,325348,,unclassified Badnavirus,4,0,9,706,708
SRR23826111,52996,species,Dioscorea bacilliform virus,4,4,10,706,706
SRR23826111,2731341,,Duplodnaviria,10,0,2,715,738
SRR23826111,2731360,kingdom,Heunggongvirae,10,0,3,715,737
SRR23826111,2731618,phylum,Uroviricota,9,0,4,715,729
SRR23826111,2731619,class,Caudoviricetes,9,0,5,715,728
SRR23826111,28883,order,Caudovirales,9,1,6,715,727
SRR23826111,2731691,family,Drexlerviridae,6,0,7,715,723
SRR23826111,2732045,subfamily,Braunvirinae,6,0,8,715,722
SRR23826111,2732061,genus,Christensenvirus,3,0,9,715,718
SRR23826111,2734000,species,Christensenvirus IME542,3,0,10,715,717
SRR23826111,2507711,,Escherichia phage vB_EcoS_IME542,3,3,11,715,715
SRR23826111,2732062,genus,Guelphvirus,3,1,9,718,721
SRR23826111,2753731,,unclassified Guelphvirus,2,0,10,718,720
SRR23826111,2041759,species,Escherichia phage IMM-001,2,2,11,718,718
SRR23826111,10662,family,Myoviridae,2,0,7,723,726
SRR23826111,196896,,unclassified Myoviridae,2,0,8,723,725
SRR23826111,2202564,species,Myoviridae sp.,2,2,9,723,723
SRR23826111,2731361,phylum,Peploviricota,1,0,4,729,736
SRR23826111,2731363,class,Herviviricetes,1,0,5,729,735
SRR23826111,548681,order,Herpesvirales,1,0,6,729,734
SRR23826111,10292,family,Herpesviridae,1,0,7,729,733
SRR23826111,10374,subfamily,Gammaherpesvirinae,1,0,8,729,732
SRR23826111,10375,genus,Lymphocryptovirus,1,0,9,729,731
SRR23826111,10376,species,Human gammaherpesvirus 4,1,1,10,729,729
SRR23826111,2732004,,Varidnaviria,1,0,2,738,746
SRR23826111,2732005,kingdom,Bamfordvirae,1,0,3,738,745
SRR23826111,2732007,phylum,Nucleocytoviricota,1,0,4,738,744
SRR23826111,2732523,class,Megaviricetes,1,0,5,738,743
SRR23826111,2732524,order,Algavirales,1,0,6,738,742
SRR23826111,10501,family,Phycodnaviridae,1,0,7,738,741
SRR23826111,455363,,unclassified Phycodnaviridae,1,0,8,738,740
SRR23826111,1499987,species,Prymnesium kappa virus,1,1,9,738,738
SRR23826112,10239,superkingdom,Viruses,434,10,1,769,861
SRR23826112,2731342,,Monodnaviria,230,0,2,769,778
SRR23826112,2732092,kingdom,Shotokuvirae,230,0,3,769,777
SRR23826112,2732416,phylum,Cressdnaviricota,230,0,4,769,776
SRR23826112,2732424,class,Repensiviricetes,230,0,5,769,775
SRR23826112,2732539,order,Geplafuvirales,230,0,6,769,774
SRR23826112,10811,family,Geminiviridae,230,0,7,769,773
SRR23826112,10814,genus,Begomovirus,230,0,8,769,772
SRR23826112,291027,,unclassified Begomovirus,230,0,9,769,771
SRR23826112,1592931,species,Yam yellow spot mosaic virus,230,230,10,769,769
SRR23826112,2559587,,Riboviria,177,0,2,778,830
SRR23826112,2732396,kingdom,Orthornavirae,163,0,3,778,821
SRR23826112,2732408,phylum,Pisuviricota,139,0,4,778,799
SRR23826112,2732506,class,Pisoniviricetes,133,0,5,778,792
SRR23826112,464095,order,Picornavirales,122,0,6,778,783
SRR23826112,675072,family,Secoviridae,122,0,7,778,782
SRR23826112,675075,subfamily,Comovirinae,122,0,8,778,781
SRR23826112,12269,genus,Fabavirus,122,2,9,778,780
SRR23826112,76875,species,Broad bean wilt virus 2,120,120,10,778,778
SRR23826112,76804,order,Nidovirales,11,0,6,783,791
SRR23826112,2499399,suborder,Cornidovirineae,11,0,7,783,790
SRR23826112,11118,family,Coronaviridae,11,0,8,783,789
SRR23826112,2501931,subfamily,Orthocoronavirinae,11,0,9,783,788
SRR23826112,694002,genus,Betacoronavirus,11,0,10,783,787
SRR23826112,2509511,subgenus,Sarbecovirus,11,0,11,783,786
SRR23826112,694009,species,Severe acute respiratory syndrome-related coronavirus,11,0,12,783,785
SRR23826112,2697049,,Severe acute respiratory syndrome coronavirus 2,11,11,13,783,783
SRR23826112,2732507,class,Stelpaviricetes,6,0,5,792,798
SRR23826112,2732550,order,Patatavirales,6,0,6,792,797
SRR23826112,39729,family,Potyviridae,6,0,7,792,796
SRR23826112,156208,genus,Macluravirus,5,0,8,792,794
SRR23826112,128818,species,Chinese yam necrotic mosaic virus,5,5,9,792,792
SRR23826112,12195,genus,Potyvirus,1,1,8,794,794
SRR23826112,2497569,phylum,Negarnaviricota,16,0,4,799,807
SRR23826112,2497570,subphylum,Haploviricotina,16,0,5,799,806
SRR23826112,2497574,class,Monjiviricetes,16,0,6,799,805
SRR23826112,11157,order,Mononegavirales,16,0,7,799,804
SRR23826112,11158,family,Paramyxoviridae,16,0,8,799,803
SRR23826112,2560076,subfamily,Orthoparamyxovirinae,16,0,9,799,802
SRR23826112,186938,genus,Respirovirus,16,0,10,799,801
SRR23826112,12730,species,Human respirovirus 1,16,16,11,799,799
SRR23826112,2732405,phylum,Duplornaviricota,7,0,4,807,813
SRR23826112,2732458,class,Chrymotiviricetes,7,0,5,807,812
SRR23826112,2732540,order,Ghabrivirales,7,0,6,807,811
SRR23826112,11006,family,Totiviridae,7,0,7,807,810
SRR23826112,39756,,unclassified Totiviridae,7,0,8,807,809
SRR23826112,1678183,species,Diatom colony associated virus-Like RNA Segment 3,7,7,9,807,807
SRR23826112,2732406,phylum,Kitrinoviricota,1,0,4,813,820
SRR23826112,2732461,class,Alsuviricetes,1,0,5,813,819
SRR23826112,675063,order,Tymovirales,1,0,6,813,818
SRR23826112,675068,family,Betaflexiviridae,1,0,7,813,817
SRR23826112,1914297,subfamily,Quinvirinae,1,0,8,813,816
SRR23826112,12163,genus,Carlavirus,1,0,9,813,815
SRR23826112,1592930,species,Yam latent virus,1,1,10,813,813
SRR23826112,2732397,kingdom,Pararnavirae,14,0,3,821,829
SRR23826112,2732409,phylum,Artverviricota,14,0,4,821,828
SRR23826112,2732514,class,Revtraviricetes,14,0,5,821,827
SRR23826112,2169561,order,Ortervirales,14,0,6,821,826
SRR23826112,186534,family,Caulimoviridae,14,0,7,821,825
SRR23826112,10652,genus,Badnavirus,14,0,8,821,824
SRR23826112,325348,,unclassified Badnavirus,14,0,9,821,823
SRR23826112,52996,species,Dioscorea bacilliform virus,14,14,10,821,821
SRR23826112,2731341,,Duplodnaviria,16,0,2,830,853
SRR23826112,2731360,kingdom,Heunggongvirae,16,0,3,830,852
SRR23826112,2731618,phylum,Uroviricota,15,0,4,830,844
SRR23826112,2731619,class,Caudoviricetes,15,0,5,830,843
SRR23826112,28883,order,Caudovirales,15,4,6,830,842
SRR23826112,2731691,family,Drexlerviridae,6,3,7,830,835
SRR23826112,2732045,subfamily,Braunvirinae,3,0,8,830,834
SRR23826112,2732062,genus,Guelphvirus,3,0,9,830,833
SRR23826112,2753731,,unclassified Guelphvirus,3,0,10,830,832
SRR23826112,2041759,species,Escherichia phage IMM-001,3,3,11,830,830
SRR23826112,10699,family,Siphoviridae,3,0,7,835,838
SRR23826112,196894,,unclassified Siphoviridae,3,2,8,835,837
SRR23826112,2170413,species,Siphoviridae sp.,1,1,9,835,835
SRR23826112,10662,family,Myoviridae,2,0,7,838,841
SRR23826112,196896,,unclassified Myoviridae,2,0,8,838,840
SRR23826112,2202564,species,Myoviridae sp.,2,2,9,838,838
SRR23826112,2731361,phylum,Peploviricota,1,0,4,844,851
SRR23826112,2731363,class,Herviviricetes,1,0,5,844,850
SRR23826112,548681,order,Herpesvirales,1,0,6,844,849
SRR23826112,10292,family,Herpesviridae,1,0,7,844,848
SRR23826112,10293,subfamily,Alphaherpesvirinae,1,0,8,844,847
SRR23826112,10294,genus,Simplexvirus,1,0,9,844,846
SRR23826112,10298,species,Human alphaherpesvirus 1,1,1,10,844,844
SRR23826112,2732004,,Varidnaviria,1,0,2,853,860
SRR23826112,2732005,kingdom,Bamfordvirae,1,0,3,853,859
SRR23826112,2732008,phylum,Preplasmiviricota,1,0,4,853,858
SRR23826112,2732529,class,Tectiliviricetes,1,0,5,853,857
SRR23826112,2732559,order,Rowavirales,1,0,6,853,856
SRR23826112,10508,family,Adenoviridae,1,0,7,853,855
SRR23826112,10509,genus,Mastadenovirus,1,1,8,853,853
SRR23826113,10239,superkingdom,Viruses,436,17,1,999,1112
SRR23826113,2731342,,Monodnaviria,226,0,2,999,1008
SRR23826113,2732092,kingdom,Shotokuvirae,226,0,3,999,1007
SRR23826113,2732416,phylum,Cressdnaviricota,226,0,4,999,1006
SRR23826113,2732424,class,Repensiviricetes,226,0,5,999,1005
SRR23826113,2732539,order,Geplafuvirales,226,0,6,999,1004
SRR23826113,10811,family,Geminiviridae,226,0,7,999,1003
SRR23826113,10814,genus,Begomovirus,226,0,8,999,1002
SRR23826113,291027,,unclassified Begomovirus,226,0,9,999,1001
SRR23826113,1592931,species,Yam yellow spot mosaic virus,226,226,10,999,999
SRR23826113,2731341,,Duplodnaviria,116,0,2,1008,1053
SRR23826113,2731360,kingdom,Heunggongvirae,116,0,3,1008,1052
SRR23826113,2731618,phylum,Uroviricota,116,0,4,1008,1051
SRR23826113,2731619,class,Caudoviricetes,116,6,5,1008,1050
SRR23826113,28883,order,Caudovirales,108,9,6,1008,1043
SRR23826113,2560065,family,Herelleviridae,70,0,7,1008,1015
SRR23826113,2572872,,unclassified Herelleviridae,67,0,8,1008,1010
SRR23826113,2495576,species,Aerococcus phage vB_AviM_AVP,67,67,9,1008,1008
SRR23826113,2560081,subfamily,Twortvirinae,3,0,8,1010,1014
SRR23826113,1857843,genus,Kayvirus,3,0,9,1010,1013
SRR23826113,1970745,,unclassified Kayvirus,3,0,10,1010,1012
SRR23826113,2490449,species,Staphylococcus phage Stab21,3,3,11,1010,1010
SRR23826113,10662,family,Myoviridae,9,0,7,1015,1024
SRR23826113,2842519,subfamily,Twarogvirinae,4,0,8,1015,1018
SRR23826113,2842716,genus,Hadassahvirus,4,0,9,1015,1017
SRR23826113,2852393,,unclassified Hadassahvirus,4,4,10,1015,1015
SRR23826113,196896,,unclassified Myoviridae,3,1,8,1018,1020
SRR23826113,2202564,species,Myoviridae sp.,2,2,9,1018,1018
SRR23826113,2843399,genus,Kanagawavirus,2,0,8,1020,1023
SRR23826113,2844109,species,Kanagawavirus pei20,1,1,9,1020,1020
SRR23826113,2852473,,unclassified Kanagawavirus,1,1,9,1021,1021
SRR23826113,2731691,family,Drexlerviridae,9,3,7,1024,1028
SRR23826113,2732045,subfamily,Braunvirinae,6,0,8,1024,1027
SRR23826113,2743968,,unclassified Braunvirinae,6,0,9,1024,1026
SRR23826113,2750857,species,Escherichia phage vB_EcoS_FP,6,6,10,1024,1024
SRR23826113,10699,family,Siphoviridae,8,0,7,1028,1031
SRR23826113,196894,,unclassified Siphoviridae,8,0,8,1028,1030
SRR23826113,2170413,species,Siphoviridae sp.,8,8,9,1028,1028
SRR23826113,2731643,family,Autographiviridae,2,0,7,1031,1039
SRR23826113,2731645,subfamily,Beijerinckvirinae,1,0,8,1031,1034
SRR23826113,2771509,,unclassified Beijerinckvirinae,1,0,9,1031,1033
SRR23826113,2759203,species,Acinetobacter phage Aristophanes,1,1,10,1031,1031
SRR23826113,2731653,subfamily,Studiervirinae,1,0,8,1034,1038
SRR23826113,2732692,genus,Pijolavirus,1,0,9,1034,1037
SRR23826113,2788522,,unclassified Pijolavirus,1,0,10,1034,1036
SRR23826113,2914026,species,Pseudomonas phage Pf17397_F_PD1,1,1,11,1034,1034
SRR23826113,10744,family,Podoviridae,1,0,7,1039,1042
SRR23826113,196895,,unclassified Podoviridae,1,0,8,1039,1041
SRR23826113,2692944,species,Marine virus AFVG_117M30,1,1,9,1039,1039
SRR23826113,2946162,family,Mesyanzhinovviridae,1,0,6,1043,1048
SRR23826113,2946626,subfamily,Bradleyvirinae,1,0,7,1043,1047
SRR23826113,2948956,genus,Xooduovirus,1,0,8,1043,1046
SRR23826113,2956702,species,Xooduovirus Xoosp2,1,0,9,1043,1045
SRR23826113,1852622,,Xanthomonas phage Xoo-sp2,1,1,10,1043,1043
SRR23826113,1978007,order,Crassvirales,1,1,6,1048,1048
SRR23826113,2559587,,Riboviria,72,0,2,1053,1103
SRR23826113,2732396,kingdom,Orthornavirae,65,0,3,1053,1094
SRR23826113,2732408,phylum,Pisuviricota,32,0,4,1053,1079
SRR23826113,2732507,class,Stelpaviricetes,23,0,5,1053,1061
SRR23826113,2732550,order,Patatavirales,23,0,6,1053,1060
SRR23826113,39729,family,Potyviridae,23,0,7,1053,1059
SRR23826113,12195,genus,Potyvirus,21,0,8,1053,1056
SRR23826113,79917,species,Japanese yam mosaic virus,18,18,9,1053,1053
SRR23826113,12197,species,Bean yellow mosaic virus,3,3,9,1054,1054
SRR23826113,156208,genus,Macluravirus,2,0,8,1056,1058
SRR23826113,128818,species,Chinese yam necrotic mosaic virus,2,2,9,1056,1056
SRR23826113,2732506,class,Pisoniviricetes,9,0,5,1061,1078
SRR23826113,76804,order,Nidovirales,7,0,6,1061,1069
SRR23826113,2499399,suborder,Cornidovirineae,7,0,7,1061,1068
SRR23826113,11118,family,Coronaviridae,7,0,8,1061,1067
SRR23826113,2501931,subfamily,Orthocoronavirinae,7,0,9,1061,1066
SRR23826113,694002,genus,Betacoronavirus,7,0,10,1061,1065
SRR23826113,2509511,subgenus,Sarbecovirus,7,0,11,1061,1064
SRR23826113,694009,species,Severe acute respiratory syndrome-related coronavirus,7,0,12,1061,1063
SRR23826113,2697049,,Severe acute respiratory syndrome coronavirus 2,7,7,13,1061,1061
SRR23826113,464095,order,Picornavirales,2,0,6,1069,1077
SRR23826113,12058,family,Picornaviridae,1,0,7,1069,1072
SRR23826113,12059,genus,Enterovirus,1,0,8,1069,1071
SRR23826113,463676,species,Rhinovirus C,1,1,9,1069,1069
SRR23826113,675072,family,Secoviridae,1,0,7,1072,1076
SRR23826113,675075,subfamily,Comovirinae,1,0,8,1072,1075
SRR23826113,12269,genus,Fabavirus,1,0,9,1072,1074
SRR23826113,76875,species,Broad bean wilt virus 2,1,1,10,1072,1072
SRR23826113,2732405,phylum,Duplornaviricota,17,0,4,1079,1085
SRR23826113,2732458,class,Chrymotiviricetes,17,0,5,1079,1084
SRR23826113,2732540,order,Ghabrivirales,17,0,6,1079,1083
SRR23826113,11006,family,Totiviridae,17,0,7,1079,1082
SRR23826113,39756,,unclassified Totiviridae,17,0,8,1079,1081
SRR23826113,1678183,species,Diatom colony associated virus-Like RNA Segment 3,17,17,9,1079,1079
SRR23826113,2497569,phylum,Negarnaviricota,16,0,4,1085,1093
SRR23826113,2497570,subphylum,Haploviricotina,16,0,5,1085,1092
SRR23826113,2497574,class,Monjiviricetes,16,0,6,1085,1091
SRR23826113,11157,order,Mononegavirales,16,0,7,1085,1090
SRR23826113,11158,family,Paramyxoviridae,16,0,8,1085,1089
SRR23826113,2560076,subfamily,Orthoparamyxovirinae,16,0,9,1085,1088
SRR23826113,186938,genus,Respirovirus,16,0,10,1085,1087
SRR23826113,12730,species,Human respirovirus 1,16,16,11,1085,1085
SRR23826113,2732397,kingdom,Pararnavirae,7,0,3,1094,1102
SRR23826113,2732409,phylum,Artverviricota,7,0,4,1094,1101
SRR23826113,2732514,class,Revtraviricetes,7,0,5,1094,1100
SRR23826113,2169561,order,Ortervirales,7,0,6,1094,1099
SRR23826113,186534,family,Caulimoviridae,7,0,7,1094,1098
SRR23826113,10652,genus,Badnavirus,7,0,8,1094,1097
SRR23826113,325348,,unclassified Badnavirus,7,0,9,1094,1096
SRR23826113,52996,species,Dioscorea bacilliform virus,7,7,10,1094,1094
SRR23826113,2732004,,Varidnaviria,5,0,2,1103,1111
SRR23826113,2732005,kingdom,Bamfordvirae,5,0,3,1103,1110
SRR23826113,2732008,phylum,Preplasmiviricota,5,0,4,1103,1109
SRR23826113,2732529,class,Tectiliviricetes,5,0,5,1103,1108
SRR23826113,2732559,order,Rowavirales,5,0,6,1103,1107
SRR23826113,10508,family,Adenoviridae,5,0,7,1103,1106
SRR23826113,10509,genus,Mastadenovirus,5,4,8,1103,1105
SRR23826113,129951,species,Human mastadenovirus C,1,1,9,1103,1103
SRR23826114,10239,superkingdom,Viruses,357,4,1,885,989
SRR23826114,2559587,,Riboviria,171,0,2,885,948
SRR23826114,2732396,kingdom,Orthornavirae,168,0,3,885,939
SRR23826114,2732408,phylum,Pisuviricota,127,0,4,885,905
SRR23826114,2732507,class,Stelpaviricetes,99,0,5,885,890
SRR23826114,2732550,order,Patatavirales,99,0,6,885,889
SRR23826114,39729,family,Potyviridae,99,0,7,885,888
SRR23826114,12195,genus,Potyvirus,99,0,8,885,887
SRR23826114,79917,species,Japanese yam mosaic virus,99,99,9,885,885
SRR23826114,2732506,class,Pisoniviricetes,28,0,5,890,904
SRR23826114,464095,order,Picornavirales,25,2,6,890,895
SRR23826114,675072,family,Secoviridae,23,0,7,890,894
SRR23826114,675075,subfamily,Comovirinae,23,0,8,890,893
SRR23826114,12269,genus,Fabavirus,23,0,9,890,892
SRR23826114,76875,species,Broad bean wilt virus 2,23,23,10,890,890
SRR23826114,76804,order,Nidovirales,3,0,6,895,903
SRR23826114,2499399,suborder,Cornidovirineae,3,0,7,895,902
SRR23826114,11118,family,Coronaviridae,3,0,8,895,901
SRR23826114,2501931,subfamily,Orthocoronavirinae,3,0,9,895,900
SRR23826114,694002,genus,Betacoronavirus,3,0,10,895,899
SRR23826114,2509511,subgenus,Sarbecovirus,3,0,11,895,898
SRR23826114,694009,species,Severe acute respiratory syndrome-related coronavirus,3,0,12,895,897
SRR23826114,2697049,,Severe acute respiratory syndrome coronavirus 2,3,3,13,895,895
SRR23826114,2732407,phylum,Lenarviricota,15,0,4,905,916
SRR23826114,2732499,class,Howeltoviricetes,15,0,5,905,915
SRR23826114,2732503,order,Cryppavirales,15,0,6,905,914
SRR23826114,2732892,family,Mitoviridae,15,0,7,905,913
SRR23826114,186768,genus,Mitovirus,15,0,8,905,912
SRR23826114,343865,,unclassified Mitovirus,15,8,9,905,911
SRR23826114,1435446,species,Sclerotinia sclerotiorum mitovirus 6,2,2,10,905,905
SRR23826114,2231671,species,Sclerotinia sclerotiorum mitovirus 12-A,2,2,10,906,906
SRR23826114,2879895,species,Sclerotinia sclerotiorum mitovirus 9-U,1,1,10,907,907
SRR23826114,1435447,species,Sclerotinia sclerotiorum mitovirus 7,1,1,10,908,908
SRR23826114,2231693,species,Sclerotinia sclerotiorum mitovirus 8-A,1,1,10,909,909
SRR23826114,2497569,phylum,Negarnaviricota,13,0,4,916,924
SRR23826114,2497570,subphylum,Haploviricotina,13,0,5,916,923
SRR23826114,2497574,class,Monjiviricetes,13,0,6,916,922
SRR23826114,11157,order,Mononegavirales,13,0,7,916,921
SRR23826114,11158,family,Paramyxoviridae,13,0,8,916,920
SRR23826114,2560076,subfamily,Orthoparamyxovirinae,13,0,9,916,919
SRR23826114,186938,genus,Respirovirus,13,0,10,916,918
SRR23826114,12730,species,Human respirovirus 1,13,13,11,916,916
SRR23826114,2732406,phylum,Kitrinoviricota,9,0,4,924,932
SRR23826114,2732463,class,Tolucaviricetes,9,0,5,924,931
SRR23826114,2732548,order,Tolivirales,9,0,6,924,930
SRR23826114,39738,family,Tombusviridae,9,0,7,924,929
SRR23826114,2560072,subfamily,Calvusvirinae,9,0,8,924,928
SRR23826114,39734,genus,Umbravirus,9,0,9,924,927
SRR23826114,473783,,unclassified Umbravirus,9,4,10,924,926
SRR23826114,1435450,species,Sclerotinia sclerotiorum umbra-like virus 1,5,5,11,924,924
SRR23826114,2732405,phylum,Duplornaviricota,4,0,4,932,938
SRR23826114,2732458,class,Chrymotiviricetes,4,0,5,932,937
SRR23826114,2732540,order,Ghabrivirales,4,0,6,932,936
SRR23826114,11006,family,Totiviridae,4,0,7,932,935
SRR23826114,39756,,unclassified Totiviridae,4,0,8,932,934
SRR23826114,1678183,species,Diatom colony associated virus-Like RNA Segment 3,4,4,9,932,932
SRR23826114,2732397,kingdom,Pararnavirae,3,0,3,939,947
SRR23826114,2732409,phylum,Artverviricota,3,0,4,939,946
SRR23826114,2732514,class,Revtraviricetes,3,0,5,939,945
SRR23826114,2169561,order,Ortervirales,3,0,6,939,944
SRR23826114,186534,family,Caulimoviridae,3,0,7,939,943
SRR23826114,10652,genus,Badnavirus,3,0,8,939,942
SRR23826114,325348,,unclassified Badnavirus,3,0,9,939,941
SRR23826114,52996,species,Dioscorea bacilliform virus,3,3,10,939,939
SRR23826114,2731342,,Monodnaviria,154,0,2,948,957
SRR23826114,2732092,kingdom,Shotokuvirae,154,0,3,948,956
SRR23826114,2732416,phylum,Cressdnaviricota,154,0,4,948,955
SRR23826114,2732424,class,Repensiviricetes,154,0,5,948,954
SRR23826114,2732539,order,Geplafuvirales,154,0,6,948,953
SRR23826114,10811,family,Geminiviridae,154,0,7,948,952
SRR23826114,10814,genus,Begomovirus,154,0,8,948,951
SRR23826114,291027,,unclassified Begomovirus,154,0,9,948,950
SRR23826114,1592931,species,Yam yellow spot mosaic virus,154,154,10,948,948
SRR23826114,2731341,,Duplodnaviria,28,0,2,957,988
SRR23826114,2731360,kingdom,Heunggongvirae,28,0,3,957,987
SRR23826114,2731618,phylum,Uroviricota,27,0,4,957,979
SRR23826114,2731619,class,Caudoviricetes,27,0,5,957,978
SRR23826114,28883,order,Caudovirales,27,9,6,957,977
SRR23826114,2731691,family,Drexlerviridae,14,2,7,957,968
SRR23826114,2732045,subfamily,Braunvirinae,10,6,8,957,963
SRR23826114,2732062,genus,Guelphvirus,3,1,9,957,960
SRR23826114,2753731,,unclassified Guelphvirus,2,0,10,957,959
SRR23826114,2041759,species,Escherichia phage IMM-001,2,2,11,957,957
SRR23826114,2743968,,unclassified Braunvirinae,1,0,9,960,962
SRR23826114,2750857,species,Escherichia phage vB_EcoS_FP,1,1,10,960,960
SRR23826114,2732046,subfamily,Rogunavirinae,2,0,8,963,967
SRR23826114,1920866,genus,Rogunavirus,2,0,9,963,966
SRR23826114,2269047,,unclassified Rogunavirus,2,0,10,963,965
SRR23826114,2797407,species,Escherichia phage vB_EcoS-BECP10,2,2,11,963,963
SRR23826114,10699,family,Siphoviridae,3,0,7,968,972
SRR23826114,196894,,unclassified Siphoviridae,2,0,8,968,970
SRR23826114,2170413,species,Siphoviridae sp.,2,2,9,968,968
SRR23826114,1299429,genus,Yuavirus,1,1,8,970,970
SRR23826114,10662,family,Myoviridae,1,0,7,972,976
SRR23826114,2843376,genus,Donellivirus,1,0,8,972,975
SRR23826114,1084719,species,Donellivirus gee,1,0,9,972,974
SRR23826114,2884420,,Bacillus phage G,1,1,10,972,972
SRR23826114,2731361,phylum,Peploviricota,1,0,4,979,986
SRR23826114,2731363,class,Herviviricetes,1,0,5,979,985
SRR23826114,548681,order,Herpesvirales,1,0,6,979,984
SRR23826114,10292,family,Herpesviridae,1,0,7,979,983
SRR23826114,10293,subfamily,Alphaherpesvirinae,1,0,8,979,982
SRR23826114,10319,genus,Varicellovirus,1,0,9,979,981
SRR23826114,10345,species,Suid alphaherpesvirus 1,1,1,10,979,979
SRR23826115,10239,superkingdom,Viruses,433,9,1,906,1034
SRR23826115,2731342,,Monodnaviria,195,0,2,906,922
SRR23826115,2732092,kingdom,Shotokuvirae,192,0,3,906,914
SRR23826115,2732416,phylum,Cressdnaviricota,192,0,4,906,913
SRR23826115,2732424,class,Repensiviricetes,192,0,5,906,912
SRR23826115,2732539,order,Geplafuvirales,192,0,6,906,911
SRR23826115,10811,family,Geminiviridae,192,0,7,906,910
SRR23826115,10814,genus,Begomovirus,192,0,8,906,909
SRR23826115,291027,,unclassified Begomovirus,192,0,9,906,908
SRR23826115,1592931,species,Yam yellow spot mosaic virus,192,192,10,906,906
SRR23826115,2732090,kingdom,Loebvirae,3,0,3,914,921
SRR23826115,2732410,phylum,Hofneiviricota,3,0,4,914,920
SRR23826115,2732411,class,Faserviricetes,3,0,5,914,919
SRR23826115,2732094,order,Tubulavirales,3,0,6,914,918
SRR23826115,10860,family,Inoviridae,3,0,7,914,917
SRR23826115,456491,,unclassified Inoviridae,3,0,8,914,916
SRR23826115,2219103,species,Inoviridae sp.,3,3,9,914,914
SRR23826115,2559587,,Riboviria,175,0,2,922,987
SRR23826115,2732396,kingdom,Orthornavirae,166,0,3,922,978
SRR23826115,2732408,phylum,Pisuviricota,116,0,4,922,943
SRR23826115,2732507,class,Stelpaviricetes,85,0,5,922,928
SRR23826115,2732550,order,Patatavirales,85,0,6,922,927
SRR23826115,39729,family,Potyviridae,85,0,7,922,926
SRR23826115,12195,genus,Potyvirus,85,3,8,922,925
SRR23826115,79917,species,Japanese yam mosaic virus,79,79,9,922,922
SRR23826115,12197,species,Bean yellow mosaic virus,3,3,9,923,923
SRR23826115,2732506,class,Pisoniviricetes,31,0,5,928,942
SRR23826115,464095,order,Picornavirales,17,0,6,928,933
SRR23826115,675072,family,Secoviridae,17,0,7,928,932
SRR23826115,675075,subfamily,Comovirinae,17,0,8,928,931
SRR23826115,12269,genus,Fabavirus,17,0,9,928,930
SRR23826115,76875,species,Broad bean wilt virus 2,17,17,10,928,928
SRR23826115,76804,order,Nidovirales,14,0,6,933,941
SRR23826115,2499399,suborder,Cornidovirineae,14,0,7,933,940
SRR23826115,11118,family,Coronaviridae,14,0,8,933,939
SRR23826115,2501931,subfamily,Orthocoronavirinae,14,0,9,933,938
SRR23826115,694002,genus,Betacoronavirus,14,0,10,933,937
SRR23826115,2509511,subgenus,Sarbecovirus,14,0,11,933,936
SRR23826115,694009,species,Severe acute respiratory syndrome-related coronavirus,14,0,12,933,935
SRR23826115,2697049,,Severe acute respiratory syndrome coronavirus 2,14,14,13,933,933
SRR23826115,2732406,phylum,Kitrinoviricota,18,0,4,943,951
SRR23826115,2732463,class,Tolucaviricetes,18,0,5,943,950
SRR23826115,2732548,order,Tolivirales,18,0,6,943,949
SRR23826115,39738,family,Tombusviridae,18,0,7,943,948
SRR23826115,2560072,subfamily,Calvusvirinae,18,0,8,943,947
SRR23826115,39734,genus,Umbravirus,18,0,9,943,946
SRR23826115,473783,,unclassified Umbravirus,18,5,10,943,945
SRR23826115,1435450,species,Sclerotinia sclerotiorum umbra-like virus 1,13,13,11,943,943
SRR23826115,2732407,phylum,Lenarviricota,14,0,4,951,963
SRR23826115,2732499,class,Howeltoviricetes,14,0,5,951,962
SRR23826115,2732503,order,Cryppavirales,14,0,6,951,961
SRR23826115,2732892,family,Mitoviridae,14,0,7,951,960
SRR23826115,186768,genus,Mitovirus,14,0,8,951,959
SRR23826115,343865,,unclassified Mitovirus,14,4,9,951,958
SRR23826115,1435446,species,Sclerotinia sclerotiorum mitovirus 6,5,5,10,951,951
SRR23826115,1435447,species,Sclerotinia sclerotiorum mitovirus 7,1,1,10,952,952
SRR23826115,2231672,species,Sclerotinia sclerotiorum mitovirus 14-A,1,1,10,953,953
SRR23826115,2879886,species,Sclerotinia sclerotiorum mitovirus 40,1,1,10,954,954
SRR23826115,1435445,species,Sclerotinia sclerotiorum mitovirus 5,1,1,10,955,955
SRR23826115,2231677,species,Sclerotinia sclerotiorum mitovirus 25,1,1,10,956,956
SRR23826115,2497569,phylum,Negarnaviricota,12,0,4,963,971
SRR23826115,2497570,subphylum,Haploviricotina,12,0,5,963,970
SRR23826115,2497574,class,Monjiviricetes,12,0,6,963,969
SRR23826115,11157,order,Mononegavirales,12,0,7,963,968
SRR23826115,11158,family,Paramyxoviridae,12,0,8,963,967
SRR23826115,2560076,subfamily,Orthoparamyxovirinae,12,0,9,963,966
SRR23826115,186938,genus,Respirovirus,12,0,10,963,965
SRR23826115,12730,species,Human respirovirus 1,12,12,11,963,963
SRR23826115,2732405,phylum,Duplornaviricota,6,0,4,971,977
SRR23826115,2732458,class,Chrymotiviricetes,6,0,5,971,976
SRR23826115,2732540,order,Ghabrivirales,6,0,6,971,975
SRR23826115,11006,family,Totiviridae,6,0,7,971,974
SRR23826115,39756,,unclassified Totiviridae,6,0,8,971,973
SRR23826115,1678183,species,Diatom colony associated virus-Like RNA Segment 3,6,6,9,971,971
SRR23826115,2732397,kingdom,Pararnavirae,9,0,3,978,986
SRR23826115,2732409,phylum,Artverviricota,9,0,4,978,985
SRR23826115,2732514,class,Revtraviricetes,9,0,5,978,984
SRR23826115,2169561,order,Ortervirales,9,0,6,978,983
SRR23826115,186534,family,Caulimoviridae,9,0,7,978,982
SRR23826115,10652,genus,Badnavirus,9,0,8,978,981
SRR23826115,325348,,unclassified Badnavirus,9,0,9,978,980
SRR23826115,52996,species,Dioscorea bacilliform virus,9,9,10,978,978
SRR23826115,2731341,,Duplodnaviria,51,0,2,987,1021
SRR23826115,2731360,kingdom,Heunggongvirae,51,0,3,987,1020
SRR23826115,2731618,phylum,Uroviricota,50,0,4,987,1012
SRR23826115,2731619,class,Caudoviricetes,50,0,5,987,1011
SRR23826115,28883,order,Caudovirales,48,23,6,987,1006
SRR23826115,2731691,family,Drexlerviridae,14,1,7,987,996
SRR23826115,2732045,subfamily,Braunvirinae,12,0,8,987,991
SRR23826115,2732062,genus,Guelphvirus,12,5,9,987,990
SRR23826115,2753731,,unclassified Guelphvirus,7,0,10,987,989
SRR23826115,2041759,species,Escherichia phage IMM-001,7,7,11,987,987
SRR23826115,2732046,subfamily,Rogunavirinae,1,0,8,991,995
SRR23826115,1920866,genus,Rogunavirus,1,0,9,991,994
SRR23826115,2269047,,unclassified Rogunavirus,1,0,10,991,993
SRR23826115,2797407,species,Escherichia phage vB_EcoS-BECP10,1,1,11,991,991
SRR23826115,10699,family,Siphoviridae,10,0,7,996,1002
SRR23826115,196894,,unclassified Siphoviridae,5,0,8,996,998
SRR23826115,2170413,species,Siphoviridae sp.,5,5,9,996,996
SRR23826115,1982251,genus,Pahexavirus,5,4,8,998,1001
SRR23826115,1982300,species,Pahexavirus PHL199M00,1,0,9,998,1000
SRR23826115,1500830,,Propionibacterium phage PHL199M00,1,1,10,998,998
SRR23826115,10662,family,Myoviridae,1,0,7,1002,1005
SRR23826115,196896,,unclassified Myoviridae,1,0,8,1002,1004
SRR23826115,2202564,species,Myoviridae sp.,1,1,9,1002,1002
SRR23826115,2943001,family,Casjensviridae,2,0,6,1006,1010
SRR23826115,2560222,genus,Sanovirus,2,0,7,1006,1009
SRR23826115,2706128,,unclassified Sanovirus,2,0,8,1006,1008
SRR23826115,2939133,species,Xanthomonas phage Seregon,2,2,9,1006,1006
SRR23826115,2731361,phylum,Peploviricota,1,0,4,1012,1019
SRR23826115,2731363,class,Herviviricetes,1,0,5,1012,1018
SRR23826115,548681,order,Herpesvirales,1,0,6,1012,1017
SRR23826115,10292,family,Herpesviridae,1,0,7,1012,1016
SRR23826115,10293,subfamily,Alphaherpesvirinae,1,0,8,1012,1015
SRR23826115,10319,genus,Varicellovirus,1,0,9,1012,1014
SRR23826115,10345,species,Suid alphaherpesvirus 1,1,1,10,1012,1012
SRR23826115,2732004,,Varidnaviria,2,0,2,1021,1028
SRR23826115,2732005,kingdom,Bamfordvirae,2,0,3,1021,1027
SRR23826115,2732008,phylum,Preplasmiviricota,2,0,4,1021,1026
SRR23826115,2732529,class,Tectiliviricetes,2,0,5,1021,1025
SRR23826115,2732559,order,Rowavirales,2,0,6,1021,1024
SRR23826115,10508,family,Adenoviridae,2,0,7,1021,1023
SRR23826115,10509,genus,Mastadenovirus,2,2,8,1021,1021
SRR23826115,12429,,unclassified viruses,1,0,2,1028,1033
SRR23826115,2204151,,unclassified DNA viruses,1,0,3,1028,1032
SRR23826115,51368,,unclassified dsDNA viruses,1,0,4,1028,1031
SRR23826115,2023203,family,Pithoviridae,1,0,5,1028,1030
SRR23826115,2506586,species,Pithovirus LCPAC101,1,1,6,1028,1028
SRR23826116,10239,superkingdom,Viruses,1566,113,1,1598,1749
SRR23826116,2559587,,Riboviria,892,0,2,1598,1685
SRR23826116,2732396,kingdom,Orthornavirae,860,0,3,1598,1674
SRR23826116,2732408,phylum,Pisuviricota,748,0,4,1598,1619
SRR23826116,2732507,class,Stelpaviricetes,731,0,5,1598,1604
SRR23826116,2732550,order,Patatavirales,731,0,6,1598,1603
SRR23826116,39729,family,Potyviridae,731,0,7,1598,1602
SRR23826116,12195,genus,Potyvirus,731,19,8,1598,1601
SRR23826116,79917,species,Japanese yam mosaic virus,524,524,9,1598,1598
SRR23826116,12197,species,Bean yellow mosaic virus,188,188,9,1599,1599
SRR23826116,2732506,class,Pisoniviricetes,17,0,5,1604,1618
SRR23826116,464095,order,Picornavirales,15,0,6,1604,1609
SRR23826116,675072,family,Secoviridae,15,0,7,1604,1608
SRR23826116,675075,subfamily,Comovirinae,15,0,8,1604,1607
SRR23826116,12269,genus,Fabavirus,15,0,9,1604,1606
SRR23826116,76875,species,Broad bean wilt virus 2,15,15,10,1604,1604
SRR23826116,76804,order,Nidovirales,2,0,6,1609,1617
SRR23826116,2499399,suborder,Cornidovirineae,2,0,7,1609,1616
SRR23826116,11118,family,Coronaviridae,2,0,8,1609,1615
SRR23826116,2501931,subfamily,Orthocoronavirinae,2,0,9,1609,1614
SRR23826116,694002,genus,Betacoronavirus,2,0,10,1609,1613
SRR23826116,2509511,subgenus,Sarbecovirus,2,0,11,1609,1612
SRR23826116,694009,species,Severe acute respiratory syndrome-related coronavirus,2,0,12,1609,1611
SRR23826116,2697049,,Severe acute respiratory syndrome coronavirus 2,2,2,13,1609,1609
SRR23826116,2732406,phylum,Kitrinoviricota,37,0,4,1619,1632
SRR23826116,2732463,class,Tolucaviricetes,30,0,5,1619,1626
SRR23826116,2732548,order,Tolivirales,30,0,6,1619,1625
SRR23826116,39738,family,Tombusviridae,30,0,7,1619,1624
SRR23826116,2560072,subfamily,Calvusvirinae,30,0,8,1619,1623
SRR23826116,39734,genus,Umbravirus,30,0,9,1619,1622
SRR23826116,473783,,unclassified Umbravirus,30,15,10,1619,1621
SRR23826116,1435450,species,Sclerotinia sclerotiorum umbra-like virus 1,15,15,11,1619,1619
SRR23826116,2732461,class,Alsuviricetes,7,0,5,1626,1631
SRR23826116,2732544,order,Martellivirales,7,0,6,1626,1630
SRR23826116,675071,family,Virgaviridae,7,0,7,1626,1629
SRR23826116,12234,genus,Tobamovirus,7,0,8,1626,1628
SRR23826116,1761477,species,Tomato brown rugose fruit virus,7,7,9,1626,1626
SRR23826116,2732407,phylum,Lenarviricota,36,0,4,1632,1655
SRR23826116,2732499,class,Howeltoviricetes,35,0,5,1632,1648
SRR23826116,2732503,order,Cryppavirales,35,0,6,1632,1647
SRR23826116,2732892,family,Mitoviridae,35,0,7,1632,1646
SRR23826116,186768,genus,Mitovirus,35,0,8,1632,1645
SRR23826116,343865,,unclassified Mitovirus,35,9,9,1632,1644
SRR23826116,1435446,species,Sclerotinia sclerotiorum mitovirus 6,12,12,10,1632,1632
SRR23826116,1435447,species,Sclerotinia sclerotiorum mitovirus 7,3,3,10,1633,1633
SRR23826116,2231676,species,Sclerotinia sclerotiorum mitovirus 24,3,3,10,1634,1634
SRR23826116,1708328,species,Sclerotinia sclerotiorum mitovirus 19,1,1,10,1635,1635
SRR23826116,2231671,species,Sclerotinia sclerotiorum mitovirus 12-A,1,1,10,1636,1636
SRR23826116,2822889,species,Sclerotinia sclerotiorum mitovirus 38,1,1,10,1637,1637
SRR23826116,2879883,species,Sclerotinia sclerotiorum mitovirus 17-U,1,1,10,1638,1638
SRR23826116,2879886,species,Sclerotinia sclerotiorum mitovirus 40,1,1,10,1639,1639
SRR23826116,2879895,species,Sclerotinia sclerotiorum mitovirus 9-U,1,1,10,1640,1640
SRR23826116,1435445,species,Sclerotinia sclerotiorum mitovirus 5,1,1,10,1641,1641
SRR23826116,2231686,species,Sclerotinia sclerotiorum mitovirus 34-A,1,1,10,1642,1642
SRR23826116,2732498,class,Amabiliviricetes,1,0,5,1648,1654
SRR23826116,2732502,order,Wolframvirales,1,0,6,1648,1653
SRR23826116,186766,family,Narnaviridae,1,0,7,1648,1652
SRR23826116,186767,genus,Narnavirus,1,0,8,1648,1651
SRR23826116,908833,,unclassified Narnavirus,1,0,9,1648,1650
SRR23826116,2879907,species,Sclerotinia sclerotiorum narnavirus 4-U,1,1,10,1648,1648
SRR23826116,2732405,phylum,Duplornaviricota,33,0,4,1655,1661
SRR23826116,2732458,class,Chrymotiviricetes,33,0,5,1655,1660
SRR23826116,2732540,order,Ghabrivirales,33,0,6,1655,1659
SRR23826116,11006,family,Totiviridae,33,0,7,1655,1658
SRR23826116,39756,,unclassified Totiviridae,33,0,8,1655,1657
SRR23826116,1678183,species,Diatom colony associated virus-Like RNA Segment 3,33,33,9,1655,1655
SRR23826116,2497569,phylum,Negarnaviricota,6,0,4,1661,1673
SRR23826116,2497570,subphylum,Haploviricotina,6,0,5,1661,1672
SRR23826116,2497574,class,Monjiviricetes,6,0,6,1661,1671
SRR23826116,11157,order,Mononegavirales,6,0,7,1661,1670
SRR23826116,11158,family,Paramyxoviridae,5,0,8,1661,1665
SRR23826116,2560076,subfamily,Orthoparamyxovirinae,5,0,9,1661,1664
SRR23826116,186938,genus,Respirovirus,5,0,10,1661,1663
SRR23826116,12730,species,Human respirovirus 1,5,5,11,1661,1661
SRR23826116,2501987,family,Lispiviridae,1,0,8,1665,1669
SRR23826116,1884456,genus,Arlivirus,1,0,9,1665,1668
SRR23826116,2746350,,unclassified Arlivirus,1,0,10,1665,1667
SRR23826116,2792567,species,Hemipteran arli-related virus OKIAV95,1,1,11,1665,1665
SRR23826116,2732397,kingdom,Pararnavirae,20,0,3,1674,1682
SRR23826116,2732409,phylum,Artverviricota,20,0,4,1674,1681
SRR23826116,2732514,class,Revtraviricetes,20,0,5,1674,1680
SRR23826116,2169561,order,Ortervirales,20,0,6,1674,1679
SRR23826116,186534,family,Caulimoviridae,20,0,7,1674,1678
SRR23826116,10652,genus,Badnavirus,20,0,8,1674,1677
SRR23826116,325348,,unclassified Badnavirus,20,0,9,1674,1676
SRR23826116,52996,species,Dioscorea bacilliform virus,20,20,10,1674,1674
SRR23826116,2585030,,unclassified Riboviria,12,0,3,1682,1684
SRR23826116,2585031,species,Riboviria sp.,12,12,4,1682,1682
SRR23826116,2731341,,Duplodnaviria,316,0,2,1685,1720
SRR23826116,2731360,kingdom,Heunggongvirae,316,0,3,1685,1719
SRR23826116,2731618,phylum,Uroviricota,309,0,4,1685,1711
SRR23826116,2731619,class,Caudoviricetes,309,0,5,1685,1710
SRR23826116,28883,order,Caudovirales,309,134,6,1685,1709
SRR23826116,2731691,family,Drexlerviridae,116,8,7,1685,1700
SRR23826116,2732045,subfamily,Braunvirinae,82,32,8,1685,1692
SRR23826116,2732062,genus,Guelphvirus,49,7,9,1685,1688
SRR23826116,2753731,,unclassified Guelphvirus,42,0,10,1685,1687
SRR23826116,2041759,species,Escherichia phage IMM-001,42,42,11,1685,1685
SRR23826116,2732061,genus,Christensenvirus,1,0,9,1688,1691
SRR23826116,2734000,species,Christensenvirus IME542,1,0,10,1688,1690
SRR23826116,2507711,,Escherichia phage vB_EcoS_IME542,1,1,11,1688,1688
SRR23826116,2732046,subfamily,Rogunavirinae,21,0,8,1692,1696
SRR23826116,1920866,genus,Rogunavirus,21,0,9,1692,1695
SRR23826116,2269047,,unclassified Rogunavirus,21,0,10,1692,1694
SRR23826116,2797407,species,Escherichia phage vB_EcoS-BECP10,21,21,11,1692,1692
SRR23826116,2732049,genus,Nouzillyvirus,5,0,8,1696,1699
SRR23826116,2747485,,unclassified Nouzillyvirus,5,0,9,1696,1698
SRR23826116,2930318,species,Eschericha phage P818,5,5,10,1696,1696
SRR23826116,10699,family,Siphoviridae,30,9,7,1700,1703
SRR23826116,196894,,unclassified Siphoviridae,21,3,8,1700,1702
SRR23826116,2170413,species,Siphoviridae sp.,18,18,9,1700,1700
SRR23826116,10662,family,Myoviridae,29,0,7,1703,1708
SRR23826116,196896,,unclassified Myoviridae,22,0,8,1703,1705
SRR23826116,2202564,species,Myoviridae sp.,22,22,9,1703,1703
SRR23826116,2560128,genus,Eneladusvirus,7,0,8,1705,1707
SRR23826116,2560849,species,Eneladusvirus Yen904,7,7,9,1705,1705
SRR23826116,2731361,phylum,Peploviricota,7,0,4,1711,1718
SRR23826116,2731363,class,Herviviricetes,7,0,5,1711,1717
SRR23826116,548681,order,Herpesvirales,7,0,6,1711,1716
SRR23826116,10292,family,Herpesviridae,7,0,7,1711,1715
SRR23826116,10374,subfamily,Gammaherpesvirinae,7,0,8,1711,1714
SRR23826116,10375,genus,Lymphocryptovirus,7,0,9,1711,1713
SRR23826116,10376,species,Human gammaherpesvirus 4,7,7,10,1711,1711
SRR23826116,2731342,,Monodnaviria,175,0,2,1720,1729
SRR23826116,2732092,kingdom,Shotokuvirae,175,0,3,1720,1728
SRR23826116,2732416,phylum,Cressdnaviricota,175,0,4,1720,1727
SRR23826116,2732424,class,Repensiviricetes,175,0,5,1720,1726
SRR23826116,2732539,order,Geplafuvirales,175,0,6,1720,1725
SRR23826116,10811,family,Geminiviridae,175,0,7,1720,1724
SRR23826116,10814,genus,Begomovirus,175,0,8,1720,1723
SRR23826116,291027,,unclassified Begomovirus,175,0,9,1720,1722
SRR23826116,1592931,species,Yam yellow spot mosaic virus,175,175,10,1720,1720
SRR23826116,2732004,,Varidnaviria,70,0,2,1729,1748
SRR23826116,2732005,kingdom,Bamfordvirae,70,0,3,1729,1747
SRR23826116,2732008,phylum,Preplasmiviricota,61,0,4,1729,1735
SRR23826116,2732529,class,Tectiliviricetes,61,0,5,1729,1734
SRR23826116,2732559,order,Rowavirales,61,0,6,1729,1733
SRR23826116,10508,family,Adenoviridae,61,0,7,1729,1732
SRR23826116,10509,genus,Mastadenovirus,61,46,8,1729,1731
SRR23826116,129951,species,Human mastadenovirus C,15,15,9,1729,1729
SRR23826116,2732007,phylum,Nucleocytoviricota,9,0,4,1735,1746
SRR23826116,2732523,class,Megaviricetes,9,0,5,1735,1745
SRR23826116,2732554,order,Imitervirales,9,0,6,1735,1744
SRR23826116,549779,family,Mimiviridae,9,0,7,1735,1743
SRR23826116,985780,,unclassified Mimiviridae,8,0,8,1735,1739
SRR23826116,1977630,subfamily,Klosneuvirinae,8,0,9,1735,1738
SRR23826116,1977636,genus,Hokovirus,8,0,10,1735,1737
SRR23826116,1977638,species,Hokovirus HKV1,8,8,11,1735,1735
SRR23826116,315393,genus,Mimivirus,1,0,8,1739,1742
SRR23826116,2501774,,unclassified Mimivirus,1,0,9,1739,1741
SRR23826116,2506608,species,Mimivirus LCMiAC01,1,1,10,1739,1739
SRR23826117,10239,superkingdom,Viruses,716,27,1,1377,1522
SRR23826117,2559587,,Riboviria,390,0,2,1377,1452
SRR23826117,2732396,kingdom,Orthornavirae,388,0,3,1377,1443
SRR23826117,2732408,phylum,Pisuviricota,287,0,4,1377,1400
SRR23826117,2732507,class,Stelpaviricetes,144,0,5,1377,1385
SRR23826117,2732550,order,Patatavirales,144,0,6,1377,1384
SRR23826117,39729,family,Potyviridae,144,0,7,1377,1383
SRR23826117,12195,genus,Potyvirus,141,0,8,1377,1380
SRR23826117,79917,species,Japanese yam mosaic virus,140,140,9,1377,1377
SRR23826117,12197,species,Bean yellow mosaic virus,1,1,9,1378,1378
SRR23826117,156208,genus,Macluravirus,3,0,8,1380,1382
SRR23826117,128818,species,Chinese yam necrotic mosaic virus,3,3,9,1380,1380
SRR23826117,2732506,class,Pisoniviricetes,143,0,5,1385,1399
SRR23826117,464095,order,Picornavirales,134,0,6,1385,1390
SRR23826117,675072,family,Secoviridae,134,0,7,1385,1389
SRR23826117,675075,subfamily,Comovirinae,134,0,8,1385,1388
SRR23826117,12269,genus,Fabavirus,134,0,9,1385,1387
SRR23826117,76875,species,Broad bean wilt virus 2,134,134,10,1385,1385
SRR23826117,76804,order,Nidovirales,9,0,6,1390,1398
SRR23826117,2499399,suborder,Cornidovirineae,9,0,7,1390,1397
SRR23826117,11118,family,Coronaviridae,9,0,8,1390,1396
SRR23826117,2501931,subfamily,Orthocoronavirinae,9,0,9,1390,1395
SRR23826117,694002,genus,Betacoronavirus,9,0,10,1390,1394
SRR23826117,2509511,subgenus,Sarbecovirus,9,0,11,1390,1393
SRR23826117,694009,species,Severe acute respiratory syndrome-related coronavirus,9,0,12,1390,1392
SRR23826117,2697049,,Severe acute respiratory syndrome coronavirus 2,9,9,13,1390,1390
SRR23826117,2732407,phylum,Lenarviricota,44,0,4,1400,1414
SRR23826117,2732499,class,Howeltoviricetes,44,0,5,1400,1413
SRR23826117,2732503,order,Cryppavirales,44,0,6,1400,1412
SRR23826117,2732892,family,Mitoviridae,44,0,7,1400,1411
SRR23826117,186768,genus,Mitovirus,44,0,8,1400,1410
SRR23826117,343865,,unclassified Mitovirus,44,22,9,1400,1409
SRR23826117,1435446,species,Sclerotinia sclerotiorum mitovirus 6,10,10,10,1400,1400
SRR23826117,1435445,species,Sclerotinia sclerotiorum mitovirus 5,2,2,10,1401,1401
SRR23826117,2231671,species,Sclerotinia sclerotiorum mitovirus 12-A,2,2,10,1402,1402
SRR23826117,2879895,species,Sclerotinia sclerotiorum mitovirus 9-U,2,2,10,1403,1403
SRR23826117,1435448,species,Sclerotinia sclerotiorum mitovirus 8,2,2,10,1404,1404
SRR23826117,2231686,species,Sclerotinia sclerotiorum mitovirus 34-A,2,2,10,1405,1405
SRR23826117,2879886,species,Sclerotinia sclerotiorum mitovirus 40,1,1,10,1406,1406
SRR23826117,2231693,species,Sclerotinia sclerotiorum mitovirus 8-A,1,1,10,1407,1407
SRR23826117,2732406,phylum,Kitrinoviricota,30,0,4,1414,1425
SRR23826117,2732463,class,Tolucaviricetes,30,0,5,1414,1424
SRR23826117,2732548,order,Tolivirales,30,0,6,1414,1423
SRR23826117,39738,family,Tombusviridae,30,0,7,1414,1422
SRR23826117,2560072,subfamily,Calvusvirinae,23,0,8,1414,1418
SRR23826117,39734,genus,Umbravirus,23,0,9,1414,1417
SRR23826117,473783,,unclassified Umbravirus,23,7,10,1414,1416
SRR23826117,1435450,species,Sclerotinia sclerotiorum umbra-like virus 1,16,16,11,1414,1414
SRR23826117,2560077,subfamily,Procedovirinae,7,0,8,1418,1421
SRR23826117,12141,genus,Tombusvirus,7,1,9,1418,1420
SRR23826117,12145,species,Tomato bushy stunt virus,6,6,10,1418,1418
SRR23826117,2732405,phylum,Duplornaviricota,20,0,4,1425,1431
SRR23826117,2732458,class,Chrymotiviricetes,20,0,5,1425,1430
SRR23826117,2732540,order,Ghabrivirales,20,0,6,1425,1429
SRR23826117,11006,family,Totiviridae,20,0,7,1425,1428
SRR23826117,39756,,unclassified Totiviridae,20,0,8,1425,1427
SRR23826117,1678183,species,Diatom colony associated virus-Like RNA Segment 3,20,20,9,1425,1425
SRR23826117,2497569,phylum,Negarnaviricota,7,0,4,1431,1442
SRR23826117,2497570,subphylum,Haploviricotina,7,0,5,1431,1441
SRR23826117,2497574,class,Monjiviricetes,7,0,6,1431,1440
SRR23826117,11157,order,Mononegavirales,7,0,7,1431,1439
SRR23826117,11158,family,Paramyxoviridae,6,0,8,1431,1435
SRR23826117,2560076,subfamily,Orthoparamyxovirinae,6,0,9,1431,1434
SRR23826117,186938,genus,Respirovirus,6,0,10,1431,1433
SRR23826117,12730,species,Human respirovirus 1,6,6,11,1431,1431
SRR23826117,11244,family,Pneumoviridae,1,0,8,1435,1438
SRR23826117,1868215,genus,Orthopneumovirus,1,0,9,1435,1437
SRR23826117,11250,species,Human orthopneumovirus,1,1,10,1435,1435
SRR23826117,2732397,kingdom,Pararnavirae,2,0,3,1443,1451
SRR23826117,2732409,phylum,Artverviricota,2,0,4,1443,1450
SRR23826117,2732514,class,Revtraviricetes,2,0,5,1443,1449
SRR23826117,2169561,order,Ortervirales,2,0,6,1443,1448
SRR23826117,186534,family,Caulimoviridae,2,0,7,1443,1447
SRR23826117,10652,genus,Badnavirus,2,0,8,1443,1446
SRR23826117,325348,,unclassified Badnavirus,2,0,9,1443,1445
SRR23826117,52996,species,Dioscorea bacilliform virus,2,2,10,1443,1443
SRR23826117,2731342,,Monodnaviria,205,0,2,1452,1461
SRR23826117,2732092,kingdom,Shotokuvirae,205,0,3,1452,1460
SRR23826117,2732416,phylum,Cressdnaviricota,205,0,4,1452,1459
SRR23826117,2732424,class,Repensiviricetes,205,0,5,1452,1458
SRR23826117,2732539,order,Geplafuvirales,205,0,6,1452,1457
SRR23826117,10811,family,Geminiviridae,205,0,7,1452,1456
SRR23826117,10814,genus,Begomovirus,205,0,8,1452,1455
SRR23826117,291027,,unclassified Begomovirus,205,0,9,1452,1454
SRR23826117,1592931,species,Yam yellow spot mosaic virus,205,205,10,1452,1452
SRR23826117,2731341,,Duplodnaviria,79,0,2,1461,1506
SRR23826117,2731360,kingdom,Heunggongvirae,79,0,3,1461,1505
SRR23826117,2731618,phylum,Uroviricota,78,0,4,1461,1497
SRR23826117,2731619,class,Caudoviricetes,78,0,5,1461,1496
SRR23826117,28883,order,Caudovirales,78,20,6,1461,1495
SRR23826117,2731691,family,Drexlerviridae,40,0,7,1461,1478
SRR23826117,2732045,subfamily,Braunvirinae,32,5,8,1461,1470
SRR23826117,2732062,genus,Guelphvirus,15,11,9,1461,1464
SRR23826117,2753731,,unclassified Guelphvirus,4,0,10,1461,1463
SRR23826117,2041759,species,Escherichia phage IMM-001,4,4,11,1461,1461
SRR23826117,2732061,genus,Christensenvirus,7,0,9,1464,1467
SRR23826117,2734000,species,Christensenvirus IME542,7,0,10,1464,1466
SRR23826117,2507711,,Escherichia phage vB_EcoS_IME542,7,7,11,1464,1464
SRR23826117,2743968,,unclassified Braunvirinae,5,0,9,1467,1469
SRR23826117,2750857,species,Escherichia phage vB_EcoS_FP,5,5,10,1467,1467
SRR23826117,1910999,subfamily,Tunavirinae,6,0,8,1470,1474
SRR23826117,187217,genus,Tunavirus,6,2,9,1470,1473
SRR23826117,2734023,species,Tunavirus SH2,4,0,10,1470,1472
SRR23826117,1983554,,Escherichia phage vB_EcoS_SH2,4,4,11,1470,1470
SRR23826117,2732049,genus,Nouzillyvirus,2,0,8,1474,1477
SRR23826117,2747485,,unclassified Nouzillyvirus,2,0,9,1474,1476
SRR23826117,2930318,species,Eschericha phage P818,2,2,10,1474,1474
SRR23826117,10699,family,Siphoviridae,11,0,7,1478,1483
SRR23826117,196894,,unclassified Siphoviridae,10,0,8,1478,1481
SRR23826117,2170413,species,Siphoviridae sp.,7,7,9,1478,1478
SRR23826117,2948602,species,Brevundimonas phage vB_BpoS-Leszy,3,3,9,1479,1479
SRR23826117,1623305,genus,Skunavirus,1,1,8,1481,1481
SRR23826117,2731643,family,Autographiviridae,3,0,7,1483,1486
SRR23826117,2731653,subfamily,Studiervirinae,3,0,8,1483,1485
SRR23826117,2732693,genus,Teetrevirus,3,3,9,1483,1483
SRR23826117,10662,family,Myoviridae,2,0,7,1486,1489
SRR23826117,196896,,unclassified Myoviridae,2,0,8,1486,1488
SRR23826117,2202564,species,Myoviridae sp.,2,2,9,1486,1486
SRR23826117,10744,family,Podoviridae,1,0,7,1489,1492
SRR23826117,196895,,unclassified Podoviridae,1,0,8,1489,1491
SRR23826117,2202567,species,Podoviridae sp.,1,1,9,1489,1489
SRR23826117,2731690,family,Demerecviridae,1,0,7,1492,1494
SRR23826117,2732013,subfamily,Markadamsvirinae,1,1,8,1492,1492
SRR23826117,2731361,phylum,Peploviricota,1,0,4,1497,1504
SRR23826117,2731363,class,Herviviricetes,1,0,5,1497,1503
SRR23826117,548681,order,Herpesvirales,1,0,6,1497,1502
SRR23826117,10292,family,Herpesviridae,1,0,7,1497,1501
SRR23826117,10357,subfamily,Betaherpesvirinae,1,0,8,1497,1500
SRR23826117,10358,genus,Cytomegalovirus,1,0,9,1497,1499
SRR23826117,10359,species,Human betaherpesvirus 5,1,1,10,1497,1497
SRR23826117,2732004,,Varidnaviria,15,0,2,1506,1521
SRR23826117,2732005,kingdom,Bamfordvirae,15,0,3,1506,1520
SRR23826117,2732008,phylum,Preplasmiviricota,14,0,4,1506,1512
SRR23826117,2732529,class,Tectiliviricetes,14,0,5,1506,1511
SRR23826117,2732559,order,Rowavirales,14,0,6,1506,1510
SRR23826117,10508,family,Adenoviridae,14,0,7,1506,1509
SRR23826117,10509,genus,Mastadenovirus,14,10,8,1506,1508
SRR23826117,129951,species,Human mastadenovirus C,4,4,9,1506,1506
SRR23826117,2732007,phylum,Nucleocytoviricota,1,0,4,1512,1519
SRR23826117,2732525,class,Pokkesviricetes,1,0,5,1512,1518
SRR23826117,2732527,order,Chitovirales,1,0,6,1512,1517
SRR23826117,10240,family,Poxviridae,1,0,7,1512,1516
SRR23826117,10241,subfamily,Chordopoxvirinae,1,0,8,1512,1515
SRR23826117,10242,genus,Orthopoxvirus,1,0,9,1512,1514
SRR23826117,160796,species,Skunkpox virus,1,1,10,1512,1512
SRR23826118,10239,superkingdom,Viruses,16989,25,1,1219,1352
SRR23826118,2559587,,Riboviria,16678,0,2,1219,1277
SRR23826118,2732396,kingdom,Orthornavirae,16661,0,3,1219,1268
SRR23826118,2732408,phylum,Pisuviricota,16631,0,4,1219,1240
SRR23826118,2732507,class,Stelpaviricetes,16616,0,5,1219,1225
SRR23826118,2732550,order,Patatavirales,16616,0,6,1219,1224
SRR23826118,39729,family,Potyviridae,16616,2,7,1219,1223
SRR23826118,12195,genus,Potyvirus,16614,1382,8,1219,1222
SRR23826118,12197,species,Bean yellow mosaic virus,13616,13616,9,1219,1219
SRR23826118,79917,species,Japanese yam mosaic virus,1616,1616,9,1220,1220
SRR23826118,2732506,class,Pisoniviricetes,15,0,5,1225,1239
SRR23826118,464095,order,Picornavirales,13,0,6,1225,1230
SRR23826118,675072,family,Secoviridae,13,0,7,1225,1229
SRR23826118,675075,subfamily,Comovirinae,13,0,8,1225,1228
SRR23826118,12269,genus,Fabavirus,13,0,9,1225,1227
SRR23826118,76875,species,Broad bean wilt virus 2,13,13,10,1225,1225
SRR23826118,76804,order,Nidovirales,2,0,6,1230,1238
SRR23826118,2499399,suborder,Cornidovirineae,2,0,7,1230,1237
SRR23826118,11118,family,Coronaviridae,2,0,8,1230,1236
SRR23826118,2501931,subfamily,Orthocoronavirinae,2,0,9,1230,1235
SRR23826118,694002,genus,Betacoronavirus,2,0,10,1230,1234
SRR23826118,2509511,subgenus,Sarbecovirus,2,0,11,1230,1233
SRR23826118,694009,species,Severe acute respiratory syndrome-related coronavirus,2,0,12,1230,1232
SRR23826118,2697049,,Severe acute respiratory syndrome coronavirus 2,2,2,13,1230,1230
SRR23826118,2732406,phylum,Kitrinoviricota,13,0,4,1240,1245
SRR23826118,2732461,class,Alsuviricetes,13,0,5,1240,1244
SRR23826118,675063,order,Tymovirales,13,0,6,1240,1243
SRR23826118,2169568,family,Deltaflexiviridae,13,0,7,1240,1242
SRR23826118,2169569,genus,Deltaflexivirus,13,13,8,1240,1240
SRR23826118,2732407,phylum,Lenarviricota,8,0,4,1245,1253
SRR23826118,2732499,class,Howeltoviricetes,8,0,5,1245,1252
SRR23826118,2732503,order,Cryppavirales,8,0,6,1245,1251
SRR23826118,2732892,family,Mitoviridae,8,0,7,1245,1250
SRR23826118,186768,genus,Mitovirus,8,0,8,1245,1249
SRR23826118,343865,,unclassified Mitovirus,8,0,9,1245,1248
SRR23826118,2587224,species,Mitovirus sp.,5,5,10,1245,1245
SRR23826118,2879883,species,Sclerotinia sclerotiorum mitovirus 17-U,3,3,10,1246,1246
SRR23826118,2497569,phylum,Negarnaviricota,6,0,4,1253,1261
SRR23826118,2497570,subphylum,Haploviricotina,6,0,5,1253,1260
SRR23826118,2497574,class,Monjiviricetes,6,0,6,1253,1259
SRR23826118,11157,order,Mononegavirales,6,0,7,1253,1258
SRR23826118,11158,family,Paramyxoviridae,6,0,8,1253,1257
SRR23826118,2560076,subfamily,Orthoparamyxovirinae,6,0,9,1253,1256
SRR23826118,186938,genus,Respirovirus,6,0,10,1253,1255
SRR23826118,12730,species,Human respirovirus 1,6,6,11,1253,1253
SRR23826118,2732405,phylum,Duplornaviricota,3,0,4,1261,1267
SRR23826118,2732458,class,Chrymotiviricetes,3,0,5,1261,1266
SRR23826118,2732540,order,Ghabrivirales,3,0,6,1261,1265
SRR23826118,11006,family,Totiviridae,3,0,7,1261,1264
SRR23826118,39756,,unclassified Totiviridae,3,0,8,1261,1263
SRR23826118,1678183,species,Diatom colony associated virus-Like RNA Segment 3,3,3,9,1261,1261
SRR23826118,2732397,kingdom,Pararnavirae,17,0,3,1268,1276
SRR23826118,2732409,phylum,Artverviricota,17,0,4,1268,1275
SRR23826118,2732514,class,Revtraviricetes,17,0,5,1268,1274
SRR23826118,2169561,order,Ortervirales,17,0,6,1268,1273
SRR23826118,186534,family,Caulimoviridae,17,0,7,1268,1272
SRR23826118,10652,genus,Badnavirus,17,0,8,1268,1271
SRR23826118,325348,,unclassified Badnavirus,17,0,9,1268,1270
SRR23826118,52996,species,Dioscorea bacilliform virus,17,17,10,1268,1268
SRR23826118,2731342,,Monodnaviria,235,0,2,1277,1293
SRR23826118,2732092,kingdom,Shotokuvirae,231,0,3,1277,1285
SRR23826118,2732416,phylum,Cressdnaviricota,231,0,4,1277,1284
SRR23826118,2732424,class,Repensiviricetes,231,0,5,1277,1283
SRR23826118,2732539,order,Geplafuvirales,231,0,6,1277,1282
SRR23826118,10811,family,Geminiviridae,231,0,7,1277,1281
SRR23826118,10814,genus,Begomovirus,231,0,8,1277,1280
SRR23826118,291027,,unclassified Begomovirus,231,0,9,1277,1279
SRR23826118,1592931,species,Yam yellow spot mosaic virus,231,231,10,1277,1277
SRR23826118,2732090,kingdom,Loebvirae,4,0,3,1285,1292
SRR23826118,2732410,phylum,Hofneiviricota,4,0,4,1285,1291
SRR23826118,2732411,class,Faserviricetes,4,0,5,1285,1290
SRR23826118,2732094,order,Tubulavirales,4,0,6,1285,1289
SRR23826118,10860,family,Inoviridae,4,0,7,1285,1288
SRR23826118,456491,,unclassified Inoviridae,4,0,8,1285,1287
SRR23826118,2219103,species,Inoviridae sp.,4,4,9,1285,1285
SRR23826118,2731341,,Duplodnaviria,38,0,2,1293,1327
SRR23826118,2731360,kingdom,Heunggongvirae,38,0,3,1293,1326
SRR23826118,2731618,phylum,Uroviricota,33,0,4,1293,1315
SRR23826118,2731619,class,Caudoviricetes,33,0,5,1293,1314
SRR23826118,28883,order,Caudovirales,33,0,6,1293,1313
SRR23826118,2731691,family,Drexlerviridae,21,0,7,1293,1301
SRR23826118,2732049,genus,Nouzillyvirus,12,0,8,1293,1296
SRR23826118,2747485,,unclassified Nouzillyvirus,12,0,9,1293,1295
SRR23826118,2930318,species,Eschericha phage P818,12,12,10,1293,1293
SRR23826118,2732045,subfamily,Braunvirinae,9,2,8,1296,1300
SRR23826118,2732062,genus,Guelphvirus,7,0,9,1296,1299
SRR23826118,2753731,,unclassified Guelphvirus,7,0,10,1296,1298
SRR23826118,2041759,species,Escherichia phage IMM-001,7,7,11,1296,1296
SRR23826118,10662,family,Myoviridae,7,0,7,1301,1304
SRR23826118,196896,,unclassified Myoviridae,7,0,8,1301,1303
SRR23826118,2202564,species,Myoviridae sp.,7,7,9,1301,1301
SRR23826118,10699,family,Siphoviridae,4,0,7,1304,1307
SRR23826118,196894,,unclassified Siphoviridae,4,0,8,1304,1306
SRR23826118,2170413,species,Siphoviridae sp.,4,4,9,1304,1304
SRR23826118,2731643,family,Autographiviridae,1,0,7,1307,1312
SRR23826118,2731653,subfamily,Studiervirinae,1,0,8,1307,1311
SRR23826118,2732692,genus,Pijolavirus,1,0,9,1307,1310
SRR23826118,2788522,,unclassified Pijolavirus,1,0,10,1307,1309
SRR23826118,2914026,species,Pseudomonas phage Pf17397_F_PD1,1,1,11,1307,1307
SRR23826118,2731361,phylum,Peploviricota,5,0,4,1315,1325
SRR23826118,2731363,class,Herviviricetes,5,0,5,1315,1324
SRR23826118,548681,order,Herpesvirales,5,0,6,1315,1323
SRR23826118,10292,family,Herpesviridae,5,0,7,1315,1322
SRR23826118,10293,subfamily,Alphaherpesvirinae,5,0,8,1315,1321
SRR23826118,10319,genus,Varicellovirus,3,0,9,1315,1318
SRR23826118,10326,species,Equid alphaherpesvirus 1,2,2,10,1315,1315
SRR23826118,10345,species,Suid alphaherpesvirus 1,1,1,10,1316,1316
SRR23826118,10294,genus,Simplexvirus,2,0,9,1318,1320
SRR23826118,10298,species,Human alphaherpesvirus 1,2,2,10,1318,1318
SRR23826118,2732004,,Varidnaviria,12,0,2,1327,1347
SRR23826118,2732005,kingdom,Bamfordvirae,12,0,3,1327,1346
SRR23826118,2732008,phylum,Preplasmiviricota,7,0,4,1327,1332
SRR23826118,2732529,class,Tectiliviricetes,7,0,5,1327,1331
SRR23826118,2732559,order,Rowavirales,7,0,6,1327,1330
SRR23826118,10508,family,Adenoviridae,7,0,7,1327,1329
SRR23826118,10509,genus,Mastadenovirus,7,7,8,1327,1327
SRR23826118,2732007,phylum,Nucleocytoviricota,5,0,4,1332,1345
SRR23826118,2732523,class,Megaviricetes,5,0,5,1332,1344
SRR23826118,2732554,order,Imitervirales,3,0,6,1332,1339
SRR23826118,549779,family,Mimiviridae,3,0,7,1332,1338
SRR23826118,985780,,unclassified Mimiviridae,3,0,8,1332,1337
SRR23826118,985782,species,Moumouvirus,2,2,9,1332,1332
SRR23826118,1977630,subfamily,Klosneuvirinae,1,0,9,1333,1336
SRR23826118,1977636,genus,Hokovirus,1,0,10,1333,1335
SRR23826118,1977638,species,Hokovirus HKV1,1,1,11,1333,1333
SRR23826118,2732524,order,Algavirales,2,0,6,1339,1343
SRR23826118,10501,family,Phycodnaviridae,2,0,7,1339,1342
SRR23826118,455363,,unclassified Phycodnaviridae,2,0,8,1339,1341
SRR23826118,1499987,species,Prymnesium kappa virus,2,2,9,1339,1339
SRR23826118,12429,,unclassified viruses,1,0,2,1347,1351
SRR23826118,2204151,,unclassified DNA viruses,1,0,3,1347,1350
SRR23826118,51368,,unclassified dsDNA viruses,1,0,4,1347,1349
SRR23826118,2487774,species,Sylvanvirus sp.,1,1,5,1347,1347
SRR23826119,10239,superkingdom,Viruses,161452,19,1,1285,1421
SRR23826119,2559587,,Riboviria,161099,0,2,1285,1347
SRR23826119,2732396,kingdom,Orthornavirae,161082,0,3,1285,1338
SRR23826119,2732408,phylum,Pisuviricota,161051,0,4,1285,1309
SRR23826119,2732507,class,Stelpaviricetes,160300,0,5,1285,1294
SRR23826119,2732550,order,Patatavirales,160300,0,6,1285,1293
SRR23826119,39729,family,Potyviridae,160300,7,7,1285,1292
SRR23826119,12195,genus,Potyvirus,160218,13338,8,1285,1289
SRR23826119,12197,species,Bean yellow mosaic virus,146877,146876,9,1285,1287
SRR23826119,390237,,White lupin mosaic virus,1,1,10,1285,1285
SRR23826119,46619,species,Sweet potato virus G,3,3,9,1287,1287
SRR23826119,156208,genus,Macluravirus,75,0,8,1289,1291
SRR23826119,128818,species,Chinese yam necrotic mosaic virus,75,75,9,1289,1289
SRR23826119,2732506,class,Pisoniviricetes,751,0,5,1294,1308
SRR23826119,464095,order,Picornavirales,740,0,6,1294,1299
SRR23826119,675072,family,Secoviridae,740,0,7,1294,1298
SRR23826119,675075,subfamily,Comovirinae,740,0,8,1294,1297
SRR23826119,12269,genus,Fabavirus,740,1,9,1294,1296
SRR23826119,76875,species,Broad bean wilt virus 2,739,739,10,1294,1294
SRR23826119,76804,order,Nidovirales,11,0,6,1299,1307
SRR23826119,2499399,suborder,Cornidovirineae,11,0,7,1299,1306
SRR23826119,11118,family,Coronaviridae,11,0,8,1299,1305
SRR23826119,2501931,subfamily,Orthocoronavirinae,11,0,9,1299,1304
SRR23826119,694002,genus,Betacoronavirus,11,0,10,1299,1303
SRR23826119,2509511,subgenus,Sarbecovirus,11,0,11,1299,1302
SRR23826119,694009,species,Severe acute respiratory syndrome-related coronavirus,11,0,12,1299,1301
SRR23826119,2697049,,Severe acute respiratory syndrome coronavirus 2,11,11,13,1299,1299
SRR23826119,2732405,phylum,Duplornaviricota,15,0,4,1309,1315
SRR23826119,2732458,class,Chrymotiviricetes,15,0,5,1309,1314
SRR23826119,2732540,order,Ghabrivirales,15,0,6,1309,1313
SRR23826119,11006,family,Totiviridae,15,0,7,1309,1312
SRR23826119,39756,,unclassified Totiviridae,15,0,8,1309,1311
SRR23826119,1678183,species,Diatom colony associated virus-Like RNA Segment 3,15,15,9,1309,1309
SRR23826119,2497569,phylum,Negarnaviricota,7,0,4,1315,1323
SRR23826119,2497570,subphylum,Haploviricotina,7,0,5,1315,1322
SRR23826119,2497574,class,Monjiviricetes,7,0,6,1315,1321
SRR23826119,11157,order,Mononegavirales,7,0,7,1315,1320
SRR23826119,11158,family,Paramyxoviridae,7,0,8,1315,1319
SRR23826119,2560076,subfamily,Orthoparamyxovirinae,7,0,9,1315,1318
SRR23826119,186938,genus,Respirovirus,7,0,10,1315,1317
SRR23826119,12730,species,Human respirovirus 1,7,7,11,1315,1315
SRR23826119,2732406,phylum,Kitrinoviricota,7,0,4,1323,1330
SRR23826119,2732461,class,Alsuviricetes,7,0,5,1323,1329
SRR23826119,675063,order,Tymovirales,7,0,6,1323,1328
SRR23826119,675068,family,Betaflexiviridae,7,0,7,1323,1327
SRR23826119,1914297,subfamily,Quinvirinae,7,0,8,1323,1326
SRR23826119,12163,genus,Carlavirus,7,0,9,1323,1325
SRR23826119,1592930,species,Yam latent virus,7,7,10,1323,1323
SRR23826119,2732407,phylum,Lenarviricota,2,0,4,1330,1337
SRR23826119,2732499,class,Howeltoviricetes,2,0,5,1330,1336
SRR23826119,2732503,order,Cryppavirales,2,0,6,1330,1335
SRR23826119,2732892,family,Mitoviridae,2,0,7,1330,1334
SRR23826119,186768,genus,Mitovirus,2,0,8,1330,1333
SRR23826119,343865,,unclassified Mitovirus,2,0,9,1330,1332
SRR23826119,2879883,species,Sclerotinia sclerotiorum mitovirus 17-U,2,2,10,1330,1330
SRR23826119,2732397,kingdom,Pararnavirae,17,0,3,1338,1346
SRR23826119,2732409,phylum,Artverviricota,17,0,4,1338,1345
SRR23826119,2732514,class,Revtraviricetes,17,0,5,1338,1344
SRR23826119,2169561,order,Ortervirales,17,0,6,1338,1343
SRR23826119,186534,family,Caulimoviridae,17,0,7,1338,1342
SRR23826119,10652,genus,Badnavirus,17,0,8,1338,1341
SRR23826119,325348,,unclassified Badnavirus,17,0,9,1338,1340
SRR23826119,52996,species,Dioscorea bacilliform virus,17,17,10,1338,1338
SRR23826119,2731342,,Monodnaviria,247,0,2,1347,1363
SRR23826119,2732092,kingdom,Shotokuvirae,244,0,3,1347,1355
SRR23826119,2732416,phylum,Cressdnaviricota,244,0,4,1347,1354
SRR23826119,2732424,class,Repensiviricetes,244,0,5,1347,1353
SRR23826119,2732539,order,Geplafuvirales,244,0,6,1347,1352
SRR23826119,10811,family,Geminiviridae,244,0,7,1347,1351
SRR23826119,10814,genus,Begomovirus,244,0,8,1347,1350
SRR23826119,291027,,unclassified Begomovirus,244,0,9,1347,1349
SRR23826119,1592931,species,Yam yellow spot mosaic virus,244,244,10,1347,1347
SRR23826119,2732090,kingdom,Loebvirae,3,0,3,1355,1362
SRR23826119,2732410,phylum,Hofneiviricota,3,0,4,1355,1361
SRR23826119,2732411,class,Faserviricetes,3,0,5,1355,1360
SRR23826119,2732094,order,Tubulavirales,3,0,6,1355,1359
SRR23826119,10860,family,Inoviridae,3,0,7,1355,1358
SRR23826119,456491,,unclassified Inoviridae,3,0,8,1355,1357
SRR23826119,2219103,species,Inoviridae sp.,3,3,9,1355,1355
SRR23826119,2731341,,Duplodnaviria,71,0,2,1363,1401
SRR23826119,2731360,kingdom,Heunggongvirae,71,0,3,1363,1400
SRR23826119,2731618,phylum,Uroviricota,63,0,4,1363,1390
SRR23826119,2731619,class,Caudoviricetes,63,0,5,1363,1389
SRR23826119,28883,order,Caudovirales,63,21,6,1363,1388
SRR23826119,2731691,family,Drexlerviridae,16,0,7,1363,1374
SRR23826119,2732045,subfamily,Braunvirinae,13,0,8,1363,1370
SRR23826119,2732062,genus,Guelphvirus,10,0,9,1363,1366
SRR23826119,2753731,,unclassified Guelphvirus,10,0,10,1363,1365
SRR23826119,2041759,species,Escherichia phage IMM-001,10,10,11,1363,1363
SRR23826119,2743968,,unclassified Braunvirinae,3,0,9,1366,1369
SRR23826119,2750857,species,Escherichia phage vB_EcoS_FP,2,2,10,1366,1366
SRR23826119,2743969,species,Escherichia phage vB_EcoD_SU57,1,1,10,1367,1367
SRR23826119,2732049,genus,Nouzillyvirus,3,0,8,1370,1373
SRR23826119,2747485,,unclassified Nouzillyvirus,3,0,9,1370,1372
SRR23826119,2930318,species,Eschericha phage P818,3,3,10,1370,1370
SRR23826119,10699,family,Siphoviridae,12,0,7,1374,1377
SRR23826119,196894,,unclassified Siphoviridae,12,0,8,1374,1376
SRR23826119,2170413,species,Siphoviridae sp.,12,12,9,1374,1374
SRR23826119,2731643,family,Autographiviridae,8,0,7,1377,1382
SRR23826119,2731649,subfamily,Melnykvirinae,8,0,8,1377,1381
SRR23826119,2732913,genus,Cronosvirus,8,0,9,1377,1380
SRR23826119,2788139,,unclassified Cronosvirus,8,0,10,1377,1379
SRR23826119,2797327,species,Kosakonia virus Kc318,8,8,11,1377,1377
SRR23826119,10662,family,Myoviridae,4,0,7,1382,1385
SRR23826119,196896,,unclassified Myoviridae,4,0,8,1382,1384
SRR23826119,2202564,species,Myoviridae sp.,4,4,9,1382,1382
SRR23826119,2100420,,environmental samples,2,0,7,1385,1387
SRR23826119,2100421,species,uncultured Caudovirales phage,2,2,8,1385,1385
SRR23826119,2731361,phylum,Peploviricota,8,0,4,1390,1399
SRR23826119,2731363,class,Herviviricetes,8,0,5,1390,1398
SRR23826119,548681,order,Herpesvirales,8,0,6,1390,1397
SRR23826119,10292,family,Herpesviridae,8,0,7,1390,1396
SRR23826119,10293,subfamily,Alphaherpesvirinae,8,0,8,1390,1395
SRR23826119,10294,genus,Simplexvirus,6,0,9,1390,1392
SRR23826119,10298,species,Human alphaherpesvirus 1,6,6,10,1390,1390
SRR23826119,10319,genus,Varicellovirus,2,0,9,1392,1394
SRR23826119,10345,species,Suid alphaherpesvirus 1,2,2,10,1392,1392
SRR23826119,2732004,,Varidnaviria,11,0,2,1401,1418
SRR23826119,2732005,kingdom,Bamfordvirae,11,0,3,1401,1417
SRR23826119,2732008,phylum,Preplasmiviricota,8,0,4,1401,1406
SRR23826119,2732529,class,Tectiliviricetes,8,0,5,1401,1405
SRR23826119,2732559,order,Rowavirales,8,0,6,1401,1404
SRR23826119,10508,family,Adenoviridae,8,0,7,1401,1403
SRR23826119,10509,genus,Mastadenovirus,8,8,8,1401,1401
SRR23826119,2732007,phylum,Nucleocytoviricota,3,0,4,1406,1416
SRR23826119,2732523,class,Megaviricetes,3,0,5,1406,1415
SRR23826119,2732554,order,Imitervirales,3,0,6,1406,1414
SRR23826119,549779,family,Mimiviridae,3,0,7,1406,1413
SRR23826119,985780,,unclassified Mimiviridae,3,0,8,1406,1412
SRR23826119,1977630,subfamily,Klosneuvirinae,3,0,9,1406,1411
SRR23826119,1977636,genus,Hokovirus,2,0,10,1406,1408
SRR23826119,1977638,species,Hokovirus HKV1,2,2,11,1406,1406
SRR23826119,1977635,genus,Catovirus,1,0,10,1408,1410
SRR23826119,1977631,species,Catovirus CTV1,1,1,11,1408,1408
SRR23826119,12333,,unclassified bacterial viruses,5,0,2,1418,1420
SRR23826119,2826809,species,virus sp. ctee23,5,5,3,1418,1418
SRR24967166,10239,superkingdom,Viruses,134,0,1,998,1083
SRR24967166,2731342,,Monodnaviria,75,0,2,998,1013
SRR24967166,2732092,kingdom,Shotokuvirae,75,0,3,998,1012
SRR24967166,2732416,phylum,Cressdnaviricota,72,0,4,998,1005
SRR24967166,2732424,class,Repensiviricetes,72,0,5,998,1004
SRR24967166,2732539,order,Geplafuvirales,72,0,6,998,1003
SRR24967166,10811,family,Geminiviridae,72,0,7,998,1002
SRR24967166,10814,genus,Begomovirus,72,0,8,998,1001
SRR24967166,291027,,unclassified Begomovirus,72,0,9,998,1000
SRR24967166,1592931,species,Yam yellow spot mosaic virus,72,72,10,998,998
SRR24967166,2732415,phylum,Cossaviricota,3,0,4,1005,1011
SRR24967166,2732421,class,Papovaviricetes,3,0,5,1005,1010
SRR24967166,2732532,order,Sepolyvirales,3,0,6,1005,1009
SRR24967166,151341,family,Polyomaviridae,3,0,7,1005,1008
SRR24967166,1891714,genus,Betapolyomavirus,3,0,8,1005,1007
SRR24967166,1891767,species,Betapolyomavirus macacae,3,3,9,1005,1005
SRR24967166,2731341,,Duplodnaviria,22,0,2,1013,1033
SRR24967166,2731360,kingdom,Heunggongvirae,22,0,3,1013,1032
SRR24967166,2731361,phylum,Peploviricota,12,0,4,1013,1023
SRR24967166,2731363,class,Herviviricetes,12,0,5,1013,1022
SRR24967166,548681,order,Herpesvirales,12,0,6,1013,1021
SRR24967166,10292,family,Herpesviridae,12,0,7,1013,1020
SRR24967166,10374,subfamily,Gammaherpesvirinae,10,0,8,1013,1016
SRR24967166,10375,genus,Lymphocryptovirus,10,0,9,1013,1015
SRR24967166,10376,species,Human gammaherpesvirus 4,10,10,10,1013,1013
SRR24967166,10293,subfamily,Alphaherpesvirinae,2,0,8,1016,1019
SRR24967166,10319,genus,Varicellovirus,2,0,9,1016,1018
SRR24967166,10345,species,Suid alphaherpesvirus 1,2,2,10,1016,1016
SRR24967166,2731618,phylum,Uroviricota,10,0,4,1023,1031
SRR24967166,2731619,class,Caudoviricetes,10,2,5,1023,1030
SRR24967166,2788787,,unclassified Caudoviricetes,7,0,6,1023,1026
SRR24967166,2832643,species,Caudoviricetes sp.,5,5,7,1023,1023
SRR24967166,2202568,species,Caudoviricetes sp.,2,2,7,1024,1024
SRR24967166,2731643,family,Autographiviridae,1,0,6,1026,1029
SRR24967166,2731652,subfamily,Slopekvirinae,1,0,7,1026,1028
SRR24967166,2732938,genus,Koutsourovirus,1,1,8,1026,1026
SRR24967166,12429,,unclassified viruses,16,0,2,1033,1036
SRR24967166,2204151,,unclassified DNA viruses,16,0,3,1033,1035
SRR24967166,2739783,species,Yalta virus,16,16,4,1033,1033
SRR24967166,2559587,,Riboviria,12,0,2,1036,1058
SRR24967166,2732397,kingdom,Pararnavirae,10,0,3,1036,1050
SRR24967166,2732409,phylum,Artverviricota,10,0,4,1036,1049
SRR24967166,2732514,class,Revtraviricetes,10,0,5,1036,1048
SRR24967166,2169561,order,Ortervirales,10,0,6,1036,1047
SRR24967166,11632,family,Retroviridae,7,0,7,1036,1042
SRR24967166,327045,subfamily,Orthoretrovirinae,7,0,8,1036,1041
SRR24967166,153135,genus,Gammaretrovirus,4,3,9,1036,1038
SRR24967166,11786,species,Murine leukemia virus,1,1,10,1036,1036
SRR24967166,11646,genus,Lentivirus,3,0,9,1038,1040
SRR24967166,12804,species,Puma lentivirus,3,3,10,1038,1038
SRR24967166,186534,family,Caulimoviridae,3,0,7,1042,1046
SRR24967166,10652,genus,Badnavirus,3,0,8,1042,1045
SRR24967166,325348,,unclassified Badnavirus,3,0,9,1042,1044
SRR24967166,52996,species,Dioscorea bacilliform virus,3,3,10,1042,1042
SRR24967166,2732396,kingdom,Orthornavirae,2,0,3,1050,1057
SRR24967166,2732406,phylum,Kitrinoviricota,2,0,4,1050,1056
SRR24967166,2732461,class,Alsuviricetes,2,0,5,1050,1055
SRR24967166,2732544,order,Martellivirales,2,0,6,1050,1054
SRR24967166,675071,family,Virgaviridae,2,0,7,1050,1053
SRR24967166,12234,genus,Tobamovirus,2,0,8,1050,1052
SRR24967166,1761477,species,Tomato brown rugose fruit virus,2,2,9,1050,1050
SRR24967166,185751,family,Pospiviroidae,3,0,2,1058,1061
SRR24967166,185753,genus,Pospiviroid,3,0,3,1058,1060
SRR24967166,12890,species,Citrus exocortis viroid,3,3,4,1058,1058
SRR24967166,2732004,,Varidnaviria,3,0,2,1061,1076
SRR24967166,2732005,kingdom,Bamfordvirae,3,0,3,1061,1075
SRR24967166,2732007,phylum,Nucleocytoviricota,3,0,4,1061,1074
SRR24967166,2732523,class,Megaviricetes,3,0,5,1061,1073
SRR24967166,2732554,order,Imitervirales,2,0,6,1061,1068
SRR24967166,549779,family,Mimiviridae,2,0,7,1061,1067
SRR24967166,985780,,unclassified Mimiviridae,2,0,8,1061,1066
SRR24967166,1977630,subfamily,Klosneuvirinae,1,0,9,1061,1064
SRR24967166,1977636,genus,Hokovirus,1,0,10,1061,1063
SRR24967166,1977638,species,Hokovirus HKV1,1,1,11,1061,1061
SRR24967166,2487775,species,Terrestrivirus sp.,1,1,9,1064,1064
SRR24967166,2732524,order,Algavirales,1,0,6,1068,1072
SRR24967166,10501,family,Phycodnaviridae,1,0,7,1068,1071
SRR24967166,455363,,unclassified Phycodnaviridae,1,0,8,1068,1070
SRR24967166,1499987,species,Prymnesium kappa virus,1,1,9,1068,1068
SRR24967166,2840056,class,Naldaviricetes,2,0,2,1076,1080
SRR24967166,196937,family,Nimaviridae,2,0,3,1076,1079
SRR24967166,2133791,,unclassified Nimaviridae,2,0,4,1076,1078
SRR24967166,2984279,species,Metapenaeus ensis majanivirus,2,2,5,1076,1076
SRR24967166,12333,,unclassified bacterial viruses,1,0,2,1080,1082
SRR24967166,38018,species,Bacteriophage sp.,1,1,3,1080,1080
SRR24967167,10239,superkingdom,Viruses,94,2,1,1207,1270
SRR24967167,2731342,,Monodnaviria,53,0,2,1207,1222
SRR24967167,2732092,kingdom,Shotokuvirae,53,0,3,1207,1221
SRR24967167,2732416,phylum,Cressdnaviricota,50,0,4,1207,1214
SRR24967167,2732424,class,Repensiviricetes,50,0,5,1207,1213
SRR24967167,2732539,order,Geplafuvirales,50,0,6,1207,1212
SRR24967167,10811,family,Geminiviridae,50,0,7,1207,1211
SRR24967167,10814,genus,Begomovirus,50,0,8,1207,1210
SRR24967167,291027,,unclassified Begomovirus,50,0,9,1207,1209
SRR24967167,1592931,species,Yam yellow spot mosaic virus,50,50,10,1207,1207
SRR24967167,2732415,phylum,Cossaviricota,3,0,4,1214,1220
SRR24967167,2732421,class,Papovaviricetes,3,0,5,1214,1219
SRR24967167,2732532,order,Sepolyvirales,3,0,6,1214,1218
SRR24967167,151341,family,Polyomaviridae,3,0,7,1214,1217
SRR24967167,1891714,genus,Betapolyomavirus,3,0,8,1214,1216
SRR24967167,1891767,species,Betapolyomavirus macacae,3,3,9,1214,1214
SRR24967167,2731341,,Duplodnaviria,16,0,2,1222,1239
SRR24967167,2731360,kingdom,Heunggongvirae,16,0,3,1222,1238
SRR24967167,2731361,phylum,Peploviricota,10,0,4,1222,1232
SRR24967167,2731363,class,Herviviricetes,10,0,5,1222,1231
SRR24967167,548681,order,Herpesvirales,10,0,6,1222,1230
SRR24967167,10292,family,Herpesviridae,10,0,7,1222,1229
SRR24967167,10374,subfamily,Gammaherpesvirinae,9,0,8,1222,1225
SRR24967167,10375,genus,Lymphocryptovirus,9,0,9,1222,1224
SRR24967167,10376,species,Human gammaherpesvirus 4,9,9,10,1222,1222
SRR24967167,10293,subfamily,Alphaherpesvirinae,1,0,8,1225,1228
SRR24967167,10319,genus,Varicellovirus,1,0,9,1225,1227
SRR24967167,10345,species,Suid alphaherpesvirus 1,1,1,10,1225,1225
SRR24967167,2731618,phylum,Uroviricota,6,0,4,1232,1237
SRR24967167,2731619,class,Caudoviricetes,6,1,5,1232,1236
SRR24967167,2788787,,unclassified Caudoviricetes,5,0,6,1232,1235
SRR24967167,2832643,species,Caudoviricetes sp.,4,4,7,1232,1232
SRR24967167,2202568,species,Caudoviricetes sp.,1,1,7,1233,1233
SRR24967167,12429,,unclassified viruses,15,0,2,1239,1242
SRR24967167,2204151,,unclassified DNA viruses,15,0,3,1239,1241
SRR24967167,2739783,species,Yalta virus,15,15,4,1239,1239
SRR24967167,185751,family,Pospiviroidae,2,0,2,1242,1245
SRR24967167,185753,genus,Pospiviroid,2,0,3,1242,1244
SRR24967167,12890,species,Citrus exocortis viroid,2,2,4,1242,1242
SRR24967167,2559587,,Riboviria,2,0,2,1245,1257
SRR24967167,2732397,kingdom,Pararnavirae,2,0,3,1245,1256
SRR24967167,2732409,phylum,Artverviricota,2,0,4,1245,1255
SRR24967167,2732514,class,Revtraviricetes,2,0,5,1245,1254
SRR24967167,2169561,order,Ortervirales,2,0,6,1245,1253
SRR24967167,11632,family,Retroviridae,1,0,7,1245,1248
SRR24967167,327045,subfamily,Orthoretrovirinae,1,0,8,1245,1247
SRR24967167,153135,genus,Gammaretrovirus,1,1,9,1245,1245
SRR24967167,186534,family,Caulimoviridae,1,0,7,1248,1252
SRR24967167,10652,genus,Badnavirus,1,0,8,1248,1251
SRR24967167,325348,,unclassified Badnavirus,1,0,9,1248,1250
SRR24967167,52996,species,Dioscorea bacilliform virus,1,1,10,1248,1248
SRR24967167,2732004,,Varidnaviria,2,0,2,1257,1265
SRR24967167,2732005,kingdom,Bamfordvirae,2,0,3,1257,1264
SRR24967167,2732007,phylum,Nucleocytoviricota,2,0,4,1257,1263
SRR24967167,2732523,class,Megaviricetes,2,0,5,1257,1262
SRR24967167,2732524,order,Algavirales,2,0,6,1257,1261
SRR24967167,10501,family,Phycodnaviridae,2,0,7,1257,1260
SRR24967167,455363,,unclassified Phycodnaviridae,2,0,8,1257,1259
SRR24967167,2909297,species,Emiliania huxleyi virus M1,2,2,9,1257,1257
SRR24967167,2840056,class,Naldaviricetes,2,0,2,1265,1269
SRR24967167,196937,family,Nimaviridae,2,0,3,1265,1268
SRR24967167,2133791,,unclassified Nimaviridae,2,0,4,1265,1267
SRR24967167,2984279,species,Metapenaeus ensis majanivirus,2,2,5,1265,1265
SRR24967168,10239,superkingdom,Viruses,90,0,1,1030,1085
SRR24967168,2731342,,Monodnaviria,63,0,2,1030,1039
SRR24967168,2732092,kingdom,Shotokuvirae,63,0,3,1030,1038
SRR24967168,2732416,phylum,Cressdnaviricota,63,0,4,1030,1037
SRR24967168,2732424,class,Repensiviricetes,63,0,5,1030,1036
SRR24967168,2732539,order,Geplafuvirales,63,0,6,1030,1035
SRR24967168,10811,family,Geminiviridae,63,0,7,1030,1034
SRR24967168,10814,genus,Begomovirus,63,0,8,1030,1033
SRR24967168,291027,,unclassified Begomovirus,63,0,9,1030,1032
SRR24967168,1592931,species,Yam yellow spot mosaic virus,63,63,10,1030,1030
SRR24967168,2731341,,Duplodnaviria,11,0,2,1039,1057
SRR24967168,2731360,kingdom,Heunggongvirae,11,0,3,1039,1056
SRR24967168,2731361,phylum,Peploviricota,6,0,4,1039,1046
SRR24967168,2731363,class,Herviviricetes,6,0,5,1039,1045
SRR24967168,548681,order,Herpesvirales,6,0,6,1039,1044
SRR24967168,10292,family,Herpesviridae,6,0,7,1039,1043
SRR24967168,10374,subfamily,Gammaherpesvirinae,6,0,8,1039,1042
SRR24967168,10375,genus,Lymphocryptovirus,6,0,9,1039,1041
SRR24967168,10376,species,Human gammaherpesvirus 4,6,6,10,1039,1039
SRR24967168,2731618,phylum,Uroviricota,5,0,4,1046,1055
SRR24967168,2731619,class,Caudoviricetes,5,1,5,1046,1054
SRR24967168,2788787,,unclassified Caudoviricetes,3,1,6,1046,1048
SRR24967168,2832643,species,Caudoviricetes sp.,2,2,7,1046,1046
SRR24967168,2731643,family,Autographiviridae,1,0,6,1048,1053
SRR24967168,2731652,subfamily,Slopekvirinae,1,0,7,1048,1052
SRR24967168,2732938,genus,Koutsourovirus,1,0,8,1048,1051
SRR24967168,2788302,,unclassified Koutsourovirus,1,0,9,1048,1050
SRR24967168,2906747,species,Enterobacter phage ENC16,1,1,10,1048,1048
SRR24967168,2559587,,Riboviria,11,0,2,1057,1077
SRR24967168,2732396,kingdom,Orthornavirae,6,0,3,1057,1065
SRR24967168,2732407,phylum,Lenarviricota,6,0,4,1057,1064
SRR24967168,2732499,class,Howeltoviricetes,6,0,5,1057,1063
SRR24967168,2732503,order,Cryppavirales,6,0,6,1057,1062
SRR24967168,2732892,family,Mitoviridae,6,0,7,1057,1061
SRR24967168,2948940,genus,Unuamitovirus,6,0,8,1057,1060
SRR24967168,2956583,species,Unuamitovirus alar1,6,0,9,1057,1059
SRR24967168,1826822,,Alternaria arborescens mitovirus 1,6,6,10,1057,1057
SRR24967168,2732397,kingdom,Pararnavirae,3,0,3,1065,1073
SRR24967168,2732409,phylum,Artverviricota,3,0,4,1065,1072
SRR24967168,2732514,class,Revtraviricetes,3,0,5,1065,1071
SRR24967168,2169561,order,Ortervirales,3,0,6,1065,1070
SRR24967168,11632,family,Retroviridae,3,1,7,1065,1069
SRR24967168,327045,subfamily,Orthoretrovirinae,2,0,8,1065,1068
SRR24967168,153135,genus,Gammaretrovirus,2,0,9,1065,1067
SRR24967168,11786,species,Murine leukemia virus,2,2,10,1065,1065
SRR24967168,35325,,dsRNA viruses,2,0,3,1073,1076
SRR24967168,39780,,unclassified dsRNA viruses,2,0,4,1073,1075
SRR24967168,1532031,species,Alternaria longipes dsRNA virus 1,2,2,5,1073,1073
SRR24967168,2840056,class,Naldaviricetes,4,0,2,1077,1081
SRR24967168,196937,family,Nimaviridae,4,0,3,1077,1080
SRR24967168,2133791,,unclassified Nimaviridae,4,0,4,1077,1079
SRR24967168,2984279,species,Metapenaeus ensis majanivirus,4,4,5,1077,1077
SRR24967168,185751,family,Pospiviroidae,1,0,2,1081,1084
SRR24967168,185753,genus,Pospiviroid,1,0,3,1081,1083
SRR24967168,12890,species,Citrus exocortis viroid,1,1,4,1081,1081
SRR24967169,10239,superkingdom,Viruses,82,2,1,1140,1220
SRR24967169,2731342,,Monodnaviria,41,0,2,1140,1157
SRR24967169,2732092,kingdom,Shotokuvirae,38,0,3,1140,1148
SRR24967169,2732416,phylum,Cressdnaviricota,38,0,4,1140,1147
SRR24967169,2732424,class,Repensiviricetes,38,0,5,1140,1146
SRR24967169,2732539,order,Geplafuvirales,38,0,6,1140,1145
SRR24967169,10811,family,Geminiviridae,38,0,7,1140,1144
SRR24967169,10814,genus,Begomovirus,38,0,8,1140,1143
SRR24967169,291027,,unclassified Begomovirus,38,0,9,1140,1142
SRR24967169,1592931,species,Yam yellow spot mosaic virus,38,38,10,1140,1140
SRR24967169,2732091,kingdom,Sangervirae,3,0,3,1148,1156
SRR24967169,2732412,phylum,Phixviricota,3,0,4,1148,1155
SRR24967169,2732413,class,Malgrandaviricetes,3,0,5,1148,1154
SRR24967169,2732414,order,Petitvirales,3,0,6,1148,1153
SRR24967169,10841,family,Microviridae,3,0,7,1148,1152
SRR24967169,1910950,subfamily,Bullavirinae,3,0,8,1148,1151
SRR24967169,1910954,genus,Sinsheimervirus,3,0,9,1148,1150
SRR24967169,10847,species,Sinsheimervirus phiX174,3,3,10,1148,1148
SRR24967169,2731341,,Duplodnaviria,27,0,2,1157,1189
SRR24967169,2731360,kingdom,Heunggongvirae,27,0,3,1157,1188
SRR24967169,2731618,phylum,Uroviricota,21,0,4,1157,1177
SRR24967169,2731619,class,Caudoviricetes,21,0,5,1157,1176
SRR24967169,2788787,,unclassified Caudoviricetes,12,0,6,1157,1162
SRR24967169,2832643,species,Caudoviricetes sp.,8,8,7,1157,1157
SRR24967169,1661715,species,Thermobifida phage P1312,2,2,7,1158,1158
SRR24967169,2712957,species,Ochrobactrum phage vB_OspP_OH,1,1,7,1159,1159
SRR24967169,2759186,species,Escherichia phage vB_EcoM_APEC,1,1,7,1160,1160
SRR24967169,2560065,family,Herelleviridae,4,0,6,1162,1167
SRR24967169,2560070,subfamily,Bastillevirinae,4,0,7,1162,1166
SRR24967169,2843047,genus,Siophivirus,4,1,8,1162,1165
SRR24967169,2852796,,unclassified Siophivirus,3,0,9,1162,1164
SRR24967169,2836111,species,Bacillus phage vB_BspH_TimeGriffin,3,3,10,1162,1162
SRR24967169,2946162,family,Mesyanzhinovviridae,2,0,6,1167,1170
SRR24967169,2946644,subfamily,Rabinowitzvirinae,2,0,7,1167,1169
SRR24967169,2733220,genus,Vojvodinavirus,2,2,8,1167,1167
SRR24967169,1921544,genus,Septimatrevirus,1,1,6,1170,1170
SRR24967169,2560161,genus,Kojivirus,1,1,6,1171,1171
SRR24967169,2731643,family,Autographiviridae,1,0,6,1172,1175
SRR24967169,2731652,subfamily,Slopekvirinae,1,0,7,1172,1174
SRR24967169,2732938,genus,Koutsourovirus,1,1,8,1172,1172
SRR24967169,2731361,phylum,Peploviricota,6,0,4,1177,1187
SRR24967169,2731363,class,Herviviricetes,6,0,5,1177,1186
SRR24967169,548681,order,Herpesvirales,6,0,6,1177,1185
SRR24967169,10292,family,Herpesviridae,6,0,7,1177,1184
SRR24967169,10374,subfamily,Gammaherpesvirinae,5,0,8,1177,1180
SRR24967169,10375,genus,Lymphocryptovirus,5,0,9,1177,1179
SRR24967169,10376,species,Human gammaherpesvirus 4,5,5,10,1177,1177
SRR24967169,10293,subfamily,Alphaherpesvirinae,1,0,8,1180,1183
SRR24967169,10319,genus,Varicellovirus,1,0,9,1180,1182
SRR24967169,10345,species,Suid alphaherpesvirus 1,1,1,10,1180,1180
SRR24967169,2559587,,Riboviria,5,0,2,1189,1207
SRR24967169,2732396,kingdom,Orthornavirae,3,0,3,1189,1203
SRR24967169,2732407,phylum,Lenarviricota,2,0,4,1189,1196
SRR24967169,2732499,class,Howeltoviricetes,2,0,5,1189,1195
SRR24967169,2732503,order,Cryppavirales,2,0,6,1189,1194
SRR24967169,2732892,family,Mitoviridae,2,0,7,1189,1193
SRR24967169,2948940,genus,Unuamitovirus,2,0,8,1189,1192
SRR24967169,2956583,species,Unuamitovirus alar1,2,0,9,1189,1191
SRR24967169,1826822,,Alternaria arborescens mitovirus 1,2,2,10,1189,1189
SRR24967169,2732406,phylum,Kitrinoviricota,1,0,4,1196,1202
SRR24967169,2732461,class,Alsuviricetes,1,0,5,1196,1201
SRR24967169,2732544,order,Martellivirales,1,0,6,1196,1200
SRR24967169,675071,family,Virgaviridae,1,0,7,1196,1199
SRR24967169,12234,genus,Tobamovirus,1,0,8,1196,1198
SRR24967169,1761477,species,Tomato brown rugose fruit virus,1,1,9,1196,1196
SRR24967169,35325,,dsRNA viruses,2,0,3,1203,1206
SRR24967169,39780,,unclassified dsRNA viruses,2,0,4,1203,1205
SRR24967169,1532031,species,Alternaria longipes dsRNA virus 1,2,2,5,1203,1203
SRR24967169,12333,,unclassified bacterial viruses,3,0,2,1207,1210
SRR24967169,2985243,species,Ochrobactrum phage ORM_20,2,2,3,1207,1207
SRR24967169,38018,species,Bacteriophage sp.,1,1,3,1208,1208
SRR24967169,2840056,class,Naldaviricetes,3,0,2,1210,1214
SRR24967169,196937,family,Nimaviridae,3,0,3,1210,1213
SRR24967169,2133791,,unclassified Nimaviridae,3,0,4,1210,1212
SRR24967169,2984279,species,Metapenaeus ensis majanivirus,3,3,5,1210,1210
SRR24967169,2732004,,Varidnaviria,1,0,2,1214,1219
SRR24967169,2732005,kingdom,Bamfordvirae,1,0,3,1214,1218
SRR24967169,2732007,phylum,Nucleocytoviricota,1,0,4,1214,1217
SRR24967169,2788794,,unclassified Nucleocytoviricota,1,0,5,1214,1216
SRR24967169,2809609,species,Nucleocytoviricota sp.,1,1,6,1214,1214
SRR24967170,10239,superkingdom,Viruses,103,0,1,1105,1192
SRR24967170,2731342,,Monodnaviria,71,0,2,1105,1129
SRR24967170,2732092,kingdom,Shotokuvirae,68,0,3,1105,1119
SRR24967170,2732416,phylum,Cressdnaviricota,67,0,4,1105,1112
SRR24967170,2732424,class,Repensiviricetes,67,0,5,1105,1111
SRR24967170,2732539,order,Geplafuvirales,67,0,6,1105,1110
SRR24967170,10811,family,Geminiviridae,67,0,7,1105,1109
SRR24967170,10814,genus,Begomovirus,67,0,8,1105,1108
SRR24967170,291027,,unclassified Begomovirus,67,0,9,1105,1107
SRR24967170,1592931,species,Yam yellow spot mosaic virus,67,67,10,1105,1105
SRR24967170,2732415,phylum,Cossaviricota,1,0,4,1112,1118
SRR24967170,2732421,class,Papovaviricetes,1,0,5,1112,1117
SRR24967170,2732532,order,Sepolyvirales,1,0,6,1112,1116
SRR24967170,151341,family,Polyomaviridae,1,0,7,1112,1115
SRR24967170,1891714,genus,Betapolyomavirus,1,0,8,1112,1114
SRR24967170,1891767,species,Betapolyomavirus macacae,1,1,9,1112,1112
SRR24967170,2732091,kingdom,Sangervirae,3,0,3,1119,1128
SRR24967170,2732412,phylum,Phixviricota,3,0,4,1119,1127
SRR24967170,2732413,class,Malgrandaviricetes,3,0,5,1119,1126
SRR24967170,2732414,order,Petitvirales,3,0,6,1119,1125
SRR24967170,10841,family,Microviridae,3,0,7,1119,1124
SRR24967170,1910950,subfamily,Bullavirinae,3,0,8,1119,1123
SRR24967170,1910954,genus,Sinsheimervirus,3,0,9,1119,1122
SRR24967170,10847,species,Sinsheimervirus phiX174,3,2,10,1119,1121
SRR24967170,2886930,,Escherichia phage phiX174,1,1,11,1119,1119
SRR24967170,2731341,,Duplodnaviria,18,0,2,1129,1149
SRR24967170,2731360,kingdom,Heunggongvirae,18,0,3,1129,1148
SRR24967170,2731361,phylum,Peploviricota,11,0,4,1129,1136
SRR24967170,2731363,class,Herviviricetes,11,0,5,1129,1135
SRR24967170,548681,order,Herpesvirales,11,0,6,1129,1134
SRR24967170,10292,family,Herpesviridae,11,0,7,1129,1133
SRR24967170,10374,subfamily,Gammaherpesvirinae,11,0,8,1129,1132
SRR24967170,10375,genus,Lymphocryptovirus,11,0,9,1129,1131
SRR24967170,10376,species,Human gammaherpesvirus 4,11,11,10,1129,1129
SRR24967170,2731618,phylum,Uroviricota,7,0,4,1136,1147
SRR24967170,2731619,class,Caudoviricetes,7,0,5,1136,1146
SRR24967170,2788787,,unclassified Caudoviricetes,4,0,6,1136,1138
SRR24967170,2832643,species,Caudoviricetes sp.,4,4,7,1136,1136
SRR24967170,2731643,family,Autographiviridae,1,0,6,1138,1143
SRR24967170,2731652,subfamily,Slopekvirinae,1,0,7,1138,1142
SRR24967170,2732938,genus,Koutsourovirus,1,0,8,1138,1141
SRR24967170,2733608,species,Koutsourovirus KDA1,1,0,9,1138,1140
SRR24967170,1147139,,Enterobacter phage phiKDA1,1,1,10,1138,1138
SRR24967170,2560086,genus,Alcyoneusvirus,1,1,6,1143,1143
SRR24967170,2560161,genus,Kojivirus,1,1,6,1144,1144
SRR24967170,2732004,,Varidnaviria,3,0,2,1149,1159
SRR24967170,2732005,kingdom,Bamfordvirae,3,0,3,1149,1158
SRR24967170,2732007,phylum,Nucleocytoviricota,3,0,4,1149,1157
SRR24967170,2732523,class,Megaviricetes,3,0,5,1149,1156
SRR24967170,2732524,order,Algavirales,3,0,6,1149,1155
SRR24967170,10501,family,Phycodnaviridae,3,0,7,1149,1154
SRR24967170,455363,,unclassified Phycodnaviridae,2,0,8,1149,1151
SRR24967170,1499987,species,Prymnesium kappa virus,2,2,9,1149,1149
SRR24967170,346673,genus,Coccolithovirus,1,0,8,1151,1153
SRR24967170,372443,,unclassified Coccolithovirus,1,1,9,1151,1151
SRR24967170,2840056,class,Naldaviricetes,3,0,2,1159,1167
SRR24967170,196937,family,Nimaviridae,2,0,3,1159,1162
SRR24967170,2133791,,unclassified Nimaviridae,2,0,4,1159,1161
SRR24967170,2984279,species,Metapenaeus ensis majanivirus,2,2,5,1159,1159
SRR24967170,2840070,order,Lefavirales,1,0,3,1162,1166
SRR24967170,10442,family,Baculoviridae,1,0,4,1162,1165
SRR24967170,558016,genus,Alphabaculovirus,1,0,5,1162,1164
SRR24967170,271108,species,Bombyx mori nucleopolyhedrovirus,1,1,6,1162,1162
SRR24967170,12429,,unclassified viruses,3,0,2,1167,1170
SRR24967170,2204151,,unclassified DNA viruses,3,0,3,1167,1169
SRR24967170,2739783,species,Yalta virus,3,3,4,1167,1167
SRR24967170,2559587,,Riboviria,2,0,2,1170,1183
SRR24967170,2732397,kingdom,Pararnavirae,2,0,3,1170,1182
SRR24967170,2732409,phylum,Artverviricota,2,0,4,1170,1181
SRR24967170,2732514,class,Revtraviricetes,2,0,5,1170,1180
SRR24967170,2169561,order,Ortervirales,2,0,6,1170,1179
SRR24967170,11632,family,Retroviridae,1,0,7,1170,1174
SRR24967170,327045,subfamily,Orthoretrovirinae,1,0,8,1170,1173
SRR24967170,11646,genus,Lentivirus,1,0,9,1170,1172
SRR24967170,12804,species,Puma lentivirus,1,1,10,1170,1170
SRR24967170,186534,family,Caulimoviridae,1,0,7,1174,1178
SRR24967170,10652,genus,Badnavirus,1,0,8,1174,1177
SRR24967170,325348,,unclassified Badnavirus,1,0,9,1174,1176
SRR24967170,52996,species,Dioscorea bacilliform virus,1,1,10,1174,1174
SRR24967170,2946196,family,Polydnaviriformidae,1,0,2,1183,1186
SRR24967170,2946836,genus,Bracoviriform,1,0,3,1183,1185
SRR24967170,116759,species,Bracoviriform indiense,1,1,4,1183,1183
SRR24967170,185751,family,Pospiviroidae,1,0,2,1186,1189
SRR24967170,185753,genus,Pospiviroid,1,0,3,1186,1188
SRR24967170,12890,species,Citrus exocortis viroid,1,1,4,1186,1186
SRR24967170,186616,,environmental samples,1,0,2,1189,1191
SRR24967170,340016,species,uncultured virus,1,1,3,1189,1189
SRR24967171,10239,superkingdom,Viruses,243,1,1,1244,1318
SRR24967171,2559587,,Riboviria,199,0,2,1244,1276
SRR24967171,2732396,kingdom,Orthornavirae,195,0,3,1244,1265
SRR24967171,2732408,phylum,Pisuviricota,192,0,4,1244,1254
SRR24967171,2732506,class,Pisoniviricetes,192,0,5,1244,1253
SRR24967171,76804,order,Nidovirales,192,0,6,1244,1252
SRR24967171,2499399,suborder,Cornidovirineae,192,0,7,1244,1251
SRR24967171,11118,family,Coronaviridae,192,0,8,1244,1250
SRR24967171,2501931,subfamily,Orthocoronavirinae,192,0,9,1244,1249
SRR24967171,694002,genus,Betacoronavirus,192,0,10,1244,1248
SRR24967171,2509511,subgenus,Sarbecovirus,192,0,11,1244,1247
SRR24967171,694009,species,Severe acute respiratory syndrome-related coronavirus,192,0,12,1244,1246
SRR24967171,2697049,,Severe acute respiratory syndrome coronavirus 2,192,192,13,1244,1244
SRR24967171,2732407,phylum,Lenarviricota,2,0,4,1254,1258
SRR24967171,2732499,class,Howeltoviricetes,2,0,5,1254,1257
SRR24967171,2732503,order,Cryppavirales,2,0,6,1254,1256
SRR24967171,2732892,family,Mitoviridae,2,2,7,1254,1254
SRR24967171,2732406,phylum,Kitrinoviricota,1,0,4,1258,1264
SRR24967171,2732461,class,Alsuviricetes,1,0,5,1258,1263
SRR24967171,2732544,order,Martellivirales,1,0,6,1258,1262
SRR24967171,39740,family,Bromoviridae,1,0,7,1258,1261
SRR24967171,12304,genus,Cucumovirus,1,0,8,1258,1260
SRR24967171,12305,species,Cucumber mosaic virus,1,1,9,1258,1258
SRR24967171,35325,,dsRNA viruses,3,0,3,1265,1268
SRR24967171,39780,,unclassified dsRNA viruses,3,0,4,1265,1267
SRR24967171,1532031,species,Alternaria longipes dsRNA virus 1,3,3,5,1265,1265
SRR24967171,2732397,kingdom,Pararnavirae,1,0,3,1268,1275
SRR24967171,2732409,phylum,Artverviricota,1,0,4,1268,1274
SRR24967171,2732514,class,Revtraviricetes,1,0,5,1268,1273
SRR24967171,2169561,order,Ortervirales,1,0,6,1268,1272
SRR24967171,11632,family,Retroviridae,1,0,7,1268,1271
SRR24967171,327045,subfamily,Orthoretrovirinae,1,0,8,1268,1270
SRR24967171,153135,genus,Gammaretrovirus,1,1,9,1268,1268
SRR24967171,2731342,,Monodnaviria,27,0,2,1276,1285
SRR24967171,2732092,kingdom,Shotokuvirae,27,0,3,1276,1284
SRR24967171,2732416,phylum,Cressdnaviricota,27,0,4,1276,1283
SRR24967171,2732424,class,Repensiviricetes,27,0,5,1276,1282
SRR24967171,2732539,order,Geplafuvirales,27,0,6,1276,1281
SRR24967171,10811,family,Geminiviridae,27,0,7,1276,1280
SRR24967171,10814,genus,Begomovirus,27,0,8,1276,1279
SRR24967171,291027,,unclassified Begomovirus,27,0,9,1276,1278
SRR24967171,1592931,species,Yam yellow spot mosaic virus,27,27,10,1276,1276
SRR24967171,2731341,,Duplodnaviria,13,0,2,1285,1311
SRR24967171,2731360,kingdom,Heunggongvirae,13,0,3,1285,1310
SRR24967171,2731618,phylum,Uroviricota,12,0,4,1285,1302
SRR24967171,2731619,class,Caudoviricetes,12,0,5,1285,1301
SRR24967171,2788787,,unclassified Caudoviricetes,4,0,6,1285,1287
SRR24967171,2832643,species,Caudoviricetes sp.,4,4,7,1285,1285
SRR24967171,2731643,family,Autographiviridae,3,0,6,1287,1292
SRR24967171,2731652,subfamily,Slopekvirinae,3,0,7,1287,1291
SRR24967171,2732938,genus,Koutsourovirus,3,1,8,1287,1290
SRR24967171,2733608,species,Koutsourovirus KDA1,2,0,9,1287,1289
SRR24967171,1147139,,Enterobacter phage phiKDA1,2,2,10,1287,1287
SRR24967171,1921544,genus,Septimatrevirus,2,2,6,1292,1292
SRR24967171,2560113,genus,Chakrabartyvirus,1,0,6,1293,1296
SRR24967171,2560689,species,Chakrabartyvirus pf16,1,0,7,1293,1295
SRR24967171,1815630,,Pseudomonas phage pf16,1,1,8,1293,1293
SRR24967171,2842521,subfamily,Eekayvirinae,1,0,6,1296,1298
SRR24967171,2843096,genus,Tinytimothyvirus,1,1,7,1296,1296
SRR24967171,2948768,genus,Jamesmcgillvirus,1,0,6,1298,1300
SRR24967171,2960490,,unclassified Jamesmcgillvirus,1,1,7,1298,1298
SRR24967171,2731361,phylum,Peploviricota,1,0,4,1302,1309
SRR24967171,2731363,class,Herviviricetes,1,0,5,1302,1308
SRR24967171,548681,order,Herpesvirales,1,0,6,1302,1307
SRR24967171,10292,family,Herpesviridae,1,0,7,1302,1306
SRR24967171,10374,subfamily,Gammaherpesvirinae,1,0,8,1302,1305
SRR24967171,10375,genus,Lymphocryptovirus,1,0,9,1302,1304
SRR24967171,10376,species,Human gammaherpesvirus 4,1,1,10,1302,1302
SRR24967171,12333,,unclassified bacterial viruses,2,0,2,1311,1313
SRR24967171,2985243,species,Ochrobactrum phage ORM_20,2,2,3,1311,1311
SRR24967171,2840056,class,Naldaviricetes,1,0,2,1313,1317
SRR24967171,196937,family,Nimaviridae,1,0,3,1313,1316
SRR24967171,2133791,,unclassified Nimaviridae,1,0,4,1313,1315
SRR24967171,2984279,species,Metapenaeus ensis majanivirus,1,1,5,1313,1313
SRR24967172,10239,superkingdom,Viruses,238,1,1,1542,1611
SRR24967172,2731342,,Monodnaviria,169,0,2,1542,1557
SRR24967172,2732092,kingdom,Shotokuvirae,169,0,3,1542,1556
SRR24967172,2732416,phylum,Cressdnaviricota,168,0,4,1542,1549
SRR24967172,2732424,class,Repensiviricetes,168,0,5,1542,1548
SRR24967172,2732539,order,Geplafuvirales,168,0,6,1542,1547
SRR24967172,10811,family,Geminiviridae,168,0,7,1542,1546
SRR24967172,10814,genus,Begomovirus,168,0,8,1542,1545
SRR24967172,291027,,unclassified Begomovirus,168,0,9,1542,1544
SRR24967172,1592931,species,Yam yellow spot mosaic virus,168,168,10,1542,1542
SRR24967172,2732415,phylum,Cossaviricota,1,0,4,1549,1555
SRR24967172,2732421,class,Papovaviricetes,1,0,5,1549,1554
SRR24967172,2732532,order,Sepolyvirales,1,0,6,1549,1553
SRR24967172,151341,family,Polyomaviridae,1,0,7,1549,1552
SRR24967172,1891714,genus,Betapolyomavirus,1,0,8,1549,1551
SRR24967172,1891767,species,Betapolyomavirus macacae,1,1,9,1549,1549
SRR24967172,2731341,,Duplodnaviria,56,0,2,1557,1573
SRR24967172,2731360,kingdom,Heunggongvirae,56,0,3,1557,1572
SRR24967172,2731361,phylum,Peploviricota,52,0,4,1557,1567
SRR24967172,2731363,class,Herviviricetes,52,0,5,1557,1566
SRR24967172,548681,order,Herpesvirales,52,0,6,1557,1565
SRR24967172,10292,family,Herpesviridae,52,0,7,1557,1564
SRR24967172,10374,subfamily,Gammaherpesvirinae,51,0,8,1557,1560
SRR24967172,10375,genus,Lymphocryptovirus,51,0,9,1557,1559
SRR24967172,10376,species,Human gammaherpesvirus 4,51,51,10,1557,1557
SRR24967172,10293,subfamily,Alphaherpesvirinae,1,0,8,1560,1563
SRR24967172,10319,genus,Varicellovirus,1,0,9,1560,1562
SRR24967172,10345,species,Suid alphaherpesvirus 1,1,1,10,1560,1560
SRR24967172,2731618,phylum,Uroviricota,4,0,4,1567,1571
SRR24967172,2731619,class,Caudoviricetes,4,0,5,1567,1570
SRR24967172,2788787,,unclassified Caudoviricetes,4,0,6,1567,1569
SRR24967172,2832643,species,Caudoviricetes sp.,4,4,7,1567,1567
SRR24967172,2559587,,Riboviria,5,0,2,1573,1590
SRR24967172,2732397,kingdom,Pararnavirae,4,0,3,1573,1581
SRR24967172,2732409,phylum,Artverviricota,4,0,4,1573,1580
SRR24967172,2732514,class,Revtraviricetes,4,0,5,1573,1579
SRR24967172,2169561,order,Ortervirales,4,0,6,1573,1578
SRR24967172,186534,family,Caulimoviridae,4,0,7,1573,1577
SRR24967172,10652,genus,Badnavirus,4,0,8,1573,1576
SRR24967172,325348,,unclassified Badnavirus,4,0,9,1573,1575
SRR24967172,52996,species,Dioscorea bacilliform virus,4,4,10,1573,1573
SRR24967172,2732396,kingdom,Orthornavirae,1,0,3,1581,1589
SRR24967172,2732406,phylum,Kitrinoviricota,1,0,4,1581,1588
SRR24967172,2732462,class,Flasuviricetes,1,0,5,1581,1587
SRR24967172,2732545,order,Amarillovirales,1,0,6,1581,1586
SRR24967172,11050,family,Flaviviridae,1,0,7,1581,1585
SRR24967172,11095,genus,Pestivirus,1,0,8,1581,1584
SRR24967172,2170080,species,Pestivirus A,1,0,9,1581,1583
SRR24967172,11099,,Bovine viral diarrhea virus 1,1,1,10,1581,1581
SRR24967172,185751,family,Pospiviroidae,3,0,2,1590,1593
SRR24967172,185753,genus,Pospiviroid,3,0,3,1590,1592
SRR24967172,12890,species,Citrus exocortis viroid,3,3,4,1590,1590
SRR24967172,2732004,,Varidnaviria,2,0,2,1593,1606
SRR24967172,2732005,kingdom,Bamfordvirae,2,0,3,1593,1605
SRR24967172,2732007,phylum,Nucleocytoviricota,2,0,4,1593,1604
SRR24967172,2732523,class,Megaviricetes,2,0,5,1593,1603
SRR24967172,2732554,order,Imitervirales,2,0,6,1593,1602
SRR24967172,549779,family,Mimiviridae,2,0,7,1593,1601
SRR24967172,985780,,unclassified Mimiviridae,1,0,8,1593,1597
SRR24967172,1977630,subfamily,Klosneuvirinae,1,0,9,1593,1596
SRR24967172,1977639,genus,Klosneuvirus,1,0,10,1593,1595
SRR24967172,1977640,species,Klosneuvirus KNV1,1,1,11,1593,1593
SRR24967172,315393,genus,Mimivirus,1,0,8,1597,1600
SRR24967172,2501774,,unclassified Mimivirus,1,0,9,1597,1599
SRR24967172,2506608,species,Mimivirus LCMiAC01,1,1,10,1597,1597
SRR24967172,12429,,unclassified viruses,2,0,2,1606,1610
SRR24967172,2204151,,unclassified DNA viruses,2,0,3,1606,1609
SRR24967172,51368,,unclassified dsDNA viruses,2,0,4,1606,1608
SRR24967172,2060084,genus,Pandoravirus,2,2,5,1606,1606
SRR24967173,10239,superkingdom,Viruses,244,1,1,1248,1338
SRR24967173,2731342,,Monodnaviria,183,0,2,1248,1264
SRR24967173,2732092,kingdom,Shotokuvirae,182,0,3,1248,1256
SRR24967173,2732416,phylum,Cressdnaviricota,182,0,4,1248,1255
SRR24967173,2732424,class,Repensiviricetes,182,0,5,1248,1254
SRR24967173,2732539,order,Geplafuvirales,182,0,6,1248,1253
SRR24967173,10811,family,Geminiviridae,182,0,7,1248,1252
SRR24967173,10814,genus,Begomovirus,182,0,8,1248,1251
SRR24967173,291027,,unclassified Begomovirus,182,0,9,1248,1250
SRR24967173,1592931,species,Yam yellow spot mosaic virus,182,182,10,1248,1248
SRR24967173,2732091,kingdom,Sangervirae,1,0,3,1256,1263
SRR24967173,2732412,phylum,Phixviricota,1,0,4,1256,1262
SRR24967173,2732413,class,Malgrandaviricetes,1,0,5,1256,1261
SRR24967173,2732414,order,Petitvirales,1,0,6,1256,1260
SRR24967173,10841,family,Microviridae,1,0,7,1256,1259
SRR24967173,1910950,subfamily,Bullavirinae,1,0,8,1256,1258
SRR24967173,1910954,genus,Sinsheimervirus,1,1,9,1256,1256
SRR24967173,2731341,,Duplodnaviria,39,0,2,1264,1288
SRR24967173,2731360,kingdom,Heunggongvirae,39,0,3,1264,1287
SRR24967173,2731361,phylum,Peploviricota,25,0,4,1264,1274
SRR24967173,2731363,class,Herviviricetes,25,0,5,1264,1273
SRR24967173,548681,order,Herpesvirales,25,0,6,1264,1272
SRR24967173,10292,family,Herpesviridae,25,0,7,1264,1271
SRR24967173,10374,subfamily,Gammaherpesvirinae,23,0,8,1264,1267
SRR24967173,10375,genus,Lymphocryptovirus,23,0,9,1264,1266
SRR24967173,10376,species,Human gammaherpesvirus 4,23,23,10,1264,1264
SRR24967173,10293,subfamily,Alphaherpesvirinae,2,0,8,1267,1270
SRR24967173,10319,genus,Varicellovirus,2,0,9,1267,1269
SRR24967173,10345,species,Suid alphaherpesvirus 1,2,2,10,1267,1267
SRR24967173,2731618,phylum,Uroviricota,14,0,4,1274,1286
SRR24967173,2731619,class,Caudoviricetes,14,0,5,1274,1285
SRR24967173,2788787,,unclassified Caudoviricetes,12,0,6,1274,1278
SRR24967173,2832643,species,Caudoviricetes sp.,10,10,7,1274,1274
SRR24967173,2202568,species,Caudoviricetes sp.,1,1,7,1275,1275
SRR24967173,2999281,species,head-tailed virus GBV302,1,1,7,1276,1276
SRR24967173,2731643,family,Autographiviridae,1,0,6,1278,1281
SRR24967173,2731652,subfamily,Slopekvirinae,1,0,7,1278,1280
SRR24967173,2732938,genus,Koutsourovirus,1,1,8,1278,1278
SRR24967173,2948768,genus,Jamesmcgillvirus,1,0,6,1281,1284
SRR24967173,347326,species,Jamesmcgillvirus jv119X,1,0,7,1281,1283
SRR24967173,2911431,,Pseudomonas phage 119X,1,1,8,1281,1281
SRR24967173,2559587,,Riboviria,9,0,2,1288,1313
SRR24967173,2732396,kingdom,Orthornavirae,6,0,3,1288,1304
SRR24967173,2732406,phylum,Kitrinoviricota,4,0,4,1288,1294
SRR24967173,2732461,class,Alsuviricetes,4,0,5,1288,1293
SRR24967173,2732544,order,Martellivirales,4,0,6,1288,1292
SRR24967173,675071,family,Virgaviridae,4,0,7,1288,1291
SRR24967173,12234,genus,Tobamovirus,4,0,8,1288,1290
SRR24967173,1761477,species,Tomato brown rugose fruit virus,4,4,9,1288,1288
SRR24967173,2497569,phylum,Negarnaviricota,2,0,4,1294,1303
SRR24967173,2497571,subphylum,Polyploviricotina,2,0,5,1294,1302
SRR24967173,2497576,class,Ellioviricetes,2,0,6,1294,1301
SRR24967173,1980410,order,Bunyavirales,2,0,7,1294,1300
SRR24967173,1980418,family,Phenuiviridae,1,0,8,1294,1297
SRR24967173,2024603,,unclassified Phenuiviridae,1,0,9,1294,1296
SRR24967173,2746256,species,Hymenopteran phenui-related virus OKIAV306,1,1,10,1294,1294
SRR24967173,1980613,,unclassified Bunyavirales,1,0,8,1297,1299
SRR24967173,2919405,species,Pterostylis blotch virus,1,1,9,1297,1297
SRR24967173,2732397,kingdom,Pararnavirae,3,0,3,1304,1312
SRR24967173,2732409,phylum,Artverviricota,3,0,4,1304,1311
SRR24967173,2732514,class,Revtraviricetes,3,0,5,1304,1310
SRR24967173,2169561,order,Ortervirales,3,0,6,1304,1309
SRR24967173,186534,family,Caulimoviridae,3,0,7,1304,1308
SRR24967173,10652,genus,Badnavirus,3,0,8,1304,1307
SRR24967173,325348,,unclassified Badnavirus,3,0,9,1304,1306
SRR24967173,52996,species,Dioscorea bacilliform virus,3,3,10,1304,1304
SRR24967173,185751,family,Pospiviroidae,6,0,2,1313,1316
SRR24967173,185753,genus,Pospiviroid,6,0,3,1313,1315
SRR24967173,12890,species,Citrus exocortis viroid,6,6,4,1313,1313
SRR24967173,2840056,class,Naldaviricetes,3,0,2,1316,1321
SRR24967173,196937,family,Nimaviridae,3,0,3,1316,1320
SRR24967173,2133791,,unclassified Nimaviridae,3,0,4,1316,1319
SRR24967173,2984279,species,Metapenaeus ensis majanivirus,2,2,5,1316,1316
SRR24967173,2984284,species,Armadillidium vulgare clopovirus,1,1,5,1317,1317
SRR24967173,2732004,,Varidnaviria,1,0,2,1321,1330
SRR24967173,2732005,kingdom,Bamfordvirae,1,0,3,1321,1329
SRR24967173,2732007,phylum,Nucleocytoviricota,1,0,4,1321,1328
SRR24967173,2732523,class,Megaviricetes,1,0,5,1321,1327
SRR24967173,2732554,order,Imitervirales,1,0,6,1321,1326
SRR24967173,549779,family,Mimiviridae,1,0,7,1321,1325
SRR24967173,985780,,unclassified Mimiviridae,1,0,8,1321,1324
SRR24967173,2094720,genus,Tupanvirus,1,0,9,1321,1323
SRR24967173,2126985,species,Tupanvirus soda lake,1,1,10,1321,1321
SRR24967173,12333,,unclassified bacterial viruses,1,0,2,1330,1332
SRR24967173,38018,species,Bacteriophage sp.,1,1,3,1330,1330
SRR24967173,2946196,family,Polydnaviriformidae,1,0,2,1332,1337
SRR24967173,2946836,genus,Bracoviriform,1,0,3,1332,1336
SRR24967173,2959943,,unclassified Bracoviriform,1,0,4,1332,1335
SRR24967173,452647,species,Cotesia sesamiae bracovirus,1,0,5,1332,1334
SRR24967173,452649,,Cotesia sesamiae Mombasa bracovirus,1,1,6,1332,1332
SRR24967174,10239,superkingdom,Viruses,196,1,1,1091,1178
SRR24967174,2731342,,Monodnaviria,153,0,2,1091,1114
SRR24967174,2732092,kingdom,Shotokuvirae,151,0,3,1091,1105
SRR24967174,2732416,phylum,Cressdnaviricota,150,0,4,1091,1098
SRR24967174,2732424,class,Repensiviricetes,150,0,5,1091,1097
SRR24967174,2732539,order,Geplafuvirales,150,0,6,1091,1096
SRR24967174,10811,family,Geminiviridae,150,0,7,1091,1095
SRR24967174,10814,genus,Begomovirus,150,0,8,1091,1094
SRR24967174,291027,,unclassified Begomovirus,150,0,9,1091,1093
SRR24967174,1592931,species,Yam yellow spot mosaic virus,150,150,10,1091,1091
SRR24967174,2732415,phylum,Cossaviricota,1,0,4,1098,1104
SRR24967174,2732421,class,Papovaviricetes,1,0,5,1098,1103
SRR24967174,2732532,order,Sepolyvirales,1,0,6,1098,1102
SRR24967174,151341,family,Polyomaviridae,1,0,7,1098,1101
SRR24967174,1891714,genus,Betapolyomavirus,1,0,8,1098,1100
SRR24967174,1891767,species,Betapolyomavirus macacae,1,1,9,1098,1098
SRR24967174,2732091,kingdom,Sangervirae,2,0,3,1105,1113
SRR24967174,2732412,phylum,Phixviricota,2,0,4,1105,1112
SRR24967174,2732413,class,Malgrandaviricetes,2,0,5,1105,1111
SRR24967174,2732414,order,Petitvirales,2,0,6,1105,1110
SRR24967174,10841,family,Microviridae,2,0,7,1105,1109
SRR24967174,1910950,subfamily,Bullavirinae,2,0,8,1105,1108
SRR24967174,1910954,genus,Sinsheimervirus,2,0,9,1105,1107
SRR24967174,10847,species,Sinsheimervirus phiX174,2,2,10,1105,1105
SRR24967174,2731341,,Duplodnaviria,24,0,2,1114,1130
SRR24967174,2731360,kingdom,Heunggongvirae,24,0,3,1114,1129
SRR24967174,2731361,phylum,Peploviricota,15,0,4,1114,1124
SRR24967174,2731363,class,Herviviricetes,15,0,5,1114,1123
SRR24967174,548681,order,Herpesvirales,15,0,6,1114,1122
SRR24967174,10292,family,Herpesviridae,15,0,7,1114,1121
SRR24967174,10374,subfamily,Gammaherpesvirinae,12,0,8,1114,1117
SRR24967174,10375,genus,Lymphocryptovirus,12,0,9,1114,1116
SRR24967174,10376,species,Human gammaherpesvirus 4,12,12,10,1114,1114
SRR24967174,10293,subfamily,Alphaherpesvirinae,3,0,8,1117,1120
SRR24967174,10319,genus,Varicellovirus,3,0,9,1117,1119
SRR24967174,10345,species,Suid alphaherpesvirus 1,3,3,10,1117,1117
SRR24967174,2731618,phylum,Uroviricota,9,0,4,1124,1128
SRR24967174,2731619,class,Caudoviricetes,9,0,5,1124,1127
SRR24967174,2788787,,unclassified Caudoviricetes,9,0,6,1124,1126
SRR24967174,2832643,species,Caudoviricetes sp.,9,9,7,1124,1124
SRR24967174,2559587,,Riboviria,10,0,2,1130,1162
SRR24967174,2732397,kingdom,Pararnavirae,6,0,3,1130,1144
SRR24967174,2732409,phylum,Artverviricota,6,0,4,1130,1143
SRR24967174,2732514,class,Revtraviricetes,6,0,5,1130,1142
SRR24967174,2169561,order,Ortervirales,6,0,6,1130,1141
SRR24967174,11632,family,Retroviridae,4,0,7,1130,1136
SRR24967174,327045,subfamily,Orthoretrovirinae,4,0,8,1130,1135
SRR24967174,153135,genus,Gammaretrovirus,2,1,9,1130,1132
SRR24967174,11786,species,Murine leukemia virus,1,1,10,1130,1130
SRR24967174,11646,genus,Lentivirus,2,0,9,1132,1134
SRR24967174,12804,species,Puma lentivirus,2,2,10,1132,1132
SRR24967174,186534,family,Caulimoviridae,2,0,7,1136,1140
SRR24967174,10652,genus,Badnavirus,2,0,8,1136,1139
SRR24967174,325348,,unclassified Badnavirus,2,0,9,1136,1138
SRR24967174,52996,species,Dioscorea bacilliform virus,2,2,10,1136,1136
SRR24967174,2732396,kingdom,Orthornavirae,4,0,3,1144,1161
SRR24967174,2732406,phylum,Kitrinoviricota,3,0,4,1144,1150
SRR24967174,2732461,class,Alsuviricetes,3,0,5,1144,1149
SRR24967174,2732544,order,Martellivirales,3,0,6,1144,1148
SRR24967174,675071,family,Virgaviridae,3,0,7,1144,1147
SRR24967174,12234,genus,Tobamovirus,3,0,8,1144,1146
SRR24967174,1761477,species,Tomato brown rugose fruit virus,3,3,9,1144,1144
SRR24967174,2732408,phylum,Pisuviricota,1,0,4,1150,1160
SRR24967174,2732506,class,Pisoniviricetes,1,0,5,1150,1159
SRR24967174,76804,order,Nidovirales,1,0,6,1150,1158
SRR24967174,2499399,suborder,Cornidovirineae,1,0,7,1150,1157
SRR24967174,11118,family,Coronaviridae,1,0,8,1150,1156
SRR24967174,2501931,subfamily,Orthocoronavirinae,1,0,9,1150,1155
SRR24967174,694002,genus,Betacoronavirus,1,0,10,1150,1154
SRR24967174,2509511,subgenus,Sarbecovirus,1,0,11,1150,1153
SRR24967174,694009,species,Severe acute respiratory syndrome-related coronavirus,1,0,12,1150,1152
SRR24967174,2697049,,Severe acute respiratory syndrome coronavirus 2,1,1,13,1150,1150
SRR24967174,185751,family,Pospiviroidae,4,0,2,1162,1165
SRR24967174,185753,genus,Pospiviroid,4,0,3,1162,1164
SRR24967174,12890,species,Citrus exocortis viroid,4,4,4,1162,1162
SRR24967174,2840056,class,Naldaviricetes,2,0,2,1165,1173
SRR24967174,2840070,order,Lefavirales,1,0,3,1165,1169
SRR24967174,10442,family,Baculoviridae,1,0,4,1165,1168
SRR24967174,558016,genus,Alphabaculovirus,1,0,5,1165,1167
SRR24967174,271108,species,Bombyx mori nucleopolyhedrovirus,1,1,6,1165,1165
SRR24967174,196937,family,Nimaviridae,1,0,3,1169,1172
SRR24967174,2133791,,unclassified Nimaviridae,1,0,4,1169,1171
SRR24967174,2984279,species,Metapenaeus ensis majanivirus,1,1,5,1169,1169
SRR24967174,186616,,environmental samples,1,0,2,1173,1175
SRR24967174,186617,species,uncultured marine virus,1,1,3,1173,1173
SRR24967174,12333,,unclassified bacterial viruses,1,0,2,1175,1177
SRR24967174,2985243,species,Ochrobactrum phage ORM_20,1,1,3,1175,1175
SRR25002066,10239,superkingdom,Viruses,251332,0,1,574,642
SRR25002066,2559587,,Riboviria,251202,0,2,574,600
SRR25002066,2732396,kingdom,Orthornavirae,251202,0,3,574,599
SRR25002066,2732408,phylum,Pisuviricota,251200,0,4,574,591
SRR25002066,2732507,class,Stelpaviricetes,251145,0,5,574,584
SRR25002066,2732550,order,Patatavirales,251145,0,6,574,583
SRR25002066,39729,family,Potyviridae,251145,0,7,574,582
SRR25002066,12195,genus,Potyvirus,251145,1201,8,574,581
SRR25002066,79917,species,Japanese yam mosaic virus,249933,249933,9,574,574
SRR25002066,114921,species,Beet mosaic virus,4,4,9,575,575
SRR25002066,12204,species,Ornithogalum mosaic virus,4,4,9,576,576
SRR25002066,101281,species,Tuberose mild mosaic virus,1,1,9,577,577
SRR25002066,12211,species,Plum pox virus,1,1,9,578,578
SRR25002066,1406816,species,Zucchini tigre mosaic virus,1,1,9,579,579
SRR25002066,2732506,class,Pisoniviricetes,55,0,5,584,590
SRR25002066,464095,order,Picornavirales,55,0,6,584,589
SRR25002066,675072,family,Secoviridae,55,0,7,584,588
SRR25002066,675075,subfamily,Comovirinae,55,0,8,584,587
SRR25002066,12269,genus,Fabavirus,55,0,9,584,586
SRR25002066,76875,species,Broad bean wilt virus 2,55,55,10,584,584
SRR25002066,2732407,phylum,Lenarviricota,2,0,4,591,598
SRR25002066,2732499,class,Howeltoviricetes,2,0,5,591,597
SRR25002066,2732503,order,Cryppavirales,2,0,6,591,596
SRR25002066,2732892,family,Mitoviridae,2,0,7,591,595
SRR25002066,186768,genus,Mitovirus,2,0,8,591,594
SRR25002066,343865,,unclassified Mitovirus,2,0,9,591,593
SRR25002066,2818416,species,Rhizoctonia solani mitovirus 40,2,2,10,591,591
SRR25002066,2731342,,Monodnaviria,121,0,2,600,609
SRR25002066,2732092,kingdom,Shotokuvirae,121,0,3,600,608
SRR25002066,2732416,phylum,Cressdnaviricota,121,0,4,600,607
SRR25002066,2732424,class,Repensiviricetes,121,0,5,600,606
SRR25002066,2732539,order,Geplafuvirales,121,0,6,600,605
SRR25002066,10811,family,Geminiviridae,121,0,7,600,604
SRR25002066,10814,genus,Begomovirus,121,0,8,600,603
SRR25002066,291027,,unclassified Begomovirus,121,0,9,600,602
SRR25002066,1592931,species,Yam yellow spot mosaic virus,121,121,10,600,600
SRR25002066,2731341,,Duplodnaviria,6,0,2,609,629
SRR25002066,2731360,kingdom,Heunggongvirae,6,0,3,609,628
SRR25002066,2731618,phylum,Uroviricota,4,0,4,609,618
SRR25002066,2731619,class,Caudoviricetes,4,0,5,609,617
SRR25002066,2788787,,unclassified Caudoviricetes,3,1,6,609,611
SRR25002066,1589748,species,Achromobacter phage JWF,2,2,7,609,609
SRR25002066,2731691,family,Drexlerviridae,1,0,6,611,616
SRR25002066,2732045,subfamily,Braunvirinae,1,0,7,611,615
SRR25002066,2732061,genus,Christensenvirus,1,0,8,611,614
SRR25002066,2788162,,unclassified Christensenvirus,1,0,9,611,613
SRR25002066,2978981,species,Escherichia phage TR2,1,1,10,611,611
SRR25002066,2731361,phylum,Peploviricota,2,0,4,618,627
SRR25002066,2731363,class,Herviviricetes,2,0,5,618,626
SRR25002066,548681,order,Herpesvirales,2,0,6,618,625
SRR25002066,10292,family,Herpesviridae,2,0,7,618,624
SRR25002066,10293,subfamily,Alphaherpesvirinae,2,0,8,618,623
SRR25002066,10294,genus,Simplexvirus,1,0,9,618,620
SRR25002066,10298,species,Human alphaherpesvirus 1,1,1,10,618,618
SRR25002066,10319,genus,Varicellovirus,1,0,9,620,622
SRR25002066,10345,species,Suid alphaherpesvirus 1,1,1,10,620,620
SRR25002066,2840056,class,Naldaviricetes,2,0,2,629,633
SRR25002066,196937,family,Nimaviridae,2,0,3,629,632
SRR25002066,2133791,,unclassified Nimaviridae,2,0,4,629,631
SRR25002066,2984279,species,Metapenaeus ensis majanivirus,2,2,5,629,629
SRR25002066,2732004,,Varidnaviria,1,0,2,633,641
SRR25002066,2732005,kingdom,Bamfordvirae,1,0,3,633,640
SRR25002066,2732007,phylum,Nucleocytoviricota,1,0,4,633,639
SRR25002066,2732523,class,Megaviricetes,1,0,5,633,638
SRR25002066,2732554,order,Imitervirales,1,0,6,633,637
SRR25002066,549779,family,Mimiviridae,1,0,7,633,636
SRR25002066,985780,,unclassified Mimiviridae,1,0,8,633,635
SRR25002066,2487775,species,Terrestrivirus sp.,1,1,9,633,633
SRR25002067,10239,superkingdom,Viruses,379279,0,1,637,706
SRR25002067,2559587,,Riboviria,379147,0,2,637,674
SRR25002067,2732396,kingdom,Orthornavirae,379141,0,3,637,665
SRR25002067,2732408,phylum,Pisuviricota,379140,0,4,637,657
SRR25002067,2732507,class,Stelpaviricetes,379105,0,5,637,647
SRR25002067,2732550,order,Patatavirales,379105,0,6,637,646
SRR25002067,39729,family,Potyviridae,379105,0,7,637,645
SRR25002067,12195,genus,Potyvirus,379105,1081,8,637,644
SRR25002067,79917,species,Japanese yam mosaic virus,378014,378014,9,637,637
SRR25002067,114921,species,Beet mosaic virus,3,3,9,638,638
SRR25002067,400396,species,Wild tomato mosaic virus,2,2,9,639,639
SRR25002067,12204,species,Ornithogalum mosaic virus,2,2,9,640,640
SRR25002067,12224,species,Sugarcane mosaic virus,2,2,9,641,641
SRR25002067,1406816,species,Zucchini tigre mosaic virus,1,1,9,642,642
SRR25002067,2732506,class,Pisoniviricetes,35,0,5,647,656
SRR25002067,464095,order,Picornavirales,35,0,6,647,655
SRR25002067,675072,family,Secoviridae,32,0,7,647,651
SRR25002067,675075,subfamily,Comovirinae,32,0,8,647,650
SRR25002067,12269,genus,Fabavirus,32,0,9,647,649
SRR25002067,76875,species,Broad bean wilt virus 2,32,32,10,647,647
SRR25002067,232795,family,Dicistroviridae,3,0,7,651,654
SRR25002067,1922209,genus,Triatovirus,3,0,8,651,653
SRR25002067,81583,species,Himetobi P virus,3,3,9,651,651
SRR25002067,2732407,phylum,Lenarviricota,1,0,4,657,664
SRR25002067,2732499,class,Howeltoviricetes,1,0,5,657,663
SRR25002067,2732503,order,Cryppavirales,1,0,6,657,662
SRR25002067,2732892,family,Mitoviridae,1,0,7,657,661
SRR25002067,186768,genus,Mitovirus,1,0,8,657,660
SRR25002067,343865,,unclassified Mitovirus,1,0,9,657,659
SRR25002067,2818416,species,Rhizoctonia solani mitovirus 40,1,1,10,657,657
SRR25002067,2732397,kingdom,Pararnavirae,6,0,3,665,673
SRR25002067,2732409,phylum,Artverviricota,6,0,4,665,672
SRR25002067,2732514,class,Revtraviricetes,6,0,5,665,671
SRR25002067,2169561,order,Ortervirales,6,0,6,665,670
SRR25002067,186534,family,Caulimoviridae,6,0,7,665,669
SRR25002067,10652,genus,Badnavirus,6,0,8,665,668
SRR25002067,325348,,unclassified Badnavirus,6,0,9,665,667
SRR25002067,52996,species,Dioscorea bacilliform virus,6,6,10,665,665
SRR25002067,2731342,,Monodnaviria,123,0,2,674,683
SRR25002067,2732092,kingdom,Shotokuvirae,123,0,3,674,682
SRR25002067,2732416,phylum,Cressdnaviricota,123,0,4,674,681
SRR25002067,2732424,class,Repensiviricetes,123,0,5,674,680
SRR25002067,2732539,order,Geplafuvirales,123,0,6,674,679
SRR25002067,10811,family,Geminiviridae,123,0,7,674,678
SRR25002067,10814,genus,Begomovirus,123,0,8,674,677
SRR25002067,291027,,unclassified Begomovirus,123,0,9,674,676
SRR25002067,1592931,species,Yam yellow spot mosaic virus,123,123,10,674,674
SRR25002067,2731341,,Duplodnaviria,9,0,2,683,705
SRR25002067,2731360,kingdom,Heunggongvirae,9,0,3,683,704
SRR25002067,2731618,phylum,Uroviricota,5,0,4,683,693
SRR25002067,2731619,class,Caudoviricetes,5,0,5,683,692
SRR25002067,2731691,family,Drexlerviridae,3,0,6,683,688
SRR25002067,2732045,subfamily,Braunvirinae,3,0,7,683,687
SRR25002067,2732061,genus,Christensenvirus,3,0,8,683,686
SRR25002067,2788162,,unclassified Christensenvirus,3,1,9,683,685
SRR25002067,2978981,species,Escherichia phage TR2,2,2,10,683,683
SRR25002067,2788787,,unclassified Caudoviricetes,2,0,6,688,691
SRR25002067,1589748,species,Achromobacter phage JWF,1,1,7,688,688
SRR25002067,2832643,species,Caudoviricetes sp.,1,1,7,689,689
SRR25002067,2731361,phylum,Peploviricota,4,0,4,693,703
SRR25002067,2731363,class,Herviviricetes,4,0,5,693,702
SRR25002067,548681,order,Herpesvirales,4,0,6,693,701
SRR25002067,10292,family,Herpesviridae,4,0,7,693,700
SRR25002067,10293,subfamily,Alphaherpesvirinae,2,0,8,693,696
SRR25002067,10294,genus,Simplexvirus,2,0,9,693,695
SRR25002067,10298,species,Human alphaherpesvirus 1,2,2,10,693,693
SRR25002067,10374,subfamily,Gammaherpesvirinae,2,0,8,696,699
SRR25002067,10375,genus,Lymphocryptovirus,2,0,9,696,698
SRR25002067,10376,species,Human gammaherpesvirus 4,2,2,10,696,696
SRR25002068,10239,superkingdom,Viruses,242204,0,1,527,595
SRR25002068,2559587,,Riboviria,242020,0,2,527,560
SRR25002068,2732396,kingdom,Orthornavirae,242019,0,3,527,551
SRR25002068,2732408,phylum,Pisuviricota,242015,0,4,527,542
SRR25002068,2732507,class,Stelpaviricetes,241962,0,5,527,535
SRR25002068,2732550,order,Patatavirales,241962,0,6,527,534
SRR25002068,39729,family,Potyviridae,241962,0,7,527,533
SRR25002068,12195,genus,Potyvirus,241962,1035,8,527,532
SRR25002068,79917,species,Japanese yam mosaic virus,240924,240924,9,527,527
SRR25002068,12204,species,Ornithogalum mosaic virus,1,1,9,528,528
SRR25002068,12224,species,Sugarcane mosaic virus,1,1,9,529,529
SRR25002068,1406816,species,Zucchini tigre mosaic virus,1,1,9,530,530
SRR25002068,2732506,class,Pisoniviricetes,53,0,5,535,541
SRR25002068,464095,order,Picornavirales,53,0,6,535,540
SRR25002068,675072,family,Secoviridae,53,0,7,535,539
SRR25002068,675075,subfamily,Comovirinae,53,0,8,535,538
SRR25002068,12269,genus,Fabavirus,53,0,9,535,537
SRR25002068,76875,species,Broad bean wilt virus 2,53,53,10,535,535
SRR25002068,2732407,phylum,Lenarviricota,4,0,4,542,550
SRR25002068,2732499,class,Howeltoviricetes,4,0,5,542,549
SRR25002068,2732503,order,Cryppavirales,4,0,6,542,548
SRR25002068,2732892,family,Mitoviridae,4,0,7,542,547
SRR25002068,186768,genus,Mitovirus,4,0,8,542,546
SRR25002068,343865,,unclassified Mitovirus,4,0,9,542,545
SRR25002068,2818416,species,Rhizoctonia solani mitovirus 40,3,3,10,542,542
SRR25002068,2587224,species,Mitovirus sp.,1,1,10,543,543
SRR25002068,2732397,kingdom,Pararnavirae,1,0,3,551,559
SRR25002068,2732409,phylum,Artverviricota,1,0,4,551,558
SRR25002068,2732514,class,Revtraviricetes,1,0,5,551,557
SRR25002068,2169561,order,Ortervirales,1,0,6,551,556
SRR25002068,186534,family,Caulimoviridae,1,0,7,551,555
SRR25002068,10652,genus,Badnavirus,1,0,8,551,554
SRR25002068,325348,,unclassified Badnavirus,1,0,9,551,553
SRR25002068,52996,species,Dioscorea bacilliform virus,1,1,10,551,551
SRR25002068,2731342,,Monodnaviria,123,0,2,560,569
SRR25002068,2732092,kingdom,Shotokuvirae,123,0,3,560,568
SRR25002068,2732416,phylum,Cressdnaviricota,123,0,4,560,567
SRR25002068,2732424,class,Repensiviricetes,123,0,5,560,566
SRR25002068,2732539,order,Geplafuvirales,123,0,6,560,565
SRR25002068,10811,family,Geminiviridae,123,0,7,560,564
SRR25002068,10814,genus,Begomovirus,123,0,8,560,563
SRR25002068,291027,,unclassified Begomovirus,123,0,9,560,562
SRR25002068,1592931,species,Yam yellow spot mosaic virus,123,123,10,560,560
SRR25002068,2731341,,Duplodnaviria,55,0,2,569,583
SRR25002068,2731360,kingdom,Heunggongvirae,55,0,3,569,582
SRR25002068,2731361,phylum,Peploviricota,47,0,4,569,576
SRR25002068,2731363,class,Herviviricetes,47,0,5,569,575
SRR25002068,548681,order,Herpesvirales,47,0,6,569,574
SRR25002068,10292,family,Herpesviridae,47,0,7,569,573
SRR25002068,10374,subfamily,Gammaherpesvirinae,47,0,8,569,572
SRR25002068,10375,genus,Lymphocryptovirus,47,0,9,569,571
SRR25002068,10376,species,Human gammaherpesvirus 4,47,47,10,569,569
SRR25002068,2731618,phylum,Uroviricota,8,0,4,576,581
SRR25002068,2731619,class,Caudoviricetes,8,0,5,576,580
SRR25002068,2788787,,unclassified Caudoviricetes,8,0,6,576,579
SRR25002068,2832643,species,Caudoviricetes sp.,5,5,7,576,576
SRR25002068,1589748,species,Achromobacter phage JWF,3,3,7,577,577
SRR25002068,2840056,class,Naldaviricetes,4,0,2,583,592
SRR25002068,196937,family,Nimaviridae,3,0,3,583,586
SRR25002068,2133791,,unclassified Nimaviridae,3,0,4,583,585
SRR25002068,2984279,species,Metapenaeus ensis majanivirus,3,3,5,583,583
SRR25002068,2840070,order,Lefavirales,1,0,3,586,591
SRR25002068,10442,family,Baculoviridae,1,0,4,586,590
SRR25002068,558016,genus,Alphabaculovirus,1,0,5,586,589
SRR25002068,745176,,unclassified Alphabaculovirus,1,0,6,586,588
SRR25002068,1346829,species,Peridroma alphabaculovirus,1,1,7,586,586
SRR25002068,12333,,unclassified bacterial viruses,2,0,2,592,594
SRR25002068,38018,species,Bacteriophage sp.,2,2,3,592,592
SRR25002069,10239,superkingdom,Viruses,96906,0,1,593,641
SRR25002069,2559587,,Riboviria,96772,0,2,593,617
SRR25002069,2732396,kingdom,Orthornavirae,96771,0,3,593,608
SRR25002069,2732408,phylum,Pisuviricota,96771,2,4,593,607
SRR25002069,2732507,class,Stelpaviricetes,54355,0,5,593,599
SRR25002069,2732550,order,Patatavirales,54355,0,6,593,598
SRR25002069,39729,family,Potyviridae,54355,0,7,593,597
SRR25002069,12195,genus,Potyvirus,54355,34,8,593,596
SRR25002069,79917,species,Japanese yam mosaic virus,54320,54320,9,593,593
SRR25002069,12204,species,Ornithogalum mosaic virus,1,1,9,594,594
SRR25002069,2732506,class,Pisoniviricetes,42414,0,5,599,606
SRR25002069,464095,order,Picornavirales,42414,0,6,599,605
SRR25002069,675072,family,Secoviridae,42414,0,7,599,604
SRR25002069,675075,subfamily,Comovirinae,42414,0,8,599,603
SRR25002069,12269,genus,Fabavirus,42414,855,9,599,602
SRR25002069,76875,species,Broad bean wilt virus 2,41559,41554,10,599,601
SRR25002069,73149,,Patchouli mild mosaic virus,5,5,11,599,599
SRR25002069,2732397,kingdom,Pararnavirae,1,0,3,608,616
SRR25002069,2732409,phylum,Artverviricota,1,0,4,608,615
SRR25002069,2732514,class,Revtraviricetes,1,0,5,608,614
SRR25002069,2169561,order,Ortervirales,1,0,6,608,613
SRR25002069,186534,family,Caulimoviridae,1,0,7,608,612
SRR25002069,10652,genus,Badnavirus,1,0,8,608,611
SRR25002069,325348,,unclassified Badnavirus,1,0,9,608,610
SRR25002069,52996,species,Dioscorea bacilliform virus,1,1,10,608,608
SRR25002069,2731342,,Monodnaviria,130,0,2,617,626
SRR25002069,2732092,kingdom,Shotokuvirae,130,0,3,617,625
SRR25002069,2732416,phylum,Cressdnaviricota,130,0,4,617,624
SRR25002069,2732424,class,Repensiviricetes,130,0,5,617,623
SRR25002069,2732539,order,Geplafuvirales,130,0,6,617,622
SRR25002069,10811,family,Geminiviridae,130,0,7,617,621
SRR25002069,10814,genus,Begomovirus,130,0,8,617,620
SRR25002069,291027,,unclassified Begomovirus,130,0,9,617,619
SRR25002069,1592931,species,Yam yellow spot mosaic virus,130,130,10,617,617
SRR25002069,2731341,,Duplodnaviria,3,0,2,626,635
SRR25002069,2731360,kingdom,Heunggongvirae,3,0,3,626,634
SRR25002069,2731361,phylum,Peploviricota,3,0,4,626,633
SRR25002069,2731363,class,Herviviricetes,3,0,5,626,632
SRR25002069,548681,order,Herpesvirales,3,0,6,626,631
SRR25002069,10292,family,Herpesviridae,3,0,7,626,630
SRR25002069,10293,subfamily,Alphaherpesvirinae,3,0,8,626,629
SRR25002069,10294,genus,Simplexvirus,3,0,9,626,628
SRR25002069,10298,species,Human alphaherpesvirus 1,3,3,10,626,626
SRR25002069,2840056,class,Naldaviricetes,1,0,2,635,640
SRR25002069,2840070,order,Lefavirales,1,0,3,635,639
SRR25002069,10442,family,Baculoviridae,1,0,4,635,638
SRR25002069,558016,genus,Alphabaculovirus,1,0,5,635,637
SRR25002069,271108,species,Bombyx mori nucleopolyhedrovirus,1,1,6,635,635
SRR25002070,10239,superkingdom,Viruses,73640,0,1,643,709
SRR25002070,2559587,,Riboviria,73487,0,2,643,667
SRR25002070,2732396,kingdom,Orthornavirae,73486,0,3,643,658
SRR25002070,2732408,phylum,Pisuviricota,73486,5,4,643,657
SRR25002070,2732506,class,Pisoniviricetes,37496,0,5,643,649
SRR25002070,464095,order,Picornavirales,37496,0,6,643,648
SRR25002070,675072,family,Secoviridae,37496,0,7,643,647
SRR25002070,675075,subfamily,Comovirinae,37496,0,8,643,646
SRR25002070,12269,genus,Fabavirus,37496,741,9,643,645
SRR25002070,76875,species,Broad bean wilt virus 2,36755,36755,10,643,643
SRR25002070,2732507,class,Stelpaviricetes,35985,0,5,649,656
SRR25002070,2732550,order,Patatavirales,35985,0,6,649,655
SRR25002070,39729,family,Potyviridae,35985,0,7,649,654
SRR25002070,12195,genus,Potyvirus,35985,29,8,649,653
SRR25002070,79917,species,Japanese yam mosaic virus,35954,35954,9,649,649
SRR25002070,12211,species,Plum pox virus,1,1,9,650,650
SRR25002070,12224,species,Sugarcane mosaic virus,1,1,9,651,651
SRR25002070,2732397,kingdom,Pararnavirae,1,0,3,658,666
SRR25002070,2732409,phylum,Artverviricota,1,0,4,658,665
SRR25002070,2732514,class,Revtraviricetes,1,0,5,658,664
SRR25002070,2169561,order,Ortervirales,1,0,6,658,663
SRR25002070,186534,family,Caulimoviridae,1,0,7,658,662
SRR25002070,10652,genus,Badnavirus,1,0,8,658,661
SRR25002070,325348,,unclassified Badnavirus,1,0,9,658,660
SRR25002070,52996,species,Dioscorea bacilliform virus,1,1,10,658,658
SRR25002070,2731342,,Monodnaviria,128,0,2,667,676
SRR25002070,2732092,kingdom,Shotokuvirae,128,0,3,667,675
SRR25002070,2732416,phylum,Cressdnaviricota,128,0,4,667,674
SRR25002070,2732424,class,Repensiviricetes,128,0,5,667,673
SRR25002070,2732539,order,Geplafuvirales,128,0,6,667,672
SRR25002070,10811,family,Geminiviridae,128,0,7,667,671
SRR25002070,10814,genus,Begomovirus,128,0,8,667,670
SRR25002070,291027,,unclassified Begomovirus,128,0,9,667,669
SRR25002070,1592931,species,Yam yellow spot mosaic virus,128,128,10,667,667
SRR25002070,2731341,,Duplodnaviria,22,0,2,676,703
SRR25002070,2731360,kingdom,Heunggongvirae,22,0,3,676,702
SRR25002070,2731618,phylum,Uroviricota,18,0,4,676,691
SRR25002070,2731619,class,Caudoviricetes,18,0,5,676,690
SRR25002070,2788787,,unclassified Caudoviricetes,10,0,6,676,679
SRR25002070,2832643,species,Caudoviricetes sp.,9,9,7,676,676
SRR25002070,1589748,species,Achromobacter phage JWF,1,1,7,677,677
SRR25002070,2731691,family,Drexlerviridae,7,0,6,679,686
SRR25002070,2732045,subfamily,Braunvirinae,6,0,7,679,683
SRR25002070,2732061,genus,Christensenvirus,6,0,8,679,682
SRR25002070,2788162,,unclassified Christensenvirus,6,3,9,679,681
SRR25002070,2978981,species,Escherichia phage TR2,3,3,10,679,679
SRR25002070,1910999,subfamily,Tunavirinae,1,0,7,683,685
SRR25002070,187217,genus,Tunavirus,1,1,8,683,683
SRR25002070,1982251,genus,Pahexavirus,1,0,6,686,689
SRR25002070,2079398,,unclassified Pahexavirus,1,0,7,686,688
SRR25002070,1983620,species,Propionibacterium phage PacnesP1,1,1,8,686,686
SRR25002070,2731361,phylum,Peploviricota,4,0,4,691,701
SRR25002070,2731363,class,Herviviricetes,4,0,5,691,700
SRR25002070,548681,order,Herpesvirales,4,0,6,691,699
SRR25002070,10292,family,Herpesviridae,4,0,7,691,698
SRR25002070,10293,subfamily,Alphaherpesvirinae,2,0,8,691,694
SRR25002070,10294,genus,Simplexvirus,2,0,9,691,693
SRR25002070,10298,species,Human alphaherpesvirus 1,2,2,10,691,691
SRR25002070,10374,subfamily,Gammaherpesvirinae,2,0,8,694,697
SRR25002070,10375,genus,Lymphocryptovirus,2,0,9,694,696
SRR25002070,10376,species,Human gammaherpesvirus 4,2,2,10,694,694
SRR25002070,2840056,class,Naldaviricetes,3,0,2,703,708
SRR25002070,196937,family,Nimaviridae,3,0,3,703,707
SRR25002070,2133791,,unclassified Nimaviridae,2,0,4,703,705
SRR25002070,2984279,species,Metapenaeus ensis majanivirus,2,2,5,703,703
SRR25002070,249585,genus,Whispovirus,1,1,4,705,705
SRR25002071,10239,superkingdom,Viruses,102911,0,1,741,805
SRR25002071,2559587,,Riboviria,102783,0,2,741,770
SRR25002071,2732396,kingdom,Orthornavirae,102781,0,3,741,757
SRR25002071,2732408,phylum,Pisuviricota,102781,0,4,741,756
SRR25002071,2732507,class,Stelpaviricetes,53657,0,5,741,747
SRR25002071,2732550,order,Patatavirales,53657,0,6,741,746
SRR25002071,39729,family,Potyviridae,53657,0,7,741,745
SRR25002071,12195,genus,Potyvirus,53657,30,8,741,744
SRR25002071,79917,species,Japanese yam mosaic virus,53626,53626,9,741,741
SRR25002071,400396,species,Wild tomato mosaic virus,1,1,9,742,742
SRR25002071,2732506,class,Pisoniviricetes,49124,0,5,747,755
SRR25002071,464095,order,Picornavirales,49124,0,6,747,754
SRR25002071,675072,family,Secoviridae,49124,0,7,747,753
SRR25002071,675075,subfamily,Comovirinae,49124,0,8,747,752
SRR25002071,12269,genus,Fabavirus,49124,1152,9,747,751
SRR25002071,76875,species,Broad bean wilt virus 2,47971,47971,10,747,747
SRR25002071,352925,,unclassified Fabavirus,1,0,10,748,750
SRR25002071,869460,species,Fabavirus safflower/YL-2010/CHN,1,1,11,748,748
SRR25002071,2732397,kingdom,Pararnavirae,2,0,3,757,769
SRR25002071,2732409,phylum,Artverviricota,2,0,4,757,768
SRR25002071,2732514,class,Revtraviricetes,2,0,5,757,767
SRR25002071,2169561,order,Ortervirales,2,0,6,757,766
SRR25002071,11632,family,Retroviridae,1,0,7,757,761
SRR25002071,327045,subfamily,Orthoretrovirinae,1,0,8,757,760
SRR25002071,11646,genus,Lentivirus,1,0,9,757,759
SRR25002071,12804,species,Puma lentivirus,1,1,10,757,757
SRR25002071,186534,family,Caulimoviridae,1,0,7,761,765
SRR25002071,10652,genus,Badnavirus,1,0,8,761,764
SRR25002071,325348,,unclassified Badnavirus,1,0,9,761,763
SRR25002071,52996,species,Dioscorea bacilliform virus,1,1,10,761,761
SRR25002071,2731342,,Monodnaviria,115,0,2,770,779
SRR25002071,2732092,kingdom,Shotokuvirae,115,0,3,770,778
SRR25002071,2732416,phylum,Cressdnaviricota,115,0,4,770,777
SRR25002071,2732424,class,Repensiviricetes,115,0,5,770,776
SRR25002071,2732539,order,Geplafuvirales,115,0,6,770,775
SRR25002071,10811,family,Geminiviridae,115,0,7,770,774
SRR25002071,10814,genus,Begomovirus,115,0,8,770,773
SRR25002071,291027,,unclassified Begomovirus,115,0,9,770,772
SRR25002071,1592931,species,Yam yellow spot mosaic virus,115,115,10,770,770
SRR25002071,2731341,,Duplodnaviria,9,0,2,779,800
SRR25002071,2731360,kingdom,Heunggongvirae,9,0,3,779,799
SRR25002071,2731618,phylum,Uroviricota,5,0,4,779,788
SRR25002071,2731619,class,Caudoviricetes,5,0,5,779,787
SRR25002071,2788787,,unclassified Caudoviricetes,3,0,6,779,781
SRR25002071,2832643,species,Caudoviricetes sp.,3,3,7,779,779
SRR25002071,2731691,family,Drexlerviridae,2,0,6,781,786
SRR25002071,2732045,subfamily,Braunvirinae,2,0,7,781,785
SRR25002071,2732061,genus,Christensenvirus,2,0,8,781,784
SRR25002071,2788162,,unclassified Christensenvirus,2,1,9,781,783
SRR25002071,2978981,species,Escherichia phage TR2,1,1,10,781,781
SRR25002071,2731361,phylum,Peploviricota,4,0,4,788,798
SRR25002071,2731363,class,Herviviricetes,4,0,5,788,797
SRR25002071,548681,order,Herpesvirales,4,0,6,788,796
SRR25002071,10292,family,Herpesviridae,4,0,7,788,795
SRR25002071,10374,subfamily,Gammaherpesvirinae,3,0,8,788,791
SRR25002071,10375,genus,Lymphocryptovirus,3,0,9,788,790
SRR25002071,10376,species,Human gammaherpesvirus 4,3,3,10,788,788
SRR25002071,10293,subfamily,Alphaherpesvirinae,1,0,8,791,794
SRR25002071,10294,genus,Simplexvirus,1,0,9,791,793
SRR25002071,10298,species,Human alphaherpesvirus 1,1,1,10,791,791
SRR25002071,2840056,class,Naldaviricetes,4,0,2,800,804
SRR25002071,196937,family,Nimaviridae,4,0,3,800,803
SRR25002071,2133791,,unclassified Nimaviridae,4,0,4,800,802
SRR25002071,2984279,species,Metapenaeus ensis majanivirus,4,4,5,800,800
SRR25253385,10239,superkingdom,Viruses,53,0,1,1900,1948
SRR25253385,2559587,,Riboviria,33,0,2,1900,1926
SRR25253385,2732396,kingdom,Orthornavirae,31,0,3,1900,1924
SRR25253385,2732408,phylum,Pisuviricota,30,0,4,1900,1917
SRR25253385,2732507,class,Stelpaviricetes,28,0,5,1900,1906
SRR25253385,2732550,order,Patatavirales,28,0,6,1900,1905
SRR25253385,39729,family,Potyviridae,28,0,7,1900,1904
SRR25253385,12195,genus,Potyvirus,28,2,8,1900,1903
SRR25253385,12198,species,Clover yellow vein virus,25,25,9,1900,1900
SRR25253385,2070152,species,Saffron latent virus,1,1,9,1901,1901
SRR25253385,2732505,class,Duplopiviricetes,2,0,5,1906,1916
SRR25253385,2732549,order,Durnavirales,2,0,6,1906,1915
SRR25253385,39748,family,Hypoviridae,1,0,7,1906,1910
SRR25253385,2946791,genus,Alphahypovirus,1,0,8,1906,1909
SRR25253385,2955280,species,Alphahypovirus alternariae,1,0,9,1906,1908
SRR25253385,2601605,,Alternaria alternata hypovirus 1,1,1,10,1906,1906
SRR25253385,11012,family,Partitiviridae,1,0,7,1910,1914
SRR25253385,1511810,genus,Deltapartitivirus,1,0,8,1910,1913
SRR25253385,1985162,,unclassified Deltapartitivirus,1,0,9,1910,1912
SRR25253385,2933095,species,Port Orford cedar deltapartitivirus,1,1,10,1910,1910
SRR25253385,2732406,phylum,Kitrinoviricota,1,0,4,1917,1923
SRR25253385,2732461,class,Alsuviricetes,1,0,5,1917,1922
SRR25253385,675063,order,Tymovirales,1,0,6,1917,1921
SRR25253385,675064,family,Alphaflexiviridae,1,0,7,1917,1920
SRR25253385,942731,,unclassified Alphaflexiviridae,1,0,8,1917,1919
SRR25253385,2824425,species,Hainan alphaflexivirus 2,1,1,9,1917,1917
SRR25253385,2585030,,unclassified Riboviria,2,2,3,1924,1924
SRR25253385,185751,family,Pospiviroidae,12,0,2,1926,1929
SRR25253385,185753,genus,Pospiviroid,12,0,3,1926,1928
SRR25253385,12890,species,Citrus exocortis viroid,12,12,4,1926,1926
SRR25253385,2731341,,Duplodnaviria,6,0,2,1929,1935
SRR25253385,2731360,kingdom,Heunggongvirae,6,0,3,1929,1934
SRR25253385,2731618,phylum,Uroviricota,6,0,4,1929,1933
SRR25253385,2731619,class,Caudoviricetes,6,0,5,1929,1932
SRR25253385,2788787,,unclassified Caudoviricetes,6,0,6,1929,1931
SRR25253385,2832643,species,Caudoviricetes sp.,6,6,7,1929,1929
SRR25253385,2732004,,Varidnaviria,1,0,2,1935,1945
SRR25253385,2732005,kingdom,Bamfordvirae,1,0,3,1935,1944
SRR25253385,2732007,phylum,Nucleocytoviricota,1,0,4,1935,1943
SRR25253385,2732523,class,Megaviricetes,1,0,5,1935,1942
SRR25253385,2732554,order,Imitervirales,1,0,6,1935,1941
SRR25253385,549779,family,Mimiviridae,1,0,7,1935,1940
SRR25253385,985780,,unclassified Mimiviridae,1,0,8,1935,1939
SRR25253385,1977630,subfamily,Klosneuvirinae,1,0,9,1935,1938
SRR25253385,1977636,genus,Hokovirus,1,0,10,1935,1937
SRR25253385,1977638,species,Hokovirus HKV1,1,1,11,1935,1935
SRR25253385,12429,,unclassified viruses,1,0,2,1945,1947
SRR25253385,2763270,species,Virus NIOZ-UU159,1,1,3,1945,1945
SRR25253386,10239,superkingdom,Viruses,47,0,1,872,923
SRR25253386,2559587,,Riboviria,36,8,2,872,904
SRR25253386,2732396,kingdom,Orthornavirae,19,2,3,872,900
SRR25253386,2732406,phylum,Kitrinoviricota,13,0,4,872,878
SRR25253386,2732461,class,Alsuviricetes,13,0,5,872,877
SRR25253386,2732544,order,Martellivirales,13,0,6,872,876
SRR25253386,675071,family,Virgaviridae,13,0,7,872,875
SRR25253386,1527522,,unclassified Virgaviridae,13,0,8,872,874
SRR25253386,2822935,species,Sclerotinia sclerotiorum virga-like virus 1,13,13,9,872,872
SRR25253386,2732407,phylum,Lenarviricota,3,0,4,878,890
SRR25253386,2732498,class,Amabiliviricetes,2,0,5,878,884
SRR25253386,2732502,order,Wolframvirales,2,0,6,878,883
SRR25253386,186766,family,Narnaviridae,2,0,7,878,882
SRR25253386,186767,genus,Narnavirus,2,0,8,878,881
SRR25253386,908833,,unclassified Narnavirus,2,1,9,878,880
SRR25253386,2587532,species,Neofusicoccum parvum narnavirus 1,1,1,10,878,878
SRR25253386,2732500,class,Miaviricetes,1,0,5,884,889
SRR25253386,2732504,order,Ourlivirales,1,0,6,884,888
SRR25253386,2560063,family,Botourmiaviridae,1,0,7,884,887
SRR25253386,186783,genus,Ourmiavirus,1,0,8,884,886
SRR25253386,1629669,,unclassified Ourmiavirus,1,1,9,884,884
SRR25253386,2732408,phylum,Pisuviricota,1,0,4,890,899
SRR25253386,2732506,class,Pisoniviricetes,1,0,5,890,898
SRR25253386,76804,order,Nidovirales,1,0,6,890,897
SRR25253386,2499399,suborder,Cornidovirineae,1,0,7,890,896
SRR25253386,11118,family,Coronaviridae,1,0,8,890,895
SRR25253386,2501931,subfamily,Orthocoronavirinae,1,0,9,890,894
SRR25253386,694002,genus,Betacoronavirus,1,0,10,890,893
SRR25253386,2509511,subgenus,Sarbecovirus,1,0,11,890,892
SRR25253386,694009,species,Severe acute respiratory syndrome-related coronavirus,1,1,12,890,890
SRR25253386,2585030,,unclassified Riboviria,9,2,3,900,903
SRR25253386,2741923,species,Erysiphe necator associated abispo virus 7,5,5,4,900,900
SRR25253386,2741924,species,Erysiphe necator associated abispo virus 8,2,2,4,901,901
SRR25253386,185751,family,Pospiviroidae,8,0,2,904,907
SRR25253386,185753,genus,Pospiviroid,8,0,3,904,906
SRR25253386,12890,species,Citrus exocortis viroid,8,8,4,904,904
SRR25253386,2731341,,Duplodnaviria,2,0,2,907,916
SRR25253386,2731360,kingdom,Heunggongvirae,2,0,3,907,915
SRR25253386,2731361,phylum,Peploviricota,2,0,4,907,914
SRR25253386,2731363,class,Herviviricetes,2,0,5,907,913
SRR25253386,548681,order,Herpesvirales,2,0,6,907,912
SRR25253386,10292,family,Herpesviridae,2,0,7,907,911
SRR25253386,10293,subfamily,Alphaherpesvirinae,2,0,8,907,910
SRR25253386,10294,genus,Simplexvirus,2,0,9,907,909
SRR25253386,10298,species,Human alphaherpesvirus 1,2,2,10,907,907
SRR25253386,2840056,class,Naldaviricetes,1,0,2,916,922
SRR25253386,2840070,order,Lefavirales,1,0,3,916,921
SRR25253386,10442,family,Baculoviridae,1,0,4,916,920
SRR25253386,558016,genus,Alphabaculovirus,1,0,5,916,919
SRR25253386,745176,,unclassified Alphabaculovirus,1,0,6,916,918
SRR25253386,1346829,species,Peridroma alphabaculovirus,1,1,7,916,916
SRR27339515,10239,superkingdom,Viruses,24,0,1,582,596
SRR27339515,2731341,,Duplodnaviria,24,0,2,582,595
SRR27339515,2731360,kingdom,Heunggongvirae,24,0,3,582,594
SRR27339515,2731361,phylum,Peploviricota,20,0,4,582,589
SRR27339515,2731363,class,Herviviricetes,20,0,5,582,588
SRR27339515,548681,order,Herpesvirales,20,0,6,582,587
SRR27339515,10292,family,Herpesviridae,20,0,7,582,586
SRR27339515,10374,subfamily,Gammaherpesvirinae,20,0,8,582,585
SRR27339515,10375,genus,Lymphocryptovirus,20,0,9,582,584
SRR27339515,10376,species,Human gammaherpesvirus 4,20,20,10,582,582
SRR27339515,2731618,phylum,Uroviricota,4,0,4,589,593
SRR27339515,2731619,class,Caudoviricetes,4,0,5,589,592
SRR27339515,2788787,,unclassified Caudoviricetes,4,0,6,589,591
SRR27339515,2832643,species,Caudoviricetes sp.,4,4,7,589,589
SRR27339516,10239,superkingdom,Viruses,21,0,1,783,814
SRR27339516,2731341,,Duplodnaviria,17,0,2,783,796
SRR27339516,2731360,kingdom,Heunggongvirae,17,0,3,783,795
SRR27339516,2731361,phylum,Peploviricota,16,0,4,783,790
SRR27339516,2731363,class,Herviviricetes,16,0,5,783,789
SRR27339516,548681,order,Herpesvirales,16,0,6,783,788
SRR27339516,10292,family,Herpesviridae,16,0,7,783,787
SRR27339516,10374,subfamily,Gammaherpesvirinae,16,0,8,783,786
SRR27339516,10375,genus,Lymphocryptovirus,16,0,9,783,785
SRR27339516,10376,species,Human gammaherpesvirus 4,16,16,10,783,783
SRR27339516,2731618,phylum,Uroviricota,1,0,4,790,794
SRR27339516,2731619,class,Caudoviricetes,1,0,5,790,793
SRR27339516,2788787,,unclassified Caudoviricetes,1,0,6,790,792
SRR27339516,2832643,species,Caudoviricetes sp.,1,1,7,790,790
SRR27339516,12429,,unclassified viruses,2,0,2,796,801
SRR27339516,2204151,,unclassified DNA viruses,2,0,3,796,800
SRR27339516,51368,,unclassified dsDNA viruses,2,0,4,796,799
SRR27339516,2023203,family,Pithoviridae,2,0,5,796,798
SRR27339516,2506586,species,Pithovirus LCPAC101,2,2,6,796,796
SRR27339516,2731342,,Monodnaviria,1,0,2,801,807
SRR27339516,2732092,kingdom,Shotokuvirae,1,0,3,801,806
SRR27339516,2732415,phylum,Cossaviricota,1,0,4,801,805
SRR27339516,2732421,class,Papovaviricetes,1,0,5,801,804
SRR27339516,2732533,order,Zurhausenvirales,1,0,6,801,803
SRR27339516,151340,family,Papillomaviridae,1,1,7,801,801
SRR27339516,2559587,,Riboviria,1,0,2,807,813
SRR27339516,2732396,kingdom,Orthornavirae,1,0,3,807,812
SRR27339516,2732406,phylum,Kitrinoviricota,1,0,4,807,811
SRR27339516,2732461,class,Alsuviricetes,1,0,5,807,810
SRR27339516,2732544,order,Martellivirales,1,0,6,807,809
SRR27339516,675071,family,Virgaviridae,1,1,7,807,807
SRR27339517,10239,superkingdom,Viruses,27,0,1,667,695
SRR27339517,2731341,,Duplodnaviria,24,0,2,667,680
SRR27339517,2731360,kingdom,Heunggongvirae,24,0,3,667,679
SRR27339517,2731361,phylum,Peploviricota,18,0,4,667,674
SRR27339517,2731363,class,Herviviricetes,18,0,5,667,673
SRR27339517,548681,order,Herpesvirales,18,0,6,667,672
SRR27339517,10292,family,Herpesviridae,18,0,7,667,671
SRR27339517,10374,subfamily,Gammaherpesvirinae,18,0,8,667,670
SRR27339517,10375,genus,Lymphocryptovirus,18,0,9,667,669
SRR27339517,10376,species,Human gammaherpesvirus 4,18,18,10,667,667
SRR27339517,2731618,phylum,Uroviricota,6,0,4,674,678
SRR27339517,2731619,class,Caudoviricetes,6,0,5,674,677
SRR27339517,2788787,,unclassified Caudoviricetes,6,0,6,674,676
SRR27339517,2832643,species,Caudoviricetes sp.,6,6,7,674,674
SRR27339517,2559587,,Riboviria,1,0,2,680,689
SRR27339517,2732397,kingdom,Pararnavirae,1,0,3,680,688
SRR27339517,2732409,phylum,Artverviricota,1,0,4,680,687
SRR27339517,2732514,class,Revtraviricetes,1,0,5,680,686
SRR27339517,2169561,order,Ortervirales,1,0,6,680,685
SRR27339517,11632,family,Retroviridae,1,0,7,680,684
SRR27339517,327045,subfamily,Orthoretrovirinae,1,0,8,680,683
SRR27339517,11646,genus,Lentivirus,1,0,9,680,682
SRR27339517,11676,species,Human immunodeficiency virus 1,1,1,10,680,680
SRR27339517,185751,family,Pospiviroidae,1,0,2,689,692
SRR27339517,185753,genus,Pospiviroid,1,0,3,689,691
SRR27339517,12890,species,Citrus exocortis viroid,1,1,4,689,689
SRR27339517,12333,,unclassified bacterial viruses,1,0,2,692,694
SRR27339517,38018,species,Bacteriophage sp.,1,1,3,692,692
SRR27339518,10239,superkingdom,Viruses,51,0,1,974,1010
SRR27339518,2731341,,Duplodnaviria,39,0,2,974,987
SRR27339518,2731360,kingdom,Heunggongvirae,39,0,3,974,986
SRR27339518,2731361,phylum,Peploviricota,34,0,4,974,981
SRR27339518,2731363,class,Herviviricetes,34,0,5,974,980
SRR27339518,548681,order,Herpesvirales,34,0,6,974,979
SRR27339518,10292,family,Herpesviridae,34,0,7,974,978
SRR27339518,10374,subfamily,Gammaherpesvirinae,34,0,8,974,977
SRR27339518,10375,genus,Lymphocryptovirus,34,0,9,974,976
SRR27339518,10376,species,Human gammaherpesvirus 4,34,34,10,974,974
SRR27339518,2731618,phylum,Uroviricota,5,0,4,981,985
SRR27339518,2731619,class,Caudoviricetes,5,0,5,981,984
SRR27339518,2788787,,unclassified Caudoviricetes,5,0,6,981,983
SRR27339518,2832643,species,Caudoviricetes sp.,5,5,7,981,981
SRR27339518,2559587,,Riboviria,8,0,2,987,998
SRR27339518,2732397,kingdom,Pararnavirae,8,0,3,987,997
SRR27339518,2732409,phylum,Artverviricota,8,0,4,987,996
SRR27339518,2732514,class,Revtraviricetes,8,0,5,987,995
SRR27339518,2169561,order,Ortervirales,8,0,6,987,994
SRR27339518,11632,family,Retroviridae,8,0,7,987,993
SRR27339518,327045,subfamily,Orthoretrovirinae,8,0,8,987,992
SRR27339518,11646,genus,Lentivirus,6,0,9,987,989
SRR27339518,12804,species,Puma lentivirus,6,6,10,987,987
SRR27339518,153135,genus,Gammaretrovirus,2,0,9,989,991
SRR27339518,11786,species,Murine leukemia virus,2,2,10,989,989
SRR27339518,185751,family,Pospiviroidae,3,0,2,998,1001
SRR27339518,185753,genus,Pospiviroid,3,0,3,998,1000
SRR27339518,12890,species,Citrus exocortis viroid,3,3,4,998,998
SRR27339518,2731342,,Monodnaviria,1,0,2,1001,1009
SRR27339518,2732092,kingdom,Shotokuvirae,1,0,3,1001,1008
SRR27339518,2732415,phylum,Cossaviricota,1,0,4,1001,1007
SRR27339518,2732421,class,Papovaviricetes,1,0,5,1001,1006
SRR27339518,2732532,order,Sepolyvirales,1,0,6,1001,1005
SRR27339518,151341,family,Polyomaviridae,1,0,7,1001,1004
SRR27339518,1891714,genus,Betapolyomavirus,1,0,8,1001,1003
SRR27339518,1891767,species,Betapolyomavirus macacae,1,1,9,1001,1001
SRR27339519,10239,superkingdom,Viruses,28,0,1,1435,1458
SRR27339519,2731341,,Duplodnaviria,23,0,2,1435,1448
SRR27339519,2731360,kingdom,Heunggongvirae,23,0,3,1435,1447
SRR27339519,2731361,phylum,Peploviricota,20,0,4,1435,1442
SRR27339519,2731363,class,Herviviricetes,20,0,5,1435,1441
SRR27339519,548681,order,Herpesvirales,20,0,6,1435,1440
SRR27339519,10292,family,Herpesviridae,20,0,7,1435,1439
SRR27339519,10374,subfamily,Gammaherpesvirinae,20,0,8,1435,1438
SRR27339519,10375,genus,Lymphocryptovirus,20,0,9,1435,1437
SRR27339519,10376,species,Human gammaherpesvirus 4,20,20,10,1435,1435
SRR27339519,2731618,phylum,Uroviricota,3,0,4,1442,1446
SRR27339519,2731619,class,Caudoviricetes,3,0,5,1442,1445
SRR27339519,2788787,,unclassified Caudoviricetes,3,0,6,1442,1444
SRR27339519,2832643,species,Caudoviricetes sp.,3,3,7,1442,1442
SRR27339519,2559587,,Riboviria,5,0,2,1448,1457
SRR27339519,2732397,kingdom,Pararnavirae,5,0,3,1448,1456
SRR27339519,2732409,phylum,Artverviricota,5,0,4,1448,1455
SRR27339519,2732514,class,Revtraviricetes,5,0,5,1448,1454
SRR27339519,2169561,order,Ortervirales,5,0,6,1448,1453
SRR27339519,11632,family,Retroviridae,5,0,7,1448,1452
SRR27339519,327045,subfamily,Orthoretrovirinae,5,0,8,1448,1451
SRR27339519,11646,genus,Lentivirus,5,0,9,1448,1450
SRR27339519,12804,species,Puma lentivirus,5,5,10,1448,1448
SRR27339520,10239,superkingdom,Viruses,31,0,1,1004,1026
SRR27339520,2731341,,Duplodnaviria,29,0,2,1004,1017
SRR27339520,2731360,kingdom,Heunggongvirae,29,0,3,1004,1016
SRR27339520,2731361,phylum,Peploviricota,26,0,4,1004,1011
SRR27339520,2731363,class,Herviviricetes,26,0,5,1004,1010
SRR27339520,548681,order,Herpesvirales,26,0,6,1004,1009
SRR27339520,10292,family,Herpesviridae,26,0,7,1004,1008
SRR27339520,10374,subfamily,Gammaherpesvirinae,26,0,8,1004,1007
SRR27339520,10375,genus,Lymphocryptovirus,26,0,9,1004,1006
SRR27339520,10376,species,Human gammaherpesvirus 4,26,26,10,1004,1004
SRR27339520,2731618,phylum,Uroviricota,3,0,4,1011,1015
SRR27339520,2731619,class,Caudoviricetes,3,0,5,1011,1014
SRR27339520,2788787,,unclassified Caudoviricetes,3,0,6,1011,1013
SRR27339520,2832643,species,Caudoviricetes sp.,3,3,7,1011,1011
SRR27339520,185751,family,Pospiviroidae,1,0,2,1017,1020
SRR27339520,185753,genus,Pospiviroid,1,0,3,1017,1019
SRR27339520,12890,species,Citrus exocortis viroid,1,1,4,1017,1017
SRR27339520,12429,,unclassified viruses,1,0,2,1020,1025
SRR27339520,2204151,,unclassified DNA viruses,1,0,3,1020,1024
SRR27339520,51368,,unclassified dsDNA viruses,1,0,4,1020,1023
SRR27339520,2023203,family,Pithoviridae,1,0,5,1020,1022
SRR27339520,2506586,species,Pithovirus LCPAC101,1,1,6,1020,1020
SRR31829829,10239,superkingdom,Viruses,80,1,1,772,820
SRR31829829,2731342,clade,Monodnaviria,60,0,2,772,781
SRR31829829,2732092,kingdom,Shotokuvirae,60,0,3,772,780
SRR31829829,2732416,phylum,Cressdnaviricota,60,0,4,772,779
SRR31829829,2732424,class,Repensiviricetes,60,0,5,772,778
SRR31829829,2732539,order,Geplafuvirales,60,0,6,772,777
SRR31829829,10811,family,Geminiviridae,60,0,7,772,776
SRR31829829,10814,genus,Begomovirus,60,0,8,772,775
SRR31829829,291027,,unclassified Begomovirus,60,0,9,772,774
SRR31829829,1592931,species,Yam yellow spot mosaic virus,60,60,10,772,772
SRR31829829,2731341,clade,Duplodnaviria,11,0,2,781,799
SRR31829829,2731360,kingdom,Heunggongvirae,11,0,3,781,798
SRR31829829,2731618,phylum,Uroviricota,6,0,4,781,789
SRR31829829,2731619,class,Caudoviricetes,6,0,5,781,788
SRR31829829,2788787,,unclassified Caudoviricetes,4,0,6,781,783
SRR31829829,2832643,species,Caudoviricetes sp.,4,4,7,781,781
SRR31829829,1982251,genus,Pahexavirus,1,0,6,783,785
SRR31829829,2079398,,unclassified Pahexavirus,1,1,7,783,783
SRR31829829,2731691,family,Drexlerviridae,1,0,6,785,787
SRR31829829,2732045,subfamily,Braunvirinae,1,1,7,785,785
SRR31829829,2731361,phylum,Peploviricota,5,0,4,789,797
SRR31829829,2731363,class,Herviviricetes,5,0,5,789,796
SRR31829829,548681,order,Herpesvirales,5,0,6,789,795
SRR31829829,3044472,family,Orthoherpesviridae,5,0,7,789,794
SRR31829829,10374,subfamily,Gammaherpesvirinae,5,0,8,789,793
SRR31829829,10375,genus,Lymphocryptovirus,5,0,9,789,792
SRR31829829,3050299,species,Lymphocryptovirus humangamma4,5,0,10,789,791
SRR31829829,10376,,human gammaherpesvirus 4,5,5,11,789,789
SRR31829829,2559587,clade,Riboviria,4,0,2,799,810
SRR31829829,2732396,kingdom,Orthornavirae,4,0,3,799,809
SRR31829829,2732406,phylum,Kitrinoviricota,4,0,4,799,808
SRR31829829,2732461,class,Alsuviricetes,4,0,5,799,807
SRR31829829,675063,order,Tymovirales,4,0,6,799,806
SRR31829829,675064,family,Alphaflexiviridae,4,0,7,799,805
SRR31829829,12176,genus,Potexvirus,3,0,8,799,801
SRR31829829,1503864,species,Yam virus X,3,3,9,799,799
SRR31829829,140568,genus,Allexivirus,1,0,8,801,804
SRR31829829,2843479,subgenus,Acarallexivirus,1,0,9,801,803
SRR31829829,12433,species,Garlic virus A,1,1,10,801,801
SRR31829829,2732004,clade,Varidnaviria,3,0,2,810,817
SRR31829829,2732005,kingdom,Bamfordvirae,3,0,3,810,816
SRR31829829,2732008,phylum,Preplasmiviricota,3,0,4,810,815
SRR31829829,2732529,class,Tectiliviricetes,3,0,5,810,814
SRR31829829,2732559,order,Rowavirales,3,0,6,810,813
SRR31829829,10508,family,Adenoviridae,3,0,7,810,812
SRR31829829,10509,genus,Mastadenovirus,3,3,8,810,810
SRR31829829,12333,,unclassified bacterial viruses,1,0,2,817,819
SRR31829829,38018,species,Bacteriophage sp.,1,1,3,817,817
SRR31829830,10239,superkingdom,Viruses,91,0,1,648,682
SRR31829830,2731342,clade,Monodnaviria,69,0,2,648,657
SRR31829830,2732092,kingdom,Shotokuvirae,69,0,3,648,656
SRR31829830,2732416,phylum,Cressdnaviricota,69,0,4,648,655
SRR31829830,2732424,class,Repensiviricetes,69,0,5,648,654
SRR31829830,2732539,order,Geplafuvirales,69,0,6,648,653
SRR31829830,10811,family,Geminiviridae,69,0,7,648,652
SRR31829830,10814,genus,Begomovirus,69,0,8,648,651
SRR31829830,291027,,unclassified Begomovirus,69,0,9,648,650
SRR31829830,1592931,species,Yam yellow spot mosaic virus,69,69,10,648,648
SRR31829830,2731341,clade,Duplodnaviria,22,0,2,657,681
SRR31829830,2731360,kingdom,Heunggongvirae,22,0,3,657,680
SRR31829830,2731618,phylum,Uroviricota,20,0,4,657,667
SRR31829830,2731619,class,Caudoviricetes,20,1,5,657,666
SRR31829830,2731691,family,Drexlerviridae,9,0,6,657,659
SRR31829830,2732045,subfamily,Braunvirinae,9,9,7,657,657
SRR31829830,1982251,genus,Pahexavirus,6,6,6,659,659
SRR31829830,2788787,,unclassified Caudoviricetes,3,0,6,660,662
SRR31829830,2832643,species,Caudoviricetes sp.,3,3,7,660,660
SRR31829830,2560124,genus,Efquatrovirus,1,0,6,662,665
SRR31829830,2562337,,unclassified Efquatrovirus,1,0,7,662,664
SRR31829830,3075855,species,Enterococcus phage SSMH01,1,1,8,662,662
SRR31829830,2731361,phylum,Peploviricota,2,0,4,667,679
SRR31829830,2731363,class,Herviviricetes,2,0,5,667,678
SRR31829830,548681,order,Herpesvirales,2,0,6,667,677
SRR31829830,3044472,family,Orthoherpesviridae,2,0,7,667,676
SRR31829830,10293,subfamily,Alphaherpesvirinae,1,0,8,667,671
SRR31829830,10294,genus,Simplexvirus,1,0,9,667,670
SRR31829830,3050292,species,Simplexvirus humanalpha1,1,0,10,667,669
SRR31829830,10298,,Human alphaherpesvirus 1,1,1,11,667,667
SRR31829830,10374,subfamily,Gammaherpesvirinae,1,0,8,671,675
SRR31829830,10375,genus,Lymphocryptovirus,1,0,9,671,674
SRR31829830,3050299,species,Lymphocryptovirus humangamma4,1,0,10,671,673
SRR31829830,10376,,human gammaherpesvirus 4,1,1,11,671,671
SRR31829831,10239,superkingdom,Viruses,88,0,1,720,760
SRR31829831,2731342,clade,Monodnaviria,72,0,2,720,729
SRR31829831,2732092,kingdom,Shotokuvirae,72,0,3,720,728
SRR31829831,2732416,phylum,Cressdnaviricota,72,0,4,720,727
SRR31829831,2732424,class,Repensiviricetes,72,0,5,720,726
SRR31829831,2732539,order,Geplafuvirales,72,0,6,720,725
SRR31829831,10811,family,Geminiviridae,72,0,7,720,724
SRR31829831,10814,genus,Begomovirus,72,0,8,720,723
SRR31829831,291027,,unclassified Begomovirus,72,0,9,720,722
SRR31829831,1592931,species,Yam yellow spot mosaic virus,72,72,10,720,720
SRR31829831,2731341,clade,Duplodnaviria,12,0,2,729,737
SRR31829831,2731360,kingdom,Heunggongvirae,12,0,3,729,736
SRR31829831,2731618,phylum,Uroviricota,12,0,4,729,735
SRR31829831,2731619,class,Caudoviricetes,12,2,5,729,734
SRR31829831,2788787,,unclassified Caudoviricetes,8,0,6,729,731
SRR31829831,2832643,species,Caudoviricetes sp.,8,8,7,729,729
SRR31829831,2731691,family,Drexlerviridae,2,0,6,731,733
SRR31829831,2732045,subfamily,Braunvirinae,2,2,7,731,731
SRR31829831,2732004,clade,Varidnaviria,3,0,2,737,751
SRR31829831,2732005,kingdom,Bamfordvirae,3,0,3,737,750
SRR31829831,2732008,phylum,Preplasmiviricota,2,0,4,737,742
SRR31829831,2732529,class,Tectiliviricetes,2,0,5,737,741
SRR31829831,2732559,order,Rowavirales,2,0,6,737,740
SRR31829831,10508,family,Adenoviridae,2,0,7,737,739
SRR31829831,10509,genus,Mastadenovirus,2,2,8,737,737
SRR31829831,2732007,phylum,Nucleocytoviricota,1,0,4,742,749
SRR31829831,2732523,class,Megaviricetes,1,0,5,742,748
SRR31829831,2732554,order,Imitervirales,1,0,6,742,747
SRR31829831,549779,family,Mimiviridae,1,0,7,742,746
SRR31829831,3044648,subfamily,Megamimivirinae,1,0,8,742,745
SRR31829831,2094720,genus,Tupanvirus,1,0,9,742,744
SRR31829831,2126985,species,Tupanvirus soda lake,1,1,10,742,742
SRR31829831,2559587,clade,Riboviria,1,0,2,751,759
SRR31829831,2732396,kingdom,Orthornavirae,1,0,3,751,758
SRR31829831,2732406,phylum,Kitrinoviricota,1,0,4,751,757
SRR31829831,2732461,class,Alsuviricetes,1,0,5,751,756
SRR31829831,2732544,order,Martellivirales,1,0,6,751,755
SRR31829831,39740,family,Bromoviridae,1,0,7,751,754
SRR31829831,12304,genus,Cucumovirus,1,0,8,751,753
SRR31829831,12305,species,Cucumber mosaic virus,1,1,9,751,751
SRR31829832,10239,superkingdom,Viruses,130475,0,1,789,856
SRR31829832,2559587,clade,Riboviria,130389,1,2,789,822
SRR31829832,2732396,kingdom,Orthornavirae,129821,0,3,789,811
SRR31829832,2732406,phylum,Kitrinoviricota,129790,0,4,789,796
SRR31829832,2732461,class,Alsuviricetes,129790,0,5,789,795
SRR31829832,675063,order,Tymovirales,129790,0,6,789,794
SRR31829832,675064,family,Alphaflexiviridae,129790,0,7,789,793
SRR31829832,12176,genus,Potexvirus,129790,0,8,789,792
SRR31829832,1503864,species,Yam virus X,129785,129785,9,789,789
SRR31829832,28354,species,Plantago asiatica mosaic virus,5,5,9,790,790
SRR31829832,2732408,phylum,Pisuviricota,28,0,4,796,803
SRR31829832,2732507,class,Stelpaviricetes,28,0,5,796,802
SRR31829832,2732550,order,Patatavirales,28,0,6,796,801
SRR31829832,39729,family,Potyviridae,28,0,7,796,800
SRR31829832,156208,genus,Macluravirus,28,0,8,796,799
SRR31829832,128818,species,Chinese yam necrotic mosaic virus,26,26,9,796,796
SRR31829832,2175329,species,Yam chlorotic necrosis virus,2,2,9,797,797
SRR31829832,2497569,phylum,Negarnaviricota,3,0,4,803,810
SRR31829832,2497570,subphylum,Haploviricotina,3,0,5,803,809
SRR31829832,2497574,class,Monjiviricetes,3,0,6,803,808
SRR31829832,11157,order,Mononegavirales,3,0,7,803,807
SRR31829832,11270,family,Rhabdoviridae,3,0,8,803,806
SRR31829832,2842407,subfamily,Alpharhabdovirinae,3,0,9,803,805
SRR31829832,11271,genus,Vesiculovirus,3,3,10,803,803
SRR31829832,2585030,,unclassified Riboviria,565,0,3,811,813
SRR31829832,2585031,species,Riboviria sp.,565,565,4,811,811
SRR31829832,2732397,kingdom,Pararnavirae,2,0,3,813,821
SRR31829832,2732409,phylum,Artverviricota,2,0,4,813,820
SRR31829832,2732514,class,Revtraviricetes,2,0,5,813,819
SRR31829832,2169561,order,Ortervirales,2,0,6,813,818
SRR31829832,186534,family,Caulimoviridae,2,0,7,813,817
SRR31829832,10652,genus,Badnavirus,2,0,8,813,816
SRR31829832,325348,,unclassified Badnavirus,2,0,9,813,815
SRR31829832,52996,species,Dioscorea bacilliform virus,2,2,10,813,813
SRR31829832,2731342,clade,Monodnaviria,78,0,2,822,832
SRR31829832,2732092,kingdom,Shotokuvirae,78,0,3,822,831
SRR31829832,2732416,phylum,Cressdnaviricota,78,0,4,822,830
SRR31829832,2732424,class,Repensiviricetes,78,0,5,822,829
SRR31829832,2732539,order,Geplafuvirales,78,0,6,822,828
SRR31829832,10811,family,Geminiviridae,78,0,7,822,827
SRR31829832,10814,genus,Begomovirus,75,0,8,822,825
SRR31829832,291027,,unclassified Begomovirus,75,0,9,822,824
SRR31829832,1592931,species,Yam yellow spot mosaic virus,75,75,10,822,822
SRR31829832,10812,genus,Mastrevirus,3,3,8,825,825
SRR31829832,2731341,clade,Duplodnaviria,4,0,2,832,841
SRR31829832,2731360,kingdom,Heunggongvirae,4,0,3,832,840
SRR31829832,2731618,phylum,Uroviricota,4,0,4,832,839
SRR31829832,2731619,class,Caudoviricetes,4,1,5,832,838
SRR31829832,1982251,genus,Pahexavirus,1,1,6,832,832
SRR31829832,2100420,,environmental samples,1,0,6,833,835
SRR31829832,2100421,species,uncultured Caudovirales phage,1,1,7,833,833
SRR31829832,2731691,family,Drexlerviridae,1,0,6,835,837
SRR31829832,2732045,subfamily,Braunvirinae,1,1,7,835,835
SRR31829832,2732004,clade,Varidnaviria,4,0,2,841,855
SRR31829832,2732005,kingdom,Bamfordvirae,4,0,3,841,854
SRR31829832,2732007,phylum,Nucleocytoviricota,3,0,4,841,848
SRR31829832,2732525,class,Pokkesviricetes,3,0,5,841,847
SRR31829832,2732527,order,Chitovirales,3,0,6,841,846
SRR31829832,10240,family,Poxviridae,3,0,7,841,845
SRR31829832,10241,subfamily,Chordopoxvirinae,3,0,8,841,844
SRR31829832,10278,genus,Molluscipoxvirus,3,0,9,841,843
SRR31829832,10279,species,Molluscum contagiosum virus,3,3,10,841,841
SRR31829832,2732008,phylum,Preplasmiviricota,1,0,4,848,853
SRR31829832,2732529,class,Tectiliviricetes,1,0,5,848,852
SRR31829832,2732559,order,Rowavirales,1,0,6,848,851
SRR31829832,10508,family,Adenoviridae,1,0,7,848,850
SRR31829832,10509,genus,Mastadenovirus,1,1,8,848,848
SRR31829833,10239,superkingdom,Viruses,80012,1,1,679,742
SRR31829833,2559587,clade,Riboviria,79917,0,2,679,709
SRR31829833,2732396,kingdom,Orthornavirae,79892,0,3,679,697
SRR31829833,2732406,phylum,Kitrinoviricota,79838,0,4,679,686
SRR31829833,2732461,class,Alsuviricetes,79838,0,5,679,685
SRR31829833,675063,order,Tymovirales,79838,0,6,679,684
SRR31829833,675064,family,Alphaflexiviridae,79838,0,7,679,683
SRR31829833,12176,genus,Potexvirus,79838,0,8,679,682
SRR31829833,1503864,species,Yam virus X,79837,79837,9,679,679
SRR31829833,2510428,species,Cnidium virus X,1,1,9,680,680
SRR31829833,2732408,phylum,Pisuviricota,54,0,4,686,696
SRR31829833,2732507,class,Stelpaviricetes,54,0,5,686,695
SRR31829833,2732550,order,Patatavirales,54,0,6,686,694
SRR31829833,39729,family,Potyviridae,54,0,7,686,693
SRR31829833,156208,genus,Macluravirus,45,0,8,686,689
SRR31829833,128818,species,Chinese yam necrotic mosaic virus,44,44,9,686,686
SRR31829833,2175329,species,Yam chlorotic necrosis virus,1,1,9,687,687
SRR31829833,156207,genus,Tritimovirus,7,0,8,689,691
SRR31829833,31741,species,Wheat streak mosaic virus,7,7,9,689,689
SRR31829833,12195,genus,Potyvirus,2,2,8,691,691
SRR31829833,2585030,,unclassified Riboviria,24,0,3,697,699
SRR31829833,2585031,species,Riboviria sp.,24,24,4,697,697
SRR31829833,2732397,kingdom,Pararnavirae,1,0,3,699,708
SRR31829833,2732409,phylum,Artverviricota,1,0,4,699,707
SRR31829833,2732514,class,Revtraviricetes,1,0,5,699,706
SRR31829833,2169561,order,Ortervirales,1,0,6,699,705
SRR31829833,11632,family,Retroviridae,1,0,7,699,704
SRR31829833,327045,subfamily,Orthoretrovirinae,1,0,8,699,703
SRR31829833,153135,genus,Gammaretrovirus,1,0,9,699,702
SRR31829833,353769,,unclassified Gammaretrovirus,1,0,10,699,701
SRR31829833,11834,species,RD114 retrovirus,1,1,11,699,699
SRR31829833,2731342,clade,Monodnaviria,60,0,2,709,718
SRR31829833,2732092,kingdom,Shotokuvirae,60,0,3,709,717
SRR31829833,2732416,phylum,Cressdnaviricota,60,0,4,709,716
SRR31829833,2732424,class,Repensiviricetes,60,0,5,709,715
SRR31829833,2732539,order,Geplafuvirales,60,0,6,709,714
SRR31829833,10811,family,Geminiviridae,60,0,7,709,713
SRR31829833,10814,genus,Begomovirus,60,0,8,709,712
SRR31829833,291027,,unclassified Begomovirus,60,0,9,709,711
SRR31829833,1592931,species,Yam yellow spot mosaic virus,60,60,10,709,709
SRR31829833,2731341,clade,Duplodnaviria,33,0,2,718,737
SRR31829833,2731360,kingdom,Heunggongvirae,33,0,3,718,736
SRR31829833,2731361,phylum,Peploviricota,25,0,4,718,726
SRR31829833,2731363,class,Herviviricetes,25,0,5,718,725
SRR31829833,548681,order,Herpesvirales,25,0,6,718,724
SRR31829833,3044472,family,Orthoherpesviridae,25,0,7,718,723
SRR31829833,10374,subfamily,Gammaherpesvirinae,25,0,8,718,722
SRR31829833,10375,genus,Lymphocryptovirus,25,0,9,718,721
SRR31829833,3050299,species,Lymphocryptovirus humangamma4,25,0,10,718,720
SRR31829833,10376,,human gammaherpesvirus 4,25,25,11,718,718
SRR31829833,2731618,phylum,Uroviricota,8,0,4,726,735
SRR31829833,2731619,class,Caudoviricetes,8,1,5,726,734
SRR31829833,2731691,family,Drexlerviridae,4,0,6,726,729
SRR31829833,2732045,subfamily,Braunvirinae,4,2,7,726,728
SRR31829833,2732061,genus,Christensenvirus,2,2,8,726,726
SRR31829833,1982251,genus,Pahexavirus,3,0,6,729,733
SRR31829833,1982288,species,Pahexavirus PHL116M00,2,2,7,729,729
SRR31829833,2079398,,unclassified Pahexavirus,1,0,7,730,732
SRR31829833,1654782,species,Propionibacterium phage QueenBey,1,1,8,730,730
SRR31829833,2840056,class,Naldaviricetes,1,0,2,737,741
SRR31829833,196937,family,Nimaviridae,1,0,3,737,740
SRR31829833,2133791,,unclassified Nimaviridae,1,0,4,737,739
SRR31829833,2984280,species,Metapenaeus joyneri majanivirus,1,1,5,737,737
SRR31829834,10239,superkingdom,Viruses,61845,0,1,770,854
SRR31829834,2559587,clade,Riboviria,61744,0,2,770,805
SRR31829834,2732396,kingdom,Orthornavirae,61459,0,3,770,790
SRR31829834,2732406,phylum,Kitrinoviricota,61398,0,4,770,779
SRR31829834,2732461,class,Alsuviricetes,61398,0,5,770,778
SRR31829834,675063,order,Tymovirales,61398,0,6,770,777
SRR31829834,675064,family,Alphaflexiviridae,61398,0,7,770,776
SRR31829834,12176,genus,Potexvirus,61398,0,8,770,775
SRR31829834,1503864,species,Yam virus X,61395,61395,9,770,770
SRR31829834,112227,species,Cactus virus X,1,1,9,771,771
SRR31829834,253701,species,Zygocactus virus X,1,1,9,772,772
SRR31829834,2510428,species,Cnidium virus X,1,1,9,773,773
SRR31829834,2732408,phylum,Pisuviricota,61,0,4,779,789
SRR31829834,2732507,class,Stelpaviricetes,61,0,5,779,788
SRR31829834,2732550,order,Patatavirales,61,0,6,779,787
SRR31829834,39729,family,Potyviridae,61,0,7,779,786
SRR31829834,156208,genus,Macluravirus,60,0,8,779,782
SRR31829834,128818,species,Chinese yam necrotic mosaic virus,56,56,9,779,779
SRR31829834,2175329,species,Yam chlorotic necrosis virus,4,4,9,780,780
SRR31829834,12195,genus,Potyvirus,1,0,8,782,785
SRR31829834,12232,species,Zucchini yellow mosaic virus,1,0,9,782,784
SRR31829834,263363,,Passiflora virus Y,1,1,10,782,782
SRR31829834,2585030,,unclassified Riboviria,277,0,3,790,792
SRR31829834,2585031,species,Riboviria sp.,277,277,4,790,790
SRR31829834,2732397,kingdom,Pararnavirae,8,0,3,792,804
SRR31829834,2732409,phylum,Artverviricota,8,0,4,792,803
SRR31829834,2732514,class,Revtraviricetes,8,0,5,792,802
SRR31829834,2169561,order,Ortervirales,8,0,6,792,801
SRR31829834,186534,family,Caulimoviridae,7,0,7,792,796
SRR31829834,10652,genus,Badnavirus,7,0,8,792,795
SRR31829834,325348,,unclassified Badnavirus,7,0,9,792,794
SRR31829834,52996,species,Dioscorea bacilliform virus,7,7,10,792,792
SRR31829834,11632,family,Retroviridae,1,0,7,796,800
SRR31829834,327045,subfamily,Orthoretrovirinae,1,0,8,796,799
SRR31829834,140052,genus,Betaretrovirus,1,0,9,796,798
SRR31829834,11855,species,Mason-Pfizer monkey virus,1,1,10,796,796
SRR31829834,2731342,clade,Monodnaviria,83,0,2,805,823
SRR31829834,2732092,kingdom,Shotokuvirae,82,0,3,805,814
SRR31829834,2732416,phylum,Cressdnaviricota,82,0,4,805,813
SRR31829834,2732424,class,Repensiviricetes,82,0,5,805,812
SRR31829834,2732539,order,Geplafuvirales,82,0,6,805,811
SRR31829834,10811,family,Geminiviridae,82,0,7,805,810
SRR31829834,10814,genus,Begomovirus,81,0,8,805,808
SRR31829834,291027,,unclassified Begomovirus,81,0,9,805,807
SRR31829834,1592931,species,Yam yellow spot mosaic virus,81,81,10,805,805
SRR31829834,10812,genus,Mastrevirus,1,1,8,808,808
SRR31829834,2732090,kingdom,Loebvirae,1,0,3,814,822
SRR31829834,2732410,phylum,Hofneiviricota,1,0,4,814,821
SRR31829834,2732411,class,Faserviricetes,1,0,5,814,820
SRR31829834,2732094,order,Tubulavirales,1,0,6,814,819
SRR31829834,10860,family,Inoviridae,1,0,7,814,818
SRR31829834,2948871,genus,Porrectionivirus,1,0,8,814,817
SRR31829834,2956327,species,Porrectionivirus p12J,1,0,9,814,816
SRR31829834,247080,,Ralstonia phage p12J,1,1,10,814,814
SRR31829834,2731341,clade,Duplodnaviria,10,0,2,823,841
SRR31829834,2731360,kingdom,Heunggongvirae,10,0,3,823,840
SRR31829834,2731618,phylum,Uroviricota,9,0,4,823,831
SRR31829834,2731619,class,Caudoviricetes,9,3,5,823,830
SRR31829834,2788787,,unclassified Caudoviricetes,5,2,6,823,827
SRR31829834,2832643,species,Caudoviricetes sp.,1,1,7,823,823
SRR31829834,447909,species,Geobacillus virus E2,1,1,7,824,824
SRR31829834,749413,species,Deep-sea thermophilic phage D6E,1,1,7,825,825
SRR31829834,2731691,family,Drexlerviridae,1,0,6,827,829
SRR31829834,2732045,subfamily,Braunvirinae,1,1,7,827,827
SRR31829834,2731361,phylum,Peploviricota,1,0,4,831,839
SRR31829834,2731363,class,Herviviricetes,1,0,5,831,838
SRR31829834,548681,order,Herpesvirales,1,0,6,831,837
SRR31829834,3044472,family,Orthoherpesviridae,1,0,7,831,836
SRR31829834,10374,subfamily,Gammaherpesvirinae,1,0,8,831,835
SRR31829834,10375,genus,Lymphocryptovirus,1,0,9,831,834
SRR31829834,3050299,species,Lymphocryptovirus humangamma4,1,0,10,831,833
SRR31829834,10376,,human gammaherpesvirus 4,1,1,11,831,831
SRR31829834,2840056,class,Naldaviricetes,5,0,2,841,845
SRR31829834,196937,family,Nimaviridae,5,0,3,841,844
SRR31829834,2133791,,unclassified Nimaviridae,5,0,4,841,843
SRR31829834,2984280,species,Metapenaeus joyneri majanivirus,5,5,5,841,841
SRR31829834,185751,family,Pospiviroidae,2,0,2,845,848
SRR31829834,147262,genus,Hostuviroid,2,0,3,845,847
SRR31829834,12893,species,Hop stunt viroid,2,2,4,845,845
SRR31829834,12429,,unclassified viruses,1,0,2,848,853
SRR31829834,2204151,,unclassified DNA viruses,1,0,3,848,852
SRR31829834,51368,,unclassified dsDNA viruses,1,0,4,848,851
SRR31829834,2023203,clade,Pithoviruses,1,0,5,848,850
SRR31829834,2506586,species,Pithovirus LCPAC101,1,1,6,848,848
SRR31829835,10239,superkingdom,Viruses,118,3,1,833,892
SRR31829835,2731342,clade,Monodnaviria,89,0,2,833,843
SRR31829835,2732092,kingdom,Shotokuvirae,89,0,3,833,842
SRR31829835,2732416,phylum,Cressdnaviricota,89,0,4,833,841
SRR31829835,2732424,class,Repensiviricetes,89,0,5,833,840
SRR31829835,2732539,order,Geplafuvirales,89,0,6,833,839
SRR31829835,10811,family,Geminiviridae,89,0,7,833,838
SRR31829835,10814,genus,Begomovirus,87,0,8,833,836
SRR31829835,291027,,unclassified Begomovirus,87,0,9,833,835
SRR31829835,1592931,species,Yam yellow spot mosaic virus,87,87,10,833,833
SRR31829835,10812,genus,Mastrevirus,2,2,8,836,836
SRR31829835,2731341,clade,Duplodnaviria,18,0,2,843,856
SRR31829835,2731360,kingdom,Heunggongvirae,18,0,3,843,855
SRR31829835,2731618,phylum,Uroviricota,18,0,4,843,854
SRR31829835,2731619,class,Caudoviricetes,18,0,5,843,853
SRR31829835,2788787,,unclassified Caudoviricetes,12,2,6,843,845
SRR31829835,2832643,species,Caudoviricetes sp.,10,10,7,843,843
SRR31829835,1982251,genus,Pahexavirus,3,0,6,845,848
SRR31829835,1982259,species,Pahexavirus ouroboros,3,0,7,845,847
SRR31829835,1655017,,Propionibacterium phage Ouroboros,3,3,8,845,845
SRR31829835,2731691,family,Drexlerviridae,3,0,6,848,852
SRR31829835,2732045,subfamily,Braunvirinae,3,2,7,848,851
SRR31829835,2732061,genus,Christensenvirus,1,0,8,848,850
SRR31829835,2788162,,unclassified Christensenvirus,1,1,9,848,848
SRR31829835,2559587,clade,Riboviria,7,0,2,856,884
SRR31829835,2732396,kingdom,Orthornavirae,5,0,3,856,870
SRR31829835,2732408,phylum,Pisuviricota,3,0,4,856,862
SRR31829835,2732507,class,Stelpaviricetes,3,0,5,856,861
SRR31829835,2732550,order,Patatavirales,3,0,6,856,860
SRR31829835,39729,family,Potyviridae,3,0,7,856,859
SRR31829835,12195,genus,Potyvirus,3,0,8,856,858
SRR31829835,12222,species,Soybean mosaic virus,3,3,9,856,856
SRR31829835,2732406,phylum,Kitrinoviricota,2,0,4,862,869
SRR31829835,2732461,class,Alsuviricetes,2,0,5,862,868
SRR31829835,675063,order,Tymovirales,2,0,6,862,867
SRR31829835,675064,family,Alphaflexiviridae,2,0,7,862,866
SRR31829835,12176,genus,Potexvirus,2,0,8,862,865
SRR31829835,28354,species,Plantago asiatica mosaic virus,1,1,9,862,862
SRR31829835,1503864,species,Yam virus X,1,1,9,863,863
SRR31829835,2732397,kingdom,Pararnavirae,2,0,3,870,883
SRR31829835,2732409,phylum,Artverviricota,2,0,4,870,882
SRR31829835,2732514,class,Revtraviricetes,2,0,5,870,881
SRR31829835,2169561,order,Ortervirales,2,0,6,870,880
SRR31829835,11632,family,Retroviridae,1,0,7,870,875
SRR31829835,327045,subfamily,Orthoretrovirinae,1,0,8,870,874
SRR31829835,153135,genus,Gammaretrovirus,1,0,9,870,873
SRR31829835,353769,,unclassified Gammaretrovirus,1,0,10,870,872
SRR31829835,11834,species,RD114 retrovirus,1,1,11,870,870
SRR31829835,186534,family,Caulimoviridae,1,0,7,875,879
SRR31829835,10652,genus,Badnavirus,1,0,8,875,878
SRR31829835,325348,,unclassified Badnavirus,1,0,9,875,877
SRR31829835,52996,species,Dioscorea bacilliform virus,1,1,10,875,875
SRR31829835,2732004,clade,Varidnaviria,1,0,2,884,891
SRR31829835,2732005,kingdom,Bamfordvirae,1,0,3,884,890
SRR31829835,2732008,phylum,Preplasmiviricota,1,0,4,884,889
SRR31829835,2732529,class,Tectiliviricetes,1,0,5,884,888
SRR31829835,2732559,order,Rowavirales,1,0,6,884,887
SRR31829835,10508,family,Adenoviridae,1,0,7,884,886
SRR31829835,10509,genus,Mastadenovirus,1,1,8,884,884
SRR31829836,10239,superkingdom,Viruses,59,0,1,737,792
SRR31829836,2731342,clade,Monodnaviria,46,0,2,737,747
SRR31829836,2732092,kingdom,Shotokuvirae,46,0,3,737,746
SRR31829836,2732416,phylum,Cressdnaviricota,46,0,4,737,745
SRR31829836,2732424,class,Repensiviricetes,46,0,5,737,744
SRR31829836,2732539,order,Geplafuvirales,46,0,6,737,743
SRR31829836,10811,family,Geminiviridae,46,0,7,737,742
SRR31829836,10814,genus,Begomovirus,40,0,8,737,740
SRR31829836,291027,,unclassified Begomovirus,40,0,9,737,739
SRR31829836,1592931,species,Yam yellow spot mosaic virus,40,40,10,737,737
SRR31829836,10812,genus,Mastrevirus,6,6,8,740,740
SRR31829836,2731341,clade,Duplodnaviria,9,0,2,747,769
SRR31829836,2731360,kingdom,Heunggongvirae,9,0,3,747,768
SRR31829836,2731618,phylum,Uroviricota,6,0,4,747,759
SRR31829836,2731619,class,Caudoviricetes,6,0,5,747,758
SRR31829836,2788787,,unclassified Caudoviricetes,3,0,6,747,749
SRR31829836,2832643,species,Caudoviricetes sp.,3,3,7,747,747
SRR31829836,2842328,family,Salasmaviridae,2,0,6,749,754
SRR31829836,2842419,subfamily,Northropvirinae,2,0,7,749,753
SRR31829836,2842609,genus,Claudivirus,2,0,8,749,752
SRR31829836,2852265,,unclassified Claudivirus,2,0,9,749,751
SRR31829836,2500580,species,Bacillus phage vB_BthP-HD73phi,2,2,10,749,749
SRR31829836,1982251,genus,Pahexavirus,1,0,6,754,757
SRR31829836,1982259,species,Pahexavirus ouroboros,1,0,7,754,756
SRR31829836,1655017,,Propionibacterium phage Ouroboros,1,1,8,754,754
SRR31829836,2731361,phylum,Peploviricota,3,0,4,759,767
SRR31829836,2731363,class,Herviviricetes,3,0,5,759,766
SRR31829836,548681,order,Herpesvirales,3,0,6,759,765
SRR31829836,3044472,family,Orthoherpesviridae,3,0,7,759,764
SRR31829836,10374,subfamily,Gammaherpesvirinae,3,0,8,759,763
SRR31829836,10375,genus,Lymphocryptovirus,3,0,9,759,762
SRR31829836,3050299,species,Lymphocryptovirus humangamma4,3,0,10,759,761
SRR31829836,10376,,human gammaherpesvirus 4,3,3,11,759,759
SRR31829836,2559587,clade,Riboviria,3,0,2,769,784
SRR31829836,2732396,kingdom,Orthornavirae,3,0,3,769,783
SRR31829836,2497569,phylum,Negarnaviricota,2,0,4,769,776
SRR31829836,2497570,subphylum,Haploviricotina,2,0,5,769,775
SRR31829836,2497574,class,Monjiviricetes,2,0,6,769,774
SRR31829836,11157,order,Mononegavirales,2,0,7,769,773
SRR31829836,11270,family,Rhabdoviridae,2,0,8,769,772
SRR31829836,2842407,subfamily,Alpharhabdovirinae,2,0,9,769,771
SRR31829836,11271,genus,Vesiculovirus,2,2,10,769,769
SRR31829836,2732406,phylum,Kitrinoviricota,1,0,4,776,782
SRR31829836,2732461,class,Alsuviricetes,1,0,5,776,781
SRR31829836,675063,order,Tymovirales,1,0,6,776,780
SRR31829836,675064,family,Alphaflexiviridae,1,0,7,776,779
SRR31829836,12176,genus,Potexvirus,1,0,8,776,778
SRR31829836,112227,species,Cactus virus X,1,1,9,776,776
SRR31829836,2732004,clade,Varidnaviria,1,0,2,784,791
SRR31829836,2732005,kingdom,Bamfordvirae,1,0,3,784,790
SRR31829836,2732008,phylum,Preplasmiviricota,1,0,4,784,789
SRR31829836,2732529,class,Tectiliviricetes,1,0,5,784,788
SRR31829836,2732559,order,Rowavirales,1,0,6,784,787
SRR31829836,10508,family,Adenoviridae,1,0,7,784,786
SRR31829836,10509,genus,Mastadenovirus,1,1,8,784,784
SRR31829837,10239,superkingdom,Viruses,95,3,1,635,704
SRR31829837,2731342,clade,Monodnaviria,75,0,2,635,653
SRR31829837,2732092,kingdom,Shotokuvirae,73,0,3,635,644
SRR31829837,2732416,phylum,Cressdnaviricota,73,0,4,635,643
SRR31829837,2732424,class,Repensiviricetes,73,0,5,635,642
SRR31829837,2732539,order,Geplafuvirales,73,0,6,635,641
SRR31829837,10811,family,Geminiviridae,73,0,7,635,640
SRR31829837,10814,genus,Begomovirus,72,0,8,635,638
SRR31829837,291027,,unclassified Begomovirus,72,0,9,635,637
SRR31829837,1592931,species,Yam yellow spot mosaic virus,72,72,10,635,635
SRR31829837,10812,genus,Mastrevirus,1,1,8,638,638
SRR31829837,2732090,kingdom,Loebvirae,2,0,3,644,652
SRR31829837,2732410,phylum,Hofneiviricota,2,0,4,644,651
SRR31829837,2732411,class,Faserviricetes,2,0,5,644,650
SRR31829837,2732094,order,Tubulavirales,2,0,6,644,649
SRR31829837,10860,family,Inoviridae,2,0,7,644,648
SRR31829837,2948871,genus,Porrectionivirus,2,0,8,644,647
SRR31829837,2956327,species,Porrectionivirus p12J,2,0,9,644,646
SRR31829837,247080,,Ralstonia phage p12J,2,2,10,644,644
SRR31829837,2731341,clade,Duplodnaviria,13,0,2,653,672
SRR31829837,2731360,kingdom,Heunggongvirae,13,0,3,653,671
SRR31829837,2731618,phylum,Uroviricota,12,0,4,653,662
SRR31829837,2731619,class,Caudoviricetes,12,2,5,653,661
SRR31829837,2731691,family,Drexlerviridae,6,0,6,653,657
SRR31829837,2732045,subfamily,Braunvirinae,6,4,7,653,656
SRR31829837,2732061,genus,Christensenvirus,2,0,8,653,655
SRR31829837,2788162,,unclassified Christensenvirus,2,2,9,653,653
SRR31829837,2788787,,unclassified Caudoviricetes,3,0,6,657,659
SRR31829837,2832643,species,Caudoviricetes sp.,3,3,7,657,657
SRR31829837,1982251,genus,Pahexavirus,1,1,6,659,659
SRR31829837,2731361,phylum,Peploviricota,1,0,4,662,670
SRR31829837,2731363,class,Herviviricetes,1,0,5,662,669
SRR31829837,548681,order,Herpesvirales,1,0,6,662,668
SRR31829837,3044472,family,Orthoherpesviridae,1,0,7,662,667
SRR31829837,10374,subfamily,Gammaherpesvirinae,1,0,8,662,666
SRR31829837,10375,genus,Lymphocryptovirus,1,0,9,662,665
SRR31829837,3050299,species,Lymphocryptovirus humangamma4,1,0,10,662,664
SRR31829837,10376,,human gammaherpesvirus 4,1,1,11,662,662
SRR31829837,2732004,clade,Varidnaviria,2,0,2,672,687
SRR31829837,2732005,kingdom,Bamfordvirae,2,0,3,672,686
SRR31829837,2732008,phylum,Preplasmiviricota,1,0,4,672,678
SRR31829837,2732529,class,Tectiliviricetes,1,0,5,672,677
SRR31829837,2732559,order,Rowavirales,1,0,6,672,676
SRR31829837,10508,family,Adenoviridae,1,0,7,672,675
SRR31829837,10509,genus,Mastadenovirus,1,0,8,672,674
SRR31829837,129951,species,Human mastadenovirus C,1,1,9,672,672
SRR31829837,2732007,phylum,Nucleocytoviricota,1,0,4,678,685
SRR31829837,2732523,class,Megaviricetes,1,0,5,678,684
SRR31829837,2732524,order,Algavirales,1,0,6,678,683
SRR31829837,10501,family,Phycodnaviridae,1,0,7,678,682
SRR31829837,346673,genus,Coccolithovirus,1,0,8,678,681
SRR31829837,372443,,unclassified Coccolithovirus,1,0,9,678,680
SRR31829837,2909297,species,Emiliania huxleyi virus M1,1,1,10,678,678
SRR31829837,2559587,clade,Riboviria,2,0,2,687,703
SRR31829837,2732396,kingdom,Orthornavirae,1,0,3,687,694
SRR31829837,2732406,phylum,Kitrinoviricota,1,0,4,687,693
SRR31829837,2732461,class,Alsuviricetes,1,0,5,687,692
SRR31829837,675063,order,Tymovirales,1,0,6,687,691
SRR31829837,675064,family,Alphaflexiviridae,1,0,7,687,690
SRR31829837,12176,genus,Potexvirus,1,0,8,687,689
SRR31829837,28354,species,Plantago asiatica mosaic virus,1,1,9,687,687
SRR31829837,2732397,kingdom,Pararnavirae,1,0,3,694,702
SRR31829837,2732409,phylum,Artverviricota,1,0,4,694,701
SRR31829837,2732514,class,Revtraviricetes,1,0,5,694,700
SRR31829837,2169561,order,Ortervirales,1,0,6,694,699
SRR31829837,186534,family,Caulimoviridae,1,0,7,694,698
SRR31829837,10652,genus,Badnavirus,1,0,8,694,697
SRR31829837,325348,,unclassified Badnavirus,1,0,9,694,696
SRR31829837,52996,species,Dioscorea bacilliform virus,1,1,10,694,694
SRR3938611,10239,superkingdom,Viruses,2639,0,1,1225,1234
SRR3938611,35268,,Retro-transcribing viruses,2638,0,2,1225,1230
SRR3938611,186534,family,Caulimoviridae,2638,0,3,1225,1229
SRR3938611,10652,genus,Badnavirus,2638,0,4,1225,1228
SRR3938611,325348,,unclassified Badnavirus,2638,0,5,1225,1227
SRR3938611,52996,species,Dioscorea bacilliform virus,2638,2638,6,1225,1225
SRR3938611,35237,,"dsDNA viruses, no RNA stage",1,0,2,1230,1233
SRR3938611,79205,,unclassified dsDNA phages,1,0,3,1230,1232
SRR3938611,749413,species,Deep-sea thermophilic phage D6E,1,1,4,1230,1230
SRR3938623,10239,superkingdom,Viruses,474,0,1,890,915
SRR3938623,29258,,ssDNA viruses,1,0,2,890,894
SRR3938623,10811,family,Geminiviridae,1,0,3,890,893
SRR3938623,10814,genus,Begomovirus,1,0,4,890,892
SRR3938623,223324,species,Squash mild leaf curl virus,1,1,5,890,890
SRR3938623,35268,,Retro-transcribing viruses,11,0,2,894,899
SRR3938623,186534,family,Caulimoviridae,11,0,3,894,898
SRR3938623,10652,genus,Badnavirus,11,0,4,894,897
SRR3938623,325348,,unclassified Badnavirus,11,0,5,894,896
SRR3938623,52996,species,Dioscorea bacilliform virus,11,11,6,894,894
SRR3938623,439488,,ssRNA viruses,462,0,2,899,914
SRR3938623,35278,,"ssRNA positive-strand viruses, no DNA stage",462,0,3,899,913
SRR3938623,39729,family,Potyviridae,437,0,4,899,903
SRR3938623,12195,genus,Potyvirus,437,33,5,899,902
SRR3938623,87097,species,Yam mild mosaic virus,337,337,6,899,899
SRR3938623,41460,species,Yam mosaic virus,67,67,6,900,900
SRR3938623,675063,order,Tymovirales,24,0,4,903,908
SRR3938623,675064,family,Alphaflexiviridae,24,0,5,903,907
SRR3938623,12176,genus,Potexvirus,24,0,6,903,906
SRR3938623,333347,,unclassified Potexvirus,24,0,7,903,905
SRR3938623,1503864,species,Yam virus X,24,24,8,903,903
SRR3938623,464095,order,Picornavirales,1,0,4,908,912
SRR3938623,699189,family,Iflaviridae,1,0,5,908,911
SRR3938623,232799,genus,Iflavirus,1,0,6,908,910
SRR3938623,198112,species,Deformed wing virus,1,1,7,908,908
SRR3938635,10239,superkingdom,Viruses,329949,0,1,947,968
SRR3938635,439488,,ssRNA viruses,329937,0,2,947,962
SRR3938635,35278,,"ssRNA positive-strand viruses, no DNA stage",329937,0,3,947,961
SRR3938635,39729,family,Potyviridae,329813,0,4,947,955
SRR3938635,12195,genus,Potyvirus,329813,43049,5,947,954
SRR3938635,42004,species,Leek yellow stripe virus,318,318,6,947,947
SRR3938635,87097,species,Yam mild mosaic virus,286312,286312,6,948,948
SRR3938635,255066,species,Pepper veinal mottle virus,5,5,6,949,949
SRR3938635,12224,species,Sugarcane mosaic virus,6,6,6,950,950
SRR3938635,12232,species,Zucchini yellow mosaic virus,1,1,6,951,951
SRR3938635,41460,species,Yam mosaic virus,122,122,6,952,952
SRR3938635,675063,order,Tymovirales,124,0,4,955,960
SRR3938635,675064,family,Alphaflexiviridae,124,0,5,955,959
SRR3938635,12176,genus,Potexvirus,124,0,6,955,958
SRR3938635,333347,,unclassified Potexvirus,124,0,7,955,957
SRR3938635,1503864,species,Yam virus X,124,124,8,955,955
SRR3938635,35268,,Retro-transcribing viruses,12,0,2,962,967
SRR3938635,186534,family,Caulimoviridae,12,0,3,962,966
SRR3938635,10652,genus,Badnavirus,12,0,4,962,965
SRR3938635,325348,,unclassified Badnavirus,12,0,5,962,964
SRR3938635,52996,species,Dioscorea bacilliform virus,12,12,6,962,962
SRR5457037,10239,superkingdom,Viruses,2,0,1,545,554
SRR5457037,35268,,Retro-transcribing viruses,2,0,2,545,553
SRR5457037,11632,family,Retroviridae,2,0,3,545,552
SRR5457037,327045,subfamily,Orthoretrovirinae,2,0,4,545,551
SRR5457037,153135,genus,Gammaretrovirus,2,0,5,545,550
SRR5457037,353212,,Mammalian gammaretrovirus group,2,0,6,545,549
SRR5457037,353210,,Replication competent viruses,2,0,7,545,548
SRR5457037,369960,species,Porcine type-C oncovirus,2,0,8,545,547
SRR5457037,61673,,Porcine endogenous retrovirus,2,2,9,545,545
SRR5457048,10239,superkingdom,Viruses,1,0,1,417,426
SRR5457048,35268,,Retro-transcribing viruses,1,0,2,417,425
SRR5457048,11632,family,Retroviridae,1,0,3,417,424
SRR5457048,327045,subfamily,Orthoretrovirinae,1,0,4,417,423
SRR5457048,153135,genus,Gammaretrovirus,1,0,5,417,422
SRR5457048,353212,,Mammalian gammaretrovirus group,1,0,6,417,421
SRR5457048,353210,,Replication competent viruses,1,0,7,417,420
SRR5457048,369960,species,Porcine type-C oncovirus,1,0,8,417,419
SRR5457048,61673,,Porcine endogenous retrovirus,1,1,9,417,417
SRR5457049,10239,superkingdom,Viruses,1,0,1,417,426
SRR5457049,35268,,Retro-transcribing viruses,1,0,2,417,425
SRR5457049,11632,family,Retroviridae,1,0,3,417,424
SRR5457049,327045,subfamily,Orthoretrovirinae,1,0,4,417,423
SRR5457049,153135,genus,Gammaretrovirus,1,0,5,417,422
SRR5457049,353212,,Mammalian gammaretrovirus group,1,0,6,417,421
SRR5457049,353210,,Replication competent viruses,1,0,7,417,420
SRR5457049,369960,species,Porcine type-C oncovirus,1,0,8,417,419
SRR5457049,61673,,Porcine endogenous retrovirus,1,1,9,417,417
SRR5457058,10239,superkingdom,Viruses,2,0,1,384,391
SRR5457058,439488,,ssRNA viruses,2,0,2,384,390
SRR5457058,35278,,"ssRNA positive-strand viruses, no DNA stage",2,0,3,384,389
SRR5457058,464095,order,Picornavirales,2,0,4,384,388
SRR5457058,232795,family,Dicistroviridae,2,0,5,384,387
SRR5457058,144051,genus,Cripavirus,2,0,6,384,386
SRR5457058,209529,species,Aphid lethal paralysis virus,2,2,7,384,384
SRR5457116,10239,superkingdom,Viruses,7,0,1,728,734
SRR5457116,439488,,ssRNA viruses,7,0,2,728,733
SRR5457116,35278,,"ssRNA positive-strand viruses, no DNA stage",7,0,3,728,732
SRR5457116,39729,family,Potyviridae,7,0,4,728,731
SRR5457116,12195,genus,Potyvirus,7,0,5,728,730
SRR5457116,400396,species,Wild tomato mosaic virus,7,7,6,728,728
SRR5457194,10239,superkingdom,Viruses,1,0,1,500,506
SRR5457194,439488,,ssRNA viruses,1,0,2,500,505
SRR5457194,35278,,"ssRNA positive-strand viruses, no DNA stage",1,0,3,500,504
SRR5457194,39729,family,Potyviridae,1,0,4,500,503
SRR5457194,12195,genus,Potyvirus,1,0,5,500,502
SRR5457194,12232,species,Zucchini yellow mosaic virus,1,1,6,500,500
SRR5457196,10239,superkingdom,Viruses,1,0,1,506,512
SRR5457196,35237,,"dsDNA viruses, no RNA stage",1,0,2,506,511
SRR5457196,28883,order,Caudovirales,1,0,3,506,510
SRR5457196,10699,family,Siphoviridae,1,0,4,506,509
SRR5457196,186765,genus,Lambdavirus,1,0,5,506,508
SRR5457196,10710,species,Escherichia virus Lambda,1,1,6,506,506
SRR5457198,10239,superkingdom,Viruses,1,0,1,703,710
SRR5457198,439488,,ssRNA viruses,1,0,2,703,709
SRR5457198,35278,,"ssRNA positive-strand viruses, no DNA stage",1,0,3,703,708
SRR5457198,464095,order,Picornavirales,1,0,4,703,707
SRR5457198,232795,family,Dicistroviridae,1,0,5,703,706
SRR5457198,144051,genus,Cripavirus,1,0,6,703,705
SRR5457198,209529,species,Aphid lethal paralysis virus,1,1,7,703,703
SRR5457202,10239,superkingdom,Viruses,1,0,1,508,513
SRR5457202,35237,,"dsDNA viruses, no RNA stage",1,0,2,508,512
SRR5457202,549779,family,Mimiviridae,1,0,3,508,511
SRR5457202,985780,,unclassified Mimiviridae,1,0,4,508,510
SRR5457202,1094892,species,Megavirus chiliensis,1,1,5,508,508
SRR5457204,10239,superkingdom,Viruses,1,0,1,660,668
SRR5457204,439488,,ssRNA viruses,1,0,2,660,667
SRR5457204,35278,,"ssRNA positive-strand viruses, no DNA stage",1,0,3,660,666
SRR5457204,675063,order,Tymovirales,1,0,4,660,665
SRR5457204,675068,family,Betaflexiviridae,1,0,5,660,664
SRR5457204,1914297,subfamily,Quinvirinae,1,0,6,660,663
SRR5457204,12163,genus,Carlavirus,1,0,7,660,662
SRR5457204,138982,species,Potato latent virus,1,1,8,660,660
SRR5457209,10239,superkingdom,Viruses,1,0,1,631,636
SRR5457209,35237,,"dsDNA viruses, no RNA stage",1,0,2,631,635
SRR5457209,549779,family,Mimiviridae,1,0,3,631,634
SRR5457209,985780,,unclassified Mimiviridae,1,0,4,631,633
SRR5457209,1094892,species,Megavirus chiliensis,1,1,5,631,631
SRR5457211,10239,superkingdom,Viruses,1,0,1,624,629
SRR5457211,35237,,"dsDNA viruses, no RNA stage",1,0,2,624,628
SRR5457211,549779,family,Mimiviridae,1,0,3,624,627
SRR5457211,985780,,unclassified Mimiviridae,1,0,4,624,626
SRR5457211,1094892,species,Megavirus chiliensis,1,1,5,624,624
SRR5457212,10239,superkingdom,Viruses,2,0,1,727,733
SRR5457212,439488,,ssRNA viruses,2,0,2,727,732
SRR5457212,35278,,"ssRNA positive-strand viruses, no DNA stage",2,0,3,727,731
SRR5457212,39729,family,Potyviridae,2,0,4,727,730
SRR5457212,12195,genus,Potyvirus,2,0,5,727,729
SRR5457212,146500,species,Watermelon mosaic virus,2,2,6,727,727
SRR5457213,10239,superkingdom,Viruses,2,0,1,669,675
SRR5457213,439488,,ssRNA viruses,2,0,2,669,674
SRR5457213,35278,,"ssRNA positive-strand viruses, no DNA stage",2,0,3,669,673
SRR5457213,39729,family,Potyviridae,2,0,4,669,672
SRR5457213,12195,genus,Potyvirus,2,0,5,669,671
SRR5457213,146500,species,Watermelon mosaic virus,2,2,6,669,669
SRR5457214,10239,superkingdom,Viruses,5,0,1,686,696
SRR5457214,35237,,"dsDNA viruses, no RNA stage",5,0,2,686,695
SRR5457214,10240,family,Poxviridae,4,0,3,686,691
SRR5457214,10241,subfamily,Chordopoxvirinae,4,0,4,686,690
SRR5457214,10242,genus,Orthopoxvirus,4,0,5,686,689
SRR5457214,10245,species,Vaccinia virus,4,0,6,686,688
SRR5457214,502057,,Vaccinia virus GLV-1h68,4,4,7,686,686
SRR5457214,549779,family,Mimiviridae,1,0,3,691,694
SRR5457214,985780,,unclassified Mimiviridae,1,0,4,691,693
SRR5457214,1094892,species,Megavirus chiliensis,1,1,5,691,691
SRR6281649,10239,superkingdom,Viruses,51937,0,1,931,989
SRR6281649,2559587,,Riboviria,51902,0,2,931,957
SRR6281649,2732396,kingdom,Orthornavirae,51735,0,3,931,945
SRR6281649,2732408,phylum,Pisuviricota,51735,0,4,931,944
SRR6281649,2732507,class,Stelpaviricetes,51632,0,5,931,937
SRR6281649,2732550,order,Patatavirales,51632,0,6,931,936
SRR6281649,39729,family,Potyviridae,51632,0,7,931,935
SRR6281649,156208,genus,Macluravirus,51632,3735,8,931,934
SRR6281649,1993639,species,Yam chlorotic mosaic virus,47897,0,9,931,933
SRR6281649,596957,,Yam chlorotic necrotic mosaic virus,47897,47897,10,931,931
SRR6281649,2732506,class,Pisoniviricetes,103,0,5,937,943
SRR6281649,464095,order,Picornavirales,103,58,6,937,942
SRR6281649,675072,family,Secoviridae,45,0,7,937,941
SRR6281649,2948915,genus,Stralarivirus,45,0,8,937,940
SRR6281649,2956471,species,Stralarivirus LycMoV,45,0,9,937,939
SRR6281649,1676256,,Lychnis mottle virus,45,45,10,937,937
SRR6281649,2732397,kingdom,Pararnavirae,167,0,3,945,956
SRR6281649,2732409,phylum,Artverviricota,167,0,4,945,955
SRR6281649,2732514,class,Revtraviricetes,167,0,5,945,954
SRR6281649,2169561,order,Ortervirales,167,0,6,945,953
SRR6281649,11632,family,Retroviridae,167,115,7,945,952
SRR6281649,327045,subfamily,Orthoretrovirinae,52,0,8,945,951
SRR6281649,11646,genus,Lentivirus,43,4,9,945,947
SRR6281649,11676,species,Human immunodeficiency virus 1,39,39,10,945,945
SRR6281649,153135,genus,Gammaretrovirus,9,0,9,947,950
SRR6281649,353769,,unclassified Gammaretrovirus,9,0,10,947,949
SRR6281649,11834,species,RD114 retrovirus,9,9,11,947,947
SRR6281649,2731341,,Duplodnaviria,31,0,2,957,976
SRR6281649,2731360,kingdom,Heunggongvirae,31,0,3,957,975
SRR6281649,2731618,phylum,Uroviricota,27,0,4,957,961
SRR6281649,2731619,class,Caudoviricetes,27,0,5,957,960
SRR6281649,2788787,,unclassified Caudoviricetes,27,0,6,957,959
SRR6281649,2832643,species,Caudoviricetes sp.,27,27,7,957,957
SRR6281649,2731361,phylum,Peploviricota,4,0,4,961,974
SRR6281649,2731363,class,Herviviricetes,4,0,5,961,973
SRR6281649,548681,order,Herpesvirales,4,0,6,961,972
SRR6281649,10292,family,Herpesviridae,3,0,7,961,968
SRR6281649,10374,subfamily,Gammaherpesvirinae,2,0,8,961,964
SRR6281649,10375,genus,Lymphocryptovirus,2,0,9,961,963
SRR6281649,10376,species,Human gammaherpesvirus 4,2,2,10,961,961
SRR6281649,10293,subfamily,Alphaherpesvirinae,1,0,8,964,967
SRR6281649,10294,genus,Simplexvirus,1,0,9,964,966
SRR6281649,10298,species,Human alphaherpesvirus 1,1,1,10,964,964
SRR6281649,548682,family,Alloherpesviridae,1,0,7,968,971
SRR6281649,692606,genus,Cyprinivirus,1,0,8,968,970
SRR6281649,150286,species,Anguillid herpesvirus 1,1,1,9,968,968
SRR6281649,2840056,class,Naldaviricetes,3,0,2,976,982
SRR6281649,2840070,order,Lefavirales,3,0,3,976,981
SRR6281649,10442,family,Baculoviridae,3,0,4,976,980
SRR6281649,558016,genus,Alphabaculovirus,3,0,5,976,979
SRR6281649,745176,,unclassified Alphabaculovirus,3,0,6,976,978
SRR6281649,1346829,species,Peridroma alphabaculovirus,3,3,7,976,976
SRR6281649,2732004,,Varidnaviria,1,0,2,982,988
SRR6281649,2732005,kingdom,Bamfordvirae,1,0,3,982,987
SRR6281649,2732007,phylum,Nucleocytoviricota,1,0,4,982,986
SRR6281649,2732523,class,Megaviricetes,1,0,5,982,985
SRR6281649,2732555,order,Pimascovirales,1,0,6,982,984
SRR6281649,10486,family,Iridoviridae,1,1,7,982,982
SRR6281650,10239,superkingdom,Viruses,256,0,1,1444,1522
SRR6281650,2559587,,Riboviria,195,0,2,1444,1468
SRR6281650,2732397,kingdom,Pararnavirae,179,0,3,1444,1459
SRR6281650,2732409,phylum,Artverviricota,179,0,4,1444,1458
SRR6281650,2732514,class,Revtraviricetes,179,0,5,1444,1457
SRR6281650,2169561,order,Ortervirales,177,0,6,1444,1452
SRR6281650,11632,family,Retroviridae,177,121,7,1444,1451
SRR6281650,327045,subfamily,Orthoretrovirinae,56,0,8,1444,1450
SRR6281650,11646,genus,Lentivirus,48,4,9,1444,1446
SRR6281650,11676,species,Human immunodeficiency virus 1,44,44,10,1444,1444
SRR6281650,153135,genus,Gammaretrovirus,8,0,9,1446,1449
SRR6281650,353769,,unclassified Gammaretrovirus,8,0,10,1446,1448
SRR6281650,11834,species,RD114 retrovirus,8,8,11,1446,1446
SRR6281650,2732515,order,Blubervirales,2,0,6,1452,1456
SRR6281650,10404,family,Hepadnaviridae,2,0,7,1452,1455
SRR6281650,10405,genus,Orthohepadnavirus,2,0,8,1452,1454
SRR6281650,35269,species,Woodchuck hepatitis virus,2,2,9,1452,1452
SRR6281650,2732396,kingdom,Orthornavirae,16,0,3,1459,1467
SRR6281650,2732408,phylum,Pisuviricota,16,0,4,1459,1466
SRR6281650,2732507,class,Stelpaviricetes,16,0,5,1459,1465
SRR6281650,2732550,order,Patatavirales,16,0,6,1459,1464
SRR6281650,39729,family,Potyviridae,16,0,7,1459,1463
SRR6281650,156208,genus,Macluravirus,16,1,8,1459,1462
SRR6281650,1993639,species,Yam chlorotic mosaic virus,15,0,9,1459,1461
SRR6281650,596957,,Yam chlorotic necrotic mosaic virus,15,15,10,1459,1459
SRR6281650,2731341,,Duplodnaviria,43,0,2,1468,1484
SRR6281650,2731360,kingdom,Heunggongvirae,43,0,3,1468,1483
SRR6281650,2731618,phylum,Uroviricota,41,0,4,1468,1472
SRR6281650,2731619,class,Caudoviricetes,41,0,5,1468,1471
SRR6281650,2788787,,unclassified Caudoviricetes,41,0,6,1468,1470
SRR6281650,2832643,species,Caudoviricetes sp.,41,41,7,1468,1468
SRR6281650,2731361,phylum,Peploviricota,2,0,4,1472,1482
SRR6281650,2731363,class,Herviviricetes,2,0,5,1472,1481
SRR6281650,548681,order,Herpesvirales,2,0,6,1472,1480
SRR6281650,10292,family,Herpesviridae,2,0,7,1472,1479
SRR6281650,10293,subfamily,Alphaherpesvirinae,1,0,8,1472,1475
SRR6281650,10294,genus,Simplexvirus,1,0,9,1472,1474
SRR6281650,10298,species,Human alphaherpesvirus 1,1,1,10,1472,1472
SRR6281650,10374,subfamily,Gammaherpesvirinae,1,0,8,1475,1478
SRR6281650,10375,genus,Lymphocryptovirus,1,0,9,1475,1477
SRR6281650,10376,species,Human gammaherpesvirus 4,1,1,10,1475,1475
SRR6281650,2731342,,Monodnaviria,6,0,2,1484,1497
SRR6281650,2732092,kingdom,Shotokuvirae,6,0,3,1484,1496
SRR6281650,2732415,phylum,Cossaviricota,6,0,4,1484,1495
SRR6281650,2732421,class,Papovaviricetes,6,0,5,1484,1494
SRR6281650,2732533,order,Zurhausenvirales,6,0,6,1484,1493
SRR6281650,151340,family,Papillomaviridae,6,3,7,1484,1492
SRR6281650,2169595,subfamily,Firstpapillomavirinae,2,0,8,1484,1488
SRR6281650,333750,genus,Alphapapillomavirus,2,0,9,1484,1487
SRR6281650,337041,species,Alphapapillomavirus 9,2,0,10,1484,1486
SRR6281650,333760,,Human papillomavirus type 16,2,2,11,1484,1484
SRR6281650,333774,,unclassified Papillomaviridae,1,0,8,1488,1491
SRR6281650,333938,,non-primate mammal papillomaviruses,1,0,9,1488,1490
SRR6281650,2507922,species,Tadarida brasiliensis papillomavirus,1,1,10,1488,1488
SRR6281650,2840056,class,Naldaviricetes,6,0,2,1497,1503
SRR6281650,2840070,order,Lefavirales,6,0,3,1497,1502
SRR6281650,10442,family,Baculoviridae,6,0,4,1497,1501
SRR6281650,558016,genus,Alphabaculovirus,6,0,5,1497,1500
SRR6281650,745176,,unclassified Alphabaculovirus,6,0,6,1497,1499
SRR6281650,1346829,species,Peridroma alphabaculovirus,6,6,7,1497,1497
SRR6281650,2732004,,Varidnaviria,5,0,2,1503,1518
SRR6281650,2732005,kingdom,Bamfordvirae,5,0,3,1503,1517
SRR6281650,2732007,phylum,Nucleocytoviricota,5,0,4,1503,1516
SRR6281650,2732523,class,Megaviricetes,5,0,5,1503,1515
SRR6281650,2732524,order,Algavirales,4,0,6,1503,1508
SRR6281650,10501,family,Phycodnaviridae,4,0,7,1503,1507
SRR6281650,181083,genus,Chlorovirus,3,3,8,1503,1503
SRR6281650,455363,,unclassified Phycodnaviridae,1,0,8,1504,1506
SRR6281650,455367,species,Pyramimonas orientalis virus,1,1,9,1504,1504
SRR6281650,2732554,order,Imitervirales,1,0,6,1508,1514
SRR6281650,549779,family,Mimiviridae,1,0,7,1508,1513
SRR6281650,985780,,unclassified Mimiviridae,1,0,8,1508,1512
SRR6281650,1977630,subfamily,Klosneuvirinae,1,0,9,1508,1511
SRR6281650,1977636,genus,Hokovirus,1,0,10,1508,1510
SRR6281650,1977638,species,Hokovirus HKV1,1,1,11,1508,1508
SRR6281650,185751,family,Pospiviroidae,1,0,2,1518,1521
SRR6281650,185753,genus,Pospiviroid,1,0,3,1518,1520
SRR6281650,12890,species,Citrus exocortis viroid,1,1,4,1518,1518
SRR6281651,10239,superkingdom,Viruses,249,0,1,1815,1900
SRR6281651,2559587,,Riboviria,198,0,2,1815,1847
SRR6281651,2732397,kingdom,Pararnavirae,158,0,3,1815,1826
SRR6281651,2732409,phylum,Artverviricota,158,0,4,1815,1825
SRR6281651,2732514,class,Revtraviricetes,158,0,5,1815,1824
SRR6281651,2169561,order,Ortervirales,158,0,6,1815,1823
SRR6281651,11632,family,Retroviridae,158,115,7,1815,1822
SRR6281651,327045,subfamily,Orthoretrovirinae,43,0,8,1815,1821
SRR6281651,11646,genus,Lentivirus,36,1,9,1815,1817
SRR6281651,11676,species,Human immunodeficiency virus 1,35,35,10,1815,1815
SRR6281651,153135,genus,Gammaretrovirus,7,0,9,1817,1820
SRR6281651,353769,,unclassified Gammaretrovirus,7,0,10,1817,1819
SRR6281651,11834,species,RD114 retrovirus,7,7,11,1817,1817
SRR6281651,2732396,kingdom,Orthornavirae,38,0,3,1826,1843
SRR6281651,2732408,phylum,Pisuviricota,35,0,4,1826,1833
SRR6281651,2732507,class,Stelpaviricetes,35,0,5,1826,1832
SRR6281651,2732550,order,Patatavirales,35,0,6,1826,1831
SRR6281651,39729,family,Potyviridae,35,0,7,1826,1830
SRR6281651,156208,genus,Macluravirus,35,2,8,1826,1829
SRR6281651,1993639,species,Yam chlorotic mosaic virus,33,0,9,1826,1828
SRR6281651,596957,,Yam chlorotic necrotic mosaic virus,33,33,10,1826,1826
SRR6281651,2732406,phylum,Kitrinoviricota,3,0,4,1833,1842
SRR6281651,2732462,class,Flasuviricetes,3,0,5,1833,1841
SRR6281651,2732545,order,Amarillovirales,3,0,6,1833,1840
SRR6281651,11050,family,Flaviviridae,3,0,7,1833,1839
SRR6281651,11095,genus,Pestivirus,2,0,8,1833,1836
SRR6281651,2170080,species,Pestivirus A,2,0,9,1833,1835
SRR6281651,11099,,Bovine viral diarrhea virus 1,2,2,10,1833,1833
SRR6281651,11102,genus,Hepacivirus,1,0,8,1836,1838
SRR6281651,11103,species,Hepacivirus C,1,1,9,1836,1836
SRR6281651,35325,,dsRNA viruses,2,0,3,1843,1846
SRR6281651,39780,,unclassified dsRNA viruses,2,0,4,1843,1845
SRR6281651,1908387,species,Sclerotium rolfsii mycovirus dsRNA 1,2,2,5,1843,1843
SRR6281651,2731341,,Duplodnaviria,36,0,2,1847,1869
SRR6281651,2731360,kingdom,Heunggongvirae,36,0,3,1847,1868
SRR6281651,2731618,phylum,Uroviricota,32,0,4,1847,1854
SRR6281651,2731619,class,Caudoviricetes,32,0,5,1847,1853
SRR6281651,2788787,,unclassified Caudoviricetes,31,0,6,1847,1849
SRR6281651,2832643,species,Caudoviricetes sp.,31,31,7,1847,1847
SRR6281651,2733133,genus,Tamkungvirus,1,0,6,1849,1852
SRR6281651,2734145,species,Tamkungvirus ST4,1,0,7,1849,1851
SRR6281651,2268578,,Synechococcus phage S-T4,1,1,8,1849,1849
SRR6281651,2731361,phylum,Peploviricota,4,0,4,1854,1867
SRR6281651,2731363,class,Herviviricetes,4,0,5,1854,1866
SRR6281651,548681,order,Herpesvirales,4,0,6,1854,1865
SRR6281651,10292,family,Herpesviridae,4,0,7,1854,1864
SRR6281651,10293,subfamily,Alphaherpesvirinae,3,0,8,1854,1860
SRR6281651,10294,genus,Simplexvirus,2,0,9,1854,1857
SRR6281651,10298,species,Human alphaherpesvirus 1,1,1,10,1854,1854
SRR6281651,10310,species,Human alphaherpesvirus 2,1,1,10,1855,1855
SRR6281651,10319,genus,Varicellovirus,1,0,9,1857,1859
SRR6281651,10326,species,Equid alphaherpesvirus 1,1,1,10,1857,1857
SRR6281651,10374,subfamily,Gammaherpesvirinae,1,0,8,1860,1863
SRR6281651,10375,genus,Lymphocryptovirus,1,0,9,1860,1862
SRR6281651,10376,species,Human gammaherpesvirus 4,1,1,10,1860,1860
SRR6281651,2840056,class,Naldaviricetes,8,0,2,1869,1875
SRR6281651,2840070,order,Lefavirales,8,0,3,1869,1874
SRR6281651,10442,family,Baculoviridae,8,0,4,1869,1873
SRR6281651,558016,genus,Alphabaculovirus,8,0,5,1869,1872
SRR6281651,745176,,unclassified Alphabaculovirus,8,0,6,1869,1871
SRR6281651,1346829,species,Peridroma alphabaculovirus,8,8,7,1869,1869
SRR6281651,2732004,,Varidnaviria,3,0,2,1875,1887
SRR6281651,2732005,kingdom,Bamfordvirae,3,0,3,1875,1886
SRR6281651,2732007,phylum,Nucleocytoviricota,3,0,4,1875,1885
SRR6281651,2732523,class,Megaviricetes,3,0,5,1875,1884
SRR6281651,2732524,order,Algavirales,3,0,6,1875,1883
SRR6281651,10501,family,Phycodnaviridae,3,0,7,1875,1882
SRR6281651,455363,,unclassified Phycodnaviridae,1,0,8,1875,1877
SRR6281651,455364,species,Chrysochromulina ericina virus,1,1,9,1875,1875
SRR6281651,181084,genus,Prasinovirus,1,0,8,1877,1879
SRR6281651,880158,,unclassified Prasinovirus,1,1,9,1877,1877
SRR6281651,181087,,environmental samples,1,0,8,1879,1881
SRR6281651,938081,species,Organic Lake phycodnavirus 1,1,1,9,1879,1879
SRR6281651,2731342,,Monodnaviria,2,0,2,1887,1893
SRR6281651,2732092,kingdom,Shotokuvirae,2,0,3,1887,1892
SRR6281651,2732415,phylum,Cossaviricota,2,0,4,1887,1891
SRR6281651,2732421,class,Papovaviricetes,2,0,5,1887,1890
SRR6281651,2732533,order,Zurhausenvirales,2,0,6,1887,1889
SRR6281651,151340,family,Papillomaviridae,2,2,7,1887,1887
SRR6281651,12429,,unclassified viruses,2,0,2,1893,1899
SRR6281651,2204151,,unclassified DNA viruses,2,0,3,1893,1898
SRR6281651,51368,,unclassified dsDNA viruses,2,0,4,1893,1897
SRR6281651,2060084,genus,Pandoravirus,1,0,5,1893,1895
SRR6281651,2568002,species,Pandoravirus celtis,1,1,6,1893,1893
SRR6281651,2591644,species,Prokaryotic dsDNA virus sp.,1,1,5,1895,1895
SRR6374680,10239,superkingdom,Viruses,74,0,1,1102,1140
SRR6374680,2731341,,Duplodnaviria,63,0,2,1102,1119
SRR6374680,2731360,kingdom,Heunggongvirae,63,0,3,1102,1118
SRR6374680,2731618,phylum,Uroviricota,61,0,4,1102,1110
SRR6374680,2731619,class,Caudoviricetes,61,0,5,1102,1109
SRR6374680,2788787,,unclassified Caudoviricetes,60,1,6,1102,1104
SRR6374680,2832643,species,Caudoviricetes sp.,59,59,7,1102,1102
SRR6374680,2169529,family,Ackermannviridae,1,0,6,1104,1108
SRR6374680,2169530,subfamily,Aglimvirinae,1,0,7,1104,1107
SRR6374680,2562724,,unclassified Aglimvirinae,1,0,8,1104,1106
SRR6374680,1542132,species,Dickeya phage phiDP10.3,1,1,9,1104,1104
SRR6374680,2731361,phylum,Peploviricota,2,0,4,1110,1117
SRR6374680,2731363,class,Herviviricetes,2,0,5,1110,1116
SRR6374680,548681,order,Herpesvirales,2,0,6,1110,1115
SRR6374680,10292,family,Herpesviridae,2,0,7,1110,1114
SRR6374680,10374,subfamily,Gammaherpesvirinae,2,0,8,1110,1113
SRR6374680,10375,genus,Lymphocryptovirus,2,0,9,1110,1112
SRR6374680,10376,species,Human gammaherpesvirus 4,2,2,10,1110,1110
SRR6374680,2559587,,Riboviria,10,0,2,1119,1134
SRR6374680,2732396,kingdom,Orthornavirae,10,0,3,1119,1133
SRR6374680,2732406,phylum,Kitrinoviricota,7,0,4,1119,1125
SRR6374680,2732461,class,Alsuviricetes,7,0,5,1119,1124
SRR6374680,2732544,order,Martellivirales,7,0,6,1119,1123
SRR6374680,675071,family,Virgaviridae,7,1,7,1119,1122
SRR6374680,12234,genus,Tobamovirus,6,0,8,1119,1121
SRR6374680,12241,species,Tobacco mild green mosaic virus,6,6,9,1119,1119
SRR6374680,2732408,phylum,Pisuviricota,3,0,4,1125,1132
SRR6374680,2732506,class,Pisoniviricetes,3,0,5,1125,1131
SRR6374680,464095,order,Picornavirales,3,0,6,1125,1130
SRR6374680,699189,family,Iflaviridae,3,0,7,1125,1129
SRR6374680,232799,genus,Iflavirus,3,0,8,1125,1128
SRR6374680,336476,,unclassified Iflavirus,3,0,9,1125,1127
SRR6374680,1690666,species,Bombyx mori iflavirus,3,3,10,1125,1125
SRR6374680,2840056,class,Naldaviricetes,1,0,2,1134,1139
SRR6374680,2840070,order,Lefavirales,1,0,3,1134,1138
SRR6374680,10442,family,Baculoviridae,1,0,4,1134,1137
SRR6374680,558016,genus,Alphabaculovirus,1,0,5,1134,1136
SRR6374680,271108,species,Bombyx mori nucleopolyhedrovirus,1,1,6,1134,1134
SRR7496961,10239,superkingdom,Viruses,29,0,1,1114,1138
SRR7496961,35237,,"dsDNA viruses, no RNA stage",19,0,2,1114,1124
SRR7496961,28883,order,Caudovirales,18,0,3,1114,1120
SRR7496961,10699,family,Siphoviridae,18,9,4,1114,1119
SRR7496961,1982251,genus,Pa6virus,9,5,5,1114,1118
SRR7496961,2079398,,unclassified Pa6virus,3,3,6,1114,1114
SRR7496961,1982288,species,Propionibacterium virus PHL116M00,1,0,6,1115,1117
SRR7496961,1500816,,Propionibacterium phage PHL116M00,1,1,7,1115,1115
SRR7496961,51368,,unclassified dsDNA viruses,1,0,3,1120,1123
SRR7496961,2060084,genus,Pandoravirus,1,0,4,1120,1122
SRR7496961,1349410,species,Pandoravirus salinus,1,1,5,1120,1120
SRR7496961,1922347,,unclassified RNA viruses,8,0,2,1124,1127
SRR7496961,1922348,,unclassified RNA viruses ShiM-2016,8,0,3,1124,1126
SRR7496961,1923009,species,Hubei orthoptera virus 1,8,8,4,1124,1124
SRR7496961,439488,,ssRNA viruses,2,0,2,1127,1137
SRR7496961,35301,,ssRNA negative-strand viruses,1,0,3,1127,1132
SRR7496961,11157,order,Mononegavirales,1,0,4,1127,1131
SRR7496961,11270,family,Rhabdoviridae,1,0,5,1127,1130
SRR7496961,140295,genus,Varicosavirus,1,0,6,1127,1129
SRR7496961,1985698,species,Lettuce big-vein associated varicosavirus,1,1,7,1127,1127
SRR7496961,35278,,"ssRNA positive-strand viruses, no DNA stage",1,0,3,1132,1136
SRR7496961,675071,family,Virgaviridae,1,0,4,1132,1135
SRR7496961,12234,genus,Tobamovirus,1,0,5,1132,1134
SRR7496961,12242,species,Tobacco mosaic virus,1,1,6,1132,1132
SRR7496962,10239,superkingdom,Viruses,202,0,1,1004,1044
SRR7496962,35237,,"dsDNA viruses, no RNA stage",194,0,2,1004,1028
SRR7496962,10508,family,Adenoviridae,109,0,3,1004,1007
SRR7496962,10509,genus,Mastadenovirus,109,0,4,1004,1006
SRR7496962,129951,species,Human mastadenovirus C,109,109,5,1004,1004
SRR7496962,28883,order,Caudovirales,84,0,3,1007,1022
SRR7496962,10699,family,Siphoviridae,83,38,4,1007,1017
SRR7496962,1982251,genus,Pa6virus,45,29,5,1007,1016
SRR7496962,1982276,species,Propionibacterium virus PHL041M10,12,0,6,1007,1009
SRR7496962,1500801,,Propionibacterium phage PHL041M10,12,12,7,1007,1007
SRR7496962,1982268,species,Propionibacterium virus P104A,2,0,6,1009,1011
SRR7496962,1229787,,Propionibacterium phage P104A,2,2,7,1009,1009
SRR7496962,1982259,species,Propionibacterium virus Ouroboros,1,0,6,1011,1013
SRR7496962,1655017,,Propionibacterium phage Ouroboros,1,1,7,1011,1011
SRR7496962,1982288,species,Propionibacterium virus PHL116M00,1,0,6,1013,1015
SRR7496962,1500816,,Propionibacterium phage PHL116M00,1,1,7,1013,1013
SRR7496962,10744,family,Podoviridae,1,0,4,1017,1021
SRR7496962,1982590,genus,Kpp25virus,1,0,5,1017,1020
SRR7496962,1982591,species,Pseudomonas virus KPP25,1,0,6,1017,1019
SRR7496962,1462608,,Pseudomonas phage KPP25,1,1,7,1017,1017
SRR7496962,151340,family,Papillomaviridae,1,0,3,1022,1027
SRR7496962,2169595,subfamily,Firstpapillomavirinae,1,0,4,1022,1026
SRR7496962,325455,genus,Gammapapillomavirus,1,0,5,1022,1025
SRR7496962,1175849,species,Gammapapillomavirus 7,1,0,6,1022,1024
SRR7496962,909333,,Human papillomavirus 134,1,1,7,1022,1022
SRR7496962,2169561,order,Ortervirales,5,0,2,1028,1038
SRR7496962,11632,family,Retroviridae,5,0,3,1028,1037
SRR7496962,35276,,unclassified Retroviridae,3,0,4,1028,1032
SRR7496962,206037,,Human endogenous retroviruses,3,0,5,1028,1031
SRR7496962,45617,species,Human endogenous retrovirus K,3,0,6,1028,1030
SRR7496962,37668,,Human endogenous retrovirus KC4,3,3,7,1028,1028
SRR7496962,327045,subfamily,Orthoretrovirinae,2,0,4,1032,1036
SRR7496962,153135,genus,Gammaretrovirus,2,0,5,1032,1035
SRR7496962,353769,,unclassified Gammaretrovirus,2,0,6,1032,1034
SRR7496962,590745,species,Mus musculus mobilized endogenous polytropic provirus,2,2,7,1032,1032
SRR7496962,439488,,ssRNA viruses,3,0,2,1038,1043
SRR7496962,35278,,"ssRNA positive-strand viruses, no DNA stage",3,0,3,1038,1042
SRR7496962,675071,family,Virgaviridae,3,0,4,1038,1041
SRR7496962,12234,genus,Tobamovirus,3,0,5,1038,1040
SRR7496962,12242,species,Tobacco mosaic virus,3,3,6,1038,1038
SRR7496963,10239,superkingdom,Viruses,376,0,1,1246,1299
SRR7496963,35237,,"dsDNA viruses, no RNA stage",372,0,2,1246,1293
SRR7496963,28883,order,Caudovirales,365,1,3,1246,1282
SRR7496963,10699,family,Siphoviridae,358,168,4,1246,1273
SRR7496963,1982251,genus,Pa6virus,181,88,5,1246,1268
SRR7496963,1982276,species,Propionibacterium virus PHL041M10,44,0,6,1246,1248
SRR7496963,1500801,,Propionibacterium phage PHL041M10,44,44,7,1246,1246
SRR7496963,2079398,,unclassified Pa6virus,20,0,6,1248,1253
SRR7496963,1500800,species,Propionibacterium phage PHL030N00,8,8,7,1248,1248
SRR7496963,1500812,species,Propionibacterium phage PHL085N00,8,8,7,1249,1249
SRR7496963,1500822,species,Propionibacterium phage PHL150M00,3,3,7,1250,1250
SRR7496963,1690805,species,Propionibacterium phage PAC1,1,1,7,1251,1251
SRR7496963,1982284,species,Propionibacterium virus PHL111M01,8,0,6,1253,1255
SRR7496963,1235653,,Propionibacterium phage PHL111M01,8,8,7,1253,1253
SRR7496963,1982261,species,Propionibacterium virus P105,7,0,6,1255,1257
SRR7496963,1229788,,Propionibacterium phage P105,7,7,7,1255,1255
SRR7496963,1982288,species,Propionibacterium virus PHL116M00,6,0,6,1257,1259
SRR7496963,1500816,,Propionibacterium phage PHL116M00,6,6,7,1257,1257
SRR7496963,1982257,species,Propionibacterium virus Lauchelly,5,0,6,1259,1261
SRR7496963,1655015,,Propionibacterium phage Lauchelly,5,5,7,1259,1259
SRR7496963,1982305,species,Propionibacterium virus SKKY,1,0,6,1261,1263
SRR7496963,1655020,,Propionibacterium phage SKKY,1,1,7,1261,1261
SRR7496963,1982265,species,Propionibacterium virus P100A,1,0,6,1263,1265
SRR7496963,1229790,,Propionibacterium phage P100_A,1,1,7,1263,1263
SRR7496963,1982270,species,Propionibacterium virus Pacnes201215,1,0,6,1265,1267
SRR7496963,1498188,,Propionibacterium phage Pacnes 2012-15,1,1,7,1265,1265
SRR7496963,196894,,unclassified Siphoviridae,6,6,5,1268,1268
SRR7496963,1623298,genus,Phietavirus,3,0,5,1269,1272
SRR7496963,1636203,,unclassified Phietalikevirus,3,0,6,1269,1271
SRR7496963,1147042,species,Staphylococcus phage StB12,3,3,7,1269,1269
SRR7496963,10662,family,Myoviridae,5,2,4,1273,1276
SRR7496963,196896,,unclassified Myoviridae,3,0,5,1273,1275
SRR7496963,1754217,species,Pseudomonas phage phi3,3,3,6,1273,1273
SRR7496963,10744,family,Podoviridae,1,0,4,1276,1281
SRR7496963,542835,subfamily,Autographivirinae,1,0,5,1276,1280
SRR7496963,110456,genus,T7virus,1,0,6,1276,1279
SRR7496963,329157,,unclassified T7-like viruses,1,0,7,1276,1278
SRR7496963,1239382,species,Stenotrophomonas phage IME15,1,1,8,1276,1276
SRR7496963,151340,family,Papillomaviridae,7,0,3,1282,1292
SRR7496963,2169595,subfamily,Firstpapillomavirinae,6,0,4,1282,1287
SRR7496963,325455,genus,Gammapapillomavirus,5,0,5,1282,1285
SRR7496963,333926,species,Gammapapillomavirus 1,5,0,6,1282,1284
SRR7496963,10617,,Human papillomavirus 4,5,5,7,1282,1282
SRR7496963,333922,genus,Betapapillomavirus,1,1,5,1285,1285
SRR7496963,333774,,unclassified Papillomaviridae,1,0,4,1287,1291
SRR7496963,173087,,Human papillomavirus types,1,0,5,1287,1290
SRR7496963,10566,species,Human papillomavirus,1,0,6,1287,1289
SRR7496963,37757,,Human papillomavirus unidentified type (RTRX3),1,1,7,1287,1287
SRR7496963,2169561,order,Ortervirales,4,0,2,1293,1298
SRR7496963,11632,family,Retroviridae,4,0,3,1293,1297
SRR7496963,35276,,unclassified Retroviridae,4,0,4,1293,1296
SRR7496963,206037,,Human endogenous retroviruses,4,0,5,1293,1295
SRR7496963,11827,species,Human endogenous retrovirus,4,4,6,1293,1293
SRR7496964,10239,superkingdom,Viruses,1447,0,1,1078,1102
SRR7496964,35237,,"dsDNA viruses, no RNA stage",1444,0,2,1078,1095
SRR7496964,10508,family,Adenoviridae,1427,0,3,1078,1082
SRR7496964,10509,genus,Mastadenovirus,1427,0,4,1078,1081
SRR7496964,129951,species,Human mastadenovirus C,1427,1422,5,1078,1080
SRR7496964,10533,,Human adenovirus 1,5,5,6,1078,1078
SRR7496964,28883,order,Caudovirales,16,0,3,1082,1089
SRR7496964,10699,family,Siphoviridae,16,6,4,1082,1088
SRR7496964,1982251,genus,Pa6virus,9,8,5,1082,1085
SRR7496964,2079398,,unclassified Pa6virus,1,0,6,1082,1084
SRR7496964,1500812,species,Propionibacterium phage PHL085N00,1,1,7,1082,1082
SRR7496964,196894,,unclassified Siphoviridae,1,0,5,1085,1087
SRR7496964,1701842,species,Streptococcus phage phiARI0923,1,1,6,1085,1085
SRR7496964,548681,order,Herpesvirales,1,0,3,1089,1094
SRR7496964,10292,family,Herpesviridae,1,0,4,1089,1093
SRR7496964,10374,subfamily,Gammaherpesvirinae,1,0,5,1089,1092
SRR7496964,10375,genus,Lymphocryptovirus,1,0,6,1089,1091
SRR7496964,10376,species,Human gammaherpesvirus 4,1,1,7,1089,1089
SRR7496964,2169561,order,Ortervirales,3,0,2,1095,1101
SRR7496964,11632,family,Retroviridae,3,0,3,1095,1100
SRR7496964,327045,subfamily,Orthoretrovirinae,3,0,4,1095,1099
SRR7496964,153135,genus,Gammaretrovirus,2,2,5,1095,1095
SRR7496964,11646,genus,Lentivirus,1,0,5,1096,1098
SRR7496964,11709,species,Human immunodeficiency virus 2,1,1,6,1096,1096
SRR7496965,10239,superkingdom,Viruses,23,0,1,1063,1090
SRR7496965,35237,,"dsDNA viruses, no RNA stage",22,0,2,1063,1085
SRR7496965,28883,order,Caudovirales,21,0,3,1063,1079
SRR7496965,10699,family,Siphoviridae,17,7,4,1063,1071
SRR7496965,1982251,genus,Pa6virus,9,7,5,1063,1068
SRR7496965,1982276,species,Propionibacterium virus PHL041M10,1,0,6,1063,1065
SRR7496965,1500801,,Propionibacterium phage PHL041M10,1,1,7,1063,1063
SRR7496965,2079398,,unclassified Pa6virus,1,0,6,1065,1067
SRR7496965,1500812,species,Propionibacterium phage PHL085N00,1,1,7,1065,1065
SRR7496965,196894,,unclassified Siphoviridae,1,0,5,1068,1070
SRR7496965,347324,species,Pseudomonas phage F10,1,1,6,1068,1068
SRR7496965,10662,family,Myoviridae,4,2,4,1071,1078
SRR7496965,196896,,unclassified Myoviridae,1,0,5,1071,1073
SRR7496965,1754217,species,Pseudomonas phage phi3,1,1,6,1071,1071
SRR7496965,1198136,subfamily,Tevenvirinae,1,0,5,1073,1077
SRR7496965,10663,genus,T4virus,1,0,6,1073,1076
SRR7496965,1914206,species,Shigella virus Pss1,1,0,7,1073,1075
SRR7496965,1551641,,Shigella phage pSs-1,1,1,8,1073,1073
SRR7496965,548681,order,Herpesvirales,1,0,3,1079,1084
SRR7496965,10292,family,Herpesviridae,1,0,4,1079,1083
SRR7496965,10293,subfamily,Alphaherpesvirinae,1,0,5,1079,1082
SRR7496965,10294,genus,Simplexvirus,1,0,6,1079,1081
SRR7496965,10317,species,Cercopithecine alphaherpesvirus 2,1,1,7,1079,1079
SRR7496965,2169561,order,Ortervirales,1,0,2,1085,1089
SRR7496965,11632,family,Retroviridae,1,0,3,1085,1088
SRR7496965,35276,,unclassified Retroviridae,1,0,4,1085,1087
SRR7496965,206037,,Human endogenous retroviruses,1,1,5,1085,1085
SRR7496966,10239,superkingdom,Viruses,38,0,1,1048,1071
SRR7496966,35237,,"dsDNA viruses, no RNA stage",33,0,2,1048,1064
SRR7496966,28883,order,Caudovirales,32,0,3,1048,1058
SRR7496966,10699,family,Siphoviridae,30,6,4,1048,1055
SRR7496966,1982251,genus,Pa6virus,24,16,5,1048,1054
SRR7496966,1982276,species,Propionibacterium virus PHL041M10,5,0,6,1048,1050
SRR7496966,1500801,,Propionibacterium phage PHL041M10,5,5,7,1048,1048
SRR7496966,2079398,,unclassified Pa6virus,3,0,6,1050,1053
SRR7496966,1690805,species,Propionibacterium phage PAC1,2,2,7,1050,1050
SRR7496966,1500822,species,Propionibacterium phage PHL150M00,1,1,7,1051,1051
SRR7496966,10662,family,Myoviridae,2,1,4,1055,1057
SRR7496966,1921527,genus,Secunda5virus,1,1,5,1055,1055
SRR7496966,151340,family,Papillomaviridae,1,0,3,1058,1063
SRR7496966,2169595,subfamily,Firstpapillomavirinae,1,0,4,1058,1062
SRR7496966,333922,genus,Betapapillomavirus,1,0,5,1058,1061
SRR7496966,334207,species,Betapapillomavirus 3,1,0,6,1058,1060
SRR7496966,10616,,Human papillomavirus type 49,1,1,7,1058,1058
SRR7496966,2169561,order,Ortervirales,5,0,2,1064,1070
SRR7496966,11632,family,Retroviridae,5,0,3,1064,1069
SRR7496966,327045,subfamily,Orthoretrovirinae,5,0,4,1064,1068
SRR7496966,153135,genus,Gammaretrovirus,5,4,5,1064,1067
SRR7496966,353769,,unclassified Gammaretrovirus,1,0,6,1064,1066
SRR7496966,590745,species,Mus musculus mobilized endogenous polytropic provirus,1,1,7,1064,1064
SRR7496967,10239,superkingdom,Viruses,48,0,1,1054,1086
SRR7496967,35237,,"dsDNA viruses, no RNA stage",46,0,2,1054,1081
SRR7496967,28883,order,Caudovirales,43,0,3,1054,1072
SRR7496967,10699,family,Siphoviridae,42,26,4,1054,1067
SRR7496967,1982251,genus,Pa6virus,16,7,5,1054,1066
SRR7496967,1982276,species,Propionibacterium virus PHL041M10,4,0,6,1054,1056
SRR7496967,1500801,,Propionibacterium phage PHL041M10,4,4,7,1054,1054
SRR7496967,2079398,,unclassified Pa6virus,2,0,6,1056,1059
SRR7496967,1747271,species,Propionibacterium phage PA1-14,1,1,7,1056,1056
SRR7496967,1500812,species,Propionibacterium phage PHL085N00,1,1,7,1057,1057
SRR7496967,1982270,species,Propionibacterium virus Pacnes201215,1,0,6,1059,1061
SRR7496967,1498188,,Propionibacterium phage Pacnes 2012-15,1,1,7,1059,1059
SRR7496967,1982271,species,Propionibacterium virus PAD20,1,0,6,1061,1063
SRR7496967,504501,,Propionibacterium phage PAD20,1,1,7,1061,1061
SRR7496967,1982298,species,Propionibacterium virus PHL179M00,1,0,6,1063,1065
SRR7496967,1500828,,Propionibacterium phage PHL179M00,1,1,7,1063,1063
SRR7496967,10662,family,Myoviridae,1,0,4,1067,1071
SRR7496967,1984786,genus,Elvirus,1,0,5,1067,1070
SRR7496967,1984787,species,Pseudomonas virus EL,1,0,6,1067,1069
SRR7496967,273133,,Pseudomonas phage EL,1,1,7,1067,1067
SRR7496967,151340,family,Papillomaviridae,3,0,3,1072,1080
SRR7496967,2169595,subfamily,Firstpapillomavirinae,3,0,4,1072,1079
SRR7496967,325455,genus,Gammapapillomavirus,2,0,5,1072,1075
SRR7496967,1175849,species,Gammapapillomavirus 7,2,0,6,1072,1074
SRR7496967,909333,,Human papillomavirus 134,2,2,7,1072,1072
SRR7496967,333922,genus,Betapapillomavirus,1,0,5,1075,1078
SRR7496967,337051,species,Betapapillomavirus 1,1,0,6,1075,1077
SRR7496967,37956,,Human papillomavirus type 24,1,1,7,1075,1075
SRR7496967,2169561,order,Ortervirales,2,0,2,1081,1085
SRR7496967,11632,family,Retroviridae,2,0,3,1081,1084
SRR7496967,327045,subfamily,Orthoretrovirinae,2,0,4,1081,1083
SRR7496967,153135,genus,Gammaretrovirus,2,2,5,1081,1081
SRR7496968,10239,superkingdom,Viruses,249,0,1,1270,1318
SRR7496968,35237,,"dsDNA viruses, no RNA stage",244,0,2,1270,1313
SRR7496968,28883,order,Caudovirales,228,0,3,1270,1292
SRR7496968,10699,family,Siphoviridae,222,107,4,1270,1287
SRR7496968,1982251,genus,Pa6virus,114,74,5,1270,1284
SRR7496968,1982276,species,Propionibacterium virus PHL041M10,19,0,6,1270,1272
SRR7496968,1500801,,Propionibacterium phage PHL041M10,19,19,7,1270,1270
SRR7496968,2079398,,unclassified Pa6virus,14,0,6,1272,1275
SRR7496968,1500812,species,Propionibacterium phage PHL085N00,12,12,7,1272,1272
SRR7496968,1500822,species,Propionibacterium phage PHL150M00,2,2,7,1273,1273
SRR7496968,1982261,species,Propionibacterium virus P105,4,0,6,1275,1277
SRR7496968,1229788,,Propionibacterium phage P105,4,4,7,1275,1275
SRR7496968,1982257,species,Propionibacterium virus Lauchelly,1,0,6,1277,1279
SRR7496968,1655015,,Propionibacterium phage Lauchelly,1,1,7,1277,1277
SRR7496968,1982267,species,Propionibacterium virus P101A,1,0,6,1279,1281
SRR7496968,1229786,,Propionibacterium phage P101A,1,1,7,1279,1279
SRR7496968,1982298,species,Propionibacterium virus PHL179M00,1,0,6,1281,1283
SRR7496968,1500828,,Propionibacterium phage PHL179M00,1,1,7,1281,1281
SRR7496968,196894,,unclassified Siphoviridae,1,0,5,1284,1286
SRR7496968,1777064,species,Pseudomonas phage YMC11/07/P54_PAE_BP,1,1,6,1284,1284
SRR7496968,10662,family,Myoviridae,6,1,4,1287,1291
SRR7496968,1198980,genus,Pbunavirus,5,4,5,1287,1290
SRR7496968,2006178,species,Pseudomonas virus LMA2,1,0,6,1287,1289
SRR7496968,549446,,Pseudomonas phage LMA2,1,1,7,1287,1287
SRR7496968,151340,family,Papillomaviridae,10,0,3,1292,1304
SRR7496968,2169595,subfamily,Firstpapillomavirinae,10,0,4,1292,1303
SRR7496968,333922,genus,Betapapillomavirus,9,0,5,1292,1299
SRR7496968,334208,species,Betapapillomavirus 4,4,0,6,1292,1294
SRR7496968,211787,,Human papillomavirus type 92,4,4,7,1292,1292
SRR7496968,337051,species,Betapapillomavirus 1,3,0,6,1294,1296
SRR7496968,37956,,Human papillomavirus type 24,3,3,7,1294,1294
SRR7496968,333924,species,Betapapillomavirus 2,2,0,6,1296,1298
SRR7496968,10621,,Human papillomavirus 9,2,2,7,1296,1296
SRR7496968,325455,genus,Gammapapillomavirus,1,0,5,1299,1302
SRR7496968,1175849,species,Gammapapillomavirus 7,1,0,6,1299,1301
SRR7496968,909333,,Human papillomavirus 134,1,1,7,1299,1299
SRR7496968,10508,family,Adenoviridae,5,0,3,1304,1307
SRR7496968,10509,genus,Mastadenovirus,5,0,4,1304,1306
SRR7496968,129951,species,Human mastadenovirus C,5,5,5,1304,1304
SRR7496968,548681,order,Herpesvirales,1,0,3,1307,1312
SRR7496968,10292,family,Herpesviridae,1,0,4,1307,1311
SRR7496968,10357,subfamily,Betaherpesvirinae,1,0,5,1307,1310
SRR7496968,10365,genus,Muromegalovirus,1,0,6,1307,1309
SRR7496968,10366,species,Murid betaherpesvirus 1,1,1,7,1307,1307
SRR7496968,2169561,order,Ortervirales,5,0,2,1313,1317
SRR7496968,11632,family,Retroviridae,5,0,3,1313,1316
SRR7496968,35276,,unclassified Retroviridae,5,0,4,1313,1315
SRR7496968,206037,,Human endogenous retroviruses,5,5,5,1313,1313
SRR7496969,10239,superkingdom,Viruses,41,0,1,1169,1209
SRR7496969,35237,,"dsDNA viruses, no RNA stage",38,0,2,1169,1194
SRR7496969,28883,order,Caudovirales,32,0,3,1169,1179
SRR7496969,10699,family,Siphoviridae,31,15,4,1169,1173
SRR7496969,1982251,genus,Pa6virus,15,15,5,1169,1169
SRR7496969,196894,,unclassified Siphoviridae,1,0,5,1170,1172
SRR7496969,1732064,species,Staphylococcus phage StB20-like,1,1,6,1170,1170
SRR7496969,10662,family,Myoviridae,1,0,4,1173,1178
SRR7496969,1198136,subfamily,Tevenvirinae,1,0,5,1173,1177
SRR7496969,10663,genus,T4virus,1,0,6,1173,1176
SRR7496969,1914206,species,Shigella virus Pss1,1,0,7,1173,1175
SRR7496969,1551641,,Shigella phage pSs-1,1,1,8,1173,1173
SRR7496969,151340,family,Papillomaviridae,5,0,3,1179,1188
SRR7496969,2169595,subfamily,Firstpapillomavirinae,5,0,4,1179,1187
SRR7496969,333922,genus,Betapapillomavirus,5,0,5,1179,1186
SRR7496969,337051,species,Betapapillomavirus 1,3,0,6,1179,1181
SRR7496969,37956,,Human papillomavirus type 24,3,3,7,1179,1179
SRR7496969,334207,species,Betapapillomavirus 3,1,0,6,1181,1183
SRR7496969,10616,,Human papillomavirus type 49,1,1,7,1181,1181
SRR7496969,334208,species,Betapapillomavirus 4,1,0,6,1183,1185
SRR7496969,211787,,Human papillomavirus type 92,1,1,7,1183,1183
SRR7496969,548681,order,Herpesvirales,1,0,3,1188,1193
SRR7496969,10292,family,Herpesviridae,1,0,4,1188,1192
SRR7496969,10374,subfamily,Gammaherpesvirinae,1,0,5,1188,1191
SRR7496969,10375,genus,Lymphocryptovirus,1,0,6,1188,1190
SRR7496969,10376,species,Human gammaherpesvirus 4,1,1,7,1188,1188
SRR7496969,2169561,order,Ortervirales,2,0,2,1194,1204
SRR7496969,11632,family,Retroviridae,2,0,3,1194,1203
SRR7496969,35276,,unclassified Retroviridae,1,0,4,1194,1198
SRR7496969,206037,,Human endogenous retroviruses,1,0,5,1194,1197
SRR7496969,45617,species,Human endogenous retrovirus K,1,0,6,1194,1196
SRR7496969,166122,,Human endogenous retrovirus K113,1,1,7,1194,1194
SRR7496969,327045,subfamily,Orthoretrovirinae,1,0,4,1198,1202
SRR7496969,153135,genus,Gammaretrovirus,1,0,5,1198,1201
SRR7496969,11786,species,Murine leukemia virus,1,0,6,1198,1200
SRR7496969,11801,,Moloney murine leukemia virus,1,1,7,1198,1198
SRR7496969,439488,,ssRNA viruses,1,0,2,1204,1208
SRR7496969,35278,,"ssRNA positive-strand viruses, no DNA stage",1,0,3,1204,1207
SRR7496969,675071,family,Virgaviridae,1,0,4,1204,1206
SRR7496969,12234,genus,Tobamovirus,1,1,5,1204,1204
SRR7496970,10239,superkingdom,Viruses,105,0,1,1171,1213
SRR7496970,35237,,"dsDNA viruses, no RNA stage",98,1,2,1171,1204
SRR7496970,28883,order,Caudovirales,90,0,3,1171,1186
SRR7496970,10699,family,Siphoviridae,88,51,4,1171,1182
SRR7496970,1982251,genus,Pa6virus,37,23,5,1171,1181
SRR7496970,2079398,,unclassified Pa6virus,4,2,6,1171,1174
SRR7496970,1747271,species,Propionibacterium phage PA1-14,1,1,7,1171,1171
SRR7496970,1500822,species,Propionibacterium phage PHL150M00,1,1,7,1172,1172
SRR7496970,1982276,species,Propionibacterium virus PHL041M10,4,0,6,1174,1176
SRR7496970,1500801,,Propionibacterium phage PHL041M10,4,4,7,1174,1174
SRR7496970,1982288,species,Propionibacterium virus PHL116M00,4,0,6,1176,1178
SRR7496970,1500816,,Propionibacterium phage PHL116M00,4,4,7,1176,1176
SRR7496970,1982284,species,Propionibacterium virus PHL111M01,2,0,6,1178,1180
SRR7496970,1235653,,Propionibacterium phage PHL111M01,2,2,7,1178,1178
SRR7496970,10662,family,Myoviridae,2,1,4,1182,1185
SRR7496970,1198136,subfamily,Tevenvirinae,1,0,5,1182,1184
SRR7496970,10663,genus,T4virus,1,1,6,1182,1182
SRR7496970,151340,family,Papillomaviridae,6,0,3,1186,1198
SRR7496970,2169595,subfamily,Firstpapillomavirinae,6,0,4,1186,1197
SRR7496970,333922,genus,Betapapillomavirus,4,0,5,1186,1191
SRR7496970,337051,species,Betapapillomavirus 1,3,0,6,1186,1188
SRR7496970,37956,,Human papillomavirus type 24,3,3,7,1186,1186
SRR7496970,333924,species,Betapapillomavirus 2,1,0,6,1188,1190
SRR7496970,37954,,Human papillomavirus 22,1,1,7,1188,1188
SRR7496970,325455,genus,Gammapapillomavirus,2,0,5,1191,1196
SRR7496970,1175849,species,Gammapapillomavirus 7,1,0,6,1191,1193
SRR7496970,909333,,Human papillomavirus 134,1,1,7,1191,1191
SRR7496970,333926,species,Gammapapillomavirus 1,1,0,6,1193,1195
SRR7496970,10617,,Human papillomavirus 4,1,1,7,1193,1193
SRR7496970,548681,order,Herpesvirales,1,0,3,1198,1203
SRR7496970,10292,family,Herpesviridae,1,0,4,1198,1202
SRR7496970,10374,subfamily,Gammaherpesvirinae,1,0,5,1198,1201
SRR7496970,10375,genus,Lymphocryptovirus,1,0,6,1198,1200
SRR7496970,10376,species,Human gammaherpesvirus 4,1,1,7,1198,1198
SRR7496970,2169561,order,Ortervirales,7,0,2,1204,1212
SRR7496970,11632,family,Retroviridae,7,0,3,1204,1211
SRR7496970,35276,,unclassified Retroviridae,4,0,4,1204,1208
SRR7496970,206037,,Human endogenous retroviruses,4,0,5,1204,1207
SRR7496970,45617,species,Human endogenous retrovirus K,4,0,6,1204,1206
SRR7496970,166122,,Human endogenous retrovirus K113,4,4,7,1204,1204
SRR7496970,327045,subfamily,Orthoretrovirinae,3,0,4,1208,1210
SRR7496970,153135,genus,Gammaretrovirus,3,3,5,1208,1208
SRR7496971,10239,superkingdom,Viruses,75,0,1,1336,1374
SRR7496971,35237,,"dsDNA viruses, no RNA stage",62,0,2,1336,1360
SRR7496971,28883,order,Caudovirales,54,0,3,1336,1346
SRR7496971,10699,family,Siphoviridae,54,23,4,1336,1345
SRR7496971,1982251,genus,Pa6virus,30,17,5,1336,1343
SRR7496971,1982276,species,Propionibacterium virus PHL041M10,10,0,6,1336,1338
SRR7496971,1500801,,Propionibacterium phage PHL041M10,10,10,7,1336,1336
SRR7496971,2079398,,unclassified Pa6virus,2,0,6,1338,1340
SRR7496971,1500812,species,Propionibacterium phage PHL085N00,2,2,7,1338,1338
SRR7496971,1982268,species,Propionibacterium virus P104A,1,0,6,1340,1342
SRR7496971,1229787,,Propionibacterium phage P104A,1,1,7,1340,1340
SRR7496971,196894,,unclassified Siphoviridae,1,1,5,1343,1343
SRR7496971,151340,family,Papillomaviridae,6,0,3,1346,1356
SRR7496971,2169595,subfamily,Firstpapillomavirinae,4,0,4,1346,1352
SRR7496971,333922,genus,Betapapillomavirus,4,1,5,1346,1351
SRR7496971,333924,species,Betapapillomavirus 2,2,0,6,1346,1348
SRR7496971,10621,,Human papillomavirus 9,2,2,7,1346,1346
SRR7496971,337051,species,Betapapillomavirus 1,1,0,6,1348,1350
SRR7496971,37956,,Human papillomavirus type 24,1,1,7,1348,1348
SRR7496971,333774,,unclassified Papillomaviridae,2,0,4,1352,1355
SRR7496971,173087,,Human papillomavirus types,2,0,5,1352,1354
SRR7496971,10566,species,Human papillomavirus,2,2,6,1352,1352
SRR7496971,944644,family,Marseilleviridae,2,0,3,1356,1359
SRR7496971,1513461,,unclassified Marseilleviridae,2,0,4,1356,1358
SRR7496971,1955558,species,Noumeavirus,2,2,5,1356,1356
SRR7496971,2169561,order,Ortervirales,12,0,2,1360,1369
SRR7496971,11632,family,Retroviridae,12,0,3,1360,1368
SRR7496971,35276,,unclassified Retroviridae,11,0,4,1360,1365
SRR7496971,206037,,Human endogenous retroviruses,11,0,5,1360,1364
SRR7496971,11827,species,Human endogenous retrovirus,6,6,6,1360,1360
SRR7496971,45617,species,Human endogenous retrovirus K,5,4,6,1361,1363
SRR7496971,37668,,Human endogenous retrovirus KC4,1,1,7,1361,1361
SRR7496971,327045,subfamily,Orthoretrovirinae,1,0,4,1365,1367
SRR7496971,153135,genus,Gammaretrovirus,1,1,5,1365,1365
SRR7496971,29258,,ssDNA viruses,1,0,2,1369,1373
SRR7496971,10811,family,Geminiviridae,1,0,3,1369,1372
SRR7496971,10814,genus,Begomovirus,1,0,4,1369,1371
SRR7496971,223324,species,Squash mild leaf curl virus,1,1,5,1369,1369
SRR7496972,10239,superkingdom,Viruses,48,0,1,1153,1189
SRR7496972,35237,,"dsDNA viruses, no RNA stage",46,0,2,1153,1177
SRR7496972,28883,order,Caudovirales,44,0,3,1153,1171
SRR7496972,10699,family,Siphoviridae,42,29,4,1153,1163
SRR7496972,1982251,genus,Pa6virus,12,4,5,1153,1160
SRR7496972,1982276,species,Propionibacterium virus PHL041M10,4,0,6,1153,1155
SRR7496972,1500801,,Propionibacterium phage PHL041M10,4,4,7,1153,1153
SRR7496972,1982270,species,Propionibacterium virus Pacnes201215,3,0,6,1155,1157
SRR7496972,1498188,,Propionibacterium phage Pacnes 2012-15,3,3,7,1155,1155
SRR7496972,2079398,,unclassified Pa6virus,1,0,6,1157,1159
SRR7496972,1690805,species,Propionibacterium phage PAC1,1,1,7,1157,1157
SRR7496972,1623298,genus,Phietavirus,1,0,5,1160,1162
SRR7496972,1197953,species,Staphylococcus virus IPLA7,1,1,6,1160,1160
SRR7496972,10662,family,Myoviridae,1,0,4,1163,1168
SRR7496972,1985285,subfamily,Ounavirinae,1,0,5,1163,1167
SRR7496972,1985293,genus,Ea214virus,1,0,6,1163,1166
SRR7496972,1965384,species,Erwinia virus Ea214,1,0,7,1163,1165
SRR7496972,925986,,Erwinia phage phiEa104,1,1,8,1163,1163
SRR7496972,102294,,unclassified Caudovirales,1,0,4,1168,1170
SRR7496972,1701814,species,Streptococcus phage phiARI0131-2,1,1,5,1168,1168
SRR7496972,151340,family,Papillomaviridae,2,0,3,1171,1176
SRR7496972,2169595,subfamily,Firstpapillomavirinae,2,0,4,1171,1175
SRR7496972,333922,genus,Betapapillomavirus,2,0,5,1171,1174
SRR7496972,334207,species,Betapapillomavirus 3,2,0,6,1171,1173
SRR7496972,10616,,Human papillomavirus type 49,2,2,7,1171,1171
SRR7496972,2169561,order,Ortervirales,1,0,2,1177,1183
SRR7496972,11632,family,Retroviridae,1,0,3,1177,1182
SRR7496972,35276,,unclassified Retroviridae,1,0,4,1177,1181
SRR7496972,206037,,Human endogenous retroviruses,1,0,5,1177,1180
SRR7496972,45617,species,Human endogenous retrovirus K,1,0,6,1177,1179
SRR7496972,166122,,Human endogenous retrovirus K113,1,1,7,1177,1177
SRR7496972,439488,,ssRNA viruses,1,0,2,1183,1188
SRR7496972,35278,,"ssRNA positive-strand viruses, no DNA stage",1,0,3,1183,1187
SRR7496972,675071,family,Virgaviridae,1,0,4,1183,1186
SRR7496972,12234,genus,Tobamovirus,1,0,5,1183,1185
SRR7496972,12242,species,Tobacco mosaic virus,1,1,6,1183,1183
SRR8382528,10239,superkingdom,Viruses,26,0,1,300,314
SRR8382528,439488,,ssRNA viruses,22,0,2,300,310
SRR8382528,35278,,"ssRNA positive-strand viruses, no DNA stage",22,0,3,300,309
SRR8382528,39729,family,Potyviridae,20,0,4,300,303
SRR8382528,12195,genus,Potyvirus,20,0,5,300,302
SRR8382528,79917,species,Japanese yam mosaic virus,20,20,6,300,300
SRR8382528,464095,order,Picornavirales,2,0,4,303,308
SRR8382528,675072,family,Secoviridae,2,0,5,303,307
SRR8382528,675075,subfamily,Comovirinae,2,0,6,303,306
SRR8382528,12269,genus,Fabavirus,2,0,7,303,305
SRR8382528,76875,species,Broad bean wilt virus 2,2,2,8,303,303
SRR8382528,35237,,"dsDNA viruses, no RNA stage",4,0,2,310,313
SRR8382528,28883,order,Caudovirales,4,0,3,310,312
SRR8382528,10699,family,Siphoviridae,4,4,4,310,310
SRR8382529,10239,superkingdom,Viruses,1,0,1,185,192
SRR8382529,35237,,"dsDNA viruses, no RNA stage",1,0,2,185,191
SRR8382529,548681,order,Herpesvirales,1,0,3,185,190
SRR8382529,10292,family,Herpesviridae,1,0,4,185,189
SRR8382529,10374,subfamily,Gammaherpesvirinae,1,0,5,185,188
SRR8382529,10379,genus,Rhadinovirus,1,0,6,185,187
SRR8382529,37296,species,Human gammaherpesvirus 8,1,1,7,185,185
SRR8382530,10239,superkingdom,Viruses,9588,0,1,358,370
SRR8382530,439488,,ssRNA viruses,9585,0,2,358,363
SRR8382530,35278,,"ssRNA positive-strand viruses, no DNA stage",9585,0,3,358,362
SRR8382530,39729,family,Potyviridae,9585,0,4,358,361
SRR8382530,12195,genus,Potyvirus,9585,4,5,358,360
SRR8382530,79917,species,Japanese yam mosaic virus,9581,9581,6,358,358
SRR8382530,35237,,"dsDNA viruses, no RNA stage",3,0,2,363,369
SRR8382530,28883,order,Caudovirales,3,0,3,363,368
SRR8382530,10699,family,Siphoviridae,3,0,4,363,367
SRR8382530,196894,,unclassified Siphoviridae,2,1,5,363,365
SRR8382530,1815511,species,Lactobacillus phage PLE2,1,1,6,363,363
SRR8382530,1623287,genus,D3virus,1,1,5,365,365
SRR8382531,10239,superkingdom,Viruses,1157,0,1,224,235
SRR8382531,439488,,ssRNA viruses,1156,0,2,224,229
SRR8382531,35278,,"ssRNA positive-strand viruses, no DNA stage",1156,0,3,224,228
SRR8382531,39729,family,Potyviridae,1156,0,4,224,227
SRR8382531,12195,genus,Potyvirus,1156,2,5,224,226
SRR8382531,79917,species,Japanese yam mosaic virus,1154,1154,6,224,224
SRR8382531,35237,,"dsDNA viruses, no RNA stage",1,0,2,229,234
SRR8382531,28883,order,Caudovirales,1,0,3,229,233
SRR8382531,10699,family,Siphoviridae,1,0,4,229,232
SRR8382531,1623287,genus,D3virus,1,0,5,229,231
SRR8382531,1129146,species,Pseudomonas virus PMG1,1,1,6,229,229
SRR8382532,10239,superkingdom,Viruses,217,0,1,274,295
SRR8382532,439488,,ssRNA viruses,215,0,2,274,284
SRR8382532,35278,,"ssRNA positive-strand viruses, no DNA stage",215,0,3,274,283
SRR8382532,39729,family,Potyviridae,213,0,4,274,277
SRR8382532,12195,genus,Potyvirus,213,0,5,274,276
SRR8382532,79917,species,Japanese yam mosaic virus,213,213,6,274,274
SRR8382532,464095,order,Picornavirales,2,0,4,277,282
SRR8382532,675072,family,Secoviridae,2,0,5,277,281
SRR8382532,675075,subfamily,Comovirinae,2,0,6,277,280
SRR8382532,12269,genus,Fabavirus,2,0,7,277,279
SRR8382532,76875,species,Broad bean wilt virus 2,2,2,8,277,277
SRR8382532,35237,,"dsDNA viruses, no RNA stage",2,0,2,284,294
SRR8382532,28883,order,Caudovirales,1,0,3,284,288
SRR8382532,10699,family,Siphoviridae,1,0,4,284,287
SRR8382532,196894,,unclassified Siphoviridae,1,0,5,284,286
SRR8382532,1739609,species,Lactobacillus phage iA2,1,1,6,284,284
SRR8382532,548681,order,Herpesvirales,1,0,3,288,293
SRR8382532,10292,family,Herpesviridae,1,0,4,288,292
SRR8382532,10374,subfamily,Gammaherpesvirinae,1,0,5,288,291
SRR8382532,10379,genus,Rhadinovirus,1,0,6,288,290
SRR8382532,37296,species,Human gammaherpesvirus 8,1,1,7,288,288
SRR8382533,10239,superkingdom,Viruses,394,0,1,276,288
SRR8382533,439488,,ssRNA viruses,389,0,2,276,281
SRR8382533,35278,,"ssRNA positive-strand viruses, no DNA stage",389,0,3,276,280
SRR8382533,39729,family,Potyviridae,389,0,4,276,279
SRR8382533,12195,genus,Potyvirus,389,0,5,276,278
SRR8382533,79917,species,Japanese yam mosaic virus,389,389,6,276,276
SRR8382533,35237,,"dsDNA viruses, no RNA stage",5,0,2,281,287
SRR8382533,28883,order,Caudovirales,5,0,3,281,286
SRR8382533,10699,family,Siphoviridae,5,3,4,281,285
SRR8382533,1982251,genus,Pa6virus,1,1,5,281,281
SRR8382533,196894,,unclassified Siphoviridae,1,0,5,282,284
SRR8382533,1739609,species,Lactobacillus phage iA2,1,1,6,282,282
SRR8627698,10239,superkingdom,Viruses,320,0,1,379,408
SRR8627698,439488,,ssRNA viruses,315,0,2,379,397
SRR8627698,35278,,"ssRNA positive-strand viruses, no DNA stage",315,0,3,379,396
SRR8627698,464095,order,Picornavirales,300,0,4,379,384
SRR8627698,675072,family,Secoviridae,300,0,5,379,383
SRR8627698,675075,subfamily,Comovirinae,300,0,6,379,382
SRR8627698,12269,genus,Fabavirus,300,0,7,379,381
SRR8627698,76875,species,Broad bean wilt virus 2,300,300,8,379,379
SRR8627698,675063,order,Tymovirales,12,0,4,384,393
SRR8627698,675064,family,Alphaflexiviridae,8,0,5,384,387
SRR8627698,249199,genus,Mandarivirus,8,0,6,384,386
SRR8627698,1214459,species,Citrus yellow vein clearing virus,8,8,7,384,384
SRR8627698,675068,family,Betaflexiviridae,4,0,5,387,392
SRR8627698,1914298,subfamily,Trivirinae,4,0,6,387,391
SRR8627698,12174,genus,Capillovirus,4,0,7,387,390
SRR8627698,28347,species,Apple stem grooving virus,4,0,8,387,389
SRR8627698,33759,,Citrus tatter leaf virus,4,4,9,387,387
SRR8627698,675071,family,Virgaviridae,3,0,4,393,395
SRR8627698,12234,genus,Tobamovirus,3,3,5,393,393
SRR8627698,29258,,ssDNA viruses,5,0,2,397,407
SRR8627698,10841,family,Microviridae,5,0,3,397,406
SRR8627698,1910950,subfamily,Bullavirinae,5,0,4,397,405
SRR8627698,1910954,genus,Phix174microvirus,3,0,5,397,401
SRR8627698,1910975,,unclassified Phix174microvirus,3,0,6,397,400
SRR8627698,374840,species,Enterobacteria phage phiX174 sensu lato,3,0,7,397,399
SRR8627698,10844,,Enterobacteria phage S13,3,3,8,397,397
SRR8627698,1910951,genus,Alpha3microvirus,2,0,5,401,404
SRR8627698,1910962,,unclassified Alpha3microvirus,2,0,6,401,403
SRR8627698,489828,species,Enterobacteria phage WA13 sensu lato,2,2,7,401,401
SRR8627699,10239,superkingdom,Viruses,1108,0,1,357,379
SRR8627699,439488,,ssRNA viruses,1087,0,2,357,368
SRR8627699,35278,,"ssRNA positive-strand viruses, no DNA stage",1087,0,3,357,367
SRR8627699,464095,order,Picornavirales,1072,0,4,357,362
SRR8627699,675072,family,Secoviridae,1072,0,5,357,361
SRR8627699,675075,subfamily,Comovirinae,1072,0,6,357,360
SRR8627699,12269,genus,Fabavirus,1072,0,7,357,359
SRR8627699,76875,species,Broad bean wilt virus 2,1072,1072,8,357,357
SRR8627699,675063,order,Tymovirales,15,0,4,362,366
SRR8627699,675064,family,Alphaflexiviridae,15,0,5,362,365
SRR8627699,249199,genus,Mandarivirus,15,0,6,362,364
SRR8627699,1214459,species,Citrus yellow vein clearing virus,15,15,7,362,362
SRR8627699,29258,,ssDNA viruses,21,0,2,368,378
SRR8627699,10841,family,Microviridae,21,0,3,368,377
SRR8627699,1910950,subfamily,Bullavirinae,21,0,4,368,376
SRR8627699,1910954,genus,Phix174microvirus,20,2,5,368,372
SRR8627699,1910975,,unclassified Phix174microvirus,18,0,6,368,371
SRR8627699,374840,species,Enterobacteria phage phiX174 sensu lato,18,4,7,368,370
SRR8627699,10844,,Enterobacteria phage S13,14,14,8,368,368
SRR8627699,1910951,genus,Alpha3microvirus,1,0,5,372,375
SRR8627699,1910962,,unclassified Alpha3microvirus,1,0,6,372,374
SRR8627699,489828,species,Enterobacteria phage WA13 sensu lato,1,1,7,372,372
SRR8627700,10239,superkingdom,Viruses,728,0,1,419,449
SRR8627700,439488,,ssRNA viruses,721,0,2,419,437
SRR8627700,35278,,"ssRNA positive-strand viruses, no DNA stage",721,0,3,419,436
SRR8627700,464095,order,Picornavirales,704,0,4,419,425
SRR8627700,675072,family,Secoviridae,704,0,5,419,424
SRR8627700,675075,subfamily,Comovirinae,704,0,6,419,423
SRR8627700,12269,genus,Fabavirus,704,0,7,419,422
SRR8627700,76875,species,Broad bean wilt virus 2,704,675,8,419,421
SRR8627700,73149,,Patchouli mild mosaic virus,29,29,9,419,419
SRR8627700,675063,order,Tymovirales,13,0,4,425,432
SRR8627700,675064,family,Alphaflexiviridae,13,0,5,425,431
SRR8627700,249199,genus,Mandarivirus,7,0,6,425,427
SRR8627700,1214459,species,Citrus yellow vein clearing virus,7,7,7,425,425
SRR8627700,12176,genus,Potexvirus,6,0,6,427,430
SRR8627700,112227,species,Cactus virus X,4,4,7,427,427
SRR8627700,1176736,species,Pitaya virus X,2,2,7,428,428
SRR8627700,39729,family,Potyviridae,4,0,4,432,435
SRR8627700,12195,genus,Potyvirus,4,0,5,432,434
SRR8627700,79917,species,Japanese yam mosaic virus,4,4,6,432,432
SRR8627700,29258,,ssDNA viruses,6,0,2,437,444
SRR8627700,10841,family,Microviridae,6,0,3,437,443
SRR8627700,1910950,subfamily,Bullavirinae,6,0,4,437,442
SRR8627700,1910954,genus,Phix174microvirus,6,0,5,437,441
SRR8627700,1910975,,unclassified Phix174microvirus,6,0,6,437,440
SRR8627700,374840,species,Enterobacteria phage phiX174 sensu lato,6,0,7,437,439
SRR8627700,10844,,Enterobacteria phage S13,6,6,8,437,437
SRR8627700,35237,,"dsDNA viruses, no RNA stage",1,0,2,444,448
SRR8627700,28883,order,Caudovirales,1,0,3,444,447
SRR8627700,10662,family,Myoviridae,1,0,4,444,446
SRR8627700,1918725,genus,Cvm10virus,1,1,5,444,444
SRR8627701,10239,superkingdom,Viruses,426,0,1,342,363
SRR8627701,439488,,ssRNA viruses,424,0,2,342,353
SRR8627701,35278,,"ssRNA positive-strand viruses, no DNA stage",424,0,3,342,352
SRR8627701,464095,order,Picornavirales,419,0,4,342,347
SRR8627701,675072,family,Secoviridae,419,0,5,342,346
SRR8627701,675075,subfamily,Comovirinae,419,0,6,342,345
SRR8627701,12269,genus,Fabavirus,419,0,7,342,344
SRR8627701,76875,species,Broad bean wilt virus 2,419,419,8,342,342
SRR8627701,675063,order,Tymovirales,5,0,4,347,351
SRR8627701,675064,family,Alphaflexiviridae,5,0,5,347,350
SRR8627701,249199,genus,Mandarivirus,5,0,6,347,349
SRR8627701,1214459,species,Citrus yellow vein clearing virus,5,5,7,347,347
SRR8627701,1922347,,unclassified RNA viruses,1,0,2,353,356
SRR8627701,1922348,,unclassified RNA viruses ShiM-2016,1,0,3,353,355
SRR8627701,1923137,species,Hubei picorna-like virus 55,1,1,4,353,353
SRR8627701,35237,,"dsDNA viruses, no RNA stage",1,0,2,356,362
SRR8627701,28883,order,Caudovirales,1,0,3,356,361
SRR8627701,10699,family,Siphoviridae,1,0,4,356,360
SRR8627701,1982251,genus,Pa6virus,1,0,5,356,359
SRR8627701,1982304,species,Propionibacterium virus Procrass1,1,0,6,356,358
SRR8627701,1655019,,Propionibacterium phage Procrass1,1,1,7,356,356
SRR8627702,10239,superkingdom,Viruses,715,0,1,422,471
SRR8627702,439488,,ssRNA viruses,693,0,2,422,443
SRR8627702,35278,,"ssRNA positive-strand viruses, no DNA stage",693,0,3,422,442
SRR8627702,464095,order,Picornavirales,618,0,4,422,427
SRR8627702,675072,family,Secoviridae,618,0,5,422,426
SRR8627702,675075,subfamily,Comovirinae,618,0,6,422,425
SRR8627702,12269,genus,Fabavirus,618,0,7,422,424
SRR8627702,76875,species,Broad bean wilt virus 2,618,618,8,422,422
SRR8627702,675063,order,Tymovirales,69,0,4,427,438
SRR8627702,675064,family,Alphaflexiviridae,46,0,5,427,433
SRR8627702,249199,genus,Mandarivirus,25,0,6,427,429
SRR8627702,1214459,species,Citrus yellow vein clearing virus,25,25,7,427,427
SRR8627702,12176,genus,Potexvirus,21,0,6,429,432
SRR8627702,112227,species,Cactus virus X,11,11,7,429,429
SRR8627702,12178,species,Cymbidium mosaic virus,10,10,7,430,430
SRR8627702,675068,family,Betaflexiviridae,23,0,5,433,437
SRR8627702,1914297,subfamily,Quinvirinae,23,0,6,433,436
SRR8627702,12163,genus,Carlavirus,23,0,7,433,435
SRR8627702,1046402,species,Potato virus H,23,23,8,433,433
SRR8627702,39729,family,Potyviridae,6,0,4,438,441
SRR8627702,12195,genus,Potyvirus,6,0,5,438,440
SRR8627702,79917,species,Japanese yam mosaic virus,6,6,6,438,438
SRR8627702,35237,,"dsDNA viruses, no RNA stage",17,0,2,443,460
SRR8627702,28883,order,Caudovirales,15,0,3,443,454
SRR8627702,10662,family,Myoviridae,11,3,4,443,448
SRR8627702,1198136,subfamily,Tevenvirinae,8,5,5,443,447
SRR8627702,1985325,genus,Jd18virus,3,0,6,443,446
SRR8627702,2267885,,unclassified Jd18virus,3,0,7,443,445
SRR8627702,1852625,species,Klebsiella phage vB_KpnM_KpV477,3,3,8,443,443
SRR8627702,10744,family,Podoviridae,4,0,4,448,453
SRR8627702,542835,subfamily,Autographivirinae,4,0,5,448,452
SRR8627702,110456,genus,T7virus,4,0,6,448,451
SRR8627702,1985738,species,Escherichia virus T7,4,0,7,448,450
SRR8627702,10760,,Enterobacteria phage T7,4,4,8,448,448
SRR8627702,548681,order,Herpesvirales,2,0,3,454,459
SRR8627702,10292,family,Herpesviridae,2,0,4,454,458
SRR8627702,10357,subfamily,Betaherpesvirinae,2,0,5,454,457
SRR8627702,10358,genus,Cytomegalovirus,2,0,6,454,456
SRR8627702,10359,species,Human betaherpesvirus 5,2,2,7,454,454
SRR8627702,29258,,ssDNA viruses,5,0,2,460,470
SRR8627702,10841,family,Microviridae,5,0,3,460,469
SRR8627702,1910950,subfamily,Bullavirinae,5,0,4,460,468
SRR8627702,1910954,genus,Phix174microvirus,4,0,5,460,464
SRR8627702,1910975,,unclassified Phix174microvirus,4,0,6,460,463
SRR8627702,374840,species,Enterobacteria phage phiX174 sensu lato,4,0,7,460,462
SRR8627702,10844,,Enterobacteria phage S13,4,4,8,460,460
SRR8627702,1910951,genus,Alpha3microvirus,1,0,5,464,467
SRR8627702,1910962,,unclassified Alpha3microvirus,1,0,6,464,466
SRR8627702,489828,species,Enterobacteria phage WA13 sensu lato,1,1,7,464,464
SRR8627703,10239,superkingdom,Viruses,3674325,0,1,0,25
SRR8627703,439488,,ssRNA viruses,3674291,0,2,0,14
SRR8627703,35278,,"ssRNA positive-strand viruses, no DNA stage",3674291,0,3,0,13
SRR8627703,464095,order,Picornavirales,3674271,0,4,0,8
SRR8627703,675072,family,Secoviridae,3674271,0,5,0,7
SRR8627703,675075,subfamily,Comovirinae,3674267,0,6,0,4
SRR8627703,12269,genus,Fabavirus,3674267,0,7,0,3
SRR8627703,76875,species,Broad bean wilt virus 2,3674267,3673943,8,0,2
SRR8627703,73149,,Patchouli mild mosaic virus,324,324,9,0,0
SRR8627703,12057,genus,Sequivirus,4,0,6,4,6
SRR8627703,12777,species,Parsnip yellow fleck virus,4,4,7,4,4
SRR8627703,675063,order,Tymovirales,20,0,4,8,12
SRR8627703,675064,family,Alphaflexiviridae,20,0,5,8,11
SRR8627703,249199,genus,Mandarivirus,20,0,6,8,10
SRR8627703,1214459,species,Citrus yellow vein clearing virus,20,20,7,8,8
SRR8627703,29258,,ssDNA viruses,34,0,2,14,24
SRR8627703,10841,family,Microviridae,34,0,3,14,23
SRR8627703,1910950,subfamily,Bullavirinae,34,0,4,14,22
SRR8627703,1910954,genus,Phix174microvirus,33,0,5,14,18
SRR8627703,1910975,,unclassified Phix174microvirus,33,0,6,14,17
SRR8627703,374840,species,Enterobacteria phage phiX174 sensu lato,33,6,7,14,16
SRR8627703,10844,,Enterobacteria phage S13,27,27,8,14,14
SRR8627703,1910951,genus,Alpha3microvirus,1,0,5,18,21
SRR8627703,1910962,,unclassified Alpha3microvirus,1,0,6,18,20
SRR8627703,489828,species,Enterobacteria phage WA13 sensu lato,1,1,7,18,18
SRR8627703,2706,genus,Citrus,4076,4076,20,25,25
SRR8627704,10239,superkingdom,Viruses,836435,0,1,359,390
SRR8627704,439488,,ssRNA viruses,836409,0,2,359,373
SRR8627704,35278,,"ssRNA positive-strand viruses, no DNA stage",836409,0,3,359,372
SRR8627704,464095,order,Picornavirales,836354,0,4,359,364
SRR8627704,675072,family,Secoviridae,836354,0,5,359,363
SRR8627704,675075,subfamily,Comovirinae,836354,0,6,359,362
SRR8627704,12269,genus,Fabavirus,836354,0,7,359,361
SRR8627704,76875,species,Broad bean wilt virus 2,836354,836354,8,359,359
SRR8627704,675071,family,Virgaviridae,39,0,4,364,367
SRR8627704,12234,genus,Tobamovirus,39,20,5,364,366
SRR8627704,12253,species,Tomato mosaic virus,19,19,6,364,364
SRR8627704,675063,order,Tymovirales,16,0,4,367,371
SRR8627704,675064,family,Alphaflexiviridae,16,0,5,367,370
SRR8627704,249199,genus,Mandarivirus,16,0,6,367,369
SRR8627704,1214459,species,Citrus yellow vein clearing virus,16,16,7,367,367
SRR8627704,29258,,ssDNA viruses,25,0,2,373,383
SRR8627704,10841,family,Microviridae,25,0,3,373,382
SRR8627704,1910950,subfamily,Bullavirinae,25,0,4,373,381
SRR8627704,1910954,genus,Phix174microvirus,24,0,5,373,377
SRR8627704,1910975,,unclassified Phix174microvirus,24,0,6,373,376
SRR8627704,374840,species,Enterobacteria phage phiX174 sensu lato,24,0,7,373,375
SRR8627704,10844,,Enterobacteria phage S13,24,24,8,373,373
SRR8627704,1910951,genus,Alpha3microvirus,1,0,5,377,380
SRR8627704,1910962,,unclassified Alpha3microvirus,1,0,6,377,379
SRR8627704,489828,species,Enterobacteria phage WA13 sensu lato,1,1,7,377,377
SRR8627704,35237,,"dsDNA viruses, no RNA stage",1,0,2,383,389
SRR8627704,548681,order,Herpesvirales,1,0,3,383,388
SRR8627704,10292,family,Herpesviridae,1,0,4,383,387
SRR8627704,10357,subfamily,Betaherpesvirinae,1,0,5,383,386
SRR8627704,10358,genus,Cytomegalovirus,1,0,6,383,385
SRR8627704,10359,species,Human betaherpesvirus 5,1,1,7,383,383
SRR8627705,10239,superkingdom,Viruses,1697185,0,1,0,36
SRR8627705,439488,,ssRNA viruses,1697159,0,2,0,13
SRR8627705,35278,,"ssRNA positive-strand viruses, no DNA stage",1697159,0,3,0,12
SRR8627705,464095,order,Picornavirales,1697134,0,4,0,5
SRR8627705,675072,family,Secoviridae,1697134,0,5,0,4
SRR8627705,675075,subfamily,Comovirinae,1697134,0,6,0,3
SRR8627705,12269,genus,Fabavirus,1697134,0,7,0,2
SRR8627705,76875,species,Broad bean wilt virus 2,1697134,1697134,8,0,0
SRR8627705,675063,order,Tymovirales,25,0,4,5,11
SRR8627705,675064,family,Alphaflexiviridae,25,0,5,5,10
SRR8627705,249199,genus,Mandarivirus,23,0,6,5,7
SRR8627705,1214459,species,Citrus yellow vein clearing virus,23,23,7,5,5
SRR8627705,12176,genus,Potexvirus,2,0,6,7,9
SRR8627705,112227,species,Cactus virus X,2,2,7,7,7
SRR8627705,29258,,ssDNA viruses,23,0,2,13,23
SRR8627705,10841,family,Microviridae,23,0,3,13,22
SRR8627705,1910950,subfamily,Bullavirinae,23,0,4,13,21
SRR8627705,1910954,genus,Phix174microvirus,22,0,5,13,17
SRR8627705,1910975,,unclassified Phix174microvirus,22,0,6,13,16
SRR8627705,374840,species,Enterobacteria phage phiX174 sensu lato,22,1,7,13,15
SRR8627705,10844,,Enterobacteria phage S13,21,21,8,13,13
SRR8627705,1910951,genus,Alpha3microvirus,1,0,5,17,20
SRR8627705,1910962,,unclassified Alpha3microvirus,1,0,6,17,19
SRR8627705,489828,species,Enterobacteria phage WA13 sensu lato,1,1,7,17,17
SRR8627705,2169561,order,Ortervirales,1,0,2,23,27
SRR8627705,11632,family,Retroviridae,1,0,3,23,26
SRR8627705,327045,subfamily,Orthoretrovirinae,1,0,4,23,25
SRR8627705,153135,genus,Gammaretrovirus,1,1,5,23,23
SRR8627705,1922347,,unclassified RNA viruses,1,0,2,27,30
SRR8627705,1922348,,unclassified RNA viruses ShiM-2016,1,0,3,27,29
SRR8627705,1923137,species,Hubei picorna-like virus 55,1,1,4,27,27
SRR8627705,35237,,"dsDNA viruses, no RNA stage",1,0,2,30,35
SRR8627705,28883,order,Caudovirales,1,0,3,30,34
SRR8627705,10699,family,Siphoviridae,1,0,4,30,33
SRR8627705,196894,,unclassified Siphoviridae,1,0,5,30,32
SRR8627705,1732064,species,Staphylococcus phage StB20-like,1,1,6,30,30
SRR8627705,2706,genus,Citrus,11956,11956,20,36,36
SRR8627706,10239,superkingdom,Viruses,2180389,0,1,0,33
SRR8627706,439488,,ssRNA viruses,2180357,0,2,0,13
SRR8627706,35278,,"ssRNA positive-strand viruses, no DNA stage",2180357,0,3,0,12
SRR8627706,464095,order,Picornavirales,2180311,0,4,0,5
SRR8627706,675072,family,Secoviridae,2180311,1,5,0,4
SRR8627706,675075,subfamily,Comovirinae,2180310,0,6,0,3
SRR8627706,12269,genus,Fabavirus,2180310,0,7,0,2
SRR8627706,76875,species,Broad bean wilt virus 2,2180310,2180310,8,0,0
SRR8627706,675063,order,Tymovirales,46,0,4,5,11
SRR8627706,675064,family,Alphaflexiviridae,46,0,5,5,10
SRR8627706,12176,genus,Potexvirus,26,0,6,5,7
SRR8627706,12178,species,Cymbidium mosaic virus,26,26,7,5,5
SRR8627706,249199,genus,Mandarivirus,20,0,6,7,9
SRR8627706,1214459,species,Citrus yellow vein clearing virus,20,20,7,7,7
SRR8627706,29258,,ssDNA viruses,24,0,2,13,20
SRR8627706,10841,family,Microviridae,24,0,3,13,19
SRR8627706,1910950,subfamily,Bullavirinae,24,0,4,13,18
SRR8627706,1910954,genus,Phix174microvirus,24,0,5,13,17
SRR8627706,1910975,,unclassified Phix174microvirus,24,0,6,13,16
SRR8627706,374840,species,Enterobacteria phage phiX174 sensu lato,24,7,7,13,15
SRR8627706,10844,,Enterobacteria phage S13,17,17,8,13,13
SRR8627706,35237,,"dsDNA viruses, no RNA stage",7,0,2,20,29
SRR8627706,28883,order,Caudovirales,6,0,3,20,23
SRR8627706,10699,family,Siphoviridae,6,3,4,20,22
SRR8627706,1982251,genus,Pa6virus,3,3,5,20,20
SRR8627706,548681,order,Herpesvirales,1,0,3,23,28
SRR8627706,10292,family,Herpesviridae,1,0,4,23,27
SRR8627706,10357,subfamily,Betaherpesvirinae,1,0,5,23,26
SRR8627706,10358,genus,Cytomegalovirus,1,0,6,23,25
SRR8627706,50292,species,Cercopithecine betaherpesvirus 5,1,1,7,23,23
SRR8627706,35325,,dsRNA viruses,1,0,2,29,32
SRR8627706,39780,,unclassified dsRNA viruses,1,0,3,29,31
SRR8627706,194397,species,Fusarium graminearum dsRNA mycovirus-1,1,1,4,29,29
SRR8627706,3700,family,Brassicaceae,15080,15080,18,33,33
SRR8627707,10239,superkingdom,Viruses,4772686,0,1,0,30
SRR8627707,439488,,ssRNA viruses,4772664,0,2,0,19
SRR8627707,35278,,"ssRNA positive-strand viruses, no DNA stage",4772664,1,3,0,18
SRR8627707,464095,order,Picornavirales,4772368,0,4,0,8
SRR8627707,675072,family,Secoviridae,4772368,0,5,0,7
SRR8627707,675075,subfamily,Comovirinae,4772367,0,6,0,4
SRR8627707,12269,genus,Fabavirus,4772367,0,7,0,3
SRR8627707,76875,species,Broad bean wilt virus 2,4772367,4237548,8,0,2
SRR8627707,73149,,Patchouli mild mosaic virus,534819,534819,9,0,0
SRR8627707,12057,genus,Sequivirus,1,0,6,4,6
SRR8627707,12777,species,Parsnip yellow fleck virus,1,1,7,4,4
SRR8627707,39729,family,Potyviridae,276,0,4,8,13
SRR8627707,156208,genus,Macluravirus,274,0,5,8,10
SRR8627707,128818,species,Chinese yam necrotic mosaic virus,274,274,6,8,8
SRR8627707,12195,genus,Potyvirus,2,0,5,10,12
SRR8627707,79917,species,Japanese yam mosaic virus,2,2,6,10,10
SRR8627707,675063,order,Tymovirales,19,0,4,13,17
SRR8627707,675064,family,Alphaflexiviridae,19,0,5,13,16
SRR8627707,249199,genus,Mandarivirus,19,0,6,13,15
SRR8627707,1214459,species,Citrus yellow vein clearing virus,19,19,7,13,13
SRR8627707,29258,,ssDNA viruses,22,0,2,19,29
SRR8627707,10841,family,Microviridae,22,0,3,19,28
SRR8627707,1910950,subfamily,Bullavirinae,22,0,4,19,27
SRR8627707,1910954,genus,Phix174microvirus,20,0,5,19,23
SRR8627707,1910975,,unclassified Phix174microvirus,20,0,6,19,22
SRR8627707,374840,species,Enterobacteria phage phiX174 sensu lato,20,2,7,19,21
SRR8627707,10844,,Enterobacteria phage S13,18,18,8,19,19
SRR8627707,1910951,genus,Alpha3microvirus,2,0,5,23,26
SRR8627707,1910962,,unclassified Alpha3microvirus,2,0,6,23,25
SRR8627707,489828,species,Enterobacteria phage WA13 sensu lato,2,2,7,23,23
SRR8627707,2706,genus,Citrus,4243,4243,20,30,30
SRR8627708,10239,superkingdom,Viruses,3822626,0,1,0,36
SRR8627708,439488,,ssRNA viruses,3812954,0,2,0,19
SRR8627708,35278,,"ssRNA positive-strand viruses, no DNA stage",3812954,0,3,0,18
SRR8627708,464095,order,Picornavirales,3812918,0,4,0,8
SRR8627708,675072,family,Secoviridae,3812918,0,5,0,7
SRR8627708,675075,subfamily,Comovirinae,3812917,0,6,0,4
SRR8627708,12269,genus,Fabavirus,3812917,0,7,0,3
SRR8627708,76875,species,Broad bean wilt virus 2,3812917,3370483,8,0,2
SRR8627708,73149,,Patchouli mild mosaic virus,442434,442434,9,0,0
SRR8627708,12057,genus,Sequivirus,1,0,6,4,6
SRR8627708,12777,species,Parsnip yellow fleck virus,1,1,7,4,4
SRR8627708,675063,order,Tymovirales,33,0,4,8,14
SRR8627708,675064,family,Alphaflexiviridae,33,0,5,8,13
SRR8627708,249199,genus,Mandarivirus,21,0,6,8,10
SRR8627708,1214459,species,Citrus yellow vein clearing virus,21,21,7,8,8
SRR8627708,12176,genus,Potexvirus,12,0,6,10,12
SRR8627708,12178,species,Cymbidium mosaic virus,12,12,7,10,10
SRR8627708,39729,family,Potyviridae,3,0,4,14,17
SRR8627708,12195,genus,Potyvirus,3,0,5,14,16
SRR8627708,79917,species,Japanese yam mosaic virus,3,3,6,14,14
SRR8627708,1922347,,unclassified RNA viruses,9646,0,2,19,22
SRR8627708,1922348,,unclassified RNA viruses ShiM-2016,9646,2,3,19,21
SRR8627708,1923137,species,Hubei picorna-like virus 55,9644,9644,4,19,19
SRR8627708,29258,,ssDNA viruses,23,0,2,22,29
SRR8627708,10841,family,Microviridae,23,0,3,22,28
SRR8627708,1910950,subfamily,Bullavirinae,23,0,4,22,27
SRR8627708,1910954,genus,Phix174microvirus,23,1,5,22,26
SRR8627708,1910975,,unclassified Phix174microvirus,22,0,6,22,25
SRR8627708,374840,species,Enterobacteria phage phiX174 sensu lato,22,1,7,22,24
SRR8627708,10844,,Enterobacteria phage S13,21,21,8,22,22
SRR8627708,35237,,"dsDNA viruses, no RNA stage",3,0,2,29,35
SRR8627708,28883,order,Caudovirales,3,0,3,29,34
SRR8627708,10699,family,Siphoviridae,3,2,4,29,33
SRR8627708,2169655,genus,Pfr1virus,1,0,5,29,32
SRR8627708,2340861,,unclassified Pfr1virus,1,0,6,29,31
SRR8627708,1838138,species,Propionibacterium phage PFR2,1,1,7,29,29
SRR8627708,3705,genus,Brassica,7711,7711,20,36,36
SRR8627709,10239,superkingdom,Viruses,3625416,0,1,0,26
SRR8627709,439488,,ssRNA viruses,3625386,0,2,0,12
SRR8627709,35278,,"ssRNA positive-strand viruses, no DNA stage",3625386,0,3,0,11
SRR8627709,464095,order,Picornavirales,3625372,0,4,0,6
SRR8627709,675072,family,Secoviridae,3625372,0,5,0,5
SRR8627709,675075,subfamily,Comovirinae,3625372,0,6,0,4
SRR8627709,12269,genus,Fabavirus,3625372,0,7,0,3
SRR8627709,76875,species,Broad bean wilt virus 2,3625372,3624995,8,0,2
SRR8627709,73149,,Patchouli mild mosaic virus,377,377,9,0,0
SRR8627709,675063,order,Tymovirales,14,0,4,6,10
SRR8627709,675064,family,Alphaflexiviridae,14,0,5,6,9
SRR8627709,249199,genus,Mandarivirus,14,0,6,6,8
SRR8627709,1214459,species,Citrus yellow vein clearing virus,14,14,7,6,6
SRR8627709,29258,,ssDNA viruses,29,0,2,12,22
SRR8627709,10841,family,Microviridae,29,0,3,12,21
SRR8627709,1910950,subfamily,Bullavirinae,29,0,4,12,20
SRR8627709,1910954,genus,Phix174microvirus,27,0,5,12,16
SRR8627709,1910975,,unclassified Phix174microvirus,27,0,6,12,15
SRR8627709,374840,species,Enterobacteria phage phiX174 sensu lato,27,3,7,12,14
SRR8627709,10844,,Enterobacteria phage S13,24,24,8,12,12
SRR8627709,1910951,genus,Alpha3microvirus,2,0,5,16,19
SRR8627709,1910962,,unclassified Alpha3microvirus,2,0,6,16,18
SRR8627709,489828,species,Enterobacteria phage WA13 sensu lato,2,2,7,16,16
SRR8627709,1922347,,unclassified RNA viruses,1,0,2,22,25
SRR8627709,1922348,,unclassified RNA viruses ShiM-2016,1,0,3,22,24
SRR8627709,1923137,species,Hubei picorna-like virus 55,1,1,4,22,22
SRR8627709,2706,genus,Citrus,3279,3279,20,26,26
SRR8627710,10239,superkingdom,Viruses,3240933,0,1,0,30
SRR8627710,439488,,ssRNA viruses,3240911,0,2,0,17
SRR8627710,35278,,"ssRNA positive-strand viruses, no DNA stage",3240911,0,3,0,16
SRR8627710,464095,order,Picornavirales,3240883,0,4,0,8
SRR8627710,675072,family,Secoviridae,3240883,0,5,0,7
SRR8627710,675075,subfamily,Comovirinae,3240882,0,6,0,4
SRR8627710,12269,genus,Fabavirus,3240882,0,7,0,3
SRR8627710,76875,species,Broad bean wilt virus 2,3240882,3240568,8,0,2
SRR8627710,73149,,Patchouli mild mosaic virus,314,314,9,0,0
SRR8627710,12057,genus,Sequivirus,1,0,6,4,6
SRR8627710,12777,species,Parsnip yellow fleck virus,1,1,7,4,4
SRR8627710,675063,order,Tymovirales,21,0,4,8,12
SRR8627710,675064,family,Alphaflexiviridae,21,0,5,8,11
SRR8627710,249199,genus,Mandarivirus,21,0,6,8,10
SRR8627710,1214459,species,Citrus yellow vein clearing virus,21,21,7,8,8
SRR8627710,39729,family,Potyviridae,7,0,4,12,15
SRR8627710,12195,genus,Potyvirus,7,0,5,12,14
SRR8627710,79917,species,Japanese yam mosaic virus,7,7,6,12,12
SRR8627710,29258,,ssDNA viruses,21,0,2,17,24
SRR8627710,10841,family,Microviridae,21,0,3,17,23
SRR8627710,1910950,subfamily,Bullavirinae,21,0,4,17,22
SRR8627710,1910954,genus,Phix174microvirus,21,0,5,17,21
SRR8627710,1910975,,unclassified Phix174microvirus,21,0,6,17,20
SRR8627710,374840,species,Enterobacteria phage phiX174 sensu lato,21,2,7,17,19
SRR8627710,10844,,Enterobacteria phage S13,19,19,8,17,17
SRR8627710,35237,,"dsDNA viruses, no RNA stage",1,0,2,24,29
SRR8627710,10442,family,Baculoviridae,1,0,3,24,28
SRR8627710,558016,genus,Alphabaculovirus,1,0,4,24,27
SRR8627710,307456,species,Autographa californica multiple nucleopolyhedrovirus,1,0,5,24,26
SRR8627710,46015,,Autographa californica nucleopolyhedrovirus,1,1,6,24,24
SRR8627710,3700,family,Brassicaceae,5805,5805,18,30,30
SRR8627711,10239,superkingdom,Viruses,4984,0,1,289,315
SRR8627711,439488,,ssRNA viruses,4975,0,2,289,303
SRR8627711,35278,,"ssRNA positive-strand viruses, no DNA stage",4975,0,3,289,302
SRR8627711,464095,order,Picornavirales,4302,0,4,289,294
SRR8627711,675072,family,Secoviridae,4302,0,5,289,293
SRR8627711,675075,subfamily,Comovirinae,4302,0,6,289,292
SRR8627711,12269,genus,Fabavirus,4302,0,7,289,291
SRR8627711,76875,species,Broad bean wilt virus 2,4302,4302,8,289,289
SRR8627711,39729,family,Potyviridae,671,0,4,294,297
SRR8627711,156208,genus,Macluravirus,671,0,5,294,296
SRR8627711,128818,species,Chinese yam necrotic mosaic virus,671,671,6,294,294
SRR8627711,675063,order,Tymovirales,2,0,4,297,301
SRR8627711,675064,family,Alphaflexiviridae,2,0,5,297,300
SRR8627711,249199,genus,Mandarivirus,2,0,6,297,299
SRR8627711,1214459,species,Citrus yellow vein clearing virus,2,2,7,297,297
SRR8627711,35237,,"dsDNA viruses, no RNA stage",7,0,2,303,307
SRR8627711,28883,order,Caudovirales,7,0,3,303,306
SRR8627711,10662,family,Myoviridae,5,5,4,303,303
SRR8627711,10699,family,Siphoviridae,2,2,4,304,304
SRR8627711,29258,,ssDNA viruses,2,0,2,307,314
SRR8627711,10841,family,Microviridae,2,0,3,307,313
SRR8627711,1910950,subfamily,Bullavirinae,2,0,4,307,312
SRR8627711,1910954,genus,Phix174microvirus,2,0,5,307,311
SRR8627711,1910975,,unclassified Phix174microvirus,2,0,6,307,310
SRR8627711,374840,species,Enterobacteria phage phiX174 sensu lato,2,0,7,307,309
SRR8627711,10844,,Enterobacteria phage S13,2,2,8,307,307
SRR8627712,10239,superkingdom,Viruses,4424963,0,1,0,36
SRR8627712,439488,,ssRNA viruses,4424929,0,2,0,15
SRR8627712,35278,,"ssRNA positive-strand viruses, no DNA stage",4424929,0,3,0,14
SRR8627712,464095,order,Picornavirales,4424905,0,4,0,6
SRR8627712,675072,family,Secoviridae,4424905,0,5,0,5
SRR8627712,675075,subfamily,Comovirinae,4424905,0,6,0,4
SRR8627712,12269,genus,Fabavirus,4424905,0,7,0,3
SRR8627712,76875,species,Broad bean wilt virus 2,4424905,3936587,8,0,2
SRR8627712,73149,,Patchouli mild mosaic virus,488318,488318,9,0,0
SRR8627712,675063,order,Tymovirales,21,0,4,6,10
SRR8627712,675064,family,Alphaflexiviridae,21,0,5,6,9
SRR8627712,249199,genus,Mandarivirus,21,0,6,6,8
SRR8627712,1214459,species,Citrus yellow vein clearing virus,21,21,7,6,6
SRR8627712,39729,family,Potyviridae,3,0,4,10,13
SRR8627712,12195,genus,Potyvirus,3,0,5,10,12
SRR8627712,79917,species,Japanese yam mosaic virus,3,3,6,10,10
SRR8627712,29258,,ssDNA viruses,25,0,2,15,22
SRR8627712,10841,family,Microviridae,25,0,3,15,21
SRR8627712,1910950,subfamily,Bullavirinae,25,0,4,15,20
SRR8627712,1910954,genus,Phix174microvirus,25,2,5,15,19
SRR8627712,1910975,,unclassified Phix174microvirus,23,0,6,15,18
SRR8627712,374840,species,Enterobacteria phage phiX174 sensu lato,23,2,7,15,17
SRR8627712,10844,,Enterobacteria phage S13,21,21,8,15,15
SRR8627712,35237,,"dsDNA viruses, no RNA stage",9,0,2,22,35
SRR8627712,28883,order,Caudovirales,9,0,3,22,34
SRR8627712,10699,family,Siphoviridae,5,0,4,22,26
SRR8627712,1982251,genus,Pa6virus,5,1,5,22,25
SRR8627712,1982287,species,Propionibacterium virus PHL114L00,4,0,6,22,24
SRR8627712,1235656,,Propionibacterium phage PHL114L00,4,4,7,22,22
SRR8627712,10662,family,Myoviridae,4,0,4,26,33
SRR8627712,196896,,unclassified Myoviridae,2,0,5,26,28
SRR8627712,1608310,species,Edwardsiella phage PEi20,2,2,6,26,26
SRR8627712,1198136,subfamily,Tevenvirinae,2,0,5,28,32
SRR8627712,1985328,genus,Kp15virus,2,0,6,28,31
SRR8627712,1985337,species,Klebsiella virus KP15,2,0,7,28,30
SRR8627712,707757,,Klebsiella phage KP15,2,2,8,28,28
SRR8627712,981071,tribe,Brassiceae,853,853,19,36,36
SRR8819980,10239,superkingdom,Viruses,1037,0,1,380,399
SRR8819980,2559587,,Riboviria,1033,0,2,380,394
SRR8819980,675063,order,Tymovirales,941,0,3,380,386
SRR8819980,675068,family,Betaflexiviridae,941,0,4,380,385
SRR8819980,1914297,subfamily,Quinvirinae,941,0,5,380,384
SRR8819980,12163,genus,Carlavirus,941,0,6,380,383
SRR8819980,1046402,species,Potato virus H,902,902,7,380,380
SRR8819980,12169,species,Potato virus S,39,39,7,381,381
SRR8819980,39740,family,Bromoviridae,46,0,3,386,389
SRR8819980,12316,genus,Ilarvirus,46,15,4,386,388
SRR8819980,37733,species,Prunus necrotic ringspot virus,31,31,5,386,386
SRR8819980,39729,family,Potyviridae,46,0,3,389,393
SRR8819980,12195,genus,Potyvirus,46,0,4,389,392
SRR8819980,12216,species,Potato virus Y,41,41,5,389,389
SRR8819980,12205,species,Papaya ringspot virus,5,5,5,390,390
SRR8819980,2169561,order,Ortervirales,4,0,2,394,398
SRR8819980,11632,family,Retroviridae,4,0,3,394,397
SRR8819980,327045,subfamily,Orthoretrovirinae,4,0,4,394,396
SRR8819980,153135,genus,Gammaretrovirus,4,4,5,394,394
SRR8819982,10239,superkingdom,Viruses,6,0,1,238,245
SRR8819982,2169561,order,Ortervirales,5,0,2,238,242
SRR8819982,11632,family,Retroviridae,5,0,3,238,241
SRR8819982,327045,subfamily,Orthoretrovirinae,5,0,4,238,240
SRR8819982,153135,genus,Gammaretrovirus,5,5,5,238,238
SRR8819982,28883,order,Caudovirales,1,0,2,242,244
SRR8819982,10699,family,Siphoviridae,1,1,3,242,242
SRR8819987,10239,superkingdom,Viruses,972,0,1,229,259
SRR8819987,2559587,,Riboviria,962,0,2,229,246
SRR8819987,675063,order,Tymovirales,876,0,3,229,235
SRR8819987,675068,family,Betaflexiviridae,876,0,4,229,234
SRR8819987,1914297,subfamily,Quinvirinae,876,0,5,229,233
SRR8819987,12163,genus,Carlavirus,876,0,6,229,232
SRR8819987,1046402,species,Potato virus H,842,842,7,229,229
SRR8819987,12169,species,Potato virus S,34,34,7,230,230
SRR8819987,39729,family,Potyviridae,50,0,3,235,239
SRR8819987,12195,genus,Potyvirus,50,0,4,235,238
SRR8819987,12216,species,Potato virus Y,45,45,5,235,235
SRR8819987,12205,species,Papaya ringspot virus,5,5,5,236,236
SRR8819987,39740,family,Bromoviridae,31,0,3,239,242
SRR8819987,12316,genus,Ilarvirus,31,8,4,239,241
SRR8819987,37733,species,Prunus necrotic ringspot virus,23,23,5,239,239
SRR8819987,119163,family,Luteoviridae,5,0,3,242,245
SRR8819987,94699,,unclassified Luteoviridae,5,0,4,242,244
SRR8819987,2006498,species,Peach associated luteovirus,5,5,5,242,242
SRR8819987,2169561,order,Ortervirales,9,0,2,246,254
SRR8819987,11632,family,Retroviridae,9,0,3,246,253
SRR8819987,327045,subfamily,Orthoretrovirinae,9,0,4,246,252
SRR8819987,153135,genus,Gammaretrovirus,9,3,5,246,251
SRR8819987,353769,,unclassified Gammaretrovirus,5,0,6,246,249
SRR8819987,590745,species,Mus musculus mobilized endogenous polytropic provirus,4,4,7,246,246
SRR8819987,11788,species,Abelson murine leukemia virus,1,1,7,247,247
SRR8819987,11786,species,Murine leukemia virus,1,1,6,249,249
SRR8819987,10240,family,Poxviridae,1,0,2,254,258
SRR8819987,10241,subfamily,Chordopoxvirinae,1,0,3,254,257
SRR8819987,10242,genus,Orthopoxvirus,1,0,4,254,256
SRR8819987,10245,species,Vaccinia virus,1,1,5,254,254
SRR8819992,10239,superkingdom,Viruses,16,0,1,393,406
SRR8819992,2559587,,Riboviria,15,0,2,393,401
SRR8819992,39729,family,Potyviridae,13,0,3,393,396
SRR8819992,12195,genus,Potyvirus,13,0,4,393,395
SRR8819992,12205,species,Papaya ringspot virus,13,13,5,393,393
SRR8819992,675063,order,Tymovirales,2,0,3,396,400
SRR8819992,675061,family,Gammaflexiviridae,2,0,4,396,399
SRR8819992,675062,genus,Mycoflexivirus,2,0,5,396,398
SRR8819992,129395,species,Botrytis virus F,2,2,6,396,396
SRR8819992,2169561,order,Ortervirales,1,0,2,401,405
SRR8819992,11632,family,Retroviridae,1,0,3,401,404
SRR8819992,327045,subfamily,Orthoretrovirinae,1,0,4,401,403
SRR8819992,153135,genus,Gammaretrovirus,1,1,5,401,401
SRR8942833,10239,superkingdom,Viruses,2,0,1,303,309
SRR8942833,28883,order,Caudovirales,2,0,2,303,308
SRR8942833,10699,family,Siphoviridae,2,1,3,303,307
SRR8942833,1982251,genus,Pahexavirus,1,0,4,303,306
SRR8942833,2079398,,unclassified Pahexavirus,1,0,5,303,305
SRR8942833,1654740,species,Propionibacterium phage BruceLethal,1,1,6,303,303
SRR8942834,10239,superkingdom,Viruses,17,0,1,216,227
SRR8942834,10508,family,Adenoviridae,9,0,2,216,219
SRR8942834,10509,genus,Mastadenovirus,9,0,3,216,218
SRR8942834,129951,species,Human mastadenovirus C,9,9,4,216,216
SRR8942834,10442,family,Baculoviridae,5,0,2,219,221
SRR8942834,558016,genus,Alphabaculovirus,5,5,3,219,219
SRR8942834,28883,order,Caudovirales,3,0,2,221,226
SRR8942834,10699,family,Siphoviridae,3,0,3,221,225
SRR8942834,186765,genus,Lambdavirus,2,0,4,221,223
SRR8942834,335795,,unclassified Lambdavirus,2,2,5,221,221
SRR8942834,1982251,genus,Pahexavirus,1,1,4,223,223
SRR8942835,10239,superkingdom,Viruses,2,0,1,169,173
SRR8942835,10508,family,Adenoviridae,2,0,2,169,172
SRR8942835,10509,genus,Mastadenovirus,2,0,3,169,171
SRR8942835,129951,species,Human mastadenovirus C,2,2,4,169,169
SRR8942836,10239,superkingdom,Viruses,4,0,1,166,172
SRR8942836,10508,family,Adenoviridae,2,0,2,166,169
SRR8942836,10509,genus,Mastadenovirus,2,0,3,166,168
SRR8942836,129951,species,Human mastadenovirus C,2,2,4,166,166
SRR8942836,10442,family,Baculoviridae,2,0,2,169,171
SRR8942836,558016,genus,Alphabaculovirus,2,2,3,169,169
SRR8942838,10239,superkingdom,Viruses,4,0,1,180,186
SRR8942838,10508,family,Adenoviridae,2,0,2,180,183
SRR8942838,10509,genus,Mastadenovirus,2,0,3,180,182
SRR8942838,129951,species,Human mastadenovirus C,2,2,4,180,180
SRR8942838,28883,order,Caudovirales,2,0,2,183,185
SRR8942838,10699,family,Siphoviridae,2,2,3,183,183
SRR8942839,10239,superkingdom,Viruses,2,0,1,173,180
SRR8942839,28883,order,Caudovirales,2,0,2,173,179
SRR8942839,10744,family,Podoviridae,1,0,3,173,177
SRR8942839,542835,subfamily,Autographivirinae,1,0,4,173,176
SRR8942839,110456,genus,Teseptimavirus,1,0,5,173,175
SRR8942839,329157,,unclassified Teseptimavirus,1,1,6,173,173
SRR8942839,10699,family,Siphoviridae,1,1,3,177,177
SRR9127739,10239,superkingdom,Viruses,31499,5,1,402,492
SRR9127739,2559587,,Riboviria,31454,0,2,402,445
SRR9127739,39729,family,Potyviridae,31332,0,3,402,406
SRR9127739,12195,genus,Potyvirus,31332,3,4,402,405
SRR9127739,87097,species,Yam mild mosaic virus,31327,31327,5,402,402
SRR9127739,433357,species,Bidens mottle virus,2,2,5,403,403
SRR9127739,11012,family,Partitiviridae,58,0,3,406,409
SRR9127739,37960,,unclassified Partitiviridae,58,0,4,406,408
SRR9127739,748427,species,Pittosporum cryptic virus-1,58,58,5,406,406
SRR9127739,2497569,phylum,Negarnaviricota,51,0,3,409,426
SRR9127739,2497571,subphylum,Polyploviricotina,51,0,4,409,425
SRR9127739,2497576,class,Ellioviricetes,49,0,5,409,418
SRR9127739,1980410,order,Bunyavirales,49,0,6,409,417
SRR9127739,1980415,family,Nairoviridae,29,0,7,409,412
SRR9127739,1980517,genus,Orthonairovirus,29,0,8,409,411
SRR9127739,1980519,species,Crimean-Congo hemorrhagic fever orthonairovirus,29,29,9,409,409
SRR9127739,1980416,family,Peribunyaviridae,20,0,7,412,416
SRR9127739,11572,genus,Orthobunyavirus,20,0,8,412,415
SRR9127739,1933179,species,Bunyamwera orthobunyavirus,20,0,9,412,414
SRR9127739,273357,,Ngari virus,20,20,10,412,412
SRR9127739,2497577,class,Insthoviricetes,2,0,5,418,424
SRR9127739,2499411,order,Articulavirales,2,0,6,418,423
SRR9127739,11308,family,Orthomyxoviridae,2,0,7,418,422
SRR9127739,197911,genus,Alphainfluenzavirus,2,0,8,418,421
SRR9127739,11320,species,Influenza A virus,2,1,9,418,420
SRR9127739,114727,,H1N1 subtype,1,1,10,418,418
SRR9127739,675063,order,Tymovirales,7,0,3,426,435
SRR9127739,675064,family,Alphaflexiviridae,6,0,4,426,431
SRR9127739,140568,genus,Allexivirus,5,0,5,426,428
SRR9127739,12433,species,Garlic virus A,5,5,6,426,426
SRR9127739,12176,genus,Potexvirus,1,0,5,428,430
SRR9127739,35286,species,Bamboo mosaic virus,1,1,6,428,428
SRR9127739,675061,family,Gammaflexiviridae,1,0,4,431,434
SRR9127739,675062,genus,Mycoflexivirus,1,0,5,431,433
SRR9127739,129395,species,Botrytis virus F,1,1,6,431,431
SRR9127739,186766,family,Narnaviridae,5,0,3,435,439
SRR9127739,186768,genus,Mitovirus,5,0,4,435,438
SRR9127739,343865,,unclassified Mitovirus,5,2,5,435,437
SRR9127739,1279100,species,Sclerotinia sclerotiorum mitovirus 4,3,3,6,435,435
SRR9127739,464095,order,Picornavirales,1,0,3,439,444
SRR9127739,675072,family,Secoviridae,1,0,4,439,443
SRR9127739,675075,subfamily,Comovirinae,1,0,5,439,442
SRR9127739,12269,genus,Fabavirus,1,0,6,439,441
SRR9127739,50817,species,Broad bean wilt virus 1,1,1,7,439,439
SRR9127739,549779,family,Mimiviridae,16,0,2,445,450
SRR9127739,985780,,unclassified Mimiviridae,16,0,3,445,449
SRR9127739,1977630,subfamily,Klosneuvirinae,16,0,4,445,448
SRR9127739,1977636,genus,Hokovirus,16,0,5,445,447
SRR9127739,1977638,species,Hokovirus HKV1,16,16,6,445,445
SRR9127739,548681,order,Herpesvirales,11,5,2,450,461
SRR9127739,10292,family,Herpesviridae,6,0,3,450,460
SRR9127739,10293,subfamily,Alphaherpesvirinae,4,1,4,450,455
SRR9127739,10294,genus,Simplexvirus,2,0,5,450,452
SRR9127739,10298,species,Human alphaherpesvirus 1,2,2,6,450,450
SRR9127739,180255,genus,Iltovirus,1,0,5,452,454
SRR9127739,10386,species,Gallid alphaherpesvirus 1,1,1,6,452,452
SRR9127739,10357,subfamily,Betaherpesvirinae,2,0,4,455,459
SRR9127739,10358,genus,Cytomegalovirus,2,0,5,455,458
SRR9127739,50292,species,Cercopithecine betaherpesvirus 5,2,0,6,455,457
SRR9127739,36452,,Stealth virus 1,2,2,7,455,455
SRR9127739,2169561,order,Ortervirales,5,0,2,461,471
SRR9127739,186534,family,Caulimoviridae,4,0,3,461,467
SRR9127739,10652,genus,Badnavirus,3,0,4,461,464
SRR9127739,325348,,unclassified Badnavirus,3,0,5,461,463
SRR9127739,52996,species,Dioscorea bacilliform virus,3,3,6,461,461
SRR9127739,187212,genus,Tungrovirus,1,0,4,464,466
SRR9127739,10654,species,Rice tungro bacilliform virus,1,1,5,464,464
SRR9127739,11632,family,Retroviridae,1,0,3,467,470
SRR9127739,327045,subfamily,Orthoretrovirinae,1,0,4,467,469
SRR9127739,11646,genus,Lentivirus,1,1,5,467,467
SRR9127739,28883,order,Caudovirales,3,0,2,471,478
SRR9127739,10699,family,Siphoviridae,3,0,3,471,477
SRR9127739,196894,,unclassified Siphoviridae,1,1,4,471,471
SRR9127739,1982251,genus,Pahexavirus,1,1,4,472,472
SRR9127739,2560250,genus,Vieuvirus,1,0,4,473,476
SRR9127739,2576462,,unclassified Vieuvirus,1,0,5,473,475
SRR9127739,1718842,species,Acinetobacter phage Ab105-3phi,1,1,6,473,473
SRR9127739,10811,family,Geminiviridae,1,0,2,478,480
SRR9127739,10812,genus,Mastrevirus,1,1,3,478,478
SRR9127739,151341,family,Polyomaviridae,1,0,2,480,483
SRR9127739,1891714,genus,Betapolyomavirus,1,0,3,480,482
SRR9127739,1891767,species,Macaca mulatta polyomavirus 1,1,1,4,480,480
SRR9127739,35237,,"dsDNA viruses, no RNA stage",1,1,2,483,483
SRR9127739,10442,family,Baculoviridae,1,0,2,484,487
SRR9127739,558017,genus,Betabaculovirus,1,0,3,484,486
SRR9127739,166056,species,Epinotia aporema granulovirus,1,1,4,484,484
SRR9127739,423358,family,Bicaudaviridae,1,0,2,487,491
SRR9127739,680194,genus,Bicaudavirus,1,0,3,487,490
SRR9127739,2528199,,unclassified Bicaudavirus,1,0,4,487,489
SRR9127739,1898549,species,Acidianus two-tailed virus 2,1,1,5,487,487
SRR9203062,10239,superkingdom,Viruses,445268,0,1,398,538
SRR9203062,2559587,,Riboviria,434047,1,2,398,476
SRR9203062,39729,family,Potyviridae,433100,5,3,398,427
SRR9203062,12195,genus,Potyvirus,433090,40164,4,398,424
SRR9203062,87097,species,Yam mild mosaic virus,226120,226120,5,398,398
SRR9203062,41460,species,Yam mosaic virus,145281,145281,5,399,399
SRR9203062,332470,,unclassified Potyvirus,21384,0,5,400,404
SRR9203062,317288,species,Yam potyvirus TGwadE2,21383,21383,6,400,400
SRR9203062,189820,species,Zantedeschia mosaic virus,1,0,6,401,403
SRR9203062,189819,,Japanese hornwort mosaic virus,1,1,7,401,401
SRR9203062,42004,species,Leek yellow stripe virus,28,28,5,404,404
SRR9203062,326202,species,Vanilla distortion mosaic virus,27,27,5,405,405
SRR9203062,32619,species,Sorghum mosaic virus,25,25,5,406,406
SRR9203062,79917,species,Japanese yam mosaic virus,11,11,5,407,407
SRR9203062,12202,species,Lettuce mosaic virus,9,9,5,408,408
SRR9203062,43240,species,Bean common mosaic necrosis virus,7,7,5,409,409
SRR9203062,12844,species,Sweet potato feathery mottle virus,6,6,5,410,410
SRR9203062,187978,species,Peru tomato mosaic virus,6,6,5,411,411
SRR9203062,12196,species,Bean common mosaic virus,5,5,5,412,412
SRR9203062,12230,species,Turnip mosaic virus,3,3,5,413,413
SRR9203062,414528,species,Chilli ringspot virus,2,2,5,414,414
SRR9203062,255066,species,Pepper veinal mottle virus,2,2,5,415,415
SRR9203062,12199,species,Cowpea aphid-borne mosaic virus,2,2,5,416,416
SRR9203062,12215,species,Potato virus A,2,2,5,417,417
SRR9203062,12224,species,Sugarcane mosaic virus,2,2,5,418,418
SRR9203062,12216,species,Potato virus Y,1,1,5,419,419
SRR9203062,12198,species,Clover yellow vein virus,1,1,5,420,420
SRR9203062,12211,species,Plum pox virus,1,1,5,421,421
SRR9203062,12232,species,Zucchini yellow mosaic virus,1,1,5,422,422
SRR9203062,157019,,unclassified Potyviridae,5,0,4,424,426
SRR9203062,1403565,species,Pleione flower breaking virus,5,5,5,424,424
SRR9203062,464095,order,Picornavirales,860,0,3,427,434
SRR9203062,675072,family,Secoviridae,858,0,4,427,430
SRR9203062,680113,,unassigned Secoviridae,858,0,5,427,429
SRR9203062,2026569,species,Yam necrosis-associated virus,858,858,6,427,427
SRR9203062,232795,family,Dicistroviridae,2,1,4,430,433
SRR9203062,144051,genus,Cripavirus,1,0,5,430,432
SRR9203062,209529,species,Aphid lethal paralysis virus,1,1,6,430,430
SRR9203062,2497569,phylum,Negarnaviricota,51,0,3,434,450
SRR9203062,2497571,subphylum,Polyploviricotina,51,0,4,434,449
SRR9203062,2497576,class,Ellioviricetes,51,0,5,434,448
SRR9203062,1980410,order,Bunyavirales,51,0,6,434,447
SRR9203062,1980415,family,Nairoviridae,26,0,7,434,437
SRR9203062,1980517,genus,Orthonairovirus,26,0,8,434,436
SRR9203062,1980519,species,Crimean-Congo hemorrhagic fever orthonairovirus,26,26,9,434,434
SRR9203062,1980416,family,Peribunyaviridae,24,0,7,437,442
SRR9203062,11572,genus,Orthobunyavirus,24,0,8,437,441
SRR9203062,1933179,species,Bunyamwera orthobunyavirus,23,0,9,437,439
SRR9203062,273357,,Ngari virus,23,23,10,437,437
SRR9203062,35319,species,Tete orthobunyavirus,1,1,9,439,439
SRR9203062,1980419,family,Tospoviridae,1,0,7,442,446
SRR9203062,2560196,genus,Orthotospovirus,1,0,8,442,445
SRR9203062,1933295,species,Iris yellow spot tospovirus,1,0,9,442,444
SRR9203062,60456,,Iris yellow spot virus,1,1,10,442,442
SRR9203062,675063,order,Tymovirales,24,0,3,450,457
SRR9203062,675064,family,Alphaflexiviridae,24,0,4,450,456
SRR9203062,12176,genus,Potexvirus,21,0,5,450,453
SRR9203062,1503864,species,Yam virus X,20,20,6,450,450
SRR9203062,85454,species,Alternanthera mosaic virus,1,1,6,451,451
SRR9203062,140568,genus,Allexivirus,3,0,5,453,455
SRR9203062,12433,species,Garlic virus A,3,3,6,453,453
SRR9203062,11012,family,Partitiviridae,4,0,3,457,460
SRR9203062,37960,,unclassified Partitiviridae,4,0,4,457,459
SRR9203062,748427,species,Pittosporum cryptic virus-1,4,4,5,457,457
SRR9203062,39748,family,Hypoviridae,3,0,3,460,464
SRR9203062,39749,genus,Hypovirus,3,0,4,460,463
SRR9203062,358104,,unclassified Hypovirus,3,0,5,460,462
SRR9203062,1231972,species,Trichoderma hypovirus,3,3,6,460,460
SRR9203062,249310,family,Chrysoviridae,2,0,3,464,470
SRR9203062,11014,genus,Chrysovirus,1,0,4,464,467
SRR9203062,1075816,,environmental samples,1,0,5,464,466
SRR9203062,1075817,species,uncultured chrysovirus,1,1,6,464,464
SRR9203062,2560087,genus,Alphachrysovirus,1,0,4,467,469
SRR9203062,158372,species,Penicillium chrysogenum virus,1,1,5,467,467
SRR9203062,11050,family,Flaviviridae,1,0,3,470,472
SRR9203062,11095,genus,Pestivirus,1,1,4,470,470
SRR9203062,564644,family,Endornaviridae,1,0,3,472,475
SRR9203062,2003394,genus,Alphaendornavirus,1,0,4,472,474
SRR9203062,1188792,species,Phaseolus vulgaris alphaendornavirus 1,1,1,5,472,472
SRR9203062,2169561,order,Ortervirales,10750,0,2,476,485
SRR9203062,186534,family,Caulimoviridae,10750,0,3,476,484
SRR9203062,10652,genus,Badnavirus,10750,2257,4,476,483
SRR9203062,325348,,unclassified Badnavirus,8489,0,5,476,480
SRR9203062,52996,species,Dioscorea bacilliform virus,8489,8484,6,476,479
SRR9203062,1874738,,Dioscorea bacilliform RT virus,3,3,7,476,476
SRR9203062,438832,,Dioscorea bacilliform virus Gn163Dr,2,2,7,477,477
SRR9203062,2169728,species,Dioscorea bacilliform TR virus,2,2,5,480,480
SRR9203062,1619899,species,Dioscorea bacilliform AL virus,2,2,5,481,481
SRR9203062,10841,family,Microviridae,205,0,2,485,489
SRR9203062,1910950,subfamily,Bullavirinae,205,3,3,485,488
SRR9203062,1910954,genus,Sinsheimervirus,202,146,4,485,487
SRR9203062,10847,species,Escherichia virus phiX174,56,56,5,485,485
SRR9203062,28883,order,Caudovirales,185,0,2,489,506
SRR9203062,10699,family,Siphoviridae,180,0,3,489,493
SRR9203062,1623296,genus,Phicbkvirus,180,0,4,489,492
SRR9203062,1959734,,unclassified Phicbkvirus,180,0,5,489,491
SRR9203062,1959737,species,Caulobacter phage Ccr29,180,180,6,489,489
SRR9203062,2169529,family,Ackermannviridae,3,0,3,493,497
SRR9203062,2169530,subfamily,Aglimvirinae,3,0,4,493,496
SRR9203062,2169534,genus,Limestonevirus,3,0,5,493,495
SRR9203062,2175592,,unclassified Limestonevirus,3,3,6,493,493
SRR9203062,2560065,family,Herelleviridae,1,0,3,497,500
SRR9203062,2560358,species,Brochothrix virus A9,1,0,4,497,499
SRR9203062,857312,,Brochothrix phage A9,1,1,5,497,497
SRR9203062,10744,family,Podoviridae,1,0,3,500,505
SRR9203062,542836,subfamily,Picovirinae,1,0,4,500,504
SRR9203062,680287,genus,Rosenblumvirus,1,0,5,500,503
SRR9203062,1234428,,unclassified Rosenblumvirus,1,0,6,500,502
SRR9203062,1958907,species,Staphylococcus phage Andhra,1,1,7,500,500
SRR9203062,10501,family,Phycodnaviridae,33,0,2,506,508
SRR9203062,181083,genus,Chlorovirus,33,33,3,506,506
SRR9203062,549779,family,Mimiviridae,31,0,2,508,513
SRR9203062,985780,,unclassified Mimiviridae,31,0,3,508,512
SRR9203062,1977630,subfamily,Klosneuvirinae,31,0,4,508,511
SRR9203062,1977639,genus,Klosneuvirus,31,0,5,508,510
SRR9203062,2024608,species,Bodo saltans virus,31,31,6,508,508
SRR9203062,10442,family,Baculoviridae,7,0,2,513,519
SRR9203062,558016,genus,Alphabaculovirus,6,0,3,513,516
SRR9203062,745176,,unclassified Alphabaculovirus,6,0,4,513,515
SRR9203062,1346829,species,Peridroma alphabaculovirus,6,6,5,513,513
SRR9203062,558017,genus,Betabaculovirus,1,0,3,516,518
SRR9203062,262175,species,Plodia interpunctella granulovirus,1,1,4,516,516
SRR9203062,548681,order,Herpesvirales,6,0,2,519,526
SRR9203062,10292,family,Herpesviridae,6,2,3,519,525
SRR9203062,10293,subfamily,Alphaherpesvirinae,4,0,4,519,524
SRR9203062,10294,genus,Simplexvirus,2,0,5,519,521
SRR9203062,10298,species,Human alphaherpesvirus 1,2,2,6,519,519
SRR9203062,180252,genus,Mardivirus,2,0,5,521,523
SRR9203062,10390,species,Gallid alphaherpesvirus 2,2,2,6,521,521
SRR9203062,43682,family,Ascoviridae,2,0,2,526,529
SRR9203062,43680,genus,Ascovirus,2,0,3,526,528
SRR9203062,328613,,unclassified Ascovirus,2,2,4,526,526
SRR9203062,10240,family,Poxviridae,1,0,2,529,533
SRR9203062,10241,subfamily,Chordopoxvirinae,1,0,3,529,532
SRR9203062,10242,genus,Orthopoxvirus,1,0,4,529,531
SRR9203062,10243,species,Cowpox virus,1,1,5,529,529
SRR9203062,1910928,family,Genomoviridae,1,0,2,533,537
SRR9203062,1542744,genus,Gemycircularvirus,1,0,3,533,536
SRR9203062,1985392,species,Poaceae associated gemycircularvirus 1,1,0,4,533,535
SRR9203062,1708497,,Poaceae-associated gemycircularvirus 1,1,1,5,533,533
SRR9203068,10239,superkingdom,Viruses,597,0,1,389,494
SRR9203068,28883,order,Caudovirales,240,0,2,389,408
SRR9203068,10699,family,Siphoviridae,232,0,3,389,396
SRR9203068,1623296,genus,Phicbkvirus,227,0,4,389,392
SRR9203068,1959734,,unclassified Phicbkvirus,227,0,5,389,391
SRR9203068,1959737,species,Caulobacter phage Ccr29,227,227,6,389,389
SRR9203068,196894,,unclassified Siphoviridae,5,0,4,392,395
SRR9203068,1506997,species,Pseudoalteromonas phage B8b,4,4,5,392,392
SRR9203068,1916197,species,Streptococcus phage IPP61,1,1,5,393,393
SRR9203068,10662,family,Myoviridae,4,3,3,396,398
SRR9203068,196896,,unclassified Myoviridae,1,1,4,396,396
SRR9203068,2169529,family,Ackermannviridae,2,0,3,398,402
SRR9203068,2169530,subfamily,Aglimvirinae,2,0,4,398,401
SRR9203068,2169534,genus,Limestonevirus,2,0,5,398,400
SRR9203068,2175592,,unclassified Limestonevirus,2,2,6,398,398
SRR9203068,10744,family,Podoviridae,2,0,3,402,407
SRR9203068,542836,subfamily,Picovirinae,2,0,4,402,406
SRR9203068,680287,genus,Rosenblumvirus,2,0,5,402,405
SRR9203068,1234428,,unclassified Rosenblumvirus,2,0,6,402,404
SRR9203068,1958907,species,Staphylococcus phage Andhra,2,2,7,402,402
SRR9203068,2559587,,Riboviria,195,0,2,408,446
SRR9203068,2497569,phylum,Negarnaviricota,124,0,3,408,419
SRR9203068,2497571,subphylum,Polyploviricotina,124,0,4,408,418
SRR9203068,2497576,class,Ellioviricetes,124,0,5,408,417
SRR9203068,1980410,order,Bunyavirales,124,0,6,408,416
SRR9203068,1980415,family,Nairoviridae,75,0,7,408,411
SRR9203068,1980517,genus,Orthonairovirus,75,0,8,408,410
SRR9203068,1980519,species,Crimean-Congo hemorrhagic fever orthonairovirus,75,75,9,408,408
SRR9203068,1980416,family,Peribunyaviridae,49,0,7,411,415
SRR9203068,11572,genus,Orthobunyavirus,49,0,8,411,414
SRR9203068,1933179,species,Bunyamwera orthobunyavirus,49,0,9,411,413
SRR9203068,273357,,Ngari virus,49,49,10,411,411
SRR9203068,39729,family,Potyviridae,44,0,3,419,424
SRR9203068,12195,genus,Potyvirus,44,0,4,419,423
SRR9203068,41460,species,Yam mosaic virus,42,42,5,419,419
SRR9203068,221262,species,Pennisetum mosaic virus,1,1,5,420,420
SRR9203068,12216,species,Potato virus Y,1,1,5,421,421
SRR9203068,39748,family,Hypoviridae,11,0,3,424,428
SRR9203068,39749,genus,Hypovirus,11,0,4,424,427
SRR9203068,358104,,unclassified Hypovirus,11,0,5,424,426
SRR9203068,1231972,species,Trichoderma hypovirus,11,11,6,424,424
SRR9203068,11012,family,Partitiviridae,7,0,3,428,431
SRR9203068,37960,,unclassified Partitiviridae,7,0,4,428,430
SRR9203068,748427,species,Pittosporum cryptic virus-1,7,7,5,428,428
SRR9203068,675063,order,Tymovirales,5,0,3,431,435
SRR9203068,675064,family,Alphaflexiviridae,5,0,4,431,434
SRR9203068,140568,genus,Allexivirus,5,0,5,431,433
SRR9203068,12433,species,Garlic virus A,5,5,6,431,431
SRR9203068,249310,family,Chrysoviridae,2,0,3,435,439
SRR9203068,11014,genus,Chrysovirus,2,0,4,435,438
SRR9203068,1075816,,environmental samples,2,0,5,435,437
SRR9203068,1075817,species,uncultured chrysovirus,2,2,6,435,435
SRR9203068,464095,order,Picornavirales,1,0,3,439,443
SRR9203068,675072,family,Secoviridae,1,0,4,439,442
SRR9203068,680113,,unassigned Secoviridae,1,0,5,439,441
SRR9203068,2026569,species,Yam necrosis-associated virus,1,1,6,439,439
SRR9203068,11050,family,Flaviviridae,1,0,3,443,445
SRR9203068,11095,genus,Pestivirus,1,1,4,443,443
SRR9203068,10841,family,Microviridae,127,0,2,446,453
SRR9203068,1910950,subfamily,Bullavirinae,127,1,3,446,452
SRR9203068,1910954,genus,Sinsheimervirus,126,79,4,446,451
SRR9203068,10847,species,Escherichia virus phiX174,44,44,5,446,446
SRR9203068,1910975,,unclassified Sinsheimervirus,3,0,5,447,450
SRR9203068,374840,species,Enterobacteria phage phiX174 sensu lato,3,0,6,447,449
SRR9203068,10844,,Enterobacteria phage S13,3,3,7,447,447
SRR9203068,549779,family,Mimiviridae,24,0,2,453,464
SRR9203068,985780,,unclassified Mimiviridae,23,0,3,453,459
SRR9203068,1977630,subfamily,Klosneuvirinae,23,19,4,453,458
SRR9203068,1977639,genus,Klosneuvirus,3,0,5,453,455
SRR9203068,2024608,species,Bodo saltans virus,3,3,6,453,453
SRR9203068,1977636,genus,Hokovirus,1,0,5,455,457
SRR9203068,1977638,species,Hokovirus HKV1,1,1,6,455,455
SRR9203068,315393,genus,Mimivirus,1,0,3,459,463
SRR9203068,2501774,,unclassified Mimivirus,1,0,4,459,462
SRR9203068,1094892,species,Megavirus chiliensis,1,0,5,459,461
SRR9203068,1842663,,Powai lake megavirus,1,1,6,459,459
SRR9203068,548681,order,Herpesvirales,6,0,2,464,478
SRR9203068,10292,family,Herpesviridae,6,1,3,464,477
SRR9203068,10357,subfamily,Betaherpesvirinae,2,0,4,464,468
SRR9203068,10358,genus,Cytomegalovirus,2,0,5,464,467
SRR9203068,50292,species,Cercopithecine betaherpesvirus 5,2,0,6,464,466
SRR9203068,36452,,Stealth virus 1,2,2,7,464,464
SRR9203068,10293,subfamily,Alphaherpesvirinae,2,0,4,468,473
SRR9203068,10294,genus,Simplexvirus,1,0,5,468,470
SRR9203068,10298,species,Human alphaherpesvirus 1,1,1,6,468,468
SRR9203068,180252,genus,Mardivirus,1,0,5,470,472
SRR9203068,10390,species,Gallid alphaherpesvirus 2,1,1,6,470,470
SRR9203068,10374,subfamily,Gammaherpesvirinae,1,0,4,473,476
SRR9203068,35249,,unclassified Gammaherpesvirinae,1,0,5,473,475
SRR9203068,1419109,species,Harp seal herpesvirus,1,1,6,473,473
SRR9203068,10442,family,Baculoviridae,2,0,2,478,481
SRR9203068,558017,genus,Betabaculovirus,2,0,3,478,480
SRR9203068,56947,species,Choristoneura fumiferana granulovirus,2,2,4,478,478
SRR9203068,10240,family,Poxviridae,1,0,2,481,485
SRR9203068,10241,subfamily,Chordopoxvirinae,1,0,3,481,484
SRR9203068,10242,genus,Orthopoxvirus,1,0,4,481,483
SRR9203068,10243,species,Cowpox virus,1,1,5,481,481
SRR9203068,2169561,order,Ortervirales,1,0,2,485,490
SRR9203068,186534,family,Caulimoviridae,1,0,3,485,489
SRR9203068,10652,genus,Badnavirus,1,0,4,485,488
SRR9203068,325348,,unclassified Badnavirus,1,0,5,485,487
SRR9203068,52996,species,Dioscorea bacilliform virus,1,1,6,485,485
SRR9203068,1910928,family,Genomoviridae,1,0,2,490,493
SRR9203068,1941236,genus,Gemykibivirus,1,0,3,490,492
SRR9203068,2004966,species,Rhinolophus associated gemykibivirus 2,1,1,4,490,490
SRR9203069,10239,superkingdom,Viruses,271163,1,1,359,459
SRR9203069,2559587,,Riboviria,270708,0,2,359,404
SRR9203069,39729,family,Potyviridae,270574,0,3,359,373
SRR9203069,12195,genus,Potyvirus,270568,13,4,359,370
SRR9203069,41460,species,Yam mosaic virus,262519,262519,5,359,359
SRR9203069,12216,species,Potato virus Y,7955,7955,5,360,360
SRR9203069,221262,species,Pennisetum mosaic virus,30,30,5,361,361
SRR9203069,12230,species,Turnip mosaic virus,13,13,5,362,362
SRR9203069,146500,species,Watermelon mosaic virus,12,12,5,363,363
SRR9203069,31742,species,Johnsongrass mosaic virus,10,10,5,364,364
SRR9203069,32619,species,Sorghum mosaic virus,9,9,5,365,365
SRR9203069,255066,species,Pepper veinal mottle virus,5,5,5,366,366
SRR9203069,1406816,species,Zucchini tigre mosaic virus,1,1,5,367,367
SRR9203069,12224,species,Sugarcane mosaic virus,1,1,5,368,368
SRR9203069,137757,genus,Ipomovirus,6,0,4,370,372
SRR9203069,137758,species,Cassava brown streak virus,6,6,5,370,370
SRR9203069,2497569,phylum,Negarnaviricota,110,0,3,373,385
SRR9203069,2497571,subphylum,Polyploviricotina,110,0,4,373,384
SRR9203069,2497576,class,Ellioviricetes,110,0,5,373,383
SRR9203069,1980410,order,Bunyavirales,110,0,6,373,382
SRR9203069,1980415,family,Nairoviridae,79,0,7,373,376
SRR9203069,1980517,genus,Orthonairovirus,79,0,8,373,375
SRR9203069,1980519,species,Crimean-Congo hemorrhagic fever orthonairovirus,79,79,9,373,373
SRR9203069,1980416,family,Peribunyaviridae,31,0,7,376,381
SRR9203069,11572,genus,Orthobunyavirus,31,0,8,376,380
SRR9203069,1933179,species,Bunyamwera orthobunyavirus,30,0,9,376,378
SRR9203069,273357,,Ngari virus,30,30,10,376,376
SRR9203069,35319,species,Tete orthobunyavirus,1,1,9,378,378
SRR9203069,11012,family,Partitiviridae,11,0,3,385,388
SRR9203069,37960,,unclassified Partitiviridae,11,0,4,385,387
SRR9203069,748427,species,Pittosporum cryptic virus-1,11,11,5,385,385
SRR9203069,39748,family,Hypoviridae,7,0,3,388,392
SRR9203069,39749,genus,Hypovirus,7,0,4,388,391
SRR9203069,358104,,unclassified Hypovirus,7,0,5,388,390
SRR9203069,1231972,species,Trichoderma hypovirus,7,7,6,388,388
SRR9203069,464095,order,Picornavirales,4,0,3,392,396
SRR9203069,675072,family,Secoviridae,4,0,4,392,395
SRR9203069,680113,,unassigned Secoviridae,4,0,5,392,394
SRR9203069,2026569,species,Yam necrosis-associated virus,4,4,6,392,392
SRR9203069,675063,order,Tymovirales,1,0,3,396,400
SRR9203069,675064,family,Alphaflexiviridae,1,0,4,396,399
SRR9203069,12176,genus,Potexvirus,1,0,5,396,398
SRR9203069,1503864,species,Yam virus X,1,1,6,396,396
SRR9203069,564644,family,Endornaviridae,1,0,3,400,403
SRR9203069,2003394,genus,Alphaendornavirus,1,0,4,400,402
SRR9203069,1188792,species,Phaseolus vulgaris alphaendornavirus 1,1,1,5,400,400
SRR9203069,28883,order,Caudovirales,233,0,2,404,416
SRR9203069,10699,family,Siphoviridae,232,0,3,404,410
SRR9203069,1623296,genus,Phicbkvirus,230,0,4,404,407
SRR9203069,1959734,,unclassified Phicbkvirus,230,0,5,404,406
SRR9203069,1959737,species,Caulobacter phage Ccr29,230,230,6,404,404
SRR9203069,196894,,unclassified Siphoviridae,2,0,4,407,409
SRR9203069,1506997,species,Pseudoalteromonas phage B8b,2,2,5,407,407
SRR9203069,10744,family,Podoviridae,1,0,3,410,415
SRR9203069,542836,subfamily,Picovirinae,1,0,4,410,414
SRR9203069,680287,genus,Rosenblumvirus,1,0,5,410,413
SRR9203069,1234428,,unclassified Rosenblumvirus,1,0,6,410,412
SRR9203069,1958907,species,Staphylococcus phage Andhra,1,1,7,410,410
SRR9203069,10841,family,Microviridae,182,0,2,416,423
SRR9203069,1910950,subfamily,Bullavirinae,182,2,3,416,422
SRR9203069,1910954,genus,Sinsheimervirus,180,118,4,416,421
SRR9203069,10847,species,Escherichia virus phiX174,57,57,5,416,416
SRR9203069,1910975,,unclassified Sinsheimervirus,5,0,5,417,420
SRR9203069,374840,species,Enterobacteria phage phiX174 sensu lato,5,2,6,417,419
SRR9203069,10844,,Enterobacteria phage S13,3,3,7,417,417
SRR9203069,549779,family,Mimiviridae,22,1,2,423,428
SRR9203069,985780,,unclassified Mimiviridae,21,0,3,423,427
SRR9203069,1977630,subfamily,Klosneuvirinae,21,9,4,423,426
SRR9203069,1977639,genus,Klosneuvirus,12,0,5,423,425
SRR9203069,2024608,species,Bodo saltans virus,12,12,6,423,423
SRR9203069,548681,order,Herpesvirales,10,0,2,428,444
SRR9203069,10292,family,Herpesviridae,10,2,3,428,443
SRR9203069,10293,subfamily,Alphaherpesvirinae,5,0,4,428,435
SRR9203069,180252,genus,Mardivirus,3,0,5,428,430
SRR9203069,10390,species,Gallid alphaherpesvirus 2,3,3,6,428,428
SRR9203069,10294,genus,Simplexvirus,1,0,5,430,432
SRR9203069,10298,species,Human alphaherpesvirus 1,1,1,6,430,430
SRR9203069,10319,genus,Varicellovirus,1,0,5,432,434
SRR9203069,10345,species,Suid alphaherpesvirus 1,1,1,6,432,432
SRR9203069,10374,subfamily,Gammaherpesvirinae,2,0,4,435,438
SRR9203069,35249,,unclassified Gammaherpesvirinae,2,0,5,435,437
SRR9203069,1419109,species,Harp seal herpesvirus,2,2,6,435,435
SRR9203069,10357,subfamily,Betaherpesvirinae,1,0,4,438,442
SRR9203069,10358,genus,Cytomegalovirus,1,0,5,438,441
SRR9203069,50292,species,Cercopithecine betaherpesvirus 5,1,0,6,438,440
SRR9203069,36452,,Stealth virus 1,1,1,7,438,438
SRR9203069,2169561,order,Ortervirales,4,0,2,444,449
SRR9203069,186534,family,Caulimoviridae,4,0,3,444,448
SRR9203069,10652,genus,Badnavirus,4,0,4,444,447
SRR9203069,325348,,unclassified Badnavirus,4,0,5,444,446
SRR9203069,52996,species,Dioscorea bacilliform virus,4,4,6,444,444
SRR9203069,10240,family,Poxviridae,1,0,2,449,453
SRR9203069,10241,subfamily,Chordopoxvirinae,1,0,3,449,452
SRR9203069,10242,genus,Orthopoxvirus,1,0,4,449,451
SRR9203069,10243,species,Cowpox virus,1,1,5,449,449
SRR9203069,10442,family,Baculoviridae,1,0,2,453,455
SRR9203069,558017,genus,Betabaculovirus,1,1,3,453,453
SRR9203069,10501,family,Phycodnaviridae,1,0,2,455,458
SRR9203069,181083,genus,Chlorovirus,1,0,3,455,457
SRR9203069,346674,,unclassified Chlorovirus,1,1,4,455,455
SRR9203070,10239,superkingdom,Viruses,159848,0,1,481,602
SRR9203070,10841,family,Microviridae,159412,0,2,481,508
SRR9203070,1910950,subfamily,Bullavirinae,159412,795,3,481,507
SRR9203070,1910954,genus,Sinsheimervirus,158616,91465,4,481,502
SRR9203070,10847,species,Escherichia virus phiX174,63303,63303,5,481,481
SRR9203070,1910975,,unclassified Sinsheimervirus,3848,104,5,482,501
SRR9203070,374840,species,Enterobacteria phage phiX174 sensu lato,3722,174,6,482,499
SRR9203070,10844,,Enterobacteria phage S13,3303,3303,7,482,482
SRR9203070,338123,,Enterobacteria phage NC56,64,64,7,483,483
SRR9203070,1508658,,Enterobacteria phage MED1,32,32,7,484,484
SRR9203070,338111,,Enterobacteria phage ID1,27,27,7,485,485
SRR9203070,338126,,Enterobacteria phage WA11,23,23,7,486,486
SRR9203070,338125,,Enterobacteria phage WA10,23,23,7,487,487
SRR9203070,338112,,Enterobacteria phage ID22,18,18,7,488,488
SRR9203070,338118,,Enterobacteria phage NC11,15,15,7,489,489
SRR9203070,338121,,Enterobacteria phage NC41,10,10,7,490,490
SRR9203070,338116,,Enterobacteria phage NC5,7,7,7,491,491
SRR9203070,338124,,Enterobacteria phage WA4,7,7,7,492,492
SRR9203070,338122,,Enterobacteria phage NC51,6,6,7,493,493
SRR9203070,338120,,Enterobacteria phage NC37,4,4,7,494,494
SRR9203070,338113,,Enterobacteria phage ID34,3,3,7,495,495
SRR9203070,338114,,Enterobacteria phage ID45,3,3,7,496,496
SRR9203070,338117,,Enterobacteria phage NC7,3,3,7,497,497
SRR9203070,1965386,species,Salmonella phage alphaalpha,22,22,6,499,499
SRR9203070,1910952,genus,Gequatrovirus,1,0,4,502,506
SRR9203070,1986034,species,Escherichia virus G4,1,0,5,502,505
SRR9203070,512009,,unclassified Enterobacteria phage G4 clade,1,0,6,502,504
SRR9203070,1273714,,Enterobacteria phage ID204 Moscow/ID,1,1,7,502,502
SRR9203070,28883,order,Caudovirales,244,0,2,508,531
SRR9203070,10699,family,Siphoviridae,235,1,3,508,515
SRR9203070,1623296,genus,Phicbkvirus,232,0,4,508,511
SRR9203070,1959734,,unclassified Phicbkvirus,232,0,5,508,510
SRR9203070,1959737,species,Caulobacter phage Ccr29,232,232,6,508,508
SRR9203070,196894,,unclassified Siphoviridae,1,0,4,511,513
SRR9203070,1506997,species,Pseudoalteromonas phage B8b,1,1,5,511,511
SRR9203070,1982251,genus,Pahexavirus,1,1,4,513,513
SRR9203070,2169529,family,Ackermannviridae,5,0,3,515,519
SRR9203070,2169530,subfamily,Aglimvirinae,5,0,4,515,518
SRR9203070,2169534,genus,Limestonevirus,5,0,5,515,517
SRR9203070,2175592,,unclassified Limestonevirus,5,5,6,515,515
SRR9203070,10744,family,Podoviridae,3,0,3,519,527
SRR9203070,542960,genus,Uetakevirus,2,0,4,519,522
SRR9203070,1231360,,unclassified Uetakevirus,2,0,5,519,521
SRR9203070,1124654,species,Escherichia phage TL-2011b,2,2,6,519,519
SRR9203070,1981156,subfamily,Sepvirinae,1,0,4,522,526
SRR9203070,1981157,genus,Traversvirus,1,0,5,522,525
SRR9203070,2108459,,unclassified Traversvirus,1,0,6,522,524
SRR9203070,97081,species,Enterobacteria phage VT2-Sakai,1,1,7,522,522
SRR9203070,10662,family,Myoviridae,1,0,3,527,530
SRR9203070,186789,genus,Punavirus,1,0,4,527,529
SRR9203070,10678,species,Escherichia virus P1,1,1,5,527,527
SRR9203070,2559587,,Riboviria,156,0,2,531,567
SRR9203070,2497569,phylum,Negarnaviricota,90,0,3,531,543
SRR9203070,2497571,subphylum,Polyploviricotina,90,0,4,531,542
SRR9203070,2497576,class,Ellioviricetes,90,0,5,531,541
SRR9203070,1980410,order,Bunyavirales,90,0,6,531,540
SRR9203070,1980415,family,Nairoviridae,64,0,7,531,534
SRR9203070,1980517,genus,Orthonairovirus,64,0,8,531,533
SRR9203070,1980519,species,Crimean-Congo hemorrhagic fever orthonairovirus,64,64,9,531,531
SRR9203070,1980416,family,Peribunyaviridae,26,0,7,534,539
SRR9203070,11572,genus,Orthobunyavirus,26,0,8,534,538
SRR9203070,1933179,species,Bunyamwera orthobunyavirus,25,0,9,534,536
SRR9203070,273357,,Ngari virus,25,25,10,534,534
SRR9203070,35319,species,Tete orthobunyavirus,1,1,9,536,536
SRR9203070,39729,family,Potyviridae,45,0,3,543,546
SRR9203070,12195,genus,Potyvirus,45,0,4,543,545
SRR9203070,41460,species,Yam mosaic virus,45,45,5,543,543
SRR9203070,11012,family,Partitiviridae,9,0,3,546,549
SRR9203070,37960,,unclassified Partitiviridae,9,0,4,546,548
SRR9203070,748427,species,Pittosporum cryptic virus-1,9,9,5,546,546
SRR9203070,39748,family,Hypoviridae,6,0,3,549,554
SRR9203070,39749,genus,Hypovirus,6,0,4,549,553
SRR9203070,358104,,unclassified Hypovirus,6,0,5,549,552
SRR9203070,1231972,species,Trichoderma hypovirus,5,5,6,549,549
SRR9203070,1423347,species,Sclerotinia sclerotiorum hypovirus 2,1,1,6,550,550
SRR9203070,675063,order,Tymovirales,4,0,3,554,558
SRR9203070,675064,family,Alphaflexiviridae,4,0,4,554,557
SRR9203070,140568,genus,Allexivirus,4,0,5,554,556
SRR9203070,12433,species,Garlic virus A,4,4,6,554,554
SRR9203070,564644,family,Endornaviridae,1,0,3,558,561
SRR9203070,2003394,genus,Alphaendornavirus,1,0,4,558,560
SRR9203070,1188792,species,Phaseolus vulgaris alphaendornavirus 1,1,1,5,558,558
SRR9203070,464095,order,Picornavirales,1,0,3,561,566
SRR9203070,675072,family,Secoviridae,1,0,4,561,565
SRR9203070,675075,subfamily,Comovirinae,1,0,5,561,564
SRR9203070,12269,genus,Fabavirus,1,0,6,561,563
SRR9203070,50817,species,Broad bean wilt virus 1,1,1,7,561,561
SRR9203070,549779,family,Mimiviridae,22,0,2,567,572
SRR9203070,985780,,unclassified Mimiviridae,22,0,3,567,571
SRR9203070,1977630,subfamily,Klosneuvirinae,22,4,4,567,570
SRR9203070,1977639,genus,Klosneuvirus,18,0,5,567,569
SRR9203070,2024608,species,Bodo saltans virus,18,18,6,567,567
SRR9203070,548681,order,Herpesvirales,9,0,2,572,589
SRR9203070,10292,family,Herpesviridae,9,0,3,572,588
SRR9203070,10293,subfamily,Alphaherpesvirinae,6,0,4,572,579
SRR9203070,10294,genus,Simplexvirus,4,0,5,572,574
SRR9203070,10298,species,Human alphaherpesvirus 1,4,4,6,572,572
SRR9203070,180252,genus,Mardivirus,1,0,5,574,576
SRR9203070,10390,species,Gallid alphaherpesvirus 2,1,1,6,574,574
SRR9203070,1232637,genus,Scutavirus,1,0,5,576,578
SRR9203070,702736,species,Chelonid alphaherpesvirus 5,1,1,6,576,576
SRR9203070,10374,subfamily,Gammaherpesvirinae,2,0,4,579,584
SRR9203070,10375,genus,Lymphocryptovirus,1,0,5,579,581
SRR9203070,10376,species,Human gammaherpesvirus 4,1,1,6,579,579
SRR9203070,35249,,unclassified Gammaherpesvirinae,1,0,5,581,583
SRR9203070,1419109,species,Harp seal herpesvirus,1,1,6,581,581
SRR9203070,10357,subfamily,Betaherpesvirinae,1,0,4,584,587
SRR9203070,40272,genus,Roseolovirus,1,0,5,584,586
SRR9203070,32603,species,Human betaherpesvirus 6A,1,1,6,584,584
SRR9203070,2169561,order,Ortervirales,3,0,2,589,594
SRR9203070,186534,family,Caulimoviridae,3,0,3,589,593
SRR9203070,10652,genus,Badnavirus,3,0,4,589,592
SRR9203070,325348,,unclassified Badnavirus,3,0,5,589,591
SRR9203070,52996,species,Dioscorea bacilliform virus,3,3,6,589,589
SRR9203070,10240,family,Poxviridae,1,0,2,594,598
SRR9203070,10241,subfamily,Chordopoxvirinae,1,0,3,594,597
SRR9203070,2005509,genus,Centapoxvirus,1,0,4,594,596
SRR9203070,1076255,species,Yokapox virus,1,1,5,594,594
SRR9203070,10508,family,Adenoviridae,1,0,2,598,601
SRR9203070,10509,genus,Mastadenovirus,1,0,3,598,600
SRR9203070,129951,species,Human mastadenovirus C,1,1,4,598,598
SRR9203071,10239,superkingdom,Viruses,837,0,1,503,578
SRR9203071,2559587,,Riboviria,362,0,2,503,537
SRR9203071,2497569,phylum,Negarnaviricota,261,0,3,503,514
SRR9203071,2497571,subphylum,Polyploviricotina,261,0,4,503,513
SRR9203071,2497576,class,Ellioviricetes,261,0,5,503,512
SRR9203071,1980410,order,Bunyavirales,261,0,6,503,511
SRR9203071,1980415,family,Nairoviridae,184,0,7,503,506
SRR9203071,1980517,genus,Orthonairovirus,184,0,8,503,505
SRR9203071,1980519,species,Crimean-Congo hemorrhagic fever orthonairovirus,184,184,9,503,503
SRR9203071,1980416,family,Peribunyaviridae,77,0,7,506,510
SRR9203071,11572,genus,Orthobunyavirus,77,0,8,506,509
SRR9203071,1933179,species,Bunyamwera orthobunyavirus,77,0,9,506,508
SRR9203071,273357,,Ngari virus,77,77,10,506,506
SRR9203071,39729,family,Potyviridae,59,0,3,514,518
SRR9203071,12195,genus,Potyvirus,59,0,4,514,517
SRR9203071,41460,species,Yam mosaic virus,57,57,5,514,514
SRR9203071,12216,species,Potato virus Y,2,2,5,515,515
SRR9203071,11012,family,Partitiviridae,23,0,3,518,521
SRR9203071,37960,,unclassified Partitiviridae,23,0,4,518,520
SRR9203071,748427,species,Pittosporum cryptic virus-1,23,23,5,518,518
SRR9203071,39748,family,Hypoviridae,12,0,3,521,526
SRR9203071,39749,genus,Hypovirus,12,0,4,521,525
SRR9203071,358104,,unclassified Hypovirus,12,0,5,521,524
SRR9203071,1231972,species,Trichoderma hypovirus,10,10,6,521,521
SRR9203071,1423347,species,Sclerotinia sclerotiorum hypovirus 2,2,2,6,522,522
SRR9203071,675063,order,Tymovirales,5,0,3,526,530
SRR9203071,675064,family,Alphaflexiviridae,5,0,4,526,529
SRR9203071,140568,genus,Allexivirus,5,0,5,526,528
SRR9203071,12433,species,Garlic virus A,5,5,6,526,526
SRR9203071,11050,family,Flaviviridae,1,0,3,530,532
SRR9203071,11095,genus,Pestivirus,1,1,4,530,530
SRR9203071,464095,order,Picornavirales,1,0,3,532,536
SRR9203071,675072,family,Secoviridae,1,0,4,532,535
SRR9203071,680113,,unassigned Secoviridae,1,0,5,532,534
SRR9203071,2026569,species,Yam necrosis-associated virus,1,1,6,532,532
SRR9203071,28883,order,Caudovirales,271,0,2,537,550
SRR9203071,10699,family,Siphoviridae,267,0,3,537,542
SRR9203071,1623296,genus,Phicbkvirus,266,0,4,537,540
SRR9203071,1959734,,unclassified Phicbkvirus,266,0,5,537,539
SRR9203071,1959737,species,Caulobacter phage Ccr29,266,266,6,537,537
SRR9203071,1623305,genus,Skunavirus,1,1,4,540,540
SRR9203071,2169529,family,Ackermannviridae,3,0,3,542,546
SRR9203071,2169530,subfamily,Aglimvirinae,3,0,4,542,545
SRR9203071,2169534,genus,Limestonevirus,3,0,5,542,544
SRR9203071,2175592,,unclassified Limestonevirus,3,3,6,542,542
SRR9203071,10662,family,Myoviridae,1,0,3,546,549
SRR9203071,196896,,unclassified Myoviridae,1,0,4,546,548
SRR9203071,749413,species,Deep-sea thermophilic phage D6E,1,1,5,546,546
SRR9203071,10841,family,Microviridae,195,0,2,550,557
SRR9203071,1910950,subfamily,Bullavirinae,195,5,3,550,556
SRR9203071,1910954,genus,Sinsheimervirus,190,138,4,550,555
SRR9203071,10847,species,Escherichia virus phiX174,50,50,5,550,550
SRR9203071,1910975,,unclassified Sinsheimervirus,2,0,5,551,554
SRR9203071,374840,species,Enterobacteria phage phiX174 sensu lato,2,0,6,551,553
SRR9203071,10844,,Enterobacteria phage S13,2,2,7,551,551
SRR9203071,549779,family,Mimiviridae,6,0,2,557,565
SRR9203071,985780,,unclassified Mimiviridae,4,0,3,557,561
SRR9203071,1977630,subfamily,Klosneuvirinae,4,3,4,557,560
SRR9203071,1977639,genus,Klosneuvirus,1,0,5,557,559
SRR9203071,2024608,species,Bodo saltans virus,1,1,6,557,557
SRR9203071,315393,genus,Mimivirus,2,0,3,561,564
SRR9203071,2501774,,unclassified Mimivirus,2,0,4,561,563
SRR9203071,2071566,species,Bandra megavirus,2,2,5,561,561
SRR9203071,548681,order,Herpesvirales,2,0,2,565,574
SRR9203071,10292,family,Herpesviridae,2,0,3,565,573
SRR9203071,10293,subfamily,Alphaherpesvirinae,1,0,4,565,568
SRR9203071,10294,genus,Simplexvirus,1,0,5,565,567
SRR9203071,340907,species,Papiine alphaherpesvirus 2,1,1,6,565,565
SRR9203071,10357,subfamily,Betaherpesvirinae,1,0,4,568,572
SRR9203071,10358,genus,Cytomegalovirus,1,0,5,568,571
SRR9203071,50292,species,Cercopithecine betaherpesvirus 5,1,0,6,568,570
SRR9203071,36452,,Stealth virus 1,1,1,7,568,568
SRR9203071,196937,family,Nimaviridae,1,0,2,574,577
SRR9203071,249585,genus,Whispovirus,1,0,3,574,576
SRR9203071,342409,species,White spot syndrome virus,1,1,4,574,574
SRR9203076,10239,superkingdom,Viruses,535,0,1,445,533
SRR9203076,28883,order,Caudovirales,269,0,2,445,456
SRR9203076,10699,family,Siphoviridae,263,0,3,445,449
SRR9203076,1623296,genus,Phicbkvirus,263,0,4,445,448
SRR9203076,1959734,,unclassified Phicbkvirus,263,0,5,445,447
SRR9203076,1959737,species,Caulobacter phage Ccr29,263,263,6,445,445
SRR9203076,10744,family,Podoviridae,5,0,3,449,454
SRR9203076,542836,subfamily,Picovirinae,5,0,4,449,453
SRR9203076,680287,genus,Rosenblumvirus,5,0,5,449,452
SRR9203076,1234428,,unclassified Rosenblumvirus,5,0,6,449,451
SRR9203076,1958907,species,Staphylococcus phage Andhra,5,5,7,449,449
SRR9203076,10662,family,Myoviridae,1,1,3,454,454
SRR9203076,10841,family,Microviridae,134,0,2,456,464
SRR9203076,1910950,subfamily,Bullavirinae,134,1,3,456,463
SRR9203076,1910954,genus,Sinsheimervirus,133,91,4,456,462
SRR9203076,10847,species,Escherichia virus phiX174,39,39,5,456,456
SRR9203076,1910975,,unclassified Sinsheimervirus,3,0,5,457,461
SRR9203076,374840,species,Enterobacteria phage phiX174 sensu lato,3,0,6,457,460
SRR9203076,10844,,Enterobacteria phage S13,2,2,7,457,457
SRR9203076,338123,,Enterobacteria phage NC56,1,1,7,458,458
SRR9203076,2559587,,Riboviria,96,0,2,464,488
SRR9203076,39729,family,Potyviridae,47,0,3,464,468
SRR9203076,12195,genus,Potyvirus,47,0,4,464,467
SRR9203076,41460,species,Yam mosaic virus,46,46,5,464,464
SRR9203076,12216,species,Potato virus Y,1,1,5,465,465
SRR9203076,2497569,phylum,Negarnaviricota,37,0,3,468,479
SRR9203076,2497571,subphylum,Polyploviricotina,37,0,4,468,478
SRR9203076,2497576,class,Ellioviricetes,37,0,5,468,477
SRR9203076,1980410,order,Bunyavirales,37,0,6,468,476
SRR9203076,1980415,family,Nairoviridae,23,0,7,468,471
SRR9203076,1980517,genus,Orthonairovirus,23,0,8,468,470
SRR9203076,1980519,species,Crimean-Congo hemorrhagic fever orthonairovirus,23,23,9,468,468
SRR9203076,1980416,family,Peribunyaviridae,14,0,7,471,475
SRR9203076,11572,genus,Orthobunyavirus,14,0,8,471,474
SRR9203076,1933179,species,Bunyamwera orthobunyavirus,14,0,9,471,473
SRR9203076,273357,,Ngari virus,14,14,10,471,471
SRR9203076,2585030,,unclassified Riboviria,7,0,3,479,482
SRR9203076,1922348,,unclassified RNA viruses ShiM-2016,7,0,4,479,481
SRR9203076,1923112,species,Hubei picorna-like virus 32,7,7,5,479,479
SRR9203076,11012,family,Partitiviridae,3,0,3,482,485
SRR9203076,37960,,unclassified Partitiviridae,3,0,4,482,484
SRR9203076,748427,species,Pittosporum cryptic virus-1,3,3,5,482,482
SRR9203076,11050,family,Flaviviridae,2,0,3,485,487
SRR9203076,11095,genus,Pestivirus,2,2,4,485,485
SRR9203076,549779,family,Mimiviridae,21,1,2,488,499
SRR9203076,985780,,unclassified Mimiviridae,19,0,3,488,495
SRR9203076,1977630,subfamily,Klosneuvirinae,19,0,4,488,494
SRR9203076,1977639,genus,Klosneuvirus,15,0,5,488,491
SRR9203076,2024608,species,Bodo saltans virus,14,14,6,488,488
SRR9203076,1977640,species,Klosneuvirus KNV1,1,1,6,489,489
SRR9203076,1977636,genus,Hokovirus,4,0,5,491,493
SRR9203076,1977638,species,Hokovirus HKV1,4,4,6,491,491
SRR9203076,315393,genus,Mimivirus,1,0,3,495,498
SRR9203076,2501774,,unclassified Mimivirus,1,0,4,495,497
SRR9203076,2071566,species,Bandra megavirus,1,1,5,495,495
SRR9203076,10240,family,Poxviridae,4,0,2,499,503
SRR9203076,10241,subfamily,Chordopoxvirinae,4,0,3,499,502
SRR9203076,10242,genus,Orthopoxvirus,4,0,4,499,501
SRR9203076,10243,species,Cowpox virus,4,4,5,499,499
SRR9203076,548681,order,Herpesvirales,4,0,2,503,513
SRR9203076,10292,family,Herpesviridae,4,1,3,503,512
SRR9203076,10293,subfamily,Alphaherpesvirinae,2,0,4,503,507
SRR9203076,10319,genus,Varicellovirus,1,1,5,503,503
SRR9203076,180252,genus,Mardivirus,1,0,5,504,506
SRR9203076,10390,species,Gallid alphaherpesvirus 2,1,1,6,504,504
SRR9203076,10357,subfamily,Betaherpesvirinae,1,0,4,507,511
SRR9203076,10358,genus,Cytomegalovirus,1,0,5,507,510
SRR9203076,50292,species,Cercopithecine betaherpesvirus 5,1,0,6,507,509
SRR9203076,36452,,Stealth virus 1,1,1,7,507,507
SRR9203076,43682,family,Ascoviridae,2,0,2,513,517
SRR9203076,43680,genus,Ascovirus,2,0,3,513,516
SRR9203076,113366,species,Heliothis virescens ascovirus 3a,1,1,4,513,513
SRR9203076,328613,,unclassified Ascovirus,1,1,4,514,514
SRR9203076,2169561,order,Ortervirales,2,0,2,517,523
SRR9203076,186534,family,Caulimoviridae,2,0,3,517,522
SRR9203076,10652,genus,Badnavirus,2,0,4,517,521
SRR9203076,325348,,unclassified Badnavirus,1,0,5,517,519
SRR9203076,52996,species,Dioscorea bacilliform virus,1,1,6,517,517
SRR9203076,1619899,species,Dioscorea bacilliform AL virus,1,1,5,519,519
SRR9203076,10442,family,Baculoviridae,1,0,2,523,525
SRR9203076,558017,genus,Betabaculovirus,1,1,3,523,523
SRR9203076,151340,family,Papillomaviridae,1,0,2,525,530
SRR9203076,2169595,subfamily,Firstpapillomavirinae,1,0,3,525,529
SRR9203076,1513241,genus,Dyonupapillomavirus,1,0,4,525,528
SRR9203076,1513250,species,Dyonupapillomavirus 1,1,0,5,525,527
SRR9203076,2016453,,Ailuropoda melanoleuca papillomavirus 4,1,1,6,525,525
SRR9203076,10501,family,Phycodnaviridae,1,0,2,530,532
SRR9203076,181083,genus,Chlorovirus,1,1,3,530,530
SRR9203077,10239,superkingdom,Viruses,518,0,1,440,536
SRR9203077,28883,order,Caudovirales,271,0,2,440,446
SRR9203077,10699,family,Siphoviridae,270,0,3,440,444
SRR9203077,1623296,genus,Phicbkvirus,270,0,4,440,443
SRR9203077,1959734,,unclassified Phicbkvirus,270,0,5,440,442
SRR9203077,1959737,species,Caulobacter phage Ccr29,270,270,6,440,440
SRR9203077,10662,family,Myoviridae,1,1,3,444,444
SRR9203077,10841,family,Microviridae,120,0,2,446,453
SRR9203077,1910950,subfamily,Bullavirinae,120,2,3,446,452
SRR9203077,1910954,genus,Sinsheimervirus,118,82,4,446,451
SRR9203077,10847,species,Escherichia virus phiX174,35,35,5,446,446
SRR9203077,1910975,,unclassified Sinsheimervirus,1,0,5,447,450
SRR9203077,374840,species,Enterobacteria phage phiX174 sensu lato,1,0,6,447,449
SRR9203077,10844,,Enterobacteria phage S13,1,1,7,447,447
SRR9203077,2559587,,Riboviria,99,0,2,453,500
SRR9203077,39729,family,Potyviridae,49,0,3,453,457
SRR9203077,12195,genus,Potyvirus,49,0,4,453,456
SRR9203077,41460,species,Yam mosaic virus,48,48,5,453,453
SRR9203077,12216,species,Potato virus Y,1,1,5,454,454
SRR9203077,2497569,phylum,Negarnaviricota,37,0,3,457,474
SRR9203077,2497571,subphylum,Polyploviricotina,37,0,4,457,473
SRR9203077,2497576,class,Ellioviricetes,37,0,5,457,472
SRR9203077,1980410,order,Bunyavirales,37,0,6,457,471
SRR9203077,1980415,family,Nairoviridae,27,0,7,457,462
SRR9203077,1980517,genus,Orthonairovirus,27,0,8,457,461
SRR9203077,1980519,species,Crimean-Congo hemorrhagic fever orthonairovirus,26,26,9,457,457
SRR9203077,1340802,,unclassified Nairovirus,1,0,9,458,460
SRR9203077,1526514,species,South Bay virus,1,1,10,458,458
SRR9203077,1980416,family,Peribunyaviridae,9,0,7,462,466
SRR9203077,11572,genus,Orthobunyavirus,9,0,8,462,465
SRR9203077,1933179,species,Bunyamwera orthobunyavirus,9,0,9,462,464
SRR9203077,273357,,Ngari virus,9,9,10,462,462
SRR9203077,1980419,family,Tospoviridae,1,0,7,466,470
SRR9203077,2560196,genus,Orthotospovirus,1,0,8,466,469
SRR9203077,1933295,species,Iris yellow spot tospovirus,1,0,9,466,468
SRR9203077,60456,,Iris yellow spot virus,1,1,10,466,466
SRR9203077,464095,order,Picornavirales,5,0,3,474,483
SRR9203077,232795,family,Dicistroviridae,4,1,4,474,479
SRR9203077,144051,genus,Cripavirus,2,0,5,474,476
SRR9203077,209529,species,Aphid lethal paralysis virus,2,2,6,474,474
SRR9203077,336635,,unclassified Dicistroviridae,1,0,5,476,478
SRR9203077,2303394,species,Culex dicistrovirus 1,1,1,6,476,476
SRR9203077,675072,family,Secoviridae,1,0,4,479,482
SRR9203077,680113,,unassigned Secoviridae,1,0,5,479,481
SRR9203077,2026569,species,Yam necrosis-associated virus,1,1,6,479,479
SRR9203077,11012,family,Partitiviridae,3,0,3,483,486
SRR9203077,37960,,unclassified Partitiviridae,3,0,4,483,485
SRR9203077,748427,species,Pittosporum cryptic virus-1,3,3,5,483,483
SRR9203077,39748,family,Hypoviridae,2,0,3,486,490
SRR9203077,39749,genus,Hypovirus,2,0,4,486,489
SRR9203077,358104,,unclassified Hypovirus,2,0,5,486,488
SRR9203077,1231972,species,Trichoderma hypovirus,2,2,6,486,486
SRR9203077,564644,family,Endornaviridae,2,0,3,490,495
SRR9203077,2003394,genus,Alphaendornavirus,1,0,4,490,492
SRR9203077,1188792,species,Phaseolus vulgaris alphaendornavirus 1,1,1,5,490,490
SRR9203077,1680130,,unclassified Endornaviridae,1,0,4,492,494
SRR9203077,1719039,species,Soybean leaf-associated endornavirus 1,1,1,5,492,492
SRR9203077,39733,family,Astroviridae,1,0,3,495,499
SRR9203077,249588,genus,Mamastrovirus,1,0,4,495,498
SRR9203077,526119,,unclassified Mamastrovirus,1,0,5,495,497
SRR9203077,1105379,species,Porcine astrovirus 4,1,1,6,495,495
SRR9203077,549779,family,Mimiviridae,14,0,2,500,507
SRR9203077,985780,,unclassified Mimiviridae,14,0,3,500,506
SRR9203077,1977630,subfamily,Klosneuvirinae,14,0,4,500,505
SRR9203077,1977639,genus,Klosneuvirus,12,0,5,500,502
SRR9203077,2024608,species,Bodo saltans virus,12,12,6,500,500
SRR9203077,1977636,genus,Hokovirus,2,0,5,502,504
SRR9203077,1977638,species,Hokovirus HKV1,2,2,6,502,502
SRR9203077,548681,order,Herpesvirales,8,0,2,507,517
SRR9203077,10292,family,Herpesviridae,8,3,3,507,516
SRR9203077,10293,subfamily,Alphaherpesvirinae,3,0,4,507,511
SRR9203077,180252,genus,Mardivirus,3,0,5,507,510
SRR9203077,10390,species,Gallid alphaherpesvirus 2,2,2,6,507,507
SRR9203077,37108,species,Meleagrid alphaherpesvirus 1,1,1,6,508,508
SRR9203077,10357,subfamily,Betaherpesvirinae,2,0,4,511,515
SRR9203077,40272,genus,Roseolovirus,2,0,5,511,514
SRR9203077,32604,species,Human betaherpesvirus 6B,1,1,6,511,511
SRR9203077,32603,species,Human betaherpesvirus 6A,1,1,6,512,512
SRR9203077,10240,family,Poxviridae,3,0,2,517,523
SRR9203077,10241,subfamily,Chordopoxvirinae,2,0,3,517,519
SRR9203077,10242,genus,Orthopoxvirus,2,2,4,517,517
SRR9203077,10284,subfamily,Entomopoxvirinae,1,0,3,519,522
SRR9203077,62098,genus,Alphaentomopoxvirus,1,0,4,519,521
SRR9203077,62099,species,Anomala cuprea entomopoxvirus,1,1,5,519,519
SRR9203077,2169561,order,Ortervirales,2,0,2,523,532
SRR9203077,11632,family,Retroviridae,1,0,3,523,527
SRR9203077,327045,subfamily,Orthoretrovirinae,1,0,4,523,526
SRR9203077,153135,genus,Gammaretrovirus,1,0,5,523,525
SRR9203077,11786,species,Murine leukemia virus,1,1,6,523,523
SRR9203077,186534,family,Caulimoviridae,1,0,3,527,531
SRR9203077,10652,genus,Badnavirus,1,0,4,527,530
SRR9203077,325348,,unclassified Badnavirus,1,0,5,527,529
SRR9203077,52996,species,Dioscorea bacilliform virus,1,1,6,527,527
SRR9203077,43682,family,Ascoviridae,1,0,2,532,535
SRR9203077,43680,genus,Ascovirus,1,0,3,532,534
SRR9203077,328613,,unclassified Ascovirus,1,1,4,532,532
